---------------------------------------
Begin Slurm Prolog: Apr-10-2025 03:17:30
Job ID:    3743374
User ID:   svittal8
Account:   gts-mqureshi4-rg
Job name:  wrap
Partition: cpu-small
QOS:       inferno
---------------------------------------
[VMEM] WARNING: physical memory size is smaller than virtual memory size.

*** ChampSim Multicore Out-of-Order Simulator ***
Warmup Instructions: 25000000
Simulation Instructions: 100000000
Number of CPUs: 8
Page size: 2097152

CL :	 16.64 ns
CWL :	 15.808 ns
tRP :	 16.224 ns
tRCD :	 16.224 ns
tRAS :	 32.032000000000004 ns
tRTP :	 7.904 ns
tWR :	 30.368000000000002 ns

tCCD_S :	 3.3280000000000003 ns
tCCD_S_WR :	 3.3280000000000003 ns
tCCD_S_WTR :	 22.048000000000002 ns
tCCD_L :	 5.408 ns
tCCD_L_WR :	 20.384 ns
tCCD_L_WTR :	 29.536 ns
tRRD_S :	 3.3280000000000003 ns
tRRD_L :	 5.408 ns
tFAW :	 13.728 ns
Address mapping (perm = 1) 	ch co bg bg bg ba ba co co co co co co ro ro ro ro ro ro ro ro ro ro ro ro ro ro ro 
dram queue size: R = 64 W = 64 (low:high is 10:53)
Heartbeat CPU 0 instructions: 10000001 cycles: 2555154 heartbeat IPC: 3.914 cumulative IPC: 3.914 (Simulation time: 00 hr 06 min 18 sec)
Heartbeat CPU 1 instructions: 10000000 cycles: 2555754 heartbeat IPC: 3.913 cumulative IPC: 3.913 (Simulation time: 00 hr 06 min 18 sec)
Heartbeat CPU 2 instructions: 10000003 cycles: 2556909 heartbeat IPC: 3.911 cumulative IPC: 3.911 (Simulation time: 00 hr 06 min 18 sec)
Heartbeat CPU 3 instructions: 10000002 cycles: 2557683 heartbeat IPC: 3.91 cumulative IPC: 3.91 (Simulation time: 00 hr 06 min 18 sec)
Heartbeat CPU 4 instructions: 10000001 cycles: 2558635 heartbeat IPC: 3.908 cumulative IPC: 3.908 (Simulation time: 00 hr 06 min 18 sec)
Heartbeat CPU 5 instructions: 10000000 cycles: 2559464 heartbeat IPC: 3.907 cumulative IPC: 3.907 (Simulation time: 00 hr 06 min 19 sec)
Heartbeat CPU 6 instructions: 10000002 cycles: 2560381 heartbeat IPC: 3.906 cumulative IPC: 3.906 (Simulation time: 00 hr 06 min 19 sec)
Heartbeat CPU 7 instructions: 10000002 cycles: 2560975 heartbeat IPC: 3.905 cumulative IPC: 3.905 (Simulation time: 00 hr 06 min 19 sec)
Heartbeat CPU 0 instructions: 20000001 cycles: 5093293 heartbeat IPC: 3.94 cumulative IPC: 3.927 (Simulation time: 00 hr 13 min 04 sec)
Heartbeat CPU 1 instructions: 20000001 cycles: 5094327 heartbeat IPC: 3.939 cumulative IPC: 3.926 (Simulation time: 00 hr 13 min 04 sec)
Heartbeat CPU 2 instructions: 20000006 cycles: 5094872 heartbeat IPC: 3.94 cumulative IPC: 3.926 (Simulation time: 00 hr 13 min 04 sec)
Heartbeat CPU 3 instructions: 20000006 cycles: 5095698 heartbeat IPC: 3.94 cumulative IPC: 3.925 (Simulation time: 00 hr 13 min 04 sec)
Heartbeat CPU 4 instructions: 20000001 cycles: 5097153 heartbeat IPC: 3.939 cumulative IPC: 3.924 (Simulation time: 00 hr 13 min 04 sec)
Heartbeat CPU 5 instructions: 20000001 cycles: 5098339 heartbeat IPC: 3.939 cumulative IPC: 3.923 (Simulation time: 00 hr 13 min 05 sec)
Heartbeat CPU 6 instructions: 20000006 cycles: 5098459 heartbeat IPC: 3.94 cumulative IPC: 3.923 (Simulation time: 00 hr 13 min 05 sec)
Heartbeat CPU 7 instructions: 20000006 cycles: 5099805 heartbeat IPC: 3.939 cumulative IPC: 3.922 (Simulation time: 00 hr 13 min 05 sec)
Warmup finished CPU 0 instructions: 25000002 cycles: 6377401 cumulative IPC: 3.92 (Simulation time: 00 hr 16 min 41 sec)
Warmup finished CPU 1 instructions: 25000002 cycles: 6378387 cumulative IPC: 3.919 (Simulation time: 00 hr 16 min 42 sec)
Warmup finished CPU 2 instructions: 25000002 cycles: 6378893 cumulative IPC: 3.919 (Simulation time: 00 hr 16 min 42 sec)
Warmup finished CPU 3 instructions: 25000002 cycles: 6379782 cumulative IPC: 3.919 (Simulation time: 00 hr 16 min 42 sec)
Warmup finished CPU 4 instructions: 25000002 cycles: 6381238 cumulative IPC: 3.918 (Simulation time: 00 hr 16 min 42 sec)
Warmup finished CPU 5 instructions: 25000002 cycles: 6382439 cumulative IPC: 3.917 (Simulation time: 00 hr 16 min 42 sec)
Warmup finished CPU 6 instructions: 25000002 cycles: 6382543 cumulative IPC: 3.917 (Simulation time: 00 hr 16 min 42 sec)
Warmup finished CPU 7 instructions: 25000002 cycles: 6383872 cumulative IPC: 3.916 (Simulation time: 00 hr 16 min 42 sec)
Warmup complete CPU 7 instructions: 25000002 cycles: 6383872 cumulative IPC: 3.916 (Simulation time: 00 hr 16 min 42 sec)
Warmup complete CPU 6 instructions: 25005131 cycles: 6383872 cumulative IPC: 3.917 (Simulation time: 00 hr 16 min 42 sec)
Warmup complete CPU 5 instructions: 25005543 cycles: 6383872 cumulative IPC: 3.917 (Simulation time: 00 hr 16 min 42 sec)
Warmup complete CPU 4 instructions: 25010208 cycles: 6383872 cumulative IPC: 3.918 (Simulation time: 00 hr 16 min 42 sec)
Warmup complete CPU 3 instructions: 25016069 cycles: 6383872 cumulative IPC: 3.919 (Simulation time: 00 hr 16 min 42 sec)
Warmup complete CPU 2 instructions: 25019538 cycles: 6383872 cumulative IPC: 3.919 (Simulation time: 00 hr 16 min 42 sec)
Warmup complete CPU 1 instructions: 25021440 cycles: 6383872 cumulative IPC: 3.919 (Simulation time: 00 hr 16 min 42 sec)
Warmup complete CPU 0 instructions: 25025284 cycles: 6383872 cumulative IPC: 3.92 (Simulation time: 00 hr 16 min 42 sec)
Heartbeat CPU 1 instructions: 30000005 cycles: 22684365 heartbeat IPC: 0.5685 cumulative IPC: 0.3054 (Simulation time: 00 hr 33 min 54 sec)
Heartbeat CPU 4 instructions: 30000005 cycles: 22686134 heartbeat IPC: 0.5685 cumulative IPC: 0.3061 (Simulation time: 00 hr 33 min 54 sec)
Heartbeat CPU 3 instructions: 30000010 cycles: 22707213 heartbeat IPC: 0.5678 cumulative IPC: 0.3053 (Simulation time: 00 hr 33 min 56 sec)
Heartbeat CPU 0 instructions: 30000005 cycles: 22735647 heartbeat IPC: 0.5668 cumulative IPC: 0.3042 (Simulation time: 00 hr 33 min 57 sec)
Heartbeat CPU 6 instructions: 30000010 cycles: 22745247 heartbeat IPC: 0.5667 cumulative IPC: 0.3053 (Simulation time: 00 hr 33 min 58 sec)
Heartbeat CPU 5 instructions: 30000005 cycles: 22767972 heartbeat IPC: 0.5659 cumulative IPC: 0.3048 (Simulation time: 00 hr 33 min 59 sec)
Heartbeat CPU 7 instructions: 30000010 cycles: 22830097 heartbeat IPC: 0.564 cumulative IPC: 0.304 (Simulation time: 00 hr 34 min 03 sec)
Heartbeat CPU 2 instructions: 30000010 cycles: 22847751 heartbeat IPC: 0.5633 cumulative IPC: 0.3025 (Simulation time: 00 hr 34 min 04 sec)
Heartbeat CPU 1 instructions: 40000007 cycles: 55312127 heartbeat IPC: 0.3065 cumulative IPC: 0.3061 (Simulation time: 01 hr 07 min 59 sec)
Heartbeat CPU 4 instructions: 40000007 cycles: 55350423 heartbeat IPC: 0.3061 cumulative IPC: 0.3061 (Simulation time: 01 hr 08 min 01 sec)
Heartbeat CPU 3 instructions: 40000012 cycles: 55366377 heartbeat IPC: 0.3062 cumulative IPC: 0.3059 (Simulation time: 01 hr 08 min 02 sec)
Heartbeat CPU 0 instructions: 40000007 cycles: 55390440 heartbeat IPC: 0.3062 cumulative IPC: 0.3056 (Simulation time: 01 hr 08 min 03 sec)
Heartbeat CPU 6 instructions: 40000012 cycles: 55396228 heartbeat IPC: 0.3063 cumulative IPC: 0.3059 (Simulation time: 01 hr 08 min 04 sec)
Heartbeat CPU 2 instructions: 40000012 cycles: 55485629 heartbeat IPC: 0.3064 cumulative IPC: 0.3051 (Simulation time: 01 hr 08 min 09 sec)
Heartbeat CPU 5 instructions: 40000007 cycles: 55486204 heartbeat IPC: 0.3056 cumulative IPC: 0.3054 (Simulation time: 01 hr 08 min 09 sec)
Heartbeat CPU 7 instructions: 40000012 cycles: 55576730 heartbeat IPC: 0.3054 cumulative IPC: 0.3049 (Simulation time: 01 hr 08 min 15 sec)
Heartbeat CPU 1 instructions: 50000009 cycles: 88252049 heartbeat IPC: 0.3036 cumulative IPC: 0.3051 (Simulation time: 01 hr 41 min 54 sec)
Heartbeat CPU 4 instructions: 50000009 cycles: 88265076 heartbeat IPC: 0.3038 cumulative IPC: 0.3052 (Simulation time: 01 hr 41 min 55 sec)
Heartbeat CPU 3 instructions: 50000014 cycles: 88268047 heartbeat IPC: 0.3039 cumulative IPC: 0.3051 (Simulation time: 01 hr 41 min 55 sec)
Heartbeat CPU 5 instructions: 50000009 cycles: 88296051 heartbeat IPC: 0.3048 cumulative IPC: 0.3051 (Simulation time: 01 hr 41 min 57 sec)
Heartbeat CPU 6 instructions: 50000014 cycles: 88303984 heartbeat IPC: 0.3039 cumulative IPC: 0.3051 (Simulation time: 01 hr 41 min 57 sec)
Heartbeat CPU 0 instructions: 50000009 cycles: 88345466 heartbeat IPC: 0.3034 cumulative IPC: 0.3047 (Simulation time: 01 hr 42 min 00 sec)
Heartbeat CPU 2 instructions: 50000014 cycles: 88371630 heartbeat IPC: 0.3041 cumulative IPC: 0.3047 (Simulation time: 01 hr 42 min 01 sec)
Heartbeat CPU 7 instructions: 50000014 cycles: 88454042 heartbeat IPC: 0.3042 cumulative IPC: 0.3046 (Simulation time: 01 hr 42 min 06 sec)
Heartbeat CPU 5 instructions: 60000013 cycles: 121372417 heartbeat IPC: 0.3023 cumulative IPC: 0.3043 (Simulation time: 02 hr 15 min 59 sec)
Heartbeat CPU 4 instructions: 60000013 cycles: 121418188 heartbeat IPC: 0.3016 cumulative IPC: 0.3042 (Simulation time: 02 hr 16 min 01 sec)
Heartbeat CPU 6 instructions: 60000018 cycles: 121419881 heartbeat IPC: 0.302 cumulative IPC: 0.3042 (Simulation time: 02 hr 16 min 02 sec)
Heartbeat CPU 1 instructions: 60000013 cycles: 121430342 heartbeat IPC: 0.3014 cumulative IPC: 0.304 (Simulation time: 02 hr 16 min 02 sec)
Heartbeat CPU 2 instructions: 60000018 cycles: 121434297 heartbeat IPC: 0.3025 cumulative IPC: 0.304 (Simulation time: 02 hr 16 min 02 sec)
Heartbeat CPU 3 instructions: 60000018 cycles: 121481576 heartbeat IPC: 0.3011 cumulative IPC: 0.304 (Simulation time: 02 hr 16 min 05 sec)
Heartbeat CPU 0 instructions: 60000013 cycles: 121495830 heartbeat IPC: 0.3017 cumulative IPC: 0.3038 (Simulation time: 02 hr 16 min 06 sec)
Heartbeat CPU 7 instructions: 60000018 cycles: 121562104 heartbeat IPC: 0.302 cumulative IPC: 0.3039 (Simulation time: 02 hr 16 min 10 sec)
Heartbeat CPU 5 instructions: 70000015 cycles: 154934760 heartbeat IPC: 0.298 cumulative IPC: 0.3029 (Simulation time: 02 hr 50 min 29 sec)
Heartbeat CPU 4 instructions: 70000015 cycles: 154937161 heartbeat IPC: 0.2983 cumulative IPC: 0.3029 (Simulation time: 02 hr 50 min 29 sec)
Heartbeat CPU 6 instructions: 70000020 cycles: 154986111 heartbeat IPC: 0.2979 cumulative IPC: 0.3028 (Simulation time: 02 hr 50 min 32 sec)
Heartbeat CPU 1 instructions: 70000015 cycles: 155002385 heartbeat IPC: 0.2979 cumulative IPC: 0.3026 (Simulation time: 02 hr 50 min 33 sec)
Heartbeat CPU 0 instructions: 70000015 cycles: 155014230 heartbeat IPC: 0.2983 cumulative IPC: 0.3026 (Simulation time: 02 hr 50 min 34 sec)
Heartbeat CPU 3 instructions: 70000020 cycles: 155063908 heartbeat IPC: 0.2978 cumulative IPC: 0.3026 (Simulation time: 02 hr 50 min 37 sec)
Heartbeat CPU 7 instructions: 70000020 cycles: 155203213 heartbeat IPC: 0.2973 cumulative IPC: 0.3024 (Simulation time: 02 hr 50 min 46 sec)
Heartbeat CPU 2 instructions: 70000020 cycles: 155267115 heartbeat IPC: 0.2956 cumulative IPC: 0.3021 (Simulation time: 02 hr 50 min 50 sec)
Heartbeat CPU 5 instructions: 80000017 cycles: 187869907 heartbeat IPC: 0.3036 cumulative IPC: 0.303 (Simulation time: 03 hr 24 min 29 sec)
Heartbeat CPU 0 instructions: 80000017 cycles: 187873144 heartbeat IPC: 0.3043 cumulative IPC: 0.3029 (Simulation time: 03 hr 24 min 29 sec)
Heartbeat CPU 4 instructions: 80000017 cycles: 187898429 heartbeat IPC: 0.3034 cumulative IPC: 0.3029 (Simulation time: 03 hr 24 min 31 sec)
Heartbeat CPU 3 instructions: 80000022 cycles: 187936328 heartbeat IPC: 0.3042 cumulative IPC: 0.3029 (Simulation time: 03 hr 24 min 33 sec)
Heartbeat CPU 6 instructions: 80000022 cycles: 187973787 heartbeat IPC: 0.3031 cumulative IPC: 0.3029 (Simulation time: 03 hr 24 min 36 sec)
Heartbeat CPU 1 instructions: 80000017 cycles: 187982926 heartbeat IPC: 0.3032 cumulative IPC: 0.3027 (Simulation time: 03 hr 24 min 36 sec)
Heartbeat CPU 7 instructions: 80000022 cycles: 188150536 heartbeat IPC: 0.3035 cumulative IPC: 0.3026 (Simulation time: 03 hr 24 min 47 sec)
Heartbeat CPU 2 instructions: 80000022 cycles: 188329577 heartbeat IPC: 0.3025 cumulative IPC: 0.3022 (Simulation time: 03 hr 24 min 58 sec)
Heartbeat CPU 5 instructions: 90000019 cycles: 220517272 heartbeat IPC: 0.3063 cumulative IPC: 0.3035 (Simulation time: 03 hr 58 min 11 sec)
Heartbeat CPU 0 instructions: 90000019 cycles: 220535787 heartbeat IPC: 0.3062 cumulative IPC: 0.3034 (Simulation time: 03 hr 58 min 12 sec)
Heartbeat CPU 4 instructions: 90000019 cycles: 220662104 heartbeat IPC: 0.3052 cumulative IPC: 0.3033 (Simulation time: 03 hr 58 min 20 sec)
Heartbeat CPU 3 instructions: 90000024 cycles: 220701634 heartbeat IPC: 0.3052 cumulative IPC: 0.3032 (Simulation time: 03 hr 58 min 22 sec)
Heartbeat CPU 6 instructions: 90000026 cycles: 220712906 heartbeat IPC: 0.3054 cumulative IPC: 0.3032 (Simulation time: 03 hr 58 min 23 sec)
Heartbeat CPU 7 instructions: 90000024 cycles: 220829918 heartbeat IPC: 0.306 cumulative IPC: 0.3031 (Simulation time: 03 hr 58 min 30 sec)
Heartbeat CPU 1 instructions: 90000019 cycles: 220840201 heartbeat IPC: 0.3043 cumulative IPC: 0.303 (Simulation time: 03 hr 58 min 31 sec)
Heartbeat CPU 2 instructions: 90000024 cycles: 220987770 heartbeat IPC: 0.3062 cumulative IPC: 0.3028 (Simulation time: 03 hr 58 min 40 sec)
Heartbeat CPU 0 instructions: 100000023 cycles: 253254365 heartbeat IPC: 0.3056 cumulative IPC: 0.3037 (Simulation time: 04 hr 31 min 55 sec)
Heartbeat CPU 5 instructions: 100000023 cycles: 253330128 heartbeat IPC: 0.3048 cumulative IPC: 0.3037 (Simulation time: 04 hr 32 min 00 sec)
Heartbeat CPU 6 instructions: 100000028 cycles: 253431280 heartbeat IPC: 0.3056 cumulative IPC: 0.3036 (Simulation time: 04 hr 32 min 06 sec)
Heartbeat CPU 4 instructions: 100000023 cycles: 253495807 heartbeat IPC: 0.3046 cumulative IPC: 0.3035 (Simulation time: 04 hr 32 min 10 sec)
Heartbeat CPU 1 instructions: 100000023 cycles: 253577045 heartbeat IPC: 0.3055 cumulative IPC: 0.3033 (Simulation time: 04 hr 32 min 15 sec)
Heartbeat CPU 3 instructions: 100000028 cycles: 253653281 heartbeat IPC: 0.3035 cumulative IPC: 0.3032 (Simulation time: 04 hr 32 min 20 sec)
Heartbeat CPU 7 instructions: 100000028 cycles: 253736997 heartbeat IPC: 0.3039 cumulative IPC: 0.3032 (Simulation time: 04 hr 32 min 25 sec)
Heartbeat CPU 2 instructions: 100000028 cycles: 253799831 heartbeat IPC: 0.3048 cumulative IPC: 0.3031 (Simulation time: 04 hr 32 min 29 sec)
Heartbeat CPU 0 instructions: 110000025 cycles: 286041861 heartbeat IPC: 0.305 cumulative IPC: 0.3039 (Simulation time: 05 hr 05 min 44 sec)
Heartbeat CPU 5 instructions: 110000025 cycles: 286098401 heartbeat IPC: 0.3052 cumulative IPC: 0.3039 (Simulation time: 05 hr 05 min 47 sec)
Heartbeat CPU 6 instructions: 110000030 cycles: 286180698 heartbeat IPC: 0.3053 cumulative IPC: 0.3038 (Simulation time: 05 hr 05 min 52 sec)
Heartbeat CPU 4 instructions: 110000025 cycles: 286232312 heartbeat IPC: 0.3055 cumulative IPC: 0.3037 (Simulation time: 05 hr 05 min 55 sec)
Heartbeat CPU 1 instructions: 110000025 cycles: 286346986 heartbeat IPC: 0.3052 cumulative IPC: 0.3035 (Simulation time: 05 hr 06 min 03 sec)
Heartbeat CPU 7 instructions: 110000030 cycles: 286391360 heartbeat IPC: 0.3062 cumulative IPC: 0.3036 (Simulation time: 05 hr 06 min 05 sec)
Heartbeat CPU 2 instructions: 110000030 cycles: 286569942 heartbeat IPC: 0.3052 cumulative IPC: 0.3033 (Simulation time: 05 hr 06 min 16 sec)
Heartbeat CPU 3 instructions: 110000030 cycles: 286573533 heartbeat IPC: 0.3038 cumulative IPC: 0.3033 (Simulation time: 05 hr 06 min 17 sec)
Heartbeat CPU 0 instructions: 120000027 cycles: 318662860 heartbeat IPC: 0.3066 cumulative IPC: 0.3041 (Simulation time: 05 hr 39 min 13 sec)
Heartbeat CPU 5 instructions: 120000027 cycles: 318670993 heartbeat IPC: 0.307 cumulative IPC: 0.3042 (Simulation time: 05 hr 39 min 13 sec)
Heartbeat CPU 4 instructions: 120000027 cycles: 318891498 heartbeat IPC: 0.3062 cumulative IPC: 0.304 (Simulation time: 05 hr 39 min 27 sec)
Heartbeat CPU 6 instructions: 120000032 cycles: 318928746 heartbeat IPC: 0.3054 cumulative IPC: 0.3039 (Simulation time: 05 hr 39 min 29 sec)
Heartbeat CPU 1 instructions: 120000027 cycles: 318970048 heartbeat IPC: 0.3065 cumulative IPC: 0.3038 (Simulation time: 05 hr 39 min 31 sec)
Heartbeat CPU 3 instructions: 120000032 cycles: 319151868 heartbeat IPC: 0.307 cumulative IPC: 0.3037 (Simulation time: 05 hr 39 min 43 sec)
Heartbeat CPU 7 instructions: 120000032 cycles: 319168038 heartbeat IPC: 0.3051 cumulative IPC: 0.3037 (Simulation time: 05 hr 39 min 44 sec)
Heartbeat CPU 2 instructions: 120000032 cycles: 319239017 heartbeat IPC: 0.3061 cumulative IPC: 0.3036 (Simulation time: 05 hr 39 min 48 sec)
Simulation finished CPU 5 instructions: 100000002 cycles: 328619297 cumulative IPC: 0.3043 (Simulation time: 05 hr 55 min 58 sec)
Simulation finished CPU 0 instructions: 100000002 cycles: 328625665 cumulative IPC: 0.3043 (Simulation time: 05 hr 55 min 59 sec)
Simulation finished CPU 4 instructions: 100000002 cycles: 328832545 cumulative IPC: 0.3041 (Simulation time: 05 hr 56 min 11 sec)
Simulation finished CPU 6 instructions: 100000000 cycles: 328862184 cumulative IPC: 0.3041 (Simulation time: 05 hr 56 min 13 sec)
Simulation finished CPU 1 instructions: 100000000 cycles: 329004594 cumulative IPC: 0.3039 (Simulation time: 05 hr 56 min 22 sec)
Simulation finished CPU 7 instructions: 100000002 cycles: 329087102 cumulative IPC: 0.3039 (Simulation time: 05 hr 56 min 27 sec)
Simulation finished CPU 3 instructions: 100000002 cycles: 329107394 cumulative IPC: 0.3039 (Simulation time: 05 hr 56 min 28 sec)
Simulation finished CPU 2 instructions: 100000000 cycles: 329177651 cumulative IPC: 0.3038 (Simulation time: 05 hr 56 min 33 sec)
Simulation complete CPU 7 instructions: 100027515 cycles: 329177651 cumulative IPC: 0.3039 (Simulation time: 05 hr 56 min 33 sec)
Simulation complete CPU 6 instructions: 100094902 cycles: 329177651 cumulative IPC: 0.3041 (Simulation time: 05 hr 56 min 33 sec)
Simulation complete CPU 5 instructions: 100176102 cycles: 329177651 cumulative IPC: 0.3043 (Simulation time: 05 hr 56 min 33 sec)
Simulation complete CPU 4 instructions: 100107417 cycles: 329177651 cumulative IPC: 0.3041 (Simulation time: 05 hr 56 min 33 sec)
Simulation complete CPU 3 instructions: 100020940 cycles: 329177651 cumulative IPC: 0.3039 (Simulation time: 05 hr 56 min 33 sec)
Simulation complete CPU 2 instructions: 100000000 cycles: 329177651 cumulative IPC: 0.3038 (Simulation time: 05 hr 56 min 33 sec)
Simulation complete CPU 1 instructions: 100049013 cycles: 329177651 cumulative IPC: 0.3039 (Simulation time: 05 hr 56 min 33 sec)
Simulation complete CPU 0 instructions: 100170461 cycles: 329177651 cumulative IPC: 0.3043 (Simulation time: 05 hr 56 min 33 sec)

ChampSim completed all CPUs

=== Simulation ===
CPU 0 runs TRACES/ctf/ligra/ligra_CF.com-lj.ungraph.gcc_6.3.0_O3.drop_154750M.length_250M.champsimtrace.xz
CPU 1 runs TRACES/ctf/ligra/ligra_CF.com-lj.ungraph.gcc_6.3.0_O3.drop_154750M.length_250M.champsimtrace.xz
CPU 2 runs TRACES/ctf/ligra/ligra_CF.com-lj.ungraph.gcc_6.3.0_O3.drop_154750M.length_250M.champsimtrace.xz
CPU 3 runs TRACES/ctf/ligra/ligra_CF.com-lj.ungraph.gcc_6.3.0_O3.drop_154750M.length_250M.champsimtrace.xz
CPU 4 runs TRACES/ctf/ligra/ligra_CF.com-lj.ungraph.gcc_6.3.0_O3.drop_154750M.length_250M.champsimtrace.xz
CPU 5 runs TRACES/ctf/ligra/ligra_CF.com-lj.ungraph.gcc_6.3.0_O3.drop_154750M.length_250M.champsimtrace.xz
CPU 6 runs TRACES/ctf/ligra/ligra_CF.com-lj.ungraph.gcc_6.3.0_O3.drop_154750M.length_250M.champsimtrace.xz
CPU 7 runs TRACES/ctf/ligra/ligra_CF.com-lj.ungraph.gcc_6.3.0_O3.drop_154750M.length_250M.champsimtrace.xz

Total Simulation Statistics (not including warmup)

CPU 7 cumulative IPC: 0.3039 instructions: 100027515 cycles: 329177651
CPU 7 Branch Prediction Accuracy: 100% MPKI: 0 Average ROB Occupancy at Mispredict: -
Branch type MPKI
BRANCH_DIRECT_JUMP: 0
BRANCH_INDIRECT: 0
BRANCH_CONDITIONAL: 0
BRANCH_DIRECT_CALL: 0
BRANCH_INDIRECT_CALL: 0
BRANCH_RETURN: 0


CPU 6 cumulative IPC: 0.3041 instructions: 100094902 cycles: 329177651
CPU 6 Branch Prediction Accuracy: 100% MPKI: 0 Average ROB Occupancy at Mispredict: -
Branch type MPKI
BRANCH_DIRECT_JUMP: 0
BRANCH_INDIRECT: 0
BRANCH_CONDITIONAL: 0
BRANCH_DIRECT_CALL: 0
BRANCH_INDIRECT_CALL: 0
BRANCH_RETURN: 0


CPU 5 cumulative IPC: 0.3043 instructions: 100176102 cycles: 329177651
CPU 5 Branch Prediction Accuracy: 100% MPKI: 0 Average ROB Occupancy at Mispredict: -
Branch type MPKI
BRANCH_DIRECT_JUMP: 0
BRANCH_INDIRECT: 0
BRANCH_CONDITIONAL: 0
BRANCH_DIRECT_CALL: 0
BRANCH_INDIRECT_CALL: 0
BRANCH_RETURN: 0


CPU 4 cumulative IPC: 0.3041 instructions: 100107417 cycles: 329177651
CPU 4 Branch Prediction Accuracy: 100% MPKI: 0 Average ROB Occupancy at Mispredict: -
Branch type MPKI
BRANCH_DIRECT_JUMP: 0
BRANCH_INDIRECT: 0
BRANCH_CONDITIONAL: 0
BRANCH_DIRECT_CALL: 0
BRANCH_INDIRECT_CALL: 0
BRANCH_RETURN: 0


CPU 3 cumulative IPC: 0.3039 instructions: 100020940 cycles: 329177651
CPU 3 Branch Prediction Accuracy: 100% MPKI: 0 Average ROB Occupancy at Mispredict: -
Branch type MPKI
BRANCH_DIRECT_JUMP: 0
BRANCH_INDIRECT: 0
BRANCH_CONDITIONAL: 0
BRANCH_DIRECT_CALL: 0
BRANCH_INDIRECT_CALL: 0
BRANCH_RETURN: 0


CPU 2 cumulative IPC: 0.3038 instructions: 100000000 cycles: 329177651
CPU 2 Branch Prediction Accuracy: 100% MPKI: 0 Average ROB Occupancy at Mispredict: -
Branch type MPKI
BRANCH_DIRECT_JUMP: 0
BRANCH_INDIRECT: 0
BRANCH_CONDITIONAL: 0
BRANCH_DIRECT_CALL: 0
BRANCH_INDIRECT_CALL: 0
BRANCH_RETURN: 0


CPU 1 cumulative IPC: 0.3039 instructions: 100049013 cycles: 329177651
CPU 1 Branch Prediction Accuracy: 100% MPKI: 0 Average ROB Occupancy at Mispredict: -
Branch type MPKI
BRANCH_DIRECT_JUMP: 0
BRANCH_INDIRECT: 0
BRANCH_CONDITIONAL: 0
BRANCH_DIRECT_CALL: 0
BRANCH_INDIRECT_CALL: 0
BRANCH_RETURN: 0


CPU 0 cumulative IPC: 0.3043 instructions: 100170461 cycles: 329177651
CPU 0 Branch Prediction Accuracy: 100% MPKI: 0 Average ROB Occupancy at Mispredict: -
Branch type MPKI
BRANCH_DIRECT_JUMP: 0
BRANCH_INDIRECT: 0
BRANCH_CONDITIONAL: 0
BRANCH_DIRECT_CALL: 0
BRANCH_INDIRECT_CALL: 0
BRANCH_RETURN: 0

cpu7->cpu7_STLB TOTAL        ACCESS:         47 HIT:         23 MISS:         24 MSHR_MERGE:          0
cpu7->cpu7_STLB LOAD         ACCESS:         47 HIT:         23 MISS:         24 MSHR_MERGE:          0
cpu7->cpu7_STLB RFO          ACCESS:          0 HIT:          0 MISS:          0 MSHR_MERGE:          0
cpu7->cpu7_STLB PREFETCH     ACCESS:          0 HIT:          0 MISS:          0 MSHR_MERGE:          0
cpu7->cpu7_STLB WRITE        ACCESS:          0 HIT:          0 MISS:          0 MSHR_MERGE:          0
cpu7->cpu7_STLB TRANSLATION  ACCESS:          0 HIT:          0 MISS:          0 MSHR_MERGE:          0
cpu7->cpu7_STLB PREFETCH REQUESTED:          0 ISSUED:          0 USEFUL:          0 USELESS:          0
cpu7->cpu7_STLB AVERAGE MISS LATENCY: 232.2 cycles
cpu7->cpu7_L2C TOTAL        ACCESS:    3211040 HIT:    1603004 MISS:    1608036 MSHR_MERGE:          0
cpu7->cpu7_L2C LOAD         ACCESS:    1608012 HIT:          0 MISS:    1608012 MSHR_MERGE:          0
cpu7->cpu7_L2C RFO          ACCESS:          0 HIT:          0 MISS:          0 MSHR_MERGE:          0
cpu7->cpu7_L2C PREFETCH     ACCESS:          0 HIT:          0 MISS:          0 MSHR_MERGE:          0
cpu7->cpu7_L2C WRITE        ACCESS:    1603004 HIT:    1603004 MISS:          0 MSHR_MERGE:          0
cpu7->cpu7_L2C TRANSLATION  ACCESS:         24 HIT:          0 MISS:         24 MSHR_MERGE:          0
cpu7->cpu7_L2C PREFETCH REQUESTED:          0 ISSUED:          0 USEFUL:          0 USELESS:          0
cpu7->cpu7_L2C AVERAGE MISS LATENCY: 285 cycles
cpu7->cpu7_L1I TOTAL        ACCESS:   21398441 HIT:   21398441 MISS:          0 MSHR_MERGE:          0
cpu7->cpu7_L1I LOAD         ACCESS:   21398441 HIT:   21398441 MISS:          0 MSHR_MERGE:          0
cpu7->cpu7_L1I RFO          ACCESS:          0 HIT:          0 MISS:          0 MSHR_MERGE:          0
cpu7->cpu7_L1I PREFETCH     ACCESS:          0 HIT:          0 MISS:          0 MSHR_MERGE:          0
cpu7->cpu7_L1I WRITE        ACCESS:          0 HIT:          0 MISS:          0 MSHR_MERGE:          0
cpu7->cpu7_L1I TRANSLATION  ACCESS:          0 HIT:          0 MISS:          0 MSHR_MERGE:          0
cpu7->cpu7_L1I PREFETCH REQUESTED:          0 ISSUED:          0 USEFUL:          0 USELESS:          0
cpu7->cpu7_L1I AVERAGE MISS LATENCY: - cycles
cpu7->cpu7_L1D TOTAL        ACCESS:   23344188 HIT:   17767330 MISS:    5576858 MSHR_MERGE:    3968823
cpu7->cpu7_L1D LOAD         ACCESS:   10520122 HIT:    4943288 MISS:    5576834 MSHR_MERGE:    3968823
cpu7->cpu7_L1D RFO          ACCESS:          0 HIT:          0 MISS:          0 MSHR_MERGE:          0
cpu7->cpu7_L1D PREFETCH     ACCESS:          0 HIT:          0 MISS:          0 MSHR_MERGE:          0
cpu7->cpu7_L1D WRITE        ACCESS:   12824042 HIT:   12824042 MISS:          0 MSHR_MERGE:          0
cpu7->cpu7_L1D TRANSLATION  ACCESS:         24 HIT:          0 MISS:         24 MSHR_MERGE:          0
cpu7->cpu7_L1D PREFETCH REQUESTED:          0 ISSUED:          0 USEFUL:          0 USELESS:          0
cpu7->cpu7_L1D AVERAGE MISS LATENCY: 294 cycles
cpu7->cpu7_ITLB TOTAL        ACCESS:   15672796 HIT:   15672796 MISS:          0 MSHR_MERGE:          0
cpu7->cpu7_ITLB LOAD         ACCESS:   15672796 HIT:   15672796 MISS:          0 MSHR_MERGE:          0
cpu7->cpu7_ITLB RFO          ACCESS:          0 HIT:          0 MISS:          0 MSHR_MERGE:          0
cpu7->cpu7_ITLB PREFETCH     ACCESS:          0 HIT:          0 MISS:          0 MSHR_MERGE:          0
cpu7->cpu7_ITLB WRITE        ACCESS:          0 HIT:          0 MISS:          0 MSHR_MERGE:          0
cpu7->cpu7_ITLB TRANSLATION  ACCESS:          0 HIT:          0 MISS:          0 MSHR_MERGE:          0
cpu7->cpu7_ITLB PREFETCH REQUESTED:          0 ISSUED:          0 USEFUL:          0 USELESS:          0
cpu7->cpu7_ITLB AVERAGE MISS LATENCY: - cycles
cpu7->cpu7_DTLB TOTAL        ACCESS:   19938343 HIT:   19938198 MISS:        145 MSHR_MERGE:         98
cpu7->cpu7_DTLB LOAD         ACCESS:   19938343 HIT:   19938198 MISS:        145 MSHR_MERGE:         98
cpu7->cpu7_DTLB RFO          ACCESS:          0 HIT:          0 MISS:          0 MSHR_MERGE:          0
cpu7->cpu7_DTLB PREFETCH     ACCESS:          0 HIT:          0 MISS:          0 MSHR_MERGE:          0
cpu7->cpu7_DTLB WRITE        ACCESS:          0 HIT:          0 MISS:          0 MSHR_MERGE:          0
cpu7->cpu7_DTLB TRANSLATION  ACCESS:          0 HIT:          0 MISS:          0 MSHR_MERGE:          0
cpu7->cpu7_DTLB PREFETCH REQUESTED:          0 ISSUED:          0 USEFUL:          0 USELESS:          0
cpu7->cpu7_DTLB AVERAGE MISS LATENCY: 124.1 cycles
cpu6->cpu6_STLB TOTAL        ACCESS:         47 HIT:         23 MISS:         24 MSHR_MERGE:          0
cpu6->cpu6_STLB LOAD         ACCESS:         47 HIT:         23 MISS:         24 MSHR_MERGE:          0
cpu6->cpu6_STLB RFO          ACCESS:          0 HIT:          0 MISS:          0 MSHR_MERGE:          0
cpu6->cpu6_STLB PREFETCH     ACCESS:          0 HIT:          0 MISS:          0 MSHR_MERGE:          0
cpu6->cpu6_STLB WRITE        ACCESS:          0 HIT:          0 MISS:          0 MSHR_MERGE:          0
cpu6->cpu6_STLB TRANSLATION  ACCESS:          0 HIT:          0 MISS:          0 MSHR_MERGE:          0
cpu6->cpu6_STLB PREFETCH REQUESTED:          0 ISSUED:          0 USEFUL:          0 USELESS:          0
cpu6->cpu6_STLB AVERAGE MISS LATENCY: 232.1 cycles
cpu6->cpu6_L2C TOTAL        ACCESS:    3213201 HIT:    1604084 MISS:    1609117 MSHR_MERGE:          0
cpu6->cpu6_L2C LOAD         ACCESS:    1609093 HIT:          0 MISS:    1609093 MSHR_MERGE:          0
cpu6->cpu6_L2C RFO          ACCESS:          0 HIT:          0 MISS:          0 MSHR_MERGE:          0
cpu6->cpu6_L2C PREFETCH     ACCESS:          0 HIT:          0 MISS:          0 MSHR_MERGE:          0
cpu6->cpu6_L2C WRITE        ACCESS:    1604084 HIT:    1604084 MISS:          0 MSHR_MERGE:          0
cpu6->cpu6_L2C TRANSLATION  ACCESS:         24 HIT:          0 MISS:         24 MSHR_MERGE:          0
cpu6->cpu6_L2C PREFETCH REQUESTED:          0 ISSUED:          0 USEFUL:          0 USELESS:          0
cpu6->cpu6_L2C AVERAGE MISS LATENCY: 284.9 cycles
cpu6->cpu6_L1I TOTAL        ACCESS:   21409051 HIT:   21409051 MISS:          0 MSHR_MERGE:          0
cpu6->cpu6_L1I LOAD         ACCESS:   21409051 HIT:   21409051 MISS:          0 MSHR_MERGE:          0
cpu6->cpu6_L1I RFO          ACCESS:          0 HIT:          0 MISS:          0 MSHR_MERGE:          0
cpu6->cpu6_L1I PREFETCH     ACCESS:          0 HIT:          0 MISS:          0 MSHR_MERGE:          0
cpu6->cpu6_L1I WRITE        ACCESS:          0 HIT:          0 MISS:          0 MSHR_MERGE:          0
cpu6->cpu6_L1I TRANSLATION  ACCESS:          0 HIT:          0 MISS:          0 MSHR_MERGE:          0
cpu6->cpu6_L1I PREFETCH REQUESTED:          0 ISSUED:          0 USEFUL:          0 USELESS:          0
cpu6->cpu6_L1I AVERAGE MISS LATENCY: - cycles
cpu6->cpu6_L1D TOTAL        ACCESS:   23370030 HIT:   17775861 MISS:    5594169 MSHR_MERGE:    3985052
cpu6->cpu6_L1D LOAD         ACCESS:   10537324 HIT:    4943179 MISS:    5594145 MSHR_MERGE:    3985052
cpu6->cpu6_L1D RFO          ACCESS:          0 HIT:          0 MISS:          0 MSHR_MERGE:          0
cpu6->cpu6_L1D PREFETCH     ACCESS:          0 HIT:          0 MISS:          0 MSHR_MERGE:          0
cpu6->cpu6_L1D WRITE        ACCESS:   12832682 HIT:   12832682 MISS:          0 MSHR_MERGE:          0
cpu6->cpu6_L1D TRANSLATION  ACCESS:         24 HIT:          0 MISS:         24 MSHR_MERGE:          0
cpu6->cpu6_L1D PREFETCH REQUESTED:          0 ISSUED:          0 USEFUL:          0 USELESS:          0
cpu6->cpu6_L1D AVERAGE MISS LATENCY: 293.9 cycles
cpu6->cpu6_ITLB TOTAL        ACCESS:   15680352 HIT:   15680352 MISS:          0 MSHR_MERGE:          0
cpu6->cpu6_ITLB LOAD         ACCESS:   15680352 HIT:   15680352 MISS:          0 MSHR_MERGE:          0
cpu6->cpu6_ITLB RFO          ACCESS:          0 HIT:          0 MISS:          0 MSHR_MERGE:          0
cpu6->cpu6_ITLB PREFETCH     ACCESS:          0 HIT:          0 MISS:          0 MSHR_MERGE:          0
cpu6->cpu6_ITLB WRITE        ACCESS:          0 HIT:          0 MISS:          0 MSHR_MERGE:          0
cpu6->cpu6_ITLB TRANSLATION  ACCESS:          0 HIT:          0 MISS:          0 MSHR_MERGE:          0
cpu6->cpu6_ITLB PREFETCH REQUESTED:          0 ISSUED:          0 USEFUL:          0 USELESS:          0
cpu6->cpu6_ITLB AVERAGE MISS LATENCY: - cycles
cpu6->cpu6_DTLB TOTAL        ACCESS:   19971404 HIT:   19971270 MISS:        134 MSHR_MERGE:         87
cpu6->cpu6_DTLB LOAD         ACCESS:   19971404 HIT:   19971270 MISS:        134 MSHR_MERGE:         87
cpu6->cpu6_DTLB RFO          ACCESS:          0 HIT:          0 MISS:          0 MSHR_MERGE:          0
cpu6->cpu6_DTLB PREFETCH     ACCESS:          0 HIT:          0 MISS:          0 MSHR_MERGE:          0
cpu6->cpu6_DTLB WRITE        ACCESS:          0 HIT:          0 MISS:          0 MSHR_MERGE:          0
cpu6->cpu6_DTLB TRANSLATION  ACCESS:          0 HIT:          0 MISS:          0 MSHR_MERGE:          0
cpu6->cpu6_DTLB PREFETCH REQUESTED:          0 ISSUED:          0 USEFUL:          0 USELESS:          0
cpu6->cpu6_DTLB AVERAGE MISS LATENCY: 124 cycles
cpu5->cpu5_STLB TOTAL        ACCESS:         47 HIT:         23 MISS:         24 MSHR_MERGE:          0
cpu5->cpu5_STLB LOAD         ACCESS:         47 HIT:         23 MISS:         24 MSHR_MERGE:          0
cpu5->cpu5_STLB RFO          ACCESS:          0 HIT:          0 MISS:          0 MSHR_MERGE:          0
cpu5->cpu5_STLB PREFETCH     ACCESS:          0 HIT:          0 MISS:          0 MSHR_MERGE:          0
cpu5->cpu5_STLB WRITE        ACCESS:          0 HIT:          0 MISS:          0 MSHR_MERGE:          0
cpu5->cpu5_STLB TRANSLATION  ACCESS:          0 HIT:          0 MISS:          0 MSHR_MERGE:          0
cpu5->cpu5_STLB PREFETCH REQUESTED:          0 ISSUED:          0 USEFUL:          0 USELESS:          0
cpu5->cpu5_STLB AVERAGE MISS LATENCY: 264 cycles
cpu5->cpu5_L2C TOTAL        ACCESS:    3215810 HIT:    1605386 MISS:    1610424 MSHR_MERGE:          0
cpu5->cpu5_L2C LOAD         ACCESS:    1610400 HIT:          0 MISS:    1610400 MSHR_MERGE:          0
cpu5->cpu5_L2C RFO          ACCESS:          0 HIT:          0 MISS:          0 MSHR_MERGE:          0
cpu5->cpu5_L2C PREFETCH     ACCESS:          0 HIT:          0 MISS:          0 MSHR_MERGE:          0
cpu5->cpu5_L2C WRITE        ACCESS:    1605386 HIT:    1605386 MISS:          0 MSHR_MERGE:          0
cpu5->cpu5_L2C TRANSLATION  ACCESS:         24 HIT:          0 MISS:         24 MSHR_MERGE:          0
cpu5->cpu5_L2C PREFETCH REQUESTED:          0 ISSUED:          0 USEFUL:          0 USELESS:          0
cpu5->cpu5_L2C AVERAGE MISS LATENCY: 284.5 cycles
cpu5->cpu5_L1I TOTAL        ACCESS:   21456185 HIT:   21456185 MISS:          0 MSHR_MERGE:          0
cpu5->cpu5_L1I LOAD         ACCESS:   21456185 HIT:   21456185 MISS:          0 MSHR_MERGE:          0
cpu5->cpu5_L1I RFO          ACCESS:          0 HIT:          0 MISS:          0 MSHR_MERGE:          0
cpu5->cpu5_L1I PREFETCH     ACCESS:          0 HIT:          0 MISS:          0 MSHR_MERGE:          0
cpu5->cpu5_L1I WRITE        ACCESS:          0 HIT:          0 MISS:          0 MSHR_MERGE:          0
cpu5->cpu5_L1I TRANSLATION  ACCESS:          0 HIT:          0 MISS:          0 MSHR_MERGE:          0
cpu5->cpu5_L1I PREFETCH REQUESTED:          0 ISSUED:          0 USEFUL:          0 USELESS:          0
cpu5->cpu5_L1I AVERAGE MISS LATENCY: - cycles
cpu5->cpu5_L1D TOTAL        ACCESS:   23383114 HIT:   17790183 MISS:    5592931 MSHR_MERGE:    3982507
cpu5->cpu5_L1D LOAD         ACCESS:   10539999 HIT:    4947092 MISS:    5592907 MSHR_MERGE:    3982507
cpu5->cpu5_L1D RFO          ACCESS:          0 HIT:          0 MISS:          0 MSHR_MERGE:          0
cpu5->cpu5_L1D PREFETCH     ACCESS:          0 HIT:          0 MISS:          0 MSHR_MERGE:          0
cpu5->cpu5_L1D WRITE        ACCESS:   12843091 HIT:   12843091 MISS:          0 MSHR_MERGE:          0
cpu5->cpu5_L1D TRANSLATION  ACCESS:         24 HIT:          0 MISS:         24 MSHR_MERGE:          0
cpu5->cpu5_L1D PREFETCH REQUESTED:          0 ISSUED:          0 USEFUL:          0 USELESS:          0
cpu5->cpu5_L1D AVERAGE MISS LATENCY: 293.5 cycles
cpu5->cpu5_ITLB TOTAL        ACCESS:   15682218 HIT:   15682218 MISS:          0 MSHR_MERGE:          0
cpu5->cpu5_ITLB LOAD         ACCESS:   15682218 HIT:   15682218 MISS:          0 MSHR_MERGE:          0
cpu5->cpu5_ITLB RFO          ACCESS:          0 HIT:          0 MISS:          0 MSHR_MERGE:          0
cpu5->cpu5_ITLB PREFETCH     ACCESS:          0 HIT:          0 MISS:          0 MSHR_MERGE:          0
cpu5->cpu5_ITLB WRITE        ACCESS:          0 HIT:          0 MISS:          0 MSHR_MERGE:          0
cpu5->cpu5_ITLB TRANSLATION  ACCESS:          0 HIT:          0 MISS:          0 MSHR_MERGE:          0
cpu5->cpu5_ITLB PREFETCH REQUESTED:          0 ISSUED:          0 USEFUL:          0 USELESS:          0
cpu5->cpu5_ITLB AVERAGE MISS LATENCY: - cycles
cpu5->cpu5_DTLB TOTAL        ACCESS:   19972498 HIT:   19972358 MISS:        140 MSHR_MERGE:         93
cpu5->cpu5_DTLB LOAD         ACCESS:   19972498 HIT:   19972358 MISS:        140 MSHR_MERGE:         93
cpu5->cpu5_DTLB RFO          ACCESS:          0 HIT:          0 MISS:          0 MSHR_MERGE:          0
cpu5->cpu5_DTLB PREFETCH     ACCESS:          0 HIT:          0 MISS:          0 MSHR_MERGE:          0
cpu5->cpu5_DTLB WRITE        ACCESS:          0 HIT:          0 MISS:          0 MSHR_MERGE:          0
cpu5->cpu5_DTLB TRANSLATION  ACCESS:          0 HIT:          0 MISS:          0 MSHR_MERGE:          0
cpu5->cpu5_DTLB PREFETCH REQUESTED:          0 ISSUED:          0 USEFUL:          0 USELESS:          0
cpu5->cpu5_DTLB AVERAGE MISS LATENCY: 140.3 cycles
cpu4->cpu4_STLB TOTAL        ACCESS:         47 HIT:         23 MISS:         24 MSHR_MERGE:          0
cpu4->cpu4_STLB LOAD         ACCESS:         47 HIT:         23 MISS:         24 MSHR_MERGE:          0
cpu4->cpu4_STLB RFO          ACCESS:          0 HIT:          0 MISS:          0 MSHR_MERGE:          0
cpu4->cpu4_STLB PREFETCH     ACCESS:          0 HIT:          0 MISS:          0 MSHR_MERGE:          0
cpu4->cpu4_STLB WRITE        ACCESS:          0 HIT:          0 MISS:          0 MSHR_MERGE:          0
cpu4->cpu4_STLB TRANSLATION  ACCESS:          0 HIT:          0 MISS:          0 MSHR_MERGE:          0
cpu4->cpu4_STLB PREFETCH REQUESTED:          0 ISSUED:          0 USEFUL:          0 USELESS:          0
cpu4->cpu4_STLB AVERAGE MISS LATENCY: 363.1 cycles
cpu4->cpu4_L2C TOTAL        ACCESS:    3213603 HIT:    1604284 MISS:    1609319 MSHR_MERGE:          0
cpu4->cpu4_L2C LOAD         ACCESS:    1609295 HIT:          0 MISS:    1609295 MSHR_MERGE:          0
cpu4->cpu4_L2C RFO          ACCESS:          0 HIT:          0 MISS:          0 MSHR_MERGE:          0
cpu4->cpu4_L2C PREFETCH     ACCESS:          0 HIT:          0 MISS:          0 MSHR_MERGE:          0
cpu4->cpu4_L2C WRITE        ACCESS:    1604284 HIT:    1604284 MISS:          0 MSHR_MERGE:          0
cpu4->cpu4_L2C TRANSLATION  ACCESS:         24 HIT:          0 MISS:         24 MSHR_MERGE:          0
cpu4->cpu4_L2C PREFETCH REQUESTED:          0 ISSUED:          0 USEFUL:          0 USELESS:          0
cpu4->cpu4_L2C AVERAGE MISS LATENCY: 284.9 cycles
cpu4->cpu4_L1I TOTAL        ACCESS:   21445625 HIT:   21445625 MISS:          0 MSHR_MERGE:          0
cpu4->cpu4_L1I LOAD         ACCESS:   21445625 HIT:   21445625 MISS:          0 MSHR_MERGE:          0
cpu4->cpu4_L1I RFO          ACCESS:          0 HIT:          0 MISS:          0 MSHR_MERGE:          0
cpu4->cpu4_L1I PREFETCH     ACCESS:          0 HIT:          0 MISS:          0 MSHR_MERGE:          0
cpu4->cpu4_L1I WRITE        ACCESS:          0 HIT:          0 MISS:          0 MSHR_MERGE:          0
cpu4->cpu4_L1I TRANSLATION  ACCESS:          0 HIT:          0 MISS:          0 MSHR_MERGE:          0
cpu4->cpu4_L1I PREFETCH REQUESTED:          0 ISSUED:          0 USEFUL:          0 USELESS:          0
cpu4->cpu4_L1I AVERAGE MISS LATENCY: - cycles
cpu4->cpu4_L1D TOTAL        ACCESS:   23366789 HIT:   17774955 MISS:    5591834 MSHR_MERGE:    3982515
cpu4->cpu4_L1D LOAD         ACCESS:   10532480 HIT:    4940670 MISS:    5591810 MSHR_MERGE:    3982515
cpu4->cpu4_L1D RFO          ACCESS:          0 HIT:          0 MISS:          0 MSHR_MERGE:          0
cpu4->cpu4_L1D PREFETCH     ACCESS:          0 HIT:          0 MISS:          0 MSHR_MERGE:          0
cpu4->cpu4_L1D WRITE        ACCESS:   12834285 HIT:   12834285 MISS:          0 MSHR_MERGE:          0
cpu4->cpu4_L1D TRANSLATION  ACCESS:         24 HIT:          0 MISS:         24 MSHR_MERGE:          0
cpu4->cpu4_L1D PREFETCH REQUESTED:          0 ISSUED:          0 USEFUL:          0 USELESS:          0
cpu4->cpu4_L1D AVERAGE MISS LATENCY: 293.9 cycles
cpu4->cpu4_ITLB TOTAL        ACCESS:   15676391 HIT:   15676391 MISS:          0 MSHR_MERGE:          0
cpu4->cpu4_ITLB LOAD         ACCESS:   15676391 HIT:   15676391 MISS:          0 MSHR_MERGE:          0
cpu4->cpu4_ITLB RFO          ACCESS:          0 HIT:          0 MISS:          0 MSHR_MERGE:          0
cpu4->cpu4_ITLB PREFETCH     ACCESS:          0 HIT:          0 MISS:          0 MSHR_MERGE:          0
cpu4->cpu4_ITLB WRITE        ACCESS:          0 HIT:          0 MISS:          0 MSHR_MERGE:          0
cpu4->cpu4_ITLB TRANSLATION  ACCESS:          0 HIT:          0 MISS:          0 MSHR_MERGE:          0
cpu4->cpu4_ITLB PREFETCH REQUESTED:          0 ISSUED:          0 USEFUL:          0 USELESS:          0
cpu4->cpu4_ITLB AVERAGE MISS LATENCY: - cycles
cpu4->cpu4_DTLB TOTAL        ACCESS:   19960289 HIT:   19960142 MISS:        147 MSHR_MERGE:        100
cpu4->cpu4_DTLB LOAD         ACCESS:   19960289 HIT:   19960142 MISS:        147 MSHR_MERGE:        100
cpu4->cpu4_DTLB RFO          ACCESS:          0 HIT:          0 MISS:          0 MSHR_MERGE:          0
cpu4->cpu4_DTLB PREFETCH     ACCESS:          0 HIT:          0 MISS:          0 MSHR_MERGE:          0
cpu4->cpu4_DTLB WRITE        ACCESS:          0 HIT:          0 MISS:          0 MSHR_MERGE:          0
cpu4->cpu4_DTLB TRANSLATION  ACCESS:          0 HIT:          0 MISS:          0 MSHR_MERGE:          0
cpu4->cpu4_DTLB PREFETCH REQUESTED:          0 ISSUED:          0 USEFUL:          0 USELESS:          0
cpu4->cpu4_DTLB AVERAGE MISS LATENCY: 190.9 cycles
cpu3->cpu3_STLB TOTAL        ACCESS:         47 HIT:         23 MISS:         24 MSHR_MERGE:          0
cpu3->cpu3_STLB LOAD         ACCESS:         47 HIT:         23 MISS:         24 MSHR_MERGE:          0
cpu3->cpu3_STLB RFO          ACCESS:          0 HIT:          0 MISS:          0 MSHR_MERGE:          0
cpu3->cpu3_STLB PREFETCH     ACCESS:          0 HIT:          0 MISS:          0 MSHR_MERGE:          0
cpu3->cpu3_STLB WRITE        ACCESS:          0 HIT:          0 MISS:          0 MSHR_MERGE:          0
cpu3->cpu3_STLB TRANSLATION  ACCESS:          0 HIT:          0 MISS:          0 MSHR_MERGE:          0
cpu3->cpu3_STLB PREFETCH REQUESTED:          0 ISSUED:          0 USEFUL:          0 USELESS:          0
cpu3->cpu3_STLB AVERAGE MISS LATENCY: 252.8 cycles
cpu3->cpu3_L2C TOTAL        ACCESS:    3210830 HIT:    1602899 MISS:    1607931 MSHR_MERGE:          0
cpu3->cpu3_L2C LOAD         ACCESS:    1607907 HIT:          0 MISS:    1607907 MSHR_MERGE:          0
cpu3->cpu3_L2C RFO          ACCESS:          0 HIT:          0 MISS:          0 MSHR_MERGE:          0
cpu3->cpu3_L2C PREFETCH     ACCESS:          0 HIT:          0 MISS:          0 MSHR_MERGE:          0
cpu3->cpu3_L2C WRITE        ACCESS:    1602899 HIT:    1602899 MISS:          0 MSHR_MERGE:          0
cpu3->cpu3_L2C TRANSLATION  ACCESS:         24 HIT:          0 MISS:         24 MSHR_MERGE:          0
cpu3->cpu3_L2C PREFETCH REQUESTED:          0 ISSUED:          0 USEFUL:          0 USELESS:          0
cpu3->cpu3_L2C AVERAGE MISS LATENCY: 285.3 cycles
cpu3->cpu3_L1I TOTAL        ACCESS:   21456419 HIT:   21456419 MISS:          0 MSHR_MERGE:          0
cpu3->cpu3_L1I LOAD         ACCESS:   21456419 HIT:   21456419 MISS:          0 MSHR_MERGE:          0
cpu3->cpu3_L1I RFO          ACCESS:          0 HIT:          0 MISS:          0 MSHR_MERGE:          0
cpu3->cpu3_L1I PREFETCH     ACCESS:          0 HIT:          0 MISS:          0 MSHR_MERGE:          0
cpu3->cpu3_L1I WRITE        ACCESS:          0 HIT:          0 MISS:          0 MSHR_MERGE:          0
cpu3->cpu3_L1I TRANSLATION  ACCESS:          0 HIT:          0 MISS:          0 MSHR_MERGE:          0
cpu3->cpu3_L1I PREFETCH REQUESTED:          0 ISSUED:          0 USEFUL:          0 USELESS:          0
cpu3->cpu3_L1I AVERAGE MISS LATENCY: - cycles
cpu3->cpu3_L1D TOTAL        ACCESS:   23340177 HIT:   17737602 MISS:    5602575 MSHR_MERGE:    3994644
cpu3->cpu3_L1D LOAD         ACCESS:   10516955 HIT:    4914404 MISS:    5602551 MSHR_MERGE:    3994644
cpu3->cpu3_L1D RFO          ACCESS:          0 HIT:          0 MISS:          0 MSHR_MERGE:          0
cpu3->cpu3_L1D PREFETCH     ACCESS:          0 HIT:          0 MISS:          0 MSHR_MERGE:          0
cpu3->cpu3_L1D WRITE        ACCESS:   12823198 HIT:   12823198 MISS:          0 MSHR_MERGE:          0
cpu3->cpu3_L1D TRANSLATION  ACCESS:         24 HIT:          0 MISS:         24 MSHR_MERGE:          0
cpu3->cpu3_L1D PREFETCH REQUESTED:          0 ISSUED:          0 USEFUL:          0 USELESS:          0
cpu3->cpu3_L1D AVERAGE MISS LATENCY: 294.3 cycles
cpu3->cpu3_ITLB TOTAL        ACCESS:   15708493 HIT:   15708493 MISS:          0 MSHR_MERGE:          0
cpu3->cpu3_ITLB LOAD         ACCESS:   15708493 HIT:   15708493 MISS:          0 MSHR_MERGE:          0
cpu3->cpu3_ITLB RFO          ACCESS:          0 HIT:          0 MISS:          0 MSHR_MERGE:          0
cpu3->cpu3_ITLB PREFETCH     ACCESS:          0 HIT:          0 MISS:          0 MSHR_MERGE:          0
cpu3->cpu3_ITLB WRITE        ACCESS:          0 HIT:          0 MISS:          0 MSHR_MERGE:          0
cpu3->cpu3_ITLB TRANSLATION  ACCESS:          0 HIT:          0 MISS:          0 MSHR_MERGE:          0
cpu3->cpu3_ITLB PREFETCH REQUESTED:          0 ISSUED:          0 USEFUL:          0 USELESS:          0
cpu3->cpu3_ITLB AVERAGE MISS LATENCY: - cycles
cpu3->cpu3_DTLB TOTAL        ACCESS:   19954307 HIT:   19954165 MISS:        142 MSHR_MERGE:         95
cpu3->cpu3_DTLB LOAD         ACCESS:   19954307 HIT:   19954165 MISS:        142 MSHR_MERGE:         95
cpu3->cpu3_DTLB RFO          ACCESS:          0 HIT:          0 MISS:          0 MSHR_MERGE:          0
cpu3->cpu3_DTLB PREFETCH     ACCESS:          0 HIT:          0 MISS:          0 MSHR_MERGE:          0
cpu3->cpu3_DTLB WRITE        ACCESS:          0 HIT:          0 MISS:          0 MSHR_MERGE:          0
cpu3->cpu3_DTLB TRANSLATION  ACCESS:          0 HIT:          0 MISS:          0 MSHR_MERGE:          0
cpu3->cpu3_DTLB PREFETCH REQUESTED:          0 ISSUED:          0 USEFUL:          0 USELESS:          0
cpu3->cpu3_DTLB AVERAGE MISS LATENCY: 134.6 cycles
cpu2->cpu2_STLB TOTAL        ACCESS:         47 HIT:         23 MISS:         24 MSHR_MERGE:          0
cpu2->cpu2_STLB LOAD         ACCESS:         47 HIT:         23 MISS:         24 MSHR_MERGE:          0
cpu2->cpu2_STLB RFO          ACCESS:          0 HIT:          0 MISS:          0 MSHR_MERGE:          0
cpu2->cpu2_STLB PREFETCH     ACCESS:          0 HIT:          0 MISS:          0 MSHR_MERGE:          0
cpu2->cpu2_STLB WRITE        ACCESS:          0 HIT:          0 MISS:          0 MSHR_MERGE:          0
cpu2->cpu2_STLB TRANSLATION  ACCESS:          0 HIT:          0 MISS:          0 MSHR_MERGE:          0
cpu2->cpu2_STLB PREFETCH REQUESTED:          0 ISSUED:          0 USEFUL:          0 USELESS:          0
cpu2->cpu2_STLB AVERAGE MISS LATENCY: 232.2 cycles
cpu2->cpu2_L2C TOTAL        ACCESS:    3210157 HIT:    1602563 MISS:    1607594 MSHR_MERGE:          0
cpu2->cpu2_L2C LOAD         ACCESS:    1607570 HIT:          0 MISS:    1607570 MSHR_MERGE:          0
cpu2->cpu2_L2C RFO          ACCESS:          0 HIT:          0 MISS:          0 MSHR_MERGE:          0
cpu2->cpu2_L2C PREFETCH     ACCESS:          0 HIT:          0 MISS:          0 MSHR_MERGE:          0
cpu2->cpu2_L2C WRITE        ACCESS:    1602563 HIT:    1602563 MISS:          0 MSHR_MERGE:          0
cpu2->cpu2_L2C TRANSLATION  ACCESS:         24 HIT:          0 MISS:         24 MSHR_MERGE:          0
cpu2->cpu2_L2C PREFETCH REQUESTED:          0 ISSUED:          0 USEFUL:          0 USELESS:          0
cpu2->cpu2_L2C AVERAGE MISS LATENCY: 285.2 cycles
cpu2->cpu2_L1I TOTAL        ACCESS:   21393297 HIT:   21393297 MISS:          0 MSHR_MERGE:          0
cpu2->cpu2_L1I LOAD         ACCESS:   21393297 HIT:   21393297 MISS:          0 MSHR_MERGE:          0
cpu2->cpu2_L1I RFO          ACCESS:          0 HIT:          0 MISS:          0 MSHR_MERGE:          0
cpu2->cpu2_L1I PREFETCH     ACCESS:          0 HIT:          0 MISS:          0 MSHR_MERGE:          0
cpu2->cpu2_L1I WRITE        ACCESS:          0 HIT:          0 MISS:          0 MSHR_MERGE:          0
cpu2->cpu2_L1I TRANSLATION  ACCESS:          0 HIT:          0 MISS:          0 MSHR_MERGE:          0
cpu2->cpu2_L1I PREFETCH REQUESTED:          0 ISSUED:          0 USEFUL:          0 USELESS:          0
cpu2->cpu2_L1I AVERAGE MISS LATENCY: - cycles
cpu2->cpu2_L1D TOTAL        ACCESS:   23340838 HIT:   17761660 MISS:    5579178 MSHR_MERGE:    3971584
cpu2->cpu2_L1D LOAD         ACCESS:   10520297 HIT:    4941143 MISS:    5579154 MSHR_MERGE:    3971584
cpu2->cpu2_L1D RFO          ACCESS:          0 HIT:          0 MISS:          0 MSHR_MERGE:          0
cpu2->cpu2_L1D PREFETCH     ACCESS:          0 HIT:          0 MISS:          0 MSHR_MERGE:          0
cpu2->cpu2_L1D WRITE        ACCESS:   12820517 HIT:   12820517 MISS:          0 MSHR_MERGE:          0
cpu2->cpu2_L1D TRANSLATION  ACCESS:         24 HIT:          0 MISS:         24 MSHR_MERGE:          0
cpu2->cpu2_L1D PREFETCH REQUESTED:          0 ISSUED:          0 USEFUL:          0 USELESS:          0
cpu2->cpu2_L1D AVERAGE MISS LATENCY: 294.2 cycles
cpu2->cpu2_ITLB TOTAL        ACCESS:   15652960 HIT:   15652960 MISS:          0 MSHR_MERGE:          0
cpu2->cpu2_ITLB LOAD         ACCESS:   15652960 HIT:   15652960 MISS:          0 MSHR_MERGE:          0
cpu2->cpu2_ITLB RFO          ACCESS:          0 HIT:          0 MISS:          0 MSHR_MERGE:          0
cpu2->cpu2_ITLB PREFETCH     ACCESS:          0 HIT:          0 MISS:          0 MSHR_MERGE:          0
cpu2->cpu2_ITLB WRITE        ACCESS:          0 HIT:          0 MISS:          0 MSHR_MERGE:          0
cpu2->cpu2_ITLB TRANSLATION  ACCESS:          0 HIT:          0 MISS:          0 MSHR_MERGE:          0
cpu2->cpu2_ITLB PREFETCH REQUESTED:          0 ISSUED:          0 USEFUL:          0 USELESS:          0
cpu2->cpu2_ITLB AVERAGE MISS LATENCY: - cycles
cpu2->cpu2_DTLB TOTAL        ACCESS:   19931502 HIT:   19931355 MISS:        147 MSHR_MERGE:        100
cpu2->cpu2_DTLB LOAD         ACCESS:   19931502 HIT:   19931355 MISS:        147 MSHR_MERGE:        100
cpu2->cpu2_DTLB RFO          ACCESS:          0 HIT:          0 MISS:          0 MSHR_MERGE:          0
cpu2->cpu2_DTLB PREFETCH     ACCESS:          0 HIT:          0 MISS:          0 MSHR_MERGE:          0
cpu2->cpu2_DTLB WRITE        ACCESS:          0 HIT:          0 MISS:          0 MSHR_MERGE:          0
cpu2->cpu2_DTLB TRANSLATION  ACCESS:          0 HIT:          0 MISS:          0 MSHR_MERGE:          0
cpu2->cpu2_DTLB PREFETCH REQUESTED:          0 ISSUED:          0 USEFUL:          0 USELESS:          0
cpu2->cpu2_DTLB AVERAGE MISS LATENCY: 124.1 cycles
cpu1->cpu1_STLB TOTAL        ACCESS:         47 HIT:         23 MISS:         24 MSHR_MERGE:          0
cpu1->cpu1_STLB LOAD         ACCESS:         47 HIT:         23 MISS:         24 MSHR_MERGE:          0
cpu1->cpu1_STLB RFO          ACCESS:          0 HIT:          0 MISS:          0 MSHR_MERGE:          0
cpu1->cpu1_STLB PREFETCH     ACCESS:          0 HIT:          0 MISS:          0 MSHR_MERGE:          0
cpu1->cpu1_STLB WRITE        ACCESS:          0 HIT:          0 MISS:          0 MSHR_MERGE:          0
cpu1->cpu1_STLB TRANSLATION  ACCESS:          0 HIT:          0 MISS:          0 MSHR_MERGE:          0
cpu1->cpu1_STLB PREFETCH REQUESTED:          0 ISSUED:          0 USEFUL:          0 USELESS:          0
cpu1->cpu1_STLB AVERAGE MISS LATENCY: 286.8 cycles
cpu1->cpu1_L2C TOTAL        ACCESS:    3211728 HIT:    1603348 MISS:    1608380 MSHR_MERGE:          0
cpu1->cpu1_L2C LOAD         ACCESS:    1608356 HIT:          0 MISS:    1608356 MSHR_MERGE:          0
cpu1->cpu1_L2C RFO          ACCESS:          0 HIT:          0 MISS:          0 MSHR_MERGE:          0
cpu1->cpu1_L2C PREFETCH     ACCESS:          0 HIT:          0 MISS:          0 MSHR_MERGE:          0
cpu1->cpu1_L2C WRITE        ACCESS:    1603348 HIT:    1603348 MISS:          0 MSHR_MERGE:          0
cpu1->cpu1_L2C TRANSLATION  ACCESS:         24 HIT:          0 MISS:         24 MSHR_MERGE:          0
cpu1->cpu1_L2C PREFETCH REQUESTED:          0 ISSUED:          0 USEFUL:          0 USELESS:          0
cpu1->cpu1_L2C AVERAGE MISS LATENCY: 285 cycles
cpu1->cpu1_L1I TOTAL        ACCESS:   21427747 HIT:   21427747 MISS:          0 MSHR_MERGE:          0
cpu1->cpu1_L1I LOAD         ACCESS:   21427747 HIT:   21427747 MISS:          0 MSHR_MERGE:          0
cpu1->cpu1_L1I RFO          ACCESS:          0 HIT:          0 MISS:          0 MSHR_MERGE:          0
cpu1->cpu1_L1I PREFETCH     ACCESS:          0 HIT:          0 MISS:          0 MSHR_MERGE:          0
cpu1->cpu1_L1I WRITE        ACCESS:          0 HIT:          0 MISS:          0 MSHR_MERGE:          0
cpu1->cpu1_L1I TRANSLATION  ACCESS:          0 HIT:          0 MISS:          0 MSHR_MERGE:          0
cpu1->cpu1_L1I PREFETCH REQUESTED:          0 ISSUED:          0 USEFUL:          0 USELESS:          0
cpu1->cpu1_L1I AVERAGE MISS LATENCY: - cycles
cpu1->cpu1_L1D TOTAL        ACCESS:   23349514 HIT:   17771663 MISS:    5577851 MSHR_MERGE:    3969471
cpu1->cpu1_L1D LOAD         ACCESS:   10522690 HIT:    4944863 MISS:    5577827 MSHR_MERGE:    3969471
cpu1->cpu1_L1D RFO          ACCESS:          0 HIT:          0 MISS:          0 MSHR_MERGE:          0
cpu1->cpu1_L1D PREFETCH     ACCESS:          0 HIT:          0 MISS:          0 MSHR_MERGE:          0
cpu1->cpu1_L1D WRITE        ACCESS:   12826800 HIT:   12826800 MISS:          0 MSHR_MERGE:          0
cpu1->cpu1_L1D TRANSLATION  ACCESS:         24 HIT:          0 MISS:         24 MSHR_MERGE:          0
cpu1->cpu1_L1D PREFETCH REQUESTED:          0 ISSUED:          0 USEFUL:          0 USELESS:          0
cpu1->cpu1_L1D AVERAGE MISS LATENCY: 294 cycles
cpu1->cpu1_ITLB TOTAL        ACCESS:   15682960 HIT:   15682960 MISS:          0 MSHR_MERGE:          0
cpu1->cpu1_ITLB LOAD         ACCESS:   15682960 HIT:   15682960 MISS:          0 MSHR_MERGE:          0
cpu1->cpu1_ITLB RFO          ACCESS:          0 HIT:          0 MISS:          0 MSHR_MERGE:          0
cpu1->cpu1_ITLB PREFETCH     ACCESS:          0 HIT:          0 MISS:          0 MSHR_MERGE:          0
cpu1->cpu1_ITLB WRITE        ACCESS:          0 HIT:          0 MISS:          0 MSHR_MERGE:          0
cpu1->cpu1_ITLB TRANSLATION  ACCESS:          0 HIT:          0 MISS:          0 MSHR_MERGE:          0
cpu1->cpu1_ITLB PREFETCH REQUESTED:          0 ISSUED:          0 USEFUL:          0 USELESS:          0
cpu1->cpu1_ITLB AVERAGE MISS LATENCY: - cycles
cpu1->cpu1_DTLB TOTAL        ACCESS:   19941172 HIT:   19941033 MISS:        139 MSHR_MERGE:         92
cpu1->cpu1_DTLB LOAD         ACCESS:   19941172 HIT:   19941033 MISS:        139 MSHR_MERGE:         92
cpu1->cpu1_DTLB RFO          ACCESS:          0 HIT:          0 MISS:          0 MSHR_MERGE:          0
cpu1->cpu1_DTLB PREFETCH     ACCESS:          0 HIT:          0 MISS:          0 MSHR_MERGE:          0
cpu1->cpu1_DTLB WRITE        ACCESS:          0 HIT:          0 MISS:          0 MSHR_MERGE:          0
cpu1->cpu1_DTLB TRANSLATION  ACCESS:          0 HIT:          0 MISS:          0 MSHR_MERGE:          0
cpu1->cpu1_DTLB PREFETCH REQUESTED:          0 ISSUED:          0 USEFUL:          0 USELESS:          0
cpu1->cpu1_DTLB AVERAGE MISS LATENCY: 151.9 cycles
cpu0->cpu0_STLB TOTAL        ACCESS:         47 HIT:         23 MISS:         24 MSHR_MERGE:          0
cpu0->cpu0_STLB LOAD         ACCESS:         47 HIT:         23 MISS:         24 MSHR_MERGE:          0
cpu0->cpu0_STLB RFO          ACCESS:          0 HIT:          0 MISS:          0 MSHR_MERGE:          0
cpu0->cpu0_STLB PREFETCH     ACCESS:          0 HIT:          0 MISS:          0 MSHR_MERGE:          0
cpu0->cpu0_STLB WRITE        ACCESS:          0 HIT:          0 MISS:          0 MSHR_MERGE:          0
cpu0->cpu0_STLB TRANSLATION  ACCESS:          0 HIT:          0 MISS:          0 MSHR_MERGE:          0
cpu0->cpu0_STLB PREFETCH REQUESTED:          0 ISSUED:          0 USEFUL:          0 USELESS:          0
cpu0->cpu0_STLB AVERAGE MISS LATENCY: 297.4 cycles
cpu0->cpu0_L2C TOTAL        ACCESS:    3215626 HIT:    1605294 MISS:    1610332 MSHR_MERGE:          0
cpu0->cpu0_L2C LOAD         ACCESS:    1610308 HIT:          0 MISS:    1610308 MSHR_MERGE:          0
cpu0->cpu0_L2C RFO          ACCESS:          0 HIT:          0 MISS:          0 MSHR_MERGE:          0
cpu0->cpu0_L2C PREFETCH     ACCESS:          0 HIT:          0 MISS:          0 MSHR_MERGE:          0
cpu0->cpu0_L2C WRITE        ACCESS:    1605294 HIT:    1605294 MISS:          0 MSHR_MERGE:          0
cpu0->cpu0_L2C TRANSLATION  ACCESS:         24 HIT:          0 MISS:         24 MSHR_MERGE:          0
cpu0->cpu0_L2C PREFETCH REQUESTED:          0 ISSUED:          0 USEFUL:          0 USELESS:          0
cpu0->cpu0_L2C AVERAGE MISS LATENCY: 284.7 cycles
cpu0->cpu0_L1I TOTAL        ACCESS:   21459548 HIT:   21459548 MISS:          0 MSHR_MERGE:          0
cpu0->cpu0_L1I LOAD         ACCESS:   21459548 HIT:   21459548 MISS:          0 MSHR_MERGE:          0
cpu0->cpu0_L1I RFO          ACCESS:          0 HIT:          0 MISS:          0 MSHR_MERGE:          0
cpu0->cpu0_L1I PREFETCH     ACCESS:          0 HIT:          0 MISS:          0 MSHR_MERGE:          0
cpu0->cpu0_L1I WRITE        ACCESS:          0 HIT:          0 MISS:          0 MSHR_MERGE:          0
cpu0->cpu0_L1I TRANSLATION  ACCESS:          0 HIT:          0 MISS:          0 MSHR_MERGE:          0
cpu0->cpu0_L1I PREFETCH REQUESTED:          0 ISSUED:          0 USEFUL:          0 USELESS:          0
cpu0->cpu0_L1I AVERAGE MISS LATENCY: - cycles
cpu0->cpu0_L1D TOTAL        ACCESS:   23392926 HIT:   17793228 MISS:    5599698 MSHR_MERGE:    3989366
cpu0->cpu0_L1D LOAD         ACCESS:   10550531 HIT:    4950857 MISS:    5599674 MSHR_MERGE:    3989366
cpu0->cpu0_L1D RFO          ACCESS:          0 HIT:          0 MISS:          0 MSHR_MERGE:          0
cpu0->cpu0_L1D PREFETCH     ACCESS:          0 HIT:          0 MISS:          0 MSHR_MERGE:          0
cpu0->cpu0_L1D WRITE        ACCESS:   12842371 HIT:   12842371 MISS:          0 MSHR_MERGE:          0
cpu0->cpu0_L1D TRANSLATION  ACCESS:         24 HIT:          0 MISS:         24 MSHR_MERGE:          0
cpu0->cpu0_L1D PREFETCH REQUESTED:          0 ISSUED:          0 USEFUL:          0 USELESS:          0
cpu0->cpu0_L1D AVERAGE MISS LATENCY: 293.7 cycles
cpu0->cpu0_ITLB TOTAL        ACCESS:   15704066 HIT:   15704066 MISS:          0 MSHR_MERGE:          0
cpu0->cpu0_ITLB LOAD         ACCESS:   15704066 HIT:   15704066 MISS:          0 MSHR_MERGE:          0
cpu0->cpu0_ITLB RFO          ACCESS:          0 HIT:          0 MISS:          0 MSHR_MERGE:          0
cpu0->cpu0_ITLB PREFETCH     ACCESS:          0 HIT:          0 MISS:          0 MSHR_MERGE:          0
cpu0->cpu0_ITLB WRITE        ACCESS:          0 HIT:          0 MISS:          0 MSHR_MERGE:          0
cpu0->cpu0_ITLB TRANSLATION  ACCESS:          0 HIT:          0 MISS:          0 MSHR_MERGE:          0
cpu0->cpu0_ITLB PREFETCH REQUESTED:          0 ISSUED:          0 USEFUL:          0 USELESS:          0
cpu0->cpu0_ITLB AVERAGE MISS LATENCY: - cycles
cpu0->cpu0_DTLB TOTAL        ACCESS:   19990271 HIT:   19990125 MISS:        146 MSHR_MERGE:         99
cpu0->cpu0_DTLB LOAD         ACCESS:   19990271 HIT:   19990125 MISS:        146 MSHR_MERGE:         99
cpu0->cpu0_DTLB RFO          ACCESS:          0 HIT:          0 MISS:          0 MSHR_MERGE:          0
cpu0->cpu0_DTLB PREFETCH     ACCESS:          0 HIT:          0 MISS:          0 MSHR_MERGE:          0
cpu0->cpu0_DTLB WRITE        ACCESS:          0 HIT:          0 MISS:          0 MSHR_MERGE:          0
cpu0->cpu0_DTLB TRANSLATION  ACCESS:          0 HIT:          0 MISS:          0 MSHR_MERGE:          0
cpu0->cpu0_DTLB PREFETCH REQUESTED:          0 ISSUED:          0 USEFUL:          0 USELESS:          0
cpu0->cpu0_DTLB AVERAGE MISS LATENCY: 157.4 cycles
cpu0->LLC TOTAL        ACCESS:    3215631 HIT:    1602704 MISS:    1612927 MSHR_MERGE:          0
cpu0->LLC LOAD         ACCESS:    1610313 HIT:          0 MISS:    1610313 MSHR_MERGE:          0
cpu0->LLC RFO          ACCESS:          0 HIT:          0 MISS:          0 MSHR_MERGE:          0
cpu0->LLC PREFETCH     ACCESS:          0 HIT:          0 MISS:          0 MSHR_MERGE:          0
cpu0->LLC WRITE        ACCESS:    1605294 HIT:    1602689 MISS:       2605 MSHR_MERGE:          0
cpu0->LLC TRANSLATION  ACCESS:         24 HIT:         15 MISS:          9 MSHR_MERGE:          0
cpu0->LLC PREFETCH REQUESTED:          0 ISSUED:          0 USEFUL:          0 USELESS:          0
cpu0->LLC AVERAGE MISS LATENCY: 2146 cycles
cpu1->LLC TOTAL        ACCESS:    3211734 HIT:    1600891 MISS:    1610843 MSHR_MERGE:          0
cpu1->LLC LOAD         ACCESS:    1608361 HIT:          0 MISS:    1608361 MSHR_MERGE:          0
cpu1->LLC RFO          ACCESS:          0 HIT:          0 MISS:          0 MSHR_MERGE:          0
cpu1->LLC PREFETCH     ACCESS:          0 HIT:          0 MISS:          0 MSHR_MERGE:          0
cpu1->LLC WRITE        ACCESS:    1603349 HIT:    1600869 MISS:       2480 MSHR_MERGE:          0
cpu1->LLC TRANSLATION  ACCESS:         24 HIT:         22 MISS:          2 MSHR_MERGE:          0
cpu1->LLC PREFETCH REQUESTED:          0 ISSUED:          0 USEFUL:          0 USELESS:          0
cpu1->LLC AVERAGE MISS LATENCY: 2148 cycles
cpu2->LLC TOTAL        ACCESS:    3210165 HIT:    1600439 MISS:    1609726 MSHR_MERGE:          0
cpu2->LLC LOAD         ACCESS:    1607573 HIT:          0 MISS:    1607573 MSHR_MERGE:          0
cpu2->LLC RFO          ACCESS:          0 HIT:          0 MISS:          0 MSHR_MERGE:          0
cpu2->LLC PREFETCH     ACCESS:          0 HIT:          0 MISS:          0 MSHR_MERGE:          0
cpu2->LLC WRITE        ACCESS:    1602568 HIT:    1600415 MISS:       2153 MSHR_MERGE:          0
cpu2->LLC TRANSLATION  ACCESS:         24 HIT:         24 MISS:          0 MSHR_MERGE:          0
cpu2->LLC PREFETCH REQUESTED:          0 ISSUED:          0 USEFUL:          0 USELESS:          0
cpu2->LLC AVERAGE MISS LATENCY: 2150 cycles
cpu3->LLC TOTAL        ACCESS:    3210838 HIT:    1600518 MISS:    1610320 MSHR_MERGE:          0
cpu3->LLC LOAD         ACCESS:    1607910 HIT:          0 MISS:    1607910 MSHR_MERGE:          0
cpu3->LLC RFO          ACCESS:          0 HIT:          0 MISS:          0 MSHR_MERGE:          0
cpu3->LLC PREFETCH     ACCESS:          0 HIT:          0 MISS:          0 MSHR_MERGE:          0
cpu3->LLC WRITE        ACCESS:    1602904 HIT:    1600497 MISS:       2407 MSHR_MERGE:          0
cpu3->LLC TRANSLATION  ACCESS:         24 HIT:         21 MISS:          3 MSHR_MERGE:          0
cpu3->LLC PREFETCH REQUESTED:          0 ISSUED:          0 USEFUL:          0 USELESS:          0
cpu3->LLC AVERAGE MISS LATENCY: 2149 cycles
cpu4->LLC TOTAL        ACCESS:    3213606 HIT:    1601720 MISS:    1611886 MSHR_MERGE:          0
cpu4->LLC LOAD         ACCESS:    1609299 HIT:          0 MISS:    1609299 MSHR_MERGE:          0
cpu4->LLC RFO          ACCESS:          0 HIT:          0 MISS:          0 MSHR_MERGE:          0
cpu4->LLC PREFETCH     ACCESS:          0 HIT:          0 MISS:          0 MSHR_MERGE:          0
cpu4->LLC WRITE        ACCESS:    1604283 HIT:    1601702 MISS:       2581 MSHR_MERGE:          0
cpu4->LLC TRANSLATION  ACCESS:         24 HIT:         18 MISS:          6 MSHR_MERGE:          0
cpu4->LLC PREFETCH REQUESTED:          0 ISSUED:          0 USEFUL:          0 USELESS:          0
cpu4->LLC AVERAGE MISS LATENCY: 2147 cycles
cpu5->LLC TOTAL        ACCESS:    3215814 HIT:    1602765 MISS:    1613049 MSHR_MERGE:          0
cpu5->LLC LOAD         ACCESS:    1610404 HIT:          0 MISS:    1610404 MSHR_MERGE:          0
cpu5->LLC RFO          ACCESS:          0 HIT:          0 MISS:          0 MSHR_MERGE:          0
cpu5->LLC PREFETCH     ACCESS:          0 HIT:          0 MISS:          0 MSHR_MERGE:          0
cpu5->LLC WRITE        ACCESS:    1605386 HIT:    1602745 MISS:       2641 MSHR_MERGE:          0
cpu5->LLC TRANSLATION  ACCESS:         24 HIT:         20 MISS:          4 MSHR_MERGE:          0
cpu5->LLC PREFETCH REQUESTED:          0 ISSUED:          0 USEFUL:          0 USELESS:          0
cpu5->LLC AVERAGE MISS LATENCY: 2146 cycles
cpu6->LLC TOTAL        ACCESS:    3213203 HIT:    1601576 MISS:    1611627 MSHR_MERGE:          0
cpu6->LLC LOAD         ACCESS:    1609098 HIT:          0 MISS:    1609098 MSHR_MERGE:          0
cpu6->LLC RFO          ACCESS:          0 HIT:          0 MISS:          0 MSHR_MERGE:          0
cpu6->LLC PREFETCH     ACCESS:          0 HIT:          0 MISS:          0 MSHR_MERGE:          0
cpu6->LLC WRITE        ACCESS:    1604081 HIT:    1601552 MISS:       2529 MSHR_MERGE:          0
cpu6->LLC TRANSLATION  ACCESS:         24 HIT:         24 MISS:          0 MSHR_MERGE:          0
cpu6->LLC PREFETCH REQUESTED:          0 ISSUED:          0 USEFUL:          0 USELESS:          0
cpu6->LLC AVERAGE MISS LATENCY: 2147 cycles
cpu7->LLC TOTAL        ACCESS:    3211045 HIT:    1600748 MISS:    1610297 MSHR_MERGE:          0
cpu7->LLC LOAD         ACCESS:    1608016 HIT:          0 MISS:    1608016 MSHR_MERGE:          0
cpu7->LLC RFO          ACCESS:          0 HIT:          0 MISS:          0 MSHR_MERGE:          0
cpu7->LLC PREFETCH     ACCESS:          0 HIT:          0 MISS:          0 MSHR_MERGE:          0
cpu7->LLC WRITE        ACCESS:    1603005 HIT:    1600724 MISS:       2281 MSHR_MERGE:          0
cpu7->LLC TRANSLATION  ACCESS:         24 HIT:         24 MISS:          0 MSHR_MERGE:          0
cpu7->LLC PREFETCH REQUESTED:          0 ISSUED:          0 USEFUL:          0 USELESS:          0
cpu7->LLC AVERAGE MISS LATENCY: 2149 cycles

Region of Interest Statistics

CPU 7 cumulative IPC: 0.3039 instructions: 100000002 cycles: 329087102
CPU 7 Branch Prediction Accuracy: 100% MPKI: 0 Average ROB Occupancy at Mispredict: -
Branch type MPKI
BRANCH_DIRECT_JUMP: 0
BRANCH_INDIRECT: 0
BRANCH_CONDITIONAL: 0
BRANCH_DIRECT_CALL: 0
BRANCH_INDIRECT_CALL: 0
BRANCH_RETURN: 0


CPU 6 cumulative IPC: 0.3041 instructions: 100000000 cycles: 328862184
CPU 6 Branch Prediction Accuracy: 100% MPKI: 0 Average ROB Occupancy at Mispredict: -
Branch type MPKI
BRANCH_DIRECT_JUMP: 0
BRANCH_INDIRECT: 0
BRANCH_CONDITIONAL: 0
BRANCH_DIRECT_CALL: 0
BRANCH_INDIRECT_CALL: 0
BRANCH_RETURN: 0


CPU 5 cumulative IPC: 0.3043 instructions: 100000002 cycles: 328619297
CPU 5 Branch Prediction Accuracy: 100% MPKI: 0 Average ROB Occupancy at Mispredict: -
Branch type MPKI
BRANCH_DIRECT_JUMP: 0
BRANCH_INDIRECT: 0
BRANCH_CONDITIONAL: 0
BRANCH_DIRECT_CALL: 0
BRANCH_INDIRECT_CALL: 0
BRANCH_RETURN: 0


CPU 4 cumulative IPC: 0.3041 instructions: 100000002 cycles: 328832545
CPU 4 Branch Prediction Accuracy: 100% MPKI: 0 Average ROB Occupancy at Mispredict: -
Branch type MPKI
BRANCH_DIRECT_JUMP: 0
BRANCH_INDIRECT: 0
BRANCH_CONDITIONAL: 0
BRANCH_DIRECT_CALL: 0
BRANCH_INDIRECT_CALL: 0
BRANCH_RETURN: 0


CPU 3 cumulative IPC: 0.3039 instructions: 100000002 cycles: 329107394
CPU 3 Branch Prediction Accuracy: 100% MPKI: 0 Average ROB Occupancy at Mispredict: -
Branch type MPKI
BRANCH_DIRECT_JUMP: 0
BRANCH_INDIRECT: 0
BRANCH_CONDITIONAL: 0
BRANCH_DIRECT_CALL: 0
BRANCH_INDIRECT_CALL: 0
BRANCH_RETURN: 0


CPU 2 cumulative IPC: 0.3038 instructions: 100000000 cycles: 329177651
CPU 2 Branch Prediction Accuracy: 100% MPKI: 0 Average ROB Occupancy at Mispredict: -
Branch type MPKI
BRANCH_DIRECT_JUMP: 0
BRANCH_INDIRECT: 0
BRANCH_CONDITIONAL: 0
BRANCH_DIRECT_CALL: 0
BRANCH_INDIRECT_CALL: 0
BRANCH_RETURN: 0


CPU 1 cumulative IPC: 0.3039 instructions: 100000000 cycles: 329004594
CPU 1 Branch Prediction Accuracy: 100% MPKI: 0 Average ROB Occupancy at Mispredict: -
Branch type MPKI
BRANCH_DIRECT_JUMP: 0
BRANCH_INDIRECT: 0
BRANCH_CONDITIONAL: 0
BRANCH_DIRECT_CALL: 0
BRANCH_INDIRECT_CALL: 0
BRANCH_RETURN: 0


CPU 0 cumulative IPC: 0.3043 instructions: 100000002 cycles: 328625665
CPU 0 Branch Prediction Accuracy: 100% MPKI: 0 Average ROB Occupancy at Mispredict: -
Branch type MPKI
BRANCH_DIRECT_JUMP: 0
BRANCH_INDIRECT: 0
BRANCH_CONDITIONAL: 0
BRANCH_DIRECT_CALL: 0
BRANCH_INDIRECT_CALL: 0
BRANCH_RETURN: 0

cpu7->cpu7_STLB TOTAL        ACCESS:         47 HIT:         23 MISS:         24 MSHR_MERGE:          0
cpu7->cpu7_STLB LOAD         ACCESS:         47 HIT:         23 MISS:         24 MSHR_MERGE:          0
cpu7->cpu7_STLB RFO          ACCESS:          0 HIT:          0 MISS:          0 MSHR_MERGE:          0
cpu7->cpu7_STLB PREFETCH     ACCESS:          0 HIT:          0 MISS:          0 MSHR_MERGE:          0
cpu7->cpu7_STLB WRITE        ACCESS:          0 HIT:          0 MISS:          0 MSHR_MERGE:          0
cpu7->cpu7_STLB TRANSLATION  ACCESS:          0 HIT:          0 MISS:          0 MSHR_MERGE:          0
cpu7->cpu7_STLB PREFETCH REQUESTED:          0 ISSUED:          0 USEFUL:          0 USELESS:          0
cpu7->cpu7_STLB AVERAGE MISS LATENCY: 232.2 cycles
cpu7->cpu7_L2C TOTAL        ACCESS:    3211040 HIT:    1603004 MISS:    1608036 MSHR_MERGE:          0
cpu7->cpu7_L2C LOAD         ACCESS:    1608012 HIT:          0 MISS:    1608012 MSHR_MERGE:          0
cpu7->cpu7_L2C RFO          ACCESS:          0 HIT:          0 MISS:          0 MSHR_MERGE:          0
cpu7->cpu7_L2C PREFETCH     ACCESS:          0 HIT:          0 MISS:          0 MSHR_MERGE:          0
cpu7->cpu7_L2C WRITE        ACCESS:    1603004 HIT:    1603004 MISS:          0 MSHR_MERGE:          0
cpu7->cpu7_L2C TRANSLATION  ACCESS:         24 HIT:          0 MISS:         24 MSHR_MERGE:          0
cpu7->cpu7_L2C PREFETCH REQUESTED:          0 ISSUED:          0 USEFUL:          0 USELESS:          0
cpu7->cpu7_L2C AVERAGE MISS LATENCY: 285 cycles
cpu7->cpu7_L1I TOTAL        ACCESS:   21398441 HIT:   21398441 MISS:          0 MSHR_MERGE:          0
cpu7->cpu7_L1I LOAD         ACCESS:   21398441 HIT:   21398441 MISS:          0 MSHR_MERGE:          0
cpu7->cpu7_L1I RFO          ACCESS:          0 HIT:          0 MISS:          0 MSHR_MERGE:          0
cpu7->cpu7_L1I PREFETCH     ACCESS:          0 HIT:          0 MISS:          0 MSHR_MERGE:          0
cpu7->cpu7_L1I WRITE        ACCESS:          0 HIT:          0 MISS:          0 MSHR_MERGE:          0
cpu7->cpu7_L1I TRANSLATION  ACCESS:          0 HIT:          0 MISS:          0 MSHR_MERGE:          0
cpu7->cpu7_L1I PREFETCH REQUESTED:          0 ISSUED:          0 USEFUL:          0 USELESS:          0
cpu7->cpu7_L1I AVERAGE MISS LATENCY: - cycles
cpu7->cpu7_L1D TOTAL        ACCESS:   23344188 HIT:   17767330 MISS:    5576858 MSHR_MERGE:    3968823
cpu7->cpu7_L1D LOAD         ACCESS:   10520122 HIT:    4943288 MISS:    5576834 MSHR_MERGE:    3968823
cpu7->cpu7_L1D RFO          ACCESS:          0 HIT:          0 MISS:          0 MSHR_MERGE:          0
cpu7->cpu7_L1D PREFETCH     ACCESS:          0 HIT:          0 MISS:          0 MSHR_MERGE:          0
cpu7->cpu7_L1D WRITE        ACCESS:   12824042 HIT:   12824042 MISS:          0 MSHR_MERGE:          0
cpu7->cpu7_L1D TRANSLATION  ACCESS:         24 HIT:          0 MISS:         24 MSHR_MERGE:          0
cpu7->cpu7_L1D PREFETCH REQUESTED:          0 ISSUED:          0 USEFUL:          0 USELESS:          0
cpu7->cpu7_L1D AVERAGE MISS LATENCY: 294 cycles
cpu7->cpu7_ITLB TOTAL        ACCESS:   15672796 HIT:   15672796 MISS:          0 MSHR_MERGE:          0
cpu7->cpu7_ITLB LOAD         ACCESS:   15672796 HIT:   15672796 MISS:          0 MSHR_MERGE:          0
cpu7->cpu7_ITLB RFO          ACCESS:          0 HIT:          0 MISS:          0 MSHR_MERGE:          0
cpu7->cpu7_ITLB PREFETCH     ACCESS:          0 HIT:          0 MISS:          0 MSHR_MERGE:          0
cpu7->cpu7_ITLB WRITE        ACCESS:          0 HIT:          0 MISS:          0 MSHR_MERGE:          0
cpu7->cpu7_ITLB TRANSLATION  ACCESS:          0 HIT:          0 MISS:          0 MSHR_MERGE:          0
cpu7->cpu7_ITLB PREFETCH REQUESTED:          0 ISSUED:          0 USEFUL:          0 USELESS:          0
cpu7->cpu7_ITLB AVERAGE MISS LATENCY: - cycles
cpu7->cpu7_DTLB TOTAL        ACCESS:   19938343 HIT:   19938198 MISS:        145 MSHR_MERGE:         98
cpu7->cpu7_DTLB LOAD         ACCESS:   19938343 HIT:   19938198 MISS:        145 MSHR_MERGE:         98
cpu7->cpu7_DTLB RFO          ACCESS:          0 HIT:          0 MISS:          0 MSHR_MERGE:          0
cpu7->cpu7_DTLB PREFETCH     ACCESS:          0 HIT:          0 MISS:          0 MSHR_MERGE:          0
cpu7->cpu7_DTLB WRITE        ACCESS:          0 HIT:          0 MISS:          0 MSHR_MERGE:          0
cpu7->cpu7_DTLB TRANSLATION  ACCESS:          0 HIT:          0 MISS:          0 MSHR_MERGE:          0
cpu7->cpu7_DTLB PREFETCH REQUESTED:          0 ISSUED:          0 USEFUL:          0 USELESS:          0
cpu7->cpu7_DTLB AVERAGE MISS LATENCY: 124.1 cycles
cpu6->cpu6_STLB TOTAL        ACCESS:         47 HIT:         23 MISS:         24 MSHR_MERGE:          0
cpu6->cpu6_STLB LOAD         ACCESS:         47 HIT:         23 MISS:         24 MSHR_MERGE:          0
cpu6->cpu6_STLB RFO          ACCESS:          0 HIT:          0 MISS:          0 MSHR_MERGE:          0
cpu6->cpu6_STLB PREFETCH     ACCESS:          0 HIT:          0 MISS:          0 MSHR_MERGE:          0
cpu6->cpu6_STLB WRITE        ACCESS:          0 HIT:          0 MISS:          0 MSHR_MERGE:          0
cpu6->cpu6_STLB TRANSLATION  ACCESS:          0 HIT:          0 MISS:          0 MSHR_MERGE:          0
cpu6->cpu6_STLB PREFETCH REQUESTED:          0 ISSUED:          0 USEFUL:          0 USELESS:          0
cpu6->cpu6_STLB AVERAGE MISS LATENCY: 232.1 cycles
cpu6->cpu6_L2C TOTAL        ACCESS:    3213201 HIT:    1604084 MISS:    1609117 MSHR_MERGE:          0
cpu6->cpu6_L2C LOAD         ACCESS:    1609093 HIT:          0 MISS:    1609093 MSHR_MERGE:          0
cpu6->cpu6_L2C RFO          ACCESS:          0 HIT:          0 MISS:          0 MSHR_MERGE:          0
cpu6->cpu6_L2C PREFETCH     ACCESS:          0 HIT:          0 MISS:          0 MSHR_MERGE:          0
cpu6->cpu6_L2C WRITE        ACCESS:    1604084 HIT:    1604084 MISS:          0 MSHR_MERGE:          0
cpu6->cpu6_L2C TRANSLATION  ACCESS:         24 HIT:          0 MISS:         24 MSHR_MERGE:          0
cpu6->cpu6_L2C PREFETCH REQUESTED:          0 ISSUED:          0 USEFUL:          0 USELESS:          0
cpu6->cpu6_L2C AVERAGE MISS LATENCY: 284.9 cycles
cpu6->cpu6_L1I TOTAL        ACCESS:   21409051 HIT:   21409051 MISS:          0 MSHR_MERGE:          0
cpu6->cpu6_L1I LOAD         ACCESS:   21409051 HIT:   21409051 MISS:          0 MSHR_MERGE:          0
cpu6->cpu6_L1I RFO          ACCESS:          0 HIT:          0 MISS:          0 MSHR_MERGE:          0
cpu6->cpu6_L1I PREFETCH     ACCESS:          0 HIT:          0 MISS:          0 MSHR_MERGE:          0
cpu6->cpu6_L1I WRITE        ACCESS:          0 HIT:          0 MISS:          0 MSHR_MERGE:          0
cpu6->cpu6_L1I TRANSLATION  ACCESS:          0 HIT:          0 MISS:          0 MSHR_MERGE:          0
cpu6->cpu6_L1I PREFETCH REQUESTED:          0 ISSUED:          0 USEFUL:          0 USELESS:          0
cpu6->cpu6_L1I AVERAGE MISS LATENCY: - cycles
cpu6->cpu6_L1D TOTAL        ACCESS:   23370030 HIT:   17775861 MISS:    5594169 MSHR_MERGE:    3985052
cpu6->cpu6_L1D LOAD         ACCESS:   10537324 HIT:    4943179 MISS:    5594145 MSHR_MERGE:    3985052
cpu6->cpu6_L1D RFO          ACCESS:          0 HIT:          0 MISS:          0 MSHR_MERGE:          0
cpu6->cpu6_L1D PREFETCH     ACCESS:          0 HIT:          0 MISS:          0 MSHR_MERGE:          0
cpu6->cpu6_L1D WRITE        ACCESS:   12832682 HIT:   12832682 MISS:          0 MSHR_MERGE:          0
cpu6->cpu6_L1D TRANSLATION  ACCESS:         24 HIT:          0 MISS:         24 MSHR_MERGE:          0
cpu6->cpu6_L1D PREFETCH REQUESTED:          0 ISSUED:          0 USEFUL:          0 USELESS:          0
cpu6->cpu6_L1D AVERAGE MISS LATENCY: 293.9 cycles
cpu6->cpu6_ITLB TOTAL        ACCESS:   15680352 HIT:   15680352 MISS:          0 MSHR_MERGE:          0
cpu6->cpu6_ITLB LOAD         ACCESS:   15680352 HIT:   15680352 MISS:          0 MSHR_MERGE:          0
cpu6->cpu6_ITLB RFO          ACCESS:          0 HIT:          0 MISS:          0 MSHR_MERGE:          0
cpu6->cpu6_ITLB PREFETCH     ACCESS:          0 HIT:          0 MISS:          0 MSHR_MERGE:          0
cpu6->cpu6_ITLB WRITE        ACCESS:          0 HIT:          0 MISS:          0 MSHR_MERGE:          0
cpu6->cpu6_ITLB TRANSLATION  ACCESS:          0 HIT:          0 MISS:          0 MSHR_MERGE:          0
cpu6->cpu6_ITLB PREFETCH REQUESTED:          0 ISSUED:          0 USEFUL:          0 USELESS:          0
cpu6->cpu6_ITLB AVERAGE MISS LATENCY: - cycles
cpu6->cpu6_DTLB TOTAL        ACCESS:   19971404 HIT:   19971270 MISS:        134 MSHR_MERGE:         87
cpu6->cpu6_DTLB LOAD         ACCESS:   19971404 HIT:   19971270 MISS:        134 MSHR_MERGE:         87
cpu6->cpu6_DTLB RFO          ACCESS:          0 HIT:          0 MISS:          0 MSHR_MERGE:          0
cpu6->cpu6_DTLB PREFETCH     ACCESS:          0 HIT:          0 MISS:          0 MSHR_MERGE:          0
cpu6->cpu6_DTLB WRITE        ACCESS:          0 HIT:          0 MISS:          0 MSHR_MERGE:          0
cpu6->cpu6_DTLB TRANSLATION  ACCESS:          0 HIT:          0 MISS:          0 MSHR_MERGE:          0
cpu6->cpu6_DTLB PREFETCH REQUESTED:          0 ISSUED:          0 USEFUL:          0 USELESS:          0
cpu6->cpu6_DTLB AVERAGE MISS LATENCY: 124 cycles
cpu5->cpu5_STLB TOTAL        ACCESS:         47 HIT:         23 MISS:         24 MSHR_MERGE:          0
cpu5->cpu5_STLB LOAD         ACCESS:         47 HIT:         23 MISS:         24 MSHR_MERGE:          0
cpu5->cpu5_STLB RFO          ACCESS:          0 HIT:          0 MISS:          0 MSHR_MERGE:          0
cpu5->cpu5_STLB PREFETCH     ACCESS:          0 HIT:          0 MISS:          0 MSHR_MERGE:          0
cpu5->cpu5_STLB WRITE        ACCESS:          0 HIT:          0 MISS:          0 MSHR_MERGE:          0
cpu5->cpu5_STLB TRANSLATION  ACCESS:          0 HIT:          0 MISS:          0 MSHR_MERGE:          0
cpu5->cpu5_STLB PREFETCH REQUESTED:          0 ISSUED:          0 USEFUL:          0 USELESS:          0
cpu5->cpu5_STLB AVERAGE MISS LATENCY: 264 cycles
cpu5->cpu5_L2C TOTAL        ACCESS:    3215810 HIT:    1605386 MISS:    1610424 MSHR_MERGE:          0
cpu5->cpu5_L2C LOAD         ACCESS:    1610400 HIT:          0 MISS:    1610400 MSHR_MERGE:          0
cpu5->cpu5_L2C RFO          ACCESS:          0 HIT:          0 MISS:          0 MSHR_MERGE:          0
cpu5->cpu5_L2C PREFETCH     ACCESS:          0 HIT:          0 MISS:          0 MSHR_MERGE:          0
cpu5->cpu5_L2C WRITE        ACCESS:    1605386 HIT:    1605386 MISS:          0 MSHR_MERGE:          0
cpu5->cpu5_L2C TRANSLATION  ACCESS:         24 HIT:          0 MISS:         24 MSHR_MERGE:          0
cpu5->cpu5_L2C PREFETCH REQUESTED:          0 ISSUED:          0 USEFUL:          0 USELESS:          0
cpu5->cpu5_L2C AVERAGE MISS LATENCY: 284.5 cycles
cpu5->cpu5_L1I TOTAL        ACCESS:   21456185 HIT:   21456185 MISS:          0 MSHR_MERGE:          0
cpu5->cpu5_L1I LOAD         ACCESS:   21456185 HIT:   21456185 MISS:          0 MSHR_MERGE:          0
cpu5->cpu5_L1I RFO          ACCESS:          0 HIT:          0 MISS:          0 MSHR_MERGE:          0
cpu5->cpu5_L1I PREFETCH     ACCESS:          0 HIT:          0 MISS:          0 MSHR_MERGE:          0
cpu5->cpu5_L1I WRITE        ACCESS:          0 HIT:          0 MISS:          0 MSHR_MERGE:          0
cpu5->cpu5_L1I TRANSLATION  ACCESS:          0 HIT:          0 MISS:          0 MSHR_MERGE:          0
cpu5->cpu5_L1I PREFETCH REQUESTED:          0 ISSUED:          0 USEFUL:          0 USELESS:          0
cpu5->cpu5_L1I AVERAGE MISS LATENCY: - cycles
cpu5->cpu5_L1D TOTAL        ACCESS:   23383114 HIT:   17790183 MISS:    5592931 MSHR_MERGE:    3982507
cpu5->cpu5_L1D LOAD         ACCESS:   10539999 HIT:    4947092 MISS:    5592907 MSHR_MERGE:    3982507
cpu5->cpu5_L1D RFO          ACCESS:          0 HIT:          0 MISS:          0 MSHR_MERGE:          0
cpu5->cpu5_L1D PREFETCH     ACCESS:          0 HIT:          0 MISS:          0 MSHR_MERGE:          0
cpu5->cpu5_L1D WRITE        ACCESS:   12843091 HIT:   12843091 MISS:          0 MSHR_MERGE:          0
cpu5->cpu5_L1D TRANSLATION  ACCESS:         24 HIT:          0 MISS:         24 MSHR_MERGE:          0
cpu5->cpu5_L1D PREFETCH REQUESTED:          0 ISSUED:          0 USEFUL:          0 USELESS:          0
cpu5->cpu5_L1D AVERAGE MISS LATENCY: 293.5 cycles
cpu5->cpu5_ITLB TOTAL        ACCESS:   15682218 HIT:   15682218 MISS:          0 MSHR_MERGE:          0
cpu5->cpu5_ITLB LOAD         ACCESS:   15682218 HIT:   15682218 MISS:          0 MSHR_MERGE:          0
cpu5->cpu5_ITLB RFO          ACCESS:          0 HIT:          0 MISS:          0 MSHR_MERGE:          0
cpu5->cpu5_ITLB PREFETCH     ACCESS:          0 HIT:          0 MISS:          0 MSHR_MERGE:          0
cpu5->cpu5_ITLB WRITE        ACCESS:          0 HIT:          0 MISS:          0 MSHR_MERGE:          0
cpu5->cpu5_ITLB TRANSLATION  ACCESS:          0 HIT:          0 MISS:          0 MSHR_MERGE:          0
cpu5->cpu5_ITLB PREFETCH REQUESTED:          0 ISSUED:          0 USEFUL:          0 USELESS:          0
cpu5->cpu5_ITLB AVERAGE MISS LATENCY: - cycles
cpu5->cpu5_DTLB TOTAL        ACCESS:   19972498 HIT:   19972358 MISS:        140 MSHR_MERGE:         93
cpu5->cpu5_DTLB LOAD         ACCESS:   19972498 HIT:   19972358 MISS:        140 MSHR_MERGE:         93
cpu5->cpu5_DTLB RFO          ACCESS:          0 HIT:          0 MISS:          0 MSHR_MERGE:          0
cpu5->cpu5_DTLB PREFETCH     ACCESS:          0 HIT:          0 MISS:          0 MSHR_MERGE:          0
cpu5->cpu5_DTLB WRITE        ACCESS:          0 HIT:          0 MISS:          0 MSHR_MERGE:          0
cpu5->cpu5_DTLB TRANSLATION  ACCESS:          0 HIT:          0 MISS:          0 MSHR_MERGE:          0
cpu5->cpu5_DTLB PREFETCH REQUESTED:          0 ISSUED:          0 USEFUL:          0 USELESS:          0
cpu5->cpu5_DTLB AVERAGE MISS LATENCY: 140.3 cycles
cpu4->cpu4_STLB TOTAL        ACCESS:         47 HIT:         23 MISS:         24 MSHR_MERGE:          0
cpu4->cpu4_STLB LOAD         ACCESS:         47 HIT:         23 MISS:         24 MSHR_MERGE:          0
cpu4->cpu4_STLB RFO          ACCESS:          0 HIT:          0 MISS:          0 MSHR_MERGE:          0
cpu4->cpu4_STLB PREFETCH     ACCESS:          0 HIT:          0 MISS:          0 MSHR_MERGE:          0
cpu4->cpu4_STLB WRITE        ACCESS:          0 HIT:          0 MISS:          0 MSHR_MERGE:          0
cpu4->cpu4_STLB TRANSLATION  ACCESS:          0 HIT:          0 MISS:          0 MSHR_MERGE:          0
cpu4->cpu4_STLB PREFETCH REQUESTED:          0 ISSUED:          0 USEFUL:          0 USELESS:          0
cpu4->cpu4_STLB AVERAGE MISS LATENCY: 363.1 cycles
cpu4->cpu4_L2C TOTAL        ACCESS:    3213603 HIT:    1604284 MISS:    1609319 MSHR_MERGE:          0
cpu4->cpu4_L2C LOAD         ACCESS:    1609295 HIT:          0 MISS:    1609295 MSHR_MERGE:          0
cpu4->cpu4_L2C RFO          ACCESS:          0 HIT:          0 MISS:          0 MSHR_MERGE:          0
cpu4->cpu4_L2C PREFETCH     ACCESS:          0 HIT:          0 MISS:          0 MSHR_MERGE:          0
cpu4->cpu4_L2C WRITE        ACCESS:    1604284 HIT:    1604284 MISS:          0 MSHR_MERGE:          0
cpu4->cpu4_L2C TRANSLATION  ACCESS:         24 HIT:          0 MISS:         24 MSHR_MERGE:          0
cpu4->cpu4_L2C PREFETCH REQUESTED:          0 ISSUED:          0 USEFUL:          0 USELESS:          0
cpu4->cpu4_L2C AVERAGE MISS LATENCY: 284.9 cycles
cpu4->cpu4_L1I TOTAL        ACCESS:   21445625 HIT:   21445625 MISS:          0 MSHR_MERGE:          0
cpu4->cpu4_L1I LOAD         ACCESS:   21445625 HIT:   21445625 MISS:          0 MSHR_MERGE:          0
cpu4->cpu4_L1I RFO          ACCESS:          0 HIT:          0 MISS:          0 MSHR_MERGE:          0
cpu4->cpu4_L1I PREFETCH     ACCESS:          0 HIT:          0 MISS:          0 MSHR_MERGE:          0
cpu4->cpu4_L1I WRITE        ACCESS:          0 HIT:          0 MISS:          0 MSHR_MERGE:          0
cpu4->cpu4_L1I TRANSLATION  ACCESS:          0 HIT:          0 MISS:          0 MSHR_MERGE:          0
cpu4->cpu4_L1I PREFETCH REQUESTED:          0 ISSUED:          0 USEFUL:          0 USELESS:          0
cpu4->cpu4_L1I AVERAGE MISS LATENCY: - cycles
cpu4->cpu4_L1D TOTAL        ACCESS:   23366789 HIT:   17774955 MISS:    5591834 MSHR_MERGE:    3982515
cpu4->cpu4_L1D LOAD         ACCESS:   10532480 HIT:    4940670 MISS:    5591810 MSHR_MERGE:    3982515
cpu4->cpu4_L1D RFO          ACCESS:          0 HIT:          0 MISS:          0 MSHR_MERGE:          0
cpu4->cpu4_L1D PREFETCH     ACCESS:          0 HIT:          0 MISS:          0 MSHR_MERGE:          0
cpu4->cpu4_L1D WRITE        ACCESS:   12834285 HIT:   12834285 MISS:          0 MSHR_MERGE:          0
cpu4->cpu4_L1D TRANSLATION  ACCESS:         24 HIT:          0 MISS:         24 MSHR_MERGE:          0
cpu4->cpu4_L1D PREFETCH REQUESTED:          0 ISSUED:          0 USEFUL:          0 USELESS:          0
cpu4->cpu4_L1D AVERAGE MISS LATENCY: 293.9 cycles
cpu4->cpu4_ITLB TOTAL        ACCESS:   15676391 HIT:   15676391 MISS:          0 MSHR_MERGE:          0
cpu4->cpu4_ITLB LOAD         ACCESS:   15676391 HIT:   15676391 MISS:          0 MSHR_MERGE:          0
cpu4->cpu4_ITLB RFO          ACCESS:          0 HIT:          0 MISS:          0 MSHR_MERGE:          0
cpu4->cpu4_ITLB PREFETCH     ACCESS:          0 HIT:          0 MISS:          0 MSHR_MERGE:          0
cpu4->cpu4_ITLB WRITE        ACCESS:          0 HIT:          0 MISS:          0 MSHR_MERGE:          0
cpu4->cpu4_ITLB TRANSLATION  ACCESS:          0 HIT:          0 MISS:          0 MSHR_MERGE:          0
cpu4->cpu4_ITLB PREFETCH REQUESTED:          0 ISSUED:          0 USEFUL:          0 USELESS:          0
cpu4->cpu4_ITLB AVERAGE MISS LATENCY: - cycles
cpu4->cpu4_DTLB TOTAL        ACCESS:   19960289 HIT:   19960142 MISS:        147 MSHR_MERGE:        100
cpu4->cpu4_DTLB LOAD         ACCESS:   19960289 HIT:   19960142 MISS:        147 MSHR_MERGE:        100
cpu4->cpu4_DTLB RFO          ACCESS:          0 HIT:          0 MISS:          0 MSHR_MERGE:          0
cpu4->cpu4_DTLB PREFETCH     ACCESS:          0 HIT:          0 MISS:          0 MSHR_MERGE:          0
cpu4->cpu4_DTLB WRITE        ACCESS:          0 HIT:          0 MISS:          0 MSHR_MERGE:          0
cpu4->cpu4_DTLB TRANSLATION  ACCESS:          0 HIT:          0 MISS:          0 MSHR_MERGE:          0
cpu4->cpu4_DTLB PREFETCH REQUESTED:          0 ISSUED:          0 USEFUL:          0 USELESS:          0
cpu4->cpu4_DTLB AVERAGE MISS LATENCY: 190.9 cycles
cpu3->cpu3_STLB TOTAL        ACCESS:         47 HIT:         23 MISS:         24 MSHR_MERGE:          0
cpu3->cpu3_STLB LOAD         ACCESS:         47 HIT:         23 MISS:         24 MSHR_MERGE:          0
cpu3->cpu3_STLB RFO          ACCESS:          0 HIT:          0 MISS:          0 MSHR_MERGE:          0
cpu3->cpu3_STLB PREFETCH     ACCESS:          0 HIT:          0 MISS:          0 MSHR_MERGE:          0
cpu3->cpu3_STLB WRITE        ACCESS:          0 HIT:          0 MISS:          0 MSHR_MERGE:          0
cpu3->cpu3_STLB TRANSLATION  ACCESS:          0 HIT:          0 MISS:          0 MSHR_MERGE:          0
cpu3->cpu3_STLB PREFETCH REQUESTED:          0 ISSUED:          0 USEFUL:          0 USELESS:          0
cpu3->cpu3_STLB AVERAGE MISS LATENCY: 252.8 cycles
cpu3->cpu3_L2C TOTAL        ACCESS:    3210830 HIT:    1602899 MISS:    1607931 MSHR_MERGE:          0
cpu3->cpu3_L2C LOAD         ACCESS:    1607907 HIT:          0 MISS:    1607907 MSHR_MERGE:          0
cpu3->cpu3_L2C RFO          ACCESS:          0 HIT:          0 MISS:          0 MSHR_MERGE:          0
cpu3->cpu3_L2C PREFETCH     ACCESS:          0 HIT:          0 MISS:          0 MSHR_MERGE:          0
cpu3->cpu3_L2C WRITE        ACCESS:    1602899 HIT:    1602899 MISS:          0 MSHR_MERGE:          0
cpu3->cpu3_L2C TRANSLATION  ACCESS:         24 HIT:          0 MISS:         24 MSHR_MERGE:          0
cpu3->cpu3_L2C PREFETCH REQUESTED:          0 ISSUED:          0 USEFUL:          0 USELESS:          0
cpu3->cpu3_L2C AVERAGE MISS LATENCY: 285.3 cycles
cpu3->cpu3_L1I TOTAL        ACCESS:   21456419 HIT:   21456419 MISS:          0 MSHR_MERGE:          0
cpu3->cpu3_L1I LOAD         ACCESS:   21456419 HIT:   21456419 MISS:          0 MSHR_MERGE:          0
cpu3->cpu3_L1I RFO          ACCESS:          0 HIT:          0 MISS:          0 MSHR_MERGE:          0
cpu3->cpu3_L1I PREFETCH     ACCESS:          0 HIT:          0 MISS:          0 MSHR_MERGE:          0
cpu3->cpu3_L1I WRITE        ACCESS:          0 HIT:          0 MISS:          0 MSHR_MERGE:          0
cpu3->cpu3_L1I TRANSLATION  ACCESS:          0 HIT:          0 MISS:          0 MSHR_MERGE:          0
cpu3->cpu3_L1I PREFETCH REQUESTED:          0 ISSUED:          0 USEFUL:          0 USELESS:          0
cpu3->cpu3_L1I AVERAGE MISS LATENCY: - cycles
cpu3->cpu3_L1D TOTAL        ACCESS:   23340177 HIT:   17737602 MISS:    5602575 MSHR_MERGE:    3994644
cpu3->cpu3_L1D LOAD         ACCESS:   10516955 HIT:    4914404 MISS:    5602551 MSHR_MERGE:    3994644
cpu3->cpu3_L1D RFO          ACCESS:          0 HIT:          0 MISS:          0 MSHR_MERGE:          0
cpu3->cpu3_L1D PREFETCH     ACCESS:          0 HIT:          0 MISS:          0 MSHR_MERGE:          0
cpu3->cpu3_L1D WRITE        ACCESS:   12823198 HIT:   12823198 MISS:          0 MSHR_MERGE:          0
cpu3->cpu3_L1D TRANSLATION  ACCESS:         24 HIT:          0 MISS:         24 MSHR_MERGE:          0
cpu3->cpu3_L1D PREFETCH REQUESTED:          0 ISSUED:          0 USEFUL:          0 USELESS:          0
cpu3->cpu3_L1D AVERAGE MISS LATENCY: 294.3 cycles
cpu3->cpu3_ITLB TOTAL        ACCESS:   15708493 HIT:   15708493 MISS:          0 MSHR_MERGE:          0
cpu3->cpu3_ITLB LOAD         ACCESS:   15708493 HIT:   15708493 MISS:          0 MSHR_MERGE:          0
cpu3->cpu3_ITLB RFO          ACCESS:          0 HIT:          0 MISS:          0 MSHR_MERGE:          0
cpu3->cpu3_ITLB PREFETCH     ACCESS:          0 HIT:          0 MISS:          0 MSHR_MERGE:          0
cpu3->cpu3_ITLB WRITE        ACCESS:          0 HIT:          0 MISS:          0 MSHR_MERGE:          0
cpu3->cpu3_ITLB TRANSLATION  ACCESS:          0 HIT:          0 MISS:          0 MSHR_MERGE:          0
cpu3->cpu3_ITLB PREFETCH REQUESTED:          0 ISSUED:          0 USEFUL:          0 USELESS:          0
cpu3->cpu3_ITLB AVERAGE MISS LATENCY: - cycles
cpu3->cpu3_DTLB TOTAL        ACCESS:   19954307 HIT:   19954165 MISS:        142 MSHR_MERGE:         95
cpu3->cpu3_DTLB LOAD         ACCESS:   19954307 HIT:   19954165 MISS:        142 MSHR_MERGE:         95
cpu3->cpu3_DTLB RFO          ACCESS:          0 HIT:          0 MISS:          0 MSHR_MERGE:          0
cpu3->cpu3_DTLB PREFETCH     ACCESS:          0 HIT:          0 MISS:          0 MSHR_MERGE:          0
cpu3->cpu3_DTLB WRITE        ACCESS:          0 HIT:          0 MISS:          0 MSHR_MERGE:          0
cpu3->cpu3_DTLB TRANSLATION  ACCESS:          0 HIT:          0 MISS:          0 MSHR_MERGE:          0
cpu3->cpu3_DTLB PREFETCH REQUESTED:          0 ISSUED:          0 USEFUL:          0 USELESS:          0
cpu3->cpu3_DTLB AVERAGE MISS LATENCY: 134.6 cycles
cpu2->cpu2_STLB TOTAL        ACCESS:         47 HIT:         23 MISS:         24 MSHR_MERGE:          0
cpu2->cpu2_STLB LOAD         ACCESS:         47 HIT:         23 MISS:         24 MSHR_MERGE:          0
cpu2->cpu2_STLB RFO          ACCESS:          0 HIT:          0 MISS:          0 MSHR_MERGE:          0
cpu2->cpu2_STLB PREFETCH     ACCESS:          0 HIT:          0 MISS:          0 MSHR_MERGE:          0
cpu2->cpu2_STLB WRITE        ACCESS:          0 HIT:          0 MISS:          0 MSHR_MERGE:          0
cpu2->cpu2_STLB TRANSLATION  ACCESS:          0 HIT:          0 MISS:          0 MSHR_MERGE:          0
cpu2->cpu2_STLB PREFETCH REQUESTED:          0 ISSUED:          0 USEFUL:          0 USELESS:          0
cpu2->cpu2_STLB AVERAGE MISS LATENCY: 232.2 cycles
cpu2->cpu2_L2C TOTAL        ACCESS:    3210157 HIT:    1602563 MISS:    1607594 MSHR_MERGE:          0
cpu2->cpu2_L2C LOAD         ACCESS:    1607570 HIT:          0 MISS:    1607570 MSHR_MERGE:          0
cpu2->cpu2_L2C RFO          ACCESS:          0 HIT:          0 MISS:          0 MSHR_MERGE:          0
cpu2->cpu2_L2C PREFETCH     ACCESS:          0 HIT:          0 MISS:          0 MSHR_MERGE:          0
cpu2->cpu2_L2C WRITE        ACCESS:    1602563 HIT:    1602563 MISS:          0 MSHR_MERGE:          0
cpu2->cpu2_L2C TRANSLATION  ACCESS:         24 HIT:          0 MISS:         24 MSHR_MERGE:          0
cpu2->cpu2_L2C PREFETCH REQUESTED:          0 ISSUED:          0 USEFUL:          0 USELESS:          0
cpu2->cpu2_L2C AVERAGE MISS LATENCY: 285.2 cycles
cpu2->cpu2_L1I TOTAL        ACCESS:   21393297 HIT:   21393297 MISS:          0 MSHR_MERGE:          0
cpu2->cpu2_L1I LOAD         ACCESS:   21393297 HIT:   21393297 MISS:          0 MSHR_MERGE:          0
cpu2->cpu2_L1I RFO          ACCESS:          0 HIT:          0 MISS:          0 MSHR_MERGE:          0
cpu2->cpu2_L1I PREFETCH     ACCESS:          0 HIT:          0 MISS:          0 MSHR_MERGE:          0
cpu2->cpu2_L1I WRITE        ACCESS:          0 HIT:          0 MISS:          0 MSHR_MERGE:          0
cpu2->cpu2_L1I TRANSLATION  ACCESS:          0 HIT:          0 MISS:          0 MSHR_MERGE:          0
cpu2->cpu2_L1I PREFETCH REQUESTED:          0 ISSUED:          0 USEFUL:          0 USELESS:          0
cpu2->cpu2_L1I AVERAGE MISS LATENCY: - cycles
cpu2->cpu2_L1D TOTAL        ACCESS:   23340838 HIT:   17761660 MISS:    5579178 MSHR_MERGE:    3971584
cpu2->cpu2_L1D LOAD         ACCESS:   10520297 HIT:    4941143 MISS:    5579154 MSHR_MERGE:    3971584
cpu2->cpu2_L1D RFO          ACCESS:          0 HIT:          0 MISS:          0 MSHR_MERGE:          0
cpu2->cpu2_L1D PREFETCH     ACCESS:          0 HIT:          0 MISS:          0 MSHR_MERGE:          0
cpu2->cpu2_L1D WRITE        ACCESS:   12820517 HIT:   12820517 MISS:          0 MSHR_MERGE:          0
cpu2->cpu2_L1D TRANSLATION  ACCESS:         24 HIT:          0 MISS:         24 MSHR_MERGE:          0
cpu2->cpu2_L1D PREFETCH REQUESTED:          0 ISSUED:          0 USEFUL:          0 USELESS:          0
cpu2->cpu2_L1D AVERAGE MISS LATENCY: 294.2 cycles
cpu2->cpu2_ITLB TOTAL        ACCESS:   15652960 HIT:   15652960 MISS:          0 MSHR_MERGE:          0
cpu2->cpu2_ITLB LOAD         ACCESS:   15652960 HIT:   15652960 MISS:          0 MSHR_MERGE:          0
cpu2->cpu2_ITLB RFO          ACCESS:          0 HIT:          0 MISS:          0 MSHR_MERGE:          0
cpu2->cpu2_ITLB PREFETCH     ACCESS:          0 HIT:          0 MISS:          0 MSHR_MERGE:          0
cpu2->cpu2_ITLB WRITE        ACCESS:          0 HIT:          0 MISS:          0 MSHR_MERGE:          0
cpu2->cpu2_ITLB TRANSLATION  ACCESS:          0 HIT:          0 MISS:          0 MSHR_MERGE:          0
cpu2->cpu2_ITLB PREFETCH REQUESTED:          0 ISSUED:          0 USEFUL:          0 USELESS:          0
cpu2->cpu2_ITLB AVERAGE MISS LATENCY: - cycles
cpu2->cpu2_DTLB TOTAL        ACCESS:   19931502 HIT:   19931355 MISS:        147 MSHR_MERGE:        100
cpu2->cpu2_DTLB LOAD         ACCESS:   19931502 HIT:   19931355 MISS:        147 MSHR_MERGE:        100
cpu2->cpu2_DTLB RFO          ACCESS:          0 HIT:          0 MISS:          0 MSHR_MERGE:          0
cpu2->cpu2_DTLB PREFETCH     ACCESS:          0 HIT:          0 MISS:          0 MSHR_MERGE:          0
cpu2->cpu2_DTLB WRITE        ACCESS:          0 HIT:          0 MISS:          0 MSHR_MERGE:          0
cpu2->cpu2_DTLB TRANSLATION  ACCESS:          0 HIT:          0 MISS:          0 MSHR_MERGE:          0
cpu2->cpu2_DTLB PREFETCH REQUESTED:          0 ISSUED:          0 USEFUL:          0 USELESS:          0
cpu2->cpu2_DTLB AVERAGE MISS LATENCY: 124.1 cycles
cpu1->cpu1_STLB TOTAL        ACCESS:         47 HIT:         23 MISS:         24 MSHR_MERGE:          0
cpu1->cpu1_STLB LOAD         ACCESS:         47 HIT:         23 MISS:         24 MSHR_MERGE:          0
cpu1->cpu1_STLB RFO          ACCESS:          0 HIT:          0 MISS:          0 MSHR_MERGE:          0
cpu1->cpu1_STLB PREFETCH     ACCESS:          0 HIT:          0 MISS:          0 MSHR_MERGE:          0
cpu1->cpu1_STLB WRITE        ACCESS:          0 HIT:          0 MISS:          0 MSHR_MERGE:          0
cpu1->cpu1_STLB TRANSLATION  ACCESS:          0 HIT:          0 MISS:          0 MSHR_MERGE:          0
cpu1->cpu1_STLB PREFETCH REQUESTED:          0 ISSUED:          0 USEFUL:          0 USELESS:          0
cpu1->cpu1_STLB AVERAGE MISS LATENCY: 286.8 cycles
cpu1->cpu1_L2C TOTAL        ACCESS:    3211728 HIT:    1603348 MISS:    1608380 MSHR_MERGE:          0
cpu1->cpu1_L2C LOAD         ACCESS:    1608356 HIT:          0 MISS:    1608356 MSHR_MERGE:          0
cpu1->cpu1_L2C RFO          ACCESS:          0 HIT:          0 MISS:          0 MSHR_MERGE:          0
cpu1->cpu1_L2C PREFETCH     ACCESS:          0 HIT:          0 MISS:          0 MSHR_MERGE:          0
cpu1->cpu1_L2C WRITE        ACCESS:    1603348 HIT:    1603348 MISS:          0 MSHR_MERGE:          0
cpu1->cpu1_L2C TRANSLATION  ACCESS:         24 HIT:          0 MISS:         24 MSHR_MERGE:          0
cpu1->cpu1_L2C PREFETCH REQUESTED:          0 ISSUED:          0 USEFUL:          0 USELESS:          0
cpu1->cpu1_L2C AVERAGE MISS LATENCY: 285 cycles
cpu1->cpu1_L1I TOTAL        ACCESS:   21427747 HIT:   21427747 MISS:          0 MSHR_MERGE:          0
cpu1->cpu1_L1I LOAD         ACCESS:   21427747 HIT:   21427747 MISS:          0 MSHR_MERGE:          0
cpu1->cpu1_L1I RFO          ACCESS:          0 HIT:          0 MISS:          0 MSHR_MERGE:          0
cpu1->cpu1_L1I PREFETCH     ACCESS:          0 HIT:          0 MISS:          0 MSHR_MERGE:          0
cpu1->cpu1_L1I WRITE        ACCESS:          0 HIT:          0 MISS:          0 MSHR_MERGE:          0
cpu1->cpu1_L1I TRANSLATION  ACCESS:          0 HIT:          0 MISS:          0 MSHR_MERGE:          0
cpu1->cpu1_L1I PREFETCH REQUESTED:          0 ISSUED:          0 USEFUL:          0 USELESS:          0
cpu1->cpu1_L1I AVERAGE MISS LATENCY: - cycles
cpu1->cpu1_L1D TOTAL        ACCESS:   23349514 HIT:   17771663 MISS:    5577851 MSHR_MERGE:    3969471
cpu1->cpu1_L1D LOAD         ACCESS:   10522690 HIT:    4944863 MISS:    5577827 MSHR_MERGE:    3969471
cpu1->cpu1_L1D RFO          ACCESS:          0 HIT:          0 MISS:          0 MSHR_MERGE:          0
cpu1->cpu1_L1D PREFETCH     ACCESS:          0 HIT:          0 MISS:          0 MSHR_MERGE:          0
cpu1->cpu1_L1D WRITE        ACCESS:   12826800 HIT:   12826800 MISS:          0 MSHR_MERGE:          0
cpu1->cpu1_L1D TRANSLATION  ACCESS:         24 HIT:          0 MISS:         24 MSHR_MERGE:          0
cpu1->cpu1_L1D PREFETCH REQUESTED:          0 ISSUED:          0 USEFUL:          0 USELESS:          0
cpu1->cpu1_L1D AVERAGE MISS LATENCY: 294 cycles
cpu1->cpu1_ITLB TOTAL        ACCESS:   15682960 HIT:   15682960 MISS:          0 MSHR_MERGE:          0
cpu1->cpu1_ITLB LOAD         ACCESS:   15682960 HIT:   15682960 MISS:          0 MSHR_MERGE:          0
cpu1->cpu1_ITLB RFO          ACCESS:          0 HIT:          0 MISS:          0 MSHR_MERGE:          0
cpu1->cpu1_ITLB PREFETCH     ACCESS:          0 HIT:          0 MISS:          0 MSHR_MERGE:          0
cpu1->cpu1_ITLB WRITE        ACCESS:          0 HIT:          0 MISS:          0 MSHR_MERGE:          0
cpu1->cpu1_ITLB TRANSLATION  ACCESS:          0 HIT:          0 MISS:          0 MSHR_MERGE:          0
cpu1->cpu1_ITLB PREFETCH REQUESTED:          0 ISSUED:          0 USEFUL:          0 USELESS:          0
cpu1->cpu1_ITLB AVERAGE MISS LATENCY: - cycles
cpu1->cpu1_DTLB TOTAL        ACCESS:   19941172 HIT:   19941033 MISS:        139 MSHR_MERGE:         92
cpu1->cpu1_DTLB LOAD         ACCESS:   19941172 HIT:   19941033 MISS:        139 MSHR_MERGE:         92
cpu1->cpu1_DTLB RFO          ACCESS:          0 HIT:          0 MISS:          0 MSHR_MERGE:          0
cpu1->cpu1_DTLB PREFETCH     ACCESS:          0 HIT:          0 MISS:          0 MSHR_MERGE:          0
cpu1->cpu1_DTLB WRITE        ACCESS:          0 HIT:          0 MISS:          0 MSHR_MERGE:          0
cpu1->cpu1_DTLB TRANSLATION  ACCESS:          0 HIT:          0 MISS:          0 MSHR_MERGE:          0
cpu1->cpu1_DTLB PREFETCH REQUESTED:          0 ISSUED:          0 USEFUL:          0 USELESS:          0
cpu1->cpu1_DTLB AVERAGE MISS LATENCY: 151.9 cycles
cpu0->cpu0_STLB TOTAL        ACCESS:         47 HIT:         23 MISS:         24 MSHR_MERGE:          0
cpu0->cpu0_STLB LOAD         ACCESS:         47 HIT:         23 MISS:         24 MSHR_MERGE:          0
cpu0->cpu0_STLB RFO          ACCESS:          0 HIT:          0 MISS:          0 MSHR_MERGE:          0
cpu0->cpu0_STLB PREFETCH     ACCESS:          0 HIT:          0 MISS:          0 MSHR_MERGE:          0
cpu0->cpu0_STLB WRITE        ACCESS:          0 HIT:          0 MISS:          0 MSHR_MERGE:          0
cpu0->cpu0_STLB TRANSLATION  ACCESS:          0 HIT:          0 MISS:          0 MSHR_MERGE:          0
cpu0->cpu0_STLB PREFETCH REQUESTED:          0 ISSUED:          0 USEFUL:          0 USELESS:          0
cpu0->cpu0_STLB AVERAGE MISS LATENCY: 297.4 cycles
cpu0->cpu0_L2C TOTAL        ACCESS:    3215626 HIT:    1605294 MISS:    1610332 MSHR_MERGE:          0
cpu0->cpu0_L2C LOAD         ACCESS:    1610308 HIT:          0 MISS:    1610308 MSHR_MERGE:          0
cpu0->cpu0_L2C RFO          ACCESS:          0 HIT:          0 MISS:          0 MSHR_MERGE:          0
cpu0->cpu0_L2C PREFETCH     ACCESS:          0 HIT:          0 MISS:          0 MSHR_MERGE:          0
cpu0->cpu0_L2C WRITE        ACCESS:    1605294 HIT:    1605294 MISS:          0 MSHR_MERGE:          0
cpu0->cpu0_L2C TRANSLATION  ACCESS:         24 HIT:          0 MISS:         24 MSHR_MERGE:          0
cpu0->cpu0_L2C PREFETCH REQUESTED:          0 ISSUED:          0 USEFUL:          0 USELESS:          0
cpu0->cpu0_L2C AVERAGE MISS LATENCY: 284.7 cycles
cpu0->cpu0_L1I TOTAL        ACCESS:   21459548 HIT:   21459548 MISS:          0 MSHR_MERGE:          0
cpu0->cpu0_L1I LOAD         ACCESS:   21459548 HIT:   21459548 MISS:          0 MSHR_MERGE:          0
cpu0->cpu0_L1I RFO          ACCESS:          0 HIT:          0 MISS:          0 MSHR_MERGE:          0
cpu0->cpu0_L1I PREFETCH     ACCESS:          0 HIT:          0 MISS:          0 MSHR_MERGE:          0
cpu0->cpu0_L1I WRITE        ACCESS:          0 HIT:          0 MISS:          0 MSHR_MERGE:          0
cpu0->cpu0_L1I TRANSLATION  ACCESS:          0 HIT:          0 MISS:          0 MSHR_MERGE:          0
cpu0->cpu0_L1I PREFETCH REQUESTED:          0 ISSUED:          0 USEFUL:          0 USELESS:          0
cpu0->cpu0_L1I AVERAGE MISS LATENCY: - cycles
cpu0->cpu0_L1D TOTAL        ACCESS:   23392926 HIT:   17793228 MISS:    5599698 MSHR_MERGE:    3989366
cpu0->cpu0_L1D LOAD         ACCESS:   10550531 HIT:    4950857 MISS:    5599674 MSHR_MERGE:    3989366
cpu0->cpu0_L1D RFO          ACCESS:          0 HIT:          0 MISS:          0 MSHR_MERGE:          0
cpu0->cpu0_L1D PREFETCH     ACCESS:          0 HIT:          0 MISS:          0 MSHR_MERGE:          0
cpu0->cpu0_L1D WRITE        ACCESS:   12842371 HIT:   12842371 MISS:          0 MSHR_MERGE:          0
cpu0->cpu0_L1D TRANSLATION  ACCESS:         24 HIT:          0 MISS:         24 MSHR_MERGE:          0
cpu0->cpu0_L1D PREFETCH REQUESTED:          0 ISSUED:          0 USEFUL:          0 USELESS:          0
cpu0->cpu0_L1D AVERAGE MISS LATENCY: 293.7 cycles
cpu0->cpu0_ITLB TOTAL        ACCESS:   15704066 HIT:   15704066 MISS:          0 MSHR_MERGE:          0
cpu0->cpu0_ITLB LOAD         ACCESS:   15704066 HIT:   15704066 MISS:          0 MSHR_MERGE:          0
cpu0->cpu0_ITLB RFO          ACCESS:          0 HIT:          0 MISS:          0 MSHR_MERGE:          0
cpu0->cpu0_ITLB PREFETCH     ACCESS:          0 HIT:          0 MISS:          0 MSHR_MERGE:          0
cpu0->cpu0_ITLB WRITE        ACCESS:          0 HIT:          0 MISS:          0 MSHR_MERGE:          0
cpu0->cpu0_ITLB TRANSLATION  ACCESS:          0 HIT:          0 MISS:          0 MSHR_MERGE:          0
cpu0->cpu0_ITLB PREFETCH REQUESTED:          0 ISSUED:          0 USEFUL:          0 USELESS:          0
cpu0->cpu0_ITLB AVERAGE MISS LATENCY: - cycles
cpu0->cpu0_DTLB TOTAL        ACCESS:   19990271 HIT:   19990125 MISS:        146 MSHR_MERGE:         99
cpu0->cpu0_DTLB LOAD         ACCESS:   19990271 HIT:   19990125 MISS:        146 MSHR_MERGE:         99
cpu0->cpu0_DTLB RFO          ACCESS:          0 HIT:          0 MISS:          0 MSHR_MERGE:          0
cpu0->cpu0_DTLB PREFETCH     ACCESS:          0 HIT:          0 MISS:          0 MSHR_MERGE:          0
cpu0->cpu0_DTLB WRITE        ACCESS:          0 HIT:          0 MISS:          0 MSHR_MERGE:          0
cpu0->cpu0_DTLB TRANSLATION  ACCESS:          0 HIT:          0 MISS:          0 MSHR_MERGE:          0
cpu0->cpu0_DTLB PREFETCH REQUESTED:          0 ISSUED:          0 USEFUL:          0 USELESS:          0
cpu0->cpu0_DTLB AVERAGE MISS LATENCY: 157.4 cycles
cpu0->LLC TOTAL        ACCESS:    3215631 HIT:    1602704 MISS:    1612927 MSHR_MERGE:          0
cpu0->LLC LOAD         ACCESS:    1610313 HIT:          0 MISS:    1610313 MSHR_MERGE:          0
cpu0->LLC RFO          ACCESS:          0 HIT:          0 MISS:          0 MSHR_MERGE:          0
cpu0->LLC PREFETCH     ACCESS:          0 HIT:          0 MISS:          0 MSHR_MERGE:          0
cpu0->LLC WRITE        ACCESS:    1605294 HIT:    1602689 MISS:       2605 MSHR_MERGE:          0
cpu0->LLC TRANSLATION  ACCESS:         24 HIT:         15 MISS:          9 MSHR_MERGE:          0
cpu0->LLC PREFETCH REQUESTED:          0 ISSUED:          0 USEFUL:          0 USELESS:          0
cpu0->LLC AVERAGE MISS LATENCY: 2146 cycles
cpu1->LLC TOTAL        ACCESS:    3211734 HIT:    1600891 MISS:    1610843 MSHR_MERGE:          0
cpu1->LLC LOAD         ACCESS:    1608361 HIT:          0 MISS:    1608361 MSHR_MERGE:          0
cpu1->LLC RFO          ACCESS:          0 HIT:          0 MISS:          0 MSHR_MERGE:          0
cpu1->LLC PREFETCH     ACCESS:          0 HIT:          0 MISS:          0 MSHR_MERGE:          0
cpu1->LLC WRITE        ACCESS:    1603349 HIT:    1600869 MISS:       2480 MSHR_MERGE:          0
cpu1->LLC TRANSLATION  ACCESS:         24 HIT:         22 MISS:          2 MSHR_MERGE:          0
cpu1->LLC PREFETCH REQUESTED:          0 ISSUED:          0 USEFUL:          0 USELESS:          0
cpu1->LLC AVERAGE MISS LATENCY: 2148 cycles
cpu2->LLC TOTAL        ACCESS:    3210165 HIT:    1600439 MISS:    1609726 MSHR_MERGE:          0
cpu2->LLC LOAD         ACCESS:    1607573 HIT:          0 MISS:    1607573 MSHR_MERGE:          0
cpu2->LLC RFO          ACCESS:          0 HIT:          0 MISS:          0 MSHR_MERGE:          0
cpu2->LLC PREFETCH     ACCESS:          0 HIT:          0 MISS:          0 MSHR_MERGE:          0
cpu2->LLC WRITE        ACCESS:    1602568 HIT:    1600415 MISS:       2153 MSHR_MERGE:          0
cpu2->LLC TRANSLATION  ACCESS:         24 HIT:         24 MISS:          0 MSHR_MERGE:          0
cpu2->LLC PREFETCH REQUESTED:          0 ISSUED:          0 USEFUL:          0 USELESS:          0
cpu2->LLC AVERAGE MISS LATENCY: 2150 cycles
cpu3->LLC TOTAL        ACCESS:    3210838 HIT:    1600518 MISS:    1610320 MSHR_MERGE:          0
cpu3->LLC LOAD         ACCESS:    1607910 HIT:          0 MISS:    1607910 MSHR_MERGE:          0
cpu3->LLC RFO          ACCESS:          0 HIT:          0 MISS:          0 MSHR_MERGE:          0
cpu3->LLC PREFETCH     ACCESS:          0 HIT:          0 MISS:          0 MSHR_MERGE:          0
cpu3->LLC WRITE        ACCESS:    1602904 HIT:    1600497 MISS:       2407 MSHR_MERGE:          0
cpu3->LLC TRANSLATION  ACCESS:         24 HIT:         21 MISS:          3 MSHR_MERGE:          0
cpu3->LLC PREFETCH REQUESTED:          0 ISSUED:          0 USEFUL:          0 USELESS:          0
cpu3->LLC AVERAGE MISS LATENCY: 2149 cycles
cpu4->LLC TOTAL        ACCESS:    3213606 HIT:    1601720 MISS:    1611886 MSHR_MERGE:          0
cpu4->LLC LOAD         ACCESS:    1609299 HIT:          0 MISS:    1609299 MSHR_MERGE:          0
cpu4->LLC RFO          ACCESS:          0 HIT:          0 MISS:          0 MSHR_MERGE:          0
cpu4->LLC PREFETCH     ACCESS:          0 HIT:          0 MISS:          0 MSHR_MERGE:          0
cpu4->LLC WRITE        ACCESS:    1604283 HIT:    1601702 MISS:       2581 MSHR_MERGE:          0
cpu4->LLC TRANSLATION  ACCESS:         24 HIT:         18 MISS:          6 MSHR_MERGE:          0
cpu4->LLC PREFETCH REQUESTED:          0 ISSUED:          0 USEFUL:          0 USELESS:          0
cpu4->LLC AVERAGE MISS LATENCY: 2147 cycles
cpu5->LLC TOTAL        ACCESS:    3215814 HIT:    1602765 MISS:    1613049 MSHR_MERGE:          0
cpu5->LLC LOAD         ACCESS:    1610404 HIT:          0 MISS:    1610404 MSHR_MERGE:          0
cpu5->LLC RFO          ACCESS:          0 HIT:          0 MISS:          0 MSHR_MERGE:          0
cpu5->LLC PREFETCH     ACCESS:          0 HIT:          0 MISS:          0 MSHR_MERGE:          0
cpu5->LLC WRITE        ACCESS:    1605386 HIT:    1602745 MISS:       2641 MSHR_MERGE:          0
cpu5->LLC TRANSLATION  ACCESS:         24 HIT:         20 MISS:          4 MSHR_MERGE:          0
cpu5->LLC PREFETCH REQUESTED:          0 ISSUED:          0 USEFUL:          0 USELESS:          0
cpu5->LLC AVERAGE MISS LATENCY: 2146 cycles
cpu6->LLC TOTAL        ACCESS:    3213203 HIT:    1601576 MISS:    1611627 MSHR_MERGE:          0
cpu6->LLC LOAD         ACCESS:    1609098 HIT:          0 MISS:    1609098 MSHR_MERGE:          0
cpu6->LLC RFO          ACCESS:          0 HIT:          0 MISS:          0 MSHR_MERGE:          0
cpu6->LLC PREFETCH     ACCESS:          0 HIT:          0 MISS:          0 MSHR_MERGE:          0
cpu6->LLC WRITE        ACCESS:    1604081 HIT:    1601552 MISS:       2529 MSHR_MERGE:          0
cpu6->LLC TRANSLATION  ACCESS:         24 HIT:         24 MISS:          0 MSHR_MERGE:          0
cpu6->LLC PREFETCH REQUESTED:          0 ISSUED:          0 USEFUL:          0 USELESS:          0
cpu6->LLC AVERAGE MISS LATENCY: 2147 cycles
cpu7->LLC TOTAL        ACCESS:    3211045 HIT:    1600748 MISS:    1610297 MSHR_MERGE:          0
cpu7->LLC LOAD         ACCESS:    1608016 HIT:          0 MISS:    1608016 MSHR_MERGE:          0
cpu7->LLC RFO          ACCESS:          0 HIT:          0 MISS:          0 MSHR_MERGE:          0
cpu7->LLC PREFETCH     ACCESS:          0 HIT:          0 MISS:          0 MSHR_MERGE:          0
cpu7->LLC WRITE        ACCESS:    1603005 HIT:    1600724 MISS:       2281 MSHR_MERGE:          0
cpu7->LLC TRANSLATION  ACCESS:         24 HIT:         24 MISS:          0 MSHR_MERGE:          0
cpu7->LLC PREFETCH REQUESTED:          0 ISSUED:          0 USEFUL:          0 USELESS:          0
cpu7->LLC AVERAGE MISS LATENCY: 2149 cycles

DRAM Statistics

Channel 0 READ REQS:    6435508	WRITE REQS:    6415692
  READS:    6435507	READ_HITS:          0
  WRITES:    6415663	WRITE HITS:          0
  ACTIVATES:   12851171	PRECHARGES:   12851170
  RQ FULL:          0	WQ FULL:          0
  WRITE DRAINS:     146876	FORCED:     114489
  MEAN WRITE IMBALANCE: 3.017695198670988
  READ OCCU PRE DRAIN: 4.187614041776737	POST DRAIN: 7.562637871401726
  MEAN BLP: 20.795555434516192	BGLP: 7.834125384678232
  READ LATENCY: 80.18246565499813
  TIME IN WRITE MODE: 34909213664

Channel 1 READ REQS:    6435490	WRITE REQS:    6415699
  READS:    6435489	READ_HITS:          0
  WRITES:    6415678	WRITE HITS:          0
  ACTIVATES:   12851168	PRECHARGES:   12851167
  RQ FULL:          0	WQ FULL:          0
  WRITE DRAINS:     148053	FORCED:     114131
  MEAN WRITE IMBALANCE: 3.058600636258637
  READ OCCU PRE DRAIN: 3.5007328456701314	POST DRAIN: 3.2932868634880754
  MEAN BLP: 20.605492627640103	BGLP: 7.811648531269207
  READ LATENCY: 48.36319679825418
  TIME IN WRITE MODE: 35427052960
---------------------------------------
Begin Slurm Epilog: Apr-10-2025 09:14:04
Job ID:        3743374
User ID:       svittal8
Account:       gts-mqureshi4-rg
Job name:      wrap
Resources:     cpu=1,mem=4G,node=1
Rsrc Used:     cput=05:56:35,vmem=0,walltime=05:56:35,mem=166272K,energy_used=0
Partition:     cpu-small
QOS:           inferno
Nodes:         atl1-1-03-003-5-2
---------------------------------------
