---------------------------------------
Begin Slurm Prolog: Apr-10-2025 03:17:30
Job ID:    3743375
User ID:   svittal8
Account:   gts-mqureshi4-rg
Job name:  wrap
Partition: cpu-small
QOS:       inferno
---------------------------------------
[VMEM] WARNING: physical memory size is smaller than virtual memory size.

*** ChampSim Multicore Out-of-Order Simulator ***
Warmup Instructions: 25000000
Simulation Instructions: 100000000
Number of CPUs: 8
Page size: 2097152

CL :	 16.64 ns
CWL :	 15.808 ns
tRP :	 16.224 ns
tRCD :	 16.224 ns
tRAS :	 32.032000000000004 ns
tRTP :	 7.904 ns
tWR :	 30.368000000000002 ns

tCCD_S :	 3.3280000000000003 ns
tCCD_S_WR :	 3.3280000000000003 ns
tCCD_S_WTR :	 22.048000000000002 ns
tCCD_L :	 5.408 ns
tCCD_L_WR :	 20.384 ns
tCCD_L_WTR :	 29.536 ns
tRRD_S :	 3.3280000000000003 ns
tRRD_L :	 5.408 ns
tFAW :	 13.728 ns
Address mapping (perm = 1) 	ch co bg bg bg ba ba co co co co co co ro ro ro ro ro ro ro ro ro ro ro ro ro ro ro 
dram queue size: R = 64 W = 64 (low:high is 10:53)
Heartbeat CPU 6 instructions: 10000000 cycles: 2909554 heartbeat IPC: 3.437 cumulative IPC: 3.437 (Simulation time: 00 hr 06 min 40 sec)
Heartbeat CPU 3 instructions: 10000001 cycles: 3128093 heartbeat IPC: 3.197 cumulative IPC: 3.197 (Simulation time: 00 hr 07 min 12 sec)
Heartbeat CPU 0 instructions: 10000001 cycles: 3131298 heartbeat IPC: 3.194 cumulative IPC: 3.194 (Simulation time: 00 hr 07 min 12 sec)
Heartbeat CPU 4 instructions: 10000000 cycles: 3696297 heartbeat IPC: 2.705 cumulative IPC: 2.705 (Simulation time: 00 hr 08 min 34 sec)
Heartbeat CPU 7 instructions: 10000000 cycles: 3778224 heartbeat IPC: 2.647 cumulative IPC: 2.647 (Simulation time: 00 hr 08 min 45 sec)
Heartbeat CPU 1 instructions: 10000000 cycles: 3791671 heartbeat IPC: 2.637 cumulative IPC: 2.637 (Simulation time: 00 hr 08 min 47 sec)
Heartbeat CPU 5 instructions: 10000000 cycles: 3844651 heartbeat IPC: 2.601 cumulative IPC: 2.601 (Simulation time: 00 hr 08 min 55 sec)
Heartbeat CPU 2 instructions: 10000000 cycles: 3877526 heartbeat IPC: 2.579 cumulative IPC: 2.579 (Simulation time: 00 hr 08 min 59 sec)
Heartbeat CPU 6 instructions: 20000003 cycles: 5848775 heartbeat IPC: 3.402 cumulative IPC: 3.42 (Simulation time: 00 hr 13 min 37 sec)
Heartbeat CPU 0 instructions: 20000001 cycles: 6032181 heartbeat IPC: 3.447 cumulative IPC: 3.316 (Simulation time: 00 hr 14 min 03 sec)
Heartbeat CPU 3 instructions: 20000003 cycles: 6107756 heartbeat IPC: 3.356 cumulative IPC: 3.275 (Simulation time: 00 hr 14 min 14 sec)
Heartbeat CPU 4 instructions: 20000001 cycles: 7053379 heartbeat IPC: 2.979 cumulative IPC: 2.836 (Simulation time: 00 hr 16 min 28 sec)
Warmup finished CPU 6 instructions: 25000003 cycles: 7206395 cumulative IPC: 3.469 (Simulation time: 00 hr 16 min 50 sec)
Heartbeat CPU 5 instructions: 20000001 cycles: 7318719 heartbeat IPC: 2.878 cumulative IPC: 2.733 (Simulation time: 00 hr 17 min 06 sec)
Heartbeat CPU 7 instructions: 20000001 cycles: 7397624 heartbeat IPC: 2.763 cumulative IPC: 2.704 (Simulation time: 00 hr 17 min 18 sec)
Heartbeat CPU 1 instructions: 20000001 cycles: 7464935 heartbeat IPC: 2.722 cumulative IPC: 2.679 (Simulation time: 00 hr 17 min 28 sec)
Heartbeat CPU 2 instructions: 20000001 cycles: 7525620 heartbeat IPC: 2.741 cumulative IPC: 2.658 (Simulation time: 00 hr 17 min 36 sec)
Warmup finished CPU 0 instructions: 25000004 cycles: 7606345 cumulative IPC: 3.287 (Simulation time: 00 hr 17 min 48 sec)
Warmup finished CPU 3 instructions: 25000004 cycles: 7680062 cumulative IPC: 3.255 (Simulation time: 00 hr 17 min 58 sec)
Heartbeat CPU 6 instructions: 30000006 cycles: 8579542 heartbeat IPC: 3.662 cumulative IPC: 3.497 (Simulation time: 00 hr 20 min 08 sec)
Warmup finished CPU 4 instructions: 25000004 cycles: 8734534 cumulative IPC: 2.862 (Simulation time: 00 hr 20 min 30 sec)
Warmup finished CPU 5 instructions: 25000003 cycles: 8954754 cumulative IPC: 2.792 (Simulation time: 00 hr 21 min 02 sec)
Warmup finished CPU 7 instructions: 25000001 cycles: 9061777 cumulative IPC: 2.759 (Simulation time: 00 hr 21 min 17 sec)
Heartbeat CPU 0 instructions: 30000003 cycles: 9073052 heartbeat IPC: 3.289 cumulative IPC: 3.306 (Simulation time: 00 hr 21 min 19 sec)
Heartbeat CPU 3 instructions: 30000004 cycles: 9142338 heartbeat IPC: 3.295 cumulative IPC: 3.281 (Simulation time: 00 hr 21 min 29 sec)
Warmup finished CPU 1 instructions: 25000001 cycles: 9158913 cumulative IPC: 2.73 (Simulation time: 00 hr 21 min 31 sec)
Warmup finished CPU 2 instructions: 25000001 cycles: 9261670 cumulative IPC: 2.699 (Simulation time: 00 hr 21 min 45 sec)
Warmup complete CPU 7 instructions: 25597983 cycles: 9261670 cumulative IPC: 2.764 (Simulation time: 00 hr 21 min 45 sec)
Warmup complete CPU 6 instructions: 32394952 cycles: 9261670 cumulative IPC: 3.498 (Simulation time: 00 hr 21 min 45 sec)
Warmup complete CPU 5 instructions: 25875676 cycles: 9261670 cumulative IPC: 2.794 (Simulation time: 00 hr 21 min 45 sec)
Warmup complete CPU 4 instructions: 26506254 cycles: 9261670 cumulative IPC: 2.862 (Simulation time: 00 hr 21 min 45 sec)
Warmup complete CPU 3 instructions: 30462339 cycles: 9261670 cumulative IPC: 3.289 (Simulation time: 00 hr 21 min 45 sec)
Warmup complete CPU 2 instructions: 25000001 cycles: 9261670 cumulative IPC: 2.699 (Simulation time: 00 hr 21 min 45 sec)
Warmup complete CPU 1 instructions: 25278068 cycles: 9261670 cumulative IPC: 2.729 (Simulation time: 00 hr 21 min 45 sec)
Warmup complete CPU 0 instructions: 30677276 cycles: 9261670 cumulative IPC: 3.312 (Simulation time: 00 hr 21 min 45 sec)
Heartbeat CPU 4 instructions: 30000005 cycles: 14011806 heartbeat IPC: 1.437 cumulative IPC: 0.7355 (Simulation time: 00 hr 27 min 41 sec)
Heartbeat CPU 5 instructions: 30000005 cycles: 14456583 heartbeat IPC: 1.401 cumulative IPC: 0.7939 (Simulation time: 00 hr 28 min 25 sec)
Heartbeat CPU 1 instructions: 30000005 cycles: 15814866 heartbeat IPC: 1.198 cumulative IPC: 0.7206 (Simulation time: 00 hr 30 min 20 sec)
Heartbeat CPU 7 instructions: 30000005 cycles: 15980600 heartbeat IPC: 1.165 cumulative IPC: 0.6552 (Simulation time: 00 hr 30 min 34 sec)
Heartbeat CPU 2 instructions: 30000005 cycles: 16039190 heartbeat IPC: 1.175 cumulative IPC: 0.7377 (Simulation time: 00 hr 30 min 40 sec)
Heartbeat CPU 6 instructions: 40000006 cycles: 20122152 heartbeat IPC: 0.8664 cumulative IPC: 0.7003 (Simulation time: 00 hr 35 min 46 sec)
Heartbeat CPU 0 instructions: 40000004 cycles: 25864256 heartbeat IPC: 0.5955 cumulative IPC: 0.5615 (Simulation time: 00 hr 43 min 20 sec)
Heartbeat CPU 3 instructions: 40000008 cycles: 26067757 heartbeat IPC: 0.5908 cumulative IPC: 0.5675 (Simulation time: 00 hr 43 min 34 sec)
Heartbeat CPU 4 instructions: 40000007 cycles: 28671158 heartbeat IPC: 0.6822 cumulative IPC: 0.6952 (Simulation time: 00 hr 46 min 30 sec)
Heartbeat CPU 5 instructions: 40000005 cycles: 29100505 heartbeat IPC: 0.6829 cumulative IPC: 0.712 (Simulation time: 00 hr 46 min 58 sec)
Heartbeat CPU 1 instructions: 40000008 cycles: 30463001 heartbeat IPC: 0.6827 cumulative IPC: 0.6944 (Simulation time: 00 hr 48 min 40 sec)
Heartbeat CPU 2 instructions: 40000005 cycles: 30681051 heartbeat IPC: 0.683 cumulative IPC: 0.7003 (Simulation time: 00 hr 48 min 58 sec)
Heartbeat CPU 7 instructions: 40000007 cycles: 31898681 heartbeat IPC: 0.6282 cumulative IPC: 0.6362 (Simulation time: 00 hr 50 min 34 sec)
Heartbeat CPU 6 instructions: 50000009 cycles: 35870747 heartbeat IPC: 0.635 cumulative IPC: 0.6616 (Simulation time: 00 hr 55 min 36 sec)
Heartbeat CPU 0 instructions: 50000004 cycles: 41551634 heartbeat IPC: 0.6375 cumulative IPC: 0.5984 (Simulation time: 01 hr 02 min 21 sec)
Heartbeat CPU 3 instructions: 50000009 cycles: 41781524 heartbeat IPC: 0.6364 cumulative IPC: 0.6008 (Simulation time: 01 hr 02 min 41 sec)
Heartbeat CPU 5 instructions: 50000009 cycles: 44820678 heartbeat IPC: 0.6361 cumulative IPC: 0.6784 (Simulation time: 01 hr 06 min 24 sec)
Heartbeat CPU 1 instructions: 50000009 cycles: 46887912 heartbeat IPC: 0.6088 cumulative IPC: 0.657 (Simulation time: 01 hr 08 min 54 sec)
Heartbeat CPU 4 instructions: 50000009 cycles: 47062091 heartbeat IPC: 0.5437 cumulative IPC: 0.6215 (Simulation time: 01 hr 09 min 09 sec)
Heartbeat CPU 6 instructions: 60000012 cycles: 49280974 heartbeat IPC: 0.7457 cumulative IPC: 0.6898 (Simulation time: 01 hr 12 min 06 sec)
Heartbeat CPU 2 instructions: 50000009 cycles: 49646312 heartbeat IPC: 0.5273 cumulative IPC: 0.619 (Simulation time: 01 hr 12 min 34 sec)
Heartbeat CPU 7 instructions: 50000009 cycles: 50751276 heartbeat IPC: 0.5304 cumulative IPC: 0.5881 (Simulation time: 01 hr 13 min 57 sec)
Heartbeat CPU 0 instructions: 60000007 cycles: 53748279 heartbeat IPC: 0.8199 cumulative IPC: 0.6591 (Simulation time: 01 hr 17 min 38 sec)
Heartbeat CPU 3 instructions: 60000012 cycles: 53921514 heartbeat IPC: 0.8237 cumulative IPC: 0.6614 (Simulation time: 01 hr 17 min 53 sec)
Heartbeat CPU 5 instructions: 60000012 cycles: 56984634 heartbeat IPC: 0.8221 cumulative IPC: 0.7151 (Simulation time: 01 hr 21 min 28 sec)
Heartbeat CPU 1 instructions: 60000012 cycles: 59146586 heartbeat IPC: 0.8157 cumulative IPC: 0.696 (Simulation time: 01 hr 24 min 14 sec)
Heartbeat CPU 4 instructions: 60000012 cycles: 59376154 heartbeat IPC: 0.8121 cumulative IPC: 0.6683 (Simulation time: 01 hr 24 min 36 sec)
Heartbeat CPU 2 instructions: 60000012 cycles: 61871225 heartbeat IPC: 0.818 cumulative IPC: 0.6653 (Simulation time: 01 hr 27 min 43 sec)
Heartbeat CPU 6 instructions: 70000013 cycles: 65103064 heartbeat IPC: 0.632 cumulative IPC: 0.6734 (Simulation time: 01 hr 31 min 39 sec)
Heartbeat CPU 7 instructions: 60000012 cycles: 67417057 heartbeat IPC: 0.6 cumulative IPC: 0.5916 (Simulation time: 01 hr 34 min 31 sec)
Heartbeat CPU 0 instructions: 70000011 cycles: 69839228 heartbeat IPC: 0.6215 cumulative IPC: 0.6491 (Simulation time: 01 hr 37 min 36 sec)
Heartbeat CPU 3 instructions: 70000016 cycles: 70085947 heartbeat IPC: 0.6186 cumulative IPC: 0.65 (Simulation time: 01 hr 37 min 58 sec)
Heartbeat CPU 5 instructions: 70000014 cycles: 72991611 heartbeat IPC: 0.6247 cumulative IPC: 0.6924 (Simulation time: 01 hr 41 min 31 sec)
Heartbeat CPU 1 instructions: 70000016 cycles: 75640564 heartbeat IPC: 0.6063 cumulative IPC: 0.6737 (Simulation time: 01 hr 44 min 52 sec)
Heartbeat CPU 4 instructions: 70000014 cycles: 75699499 heartbeat IPC: 0.6126 cumulative IPC: 0.6547 (Simulation time: 01 hr 44 min 56 sec)
Heartbeat CPU 2 instructions: 70000016 cycles: 78056170 heartbeat IPC: 0.6179 cumulative IPC: 0.6541 (Simulation time: 01 hr 47 min 51 sec)
Heartbeat CPU 6 instructions: 80000014 cycles: 81135284 heartbeat IPC: 0.6237 cumulative IPC: 0.6623 (Simulation time: 01 hr 51 min 47 sec)
Heartbeat CPU 7 instructions: 70000014 cycles: 83288012 heartbeat IPC: 0.6301 cumulative IPC: 0.5998 (Simulation time: 01 hr 54 min 32 sec)
Heartbeat CPU 0 instructions: 80000014 cycles: 86016924 heartbeat IPC: 0.6181 cumulative IPC: 0.6426 (Simulation time: 01 hr 57 min 35 sec)
Heartbeat CPU 3 instructions: 80000019 cycles: 86277356 heartbeat IPC: 0.6176 cumulative IPC: 0.6432 (Simulation time: 01 hr 57 min 57 sec)
Heartbeat CPU 5 instructions: 80000014 cycles: 89625543 heartbeat IPC: 0.6012 cumulative IPC: 0.6735 (Simulation time: 02 hr 02 min 11 sec)
Heartbeat CPU 1 instructions: 80000019 cycles: 92237036 heartbeat IPC: 0.6025 cumulative IPC: 0.6595 (Simulation time: 02 hr 05 min 21 sec)
Heartbeat CPU 4 instructions: 80000014 cycles: 92272653 heartbeat IPC: 0.6034 cumulative IPC: 0.6444 (Simulation time: 02 hr 05 min 25 sec)
Heartbeat CPU 6 instructions: 90000016 cycles: 93221647 heartbeat IPC: 0.8274 cumulative IPC: 0.6861 (Simulation time: 02 hr 06 min 51 sec)
Heartbeat CPU 2 instructions: 80000019 cycles: 95980008 heartbeat IPC: 0.5579 cumulative IPC: 0.6342 (Simulation time: 02 hr 09 min 59 sec)
Heartbeat CPU 0 instructions: 90000016 cycles: 98160465 heartbeat IPC: 0.8235 cumulative IPC: 0.6673 (Simulation time: 02 hr 12 min 45 sec)
Heartbeat CPU 3 instructions: 90000021 cycles: 98425776 heartbeat IPC: 0.8232 cumulative IPC: 0.6677 (Simulation time: 02 hr 13 min 06 sec)
Heartbeat CPU 7 instructions: 80000014 cycles: 101081498 heartbeat IPC: 0.562 cumulative IPC: 0.5925 (Simulation time: 02 hr 16 min 13 sec)
Heartbeat CPU 5 instructions: 90000017 cycles: 101594150 heartbeat IPC: 0.8355 cumulative IPC: 0.6945 (Simulation time: 02 hr 16 min 51 sec)
Heartbeat CPU 1 instructions: 90000023 cycles: 104330814 heartbeat IPC: 0.8269 cumulative IPC: 0.6808 (Simulation time: 02 hr 20 min 26 sec)
Heartbeat CPU 4 instructions: 90000016 cycles: 104372143 heartbeat IPC: 0.8265 cumulative IPC: 0.6676 (Simulation time: 02 hr 20 min 30 sec)
Heartbeat CPU 2 instructions: 90000022 cycles: 110949990 heartbeat IPC: 0.668 cumulative IPC: 0.6392 (Simulation time: 02 hr 28 min 23 sec)
Heartbeat CPU 6 instructions: 100000016 cycles: 111039381 heartbeat IPC: 0.5612 cumulative IPC: 0.6642 (Simulation time: 02 hr 28 min 31 sec)
Heartbeat CPU 0 instructions: 100000016 cycles: 115113213 heartbeat IPC: 0.5899 cumulative IPC: 0.6549 (Simulation time: 02 hr 33 min 44 sec)
Heartbeat CPU 3 instructions: 100000021 cycles: 115300258 heartbeat IPC: 0.5926 cumulative IPC: 0.6558 (Simulation time: 02 hr 33 min 56 sec)
Heartbeat CPU 5 instructions: 100000021 cycles: 118526290 heartbeat IPC: 0.5906 cumulative IPC: 0.6784 (Simulation time: 02 hr 38 min 02 sec)
Heartbeat CPU 7 instructions: 90000016 cycles: 118854031 heartbeat IPC: 0.5627 cumulative IPC: 0.5877 (Simulation time: 02 hr 38 min 26 sec)
Heartbeat CPU 1 instructions: 100000025 cycles: 121332119 heartbeat IPC: 0.5882 cumulative IPC: 0.6667 (Simulation time: 02 hr 41 min 35 sec)
Heartbeat CPU 4 instructions: 100000016 cycles: 121469101 heartbeat IPC: 0.5849 cumulative IPC: 0.655 (Simulation time: 02 hr 41 min 44 sec)
Heartbeat CPU 6 instructions: 110000020 cycles: 124854235 heartbeat IPC: 0.7239 cumulative IPC: 0.6714 (Simulation time: 02 hr 45 min 57 sec)
Heartbeat CPU 2 instructions: 100000025 cycles: 127952170 heartbeat IPC: 0.5882 cumulative IPC: 0.6319 (Simulation time: 02 hr 49 min 36 sec)
Heartbeat CPU 0 instructions: 110000020 cycles: 129116316 heartbeat IPC: 0.7141 cumulative IPC: 0.6618 (Simulation time: 02 hr 51 min 11 sec)
Heartbeat CPU 3 instructions: 110000025 cycles: 129350099 heartbeat IPC: 0.7118 cumulative IPC: 0.6623 (Simulation time: 02 hr 51 min 33 sec)
Heartbeat CPU 5 instructions: 110000025 cycles: 133410788 heartbeat IPC: 0.6718 cumulative IPC: 0.6776 (Simulation time: 02 hr 56 min 26 sec)
Heartbeat CPU 7 instructions: 100000016 cycles: 135182612 heartbeat IPC: 0.6124 cumulative IPC: 0.5909 (Simulation time: 02 hr 58 min 45 sec)
Heartbeat CPU 1 instructions: 110000025 cycles: 135520549 heartbeat IPC: 0.7048 cumulative IPC: 0.671 (Simulation time: 02 hr 59 min 16 sec)
Heartbeat CPU 4 instructions: 110000020 cycles: 135664313 heartbeat IPC: 0.7045 cumulative IPC: 0.6605 (Simulation time: 02 hr 59 min 29 sec)
Heartbeat CPU 6 instructions: 120000022 cycles: 138801370 heartbeat IPC: 0.717 cumulative IPC: 0.6763 (Simulation time: 03 hr 03 min 19 sec)
Heartbeat CPU 2 instructions: 110000025 cycles: 141814870 heartbeat IPC: 0.7214 cumulative IPC: 0.6413 (Simulation time: 03 hr 07 min 08 sec)
Heartbeat CPU 0 instructions: 120000022 cycles: 143338825 heartbeat IPC: 0.7031 cumulative IPC: 0.6662 (Simulation time: 03 hr 09 min 08 sec)
Heartbeat CPU 3 instructions: 120000027 cycles: 143458330 heartbeat IPC: 0.7088 cumulative IPC: 0.6672 (Simulation time: 03 hr 09 min 18 sec)
Heartbeat CPU 5 instructions: 120000027 cycles: 146812785 heartbeat IPC: 0.7462 cumulative IPC: 0.6843 (Simulation time: 03 hr 13 min 33 sec)
Heartbeat CPU 7 instructions: 110000020 cycles: 149093213 heartbeat IPC: 0.7189 cumulative IPC: 0.6036 (Simulation time: 03 hr 16 min 25 sec)
Heartbeat CPU 1 instructions: 120000027 cycles: 149526371 heartbeat IPC: 0.714 cumulative IPC: 0.6753 (Simulation time: 03 hr 17 min 04 sec)
Heartbeat CPU 4 instructions: 120000022 cycles: 149677356 heartbeat IPC: 0.7136 cumulative IPC: 0.6658 (Simulation time: 03 hr 17 min 16 sec)
Heartbeat CPU 6 instructions: 130000024 cycles: 152803709 heartbeat IPC: 0.7142 cumulative IPC: 0.68 (Simulation time: 03 hr 21 min 14 sec)
Simulation finished CPU 5 instructions: 100000000 cycles: 145261755 cumulative IPC: 0.6884 (Simulation time: 03 hr 23 min 16 sec)
Simulation finished CPU 6 instructions: 100000004 cycles: 145972306 cumulative IPC: 0.6851 (Simulation time: 03 hr 24 min 16 sec)
Heartbeat CPU 2 instructions: 120000027 cycles: 155442006 heartbeat IPC: 0.7338 cumulative IPC: 0.6499 (Simulation time: 03 hr 24 min 32 sec)
Simulation finished CPU 1 instructions: 100000004 cycles: 146730225 cumulative IPC: 0.6815 (Simulation time: 03 hr 25 min 14 sec)
Heartbeat CPU 0 instructions: 130000024 cycles: 157828650 heartbeat IPC: 0.6901 cumulative IPC: 0.6685 (Simulation time: 03 hr 27 min 21 sec)
Simulation finished CPU 0 instructions: 100000000 cycles: 148842876 cumulative IPC: 0.6718 (Simulation time: 03 hr 27 min 44 sec)
Heartbeat CPU 3 instructions: 130000029 cycles: 158288118 heartbeat IPC: 0.6743 cumulative IPC: 0.6679 (Simulation time: 03 hr 28 min 01 sec)
Simulation finished CPU 3 instructions: 100000003 cycles: 149216230 cumulative IPC: 0.6702 (Simulation time: 03 hr 28 min 19 sec)
Simulation finished CPU 4 instructions: 100000000 cycles: 149909135 cumulative IPC: 0.6671 (Simulation time: 03 hr 29 min 15 sec)
Heartbeat CPU 5 instructions: 130000029 cycles: 161232352 heartbeat IPC: 0.6935 cumulative IPC: 0.6852 (Simulation time: 03 hr 31 min 49 sec)
Simulation finished CPU 2 instructions: 100000004 cycles: 152198615 cumulative IPC: 0.657 (Simulation time: 03 hr 32 min 07 sec)
Heartbeat CPU 7 instructions: 120000022 cycles: 162747796 heartbeat IPC: 0.7324 cumulative IPC: 0.6151 (Simulation time: 03 hr 33 min 49 sec)
Heartbeat CPU 1 instructions: 130000029 cycles: 164279088 heartbeat IPC: 0.6778 cumulative IPC: 0.6755 (Simulation time: 03 hr 35 min 39 sec)
Heartbeat CPU 4 instructions: 130000024 cycles: 164580225 heartbeat IPC: 0.671 cumulative IPC: 0.6663 (Simulation time: 03 hr 36 min 04 sec)
Heartbeat CPU 6 instructions: 140000027 cycles: 167092406 heartbeat IPC: 0.6999 cumulative IPC: 0.6818 (Simulation time: 03 hr 39 min 01 sec)
Simulation finished CPU 7 instructions: 100000003 cycles: 160696965 cumulative IPC: 0.6223 (Simulation time: 03 hr 42 min 48 sec)
Simulation complete CPU 7 instructions: 100000003 cycles: 160696965 cumulative IPC: 0.6223 (Simulation time: 03 hr 42 min 48 sec)
Simulation complete CPU 6 instructions: 108867413 cycles: 160696965 cumulative IPC: 0.6775 (Simulation time: 03 hr 42 min 48 sec)
Simulation complete CPU 5 instructions: 109062360 cycles: 160696965 cumulative IPC: 0.6787 (Simulation time: 03 hr 42 min 48 sec)
Simulation complete CPU 4 instructions: 107017968 cycles: 160696965 cumulative IPC: 0.666 (Simulation time: 03 hr 42 min 48 sec)
Simulation complete CPU 3 instructions: 108438509 cycles: 160696965 cumulative IPC: 0.6748 (Simulation time: 03 hr 42 min 48 sec)
Simulation complete CPU 2 instructions: 104575574 cycles: 160696965 cumulative IPC: 0.6508 (Simulation time: 03 hr 42 min 48 sec)
Simulation complete CPU 1 instructions: 108401019 cycles: 160696965 cumulative IPC: 0.6746 (Simulation time: 03 hr 42 min 48 sec)
Simulation complete CPU 0 instructions: 108416232 cycles: 160696965 cumulative IPC: 0.6747 (Simulation time: 03 hr 42 min 48 sec)

ChampSim completed all CPUs

=== Simulation ===
CPU 0 runs TRACES/ctf/ligra/ligra_Triangle.com-lj.ungraph.gcc_6.3.0_O3.drop_18000M.length_250M.champsimtrace.xz
CPU 1 runs TRACES/ctf/ligra/ligra_Triangle.com-lj.ungraph.gcc_6.3.0_O3.drop_18000M.length_250M.champsimtrace.xz
CPU 2 runs TRACES/ctf/ligra/ligra_Triangle.com-lj.ungraph.gcc_6.3.0_O3.drop_18000M.length_250M.champsimtrace.xz
CPU 3 runs TRACES/ctf/ligra/ligra_Triangle.com-lj.ungraph.gcc_6.3.0_O3.drop_18000M.length_250M.champsimtrace.xz
CPU 4 runs TRACES/ctf/ligra/ligra_Triangle.com-lj.ungraph.gcc_6.3.0_O3.drop_18000M.length_250M.champsimtrace.xz
CPU 5 runs TRACES/ctf/ligra/ligra_Triangle.com-lj.ungraph.gcc_6.3.0_O3.drop_18000M.length_250M.champsimtrace.xz
CPU 6 runs TRACES/ctf/ligra/ligra_Triangle.com-lj.ungraph.gcc_6.3.0_O3.drop_18000M.length_250M.champsimtrace.xz
CPU 7 runs TRACES/ctf/ligra/ligra_Triangle.com-lj.ungraph.gcc_6.3.0_O3.drop_18000M.length_250M.champsimtrace.xz

Total Simulation Statistics (not including warmup)

CPU 7 cumulative IPC: 0.6223 instructions: 100000003 cycles: 160696965
CPU 7 Branch Prediction Accuracy: 100% MPKI: 0 Average ROB Occupancy at Mispredict: -
Branch type MPKI
BRANCH_DIRECT_JUMP: 0
BRANCH_INDIRECT: 0
BRANCH_CONDITIONAL: 0
BRANCH_DIRECT_CALL: 0
BRANCH_INDIRECT_CALL: 0
BRANCH_RETURN: 0


CPU 6 cumulative IPC: 0.6775 instructions: 108867413 cycles: 160696965
CPU 6 Branch Prediction Accuracy: 100% MPKI: 0 Average ROB Occupancy at Mispredict: -
Branch type MPKI
BRANCH_DIRECT_JUMP: 0
BRANCH_INDIRECT: 0
BRANCH_CONDITIONAL: 0
BRANCH_DIRECT_CALL: 0
BRANCH_INDIRECT_CALL: 0
BRANCH_RETURN: 0


CPU 5 cumulative IPC: 0.6787 instructions: 109062360 cycles: 160696965
CPU 5 Branch Prediction Accuracy: 100% MPKI: 0 Average ROB Occupancy at Mispredict: -
Branch type MPKI
BRANCH_DIRECT_JUMP: 0
BRANCH_INDIRECT: 0
BRANCH_CONDITIONAL: 0
BRANCH_DIRECT_CALL: 0
BRANCH_INDIRECT_CALL: 0
BRANCH_RETURN: 0


CPU 4 cumulative IPC: 0.666 instructions: 107017968 cycles: 160696965
CPU 4 Branch Prediction Accuracy: 100% MPKI: 0 Average ROB Occupancy at Mispredict: -
Branch type MPKI
BRANCH_DIRECT_JUMP: 0
BRANCH_INDIRECT: 0
BRANCH_CONDITIONAL: 0
BRANCH_DIRECT_CALL: 0
BRANCH_INDIRECT_CALL: 0
BRANCH_RETURN: 0


CPU 3 cumulative IPC: 0.6748 instructions: 108438509 cycles: 160696965
CPU 3 Branch Prediction Accuracy: 100% MPKI: 0 Average ROB Occupancy at Mispredict: -
Branch type MPKI
BRANCH_DIRECT_JUMP: 0
BRANCH_INDIRECT: 0
BRANCH_CONDITIONAL: 0
BRANCH_DIRECT_CALL: 0
BRANCH_INDIRECT_CALL: 0
BRANCH_RETURN: 0


CPU 2 cumulative IPC: 0.6508 instructions: 104575574 cycles: 160696965
CPU 2 Branch Prediction Accuracy: 100% MPKI: 0 Average ROB Occupancy at Mispredict: -
Branch type MPKI
BRANCH_DIRECT_JUMP: 0
BRANCH_INDIRECT: 0
BRANCH_CONDITIONAL: 0
BRANCH_DIRECT_CALL: 0
BRANCH_INDIRECT_CALL: 0
BRANCH_RETURN: 0


CPU 1 cumulative IPC: 0.6746 instructions: 108401019 cycles: 160696965
CPU 1 Branch Prediction Accuracy: 100% MPKI: 0 Average ROB Occupancy at Mispredict: -
Branch type MPKI
BRANCH_DIRECT_JUMP: 0
BRANCH_INDIRECT: 0
BRANCH_CONDITIONAL: 0
BRANCH_DIRECT_CALL: 0
BRANCH_INDIRECT_CALL: 0
BRANCH_RETURN: 0


CPU 0 cumulative IPC: 0.6747 instructions: 108416232 cycles: 160696965
CPU 0 Branch Prediction Accuracy: 100% MPKI: 0 Average ROB Occupancy at Mispredict: -
Branch type MPKI
BRANCH_DIRECT_JUMP: 0
BRANCH_INDIRECT: 0
BRANCH_CONDITIONAL: 0
BRANCH_DIRECT_CALL: 0
BRANCH_INDIRECT_CALL: 0
BRANCH_RETURN: 0

cpu7->cpu7_STLB TOTAL        ACCESS:         16 HIT:          0 MISS:         16 MSHR_MERGE:          0
cpu7->cpu7_STLB LOAD         ACCESS:         16 HIT:          0 MISS:         16 MSHR_MERGE:          0
cpu7->cpu7_STLB RFO          ACCESS:          0 HIT:          0 MISS:          0 MSHR_MERGE:          0
cpu7->cpu7_STLB PREFETCH     ACCESS:          0 HIT:          0 MISS:          0 MSHR_MERGE:          0
cpu7->cpu7_STLB WRITE        ACCESS:          0 HIT:          0 MISS:          0 MSHR_MERGE:          0
cpu7->cpu7_STLB TRANSLATION  ACCESS:          0 HIT:          0 MISS:          0 MSHR_MERGE:          0
cpu7->cpu7_STLB PREFETCH REQUESTED:          0 ISSUED:          0 USEFUL:          0 USELESS:          0
cpu7->cpu7_STLB AVERAGE MISS LATENCY: 431.9 cycles
cpu7->cpu7_L2C TOTAL        ACCESS:    3597556 HIT:    1578585 MISS:    2018971 MSHR_MERGE:          0
cpu7->cpu7_L2C LOAD         ACCESS:    1375379 HIT:     392735 MISS:     982644 MSHR_MERGE:          0
cpu7->cpu7_L2C RFO          ACCESS:    1109668 HIT:      73716 MISS:    1035952 MSHR_MERGE:          0
cpu7->cpu7_L2C PREFETCH     ACCESS:          0 HIT:          0 MISS:          0 MSHR_MERGE:          0
cpu7->cpu7_L2C WRITE        ACCESS:    1112493 HIT:    1112134 MISS:        359 MSHR_MERGE:          0
cpu7->cpu7_L2C TRANSLATION  ACCESS:         16 HIT:          0 MISS:         16 MSHR_MERGE:          0
cpu7->cpu7_L2C PREFETCH REQUESTED:          0 ISSUED:          0 USEFUL:          0 USELESS:          0
cpu7->cpu7_L2C AVERAGE MISS LATENCY: 213.6 cycles
cpu7->cpu7_L1I TOTAL        ACCESS:   15136684 HIT:   15136681 MISS:          3 MSHR_MERGE:          2
cpu7->cpu7_L1I LOAD         ACCESS:   15136684 HIT:   15136681 MISS:          3 MSHR_MERGE:          2
cpu7->cpu7_L1I RFO          ACCESS:          0 HIT:          0 MISS:          0 MSHR_MERGE:          0
cpu7->cpu7_L1I PREFETCH     ACCESS:          0 HIT:          0 MISS:          0 MSHR_MERGE:          0
cpu7->cpu7_L1I WRITE        ACCESS:          0 HIT:          0 MISS:          0 MSHR_MERGE:          0
cpu7->cpu7_L1I TRANSLATION  ACCESS:          0 HIT:          0 MISS:          0 MSHR_MERGE:          0
cpu7->cpu7_L1I PREFETCH REQUESTED:          0 ISSUED:          0 USEFUL:          0 USELESS:          0
cpu7->cpu7_L1I AVERAGE MISS LATENCY: 183 cycles
cpu7->cpu7_L1D TOTAL        ACCESS:   30710267 HIT:   21953867 MISS:    8756400 MSHR_MERGE:    6271314
cpu7->cpu7_L1D LOAD         ACCESS:    9926661 HIT:    6329691 MISS:    3596970 MSHR_MERGE:    2221589
cpu7->cpu7_L1D RFO          ACCESS:          0 HIT:          0 MISS:          0 MSHR_MERGE:          0
cpu7->cpu7_L1D PREFETCH     ACCESS:          0 HIT:          0 MISS:          0 MSHR_MERGE:          0
cpu7->cpu7_L1D WRITE        ACCESS:   20783590 HIT:   15624176 MISS:    5159414 MSHR_MERGE:    4049725
cpu7->cpu7_L1D TRANSLATION  ACCESS:         16 HIT:          0 MISS:         16 MSHR_MERGE:          0
cpu7->cpu7_L1D PREFETCH REQUESTED:          0 ISSUED:          0 USEFUL:          0 USELESS:          0
cpu7->cpu7_L1D AVERAGE MISS LATENCY: 182.4 cycles
cpu7->cpu7_ITLB TOTAL        ACCESS:   13974616 HIT:   13974616 MISS:          0 MSHR_MERGE:          0
cpu7->cpu7_ITLB LOAD         ACCESS:   13974616 HIT:   13974616 MISS:          0 MSHR_MERGE:          0
cpu7->cpu7_ITLB RFO          ACCESS:          0 HIT:          0 MISS:          0 MSHR_MERGE:          0
cpu7->cpu7_ITLB PREFETCH     ACCESS:          0 HIT:          0 MISS:          0 MSHR_MERGE:          0
cpu7->cpu7_ITLB WRITE        ACCESS:          0 HIT:          0 MISS:          0 MSHR_MERGE:          0
cpu7->cpu7_ITLB TRANSLATION  ACCESS:          0 HIT:          0 MISS:          0 MSHR_MERGE:          0
cpu7->cpu7_ITLB PREFETCH REQUESTED:          0 ISSUED:          0 USEFUL:          0 USELESS:          0
cpu7->cpu7_ITLB AVERAGE MISS LATENCY: - cycles
cpu7->cpu7_DTLB TOTAL        ACCESS:   27443222 HIT:   27443116 MISS:        106 MSHR_MERGE:         90
cpu7->cpu7_DTLB LOAD         ACCESS:   27443222 HIT:   27443116 MISS:        106 MSHR_MERGE:         90
cpu7->cpu7_DTLB RFO          ACCESS:          0 HIT:          0 MISS:          0 MSHR_MERGE:          0
cpu7->cpu7_DTLB PREFETCH     ACCESS:          0 HIT:          0 MISS:          0 MSHR_MERGE:          0
cpu7->cpu7_DTLB WRITE        ACCESS:          0 HIT:          0 MISS:          0 MSHR_MERGE:          0
cpu7->cpu7_DTLB TRANSLATION  ACCESS:          0 HIT:          0 MISS:          0 MSHR_MERGE:          0
cpu7->cpu7_DTLB PREFETCH REQUESTED:          0 ISSUED:          0 USEFUL:          0 USELESS:          0
cpu7->cpu7_DTLB AVERAGE MISS LATENCY: 437.9 cycles
cpu6->cpu6_STLB TOTAL        ACCESS:         17 HIT:          0 MISS:         17 MSHR_MERGE:          0
cpu6->cpu6_STLB LOAD         ACCESS:         17 HIT:          0 MISS:         17 MSHR_MERGE:          0
cpu6->cpu6_STLB RFO          ACCESS:          0 HIT:          0 MISS:          0 MSHR_MERGE:          0
cpu6->cpu6_STLB PREFETCH     ACCESS:          0 HIT:          0 MISS:          0 MSHR_MERGE:          0
cpu6->cpu6_STLB WRITE        ACCESS:          0 HIT:          0 MISS:          0 MSHR_MERGE:          0
cpu6->cpu6_STLB TRANSLATION  ACCESS:          0 HIT:          0 MISS:          0 MSHR_MERGE:          0
cpu6->cpu6_STLB PREFETCH REQUESTED:          0 ISSUED:          0 USEFUL:          0 USELESS:          0
cpu6->cpu6_STLB AVERAGE MISS LATENCY: 327.3 cycles
cpu6->cpu6_L2C TOTAL        ACCESS:    3881593 HIT:    1707887 MISS:    2173706 MSHR_MERGE:          0
cpu6->cpu6_L2C LOAD         ACCESS:    1486284 HIT:     429295 MISS:    1056989 MSHR_MERGE:          0
cpu6->cpu6_L2C RFO          ACCESS:    1196282 HIT:      79958 MISS:    1116324 MSHR_MERGE:          0
cpu6->cpu6_L2C PREFETCH     ACCESS:          0 HIT:          0 MISS:          0 MSHR_MERGE:          0
cpu6->cpu6_L2C WRITE        ACCESS:    1199010 HIT:    1198634 MISS:        376 MSHR_MERGE:          0
cpu6->cpu6_L2C TRANSLATION  ACCESS:         17 HIT:          0 MISS:         17 MSHR_MERGE:          0
cpu6->cpu6_L2C PREFETCH REQUESTED:          0 ISSUED:          0 USEFUL:          0 USELESS:          0
cpu6->cpu6_L2C AVERAGE MISS LATENCY: 192.1 cycles
cpu6->cpu6_L1I TOTAL        ACCESS:   16403458 HIT:   16403455 MISS:          3 MSHR_MERGE:          2
cpu6->cpu6_L1I LOAD         ACCESS:   16403458 HIT:   16403455 MISS:          3 MSHR_MERGE:          2
cpu6->cpu6_L1I RFO          ACCESS:          0 HIT:          0 MISS:          0 MSHR_MERGE:          0
cpu6->cpu6_L1I PREFETCH     ACCESS:          0 HIT:          0 MISS:          0 MSHR_MERGE:          0
cpu6->cpu6_L1I WRITE        ACCESS:          0 HIT:          0 MISS:          0 MSHR_MERGE:          0
cpu6->cpu6_L1I TRANSLATION  ACCESS:          0 HIT:          0 MISS:          0 MSHR_MERGE:          0
cpu6->cpu6_L1I PREFETCH REQUESTED:          0 ISSUED:          0 USEFUL:          0 USELESS:          0
cpu6->cpu6_L1I AVERAGE MISS LATENCY: 187 cycles
cpu6->cpu6_L1D TOTAL        ACCESS:   33498228 HIT:   23909126 MISS:    9589102 MSHR_MERGE:    6906498
cpu6->cpu6_L1D LOAD         ACCESS:   10820640 HIT:    6926129 MISS:    3894511 MSHR_MERGE:    2408225
cpu6->cpu6_L1D RFO          ACCESS:          0 HIT:          0 MISS:          0 MSHR_MERGE:          0
cpu6->cpu6_L1D PREFETCH     ACCESS:          0 HIT:          0 MISS:          0 MSHR_MERGE:          0
cpu6->cpu6_L1D WRITE        ACCESS:   22677571 HIT:   16982997 MISS:    5694574 MSHR_MERGE:    4498273
cpu6->cpu6_L1D TRANSLATION  ACCESS:         17 HIT:          0 MISS:         17 MSHR_MERGE:          0
cpu6->cpu6_L1D PREFETCH REQUESTED:          0 ISSUED:          0 USEFUL:          0 USELESS:          0
cpu6->cpu6_L1D AVERAGE MISS LATENCY: 164.6 cycles
cpu6->cpu6_ITLB TOTAL        ACCESS:   15172067 HIT:   15172067 MISS:          0 MSHR_MERGE:          0
cpu6->cpu6_ITLB LOAD         ACCESS:   15172067 HIT:   15172067 MISS:          0 MSHR_MERGE:          0
cpu6->cpu6_ITLB RFO          ACCESS:          0 HIT:          0 MISS:          0 MSHR_MERGE:          0
cpu6->cpu6_ITLB PREFETCH     ACCESS:          0 HIT:          0 MISS:          0 MSHR_MERGE:          0
cpu6->cpu6_ITLB WRITE        ACCESS:          0 HIT:          0 MISS:          0 MSHR_MERGE:          0
cpu6->cpu6_ITLB TRANSLATION  ACCESS:          0 HIT:          0 MISS:          0 MSHR_MERGE:          0
cpu6->cpu6_ITLB PREFETCH REQUESTED:          0 ISSUED:          0 USEFUL:          0 USELESS:          0
cpu6->cpu6_ITLB AVERAGE MISS LATENCY: - cycles
cpu6->cpu6_DTLB TOTAL        ACCESS:   29916345 HIT:   29916251 MISS:         94 MSHR_MERGE:         77
cpu6->cpu6_DTLB LOAD         ACCESS:   29916345 HIT:   29916251 MISS:         94 MSHR_MERGE:         77
cpu6->cpu6_DTLB RFO          ACCESS:          0 HIT:          0 MISS:          0 MSHR_MERGE:          0
cpu6->cpu6_DTLB PREFETCH     ACCESS:          0 HIT:          0 MISS:          0 MSHR_MERGE:          0
cpu6->cpu6_DTLB WRITE        ACCESS:          0 HIT:          0 MISS:          0 MSHR_MERGE:          0
cpu6->cpu6_DTLB TRANSLATION  ACCESS:          0 HIT:          0 MISS:          0 MSHR_MERGE:          0
cpu6->cpu6_DTLB PREFETCH REQUESTED:          0 ISSUED:          0 USEFUL:          0 USELESS:          0
cpu6->cpu6_DTLB AVERAGE MISS LATENCY: 333.3 cycles
cpu5->cpu5_STLB TOTAL        ACCESS:         18 HIT:          0 MISS:         18 MSHR_MERGE:          0
cpu5->cpu5_STLB LOAD         ACCESS:         18 HIT:          0 MISS:         18 MSHR_MERGE:          0
cpu5->cpu5_STLB RFO          ACCESS:          0 HIT:          0 MISS:          0 MSHR_MERGE:          0
cpu5->cpu5_STLB PREFETCH     ACCESS:          0 HIT:          0 MISS:          0 MSHR_MERGE:          0
cpu5->cpu5_STLB WRITE        ACCESS:          0 HIT:          0 MISS:          0 MSHR_MERGE:          0
cpu5->cpu5_STLB TRANSLATION  ACCESS:          0 HIT:          0 MISS:          0 MSHR_MERGE:          0
cpu5->cpu5_STLB PREFETCH REQUESTED:          0 ISSUED:          0 USEFUL:          0 USELESS:          0
cpu5->cpu5_STLB AVERAGE MISS LATENCY: 257.9 cycles
cpu5->cpu5_L2C TOTAL        ACCESS:    3924461 HIT:    1722647 MISS:    2201814 MSHR_MERGE:          0
cpu5->cpu5_L2C LOAD         ACCESS:    1499793 HIT:     429077 MISS:    1070716 MSHR_MERGE:          0
cpu5->cpu5_L2C RFO          ACCESS:    1210990 HIT:      80305 MISS:    1130685 MSHR_MERGE:          0
cpu5->cpu5_L2C PREFETCH     ACCESS:          0 HIT:          0 MISS:          0 MSHR_MERGE:          0
cpu5->cpu5_L2C WRITE        ACCESS:    1213660 HIT:    1213265 MISS:        395 MSHR_MERGE:          0
cpu5->cpu5_L2C TRANSLATION  ACCESS:         18 HIT:          0 MISS:         18 MSHR_MERGE:          0
cpu5->cpu5_L2C PREFETCH REQUESTED:          0 ISSUED:          0 USEFUL:          0 USELESS:          0
cpu5->cpu5_L2C AVERAGE MISS LATENCY: 193.1 cycles
cpu5->cpu5_L1I TOTAL        ACCESS:   16500503 HIT:   16500500 MISS:          3 MSHR_MERGE:          2
cpu5->cpu5_L1I LOAD         ACCESS:   16500503 HIT:   16500500 MISS:          3 MSHR_MERGE:          2
cpu5->cpu5_L1I RFO          ACCESS:          0 HIT:          0 MISS:          0 MSHR_MERGE:          0
cpu5->cpu5_L1I PREFETCH     ACCESS:          0 HIT:          0 MISS:          0 MSHR_MERGE:          0
cpu5->cpu5_L1I WRITE        ACCESS:          0 HIT:          0 MISS:          0 MSHR_MERGE:          0
cpu5->cpu5_L1I TRANSLATION  ACCESS:          0 HIT:          0 MISS:          0 MSHR_MERGE:          0
cpu5->cpu5_L1I PREFETCH REQUESTED:          0 ISSUED:          0 USEFUL:          0 USELESS:          0
cpu5->cpu5_L1I AVERAGE MISS LATENCY: 185 cycles
cpu5->cpu5_L1D TOTAL        ACCESS:   33529078 HIT:   23603899 MISS:    9925179 MSHR_MERGE:    7214357
cpu5->cpu5_L1D LOAD         ACCESS:   10848963 HIT:    6916216 MISS:    3932747 MSHR_MERGE:    2432952
cpu5->cpu5_L1D RFO          ACCESS:          0 HIT:          0 MISS:          0 MSHR_MERGE:          0
cpu5->cpu5_L1D PREFETCH     ACCESS:          0 HIT:          0 MISS:          0 MSHR_MERGE:          0
cpu5->cpu5_L1D WRITE        ACCESS:   22680097 HIT:   16687683 MISS:    5992414 MSHR_MERGE:    4781405
cpu5->cpu5_L1D TRANSLATION  ACCESS:         18 HIT:          0 MISS:         18 MSHR_MERGE:          0
cpu5->cpu5_L1D PREFETCH REQUESTED:          0 ISSUED:          0 USEFUL:          0 USELESS:          0
cpu5->cpu5_L1D AVERAGE MISS LATENCY: 165.8 cycles
cpu5->cpu5_ITLB TOTAL        ACCESS:   15233715 HIT:   15233715 MISS:          0 MSHR_MERGE:          0
cpu5->cpu5_ITLB LOAD         ACCESS:   15233715 HIT:   15233715 MISS:          0 MSHR_MERGE:          0
cpu5->cpu5_ITLB RFO          ACCESS:          0 HIT:          0 MISS:          0 MSHR_MERGE:          0
cpu5->cpu5_ITLB PREFETCH     ACCESS:          0 HIT:          0 MISS:          0 MSHR_MERGE:          0
cpu5->cpu5_ITLB WRITE        ACCESS:          0 HIT:          0 MISS:          0 MSHR_MERGE:          0
cpu5->cpu5_ITLB TRANSLATION  ACCESS:          0 HIT:          0 MISS:          0 MSHR_MERGE:          0
cpu5->cpu5_ITLB PREFETCH REQUESTED:          0 ISSUED:          0 USEFUL:          0 USELESS:          0
cpu5->cpu5_ITLB AVERAGE MISS LATENCY: - cycles
cpu5->cpu5_DTLB TOTAL        ACCESS:   29927872 HIT:   29927756 MISS:        116 MSHR_MERGE:         98
cpu5->cpu5_DTLB LOAD         ACCESS:   29927872 HIT:   29927756 MISS:        116 MSHR_MERGE:         98
cpu5->cpu5_DTLB RFO          ACCESS:          0 HIT:          0 MISS:          0 MSHR_MERGE:          0
cpu5->cpu5_DTLB PREFETCH     ACCESS:          0 HIT:          0 MISS:          0 MSHR_MERGE:          0
cpu5->cpu5_DTLB WRITE        ACCESS:          0 HIT:          0 MISS:          0 MSHR_MERGE:          0
cpu5->cpu5_DTLB TRANSLATION  ACCESS:          0 HIT:          0 MISS:          0 MSHR_MERGE:          0
cpu5->cpu5_DTLB PREFETCH REQUESTED:          0 ISSUED:          0 USEFUL:          0 USELESS:          0
cpu5->cpu5_DTLB AVERAGE MISS LATENCY: 263.9 cycles
cpu4->cpu4_STLB TOTAL        ACCESS:         16 HIT:          0 MISS:         16 MSHR_MERGE:          0
cpu4->cpu4_STLB LOAD         ACCESS:         16 HIT:          0 MISS:         16 MSHR_MERGE:          0
cpu4->cpu4_STLB RFO          ACCESS:          0 HIT:          0 MISS:          0 MSHR_MERGE:          0
cpu4->cpu4_STLB PREFETCH     ACCESS:          0 HIT:          0 MISS:          0 MSHR_MERGE:          0
cpu4->cpu4_STLB WRITE        ACCESS:          0 HIT:          0 MISS:          0 MSHR_MERGE:          0
cpu4->cpu4_STLB TRANSLATION  ACCESS:          0 HIT:          0 MISS:          0 MSHR_MERGE:          0
cpu4->cpu4_STLB PREFETCH REQUESTED:          0 ISSUED:          0 USEFUL:          0 USELESS:          0
cpu4->cpu4_STLB AVERAGE MISS LATENCY: 268.9 cycles
cpu4->cpu4_L2C TOTAL        ACCESS:    3843226 HIT:    1687659 MISS:    2155567 MSHR_MERGE:          0
cpu4->cpu4_L2C LOAD         ACCESS:    1469697 HIT:     420905 MISS:    1048792 MSHR_MERGE:          0
cpu4->cpu4_L2C RFO          ACCESS:    1185318 HIT:      78952 MISS:    1106366 MSHR_MERGE:          0
cpu4->cpu4_L2C PREFETCH     ACCESS:          0 HIT:          0 MISS:          0 MSHR_MERGE:          0
cpu4->cpu4_L2C WRITE        ACCESS:    1188195 HIT:    1187802 MISS:        393 MSHR_MERGE:          0
cpu4->cpu4_L2C TRANSLATION  ACCESS:         16 HIT:          0 MISS:         16 MSHR_MERGE:          0
cpu4->cpu4_L2C PREFETCH REQUESTED:          0 ISSUED:          0 USEFUL:          0 USELESS:          0
cpu4->cpu4_L2C AVERAGE MISS LATENCY: 200 cycles
cpu4->cpu4_L1I TOTAL        ACCESS:   16188337 HIT:   16188335 MISS:          2 MSHR_MERGE:          1
cpu4->cpu4_L1I LOAD         ACCESS:   16188337 HIT:   16188335 MISS:          2 MSHR_MERGE:          1
cpu4->cpu4_L1I RFO          ACCESS:          0 HIT:          0 MISS:          0 MSHR_MERGE:          0
cpu4->cpu4_L1I PREFETCH     ACCESS:          0 HIT:          0 MISS:          0 MSHR_MERGE:          0
cpu4->cpu4_L1I WRITE        ACCESS:          0 HIT:          0 MISS:          0 MSHR_MERGE:          0
cpu4->cpu4_L1I TRANSLATION  ACCESS:          0 HIT:          0 MISS:          0 MSHR_MERGE:          0
cpu4->cpu4_L1I PREFETCH REQUESTED:          0 ISSUED:          0 USEFUL:          0 USELESS:          0
cpu4->cpu4_L1I AVERAGE MISS LATENCY: 279 cycles
cpu4->cpu4_L1D TOTAL        ACCESS:   32901906 HIT:   23259690 MISS:    9642216 MSHR_MERGE:    6987162
cpu4->cpu4_L1D LOAD         ACCESS:   10642117 HIT:    6788283 MISS:    3853834 MSHR_MERGE:    2384136
cpu4->cpu4_L1D RFO          ACCESS:          0 HIT:          0 MISS:          0 MSHR_MERGE:          0
cpu4->cpu4_L1D PREFETCH     ACCESS:          0 HIT:          0 MISS:          0 MSHR_MERGE:          0
cpu4->cpu4_L1D WRITE        ACCESS:   22259773 HIT:   16471407 MISS:    5788366 MSHR_MERGE:    4603026
cpu4->cpu4_L1D TRANSLATION  ACCESS:         16 HIT:          0 MISS:         16 MSHR_MERGE:          0
cpu4->cpu4_L1D PREFETCH REQUESTED:          0 ISSUED:          0 USEFUL:          0 USELESS:          0
cpu4->cpu4_L1D AVERAGE MISS LATENCY: 171.2 cycles
cpu4->cpu4_ITLB TOTAL        ACCESS:   14955047 HIT:   14955047 MISS:          0 MSHR_MERGE:          0
cpu4->cpu4_ITLB LOAD         ACCESS:   14955047 HIT:   14955047 MISS:          0 MSHR_MERGE:          0
cpu4->cpu4_ITLB RFO          ACCESS:          0 HIT:          0 MISS:          0 MSHR_MERGE:          0
cpu4->cpu4_ITLB PREFETCH     ACCESS:          0 HIT:          0 MISS:          0 MSHR_MERGE:          0
cpu4->cpu4_ITLB WRITE        ACCESS:          0 HIT:          0 MISS:          0 MSHR_MERGE:          0
cpu4->cpu4_ITLB TRANSLATION  ACCESS:          0 HIT:          0 MISS:          0 MSHR_MERGE:          0
cpu4->cpu4_ITLB PREFETCH REQUESTED:          0 ISSUED:          0 USEFUL:          0 USELESS:          0
cpu4->cpu4_ITLB AVERAGE MISS LATENCY: - cycles
cpu4->cpu4_DTLB TOTAL        ACCESS:   29368625 HIT:   29368518 MISS:        107 MSHR_MERGE:         91
cpu4->cpu4_DTLB LOAD         ACCESS:   29368625 HIT:   29368518 MISS:        107 MSHR_MERGE:         91
cpu4->cpu4_DTLB RFO          ACCESS:          0 HIT:          0 MISS:          0 MSHR_MERGE:          0
cpu4->cpu4_DTLB PREFETCH     ACCESS:          0 HIT:          0 MISS:          0 MSHR_MERGE:          0
cpu4->cpu4_DTLB WRITE        ACCESS:          0 HIT:          0 MISS:          0 MSHR_MERGE:          0
cpu4->cpu4_DTLB TRANSLATION  ACCESS:          0 HIT:          0 MISS:          0 MSHR_MERGE:          0
cpu4->cpu4_DTLB PREFETCH REQUESTED:          0 ISSUED:          0 USEFUL:          0 USELESS:          0
cpu4->cpu4_DTLB AVERAGE MISS LATENCY: 274.9 cycles
cpu3->cpu3_STLB TOTAL        ACCESS:         17 HIT:          0 MISS:         17 MSHR_MERGE:          0
cpu3->cpu3_STLB LOAD         ACCESS:         17 HIT:          0 MISS:         17 MSHR_MERGE:          0
cpu3->cpu3_STLB RFO          ACCESS:          0 HIT:          0 MISS:          0 MSHR_MERGE:          0
cpu3->cpu3_STLB PREFETCH     ACCESS:          0 HIT:          0 MISS:          0 MSHR_MERGE:          0
cpu3->cpu3_STLB WRITE        ACCESS:          0 HIT:          0 MISS:          0 MSHR_MERGE:          0
cpu3->cpu3_STLB TRANSLATION  ACCESS:          0 HIT:          0 MISS:          0 MSHR_MERGE:          0
cpu3->cpu3_STLB PREFETCH REQUESTED:          0 ISSUED:          0 USEFUL:          0 USELESS:          0
cpu3->cpu3_STLB AVERAGE MISS LATENCY: 235.6 cycles
cpu3->cpu3_L2C TOTAL        ACCESS:    3913313 HIT:    1715733 MISS:    2197580 MSHR_MERGE:          0
cpu3->cpu3_L2C LOAD         ACCESS:    1495208 HIT:     425918 MISS:    1069290 MSHR_MERGE:          0
cpu3->cpu3_L2C RFO          ACCESS:    1207647 HIT:      79750 MISS:    1127897 MSHR_MERGE:          0
cpu3->cpu3_L2C PREFETCH     ACCESS:          0 HIT:          0 MISS:          0 MSHR_MERGE:          0
cpu3->cpu3_L2C WRITE        ACCESS:    1210441 HIT:    1210065 MISS:        376 MSHR_MERGE:          0
cpu3->cpu3_L2C TRANSLATION  ACCESS:         17 HIT:          0 MISS:         17 MSHR_MERGE:          0
cpu3->cpu3_L2C PREFETCH REQUESTED:          0 ISSUED:          0 USEFUL:          0 USELESS:          0
cpu3->cpu3_L2C AVERAGE MISS LATENCY: 197.9 cycles
cpu3->cpu3_L1I TOTAL        ACCESS:   16443054 HIT:   16443051 MISS:          3 MSHR_MERGE:          2
cpu3->cpu3_L1I LOAD         ACCESS:   16443054 HIT:   16443051 MISS:          3 MSHR_MERGE:          2
cpu3->cpu3_L1I RFO          ACCESS:          0 HIT:          0 MISS:          0 MSHR_MERGE:          0
cpu3->cpu3_L1I PREFETCH     ACCESS:          0 HIT:          0 MISS:          0 MSHR_MERGE:          0
cpu3->cpu3_L1I WRITE        ACCESS:          0 HIT:          0 MISS:          0 MSHR_MERGE:          0
cpu3->cpu3_L1I TRANSLATION  ACCESS:          0 HIT:          0 MISS:          0 MSHR_MERGE:          0
cpu3->cpu3_L1I PREFETCH REQUESTED:          0 ISSUED:          0 USEFUL:          0 USELESS:          0
cpu3->cpu3_L1I AVERAGE MISS LATENCY: 1252 cycles
cpu3->cpu3_L1D TOTAL        ACCESS:   33308263 HIT:   23557097 MISS:    9751166 MSHR_MERGE:    7048267
cpu3->cpu3_L1D LOAD         ACCESS:   10768707 HIT:    6876158 MISS:    3892549 MSHR_MERGE:    2397337
cpu3->cpu3_L1D RFO          ACCESS:          0 HIT:          0 MISS:          0 MSHR_MERGE:          0
cpu3->cpu3_L1D PREFETCH     ACCESS:          0 HIT:          0 MISS:          0 MSHR_MERGE:          0
cpu3->cpu3_L1D WRITE        ACCESS:   22539539 HIT:   16680939 MISS:    5858600 MSHR_MERGE:    4650930
cpu3->cpu3_L1D TRANSLATION  ACCESS:         17 HIT:          0 MISS:         17 MSHR_MERGE:          0
cpu3->cpu3_L1D PREFETCH REQUESTED:          0 ISSUED:          0 USEFUL:          0 USELESS:          0
cpu3->cpu3_L1D AVERAGE MISS LATENCY: 169.8 cycles
cpu3->cpu3_ITLB TOTAL        ACCESS:   15181810 HIT:   15181810 MISS:          0 MSHR_MERGE:          0
cpu3->cpu3_ITLB LOAD         ACCESS:   15181810 HIT:   15181810 MISS:          0 MSHR_MERGE:          0
cpu3->cpu3_ITLB RFO          ACCESS:          0 HIT:          0 MISS:          0 MSHR_MERGE:          0
cpu3->cpu3_ITLB PREFETCH     ACCESS:          0 HIT:          0 MISS:          0 MSHR_MERGE:          0
cpu3->cpu3_ITLB WRITE        ACCESS:          0 HIT:          0 MISS:          0 MSHR_MERGE:          0
cpu3->cpu3_ITLB TRANSLATION  ACCESS:          0 HIT:          0 MISS:          0 MSHR_MERGE:          0
cpu3->cpu3_ITLB PREFETCH REQUESTED:          0 ISSUED:          0 USEFUL:          0 USELESS:          0
cpu3->cpu3_ITLB AVERAGE MISS LATENCY: - cycles
cpu3->cpu3_DTLB TOTAL        ACCESS:   29767257 HIT:   29767146 MISS:        111 MSHR_MERGE:         94
cpu3->cpu3_DTLB LOAD         ACCESS:   29767257 HIT:   29767146 MISS:        111 MSHR_MERGE:         94
cpu3->cpu3_DTLB RFO          ACCESS:          0 HIT:          0 MISS:          0 MSHR_MERGE:          0
cpu3->cpu3_DTLB PREFETCH     ACCESS:          0 HIT:          0 MISS:          0 MSHR_MERGE:          0
cpu3->cpu3_DTLB WRITE        ACCESS:          0 HIT:          0 MISS:          0 MSHR_MERGE:          0
cpu3->cpu3_DTLB TRANSLATION  ACCESS:          0 HIT:          0 MISS:          0 MSHR_MERGE:          0
cpu3->cpu3_DTLB PREFETCH REQUESTED:          0 ISSUED:          0 USEFUL:          0 USELESS:          0
cpu3->cpu3_DTLB AVERAGE MISS LATENCY: 241.6 cycles
cpu2->cpu2_STLB TOTAL        ACCESS:         17 HIT:          0 MISS:         17 MSHR_MERGE:          0
cpu2->cpu2_STLB LOAD         ACCESS:         17 HIT:          0 MISS:         17 MSHR_MERGE:          0
cpu2->cpu2_STLB RFO          ACCESS:          0 HIT:          0 MISS:          0 MSHR_MERGE:          0
cpu2->cpu2_STLB PREFETCH     ACCESS:          0 HIT:          0 MISS:          0 MSHR_MERGE:          0
cpu2->cpu2_STLB WRITE        ACCESS:          0 HIT:          0 MISS:          0 MSHR_MERGE:          0
cpu2->cpu2_STLB TRANSLATION  ACCESS:          0 HIT:          0 MISS:          0 MSHR_MERGE:          0
cpu2->cpu2_STLB PREFETCH REQUESTED:          0 ISSUED:          0 USEFUL:          0 USELESS:          0
cpu2->cpu2_STLB AVERAGE MISS LATENCY: 236.9 cycles
cpu2->cpu2_L2C TOTAL        ACCESS:    3746279 HIT:    1646282 MISS:    2099997 MSHR_MERGE:          0
cpu2->cpu2_L2C LOAD         ACCESS:    1432731 HIT:     411521 MISS:    1021210 MSHR_MERGE:          0
cpu2->cpu2_L2C RFO          ACCESS:    1155587 HIT:      77186 MISS:    1078401 MSHR_MERGE:          0
cpu2->cpu2_L2C PREFETCH     ACCESS:          0 HIT:          0 MISS:          0 MSHR_MERGE:          0
cpu2->cpu2_L2C WRITE        ACCESS:    1157944 HIT:    1157575 MISS:        369 MSHR_MERGE:          0
cpu2->cpu2_L2C TRANSLATION  ACCESS:         17 HIT:          0 MISS:         17 MSHR_MERGE:          0
cpu2->cpu2_L2C PREFETCH REQUESTED:          0 ISSUED:          0 USEFUL:          0 USELESS:          0
cpu2->cpu2_L2C AVERAGE MISS LATENCY: 204.1 cycles
cpu2->cpu2_L1I TOTAL        ACCESS:   15787937 HIT:   15787934 MISS:          3 MSHR_MERGE:          2
cpu2->cpu2_L1I LOAD         ACCESS:   15787937 HIT:   15787934 MISS:          3 MSHR_MERGE:          2
cpu2->cpu2_L1I RFO          ACCESS:          0 HIT:          0 MISS:          0 MSHR_MERGE:          0
cpu2->cpu2_L1I PREFETCH     ACCESS:          0 HIT:          0 MISS:          0 MSHR_MERGE:          0
cpu2->cpu2_L1I WRITE        ACCESS:          0 HIT:          0 MISS:          0 MSHR_MERGE:          0
cpu2->cpu2_L1I TRANSLATION  ACCESS:          0 HIT:          0 MISS:          0 MSHR_MERGE:          0
cpu2->cpu2_L1I PREFETCH REQUESTED:          0 ISSUED:          0 USEFUL:          0 USELESS:          0
cpu2->cpu2_L1I AVERAGE MISS LATENCY: 198 cycles
cpu2->cpu2_L1D TOTAL        ACCESS:   32152430 HIT:   22835309 MISS:    9317121 MSHR_MERGE:    6728761
cpu2->cpu2_L1D LOAD         ACCESS:   10390519 HIT:    6640105 MISS:    3750414 MSHR_MERGE:    2317683
cpu2->cpu2_L1D RFO          ACCESS:          0 HIT:          0 MISS:          0 MSHR_MERGE:          0
cpu2->cpu2_L1D PREFETCH     ACCESS:          0 HIT:          0 MISS:          0 MSHR_MERGE:          0
cpu2->cpu2_L1D WRITE        ACCESS:   21761894 HIT:   16195204 MISS:    5566690 MSHR_MERGE:    4411078
cpu2->cpu2_L1D TRANSLATION  ACCESS:         17 HIT:          0 MISS:         17 MSHR_MERGE:          0
cpu2->cpu2_L1D PREFETCH REQUESTED:          0 ISSUED:          0 USEFUL:          0 USELESS:          0
cpu2->cpu2_L1D AVERAGE MISS LATENCY: 174.4 cycles
cpu2->cpu2_ITLB TOTAL        ACCESS:   14593932 HIT:   14593932 MISS:          0 MSHR_MERGE:          0
cpu2->cpu2_ITLB LOAD         ACCESS:   14593932 HIT:   14593932 MISS:          0 MSHR_MERGE:          0
cpu2->cpu2_ITLB RFO          ACCESS:          0 HIT:          0 MISS:          0 MSHR_MERGE:          0
cpu2->cpu2_ITLB PREFETCH     ACCESS:          0 HIT:          0 MISS:          0 MSHR_MERGE:          0
cpu2->cpu2_ITLB WRITE        ACCESS:          0 HIT:          0 MISS:          0 MSHR_MERGE:          0
cpu2->cpu2_ITLB TRANSLATION  ACCESS:          0 HIT:          0 MISS:          0 MSHR_MERGE:          0
cpu2->cpu2_ITLB PREFETCH REQUESTED:          0 ISSUED:          0 USEFUL:          0 USELESS:          0
cpu2->cpu2_ITLB AVERAGE MISS LATENCY: - cycles
cpu2->cpu2_DTLB TOTAL        ACCESS:   28696620 HIT:   28696510 MISS:        110 MSHR_MERGE:         93
cpu2->cpu2_DTLB LOAD         ACCESS:   28696620 HIT:   28696510 MISS:        110 MSHR_MERGE:         93
cpu2->cpu2_DTLB RFO          ACCESS:          0 HIT:          0 MISS:          0 MSHR_MERGE:          0
cpu2->cpu2_DTLB PREFETCH     ACCESS:          0 HIT:          0 MISS:          0 MSHR_MERGE:          0
cpu2->cpu2_DTLB WRITE        ACCESS:          0 HIT:          0 MISS:          0 MSHR_MERGE:          0
cpu2->cpu2_DTLB TRANSLATION  ACCESS:          0 HIT:          0 MISS:          0 MSHR_MERGE:          0
cpu2->cpu2_DTLB PREFETCH REQUESTED:          0 ISSUED:          0 USEFUL:          0 USELESS:          0
cpu2->cpu2_DTLB AVERAGE MISS LATENCY: 242.9 cycles
cpu1->cpu1_STLB TOTAL        ACCESS:         18 HIT:          0 MISS:         18 MSHR_MERGE:          0
cpu1->cpu1_STLB LOAD         ACCESS:         18 HIT:          0 MISS:         18 MSHR_MERGE:          0
cpu1->cpu1_STLB RFO          ACCESS:          0 HIT:          0 MISS:          0 MSHR_MERGE:          0
cpu1->cpu1_STLB PREFETCH     ACCESS:          0 HIT:          0 MISS:          0 MSHR_MERGE:          0
cpu1->cpu1_STLB WRITE        ACCESS:          0 HIT:          0 MISS:          0 MSHR_MERGE:          0
cpu1->cpu1_STLB TRANSLATION  ACCESS:          0 HIT:          0 MISS:          0 MSHR_MERGE:          0
cpu1->cpu1_STLB PREFETCH REQUESTED:          0 ISSUED:          0 USEFUL:          0 USELESS:          0
cpu1->cpu1_STLB AVERAGE MISS LATENCY: 243.8 cycles
cpu1->cpu1_L2C TOTAL        ACCESS:    3877008 HIT:    1704692 MISS:    2172316 MSHR_MERGE:          0
cpu1->cpu1_L2C LOAD         ACCESS:    1483594 HIT:     426949 MISS:    1056645 MSHR_MERGE:          0
cpu1->cpu1_L2C RFO          ACCESS:    1195190 HIT:      79930 MISS:    1115260 MSHR_MERGE:          0
cpu1->cpu1_L2C PREFETCH     ACCESS:          0 HIT:          0 MISS:          0 MSHR_MERGE:          0
cpu1->cpu1_L2C WRITE        ACCESS:    1198206 HIT:    1197813 MISS:        393 MSHR_MERGE:          0
cpu1->cpu1_L2C TRANSLATION  ACCESS:         18 HIT:          0 MISS:         18 MSHR_MERGE:          0
cpu1->cpu1_L2C PREFETCH REQUESTED:          0 ISSUED:          0 USEFUL:          0 USELESS:          0
cpu1->cpu1_L2C AVERAGE MISS LATENCY: 196.2 cycles
cpu1->cpu1_L1I TOTAL        ACCESS:   16364756 HIT:   16364753 MISS:          3 MSHR_MERGE:          2
cpu1->cpu1_L1I LOAD         ACCESS:   16364756 HIT:   16364753 MISS:          3 MSHR_MERGE:          2
cpu1->cpu1_L1I RFO          ACCESS:          0 HIT:          0 MISS:          0 MSHR_MERGE:          0
cpu1->cpu1_L1I PREFETCH     ACCESS:          0 HIT:          0 MISS:          0 MSHR_MERGE:          0
cpu1->cpu1_L1I WRITE        ACCESS:          0 HIT:          0 MISS:          0 MSHR_MERGE:          0
cpu1->cpu1_L1I TRANSLATION  ACCESS:          0 HIT:          0 MISS:          0 MSHR_MERGE:          0
cpu1->cpu1_L1I PREFETCH REQUESTED:          0 ISSUED:          0 USEFUL:          0 USELESS:          0
cpu1->cpu1_L1I AVERAGE MISS LATENCY: 203 cycles
cpu1->cpu1_L1D TOTAL        ACCESS:   33331357 HIT:   23590379 MISS:    9740978 MSHR_MERGE:    7062148
cpu1->cpu1_L1D LOAD         ACCESS:   10764763 HIT:    6885383 MISS:    3879380 MSHR_MERGE:    2395785
cpu1->cpu1_L1D RFO          ACCESS:          0 HIT:          0 MISS:          0 MSHR_MERGE:          0
cpu1->cpu1_L1D PREFETCH     ACCESS:          0 HIT:          0 MISS:          0 MSHR_MERGE:          0
cpu1->cpu1_L1D WRITE        ACCESS:   22566576 HIT:   16704996 MISS:    5861580 MSHR_MERGE:    4666363
cpu1->cpu1_L1D TRANSLATION  ACCESS:         18 HIT:          0 MISS:         18 MSHR_MERGE:          0
cpu1->cpu1_L1D PREFETCH REQUESTED:          0 ISSUED:          0 USEFUL:          0 USELESS:          0
cpu1->cpu1_L1D AVERAGE MISS LATENCY: 168 cycles
cpu1->cpu1_ITLB TOTAL        ACCESS:   15139011 HIT:   15139011 MISS:          0 MSHR_MERGE:          0
cpu1->cpu1_ITLB LOAD         ACCESS:   15139011 HIT:   15139011 MISS:          0 MSHR_MERGE:          0
cpu1->cpu1_ITLB RFO          ACCESS:          0 HIT:          0 MISS:          0 MSHR_MERGE:          0
cpu1->cpu1_ITLB PREFETCH     ACCESS:          0 HIT:          0 MISS:          0 MSHR_MERGE:          0
cpu1->cpu1_ITLB WRITE        ACCESS:          0 HIT:          0 MISS:          0 MSHR_MERGE:          0
cpu1->cpu1_ITLB TRANSLATION  ACCESS:          0 HIT:          0 MISS:          0 MSHR_MERGE:          0
cpu1->cpu1_ITLB PREFETCH REQUESTED:          0 ISSUED:          0 USEFUL:          0 USELESS:          0
cpu1->cpu1_ITLB AVERAGE MISS LATENCY: - cycles
cpu1->cpu1_DTLB TOTAL        ACCESS:   29761369 HIT:   29761242 MISS:        127 MSHR_MERGE:        109
cpu1->cpu1_DTLB LOAD         ACCESS:   29761369 HIT:   29761242 MISS:        127 MSHR_MERGE:        109
cpu1->cpu1_DTLB RFO          ACCESS:          0 HIT:          0 MISS:          0 MSHR_MERGE:          0
cpu1->cpu1_DTLB PREFETCH     ACCESS:          0 HIT:          0 MISS:          0 MSHR_MERGE:          0
cpu1->cpu1_DTLB WRITE        ACCESS:          0 HIT:          0 MISS:          0 MSHR_MERGE:          0
cpu1->cpu1_DTLB TRANSLATION  ACCESS:          0 HIT:          0 MISS:          0 MSHR_MERGE:          0
cpu1->cpu1_DTLB PREFETCH REQUESTED:          0 ISSUED:          0 USEFUL:          0 USELESS:          0
cpu1->cpu1_DTLB AVERAGE MISS LATENCY: 249.8 cycles
cpu0->cpu0_STLB TOTAL        ACCESS:         17 HIT:          0 MISS:         17 MSHR_MERGE:          0
cpu0->cpu0_STLB LOAD         ACCESS:         17 HIT:          0 MISS:         17 MSHR_MERGE:          0
cpu0->cpu0_STLB RFO          ACCESS:          0 HIT:          0 MISS:          0 MSHR_MERGE:          0
cpu0->cpu0_STLB PREFETCH     ACCESS:          0 HIT:          0 MISS:          0 MSHR_MERGE:          0
cpu0->cpu0_STLB WRITE        ACCESS:          0 HIT:          0 MISS:          0 MSHR_MERGE:          0
cpu0->cpu0_STLB TRANSLATION  ACCESS:          0 HIT:          0 MISS:          0 MSHR_MERGE:          0
cpu0->cpu0_STLB PREFETCH REQUESTED:          0 ISSUED:          0 USEFUL:          0 USELESS:          0
cpu0->cpu0_STLB AVERAGE MISS LATENCY: 345.1 cycles
cpu0->cpu0_L2C TOTAL        ACCESS:    3912644 HIT:    1715352 MISS:    2197292 MSHR_MERGE:          0
cpu0->cpu0_L2C LOAD         ACCESS:    1494929 HIT:     425897 MISS:    1069032 MSHR_MERGE:          0
cpu0->cpu0_L2C RFO          ACCESS:    1207512 HIT:      79651 MISS:    1127861 MSHR_MERGE:          0
cpu0->cpu0_L2C PREFETCH     ACCESS:          0 HIT:          0 MISS:          0 MSHR_MERGE:          0
cpu0->cpu0_L2C WRITE        ACCESS:    1210186 HIT:    1209804 MISS:        382 MSHR_MERGE:          0
cpu0->cpu0_L2C TRANSLATION  ACCESS:         17 HIT:          0 MISS:         17 MSHR_MERGE:          0
cpu0->cpu0_L2C PREFETCH REQUESTED:          0 ISSUED:          0 USEFUL:          0 USELESS:          0
cpu0->cpu0_L2C AVERAGE MISS LATENCY: 197.2 cycles
cpu0->cpu0_L1I TOTAL        ACCESS:   16441077 HIT:   16441074 MISS:          3 MSHR_MERGE:          2
cpu0->cpu0_L1I LOAD         ACCESS:   16441077 HIT:   16441074 MISS:          3 MSHR_MERGE:          2
cpu0->cpu0_L1I RFO          ACCESS:          0 HIT:          0 MISS:          0 MSHR_MERGE:          0
cpu0->cpu0_L1I PREFETCH     ACCESS:          0 HIT:          0 MISS:          0 MSHR_MERGE:          0
cpu0->cpu0_L1I WRITE        ACCESS:          0 HIT:          0 MISS:          0 MSHR_MERGE:          0
cpu0->cpu0_L1I TRANSLATION  ACCESS:          0 HIT:          0 MISS:          0 MSHR_MERGE:          0
cpu0->cpu0_L1I PREFETCH REQUESTED:          0 ISSUED:          0 USEFUL:          0 USELESS:          0
cpu0->cpu0_L1I AVERAGE MISS LATENCY: 181 cycles
cpu0->cpu0_L1D TOTAL        ACCESS:   33306232 HIT:   23537095 MISS:    9769137 MSHR_MERGE:    7066653
cpu0->cpu0_L1D LOAD         ACCESS:   10767928 HIT:    6872670 MISS:    3895258 MSHR_MERGE:    2400328
cpu0->cpu0_L1D RFO          ACCESS:          0 HIT:          0 MISS:          0 MSHR_MERGE:          0
cpu0->cpu0_L1D PREFETCH     ACCESS:          0 HIT:          0 MISS:          0 MSHR_MERGE:          0
cpu0->cpu0_L1D WRITE        ACCESS:   22538287 HIT:   16664425 MISS:    5873862 MSHR_MERGE:    4666325
cpu0->cpu0_L1D TRANSLATION  ACCESS:         17 HIT:          0 MISS:         17 MSHR_MERGE:          0
cpu0->cpu0_L1D PREFETCH REQUESTED:          0 ISSUED:          0 USEFUL:          0 USELESS:          0
cpu0->cpu0_L1D AVERAGE MISS LATENCY: 169.2 cycles
cpu0->cpu0_ITLB TOTAL        ACCESS:   15180723 HIT:   15180723 MISS:          0 MSHR_MERGE:          0
cpu0->cpu0_ITLB LOAD         ACCESS:   15180723 HIT:   15180723 MISS:          0 MSHR_MERGE:          0
cpu0->cpu0_ITLB RFO          ACCESS:          0 HIT:          0 MISS:          0 MSHR_MERGE:          0
cpu0->cpu0_ITLB PREFETCH     ACCESS:          0 HIT:          0 MISS:          0 MSHR_MERGE:          0
cpu0->cpu0_ITLB WRITE        ACCESS:          0 HIT:          0 MISS:          0 MSHR_MERGE:          0
cpu0->cpu0_ITLB TRANSLATION  ACCESS:          0 HIT:          0 MISS:          0 MSHR_MERGE:          0
cpu0->cpu0_ITLB PREFETCH REQUESTED:          0 ISSUED:          0 USEFUL:          0 USELESS:          0
cpu0->cpu0_ITLB AVERAGE MISS LATENCY: - cycles
cpu0->cpu0_DTLB TOTAL        ACCESS:   29762808 HIT:   29762702 MISS:        106 MSHR_MERGE:         89
cpu0->cpu0_DTLB LOAD         ACCESS:   29762808 HIT:   29762702 MISS:        106 MSHR_MERGE:         89
cpu0->cpu0_DTLB RFO          ACCESS:          0 HIT:          0 MISS:          0 MSHR_MERGE:          0
cpu0->cpu0_DTLB PREFETCH     ACCESS:          0 HIT:          0 MISS:          0 MSHR_MERGE:          0
cpu0->cpu0_DTLB WRITE        ACCESS:          0 HIT:          0 MISS:          0 MSHR_MERGE:          0
cpu0->cpu0_DTLB TRANSLATION  ACCESS:          0 HIT:          0 MISS:          0 MSHR_MERGE:          0
cpu0->cpu0_DTLB PREFETCH REQUESTED:          0 ISSUED:          0 USEFUL:          0 USELESS:          0
cpu0->cpu0_DTLB AVERAGE MISS LATENCY: 351.1 cycles
cpu0->LLC TOTAL        ACCESS:    3328476 HIT:    2410778 MISS:     917698 MSHR_MERGE:          0
cpu0->LLC LOAD         ACCESS:    1069032 HIT:     652411 MISS:     416621 MSHR_MERGE:          0
cpu0->LLC RFO          ACCESS:    1127861 HIT:     632052 MISS:     495809 MSHR_MERGE:          0
cpu0->LLC PREFETCH     ACCESS:          0 HIT:          0 MISS:          0 MSHR_MERGE:          0
cpu0->LLC WRITE        ACCESS:    1131566 HIT:    1126301 MISS:       5265 MSHR_MERGE:          0
cpu0->LLC TRANSLATION  ACCESS:         17 HIT:         14 MISS:          3 MSHR_MERGE:          0
cpu0->LLC PREFETCH REQUESTED:          0 ISSUED:          0 USEFUL:          0 USELESS:          0
cpu0->LLC AVERAGE MISS LATENCY: 3444 cycles
cpu1->LLC TOTAL        ACCESS:    3291329 HIT:    2381111 MISS:     910218 MSHR_MERGE:          0
cpu1->LLC LOAD         ACCESS:    1056645 HIT:     639883 MISS:     416762 MSHR_MERGE:          0
cpu1->LLC RFO          ACCESS:    1115260 HIT:     624945 MISS:     490315 MSHR_MERGE:          0
cpu1->LLC PREFETCH     ACCESS:          0 HIT:          0 MISS:          0 MSHR_MERGE:          0
cpu1->LLC WRITE        ACCESS:    1119406 HIT:    1116266 MISS:       3140 MSHR_MERGE:          0
cpu1->LLC TRANSLATION  ACCESS:         18 HIT:         17 MISS:          1 MSHR_MERGE:          0
cpu1->LLC PREFETCH REQUESTED:          0 ISSUED:          0 USEFUL:          0 USELESS:          0
cpu1->LLC AVERAGE MISS LATENCY: 3472 cycles
cpu2->LLC TOTAL        ACCESS:    3181896 HIT:    2242239 MISS:     939657 MSHR_MERGE:          0
cpu2->LLC LOAD         ACCESS:    1021210 HIT:     591010 MISS:     430200 MSHR_MERGE:          0
cpu2->LLC RFO          ACCESS:    1078401 HIT:     570259 MISS:     508142 MSHR_MERGE:          0
cpu2->LLC PREFETCH     ACCESS:          0 HIT:          0 MISS:          0 MSHR_MERGE:          0
cpu2->LLC WRITE        ACCESS:    1082268 HIT:    1080953 MISS:       1315 MSHR_MERGE:          0
cpu2->LLC TRANSLATION  ACCESS:         17 HIT:         17 MISS:          0 MSHR_MERGE:          0
cpu2->LLC PREFETCH REQUESTED:          0 ISSUED:          0 USEFUL:          0 USELESS:          0
cpu2->LLC AVERAGE MISS LATENCY: 3363 cycles
cpu3->LLC TOTAL        ACCESS:    3328708 HIT:    2410590 MISS:     918118 MSHR_MERGE:          0
cpu3->LLC LOAD         ACCESS:    1069290 HIT:     654249 MISS:     415041 MSHR_MERGE:          0
cpu3->LLC RFO          ACCESS:    1127897 HIT:     629628 MISS:     498269 MSHR_MERGE:          0
cpu3->LLC PREFETCH     ACCESS:          0 HIT:          0 MISS:          0 MSHR_MERGE:          0
cpu3->LLC WRITE        ACCESS:    1131504 HIT:    1126696 MISS:       4808 MSHR_MERGE:          0
cpu3->LLC TRANSLATION  ACCESS:         17 HIT:         17 MISS:          0 MSHR_MERGE:          0
cpu3->LLC PREFETCH REQUESTED:          0 ISSUED:          0 USEFUL:          0 USELESS:          0
cpu3->LLC AVERAGE MISS LATENCY: 3442 cycles
cpu4->LLC TOTAL        ACCESS:    3265725 HIT:    2351724 MISS:     914001 MSHR_MERGE:          0
cpu4->LLC LOAD         ACCESS:    1048792 HIT:     629478 MISS:     419314 MSHR_MERGE:          0
cpu4->LLC RFO          ACCESS:    1106366 HIT:     613771 MISS:     492595 MSHR_MERGE:          0
cpu4->LLC PREFETCH     ACCESS:          0 HIT:          0 MISS:          0 MSHR_MERGE:          0
cpu4->LLC WRITE        ACCESS:    1110551 HIT:    1108460 MISS:       2091 MSHR_MERGE:          0
cpu4->LLC TRANSLATION  ACCESS:         16 HIT:         15 MISS:          1 MSHR_MERGE:          0
cpu4->LLC PREFETCH REQUESTED:          0 ISSUED:          0 USEFUL:          0 USELESS:          0
cpu4->LLC AVERAGE MISS LATENCY: 3458 cycles
cpu5->LLC TOTAL        ACCESS:    3335809 HIT:    2418407 MISS:     917402 MSHR_MERGE:          0
cpu5->LLC LOAD         ACCESS:    1070716 HIT:     651608 MISS:     419108 MSHR_MERGE:          0
cpu5->LLC RFO          ACCESS:    1130685 HIT:     632994 MISS:     497691 MSHR_MERGE:          0
cpu5->LLC PREFETCH     ACCESS:          0 HIT:          0 MISS:          0 MSHR_MERGE:          0
cpu5->LLC WRITE        ACCESS:    1134390 HIT:    1133789 MISS:        601 MSHR_MERGE:          0
cpu5->LLC TRANSLATION  ACCESS:         18 HIT:         16 MISS:          2 MSHR_MERGE:          0
cpu5->LLC PREFETCH REQUESTED:          0 ISSUED:          0 USEFUL:          0 USELESS:          0
cpu5->LLC AVERAGE MISS LATENCY: 3445 cycles
cpu6->LLC TOTAL        ACCESS:    3293907 HIT:    2401065 MISS:     892842 MSHR_MERGE:          0
cpu6->LLC LOAD         ACCESS:    1056989 HIT:     648492 MISS:     408497 MSHR_MERGE:          0
cpu6->LLC RFO          ACCESS:    1116324 HIT:     633677 MISS:     482647 MSHR_MERGE:          0
cpu6->LLC PREFETCH     ACCESS:          0 HIT:          0 MISS:          0 MSHR_MERGE:          0
cpu6->LLC WRITE        ACCESS:    1120577 HIT:    1118880 MISS:       1697 MSHR_MERGE:          0
cpu6->LLC TRANSLATION  ACCESS:         17 HIT:         16 MISS:          1 MSHR_MERGE:          0
cpu6->LLC PREFETCH REQUESTED:          0 ISSUED:          0 USEFUL:          0 USELESS:          0
cpu6->LLC AVERAGE MISS LATENCY: 3540 cycles
cpu7->LLC TOTAL        ACCESS:    3058422 HIT:    2133337 MISS:     925085 MSHR_MERGE:          0
cpu7->LLC LOAD         ACCESS:     982643 HIT:     547761 MISS:     434882 MSHR_MERGE:          0
cpu7->LLC RFO          ACCESS:    1035952 HIT:     546299 MISS:     489653 MSHR_MERGE:          0
cpu7->LLC PREFETCH     ACCESS:          0 HIT:          0 MISS:          0 MSHR_MERGE:          0
cpu7->LLC WRITE        ACCESS:    1039811 HIT:    1039263 MISS:        548 MSHR_MERGE:          0
cpu7->LLC TRANSLATION  ACCESS:         16 HIT:         14 MISS:          2 MSHR_MERGE:          0
cpu7->LLC PREFETCH REQUESTED:          0 ISSUED:          0 USEFUL:          0 USELESS:          0
cpu7->LLC AVERAGE MISS LATENCY: 3416 cycles

Region of Interest Statistics

CPU 7 cumulative IPC: 0.6223 instructions: 100000003 cycles: 160696965
CPU 7 Branch Prediction Accuracy: 100% MPKI: 0 Average ROB Occupancy at Mispredict: -
Branch type MPKI
BRANCH_DIRECT_JUMP: 0
BRANCH_INDIRECT: 0
BRANCH_CONDITIONAL: 0
BRANCH_DIRECT_CALL: 0
BRANCH_INDIRECT_CALL: 0
BRANCH_RETURN: 0


CPU 6 cumulative IPC: 0.6851 instructions: 100000004 cycles: 145972306
CPU 6 Branch Prediction Accuracy: 100% MPKI: 0 Average ROB Occupancy at Mispredict: -
Branch type MPKI
BRANCH_DIRECT_JUMP: 0
BRANCH_INDIRECT: 0
BRANCH_CONDITIONAL: 0
BRANCH_DIRECT_CALL: 0
BRANCH_INDIRECT_CALL: 0
BRANCH_RETURN: 0


CPU 5 cumulative IPC: 0.6884 instructions: 100000000 cycles: 145261755
CPU 5 Branch Prediction Accuracy: 100% MPKI: 0 Average ROB Occupancy at Mispredict: -
Branch type MPKI
BRANCH_DIRECT_JUMP: 0
BRANCH_INDIRECT: 0
BRANCH_CONDITIONAL: 0
BRANCH_DIRECT_CALL: 0
BRANCH_INDIRECT_CALL: 0
BRANCH_RETURN: 0


CPU 4 cumulative IPC: 0.6671 instructions: 100000000 cycles: 149909135
CPU 4 Branch Prediction Accuracy: 100% MPKI: 0 Average ROB Occupancy at Mispredict: -
Branch type MPKI
BRANCH_DIRECT_JUMP: 0
BRANCH_INDIRECT: 0
BRANCH_CONDITIONAL: 0
BRANCH_DIRECT_CALL: 0
BRANCH_INDIRECT_CALL: 0
BRANCH_RETURN: 0


CPU 3 cumulative IPC: 0.6702 instructions: 100000003 cycles: 149216230
CPU 3 Branch Prediction Accuracy: 100% MPKI: 0 Average ROB Occupancy at Mispredict: -
Branch type MPKI
BRANCH_DIRECT_JUMP: 0
BRANCH_INDIRECT: 0
BRANCH_CONDITIONAL: 0
BRANCH_DIRECT_CALL: 0
BRANCH_INDIRECT_CALL: 0
BRANCH_RETURN: 0


CPU 2 cumulative IPC: 0.657 instructions: 100000004 cycles: 152198615
CPU 2 Branch Prediction Accuracy: 100% MPKI: 0 Average ROB Occupancy at Mispredict: -
Branch type MPKI
BRANCH_DIRECT_JUMP: 0
BRANCH_INDIRECT: 0
BRANCH_CONDITIONAL: 0
BRANCH_DIRECT_CALL: 0
BRANCH_INDIRECT_CALL: 0
BRANCH_RETURN: 0


CPU 1 cumulative IPC: 0.6815 instructions: 100000004 cycles: 146730225
CPU 1 Branch Prediction Accuracy: 100% MPKI: 0 Average ROB Occupancy at Mispredict: -
Branch type MPKI
BRANCH_DIRECT_JUMP: 0
BRANCH_INDIRECT: 0
BRANCH_CONDITIONAL: 0
BRANCH_DIRECT_CALL: 0
BRANCH_INDIRECT_CALL: 0
BRANCH_RETURN: 0


CPU 0 cumulative IPC: 0.6718 instructions: 100000000 cycles: 148842876
CPU 0 Branch Prediction Accuracy: 100% MPKI: 0 Average ROB Occupancy at Mispredict: -
Branch type MPKI
BRANCH_DIRECT_JUMP: 0
BRANCH_INDIRECT: 0
BRANCH_CONDITIONAL: 0
BRANCH_DIRECT_CALL: 0
BRANCH_INDIRECT_CALL: 0
BRANCH_RETURN: 0

cpu7->cpu7_STLB TOTAL        ACCESS:         16 HIT:          0 MISS:         16 MSHR_MERGE:          0
cpu7->cpu7_STLB LOAD         ACCESS:         16 HIT:          0 MISS:         16 MSHR_MERGE:          0
cpu7->cpu7_STLB RFO          ACCESS:          0 HIT:          0 MISS:          0 MSHR_MERGE:          0
cpu7->cpu7_STLB PREFETCH     ACCESS:          0 HIT:          0 MISS:          0 MSHR_MERGE:          0
cpu7->cpu7_STLB WRITE        ACCESS:          0 HIT:          0 MISS:          0 MSHR_MERGE:          0
cpu7->cpu7_STLB TRANSLATION  ACCESS:          0 HIT:          0 MISS:          0 MSHR_MERGE:          0
cpu7->cpu7_STLB PREFETCH REQUESTED:          0 ISSUED:          0 USEFUL:          0 USELESS:          0
cpu7->cpu7_STLB AVERAGE MISS LATENCY: 431.9 cycles
cpu7->cpu7_L2C TOTAL        ACCESS:    3597556 HIT:    1578585 MISS:    2018971 MSHR_MERGE:          0
cpu7->cpu7_L2C LOAD         ACCESS:    1375379 HIT:     392735 MISS:     982644 MSHR_MERGE:          0
cpu7->cpu7_L2C RFO          ACCESS:    1109668 HIT:      73716 MISS:    1035952 MSHR_MERGE:          0
cpu7->cpu7_L2C PREFETCH     ACCESS:          0 HIT:          0 MISS:          0 MSHR_MERGE:          0
cpu7->cpu7_L2C WRITE        ACCESS:    1112493 HIT:    1112134 MISS:        359 MSHR_MERGE:          0
cpu7->cpu7_L2C TRANSLATION  ACCESS:         16 HIT:          0 MISS:         16 MSHR_MERGE:          0
cpu7->cpu7_L2C PREFETCH REQUESTED:          0 ISSUED:          0 USEFUL:          0 USELESS:          0
cpu7->cpu7_L2C AVERAGE MISS LATENCY: 213.6 cycles
cpu7->cpu7_L1I TOTAL        ACCESS:   15136684 HIT:   15136681 MISS:          3 MSHR_MERGE:          2
cpu7->cpu7_L1I LOAD         ACCESS:   15136684 HIT:   15136681 MISS:          3 MSHR_MERGE:          2
cpu7->cpu7_L1I RFO          ACCESS:          0 HIT:          0 MISS:          0 MSHR_MERGE:          0
cpu7->cpu7_L1I PREFETCH     ACCESS:          0 HIT:          0 MISS:          0 MSHR_MERGE:          0
cpu7->cpu7_L1I WRITE        ACCESS:          0 HIT:          0 MISS:          0 MSHR_MERGE:          0
cpu7->cpu7_L1I TRANSLATION  ACCESS:          0 HIT:          0 MISS:          0 MSHR_MERGE:          0
cpu7->cpu7_L1I PREFETCH REQUESTED:          0 ISSUED:          0 USEFUL:          0 USELESS:          0
cpu7->cpu7_L1I AVERAGE MISS LATENCY: 183 cycles
cpu7->cpu7_L1D TOTAL        ACCESS:   30710267 HIT:   21953867 MISS:    8756400 MSHR_MERGE:    6271314
cpu7->cpu7_L1D LOAD         ACCESS:    9926661 HIT:    6329691 MISS:    3596970 MSHR_MERGE:    2221589
cpu7->cpu7_L1D RFO          ACCESS:          0 HIT:          0 MISS:          0 MSHR_MERGE:          0
cpu7->cpu7_L1D PREFETCH     ACCESS:          0 HIT:          0 MISS:          0 MSHR_MERGE:          0
cpu7->cpu7_L1D WRITE        ACCESS:   20783590 HIT:   15624176 MISS:    5159414 MSHR_MERGE:    4049725
cpu7->cpu7_L1D TRANSLATION  ACCESS:         16 HIT:          0 MISS:         16 MSHR_MERGE:          0
cpu7->cpu7_L1D PREFETCH REQUESTED:          0 ISSUED:          0 USEFUL:          0 USELESS:          0
cpu7->cpu7_L1D AVERAGE MISS LATENCY: 182.4 cycles
cpu7->cpu7_ITLB TOTAL        ACCESS:   13974616 HIT:   13974616 MISS:          0 MSHR_MERGE:          0
cpu7->cpu7_ITLB LOAD         ACCESS:   13974616 HIT:   13974616 MISS:          0 MSHR_MERGE:          0
cpu7->cpu7_ITLB RFO          ACCESS:          0 HIT:          0 MISS:          0 MSHR_MERGE:          0
cpu7->cpu7_ITLB PREFETCH     ACCESS:          0 HIT:          0 MISS:          0 MSHR_MERGE:          0
cpu7->cpu7_ITLB WRITE        ACCESS:          0 HIT:          0 MISS:          0 MSHR_MERGE:          0
cpu7->cpu7_ITLB TRANSLATION  ACCESS:          0 HIT:          0 MISS:          0 MSHR_MERGE:          0
cpu7->cpu7_ITLB PREFETCH REQUESTED:          0 ISSUED:          0 USEFUL:          0 USELESS:          0
cpu7->cpu7_ITLB AVERAGE MISS LATENCY: - cycles
cpu7->cpu7_DTLB TOTAL        ACCESS:   27443222 HIT:   27443116 MISS:        106 MSHR_MERGE:         90
cpu7->cpu7_DTLB LOAD         ACCESS:   27443222 HIT:   27443116 MISS:        106 MSHR_MERGE:         90
cpu7->cpu7_DTLB RFO          ACCESS:          0 HIT:          0 MISS:          0 MSHR_MERGE:          0
cpu7->cpu7_DTLB PREFETCH     ACCESS:          0 HIT:          0 MISS:          0 MSHR_MERGE:          0
cpu7->cpu7_DTLB WRITE        ACCESS:          0 HIT:          0 MISS:          0 MSHR_MERGE:          0
cpu7->cpu7_DTLB TRANSLATION  ACCESS:          0 HIT:          0 MISS:          0 MSHR_MERGE:          0
cpu7->cpu7_DTLB PREFETCH REQUESTED:          0 ISSUED:          0 USEFUL:          0 USELESS:          0
cpu7->cpu7_DTLB AVERAGE MISS LATENCY: 437.9 cycles
cpu6->cpu6_STLB TOTAL        ACCESS:         17 HIT:          0 MISS:         17 MSHR_MERGE:          0
cpu6->cpu6_STLB LOAD         ACCESS:         17 HIT:          0 MISS:         17 MSHR_MERGE:          0
cpu6->cpu6_STLB RFO          ACCESS:          0 HIT:          0 MISS:          0 MSHR_MERGE:          0
cpu6->cpu6_STLB PREFETCH     ACCESS:          0 HIT:          0 MISS:          0 MSHR_MERGE:          0
cpu6->cpu6_STLB WRITE        ACCESS:          0 HIT:          0 MISS:          0 MSHR_MERGE:          0
cpu6->cpu6_STLB TRANSLATION  ACCESS:          0 HIT:          0 MISS:          0 MSHR_MERGE:          0
cpu6->cpu6_STLB PREFETCH REQUESTED:          0 ISSUED:          0 USEFUL:          0 USELESS:          0
cpu6->cpu6_STLB AVERAGE MISS LATENCY: 327.3 cycles
cpu6->cpu6_L2C TOTAL        ACCESS:    3881593 HIT:    1707887 MISS:    2173706 MSHR_MERGE:          0
cpu6->cpu6_L2C LOAD         ACCESS:    1486284 HIT:     429295 MISS:    1056989 MSHR_MERGE:          0
cpu6->cpu6_L2C RFO          ACCESS:    1196282 HIT:      79958 MISS:    1116324 MSHR_MERGE:          0
cpu6->cpu6_L2C PREFETCH     ACCESS:          0 HIT:          0 MISS:          0 MSHR_MERGE:          0
cpu6->cpu6_L2C WRITE        ACCESS:    1199010 HIT:    1198634 MISS:        376 MSHR_MERGE:          0
cpu6->cpu6_L2C TRANSLATION  ACCESS:         17 HIT:          0 MISS:         17 MSHR_MERGE:          0
cpu6->cpu6_L2C PREFETCH REQUESTED:          0 ISSUED:          0 USEFUL:          0 USELESS:          0
cpu6->cpu6_L2C AVERAGE MISS LATENCY: 192.1 cycles
cpu6->cpu6_L1I TOTAL        ACCESS:   16403458 HIT:   16403455 MISS:          3 MSHR_MERGE:          2
cpu6->cpu6_L1I LOAD         ACCESS:   16403458 HIT:   16403455 MISS:          3 MSHR_MERGE:          2
cpu6->cpu6_L1I RFO          ACCESS:          0 HIT:          0 MISS:          0 MSHR_MERGE:          0
cpu6->cpu6_L1I PREFETCH     ACCESS:          0 HIT:          0 MISS:          0 MSHR_MERGE:          0
cpu6->cpu6_L1I WRITE        ACCESS:          0 HIT:          0 MISS:          0 MSHR_MERGE:          0
cpu6->cpu6_L1I TRANSLATION  ACCESS:          0 HIT:          0 MISS:          0 MSHR_MERGE:          0
cpu6->cpu6_L1I PREFETCH REQUESTED:          0 ISSUED:          0 USEFUL:          0 USELESS:          0
cpu6->cpu6_L1I AVERAGE MISS LATENCY: 187 cycles
cpu6->cpu6_L1D TOTAL        ACCESS:   33498228 HIT:   23909126 MISS:    9589102 MSHR_MERGE:    6906498
cpu6->cpu6_L1D LOAD         ACCESS:   10820640 HIT:    6926129 MISS:    3894511 MSHR_MERGE:    2408225
cpu6->cpu6_L1D RFO          ACCESS:          0 HIT:          0 MISS:          0 MSHR_MERGE:          0
cpu6->cpu6_L1D PREFETCH     ACCESS:          0 HIT:          0 MISS:          0 MSHR_MERGE:          0
cpu6->cpu6_L1D WRITE        ACCESS:   22677571 HIT:   16982997 MISS:    5694574 MSHR_MERGE:    4498273
cpu6->cpu6_L1D TRANSLATION  ACCESS:         17 HIT:          0 MISS:         17 MSHR_MERGE:          0
cpu6->cpu6_L1D PREFETCH REQUESTED:          0 ISSUED:          0 USEFUL:          0 USELESS:          0
cpu6->cpu6_L1D AVERAGE MISS LATENCY: 164.6 cycles
cpu6->cpu6_ITLB TOTAL        ACCESS:   15172067 HIT:   15172067 MISS:          0 MSHR_MERGE:          0
cpu6->cpu6_ITLB LOAD         ACCESS:   15172067 HIT:   15172067 MISS:          0 MSHR_MERGE:          0
cpu6->cpu6_ITLB RFO          ACCESS:          0 HIT:          0 MISS:          0 MSHR_MERGE:          0
cpu6->cpu6_ITLB PREFETCH     ACCESS:          0 HIT:          0 MISS:          0 MSHR_MERGE:          0
cpu6->cpu6_ITLB WRITE        ACCESS:          0 HIT:          0 MISS:          0 MSHR_MERGE:          0
cpu6->cpu6_ITLB TRANSLATION  ACCESS:          0 HIT:          0 MISS:          0 MSHR_MERGE:          0
cpu6->cpu6_ITLB PREFETCH REQUESTED:          0 ISSUED:          0 USEFUL:          0 USELESS:          0
cpu6->cpu6_ITLB AVERAGE MISS LATENCY: - cycles
cpu6->cpu6_DTLB TOTAL        ACCESS:   29916345 HIT:   29916251 MISS:         94 MSHR_MERGE:         77
cpu6->cpu6_DTLB LOAD         ACCESS:   29916345 HIT:   29916251 MISS:         94 MSHR_MERGE:         77
cpu6->cpu6_DTLB RFO          ACCESS:          0 HIT:          0 MISS:          0 MSHR_MERGE:          0
cpu6->cpu6_DTLB PREFETCH     ACCESS:          0 HIT:          0 MISS:          0 MSHR_MERGE:          0
cpu6->cpu6_DTLB WRITE        ACCESS:          0 HIT:          0 MISS:          0 MSHR_MERGE:          0
cpu6->cpu6_DTLB TRANSLATION  ACCESS:          0 HIT:          0 MISS:          0 MSHR_MERGE:          0
cpu6->cpu6_DTLB PREFETCH REQUESTED:          0 ISSUED:          0 USEFUL:          0 USELESS:          0
cpu6->cpu6_DTLB AVERAGE MISS LATENCY: 333.3 cycles
cpu5->cpu5_STLB TOTAL        ACCESS:         18 HIT:          0 MISS:         18 MSHR_MERGE:          0
cpu5->cpu5_STLB LOAD         ACCESS:         18 HIT:          0 MISS:         18 MSHR_MERGE:          0
cpu5->cpu5_STLB RFO          ACCESS:          0 HIT:          0 MISS:          0 MSHR_MERGE:          0
cpu5->cpu5_STLB PREFETCH     ACCESS:          0 HIT:          0 MISS:          0 MSHR_MERGE:          0
cpu5->cpu5_STLB WRITE        ACCESS:          0 HIT:          0 MISS:          0 MSHR_MERGE:          0
cpu5->cpu5_STLB TRANSLATION  ACCESS:          0 HIT:          0 MISS:          0 MSHR_MERGE:          0
cpu5->cpu5_STLB PREFETCH REQUESTED:          0 ISSUED:          0 USEFUL:          0 USELESS:          0
cpu5->cpu5_STLB AVERAGE MISS LATENCY: 257.9 cycles
cpu5->cpu5_L2C TOTAL        ACCESS:    3924461 HIT:    1722647 MISS:    2201814 MSHR_MERGE:          0
cpu5->cpu5_L2C LOAD         ACCESS:    1499793 HIT:     429077 MISS:    1070716 MSHR_MERGE:          0
cpu5->cpu5_L2C RFO          ACCESS:    1210990 HIT:      80305 MISS:    1130685 MSHR_MERGE:          0
cpu5->cpu5_L2C PREFETCH     ACCESS:          0 HIT:          0 MISS:          0 MSHR_MERGE:          0
cpu5->cpu5_L2C WRITE        ACCESS:    1213660 HIT:    1213265 MISS:        395 MSHR_MERGE:          0
cpu5->cpu5_L2C TRANSLATION  ACCESS:         18 HIT:          0 MISS:         18 MSHR_MERGE:          0
cpu5->cpu5_L2C PREFETCH REQUESTED:          0 ISSUED:          0 USEFUL:          0 USELESS:          0
cpu5->cpu5_L2C AVERAGE MISS LATENCY: 193.1 cycles
cpu5->cpu5_L1I TOTAL        ACCESS:   16500503 HIT:   16500500 MISS:          3 MSHR_MERGE:          2
cpu5->cpu5_L1I LOAD         ACCESS:   16500503 HIT:   16500500 MISS:          3 MSHR_MERGE:          2
cpu5->cpu5_L1I RFO          ACCESS:          0 HIT:          0 MISS:          0 MSHR_MERGE:          0
cpu5->cpu5_L1I PREFETCH     ACCESS:          0 HIT:          0 MISS:          0 MSHR_MERGE:          0
cpu5->cpu5_L1I WRITE        ACCESS:          0 HIT:          0 MISS:          0 MSHR_MERGE:          0
cpu5->cpu5_L1I TRANSLATION  ACCESS:          0 HIT:          0 MISS:          0 MSHR_MERGE:          0
cpu5->cpu5_L1I PREFETCH REQUESTED:          0 ISSUED:          0 USEFUL:          0 USELESS:          0
cpu5->cpu5_L1I AVERAGE MISS LATENCY: 185 cycles
cpu5->cpu5_L1D TOTAL        ACCESS:   33529078 HIT:   23603899 MISS:    9925179 MSHR_MERGE:    7214357
cpu5->cpu5_L1D LOAD         ACCESS:   10848963 HIT:    6916216 MISS:    3932747 MSHR_MERGE:    2432952
cpu5->cpu5_L1D RFO          ACCESS:          0 HIT:          0 MISS:          0 MSHR_MERGE:          0
cpu5->cpu5_L1D PREFETCH     ACCESS:          0 HIT:          0 MISS:          0 MSHR_MERGE:          0
cpu5->cpu5_L1D WRITE        ACCESS:   22680097 HIT:   16687683 MISS:    5992414 MSHR_MERGE:    4781405
cpu5->cpu5_L1D TRANSLATION  ACCESS:         18 HIT:          0 MISS:         18 MSHR_MERGE:          0
cpu5->cpu5_L1D PREFETCH REQUESTED:          0 ISSUED:          0 USEFUL:          0 USELESS:          0
cpu5->cpu5_L1D AVERAGE MISS LATENCY: 165.8 cycles
cpu5->cpu5_ITLB TOTAL        ACCESS:   15233715 HIT:   15233715 MISS:          0 MSHR_MERGE:          0
cpu5->cpu5_ITLB LOAD         ACCESS:   15233715 HIT:   15233715 MISS:          0 MSHR_MERGE:          0
cpu5->cpu5_ITLB RFO          ACCESS:          0 HIT:          0 MISS:          0 MSHR_MERGE:          0
cpu5->cpu5_ITLB PREFETCH     ACCESS:          0 HIT:          0 MISS:          0 MSHR_MERGE:          0
cpu5->cpu5_ITLB WRITE        ACCESS:          0 HIT:          0 MISS:          0 MSHR_MERGE:          0
cpu5->cpu5_ITLB TRANSLATION  ACCESS:          0 HIT:          0 MISS:          0 MSHR_MERGE:          0
cpu5->cpu5_ITLB PREFETCH REQUESTED:          0 ISSUED:          0 USEFUL:          0 USELESS:          0
cpu5->cpu5_ITLB AVERAGE MISS LATENCY: - cycles
cpu5->cpu5_DTLB TOTAL        ACCESS:   29927872 HIT:   29927756 MISS:        116 MSHR_MERGE:         98
cpu5->cpu5_DTLB LOAD         ACCESS:   29927872 HIT:   29927756 MISS:        116 MSHR_MERGE:         98
cpu5->cpu5_DTLB RFO          ACCESS:          0 HIT:          0 MISS:          0 MSHR_MERGE:          0
cpu5->cpu5_DTLB PREFETCH     ACCESS:          0 HIT:          0 MISS:          0 MSHR_MERGE:          0
cpu5->cpu5_DTLB WRITE        ACCESS:          0 HIT:          0 MISS:          0 MSHR_MERGE:          0
cpu5->cpu5_DTLB TRANSLATION  ACCESS:          0 HIT:          0 MISS:          0 MSHR_MERGE:          0
cpu5->cpu5_DTLB PREFETCH REQUESTED:          0 ISSUED:          0 USEFUL:          0 USELESS:          0
cpu5->cpu5_DTLB AVERAGE MISS LATENCY: 263.9 cycles
cpu4->cpu4_STLB TOTAL        ACCESS:         16 HIT:          0 MISS:         16 MSHR_MERGE:          0
cpu4->cpu4_STLB LOAD         ACCESS:         16 HIT:          0 MISS:         16 MSHR_MERGE:          0
cpu4->cpu4_STLB RFO          ACCESS:          0 HIT:          0 MISS:          0 MSHR_MERGE:          0
cpu4->cpu4_STLB PREFETCH     ACCESS:          0 HIT:          0 MISS:          0 MSHR_MERGE:          0
cpu4->cpu4_STLB WRITE        ACCESS:          0 HIT:          0 MISS:          0 MSHR_MERGE:          0
cpu4->cpu4_STLB TRANSLATION  ACCESS:          0 HIT:          0 MISS:          0 MSHR_MERGE:          0
cpu4->cpu4_STLB PREFETCH REQUESTED:          0 ISSUED:          0 USEFUL:          0 USELESS:          0
cpu4->cpu4_STLB AVERAGE MISS LATENCY: 268.9 cycles
cpu4->cpu4_L2C TOTAL        ACCESS:    3843226 HIT:    1687659 MISS:    2155567 MSHR_MERGE:          0
cpu4->cpu4_L2C LOAD         ACCESS:    1469697 HIT:     420905 MISS:    1048792 MSHR_MERGE:          0
cpu4->cpu4_L2C RFO          ACCESS:    1185318 HIT:      78952 MISS:    1106366 MSHR_MERGE:          0
cpu4->cpu4_L2C PREFETCH     ACCESS:          0 HIT:          0 MISS:          0 MSHR_MERGE:          0
cpu4->cpu4_L2C WRITE        ACCESS:    1188195 HIT:    1187802 MISS:        393 MSHR_MERGE:          0
cpu4->cpu4_L2C TRANSLATION  ACCESS:         16 HIT:          0 MISS:         16 MSHR_MERGE:          0
cpu4->cpu4_L2C PREFETCH REQUESTED:          0 ISSUED:          0 USEFUL:          0 USELESS:          0
cpu4->cpu4_L2C AVERAGE MISS LATENCY: 200 cycles
cpu4->cpu4_L1I TOTAL        ACCESS:   16188337 HIT:   16188335 MISS:          2 MSHR_MERGE:          1
cpu4->cpu4_L1I LOAD         ACCESS:   16188337 HIT:   16188335 MISS:          2 MSHR_MERGE:          1
cpu4->cpu4_L1I RFO          ACCESS:          0 HIT:          0 MISS:          0 MSHR_MERGE:          0
cpu4->cpu4_L1I PREFETCH     ACCESS:          0 HIT:          0 MISS:          0 MSHR_MERGE:          0
cpu4->cpu4_L1I WRITE        ACCESS:          0 HIT:          0 MISS:          0 MSHR_MERGE:          0
cpu4->cpu4_L1I TRANSLATION  ACCESS:          0 HIT:          0 MISS:          0 MSHR_MERGE:          0
cpu4->cpu4_L1I PREFETCH REQUESTED:          0 ISSUED:          0 USEFUL:          0 USELESS:          0
cpu4->cpu4_L1I AVERAGE MISS LATENCY: 279 cycles
cpu4->cpu4_L1D TOTAL        ACCESS:   32901906 HIT:   23259690 MISS:    9642216 MSHR_MERGE:    6987162
cpu4->cpu4_L1D LOAD         ACCESS:   10642117 HIT:    6788283 MISS:    3853834 MSHR_MERGE:    2384136
cpu4->cpu4_L1D RFO          ACCESS:          0 HIT:          0 MISS:          0 MSHR_MERGE:          0
cpu4->cpu4_L1D PREFETCH     ACCESS:          0 HIT:          0 MISS:          0 MSHR_MERGE:          0
cpu4->cpu4_L1D WRITE        ACCESS:   22259773 HIT:   16471407 MISS:    5788366 MSHR_MERGE:    4603026
cpu4->cpu4_L1D TRANSLATION  ACCESS:         16 HIT:          0 MISS:         16 MSHR_MERGE:          0
cpu4->cpu4_L1D PREFETCH REQUESTED:          0 ISSUED:          0 USEFUL:          0 USELESS:          0
cpu4->cpu4_L1D AVERAGE MISS LATENCY: 171.2 cycles
cpu4->cpu4_ITLB TOTAL        ACCESS:   14955047 HIT:   14955047 MISS:          0 MSHR_MERGE:          0
cpu4->cpu4_ITLB LOAD         ACCESS:   14955047 HIT:   14955047 MISS:          0 MSHR_MERGE:          0
cpu4->cpu4_ITLB RFO          ACCESS:          0 HIT:          0 MISS:          0 MSHR_MERGE:          0
cpu4->cpu4_ITLB PREFETCH     ACCESS:          0 HIT:          0 MISS:          0 MSHR_MERGE:          0
cpu4->cpu4_ITLB WRITE        ACCESS:          0 HIT:          0 MISS:          0 MSHR_MERGE:          0
cpu4->cpu4_ITLB TRANSLATION  ACCESS:          0 HIT:          0 MISS:          0 MSHR_MERGE:          0
cpu4->cpu4_ITLB PREFETCH REQUESTED:          0 ISSUED:          0 USEFUL:          0 USELESS:          0
cpu4->cpu4_ITLB AVERAGE MISS LATENCY: - cycles
cpu4->cpu4_DTLB TOTAL        ACCESS:   29368625 HIT:   29368518 MISS:        107 MSHR_MERGE:         91
cpu4->cpu4_DTLB LOAD         ACCESS:   29368625 HIT:   29368518 MISS:        107 MSHR_MERGE:         91
cpu4->cpu4_DTLB RFO          ACCESS:          0 HIT:          0 MISS:          0 MSHR_MERGE:          0
cpu4->cpu4_DTLB PREFETCH     ACCESS:          0 HIT:          0 MISS:          0 MSHR_MERGE:          0
cpu4->cpu4_DTLB WRITE        ACCESS:          0 HIT:          0 MISS:          0 MSHR_MERGE:          0
cpu4->cpu4_DTLB TRANSLATION  ACCESS:          0 HIT:          0 MISS:          0 MSHR_MERGE:          0
cpu4->cpu4_DTLB PREFETCH REQUESTED:          0 ISSUED:          0 USEFUL:          0 USELESS:          0
cpu4->cpu4_DTLB AVERAGE MISS LATENCY: 274.9 cycles
cpu3->cpu3_STLB TOTAL        ACCESS:         17 HIT:          0 MISS:         17 MSHR_MERGE:          0
cpu3->cpu3_STLB LOAD         ACCESS:         17 HIT:          0 MISS:         17 MSHR_MERGE:          0
cpu3->cpu3_STLB RFO          ACCESS:          0 HIT:          0 MISS:          0 MSHR_MERGE:          0
cpu3->cpu3_STLB PREFETCH     ACCESS:          0 HIT:          0 MISS:          0 MSHR_MERGE:          0
cpu3->cpu3_STLB WRITE        ACCESS:          0 HIT:          0 MISS:          0 MSHR_MERGE:          0
cpu3->cpu3_STLB TRANSLATION  ACCESS:          0 HIT:          0 MISS:          0 MSHR_MERGE:          0
cpu3->cpu3_STLB PREFETCH REQUESTED:          0 ISSUED:          0 USEFUL:          0 USELESS:          0
cpu3->cpu3_STLB AVERAGE MISS LATENCY: 235.6 cycles
cpu3->cpu3_L2C TOTAL        ACCESS:    3913313 HIT:    1715733 MISS:    2197580 MSHR_MERGE:          0
cpu3->cpu3_L2C LOAD         ACCESS:    1495208 HIT:     425918 MISS:    1069290 MSHR_MERGE:          0
cpu3->cpu3_L2C RFO          ACCESS:    1207647 HIT:      79750 MISS:    1127897 MSHR_MERGE:          0
cpu3->cpu3_L2C PREFETCH     ACCESS:          0 HIT:          0 MISS:          0 MSHR_MERGE:          0
cpu3->cpu3_L2C WRITE        ACCESS:    1210441 HIT:    1210065 MISS:        376 MSHR_MERGE:          0
cpu3->cpu3_L2C TRANSLATION  ACCESS:         17 HIT:          0 MISS:         17 MSHR_MERGE:          0
cpu3->cpu3_L2C PREFETCH REQUESTED:          0 ISSUED:          0 USEFUL:          0 USELESS:          0
cpu3->cpu3_L2C AVERAGE MISS LATENCY: 197.9 cycles
cpu3->cpu3_L1I TOTAL        ACCESS:   16443054 HIT:   16443051 MISS:          3 MSHR_MERGE:          2
cpu3->cpu3_L1I LOAD         ACCESS:   16443054 HIT:   16443051 MISS:          3 MSHR_MERGE:          2
cpu3->cpu3_L1I RFO          ACCESS:          0 HIT:          0 MISS:          0 MSHR_MERGE:          0
cpu3->cpu3_L1I PREFETCH     ACCESS:          0 HIT:          0 MISS:          0 MSHR_MERGE:          0
cpu3->cpu3_L1I WRITE        ACCESS:          0 HIT:          0 MISS:          0 MSHR_MERGE:          0
cpu3->cpu3_L1I TRANSLATION  ACCESS:          0 HIT:          0 MISS:          0 MSHR_MERGE:          0
cpu3->cpu3_L1I PREFETCH REQUESTED:          0 ISSUED:          0 USEFUL:          0 USELESS:          0
cpu3->cpu3_L1I AVERAGE MISS LATENCY: 1252 cycles
cpu3->cpu3_L1D TOTAL        ACCESS:   33308263 HIT:   23557097 MISS:    9751166 MSHR_MERGE:    7048267
cpu3->cpu3_L1D LOAD         ACCESS:   10768707 HIT:    6876158 MISS:    3892549 MSHR_MERGE:    2397337
cpu3->cpu3_L1D RFO          ACCESS:          0 HIT:          0 MISS:          0 MSHR_MERGE:          0
cpu3->cpu3_L1D PREFETCH     ACCESS:          0 HIT:          0 MISS:          0 MSHR_MERGE:          0
cpu3->cpu3_L1D WRITE        ACCESS:   22539539 HIT:   16680939 MISS:    5858600 MSHR_MERGE:    4650930
cpu3->cpu3_L1D TRANSLATION  ACCESS:         17 HIT:          0 MISS:         17 MSHR_MERGE:          0
cpu3->cpu3_L1D PREFETCH REQUESTED:          0 ISSUED:          0 USEFUL:          0 USELESS:          0
cpu3->cpu3_L1D AVERAGE MISS LATENCY: 169.8 cycles
cpu3->cpu3_ITLB TOTAL        ACCESS:   15181810 HIT:   15181810 MISS:          0 MSHR_MERGE:          0
cpu3->cpu3_ITLB LOAD         ACCESS:   15181810 HIT:   15181810 MISS:          0 MSHR_MERGE:          0
cpu3->cpu3_ITLB RFO          ACCESS:          0 HIT:          0 MISS:          0 MSHR_MERGE:          0
cpu3->cpu3_ITLB PREFETCH     ACCESS:          0 HIT:          0 MISS:          0 MSHR_MERGE:          0
cpu3->cpu3_ITLB WRITE        ACCESS:          0 HIT:          0 MISS:          0 MSHR_MERGE:          0
cpu3->cpu3_ITLB TRANSLATION  ACCESS:          0 HIT:          0 MISS:          0 MSHR_MERGE:          0
cpu3->cpu3_ITLB PREFETCH REQUESTED:          0 ISSUED:          0 USEFUL:          0 USELESS:          0
cpu3->cpu3_ITLB AVERAGE MISS LATENCY: - cycles
cpu3->cpu3_DTLB TOTAL        ACCESS:   29767257 HIT:   29767146 MISS:        111 MSHR_MERGE:         94
cpu3->cpu3_DTLB LOAD         ACCESS:   29767257 HIT:   29767146 MISS:        111 MSHR_MERGE:         94
cpu3->cpu3_DTLB RFO          ACCESS:          0 HIT:          0 MISS:          0 MSHR_MERGE:          0
cpu3->cpu3_DTLB PREFETCH     ACCESS:          0 HIT:          0 MISS:          0 MSHR_MERGE:          0
cpu3->cpu3_DTLB WRITE        ACCESS:          0 HIT:          0 MISS:          0 MSHR_MERGE:          0
cpu3->cpu3_DTLB TRANSLATION  ACCESS:          0 HIT:          0 MISS:          0 MSHR_MERGE:          0
cpu3->cpu3_DTLB PREFETCH REQUESTED:          0 ISSUED:          0 USEFUL:          0 USELESS:          0
cpu3->cpu3_DTLB AVERAGE MISS LATENCY: 241.6 cycles
cpu2->cpu2_STLB TOTAL        ACCESS:         17 HIT:          0 MISS:         17 MSHR_MERGE:          0
cpu2->cpu2_STLB LOAD         ACCESS:         17 HIT:          0 MISS:         17 MSHR_MERGE:          0
cpu2->cpu2_STLB RFO          ACCESS:          0 HIT:          0 MISS:          0 MSHR_MERGE:          0
cpu2->cpu2_STLB PREFETCH     ACCESS:          0 HIT:          0 MISS:          0 MSHR_MERGE:          0
cpu2->cpu2_STLB WRITE        ACCESS:          0 HIT:          0 MISS:          0 MSHR_MERGE:          0
cpu2->cpu2_STLB TRANSLATION  ACCESS:          0 HIT:          0 MISS:          0 MSHR_MERGE:          0
cpu2->cpu2_STLB PREFETCH REQUESTED:          0 ISSUED:          0 USEFUL:          0 USELESS:          0
cpu2->cpu2_STLB AVERAGE MISS LATENCY: 236.9 cycles
cpu2->cpu2_L2C TOTAL        ACCESS:    3746279 HIT:    1646282 MISS:    2099997 MSHR_MERGE:          0
cpu2->cpu2_L2C LOAD         ACCESS:    1432731 HIT:     411521 MISS:    1021210 MSHR_MERGE:          0
cpu2->cpu2_L2C RFO          ACCESS:    1155587 HIT:      77186 MISS:    1078401 MSHR_MERGE:          0
cpu2->cpu2_L2C PREFETCH     ACCESS:          0 HIT:          0 MISS:          0 MSHR_MERGE:          0
cpu2->cpu2_L2C WRITE        ACCESS:    1157944 HIT:    1157575 MISS:        369 MSHR_MERGE:          0
cpu2->cpu2_L2C TRANSLATION  ACCESS:         17 HIT:          0 MISS:         17 MSHR_MERGE:          0
cpu2->cpu2_L2C PREFETCH REQUESTED:          0 ISSUED:          0 USEFUL:          0 USELESS:          0
cpu2->cpu2_L2C AVERAGE MISS LATENCY: 204.1 cycles
cpu2->cpu2_L1I TOTAL        ACCESS:   15787937 HIT:   15787934 MISS:          3 MSHR_MERGE:          2
cpu2->cpu2_L1I LOAD         ACCESS:   15787937 HIT:   15787934 MISS:          3 MSHR_MERGE:          2
cpu2->cpu2_L1I RFO          ACCESS:          0 HIT:          0 MISS:          0 MSHR_MERGE:          0
cpu2->cpu2_L1I PREFETCH     ACCESS:          0 HIT:          0 MISS:          0 MSHR_MERGE:          0
cpu2->cpu2_L1I WRITE        ACCESS:          0 HIT:          0 MISS:          0 MSHR_MERGE:          0
cpu2->cpu2_L1I TRANSLATION  ACCESS:          0 HIT:          0 MISS:          0 MSHR_MERGE:          0
cpu2->cpu2_L1I PREFETCH REQUESTED:          0 ISSUED:          0 USEFUL:          0 USELESS:          0
cpu2->cpu2_L1I AVERAGE MISS LATENCY: 198 cycles
cpu2->cpu2_L1D TOTAL        ACCESS:   32152430 HIT:   22835309 MISS:    9317121 MSHR_MERGE:    6728761
cpu2->cpu2_L1D LOAD         ACCESS:   10390519 HIT:    6640105 MISS:    3750414 MSHR_MERGE:    2317683
cpu2->cpu2_L1D RFO          ACCESS:          0 HIT:          0 MISS:          0 MSHR_MERGE:          0
cpu2->cpu2_L1D PREFETCH     ACCESS:          0 HIT:          0 MISS:          0 MSHR_MERGE:          0
cpu2->cpu2_L1D WRITE        ACCESS:   21761894 HIT:   16195204 MISS:    5566690 MSHR_MERGE:    4411078
cpu2->cpu2_L1D TRANSLATION  ACCESS:         17 HIT:          0 MISS:         17 MSHR_MERGE:          0
cpu2->cpu2_L1D PREFETCH REQUESTED:          0 ISSUED:          0 USEFUL:          0 USELESS:          0
cpu2->cpu2_L1D AVERAGE MISS LATENCY: 174.4 cycles
cpu2->cpu2_ITLB TOTAL        ACCESS:   14593932 HIT:   14593932 MISS:          0 MSHR_MERGE:          0
cpu2->cpu2_ITLB LOAD         ACCESS:   14593932 HIT:   14593932 MISS:          0 MSHR_MERGE:          0
cpu2->cpu2_ITLB RFO          ACCESS:          0 HIT:          0 MISS:          0 MSHR_MERGE:          0
cpu2->cpu2_ITLB PREFETCH     ACCESS:          0 HIT:          0 MISS:          0 MSHR_MERGE:          0
cpu2->cpu2_ITLB WRITE        ACCESS:          0 HIT:          0 MISS:          0 MSHR_MERGE:          0
cpu2->cpu2_ITLB TRANSLATION  ACCESS:          0 HIT:          0 MISS:          0 MSHR_MERGE:          0
cpu2->cpu2_ITLB PREFETCH REQUESTED:          0 ISSUED:          0 USEFUL:          0 USELESS:          0
cpu2->cpu2_ITLB AVERAGE MISS LATENCY: - cycles
cpu2->cpu2_DTLB TOTAL        ACCESS:   28696620 HIT:   28696510 MISS:        110 MSHR_MERGE:         93
cpu2->cpu2_DTLB LOAD         ACCESS:   28696620 HIT:   28696510 MISS:        110 MSHR_MERGE:         93
cpu2->cpu2_DTLB RFO          ACCESS:          0 HIT:          0 MISS:          0 MSHR_MERGE:          0
cpu2->cpu2_DTLB PREFETCH     ACCESS:          0 HIT:          0 MISS:          0 MSHR_MERGE:          0
cpu2->cpu2_DTLB WRITE        ACCESS:          0 HIT:          0 MISS:          0 MSHR_MERGE:          0
cpu2->cpu2_DTLB TRANSLATION  ACCESS:          0 HIT:          0 MISS:          0 MSHR_MERGE:          0
cpu2->cpu2_DTLB PREFETCH REQUESTED:          0 ISSUED:          0 USEFUL:          0 USELESS:          0
cpu2->cpu2_DTLB AVERAGE MISS LATENCY: 242.9 cycles
cpu1->cpu1_STLB TOTAL        ACCESS:         18 HIT:          0 MISS:         18 MSHR_MERGE:          0
cpu1->cpu1_STLB LOAD         ACCESS:         18 HIT:          0 MISS:         18 MSHR_MERGE:          0
cpu1->cpu1_STLB RFO          ACCESS:          0 HIT:          0 MISS:          0 MSHR_MERGE:          0
cpu1->cpu1_STLB PREFETCH     ACCESS:          0 HIT:          0 MISS:          0 MSHR_MERGE:          0
cpu1->cpu1_STLB WRITE        ACCESS:          0 HIT:          0 MISS:          0 MSHR_MERGE:          0
cpu1->cpu1_STLB TRANSLATION  ACCESS:          0 HIT:          0 MISS:          0 MSHR_MERGE:          0
cpu1->cpu1_STLB PREFETCH REQUESTED:          0 ISSUED:          0 USEFUL:          0 USELESS:          0
cpu1->cpu1_STLB AVERAGE MISS LATENCY: 243.8 cycles
cpu1->cpu1_L2C TOTAL        ACCESS:    3877008 HIT:    1704692 MISS:    2172316 MSHR_MERGE:          0
cpu1->cpu1_L2C LOAD         ACCESS:    1483594 HIT:     426949 MISS:    1056645 MSHR_MERGE:          0
cpu1->cpu1_L2C RFO          ACCESS:    1195190 HIT:      79930 MISS:    1115260 MSHR_MERGE:          0
cpu1->cpu1_L2C PREFETCH     ACCESS:          0 HIT:          0 MISS:          0 MSHR_MERGE:          0
cpu1->cpu1_L2C WRITE        ACCESS:    1198206 HIT:    1197813 MISS:        393 MSHR_MERGE:          0
cpu1->cpu1_L2C TRANSLATION  ACCESS:         18 HIT:          0 MISS:         18 MSHR_MERGE:          0
cpu1->cpu1_L2C PREFETCH REQUESTED:          0 ISSUED:          0 USEFUL:          0 USELESS:          0
cpu1->cpu1_L2C AVERAGE MISS LATENCY: 196.2 cycles
cpu1->cpu1_L1I TOTAL        ACCESS:   16364756 HIT:   16364753 MISS:          3 MSHR_MERGE:          2
cpu1->cpu1_L1I LOAD         ACCESS:   16364756 HIT:   16364753 MISS:          3 MSHR_MERGE:          2
cpu1->cpu1_L1I RFO          ACCESS:          0 HIT:          0 MISS:          0 MSHR_MERGE:          0
cpu1->cpu1_L1I PREFETCH     ACCESS:          0 HIT:          0 MISS:          0 MSHR_MERGE:          0
cpu1->cpu1_L1I WRITE        ACCESS:          0 HIT:          0 MISS:          0 MSHR_MERGE:          0
cpu1->cpu1_L1I TRANSLATION  ACCESS:          0 HIT:          0 MISS:          0 MSHR_MERGE:          0
cpu1->cpu1_L1I PREFETCH REQUESTED:          0 ISSUED:          0 USEFUL:          0 USELESS:          0
cpu1->cpu1_L1I AVERAGE MISS LATENCY: 203 cycles
cpu1->cpu1_L1D TOTAL        ACCESS:   33331357 HIT:   23590379 MISS:    9740978 MSHR_MERGE:    7062148
cpu1->cpu1_L1D LOAD         ACCESS:   10764763 HIT:    6885383 MISS:    3879380 MSHR_MERGE:    2395785
cpu1->cpu1_L1D RFO          ACCESS:          0 HIT:          0 MISS:          0 MSHR_MERGE:          0
cpu1->cpu1_L1D PREFETCH     ACCESS:          0 HIT:          0 MISS:          0 MSHR_MERGE:          0
cpu1->cpu1_L1D WRITE        ACCESS:   22566576 HIT:   16704996 MISS:    5861580 MSHR_MERGE:    4666363
cpu1->cpu1_L1D TRANSLATION  ACCESS:         18 HIT:          0 MISS:         18 MSHR_MERGE:          0
cpu1->cpu1_L1D PREFETCH REQUESTED:          0 ISSUED:          0 USEFUL:          0 USELESS:          0
cpu1->cpu1_L1D AVERAGE MISS LATENCY: 168 cycles
cpu1->cpu1_ITLB TOTAL        ACCESS:   15139011 HIT:   15139011 MISS:          0 MSHR_MERGE:          0
cpu1->cpu1_ITLB LOAD         ACCESS:   15139011 HIT:   15139011 MISS:          0 MSHR_MERGE:          0
cpu1->cpu1_ITLB RFO          ACCESS:          0 HIT:          0 MISS:          0 MSHR_MERGE:          0
cpu1->cpu1_ITLB PREFETCH     ACCESS:          0 HIT:          0 MISS:          0 MSHR_MERGE:          0
cpu1->cpu1_ITLB WRITE        ACCESS:          0 HIT:          0 MISS:          0 MSHR_MERGE:          0
cpu1->cpu1_ITLB TRANSLATION  ACCESS:          0 HIT:          0 MISS:          0 MSHR_MERGE:          0
cpu1->cpu1_ITLB PREFETCH REQUESTED:          0 ISSUED:          0 USEFUL:          0 USELESS:          0
cpu1->cpu1_ITLB AVERAGE MISS LATENCY: - cycles
cpu1->cpu1_DTLB TOTAL        ACCESS:   29761369 HIT:   29761242 MISS:        127 MSHR_MERGE:        109
cpu1->cpu1_DTLB LOAD         ACCESS:   29761369 HIT:   29761242 MISS:        127 MSHR_MERGE:        109
cpu1->cpu1_DTLB RFO          ACCESS:          0 HIT:          0 MISS:          0 MSHR_MERGE:          0
cpu1->cpu1_DTLB PREFETCH     ACCESS:          0 HIT:          0 MISS:          0 MSHR_MERGE:          0
cpu1->cpu1_DTLB WRITE        ACCESS:          0 HIT:          0 MISS:          0 MSHR_MERGE:          0
cpu1->cpu1_DTLB TRANSLATION  ACCESS:          0 HIT:          0 MISS:          0 MSHR_MERGE:          0
cpu1->cpu1_DTLB PREFETCH REQUESTED:          0 ISSUED:          0 USEFUL:          0 USELESS:          0
cpu1->cpu1_DTLB AVERAGE MISS LATENCY: 249.8 cycles
cpu0->cpu0_STLB TOTAL        ACCESS:         17 HIT:          0 MISS:         17 MSHR_MERGE:          0
cpu0->cpu0_STLB LOAD         ACCESS:         17 HIT:          0 MISS:         17 MSHR_MERGE:          0
cpu0->cpu0_STLB RFO          ACCESS:          0 HIT:          0 MISS:          0 MSHR_MERGE:          0
cpu0->cpu0_STLB PREFETCH     ACCESS:          0 HIT:          0 MISS:          0 MSHR_MERGE:          0
cpu0->cpu0_STLB WRITE        ACCESS:          0 HIT:          0 MISS:          0 MSHR_MERGE:          0
cpu0->cpu0_STLB TRANSLATION  ACCESS:          0 HIT:          0 MISS:          0 MSHR_MERGE:          0
cpu0->cpu0_STLB PREFETCH REQUESTED:          0 ISSUED:          0 USEFUL:          0 USELESS:          0
cpu0->cpu0_STLB AVERAGE MISS LATENCY: 345.1 cycles
cpu0->cpu0_L2C TOTAL        ACCESS:    3912644 HIT:    1715352 MISS:    2197292 MSHR_MERGE:          0
cpu0->cpu0_L2C LOAD         ACCESS:    1494929 HIT:     425897 MISS:    1069032 MSHR_MERGE:          0
cpu0->cpu0_L2C RFO          ACCESS:    1207512 HIT:      79651 MISS:    1127861 MSHR_MERGE:          0
cpu0->cpu0_L2C PREFETCH     ACCESS:          0 HIT:          0 MISS:          0 MSHR_MERGE:          0
cpu0->cpu0_L2C WRITE        ACCESS:    1210186 HIT:    1209804 MISS:        382 MSHR_MERGE:          0
cpu0->cpu0_L2C TRANSLATION  ACCESS:         17 HIT:          0 MISS:         17 MSHR_MERGE:          0
cpu0->cpu0_L2C PREFETCH REQUESTED:          0 ISSUED:          0 USEFUL:          0 USELESS:          0
cpu0->cpu0_L2C AVERAGE MISS LATENCY: 197.2 cycles
cpu0->cpu0_L1I TOTAL        ACCESS:   16441077 HIT:   16441074 MISS:          3 MSHR_MERGE:          2
cpu0->cpu0_L1I LOAD         ACCESS:   16441077 HIT:   16441074 MISS:          3 MSHR_MERGE:          2
cpu0->cpu0_L1I RFO          ACCESS:          0 HIT:          0 MISS:          0 MSHR_MERGE:          0
cpu0->cpu0_L1I PREFETCH     ACCESS:          0 HIT:          0 MISS:          0 MSHR_MERGE:          0
cpu0->cpu0_L1I WRITE        ACCESS:          0 HIT:          0 MISS:          0 MSHR_MERGE:          0
cpu0->cpu0_L1I TRANSLATION  ACCESS:          0 HIT:          0 MISS:          0 MSHR_MERGE:          0
cpu0->cpu0_L1I PREFETCH REQUESTED:          0 ISSUED:          0 USEFUL:          0 USELESS:          0
cpu0->cpu0_L1I AVERAGE MISS LATENCY: 181 cycles
cpu0->cpu0_L1D TOTAL        ACCESS:   33306232 HIT:   23537095 MISS:    9769137 MSHR_MERGE:    7066653
cpu0->cpu0_L1D LOAD         ACCESS:   10767928 HIT:    6872670 MISS:    3895258 MSHR_MERGE:    2400328
cpu0->cpu0_L1D RFO          ACCESS:          0 HIT:          0 MISS:          0 MSHR_MERGE:          0
cpu0->cpu0_L1D PREFETCH     ACCESS:          0 HIT:          0 MISS:          0 MSHR_MERGE:          0
cpu0->cpu0_L1D WRITE        ACCESS:   22538287 HIT:   16664425 MISS:    5873862 MSHR_MERGE:    4666325
cpu0->cpu0_L1D TRANSLATION  ACCESS:         17 HIT:          0 MISS:         17 MSHR_MERGE:          0
cpu0->cpu0_L1D PREFETCH REQUESTED:          0 ISSUED:          0 USEFUL:          0 USELESS:          0
cpu0->cpu0_L1D AVERAGE MISS LATENCY: 169.2 cycles
cpu0->cpu0_ITLB TOTAL        ACCESS:   15180723 HIT:   15180723 MISS:          0 MSHR_MERGE:          0
cpu0->cpu0_ITLB LOAD         ACCESS:   15180723 HIT:   15180723 MISS:          0 MSHR_MERGE:          0
cpu0->cpu0_ITLB RFO          ACCESS:          0 HIT:          0 MISS:          0 MSHR_MERGE:          0
cpu0->cpu0_ITLB PREFETCH     ACCESS:          0 HIT:          0 MISS:          0 MSHR_MERGE:          0
cpu0->cpu0_ITLB WRITE        ACCESS:          0 HIT:          0 MISS:          0 MSHR_MERGE:          0
cpu0->cpu0_ITLB TRANSLATION  ACCESS:          0 HIT:          0 MISS:          0 MSHR_MERGE:          0
cpu0->cpu0_ITLB PREFETCH REQUESTED:          0 ISSUED:          0 USEFUL:          0 USELESS:          0
cpu0->cpu0_ITLB AVERAGE MISS LATENCY: - cycles
cpu0->cpu0_DTLB TOTAL        ACCESS:   29762808 HIT:   29762702 MISS:        106 MSHR_MERGE:         89
cpu0->cpu0_DTLB LOAD         ACCESS:   29762808 HIT:   29762702 MISS:        106 MSHR_MERGE:         89
cpu0->cpu0_DTLB RFO          ACCESS:          0 HIT:          0 MISS:          0 MSHR_MERGE:          0
cpu0->cpu0_DTLB PREFETCH     ACCESS:          0 HIT:          0 MISS:          0 MSHR_MERGE:          0
cpu0->cpu0_DTLB WRITE        ACCESS:          0 HIT:          0 MISS:          0 MSHR_MERGE:          0
cpu0->cpu0_DTLB TRANSLATION  ACCESS:          0 HIT:          0 MISS:          0 MSHR_MERGE:          0
cpu0->cpu0_DTLB PREFETCH REQUESTED:          0 ISSUED:          0 USEFUL:          0 USELESS:          0
cpu0->cpu0_DTLB AVERAGE MISS LATENCY: 351.1 cycles
cpu0->LLC TOTAL        ACCESS:    3328476 HIT:    2410778 MISS:     917698 MSHR_MERGE:          0
cpu0->LLC LOAD         ACCESS:    1069032 HIT:     652411 MISS:     416621 MSHR_MERGE:          0
cpu0->LLC RFO          ACCESS:    1127861 HIT:     632052 MISS:     495809 MSHR_MERGE:          0
cpu0->LLC PREFETCH     ACCESS:          0 HIT:          0 MISS:          0 MSHR_MERGE:          0
cpu0->LLC WRITE        ACCESS:    1131566 HIT:    1126301 MISS:       5265 MSHR_MERGE:          0
cpu0->LLC TRANSLATION  ACCESS:         17 HIT:         14 MISS:          3 MSHR_MERGE:          0
cpu0->LLC PREFETCH REQUESTED:          0 ISSUED:          0 USEFUL:          0 USELESS:          0
cpu0->LLC AVERAGE MISS LATENCY: 3444 cycles
cpu1->LLC TOTAL        ACCESS:    3291329 HIT:    2381111 MISS:     910218 MSHR_MERGE:          0
cpu1->LLC LOAD         ACCESS:    1056645 HIT:     639883 MISS:     416762 MSHR_MERGE:          0
cpu1->LLC RFO          ACCESS:    1115260 HIT:     624945 MISS:     490315 MSHR_MERGE:          0
cpu1->LLC PREFETCH     ACCESS:          0 HIT:          0 MISS:          0 MSHR_MERGE:          0
cpu1->LLC WRITE        ACCESS:    1119406 HIT:    1116266 MISS:       3140 MSHR_MERGE:          0
cpu1->LLC TRANSLATION  ACCESS:         18 HIT:         17 MISS:          1 MSHR_MERGE:          0
cpu1->LLC PREFETCH REQUESTED:          0 ISSUED:          0 USEFUL:          0 USELESS:          0
cpu1->LLC AVERAGE MISS LATENCY: 3472 cycles
cpu2->LLC TOTAL        ACCESS:    3181896 HIT:    2242239 MISS:     939657 MSHR_MERGE:          0
cpu2->LLC LOAD         ACCESS:    1021210 HIT:     591010 MISS:     430200 MSHR_MERGE:          0
cpu2->LLC RFO          ACCESS:    1078401 HIT:     570259 MISS:     508142 MSHR_MERGE:          0
cpu2->LLC PREFETCH     ACCESS:          0 HIT:          0 MISS:          0 MSHR_MERGE:          0
cpu2->LLC WRITE        ACCESS:    1082268 HIT:    1080953 MISS:       1315 MSHR_MERGE:          0
cpu2->LLC TRANSLATION  ACCESS:         17 HIT:         17 MISS:          0 MSHR_MERGE:          0
cpu2->LLC PREFETCH REQUESTED:          0 ISSUED:          0 USEFUL:          0 USELESS:          0
cpu2->LLC AVERAGE MISS LATENCY: 3363 cycles
cpu3->LLC TOTAL        ACCESS:    3328708 HIT:    2410590 MISS:     918118 MSHR_MERGE:          0
cpu3->LLC LOAD         ACCESS:    1069290 HIT:     654249 MISS:     415041 MSHR_MERGE:          0
cpu3->LLC RFO          ACCESS:    1127897 HIT:     629628 MISS:     498269 MSHR_MERGE:          0
cpu3->LLC PREFETCH     ACCESS:          0 HIT:          0 MISS:          0 MSHR_MERGE:          0
cpu3->LLC WRITE        ACCESS:    1131504 HIT:    1126696 MISS:       4808 MSHR_MERGE:          0
cpu3->LLC TRANSLATION  ACCESS:         17 HIT:         17 MISS:          0 MSHR_MERGE:          0
cpu3->LLC PREFETCH REQUESTED:          0 ISSUED:          0 USEFUL:          0 USELESS:          0
cpu3->LLC AVERAGE MISS LATENCY: 3442 cycles
cpu4->LLC TOTAL        ACCESS:    3265725 HIT:    2351724 MISS:     914001 MSHR_MERGE:          0
cpu4->LLC LOAD         ACCESS:    1048792 HIT:     629478 MISS:     419314 MSHR_MERGE:          0
cpu4->LLC RFO          ACCESS:    1106366 HIT:     613771 MISS:     492595 MSHR_MERGE:          0
cpu4->LLC PREFETCH     ACCESS:          0 HIT:          0 MISS:          0 MSHR_MERGE:          0
cpu4->LLC WRITE        ACCESS:    1110551 HIT:    1108460 MISS:       2091 MSHR_MERGE:          0
cpu4->LLC TRANSLATION  ACCESS:         16 HIT:         15 MISS:          1 MSHR_MERGE:          0
cpu4->LLC PREFETCH REQUESTED:          0 ISSUED:          0 USEFUL:          0 USELESS:          0
cpu4->LLC AVERAGE MISS LATENCY: 3458 cycles
cpu5->LLC TOTAL        ACCESS:    3335809 HIT:    2418407 MISS:     917402 MSHR_MERGE:          0
cpu5->LLC LOAD         ACCESS:    1070716 HIT:     651608 MISS:     419108 MSHR_MERGE:          0
cpu5->LLC RFO          ACCESS:    1130685 HIT:     632994 MISS:     497691 MSHR_MERGE:          0
cpu5->LLC PREFETCH     ACCESS:          0 HIT:          0 MISS:          0 MSHR_MERGE:          0
cpu5->LLC WRITE        ACCESS:    1134390 HIT:    1133789 MISS:        601 MSHR_MERGE:          0
cpu5->LLC TRANSLATION  ACCESS:         18 HIT:         16 MISS:          2 MSHR_MERGE:          0
cpu5->LLC PREFETCH REQUESTED:          0 ISSUED:          0 USEFUL:          0 USELESS:          0
cpu5->LLC AVERAGE MISS LATENCY: 3445 cycles
cpu6->LLC TOTAL        ACCESS:    3293907 HIT:    2401065 MISS:     892842 MSHR_MERGE:          0
cpu6->LLC LOAD         ACCESS:    1056989 HIT:     648492 MISS:     408497 MSHR_MERGE:          0
cpu6->LLC RFO          ACCESS:    1116324 HIT:     633677 MISS:     482647 MSHR_MERGE:          0
cpu6->LLC PREFETCH     ACCESS:          0 HIT:          0 MISS:          0 MSHR_MERGE:          0
cpu6->LLC WRITE        ACCESS:    1120577 HIT:    1118880 MISS:       1697 MSHR_MERGE:          0
cpu6->LLC TRANSLATION  ACCESS:         17 HIT:         16 MISS:          1 MSHR_MERGE:          0
cpu6->LLC PREFETCH REQUESTED:          0 ISSUED:          0 USEFUL:          0 USELESS:          0
cpu6->LLC AVERAGE MISS LATENCY: 3540 cycles
cpu7->LLC TOTAL        ACCESS:    3058422 HIT:    2133337 MISS:     925085 MSHR_MERGE:          0
cpu7->LLC LOAD         ACCESS:     982643 HIT:     547761 MISS:     434882 MSHR_MERGE:          0
cpu7->LLC RFO          ACCESS:    1035952 HIT:     546299 MISS:     489653 MSHR_MERGE:          0
cpu7->LLC PREFETCH     ACCESS:          0 HIT:          0 MISS:          0 MSHR_MERGE:          0
cpu7->LLC WRITE        ACCESS:    1039811 HIT:    1039263 MISS:        548 MSHR_MERGE:          0
cpu7->LLC TRANSLATION  ACCESS:         16 HIT:         14 MISS:          2 MSHR_MERGE:          0
cpu7->LLC PREFETCH REQUESTED:          0 ISSUED:          0 USEFUL:          0 USELESS:          0
cpu7->LLC AVERAGE MISS LATENCY: 3416 cycles

DRAM Statistics

Channel 0 READ REQS:    3657432	WRITE REQS:    2982962
  READS:    3657166	READ_HITS:          0
  WRITES:    2982948	WRITE HITS:          0
  ACTIVATES:    6640119	PRECHARGES:    6640114
  RQ FULL:       1399	WQ FULL:       2031
  WRITE DRAINS:      78784	FORCED:      48294
  MEAN WRITE IMBALANCE: 2.6030666125101543
  READ OCCU PRE DRAIN: 5.203696181965881	POST DRAIN: 12.125647339561333
  MEAN BLP: 19.123083367181152	BGLP: 7.303272238017872
  READ LATENCY: 105.55165119658227
  TIME IN WRITE MODE: 15582635744

Channel 1 READ REQS:    3658124	WRITE REQS:    2983347
  READS:    3657850	READ_HITS:          0
  WRITES:    2983338	WRITE HITS:          0
  ACTIVATES:    6641192	PRECHARGES:    6641188
  RQ FULL:          0	WQ FULL:       1942
  WRITE DRAINS:      83610	FORCED:      47616
  MEAN WRITE IMBALANCE: 2.5010166248056453
  READ OCCU PRE DRAIN: 4.847015907188135	POST DRAIN: 11.201303671809592
  MEAN BLP: 18.125319937806484	BGLP: 7.056261212773592
  READ LATENCY: 104.42288475470563
  TIME IN WRITE MODE: 15725535488
---------------------------------------
Begin Slurm Epilog: Apr-10-2025 07:00:18
Job ID:        3743375
User ID:       svittal8
Account:       gts-mqureshi4-rg
Job name:      wrap
Resources:     cpu=1,mem=4G,node=1
Rsrc Used:     cput=03:42:49,vmem=0,walltime=03:42:49,mem=176524K,energy_used=0
Partition:     cpu-small
QOS:           inferno
Nodes:         atl1-1-03-003-5-2
---------------------------------------
