---------------------------------------
Begin Slurm Prolog: Apr-10-2025 03:13:26
Job ID:    3743291
User ID:   svittal8
Account:   gts-mqureshi4-rg
Job name:  wrap
Partition: cpu-small
QOS:       inferno
---------------------------------------
[VMEM] WARNING: physical memory size is smaller than virtual memory size.

*** ChampSim Multicore Out-of-Order Simulator ***
Warmup Instructions: 25000000
Simulation Instructions: 100000000
Number of CPUs: 8
Page size: 2097152

initializing BARD -- num sampled sets: 64, modulus = 256
CL :	 16.64 ns
CWL :	 15.808 ns
tRP :	 16.224 ns
tRCD :	 16.224 ns
tRAS :	 32.032000000000004 ns
tRTP :	 7.904 ns
tWR :	 30.368000000000002 ns

tCCD_S :	 3.3280000000000003 ns
tCCD_S_WR :	 3.3280000000000003 ns
tCCD_S_WTR :	 22.048000000000002 ns
tCCD_L :	 5.408 ns
tCCD_L_WR :	 20.384 ns
tCCD_L_WTR :	 29.536 ns
tRRD_S :	 3.3280000000000003 ns
tRRD_L :	 5.408 ns
tFAW :	 13.728 ns
Address mapping (perm = 1) 	ch co bg bg bg ba ba co co co co co co ro ro ro ro ro ro ro ro ro ro ro ro ro ro ro 
dram queue size: R = 64 W = 48 (low:high is 8:40)
num evicts: 0, p: 0, s: 0 	 max proactive lookup: 0, max shadow lookup: 0
	evict counters: 128 128 128 128
	eager counters: 128 128 128 128
num evicts: 100000, p: 21514, s: 4665 	 max proactive lookup: 0, max shadow lookup: 0
	evict counters: 128 128 128 128
	eager counters: 128 128 128 128
num evicts: 200000, p: 25208, s: 20960 	 max proactive lookup: 0, max shadow lookup: 0
	evict counters: 128 128 128 128
	eager counters: 128 128 128 128
num evicts: 300000, p: 27605, s: 39195 	 max proactive lookup: 0, max shadow lookup: 0
	evict counters: 128 128 128 128
	eager counters: 128 128 128 128
num evicts: 400000, p: 29953, s: 57779 	 max proactive lookup: 0, max shadow lookup: 0
	evict counters: 128 128 128 128
	eager counters: 128 128 128 128
num evicts: 500000, p: 32173, s: 76633 	 max proactive lookup: 0, max shadow lookup: 0
	evict counters: 128 128 128 128
	eager counters: 128 128 128 128
num evicts: 600000, p: 34678, s: 97364 	 max proactive lookup: 0, max shadow lookup: 0
	evict counters: 128 128 128 128
	eager counters: 128 128 128 128
num evicts: 700000, p: 36555, s: 118259 	 max proactive lookup: 0, max shadow lookup: 0
	evict counters: 128 128 128 128
	eager counters: 128 128 128 128
num evicts: 800000, p: 38320, s: 140363 	 max proactive lookup: 0, max shadow lookup: 0
	evict counters: 128 128 128 128
	eager counters: 128 128 128 128
num evicts: 900000, p: 39868, s: 162662 	 max proactive lookup: 0, max shadow lookup: 0
	evict counters: 128 128 128 128
	eager counters: 128 128 128 128
num evicts: 1000000, p: 41450, s: 185079 	 max proactive lookup: 0, max shadow lookup: 0
	evict counters: 128 128 128 128
	eager counters: 128 128 128 128
num evicts: 1100000, p: 43029, s: 207684 	 max proactive lookup: 0, max shadow lookup: 0
	evict counters: 128 128 128 128
	eager counters: 128 128 128 128
num evicts: 1200000, p: 44623, s: 230124 	 max proactive lookup: 0, max shadow lookup: 0
	evict counters: 128 128 128 128
	eager counters: 128 128 128 128
num evicts: 1300000, p: 46201, s: 252459 	 max proactive lookup: 0, max shadow lookup: 0
	evict counters: 128 128 128 128
	eager counters: 128 128 128 128
num evicts: 1400000, p: 48094, s: 275799 	 max proactive lookup: 0, max shadow lookup: 0
	evict counters: 128 128 128 128
	eager counters: 128 128 128 128
num evicts: 1500000, p: 49794, s: 296000 	 max proactive lookup: 0, max shadow lookup: 0
	evict counters: 128 128 128 128
	eager counters: 128 128 128 128
num evicts: 1600000, p: 51753, s: 316755 	 max proactive lookup: 0, max shadow lookup: 0
	evict counters: 128 128 128 128
	eager counters: 128 128 128 128
num evicts: 1700000, p: 53668, s: 337717 	 max proactive lookup: 0, max shadow lookup: 0
	evict counters: 128 128 128 128
	eager counters: 128 128 128 128
num evicts: 1800000, p: 55540, s: 358851 	 max proactive lookup: 0, max shadow lookup: 0
	evict counters: 128 128 128 128
	eager counters: 128 128 128 128
num evicts: 1900000, p: 57477, s: 379718 	 max proactive lookup: 0, max shadow lookup: 0
	evict counters: 128 128 128 128
	eager counters: 128 128 128 128
num evicts: 2000000, p: 59402, s: 400422 	 max proactive lookup: 0, max shadow lookup: 0
	evict counters: 128 128 128 128
	eager counters: 128 128 128 128
num evicts: 2100000, p: 61301, s: 421443 	 max proactive lookup: 0, max shadow lookup: 0
	evict counters: 128 128 128 128
	eager counters: 128 128 128 128
num evicts: 2200000, p: 63017, s: 443538 	 max proactive lookup: 0, max shadow lookup: 0
	evict counters: 128 128 128 128
	eager counters: 128 128 128 128
num evicts: 2300000, p: 64765, s: 464461 	 max proactive lookup: 0, max shadow lookup: 0
	evict counters: 128 128 128 128
	eager counters: 128 128 128 128
num evicts: 2400000, p: 66441, s: 484629 	 max proactive lookup: 0, max shadow lookup: 0
	evict counters: 128 128 128 128
	eager counters: 128 128 128 128
num evicts: 2500000, p: 68062, s: 504695 	 max proactive lookup: 0, max shadow lookup: 0
	evict counters: 128 128 128 128
	eager counters: 128 128 128 128
num evicts: 2600000, p: 69735, s: 525105 	 max proactive lookup: 0, max shadow lookup: 0
	evict counters: 128 128 128 128
	eager counters: 128 128 128 128
num evicts: 2700000, p: 71339, s: 545908 	 max proactive lookup: 0, max shadow lookup: 0
	evict counters: 128 128 128 128
	eager counters: 128 128 128 128
num evicts: 2800000, p: 73009, s: 565957 	 max proactive lookup: 0, max shadow lookup: 0
	evict counters: 128 128 128 128
	eager counters: 128 128 128 128
num evicts: 2900000, p: 74657, s: 586668 	 max proactive lookup: 0, max shadow lookup: 0
	evict counters: 128 128 128 128
	eager counters: 128 128 128 128
num evicts: 3000000, p: 76262, s: 610404 	 max proactive lookup: 0, max shadow lookup: 0
	evict counters: 128 128 128 128
	eager counters: 128 128 128 128
num evicts: 3100000, p: 77565, s: 633232 	 max proactive lookup: 0, max shadow lookup: 0
	evict counters: 128 128 128 128
	eager counters: 128 128 128 128
num evicts: 3200000, p: 78673, s: 656308 	 max proactive lookup: 0, max shadow lookup: 0
	evict counters: 128 128 128 128
	eager counters: 128 128 128 128
num evicts: 3300000, p: 79788, s: 679325 	 max proactive lookup: 0, max shadow lookup: 0
	evict counters: 128 128 128 128
	eager counters: 128 128 128 128
num evicts: 3400000, p: 80888, s: 702091 	 max proactive lookup: 0, max shadow lookup: 0
	evict counters: 128 128 128 128
	eager counters: 128 128 128 128
num evicts: 3500000, p: 82087, s: 725013 	 max proactive lookup: 0, max shadow lookup: 0
	evict counters: 128 128 128 128
	eager counters: 128 128 128 128
num evicts: 3600000, p: 83120, s: 748045 	 max proactive lookup: 0, max shadow lookup: 0
	evict counters: 128 128 128 128
	eager counters: 128 128 128 128
num evicts: 3700000, p: 84265, s: 771028 	 max proactive lookup: 0, max shadow lookup: 0
	evict counters: 128 128 128 128
	eager counters: 128 128 128 128
num evicts: 3800000, p: 85332, s: 793069 	 max proactive lookup: 0, max shadow lookup: 0
	evict counters: 128 128 128 128
	eager counters: 128 128 128 128
num evicts: 3900000, p: 87138, s: 811298 	 max proactive lookup: 0, max shadow lookup: 0
	evict counters: 128 128 128 128
	eager counters: 128 128 128 128
num evicts: 4000000, p: 89449, s: 828301 	 max proactive lookup: 0, max shadow lookup: 0
	evict counters: 128 128 128 128
	eager counters: 128 128 128 128
num evicts: 4100000, p: 91715, s: 845438 	 max proactive lookup: 0, max shadow lookup: 0
	evict counters: 128 128 128 128
	eager counters: 128 128 128 128
num evicts: 4200000, p: 93968, s: 862629 	 max proactive lookup: 0, max shadow lookup: 0
	evict counters: 128 128 128 128
	eager counters: 128 128 128 128
num evicts: 4300000, p: 96276, s: 879409 	 max proactive lookup: 0, max shadow lookup: 0
	evict counters: 128 128 128 128
	eager counters: 128 128 128 128
num evicts: 4400000, p: 98519, s: 896438 	 max proactive lookup: 0, max shadow lookup: 0
	evict counters: 128 128 128 128
	eager counters: 128 128 128 128
num evicts: 4500000, p: 100784, s: 913430 	 max proactive lookup: 0, max shadow lookup: 0
	evict counters: 128 128 128 128
	eager counters: 128 128 128 128
num evicts: 4600000, p: 103015, s: 931185 	 max proactive lookup: 0, max shadow lookup: 0
	evict counters: 128 128 128 128
	eager counters: 128 128 128 128
num evicts: 4700000, p: 104631, s: 954261 	 max proactive lookup: 0, max shadow lookup: 0
	evict counters: 128 128 128 128
	eager counters: 128 128 128 128
Heartbeat CPU 0 instructions: 10000003 cycles: 6643770 heartbeat IPC: 1.505 cumulative IPC: 1.505 (Simulation time: 00 hr 14 min 43 sec)
Heartbeat CPU 1 instructions: 10000003 cycles: 6644404 heartbeat IPC: 1.505 cumulative IPC: 1.505 (Simulation time: 00 hr 14 min 44 sec)
Heartbeat CPU 2 instructions: 10000003 cycles: 6644900 heartbeat IPC: 1.505 cumulative IPC: 1.505 (Simulation time: 00 hr 14 min 44 sec)
Heartbeat CPU 3 instructions: 10000003 cycles: 6645078 heartbeat IPC: 1.505 cumulative IPC: 1.505 (Simulation time: 00 hr 14 min 44 sec)
Heartbeat CPU 4 instructions: 10000003 cycles: 6645255 heartbeat IPC: 1.505 cumulative IPC: 1.505 (Simulation time: 00 hr 14 min 44 sec)
Heartbeat CPU 5 instructions: 10000003 cycles: 6645464 heartbeat IPC: 1.505 cumulative IPC: 1.505 (Simulation time: 00 hr 14 min 44 sec)
Heartbeat CPU 6 instructions: 10000003 cycles: 6645663 heartbeat IPC: 1.505 cumulative IPC: 1.505 (Simulation time: 00 hr 14 min 44 sec)
Heartbeat CPU 7 instructions: 10000003 cycles: 6645816 heartbeat IPC: 1.505 cumulative IPC: 1.505 (Simulation time: 00 hr 14 min 44 sec)
num evicts: 4800000, p: 105637, s: 978511 	 max proactive lookup: 0, max shadow lookup: 0
	evict counters: 128 128 128 128
	eager counters: 128 128 128 128
num evicts: 4900000, p: 106752, s: 1002713 	 max proactive lookup: 0, max shadow lookup: 0
	evict counters: 128 128 128 128
	eager counters: 128 128 128 128
num evicts: 5000000, p: 107871, s: 1026814 	 max proactive lookup: 0, max shadow lookup: 0
	evict counters: 128 128 128 128
	eager counters: 128 128 128 128
num evicts: 5100000, p: 108930, s: 1050994 	 max proactive lookup: 0, max shadow lookup: 0
	evict counters: 128 128 128 128
	eager counters: 128 128 128 128
num evicts: 5200000, p: 110025, s: 1075351 	 max proactive lookup: 0, max shadow lookup: 0
	evict counters: 128 128 128 128
	eager counters: 128 128 128 128
num evicts: 5300000, p: 111117, s: 1099265 	 max proactive lookup: 0, max shadow lookup: 0
	evict counters: 128 128 128 128
	eager counters: 128 128 128 128
num evicts: 5400000, p: 112189, s: 1122401 	 max proactive lookup: 0, max shadow lookup: 0
	evict counters: 128 128 128 128
	eager counters: 128 128 128 128
num evicts: 5500000, p: 113486, s: 1145816 	 max proactive lookup: 0, max shadow lookup: 0
	evict counters: 128 128 128 128
	eager counters: 128 128 128 128
num evicts: 5600000, p: 114674, s: 1169297 	 max proactive lookup: 0, max shadow lookup: 0
	evict counters: 128 128 128 128
	eager counters: 128 128 128 128
num evicts: 5700000, p: 115871, s: 1192901 	 max proactive lookup: 0, max shadow lookup: 0
	evict counters: 128 128 128 128
	eager counters: 128 128 128 128
num evicts: 5800000, p: 117099, s: 1217412 	 max proactive lookup: 0, max shadow lookup: 0
	evict counters: 128 128 128 128
	eager counters: 128 128 128 128
num evicts: 5900000, p: 118249, s: 1240594 	 max proactive lookup: 0, max shadow lookup: 0
	evict counters: 128 128 128 128
	eager counters: 128 128 128 128
num evicts: 6000000, p: 119365, s: 1264215 	 max proactive lookup: 0, max shadow lookup: 0
	evict counters: 128 128 128 128
	eager counters: 128 128 128 128
num evicts: 6100000, p: 120757, s: 1287660 	 max proactive lookup: 0, max shadow lookup: 0
	evict counters: 128 128 128 128
	eager counters: 128 128 128 128
num evicts: 6200000, p: 122029, s: 1311352 	 max proactive lookup: 0, max shadow lookup: 0
	evict counters: 128 128 128 128
	eager counters: 128 128 128 128
num evicts: 6300000, p: 122904, s: 1333165 	 max proactive lookup: 0, max shadow lookup: 0
	evict counters: 128 128 128 128
	eager counters: 128 128 128 128
num evicts: 6400000, p: 123838, s: 1354995 	 max proactive lookup: 0, max shadow lookup: 0
	evict counters: 128 128 128 128
	eager counters: 128 128 128 128
num evicts: 6500000, p: 124785, s: 1376871 	 max proactive lookup: 0, max shadow lookup: 0
	evict counters: 128 128 128 128
	eager counters: 128 128 128 128
num evicts: 6600000, p: 125697, s: 1398870 	 max proactive lookup: 0, max shadow lookup: 0
	evict counters: 128 128 128 128
	eager counters: 128 128 128 128
num evicts: 6700000, p: 126553, s: 1421218 	 max proactive lookup: 0, max shadow lookup: 0
	evict counters: 128 128 128 128
	eager counters: 128 128 128 128
num evicts: 6800000, p: 127492, s: 1443130 	 max proactive lookup: 0, max shadow lookup: 0
	evict counters: 128 128 128 128
	eager counters: 128 128 128 128
num evicts: 6900000, p: 128372, s: 1464808 	 max proactive lookup: 0, max shadow lookup: 0
	evict counters: 128 128 128 128
	eager counters: 128 128 128 128
num evicts: 7000000, p: 129395, s: 1487556 	 max proactive lookup: 0, max shadow lookup: 0
	evict counters: 128 128 128 128
	eager counters: 128 128 128 128
num evicts: 7100000, p: 130456, s: 1512918 	 max proactive lookup: 0, max shadow lookup: 0
	evict counters: 128 128 128 128
	eager counters: 128 128 128 128
num evicts: 7200000, p: 131479, s: 1538310 	 max proactive lookup: 0, max shadow lookup: 0
	evict counters: 128 128 128 128
	eager counters: 128 128 128 128
num evicts: 7300000, p: 132445, s: 1563977 	 max proactive lookup: 0, max shadow lookup: 0
	evict counters: 128 128 128 128
	eager counters: 128 128 128 128
num evicts: 7400000, p: 133527, s: 1589363 	 max proactive lookup: 0, max shadow lookup: 0
	evict counters: 128 128 128 128
	eager counters: 128 128 128 128
num evicts: 7500000, p: 134502, s: 1614927 	 max proactive lookup: 0, max shadow lookup: 0
	evict counters: 128 128 128 128
	eager counters: 128 128 128 128
num evicts: 7600000, p: 135531, s: 1640283 	 max proactive lookup: 0, max shadow lookup: 0
	evict counters: 128 128 128 128
	eager counters: 128 128 128 128
num evicts: 7700000, p: 136579, s: 1664470 	 max proactive lookup: 0, max shadow lookup: 0
	evict counters: 128 128 128 128
	eager counters: 128 128 128 128
num evicts: 7800000, p: 138222, s: 1683635 	 max proactive lookup: 0, max shadow lookup: 0
	evict counters: 128 128 128 128
	eager counters: 128 128 128 128
num evicts: 7900000, p: 140260, s: 1701224 	 max proactive lookup: 0, max shadow lookup: 0
	evict counters: 128 128 128 128
	eager counters: 128 128 128 128
num evicts: 8000000, p: 142342, s: 1718761 	 max proactive lookup: 0, max shadow lookup: 0
	evict counters: 128 128 128 128
	eager counters: 128 128 128 128
num evicts: 8100000, p: 144441, s: 1736225 	 max proactive lookup: 0, max shadow lookup: 0
	evict counters: 128 128 128 128
	eager counters: 128 128 128 128
num evicts: 8200000, p: 146494, s: 1753466 	 max proactive lookup: 0, max shadow lookup: 0
	evict counters: 128 128 128 128
	eager counters: 128 128 128 128
num evicts: 8300000, p: 148608, s: 1771280 	 max proactive lookup: 0, max shadow lookup: 0
	evict counters: 128 128 128 128
	eager counters: 128 128 128 128
num evicts: 8400000, p: 150708, s: 1789076 	 max proactive lookup: 0, max shadow lookup: 0
	evict counters: 128 128 128 128
	eager counters: 128 128 128 128
num evicts: 8500000, p: 152998, s: 1806726 	 max proactive lookup: 0, max shadow lookup: 0
	evict counters: 128 128 128 128
	eager counters: 128 128 128 128
num evicts: 8600000, p: 155027, s: 1828500 	 max proactive lookup: 0, max shadow lookup: 0
	evict counters: 128 128 128 128
	eager counters: 128 128 128 128
num evicts: 8700000, p: 156535, s: 1851481 	 max proactive lookup: 0, max shadow lookup: 0
	evict counters: 128 128 128 128
	eager counters: 128 128 128 128
num evicts: 8800000, p: 157992, s: 1874972 	 max proactive lookup: 0, max shadow lookup: 0
	evict counters: 128 128 128 128
	eager counters: 128 128 128 128
num evicts: 8900000, p: 159409, s: 1898253 	 max proactive lookup: 0, max shadow lookup: 0
	evict counters: 128 128 128 128
	eager counters: 128 128 128 128
num evicts: 9000000, p: 160818, s: 1921468 	 max proactive lookup: 0, max shadow lookup: 0
	evict counters: 128 128 128 128
	eager counters: 128 128 128 128
num evicts: 9100000, p: 162223, s: 1944682 	 max proactive lookup: 0, max shadow lookup: 0
	evict counters: 128 128 128 128
	eager counters: 128 128 128 128
num evicts: 9200000, p: 163612, s: 1967751 	 max proactive lookup: 0, max shadow lookup: 0
	evict counters: 128 128 128 128
	eager counters: 128 128 128 128
num evicts: 9300000, p: 165220, s: 1989277 	 max proactive lookup: 0, max shadow lookup: 0
	evict counters: 128 128 128 128
	eager counters: 128 128 128 128
num evicts: 9400000, p: 166629, s: 2010443 	 max proactive lookup: 0, max shadow lookup: 0
	evict counters: 128 128 128 128
	eager counters: 128 128 128 128
num evicts: 9500000, p: 168061, s: 2031693 	 max proactive lookup: 0, max shadow lookup: 0
	evict counters: 128 128 128 128
	eager counters: 128 128 128 128
num evicts: 9600000, p: 169372, s: 2053016 	 max proactive lookup: 0, max shadow lookup: 0
	evict counters: 128 128 128 128
	eager counters: 128 128 128 128
num evicts: 9700000, p: 170796, s: 2074579 	 max proactive lookup: 0, max shadow lookup: 0
	evict counters: 128 128 128 128
	eager counters: 128 128 128 128
Heartbeat CPU 0 instructions: 20000004 cycles: 13310447 heartbeat IPC: 1.5 cumulative IPC: 1.503 (Simulation time: 00 hr 28 min 59 sec)
Heartbeat CPU 1 instructions: 20000004 cycles: 13310976 heartbeat IPC: 1.5 cumulative IPC: 1.503 (Simulation time: 00 hr 28 min 59 sec)
Heartbeat CPU 3 instructions: 20000004 cycles: 13311994 heartbeat IPC: 1.5 cumulative IPC: 1.502 (Simulation time: 00 hr 29 min 00 sec)
Heartbeat CPU 2 instructions: 20000004 cycles: 13312008 heartbeat IPC: 1.5 cumulative IPC: 1.502 (Simulation time: 00 hr 29 min 00 sec)
Heartbeat CPU 4 instructions: 20000004 cycles: 13312123 heartbeat IPC: 1.5 cumulative IPC: 1.502 (Simulation time: 00 hr 29 min 00 sec)
Heartbeat CPU 5 instructions: 20000004 cycles: 13312276 heartbeat IPC: 1.5 cumulative IPC: 1.502 (Simulation time: 00 hr 29 min 00 sec)
Heartbeat CPU 6 instructions: 20000004 cycles: 13312411 heartbeat IPC: 1.5 cumulative IPC: 1.502 (Simulation time: 00 hr 29 min 00 sec)
Heartbeat CPU 7 instructions: 20000004 cycles: 13312548 heartbeat IPC: 1.5 cumulative IPC: 1.502 (Simulation time: 00 hr 29 min 00 sec)
num evicts: 9800000, p: 172138, s: 2096069 	 max proactive lookup: 0, max shadow lookup: 0
	evict counters: 128 128 128 128
	eager counters: 128 128 128 128
num evicts: 9900000, p: 173409, s: 2117652 	 max proactive lookup: 0, max shadow lookup: 0
	evict counters: 128 128 128 128
	eager counters: 128 128 128 128
num evicts: 10000000, p: 174765, s: 2139460 	 max proactive lookup: 0, max shadow lookup: 0
	evict counters: 128 128 128 128
	eager counters: 128 128 128 128
num evicts: 10100000, p: 176242, s: 2160633 	 max proactive lookup: 0, max shadow lookup: 0
	evict counters: 128 128 128 128
	eager counters: 128 128 128 128
num evicts: 10200000, p: 178157, s: 2181846 	 max proactive lookup: 0, max shadow lookup: 0
	evict counters: 128 128 128 128
	eager counters: 128 128 128 128
num evicts: 10300000, p: 179713, s: 2203227 	 max proactive lookup: 0, max shadow lookup: 0
	evict counters: 128 128 128 128
	eager counters: 128 128 128 128
num evicts: 10400000, p: 181335, s: 2224393 	 max proactive lookup: 0, max shadow lookup: 0
	evict counters: 128 128 128 128
	eager counters: 128 128 128 128
num evicts: 10500000, p: 182992, s: 2245376 	 max proactive lookup: 0, max shadow lookup: 0
	evict counters: 128 128 128 128
	eager counters: 128 128 128 128
num evicts: 10600000, p: 184707, s: 2266620 	 max proactive lookup: 0, max shadow lookup: 0
	evict counters: 128 128 128 128
	eager counters: 128 128 128 128
num evicts: 10700000, p: 186363, s: 2287800 	 max proactive lookup: 0, max shadow lookup: 0
	evict counters: 128 128 128 128
	eager counters: 128 128 128 128
num evicts: 10800000, p: 188037, s: 2307570 	 max proactive lookup: 0, max shadow lookup: 0
	evict counters: 128 128 128 128
	eager counters: 128 128 128 128
num evicts: 10900000, p: 190101, s: 2324184 	 max proactive lookup: 0, max shadow lookup: 0
	evict counters: 128 128 128 128
	eager counters: 128 128 128 128
num evicts: 11000000, p: 192067, s: 2339426 	 max proactive lookup: 0, max shadow lookup: 0
	evict counters: 128 128 128 128
	eager counters: 128 128 128 128
num evicts: 11100000, p: 194053, s: 2354246 	 max proactive lookup: 0, max shadow lookup: 0
	evict counters: 128 128 128 128
	eager counters: 128 128 128 128
num evicts: 11200000, p: 196099, s: 2369008 	 max proactive lookup: 0, max shadow lookup: 0
	evict counters: 128 128 128 128
	eager counters: 128 128 128 128
num evicts: 11300000, p: 198180, s: 2384214 	 max proactive lookup: 0, max shadow lookup: 0
	evict counters: 128 128 128 128
	eager counters: 128 128 128 128
num evicts: 11400000, p: 200287, s: 2398479 	 max proactive lookup: 0, max shadow lookup: 0
	evict counters: 128 128 128 128
	eager counters: 128 128 128 128
num evicts: 11500000, p: 202263, s: 2413513 	 max proactive lookup: 0, max shadow lookup: 0
	evict counters: 128 128 128 128
	eager counters: 128 128 128 128
num evicts: 11600000, p: 204444, s: 2430013 	 max proactive lookup: 0, max shadow lookup: 0
	evict counters: 128 128 128 128
	eager counters: 128 128 128 128
num evicts: 11700000, p: 206468, s: 2443564 	 max proactive lookup: 0, max shadow lookup: 0
	evict counters: 128 128 128 128
	eager counters: 128 128 128 128
num evicts: 11800000, p: 209786, s: 2456252 	 max proactive lookup: 0, max shadow lookup: 0
	evict counters: 128 128 128 128
	eager counters: 128 128 128 128
num evicts: 11900000, p: 212933, s: 2469297 	 max proactive lookup: 0, max shadow lookup: 0
	evict counters: 128 128 128 128
	eager counters: 128 128 128 128
num evicts: 12000000, p: 216068, s: 2482291 	 max proactive lookup: 0, max shadow lookup: 0
	evict counters: 128 128 128 128
	eager counters: 128 128 128 128
num evicts: 12100000, p: 219078, s: 2494696 	 max proactive lookup: 0, max shadow lookup: 0
	evict counters: 128 128 128 128
	eager counters: 128 128 128 128
num evicts: 12200000, p: 222362, s: 2507515 	 max proactive lookup: 0, max shadow lookup: 0
	evict counters: 128 128 128 128
	eager counters: 128 128 128 128
Warmup finished CPU 0 instructions: 25000003 cycles: 16643466 cumulative IPC: 1.502 (Simulation time: 00 hr 36 min 09 sec)
Warmup finished CPU 1 instructions: 25000003 cycles: 16644108 cumulative IPC: 1.502 (Simulation time: 00 hr 36 min 09 sec)
Warmup finished CPU 2 instructions: 25000003 cycles: 16645629 cumulative IPC: 1.502 (Simulation time: 00 hr 36 min 10 sec)
Warmup finished CPU 3 instructions: 25000003 cycles: 16645670 cumulative IPC: 1.502 (Simulation time: 00 hr 36 min 10 sec)
Warmup finished CPU 4 instructions: 25000003 cycles: 16645718 cumulative IPC: 1.502 (Simulation time: 00 hr 36 min 10 sec)
Warmup finished CPU 5 instructions: 25000003 cycles: 16645760 cumulative IPC: 1.502 (Simulation time: 00 hr 36 min 10 sec)
Warmup finished CPU 6 instructions: 25000003 cycles: 16645824 cumulative IPC: 1.502 (Simulation time: 00 hr 36 min 10 sec)
Warmup finished CPU 7 instructions: 25000003 cycles: 16645905 cumulative IPC: 1.502 (Simulation time: 00 hr 36 min 10 sec)
Warmup complete CPU 7 instructions: 25000003 cycles: 16645905 cumulative IPC: 1.502 (Simulation time: 00 hr 36 min 10 sec)
Warmup complete CPU 6 instructions: 25000116 cycles: 16645905 cumulative IPC: 1.502 (Simulation time: 00 hr 36 min 10 sec)
Warmup complete CPU 5 instructions: 25000212 cycles: 16645905 cumulative IPC: 1.502 (Simulation time: 00 hr 36 min 10 sec)
Warmup complete CPU 4 instructions: 25000261 cycles: 16645905 cumulative IPC: 1.502 (Simulation time: 00 hr 36 min 10 sec)
Warmup complete CPU 3 instructions: 25000356 cycles: 16645905 cumulative IPC: 1.502 (Simulation time: 00 hr 36 min 10 sec)
Warmup complete CPU 2 instructions: 25000405 cycles: 16645905 cumulative IPC: 1.502 (Simulation time: 00 hr 36 min 10 sec)
Warmup complete CPU 1 instructions: 25002708 cycles: 16645905 cumulative IPC: 1.502 (Simulation time: 00 hr 36 min 10 sec)
Warmup complete CPU 0 instructions: 25003668 cycles: 16645905 cumulative IPC: 1.502 (Simulation time: 00 hr 36 min 10 sec)
num evicts: 12300000, p: 225369, s: 2521575 	 max proactive lookup: 0, max shadow lookup: 0
	evict counters: 128 128 128 128
	eager counters: 128 128 128 128
num evicts: 12400000, p: 227843, s: 2540812 	 max proactive lookup: 0, max shadow lookup: 0
	evict counters: 128 128 128 128
	eager counters: 128 128 128 128
num evicts: 12500000, p: 229373, s: 2562753 	 max proactive lookup: 0, max shadow lookup: 0
	evict counters: 128 128 128 128
	eager counters: 128 128 128 128
num evicts: 12600000, p: 230713, s: 2585654 	 max proactive lookup: 0, max shadow lookup: 0
	evict counters: 128 128 128 128
	eager counters: 128 128 128 128
num evicts: 12700000, p: 232181, s: 2608658 	 max proactive lookup: 0, max shadow lookup: 0
	evict counters: 128 128 128 128
	eager counters: 128 128 128 128
num evicts: 12800000, p: 233629, s: 2630992 	 max proactive lookup: 0, max shadow lookup: 0
	evict counters: 128 128 128 128
	eager counters: 128 128 128 128
num evicts: 12900000, p: 235172, s: 2652631 	 max proactive lookup: 0, max shadow lookup: 0
	evict counters: 128 128 128 128
	eager counters: 128 128 128 128
num evicts: 13000000, p: 236873, s: 2674620 	 max proactive lookup: 0, max shadow lookup: 0
	evict counters: 128 128 128 128
	eager counters: 128 128 128 128
num evicts: 13100000, p: 238461, s: 2695473 	 max proactive lookup: 0, max shadow lookup: 0
	evict counters: 128 128 128 128
	eager counters: 128 128 128 128
num evicts: 13200000, p: 240235, s: 2716356 	 max proactive lookup: 0, max shadow lookup: 0
	evict counters: 128 128 128 128
	eager counters: 128 128 128 128
num evicts: 13300000, p: 241923, s: 2734916 	 max proactive lookup: 0, max shadow lookup: 0
	evict counters: 128 128 128 128
	eager counters: 128 128 128 128
num evicts: 13400000, p: 243979, s: 2755419 	 max proactive lookup: 0, max shadow lookup: 0
	evict counters: 128 128 128 128
	eager counters: 128 128 128 128
num evicts: 13500000, p: 245444, s: 2775784 	 max proactive lookup: 0, max shadow lookup: 0
	evict counters: 128 128 128 128
	eager counters: 128 128 128 128
num evicts: 13600000, p: 247264, s: 2795335 	 max proactive lookup: 0, max shadow lookup: 0
	evict counters: 128 128 128 128
	eager counters: 128 128 128 128
num evicts: 13700000, p: 248783, s: 2815827 	 max proactive lookup: 0, max shadow lookup: 0
	evict counters: 128 128 128 128
	eager counters: 128 128 128 128
num evicts: 13800000, p: 250870, s: 2835495 	 max proactive lookup: 0, max shadow lookup: 0
	evict counters: 128 128 128 128
	eager counters: 128 128 128 128
num evicts: 13900000, p: 252536, s: 2855703 	 max proactive lookup: 0, max shadow lookup: 0
	evict counters: 128 128 128 128
	eager counters: 128 128 128 128
num evicts: 14000000, p: 254536, s: 2875935 	 max proactive lookup: 0, max shadow lookup: 0
	evict counters: 128 128 128 128
	eager counters: 128 128 128 128
num evicts: 14100000, p: 256011, s: 2898042 	 max proactive lookup: 0, max shadow lookup: 0
	evict counters: 128 128 128 128
	eager counters: 128 128 128 128
num evicts: 14200000, p: 257303, s: 2920611 	 max proactive lookup: 0, max shadow lookup: 0
	evict counters: 128 128 128 128
	eager counters: 128 128 128 128
num evicts: 14300000, p: 258457, s: 2943276 	 max proactive lookup: 0, max shadow lookup: 0
	evict counters: 128 128 128 128
	eager counters: 128 128 128 128
num evicts: 14400000, p: 259740, s: 2965971 	 max proactive lookup: 0, max shadow lookup: 0
	evict counters: 128 128 128 128
	eager counters: 128 128 128 128
num evicts: 14500000, p: 261073, s: 2988198 	 max proactive lookup: 0, max shadow lookup: 0
	evict counters: 128 128 128 128
	eager counters: 128 128 128 128
num evicts: 14600000, p: 262371, s: 3011341 	 max proactive lookup: 0, max shadow lookup: 0
	evict counters: 128 128 128 128
	eager counters: 128 128 128 128
num evicts: 14700000, p: 263614, s: 3034032 	 max proactive lookup: 0, max shadow lookup: 0
	evict counters: 128 128 128 128
	eager counters: 128 128 128 128
Heartbeat CPU 7 instructions: 30000005 cycles: 44388009 heartbeat IPC: 0.3218 cumulative IPC: 0.1802 (Simulation time: 01 hr 04 min 16 sec)
Heartbeat CPU 6 instructions: 30000005 cycles: 44462195 heartbeat IPC: 0.321 cumulative IPC: 0.1797 (Simulation time: 01 hr 04 min 20 sec)
Heartbeat CPU 0 instructions: 30000005 cycles: 44477840 heartbeat IPC: 0.3208 cumulative IPC: 0.1795 (Simulation time: 01 hr 04 min 21 sec)
Heartbeat CPU 4 instructions: 30000005 cycles: 44551197 heartbeat IPC: 0.3201 cumulative IPC: 0.1792 (Simulation time: 01 hr 04 min 25 sec)
Heartbeat CPU 5 instructions: 30000005 cycles: 44581305 heartbeat IPC: 0.3198 cumulative IPC: 0.179 (Simulation time: 01 hr 04 min 27 sec)
Heartbeat CPU 3 instructions: 30000005 cycles: 44601956 heartbeat IPC: 0.3196 cumulative IPC: 0.1788 (Simulation time: 01 hr 04 min 29 sec)
Heartbeat CPU 1 instructions: 30000005 cycles: 44712475 heartbeat IPC: 0.3185 cumulative IPC: 0.1781 (Simulation time: 01 hr 04 min 35 sec)
Heartbeat CPU 2 instructions: 30000007 cycles: 44771792 heartbeat IPC: 0.3179 cumulative IPC: 0.1778 (Simulation time: 01 hr 04 min 39 sec)
num evicts: 14800000, p: 264807, s: 3057724 	 max proactive lookup: 0, max shadow lookup: 0
	evict counters: 128 128 128 128
	eager counters: 128 128 128 128
num evicts: 14900000, p: 266223, s: 3081054 	 max proactive lookup: 0, max shadow lookup: 0
	evict counters: 128 128 128 128
	eager counters: 128 128 128 128
num evicts: 15000000, p: 267672, s: 3105513 	 max proactive lookup: 0, max shadow lookup: 0
	evict counters: 128 128 128 128
	eager counters: 128 128 128 128
num evicts: 15100000, p: 268952, s: 3129657 	 max proactive lookup: 0, max shadow lookup: 0
	evict counters: 128 128 128 128
	eager counters: 128 128 128 128
num evicts: 15200000, p: 270358, s: 3153182 	 max proactive lookup: 0, max shadow lookup: 0
	evict counters: 128 128 128 128
	eager counters: 128 128 128 128
num evicts: 15300000, p: 272009, s: 3176059 	 max proactive lookup: 0, max shadow lookup: 0
	evict counters: 128 128 128 128
	eager counters: 128 128 128 128
num evicts: 15400000, p: 273605, s: 3200177 	 max proactive lookup: 0, max shadow lookup: 0
	evict counters: 128 128 128 128
	eager counters: 128 128 128 128
num evicts: 15500000, p: 274957, s: 3223575 	 max proactive lookup: 0, max shadow lookup: 0
	evict counters: 128 128 128 128
	eager counters: 128 128 128 128
num evicts: 15600000, p: 276588, s: 3246591 	 max proactive lookup: 0, max shadow lookup: 0
	evict counters: 128 128 128 128
	eager counters: 128 128 128 128
num evicts: 15700000, p: 277946, s: 3271312 	 max proactive lookup: 0, max shadow lookup: 0
	evict counters: 128 128 128 128
	eager counters: 128 128 128 128
num evicts: 15800000, p: 279244, s: 3294904 	 max proactive lookup: 0, max shadow lookup: 0
	evict counters: 128 128 128 128
	eager counters: 128 128 128 128
num evicts: 15900000, p: 280580, s: 3319429 	 max proactive lookup: 0, max shadow lookup: 0
	evict counters: 128 128 128 128
	eager counters: 128 128 128 128
num evicts: 16000000, p: 281861, s: 3343631 	 max proactive lookup: 0, max shadow lookup: 0
	evict counters: 128 128 128 128
	eager counters: 128 128 128 128
num evicts: 16100000, p: 283231, s: 3367855 	 max proactive lookup: 0, max shadow lookup: 0
	evict counters: 128 128 128 128
	eager counters: 128 128 128 128
num evicts: 16200000, p: 284408, s: 3392260 	 max proactive lookup: 0, max shadow lookup: 0
	evict counters: 128 128 128 128
	eager counters: 128 128 128 128
num evicts: 16300000, p: 285621, s: 3416670 	 max proactive lookup: 0, max shadow lookup: 0
	evict counters: 128 128 128 128
	eager counters: 128 128 128 128
num evicts: 16400000, p: 286817, s: 3439608 	 max proactive lookup: 0, max shadow lookup: 0
	evict counters: 128 128 128 128
	eager counters: 128 128 128 128
num evicts: 16500000, p: 288438, s: 3460092 	 max proactive lookup: 0, max shadow lookup: 0
	evict counters: 128 128 128 128
	eager counters: 128 128 128 128
num evicts: 16600000, p: 290161, s: 3481694 	 max proactive lookup: 0, max shadow lookup: 0
	evict counters: 128 128 128 128
	eager counters: 128 128 128 128
num evicts: 16700000, p: 291944, s: 3502533 	 max proactive lookup: 0, max shadow lookup: 0
	evict counters: 128 128 128 128
	eager counters: 128 128 128 128
num evicts: 16800000, p: 293493, s: 3522078 	 max proactive lookup: 0, max shadow lookup: 0
	evict counters: 128 128 128 128
	eager counters: 128 128 128 128
num evicts: 16900000, p: 295330, s: 3540010 	 max proactive lookup: 0, max shadow lookup: 0
	evict counters: 128 128 128 128
	eager counters: 128 128 128 128
num evicts: 17000000, p: 297234, s: 3558324 	 max proactive lookup: 0, max shadow lookup: 0
	evict counters: 128 128 128 128
	eager counters: 128 128 128 128
num evicts: 17100000, p: 299147, s: 3577513 	 max proactive lookup: 0, max shadow lookup: 0
	evict counters: 128 128 128 128
	eager counters: 128 128 128 128
num evicts: 17200000, p: 301039, s: 3599525 	 max proactive lookup: 0, max shadow lookup: 0
	evict counters: 128 128 128 128
	eager counters: 128 128 128 128
num evicts: 17300000, p: 302965, s: 3619618 	 max proactive lookup: 0, max shadow lookup: 0
	evict counters: 128 128 128 128
	eager counters: 128 128 128 128
num evicts: 17400000, p: 304910, s: 3641943 	 max proactive lookup: 0, max shadow lookup: 0
	evict counters: 128 128 128 128
	eager counters: 128 128 128 128
num evicts: 17500000, p: 306741, s: 3663314 	 max proactive lookup: 0, max shadow lookup: 0
	evict counters: 128 128 128 128
	eager counters: 128 128 128 128
num evicts: 17600000, p: 308865, s: 3684032 	 max proactive lookup: 0, max shadow lookup: 0
	evict counters: 128 128 128 128
	eager counters: 128 128 128 128
num evicts: 17700000, p: 310772, s: 3705370 	 max proactive lookup: 0, max shadow lookup: 0
	evict counters: 128 128 128 128
	eager counters: 128 128 128 128
num evicts: 17800000, p: 312543, s: 3727504 	 max proactive lookup: 0, max shadow lookup: 0
	evict counters: 128 128 128 128
	eager counters: 128 128 128 128
num evicts: 17900000, p: 314211, s: 3747895 	 max proactive lookup: 0, max shadow lookup: 0
	evict counters: 128 128 128 128
	eager counters: 128 128 128 128
num evicts: 18000000, p: 316024, s: 3770407 	 max proactive lookup: 0, max shadow lookup: 0
	evict counters: 128 128 128 128
	eager counters: 128 128 128 128
num evicts: 18100000, p: 317480, s: 3792422 	 max proactive lookup: 0, max shadow lookup: 0
	evict counters: 128 128 128 128
	eager counters: 128 128 128 128
num evicts: 18200000, p: 319100, s: 3814803 	 max proactive lookup: 0, max shadow lookup: 0
	evict counters: 128 128 128 128
	eager counters: 128 128 128 128
num evicts: 18300000, p: 320519, s: 3838354 	 max proactive lookup: 0, max shadow lookup: 0
	evict counters: 128 128 128 128
	eager counters: 128 128 128 128
num evicts: 18400000, p: 322013, s: 3861257 	 max proactive lookup: 0, max shadow lookup: 0
	evict counters: 128 128 128 128
	eager counters: 128 128 128 128
num evicts: 18500000, p: 323473, s: 3883792 	 max proactive lookup: 0, max shadow lookup: 0
	evict counters: 128 128 128 128
	eager counters: 128 128 128 128
num evicts: 18600000, p: 325241, s: 3906032 	 max proactive lookup: 0, max shadow lookup: 0
	evict counters: 128 128 128 128
	eager counters: 128 128 128 128
num evicts: 18700000, p: 326743, s: 3928984 	 max proactive lookup: 0, max shadow lookup: 0
	evict counters: 128 128 128 128
	eager counters: 128 128 128 128
num evicts: 18800000, p: 328394, s: 3950622 	 max proactive lookup: 0, max shadow lookup: 0
	evict counters: 128 128 128 128
	eager counters: 128 128 128 128
num evicts: 18900000, p: 330299, s: 3972840 	 max proactive lookup: 0, max shadow lookup: 0
	evict counters: 128 128 128 128
	eager counters: 128 128 128 128
num evicts: 19000000, p: 332060, s: 3994790 	 max proactive lookup: 0, max shadow lookup: 0
	evict counters: 128 128 128 128
	eager counters: 128 128 128 128
num evicts: 19100000, p: 333832, s: 4016460 	 max proactive lookup: 0, max shadow lookup: 0
	evict counters: 128 128 128 128
	eager counters: 128 128 128 128
num evicts: 19200000, p: 335588, s: 4039025 	 max proactive lookup: 0, max shadow lookup: 0
	evict counters: 128 128 128 128
	eager counters: 128 128 128 128
num evicts: 19300000, p: 337402, s: 4061735 	 max proactive lookup: 0, max shadow lookup: 0
	evict counters: 128 128 128 128
	eager counters: 128 128 128 128
num evicts: 19400000, p: 339034, s: 4084777 	 max proactive lookup: 0, max shadow lookup: 0
	evict counters: 128 128 128 128
	eager counters: 128 128 128 128
num evicts: 19500000, p: 340982, s: 4107492 	 max proactive lookup: 0, max shadow lookup: 0
	evict counters: 128 128 128 128
	eager counters: 128 128 128 128
num evicts: 19600000, p: 342622, s: 4128707 	 max proactive lookup: 0, max shadow lookup: 0
	evict counters: 128 128 128 128
	eager counters: 128 128 128 128
Heartbeat CPU 7 instructions: 40000009 cycles: 99810339 heartbeat IPC: 0.1804 cumulative IPC: 0.1804 (Simulation time: 02 hr 00 min 02 sec)
num evicts: 19700000, p: 344718, s: 4149764 	 max proactive lookup: 0, max shadow lookup: 0
	evict counters: 128 128 128 128
	eager counters: 128 128 128 128
Heartbeat CPU 0 instructions: 40000006 cycles: 100009705 heartbeat IPC: 0.1801 cumulative IPC: 0.1799 (Simulation time: 02 hr 00 min 14 sec)
Heartbeat CPU 6 instructions: 40000009 cycles: 100130489 heartbeat IPC: 0.1796 cumulative IPC: 0.1797 (Simulation time: 02 hr 00 min 22 sec)
Heartbeat CPU 5 instructions: 40000009 cycles: 100292990 heartbeat IPC: 0.1795 cumulative IPC: 0.1793 (Simulation time: 02 hr 00 min 32 sec)
Heartbeat CPU 1 instructions: 40000009 cycles: 100322358 heartbeat IPC: 0.1798 cumulative IPC: 0.1792 (Simulation time: 02 hr 00 min 33 sec)
Heartbeat CPU 3 instructions: 40000009 cycles: 100378436 heartbeat IPC: 0.1793 cumulative IPC: 0.1791 (Simulation time: 02 hr 00 min 37 sec)
Heartbeat CPU 2 instructions: 40000011 cycles: 100410941 heartbeat IPC: 0.1797 cumulative IPC: 0.1791 (Simulation time: 02 hr 00 min 39 sec)
Heartbeat CPU 4 instructions: 40000009 cycles: 100517586 heartbeat IPC: 0.1787 cumulative IPC: 0.1788 (Simulation time: 02 hr 00 min 45 sec)
num evicts: 19800000, p: 346530, s: 4170715 	 max proactive lookup: 0, max shadow lookup: 0
	evict counters: 128 128 128 128
	eager counters: 128 128 128 128
num evicts: 19900000, p: 348383, s: 4191767 	 max proactive lookup: 0, max shadow lookup: 0
	evict counters: 128 128 128 128
	eager counters: 128 128 128 128
num evicts: 20000000, p: 350113, s: 4214129 	 max proactive lookup: 0, max shadow lookup: 0
	evict counters: 128 128 128 128
	eager counters: 128 128 128 128
num evicts: 20100000, p: 351872, s: 4235272 	 max proactive lookup: 0, max shadow lookup: 0
	evict counters: 128 128 128 128
	eager counters: 128 128 128 128
num evicts: 20200000, p: 353835, s: 4255106 	 max proactive lookup: 0, max shadow lookup: 0
	evict counters: 128 128 128 128
	eager counters: 128 128 128 128
num evicts: 20300000, p: 355851, s: 4276350 	 max proactive lookup: 0, max shadow lookup: 0
	evict counters: 128 128 128 128
	eager counters: 128 128 128 128
num evicts: 20400000, p: 357579, s: 4297229 	 max proactive lookup: 0, max shadow lookup: 0
	evict counters: 128 128 128 128
	eager counters: 128 128 128 128
num evicts: 20500000, p: 359544, s: 4317827 	 max proactive lookup: 0, max shadow lookup: 0
	evict counters: 128 128 128 128
	eager counters: 128 128 128 128
num evicts: 20600000, p: 361375, s: 4339675 	 max proactive lookup: 0, max shadow lookup: 0
	evict counters: 128 128 128 128
	eager counters: 128 128 128 128
num evicts: 20700000, p: 363001, s: 4361697 	 max proactive lookup: 0, max shadow lookup: 0
	evict counters: 128 128 128 128
	eager counters: 128 128 128 128
num evicts: 20800000, p: 364620, s: 4382508 	 max proactive lookup: 0, max shadow lookup: 0
	evict counters: 128 128 128 128
	eager counters: 128 128 128 128
num evicts: 20900000, p: 366182, s: 4404157 	 max proactive lookup: 0, max shadow lookup: 0
	evict counters: 128 128 128 128
	eager counters: 128 128 128 128
num evicts: 21000000, p: 367929, s: 4426300 	 max proactive lookup: 0, max shadow lookup: 0
	evict counters: 128 128 128 128
	eager counters: 128 128 128 128
num evicts: 21100000, p: 369638, s: 4447705 	 max proactive lookup: 0, max shadow lookup: 0
	evict counters: 128 128 128 128
	eager counters: 128 128 128 128
num evicts: 21200000, p: 371299, s: 4471188 	 max proactive lookup: 0, max shadow lookup: 0
	evict counters: 128 128 128 128
	eager counters: 128 128 128 128
num evicts: 21300000, p: 372674, s: 4494872 	 max proactive lookup: 0, max shadow lookup: 0
	evict counters: 128 128 128 128
	eager counters: 128 128 128 128
num evicts: 21400000, p: 374295, s: 4518608 	 max proactive lookup: 0, max shadow lookup: 0
	evict counters: 128 128 128 128
	eager counters: 128 128 128 128
num evicts: 21500000, p: 375854, s: 4541131 	 max proactive lookup: 0, max shadow lookup: 0
	evict counters: 128 128 128 128
	eager counters: 128 128 128 128
num evicts: 21600000, p: 377315, s: 4564425 	 max proactive lookup: 0, max shadow lookup: 0
	evict counters: 128 128 128 128
	eager counters: 128 128 128 128
num evicts: 21700000, p: 378979, s: 4586888 	 max proactive lookup: 0, max shadow lookup: 0
	evict counters: 128 128 128 128
	eager counters: 128 128 128 128
num evicts: 21800000, p: 380486, s: 4610939 	 max proactive lookup: 0, max shadow lookup: 0
	evict counters: 128 128 128 128
	eager counters: 128 128 128 128
num evicts: 21900000, p: 382149, s: 4633478 	 max proactive lookup: 0, max shadow lookup: 0
	evict counters: 128 128 128 128
	eager counters: 128 128 128 128
num evicts: 22000000, p: 383683, s: 4656566 	 max proactive lookup: 0, max shadow lookup: 0
	evict counters: 128 128 128 128
	eager counters: 128 128 128 128
num evicts: 22100000, p: 385235, s: 4680757 	 max proactive lookup: 0, max shadow lookup: 0
	evict counters: 128 128 128 128
	eager counters: 128 128 128 128
num evicts: 22200000, p: 386505, s: 4705328 	 max proactive lookup: 0, max shadow lookup: 0
	evict counters: 128 128 128 128
	eager counters: 128 128 128 128
num evicts: 22300000, p: 387915, s: 4728669 	 max proactive lookup: 0, max shadow lookup: 0
	evict counters: 128 128 128 128
	eager counters: 128 128 128 128
num evicts: 22400000, p: 389440, s: 4751937 	 max proactive lookup: 0, max shadow lookup: 0
	evict counters: 128 128 128 128
	eager counters: 128 128 128 128
num evicts: 22500000, p: 390852, s: 4775943 	 max proactive lookup: 0, max shadow lookup: 0
	evict counters: 128 128 128 128
	eager counters: 128 128 128 128
num evicts: 22600000, p: 392251, s: 4799322 	 max proactive lookup: 0, max shadow lookup: 0
	evict counters: 128 128 128 128
	eager counters: 128 128 128 128
num evicts: 22700000, p: 393811, s: 4822149 	 max proactive lookup: 0, max shadow lookup: 0
	evict counters: 128 128 128 128
	eager counters: 128 128 128 128
num evicts: 22800000, p: 395174, s: 4841615 	 max proactive lookup: 0, max shadow lookup: 0
	evict counters: 128 128 128 128
	eager counters: 128 128 128 128
num evicts: 22900000, p: 396664, s: 4858952 	 max proactive lookup: 0, max shadow lookup: 0
	evict counters: 128 128 128 128
	eager counters: 128 128 128 128
num evicts: 23000000, p: 398180, s: 4878943 	 max proactive lookup: 0, max shadow lookup: 0
	evict counters: 128 128 128 128
	eager counters: 128 128 128 128
num evicts: 23100000, p: 399333, s: 4898657 	 max proactive lookup: 0, max shadow lookup: 0
	evict counters: 128 128 128 128
	eager counters: 128 128 128 128
num evicts: 23200000, p: 400533, s: 4919016 	 max proactive lookup: 0, max shadow lookup: 0
	evict counters: 128 128 128 128
	eager counters: 128 128 128 128
num evicts: 23300000, p: 401609, s: 4939738 	 max proactive lookup: 0, max shadow lookup: 0
	evict counters: 128 128 128 128
	eager counters: 128 128 128 128
num evicts: 23400000, p: 402751, s: 4959785 	 max proactive lookup: 0, max shadow lookup: 0
	evict counters: 128 128 128 128
	eager counters: 128 128 128 128
num evicts: 23500000, p: 404323, s: 4979368 	 max proactive lookup: 0, max shadow lookup: 0
	evict counters: 128 128 128 128
	eager counters: 128 128 128 128
num evicts: 23600000, p: 405731, s: 5002345 	 max proactive lookup: 0, max shadow lookup: 0
	evict counters: 128 128 128 128
	eager counters: 128 128 128 128
num evicts: 23700000, p: 406941, s: 5026064 	 max proactive lookup: 0, max shadow lookup: 0
	evict counters: 128 128 128 128
	eager counters: 128 128 128 128
num evicts: 23800000, p: 408114, s: 5049152 	 max proactive lookup: 0, max shadow lookup: 0
	evict counters: 128 128 128 128
	eager counters: 128 128 128 128
num evicts: 23900000, p: 409344, s: 5072524 	 max proactive lookup: 0, max shadow lookup: 0
	evict counters: 128 128 128 128
	eager counters: 128 128 128 128
num evicts: 24000000, p: 410644, s: 5096352 	 max proactive lookup: 0, max shadow lookup: 0
	evict counters: 128 128 128 128
	eager counters: 128 128 128 128
num evicts: 24100000, p: 411906, s: 5119006 	 max proactive lookup: 0, max shadow lookup: 0
	evict counters: 128 128 128 128
	eager counters: 128 128 128 128
num evicts: 24200000, p: 413394, s: 5140601 	 max proactive lookup: 0, max shadow lookup: 0
	evict counters: 128 128 128 128
	eager counters: 128 128 128 128
num evicts: 24300000, p: 414860, s: 5161815 	 max proactive lookup: 0, max shadow lookup: 0
	evict counters: 128 128 128 128
	eager counters: 128 128 128 128
num evicts: 24400000, p: 416166, s: 5185080 	 max proactive lookup: 0, max shadow lookup: 0
	evict counters: 128 128 128 128
	eager counters: 128 128 128 128
num evicts: 24500000, p: 417363, s: 5208423 	 max proactive lookup: 0, max shadow lookup: 0
	evict counters: 128 128 128 128
	eager counters: 128 128 128 128
num evicts: 24600000, p: 418586, s: 5231006 	 max proactive lookup: 0, max shadow lookup: 0
	evict counters: 128 128 128 128
	eager counters: 128 128 128 128
Heartbeat CPU 7 instructions: 50000011 cycles: 155552611 heartbeat IPC: 0.1794 cumulative IPC: 0.18 (Simulation time: 02 hr 56 min 14 sec)
num evicts: 24700000, p: 420060, s: 5253687 	 max proactive lookup: 0, max shadow lookup: 0
	evict counters: 128 128 128 128
	eager counters: 128 128 128 128
Heartbeat CPU 0 instructions: 50000006 cycles: 155883131 heartbeat IPC: 0.179 cumulative IPC: 0.1795 (Simulation time: 02 hr 56 min 34 sec)
Heartbeat CPU 6 instructions: 50000013 cycles: 156114445 heartbeat IPC: 0.1786 cumulative IPC: 0.1793 (Simulation time: 02 hr 56 min 48 sec)
Heartbeat CPU 2 instructions: 50000011 cycles: 156128906 heartbeat IPC: 0.1795 cumulative IPC: 0.1792 (Simulation time: 02 hr 56 min 49 sec)
Heartbeat CPU 4 instructions: 50000011 cycles: 156153745 heartbeat IPC: 0.1797 cumulative IPC: 0.1792 (Simulation time: 02 hr 56 min 51 sec)
Heartbeat CPU 1 instructions: 50000011 cycles: 156201324 heartbeat IPC: 0.179 cumulative IPC: 0.1791 (Simulation time: 02 hr 56 min 53 sec)
Heartbeat CPU 5 instructions: 50000011 cycles: 156236778 heartbeat IPC: 0.1788 cumulative IPC: 0.1791 (Simulation time: 02 hr 56 min 56 sec)
Heartbeat CPU 3 instructions: 50000011 cycles: 156252462 heartbeat IPC: 0.179 cumulative IPC: 0.1791 (Simulation time: 02 hr 56 min 57 sec)
num evicts: 24800000, p: 421223, s: 5276265 	 max proactive lookup: 0, max shadow lookup: 0
	evict counters: 128 128 128 128
	eager counters: 128 128 128 128
num evicts: 24900000, p: 422664, s: 5298725 	 max proactive lookup: 0, max shadow lookup: 0
	evict counters: 128 128 128 128
	eager counters: 128 128 128 128
num evicts: 25000000, p: 424157, s: 5320279 	 max proactive lookup: 0, max shadow lookup: 0
	evict counters: 128 128 128 128
	eager counters: 128 128 128 128
num evicts: 25100000, p: 425563, s: 5338929 	 max proactive lookup: 0, max shadow lookup: 0
	evict counters: 128 128 128 128
	eager counters: 128 128 128 128
num evicts: 25200000, p: 426774, s: 5357047 	 max proactive lookup: 0, max shadow lookup: 0
	evict counters: 128 128 128 128
	eager counters: 128 128 128 128
num evicts: 25300000, p: 427698, s: 5376267 	 max proactive lookup: 0, max shadow lookup: 0
	evict counters: 128 128 128 128
	eager counters: 128 128 128 128
num evicts: 25400000, p: 428685, s: 5394160 	 max proactive lookup: 0, max shadow lookup: 0
	evict counters: 128 128 128 128
	eager counters: 128 128 128 128
num evicts: 25500000, p: 430252, s: 5411742 	 max proactive lookup: 0, max shadow lookup: 0
	evict counters: 128 128 128 128
	eager counters: 128 128 128 128
num evicts: 25600000, p: 431740, s: 5430014 	 max proactive lookup: 0, max shadow lookup: 0
	evict counters: 128 128 128 128
	eager counters: 128 128 128 128
num evicts: 25700000, p: 433187, s: 5449033 	 max proactive lookup: 0, max shadow lookup: 0
	evict counters: 128 128 128 128
	eager counters: 128 128 128 128
num evicts: 25800000, p: 434453, s: 5469198 	 max proactive lookup: 0, max shadow lookup: 0
	evict counters: 128 128 128 128
	eager counters: 128 128 128 128
num evicts: 25900000, p: 435777, s: 5492328 	 max proactive lookup: 0, max shadow lookup: 0
	evict counters: 128 128 128 128
	eager counters: 128 128 128 128
num evicts: 26000000, p: 437300, s: 5514582 	 max proactive lookup: 0, max shadow lookup: 0
	evict counters: 128 128 128 128
	eager counters: 128 128 128 128
num evicts: 26100000, p: 438954, s: 5538976 	 max proactive lookup: 0, max shadow lookup: 0
	evict counters: 128 128 128 128
	eager counters: 128 128 128 128
num evicts: 26200000, p: 440457, s: 5563194 	 max proactive lookup: 0, max shadow lookup: 0
	evict counters: 128 128 128 128
	eager counters: 128 128 128 128
num evicts: 26300000, p: 441829, s: 5587113 	 max proactive lookup: 0, max shadow lookup: 0
	evict counters: 128 128 128 128
	eager counters: 128 128 128 128
num evicts: 26400000, p: 443328, s: 5609421 	 max proactive lookup: 0, max shadow lookup: 0
	evict counters: 128 128 128 128
	eager counters: 128 128 128 128
num evicts: 26500000, p: 445400, s: 5632194 	 max proactive lookup: 0, max shadow lookup: 0
	evict counters: 128 128 128 128
	eager counters: 128 128 128 128
num evicts: 26600000, p: 447032, s: 5655791 	 max proactive lookup: 0, max shadow lookup: 0
	evict counters: 128 128 128 128
	eager counters: 128 128 128 128
num evicts: 26700000, p: 448357, s: 5680601 	 max proactive lookup: 0, max shadow lookup: 0
	evict counters: 128 128 128 128
	eager counters: 128 128 128 128
num evicts: 26800000, p: 449843, s: 5705370 	 max proactive lookup: 0, max shadow lookup: 0
	evict counters: 128 128 128 128
	eager counters: 128 128 128 128
num evicts: 26900000, p: 451161, s: 5729614 	 max proactive lookup: 0, max shadow lookup: 0
	evict counters: 128 128 128 128
	eager counters: 128 128 128 128
num evicts: 27000000, p: 452540, s: 5754410 	 max proactive lookup: 0, max shadow lookup: 0
	evict counters: 128 128 128 128
	eager counters: 128 128 128 128
num evicts: 27100000, p: 453885, s: 5778821 	 max proactive lookup: 0, max shadow lookup: 0
	evict counters: 128 128 128 128
	eager counters: 128 128 128 128
num evicts: 27200000, p: 455179, s: 5803257 	 max proactive lookup: 0, max shadow lookup: 0
	evict counters: 128 128 128 128
	eager counters: 128 128 128 128
num evicts: 27300000, p: 456624, s: 5828205 	 max proactive lookup: 0, max shadow lookup: 0
	evict counters: 128 128 128 128
	eager counters: 128 128 128 128
num evicts: 27400000, p: 457885, s: 5852012 	 max proactive lookup: 0, max shadow lookup: 0
	evict counters: 128 128 128 128
	eager counters: 128 128 128 128
num evicts: 27500000, p: 459239, s: 5876015 	 max proactive lookup: 0, max shadow lookup: 0
	evict counters: 128 128 128 128
	eager counters: 128 128 128 128
num evicts: 27600000, p: 460709, s: 5900178 	 max proactive lookup: 0, max shadow lookup: 0
	evict counters: 128 128 128 128
	eager counters: 128 128 128 128
num evicts: 27700000, p: 461929, s: 5924545 	 max proactive lookup: 0, max shadow lookup: 0
	evict counters: 128 128 128 128
	eager counters: 128 128 128 128
num evicts: 27800000, p: 463116, s: 5948332 	 max proactive lookup: 0, max shadow lookup: 0
	evict counters: 128 128 128 128
	eager counters: 128 128 128 128
num evicts: 27900000, p: 464500, s: 5971627 	 max proactive lookup: 0, max shadow lookup: 0
	evict counters: 128 128 128 128
	eager counters: 128 128 128 128
num evicts: 28000000, p: 465718, s: 5995260 	 max proactive lookup: 0, max shadow lookup: 0
	evict counters: 128 128 128 128
	eager counters: 128 128 128 128
num evicts: 28100000, p: 466969, s: 6018546 	 max proactive lookup: 0, max shadow lookup: 0
	evict counters: 128 128 128 128
	eager counters: 128 128 128 128
num evicts: 28200000, p: 468339, s: 6042752 	 max proactive lookup: 0, max shadow lookup: 0
	evict counters: 128 128 128 128
	eager counters: 128 128 128 128
num evicts: 28300000, p: 469724, s: 6065938 	 max proactive lookup: 0, max shadow lookup: 0
	evict counters: 128 128 128 128
	eager counters: 128 128 128 128
num evicts: 28400000, p: 471255, s: 6088616 	 max proactive lookup: 0, max shadow lookup: 0
	evict counters: 128 128 128 128
	eager counters: 128 128 128 128
num evicts: 28500000, p: 472929, s: 6111712 	 max proactive lookup: 0, max shadow lookup: 0
	evict counters: 128 128 128 128
	eager counters: 128 128 128 128
num evicts: 28600000, p: 474335, s: 6135760 	 max proactive lookup: 0, max shadow lookup: 0
	evict counters: 128 128 128 128
	eager counters: 128 128 128 128
num evicts: 28700000, p: 475728, s: 6159163 	 max proactive lookup: 0, max shadow lookup: 0
	evict counters: 128 128 128 128
	eager counters: 128 128 128 128
num evicts: 28800000, p: 477157, s: 6183329 	 max proactive lookup: 0, max shadow lookup: 0
	evict counters: 128 128 128 128
	eager counters: 128 128 128 128
num evicts: 28900000, p: 478482, s: 6206998 	 max proactive lookup: 0, max shadow lookup: 0
	evict counters: 128 128 128 128
	eager counters: 128 128 128 128
num evicts: 29000000, p: 479856, s: 6231830 	 max proactive lookup: 0, max shadow lookup: 0
	evict counters: 128 128 128 128
	eager counters: 128 128 128 128
num evicts: 29100000, p: 481155, s: 6255310 	 max proactive lookup: 0, max shadow lookup: 0
	evict counters: 128 128 128 128
	eager counters: 128 128 128 128
num evicts: 29200000, p: 482536, s: 6278724 	 max proactive lookup: 0, max shadow lookup: 0
	evict counters: 128 128 128 128
	eager counters: 128 128 128 128
num evicts: 29300000, p: 483970, s: 6303062 	 max proactive lookup: 0, max shadow lookup: 0
	evict counters: 128 128 128 128
	eager counters: 128 128 128 128
num evicts: 29400000, p: 485429, s: 6328011 	 max proactive lookup: 0, max shadow lookup: 0
	evict counters: 128 128 128 128
	eager counters: 128 128 128 128
num evicts: 29500000, p: 486673, s: 6353196 	 max proactive lookup: 0, max shadow lookup: 0
	evict counters: 128 128 128 128
	eager counters: 128 128 128 128
num evicts: 29600000, p: 488012, s: 6378182 	 max proactive lookup: 0, max shadow lookup: 0
	evict counters: 128 128 128 128
	eager counters: 128 128 128 128
Heartbeat CPU 7 instructions: 60000015 cycles: 211536820 heartbeat IPC: 0.1786 cumulative IPC: 0.1796 (Simulation time: 03 hr 52 min 23 sec)
num evicts: 29700000, p: 489328, s: 6403080 	 max proactive lookup: 0, max shadow lookup: 0
	evict counters: 128 128 128 128
	eager counters: 128 128 128 128
Heartbeat CPU 2 instructions: 60000015 cycles: 211837838 heartbeat IPC: 0.1795 cumulative IPC: 0.1793 (Simulation time: 03 hr 52 min 41 sec)
Heartbeat CPU 0 instructions: 60000010 cycles: 211931256 heartbeat IPC: 0.1784 cumulative IPC: 0.1792 (Simulation time: 03 hr 52 min 47 sec)
Heartbeat CPU 6 instructions: 60000015 cycles: 212011873 heartbeat IPC: 0.1789 cumulative IPC: 0.1792 (Simulation time: 03 hr 52 min 52 sec)
Heartbeat CPU 3 instructions: 60000015 cycles: 212128383 heartbeat IPC: 0.179 cumulative IPC: 0.179 (Simulation time: 03 hr 52 min 59 sec)
Heartbeat CPU 4 instructions: 60000015 cycles: 212216609 heartbeat IPC: 0.1784 cumulative IPC: 0.179 (Simulation time: 03 hr 53 min 04 sec)
Heartbeat CPU 5 instructions: 60000015 cycles: 212227963 heartbeat IPC: 0.1786 cumulative IPC: 0.179 (Simulation time: 03 hr 53 min 05 sec)
Heartbeat CPU 1 instructions: 60000015 cycles: 212656857 heartbeat IPC: 0.1771 cumulative IPC: 0.1785 (Simulation time: 03 hr 53 min 31 sec)
num evicts: 29800000, p: 490605, s: 6428593 	 max proactive lookup: 0, max shadow lookup: 0
	evict counters: 128 128 128 128
	eager counters: 128 128 128 128
num evicts: 29900000, p: 491869, s: 6452070 	 max proactive lookup: 0, max shadow lookup: 0
	evict counters: 128 128 128 128
	eager counters: 128 128 128 128
num evicts: 30000000, p: 493320, s: 6476881 	 max proactive lookup: 0, max shadow lookup: 0
	evict counters: 128 128 128 128
	eager counters: 128 128 128 128
num evicts: 30100000, p: 494865, s: 6499906 	 max proactive lookup: 0, max shadow lookup: 0
	evict counters: 128 128 128 128
	eager counters: 128 128 128 128
num evicts: 30200000, p: 496383, s: 6524636 	 max proactive lookup: 0, max shadow lookup: 0
	evict counters: 128 128 128 128
	eager counters: 128 128 128 128
num evicts: 30300000, p: 497762, s: 6548825 	 max proactive lookup: 0, max shadow lookup: 0
	evict counters: 128 128 128 128
	eager counters: 128 128 128 128
num evicts: 30400000, p: 499124, s: 6572989 	 max proactive lookup: 0, max shadow lookup: 0
	evict counters: 128 128 128 128
	eager counters: 128 128 128 128
num evicts: 30500000, p: 500573, s: 6596540 	 max proactive lookup: 0, max shadow lookup: 0
	evict counters: 128 128 128 128
	eager counters: 128 128 128 128
num evicts: 30600000, p: 502068, s: 6619736 	 max proactive lookup: 0, max shadow lookup: 0
	evict counters: 128 128 128 128
	eager counters: 128 128 128 128
num evicts: 30700000, p: 503744, s: 6643211 	 max proactive lookup: 0, max shadow lookup: 0
	evict counters: 128 128 128 128
	eager counters: 128 128 128 128
num evicts: 30800000, p: 505370, s: 6666720 	 max proactive lookup: 0, max shadow lookup: 0
	evict counters: 128 128 128 128
	eager counters: 128 128 128 128
num evicts: 30900000, p: 506907, s: 6690397 	 max proactive lookup: 0, max shadow lookup: 0
	evict counters: 128 128 128 128
	eager counters: 128 128 128 128
num evicts: 31000000, p: 508459, s: 6714012 	 max proactive lookup: 0, max shadow lookup: 0
	evict counters: 128 128 128 128
	eager counters: 128 128 128 128
num evicts: 31100000, p: 509870, s: 6735174 	 max proactive lookup: 0, max shadow lookup: 0
	evict counters: 128 128 128 128
	eager counters: 128 128 128 128
num evicts: 31200000, p: 511807, s: 6757130 	 max proactive lookup: 0, max shadow lookup: 0
	evict counters: 128 128 128 128
	eager counters: 128 128 128 128
num evicts: 31300000, p: 513301, s: 6781085 	 max proactive lookup: 0, max shadow lookup: 0
	evict counters: 128 128 128 128
	eager counters: 128 128 128 128
num evicts: 31400000, p: 514830, s: 6804345 	 max proactive lookup: 0, max shadow lookup: 0
	evict counters: 128 128 128 128
	eager counters: 128 128 128 128
num evicts: 31500000, p: 516520, s: 6827246 	 max proactive lookup: 0, max shadow lookup: 0
	evict counters: 128 128 128 128
	eager counters: 128 128 128 128
num evicts: 31600000, p: 518018, s: 6851036 	 max proactive lookup: 0, max shadow lookup: 0
	evict counters: 128 128 128 128
	eager counters: 128 128 128 128
num evicts: 31700000, p: 519551, s: 6872886 	 max proactive lookup: 0, max shadow lookup: 0
	evict counters: 128 128 128 128
	eager counters: 128 128 128 128
num evicts: 31800000, p: 521140, s: 6896454 	 max proactive lookup: 0, max shadow lookup: 0
	evict counters: 128 128 128 128
	eager counters: 128 128 128 128
num evicts: 31900000, p: 522899, s: 6917027 	 max proactive lookup: 0, max shadow lookup: 0
	evict counters: 128 128 128 128
	eager counters: 128 128 128 128
num evicts: 32000000, p: 524576, s: 6940606 	 max proactive lookup: 0, max shadow lookup: 0
	evict counters: 128 128 128 128
	eager counters: 128 128 128 128
num evicts: 32100000, p: 526176, s: 6963218 	 max proactive lookup: 0, max shadow lookup: 0
	evict counters: 128 128 128 128
	eager counters: 128 128 128 128
num evicts: 32200000, p: 527957, s: 6985849 	 max proactive lookup: 0, max shadow lookup: 0
	evict counters: 128 128 128 128
	eager counters: 128 128 128 128
num evicts: 32300000, p: 529614, s: 7008109 	 max proactive lookup: 0, max shadow lookup: 0
	evict counters: 128 128 128 128
	eager counters: 128 128 128 128
num evicts: 32400000, p: 531129, s: 7032897 	 max proactive lookup: 0, max shadow lookup: 0
	evict counters: 128 128 128 128
	eager counters: 128 128 128 128
num evicts: 32500000, p: 532350, s: 7057257 	 max proactive lookup: 0, max shadow lookup: 0
	evict counters: 128 128 128 128
	eager counters: 128 128 128 128
num evicts: 32600000, p: 533596, s: 7082162 	 max proactive lookup: 0, max shadow lookup: 0
	evict counters: 128 128 128 128
	eager counters: 128 128 128 128
num evicts: 32700000, p: 534725, s: 7107150 	 max proactive lookup: 0, max shadow lookup: 0
	evict counters: 128 128 128 128
	eager counters: 128 128 128 128
num evicts: 32800000, p: 535893, s: 7132538 	 max proactive lookup: 0, max shadow lookup: 0
	evict counters: 128 128 128 128
	eager counters: 128 128 128 128
num evicts: 32900000, p: 536958, s: 7157225 	 max proactive lookup: 0, max shadow lookup: 0
	evict counters: 128 128 128 128
	eager counters: 128 128 128 128
num evicts: 33000000, p: 538038, s: 7180444 	 max proactive lookup: 0, max shadow lookup: 0
	evict counters: 128 128 128 128
	eager counters: 128 128 128 128
num evicts: 33100000, p: 539071, s: 7204027 	 max proactive lookup: 0, max shadow lookup: 0
	evict counters: 128 128 128 128
	eager counters: 128 128 128 128
num evicts: 33200000, p: 540041, s: 7227602 	 max proactive lookup: 0, max shadow lookup: 0
	evict counters: 128 128 128 128
	eager counters: 128 128 128 128
num evicts: 33300000, p: 541076, s: 7250572 	 max proactive lookup: 0, max shadow lookup: 0
	evict counters: 128 128 128 128
	eager counters: 128 128 128 128
num evicts: 33400000, p: 541896, s: 7273154 	 max proactive lookup: 0, max shadow lookup: 0
	evict counters: 128 128 128 128
	eager counters: 128 128 128 128
num evicts: 33500000, p: 542853, s: 7296693 	 max proactive lookup: 0, max shadow lookup: 0
	evict counters: 128 128 128 128
	eager counters: 128 128 128 128
num evicts: 33600000, p: 543739, s: 7320245 	 max proactive lookup: 0, max shadow lookup: 0
	evict counters: 128 128 128 128
	eager counters: 128 128 128 128
num evicts: 33700000, p: 544717, s: 7344097 	 max proactive lookup: 0, max shadow lookup: 0
	evict counters: 128 128 128 128
	eager counters: 128 128 128 128
num evicts: 33800000, p: 545865, s: 7369108 	 max proactive lookup: 0, max shadow lookup: 0
	evict counters: 128 128 128 128
	eager counters: 128 128 128 128
num evicts: 33900000, p: 546945, s: 7394075 	 max proactive lookup: 0, max shadow lookup: 0
	evict counters: 128 128 128 128
	eager counters: 128 128 128 128
num evicts: 34000000, p: 548155, s: 7418496 	 max proactive lookup: 0, max shadow lookup: 0
	evict counters: 128 128 128 128
	eager counters: 128 128 128 128
num evicts: 34100000, p: 549243, s: 7443116 	 max proactive lookup: 0, max shadow lookup: 0
	evict counters: 128 128 128 128
	eager counters: 128 128 128 128
num evicts: 34200000, p: 550456, s: 7467788 	 max proactive lookup: 0, max shadow lookup: 0
	evict counters: 128 128 128 128
	eager counters: 128 128 128 128
num evicts: 34300000, p: 551729, s: 7492346 	 max proactive lookup: 0, max shadow lookup: 0
	evict counters: 128 128 128 128
	eager counters: 128 128 128 128
num evicts: 34400000, p: 552826, s: 7518398 	 max proactive lookup: 0, max shadow lookup: 0
	evict counters: 128 128 128 128
	eager counters: 128 128 128 128
num evicts: 34500000, p: 554018, s: 7542861 	 max proactive lookup: 0, max shadow lookup: 0
	evict counters: 128 128 128 128
	eager counters: 128 128 128 128
num evicts: 34600000, p: 555044, s: 7566315 	 max proactive lookup: 0, max shadow lookup: 0
	evict counters: 128 128 128 128
	eager counters: 128 128 128 128
Heartbeat CPU 7 instructions: 70000019 cycles: 267068923 heartbeat IPC: 0.1801 cumulative IPC: 0.1797 (Simulation time: 04 hr 48 min 15 sec)
Heartbeat CPU 6 instructions: 70000019 cycles: 267322134 heartbeat IPC: 0.1808 cumulative IPC: 0.1795 (Simulation time: 04 hr 48 min 30 sec)
num evicts: 34700000, p: 556161, s: 7589341 	 max proactive lookup: 0, max shadow lookup: 0
	evict counters: 128 128 128 128
	eager counters: 128 128 128 128
Heartbeat CPU 3 instructions: 70000019 cycles: 267518820 heartbeat IPC: 0.1805 cumulative IPC: 0.1794 (Simulation time: 04 hr 48 min 42 sec)
Heartbeat CPU 0 instructions: 70000014 cycles: 267779315 heartbeat IPC: 0.1791 cumulative IPC: 0.1792 (Simulation time: 04 hr 48 min 58 sec)
Heartbeat CPU 4 instructions: 70000019 cycles: 267906156 heartbeat IPC: 0.1796 cumulative IPC: 0.1791 (Simulation time: 04 hr 49 min 05 sec)
Heartbeat CPU 2 instructions: 70000019 cycles: 268058618 heartbeat IPC: 0.1779 cumulative IPC: 0.179 (Simulation time: 04 hr 49 min 15 sec)
Heartbeat CPU 5 instructions: 70000016 cycles: 268108446 heartbeat IPC: 0.179 cumulative IPC: 0.179 (Simulation time: 04 hr 49 min 18 sec)
Heartbeat CPU 1 instructions: 70000019 cycles: 268327642 heartbeat IPC: 0.1796 cumulative IPC: 0.1788 (Simulation time: 04 hr 49 min 31 sec)
num evicts: 34800000, p: 557148, s: 7613715 	 max proactive lookup: 0, max shadow lookup: 0
	evict counters: 128 128 128 128
	eager counters: 128 128 128 128
num evicts: 34900000, p: 557958, s: 7637343 	 max proactive lookup: 0, max shadow lookup: 0
	evict counters: 128 128 128 128
	eager counters: 128 128 128 128
num evicts: 35000000, p: 558894, s: 7661492 	 max proactive lookup: 0, max shadow lookup: 0
	evict counters: 128 128 128 128
	eager counters: 128 128 128 128
num evicts: 35100000, p: 559815, s: 7686930 	 max proactive lookup: 0, max shadow lookup: 0
	evict counters: 128 128 128 128
	eager counters: 128 128 128 128
num evicts: 35200000, p: 560850, s: 7710786 	 max proactive lookup: 0, max shadow lookup: 0
	evict counters: 128 128 128 128
	eager counters: 128 128 128 128
num evicts: 35300000, p: 561768, s: 7735124 	 max proactive lookup: 0, max shadow lookup: 0
	evict counters: 128 128 128 128
	eager counters: 128 128 128 128
num evicts: 35400000, p: 562823, s: 7760524 	 max proactive lookup: 0, max shadow lookup: 0
	evict counters: 128 128 128 128
	eager counters: 128 128 128 128
num evicts: 35500000, p: 563795, s: 7784910 	 max proactive lookup: 0, max shadow lookup: 0
	evict counters: 128 128 128 128
	eager counters: 128 128 128 128
num evicts: 35600000, p: 564899, s: 7809968 	 max proactive lookup: 0, max shadow lookup: 0
	evict counters: 128 128 128 128
	eager counters: 128 128 128 128
num evicts: 35700000, p: 565943, s: 7836122 	 max proactive lookup: 0, max shadow lookup: 0
	evict counters: 128 128 128 128
	eager counters: 128 128 128 128
num evicts: 35800000, p: 566932, s: 7859354 	 max proactive lookup: 0, max shadow lookup: 0
	evict counters: 128 128 128 128
	eager counters: 128 128 128 128
num evicts: 35900000, p: 568134, s: 7884974 	 max proactive lookup: 0, max shadow lookup: 0
	evict counters: 128 128 128 128
	eager counters: 128 128 128 128
num evicts: 36000000, p: 569162, s: 7910892 	 max proactive lookup: 0, max shadow lookup: 0
	evict counters: 128 128 128 128
	eager counters: 128 128 128 128
num evicts: 36100000, p: 570186, s: 7936869 	 max proactive lookup: 0, max shadow lookup: 0
	evict counters: 128 128 128 128
	eager counters: 128 128 128 128
num evicts: 36200000, p: 571324, s: 7963892 	 max proactive lookup: 0, max shadow lookup: 0
	evict counters: 128 128 128 128
	eager counters: 128 128 128 128
num evicts: 36300000, p: 572584, s: 7989213 	 max proactive lookup: 0, max shadow lookup: 0
	evict counters: 128 128 128 128
	eager counters: 128 128 128 128
num evicts: 36400000, p: 573758, s: 8015267 	 max proactive lookup: 0, max shadow lookup: 0
	evict counters: 128 128 128 128
	eager counters: 128 128 128 128
num evicts: 36500000, p: 575068, s: 8039433 	 max proactive lookup: 0, max shadow lookup: 0
	evict counters: 128 128 128 128
	eager counters: 128 128 128 128
num evicts: 36600000, p: 576476, s: 8064997 	 max proactive lookup: 0, max shadow lookup: 0
	evict counters: 128 128 128 128
	eager counters: 128 128 128 128
num evicts: 36700000, p: 577980, s: 8089119 	 max proactive lookup: 0, max shadow lookup: 0
	evict counters: 128 128 128 128
	eager counters: 128 128 128 128
num evicts: 36800000, p: 579594, s: 8112663 	 max proactive lookup: 0, max shadow lookup: 0
	evict counters: 128 128 128 128
	eager counters: 128 128 128 128
num evicts: 36900000, p: 580997, s: 8135669 	 max proactive lookup: 0, max shadow lookup: 0
	evict counters: 128 128 128 128
	eager counters: 128 128 128 128
num evicts: 37000000, p: 582414, s: 8159143 	 max proactive lookup: 0, max shadow lookup: 0
	evict counters: 128 128 128 128
	eager counters: 128 128 128 128
num evicts: 37100000, p: 583728, s: 8182001 	 max proactive lookup: 0, max shadow lookup: 0
	evict counters: 128 128 128 128
	eager counters: 128 128 128 128
num evicts: 37200000, p: 585196, s: 8204219 	 max proactive lookup: 0, max shadow lookup: 0
	evict counters: 128 128 128 128
	eager counters: 128 128 128 128
num evicts: 37300000, p: 586682, s: 8227541 	 max proactive lookup: 0, max shadow lookup: 0
	evict counters: 128 128 128 128
	eager counters: 128 128 128 128
num evicts: 37400000, p: 588102, s: 8250597 	 max proactive lookup: 0, max shadow lookup: 0
	evict counters: 128 128 128 128
	eager counters: 128 128 128 128
num evicts: 37500000, p: 589649, s: 8272849 	 max proactive lookup: 0, max shadow lookup: 0
	evict counters: 128 128 128 128
	eager counters: 128 128 128 128
num evicts: 37600000, p: 591197, s: 8295629 	 max proactive lookup: 0, max shadow lookup: 0
	evict counters: 128 128 128 128
	eager counters: 128 128 128 128
num evicts: 37700000, p: 592679, s: 8319080 	 max proactive lookup: 0, max shadow lookup: 0
	evict counters: 128 128 128 128
	eager counters: 128 128 128 128
num evicts: 37800000, p: 594078, s: 8342696 	 max proactive lookup: 0, max shadow lookup: 0
	evict counters: 128 128 128 128
	eager counters: 128 128 128 128
num evicts: 37900000, p: 595523, s: 8365564 	 max proactive lookup: 0, max shadow lookup: 0
	evict counters: 128 128 128 128
	eager counters: 128 128 128 128
num evicts: 38000000, p: 597163, s: 8389385 	 max proactive lookup: 0, max shadow lookup: 0
	evict counters: 128 128 128 128
	eager counters: 128 128 128 128
num evicts: 38100000, p: 598660, s: 8411612 	 max proactive lookup: 0, max shadow lookup: 0
	evict counters: 128 128 128 128
	eager counters: 128 128 128 128
num evicts: 38200000, p: 600240, s: 8435937 	 max proactive lookup: 0, max shadow lookup: 0
	evict counters: 128 128 128 128
	eager counters: 128 128 128 128
num evicts: 38300000, p: 601667, s: 8458993 	 max proactive lookup: 0, max shadow lookup: 0
	evict counters: 128 128 128 128
	eager counters: 128 128 128 128
num evicts: 38400000, p: 603067, s: 8482549 	 max proactive lookup: 0, max shadow lookup: 0
	evict counters: 128 128 128 128
	eager counters: 128 128 128 128
num evicts: 38500000, p: 604737, s: 8504916 	 max proactive lookup: 0, max shadow lookup: 0
	evict counters: 128 128 128 128
	eager counters: 128 128 128 128
num evicts: 38600000, p: 606082, s: 8528113 	 max proactive lookup: 0, max shadow lookup: 0
	evict counters: 128 128 128 128
	eager counters: 128 128 128 128
num evicts: 38700000, p: 607552, s: 8551982 	 max proactive lookup: 0, max shadow lookup: 0
	evict counters: 128 128 128 128
	eager counters: 128 128 128 128
num evicts: 38800000, p: 609066, s: 8574634 	 max proactive lookup: 0, max shadow lookup: 0
	evict counters: 128 128 128 128
	eager counters: 128 128 128 128
num evicts: 38900000, p: 610430, s: 8597559 	 max proactive lookup: 0, max shadow lookup: 0
	evict counters: 128 128 128 128
	eager counters: 128 128 128 128
num evicts: 39000000, p: 611835, s: 8622438 	 max proactive lookup: 0, max shadow lookup: 0
	evict counters: 128 128 128 128
	eager counters: 128 128 128 128
num evicts: 39100000, p: 613053, s: 8646076 	 max proactive lookup: 0, max shadow lookup: 0
	evict counters: 128 128 128 128
	eager counters: 128 128 128 128
num evicts: 39200000, p: 614294, s: 8670644 	 max proactive lookup: 0, max shadow lookup: 0
	evict counters: 128 128 128 128
	eager counters: 128 128 128 128
num evicts: 39300000, p: 615646, s: 8694959 	 max proactive lookup: 0, max shadow lookup: 0
	evict counters: 128 128 128 128
	eager counters: 128 128 128 128
num evicts: 39400000, p: 616807, s: 8719011 	 max proactive lookup: 0, max shadow lookup: 0
	evict counters: 128 128 128 128
	eager counters: 128 128 128 128
num evicts: 39500000, p: 617909, s: 8744049 	 max proactive lookup: 0, max shadow lookup: 0
	evict counters: 128 128 128 128
	eager counters: 128 128 128 128
num evicts: 39600000, p: 619086, s: 8767853 	 max proactive lookup: 0, max shadow lookup: 0
	evict counters: 128 128 128 128
	eager counters: 128 128 128 128
Heartbeat CPU 3 instructions: 80000021 cycles: 323000062 heartbeat IPC: 0.1802 cumulative IPC: 0.1795 (Simulation time: 05 hr 44 min 47 sec)
num evicts: 39700000, p: 620354, s: 8790255 	 max proactive lookup: 0, max shadow lookup: 0
	evict counters: 128 128 128 128
	eager counters: 128 128 128 128
Heartbeat CPU 7 instructions: 80000021 cycles: 323247669 heartbeat IPC: 0.178 cumulative IPC: 0.1794 (Simulation time: 05 hr 45 min 02 sec)
Heartbeat CPU 0 instructions: 80000016 cycles: 323375119 heartbeat IPC: 0.1799 cumulative IPC: 0.1793 (Simulation time: 05 hr 45 min 09 sec)
Heartbeat CPU 6 instructions: 80000023 cycles: 323438634 heartbeat IPC: 0.1782 cumulative IPC: 0.1793 (Simulation time: 05 hr 45 min 13 sec)
Heartbeat CPU 4 instructions: 80000021 cycles: 323524526 heartbeat IPC: 0.1798 cumulative IPC: 0.1792 (Simulation time: 05 hr 45 min 18 sec)
Heartbeat CPU 5 instructions: 80000016 cycles: 323618586 heartbeat IPC: 0.1801 cumulative IPC: 0.1792 (Simulation time: 05 hr 45 min 24 sec)
Heartbeat CPU 2 instructions: 80000021 cycles: 323696908 heartbeat IPC: 0.1797 cumulative IPC: 0.1791 (Simulation time: 05 hr 45 min 28 sec)
Heartbeat CPU 1 instructions: 80000021 cycles: 323950600 heartbeat IPC: 0.1798 cumulative IPC: 0.179 (Simulation time: 05 hr 45 min 44 sec)
num evicts: 39800000, p: 621876, s: 8813319 	 max proactive lookup: 0, max shadow lookup: 0
	evict counters: 128 128 128 128
	eager counters: 128 128 128 128
num evicts: 39900000, p: 623176, s: 8837401 	 max proactive lookup: 0, max shadow lookup: 0
	evict counters: 128 128 128 128
	eager counters: 128 128 128 128
num evicts: 40000000, p: 624447, s: 8859794 	 max proactive lookup: 0, max shadow lookup: 0
	evict counters: 128 128 128 128
	eager counters: 128 128 128 128
num evicts: 40100000, p: 626278, s: 8882154 	 max proactive lookup: 0, max shadow lookup: 0
	evict counters: 128 128 128 128
	eager counters: 128 128 128 128
num evicts: 40200000, p: 628066, s: 8903683 	 max proactive lookup: 0, max shadow lookup: 0
	evict counters: 128 128 128 128
	eager counters: 128 128 128 128
num evicts: 40300000, p: 629796, s: 8925105 	 max proactive lookup: 0, max shadow lookup: 0
	evict counters: 128 128 128 128
	eager counters: 128 128 128 128
num evicts: 40400000, p: 631795, s: 8946431 	 max proactive lookup: 0, max shadow lookup: 0
	evict counters: 128 128 128 128
	eager counters: 128 128 128 128
num evicts: 40500000, p: 633709, s: 8967941 	 max proactive lookup: 0, max shadow lookup: 0
	evict counters: 128 128 128 128
	eager counters: 128 128 128 128
num evicts: 40600000, p: 635657, s: 8990278 	 max proactive lookup: 0, max shadow lookup: 0
	evict counters: 128 128 128 128
	eager counters: 128 128 128 128
num evicts: 40700000, p: 637550, s: 9012277 	 max proactive lookup: 0, max shadow lookup: 0
	evict counters: 128 128 128 128
	eager counters: 128 128 128 128
num evicts: 40800000, p: 639427, s: 9034456 	 max proactive lookup: 0, max shadow lookup: 0
	evict counters: 128 128 128 128
	eager counters: 128 128 128 128
num evicts: 40900000, p: 641086, s: 9057751 	 max proactive lookup: 0, max shadow lookup: 0
	evict counters: 128 128 128 128
	eager counters: 128 128 128 128
num evicts: 41000000, p: 642685, s: 9080530 	 max proactive lookup: 0, max shadow lookup: 0
	evict counters: 128 128 128 128
	eager counters: 128 128 128 128
num evicts: 41100000, p: 644300, s: 9102314 	 max proactive lookup: 0, max shadow lookup: 0
	evict counters: 128 128 128 128
	eager counters: 128 128 128 128
num evicts: 41200000, p: 646055, s: 9126091 	 max proactive lookup: 0, max shadow lookup: 0
	evict counters: 128 128 128 128
	eager counters: 128 128 128 128
num evicts: 41300000, p: 647518, s: 9150884 	 max proactive lookup: 0, max shadow lookup: 0
	evict counters: 128 128 128 128
	eager counters: 128 128 128 128
num evicts: 41400000, p: 648990, s: 9174018 	 max proactive lookup: 0, max shadow lookup: 0
	evict counters: 128 128 128 128
	eager counters: 128 128 128 128
num evicts: 41500000, p: 650706, s: 9197322 	 max proactive lookup: 0, max shadow lookup: 0
	evict counters: 128 128 128 128
	eager counters: 128 128 128 128
num evicts: 41600000, p: 652074, s: 9221773 	 max proactive lookup: 0, max shadow lookup: 0
	evict counters: 128 128 128 128
	eager counters: 128 128 128 128
num evicts: 41700000, p: 653322, s: 9246564 	 max proactive lookup: 0, max shadow lookup: 0
	evict counters: 128 128 128 128
	eager counters: 128 128 128 128
num evicts: 41800000, p: 654686, s: 9270830 	 max proactive lookup: 0, max shadow lookup: 0
	evict counters: 128 128 128 128
	eager counters: 128 128 128 128
num evicts: 41900000, p: 656001, s: 9295632 	 max proactive lookup: 0, max shadow lookup: 0
	evict counters: 128 128 128 128
	eager counters: 128 128 128 128
num evicts: 42000000, p: 657199, s: 9319315 	 max proactive lookup: 0, max shadow lookup: 0
	evict counters: 128 128 128 128
	eager counters: 128 128 128 128
num evicts: 42100000, p: 658612, s: 9343415 	 max proactive lookup: 0, max shadow lookup: 0
	evict counters: 128 128 128 128
	eager counters: 128 128 128 128
num evicts: 42200000, p: 659835, s: 9368256 	 max proactive lookup: 0, max shadow lookup: 0
	evict counters: 128 128 128 128
	eager counters: 128 128 128 128
num evicts: 42300000, p: 661046, s: 9392350 	 max proactive lookup: 0, max shadow lookup: 0
	evict counters: 128 128 128 128
	eager counters: 128 128 128 128
num evicts: 42400000, p: 662478, s: 9414528 	 max proactive lookup: 0, max shadow lookup: 0
	evict counters: 128 128 128 128
	eager counters: 128 128 128 128
num evicts: 42500000, p: 663921, s: 9436844 	 max proactive lookup: 0, max shadow lookup: 0
	evict counters: 128 128 128 128
	eager counters: 128 128 128 128
num evicts: 42600000, p: 665311, s: 9458286 	 max proactive lookup: 0, max shadow lookup: 0
	evict counters: 128 128 128 128
	eager counters: 128 128 128 128
num evicts: 42700000, p: 666905, s: 9480768 	 max proactive lookup: 0, max shadow lookup: 0
	evict counters: 128 128 128 128
	eager counters: 128 128 128 128
num evicts: 42800000, p: 668152, s: 9502556 	 max proactive lookup: 0, max shadow lookup: 0
	evict counters: 128 128 128 128
	eager counters: 128 128 128 128
num evicts: 42900000, p: 669467, s: 9525146 	 max proactive lookup: 0, max shadow lookup: 0
	evict counters: 128 128 128 128
	eager counters: 128 128 128 128
num evicts: 43000000, p: 670755, s: 9548601 	 max proactive lookup: 0, max shadow lookup: 0
	evict counters: 128 128 128 128
	eager counters: 128 128 128 128
num evicts: 43100000, p: 671946, s: 9571505 	 max proactive lookup: 0, max shadow lookup: 0
	evict counters: 128 128 128 128
	eager counters: 128 128 128 128
num evicts: 43200000, p: 673230, s: 9595539 	 max proactive lookup: 0, max shadow lookup: 0
	evict counters: 128 128 128 128
	eager counters: 128 128 128 128
num evicts: 43300000, p: 674629, s: 9620239 	 max proactive lookup: 0, max shadow lookup: 0
	evict counters: 128 128 128 128
	eager counters: 128 128 128 128
num evicts: 43400000, p: 675937, s: 9644694 	 max proactive lookup: 0, max shadow lookup: 0
	evict counters: 128 128 128 128
	eager counters: 128 128 128 128
num evicts: 43500000, p: 677169, s: 9670334 	 max proactive lookup: 0, max shadow lookup: 0
	evict counters: 128 128 128 128
	eager counters: 128 128 128 128
num evicts: 43600000, p: 678462, s: 9694880 	 max proactive lookup: 0, max shadow lookup: 0
	evict counters: 128 128 128 128
	eager counters: 128 128 128 128
num evicts: 43700000, p: 679531, s: 9718979 	 max proactive lookup: 0, max shadow lookup: 0
	evict counters: 128 128 128 128
	eager counters: 128 128 128 128
num evicts: 43800000, p: 680985, s: 9743907 	 max proactive lookup: 0, max shadow lookup: 0
	evict counters: 128 128 128 128
	eager counters: 128 128 128 128
num evicts: 43900000, p: 682380, s: 9768050 	 max proactive lookup: 0, max shadow lookup: 0
	evict counters: 128 128 128 128
	eager counters: 128 128 128 128
num evicts: 44000000, p: 683814, s: 9791326 	 max proactive lookup: 0, max shadow lookup: 0
	evict counters: 128 128 128 128
	eager counters: 128 128 128 128
num evicts: 44100000, p: 685161, s: 9814490 	 max proactive lookup: 0, max shadow lookup: 0
	evict counters: 128 128 128 128
	eager counters: 128 128 128 128
num evicts: 44200000, p: 686536, s: 9837438 	 max proactive lookup: 0, max shadow lookup: 0
	evict counters: 128 128 128 128
	eager counters: 128 128 128 128
num evicts: 44300000, p: 687886, s: 9860906 	 max proactive lookup: 0, max shadow lookup: 0
	evict counters: 128 128 128 128
	eager counters: 128 128 128 128
num evicts: 44400000, p: 689146, s: 9884419 	 max proactive lookup: 0, max shadow lookup: 0
	evict counters: 128 128 128 128
	eager counters: 128 128 128 128
num evicts: 44500000, p: 690609, s: 9907609 	 max proactive lookup: 0, max shadow lookup: 0
	evict counters: 128 128 128 128
	eager counters: 128 128 128 128
num evicts: 44600000, p: 692146, s: 9931563 	 max proactive lookup: 0, max shadow lookup: 0
	evict counters: 128 128 128 128
	eager counters: 128 128 128 128
num evicts: 44700000, p: 693514, s: 9954796 	 max proactive lookup: 0, max shadow lookup: 0
	evict counters: 128 128 128 128
	eager counters: 128 128 128 128
Heartbeat CPU 3 instructions: 90000025 cycles: 378906643 heartbeat IPC: 0.1789 cumulative IPC: 0.1794 (Simulation time: 06 hr 45 min 42 sec)
Heartbeat CPU 7 instructions: 90000025 cycles: 379035338 heartbeat IPC: 0.1793 cumulative IPC: 0.1794 (Simulation time: 06 hr 45 min 51 sec)
Heartbeat CPU 2 instructions: 90000022 cycles: 379213622 heartbeat IPC: 0.1801 cumulative IPC: 0.1793 (Simulation time: 06 hr 46 min 37 sec)
Heartbeat CPU 5 instructions: 90000020 cycles: 379342847 heartbeat IPC: 0.1795 cumulative IPC: 0.1792 (Simulation time: 06 hr 46 min 46 sec)
Heartbeat CPU 4 instructions: 90000025 cycles: 379353953 heartbeat IPC: 0.1791 cumulative IPC: 0.1792 (Simulation time: 06 hr 46 min 57 sec)
Heartbeat CPU 6 instructions: 90000025 cycles: 379354039 heartbeat IPC: 0.1788 cumulative IPC: 0.1792 (Simulation time: 06 hr 46 min 58 sec)
Heartbeat CPU 0 instructions: 90000020 cycles: 379420701 heartbeat IPC: 0.1784 cumulative IPC: 0.1792 (Simulation time: 06 hr 47 min 02 sec)
Heartbeat CPU 1 instructions: 90000025 cycles: 379718278 heartbeat IPC: 0.1793 cumulative IPC: 0.179 (Simulation time: 06 hr 47 min 24 sec)
num evicts: 44800000, p: 695222, s: 9976041 	 max proactive lookup: 0, max shadow lookup: 0
	evict counters: 128 128 128 128
	eager counters: 128 128 128 128
num evicts: 44900000, p: 697308, s: 9995952 	 max proactive lookup: 0, max shadow lookup: 0
	evict counters: 128 128 128 128
	eager counters: 128 128 128 128
num evicts: 45000000, p: 699393, s: 10015492 	 max proactive lookup: 0, max shadow lookup: 0
	evict counters: 128 128 128 128
	eager counters: 128 128 128 128
num evicts: 45100000, p: 701533, s: 10035192 	 max proactive lookup: 0, max shadow lookup: 0
	evict counters: 128 128 128 128
	eager counters: 128 128 128 128
num evicts: 45200000, p: 703605, s: 10055387 	 max proactive lookup: 0, max shadow lookup: 0
	evict counters: 128 128 128 128
	eager counters: 128 128 128 128
num evicts: 45300000, p: 705435, s: 10076458 	 max proactive lookup: 0, max shadow lookup: 0
	evict counters: 128 128 128 128
	eager counters: 128 128 128 128
num evicts: 45400000, p: 707384, s: 10097348 	 max proactive lookup: 0, max shadow lookup: 0
	evict counters: 128 128 128 128
	eager counters: 128 128 128 128
num evicts: 45500000, p: 709256, s: 10120831 	 max proactive lookup: 0, max shadow lookup: 0
	evict counters: 128 128 128 128
	eager counters: 128 128 128 128
num evicts: 45600000, p: 710712, s: 10144998 	 max proactive lookup: 0, max shadow lookup: 0
	evict counters: 128 128 128 128
	eager counters: 128 128 128 128
num evicts: 45700000, p: 711930, s: 10169769 	 max proactive lookup: 0, max shadow lookup: 0
	evict counters: 128 128 128 128
	eager counters: 128 128 128 128
num evicts: 45800000, p: 713569, s: 10192344 	 max proactive lookup: 0, max shadow lookup: 0
	evict counters: 128 128 128 128
	eager counters: 128 128 128 128
num evicts: 45900000, p: 715048, s: 10217506 	 max proactive lookup: 0, max shadow lookup: 0
	evict counters: 128 128 128 128
	eager counters: 128 128 128 128
num evicts: 46000000, p: 716399, s: 10241370 	 max proactive lookup: 0, max shadow lookup: 0
	evict counters: 128 128 128 128
	eager counters: 128 128 128 128
num evicts: 46100000, p: 718156, s: 10264923 	 max proactive lookup: 0, max shadow lookup: 0
	evict counters: 128 128 128 128
	eager counters: 128 128 128 128
num evicts: 46200000, p: 719825, s: 10289377 	 max proactive lookup: 0, max shadow lookup: 0
	evict counters: 128 128 128 128
	eager counters: 128 128 128 128
num evicts: 46300000, p: 721161, s: 10313856 	 max proactive lookup: 0, max shadow lookup: 0
	evict counters: 128 128 128 128
	eager counters: 128 128 128 128
num evicts: 46400000, p: 722428, s: 10337759 	 max proactive lookup: 0, max shadow lookup: 0
	evict counters: 128 128 128 128
	eager counters: 128 128 128 128
num evicts: 46500000, p: 723663, s: 10362552 	 max proactive lookup: 0, max shadow lookup: 0
	evict counters: 128 128 128 128
	eager counters: 128 128 128 128
num evicts: 46600000, p: 724788, s: 10387569 	 max proactive lookup: 0, max shadow lookup: 0
	evict counters: 128 128 128 128
	eager counters: 128 128 128 128
num evicts: 46700000, p: 725917, s: 10412169 	 max proactive lookup: 0, max shadow lookup: 0
	evict counters: 128 128 128 128
	eager counters: 128 128 128 128
num evicts: 46800000, p: 727051, s: 10437068 	 max proactive lookup: 0, max shadow lookup: 0
	evict counters: 128 128 128 128
	eager counters: 128 128 128 128
num evicts: 46900000, p: 728242, s: 10461730 	 max proactive lookup: 0, max shadow lookup: 0
	evict counters: 128 128 128 128
	eager counters: 128 128 128 128
num evicts: 47000000, p: 729383, s: 10486287 	 max proactive lookup: 0, max shadow lookup: 0
	evict counters: 128 128 128 128
	eager counters: 128 128 128 128
num evicts: 47100000, p: 730757, s: 10510366 	 max proactive lookup: 0, max shadow lookup: 0
	evict counters: 128 128 128 128
	eager counters: 128 128 128 128
num evicts: 47200000, p: 731973, s: 10535408 	 max proactive lookup: 0, max shadow lookup: 0
	evict counters: 128 128 128 128
	eager counters: 128 128 128 128
num evicts: 47300000, p: 733247, s: 10560324 	 max proactive lookup: 0, max shadow lookup: 0
	evict counters: 128 128 128 128
	eager counters: 128 128 128 128
num evicts: 47400000, p: 734640, s: 10585507 	 max proactive lookup: 0, max shadow lookup: 0
	evict counters: 128 128 128 128
	eager counters: 128 128 128 128
num evicts: 47500000, p: 735813, s: 10610261 	 max proactive lookup: 0, max shadow lookup: 0
	evict counters: 128 128 128 128
	eager counters: 128 128 128 128
num evicts: 47600000, p: 737299, s: 10633831 	 max proactive lookup: 0, max shadow lookup: 0
	evict counters: 128 128 128 128
	eager counters: 128 128 128 128
num evicts: 47700000, p: 738817, s: 10658413 	 max proactive lookup: 0, max shadow lookup: 0
	evict counters: 128 128 128 128
	eager counters: 128 128 128 128
num evicts: 47800000, p: 740228, s: 10682242 	 max proactive lookup: 0, max shadow lookup: 0
	evict counters: 128 128 128 128
	eager counters: 128 128 128 128
num evicts: 47900000, p: 741744, s: 10706442 	 max proactive lookup: 0, max shadow lookup: 0
	evict counters: 128 128 128 128
	eager counters: 128 128 128 128
num evicts: 48000000, p: 742856, s: 10731573 	 max proactive lookup: 0, max shadow lookup: 0
	evict counters: 128 128 128 128
	eager counters: 128 128 128 128
num evicts: 48100000, p: 744057, s: 10756303 	 max proactive lookup: 0, max shadow lookup: 0
	evict counters: 128 128 128 128
	eager counters: 128 128 128 128
num evicts: 48200000, p: 745264, s: 10780935 	 max proactive lookup: 0, max shadow lookup: 0
	evict counters: 128 128 128 128
	eager counters: 128 128 128 128
num evicts: 48300000, p: 746453, s: 10805409 	 max proactive lookup: 0, max shadow lookup: 0
	evict counters: 128 128 128 128
	eager counters: 128 128 128 128
num evicts: 48400000, p: 747552, s: 10829839 	 max proactive lookup: 0, max shadow lookup: 0
	evict counters: 128 128 128 128
	eager counters: 128 128 128 128
num evicts: 48500000, p: 748951, s: 10852449 	 max proactive lookup: 0, max shadow lookup: 0
	evict counters: 128 128 128 128
	eager counters: 128 128 128 128
num evicts: 48600000, p: 750195, s: 10875081 	 max proactive lookup: 0, max shadow lookup: 0
	evict counters: 128 128 128 128
	eager counters: 128 128 128 128
num evicts: 48700000, p: 751769, s: 10898387 	 max proactive lookup: 0, max shadow lookup: 0
	evict counters: 128 128 128 128
	eager counters: 128 128 128 128
num evicts: 48800000, p: 753228, s: 10922861 	 max proactive lookup: 0, max shadow lookup: 0
	evict counters: 128 128 128 128
	eager counters: 128 128 128 128
num evicts: 48900000, p: 754577, s: 10946497 	 max proactive lookup: 0, max shadow lookup: 0
	evict counters: 128 128 128 128
	eager counters: 128 128 128 128
num evicts: 49000000, p: 756155, s: 10970538 	 max proactive lookup: 0, max shadow lookup: 0
	evict counters: 128 128 128 128
	eager counters: 128 128 128 128
num evicts: 49100000, p: 757526, s: 10994149 	 max proactive lookup: 0, max shadow lookup: 0
	evict counters: 128 128 128 128
	eager counters: 128 128 128 128
num evicts: 49200000, p: 758911, s: 11017513 	 max proactive lookup: 0, max shadow lookup: 0
	evict counters: 128 128 128 128
	eager counters: 128 128 128 128
num evicts: 49300000, p: 760321, s: 11041934 	 max proactive lookup: 0, max shadow lookup: 0
	evict counters: 128 128 128 128
	eager counters: 128 128 128 128
num evicts: 49400000, p: 761784, s: 11066198 	 max proactive lookup: 0, max shadow lookup: 0
	evict counters: 128 128 128 128
	eager counters: 128 128 128 128
num evicts: 49500000, p: 763225, s: 11088296 	 max proactive lookup: 0, max shadow lookup: 0
	evict counters: 128 128 128 128
	eager counters: 128 128 128 128
num evicts: 49600000, p: 764959, s: 11110110 	 max proactive lookup: 0, max shadow lookup: 0
	evict counters: 128 128 128 128
	eager counters: 128 128 128 128
Heartbeat CPU 7 instructions: 100000027 cycles: 434412657 heartbeat IPC: 0.1806 cumulative IPC: 0.1795 (Simulation time: 08 hr 05 min 50 sec)
num evicts: 49700000, p: 766434, s: 11132992 	 max proactive lookup: 0, max shadow lookup: 0
	evict counters: 128 128 128 128
	eager counters: 128 128 128 128
Heartbeat CPU 4 instructions: 100000027 cycles: 434828354 heartbeat IPC: 0.1803 cumulative IPC: 0.1793 (Simulation time: 08 hr 06 min 28 sec)
Heartbeat CPU 2 instructions: 100000022 cycles: 434845015 heartbeat IPC: 0.1798 cumulative IPC: 0.1793 (Simulation time: 08 hr 06 min 31 sec)
Heartbeat CPU 5 instructions: 100000024 cycles: 434912290 heartbeat IPC: 0.18 cumulative IPC: 0.1793 (Simulation time: 08 hr 06 min 35 sec)
Heartbeat CPU 3 instructions: 100000027 cycles: 434946270 heartbeat IPC: 0.1784 cumulative IPC: 0.1793 (Simulation time: 08 hr 06 min 37 sec)
Heartbeat CPU 0 instructions: 100000021 cycles: 434971162 heartbeat IPC: 0.18 cumulative IPC: 0.1793 (Simulation time: 08 hr 06 min 38 sec)
Heartbeat CPU 6 instructions: 100000027 cycles: 434998885 heartbeat IPC: 0.1797 cumulative IPC: 0.1793 (Simulation time: 08 hr 06 min 40 sec)
Heartbeat CPU 1 instructions: 100000027 cycles: 435293349 heartbeat IPC: 0.1799 cumulative IPC: 0.1791 (Simulation time: 08 hr 07 min 31 sec)
num evicts: 49800000, p: 768162, s: 11155168 	 max proactive lookup: 0, max shadow lookup: 0
	evict counters: 128 128 128 128
	eager counters: 128 128 128 128
num evicts: 49900000, p: 769682, s: 11178571 	 max proactive lookup: 0, max shadow lookup: 0
	evict counters: 128 128 128 128
	eager counters: 128 128 128 128
num evicts: 50000000, p: 770999, s: 11201904 	 max proactive lookup: 0, max shadow lookup: 0
	evict counters: 128 128 128 128
	eager counters: 128 128 128 128
num evicts: 50100000, p: 772572, s: 11223163 	 max proactive lookup: 0, max shadow lookup: 0
	evict counters: 128 128 128 128
	eager counters: 128 128 128 128
num evicts: 50200000, p: 774404, s: 11246532 	 max proactive lookup: 0, max shadow lookup: 0
	evict counters: 128 128 128 128
	eager counters: 128 128 128 128
num evicts: 50300000, p: 775900, s: 11269932 	 max proactive lookup: 0, max shadow lookup: 0
	evict counters: 128 128 128 128
	eager counters: 128 128 128 128
num evicts: 50400000, p: 777743, s: 11293252 	 max proactive lookup: 0, max shadow lookup: 0
	evict counters: 128 128 128 128
	eager counters: 128 128 128 128
num evicts: 50500000, p: 779185, s: 11318219 	 max proactive lookup: 0, max shadow lookup: 0
	evict counters: 128 128 128 128
	eager counters: 128 128 128 128
num evicts: 50600000, p: 780512, s: 11342564 	 max proactive lookup: 0, max shadow lookup: 0
	evict counters: 128 128 128 128
	eager counters: 128 128 128 128
num evicts: 50700000, p: 781997, s: 11366383 	 max proactive lookup: 0, max shadow lookup: 0
	evict counters: 128 128 128 128
	eager counters: 128 128 128 128
num evicts: 50800000, p: 783419, s: 11391205 	 max proactive lookup: 0, max shadow lookup: 0
	evict counters: 128 128 128 128
	eager counters: 128 128 128 128
num evicts: 50900000, p: 784808, s: 11415980 	 max proactive lookup: 0, max shadow lookup: 0
	evict counters: 128 128 128 128
	eager counters: 128 128 128 128
num evicts: 51000000, p: 786084, s: 11440581 	 max proactive lookup: 0, max shadow lookup: 0
	evict counters: 128 128 128 128
	eager counters: 128 128 128 128
num evicts: 51100000, p: 787383, s: 11463805 	 max proactive lookup: 0, max shadow lookup: 0
	evict counters: 128 128 128 128
	eager counters: 128 128 128 128
num evicts: 51200000, p: 788634, s: 11486645 	 max proactive lookup: 0, max shadow lookup: 0
	evict counters: 128 128 128 128
	eager counters: 128 128 128 128
num evicts: 51300000, p: 790009, s: 11509361 	 max proactive lookup: 0, max shadow lookup: 0
	evict counters: 128 128 128 128
	eager counters: 128 128 128 128
num evicts: 51400000, p: 791529, s: 11532295 	 max proactive lookup: 0, max shadow lookup: 0
	evict counters: 128 128 128 128
	eager counters: 128 128 128 128
num evicts: 51500000, p: 792880, s: 11555397 	 max proactive lookup: 0, max shadow lookup: 0
	evict counters: 128 128 128 128
	eager counters: 128 128 128 128
num evicts: 51600000, p: 794242, s: 11579144 	 max proactive lookup: 0, max shadow lookup: 0
	evict counters: 128 128 128 128
	eager counters: 128 128 128 128
num evicts: 51700000, p: 795580, s: 11602923 	 max proactive lookup: 0, max shadow lookup: 0
	evict counters: 128 128 128 128
	eager counters: 128 128 128 128
num evicts: 51800000, p: 797006, s: 11625325 	 max proactive lookup: 0, max shadow lookup: 0
	evict counters: 128 128 128 128
	eager counters: 128 128 128 128
num evicts: 51900000, p: 798737, s: 11647178 	 max proactive lookup: 0, max shadow lookup: 0
	evict counters: 128 128 128 128
	eager counters: 128 128 128 128
num evicts: 52000000, p: 800659, s: 11668465 	 max proactive lookup: 0, max shadow lookup: 0
	evict counters: 128 128 128 128
	eager counters: 128 128 128 128
num evicts: 52100000, p: 802597, s: 11689708 	 max proactive lookup: 0, max shadow lookup: 0
	evict counters: 128 128 128 128
	eager counters: 128 128 128 128
num evicts: 52200000, p: 804514, s: 11711458 	 max proactive lookup: 0, max shadow lookup: 0
	evict counters: 128 128 128 128
	eager counters: 128 128 128 128
num evicts: 52300000, p: 806320, s: 11731632 	 max proactive lookup: 0, max shadow lookup: 0
	evict counters: 128 128 128 128
	eager counters: 128 128 128 128
num evicts: 52400000, p: 808413, s: 11752101 	 max proactive lookup: 0, max shadow lookup: 0
	evict counters: 128 128 128 128
	eager counters: 128 128 128 128
num evicts: 52500000, p: 810506, s: 11772653 	 max proactive lookup: 0, max shadow lookup: 0
	evict counters: 128 128 128 128
	eager counters: 128 128 128 128
num evicts: 52600000, p: 812231, s: 11795242 	 max proactive lookup: 0, max shadow lookup: 0
	evict counters: 128 128 128 128
	eager counters: 128 128 128 128
num evicts: 52700000, p: 813819, s: 11818459 	 max proactive lookup: 0, max shadow lookup: 0
	evict counters: 128 128 128 128
	eager counters: 128 128 128 128
num evicts: 52800000, p: 815609, s: 11840667 	 max proactive lookup: 0, max shadow lookup: 0
	evict counters: 128 128 128 128
	eager counters: 128 128 128 128
num evicts: 52900000, p: 817165, s: 11862743 	 max proactive lookup: 0, max shadow lookup: 0
	evict counters: 128 128 128 128
	eager counters: 128 128 128 128
num evicts: 53000000, p: 818955, s: 11884533 	 max proactive lookup: 0, max shadow lookup: 0
	evict counters: 128 128 128 128
	eager counters: 128 128 128 128
num evicts: 53100000, p: 820690, s: 11906951 	 max proactive lookup: 0, max shadow lookup: 0
	evict counters: 128 128 128 128
	eager counters: 128 128 128 128
num evicts: 53200000, p: 822306, s: 11928645 	 max proactive lookup: 0, max shadow lookup: 0
	evict counters: 128 128 128 128
	eager counters: 128 128 128 128
num evicts: 53300000, p: 823763, s: 11951293 	 max proactive lookup: 0, max shadow lookup: 0
	evict counters: 128 128 128 128
	eager counters: 128 128 128 128
num evicts: 53400000, p: 825349, s: 11972377 	 max proactive lookup: 0, max shadow lookup: 0
	evict counters: 128 128 128 128
	eager counters: 128 128 128 128
num evicts: 53500000, p: 826809, s: 11995448 	 max proactive lookup: 0, max shadow lookup: 0
	evict counters: 128 128 128 128
	eager counters: 128 128 128 128
num evicts: 53600000, p: 828360, s: 12017741 	 max proactive lookup: 0, max shadow lookup: 0
	evict counters: 128 128 128 128
	eager counters: 128 128 128 128
num evicts: 53700000, p: 830020, s: 12038315 	 max proactive lookup: 0, max shadow lookup: 0
	evict counters: 128 128 128 128
	eager counters: 128 128 128 128
num evicts: 53800000, p: 831502, s: 12061725 	 max proactive lookup: 0, max shadow lookup: 0
	evict counters: 128 128 128 128
	eager counters: 128 128 128 128
num evicts: 53900000, p: 832892, s: 12083636 	 max proactive lookup: 0, max shadow lookup: 0
	evict counters: 128 128 128 128
	eager counters: 128 128 128 128
num evicts: 54000000, p: 834303, s: 12106359 	 max proactive lookup: 0, max shadow lookup: 0
	evict counters: 128 128 128 128
	eager counters: 128 128 128 128
num evicts: 54100000, p: 835704, s: 12127192 	 max proactive lookup: 0, max shadow lookup: 0
	evict counters: 128 128 128 128
	eager counters: 128 128 128 128
num evicts: 54200000, p: 837405, s: 12149358 	 max proactive lookup: 0, max shadow lookup: 0
	evict counters: 128 128 128 128
	eager counters: 128 128 128 128
num evicts: 54300000, p: 838782, s: 12174149 	 max proactive lookup: 0, max shadow lookup: 0
	evict counters: 128 128 128 128
	eager counters: 128 128 128 128
num evicts: 54400000, p: 840048, s: 12198007 	 max proactive lookup: 0, max shadow lookup: 0
	evict counters: 128 128 128 128
	eager counters: 128 128 128 128
num evicts: 54500000, p: 841517, s: 12221292 	 max proactive lookup: 0, max shadow lookup: 0
	evict counters: 128 128 128 128
	eager counters: 128 128 128 128
num evicts: 54600000, p: 843090, s: 12244593 	 max proactive lookup: 0, max shadow lookup: 0
	evict counters: 128 128 128 128
	eager counters: 128 128 128 128
num evicts: 54700000, p: 844713, s: 12269114 	 max proactive lookup: 0, max shadow lookup: 0
	evict counters: 128 128 128 128
	eager counters: 128 128 128 128
Heartbeat CPU 7 instructions: 110000031 cycles: 490591533 heartbeat IPC: 0.178 cumulative IPC: 0.1793 (Simulation time: 09 hr 15 min 31 sec)
Heartbeat CPU 6 instructions: 110000031 cycles: 490612315 heartbeat IPC: 0.1798 cumulative IPC: 0.1793 (Simulation time: 09 hr 15 min 32 sec)
Heartbeat CPU 3 instructions: 110000031 cycles: 490614932 heartbeat IPC: 0.1796 cumulative IPC: 0.1793 (Simulation time: 09 hr 15 min 33 sec)
Heartbeat CPU 2 instructions: 110000023 cycles: 490629583 heartbeat IPC: 0.1793 cumulative IPC: 0.1793 (Simulation time: 09 hr 15 min 33 sec)
Heartbeat CPU 5 instructions: 110000026 cycles: 490632339 heartbeat IPC: 0.1795 cumulative IPC: 0.1793 (Simulation time: 09 hr 15 min 34 sec)
Heartbeat CPU 4 instructions: 110000028 cycles: 490775142 heartbeat IPC: 0.1787 cumulative IPC: 0.1793 (Simulation time: 09 hr 15 min 42 sec)
Heartbeat CPU 1 instructions: 110000031 cycles: 490855069 heartbeat IPC: 0.18 cumulative IPC: 0.1792 (Simulation time: 09 hr 15 min 47 sec)
Heartbeat CPU 0 instructions: 110000021 cycles: 491368401 heartbeat IPC: 0.1773 cumulative IPC: 0.179 (Simulation time: 09 hr 16 min 19 sec)
num evicts: 54800000, p: 846166, s: 12293058 	 max proactive lookup: 0, max shadow lookup: 0
	evict counters: 128 128 128 128
	eager counters: 128 128 128 128
num evicts: 54900000, p: 847701, s: 12317090 	 max proactive lookup: 0, max shadow lookup: 0
	evict counters: 128 128 128 128
	eager counters: 128 128 128 128
num evicts: 55000000, p: 848884, s: 12340055 	 max proactive lookup: 0, max shadow lookup: 0
	evict counters: 128 128 128 128
	eager counters: 128 128 128 128
num evicts: 55100000, p: 850224, s: 12364617 	 max proactive lookup: 0, max shadow lookup: 0
	evict counters: 128 128 128 128
	eager counters: 128 128 128 128
num evicts: 55200000, p: 851338, s: 12389421 	 max proactive lookup: 0, max shadow lookup: 0
	evict counters: 128 128 128 128
	eager counters: 128 128 128 128
num evicts: 55300000, p: 852641, s: 12413826 	 max proactive lookup: 0, max shadow lookup: 0
	evict counters: 128 128 128 128
	eager counters: 128 128 128 128
num evicts: 55400000, p: 853827, s: 12438046 	 max proactive lookup: 0, max shadow lookup: 0
	evict counters: 128 128 128 128
	eager counters: 128 128 128 128
num evicts: 55500000, p: 855340, s: 12461235 	 max proactive lookup: 0, max shadow lookup: 0
	evict counters: 128 128 128 128
	eager counters: 128 128 128 128
num evicts: 55600000, p: 856638, s: 12486342 	 max proactive lookup: 0, max shadow lookup: 0
	evict counters: 128 128 128 128
	eager counters: 128 128 128 128
num evicts: 55700000, p: 857796, s: 12512193 	 max proactive lookup: 0, max shadow lookup: 0
	evict counters: 128 128 128 128
	eager counters: 128 128 128 128
num evicts: 55800000, p: 858913, s: 12536916 	 max proactive lookup: 0, max shadow lookup: 0
	evict counters: 128 128 128 128
	eager counters: 128 128 128 128
num evicts: 55900000, p: 860381, s: 12560709 	 max proactive lookup: 0, max shadow lookup: 0
	evict counters: 128 128 128 128
	eager counters: 128 128 128 128
num evicts: 56000000, p: 861692, s: 12584533 	 max proactive lookup: 0, max shadow lookup: 0
	evict counters: 128 128 128 128
	eager counters: 128 128 128 128
num evicts: 56100000, p: 863028, s: 12609450 	 max proactive lookup: 0, max shadow lookup: 0
	evict counters: 128 128 128 128
	eager counters: 128 128 128 128
num evicts: 56200000, p: 864234, s: 12634086 	 max proactive lookup: 0, max shadow lookup: 0
	evict counters: 128 128 128 128
	eager counters: 128 128 128 128
num evicts: 56300000, p: 865295, s: 12659562 	 max proactive lookup: 0, max shadow lookup: 0
	evict counters: 128 128 128 128
	eager counters: 128 128 128 128
num evicts: 56400000, p: 866466, s: 12683490 	 max proactive lookup: 0, max shadow lookup: 0
	evict counters: 128 128 128 128
	eager counters: 128 128 128 128
num evicts: 56500000, p: 867436, s: 12708945 	 max proactive lookup: 0, max shadow lookup: 0
	evict counters: 128 128 128 128
	eager counters: 128 128 128 128
num evicts: 56600000, p: 868265, s: 12733914 	 max proactive lookup: 0, max shadow lookup: 0
	evict counters: 128 128 128 128
	eager counters: 128 128 128 128
num evicts: 56700000, p: 869109, s: 12759326 	 max proactive lookup: 0, max shadow lookup: 0
	evict counters: 128 128 128 128
	eager counters: 128 128 128 128
num evicts: 56800000, p: 870057, s: 12784958 	 max proactive lookup: 0, max shadow lookup: 0
	evict counters: 128 128 128 128
	eager counters: 128 128 128 128
num evicts: 56900000, p: 870822, s: 12810661 	 max proactive lookup: 0, max shadow lookup: 0
	evict counters: 128 128 128 128
	eager counters: 128 128 128 128
num evicts: 57000000, p: 871702, s: 12836654 	 max proactive lookup: 0, max shadow lookup: 0
	evict counters: 128 128 128 128
	eager counters: 128 128 128 128
num evicts: 57100000, p: 872565, s: 12862348 	 max proactive lookup: 0, max shadow lookup: 0
	evict counters: 128 128 128 128
	eager counters: 128 128 128 128
num evicts: 57200000, p: 873483, s: 12887147 	 max proactive lookup: 0, max shadow lookup: 0
	evict counters: 128 128 128 128
	eager counters: 128 128 128 128
num evicts: 57300000, p: 874399, s: 12912152 	 max proactive lookup: 0, max shadow lookup: 0
	evict counters: 128 128 128 128
	eager counters: 128 128 128 128
num evicts: 57400000, p: 875845, s: 12935353 	 max proactive lookup: 0, max shadow lookup: 0
	evict counters: 128 128 128 128
	eager counters: 128 128 128 128
num evicts: 57500000, p: 877362, s: 12960428 	 max proactive lookup: 0, max shadow lookup: 0
	evict counters: 128 128 128 128
	eager counters: 128 128 128 128
num evicts: 57600000, p: 878505, s: 12985337 	 max proactive lookup: 0, max shadow lookup: 0
	evict counters: 128 128 128 128
	eager counters: 128 128 128 128
num evicts: 57700000, p: 879656, s: 13008449 	 max proactive lookup: 0, max shadow lookup: 0
	evict counters: 128 128 128 128
	eager counters: 128 128 128 128
num evicts: 57800000, p: 880874, s: 13032532 	 max proactive lookup: 0, max shadow lookup: 0
	evict counters: 128 128 128 128
	eager counters: 128 128 128 128
num evicts: 57900000, p: 881964, s: 13057200 	 max proactive lookup: 0, max shadow lookup: 0
	evict counters: 128 128 128 128
	eager counters: 128 128 128 128
num evicts: 58000000, p: 883036, s: 13082858 	 max proactive lookup: 0, max shadow lookup: 0
	evict counters: 128 128 128 128
	eager counters: 128 128 128 128
num evicts: 58100000, p: 884004, s: 13109042 	 max proactive lookup: 0, max shadow lookup: 0
	evict counters: 128 128 128 128
	eager counters: 128 128 128 128
num evicts: 58200000, p: 884807, s: 13136209 	 max proactive lookup: 0, max shadow lookup: 0
	evict counters: 128 128 128 128
	eager counters: 128 128 128 128
num evicts: 58300000, p: 885570, s: 13162868 	 max proactive lookup: 0, max shadow lookup: 0
	evict counters: 128 128 128 128
	eager counters: 128 128 128 128
num evicts: 58400000, p: 886321, s: 13189409 	 max proactive lookup: 0, max shadow lookup: 0
	evict counters: 128 128 128 128
	eager counters: 128 128 128 128
num evicts: 58500000, p: 887147, s: 13216154 	 max proactive lookup: 0, max shadow lookup: 0
	evict counters: 128 128 128 128
	eager counters: 128 128 128 128
num evicts: 58600000, p: 887900, s: 13243734 	 max proactive lookup: 0, max shadow lookup: 0
	evict counters: 128 128 128 128
	eager counters: 128 128 128 128
num evicts: 58700000, p: 888612, s: 13271102 	 max proactive lookup: 0, max shadow lookup: 0
	evict counters: 128 128 128 128
	eager counters: 128 128 128 128
num evicts: 58800000, p: 889359, s: 13298287 	 max proactive lookup: 0, max shadow lookup: 0
	evict counters: 128 128 128 128
	eager counters: 128 128 128 128
num evicts: 58900000, p: 890245, s: 13322822 	 max proactive lookup: 0, max shadow lookup: 0
	evict counters: 128 128 128 128
	eager counters: 128 128 128 128
num evicts: 59000000, p: 891275, s: 13348017 	 max proactive lookup: 0, max shadow lookup: 0
	evict counters: 128 128 128 128
	eager counters: 128 128 128 128
num evicts: 59100000, p: 892254, s: 13373308 	 max proactive lookup: 0, max shadow lookup: 0
	evict counters: 128 128 128 128
	eager counters: 128 128 128 128
num evicts: 59200000, p: 893310, s: 13398757 	 max proactive lookup: 0, max shadow lookup: 0
	evict counters: 128 128 128 128
	eager counters: 128 128 128 128
num evicts: 59300000, p: 894271, s: 13425331 	 max proactive lookup: 0, max shadow lookup: 0
	evict counters: 128 128 128 128
	eager counters: 128 128 128 128
num evicts: 59400000, p: 895189, s: 13450439 	 max proactive lookup: 0, max shadow lookup: 0
	evict counters: 128 128 128 128
	eager counters: 128 128 128 128
num evicts: 59500000, p: 896021, s: 13476607 	 max proactive lookup: 0, max shadow lookup: 0
	evict counters: 128 128 128 128
	eager counters: 128 128 128 128
num evicts: 59600000, p: 897034, s: 13502758 	 max proactive lookup: 0, max shadow lookup: 0
	evict counters: 128 128 128 128
	eager counters: 128 128 128 128
Heartbeat CPU 7 instructions: 120000035 cycles: 546208844 heartbeat IPC: 0.1798 cumulative IPC: 0.1794 (Simulation time: 10 hr 35 min 06 sec)
num evicts: 59700000, p: 897843, s: 13530013 	 max proactive lookup: 0, max shadow lookup: 0
	evict counters: 128 128 128 128
	eager counters: 128 128 128 128
Heartbeat CPU 4 instructions: 120000032 cycles: 546356287 heartbeat IPC: 0.1799 cumulative IPC: 0.1793 (Simulation time: 10 hr 35 min 15 sec)
Heartbeat CPU 2 instructions: 120000025 cycles: 546532687 heartbeat IPC: 0.1789 cumulative IPC: 0.1793 (Simulation time: 10 hr 35 min 26 sec)
Heartbeat CPU 6 instructions: 120000035 cycles: 546540510 heartbeat IPC: 0.1788 cumulative IPC: 0.1793 (Simulation time: 10 hr 35 min 26 sec)
Heartbeat CPU 3 instructions: 120000035 cycles: 546569841 heartbeat IPC: 0.1787 cumulative IPC: 0.1793 (Simulation time: 10 hr 35 min 28 sec)
Heartbeat CPU 5 instructions: 120000030 cycles: 546644219 heartbeat IPC: 0.1785 cumulative IPC: 0.1792 (Simulation time: 10 hr 35 min 32 sec)
Heartbeat CPU 1 instructions: 120000035 cycles: 547311671 heartbeat IPC: 0.1771 cumulative IPC: 0.179 (Simulation time: 10 hr 36 min 14 sec)
num evicts: 59800000, p: 898674, s: 13557024 	 max proactive lookup: 0, max shadow lookup: 0
	evict counters: 128 128 128 128
	eager counters: 128 128 128 128
Heartbeat CPU 0 instructions: 120000025 cycles: 547501678 heartbeat IPC: 0.1781 cumulative IPC: 0.1789 (Simulation time: 10 hr 36 min 25 sec)
num evicts: 59900000, p: 899371, s: 13583581 	 max proactive lookup: 0, max shadow lookup: 0
	evict counters: 128 128 128 128
	eager counters: 128 128 128 128
num evicts: 60000000, p: 900102, s: 13608892 	 max proactive lookup: 0, max shadow lookup: 0
	evict counters: 128 128 128 128
	eager counters: 128 128 128 128
num evicts: 60100000, p: 900927, s: 13636823 	 max proactive lookup: 0, max shadow lookup: 0
	evict counters: 128 128 128 128
	eager counters: 128 128 128 128
num evicts: 60200000, p: 901539, s: 13663690 	 max proactive lookup: 0, max shadow lookup: 0
	evict counters: 128 128 128 128
	eager counters: 128 128 128 128
num evicts: 60300000, p: 902283, s: 13690857 	 max proactive lookup: 0, max shadow lookup: 0
	evict counters: 128 128 128 128
	eager counters: 128 128 128 128
num evicts: 60400000, p: 902968, s: 13716224 	 max proactive lookup: 0, max shadow lookup: 0
	evict counters: 128 128 128 128
	eager counters: 128 128 128 128
num evicts: 60500000, p: 903721, s: 13742454 	 max proactive lookup: 0, max shadow lookup: 0
	evict counters: 128 128 128 128
	eager counters: 128 128 128 128
num evicts: 60600000, p: 904484, s: 13768372 	 max proactive lookup: 0, max shadow lookup: 0
	evict counters: 128 128 128 128
	eager counters: 128 128 128 128
num evicts: 60700000, p: 905291, s: 13795927 	 max proactive lookup: 0, max shadow lookup: 0
	evict counters: 128 128 128 128
	eager counters: 128 128 128 128
num evicts: 60800000, p: 905868, s: 13822404 	 max proactive lookup: 0, max shadow lookup: 0
	evict counters: 128 128 128 128
	eager counters: 128 128 128 128
num evicts: 60900000, p: 906354, s: 13849405 	 max proactive lookup: 0, max shadow lookup: 0
	evict counters: 128 128 128 128
	eager counters: 128 128 128 128
num evicts: 61000000, p: 906829, s: 13875889 	 max proactive lookup: 0, max shadow lookup: 0
	evict counters: 128 128 128 128
	eager counters: 128 128 128 128
num evicts: 61100000, p: 907452, s: 13903070 	 max proactive lookup: 0, max shadow lookup: 0
	evict counters: 128 128 128 128
	eager counters: 128 128 128 128
num evicts: 61200000, p: 908072, s: 13930408 	 max proactive lookup: 0, max shadow lookup: 0
	evict counters: 128 128 128 128
	eager counters: 128 128 128 128
num evicts: 61300000, p: 908772, s: 13954939 	 max proactive lookup: 0, max shadow lookup: 0
	evict counters: 128 128 128 128
	eager counters: 128 128 128 128
num evicts: 61400000, p: 909540, s: 13983030 	 max proactive lookup: 0, max shadow lookup: 0
	evict counters: 128 128 128 128
	eager counters: 128 128 128 128
num evicts: 61500000, p: 910164, s: 14010988 	 max proactive lookup: 0, max shadow lookup: 0
	evict counters: 128 128 128 128
	eager counters: 128 128 128 128
num evicts: 61600000, p: 910917, s: 14038039 	 max proactive lookup: 0, max shadow lookup: 0
	evict counters: 128 128 128 128
	eager counters: 128 128 128 128
num evicts: 61700000, p: 911703, s: 14062742 	 max proactive lookup: 0, max shadow lookup: 0
	evict counters: 128 128 128 128
	eager counters: 128 128 128 128
num evicts: 61800000, p: 912621, s: 14090231 	 max proactive lookup: 0, max shadow lookup: 0
	evict counters: 128 128 128 128
	eager counters: 128 128 128 128
num evicts: 61900000, p: 913886, s: 14112802 	 max proactive lookup: 0, max shadow lookup: 0
	evict counters: 128 128 128 128
	eager counters: 128 128 128 128
num evicts: 62000000, p: 915170, s: 14139959 	 max proactive lookup: 0, max shadow lookup: 0
	evict counters: 128 128 128 128
	eager counters: 128 128 128 128
num evicts: 62100000, p: 916025, s: 14166000 	 max proactive lookup: 0, max shadow lookup: 0
	evict counters: 128 128 128 128
	eager counters: 128 128 128 128
Simulation finished CPU 7 instructions: 100000000 cycles: 557653651 cumulative IPC: 0.1793 (Simulation time: 11 hr 08 min 27 sec)
Simulation finished CPU 4 instructions: 100000000 cycles: 557661372 cumulative IPC: 0.1793 (Simulation time: 11 hr 08 min 27 sec)
num evicts: 62200000, p: 917090, s: 14192238 	 max proactive lookup: 0, max shadow lookup: 0
	evict counters: 128 128 128 128
	eager counters: 128 128 128 128
Simulation finished CPU 2 instructions: 100000000 cycles: 557747862 cumulative IPC: 0.1793 (Simulation time: 11 hr 08 min 33 sec)
Simulation finished CPU 5 instructions: 100000001 cycles: 557909034 cumulative IPC: 0.1792 (Simulation time: 11 hr 08 min 44 sec)
Simulation finished CPU 6 instructions: 100000001 cycles: 558115700 cumulative IPC: 0.1792 (Simulation time: 11 hr 08 min 58 sec)
Simulation finished CPU 3 instructions: 100000001 cycles: 558327531 cumulative IPC: 0.1791 (Simulation time: 11 hr 09 min 12 sec)
Simulation finished CPU 1 instructions: 100000003 cycles: 558842871 cumulative IPC: 0.1789 (Simulation time: 11 hr 09 min 45 sec)
num evicts: 62300000, p: 917985, s: 14219478 	 max proactive lookup: 0, max shadow lookup: 0
	evict counters: 128 128 128 128
	eager counters: 128 128 128 128
Simulation finished CPU 0 instructions: 100000001 cycles: 559080048 cumulative IPC: 0.1789 (Simulation time: 11 hr 10 min 00 sec)
Simulation complete CPU 7 instructions: 100255746 cycles: 559080048 cumulative IPC: 0.1793 (Simulation time: 11 hr 10 min 00 sec)
Simulation complete CPU 6 instructions: 100171537 cycles: 559080048 cumulative IPC: 0.1792 (Simulation time: 11 hr 10 min 00 sec)
Simulation complete CPU 5 instructions: 100207441 cycles: 559080048 cumulative IPC: 0.1792 (Simulation time: 11 hr 10 min 00 sec)
Simulation complete CPU 4 instructions: 100254897 cycles: 559080048 cumulative IPC: 0.1793 (Simulation time: 11 hr 10 min 00 sec)
Simulation complete CPU 3 instructions: 100136161 cycles: 559080048 cumulative IPC: 0.1791 (Simulation time: 11 hr 10 min 00 sec)
Simulation complete CPU 2 instructions: 100238399 cycles: 559080048 cumulative IPC: 0.1793 (Simulation time: 11 hr 10 min 00 sec)
Simulation complete CPU 1 instructions: 100043040 cycles: 559080048 cumulative IPC: 0.1789 (Simulation time: 11 hr 10 min 00 sec)
Simulation complete CPU 0 instructions: 100000001 cycles: 559080048 cumulative IPC: 0.1789 (Simulation time: 11 hr 10 min 00 sec)

ChampSim completed all CPUs

=== Simulation ===
CPU 0 runs TRACES/ctf/stream/add.champsimtrace.xz
CPU 1 runs TRACES/ctf/stream/add.champsimtrace.xz
CPU 2 runs TRACES/ctf/stream/add.champsimtrace.xz
CPU 3 runs TRACES/ctf/stream/add.champsimtrace.xz
CPU 4 runs TRACES/ctf/stream/add.champsimtrace.xz
CPU 5 runs TRACES/ctf/stream/add.champsimtrace.xz
CPU 6 runs TRACES/ctf/stream/add.champsimtrace.xz
CPU 7 runs TRACES/ctf/stream/add.champsimtrace.xz

Total Simulation Statistics (not including warmup)

CPU 7 cumulative IPC: 0.1793 instructions: 100255746 cycles: 559080048
CPU 7 Branch Prediction Accuracy: 100% MPKI: 0 Average ROB Occupancy at Mispredict: -
Branch type MPKI
BRANCH_DIRECT_JUMP: 0
BRANCH_INDIRECT: 0
BRANCH_CONDITIONAL: 0
BRANCH_DIRECT_CALL: 0
BRANCH_INDIRECT_CALL: 0
BRANCH_RETURN: 0


CPU 6 cumulative IPC: 0.1792 instructions: 100171537 cycles: 559080048
CPU 6 Branch Prediction Accuracy: 100% MPKI: 0 Average ROB Occupancy at Mispredict: -
Branch type MPKI
BRANCH_DIRECT_JUMP: 0
BRANCH_INDIRECT: 0
BRANCH_CONDITIONAL: 0
BRANCH_DIRECT_CALL: 0
BRANCH_INDIRECT_CALL: 0
BRANCH_RETURN: 0


CPU 5 cumulative IPC: 0.1792 instructions: 100207441 cycles: 559080048
CPU 5 Branch Prediction Accuracy: 100% MPKI: 0 Average ROB Occupancy at Mispredict: -
Branch type MPKI
BRANCH_DIRECT_JUMP: 0
BRANCH_INDIRECT: 0
BRANCH_CONDITIONAL: 0
BRANCH_DIRECT_CALL: 0
BRANCH_INDIRECT_CALL: 0
BRANCH_RETURN: 0


CPU 4 cumulative IPC: 0.1793 instructions: 100254897 cycles: 559080048
CPU 4 Branch Prediction Accuracy: 100% MPKI: 0 Average ROB Occupancy at Mispredict: -
Branch type MPKI
BRANCH_DIRECT_JUMP: 0
BRANCH_INDIRECT: 0
BRANCH_CONDITIONAL: 0
BRANCH_DIRECT_CALL: 0
BRANCH_INDIRECT_CALL: 0
BRANCH_RETURN: 0


CPU 3 cumulative IPC: 0.1791 instructions: 100136161 cycles: 559080048
CPU 3 Branch Prediction Accuracy: 100% MPKI: 0 Average ROB Occupancy at Mispredict: -
Branch type MPKI
BRANCH_DIRECT_JUMP: 0
BRANCH_INDIRECT: 0
BRANCH_CONDITIONAL: 0
BRANCH_DIRECT_CALL: 0
BRANCH_INDIRECT_CALL: 0
BRANCH_RETURN: 0


CPU 2 cumulative IPC: 0.1793 instructions: 100238399 cycles: 559080048
CPU 2 Branch Prediction Accuracy: 100% MPKI: 0 Average ROB Occupancy at Mispredict: -
Branch type MPKI
BRANCH_DIRECT_JUMP: 0
BRANCH_INDIRECT: 0
BRANCH_CONDITIONAL: 0
BRANCH_DIRECT_CALL: 0
BRANCH_INDIRECT_CALL: 0
BRANCH_RETURN: 0


CPU 1 cumulative IPC: 0.1789 instructions: 100043040 cycles: 559080048
CPU 1 Branch Prediction Accuracy: 100% MPKI: 0 Average ROB Occupancy at Mispredict: -
Branch type MPKI
BRANCH_DIRECT_JUMP: 0
BRANCH_INDIRECT: 0
BRANCH_CONDITIONAL: 0
BRANCH_DIRECT_CALL: 0
BRANCH_INDIRECT_CALL: 0
BRANCH_RETURN: 0


CPU 0 cumulative IPC: 0.1789 instructions: 100000001 cycles: 559080048
CPU 0 Branch Prediction Accuracy: 100% MPKI: 0 Average ROB Occupancy at Mispredict: -
Branch type MPKI
BRANCH_DIRECT_JUMP: 0
BRANCH_INDIRECT: 0
BRANCH_CONDITIONAL: 0
BRANCH_DIRECT_CALL: 0
BRANCH_INDIRECT_CALL: 0
BRANCH_RETURN: 0

cpu7->cpu7_STLB TOTAL        ACCESS:        192 HIT:          0 MISS:        192 MSHR_MERGE:          0
cpu7->cpu7_STLB LOAD         ACCESS:        192 HIT:          0 MISS:        192 MSHR_MERGE:          0
cpu7->cpu7_STLB RFO          ACCESS:          0 HIT:          0 MISS:          0 MSHR_MERGE:          0
cpu7->cpu7_STLB PREFETCH     ACCESS:          0 HIT:          0 MISS:          0 MSHR_MERGE:          0
cpu7->cpu7_STLB WRITE        ACCESS:          0 HIT:          0 MISS:          0 MSHR_MERGE:          0
cpu7->cpu7_STLB TRANSLATION  ACCESS:          0 HIT:          0 MISS:          0 MSHR_MERGE:          0
cpu7->cpu7_STLB PREFETCH REQUESTED:          0 ISSUED:          0 USEFUL:          0 USELESS:          0
cpu7->cpu7_STLB AVERAGE MISS LATENCY: 232.5 cycles
cpu7->cpu7_L2C TOTAL        ACCESS:    8354858 HIT:    2088677 MISS:    6266181 MSHR_MERGE:          0
cpu7->cpu7_L2C LOAD         ACCESS:    4177317 HIT:          0 MISS:    4177317 MSHR_MERGE:          0
cpu7->cpu7_L2C RFO          ACCESS:    2088672 HIT:          0 MISS:    2088672 MSHR_MERGE:          0
cpu7->cpu7_L2C PREFETCH     ACCESS:          0 HIT:          0 MISS:          0 MSHR_MERGE:          0
cpu7->cpu7_L2C WRITE        ACCESS:    2088677 HIT:    2088677 MISS:          0 MSHR_MERGE:          0
cpu7->cpu7_L2C TRANSLATION  ACCESS:        192 HIT:          0 MISS:        192 MSHR_MERGE:          0
cpu7->cpu7_L2C PREFETCH REQUESTED:          0 ISSUED:          0 USEFUL:          0 USELESS:          0
cpu7->cpu7_L2C AVERAGE MISS LATENCY: 346.7 cycles
cpu7->cpu7_L1I TOTAL        ACCESS:   12528681 HIT:   12528681 MISS:          0 MSHR_MERGE:          0
cpu7->cpu7_L1I LOAD         ACCESS:   12528681 HIT:   12528681 MISS:          0 MSHR_MERGE:          0
cpu7->cpu7_L1I RFO          ACCESS:          0 HIT:          0 MISS:          0 MSHR_MERGE:          0
cpu7->cpu7_L1I PREFETCH     ACCESS:          0 HIT:          0 MISS:          0 MSHR_MERGE:          0
cpu7->cpu7_L1I WRITE        ACCESS:          0 HIT:          0 MISS:          0 MSHR_MERGE:          0
cpu7->cpu7_L1I TRANSLATION  ACCESS:          0 HIT:          0 MISS:          0 MSHR_MERGE:          0
cpu7->cpu7_L1I PREFETCH REQUESTED:          0 ISSUED:          0 USEFUL:          0 USELESS:          0
cpu7->cpu7_L1I AVERAGE MISS LATENCY: - cycles
cpu7->cpu7_L1D TOTAL        ACCESS:   35977218 HIT:    2189114 MISS:   33788104 MSHR_MERGE:   27521923
cpu7->cpu7_L1D LOAD         ACCESS:   19267650 HIT:    2189114 MISS:   17078536 MSHR_MERGE:   12901219
cpu7->cpu7_L1D RFO          ACCESS:          0 HIT:          0 MISS:          0 MSHR_MERGE:          0
cpu7->cpu7_L1D PREFETCH     ACCESS:          0 HIT:          0 MISS:          0 MSHR_MERGE:          0
cpu7->cpu7_L1D WRITE        ACCESS:   16709376 HIT:          0 MISS:   16709376 MSHR_MERGE:   14620704
cpu7->cpu7_L1D TRANSLATION  ACCESS:        192 HIT:          0 MISS:        192 MSHR_MERGE:          0
cpu7->cpu7_L1D PREFETCH REQUESTED:          0 ISSUED:          0 USEFUL:          0 USELESS:          0
cpu7->cpu7_L1D AVERAGE MISS LATENCY: 355.7 cycles
cpu7->cpu7_ITLB TOTAL        ACCESS:   12528681 HIT:   12528681 MISS:          0 MSHR_MERGE:          0
cpu7->cpu7_ITLB LOAD         ACCESS:   12528681 HIT:   12528681 MISS:          0 MSHR_MERGE:          0
cpu7->cpu7_ITLB RFO          ACCESS:          0 HIT:          0 MISS:          0 MSHR_MERGE:          0
cpu7->cpu7_ITLB PREFETCH     ACCESS:          0 HIT:          0 MISS:          0 MSHR_MERGE:          0
cpu7->cpu7_ITLB WRITE        ACCESS:          0 HIT:          0 MISS:          0 MSHR_MERGE:          0
cpu7->cpu7_ITLB TRANSLATION  ACCESS:          0 HIT:          0 MISS:          0 MSHR_MERGE:          0
cpu7->cpu7_ITLB PREFETCH REQUESTED:          0 ISSUED:          0 USEFUL:          0 USELESS:          0
cpu7->cpu7_ITLB AVERAGE MISS LATENCY: - cycles
cpu7->cpu7_DTLB TOTAL        ACCESS:   30784369 HIT:   30783062 MISS:       1307 MSHR_MERGE:       1115
cpu7->cpu7_DTLB LOAD         ACCESS:   30784369 HIT:   30783062 MISS:       1307 MSHR_MERGE:       1115
cpu7->cpu7_DTLB RFO          ACCESS:          0 HIT:          0 MISS:          0 MSHR_MERGE:          0
cpu7->cpu7_DTLB PREFETCH     ACCESS:          0 HIT:          0 MISS:          0 MSHR_MERGE:          0
cpu7->cpu7_DTLB WRITE        ACCESS:          0 HIT:          0 MISS:          0 MSHR_MERGE:          0
cpu7->cpu7_DTLB TRANSLATION  ACCESS:          0 HIT:          0 MISS:          0 MSHR_MERGE:          0
cpu7->cpu7_DTLB PREFETCH REQUESTED:          0 ISSUED:          0 USEFUL:          0 USELESS:          0
cpu7->cpu7_DTLB AVERAGE MISS LATENCY: 238.5 cycles
cpu6->cpu6_STLB TOTAL        ACCESS:        192 HIT:          0 MISS:        192 MSHR_MERGE:          0
cpu6->cpu6_STLB LOAD         ACCESS:        192 HIT:          0 MISS:        192 MSHR_MERGE:          0
cpu6->cpu6_STLB RFO          ACCESS:          0 HIT:          0 MISS:          0 MSHR_MERGE:          0
cpu6->cpu6_STLB PREFETCH     ACCESS:          0 HIT:          0 MISS:          0 MSHR_MERGE:          0
cpu6->cpu6_STLB WRITE        ACCESS:          0 HIT:          0 MISS:          0 MSHR_MERGE:          0
cpu6->cpu6_STLB TRANSLATION  ACCESS:          0 HIT:          0 MISS:          0 MSHR_MERGE:          0
cpu6->cpu6_STLB PREFETCH REQUESTED:          0 ISSUED:          0 USEFUL:          0 USELESS:          0
cpu6->cpu6_STLB AVERAGE MISS LATENCY: 232.7 cycles
cpu6->cpu6_L2C TOTAL        ACCESS:    8347839 HIT:    2086922 MISS:    6260917 MSHR_MERGE:          0
cpu6->cpu6_L2C LOAD         ACCESS:    4173807 HIT:          0 MISS:    4173807 MSHR_MERGE:          0
cpu6->cpu6_L2C RFO          ACCESS:    2086918 HIT:          0 MISS:    2086918 MSHR_MERGE:          0
cpu6->cpu6_L2C PREFETCH     ACCESS:          0 HIT:          0 MISS:          0 MSHR_MERGE:          0
cpu6->cpu6_L2C WRITE        ACCESS:    2086922 HIT:    2086922 MISS:          0 MSHR_MERGE:          0
cpu6->cpu6_L2C TRANSLATION  ACCESS:        192 HIT:          0 MISS:        192 MSHR_MERGE:          0
cpu6->cpu6_L2C PREFETCH REQUESTED:          0 ISSUED:          0 USEFUL:          0 USELESS:          0
cpu6->cpu6_L2C AVERAGE MISS LATENCY: 348 cycles
cpu6->cpu6_L1I TOTAL        ACCESS:   12514507 HIT:   12514507 MISS:          0 MSHR_MERGE:          0
cpu6->cpu6_L1I LOAD         ACCESS:   12514507 HIT:   12514507 MISS:          0 MSHR_MERGE:          0
cpu6->cpu6_L1I RFO          ACCESS:          0 HIT:          0 MISS:          0 MSHR_MERGE:          0
cpu6->cpu6_L1I PREFETCH     ACCESS:          0 HIT:          0 MISS:          0 MSHR_MERGE:          0
cpu6->cpu6_L1I WRITE        ACCESS:          0 HIT:          0 MISS:          0 MSHR_MERGE:          0
cpu6->cpu6_L1I TRANSLATION  ACCESS:          0 HIT:          0 MISS:          0 MSHR_MERGE:          0
cpu6->cpu6_L1I PREFETCH REQUESTED:          0 ISSUED:          0 USEFUL:          0 USELESS:          0
cpu6->cpu6_L1I AVERAGE MISS LATENCY: - cycles
cpu6->cpu6_L1D TOTAL        ACCESS:   35936853 HIT:    2196685 MISS:   33740168 MSHR_MERGE:   27479251
cpu6->cpu6_L1D LOAD         ACCESS:   19241317 HIT:    2196685 MISS:   17044632 MSHR_MERGE:   12870825
cpu6->cpu6_L1D RFO          ACCESS:          0 HIT:          0 MISS:          0 MSHR_MERGE:          0
cpu6->cpu6_L1D PREFETCH     ACCESS:          0 HIT:          0 MISS:          0 MSHR_MERGE:          0
cpu6->cpu6_L1D WRITE        ACCESS:   16695344 HIT:          0 MISS:   16695344 MSHR_MERGE:   14608426
cpu6->cpu6_L1D TRANSLATION  ACCESS:        192 HIT:          0 MISS:        192 MSHR_MERGE:          0
cpu6->cpu6_L1D PREFETCH REQUESTED:          0 ISSUED:          0 USEFUL:          0 USELESS:          0
cpu6->cpu6_L1D AVERAGE MISS LATENCY: 357 cycles
cpu6->cpu6_ITLB TOTAL        ACCESS:   12514507 HIT:   12514507 MISS:          0 MSHR_MERGE:          0
cpu6->cpu6_ITLB LOAD         ACCESS:   12514507 HIT:   12514507 MISS:          0 MSHR_MERGE:          0
cpu6->cpu6_ITLB RFO          ACCESS:          0 HIT:          0 MISS:          0 MSHR_MERGE:          0
cpu6->cpu6_ITLB PREFETCH     ACCESS:          0 HIT:          0 MISS:          0 MSHR_MERGE:          0
cpu6->cpu6_ITLB WRITE        ACCESS:          0 HIT:          0 MISS:          0 MSHR_MERGE:          0
cpu6->cpu6_ITLB TRANSLATION  ACCESS:          0 HIT:          0 MISS:          0 MSHR_MERGE:          0
cpu6->cpu6_ITLB PREFETCH REQUESTED:          0 ISSUED:          0 USEFUL:          0 USELESS:          0
cpu6->cpu6_ITLB AVERAGE MISS LATENCY: - cycles
cpu6->cpu6_DTLB TOTAL        ACCESS:   30745467 HIT:   30744173 MISS:       1294 MSHR_MERGE:       1102
cpu6->cpu6_DTLB LOAD         ACCESS:   30745467 HIT:   30744173 MISS:       1294 MSHR_MERGE:       1102
cpu6->cpu6_DTLB RFO          ACCESS:          0 HIT:          0 MISS:          0 MSHR_MERGE:          0
cpu6->cpu6_DTLB PREFETCH     ACCESS:          0 HIT:          0 MISS:          0 MSHR_MERGE:          0
cpu6->cpu6_DTLB WRITE        ACCESS:          0 HIT:          0 MISS:          0 MSHR_MERGE:          0
cpu6->cpu6_DTLB TRANSLATION  ACCESS:          0 HIT:          0 MISS:          0 MSHR_MERGE:          0
cpu6->cpu6_DTLB PREFETCH REQUESTED:          0 ISSUED:          0 USEFUL:          0 USELESS:          0
cpu6->cpu6_DTLB AVERAGE MISS LATENCY: 238.7 cycles
cpu5->cpu5_STLB TOTAL        ACCESS:        192 HIT:          0 MISS:        192 MSHR_MERGE:          0
cpu5->cpu5_STLB LOAD         ACCESS:        192 HIT:          0 MISS:        192 MSHR_MERGE:          0
cpu5->cpu5_STLB RFO          ACCESS:          0 HIT:          0 MISS:          0 MSHR_MERGE:          0
cpu5->cpu5_STLB PREFETCH     ACCESS:          0 HIT:          0 MISS:          0 MSHR_MERGE:          0
cpu5->cpu5_STLB WRITE        ACCESS:          0 HIT:          0 MISS:          0 MSHR_MERGE:          0
cpu5->cpu5_STLB TRANSLATION  ACCESS:          0 HIT:          0 MISS:          0 MSHR_MERGE:          0
cpu5->cpu5_STLB PREFETCH REQUESTED:          0 ISSUED:          0 USEFUL:          0 USELESS:          0
cpu5->cpu5_STLB AVERAGE MISS LATENCY: 232.4 cycles
cpu5->cpu5_L2C TOTAL        ACCESS:    8350830 HIT:    2087670 MISS:    6263160 MSHR_MERGE:          0
cpu5->cpu5_L2C LOAD         ACCESS:    4175302 HIT:          0 MISS:    4175302 MSHR_MERGE:          0
cpu5->cpu5_L2C RFO          ACCESS:    2087666 HIT:          0 MISS:    2087666 MSHR_MERGE:          0
cpu5->cpu5_L2C PREFETCH     ACCESS:          0 HIT:          0 MISS:          0 MSHR_MERGE:          0
cpu5->cpu5_L2C WRITE        ACCESS:    2087670 HIT:    2087670 MISS:          0 MSHR_MERGE:          0
cpu5->cpu5_L2C TRANSLATION  ACCESS:        192 HIT:          0 MISS:        192 MSHR_MERGE:          0
cpu5->cpu5_L2C PREFETCH REQUESTED:          0 ISSUED:          0 USEFUL:          0 USELESS:          0
cpu5->cpu5_L2C AVERAGE MISS LATENCY: 347.2 cycles
cpu5->cpu5_L1I TOTAL        ACCESS:   12518663 HIT:   12518663 MISS:          0 MSHR_MERGE:          0
cpu5->cpu5_L1I LOAD         ACCESS:   12518663 HIT:   12518663 MISS:          0 MSHR_MERGE:          0
cpu5->cpu5_L1I RFO          ACCESS:          0 HIT:          0 MISS:          0 MSHR_MERGE:          0
cpu5->cpu5_L1I PREFETCH     ACCESS:          0 HIT:          0 MISS:          0 MSHR_MERGE:          0
cpu5->cpu5_L1I WRITE        ACCESS:          0 HIT:          0 MISS:          0 MSHR_MERGE:          0
cpu5->cpu5_L1I TRANSLATION  ACCESS:          0 HIT:          0 MISS:          0 MSHR_MERGE:          0
cpu5->cpu5_L1I PREFETCH REQUESTED:          0 ISSUED:          0 USEFUL:          0 USELESS:          0
cpu5->cpu5_L1I AVERAGE MISS LATENCY: - cycles
cpu5->cpu5_L1D TOTAL        ACCESS:   36009394 HIT:    2200382 MISS:   33809012 MSHR_MERGE:   27545852
cpu5->cpu5_L1D LOAD         ACCESS:   19307874 HIT:    2200382 MISS:   17107492 MSHR_MERGE:   12932190
cpu5->cpu5_L1D RFO          ACCESS:          0 HIT:          0 MISS:          0 MSHR_MERGE:          0
cpu5->cpu5_L1D PREFETCH     ACCESS:          0 HIT:          0 MISS:          0 MSHR_MERGE:          0
cpu5->cpu5_L1D WRITE        ACCESS:   16701328 HIT:          0 MISS:   16701328 MSHR_MERGE:   14613662
cpu5->cpu5_L1D TRANSLATION  ACCESS:        192 HIT:          0 MISS:        192 MSHR_MERGE:          0
cpu5->cpu5_L1D PREFETCH REQUESTED:          0 ISSUED:          0 USEFUL:          0 USELESS:          0
cpu5->cpu5_L1D AVERAGE MISS LATENCY: 356.2 cycles
cpu5->cpu5_ITLB TOTAL        ACCESS:   12518663 HIT:   12518663 MISS:          0 MSHR_MERGE:          0
cpu5->cpu5_ITLB LOAD         ACCESS:   12518663 HIT:   12518663 MISS:          0 MSHR_MERGE:          0
cpu5->cpu5_ITLB RFO          ACCESS:          0 HIT:          0 MISS:          0 MSHR_MERGE:          0
cpu5->cpu5_ITLB PREFETCH     ACCESS:          0 HIT:          0 MISS:          0 MSHR_MERGE:          0
cpu5->cpu5_ITLB WRITE        ACCESS:          0 HIT:          0 MISS:          0 MSHR_MERGE:          0
cpu5->cpu5_ITLB TRANSLATION  ACCESS:          0 HIT:          0 MISS:          0 MSHR_MERGE:          0
cpu5->cpu5_ITLB PREFETCH REQUESTED:          0 ISSUED:          0 USEFUL:          0 USELESS:          0
cpu5->cpu5_ITLB AVERAGE MISS LATENCY: - cycles
cpu5->cpu5_DTLB TOTAL        ACCESS:   30771142 HIT:   30769752 MISS:       1390 MSHR_MERGE:       1198
cpu5->cpu5_DTLB LOAD         ACCESS:   30771142 HIT:   30769752 MISS:       1390 MSHR_MERGE:       1198
cpu5->cpu5_DTLB RFO          ACCESS:          0 HIT:          0 MISS:          0 MSHR_MERGE:          0
cpu5->cpu5_DTLB PREFETCH     ACCESS:          0 HIT:          0 MISS:          0 MSHR_MERGE:          0
cpu5->cpu5_DTLB WRITE        ACCESS:          0 HIT:          0 MISS:          0 MSHR_MERGE:          0
cpu5->cpu5_DTLB TRANSLATION  ACCESS:          0 HIT:          0 MISS:          0 MSHR_MERGE:          0
cpu5->cpu5_DTLB PREFETCH REQUESTED:          0 ISSUED:          0 USEFUL:          0 USELESS:          0
cpu5->cpu5_DTLB AVERAGE MISS LATENCY: 238.4 cycles
cpu4->cpu4_STLB TOTAL        ACCESS:        192 HIT:          0 MISS:        192 MSHR_MERGE:          0
cpu4->cpu4_STLB LOAD         ACCESS:        192 HIT:          0 MISS:        192 MSHR_MERGE:          0
cpu4->cpu4_STLB RFO          ACCESS:          0 HIT:          0 MISS:          0 MSHR_MERGE:          0
cpu4->cpu4_STLB PREFETCH     ACCESS:          0 HIT:          0 MISS:          0 MSHR_MERGE:          0
cpu4->cpu4_STLB WRITE        ACCESS:          0 HIT:          0 MISS:          0 MSHR_MERGE:          0
cpu4->cpu4_STLB TRANSLATION  ACCESS:          0 HIT:          0 MISS:          0 MSHR_MERGE:          0
cpu4->cpu4_STLB PREFETCH REQUESTED:          0 ISSUED:          0 USEFUL:          0 USELESS:          0
cpu4->cpu4_STLB AVERAGE MISS LATENCY: 232.4 cycles
cpu4->cpu4_L2C TOTAL        ACCESS:    8354781 HIT:    2088658 MISS:    6266123 MSHR_MERGE:          0
cpu4->cpu4_L2C LOAD         ACCESS:    4177278 HIT:          0 MISS:    4177278 MSHR_MERGE:          0
cpu4->cpu4_L2C RFO          ACCESS:    2088653 HIT:          0 MISS:    2088653 MSHR_MERGE:          0
cpu4->cpu4_L2C PREFETCH     ACCESS:          0 HIT:          0 MISS:          0 MSHR_MERGE:          0
cpu4->cpu4_L2C WRITE        ACCESS:    2088658 HIT:    2088658 MISS:          0 MSHR_MERGE:          0
cpu4->cpu4_L2C TRANSLATION  ACCESS:        192 HIT:          0 MISS:        192 MSHR_MERGE:          0
cpu4->cpu4_L2C PREFETCH REQUESTED:          0 ISSUED:          0 USEFUL:          0 USELESS:          0
cpu4->cpu4_L2C AVERAGE MISS LATENCY: 347.3 cycles
cpu4->cpu4_L1I TOTAL        ACCESS:   12526646 HIT:   12526646 MISS:          0 MSHR_MERGE:          0
cpu4->cpu4_L1I LOAD         ACCESS:   12526646 HIT:   12526646 MISS:          0 MSHR_MERGE:          0
cpu4->cpu4_L1I RFO          ACCESS:          0 HIT:          0 MISS:          0 MSHR_MERGE:          0
cpu4->cpu4_L1I PREFETCH     ACCESS:          0 HIT:          0 MISS:          0 MSHR_MERGE:          0
cpu4->cpu4_L1I WRITE        ACCESS:          0 HIT:          0 MISS:          0 MSHR_MERGE:          0
cpu4->cpu4_L1I TRANSLATION  ACCESS:          0 HIT:          0 MISS:          0 MSHR_MERGE:          0
cpu4->cpu4_L1I PREFETCH REQUESTED:          0 ISSUED:          0 USEFUL:          0 USELESS:          0
cpu4->cpu4_L1I AVERAGE MISS LATENCY: - cycles
cpu4->cpu4_L1D TOTAL        ACCESS:   36032076 HIT:    2201804 MISS:   33830272 MSHR_MERGE:   27564148
cpu4->cpu4_L1D LOAD         ACCESS:   19322659 HIT:    2201804 MISS:   17120855 MSHR_MERGE:   12943576
cpu4->cpu4_L1D RFO          ACCESS:          0 HIT:          0 MISS:          0 MSHR_MERGE:          0
cpu4->cpu4_L1D PREFETCH     ACCESS:          0 HIT:          0 MISS:          0 MSHR_MERGE:          0
cpu4->cpu4_L1D WRITE        ACCESS:   16709225 HIT:          0 MISS:   16709225 MSHR_MERGE:   14620572
cpu4->cpu4_L1D TRANSLATION  ACCESS:        192 HIT:          0 MISS:        192 MSHR_MERGE:          0
cpu4->cpu4_L1D PREFETCH REQUESTED:          0 ISSUED:          0 USEFUL:          0 USELESS:          0
cpu4->cpu4_L1D AVERAGE MISS LATENCY: 356.3 cycles
cpu4->cpu4_ITLB TOTAL        ACCESS:   12526646 HIT:   12526646 MISS:          0 MSHR_MERGE:          0
cpu4->cpu4_ITLB LOAD         ACCESS:   12526646 HIT:   12526646 MISS:          0 MSHR_MERGE:          0
cpu4->cpu4_ITLB RFO          ACCESS:          0 HIT:          0 MISS:          0 MSHR_MERGE:          0
cpu4->cpu4_ITLB PREFETCH     ACCESS:          0 HIT:          0 MISS:          0 MSHR_MERGE:          0
cpu4->cpu4_ITLB WRITE        ACCESS:          0 HIT:          0 MISS:          0 MSHR_MERGE:          0
cpu4->cpu4_ITLB TRANSLATION  ACCESS:          0 HIT:          0 MISS:          0 MSHR_MERGE:          0
cpu4->cpu4_ITLB PREFETCH REQUESTED:          0 ISSUED:          0 USEFUL:          0 USELESS:          0
cpu4->cpu4_ITLB AVERAGE MISS LATENCY: - cycles
cpu4->cpu4_DTLB TOTAL        ACCESS:   30788266 HIT:   30786838 MISS:       1428 MSHR_MERGE:       1236
cpu4->cpu4_DTLB LOAD         ACCESS:   30788266 HIT:   30786838 MISS:       1428 MSHR_MERGE:       1236
cpu4->cpu4_DTLB RFO          ACCESS:          0 HIT:          0 MISS:          0 MSHR_MERGE:          0
cpu4->cpu4_DTLB PREFETCH     ACCESS:          0 HIT:          0 MISS:          0 MSHR_MERGE:          0
cpu4->cpu4_DTLB WRITE        ACCESS:          0 HIT:          0 MISS:          0 MSHR_MERGE:          0
cpu4->cpu4_DTLB TRANSLATION  ACCESS:          0 HIT:          0 MISS:          0 MSHR_MERGE:          0
cpu4->cpu4_DTLB PREFETCH REQUESTED:          0 ISSUED:          0 USEFUL:          0 USELESS:          0
cpu4->cpu4_DTLB AVERAGE MISS LATENCY: 238.4 cycles
cpu3->cpu3_STLB TOTAL        ACCESS:        192 HIT:          0 MISS:        192 MSHR_MERGE:          0
cpu3->cpu3_STLB LOAD         ACCESS:        192 HIT:          0 MISS:        192 MSHR_MERGE:          0
cpu3->cpu3_STLB RFO          ACCESS:          0 HIT:          0 MISS:          0 MSHR_MERGE:          0
cpu3->cpu3_STLB PREFETCH     ACCESS:          0 HIT:          0 MISS:          0 MSHR_MERGE:          0
cpu3->cpu3_STLB WRITE        ACCESS:          0 HIT:          0 MISS:          0 MSHR_MERGE:          0
cpu3->cpu3_STLB TRANSLATION  ACCESS:          0 HIT:          0 MISS:          0 MSHR_MERGE:          0
cpu3->cpu3_STLB PREFETCH REQUESTED:          0 ISSUED:          0 USEFUL:          0 USELESS:          0
cpu3->cpu3_STLB AVERAGE MISS LATENCY: 232.4 cycles
cpu3->cpu3_L2C TOTAL        ACCESS:    8344890 HIT:    2086184 MISS:    6258706 MSHR_MERGE:          0
cpu3->cpu3_L2C LOAD         ACCESS:    4172333 HIT:          0 MISS:    4172333 MSHR_MERGE:          0
cpu3->cpu3_L2C RFO          ACCESS:    2086181 HIT:          0 MISS:    2086181 MSHR_MERGE:          0
cpu3->cpu3_L2C PREFETCH     ACCESS:          0 HIT:          0 MISS:          0 MSHR_MERGE:          0
cpu3->cpu3_L2C WRITE        ACCESS:    2086184 HIT:    2086184 MISS:          0 MSHR_MERGE:          0
cpu3->cpu3_L2C TRANSLATION  ACCESS:        192 HIT:          0 MISS:        192 MSHR_MERGE:          0
cpu3->cpu3_L2C PREFETCH REQUESTED:          0 ISSUED:          0 USEFUL:          0 USELESS:          0
cpu3->cpu3_L2C AVERAGE MISS LATENCY: 347.7 cycles
cpu3->cpu3_L1I TOTAL        ACCESS:   12510818 HIT:   12510818 MISS:          0 MSHR_MERGE:          0
cpu3->cpu3_L1I LOAD         ACCESS:   12510818 HIT:   12510818 MISS:          0 MSHR_MERGE:          0
cpu3->cpu3_L1I RFO          ACCESS:          0 HIT:          0 MISS:          0 MSHR_MERGE:          0
cpu3->cpu3_L1I PREFETCH     ACCESS:          0 HIT:          0 MISS:          0 MSHR_MERGE:          0
cpu3->cpu3_L1I WRITE        ACCESS:          0 HIT:          0 MISS:          0 MSHR_MERGE:          0
cpu3->cpu3_L1I TRANSLATION  ACCESS:          0 HIT:          0 MISS:          0 MSHR_MERGE:          0
cpu3->cpu3_L1I PREFETCH REQUESTED:          0 ISSUED:          0 USEFUL:          0 USELESS:          0
cpu3->cpu3_L1I AVERAGE MISS LATENCY: - cycles
cpu3->cpu3_L1D TOTAL        ACCESS:   36003236 HIT:    2196917 MISS:   33806319 MSHR_MERGE:   27547613
cpu3->cpu3_L1D LOAD         ACCESS:   19313596 HIT:    2196917 MISS:   17116679 MSHR_MERGE:   12944346
cpu3->cpu3_L1D RFO          ACCESS:          0 HIT:          0 MISS:          0 MSHR_MERGE:          0
cpu3->cpu3_L1D PREFETCH     ACCESS:          0 HIT:          0 MISS:          0 MSHR_MERGE:          0
cpu3->cpu3_L1D WRITE        ACCESS:   16689448 HIT:          0 MISS:   16689448 MSHR_MERGE:   14603267
cpu3->cpu3_L1D TRANSLATION  ACCESS:        192 HIT:          0 MISS:        192 MSHR_MERGE:          0
cpu3->cpu3_L1D PREFETCH REQUESTED:          0 ISSUED:          0 USEFUL:          0 USELESS:          0
cpu3->cpu3_L1D AVERAGE MISS LATENCY: 356.7 cycles
cpu3->cpu3_ITLB TOTAL        ACCESS:   12510818 HIT:   12510818 MISS:          0 MSHR_MERGE:          0
cpu3->cpu3_ITLB LOAD         ACCESS:   12510818 HIT:   12510818 MISS:          0 MSHR_MERGE:          0
cpu3->cpu3_ITLB RFO          ACCESS:          0 HIT:          0 MISS:          0 MSHR_MERGE:          0
cpu3->cpu3_ITLB PREFETCH     ACCESS:          0 HIT:          0 MISS:          0 MSHR_MERGE:          0
cpu3->cpu3_ITLB WRITE        ACCESS:          0 HIT:          0 MISS:          0 MSHR_MERGE:          0
cpu3->cpu3_ITLB TRANSLATION  ACCESS:          0 HIT:          0 MISS:          0 MSHR_MERGE:          0
cpu3->cpu3_ITLB PREFETCH REQUESTED:          0 ISSUED:          0 USEFUL:          0 USELESS:          0
cpu3->cpu3_ITLB AVERAGE MISS LATENCY: - cycles
cpu3->cpu3_DTLB TOTAL        ACCESS:   30793678 HIT:   30792332 MISS:       1346 MSHR_MERGE:       1154
cpu3->cpu3_DTLB LOAD         ACCESS:   30793678 HIT:   30792332 MISS:       1346 MSHR_MERGE:       1154
cpu3->cpu3_DTLB RFO          ACCESS:          0 HIT:          0 MISS:          0 MSHR_MERGE:          0
cpu3->cpu3_DTLB PREFETCH     ACCESS:          0 HIT:          0 MISS:          0 MSHR_MERGE:          0
cpu3->cpu3_DTLB WRITE        ACCESS:          0 HIT:          0 MISS:          0 MSHR_MERGE:          0
cpu3->cpu3_DTLB TRANSLATION  ACCESS:          0 HIT:          0 MISS:          0 MSHR_MERGE:          0
cpu3->cpu3_DTLB PREFETCH REQUESTED:          0 ISSUED:          0 USEFUL:          0 USELESS:          0
cpu3->cpu3_DTLB AVERAGE MISS LATENCY: 238.4 cycles
cpu2->cpu2_STLB TOTAL        ACCESS:        192 HIT:          0 MISS:        192 MSHR_MERGE:          0
cpu2->cpu2_STLB LOAD         ACCESS:        192 HIT:          0 MISS:        192 MSHR_MERGE:          0
cpu2->cpu2_STLB RFO          ACCESS:          0 HIT:          0 MISS:          0 MSHR_MERGE:          0
cpu2->cpu2_STLB PREFETCH     ACCESS:          0 HIT:          0 MISS:          0 MSHR_MERGE:          0
cpu2->cpu2_STLB WRITE        ACCESS:          0 HIT:          0 MISS:          0 MSHR_MERGE:          0
cpu2->cpu2_STLB TRANSLATION  ACCESS:          0 HIT:          0 MISS:          0 MSHR_MERGE:          0
cpu2->cpu2_STLB PREFETCH REQUESTED:          0 ISSUED:          0 USEFUL:          0 USELESS:          0
cpu2->cpu2_STLB AVERAGE MISS LATENCY: 232.5 cycles
cpu2->cpu2_L2C TOTAL        ACCESS:    8353407 HIT:    2088313 MISS:    6265094 MSHR_MERGE:          0
cpu2->cpu2_L2C LOAD         ACCESS:    4176591 HIT:          0 MISS:    4176591 MSHR_MERGE:          0
cpu2->cpu2_L2C RFO          ACCESS:    2088311 HIT:          0 MISS:    2088311 MSHR_MERGE:          0
cpu2->cpu2_L2C PREFETCH     ACCESS:          0 HIT:          0 MISS:          0 MSHR_MERGE:          0
cpu2->cpu2_L2C WRITE        ACCESS:    2088313 HIT:    2088313 MISS:          0 MSHR_MERGE:          0
cpu2->cpu2_L2C TRANSLATION  ACCESS:        192 HIT:          0 MISS:        192 MSHR_MERGE:          0
cpu2->cpu2_L2C PREFETCH REQUESTED:          0 ISSUED:          0 USEFUL:          0 USELESS:          0
cpu2->cpu2_L2C AVERAGE MISS LATENCY: 347.1 cycles
cpu2->cpu2_L1I TOTAL        ACCESS:   12524214 HIT:   12524214 MISS:          0 MSHR_MERGE:          0
cpu2->cpu2_L1I LOAD         ACCESS:   12524214 HIT:   12524214 MISS:          0 MSHR_MERGE:          0
cpu2->cpu2_L1I RFO          ACCESS:          0 HIT:          0 MISS:          0 MSHR_MERGE:          0
cpu2->cpu2_L1I PREFETCH     ACCESS:          0 HIT:          0 MISS:          0 MSHR_MERGE:          0
cpu2->cpu2_L1I WRITE        ACCESS:          0 HIT:          0 MISS:          0 MSHR_MERGE:          0
cpu2->cpu2_L1I TRANSLATION  ACCESS:          0 HIT:          0 MISS:          0 MSHR_MERGE:          0
cpu2->cpu2_L1I PREFETCH REQUESTED:          0 ISSUED:          0 USEFUL:          0 USELESS:          0
cpu2->cpu2_L1I AVERAGE MISS LATENCY: - cycles
cpu2->cpu2_L1D TOTAL        ACCESS:   36014487 HIT:    2197379 MISS:   33817108 MSHR_MERGE:   27552014
cpu2->cpu2_L1D LOAD         ACCESS:   19307807 HIT:    2197379 MISS:   17110428 MSHR_MERGE:   12933837
cpu2->cpu2_L1D RFO          ACCESS:          0 HIT:          0 MISS:          0 MSHR_MERGE:          0
cpu2->cpu2_L1D PREFETCH     ACCESS:          0 HIT:          0 MISS:          0 MSHR_MERGE:          0
cpu2->cpu2_L1D WRITE        ACCESS:   16706488 HIT:          0 MISS:   16706488 MSHR_MERGE:   14618177
cpu2->cpu2_L1D TRANSLATION  ACCESS:        192 HIT:          0 MISS:        192 MSHR_MERGE:          0
cpu2->cpu2_L1D PREFETCH REQUESTED:          0 ISSUED:          0 USEFUL:          0 USELESS:          0
cpu2->cpu2_L1D AVERAGE MISS LATENCY: 356.1 cycles
cpu2->cpu2_ITLB TOTAL        ACCESS:   12524213 HIT:   12524213 MISS:          0 MSHR_MERGE:          0
cpu2->cpu2_ITLB LOAD         ACCESS:   12524213 HIT:   12524213 MISS:          0 MSHR_MERGE:          0
cpu2->cpu2_ITLB RFO          ACCESS:          0 HIT:          0 MISS:          0 MSHR_MERGE:          0
cpu2->cpu2_ITLB PREFETCH     ACCESS:          0 HIT:          0 MISS:          0 MSHR_MERGE:          0
cpu2->cpu2_ITLB WRITE        ACCESS:          0 HIT:          0 MISS:          0 MSHR_MERGE:          0
cpu2->cpu2_ITLB TRANSLATION  ACCESS:          0 HIT:          0 MISS:          0 MSHR_MERGE:          0
cpu2->cpu2_ITLB PREFETCH REQUESTED:          0 ISSUED:          0 USEFUL:          0 USELESS:          0
cpu2->cpu2_ITLB AVERAGE MISS LATENCY: - cycles
cpu2->cpu2_DTLB TOTAL        ACCESS:   30800264 HIT:   30798882 MISS:       1382 MSHR_MERGE:       1190
cpu2->cpu2_DTLB LOAD         ACCESS:   30800264 HIT:   30798882 MISS:       1382 MSHR_MERGE:       1190
cpu2->cpu2_DTLB RFO          ACCESS:          0 HIT:          0 MISS:          0 MSHR_MERGE:          0
cpu2->cpu2_DTLB PREFETCH     ACCESS:          0 HIT:          0 MISS:          0 MSHR_MERGE:          0
cpu2->cpu2_DTLB WRITE        ACCESS:          0 HIT:          0 MISS:          0 MSHR_MERGE:          0
cpu2->cpu2_DTLB TRANSLATION  ACCESS:          0 HIT:          0 MISS:          0 MSHR_MERGE:          0
cpu2->cpu2_DTLB PREFETCH REQUESTED:          0 ISSUED:          0 USEFUL:          0 USELESS:          0
cpu2->cpu2_DTLB AVERAGE MISS LATENCY: 238.5 cycles
cpu1->cpu1_STLB TOTAL        ACCESS:        192 HIT:          0 MISS:        192 MSHR_MERGE:          0
cpu1->cpu1_STLB LOAD         ACCESS:        192 HIT:          0 MISS:        192 MSHR_MERGE:          0
cpu1->cpu1_STLB RFO          ACCESS:          0 HIT:          0 MISS:          0 MSHR_MERGE:          0
cpu1->cpu1_STLB PREFETCH     ACCESS:          0 HIT:          0 MISS:          0 MSHR_MERGE:          0
cpu1->cpu1_STLB WRITE        ACCESS:          0 HIT:          0 MISS:          0 MSHR_MERGE:          0
cpu1->cpu1_STLB TRANSLATION  ACCESS:          0 HIT:          0 MISS:          0 MSHR_MERGE:          0
cpu1->cpu1_STLB PREFETCH REQUESTED:          0 ISSUED:          0 USEFUL:          0 USELESS:          0
cpu1->cpu1_STLB AVERAGE MISS LATENCY: 232.6 cycles
cpu1->cpu1_L2C TOTAL        ACCESS:    8337132 HIT:    2084245 MISS:    6252887 MSHR_MERGE:          0
cpu1->cpu1_L2C LOAD         ACCESS:    4168454 HIT:          0 MISS:    4168454 MSHR_MERGE:          0
cpu1->cpu1_L2C RFO          ACCESS:    2084241 HIT:          0 MISS:    2084241 MSHR_MERGE:          0
cpu1->cpu1_L2C PREFETCH     ACCESS:          0 HIT:          0 MISS:          0 MSHR_MERGE:          0
cpu1->cpu1_L2C WRITE        ACCESS:    2084245 HIT:    2084245 MISS:          0 MSHR_MERGE:          0
cpu1->cpu1_L2C TRANSLATION  ACCESS:        192 HIT:          0 MISS:        192 MSHR_MERGE:          0
cpu1->cpu1_L2C PREFETCH REQUESTED:          0 ISSUED:          0 USEFUL:          0 USELESS:          0
cpu1->cpu1_L2C AVERAGE MISS LATENCY: 347.3 cycles
cpu1->cpu1_L1I TOTAL        ACCESS:   12502814 HIT:   12502814 MISS:          0 MSHR_MERGE:          0
cpu1->cpu1_L1I LOAD         ACCESS:   12502814 HIT:   12502814 MISS:          0 MSHR_MERGE:          0
cpu1->cpu1_L1I RFO          ACCESS:          0 HIT:          0 MISS:          0 MSHR_MERGE:          0
cpu1->cpu1_L1I PREFETCH     ACCESS:          0 HIT:          0 MISS:          0 MSHR_MERGE:          0
cpu1->cpu1_L1I WRITE        ACCESS:          0 HIT:          0 MISS:          0 MSHR_MERGE:          0
cpu1->cpu1_L1I TRANSLATION  ACCESS:          0 HIT:          0 MISS:          0 MSHR_MERGE:          0
cpu1->cpu1_L1I PREFETCH REQUESTED:          0 ISSUED:          0 USEFUL:          0 USELESS:          0
cpu1->cpu1_L1I AVERAGE MISS LATENCY: - cycles
cpu1->cpu1_L1D TOTAL        ACCESS:   35933645 HIT:    2188107 MISS:   33745538 MSHR_MERGE:   27492651
cpu1->cpu1_L1D LOAD         ACCESS:   19259525 HIT:    2188107 MISS:   17071418 MSHR_MERGE:   12902964
cpu1->cpu1_L1D RFO          ACCESS:          0 HIT:          0 MISS:          0 MSHR_MERGE:          0
cpu1->cpu1_L1D PREFETCH     ACCESS:          0 HIT:          0 MISS:          0 MSHR_MERGE:          0
cpu1->cpu1_L1D WRITE        ACCESS:   16673928 HIT:          0 MISS:   16673928 MSHR_MERGE:   14589687
cpu1->cpu1_L1D TRANSLATION  ACCESS:        192 HIT:          0 MISS:        192 MSHR_MERGE:          0
cpu1->cpu1_L1D PREFETCH REQUESTED:          0 ISSUED:          0 USEFUL:          0 USELESS:          0
cpu1->cpu1_L1D AVERAGE MISS LATENCY: 356.4 cycles
cpu1->cpu1_ITLB TOTAL        ACCESS:   12502814 HIT:   12502814 MISS:          0 MSHR_MERGE:          0
cpu1->cpu1_ITLB LOAD         ACCESS:   12502814 HIT:   12502814 MISS:          0 MSHR_MERGE:          0
cpu1->cpu1_ITLB RFO          ACCESS:          0 HIT:          0 MISS:          0 MSHR_MERGE:          0
cpu1->cpu1_ITLB PREFETCH     ACCESS:          0 HIT:          0 MISS:          0 MSHR_MERGE:          0
cpu1->cpu1_ITLB WRITE        ACCESS:          0 HIT:          0 MISS:          0 MSHR_MERGE:          0
cpu1->cpu1_ITLB TRANSLATION  ACCESS:          0 HIT:          0 MISS:          0 MSHR_MERGE:          0
cpu1->cpu1_ITLB PREFETCH REQUESTED:          0 ISSUED:          0 USEFUL:          0 USELESS:          0
cpu1->cpu1_ITLB AVERAGE MISS LATENCY: - cycles
cpu1->cpu1_DTLB TOTAL        ACCESS:   30739167 HIT:   30737859 MISS:       1308 MSHR_MERGE:       1116
cpu1->cpu1_DTLB LOAD         ACCESS:   30739167 HIT:   30737859 MISS:       1308 MSHR_MERGE:       1116
cpu1->cpu1_DTLB RFO          ACCESS:          0 HIT:          0 MISS:          0 MSHR_MERGE:          0
cpu1->cpu1_DTLB PREFETCH     ACCESS:          0 HIT:          0 MISS:          0 MSHR_MERGE:          0
cpu1->cpu1_DTLB WRITE        ACCESS:          0 HIT:          0 MISS:          0 MSHR_MERGE:          0
cpu1->cpu1_DTLB TRANSLATION  ACCESS:          0 HIT:          0 MISS:          0 MSHR_MERGE:          0
cpu1->cpu1_DTLB PREFETCH REQUESTED:          0 ISSUED:          0 USEFUL:          0 USELESS:          0
cpu1->cpu1_DTLB AVERAGE MISS LATENCY: 238.6 cycles
cpu0->cpu0_STLB TOTAL        ACCESS:        192 HIT:          0 MISS:        192 MSHR_MERGE:          0
cpu0->cpu0_STLB LOAD         ACCESS:        192 HIT:          0 MISS:        192 MSHR_MERGE:          0
cpu0->cpu0_STLB RFO          ACCESS:          0 HIT:          0 MISS:          0 MSHR_MERGE:          0
cpu0->cpu0_STLB PREFETCH     ACCESS:          0 HIT:          0 MISS:          0 MSHR_MERGE:          0
cpu0->cpu0_STLB WRITE        ACCESS:          0 HIT:          0 MISS:          0 MSHR_MERGE:          0
cpu0->cpu0_STLB TRANSLATION  ACCESS:          0 HIT:          0 MISS:          0 MSHR_MERGE:          0
cpu0->cpu0_STLB PREFETCH REQUESTED:          0 ISSUED:          0 USEFUL:          0 USELESS:          0
cpu0->cpu0_STLB AVERAGE MISS LATENCY: 232.5 cycles
cpu0->cpu0_L2C TOTAL        ACCESS:    8333546 HIT:    2083349 MISS:    6250197 MSHR_MERGE:          0
cpu0->cpu0_L2C LOAD         ACCESS:    4166661 HIT:          0 MISS:    4166661 MSHR_MERGE:          0
cpu0->cpu0_L2C RFO          ACCESS:    2083344 HIT:          0 MISS:    2083344 MSHR_MERGE:          0
cpu0->cpu0_L2C PREFETCH     ACCESS:          0 HIT:          0 MISS:          0 MSHR_MERGE:          0
cpu0->cpu0_L2C WRITE        ACCESS:    2083349 HIT:    2083349 MISS:          0 MSHR_MERGE:          0
cpu0->cpu0_L2C TRANSLATION  ACCESS:        192 HIT:          0 MISS:        192 MSHR_MERGE:          0
cpu0->cpu0_L2C PREFETCH REQUESTED:          0 ISSUED:          0 USEFUL:          0 USELESS:          0
cpu0->cpu0_L2C AVERAGE MISS LATENCY: 348.1 cycles
cpu0->cpu0_L1I TOTAL        ACCESS:   12490379 HIT:   12490379 MISS:          0 MSHR_MERGE:          0
cpu0->cpu0_L1I LOAD         ACCESS:   12490379 HIT:   12490379 MISS:          0 MSHR_MERGE:          0
cpu0->cpu0_L1I RFO          ACCESS:          0 HIT:          0 MISS:          0 MSHR_MERGE:          0
cpu0->cpu0_L1I PREFETCH     ACCESS:          0 HIT:          0 MISS:          0 MSHR_MERGE:          0
cpu0->cpu0_L1I WRITE        ACCESS:          0 HIT:          0 MISS:          0 MSHR_MERGE:          0
cpu0->cpu0_L1I TRANSLATION  ACCESS:          0 HIT:          0 MISS:          0 MSHR_MERGE:          0
cpu0->cpu0_L1I PREFETCH REQUESTED:          0 ISSUED:          0 USEFUL:          0 USELESS:          0
cpu0->cpu0_L1I AVERAGE MISS LATENCY: - cycles
cpu0->cpu0_L1D TOTAL        ACCESS:   35933802 HIT:    2204483 MISS:   33729319 MSHR_MERGE:   27479122
cpu0->cpu0_L1D LOAD         ACCESS:   19266858 HIT:    2204483 MISS:   17062375 MSHR_MERGE:   12895714
cpu0->cpu0_L1D RFO          ACCESS:          0 HIT:          0 MISS:          0 MSHR_MERGE:          0
cpu0->cpu0_L1D PREFETCH     ACCESS:          0 HIT:          0 MISS:          0 MSHR_MERGE:          0
cpu0->cpu0_L1D WRITE        ACCESS:   16666752 HIT:          0 MISS:   16666752 MSHR_MERGE:   14583408
cpu0->cpu0_L1D TRANSLATION  ACCESS:        192 HIT:          0 MISS:        192 MSHR_MERGE:          0
cpu0->cpu0_L1D PREFETCH REQUESTED:          0 ISSUED:          0 USEFUL:          0 USELESS:          0
cpu0->cpu0_L1D AVERAGE MISS LATENCY: 357.2 cycles
cpu0->cpu0_ITLB TOTAL        ACCESS:   12490379 HIT:   12490379 MISS:          0 MSHR_MERGE:          0
cpu0->cpu0_ITLB LOAD         ACCESS:   12490379 HIT:   12490379 MISS:          0 MSHR_MERGE:          0
cpu0->cpu0_ITLB RFO          ACCESS:          0 HIT:          0 MISS:          0 MSHR_MERGE:          0
cpu0->cpu0_ITLB PREFETCH     ACCESS:          0 HIT:          0 MISS:          0 MSHR_MERGE:          0
cpu0->cpu0_ITLB WRITE        ACCESS:          0 HIT:          0 MISS:          0 MSHR_MERGE:          0
cpu0->cpu0_ITLB TRANSLATION  ACCESS:          0 HIT:          0 MISS:          0 MSHR_MERGE:          0
cpu0->cpu0_ITLB PREFETCH REQUESTED:          0 ISSUED:          0 USEFUL:          0 USELESS:          0
cpu0->cpu0_ITLB AVERAGE MISS LATENCY: - cycles
cpu0->cpu0_DTLB TOTAL        ACCESS:   30740025 HIT:   30738604 MISS:       1421 MSHR_MERGE:       1229
cpu0->cpu0_DTLB LOAD         ACCESS:   30740025 HIT:   30738604 MISS:       1421 MSHR_MERGE:       1229
cpu0->cpu0_DTLB RFO          ACCESS:          0 HIT:          0 MISS:          0 MSHR_MERGE:          0
cpu0->cpu0_DTLB PREFETCH     ACCESS:          0 HIT:          0 MISS:          0 MSHR_MERGE:          0
cpu0->cpu0_DTLB WRITE        ACCESS:          0 HIT:          0 MISS:          0 MSHR_MERGE:          0
cpu0->cpu0_DTLB TRANSLATION  ACCESS:          0 HIT:          0 MISS:          0 MSHR_MERGE:          0
cpu0->cpu0_DTLB PREFETCH REQUESTED:          0 ISSUED:          0 USEFUL:          0 USELESS:          0
cpu0->cpu0_DTLB AVERAGE MISS LATENCY: 238.5 cycles
cpu0->LLC TOTAL        ACCESS:    8333545 HIT:    2083512 MISS:    6250033 MSHR_MERGE:          0
cpu0->LLC LOAD         ACCESS:    4166671 HIT:          0 MISS:    4166671 MSHR_MERGE:          0
cpu0->LLC RFO          ACCESS:    2083349 HIT:          0 MISS:    2083349 MSHR_MERGE:          0
cpu0->LLC PREFETCH     ACCESS:          0 HIT:          0 MISS:          0 MSHR_MERGE:          0
cpu0->LLC WRITE        ACCESS:    2083333 HIT:    2083320 MISS:         13 MSHR_MERGE:          0
cpu0->LLC TRANSLATION  ACCESS:        192 HIT:        192 MISS:          0 MSHR_MERGE:          0
cpu0->LLC PREFETCH REQUESTED:          0 ISSUED:          0 USEFUL:          0 USELESS:          0
cpu0->LLC AVERAGE MISS LATENCY: 2655 cycles
cpu1->LLC TOTAL        ACCESS:    8337132 HIT:    2084418 MISS:    6252714 MSHR_MERGE:          0
cpu1->LLC LOAD         ACCESS:    4168464 HIT:          0 MISS:    4168464 MSHR_MERGE:          0
cpu1->LLC RFO          ACCESS:    2084246 HIT:          0 MISS:    2084246 MSHR_MERGE:          0
cpu1->LLC PREFETCH     ACCESS:          0 HIT:          0 MISS:          0 MSHR_MERGE:          0
cpu1->LLC WRITE        ACCESS:    2084230 HIT:    2084226 MISS:          4 MSHR_MERGE:          0
cpu1->LLC TRANSLATION  ACCESS:        192 HIT:        192 MISS:          0 MSHR_MERGE:          0
cpu1->LLC PREFETCH REQUESTED:          0 ISSUED:          0 USEFUL:          0 USELESS:          0
cpu1->LLC AVERAGE MISS LATENCY: 2654 cycles
cpu2->LLC TOTAL        ACCESS:    8353410 HIT:    2088492 MISS:    6264918 MSHR_MERGE:          0
cpu2->LLC LOAD         ACCESS:    4176602 HIT:          0 MISS:    4176602 MSHR_MERGE:          0
cpu2->LLC RFO          ACCESS:    2088316 HIT:          0 MISS:    2088316 MSHR_MERGE:          0
cpu2->LLC PREFETCH     ACCESS:          0 HIT:          0 MISS:          0 MSHR_MERGE:          0
cpu2->LLC WRITE        ACCESS:    2088300 HIT:    2088300 MISS:          0 MSHR_MERGE:          0
cpu2->LLC TRANSLATION  ACCESS:        192 HIT:        192 MISS:          0 MSHR_MERGE:          0
cpu2->LLC PREFETCH REQUESTED:          0 ISSUED:          0 USEFUL:          0 USELESS:          0
cpu2->LLC AVERAGE MISS LATENCY: 2649 cycles
cpu3->LLC TOTAL        ACCESS:    8344892 HIT:    2086362 MISS:    6258530 MSHR_MERGE:          0
cpu3->LLC LOAD         ACCESS:    4172344 HIT:          0 MISS:    4172344 MSHR_MERGE:          0
cpu3->LLC RFO          ACCESS:    2086186 HIT:          0 MISS:    2086186 MSHR_MERGE:          0
cpu3->LLC PREFETCH     ACCESS:          0 HIT:          0 MISS:          0 MSHR_MERGE:          0
cpu3->LLC WRITE        ACCESS:    2086170 HIT:    2086170 MISS:          0 MSHR_MERGE:          0
cpu3->LLC TRANSLATION  ACCESS:        192 HIT:        192 MISS:          0 MSHR_MERGE:          0
cpu3->LLC PREFETCH REQUESTED:          0 ISSUED:          0 USEFUL:          0 USELESS:          0
cpu3->LLC AVERAGE MISS LATENCY: 2652 cycles
cpu4->LLC TOTAL        ACCESS:    8354782 HIT:    2088836 MISS:    6265946 MSHR_MERGE:          0
cpu4->LLC LOAD         ACCESS:    4177288 HIT:          0 MISS:    4177288 MSHR_MERGE:          0
cpu4->LLC RFO          ACCESS:    2088658 HIT:          0 MISS:    2088658 MSHR_MERGE:          0
cpu4->LLC PREFETCH     ACCESS:          0 HIT:          0 MISS:          0 MSHR_MERGE:          0
cpu4->LLC WRITE        ACCESS:    2088644 HIT:    2088644 MISS:          0 MSHR_MERGE:          0
cpu4->LLC TRANSLATION  ACCESS:        192 HIT:        192 MISS:          0 MSHR_MERGE:          0
cpu4->LLC PREFETCH REQUESTED:          0 ISSUED:          0 USEFUL:          0 USELESS:          0
cpu4->LLC AVERAGE MISS LATENCY: 2648 cycles
cpu5->LLC TOTAL        ACCESS:    8350831 HIT:    2087847 MISS:    6262984 MSHR_MERGE:          0
cpu5->LLC LOAD         ACCESS:    4175313 HIT:          0 MISS:    4175313 MSHR_MERGE:          0
cpu5->LLC RFO          ACCESS:    2087671 HIT:          0 MISS:    2087671 MSHR_MERGE:          0
cpu5->LLC PREFETCH     ACCESS:          0 HIT:          0 MISS:          0 MSHR_MERGE:          0
cpu5->LLC WRITE        ACCESS:    2087655 HIT:    2087655 MISS:          0 MSHR_MERGE:          0
cpu5->LLC TRANSLATION  ACCESS:        192 HIT:        192 MISS:          0 MSHR_MERGE:          0
cpu5->LLC PREFETCH REQUESTED:          0 ISSUED:          0 USEFUL:          0 USELESS:          0
cpu5->LLC AVERAGE MISS LATENCY: 2650 cycles
cpu6->LLC TOTAL        ACCESS:    8347840 HIT:    2087099 MISS:    6260741 MSHR_MERGE:          0
cpu6->LLC LOAD         ACCESS:    4173818 HIT:          0 MISS:    4173818 MSHR_MERGE:          0
cpu6->LLC RFO          ACCESS:    2086923 HIT:          0 MISS:    2086923 MSHR_MERGE:          0
cpu6->LLC PREFETCH     ACCESS:          0 HIT:          0 MISS:          0 MSHR_MERGE:          0
cpu6->LLC WRITE        ACCESS:    2086907 HIT:    2086907 MISS:          0 MSHR_MERGE:          0
cpu6->LLC TRANSLATION  ACCESS:        192 HIT:        192 MISS:          0 MSHR_MERGE:          0
cpu6->LLC PREFETCH REQUESTED:          0 ISSUED:          0 USEFUL:          0 USELESS:          0
cpu6->LLC AVERAGE MISS LATENCY: 2651 cycles
cpu7->LLC TOTAL        ACCESS:    8354858 HIT:    2088853 MISS:    6266005 MSHR_MERGE:          0
cpu7->LLC LOAD         ACCESS:    4177327 HIT:          0 MISS:    4177327 MSHR_MERGE:          0
cpu7->LLC RFO          ACCESS:    2088678 HIT:          0 MISS:    2088678 MSHR_MERGE:          0
cpu7->LLC PREFETCH     ACCESS:          0 HIT:          0 MISS:          0 MSHR_MERGE:          0
cpu7->LLC WRITE        ACCESS:    2088661 HIT:    2088661 MISS:          0 MSHR_MERGE:          0
cpu7->LLC TRANSLATION  ACCESS:        192 HIT:        192 MISS:          0 MSHR_MERGE:          0
cpu7->LLC PREFETCH REQUESTED:          0 ISSUED:          0 USEFUL:          0 USELESS:          0
cpu7->LLC AVERAGE MISS LATENCY: 2648 cycles

Region of Interest Statistics

CPU 7 cumulative IPC: 0.1793 instructions: 100000000 cycles: 557653651
CPU 7 Branch Prediction Accuracy: 100% MPKI: 0 Average ROB Occupancy at Mispredict: -
Branch type MPKI
BRANCH_DIRECT_JUMP: 0
BRANCH_INDIRECT: 0
BRANCH_CONDITIONAL: 0
BRANCH_DIRECT_CALL: 0
BRANCH_INDIRECT_CALL: 0
BRANCH_RETURN: 0


CPU 6 cumulative IPC: 0.1792 instructions: 100000001 cycles: 558115700
CPU 6 Branch Prediction Accuracy: 100% MPKI: 0 Average ROB Occupancy at Mispredict: -
Branch type MPKI
BRANCH_DIRECT_JUMP: 0
BRANCH_INDIRECT: 0
BRANCH_CONDITIONAL: 0
BRANCH_DIRECT_CALL: 0
BRANCH_INDIRECT_CALL: 0
BRANCH_RETURN: 0


CPU 5 cumulative IPC: 0.1792 instructions: 100000001 cycles: 557909034
CPU 5 Branch Prediction Accuracy: 100% MPKI: 0 Average ROB Occupancy at Mispredict: -
Branch type MPKI
BRANCH_DIRECT_JUMP: 0
BRANCH_INDIRECT: 0
BRANCH_CONDITIONAL: 0
BRANCH_DIRECT_CALL: 0
BRANCH_INDIRECT_CALL: 0
BRANCH_RETURN: 0


CPU 4 cumulative IPC: 0.1793 instructions: 100000000 cycles: 557661372
CPU 4 Branch Prediction Accuracy: 100% MPKI: 0 Average ROB Occupancy at Mispredict: -
Branch type MPKI
BRANCH_DIRECT_JUMP: 0
BRANCH_INDIRECT: 0
BRANCH_CONDITIONAL: 0
BRANCH_DIRECT_CALL: 0
BRANCH_INDIRECT_CALL: 0
BRANCH_RETURN: 0


CPU 3 cumulative IPC: 0.1791 instructions: 100000001 cycles: 558327531
CPU 3 Branch Prediction Accuracy: 100% MPKI: 0 Average ROB Occupancy at Mispredict: -
Branch type MPKI
BRANCH_DIRECT_JUMP: 0
BRANCH_INDIRECT: 0
BRANCH_CONDITIONAL: 0
BRANCH_DIRECT_CALL: 0
BRANCH_INDIRECT_CALL: 0
BRANCH_RETURN: 0


CPU 2 cumulative IPC: 0.1793 instructions: 100000000 cycles: 557747862
CPU 2 Branch Prediction Accuracy: 100% MPKI: 0 Average ROB Occupancy at Mispredict: -
Branch type MPKI
BRANCH_DIRECT_JUMP: 0
BRANCH_INDIRECT: 0
BRANCH_CONDITIONAL: 0
BRANCH_DIRECT_CALL: 0
BRANCH_INDIRECT_CALL: 0
BRANCH_RETURN: 0


CPU 1 cumulative IPC: 0.1789 instructions: 100000003 cycles: 558842871
CPU 1 Branch Prediction Accuracy: 100% MPKI: 0 Average ROB Occupancy at Mispredict: -
Branch type MPKI
BRANCH_DIRECT_JUMP: 0
BRANCH_INDIRECT: 0
BRANCH_CONDITIONAL: 0
BRANCH_DIRECT_CALL: 0
BRANCH_INDIRECT_CALL: 0
BRANCH_RETURN: 0


CPU 0 cumulative IPC: 0.1789 instructions: 100000001 cycles: 559080048
CPU 0 Branch Prediction Accuracy: 100% MPKI: 0 Average ROB Occupancy at Mispredict: -
Branch type MPKI
BRANCH_DIRECT_JUMP: 0
BRANCH_INDIRECT: 0
BRANCH_CONDITIONAL: 0
BRANCH_DIRECT_CALL: 0
BRANCH_INDIRECT_CALL: 0
BRANCH_RETURN: 0

cpu7->cpu7_STLB TOTAL        ACCESS:        192 HIT:          0 MISS:        192 MSHR_MERGE:          0
cpu7->cpu7_STLB LOAD         ACCESS:        192 HIT:          0 MISS:        192 MSHR_MERGE:          0
cpu7->cpu7_STLB RFO          ACCESS:          0 HIT:          0 MISS:          0 MSHR_MERGE:          0
cpu7->cpu7_STLB PREFETCH     ACCESS:          0 HIT:          0 MISS:          0 MSHR_MERGE:          0
cpu7->cpu7_STLB WRITE        ACCESS:          0 HIT:          0 MISS:          0 MSHR_MERGE:          0
cpu7->cpu7_STLB TRANSLATION  ACCESS:          0 HIT:          0 MISS:          0 MSHR_MERGE:          0
cpu7->cpu7_STLB PREFETCH REQUESTED:          0 ISSUED:          0 USEFUL:          0 USELESS:          0
cpu7->cpu7_STLB AVERAGE MISS LATENCY: 232.5 cycles
cpu7->cpu7_L2C TOTAL        ACCESS:    8354858 HIT:    2088677 MISS:    6266181 MSHR_MERGE:          0
cpu7->cpu7_L2C LOAD         ACCESS:    4177317 HIT:          0 MISS:    4177317 MSHR_MERGE:          0
cpu7->cpu7_L2C RFO          ACCESS:    2088672 HIT:          0 MISS:    2088672 MSHR_MERGE:          0
cpu7->cpu7_L2C PREFETCH     ACCESS:          0 HIT:          0 MISS:          0 MSHR_MERGE:          0
cpu7->cpu7_L2C WRITE        ACCESS:    2088677 HIT:    2088677 MISS:          0 MSHR_MERGE:          0
cpu7->cpu7_L2C TRANSLATION  ACCESS:        192 HIT:          0 MISS:        192 MSHR_MERGE:          0
cpu7->cpu7_L2C PREFETCH REQUESTED:          0 ISSUED:          0 USEFUL:          0 USELESS:          0
cpu7->cpu7_L2C AVERAGE MISS LATENCY: 346.7 cycles
cpu7->cpu7_L1I TOTAL        ACCESS:   12528681 HIT:   12528681 MISS:          0 MSHR_MERGE:          0
cpu7->cpu7_L1I LOAD         ACCESS:   12528681 HIT:   12528681 MISS:          0 MSHR_MERGE:          0
cpu7->cpu7_L1I RFO          ACCESS:          0 HIT:          0 MISS:          0 MSHR_MERGE:          0
cpu7->cpu7_L1I PREFETCH     ACCESS:          0 HIT:          0 MISS:          0 MSHR_MERGE:          0
cpu7->cpu7_L1I WRITE        ACCESS:          0 HIT:          0 MISS:          0 MSHR_MERGE:          0
cpu7->cpu7_L1I TRANSLATION  ACCESS:          0 HIT:          0 MISS:          0 MSHR_MERGE:          0
cpu7->cpu7_L1I PREFETCH REQUESTED:          0 ISSUED:          0 USEFUL:          0 USELESS:          0
cpu7->cpu7_L1I AVERAGE MISS LATENCY: - cycles
cpu7->cpu7_L1D TOTAL        ACCESS:   35977218 HIT:    2189114 MISS:   33788104 MSHR_MERGE:   27521923
cpu7->cpu7_L1D LOAD         ACCESS:   19267650 HIT:    2189114 MISS:   17078536 MSHR_MERGE:   12901219
cpu7->cpu7_L1D RFO          ACCESS:          0 HIT:          0 MISS:          0 MSHR_MERGE:          0
cpu7->cpu7_L1D PREFETCH     ACCESS:          0 HIT:          0 MISS:          0 MSHR_MERGE:          0
cpu7->cpu7_L1D WRITE        ACCESS:   16709376 HIT:          0 MISS:   16709376 MSHR_MERGE:   14620704
cpu7->cpu7_L1D TRANSLATION  ACCESS:        192 HIT:          0 MISS:        192 MSHR_MERGE:          0
cpu7->cpu7_L1D PREFETCH REQUESTED:          0 ISSUED:          0 USEFUL:          0 USELESS:          0
cpu7->cpu7_L1D AVERAGE MISS LATENCY: 355.7 cycles
cpu7->cpu7_ITLB TOTAL        ACCESS:   12528681 HIT:   12528681 MISS:          0 MSHR_MERGE:          0
cpu7->cpu7_ITLB LOAD         ACCESS:   12528681 HIT:   12528681 MISS:          0 MSHR_MERGE:          0
cpu7->cpu7_ITLB RFO          ACCESS:          0 HIT:          0 MISS:          0 MSHR_MERGE:          0
cpu7->cpu7_ITLB PREFETCH     ACCESS:          0 HIT:          0 MISS:          0 MSHR_MERGE:          0
cpu7->cpu7_ITLB WRITE        ACCESS:          0 HIT:          0 MISS:          0 MSHR_MERGE:          0
cpu7->cpu7_ITLB TRANSLATION  ACCESS:          0 HIT:          0 MISS:          0 MSHR_MERGE:          0
cpu7->cpu7_ITLB PREFETCH REQUESTED:          0 ISSUED:          0 USEFUL:          0 USELESS:          0
cpu7->cpu7_ITLB AVERAGE MISS LATENCY: - cycles
cpu7->cpu7_DTLB TOTAL        ACCESS:   30784369 HIT:   30783062 MISS:       1307 MSHR_MERGE:       1115
cpu7->cpu7_DTLB LOAD         ACCESS:   30784369 HIT:   30783062 MISS:       1307 MSHR_MERGE:       1115
cpu7->cpu7_DTLB RFO          ACCESS:          0 HIT:          0 MISS:          0 MSHR_MERGE:          0
cpu7->cpu7_DTLB PREFETCH     ACCESS:          0 HIT:          0 MISS:          0 MSHR_MERGE:          0
cpu7->cpu7_DTLB WRITE        ACCESS:          0 HIT:          0 MISS:          0 MSHR_MERGE:          0
cpu7->cpu7_DTLB TRANSLATION  ACCESS:          0 HIT:          0 MISS:          0 MSHR_MERGE:          0
cpu7->cpu7_DTLB PREFETCH REQUESTED:          0 ISSUED:          0 USEFUL:          0 USELESS:          0
cpu7->cpu7_DTLB AVERAGE MISS LATENCY: 238.5 cycles
cpu6->cpu6_STLB TOTAL        ACCESS:        192 HIT:          0 MISS:        192 MSHR_MERGE:          0
cpu6->cpu6_STLB LOAD         ACCESS:        192 HIT:          0 MISS:        192 MSHR_MERGE:          0
cpu6->cpu6_STLB RFO          ACCESS:          0 HIT:          0 MISS:          0 MSHR_MERGE:          0
cpu6->cpu6_STLB PREFETCH     ACCESS:          0 HIT:          0 MISS:          0 MSHR_MERGE:          0
cpu6->cpu6_STLB WRITE        ACCESS:          0 HIT:          0 MISS:          0 MSHR_MERGE:          0
cpu6->cpu6_STLB TRANSLATION  ACCESS:          0 HIT:          0 MISS:          0 MSHR_MERGE:          0
cpu6->cpu6_STLB PREFETCH REQUESTED:          0 ISSUED:          0 USEFUL:          0 USELESS:          0
cpu6->cpu6_STLB AVERAGE MISS LATENCY: 232.7 cycles
cpu6->cpu6_L2C TOTAL        ACCESS:    8347839 HIT:    2086922 MISS:    6260917 MSHR_MERGE:          0
cpu6->cpu6_L2C LOAD         ACCESS:    4173807 HIT:          0 MISS:    4173807 MSHR_MERGE:          0
cpu6->cpu6_L2C RFO          ACCESS:    2086918 HIT:          0 MISS:    2086918 MSHR_MERGE:          0
cpu6->cpu6_L2C PREFETCH     ACCESS:          0 HIT:          0 MISS:          0 MSHR_MERGE:          0
cpu6->cpu6_L2C WRITE        ACCESS:    2086922 HIT:    2086922 MISS:          0 MSHR_MERGE:          0
cpu6->cpu6_L2C TRANSLATION  ACCESS:        192 HIT:          0 MISS:        192 MSHR_MERGE:          0
cpu6->cpu6_L2C PREFETCH REQUESTED:          0 ISSUED:          0 USEFUL:          0 USELESS:          0
cpu6->cpu6_L2C AVERAGE MISS LATENCY: 348 cycles
cpu6->cpu6_L1I TOTAL        ACCESS:   12514507 HIT:   12514507 MISS:          0 MSHR_MERGE:          0
cpu6->cpu6_L1I LOAD         ACCESS:   12514507 HIT:   12514507 MISS:          0 MSHR_MERGE:          0
cpu6->cpu6_L1I RFO          ACCESS:          0 HIT:          0 MISS:          0 MSHR_MERGE:          0
cpu6->cpu6_L1I PREFETCH     ACCESS:          0 HIT:          0 MISS:          0 MSHR_MERGE:          0
cpu6->cpu6_L1I WRITE        ACCESS:          0 HIT:          0 MISS:          0 MSHR_MERGE:          0
cpu6->cpu6_L1I TRANSLATION  ACCESS:          0 HIT:          0 MISS:          0 MSHR_MERGE:          0
cpu6->cpu6_L1I PREFETCH REQUESTED:          0 ISSUED:          0 USEFUL:          0 USELESS:          0
cpu6->cpu6_L1I AVERAGE MISS LATENCY: - cycles
cpu6->cpu6_L1D TOTAL        ACCESS:   35936853 HIT:    2196685 MISS:   33740168 MSHR_MERGE:   27479251
cpu6->cpu6_L1D LOAD         ACCESS:   19241317 HIT:    2196685 MISS:   17044632 MSHR_MERGE:   12870825
cpu6->cpu6_L1D RFO          ACCESS:          0 HIT:          0 MISS:          0 MSHR_MERGE:          0
cpu6->cpu6_L1D PREFETCH     ACCESS:          0 HIT:          0 MISS:          0 MSHR_MERGE:          0
cpu6->cpu6_L1D WRITE        ACCESS:   16695344 HIT:          0 MISS:   16695344 MSHR_MERGE:   14608426
cpu6->cpu6_L1D TRANSLATION  ACCESS:        192 HIT:          0 MISS:        192 MSHR_MERGE:          0
cpu6->cpu6_L1D PREFETCH REQUESTED:          0 ISSUED:          0 USEFUL:          0 USELESS:          0
cpu6->cpu6_L1D AVERAGE MISS LATENCY: 357 cycles
cpu6->cpu6_ITLB TOTAL        ACCESS:   12514507 HIT:   12514507 MISS:          0 MSHR_MERGE:          0
cpu6->cpu6_ITLB LOAD         ACCESS:   12514507 HIT:   12514507 MISS:          0 MSHR_MERGE:          0
cpu6->cpu6_ITLB RFO          ACCESS:          0 HIT:          0 MISS:          0 MSHR_MERGE:          0
cpu6->cpu6_ITLB PREFETCH     ACCESS:          0 HIT:          0 MISS:          0 MSHR_MERGE:          0
cpu6->cpu6_ITLB WRITE        ACCESS:          0 HIT:          0 MISS:          0 MSHR_MERGE:          0
cpu6->cpu6_ITLB TRANSLATION  ACCESS:          0 HIT:          0 MISS:          0 MSHR_MERGE:          0
cpu6->cpu6_ITLB PREFETCH REQUESTED:          0 ISSUED:          0 USEFUL:          0 USELESS:          0
cpu6->cpu6_ITLB AVERAGE MISS LATENCY: - cycles
cpu6->cpu6_DTLB TOTAL        ACCESS:   30745467 HIT:   30744173 MISS:       1294 MSHR_MERGE:       1102
cpu6->cpu6_DTLB LOAD         ACCESS:   30745467 HIT:   30744173 MISS:       1294 MSHR_MERGE:       1102
cpu6->cpu6_DTLB RFO          ACCESS:          0 HIT:          0 MISS:          0 MSHR_MERGE:          0
cpu6->cpu6_DTLB PREFETCH     ACCESS:          0 HIT:          0 MISS:          0 MSHR_MERGE:          0
cpu6->cpu6_DTLB WRITE        ACCESS:          0 HIT:          0 MISS:          0 MSHR_MERGE:          0
cpu6->cpu6_DTLB TRANSLATION  ACCESS:          0 HIT:          0 MISS:          0 MSHR_MERGE:          0
cpu6->cpu6_DTLB PREFETCH REQUESTED:          0 ISSUED:          0 USEFUL:          0 USELESS:          0
cpu6->cpu6_DTLB AVERAGE MISS LATENCY: 238.7 cycles
cpu5->cpu5_STLB TOTAL        ACCESS:        192 HIT:          0 MISS:        192 MSHR_MERGE:          0
cpu5->cpu5_STLB LOAD         ACCESS:        192 HIT:          0 MISS:        192 MSHR_MERGE:          0
cpu5->cpu5_STLB RFO          ACCESS:          0 HIT:          0 MISS:          0 MSHR_MERGE:          0
cpu5->cpu5_STLB PREFETCH     ACCESS:          0 HIT:          0 MISS:          0 MSHR_MERGE:          0
cpu5->cpu5_STLB WRITE        ACCESS:          0 HIT:          0 MISS:          0 MSHR_MERGE:          0
cpu5->cpu5_STLB TRANSLATION  ACCESS:          0 HIT:          0 MISS:          0 MSHR_MERGE:          0
cpu5->cpu5_STLB PREFETCH REQUESTED:          0 ISSUED:          0 USEFUL:          0 USELESS:          0
cpu5->cpu5_STLB AVERAGE MISS LATENCY: 232.4 cycles
cpu5->cpu5_L2C TOTAL        ACCESS:    8350830 HIT:    2087670 MISS:    6263160 MSHR_MERGE:          0
cpu5->cpu5_L2C LOAD         ACCESS:    4175302 HIT:          0 MISS:    4175302 MSHR_MERGE:          0
cpu5->cpu5_L2C RFO          ACCESS:    2087666 HIT:          0 MISS:    2087666 MSHR_MERGE:          0
cpu5->cpu5_L2C PREFETCH     ACCESS:          0 HIT:          0 MISS:          0 MSHR_MERGE:          0
cpu5->cpu5_L2C WRITE        ACCESS:    2087670 HIT:    2087670 MISS:          0 MSHR_MERGE:          0
cpu5->cpu5_L2C TRANSLATION  ACCESS:        192 HIT:          0 MISS:        192 MSHR_MERGE:          0
cpu5->cpu5_L2C PREFETCH REQUESTED:          0 ISSUED:          0 USEFUL:          0 USELESS:          0
cpu5->cpu5_L2C AVERAGE MISS LATENCY: 347.2 cycles
cpu5->cpu5_L1I TOTAL        ACCESS:   12518663 HIT:   12518663 MISS:          0 MSHR_MERGE:          0
cpu5->cpu5_L1I LOAD         ACCESS:   12518663 HIT:   12518663 MISS:          0 MSHR_MERGE:          0
cpu5->cpu5_L1I RFO          ACCESS:          0 HIT:          0 MISS:          0 MSHR_MERGE:          0
cpu5->cpu5_L1I PREFETCH     ACCESS:          0 HIT:          0 MISS:          0 MSHR_MERGE:          0
cpu5->cpu5_L1I WRITE        ACCESS:          0 HIT:          0 MISS:          0 MSHR_MERGE:          0
cpu5->cpu5_L1I TRANSLATION  ACCESS:          0 HIT:          0 MISS:          0 MSHR_MERGE:          0
cpu5->cpu5_L1I PREFETCH REQUESTED:          0 ISSUED:          0 USEFUL:          0 USELESS:          0
cpu5->cpu5_L1I AVERAGE MISS LATENCY: - cycles
cpu5->cpu5_L1D TOTAL        ACCESS:   36009394 HIT:    2200382 MISS:   33809012 MSHR_MERGE:   27545852
cpu5->cpu5_L1D LOAD         ACCESS:   19307874 HIT:    2200382 MISS:   17107492 MSHR_MERGE:   12932190
cpu5->cpu5_L1D RFO          ACCESS:          0 HIT:          0 MISS:          0 MSHR_MERGE:          0
cpu5->cpu5_L1D PREFETCH     ACCESS:          0 HIT:          0 MISS:          0 MSHR_MERGE:          0
cpu5->cpu5_L1D WRITE        ACCESS:   16701328 HIT:          0 MISS:   16701328 MSHR_MERGE:   14613662
cpu5->cpu5_L1D TRANSLATION  ACCESS:        192 HIT:          0 MISS:        192 MSHR_MERGE:          0
cpu5->cpu5_L1D PREFETCH REQUESTED:          0 ISSUED:          0 USEFUL:          0 USELESS:          0
cpu5->cpu5_L1D AVERAGE MISS LATENCY: 356.2 cycles
cpu5->cpu5_ITLB TOTAL        ACCESS:   12518663 HIT:   12518663 MISS:          0 MSHR_MERGE:          0
cpu5->cpu5_ITLB LOAD         ACCESS:   12518663 HIT:   12518663 MISS:          0 MSHR_MERGE:          0
cpu5->cpu5_ITLB RFO          ACCESS:          0 HIT:          0 MISS:          0 MSHR_MERGE:          0
cpu5->cpu5_ITLB PREFETCH     ACCESS:          0 HIT:          0 MISS:          0 MSHR_MERGE:          0
cpu5->cpu5_ITLB WRITE        ACCESS:          0 HIT:          0 MISS:          0 MSHR_MERGE:          0
cpu5->cpu5_ITLB TRANSLATION  ACCESS:          0 HIT:          0 MISS:          0 MSHR_MERGE:          0
cpu5->cpu5_ITLB PREFETCH REQUESTED:          0 ISSUED:          0 USEFUL:          0 USELESS:          0
cpu5->cpu5_ITLB AVERAGE MISS LATENCY: - cycles
cpu5->cpu5_DTLB TOTAL        ACCESS:   30771142 HIT:   30769752 MISS:       1390 MSHR_MERGE:       1198
cpu5->cpu5_DTLB LOAD         ACCESS:   30771142 HIT:   30769752 MISS:       1390 MSHR_MERGE:       1198
cpu5->cpu5_DTLB RFO          ACCESS:          0 HIT:          0 MISS:          0 MSHR_MERGE:          0
cpu5->cpu5_DTLB PREFETCH     ACCESS:          0 HIT:          0 MISS:          0 MSHR_MERGE:          0
cpu5->cpu5_DTLB WRITE        ACCESS:          0 HIT:          0 MISS:          0 MSHR_MERGE:          0
cpu5->cpu5_DTLB TRANSLATION  ACCESS:          0 HIT:          0 MISS:          0 MSHR_MERGE:          0
cpu5->cpu5_DTLB PREFETCH REQUESTED:          0 ISSUED:          0 USEFUL:          0 USELESS:          0
cpu5->cpu5_DTLB AVERAGE MISS LATENCY: 238.4 cycles
cpu4->cpu4_STLB TOTAL        ACCESS:        192 HIT:          0 MISS:        192 MSHR_MERGE:          0
cpu4->cpu4_STLB LOAD         ACCESS:        192 HIT:          0 MISS:        192 MSHR_MERGE:          0
cpu4->cpu4_STLB RFO          ACCESS:          0 HIT:          0 MISS:          0 MSHR_MERGE:          0
cpu4->cpu4_STLB PREFETCH     ACCESS:          0 HIT:          0 MISS:          0 MSHR_MERGE:          0
cpu4->cpu4_STLB WRITE        ACCESS:          0 HIT:          0 MISS:          0 MSHR_MERGE:          0
cpu4->cpu4_STLB TRANSLATION  ACCESS:          0 HIT:          0 MISS:          0 MSHR_MERGE:          0
cpu4->cpu4_STLB PREFETCH REQUESTED:          0 ISSUED:          0 USEFUL:          0 USELESS:          0
cpu4->cpu4_STLB AVERAGE MISS LATENCY: 232.4 cycles
cpu4->cpu4_L2C TOTAL        ACCESS:    8354781 HIT:    2088658 MISS:    6266123 MSHR_MERGE:          0
cpu4->cpu4_L2C LOAD         ACCESS:    4177278 HIT:          0 MISS:    4177278 MSHR_MERGE:          0
cpu4->cpu4_L2C RFO          ACCESS:    2088653 HIT:          0 MISS:    2088653 MSHR_MERGE:          0
cpu4->cpu4_L2C PREFETCH     ACCESS:          0 HIT:          0 MISS:          0 MSHR_MERGE:          0
cpu4->cpu4_L2C WRITE        ACCESS:    2088658 HIT:    2088658 MISS:          0 MSHR_MERGE:          0
cpu4->cpu4_L2C TRANSLATION  ACCESS:        192 HIT:          0 MISS:        192 MSHR_MERGE:          0
cpu4->cpu4_L2C PREFETCH REQUESTED:          0 ISSUED:          0 USEFUL:          0 USELESS:          0
cpu4->cpu4_L2C AVERAGE MISS LATENCY: 347.3 cycles
cpu4->cpu4_L1I TOTAL        ACCESS:   12526646 HIT:   12526646 MISS:          0 MSHR_MERGE:          0
cpu4->cpu4_L1I LOAD         ACCESS:   12526646 HIT:   12526646 MISS:          0 MSHR_MERGE:          0
cpu4->cpu4_L1I RFO          ACCESS:          0 HIT:          0 MISS:          0 MSHR_MERGE:          0
cpu4->cpu4_L1I PREFETCH     ACCESS:          0 HIT:          0 MISS:          0 MSHR_MERGE:          0
cpu4->cpu4_L1I WRITE        ACCESS:          0 HIT:          0 MISS:          0 MSHR_MERGE:          0
cpu4->cpu4_L1I TRANSLATION  ACCESS:          0 HIT:          0 MISS:          0 MSHR_MERGE:          0
cpu4->cpu4_L1I PREFETCH REQUESTED:          0 ISSUED:          0 USEFUL:          0 USELESS:          0
cpu4->cpu4_L1I AVERAGE MISS LATENCY: - cycles
cpu4->cpu4_L1D TOTAL        ACCESS:   36032076 HIT:    2201804 MISS:   33830272 MSHR_MERGE:   27564148
cpu4->cpu4_L1D LOAD         ACCESS:   19322659 HIT:    2201804 MISS:   17120855 MSHR_MERGE:   12943576
cpu4->cpu4_L1D RFO          ACCESS:          0 HIT:          0 MISS:          0 MSHR_MERGE:          0
cpu4->cpu4_L1D PREFETCH     ACCESS:          0 HIT:          0 MISS:          0 MSHR_MERGE:          0
cpu4->cpu4_L1D WRITE        ACCESS:   16709225 HIT:          0 MISS:   16709225 MSHR_MERGE:   14620572
cpu4->cpu4_L1D TRANSLATION  ACCESS:        192 HIT:          0 MISS:        192 MSHR_MERGE:          0
cpu4->cpu4_L1D PREFETCH REQUESTED:          0 ISSUED:          0 USEFUL:          0 USELESS:          0
cpu4->cpu4_L1D AVERAGE MISS LATENCY: 356.3 cycles
cpu4->cpu4_ITLB TOTAL        ACCESS:   12526646 HIT:   12526646 MISS:          0 MSHR_MERGE:          0
cpu4->cpu4_ITLB LOAD         ACCESS:   12526646 HIT:   12526646 MISS:          0 MSHR_MERGE:          0
cpu4->cpu4_ITLB RFO          ACCESS:          0 HIT:          0 MISS:          0 MSHR_MERGE:          0
cpu4->cpu4_ITLB PREFETCH     ACCESS:          0 HIT:          0 MISS:          0 MSHR_MERGE:          0
cpu4->cpu4_ITLB WRITE        ACCESS:          0 HIT:          0 MISS:          0 MSHR_MERGE:          0
cpu4->cpu4_ITLB TRANSLATION  ACCESS:          0 HIT:          0 MISS:          0 MSHR_MERGE:          0
cpu4->cpu4_ITLB PREFETCH REQUESTED:          0 ISSUED:          0 USEFUL:          0 USELESS:          0
cpu4->cpu4_ITLB AVERAGE MISS LATENCY: - cycles
cpu4->cpu4_DTLB TOTAL        ACCESS:   30788266 HIT:   30786838 MISS:       1428 MSHR_MERGE:       1236
cpu4->cpu4_DTLB LOAD         ACCESS:   30788266 HIT:   30786838 MISS:       1428 MSHR_MERGE:       1236
cpu4->cpu4_DTLB RFO          ACCESS:          0 HIT:          0 MISS:          0 MSHR_MERGE:          0
cpu4->cpu4_DTLB PREFETCH     ACCESS:          0 HIT:          0 MISS:          0 MSHR_MERGE:          0
cpu4->cpu4_DTLB WRITE        ACCESS:          0 HIT:          0 MISS:          0 MSHR_MERGE:          0
cpu4->cpu4_DTLB TRANSLATION  ACCESS:          0 HIT:          0 MISS:          0 MSHR_MERGE:          0
cpu4->cpu4_DTLB PREFETCH REQUESTED:          0 ISSUED:          0 USEFUL:          0 USELESS:          0
cpu4->cpu4_DTLB AVERAGE MISS LATENCY: 238.4 cycles
cpu3->cpu3_STLB TOTAL        ACCESS:        192 HIT:          0 MISS:        192 MSHR_MERGE:          0
cpu3->cpu3_STLB LOAD         ACCESS:        192 HIT:          0 MISS:        192 MSHR_MERGE:          0
cpu3->cpu3_STLB RFO          ACCESS:          0 HIT:          0 MISS:          0 MSHR_MERGE:          0
cpu3->cpu3_STLB PREFETCH     ACCESS:          0 HIT:          0 MISS:          0 MSHR_MERGE:          0
cpu3->cpu3_STLB WRITE        ACCESS:          0 HIT:          0 MISS:          0 MSHR_MERGE:          0
cpu3->cpu3_STLB TRANSLATION  ACCESS:          0 HIT:          0 MISS:          0 MSHR_MERGE:          0
cpu3->cpu3_STLB PREFETCH REQUESTED:          0 ISSUED:          0 USEFUL:          0 USELESS:          0
cpu3->cpu3_STLB AVERAGE MISS LATENCY: 232.4 cycles
cpu3->cpu3_L2C TOTAL        ACCESS:    8344890 HIT:    2086184 MISS:    6258706 MSHR_MERGE:          0
cpu3->cpu3_L2C LOAD         ACCESS:    4172333 HIT:          0 MISS:    4172333 MSHR_MERGE:          0
cpu3->cpu3_L2C RFO          ACCESS:    2086181 HIT:          0 MISS:    2086181 MSHR_MERGE:          0
cpu3->cpu3_L2C PREFETCH     ACCESS:          0 HIT:          0 MISS:          0 MSHR_MERGE:          0
cpu3->cpu3_L2C WRITE        ACCESS:    2086184 HIT:    2086184 MISS:          0 MSHR_MERGE:          0
cpu3->cpu3_L2C TRANSLATION  ACCESS:        192 HIT:          0 MISS:        192 MSHR_MERGE:          0
cpu3->cpu3_L2C PREFETCH REQUESTED:          0 ISSUED:          0 USEFUL:          0 USELESS:          0
cpu3->cpu3_L2C AVERAGE MISS LATENCY: 347.7 cycles
cpu3->cpu3_L1I TOTAL        ACCESS:   12510818 HIT:   12510818 MISS:          0 MSHR_MERGE:          0
cpu3->cpu3_L1I LOAD         ACCESS:   12510818 HIT:   12510818 MISS:          0 MSHR_MERGE:          0
cpu3->cpu3_L1I RFO          ACCESS:          0 HIT:          0 MISS:          0 MSHR_MERGE:          0
cpu3->cpu3_L1I PREFETCH     ACCESS:          0 HIT:          0 MISS:          0 MSHR_MERGE:          0
cpu3->cpu3_L1I WRITE        ACCESS:          0 HIT:          0 MISS:          0 MSHR_MERGE:          0
cpu3->cpu3_L1I TRANSLATION  ACCESS:          0 HIT:          0 MISS:          0 MSHR_MERGE:          0
cpu3->cpu3_L1I PREFETCH REQUESTED:          0 ISSUED:          0 USEFUL:          0 USELESS:          0
cpu3->cpu3_L1I AVERAGE MISS LATENCY: - cycles
cpu3->cpu3_L1D TOTAL        ACCESS:   36003236 HIT:    2196917 MISS:   33806319 MSHR_MERGE:   27547613
cpu3->cpu3_L1D LOAD         ACCESS:   19313596 HIT:    2196917 MISS:   17116679 MSHR_MERGE:   12944346
cpu3->cpu3_L1D RFO          ACCESS:          0 HIT:          0 MISS:          0 MSHR_MERGE:          0
cpu3->cpu3_L1D PREFETCH     ACCESS:          0 HIT:          0 MISS:          0 MSHR_MERGE:          0
cpu3->cpu3_L1D WRITE        ACCESS:   16689448 HIT:          0 MISS:   16689448 MSHR_MERGE:   14603267
cpu3->cpu3_L1D TRANSLATION  ACCESS:        192 HIT:          0 MISS:        192 MSHR_MERGE:          0
cpu3->cpu3_L1D PREFETCH REQUESTED:          0 ISSUED:          0 USEFUL:          0 USELESS:          0
cpu3->cpu3_L1D AVERAGE MISS LATENCY: 356.7 cycles
cpu3->cpu3_ITLB TOTAL        ACCESS:   12510818 HIT:   12510818 MISS:          0 MSHR_MERGE:          0
cpu3->cpu3_ITLB LOAD         ACCESS:   12510818 HIT:   12510818 MISS:          0 MSHR_MERGE:          0
cpu3->cpu3_ITLB RFO          ACCESS:          0 HIT:          0 MISS:          0 MSHR_MERGE:          0
cpu3->cpu3_ITLB PREFETCH     ACCESS:          0 HIT:          0 MISS:          0 MSHR_MERGE:          0
cpu3->cpu3_ITLB WRITE        ACCESS:          0 HIT:          0 MISS:          0 MSHR_MERGE:          0
cpu3->cpu3_ITLB TRANSLATION  ACCESS:          0 HIT:          0 MISS:          0 MSHR_MERGE:          0
cpu3->cpu3_ITLB PREFETCH REQUESTED:          0 ISSUED:          0 USEFUL:          0 USELESS:          0
cpu3->cpu3_ITLB AVERAGE MISS LATENCY: - cycles
cpu3->cpu3_DTLB TOTAL        ACCESS:   30793678 HIT:   30792332 MISS:       1346 MSHR_MERGE:       1154
cpu3->cpu3_DTLB LOAD         ACCESS:   30793678 HIT:   30792332 MISS:       1346 MSHR_MERGE:       1154
cpu3->cpu3_DTLB RFO          ACCESS:          0 HIT:          0 MISS:          0 MSHR_MERGE:          0
cpu3->cpu3_DTLB PREFETCH     ACCESS:          0 HIT:          0 MISS:          0 MSHR_MERGE:          0
cpu3->cpu3_DTLB WRITE        ACCESS:          0 HIT:          0 MISS:          0 MSHR_MERGE:          0
cpu3->cpu3_DTLB TRANSLATION  ACCESS:          0 HIT:          0 MISS:          0 MSHR_MERGE:          0
cpu3->cpu3_DTLB PREFETCH REQUESTED:          0 ISSUED:          0 USEFUL:          0 USELESS:          0
cpu3->cpu3_DTLB AVERAGE MISS LATENCY: 238.4 cycles
cpu2->cpu2_STLB TOTAL        ACCESS:        192 HIT:          0 MISS:        192 MSHR_MERGE:          0
cpu2->cpu2_STLB LOAD         ACCESS:        192 HIT:          0 MISS:        192 MSHR_MERGE:          0
cpu2->cpu2_STLB RFO          ACCESS:          0 HIT:          0 MISS:          0 MSHR_MERGE:          0
cpu2->cpu2_STLB PREFETCH     ACCESS:          0 HIT:          0 MISS:          0 MSHR_MERGE:          0
cpu2->cpu2_STLB WRITE        ACCESS:          0 HIT:          0 MISS:          0 MSHR_MERGE:          0
cpu2->cpu2_STLB TRANSLATION  ACCESS:          0 HIT:          0 MISS:          0 MSHR_MERGE:          0
cpu2->cpu2_STLB PREFETCH REQUESTED:          0 ISSUED:          0 USEFUL:          0 USELESS:          0
cpu2->cpu2_STLB AVERAGE MISS LATENCY: 232.5 cycles
cpu2->cpu2_L2C TOTAL        ACCESS:    8353407 HIT:    2088313 MISS:    6265094 MSHR_MERGE:          0
cpu2->cpu2_L2C LOAD         ACCESS:    4176591 HIT:          0 MISS:    4176591 MSHR_MERGE:          0
cpu2->cpu2_L2C RFO          ACCESS:    2088311 HIT:          0 MISS:    2088311 MSHR_MERGE:          0
cpu2->cpu2_L2C PREFETCH     ACCESS:          0 HIT:          0 MISS:          0 MSHR_MERGE:          0
cpu2->cpu2_L2C WRITE        ACCESS:    2088313 HIT:    2088313 MISS:          0 MSHR_MERGE:          0
cpu2->cpu2_L2C TRANSLATION  ACCESS:        192 HIT:          0 MISS:        192 MSHR_MERGE:          0
cpu2->cpu2_L2C PREFETCH REQUESTED:          0 ISSUED:          0 USEFUL:          0 USELESS:          0
cpu2->cpu2_L2C AVERAGE MISS LATENCY: 347.1 cycles
cpu2->cpu2_L1I TOTAL        ACCESS:   12524214 HIT:   12524214 MISS:          0 MSHR_MERGE:          0
cpu2->cpu2_L1I LOAD         ACCESS:   12524214 HIT:   12524214 MISS:          0 MSHR_MERGE:          0
cpu2->cpu2_L1I RFO          ACCESS:          0 HIT:          0 MISS:          0 MSHR_MERGE:          0
cpu2->cpu2_L1I PREFETCH     ACCESS:          0 HIT:          0 MISS:          0 MSHR_MERGE:          0
cpu2->cpu2_L1I WRITE        ACCESS:          0 HIT:          0 MISS:          0 MSHR_MERGE:          0
cpu2->cpu2_L1I TRANSLATION  ACCESS:          0 HIT:          0 MISS:          0 MSHR_MERGE:          0
cpu2->cpu2_L1I PREFETCH REQUESTED:          0 ISSUED:          0 USEFUL:          0 USELESS:          0
cpu2->cpu2_L1I AVERAGE MISS LATENCY: - cycles
cpu2->cpu2_L1D TOTAL        ACCESS:   36014487 HIT:    2197379 MISS:   33817108 MSHR_MERGE:   27552014
cpu2->cpu2_L1D LOAD         ACCESS:   19307807 HIT:    2197379 MISS:   17110428 MSHR_MERGE:   12933837
cpu2->cpu2_L1D RFO          ACCESS:          0 HIT:          0 MISS:          0 MSHR_MERGE:          0
cpu2->cpu2_L1D PREFETCH     ACCESS:          0 HIT:          0 MISS:          0 MSHR_MERGE:          0
cpu2->cpu2_L1D WRITE        ACCESS:   16706488 HIT:          0 MISS:   16706488 MSHR_MERGE:   14618177
cpu2->cpu2_L1D TRANSLATION  ACCESS:        192 HIT:          0 MISS:        192 MSHR_MERGE:          0
cpu2->cpu2_L1D PREFETCH REQUESTED:          0 ISSUED:          0 USEFUL:          0 USELESS:          0
cpu2->cpu2_L1D AVERAGE MISS LATENCY: 356.1 cycles
cpu2->cpu2_ITLB TOTAL        ACCESS:   12524213 HIT:   12524213 MISS:          0 MSHR_MERGE:          0
cpu2->cpu2_ITLB LOAD         ACCESS:   12524213 HIT:   12524213 MISS:          0 MSHR_MERGE:          0
cpu2->cpu2_ITLB RFO          ACCESS:          0 HIT:          0 MISS:          0 MSHR_MERGE:          0
cpu2->cpu2_ITLB PREFETCH     ACCESS:          0 HIT:          0 MISS:          0 MSHR_MERGE:          0
cpu2->cpu2_ITLB WRITE        ACCESS:          0 HIT:          0 MISS:          0 MSHR_MERGE:          0
cpu2->cpu2_ITLB TRANSLATION  ACCESS:          0 HIT:          0 MISS:          0 MSHR_MERGE:          0
cpu2->cpu2_ITLB PREFETCH REQUESTED:          0 ISSUED:          0 USEFUL:          0 USELESS:          0
cpu2->cpu2_ITLB AVERAGE MISS LATENCY: - cycles
cpu2->cpu2_DTLB TOTAL        ACCESS:   30800264 HIT:   30798882 MISS:       1382 MSHR_MERGE:       1190
cpu2->cpu2_DTLB LOAD         ACCESS:   30800264 HIT:   30798882 MISS:       1382 MSHR_MERGE:       1190
cpu2->cpu2_DTLB RFO          ACCESS:          0 HIT:          0 MISS:          0 MSHR_MERGE:          0
cpu2->cpu2_DTLB PREFETCH     ACCESS:          0 HIT:          0 MISS:          0 MSHR_MERGE:          0
cpu2->cpu2_DTLB WRITE        ACCESS:          0 HIT:          0 MISS:          0 MSHR_MERGE:          0
cpu2->cpu2_DTLB TRANSLATION  ACCESS:          0 HIT:          0 MISS:          0 MSHR_MERGE:          0
cpu2->cpu2_DTLB PREFETCH REQUESTED:          0 ISSUED:          0 USEFUL:          0 USELESS:          0
cpu2->cpu2_DTLB AVERAGE MISS LATENCY: 238.5 cycles
cpu1->cpu1_STLB TOTAL        ACCESS:        192 HIT:          0 MISS:        192 MSHR_MERGE:          0
cpu1->cpu1_STLB LOAD         ACCESS:        192 HIT:          0 MISS:        192 MSHR_MERGE:          0
cpu1->cpu1_STLB RFO          ACCESS:          0 HIT:          0 MISS:          0 MSHR_MERGE:          0
cpu1->cpu1_STLB PREFETCH     ACCESS:          0 HIT:          0 MISS:          0 MSHR_MERGE:          0
cpu1->cpu1_STLB WRITE        ACCESS:          0 HIT:          0 MISS:          0 MSHR_MERGE:          0
cpu1->cpu1_STLB TRANSLATION  ACCESS:          0 HIT:          0 MISS:          0 MSHR_MERGE:          0
cpu1->cpu1_STLB PREFETCH REQUESTED:          0 ISSUED:          0 USEFUL:          0 USELESS:          0
cpu1->cpu1_STLB AVERAGE MISS LATENCY: 232.6 cycles
cpu1->cpu1_L2C TOTAL        ACCESS:    8337132 HIT:    2084245 MISS:    6252887 MSHR_MERGE:          0
cpu1->cpu1_L2C LOAD         ACCESS:    4168454 HIT:          0 MISS:    4168454 MSHR_MERGE:          0
cpu1->cpu1_L2C RFO          ACCESS:    2084241 HIT:          0 MISS:    2084241 MSHR_MERGE:          0
cpu1->cpu1_L2C PREFETCH     ACCESS:          0 HIT:          0 MISS:          0 MSHR_MERGE:          0
cpu1->cpu1_L2C WRITE        ACCESS:    2084245 HIT:    2084245 MISS:          0 MSHR_MERGE:          0
cpu1->cpu1_L2C TRANSLATION  ACCESS:        192 HIT:          0 MISS:        192 MSHR_MERGE:          0
cpu1->cpu1_L2C PREFETCH REQUESTED:          0 ISSUED:          0 USEFUL:          0 USELESS:          0
cpu1->cpu1_L2C AVERAGE MISS LATENCY: 347.3 cycles
cpu1->cpu1_L1I TOTAL        ACCESS:   12502814 HIT:   12502814 MISS:          0 MSHR_MERGE:          0
cpu1->cpu1_L1I LOAD         ACCESS:   12502814 HIT:   12502814 MISS:          0 MSHR_MERGE:          0
cpu1->cpu1_L1I RFO          ACCESS:          0 HIT:          0 MISS:          0 MSHR_MERGE:          0
cpu1->cpu1_L1I PREFETCH     ACCESS:          0 HIT:          0 MISS:          0 MSHR_MERGE:          0
cpu1->cpu1_L1I WRITE        ACCESS:          0 HIT:          0 MISS:          0 MSHR_MERGE:          0
cpu1->cpu1_L1I TRANSLATION  ACCESS:          0 HIT:          0 MISS:          0 MSHR_MERGE:          0
cpu1->cpu1_L1I PREFETCH REQUESTED:          0 ISSUED:          0 USEFUL:          0 USELESS:          0
cpu1->cpu1_L1I AVERAGE MISS LATENCY: - cycles
cpu1->cpu1_L1D TOTAL        ACCESS:   35933645 HIT:    2188107 MISS:   33745538 MSHR_MERGE:   27492651
cpu1->cpu1_L1D LOAD         ACCESS:   19259525 HIT:    2188107 MISS:   17071418 MSHR_MERGE:   12902964
cpu1->cpu1_L1D RFO          ACCESS:          0 HIT:          0 MISS:          0 MSHR_MERGE:          0
cpu1->cpu1_L1D PREFETCH     ACCESS:          0 HIT:          0 MISS:          0 MSHR_MERGE:          0
cpu1->cpu1_L1D WRITE        ACCESS:   16673928 HIT:          0 MISS:   16673928 MSHR_MERGE:   14589687
cpu1->cpu1_L1D TRANSLATION  ACCESS:        192 HIT:          0 MISS:        192 MSHR_MERGE:          0
cpu1->cpu1_L1D PREFETCH REQUESTED:          0 ISSUED:          0 USEFUL:          0 USELESS:          0
cpu1->cpu1_L1D AVERAGE MISS LATENCY: 356.4 cycles
cpu1->cpu1_ITLB TOTAL        ACCESS:   12502814 HIT:   12502814 MISS:          0 MSHR_MERGE:          0
cpu1->cpu1_ITLB LOAD         ACCESS:   12502814 HIT:   12502814 MISS:          0 MSHR_MERGE:          0
cpu1->cpu1_ITLB RFO          ACCESS:          0 HIT:          0 MISS:          0 MSHR_MERGE:          0
cpu1->cpu1_ITLB PREFETCH     ACCESS:          0 HIT:          0 MISS:          0 MSHR_MERGE:          0
cpu1->cpu1_ITLB WRITE        ACCESS:          0 HIT:          0 MISS:          0 MSHR_MERGE:          0
cpu1->cpu1_ITLB TRANSLATION  ACCESS:          0 HIT:          0 MISS:          0 MSHR_MERGE:          0
cpu1->cpu1_ITLB PREFETCH REQUESTED:          0 ISSUED:          0 USEFUL:          0 USELESS:          0
cpu1->cpu1_ITLB AVERAGE MISS LATENCY: - cycles
cpu1->cpu1_DTLB TOTAL        ACCESS:   30739167 HIT:   30737859 MISS:       1308 MSHR_MERGE:       1116
cpu1->cpu1_DTLB LOAD         ACCESS:   30739167 HIT:   30737859 MISS:       1308 MSHR_MERGE:       1116
cpu1->cpu1_DTLB RFO          ACCESS:          0 HIT:          0 MISS:          0 MSHR_MERGE:          0
cpu1->cpu1_DTLB PREFETCH     ACCESS:          0 HIT:          0 MISS:          0 MSHR_MERGE:          0
cpu1->cpu1_DTLB WRITE        ACCESS:          0 HIT:          0 MISS:          0 MSHR_MERGE:          0
cpu1->cpu1_DTLB TRANSLATION  ACCESS:          0 HIT:          0 MISS:          0 MSHR_MERGE:          0
cpu1->cpu1_DTLB PREFETCH REQUESTED:          0 ISSUED:          0 USEFUL:          0 USELESS:          0
cpu1->cpu1_DTLB AVERAGE MISS LATENCY: 238.6 cycles
cpu0->cpu0_STLB TOTAL        ACCESS:        192 HIT:          0 MISS:        192 MSHR_MERGE:          0
cpu0->cpu0_STLB LOAD         ACCESS:        192 HIT:          0 MISS:        192 MSHR_MERGE:          0
cpu0->cpu0_STLB RFO          ACCESS:          0 HIT:          0 MISS:          0 MSHR_MERGE:          0
cpu0->cpu0_STLB PREFETCH     ACCESS:          0 HIT:          0 MISS:          0 MSHR_MERGE:          0
cpu0->cpu0_STLB WRITE        ACCESS:          0 HIT:          0 MISS:          0 MSHR_MERGE:          0
cpu0->cpu0_STLB TRANSLATION  ACCESS:          0 HIT:          0 MISS:          0 MSHR_MERGE:          0
cpu0->cpu0_STLB PREFETCH REQUESTED:          0 ISSUED:          0 USEFUL:          0 USELESS:          0
cpu0->cpu0_STLB AVERAGE MISS LATENCY: 232.5 cycles
cpu0->cpu0_L2C TOTAL        ACCESS:    8333546 HIT:    2083349 MISS:    6250197 MSHR_MERGE:          0
cpu0->cpu0_L2C LOAD         ACCESS:    4166661 HIT:          0 MISS:    4166661 MSHR_MERGE:          0
cpu0->cpu0_L2C RFO          ACCESS:    2083344 HIT:          0 MISS:    2083344 MSHR_MERGE:          0
cpu0->cpu0_L2C PREFETCH     ACCESS:          0 HIT:          0 MISS:          0 MSHR_MERGE:          0
cpu0->cpu0_L2C WRITE        ACCESS:    2083349 HIT:    2083349 MISS:          0 MSHR_MERGE:          0
cpu0->cpu0_L2C TRANSLATION  ACCESS:        192 HIT:          0 MISS:        192 MSHR_MERGE:          0
cpu0->cpu0_L2C PREFETCH REQUESTED:          0 ISSUED:          0 USEFUL:          0 USELESS:          0
cpu0->cpu0_L2C AVERAGE MISS LATENCY: 348.1 cycles
cpu0->cpu0_L1I TOTAL        ACCESS:   12490379 HIT:   12490379 MISS:          0 MSHR_MERGE:          0
cpu0->cpu0_L1I LOAD         ACCESS:   12490379 HIT:   12490379 MISS:          0 MSHR_MERGE:          0
cpu0->cpu0_L1I RFO          ACCESS:          0 HIT:          0 MISS:          0 MSHR_MERGE:          0
cpu0->cpu0_L1I PREFETCH     ACCESS:          0 HIT:          0 MISS:          0 MSHR_MERGE:          0
cpu0->cpu0_L1I WRITE        ACCESS:          0 HIT:          0 MISS:          0 MSHR_MERGE:          0
cpu0->cpu0_L1I TRANSLATION  ACCESS:          0 HIT:          0 MISS:          0 MSHR_MERGE:          0
cpu0->cpu0_L1I PREFETCH REQUESTED:          0 ISSUED:          0 USEFUL:          0 USELESS:          0
cpu0->cpu0_L1I AVERAGE MISS LATENCY: - cycles
cpu0->cpu0_L1D TOTAL        ACCESS:   35933802 HIT:    2204483 MISS:   33729319 MSHR_MERGE:   27479122
cpu0->cpu0_L1D LOAD         ACCESS:   19266858 HIT:    2204483 MISS:   17062375 MSHR_MERGE:   12895714
cpu0->cpu0_L1D RFO          ACCESS:          0 HIT:          0 MISS:          0 MSHR_MERGE:          0
cpu0->cpu0_L1D PREFETCH     ACCESS:          0 HIT:          0 MISS:          0 MSHR_MERGE:          0
cpu0->cpu0_L1D WRITE        ACCESS:   16666752 HIT:          0 MISS:   16666752 MSHR_MERGE:   14583408
cpu0->cpu0_L1D TRANSLATION  ACCESS:        192 HIT:          0 MISS:        192 MSHR_MERGE:          0
cpu0->cpu0_L1D PREFETCH REQUESTED:          0 ISSUED:          0 USEFUL:          0 USELESS:          0
cpu0->cpu0_L1D AVERAGE MISS LATENCY: 357.2 cycles
cpu0->cpu0_ITLB TOTAL        ACCESS:   12490379 HIT:   12490379 MISS:          0 MSHR_MERGE:          0
cpu0->cpu0_ITLB LOAD         ACCESS:   12490379 HIT:   12490379 MISS:          0 MSHR_MERGE:          0
cpu0->cpu0_ITLB RFO          ACCESS:          0 HIT:          0 MISS:          0 MSHR_MERGE:          0
cpu0->cpu0_ITLB PREFETCH     ACCESS:          0 HIT:          0 MISS:          0 MSHR_MERGE:          0
cpu0->cpu0_ITLB WRITE        ACCESS:          0 HIT:          0 MISS:          0 MSHR_MERGE:          0
cpu0->cpu0_ITLB TRANSLATION  ACCESS:          0 HIT:          0 MISS:          0 MSHR_MERGE:          0
cpu0->cpu0_ITLB PREFETCH REQUESTED:          0 ISSUED:          0 USEFUL:          0 USELESS:          0
cpu0->cpu0_ITLB AVERAGE MISS LATENCY: - cycles
cpu0->cpu0_DTLB TOTAL        ACCESS:   30740025 HIT:   30738604 MISS:       1421 MSHR_MERGE:       1229
cpu0->cpu0_DTLB LOAD         ACCESS:   30740025 HIT:   30738604 MISS:       1421 MSHR_MERGE:       1229
cpu0->cpu0_DTLB RFO          ACCESS:          0 HIT:          0 MISS:          0 MSHR_MERGE:          0
cpu0->cpu0_DTLB PREFETCH     ACCESS:          0 HIT:          0 MISS:          0 MSHR_MERGE:          0
cpu0->cpu0_DTLB WRITE        ACCESS:          0 HIT:          0 MISS:          0 MSHR_MERGE:          0
cpu0->cpu0_DTLB TRANSLATION  ACCESS:          0 HIT:          0 MISS:          0 MSHR_MERGE:          0
cpu0->cpu0_DTLB PREFETCH REQUESTED:          0 ISSUED:          0 USEFUL:          0 USELESS:          0
cpu0->cpu0_DTLB AVERAGE MISS LATENCY: 238.5 cycles
cpu0->LLC TOTAL        ACCESS:    8333545 HIT:    2083512 MISS:    6250033 MSHR_MERGE:          0
cpu0->LLC LOAD         ACCESS:    4166671 HIT:          0 MISS:    4166671 MSHR_MERGE:          0
cpu0->LLC RFO          ACCESS:    2083349 HIT:          0 MISS:    2083349 MSHR_MERGE:          0
cpu0->LLC PREFETCH     ACCESS:          0 HIT:          0 MISS:          0 MSHR_MERGE:          0
cpu0->LLC WRITE        ACCESS:    2083333 HIT:    2083320 MISS:         13 MSHR_MERGE:          0
cpu0->LLC TRANSLATION  ACCESS:        192 HIT:        192 MISS:          0 MSHR_MERGE:          0
cpu0->LLC PREFETCH REQUESTED:          0 ISSUED:          0 USEFUL:          0 USELESS:          0
cpu0->LLC AVERAGE MISS LATENCY: 2655 cycles
cpu1->LLC TOTAL        ACCESS:    8337132 HIT:    2084418 MISS:    6252714 MSHR_MERGE:          0
cpu1->LLC LOAD         ACCESS:    4168464 HIT:          0 MISS:    4168464 MSHR_MERGE:          0
cpu1->LLC RFO          ACCESS:    2084246 HIT:          0 MISS:    2084246 MSHR_MERGE:          0
cpu1->LLC PREFETCH     ACCESS:          0 HIT:          0 MISS:          0 MSHR_MERGE:          0
cpu1->LLC WRITE        ACCESS:    2084230 HIT:    2084226 MISS:          4 MSHR_MERGE:          0
cpu1->LLC TRANSLATION  ACCESS:        192 HIT:        192 MISS:          0 MSHR_MERGE:          0
cpu1->LLC PREFETCH REQUESTED:          0 ISSUED:          0 USEFUL:          0 USELESS:          0
cpu1->LLC AVERAGE MISS LATENCY: 2654 cycles
cpu2->LLC TOTAL        ACCESS:    8353410 HIT:    2088492 MISS:    6264918 MSHR_MERGE:          0
cpu2->LLC LOAD         ACCESS:    4176602 HIT:          0 MISS:    4176602 MSHR_MERGE:          0
cpu2->LLC RFO          ACCESS:    2088316 HIT:          0 MISS:    2088316 MSHR_MERGE:          0
cpu2->LLC PREFETCH     ACCESS:          0 HIT:          0 MISS:          0 MSHR_MERGE:          0
cpu2->LLC WRITE        ACCESS:    2088300 HIT:    2088300 MISS:          0 MSHR_MERGE:          0
cpu2->LLC TRANSLATION  ACCESS:        192 HIT:        192 MISS:          0 MSHR_MERGE:          0
cpu2->LLC PREFETCH REQUESTED:          0 ISSUED:          0 USEFUL:          0 USELESS:          0
cpu2->LLC AVERAGE MISS LATENCY: 2649 cycles
cpu3->LLC TOTAL        ACCESS:    8344892 HIT:    2086362 MISS:    6258530 MSHR_MERGE:          0
cpu3->LLC LOAD         ACCESS:    4172344 HIT:          0 MISS:    4172344 MSHR_MERGE:          0
cpu3->LLC RFO          ACCESS:    2086186 HIT:          0 MISS:    2086186 MSHR_MERGE:          0
cpu3->LLC PREFETCH     ACCESS:          0 HIT:          0 MISS:          0 MSHR_MERGE:          0
cpu3->LLC WRITE        ACCESS:    2086170 HIT:    2086170 MISS:          0 MSHR_MERGE:          0
cpu3->LLC TRANSLATION  ACCESS:        192 HIT:        192 MISS:          0 MSHR_MERGE:          0
cpu3->LLC PREFETCH REQUESTED:          0 ISSUED:          0 USEFUL:          0 USELESS:          0
cpu3->LLC AVERAGE MISS LATENCY: 2652 cycles
cpu4->LLC TOTAL        ACCESS:    8354782 HIT:    2088836 MISS:    6265946 MSHR_MERGE:          0
cpu4->LLC LOAD         ACCESS:    4177288 HIT:          0 MISS:    4177288 MSHR_MERGE:          0
cpu4->LLC RFO          ACCESS:    2088658 HIT:          0 MISS:    2088658 MSHR_MERGE:          0
cpu4->LLC PREFETCH     ACCESS:          0 HIT:          0 MISS:          0 MSHR_MERGE:          0
cpu4->LLC WRITE        ACCESS:    2088644 HIT:    2088644 MISS:          0 MSHR_MERGE:          0
cpu4->LLC TRANSLATION  ACCESS:        192 HIT:        192 MISS:          0 MSHR_MERGE:          0
cpu4->LLC PREFETCH REQUESTED:          0 ISSUED:          0 USEFUL:          0 USELESS:          0
cpu4->LLC AVERAGE MISS LATENCY: 2648 cycles
cpu5->LLC TOTAL        ACCESS:    8350831 HIT:    2087847 MISS:    6262984 MSHR_MERGE:          0
cpu5->LLC LOAD         ACCESS:    4175313 HIT:          0 MISS:    4175313 MSHR_MERGE:          0
cpu5->LLC RFO          ACCESS:    2087671 HIT:          0 MISS:    2087671 MSHR_MERGE:          0
cpu5->LLC PREFETCH     ACCESS:          0 HIT:          0 MISS:          0 MSHR_MERGE:          0
cpu5->LLC WRITE        ACCESS:    2087655 HIT:    2087655 MISS:          0 MSHR_MERGE:          0
cpu5->LLC TRANSLATION  ACCESS:        192 HIT:        192 MISS:          0 MSHR_MERGE:          0
cpu5->LLC PREFETCH REQUESTED:          0 ISSUED:          0 USEFUL:          0 USELESS:          0
cpu5->LLC AVERAGE MISS LATENCY: 2650 cycles
cpu6->LLC TOTAL        ACCESS:    8347840 HIT:    2087099 MISS:    6260741 MSHR_MERGE:          0
cpu6->LLC LOAD         ACCESS:    4173818 HIT:          0 MISS:    4173818 MSHR_MERGE:          0
cpu6->LLC RFO          ACCESS:    2086923 HIT:          0 MISS:    2086923 MSHR_MERGE:          0
cpu6->LLC PREFETCH     ACCESS:          0 HIT:          0 MISS:          0 MSHR_MERGE:          0
cpu6->LLC WRITE        ACCESS:    2086907 HIT:    2086907 MISS:          0 MSHR_MERGE:          0
cpu6->LLC TRANSLATION  ACCESS:        192 HIT:        192 MISS:          0 MSHR_MERGE:          0
cpu6->LLC PREFETCH REQUESTED:          0 ISSUED:          0 USEFUL:          0 USELESS:          0
cpu6->LLC AVERAGE MISS LATENCY: 2651 cycles
cpu7->LLC TOTAL        ACCESS:    8354858 HIT:    2088853 MISS:    6266005 MSHR_MERGE:          0
cpu7->LLC LOAD         ACCESS:    4177327 HIT:          0 MISS:    4177327 MSHR_MERGE:          0
cpu7->LLC RFO          ACCESS:    2088678 HIT:          0 MISS:    2088678 MSHR_MERGE:          0
cpu7->LLC PREFETCH     ACCESS:          0 HIT:          0 MISS:          0 MSHR_MERGE:          0
cpu7->LLC WRITE        ACCESS:    2088661 HIT:    2088661 MISS:          0 MSHR_MERGE:          0
cpu7->LLC TRANSLATION  ACCESS:        192 HIT:        192 MISS:          0 MSHR_MERGE:          0
cpu7->LLC PREFETCH REQUESTED:          0 ISSUED:          0 USEFUL:          0 USELESS:          0
cpu7->LLC AVERAGE MISS LATENCY: 2648 cycles

DRAM Statistics

Channel 0 READ REQS:   25040930	WRITE REQS:    8345311
  READS:   25040921	READ_HITS:          0
  WRITES:    8345303	WRITE HITS:          0
  ACTIVATES:   33386229	PRECHARGES:   33386224
  RQ FULL:          0	WQ FULL:       8931
  WRITE DRAINS:     214993	FORCED:     176754
  MEAN WRITE IMBALANCE: 2.012372495848702
  READ OCCU PRE DRAIN: 10.915280962635993	POST DRAIN: 16.744498658095846
  MEAN BLP: 27.82316633564814	BGLP: 7.982962235979776
  READ LATENCY: 78.72892023420384
  TIME IN WRITE MODE: 36512460608

Channel 1 READ REQS:   25040925	WRITE REQS:    8345447
  READS:   25040910	READ_HITS:          0
  WRITES:    8345445	WRITE HITS:          0
  ACTIVATES:   33386365	PRECHARGES:   33386355
  RQ FULL:        213	WQ FULL:       9248
  WRITE DRAINS:     214141	FORCED:     179821
  MEAN WRITE IMBALANCE: 2.019800038292527
  READ OCCU PRE DRAIN: 11.466678496878226	POST DRAIN: 17.16798277770254
  MEAN BLP: 27.87412499241154	BGLP: 7.986182001578399
  READ LATENCY: 80.79599830836818
  TIME IN WRITE MODE: 36581231232
BARD NON LRU EVICTS: 918174	TOTAL EVICTS: 62320143	EAGER WB: 14224871
---------------------------------------
Begin Slurm Epilog: Apr-10-2025 14:23:28
Job ID:        3743291
User ID:       svittal8
Account:       gts-mqureshi4-rg
Job name:      wrap
Resources:     cpu=1,mem=4G,node=1
Rsrc Used:     cput=11:10:03,vmem=0,walltime=11:10:03,mem=120668K,energy_used=0
Partition:     cpu-small
QOS:           inferno
Nodes:         atl1-1-02-009-1-2
---------------------------------------
