---------------------------------------
Begin Slurm Prolog: Apr-10-2025 03:16:59
Job ID:    3743368
User ID:   svittal8
Account:   gts-mqureshi4-rg
Job name:  wrap
Partition: cpu-small
QOS:       inferno
---------------------------------------
[VMEM] WARNING: physical memory size is smaller than virtual memory size.

*** ChampSim Multicore Out-of-Order Simulator ***
Warmup Instructions: 25000000
Simulation Instructions: 100000000
Number of CPUs: 8
Page size: 2097152

CL :	 16.64 ns
CWL :	 15.808 ns
tRP :	 16.224 ns
tRCD :	 16.224 ns
tRAS :	 32.032000000000004 ns
tRTP :	 7.904 ns
tWR :	 30.368000000000002 ns

tCCD_S :	 3.3280000000000003 ns
tCCD_S_WR :	 3.3280000000000003 ns
tCCD_S_WTR :	 22.048000000000002 ns
tCCD_L :	 5.408 ns
tCCD_L_WR :	 20.384 ns
tCCD_L_WTR :	 29.536 ns
tRRD_S :	 3.3280000000000003 ns
tRRD_L :	 5.408 ns
tFAW :	 13.728 ns
Address mapping (perm = 1) 	ch co bg bg bg ba ba co co co co co co ro ro ro ro ro ro ro ro ro ro ro ro ro ro ro 
dram queue size: R = 64 W = 64 (low:high is 10:53)
Heartbeat CPU 0 instructions: 10000004 cycles: 2569693 heartbeat IPC: 3.892 cumulative IPC: 3.892 (Simulation time: 00 hr 06 min 54 sec)
Heartbeat CPU 1 instructions: 10000004 cycles: 2570647 heartbeat IPC: 3.89 cumulative IPC: 3.89 (Simulation time: 00 hr 06 min 54 sec)
Heartbeat CPU 2 instructions: 10000004 cycles: 2571252 heartbeat IPC: 3.889 cumulative IPC: 3.889 (Simulation time: 00 hr 06 min 54 sec)
Heartbeat CPU 3 instructions: 10000004 cycles: 2571665 heartbeat IPC: 3.889 cumulative IPC: 3.889 (Simulation time: 00 hr 06 min 54 sec)
Heartbeat CPU 4 instructions: 10000004 cycles: 2571938 heartbeat IPC: 3.888 cumulative IPC: 3.888 (Simulation time: 00 hr 06 min 54 sec)
Heartbeat CPU 5 instructions: 10000004 cycles: 2572298 heartbeat IPC: 3.888 cumulative IPC: 3.888 (Simulation time: 00 hr 06 min 54 sec)
Heartbeat CPU 6 instructions: 10000003 cycles: 2572602 heartbeat IPC: 3.887 cumulative IPC: 3.887 (Simulation time: 00 hr 06 min 54 sec)
Heartbeat CPU 7 instructions: 10000004 cycles: 2572850 heartbeat IPC: 3.887 cumulative IPC: 3.887 (Simulation time: 00 hr 06 min 54 sec)
Heartbeat CPU 0 instructions: 20000007 cycles: 5081924 heartbeat IPC: 3.981 cumulative IPC: 3.936 (Simulation time: 00 hr 13 min 13 sec)
Heartbeat CPU 1 instructions: 20000006 cycles: 5089546 heartbeat IPC: 3.97 cumulative IPC: 3.93 (Simulation time: 00 hr 13 min 15 sec)
Heartbeat CPU 2 instructions: 20000006 cycles: 5091158 heartbeat IPC: 3.968 cumulative IPC: 3.928 (Simulation time: 00 hr 13 min 15 sec)
Heartbeat CPU 3 instructions: 20000006 cycles: 5093122 heartbeat IPC: 3.966 cumulative IPC: 3.927 (Simulation time: 00 hr 13 min 15 sec)
Heartbeat CPU 4 instructions: 20000007 cycles: 5093660 heartbeat IPC: 3.966 cumulative IPC: 3.926 (Simulation time: 00 hr 13 min 15 sec)
Heartbeat CPU 5 instructions: 20000006 cycles: 5094867 heartbeat IPC: 3.964 cumulative IPC: 3.926 (Simulation time: 00 hr 13 min 16 sec)
Heartbeat CPU 6 instructions: 20000006 cycles: 5095749 heartbeat IPC: 3.963 cumulative IPC: 3.925 (Simulation time: 00 hr 13 min 16 sec)
Heartbeat CPU 7 instructions: 20000006 cycles: 5096449 heartbeat IPC: 3.963 cumulative IPC: 3.924 (Simulation time: 00 hr 13 min 16 sec)
Warmup finished CPU 0 instructions: 25000001 cycles: 6332907 cumulative IPC: 3.948 (Simulation time: 00 hr 16 min 20 sec)
Warmup finished CPU 1 instructions: 25000000 cycles: 6340623 cumulative IPC: 3.943 (Simulation time: 00 hr 16 min 21 sec)
Warmup finished CPU 2 instructions: 25000003 cycles: 6341848 cumulative IPC: 3.942 (Simulation time: 00 hr 16 min 21 sec)
Warmup finished CPU 3 instructions: 25000000 cycles: 6343713 cumulative IPC: 3.941 (Simulation time: 00 hr 16 min 21 sec)
Warmup finished CPU 4 instructions: 25000001 cycles: 6344307 cumulative IPC: 3.941 (Simulation time: 00 hr 16 min 22 sec)
Warmup finished CPU 5 instructions: 25000000 cycles: 6345407 cumulative IPC: 3.94 (Simulation time: 00 hr 16 min 22 sec)
Warmup finished CPU 6 instructions: 25000003 cycles: 6346248 cumulative IPC: 3.939 (Simulation time: 00 hr 16 min 22 sec)
Warmup finished CPU 7 instructions: 25000003 cycles: 6347029 cumulative IPC: 3.939 (Simulation time: 00 hr 16 min 22 sec)
Warmup complete CPU 7 instructions: 25000003 cycles: 6347029 cumulative IPC: 3.939 (Simulation time: 00 hr 16 min 22 sec)
Warmup complete CPU 6 instructions: 25003127 cycles: 6347029 cumulative IPC: 3.939 (Simulation time: 00 hr 16 min 22 sec)
Warmup complete CPU 5 instructions: 25006488 cycles: 6347029 cumulative IPC: 3.94 (Simulation time: 00 hr 16 min 22 sec)
Warmup complete CPU 4 instructions: 25010889 cycles: 6347029 cumulative IPC: 3.941 (Simulation time: 00 hr 16 min 22 sec)
Warmup complete CPU 3 instructions: 25013264 cycles: 6347029 cumulative IPC: 3.941 (Simulation time: 00 hr 16 min 22 sec)
Warmup complete CPU 2 instructions: 25020727 cycles: 6347029 cumulative IPC: 3.942 (Simulation time: 00 hr 16 min 22 sec)
Warmup complete CPU 1 instructions: 25025624 cycles: 6347029 cumulative IPC: 3.943 (Simulation time: 00 hr 16 min 22 sec)
Warmup complete CPU 0 instructions: 25056489 cycles: 6347029 cumulative IPC: 3.948 (Simulation time: 00 hr 16 min 22 sec)
Heartbeat CPU 0 instructions: 30000010 cycles: 15311793 heartbeat IPC: 0.9775 cumulative IPC: 0.5514 (Simulation time: 00 hr 26 min 56 sec)
Heartbeat CPU 1 instructions: 30000010 cycles: 15364526 heartbeat IPC: 0.9732 cumulative IPC: 0.5516 (Simulation time: 00 hr 26 min 59 sec)
Heartbeat CPU 7 instructions: 30000010 cycles: 15370297 heartbeat IPC: 0.9733 cumulative IPC: 0.5541 (Simulation time: 00 hr 27 min 00 sec)
Heartbeat CPU 3 instructions: 30000010 cycles: 15370821 heartbeat IPC: 0.973 cumulative IPC: 0.5526 (Simulation time: 00 hr 27 min 00 sec)
Heartbeat CPU 6 instructions: 30000010 cycles: 15379458 heartbeat IPC: 0.9724 cumulative IPC: 0.5532 (Simulation time: 00 hr 27 min 01 sec)
Heartbeat CPU 2 instructions: 30000010 cycles: 15386574 heartbeat IPC: 0.9713 cumulative IPC: 0.5508 (Simulation time: 00 hr 27 min 01 sec)
Heartbeat CPU 4 instructions: 30000010 cycles: 15411943 heartbeat IPC: 0.9692 cumulative IPC: 0.5504 (Simulation time: 00 hr 27 min 03 sec)
Heartbeat CPU 5 instructions: 30000010 cycles: 15441138 heartbeat IPC: 0.9665 cumulative IPC: 0.5491 (Simulation time: 00 hr 27 min 05 sec)
Heartbeat CPU 3 instructions: 40000013 cycles: 55193228 heartbeat IPC: 0.2511 cumulative IPC: 0.3068 (Simulation time: 01 hr 08 min 41 sec)
Heartbeat CPU 6 instructions: 40000013 cycles: 55345597 heartbeat IPC: 0.2502 cumulative IPC: 0.3061 (Simulation time: 01 hr 08 min 54 sec)
Heartbeat CPU 7 instructions: 40000013 cycles: 55404254 heartbeat IPC: 0.2498 cumulative IPC: 0.3058 (Simulation time: 01 hr 08 min 59 sec)
Heartbeat CPU 5 instructions: 40000012 cycles: 55407714 heartbeat IPC: 0.2502 cumulative IPC: 0.3056 (Simulation time: 01 hr 08 min 59 sec)
Heartbeat CPU 1 instructions: 40000010 cycles: 55492711 heartbeat IPC: 0.2492 cumulative IPC: 0.3047 (Simulation time: 01 hr 09 min 06 sec)
Heartbeat CPU 4 instructions: 40000011 cycles: 55516710 heartbeat IPC: 0.2493 cumulative IPC: 0.3048 (Simulation time: 01 hr 09 min 09 sec)
Heartbeat CPU 0 instructions: 40000012 cycles: 55721686 heartbeat IPC: 0.2475 cumulative IPC: 0.3027 (Simulation time: 01 hr 09 min 25 sec)
Heartbeat CPU 2 instructions: 40000011 cycles: 56037705 heartbeat IPC: 0.246 cumulative IPC: 0.3015 (Simulation time: 01 hr 09 min 51 sec)
Heartbeat CPU 6 instructions: 50000013 cycles: 78778804 heartbeat IPC: 0.4267 cumulative IPC: 0.3451 (Simulation time: 01 hr 35 min 14 sec)
Heartbeat CPU 3 instructions: 50000013 cycles: 78782939 heartbeat IPC: 0.4239 cumulative IPC: 0.3449 (Simulation time: 01 hr 35 min 14 sec)
Heartbeat CPU 7 instructions: 50000013 cycles: 78787639 heartbeat IPC: 0.4277 cumulative IPC: 0.3451 (Simulation time: 01 hr 35 min 14 sec)
Heartbeat CPU 5 instructions: 50000012 cycles: 78828859 heartbeat IPC: 0.427 cumulative IPC: 0.3448 (Simulation time: 01 hr 35 min 17 sec)
Heartbeat CPU 0 instructions: 50000012 cycles: 79052038 heartbeat IPC: 0.4286 cumulative IPC: 0.3431 (Simulation time: 01 hr 35 min 32 sec)
Heartbeat CPU 1 instructions: 50000012 cycles: 79424038 heartbeat IPC: 0.4179 cumulative IPC: 0.3418 (Simulation time: 01 hr 35 min 58 sec)
Heartbeat CPU 4 instructions: 50000012 cycles: 79648918 heartbeat IPC: 0.4144 cumulative IPC: 0.3409 (Simulation time: 01 hr 36 min 13 sec)
Heartbeat CPU 2 instructions: 50000012 cycles: 79735171 heartbeat IPC: 0.422 cumulative IPC: 0.3404 (Simulation time: 01 hr 36 min 19 sec)
Heartbeat CPU 3 instructions: 60000017 cycles: 100544615 heartbeat IPC: 0.4595 cumulative IPC: 0.3714 (Simulation time: 02 hr 00 min 50 sec)
Heartbeat CPU 7 instructions: 60000017 cycles: 100630533 heartbeat IPC: 0.4578 cumulative IPC: 0.3712 (Simulation time: 02 hr 00 min 56 sec)
Heartbeat CPU 6 instructions: 60000017 cycles: 100646303 heartbeat IPC: 0.4573 cumulative IPC: 0.3711 (Simulation time: 02 hr 00 min 57 sec)
Heartbeat CPU 5 instructions: 60000012 cycles: 100709566 heartbeat IPC: 0.457 cumulative IPC: 0.3708 (Simulation time: 02 hr 01 min 02 sec)
Heartbeat CPU 0 instructions: 60000012 cycles: 100919549 heartbeat IPC: 0.4573 cumulative IPC: 0.3695 (Simulation time: 02 hr 01 min 17 sec)
Heartbeat CPU 2 instructions: 60000012 cycles: 101507318 heartbeat IPC: 0.4593 cumulative IPC: 0.3676 (Simulation time: 02 hr 01 min 58 sec)
Heartbeat CPU 1 instructions: 60000012 cycles: 101710913 heartbeat IPC: 0.4487 cumulative IPC: 0.3667 (Simulation time: 02 hr 02 min 12 sec)
Heartbeat CPU 4 instructions: 60000012 cycles: 101875601 heartbeat IPC: 0.4499 cumulative IPC: 0.3663 (Simulation time: 02 hr 02 min 24 sec)
Heartbeat CPU 3 instructions: 70000020 cycles: 132492402 heartbeat IPC: 0.313 cumulative IPC: 0.3566 (Simulation time: 02 hr 35 min 27 sec)
Heartbeat CPU 6 instructions: 70000021 cycles: 133089365 heartbeat IPC: 0.3082 cumulative IPC: 0.355 (Simulation time: 02 hr 36 min 06 sec)
Heartbeat CPU 7 instructions: 70000020 cycles: 133421522 heartbeat IPC: 0.305 cumulative IPC: 0.3541 (Simulation time: 02 hr 36 min 28 sec)
Heartbeat CPU 0 instructions: 70000016 cycles: 133486710 heartbeat IPC: 0.3071 cumulative IPC: 0.3535 (Simulation time: 02 hr 36 min 32 sec)
Heartbeat CPU 5 instructions: 70000016 cycles: 133657382 heartbeat IPC: 0.3035 cumulative IPC: 0.3534 (Simulation time: 02 hr 36 min 43 sec)
Heartbeat CPU 2 instructions: 70000016 cycles: 134299704 heartbeat IPC: 0.3049 cumulative IPC: 0.3515 (Simulation time: 02 hr 37 min 25 sec)
Heartbeat CPU 1 instructions: 70000016 cycles: 134423553 heartbeat IPC: 0.3057 cumulative IPC: 0.3512 (Simulation time: 02 hr 37 min 33 sec)
Heartbeat CPU 4 instructions: 70000016 cycles: 134849400 heartbeat IPC: 0.3033 cumulative IPC: 0.3501 (Simulation time: 02 hr 38 min 00 sec)
Heartbeat CPU 3 instructions: 80000020 cycles: 155263489 heartbeat IPC: 0.4392 cumulative IPC: 0.3692 (Simulation time: 03 hr 01 min 08 sec)
Heartbeat CPU 6 instructions: 80000021 cycles: 155891721 heartbeat IPC: 0.4386 cumulative IPC: 0.3678 (Simulation time: 03 hr 01 min 57 sec)
Heartbeat CPU 0 instructions: 80000016 cycles: 156023952 heartbeat IPC: 0.4437 cumulative IPC: 0.3671 (Simulation time: 03 hr 02 min 08 sec)
Heartbeat CPU 7 instructions: 80000021 cycles: 156076652 heartbeat IPC: 0.4414 cumulative IPC: 0.3673 (Simulation time: 03 hr 02 min 12 sec)
Heartbeat CPU 5 instructions: 80000017 cycles: 156224271 heartbeat IPC: 0.4431 cumulative IPC: 0.3669 (Simulation time: 03 hr 02 min 24 sec)
Heartbeat CPU 2 instructions: 80000017 cycles: 156988242 heartbeat IPC: 0.4408 cumulative IPC: 0.365 (Simulation time: 03 hr 03 min 27 sec)
Heartbeat CPU 1 instructions: 80000017 cycles: 157380353 heartbeat IPC: 0.4356 cumulative IPC: 0.364 (Simulation time: 03 hr 03 min 59 sec)
Heartbeat CPU 4 instructions: 80000017 cycles: 157978883 heartbeat IPC: 0.4323 cumulative IPC: 0.3626 (Simulation time: 03 hr 04 min 48 sec)
Heartbeat CPU 3 instructions: 90000020 cycles: 177384488 heartbeat IPC: 0.4521 cumulative IPC: 0.38 (Simulation time: 03 hr 27 min 15 sec)
Heartbeat CPU 6 instructions: 90000025 cycles: 178033323 heartbeat IPC: 0.4516 cumulative IPC: 0.3786 (Simulation time: 03 hr 28 min 01 sec)
Heartbeat CPU 0 instructions: 90000020 cycles: 178123962 heartbeat IPC: 0.4525 cumulative IPC: 0.3781 (Simulation time: 03 hr 28 min 07 sec)
Heartbeat CPU 7 instructions: 90000025 cycles: 178156912 heartbeat IPC: 0.4529 cumulative IPC: 0.3783 (Simulation time: 03 hr 28 min 10 sec)
Heartbeat CPU 5 instructions: 90000020 cycles: 178290709 heartbeat IPC: 0.4532 cumulative IPC: 0.378 (Simulation time: 03 hr 28 min 19 sec)
Heartbeat CPU 2 instructions: 90000020 cycles: 179019919 heartbeat IPC: 0.4539 cumulative IPC: 0.3763 (Simulation time: 03 hr 29 min 11 sec)
Heartbeat CPU 1 instructions: 90000020 cycles: 179794188 heartbeat IPC: 0.4462 cumulative IPC: 0.3746 (Simulation time: 03 hr 30 min 05 sec)
Heartbeat CPU 4 instructions: 90000020 cycles: 180151948 heartbeat IPC: 0.451 cumulative IPC: 0.3739 (Simulation time: 03 hr 30 min 30 sec)
Heartbeat CPU 3 instructions: 100000021 cycles: 218583007 heartbeat IPC: 0.2427 cumulative IPC: 0.3533 (Simulation time: 04 hr 10 min 19 sec)
Heartbeat CPU 6 instructions: 100000025 cycles: 220244616 heartbeat IPC: 0.2369 cumulative IPC: 0.3506 (Simulation time: 04 hr 12 min 02 sec)
Heartbeat CPU 0 instructions: 100000021 cycles: 220486557 heartbeat IPC: 0.2361 cumulative IPC: 0.35 (Simulation time: 04 hr 12 min 17 sec)
Heartbeat CPU 7 instructions: 100000025 cycles: 221024864 heartbeat IPC: 0.2333 cumulative IPC: 0.3494 (Simulation time: 04 hr 12 min 50 sec)
Heartbeat CPU 5 instructions: 100000021 cycles: 221793254 heartbeat IPC: 0.2299 cumulative IPC: 0.3481 (Simulation time: 04 hr 13 min 43 sec)
Heartbeat CPU 2 instructions: 100000021 cycles: 222192416 heartbeat IPC: 0.2316 cumulative IPC: 0.3474 (Simulation time: 04 hr 14 min 10 sec)
Heartbeat CPU 1 instructions: 100000021 cycles: 223909082 heartbeat IPC: 0.2267 cumulative IPC: 0.3446 (Simulation time: 04 hr 16 min 23 sec)
Heartbeat CPU 4 instructions: 100000021 cycles: 225247329 heartbeat IPC: 0.2218 cumulative IPC: 0.3426 (Simulation time: 04 hr 18 min 10 sec)
Heartbeat CPU 3 instructions: 110000024 cycles: 230731527 heartbeat IPC: 0.8231 cumulative IPC: 0.3788 (Simulation time: 04 hr 26 min 03 sec)
Heartbeat CPU 6 instructions: 110000025 cycles: 231012247 heartbeat IPC: 0.9287 cumulative IPC: 0.3783 (Simulation time: 04 hr 26 min 29 sec)
Heartbeat CPU 0 instructions: 110000024 cycles: 231057381 heartbeat IPC: 0.946 cumulative IPC: 0.378 (Simulation time: 04 hr 26 min 34 sec)
Heartbeat CPU 7 instructions: 110000025 cycles: 231075280 heartbeat IPC: 0.995 cumulative IPC: 0.3782 (Simulation time: 04 hr 26 min 35 sec)
Heartbeat CPU 5 instructions: 110000024 cycles: 231478543 heartbeat IPC: 1.032 cumulative IPC: 0.3775 (Simulation time: 04 hr 27 min 13 sec)
Heartbeat CPU 2 instructions: 110000024 cycles: 231620974 heartbeat IPC: 1.061 cumulative IPC: 0.3772 (Simulation time: 04 hr 27 min 26 sec)
Heartbeat CPU 1 instructions: 110000024 cycles: 232761537 heartbeat IPC: 1.13 cumulative IPC: 0.3753 (Simulation time: 04 hr 29 min 10 sec)
Heartbeat CPU 4 instructions: 110000024 cycles: 233224178 heartbeat IPC: 1.254 cumulative IPC: 0.3746 (Simulation time: 04 hr 29 min 50 sec)
Heartbeat CPU 3 instructions: 120000026 cycles: 244524311 heartbeat IPC: 0.725 cumulative IPC: 0.3988 (Simulation time: 04 hr 43 min 45 sec)
Heartbeat CPU 7 instructions: 120000026 cycles: 244852035 heartbeat IPC: 0.7259 cumulative IPC: 0.3983 (Simulation time: 04 hr 44 min 11 sec)
Heartbeat CPU 0 instructions: 120000026 cycles: 244872048 heartbeat IPC: 0.7239 cumulative IPC: 0.398 (Simulation time: 04 hr 44 min 13 sec)
Heartbeat CPU 6 instructions: 120000026 cycles: 244879662 heartbeat IPC: 0.7211 cumulative IPC: 0.3983 (Simulation time: 04 hr 44 min 13 sec)
Heartbeat CPU 5 instructions: 120000026 cycles: 245235774 heartbeat IPC: 0.7269 cumulative IPC: 0.3976 (Simulation time: 04 hr 44 min 41 sec)
Heartbeat CPU 2 instructions: 120000026 cycles: 245814704 heartbeat IPC: 0.7045 cumulative IPC: 0.3966 (Simulation time: 04 hr 45 min 25 sec)
Heartbeat CPU 1 instructions: 120000026 cycles: 248740594 heartbeat IPC: 0.6258 cumulative IPC: 0.3918 (Simulation time: 04 hr 49 min 12 sec)
Heartbeat CPU 4 instructions: 120000026 cycles: 249806092 heartbeat IPC: 0.6031 cumulative IPC: 0.3902 (Simulation time: 04 hr 50 min 42 sec)
Simulation finished CPU 3 instructions: 100000000 cycles: 244526254 cumulative IPC: 0.409 (Simulation time: 04 hr 52 min 10 sec)
Simulation finished CPU 7 instructions: 100000002 cycles: 244775483 cumulative IPC: 0.4085 (Simulation time: 04 hr 52 min 30 sec)
Simulation finished CPU 6 instructions: 100000002 cycles: 244838174 cumulative IPC: 0.4084 (Simulation time: 04 hr 52 min 35 sec)
Simulation finished CPU 5 instructions: 100000003 cycles: 244865426 cumulative IPC: 0.4084 (Simulation time: 04 hr 52 min 38 sec)
Simulation finished CPU 0 instructions: 100000003 cycles: 244891095 cumulative IPC: 0.4083 (Simulation time: 04 hr 52 min 40 sec)
Simulation finished CPU 2 instructions: 100000000 cycles: 245605870 cumulative IPC: 0.4072 (Simulation time: 04 hr 53 min 37 sec)
Simulation finished CPU 1 instructions: 100000000 cycles: 247444012 cumulative IPC: 0.4041 (Simulation time: 04 hr 56 min 09 sec)
Simulation finished CPU 4 instructions: 100000003 cycles: 248346006 cumulative IPC: 0.4027 (Simulation time: 04 hr 57 min 22 sec)
Simulation complete CPU 7 instructions: 103383726 cycles: 248346006 cumulative IPC: 0.4163 (Simulation time: 04 hr 57 min 22 sec)
Simulation complete CPU 6 instructions: 103529909 cycles: 248346006 cumulative IPC: 0.4169 (Simulation time: 04 hr 57 min 22 sec)
Simulation complete CPU 5 instructions: 103235540 cycles: 248346006 cumulative IPC: 0.4157 (Simulation time: 04 hr 57 min 22 sec)
Simulation complete CPU 4 instructions: 100000003 cycles: 248346006 cumulative IPC: 0.4027 (Simulation time: 04 hr 57 min 22 sec)
Simulation complete CPU 3 instructions: 103588388 cycles: 248346006 cumulative IPC: 0.4171 (Simulation time: 04 hr 57 min 22 sec)
Simulation complete CPU 2 instructions: 102808952 cycles: 248346006 cumulative IPC: 0.414 (Simulation time: 04 hr 57 min 22 sec)
Simulation complete CPU 1 instructions: 100879776 cycles: 248346006 cumulative IPC: 0.4062 (Simulation time: 04 hr 57 min 22 sec)
Simulation complete CPU 0 instructions: 103119384 cycles: 248346006 cumulative IPC: 0.4152 (Simulation time: 04 hr 57 min 22 sec)

ChampSim completed all CPUs

=== Simulation ===
CPU 0 runs TRACES/ctf/spec2017/621.wrf_s-6673B.champsimtrace.xz
CPU 1 runs TRACES/ctf/spec2017/621.wrf_s-6673B.champsimtrace.xz
CPU 2 runs TRACES/ctf/spec2017/621.wrf_s-6673B.champsimtrace.xz
CPU 3 runs TRACES/ctf/spec2017/621.wrf_s-6673B.champsimtrace.xz
CPU 4 runs TRACES/ctf/spec2017/621.wrf_s-6673B.champsimtrace.xz
CPU 5 runs TRACES/ctf/spec2017/621.wrf_s-6673B.champsimtrace.xz
CPU 6 runs TRACES/ctf/spec2017/621.wrf_s-6673B.champsimtrace.xz
CPU 7 runs TRACES/ctf/spec2017/621.wrf_s-6673B.champsimtrace.xz

Total Simulation Statistics (not including warmup)

CPU 7 cumulative IPC: 0.4163 instructions: 103383726 cycles: 248346006
CPU 7 Branch Prediction Accuracy: 100% MPKI: 0 Average ROB Occupancy at Mispredict: -
Branch type MPKI
BRANCH_DIRECT_JUMP: 0
BRANCH_INDIRECT: 0
BRANCH_CONDITIONAL: 0
BRANCH_DIRECT_CALL: 0
BRANCH_INDIRECT_CALL: 0
BRANCH_RETURN: 0


CPU 6 cumulative IPC: 0.4169 instructions: 103529909 cycles: 248346006
CPU 6 Branch Prediction Accuracy: 100% MPKI: 0 Average ROB Occupancy at Mispredict: -
Branch type MPKI
BRANCH_DIRECT_JUMP: 0
BRANCH_INDIRECT: 0
BRANCH_CONDITIONAL: 0
BRANCH_DIRECT_CALL: 0
BRANCH_INDIRECT_CALL: 0
BRANCH_RETURN: 0


CPU 5 cumulative IPC: 0.4157 instructions: 103235540 cycles: 248346006
CPU 5 Branch Prediction Accuracy: 100% MPKI: 0 Average ROB Occupancy at Mispredict: -
Branch type MPKI
BRANCH_DIRECT_JUMP: 0
BRANCH_INDIRECT: 0
BRANCH_CONDITIONAL: 0
BRANCH_DIRECT_CALL: 0
BRANCH_INDIRECT_CALL: 0
BRANCH_RETURN: 0


CPU 4 cumulative IPC: 0.4027 instructions: 100000003 cycles: 248346006
CPU 4 Branch Prediction Accuracy: 100% MPKI: 0 Average ROB Occupancy at Mispredict: -
Branch type MPKI
BRANCH_DIRECT_JUMP: 0
BRANCH_INDIRECT: 0
BRANCH_CONDITIONAL: 0
BRANCH_DIRECT_CALL: 0
BRANCH_INDIRECT_CALL: 0
BRANCH_RETURN: 0


CPU 3 cumulative IPC: 0.4171 instructions: 103588388 cycles: 248346006
CPU 3 Branch Prediction Accuracy: 100% MPKI: 0 Average ROB Occupancy at Mispredict: -
Branch type MPKI
BRANCH_DIRECT_JUMP: 0
BRANCH_INDIRECT: 0
BRANCH_CONDITIONAL: 0
BRANCH_DIRECT_CALL: 0
BRANCH_INDIRECT_CALL: 0
BRANCH_RETURN: 0


CPU 2 cumulative IPC: 0.414 instructions: 102808952 cycles: 248346006
CPU 2 Branch Prediction Accuracy: 100% MPKI: 0 Average ROB Occupancy at Mispredict: -
Branch type MPKI
BRANCH_DIRECT_JUMP: 0
BRANCH_INDIRECT: 0
BRANCH_CONDITIONAL: 0
BRANCH_DIRECT_CALL: 0
BRANCH_INDIRECT_CALL: 0
BRANCH_RETURN: 0


CPU 1 cumulative IPC: 0.4062 instructions: 100879776 cycles: 248346006
CPU 1 Branch Prediction Accuracy: 100% MPKI: 0 Average ROB Occupancy at Mispredict: -
Branch type MPKI
BRANCH_DIRECT_JUMP: 0
BRANCH_INDIRECT: 0
BRANCH_CONDITIONAL: 0
BRANCH_DIRECT_CALL: 0
BRANCH_INDIRECT_CALL: 0
BRANCH_RETURN: 0


CPU 0 cumulative IPC: 0.4152 instructions: 103119384 cycles: 248346006
CPU 0 Branch Prediction Accuracy: 100% MPKI: 0 Average ROB Occupancy at Mispredict: -
Branch type MPKI
BRANCH_DIRECT_JUMP: 0
BRANCH_INDIRECT: 0
BRANCH_CONDITIONAL: 0
BRANCH_DIRECT_CALL: 0
BRANCH_INDIRECT_CALL: 0
BRANCH_RETURN: 0

cpu7->cpu7_STLB TOTAL        ACCESS:         27 HIT:          4 MISS:         23 MSHR_MERGE:          0
cpu7->cpu7_STLB LOAD         ACCESS:         27 HIT:          4 MISS:         23 MSHR_MERGE:          0
cpu7->cpu7_STLB RFO          ACCESS:          0 HIT:          0 MISS:          0 MSHR_MERGE:          0
cpu7->cpu7_STLB PREFETCH     ACCESS:          0 HIT:          0 MISS:          0 MSHR_MERGE:          0
cpu7->cpu7_STLB WRITE        ACCESS:          0 HIT:          0 MISS:          0 MSHR_MERGE:          0
cpu7->cpu7_STLB TRANSLATION  ACCESS:          0 HIT:          0 MISS:          0 MSHR_MERGE:          0
cpu7->cpu7_STLB PREFETCH REQUESTED:          0 ISSUED:          0 USEFUL:          0 USELESS:          0
cpu7->cpu7_STLB AVERAGE MISS LATENCY: 237.6 cycles
cpu7->cpu7_L2C TOTAL        ACCESS:    3769116 HIT:    1696467 MISS:    2072649 MSHR_MERGE:          0
cpu7->cpu7_L2C LOAD         ACCESS:    2275695 HIT:     528331 MISS:    1747364 MSHR_MERGE:          0
cpu7->cpu7_L2C RFO          ACCESS:     451844 HIT:     127209 MISS:     324635 MSHR_MERGE:          0
cpu7->cpu7_L2C PREFETCH     ACCESS:          0 HIT:          0 MISS:          0 MSHR_MERGE:          0
cpu7->cpu7_L2C WRITE        ACCESS:    1041555 HIT:    1040927 MISS:        628 MSHR_MERGE:          0
cpu7->cpu7_L2C TRANSLATION  ACCESS:         22 HIT:          0 MISS:         22 MSHR_MERGE:          0
cpu7->cpu7_L2C PREFETCH REQUESTED:          0 ISSUED:          0 USEFUL:          0 USELESS:          0
cpu7->cpu7_L2C AVERAGE MISS LATENCY: 330.8 cycles
cpu7->cpu7_L1I TOTAL        ACCESS:   20056810 HIT:   20046937 MISS:       9873 MSHR_MERGE:       5375
cpu7->cpu7_L1I LOAD         ACCESS:   20056810 HIT:   20046937 MISS:       9873 MSHR_MERGE:       5375
cpu7->cpu7_L1I RFO          ACCESS:          0 HIT:          0 MISS:          0 MSHR_MERGE:          0
cpu7->cpu7_L1I PREFETCH     ACCESS:          0 HIT:          0 MISS:          0 MSHR_MERGE:          0
cpu7->cpu7_L1I WRITE        ACCESS:          0 HIT:          0 MISS:          0 MSHR_MERGE:          0
cpu7->cpu7_L1I TRANSLATION  ACCESS:          0 HIT:          0 MISS:          0 MSHR_MERGE:          0
cpu7->cpu7_L1I PREFETCH REQUESTED:          0 ISSUED:          0 USEFUL:          0 USELESS:          0
cpu7->cpu7_L1I AVERAGE MISS LATENCY: 434.3 cycles
cpu7->cpu7_L1D TOTAL        ACCESS:   32026879 HIT:   25811138 MISS:    6215741 MSHR_MERGE:    3492666
cpu7->cpu7_L1D LOAD         ACCESS:   25512139 HIT:   21174716 MISS:    4337423 MSHR_MERGE:    2066226
cpu7->cpu7_L1D RFO          ACCESS:          0 HIT:          0 MISS:          0 MSHR_MERGE:          0
cpu7->cpu7_L1D PREFETCH     ACCESS:          0 HIT:          0 MISS:          0 MSHR_MERGE:          0
cpu7->cpu7_L1D WRITE        ACCESS:    6514717 HIT:    4636421 MISS:    1878296 MSHR_MERGE:    1426440
cpu7->cpu7_L1D TRANSLATION  ACCESS:         23 HIT:          1 MISS:         22 MSHR_MERGE:          0
cpu7->cpu7_L1D PREFETCH REQUESTED:          0 ISSUED:          0 USEFUL:          0 USELESS:          0
cpu7->cpu7_L1D AVERAGE MISS LATENCY: 259.9 cycles
cpu7->cpu7_ITLB TOTAL        ACCESS:   17332164 HIT:   17332154 MISS:         10 MSHR_MERGE:          7
cpu7->cpu7_ITLB LOAD         ACCESS:   17332164 HIT:   17332154 MISS:         10 MSHR_MERGE:          7
cpu7->cpu7_ITLB RFO          ACCESS:          0 HIT:          0 MISS:          0 MSHR_MERGE:          0
cpu7->cpu7_ITLB PREFETCH     ACCESS:          0 HIT:          0 MISS:          0 MSHR_MERGE:          0
cpu7->cpu7_ITLB WRITE        ACCESS:          0 HIT:          0 MISS:          0 MSHR_MERGE:          0
cpu7->cpu7_ITLB TRANSLATION  ACCESS:          0 HIT:          0 MISS:          0 MSHR_MERGE:          0
cpu7->cpu7_ITLB PREFETCH REQUESTED:          0 ISSUED:          0 USEFUL:          0 USELESS:          0
cpu7->cpu7_ITLB AVERAGE MISS LATENCY: 280.3 cycles
cpu7->cpu7_DTLB TOTAL        ACCESS:   30148409 HIT:   30148269 MISS:        140 MSHR_MERGE:        116
cpu7->cpu7_DTLB LOAD         ACCESS:   30148409 HIT:   30148269 MISS:        140 MSHR_MERGE:        116
cpu7->cpu7_DTLB RFO          ACCESS:          0 HIT:          0 MISS:          0 MSHR_MERGE:          0
cpu7->cpu7_DTLB PREFETCH     ACCESS:          0 HIT:          0 MISS:          0 MSHR_MERGE:          0
cpu7->cpu7_DTLB WRITE        ACCESS:          0 HIT:          0 MISS:          0 MSHR_MERGE:          0
cpu7->cpu7_DTLB TRANSLATION  ACCESS:          0 HIT:          0 MISS:          0 MSHR_MERGE:          0
cpu7->cpu7_DTLB PREFETCH REQUESTED:          0 ISSUED:          0 USEFUL:          0 USELESS:          0
cpu7->cpu7_DTLB AVERAGE MISS LATENCY: 199.2 cycles
cpu6->cpu6_STLB TOTAL        ACCESS:         27 HIT:          4 MISS:         23 MSHR_MERGE:          0
cpu6->cpu6_STLB LOAD         ACCESS:         27 HIT:          4 MISS:         23 MSHR_MERGE:          0
cpu6->cpu6_STLB RFO          ACCESS:          0 HIT:          0 MISS:          0 MSHR_MERGE:          0
cpu6->cpu6_STLB PREFETCH     ACCESS:          0 HIT:          0 MISS:          0 MSHR_MERGE:          0
cpu6->cpu6_STLB WRITE        ACCESS:          0 HIT:          0 MISS:          0 MSHR_MERGE:          0
cpu6->cpu6_STLB TRANSLATION  ACCESS:          0 HIT:          0 MISS:          0 MSHR_MERGE:          0
cpu6->cpu6_STLB PREFETCH REQUESTED:          0 ISSUED:          0 USEFUL:          0 USELESS:          0
cpu6->cpu6_STLB AVERAGE MISS LATENCY: 340.1 cycles
cpu6->cpu6_L2C TOTAL        ACCESS:    3770211 HIT:    1696681 MISS:    2073530 MSHR_MERGE:          0
cpu6->cpu6_L2C LOAD         ACCESS:    2276539 HIT:     528289 MISS:    1748250 MSHR_MERGE:          0
cpu6->cpu6_L2C RFO          ACCESS:     451853 HIT:     127223 MISS:     324630 MSHR_MERGE:          0
cpu6->cpu6_L2C PREFETCH     ACCESS:          0 HIT:          0 MISS:          0 MSHR_MERGE:          0
cpu6->cpu6_L2C WRITE        ACCESS:    1041797 HIT:    1041169 MISS:        628 MSHR_MERGE:          0
cpu6->cpu6_L2C TRANSLATION  ACCESS:         22 HIT:          0 MISS:         22 MSHR_MERGE:          0
cpu6->cpu6_L2C PREFETCH REQUESTED:          0 ISSUED:          0 USEFUL:          0 USELESS:          0
cpu6->cpu6_L2C AVERAGE MISS LATENCY: 328.7 cycles
cpu6->cpu6_L1I TOTAL        ACCESS:   20076236 HIT:   20066438 MISS:       9798 MSHR_MERGE:       5300
cpu6->cpu6_L1I LOAD         ACCESS:   20076236 HIT:   20066438 MISS:       9798 MSHR_MERGE:       5300
cpu6->cpu6_L1I RFO          ACCESS:          0 HIT:          0 MISS:          0 MSHR_MERGE:          0
cpu6->cpu6_L1I PREFETCH     ACCESS:          0 HIT:          0 MISS:          0 MSHR_MERGE:          0
cpu6->cpu6_L1I WRITE        ACCESS:          0 HIT:          0 MISS:          0 MSHR_MERGE:          0
cpu6->cpu6_L1I TRANSLATION  ACCESS:          0 HIT:          0 MISS:          0 MSHR_MERGE:          0
cpu6->cpu6_L1I PREFETCH REQUESTED:          0 ISSUED:          0 USEFUL:          0 USELESS:          0
cpu6->cpu6_L1I AVERAGE MISS LATENCY: 446.8 cycles
cpu6->cpu6_L1D TOTAL        ACCESS:   32075372 HIT:   25866838 MISS:    6208534 MSHR_MERGE:    3484601
cpu6->cpu6_L1D LOAD         ACCESS:   25555634 HIT:   21219123 MISS:    4336511 MSHR_MERGE:    2064468
cpu6->cpu6_L1D RFO          ACCESS:          0 HIT:          0 MISS:          0 MSHR_MERGE:          0
cpu6->cpu6_L1D PREFETCH     ACCESS:          0 HIT:          0 MISS:          0 MSHR_MERGE:          0
cpu6->cpu6_L1D WRITE        ACCESS:    6519715 HIT:    4647714 MISS:    1872001 MSHR_MERGE:    1420133
cpu6->cpu6_L1D TRANSLATION  ACCESS:         23 HIT:          1 MISS:         22 MSHR_MERGE:          0
cpu6->cpu6_L1D PREFETCH REQUESTED:          0 ISSUED:          0 USEFUL:          0 USELESS:          0
cpu6->cpu6_L1D AVERAGE MISS LATENCY: 258.3 cycles
cpu6->cpu6_ITLB TOTAL        ACCESS:   17353441 HIT:   17353432 MISS:          9 MSHR_MERGE:          6
cpu6->cpu6_ITLB LOAD         ACCESS:   17353441 HIT:   17353432 MISS:          9 MSHR_MERGE:          6
cpu6->cpu6_ITLB RFO          ACCESS:          0 HIT:          0 MISS:          0 MSHR_MERGE:          0
cpu6->cpu6_ITLB PREFETCH     ACCESS:          0 HIT:          0 MISS:          0 MSHR_MERGE:          0
cpu6->cpu6_ITLB WRITE        ACCESS:          0 HIT:          0 MISS:          0 MSHR_MERGE:          0
cpu6->cpu6_ITLB TRANSLATION  ACCESS:          0 HIT:          0 MISS:          0 MSHR_MERGE:          0
cpu6->cpu6_ITLB PREFETCH REQUESTED:          0 ISSUED:          0 USEFUL:          0 USELESS:          0
cpu6->cpu6_ITLB AVERAGE MISS LATENCY: 643.3 cycles
cpu6->cpu6_DTLB TOTAL        ACCESS:   30218467 HIT:   30218329 MISS:        138 MSHR_MERGE:        114
cpu6->cpu6_DTLB LOAD         ACCESS:   30218467 HIT:   30218329 MISS:        138 MSHR_MERGE:        114
cpu6->cpu6_DTLB RFO          ACCESS:          0 HIT:          0 MISS:          0 MSHR_MERGE:          0
cpu6->cpu6_DTLB PREFETCH     ACCESS:          0 HIT:          0 MISS:          0 MSHR_MERGE:          0
cpu6->cpu6_DTLB WRITE        ACCESS:          0 HIT:          0 MISS:          0 MSHR_MERGE:          0
cpu6->cpu6_DTLB TRANSLATION  ACCESS:          0 HIT:          0 MISS:          0 MSHR_MERGE:          0
cpu6->cpu6_DTLB PREFETCH REQUESTED:          0 ISSUED:          0 USEFUL:          0 USELESS:          0
cpu6->cpu6_DTLB AVERAGE MISS LATENCY: 252.1 cycles
cpu5->cpu5_STLB TOTAL        ACCESS:         27 HIT:          4 MISS:         23 MSHR_MERGE:          0
cpu5->cpu5_STLB LOAD         ACCESS:         27 HIT:          4 MISS:         23 MSHR_MERGE:          0
cpu5->cpu5_STLB RFO          ACCESS:          0 HIT:          0 MISS:          0 MSHR_MERGE:          0
cpu5->cpu5_STLB PREFETCH     ACCESS:          0 HIT:          0 MISS:          0 MSHR_MERGE:          0
cpu5->cpu5_STLB WRITE        ACCESS:          0 HIT:          0 MISS:          0 MSHR_MERGE:          0
cpu5->cpu5_STLB TRANSLATION  ACCESS:          0 HIT:          0 MISS:          0 MSHR_MERGE:          0
cpu5->cpu5_STLB PREFETCH REQUESTED:          0 ISSUED:          0 USEFUL:          0 USELESS:          0
cpu5->cpu5_STLB AVERAGE MISS LATENCY: 235.4 cycles
cpu5->cpu5_L2C TOTAL        ACCESS:    3767814 HIT:    1696080 MISS:    2071734 MSHR_MERGE:          0
cpu5->cpu5_L2C LOAD         ACCESS:    2274773 HIT:     528322 MISS:    1746451 MSHR_MERGE:          0
cpu5->cpu5_L2C RFO          ACCESS:     451821 HIT:     127188 MISS:     324633 MSHR_MERGE:          0
cpu5->cpu5_L2C PREFETCH     ACCESS:          0 HIT:          0 MISS:          0 MSHR_MERGE:          0
cpu5->cpu5_L2C WRITE        ACCESS:    1041198 HIT:    1040570 MISS:        628 MSHR_MERGE:          0
cpu5->cpu5_L2C TRANSLATION  ACCESS:         22 HIT:          0 MISS:         22 MSHR_MERGE:          0
cpu5->cpu5_L2C PREFETCH REQUESTED:          0 ISSUED:          0 USEFUL:          0 USELESS:          0
cpu5->cpu5_L2C AVERAGE MISS LATENCY: 327.4 cycles
cpu5->cpu5_L1I TOTAL        ACCESS:   20024770 HIT:   20014989 MISS:       9781 MSHR_MERGE:       5283
cpu5->cpu5_L1I LOAD         ACCESS:   20024770 HIT:   20014989 MISS:       9781 MSHR_MERGE:       5283
cpu5->cpu5_L1I RFO          ACCESS:          0 HIT:          0 MISS:          0 MSHR_MERGE:          0
cpu5->cpu5_L1I PREFETCH     ACCESS:          0 HIT:          0 MISS:          0 MSHR_MERGE:          0
cpu5->cpu5_L1I WRITE        ACCESS:          0 HIT:          0 MISS:          0 MSHR_MERGE:          0
cpu5->cpu5_L1I TRANSLATION  ACCESS:          0 HIT:          0 MISS:          0 MSHR_MERGE:          0
cpu5->cpu5_L1I PREFETCH REQUESTED:          0 ISSUED:          0 USEFUL:          0 USELESS:          0
cpu5->cpu5_L1I AVERAGE MISS LATENCY: 420.5 cycles
cpu5->cpu5_L1D TOTAL        ACCESS:   31987827 HIT:   25770929 MISS:    6216898 MSHR_MERGE:    3494764
cpu5->cpu5_L1D LOAD         ACCESS:   25478438 HIT:   21140611 MISS:    4337827 MSHR_MERGE:    2067552
cpu5->cpu5_L1D RFO          ACCESS:          0 HIT:          0 MISS:          0 MSHR_MERGE:          0
cpu5->cpu5_L1D PREFETCH     ACCESS:          0 HIT:          0 MISS:          0 MSHR_MERGE:          0
cpu5->cpu5_L1D WRITE        ACCESS:    6509366 HIT:    4630317 MISS:    1879049 MSHR_MERGE:    1427212
cpu5->cpu5_L1D TRANSLATION  ACCESS:         23 HIT:          1 MISS:         22 MSHR_MERGE:          0
cpu5->cpu5_L1D PREFETCH REQUESTED:          0 ISSUED:          0 USEFUL:          0 USELESS:          0
cpu5->cpu5_L1D AVERAGE MISS LATENCY: 257.3 cycles
cpu5->cpu5_ITLB TOTAL        ACCESS:   17310244 HIT:   17310238 MISS:          6 MSHR_MERGE:          3
cpu5->cpu5_ITLB LOAD         ACCESS:   17310244 HIT:   17310238 MISS:          6 MSHR_MERGE:          3
cpu5->cpu5_ITLB RFO          ACCESS:          0 HIT:          0 MISS:          0 MSHR_MERGE:          0
cpu5->cpu5_ITLB PREFETCH     ACCESS:          0 HIT:          0 MISS:          0 MSHR_MERGE:          0
cpu5->cpu5_ITLB WRITE        ACCESS:          0 HIT:          0 MISS:          0 MSHR_MERGE:          0
cpu5->cpu5_ITLB TRANSLATION  ACCESS:          0 HIT:          0 MISS:          0 MSHR_MERGE:          0
cpu5->cpu5_ITLB PREFETCH REQUESTED:          0 ISSUED:          0 USEFUL:          0 USELESS:          0
cpu5->cpu5_ITLB AVERAGE MISS LATENCY: 251.3 cycles
cpu5->cpu5_DTLB TOTAL        ACCESS:   30104995 HIT:   30104872 MISS:        123 MSHR_MERGE:         99
cpu5->cpu5_DTLB LOAD         ACCESS:   30104995 HIT:   30104872 MISS:        123 MSHR_MERGE:         99
cpu5->cpu5_DTLB RFO          ACCESS:          0 HIT:          0 MISS:          0 MSHR_MERGE:          0
cpu5->cpu5_DTLB PREFETCH     ACCESS:          0 HIT:          0 MISS:          0 MSHR_MERGE:          0
cpu5->cpu5_DTLB WRITE        ACCESS:          0 HIT:          0 MISS:          0 MSHR_MERGE:          0
cpu5->cpu5_DTLB TRANSLATION  ACCESS:          0 HIT:          0 MISS:          0 MSHR_MERGE:          0
cpu5->cpu5_DTLB PREFETCH REQUESTED:          0 ISSUED:          0 USEFUL:          0 USELESS:          0
cpu5->cpu5_DTLB AVERAGE MISS LATENCY: 200.8 cycles
cpu4->cpu4_STLB TOTAL        ACCESS:         27 HIT:          4 MISS:         23 MSHR_MERGE:          0
cpu4->cpu4_STLB LOAD         ACCESS:         27 HIT:          4 MISS:         23 MSHR_MERGE:          0
cpu4->cpu4_STLB RFO          ACCESS:          0 HIT:          0 MISS:          0 MSHR_MERGE:          0
cpu4->cpu4_STLB PREFETCH     ACCESS:          0 HIT:          0 MISS:          0 MSHR_MERGE:          0
cpu4->cpu4_STLB WRITE        ACCESS:          0 HIT:          0 MISS:          0 MSHR_MERGE:          0
cpu4->cpu4_STLB TRANSLATION  ACCESS:          0 HIT:          0 MISS:          0 MSHR_MERGE:          0
cpu4->cpu4_STLB PREFETCH REQUESTED:          0 ISSUED:          0 USEFUL:          0 USELESS:          0
cpu4->cpu4_STLB AVERAGE MISS LATENCY: 243.5 cycles
cpu4->cpu4_L2C TOTAL        ACCESS:    3746029 HIT:    1690739 MISS:    2055290 MSHR_MERGE:          0
cpu4->cpu4_L2C LOAD         ACCESS:    2258494 HIT:     528223 MISS:    1730271 MSHR_MERGE:          0
cpu4->cpu4_L2C RFO          ACCESS:     451735 HIT:     127233 MISS:     324502 MSHR_MERGE:          0
cpu4->cpu4_L2C PREFETCH     ACCESS:          0 HIT:          0 MISS:          0 MSHR_MERGE:          0
cpu4->cpu4_L2C WRITE        ACCESS:    1035778 HIT:    1035283 MISS:        495 MSHR_MERGE:          0
cpu4->cpu4_L2C TRANSLATION  ACCESS:         22 HIT:          0 MISS:         22 MSHR_MERGE:          0
cpu4->cpu4_L2C PREFETCH REQUESTED:          0 ISSUED:          0 USEFUL:          0 USELESS:          0
cpu4->cpu4_L2C AVERAGE MISS LATENCY: 331 cycles
cpu4->cpu4_L1I TOTAL        ACCESS:   19363785 HIT:   19354059 MISS:       9726 MSHR_MERGE:       5257
cpu4->cpu4_L1I LOAD         ACCESS:   19363785 HIT:   19354059 MISS:       9726 MSHR_MERGE:       5257
cpu4->cpu4_L1I RFO          ACCESS:          0 HIT:          0 MISS:          0 MSHR_MERGE:          0
cpu4->cpu4_L1I PREFETCH     ACCESS:          0 HIT:          0 MISS:          0 MSHR_MERGE:          0
cpu4->cpu4_L1I WRITE        ACCESS:          0 HIT:          0 MISS:          0 MSHR_MERGE:          0
cpu4->cpu4_L1I TRANSLATION  ACCESS:          0 HIT:          0 MISS:          0 MSHR_MERGE:          0
cpu4->cpu4_L1I PREFETCH REQUESTED:          0 ISSUED:          0 USEFUL:          0 USELESS:          0
cpu4->cpu4_L1I AVERAGE MISS LATENCY: 394.2 cycles
cpu4->cpu4_L1D TOTAL        ACCESS:   31080599 HIT:   24913916 MISS:    6166683 MSHR_MERGE:    3460890
cpu4->cpu4_L1D LOAD         ACCESS:   24665464 HIT:   20370422 MISS:    4295042 MSHR_MERGE:    2041016
cpu4->cpu4_L1D RFO          ACCESS:          0 HIT:          0 MISS:          0 MSHR_MERGE:          0
cpu4->cpu4_L1D PREFETCH     ACCESS:          0 HIT:          0 MISS:          0 MSHR_MERGE:          0
cpu4->cpu4_L1D WRITE        ACCESS:    6415112 HIT:    4543493 MISS:    1871619 MSHR_MERGE:    1419874
cpu4->cpu4_L1D TRANSLATION  ACCESS:         23 HIT:          1 MISS:         22 MSHR_MERGE:          0
cpu4->cpu4_L1D PREFETCH REQUESTED:          0 ISSUED:          0 USEFUL:          0 USELESS:          0
cpu4->cpu4_L1D AVERAGE MISS LATENCY: 259.6 cycles
cpu4->cpu4_ITLB TOTAL        ACCESS:   16810264 HIT:   16810255 MISS:          9 MSHR_MERGE:          6
cpu4->cpu4_ITLB LOAD         ACCESS:   16810264 HIT:   16810255 MISS:          9 MSHR_MERGE:          6
cpu4->cpu4_ITLB RFO          ACCESS:          0 HIT:          0 MISS:          0 MSHR_MERGE:          0
cpu4->cpu4_ITLB PREFETCH     ACCESS:          0 HIT:          0 MISS:          0 MSHR_MERGE:          0
cpu4->cpu4_ITLB WRITE        ACCESS:          0 HIT:          0 MISS:          0 MSHR_MERGE:          0
cpu4->cpu4_ITLB TRANSLATION  ACCESS:          0 HIT:          0 MISS:          0 MSHR_MERGE:          0
cpu4->cpu4_ITLB PREFETCH REQUESTED:          0 ISSUED:          0 USEFUL:          0 USELESS:          0
cpu4->cpu4_ITLB AVERAGE MISS LATENCY: 266 cycles
cpu4->cpu4_DTLB TOTAL        ACCESS:   29248284 HIT:   29248156 MISS:        128 MSHR_MERGE:        104
cpu4->cpu4_DTLB LOAD         ACCESS:   29248284 HIT:   29248156 MISS:        128 MSHR_MERGE:        104
cpu4->cpu4_DTLB RFO          ACCESS:          0 HIT:          0 MISS:          0 MSHR_MERGE:          0
cpu4->cpu4_DTLB PREFETCH     ACCESS:          0 HIT:          0 MISS:          0 MSHR_MERGE:          0
cpu4->cpu4_DTLB WRITE        ACCESS:          0 HIT:          0 MISS:          0 MSHR_MERGE:          0
cpu4->cpu4_DTLB TRANSLATION  ACCESS:          0 HIT:          0 MISS:          0 MSHR_MERGE:          0
cpu4->cpu4_DTLB PREFETCH REQUESTED:          0 ISSUED:          0 USEFUL:          0 USELESS:          0
cpu4->cpu4_DTLB AVERAGE MISS LATENCY: 206.7 cycles
cpu3->cpu3_STLB TOTAL        ACCESS:         27 HIT:          4 MISS:         23 MSHR_MERGE:          0
cpu3->cpu3_STLB LOAD         ACCESS:         27 HIT:          4 MISS:         23 MSHR_MERGE:          0
cpu3->cpu3_STLB RFO          ACCESS:          0 HIT:          0 MISS:          0 MSHR_MERGE:          0
cpu3->cpu3_STLB PREFETCH     ACCESS:          0 HIT:          0 MISS:          0 MSHR_MERGE:          0
cpu3->cpu3_STLB WRITE        ACCESS:          0 HIT:          0 MISS:          0 MSHR_MERGE:          0
cpu3->cpu3_STLB TRANSLATION  ACCESS:          0 HIT:          0 MISS:          0 MSHR_MERGE:          0
cpu3->cpu3_STLB PREFETCH REQUESTED:          0 ISSUED:          0 USEFUL:          0 USELESS:          0
cpu3->cpu3_STLB AVERAGE MISS LATENCY: 389.6 cycles
cpu3->cpu3_L2C TOTAL        ACCESS:    3770649 HIT:    1696793 MISS:    2073856 MSHR_MERGE:          0
cpu3->cpu3_L2C LOAD         ACCESS:    2276833 HIT:     528264 MISS:    1748569 MSHR_MERGE:          0
cpu3->cpu3_L2C RFO          ACCESS:     451877 HIT:     127240 MISS:     324637 MSHR_MERGE:          0
cpu3->cpu3_L2C PREFETCH     ACCESS:          0 HIT:          0 MISS:          0 MSHR_MERGE:          0
cpu3->cpu3_L2C WRITE        ACCESS:    1041917 HIT:    1041289 MISS:        628 MSHR_MERGE:          0
cpu3->cpu3_L2C TRANSLATION  ACCESS:         22 HIT:          0 MISS:         22 MSHR_MERGE:          0
cpu3->cpu3_L2C PREFETCH REQUESTED:          0 ISSUED:          0 USEFUL:          0 USELESS:          0
cpu3->cpu3_L2C AVERAGE MISS LATENCY: 322.2 cycles
cpu3->cpu3_L1I TOTAL        ACCESS:   20098233 HIT:   20088357 MISS:       9876 MSHR_MERGE:       5378
cpu3->cpu3_L1I LOAD         ACCESS:   20098233 HIT:   20088357 MISS:       9876 MSHR_MERGE:       5378
cpu3->cpu3_L1I RFO          ACCESS:          0 HIT:          0 MISS:          0 MSHR_MERGE:          0
cpu3->cpu3_L1I PREFETCH     ACCESS:          0 HIT:          0 MISS:          0 MSHR_MERGE:          0
cpu3->cpu3_L1I WRITE        ACCESS:          0 HIT:          0 MISS:          0 MSHR_MERGE:          0
cpu3->cpu3_L1I TRANSLATION  ACCESS:          0 HIT:          0 MISS:          0 MSHR_MERGE:          0
cpu3->cpu3_L1I PREFETCH REQUESTED:          0 ISSUED:          0 USEFUL:          0 USELESS:          0
cpu3->cpu3_L1I AVERAGE MISS LATENCY: 421.5 cycles
cpu3->cpu3_L1D TOTAL        ACCESS:   32102129 HIT:   25892941 MISS:    6209188 MSHR_MERGE:    3484947
cpu3->cpu3_L1D LOAD         ACCESS:   25580570 HIT:   21245772 MISS:    4334798 MSHR_MERGE:    2062462
cpu3->cpu3_L1D RFO          ACCESS:          0 HIT:          0 MISS:          0 MSHR_MERGE:          0
cpu3->cpu3_L1D PREFETCH     ACCESS:          0 HIT:          0 MISS:          0 MSHR_MERGE:          0
cpu3->cpu3_L1D WRITE        ACCESS:    6521536 HIT:    4647168 MISS:    1874368 MSHR_MERGE:    1422485
cpu3->cpu3_L1D TRANSLATION  ACCESS:         23 HIT:          1 MISS:         22 MSHR_MERGE:          0
cpu3->cpu3_L1D PREFETCH REQUESTED:          0 ISSUED:          0 USEFUL:          0 USELESS:          0
cpu3->cpu3_L1D AVERAGE MISS LATENCY: 253.4 cycles
cpu3->cpu3_ITLB TOTAL        ACCESS:   17379088 HIT:   17379073 MISS:         15 MSHR_MERGE:         12
cpu3->cpu3_ITLB LOAD         ACCESS:   17379088 HIT:   17379073 MISS:         15 MSHR_MERGE:         12
cpu3->cpu3_ITLB RFO          ACCESS:          0 HIT:          0 MISS:          0 MSHR_MERGE:          0
cpu3->cpu3_ITLB PREFETCH     ACCESS:          0 HIT:          0 MISS:          0 MSHR_MERGE:          0
cpu3->cpu3_ITLB WRITE        ACCESS:          0 HIT:          0 MISS:          0 MSHR_MERGE:          0
cpu3->cpu3_ITLB TRANSLATION  ACCESS:          0 HIT:          0 MISS:          0 MSHR_MERGE:          0
cpu3->cpu3_ITLB PREFETCH REQUESTED:          0 ISSUED:          0 USEFUL:          0 USELESS:          0
cpu3->cpu3_ITLB AVERAGE MISS LATENCY: 520.7 cycles
cpu3->cpu3_DTLB TOTAL        ACCESS:   30244172 HIT:   30244046 MISS:        126 MSHR_MERGE:        102
cpu3->cpu3_DTLB LOAD         ACCESS:   30244172 HIT:   30244046 MISS:        126 MSHR_MERGE:        102
cpu3->cpu3_DTLB RFO          ACCESS:          0 HIT:          0 MISS:          0 MSHR_MERGE:          0
cpu3->cpu3_DTLB PREFETCH     ACCESS:          0 HIT:          0 MISS:          0 MSHR_MERGE:          0
cpu3->cpu3_DTLB WRITE        ACCESS:          0 HIT:          0 MISS:          0 MSHR_MERGE:          0
cpu3->cpu3_DTLB TRANSLATION  ACCESS:          0 HIT:          0 MISS:          0 MSHR_MERGE:          0
cpu3->cpu3_DTLB PREFETCH REQUESTED:          0 ISSUED:          0 USEFUL:          0 USELESS:          0
cpu3->cpu3_DTLB AVERAGE MISS LATENCY: 314.8 cycles
cpu2->cpu2_STLB TOTAL        ACCESS:         27 HIT:          4 MISS:         23 MSHR_MERGE:          0
cpu2->cpu2_STLB LOAD         ACCESS:         27 HIT:          4 MISS:         23 MSHR_MERGE:          0
cpu2->cpu2_STLB RFO          ACCESS:          0 HIT:          0 MISS:          0 MSHR_MERGE:          0
cpu2->cpu2_STLB PREFETCH     ACCESS:          0 HIT:          0 MISS:          0 MSHR_MERGE:          0
cpu2->cpu2_STLB WRITE        ACCESS:          0 HIT:          0 MISS:          0 MSHR_MERGE:          0
cpu2->cpu2_STLB TRANSLATION  ACCESS:          0 HIT:          0 MISS:          0 MSHR_MERGE:          0
cpu2->cpu2_STLB PREFETCH REQUESTED:          0 ISSUED:          0 USEFUL:          0 USELESS:          0
cpu2->cpu2_STLB AVERAGE MISS LATENCY: 236.2 cycles
cpu2->cpu2_L2C TOTAL        ACCESS:    3763896 HIT:    1694991 MISS:    2068905 MSHR_MERGE:          0
cpu2->cpu2_L2C LOAD         ACCESS:    2272077 HIT:     528196 MISS:    1743881 MSHR_MERGE:          0
cpu2->cpu2_L2C RFO          ACCESS:     451731 HIT:     127228 MISS:     324503 MSHR_MERGE:          0
cpu2->cpu2_L2C PREFETCH     ACCESS:          0 HIT:          0 MISS:          0 MSHR_MERGE:          0
cpu2->cpu2_L2C WRITE        ACCESS:    1040066 HIT:    1039567 MISS:        499 MSHR_MERGE:          0
cpu2->cpu2_L2C TRANSLATION  ACCESS:         22 HIT:          0 MISS:         22 MSHR_MERGE:          0
cpu2->cpu2_L2C PREFETCH REQUESTED:          0 ISSUED:          0 USEFUL:          0 USELESS:          0
cpu2->cpu2_L2C AVERAGE MISS LATENCY: 326.3 cycles
cpu2->cpu2_L1I TOTAL        ACCESS:   19923208 HIT:   19913420 MISS:       9788 MSHR_MERGE:       5319
cpu2->cpu2_L1I LOAD         ACCESS:   19923208 HIT:   19913420 MISS:       9788 MSHR_MERGE:       5319
cpu2->cpu2_L1I RFO          ACCESS:          0 HIT:          0 MISS:          0 MSHR_MERGE:          0
cpu2->cpu2_L1I PREFETCH     ACCESS:          0 HIT:          0 MISS:          0 MSHR_MERGE:          0
cpu2->cpu2_L1I WRITE        ACCESS:          0 HIT:          0 MISS:          0 MSHR_MERGE:          0
cpu2->cpu2_L1I TRANSLATION  ACCESS:          0 HIT:          0 MISS:          0 MSHR_MERGE:          0
cpu2->cpu2_L1I PREFETCH REQUESTED:          0 ISSUED:          0 USEFUL:          0 USELESS:          0
cpu2->cpu2_L1I AVERAGE MISS LATENCY: 423.1 cycles
cpu2->cpu2_L1D TOTAL        ACCESS:   31848080 HIT:   25647813 MISS:    6200267 MSHR_MERGE:    3480899
cpu2->cpu2_L1D LOAD         ACCESS:   25353152 HIT:   21023767 MISS:    4329385 MSHR_MERGE:    2061777
cpu2->cpu2_L1D RFO          ACCESS:          0 HIT:          0 MISS:          0 MSHR_MERGE:          0
cpu2->cpu2_L1D PREFETCH     ACCESS:          0 HIT:          0 MISS:          0 MSHR_MERGE:          0
cpu2->cpu2_L1D WRITE        ACCESS:    6494905 HIT:    4624045 MISS:    1870860 MSHR_MERGE:    1419122
cpu2->cpu2_L1D TRANSLATION  ACCESS:         23 HIT:          1 MISS:         22 MSHR_MERGE:          0
cpu2->cpu2_L1D PREFETCH REQUESTED:          0 ISSUED:          0 USEFUL:          0 USELESS:          0
cpu2->cpu2_L1D AVERAGE MISS LATENCY: 256.4 cycles
cpu2->cpu2_ITLB TOTAL        ACCESS:   17227659 HIT:   17227651 MISS:          8 MSHR_MERGE:          5
cpu2->cpu2_ITLB LOAD         ACCESS:   17227659 HIT:   17227651 MISS:          8 MSHR_MERGE:          5
cpu2->cpu2_ITLB RFO          ACCESS:          0 HIT:          0 MISS:          0 MSHR_MERGE:          0
cpu2->cpu2_ITLB PREFETCH     ACCESS:          0 HIT:          0 MISS:          0 MSHR_MERGE:          0
cpu2->cpu2_ITLB WRITE        ACCESS:          0 HIT:          0 MISS:          0 MSHR_MERGE:          0
cpu2->cpu2_ITLB TRANSLATION  ACCESS:          0 HIT:          0 MISS:          0 MSHR_MERGE:          0
cpu2->cpu2_ITLB PREFETCH REQUESTED:          0 ISSUED:          0 USEFUL:          0 USELESS:          0
cpu2->cpu2_ITLB AVERAGE MISS LATENCY: 273 cycles
cpu2->cpu2_DTLB TOTAL        ACCESS:   29972952 HIT:   29972820 MISS:        132 MSHR_MERGE:        108
cpu2->cpu2_DTLB LOAD         ACCESS:   29972952 HIT:   29972820 MISS:        132 MSHR_MERGE:        108
cpu2->cpu2_DTLB RFO          ACCESS:          0 HIT:          0 MISS:          0 MSHR_MERGE:          0
cpu2->cpu2_DTLB PREFETCH     ACCESS:          0 HIT:          0 MISS:          0 MSHR_MERGE:          0
cpu2->cpu2_DTLB WRITE        ACCESS:          0 HIT:          0 MISS:          0 MSHR_MERGE:          0
cpu2->cpu2_DTLB TRANSLATION  ACCESS:          0 HIT:          0 MISS:          0 MSHR_MERGE:          0
cpu2->cpu2_DTLB PREFETCH REQUESTED:          0 ISSUED:          0 USEFUL:          0 USELESS:          0
cpu2->cpu2_DTLB AVERAGE MISS LATENCY: 198.8 cycles
cpu1->cpu1_STLB TOTAL        ACCESS:         27 HIT:          4 MISS:         23 MSHR_MERGE:          0
cpu1->cpu1_STLB LOAD         ACCESS:         27 HIT:          4 MISS:         23 MSHR_MERGE:          0
cpu1->cpu1_STLB RFO          ACCESS:          0 HIT:          0 MISS:          0 MSHR_MERGE:          0
cpu1->cpu1_STLB PREFETCH     ACCESS:          0 HIT:          0 MISS:          0 MSHR_MERGE:          0
cpu1->cpu1_STLB WRITE        ACCESS:          0 HIT:          0 MISS:          0 MSHR_MERGE:          0
cpu1->cpu1_STLB TRANSLATION  ACCESS:          0 HIT:          0 MISS:          0 MSHR_MERGE:          0
cpu1->cpu1_STLB PREFETCH REQUESTED:          0 ISSUED:          0 USEFUL:          0 USELESS:          0
cpu1->cpu1_STLB AVERAGE MISS LATENCY: 235.7 cycles
cpu1->cpu1_L2C TOTAL        ACCESS:    3751754 HIT:    1692266 MISS:    2059488 MSHR_MERGE:          0
cpu1->cpu1_L2C LOAD         ACCESS:    2262779 HIT:     528317 MISS:    1734462 MSHR_MERGE:          0
cpu1->cpu1_L2C RFO          ACCESS:     451711 HIT:     127206 MISS:     324505 MSHR_MERGE:          0
cpu1->cpu1_L2C PREFETCH     ACCESS:          0 HIT:          0 MISS:          0 MSHR_MERGE:          0
cpu1->cpu1_L2C WRITE        ACCESS:    1037242 HIT:    1036743 MISS:        499 MSHR_MERGE:          0
cpu1->cpu1_L2C TRANSLATION  ACCESS:         22 HIT:          0 MISS:         22 MSHR_MERGE:          0
cpu1->cpu1_L2C PREFETCH REQUESTED:          0 ISSUED:          0 USEFUL:          0 USELESS:          0
cpu1->cpu1_L2C AVERAGE MISS LATENCY: 329.8 cycles
cpu1->cpu1_L1I TOTAL        ACCESS:   19548195 HIT:   19538354 MISS:       9841 MSHR_MERGE:       5372
cpu1->cpu1_L1I LOAD         ACCESS:   19548195 HIT:   19538354 MISS:       9841 MSHR_MERGE:       5372
cpu1->cpu1_L1I RFO          ACCESS:          0 HIT:          0 MISS:          0 MSHR_MERGE:          0
cpu1->cpu1_L1I PREFETCH     ACCESS:          0 HIT:          0 MISS:          0 MSHR_MERGE:          0
cpu1->cpu1_L1I WRITE        ACCESS:          0 HIT:          0 MISS:          0 MSHR_MERGE:          0
cpu1->cpu1_L1I TRANSLATION  ACCESS:          0 HIT:          0 MISS:          0 MSHR_MERGE:          0
cpu1->cpu1_L1I PREFETCH REQUESTED:          0 ISSUED:          0 USEFUL:          0 USELESS:          0
cpu1->cpu1_L1I AVERAGE MISS LATENCY: 404.6 cycles
cpu1->cpu1_L1D TOTAL        ACCESS:   31324018 HIT:   25144953 MISS:    6179065 MSHR_MERGE:    3469015
cpu1->cpu1_L1D LOAD         ACCESS:   24884273 HIT:   20577143 MISS:    4307130 MSHR_MERGE:    2048819
cpu1->cpu1_L1D RFO          ACCESS:          0 HIT:          0 MISS:          0 MSHR_MERGE:          0
cpu1->cpu1_L1D PREFETCH     ACCESS:          0 HIT:          0 MISS:          0 MSHR_MERGE:          0
cpu1->cpu1_L1D WRITE        ACCESS:    6439722 HIT:    4567809 MISS:    1871913 MSHR_MERGE:    1420196
cpu1->cpu1_L1D TRANSLATION  ACCESS:         23 HIT:          1 MISS:         22 MSHR_MERGE:          0
cpu1->cpu1_L1D PREFETCH REQUESTED:          0 ISSUED:          0 USEFUL:          0 USELESS:          0
cpu1->cpu1_L1D AVERAGE MISS LATENCY: 258.8 cycles
cpu1->cpu1_ITLB TOTAL        ACCESS:   16963293 HIT:   16963285 MISS:          8 MSHR_MERGE:          5
cpu1->cpu1_ITLB LOAD         ACCESS:   16963293 HIT:   16963285 MISS:          8 MSHR_MERGE:          5
cpu1->cpu1_ITLB RFO          ACCESS:          0 HIT:          0 MISS:          0 MSHR_MERGE:          0
cpu1->cpu1_ITLB PREFETCH     ACCESS:          0 HIT:          0 MISS:          0 MSHR_MERGE:          0
cpu1->cpu1_ITLB WRITE        ACCESS:          0 HIT:          0 MISS:          0 MSHR_MERGE:          0
cpu1->cpu1_ITLB TRANSLATION  ACCESS:          0 HIT:          0 MISS:          0 MSHR_MERGE:          0
cpu1->cpu1_ITLB PREFETCH REQUESTED:          0 ISSUED:          0 USEFUL:          0 USELESS:          0
cpu1->cpu1_ITLB AVERAGE MISS LATENCY: 266.3 cycles
cpu1->cpu1_DTLB TOTAL        ACCESS:   29476493 HIT:   29476354 MISS:        139 MSHR_MERGE:        115
cpu1->cpu1_DTLB LOAD         ACCESS:   29476493 HIT:   29476354 MISS:        139 MSHR_MERGE:        115
cpu1->cpu1_DTLB RFO          ACCESS:          0 HIT:          0 MISS:          0 MSHR_MERGE:          0
cpu1->cpu1_DTLB PREFETCH     ACCESS:          0 HIT:          0 MISS:          0 MSHR_MERGE:          0
cpu1->cpu1_DTLB WRITE        ACCESS:          0 HIT:          0 MISS:          0 MSHR_MERGE:          0
cpu1->cpu1_DTLB TRANSLATION  ACCESS:          0 HIT:          0 MISS:          0 MSHR_MERGE:          0
cpu1->cpu1_DTLB PREFETCH REQUESTED:          0 ISSUED:          0 USEFUL:          0 USELESS:          0
cpu1->cpu1_DTLB AVERAGE MISS LATENCY: 199.2 cycles
cpu0->cpu0_STLB TOTAL        ACCESS:         27 HIT:          4 MISS:         23 MSHR_MERGE:          0
cpu0->cpu0_STLB LOAD         ACCESS:         27 HIT:          4 MISS:         23 MSHR_MERGE:          0
cpu0->cpu0_STLB RFO          ACCESS:          0 HIT:          0 MISS:          0 MSHR_MERGE:          0
cpu0->cpu0_STLB PREFETCH     ACCESS:          0 HIT:          0 MISS:          0 MSHR_MERGE:          0
cpu0->cpu0_STLB WRITE        ACCESS:          0 HIT:          0 MISS:          0 MSHR_MERGE:          0
cpu0->cpu0_STLB TRANSLATION  ACCESS:          0 HIT:          0 MISS:          0 MSHR_MERGE:          0
cpu0->cpu0_STLB PREFETCH REQUESTED:          0 ISSUED:          0 USEFUL:          0 USELESS:          0
cpu0->cpu0_STLB AVERAGE MISS LATENCY: 434.8 cycles
cpu0->cpu0_L2C TOTAL        ACCESS:    3766539 HIT:    1695607 MISS:    2070932 MSHR_MERGE:          0
cpu0->cpu0_L2C LOAD         ACCESS:    2273934 HIT:     528285 MISS:    1745649 MSHR_MERGE:          0
cpu0->cpu0_L2C RFO          ACCESS:     451819 HIT:     127186 MISS:     324633 MSHR_MERGE:          0
cpu0->cpu0_L2C PREFETCH     ACCESS:          0 HIT:          0 MISS:          0 MSHR_MERGE:          0
cpu0->cpu0_L2C WRITE        ACCESS:    1040764 HIT:    1040136 MISS:        628 MSHR_MERGE:          0
cpu0->cpu0_L2C TRANSLATION  ACCESS:         22 HIT:          0 MISS:         22 MSHR_MERGE:          0
cpu0->cpu0_L2C PREFETCH REQUESTED:          0 ISSUED:          0 USEFUL:          0 USELESS:          0
cpu0->cpu0_L2C AVERAGE MISS LATENCY: 330.1 cycles
cpu0->cpu0_L1I TOTAL        ACCESS:   19992337 HIT:   19982460 MISS:       9877 MSHR_MERGE:       5379
cpu0->cpu0_L1I LOAD         ACCESS:   19992337 HIT:   19982460 MISS:       9877 MSHR_MERGE:       5379
cpu0->cpu0_L1I RFO          ACCESS:          0 HIT:          0 MISS:          0 MSHR_MERGE:          0
cpu0->cpu0_L1I PREFETCH     ACCESS:          0 HIT:          0 MISS:          0 MSHR_MERGE:          0
cpu0->cpu0_L1I WRITE        ACCESS:          0 HIT:          0 MISS:          0 MSHR_MERGE:          0
cpu0->cpu0_L1I TRANSLATION  ACCESS:          0 HIT:          0 MISS:          0 MSHR_MERGE:          0
cpu0->cpu0_L1I PREFETCH REQUESTED:          0 ISSUED:          0 USEFUL:          0 USELESS:          0
cpu0->cpu0_L1I AVERAGE MISS LATENCY: 406.8 cycles
cpu0->cpu0_L1D TOTAL        ACCESS:   31967614 HIT:   25761605 MISS:    6206009 MSHR_MERGE:    3484717
cpu0->cpu0_L1D LOAD         ACCESS:   25463087 HIT:   21127708 MISS:    4335379 MSHR_MERGE:    2065943
cpu0->cpu0_L1D RFO          ACCESS:          0 HIT:          0 MISS:          0 MSHR_MERGE:          0
cpu0->cpu0_L1D PREFETCH     ACCESS:          0 HIT:          0 MISS:          0 MSHR_MERGE:          0
cpu0->cpu0_L1D WRITE        ACCESS:    6504504 HIT:    4633896 MISS:    1870608 MSHR_MERGE:    1418774
cpu0->cpu0_L1D TRANSLATION  ACCESS:         23 HIT:          1 MISS:         22 MSHR_MERGE:          0
cpu0->cpu0_L1D PREFETCH REQUESTED:          0 ISSUED:          0 USEFUL:          0 USELESS:          0
cpu0->cpu0_L1D AVERAGE MISS LATENCY: 259.4 cycles
cpu0->cpu0_ITLB TOTAL        ACCESS:   17294775 HIT:   17294763 MISS:         12 MSHR_MERGE:          9
cpu0->cpu0_ITLB LOAD         ACCESS:   17294775 HIT:   17294763 MISS:         12 MSHR_MERGE:          9
cpu0->cpu0_ITLB RFO          ACCESS:          0 HIT:          0 MISS:          0 MSHR_MERGE:          0
cpu0->cpu0_ITLB PREFETCH     ACCESS:          0 HIT:          0 MISS:          0 MSHR_MERGE:          0
cpu0->cpu0_ITLB WRITE        ACCESS:          0 HIT:          0 MISS:          0 MSHR_MERGE:          0
cpu0->cpu0_ITLB TRANSLATION  ACCESS:          0 HIT:          0 MISS:          0 MSHR_MERGE:          0
cpu0->cpu0_ITLB PREFETCH REQUESTED:          0 ISSUED:          0 USEFUL:          0 USELESS:          0
cpu0->cpu0_ITLB AVERAGE MISS LATENCY: 245.7 cycles
cpu0->cpu0_DTLB TOTAL        ACCESS:   30116460 HIT:   30116310 MISS:        150 MSHR_MERGE:        126
cpu0->cpu0_DTLB LOAD         ACCESS:   30116460 HIT:   30116310 MISS:        150 MSHR_MERGE:        126
cpu0->cpu0_DTLB RFO          ACCESS:          0 HIT:          0 MISS:          0 MSHR_MERGE:          0
cpu0->cpu0_DTLB PREFETCH     ACCESS:          0 HIT:          0 MISS:          0 MSHR_MERGE:          0
cpu0->cpu0_DTLB WRITE        ACCESS:          0 HIT:          0 MISS:          0 MSHR_MERGE:          0
cpu0->cpu0_DTLB TRANSLATION  ACCESS:          0 HIT:          0 MISS:          0 MSHR_MERGE:          0
cpu0->cpu0_DTLB PREFETCH REQUESTED:          0 ISSUED:          0 USEFUL:          0 USELESS:          0
cpu0->cpu0_DTLB AVERAGE MISS LATENCY: 392.6 cycles
cpu0->LLC TOTAL        ACCESS:    2875350 HIT:     933482 MISS:    1941868 MSHR_MERGE:          0
cpu0->LLC LOAD         ACCESS:    1745649 HIT:     130797 MISS:    1614852 MSHR_MERGE:          0
cpu0->LLC RFO          ACCESS:     324633 HIT:      10555 MISS:     314078 MSHR_MERGE:          0
cpu0->LLC PREFETCH     ACCESS:          0 HIT:          0 MISS:          0 MSHR_MERGE:          0
cpu0->LLC WRITE        ACCESS:     805046 HIT:     792118 MISS:      12928 MSHR_MERGE:          0
cpu0->LLC TRANSLATION  ACCESS:         22 HIT:         12 MISS:         10 MSHR_MERGE:          0
cpu0->LLC PREFETCH REQUESTED:          0 ISSUED:          0 USEFUL:          0 USELESS:          0
cpu0->LLC AVERAGE MISS LATENCY: 2661 cycles
cpu1->LLC TOTAL        ACCESS:    2860464 HIT:     925922 MISS:    1934542 MSHR_MERGE:          0
cpu1->LLC LOAD         ACCESS:    1734462 HIT:     122295 MISS:    1612167 MSHR_MERGE:          0
cpu1->LLC RFO          ACCESS:     324505 HIT:       9453 MISS:     315052 MSHR_MERGE:          0
cpu1->LLC PREFETCH     ACCESS:          0 HIT:          0 MISS:          0 MSHR_MERGE:          0
cpu1->LLC WRITE        ACCESS:     801475 HIT:     794152 MISS:       7323 MSHR_MERGE:          0
cpu1->LLC TRANSLATION  ACCESS:         22 HIT:         22 MISS:          0 MSHR_MERGE:          0
cpu1->LLC PREFETCH REQUESTED:          0 ISSUED:          0 USEFUL:          0 USELESS:          0
cpu1->LLC AVERAGE MISS LATENCY: 2671 cycles
cpu2->LLC TOTAL        ACCESS:    2872776 HIT:     939289 MISS:    1933487 MSHR_MERGE:          0
cpu2->LLC LOAD         ACCESS:    1743881 HIT:     131730 MISS:    1612151 MSHR_MERGE:          0
cpu2->LLC RFO          ACCESS:     324503 HIT:      10220 MISS:     314283 MSHR_MERGE:          0
cpu2->LLC PREFETCH     ACCESS:          0 HIT:          0 MISS:          0 MSHR_MERGE:          0
cpu2->LLC WRITE        ACCESS:     804370 HIT:     797317 MISS:       7053 MSHR_MERGE:          0
cpu2->LLC TRANSLATION  ACCESS:         22 HIT:         22 MISS:          0 MSHR_MERGE:          0
cpu2->LLC PREFETCH REQUESTED:          0 ISSUED:          0 USEFUL:          0 USELESS:          0
cpu2->LLC AVERAGE MISS LATENCY: 2673 cycles
cpu3->LLC TOTAL        ACCESS:    2879368 HIT:     933080 MISS:    1946288 MSHR_MERGE:          0
cpu3->LLC LOAD         ACCESS:    1748569 HIT:     131155 MISS:    1617414 MSHR_MERGE:          0
cpu3->LLC RFO          ACCESS:     324637 HIT:      11383 MISS:     313254 MSHR_MERGE:          0
cpu3->LLC PREFETCH     ACCESS:          0 HIT:          0 MISS:          0 MSHR_MERGE:          0
cpu3->LLC WRITE        ACCESS:     806140 HIT:     790529 MISS:      15611 MSHR_MERGE:          0
cpu3->LLC TRANSLATION  ACCESS:         22 HIT:         13 MISS:          9 MSHR_MERGE:          0
cpu3->LLC PREFETCH REQUESTED:          0 ISSUED:          0 USEFUL:          0 USELESS:          0
cpu3->LLC AVERAGE MISS LATENCY: 2655 cycles
cpu4->LLC TOTAL        ACCESS:    2854823 HIT:     932590 MISS:    1922233 MSHR_MERGE:          0
cpu4->LLC LOAD         ACCESS:    1730271 HIT:     128901 MISS:    1601370 MSHR_MERGE:          0
cpu4->LLC RFO          ACCESS:     324502 HIT:      10714 MISS:     313788 MSHR_MERGE:          0
cpu4->LLC PREFETCH     ACCESS:          0 HIT:          0 MISS:          0 MSHR_MERGE:          0
cpu4->LLC WRITE        ACCESS:     800028 HIT:     792954 MISS:       7074 MSHR_MERGE:          0
cpu4->LLC TRANSLATION  ACCESS:         22 HIT:         21 MISS:          1 MSHR_MERGE:          0
cpu4->LLC PREFETCH REQUESTED:          0 ISSUED:          0 USEFUL:          0 USELESS:          0
cpu4->LLC AVERAGE MISS LATENCY: 2688 cycles
cpu5->LLC TOTAL        ACCESS:    2876585 HIT:     930801 MISS:    1945784 MSHR_MERGE:          0
cpu5->LLC LOAD         ACCESS:    1746451 HIT:     129203 MISS:    1617248 MSHR_MERGE:          0
cpu5->LLC RFO          ACCESS:     324633 HIT:      10086 MISS:     314547 MSHR_MERGE:          0
cpu5->LLC PREFETCH     ACCESS:          0 HIT:          0 MISS:          0 MSHR_MERGE:          0
cpu5->LLC WRITE        ACCESS:     805479 HIT:     791490 MISS:      13989 MSHR_MERGE:          0
cpu5->LLC TRANSLATION  ACCESS:         22 HIT:         22 MISS:          0 MSHR_MERGE:          0
cpu5->LLC PREFETCH REQUESTED:          0 ISSUED:          0 USEFUL:          0 USELESS:          0
cpu5->LLC AVERAGE MISS LATENCY: 2656 cycles
cpu6->LLC TOTAL        ACCESS:    2878912 HIT:     937901 MISS:    1941011 MSHR_MERGE:          0
cpu6->LLC LOAD         ACCESS:    1748250 HIT:     135410 MISS:    1612840 MSHR_MERGE:          0
cpu6->LLC RFO          ACCESS:     324630 HIT:      10480 MISS:     314150 MSHR_MERGE:          0
cpu6->LLC PREFETCH     ACCESS:          0 HIT:          0 MISS:          0 MSHR_MERGE:          0
cpu6->LLC WRITE        ACCESS:     806010 HIT:     791989 MISS:      14021 MSHR_MERGE:          0
cpu6->LLC TRANSLATION  ACCESS:         22 HIT:         22 MISS:          0 MSHR_MERGE:          0
cpu6->LLC PREFETCH REQUESTED:          0 ISSUED:          0 USEFUL:          0 USELESS:          0
cpu6->LLC AVERAGE MISS LATENCY: 2662 cycles
cpu7->LLC TOTAL        ACCESS:    2877748 HIT:     937528 MISS:    1940220 MSHR_MERGE:          0
cpu7->LLC LOAD         ACCESS:    1747364 HIT:     135602 MISS:    1611762 MSHR_MERGE:          0
cpu7->LLC RFO          ACCESS:     324635 HIT:      10769 MISS:     313866 MSHR_MERGE:          0
cpu7->LLC PREFETCH     ACCESS:          0 HIT:          0 MISS:          0 MSHR_MERGE:          0
cpu7->LLC WRITE        ACCESS:     805727 HIT:     791135 MISS:      14592 MSHR_MERGE:          0
cpu7->LLC TRANSLATION  ACCESS:         22 HIT:         22 MISS:          0 MSHR_MERGE:          0
cpu7->LLC PREFETCH REQUESTED:          0 ISSUED:          0 USEFUL:          0 USELESS:          0
cpu7->LLC AVERAGE MISS LATENCY: 2663 cycles

Region of Interest Statistics

CPU 7 cumulative IPC: 0.4085 instructions: 100000002 cycles: 244775483
CPU 7 Branch Prediction Accuracy: 100% MPKI: 0 Average ROB Occupancy at Mispredict: -
Branch type MPKI
BRANCH_DIRECT_JUMP: 0
BRANCH_INDIRECT: 0
BRANCH_CONDITIONAL: 0
BRANCH_DIRECT_CALL: 0
BRANCH_INDIRECT_CALL: 0
BRANCH_RETURN: 0


CPU 6 cumulative IPC: 0.4084 instructions: 100000002 cycles: 244838174
CPU 6 Branch Prediction Accuracy: 100% MPKI: 0 Average ROB Occupancy at Mispredict: -
Branch type MPKI
BRANCH_DIRECT_JUMP: 0
BRANCH_INDIRECT: 0
BRANCH_CONDITIONAL: 0
BRANCH_DIRECT_CALL: 0
BRANCH_INDIRECT_CALL: 0
BRANCH_RETURN: 0


CPU 5 cumulative IPC: 0.4084 instructions: 100000003 cycles: 244865426
CPU 5 Branch Prediction Accuracy: 100% MPKI: 0 Average ROB Occupancy at Mispredict: -
Branch type MPKI
BRANCH_DIRECT_JUMP: 0
BRANCH_INDIRECT: 0
BRANCH_CONDITIONAL: 0
BRANCH_DIRECT_CALL: 0
BRANCH_INDIRECT_CALL: 0
BRANCH_RETURN: 0


CPU 4 cumulative IPC: 0.4027 instructions: 100000003 cycles: 248346006
CPU 4 Branch Prediction Accuracy: 100% MPKI: 0 Average ROB Occupancy at Mispredict: -
Branch type MPKI
BRANCH_DIRECT_JUMP: 0
BRANCH_INDIRECT: 0
BRANCH_CONDITIONAL: 0
BRANCH_DIRECT_CALL: 0
BRANCH_INDIRECT_CALL: 0
BRANCH_RETURN: 0


CPU 3 cumulative IPC: 0.409 instructions: 100000000 cycles: 244526254
CPU 3 Branch Prediction Accuracy: 100% MPKI: 0 Average ROB Occupancy at Mispredict: -
Branch type MPKI
BRANCH_DIRECT_JUMP: 0
BRANCH_INDIRECT: 0
BRANCH_CONDITIONAL: 0
BRANCH_DIRECT_CALL: 0
BRANCH_INDIRECT_CALL: 0
BRANCH_RETURN: 0


CPU 2 cumulative IPC: 0.4072 instructions: 100000000 cycles: 245605870
CPU 2 Branch Prediction Accuracy: 100% MPKI: 0 Average ROB Occupancy at Mispredict: -
Branch type MPKI
BRANCH_DIRECT_JUMP: 0
BRANCH_INDIRECT: 0
BRANCH_CONDITIONAL: 0
BRANCH_DIRECT_CALL: 0
BRANCH_INDIRECT_CALL: 0
BRANCH_RETURN: 0


CPU 1 cumulative IPC: 0.4041 instructions: 100000000 cycles: 247444012
CPU 1 Branch Prediction Accuracy: 100% MPKI: 0 Average ROB Occupancy at Mispredict: -
Branch type MPKI
BRANCH_DIRECT_JUMP: 0
BRANCH_INDIRECT: 0
BRANCH_CONDITIONAL: 0
BRANCH_DIRECT_CALL: 0
BRANCH_INDIRECT_CALL: 0
BRANCH_RETURN: 0


CPU 0 cumulative IPC: 0.4083 instructions: 100000003 cycles: 244891095
CPU 0 Branch Prediction Accuracy: 100% MPKI: 0 Average ROB Occupancy at Mispredict: -
Branch type MPKI
BRANCH_DIRECT_JUMP: 0
BRANCH_INDIRECT: 0
BRANCH_CONDITIONAL: 0
BRANCH_DIRECT_CALL: 0
BRANCH_INDIRECT_CALL: 0
BRANCH_RETURN: 0

cpu7->cpu7_STLB TOTAL        ACCESS:         27 HIT:          4 MISS:         23 MSHR_MERGE:          0
cpu7->cpu7_STLB LOAD         ACCESS:         27 HIT:          4 MISS:         23 MSHR_MERGE:          0
cpu7->cpu7_STLB RFO          ACCESS:          0 HIT:          0 MISS:          0 MSHR_MERGE:          0
cpu7->cpu7_STLB PREFETCH     ACCESS:          0 HIT:          0 MISS:          0 MSHR_MERGE:          0
cpu7->cpu7_STLB WRITE        ACCESS:          0 HIT:          0 MISS:          0 MSHR_MERGE:          0
cpu7->cpu7_STLB TRANSLATION  ACCESS:          0 HIT:          0 MISS:          0 MSHR_MERGE:          0
cpu7->cpu7_STLB PREFETCH REQUESTED:          0 ISSUED:          0 USEFUL:          0 USELESS:          0
cpu7->cpu7_STLB AVERAGE MISS LATENCY: 237.6 cycles
cpu7->cpu7_L2C TOTAL        ACCESS:    3769116 HIT:    1696467 MISS:    2072649 MSHR_MERGE:          0
cpu7->cpu7_L2C LOAD         ACCESS:    2275695 HIT:     528331 MISS:    1747364 MSHR_MERGE:          0
cpu7->cpu7_L2C RFO          ACCESS:     451844 HIT:     127209 MISS:     324635 MSHR_MERGE:          0
cpu7->cpu7_L2C PREFETCH     ACCESS:          0 HIT:          0 MISS:          0 MSHR_MERGE:          0
cpu7->cpu7_L2C WRITE        ACCESS:    1041555 HIT:    1040927 MISS:        628 MSHR_MERGE:          0
cpu7->cpu7_L2C TRANSLATION  ACCESS:         22 HIT:          0 MISS:         22 MSHR_MERGE:          0
cpu7->cpu7_L2C PREFETCH REQUESTED:          0 ISSUED:          0 USEFUL:          0 USELESS:          0
cpu7->cpu7_L2C AVERAGE MISS LATENCY: 330.8 cycles
cpu7->cpu7_L1I TOTAL        ACCESS:   20056810 HIT:   20046937 MISS:       9873 MSHR_MERGE:       5375
cpu7->cpu7_L1I LOAD         ACCESS:   20056810 HIT:   20046937 MISS:       9873 MSHR_MERGE:       5375
cpu7->cpu7_L1I RFO          ACCESS:          0 HIT:          0 MISS:          0 MSHR_MERGE:          0
cpu7->cpu7_L1I PREFETCH     ACCESS:          0 HIT:          0 MISS:          0 MSHR_MERGE:          0
cpu7->cpu7_L1I WRITE        ACCESS:          0 HIT:          0 MISS:          0 MSHR_MERGE:          0
cpu7->cpu7_L1I TRANSLATION  ACCESS:          0 HIT:          0 MISS:          0 MSHR_MERGE:          0
cpu7->cpu7_L1I PREFETCH REQUESTED:          0 ISSUED:          0 USEFUL:          0 USELESS:          0
cpu7->cpu7_L1I AVERAGE MISS LATENCY: 434.3 cycles
cpu7->cpu7_L1D TOTAL        ACCESS:   32026879 HIT:   25811138 MISS:    6215741 MSHR_MERGE:    3492666
cpu7->cpu7_L1D LOAD         ACCESS:   25512139 HIT:   21174716 MISS:    4337423 MSHR_MERGE:    2066226
cpu7->cpu7_L1D RFO          ACCESS:          0 HIT:          0 MISS:          0 MSHR_MERGE:          0
cpu7->cpu7_L1D PREFETCH     ACCESS:          0 HIT:          0 MISS:          0 MSHR_MERGE:          0
cpu7->cpu7_L1D WRITE        ACCESS:    6514717 HIT:    4636421 MISS:    1878296 MSHR_MERGE:    1426440
cpu7->cpu7_L1D TRANSLATION  ACCESS:         23 HIT:          1 MISS:         22 MSHR_MERGE:          0
cpu7->cpu7_L1D PREFETCH REQUESTED:          0 ISSUED:          0 USEFUL:          0 USELESS:          0
cpu7->cpu7_L1D AVERAGE MISS LATENCY: 259.9 cycles
cpu7->cpu7_ITLB TOTAL        ACCESS:   17332164 HIT:   17332154 MISS:         10 MSHR_MERGE:          7
cpu7->cpu7_ITLB LOAD         ACCESS:   17332164 HIT:   17332154 MISS:         10 MSHR_MERGE:          7
cpu7->cpu7_ITLB RFO          ACCESS:          0 HIT:          0 MISS:          0 MSHR_MERGE:          0
cpu7->cpu7_ITLB PREFETCH     ACCESS:          0 HIT:          0 MISS:          0 MSHR_MERGE:          0
cpu7->cpu7_ITLB WRITE        ACCESS:          0 HIT:          0 MISS:          0 MSHR_MERGE:          0
cpu7->cpu7_ITLB TRANSLATION  ACCESS:          0 HIT:          0 MISS:          0 MSHR_MERGE:          0
cpu7->cpu7_ITLB PREFETCH REQUESTED:          0 ISSUED:          0 USEFUL:          0 USELESS:          0
cpu7->cpu7_ITLB AVERAGE MISS LATENCY: 280.3 cycles
cpu7->cpu7_DTLB TOTAL        ACCESS:   30148409 HIT:   30148269 MISS:        140 MSHR_MERGE:        116
cpu7->cpu7_DTLB LOAD         ACCESS:   30148409 HIT:   30148269 MISS:        140 MSHR_MERGE:        116
cpu7->cpu7_DTLB RFO          ACCESS:          0 HIT:          0 MISS:          0 MSHR_MERGE:          0
cpu7->cpu7_DTLB PREFETCH     ACCESS:          0 HIT:          0 MISS:          0 MSHR_MERGE:          0
cpu7->cpu7_DTLB WRITE        ACCESS:          0 HIT:          0 MISS:          0 MSHR_MERGE:          0
cpu7->cpu7_DTLB TRANSLATION  ACCESS:          0 HIT:          0 MISS:          0 MSHR_MERGE:          0
cpu7->cpu7_DTLB PREFETCH REQUESTED:          0 ISSUED:          0 USEFUL:          0 USELESS:          0
cpu7->cpu7_DTLB AVERAGE MISS LATENCY: 199.2 cycles
cpu6->cpu6_STLB TOTAL        ACCESS:         27 HIT:          4 MISS:         23 MSHR_MERGE:          0
cpu6->cpu6_STLB LOAD         ACCESS:         27 HIT:          4 MISS:         23 MSHR_MERGE:          0
cpu6->cpu6_STLB RFO          ACCESS:          0 HIT:          0 MISS:          0 MSHR_MERGE:          0
cpu6->cpu6_STLB PREFETCH     ACCESS:          0 HIT:          0 MISS:          0 MSHR_MERGE:          0
cpu6->cpu6_STLB WRITE        ACCESS:          0 HIT:          0 MISS:          0 MSHR_MERGE:          0
cpu6->cpu6_STLB TRANSLATION  ACCESS:          0 HIT:          0 MISS:          0 MSHR_MERGE:          0
cpu6->cpu6_STLB PREFETCH REQUESTED:          0 ISSUED:          0 USEFUL:          0 USELESS:          0
cpu6->cpu6_STLB AVERAGE MISS LATENCY: 340.1 cycles
cpu6->cpu6_L2C TOTAL        ACCESS:    3770211 HIT:    1696681 MISS:    2073530 MSHR_MERGE:          0
cpu6->cpu6_L2C LOAD         ACCESS:    2276539 HIT:     528289 MISS:    1748250 MSHR_MERGE:          0
cpu6->cpu6_L2C RFO          ACCESS:     451853 HIT:     127223 MISS:     324630 MSHR_MERGE:          0
cpu6->cpu6_L2C PREFETCH     ACCESS:          0 HIT:          0 MISS:          0 MSHR_MERGE:          0
cpu6->cpu6_L2C WRITE        ACCESS:    1041797 HIT:    1041169 MISS:        628 MSHR_MERGE:          0
cpu6->cpu6_L2C TRANSLATION  ACCESS:         22 HIT:          0 MISS:         22 MSHR_MERGE:          0
cpu6->cpu6_L2C PREFETCH REQUESTED:          0 ISSUED:          0 USEFUL:          0 USELESS:          0
cpu6->cpu6_L2C AVERAGE MISS LATENCY: 328.7 cycles
cpu6->cpu6_L1I TOTAL        ACCESS:   20076236 HIT:   20066438 MISS:       9798 MSHR_MERGE:       5300
cpu6->cpu6_L1I LOAD         ACCESS:   20076236 HIT:   20066438 MISS:       9798 MSHR_MERGE:       5300
cpu6->cpu6_L1I RFO          ACCESS:          0 HIT:          0 MISS:          0 MSHR_MERGE:          0
cpu6->cpu6_L1I PREFETCH     ACCESS:          0 HIT:          0 MISS:          0 MSHR_MERGE:          0
cpu6->cpu6_L1I WRITE        ACCESS:          0 HIT:          0 MISS:          0 MSHR_MERGE:          0
cpu6->cpu6_L1I TRANSLATION  ACCESS:          0 HIT:          0 MISS:          0 MSHR_MERGE:          0
cpu6->cpu6_L1I PREFETCH REQUESTED:          0 ISSUED:          0 USEFUL:          0 USELESS:          0
cpu6->cpu6_L1I AVERAGE MISS LATENCY: 446.8 cycles
cpu6->cpu6_L1D TOTAL        ACCESS:   32075372 HIT:   25866838 MISS:    6208534 MSHR_MERGE:    3484601
cpu6->cpu6_L1D LOAD         ACCESS:   25555634 HIT:   21219123 MISS:    4336511 MSHR_MERGE:    2064468
cpu6->cpu6_L1D RFO          ACCESS:          0 HIT:          0 MISS:          0 MSHR_MERGE:          0
cpu6->cpu6_L1D PREFETCH     ACCESS:          0 HIT:          0 MISS:          0 MSHR_MERGE:          0
cpu6->cpu6_L1D WRITE        ACCESS:    6519715 HIT:    4647714 MISS:    1872001 MSHR_MERGE:    1420133
cpu6->cpu6_L1D TRANSLATION  ACCESS:         23 HIT:          1 MISS:         22 MSHR_MERGE:          0
cpu6->cpu6_L1D PREFETCH REQUESTED:          0 ISSUED:          0 USEFUL:          0 USELESS:          0
cpu6->cpu6_L1D AVERAGE MISS LATENCY: 258.3 cycles
cpu6->cpu6_ITLB TOTAL        ACCESS:   17353441 HIT:   17353432 MISS:          9 MSHR_MERGE:          6
cpu6->cpu6_ITLB LOAD         ACCESS:   17353441 HIT:   17353432 MISS:          9 MSHR_MERGE:          6
cpu6->cpu6_ITLB RFO          ACCESS:          0 HIT:          0 MISS:          0 MSHR_MERGE:          0
cpu6->cpu6_ITLB PREFETCH     ACCESS:          0 HIT:          0 MISS:          0 MSHR_MERGE:          0
cpu6->cpu6_ITLB WRITE        ACCESS:          0 HIT:          0 MISS:          0 MSHR_MERGE:          0
cpu6->cpu6_ITLB TRANSLATION  ACCESS:          0 HIT:          0 MISS:          0 MSHR_MERGE:          0
cpu6->cpu6_ITLB PREFETCH REQUESTED:          0 ISSUED:          0 USEFUL:          0 USELESS:          0
cpu6->cpu6_ITLB AVERAGE MISS LATENCY: 643.3 cycles
cpu6->cpu6_DTLB TOTAL        ACCESS:   30218467 HIT:   30218329 MISS:        138 MSHR_MERGE:        114
cpu6->cpu6_DTLB LOAD         ACCESS:   30218467 HIT:   30218329 MISS:        138 MSHR_MERGE:        114
cpu6->cpu6_DTLB RFO          ACCESS:          0 HIT:          0 MISS:          0 MSHR_MERGE:          0
cpu6->cpu6_DTLB PREFETCH     ACCESS:          0 HIT:          0 MISS:          0 MSHR_MERGE:          0
cpu6->cpu6_DTLB WRITE        ACCESS:          0 HIT:          0 MISS:          0 MSHR_MERGE:          0
cpu6->cpu6_DTLB TRANSLATION  ACCESS:          0 HIT:          0 MISS:          0 MSHR_MERGE:          0
cpu6->cpu6_DTLB PREFETCH REQUESTED:          0 ISSUED:          0 USEFUL:          0 USELESS:          0
cpu6->cpu6_DTLB AVERAGE MISS LATENCY: 252.1 cycles
cpu5->cpu5_STLB TOTAL        ACCESS:         27 HIT:          4 MISS:         23 MSHR_MERGE:          0
cpu5->cpu5_STLB LOAD         ACCESS:         27 HIT:          4 MISS:         23 MSHR_MERGE:          0
cpu5->cpu5_STLB RFO          ACCESS:          0 HIT:          0 MISS:          0 MSHR_MERGE:          0
cpu5->cpu5_STLB PREFETCH     ACCESS:          0 HIT:          0 MISS:          0 MSHR_MERGE:          0
cpu5->cpu5_STLB WRITE        ACCESS:          0 HIT:          0 MISS:          0 MSHR_MERGE:          0
cpu5->cpu5_STLB TRANSLATION  ACCESS:          0 HIT:          0 MISS:          0 MSHR_MERGE:          0
cpu5->cpu5_STLB PREFETCH REQUESTED:          0 ISSUED:          0 USEFUL:          0 USELESS:          0
cpu5->cpu5_STLB AVERAGE MISS LATENCY: 235.4 cycles
cpu5->cpu5_L2C TOTAL        ACCESS:    3767814 HIT:    1696080 MISS:    2071734 MSHR_MERGE:          0
cpu5->cpu5_L2C LOAD         ACCESS:    2274773 HIT:     528322 MISS:    1746451 MSHR_MERGE:          0
cpu5->cpu5_L2C RFO          ACCESS:     451821 HIT:     127188 MISS:     324633 MSHR_MERGE:          0
cpu5->cpu5_L2C PREFETCH     ACCESS:          0 HIT:          0 MISS:          0 MSHR_MERGE:          0
cpu5->cpu5_L2C WRITE        ACCESS:    1041198 HIT:    1040570 MISS:        628 MSHR_MERGE:          0
cpu5->cpu5_L2C TRANSLATION  ACCESS:         22 HIT:          0 MISS:         22 MSHR_MERGE:          0
cpu5->cpu5_L2C PREFETCH REQUESTED:          0 ISSUED:          0 USEFUL:          0 USELESS:          0
cpu5->cpu5_L2C AVERAGE MISS LATENCY: 327.4 cycles
cpu5->cpu5_L1I TOTAL        ACCESS:   20024770 HIT:   20014989 MISS:       9781 MSHR_MERGE:       5283
cpu5->cpu5_L1I LOAD         ACCESS:   20024770 HIT:   20014989 MISS:       9781 MSHR_MERGE:       5283
cpu5->cpu5_L1I RFO          ACCESS:          0 HIT:          0 MISS:          0 MSHR_MERGE:          0
cpu5->cpu5_L1I PREFETCH     ACCESS:          0 HIT:          0 MISS:          0 MSHR_MERGE:          0
cpu5->cpu5_L1I WRITE        ACCESS:          0 HIT:          0 MISS:          0 MSHR_MERGE:          0
cpu5->cpu5_L1I TRANSLATION  ACCESS:          0 HIT:          0 MISS:          0 MSHR_MERGE:          0
cpu5->cpu5_L1I PREFETCH REQUESTED:          0 ISSUED:          0 USEFUL:          0 USELESS:          0
cpu5->cpu5_L1I AVERAGE MISS LATENCY: 420.5 cycles
cpu5->cpu5_L1D TOTAL        ACCESS:   31987827 HIT:   25770929 MISS:    6216898 MSHR_MERGE:    3494764
cpu5->cpu5_L1D LOAD         ACCESS:   25478438 HIT:   21140611 MISS:    4337827 MSHR_MERGE:    2067552
cpu5->cpu5_L1D RFO          ACCESS:          0 HIT:          0 MISS:          0 MSHR_MERGE:          0
cpu5->cpu5_L1D PREFETCH     ACCESS:          0 HIT:          0 MISS:          0 MSHR_MERGE:          0
cpu5->cpu5_L1D WRITE        ACCESS:    6509366 HIT:    4630317 MISS:    1879049 MSHR_MERGE:    1427212
cpu5->cpu5_L1D TRANSLATION  ACCESS:         23 HIT:          1 MISS:         22 MSHR_MERGE:          0
cpu5->cpu5_L1D PREFETCH REQUESTED:          0 ISSUED:          0 USEFUL:          0 USELESS:          0
cpu5->cpu5_L1D AVERAGE MISS LATENCY: 257.3 cycles
cpu5->cpu5_ITLB TOTAL        ACCESS:   17310244 HIT:   17310238 MISS:          6 MSHR_MERGE:          3
cpu5->cpu5_ITLB LOAD         ACCESS:   17310244 HIT:   17310238 MISS:          6 MSHR_MERGE:          3
cpu5->cpu5_ITLB RFO          ACCESS:          0 HIT:          0 MISS:          0 MSHR_MERGE:          0
cpu5->cpu5_ITLB PREFETCH     ACCESS:          0 HIT:          0 MISS:          0 MSHR_MERGE:          0
cpu5->cpu5_ITLB WRITE        ACCESS:          0 HIT:          0 MISS:          0 MSHR_MERGE:          0
cpu5->cpu5_ITLB TRANSLATION  ACCESS:          0 HIT:          0 MISS:          0 MSHR_MERGE:          0
cpu5->cpu5_ITLB PREFETCH REQUESTED:          0 ISSUED:          0 USEFUL:          0 USELESS:          0
cpu5->cpu5_ITLB AVERAGE MISS LATENCY: 251.3 cycles
cpu5->cpu5_DTLB TOTAL        ACCESS:   30104995 HIT:   30104872 MISS:        123 MSHR_MERGE:         99
cpu5->cpu5_DTLB LOAD         ACCESS:   30104995 HIT:   30104872 MISS:        123 MSHR_MERGE:         99
cpu5->cpu5_DTLB RFO          ACCESS:          0 HIT:          0 MISS:          0 MSHR_MERGE:          0
cpu5->cpu5_DTLB PREFETCH     ACCESS:          0 HIT:          0 MISS:          0 MSHR_MERGE:          0
cpu5->cpu5_DTLB WRITE        ACCESS:          0 HIT:          0 MISS:          0 MSHR_MERGE:          0
cpu5->cpu5_DTLB TRANSLATION  ACCESS:          0 HIT:          0 MISS:          0 MSHR_MERGE:          0
cpu5->cpu5_DTLB PREFETCH REQUESTED:          0 ISSUED:          0 USEFUL:          0 USELESS:          0
cpu5->cpu5_DTLB AVERAGE MISS LATENCY: 200.8 cycles
cpu4->cpu4_STLB TOTAL        ACCESS:         27 HIT:          4 MISS:         23 MSHR_MERGE:          0
cpu4->cpu4_STLB LOAD         ACCESS:         27 HIT:          4 MISS:         23 MSHR_MERGE:          0
cpu4->cpu4_STLB RFO          ACCESS:          0 HIT:          0 MISS:          0 MSHR_MERGE:          0
cpu4->cpu4_STLB PREFETCH     ACCESS:          0 HIT:          0 MISS:          0 MSHR_MERGE:          0
cpu4->cpu4_STLB WRITE        ACCESS:          0 HIT:          0 MISS:          0 MSHR_MERGE:          0
cpu4->cpu4_STLB TRANSLATION  ACCESS:          0 HIT:          0 MISS:          0 MSHR_MERGE:          0
cpu4->cpu4_STLB PREFETCH REQUESTED:          0 ISSUED:          0 USEFUL:          0 USELESS:          0
cpu4->cpu4_STLB AVERAGE MISS LATENCY: 243.5 cycles
cpu4->cpu4_L2C TOTAL        ACCESS:    3746029 HIT:    1690739 MISS:    2055290 MSHR_MERGE:          0
cpu4->cpu4_L2C LOAD         ACCESS:    2258494 HIT:     528223 MISS:    1730271 MSHR_MERGE:          0
cpu4->cpu4_L2C RFO          ACCESS:     451735 HIT:     127233 MISS:     324502 MSHR_MERGE:          0
cpu4->cpu4_L2C PREFETCH     ACCESS:          0 HIT:          0 MISS:          0 MSHR_MERGE:          0
cpu4->cpu4_L2C WRITE        ACCESS:    1035778 HIT:    1035283 MISS:        495 MSHR_MERGE:          0
cpu4->cpu4_L2C TRANSLATION  ACCESS:         22 HIT:          0 MISS:         22 MSHR_MERGE:          0
cpu4->cpu4_L2C PREFETCH REQUESTED:          0 ISSUED:          0 USEFUL:          0 USELESS:          0
cpu4->cpu4_L2C AVERAGE MISS LATENCY: 331 cycles
cpu4->cpu4_L1I TOTAL        ACCESS:   19363785 HIT:   19354059 MISS:       9726 MSHR_MERGE:       5257
cpu4->cpu4_L1I LOAD         ACCESS:   19363785 HIT:   19354059 MISS:       9726 MSHR_MERGE:       5257
cpu4->cpu4_L1I RFO          ACCESS:          0 HIT:          0 MISS:          0 MSHR_MERGE:          0
cpu4->cpu4_L1I PREFETCH     ACCESS:          0 HIT:          0 MISS:          0 MSHR_MERGE:          0
cpu4->cpu4_L1I WRITE        ACCESS:          0 HIT:          0 MISS:          0 MSHR_MERGE:          0
cpu4->cpu4_L1I TRANSLATION  ACCESS:          0 HIT:          0 MISS:          0 MSHR_MERGE:          0
cpu4->cpu4_L1I PREFETCH REQUESTED:          0 ISSUED:          0 USEFUL:          0 USELESS:          0
cpu4->cpu4_L1I AVERAGE MISS LATENCY: 394.2 cycles
cpu4->cpu4_L1D TOTAL        ACCESS:   31080599 HIT:   24913916 MISS:    6166683 MSHR_MERGE:    3460890
cpu4->cpu4_L1D LOAD         ACCESS:   24665464 HIT:   20370422 MISS:    4295042 MSHR_MERGE:    2041016
cpu4->cpu4_L1D RFO          ACCESS:          0 HIT:          0 MISS:          0 MSHR_MERGE:          0
cpu4->cpu4_L1D PREFETCH     ACCESS:          0 HIT:          0 MISS:          0 MSHR_MERGE:          0
cpu4->cpu4_L1D WRITE        ACCESS:    6415112 HIT:    4543493 MISS:    1871619 MSHR_MERGE:    1419874
cpu4->cpu4_L1D TRANSLATION  ACCESS:         23 HIT:          1 MISS:         22 MSHR_MERGE:          0
cpu4->cpu4_L1D PREFETCH REQUESTED:          0 ISSUED:          0 USEFUL:          0 USELESS:          0
cpu4->cpu4_L1D AVERAGE MISS LATENCY: 259.6 cycles
cpu4->cpu4_ITLB TOTAL        ACCESS:   16810264 HIT:   16810255 MISS:          9 MSHR_MERGE:          6
cpu4->cpu4_ITLB LOAD         ACCESS:   16810264 HIT:   16810255 MISS:          9 MSHR_MERGE:          6
cpu4->cpu4_ITLB RFO          ACCESS:          0 HIT:          0 MISS:          0 MSHR_MERGE:          0
cpu4->cpu4_ITLB PREFETCH     ACCESS:          0 HIT:          0 MISS:          0 MSHR_MERGE:          0
cpu4->cpu4_ITLB WRITE        ACCESS:          0 HIT:          0 MISS:          0 MSHR_MERGE:          0
cpu4->cpu4_ITLB TRANSLATION  ACCESS:          0 HIT:          0 MISS:          0 MSHR_MERGE:          0
cpu4->cpu4_ITLB PREFETCH REQUESTED:          0 ISSUED:          0 USEFUL:          0 USELESS:          0
cpu4->cpu4_ITLB AVERAGE MISS LATENCY: 266 cycles
cpu4->cpu4_DTLB TOTAL        ACCESS:   29248284 HIT:   29248156 MISS:        128 MSHR_MERGE:        104
cpu4->cpu4_DTLB LOAD         ACCESS:   29248284 HIT:   29248156 MISS:        128 MSHR_MERGE:        104
cpu4->cpu4_DTLB RFO          ACCESS:          0 HIT:          0 MISS:          0 MSHR_MERGE:          0
cpu4->cpu4_DTLB PREFETCH     ACCESS:          0 HIT:          0 MISS:          0 MSHR_MERGE:          0
cpu4->cpu4_DTLB WRITE        ACCESS:          0 HIT:          0 MISS:          0 MSHR_MERGE:          0
cpu4->cpu4_DTLB TRANSLATION  ACCESS:          0 HIT:          0 MISS:          0 MSHR_MERGE:          0
cpu4->cpu4_DTLB PREFETCH REQUESTED:          0 ISSUED:          0 USEFUL:          0 USELESS:          0
cpu4->cpu4_DTLB AVERAGE MISS LATENCY: 206.7 cycles
cpu3->cpu3_STLB TOTAL        ACCESS:         27 HIT:          4 MISS:         23 MSHR_MERGE:          0
cpu3->cpu3_STLB LOAD         ACCESS:         27 HIT:          4 MISS:         23 MSHR_MERGE:          0
cpu3->cpu3_STLB RFO          ACCESS:          0 HIT:          0 MISS:          0 MSHR_MERGE:          0
cpu3->cpu3_STLB PREFETCH     ACCESS:          0 HIT:          0 MISS:          0 MSHR_MERGE:          0
cpu3->cpu3_STLB WRITE        ACCESS:          0 HIT:          0 MISS:          0 MSHR_MERGE:          0
cpu3->cpu3_STLB TRANSLATION  ACCESS:          0 HIT:          0 MISS:          0 MSHR_MERGE:          0
cpu3->cpu3_STLB PREFETCH REQUESTED:          0 ISSUED:          0 USEFUL:          0 USELESS:          0
cpu3->cpu3_STLB AVERAGE MISS LATENCY: 389.6 cycles
cpu3->cpu3_L2C TOTAL        ACCESS:    3770649 HIT:    1696793 MISS:    2073856 MSHR_MERGE:          0
cpu3->cpu3_L2C LOAD         ACCESS:    2276833 HIT:     528264 MISS:    1748569 MSHR_MERGE:          0
cpu3->cpu3_L2C RFO          ACCESS:     451877 HIT:     127240 MISS:     324637 MSHR_MERGE:          0
cpu3->cpu3_L2C PREFETCH     ACCESS:          0 HIT:          0 MISS:          0 MSHR_MERGE:          0
cpu3->cpu3_L2C WRITE        ACCESS:    1041917 HIT:    1041289 MISS:        628 MSHR_MERGE:          0
cpu3->cpu3_L2C TRANSLATION  ACCESS:         22 HIT:          0 MISS:         22 MSHR_MERGE:          0
cpu3->cpu3_L2C PREFETCH REQUESTED:          0 ISSUED:          0 USEFUL:          0 USELESS:          0
cpu3->cpu3_L2C AVERAGE MISS LATENCY: 322.2 cycles
cpu3->cpu3_L1I TOTAL        ACCESS:   20098233 HIT:   20088357 MISS:       9876 MSHR_MERGE:       5378
cpu3->cpu3_L1I LOAD         ACCESS:   20098233 HIT:   20088357 MISS:       9876 MSHR_MERGE:       5378
cpu3->cpu3_L1I RFO          ACCESS:          0 HIT:          0 MISS:          0 MSHR_MERGE:          0
cpu3->cpu3_L1I PREFETCH     ACCESS:          0 HIT:          0 MISS:          0 MSHR_MERGE:          0
cpu3->cpu3_L1I WRITE        ACCESS:          0 HIT:          0 MISS:          0 MSHR_MERGE:          0
cpu3->cpu3_L1I TRANSLATION  ACCESS:          0 HIT:          0 MISS:          0 MSHR_MERGE:          0
cpu3->cpu3_L1I PREFETCH REQUESTED:          0 ISSUED:          0 USEFUL:          0 USELESS:          0
cpu3->cpu3_L1I AVERAGE MISS LATENCY: 421.5 cycles
cpu3->cpu3_L1D TOTAL        ACCESS:   32102129 HIT:   25892941 MISS:    6209188 MSHR_MERGE:    3484947
cpu3->cpu3_L1D LOAD         ACCESS:   25580570 HIT:   21245772 MISS:    4334798 MSHR_MERGE:    2062462
cpu3->cpu3_L1D RFO          ACCESS:          0 HIT:          0 MISS:          0 MSHR_MERGE:          0
cpu3->cpu3_L1D PREFETCH     ACCESS:          0 HIT:          0 MISS:          0 MSHR_MERGE:          0
cpu3->cpu3_L1D WRITE        ACCESS:    6521536 HIT:    4647168 MISS:    1874368 MSHR_MERGE:    1422485
cpu3->cpu3_L1D TRANSLATION  ACCESS:         23 HIT:          1 MISS:         22 MSHR_MERGE:          0
cpu3->cpu3_L1D PREFETCH REQUESTED:          0 ISSUED:          0 USEFUL:          0 USELESS:          0
cpu3->cpu3_L1D AVERAGE MISS LATENCY: 253.4 cycles
cpu3->cpu3_ITLB TOTAL        ACCESS:   17379088 HIT:   17379073 MISS:         15 MSHR_MERGE:         12
cpu3->cpu3_ITLB LOAD         ACCESS:   17379088 HIT:   17379073 MISS:         15 MSHR_MERGE:         12
cpu3->cpu3_ITLB RFO          ACCESS:          0 HIT:          0 MISS:          0 MSHR_MERGE:          0
cpu3->cpu3_ITLB PREFETCH     ACCESS:          0 HIT:          0 MISS:          0 MSHR_MERGE:          0
cpu3->cpu3_ITLB WRITE        ACCESS:          0 HIT:          0 MISS:          0 MSHR_MERGE:          0
cpu3->cpu3_ITLB TRANSLATION  ACCESS:          0 HIT:          0 MISS:          0 MSHR_MERGE:          0
cpu3->cpu3_ITLB PREFETCH REQUESTED:          0 ISSUED:          0 USEFUL:          0 USELESS:          0
cpu3->cpu3_ITLB AVERAGE MISS LATENCY: 520.7 cycles
cpu3->cpu3_DTLB TOTAL        ACCESS:   30244172 HIT:   30244046 MISS:        126 MSHR_MERGE:        102
cpu3->cpu3_DTLB LOAD         ACCESS:   30244172 HIT:   30244046 MISS:        126 MSHR_MERGE:        102
cpu3->cpu3_DTLB RFO          ACCESS:          0 HIT:          0 MISS:          0 MSHR_MERGE:          0
cpu3->cpu3_DTLB PREFETCH     ACCESS:          0 HIT:          0 MISS:          0 MSHR_MERGE:          0
cpu3->cpu3_DTLB WRITE        ACCESS:          0 HIT:          0 MISS:          0 MSHR_MERGE:          0
cpu3->cpu3_DTLB TRANSLATION  ACCESS:          0 HIT:          0 MISS:          0 MSHR_MERGE:          0
cpu3->cpu3_DTLB PREFETCH REQUESTED:          0 ISSUED:          0 USEFUL:          0 USELESS:          0
cpu3->cpu3_DTLB AVERAGE MISS LATENCY: 314.8 cycles
cpu2->cpu2_STLB TOTAL        ACCESS:         27 HIT:          4 MISS:         23 MSHR_MERGE:          0
cpu2->cpu2_STLB LOAD         ACCESS:         27 HIT:          4 MISS:         23 MSHR_MERGE:          0
cpu2->cpu2_STLB RFO          ACCESS:          0 HIT:          0 MISS:          0 MSHR_MERGE:          0
cpu2->cpu2_STLB PREFETCH     ACCESS:          0 HIT:          0 MISS:          0 MSHR_MERGE:          0
cpu2->cpu2_STLB WRITE        ACCESS:          0 HIT:          0 MISS:          0 MSHR_MERGE:          0
cpu2->cpu2_STLB TRANSLATION  ACCESS:          0 HIT:          0 MISS:          0 MSHR_MERGE:          0
cpu2->cpu2_STLB PREFETCH REQUESTED:          0 ISSUED:          0 USEFUL:          0 USELESS:          0
cpu2->cpu2_STLB AVERAGE MISS LATENCY: 236.2 cycles
cpu2->cpu2_L2C TOTAL        ACCESS:    3763896 HIT:    1694991 MISS:    2068905 MSHR_MERGE:          0
cpu2->cpu2_L2C LOAD         ACCESS:    2272077 HIT:     528196 MISS:    1743881 MSHR_MERGE:          0
cpu2->cpu2_L2C RFO          ACCESS:     451731 HIT:     127228 MISS:     324503 MSHR_MERGE:          0
cpu2->cpu2_L2C PREFETCH     ACCESS:          0 HIT:          0 MISS:          0 MSHR_MERGE:          0
cpu2->cpu2_L2C WRITE        ACCESS:    1040066 HIT:    1039567 MISS:        499 MSHR_MERGE:          0
cpu2->cpu2_L2C TRANSLATION  ACCESS:         22 HIT:          0 MISS:         22 MSHR_MERGE:          0
cpu2->cpu2_L2C PREFETCH REQUESTED:          0 ISSUED:          0 USEFUL:          0 USELESS:          0
cpu2->cpu2_L2C AVERAGE MISS LATENCY: 326.3 cycles
cpu2->cpu2_L1I TOTAL        ACCESS:   19923208 HIT:   19913420 MISS:       9788 MSHR_MERGE:       5319
cpu2->cpu2_L1I LOAD         ACCESS:   19923208 HIT:   19913420 MISS:       9788 MSHR_MERGE:       5319
cpu2->cpu2_L1I RFO          ACCESS:          0 HIT:          0 MISS:          0 MSHR_MERGE:          0
cpu2->cpu2_L1I PREFETCH     ACCESS:          0 HIT:          0 MISS:          0 MSHR_MERGE:          0
cpu2->cpu2_L1I WRITE        ACCESS:          0 HIT:          0 MISS:          0 MSHR_MERGE:          0
cpu2->cpu2_L1I TRANSLATION  ACCESS:          0 HIT:          0 MISS:          0 MSHR_MERGE:          0
cpu2->cpu2_L1I PREFETCH REQUESTED:          0 ISSUED:          0 USEFUL:          0 USELESS:          0
cpu2->cpu2_L1I AVERAGE MISS LATENCY: 423.1 cycles
cpu2->cpu2_L1D TOTAL        ACCESS:   31848080 HIT:   25647813 MISS:    6200267 MSHR_MERGE:    3480899
cpu2->cpu2_L1D LOAD         ACCESS:   25353152 HIT:   21023767 MISS:    4329385 MSHR_MERGE:    2061777
cpu2->cpu2_L1D RFO          ACCESS:          0 HIT:          0 MISS:          0 MSHR_MERGE:          0
cpu2->cpu2_L1D PREFETCH     ACCESS:          0 HIT:          0 MISS:          0 MSHR_MERGE:          0
cpu2->cpu2_L1D WRITE        ACCESS:    6494905 HIT:    4624045 MISS:    1870860 MSHR_MERGE:    1419122
cpu2->cpu2_L1D TRANSLATION  ACCESS:         23 HIT:          1 MISS:         22 MSHR_MERGE:          0
cpu2->cpu2_L1D PREFETCH REQUESTED:          0 ISSUED:          0 USEFUL:          0 USELESS:          0
cpu2->cpu2_L1D AVERAGE MISS LATENCY: 256.4 cycles
cpu2->cpu2_ITLB TOTAL        ACCESS:   17227659 HIT:   17227651 MISS:          8 MSHR_MERGE:          5
cpu2->cpu2_ITLB LOAD         ACCESS:   17227659 HIT:   17227651 MISS:          8 MSHR_MERGE:          5
cpu2->cpu2_ITLB RFO          ACCESS:          0 HIT:          0 MISS:          0 MSHR_MERGE:          0
cpu2->cpu2_ITLB PREFETCH     ACCESS:          0 HIT:          0 MISS:          0 MSHR_MERGE:          0
cpu2->cpu2_ITLB WRITE        ACCESS:          0 HIT:          0 MISS:          0 MSHR_MERGE:          0
cpu2->cpu2_ITLB TRANSLATION  ACCESS:          0 HIT:          0 MISS:          0 MSHR_MERGE:          0
cpu2->cpu2_ITLB PREFETCH REQUESTED:          0 ISSUED:          0 USEFUL:          0 USELESS:          0
cpu2->cpu2_ITLB AVERAGE MISS LATENCY: 273 cycles
cpu2->cpu2_DTLB TOTAL        ACCESS:   29972952 HIT:   29972820 MISS:        132 MSHR_MERGE:        108
cpu2->cpu2_DTLB LOAD         ACCESS:   29972952 HIT:   29972820 MISS:        132 MSHR_MERGE:        108
cpu2->cpu2_DTLB RFO          ACCESS:          0 HIT:          0 MISS:          0 MSHR_MERGE:          0
cpu2->cpu2_DTLB PREFETCH     ACCESS:          0 HIT:          0 MISS:          0 MSHR_MERGE:          0
cpu2->cpu2_DTLB WRITE        ACCESS:          0 HIT:          0 MISS:          0 MSHR_MERGE:          0
cpu2->cpu2_DTLB TRANSLATION  ACCESS:          0 HIT:          0 MISS:          0 MSHR_MERGE:          0
cpu2->cpu2_DTLB PREFETCH REQUESTED:          0 ISSUED:          0 USEFUL:          0 USELESS:          0
cpu2->cpu2_DTLB AVERAGE MISS LATENCY: 198.8 cycles
cpu1->cpu1_STLB TOTAL        ACCESS:         27 HIT:          4 MISS:         23 MSHR_MERGE:          0
cpu1->cpu1_STLB LOAD         ACCESS:         27 HIT:          4 MISS:         23 MSHR_MERGE:          0
cpu1->cpu1_STLB RFO          ACCESS:          0 HIT:          0 MISS:          0 MSHR_MERGE:          0
cpu1->cpu1_STLB PREFETCH     ACCESS:          0 HIT:          0 MISS:          0 MSHR_MERGE:          0
cpu1->cpu1_STLB WRITE        ACCESS:          0 HIT:          0 MISS:          0 MSHR_MERGE:          0
cpu1->cpu1_STLB TRANSLATION  ACCESS:          0 HIT:          0 MISS:          0 MSHR_MERGE:          0
cpu1->cpu1_STLB PREFETCH REQUESTED:          0 ISSUED:          0 USEFUL:          0 USELESS:          0
cpu1->cpu1_STLB AVERAGE MISS LATENCY: 235.7 cycles
cpu1->cpu1_L2C TOTAL        ACCESS:    3751754 HIT:    1692266 MISS:    2059488 MSHR_MERGE:          0
cpu1->cpu1_L2C LOAD         ACCESS:    2262779 HIT:     528317 MISS:    1734462 MSHR_MERGE:          0
cpu1->cpu1_L2C RFO          ACCESS:     451711 HIT:     127206 MISS:     324505 MSHR_MERGE:          0
cpu1->cpu1_L2C PREFETCH     ACCESS:          0 HIT:          0 MISS:          0 MSHR_MERGE:          0
cpu1->cpu1_L2C WRITE        ACCESS:    1037242 HIT:    1036743 MISS:        499 MSHR_MERGE:          0
cpu1->cpu1_L2C TRANSLATION  ACCESS:         22 HIT:          0 MISS:         22 MSHR_MERGE:          0
cpu1->cpu1_L2C PREFETCH REQUESTED:          0 ISSUED:          0 USEFUL:          0 USELESS:          0
cpu1->cpu1_L2C AVERAGE MISS LATENCY: 329.8 cycles
cpu1->cpu1_L1I TOTAL        ACCESS:   19548195 HIT:   19538354 MISS:       9841 MSHR_MERGE:       5372
cpu1->cpu1_L1I LOAD         ACCESS:   19548195 HIT:   19538354 MISS:       9841 MSHR_MERGE:       5372
cpu1->cpu1_L1I RFO          ACCESS:          0 HIT:          0 MISS:          0 MSHR_MERGE:          0
cpu1->cpu1_L1I PREFETCH     ACCESS:          0 HIT:          0 MISS:          0 MSHR_MERGE:          0
cpu1->cpu1_L1I WRITE        ACCESS:          0 HIT:          0 MISS:          0 MSHR_MERGE:          0
cpu1->cpu1_L1I TRANSLATION  ACCESS:          0 HIT:          0 MISS:          0 MSHR_MERGE:          0
cpu1->cpu1_L1I PREFETCH REQUESTED:          0 ISSUED:          0 USEFUL:          0 USELESS:          0
cpu1->cpu1_L1I AVERAGE MISS LATENCY: 404.6 cycles
cpu1->cpu1_L1D TOTAL        ACCESS:   31324018 HIT:   25144953 MISS:    6179065 MSHR_MERGE:    3469015
cpu1->cpu1_L1D LOAD         ACCESS:   24884273 HIT:   20577143 MISS:    4307130 MSHR_MERGE:    2048819
cpu1->cpu1_L1D RFO          ACCESS:          0 HIT:          0 MISS:          0 MSHR_MERGE:          0
cpu1->cpu1_L1D PREFETCH     ACCESS:          0 HIT:          0 MISS:          0 MSHR_MERGE:          0
cpu1->cpu1_L1D WRITE        ACCESS:    6439722 HIT:    4567809 MISS:    1871913 MSHR_MERGE:    1420196
cpu1->cpu1_L1D TRANSLATION  ACCESS:         23 HIT:          1 MISS:         22 MSHR_MERGE:          0
cpu1->cpu1_L1D PREFETCH REQUESTED:          0 ISSUED:          0 USEFUL:          0 USELESS:          0
cpu1->cpu1_L1D AVERAGE MISS LATENCY: 258.8 cycles
cpu1->cpu1_ITLB TOTAL        ACCESS:   16963293 HIT:   16963285 MISS:          8 MSHR_MERGE:          5
cpu1->cpu1_ITLB LOAD         ACCESS:   16963293 HIT:   16963285 MISS:          8 MSHR_MERGE:          5
cpu1->cpu1_ITLB RFO          ACCESS:          0 HIT:          0 MISS:          0 MSHR_MERGE:          0
cpu1->cpu1_ITLB PREFETCH     ACCESS:          0 HIT:          0 MISS:          0 MSHR_MERGE:          0
cpu1->cpu1_ITLB WRITE        ACCESS:          0 HIT:          0 MISS:          0 MSHR_MERGE:          0
cpu1->cpu1_ITLB TRANSLATION  ACCESS:          0 HIT:          0 MISS:          0 MSHR_MERGE:          0
cpu1->cpu1_ITLB PREFETCH REQUESTED:          0 ISSUED:          0 USEFUL:          0 USELESS:          0
cpu1->cpu1_ITLB AVERAGE MISS LATENCY: 266.3 cycles
cpu1->cpu1_DTLB TOTAL        ACCESS:   29476493 HIT:   29476354 MISS:        139 MSHR_MERGE:        115
cpu1->cpu1_DTLB LOAD         ACCESS:   29476493 HIT:   29476354 MISS:        139 MSHR_MERGE:        115
cpu1->cpu1_DTLB RFO          ACCESS:          0 HIT:          0 MISS:          0 MSHR_MERGE:          0
cpu1->cpu1_DTLB PREFETCH     ACCESS:          0 HIT:          0 MISS:          0 MSHR_MERGE:          0
cpu1->cpu1_DTLB WRITE        ACCESS:          0 HIT:          0 MISS:          0 MSHR_MERGE:          0
cpu1->cpu1_DTLB TRANSLATION  ACCESS:          0 HIT:          0 MISS:          0 MSHR_MERGE:          0
cpu1->cpu1_DTLB PREFETCH REQUESTED:          0 ISSUED:          0 USEFUL:          0 USELESS:          0
cpu1->cpu1_DTLB AVERAGE MISS LATENCY: 199.2 cycles
cpu0->cpu0_STLB TOTAL        ACCESS:         27 HIT:          4 MISS:         23 MSHR_MERGE:          0
cpu0->cpu0_STLB LOAD         ACCESS:         27 HIT:          4 MISS:         23 MSHR_MERGE:          0
cpu0->cpu0_STLB RFO          ACCESS:          0 HIT:          0 MISS:          0 MSHR_MERGE:          0
cpu0->cpu0_STLB PREFETCH     ACCESS:          0 HIT:          0 MISS:          0 MSHR_MERGE:          0
cpu0->cpu0_STLB WRITE        ACCESS:          0 HIT:          0 MISS:          0 MSHR_MERGE:          0
cpu0->cpu0_STLB TRANSLATION  ACCESS:          0 HIT:          0 MISS:          0 MSHR_MERGE:          0
cpu0->cpu0_STLB PREFETCH REQUESTED:          0 ISSUED:          0 USEFUL:          0 USELESS:          0
cpu0->cpu0_STLB AVERAGE MISS LATENCY: 434.8 cycles
cpu0->cpu0_L2C TOTAL        ACCESS:    3766539 HIT:    1695607 MISS:    2070932 MSHR_MERGE:          0
cpu0->cpu0_L2C LOAD         ACCESS:    2273934 HIT:     528285 MISS:    1745649 MSHR_MERGE:          0
cpu0->cpu0_L2C RFO          ACCESS:     451819 HIT:     127186 MISS:     324633 MSHR_MERGE:          0
cpu0->cpu0_L2C PREFETCH     ACCESS:          0 HIT:          0 MISS:          0 MSHR_MERGE:          0
cpu0->cpu0_L2C WRITE        ACCESS:    1040764 HIT:    1040136 MISS:        628 MSHR_MERGE:          0
cpu0->cpu0_L2C TRANSLATION  ACCESS:         22 HIT:          0 MISS:         22 MSHR_MERGE:          0
cpu0->cpu0_L2C PREFETCH REQUESTED:          0 ISSUED:          0 USEFUL:          0 USELESS:          0
cpu0->cpu0_L2C AVERAGE MISS LATENCY: 330.1 cycles
cpu0->cpu0_L1I TOTAL        ACCESS:   19992337 HIT:   19982460 MISS:       9877 MSHR_MERGE:       5379
cpu0->cpu0_L1I LOAD         ACCESS:   19992337 HIT:   19982460 MISS:       9877 MSHR_MERGE:       5379
cpu0->cpu0_L1I RFO          ACCESS:          0 HIT:          0 MISS:          0 MSHR_MERGE:          0
cpu0->cpu0_L1I PREFETCH     ACCESS:          0 HIT:          0 MISS:          0 MSHR_MERGE:          0
cpu0->cpu0_L1I WRITE        ACCESS:          0 HIT:          0 MISS:          0 MSHR_MERGE:          0
cpu0->cpu0_L1I TRANSLATION  ACCESS:          0 HIT:          0 MISS:          0 MSHR_MERGE:          0
cpu0->cpu0_L1I PREFETCH REQUESTED:          0 ISSUED:          0 USEFUL:          0 USELESS:          0
cpu0->cpu0_L1I AVERAGE MISS LATENCY: 406.8 cycles
cpu0->cpu0_L1D TOTAL        ACCESS:   31967614 HIT:   25761605 MISS:    6206009 MSHR_MERGE:    3484717
cpu0->cpu0_L1D LOAD         ACCESS:   25463087 HIT:   21127708 MISS:    4335379 MSHR_MERGE:    2065943
cpu0->cpu0_L1D RFO          ACCESS:          0 HIT:          0 MISS:          0 MSHR_MERGE:          0
cpu0->cpu0_L1D PREFETCH     ACCESS:          0 HIT:          0 MISS:          0 MSHR_MERGE:          0
cpu0->cpu0_L1D WRITE        ACCESS:    6504504 HIT:    4633896 MISS:    1870608 MSHR_MERGE:    1418774
cpu0->cpu0_L1D TRANSLATION  ACCESS:         23 HIT:          1 MISS:         22 MSHR_MERGE:          0
cpu0->cpu0_L1D PREFETCH REQUESTED:          0 ISSUED:          0 USEFUL:          0 USELESS:          0
cpu0->cpu0_L1D AVERAGE MISS LATENCY: 259.4 cycles
cpu0->cpu0_ITLB TOTAL        ACCESS:   17294775 HIT:   17294763 MISS:         12 MSHR_MERGE:          9
cpu0->cpu0_ITLB LOAD         ACCESS:   17294775 HIT:   17294763 MISS:         12 MSHR_MERGE:          9
cpu0->cpu0_ITLB RFO          ACCESS:          0 HIT:          0 MISS:          0 MSHR_MERGE:          0
cpu0->cpu0_ITLB PREFETCH     ACCESS:          0 HIT:          0 MISS:          0 MSHR_MERGE:          0
cpu0->cpu0_ITLB WRITE        ACCESS:          0 HIT:          0 MISS:          0 MSHR_MERGE:          0
cpu0->cpu0_ITLB TRANSLATION  ACCESS:          0 HIT:          0 MISS:          0 MSHR_MERGE:          0
cpu0->cpu0_ITLB PREFETCH REQUESTED:          0 ISSUED:          0 USEFUL:          0 USELESS:          0
cpu0->cpu0_ITLB AVERAGE MISS LATENCY: 245.7 cycles
cpu0->cpu0_DTLB TOTAL        ACCESS:   30116460 HIT:   30116310 MISS:        150 MSHR_MERGE:        126
cpu0->cpu0_DTLB LOAD         ACCESS:   30116460 HIT:   30116310 MISS:        150 MSHR_MERGE:        126
cpu0->cpu0_DTLB RFO          ACCESS:          0 HIT:          0 MISS:          0 MSHR_MERGE:          0
cpu0->cpu0_DTLB PREFETCH     ACCESS:          0 HIT:          0 MISS:          0 MSHR_MERGE:          0
cpu0->cpu0_DTLB WRITE        ACCESS:          0 HIT:          0 MISS:          0 MSHR_MERGE:          0
cpu0->cpu0_DTLB TRANSLATION  ACCESS:          0 HIT:          0 MISS:          0 MSHR_MERGE:          0
cpu0->cpu0_DTLB PREFETCH REQUESTED:          0 ISSUED:          0 USEFUL:          0 USELESS:          0
cpu0->cpu0_DTLB AVERAGE MISS LATENCY: 392.6 cycles
cpu0->LLC TOTAL        ACCESS:    2875350 HIT:     933482 MISS:    1941868 MSHR_MERGE:          0
cpu0->LLC LOAD         ACCESS:    1745649 HIT:     130797 MISS:    1614852 MSHR_MERGE:          0
cpu0->LLC RFO          ACCESS:     324633 HIT:      10555 MISS:     314078 MSHR_MERGE:          0
cpu0->LLC PREFETCH     ACCESS:          0 HIT:          0 MISS:          0 MSHR_MERGE:          0
cpu0->LLC WRITE        ACCESS:     805046 HIT:     792118 MISS:      12928 MSHR_MERGE:          0
cpu0->LLC TRANSLATION  ACCESS:         22 HIT:         12 MISS:         10 MSHR_MERGE:          0
cpu0->LLC PREFETCH REQUESTED:          0 ISSUED:          0 USEFUL:          0 USELESS:          0
cpu0->LLC AVERAGE MISS LATENCY: 2661 cycles
cpu1->LLC TOTAL        ACCESS:    2860464 HIT:     925922 MISS:    1934542 MSHR_MERGE:          0
cpu1->LLC LOAD         ACCESS:    1734462 HIT:     122295 MISS:    1612167 MSHR_MERGE:          0
cpu1->LLC RFO          ACCESS:     324505 HIT:       9453 MISS:     315052 MSHR_MERGE:          0
cpu1->LLC PREFETCH     ACCESS:          0 HIT:          0 MISS:          0 MSHR_MERGE:          0
cpu1->LLC WRITE        ACCESS:     801475 HIT:     794152 MISS:       7323 MSHR_MERGE:          0
cpu1->LLC TRANSLATION  ACCESS:         22 HIT:         22 MISS:          0 MSHR_MERGE:          0
cpu1->LLC PREFETCH REQUESTED:          0 ISSUED:          0 USEFUL:          0 USELESS:          0
cpu1->LLC AVERAGE MISS LATENCY: 2671 cycles
cpu2->LLC TOTAL        ACCESS:    2872776 HIT:     939289 MISS:    1933487 MSHR_MERGE:          0
cpu2->LLC LOAD         ACCESS:    1743881 HIT:     131730 MISS:    1612151 MSHR_MERGE:          0
cpu2->LLC RFO          ACCESS:     324503 HIT:      10220 MISS:     314283 MSHR_MERGE:          0
cpu2->LLC PREFETCH     ACCESS:          0 HIT:          0 MISS:          0 MSHR_MERGE:          0
cpu2->LLC WRITE        ACCESS:     804370 HIT:     797317 MISS:       7053 MSHR_MERGE:          0
cpu2->LLC TRANSLATION  ACCESS:         22 HIT:         22 MISS:          0 MSHR_MERGE:          0
cpu2->LLC PREFETCH REQUESTED:          0 ISSUED:          0 USEFUL:          0 USELESS:          0
cpu2->LLC AVERAGE MISS LATENCY: 2673 cycles
cpu3->LLC TOTAL        ACCESS:    2879368 HIT:     933080 MISS:    1946288 MSHR_MERGE:          0
cpu3->LLC LOAD         ACCESS:    1748569 HIT:     131155 MISS:    1617414 MSHR_MERGE:          0
cpu3->LLC RFO          ACCESS:     324637 HIT:      11383 MISS:     313254 MSHR_MERGE:          0
cpu3->LLC PREFETCH     ACCESS:          0 HIT:          0 MISS:          0 MSHR_MERGE:          0
cpu3->LLC WRITE        ACCESS:     806140 HIT:     790529 MISS:      15611 MSHR_MERGE:          0
cpu3->LLC TRANSLATION  ACCESS:         22 HIT:         13 MISS:          9 MSHR_MERGE:          0
cpu3->LLC PREFETCH REQUESTED:          0 ISSUED:          0 USEFUL:          0 USELESS:          0
cpu3->LLC AVERAGE MISS LATENCY: 2655 cycles
cpu4->LLC TOTAL        ACCESS:    2854823 HIT:     932590 MISS:    1922233 MSHR_MERGE:          0
cpu4->LLC LOAD         ACCESS:    1730271 HIT:     128901 MISS:    1601370 MSHR_MERGE:          0
cpu4->LLC RFO          ACCESS:     324502 HIT:      10714 MISS:     313788 MSHR_MERGE:          0
cpu4->LLC PREFETCH     ACCESS:          0 HIT:          0 MISS:          0 MSHR_MERGE:          0
cpu4->LLC WRITE        ACCESS:     800028 HIT:     792954 MISS:       7074 MSHR_MERGE:          0
cpu4->LLC TRANSLATION  ACCESS:         22 HIT:         21 MISS:          1 MSHR_MERGE:          0
cpu4->LLC PREFETCH REQUESTED:          0 ISSUED:          0 USEFUL:          0 USELESS:          0
cpu4->LLC AVERAGE MISS LATENCY: 2688 cycles
cpu5->LLC TOTAL        ACCESS:    2876585 HIT:     930801 MISS:    1945784 MSHR_MERGE:          0
cpu5->LLC LOAD         ACCESS:    1746451 HIT:     129203 MISS:    1617248 MSHR_MERGE:          0
cpu5->LLC RFO          ACCESS:     324633 HIT:      10086 MISS:     314547 MSHR_MERGE:          0
cpu5->LLC PREFETCH     ACCESS:          0 HIT:          0 MISS:          0 MSHR_MERGE:          0
cpu5->LLC WRITE        ACCESS:     805479 HIT:     791490 MISS:      13989 MSHR_MERGE:          0
cpu5->LLC TRANSLATION  ACCESS:         22 HIT:         22 MISS:          0 MSHR_MERGE:          0
cpu5->LLC PREFETCH REQUESTED:          0 ISSUED:          0 USEFUL:          0 USELESS:          0
cpu5->LLC AVERAGE MISS LATENCY: 2656 cycles
cpu6->LLC TOTAL        ACCESS:    2878912 HIT:     937901 MISS:    1941011 MSHR_MERGE:          0
cpu6->LLC LOAD         ACCESS:    1748250 HIT:     135410 MISS:    1612840 MSHR_MERGE:          0
cpu6->LLC RFO          ACCESS:     324630 HIT:      10480 MISS:     314150 MSHR_MERGE:          0
cpu6->LLC PREFETCH     ACCESS:          0 HIT:          0 MISS:          0 MSHR_MERGE:          0
cpu6->LLC WRITE        ACCESS:     806010 HIT:     791989 MISS:      14021 MSHR_MERGE:          0
cpu6->LLC TRANSLATION  ACCESS:         22 HIT:         22 MISS:          0 MSHR_MERGE:          0
cpu6->LLC PREFETCH REQUESTED:          0 ISSUED:          0 USEFUL:          0 USELESS:          0
cpu6->LLC AVERAGE MISS LATENCY: 2662 cycles
cpu7->LLC TOTAL        ACCESS:    2877748 HIT:     937528 MISS:    1940220 MSHR_MERGE:          0
cpu7->LLC LOAD         ACCESS:    1747364 HIT:     135602 MISS:    1611762 MSHR_MERGE:          0
cpu7->LLC RFO          ACCESS:     324635 HIT:      10769 MISS:     313866 MSHR_MERGE:          0
cpu7->LLC PREFETCH     ACCESS:          0 HIT:          0 MISS:          0 MSHR_MERGE:          0
cpu7->LLC WRITE        ACCESS:     805727 HIT:     791135 MISS:      14592 MSHR_MERGE:          0
cpu7->LLC TRANSLATION  ACCESS:         22 HIT:         22 MISS:          0 MSHR_MERGE:          0
cpu7->LLC PREFETCH REQUESTED:          0 ISSUED:          0 USEFUL:          0 USELESS:          0
cpu7->LLC AVERAGE MISS LATENCY: 2663 cycles

DRAM Statistics

Channel 0 READ REQS:    7706857	WRITE REQS:    2883669
  READS:    7706622	READ_HITS:          0
  WRITES:    2883648	WRITE HITS:          0
  ACTIVATES:   10590272	PRECHARGES:   10590270
  RQ FULL:       5964	WQ FULL:        264
  WRITE DRAINS:      87969	FORCED:      42476
  MEAN WRITE IMBALANCE: 2.313587741136082
  READ OCCU PRE DRAIN: 5.957303140879174	POST DRAIN: 11.86976093851243
  MEAN BLP: 17.19891098000432	BGLP: 6.988939285430095
  READ LATENCY: 81.70769683526713
  TIME IN WRITE MODE: 15063321312

Channel 1 READ REQS:    7705985	WRITE REQS:    2883412
  READS:    7705751	READ_HITS:          0
  WRITES:    2883386	WRITE HITS:          0
  ACTIVATES:   10589138	PRECHARGES:   10589137
  RQ FULL:       6349	WQ FULL:        274
  WRITE DRAINS:      88768	FORCED:      42019
  MEAN WRITE IMBALANCE: 2.2983620223503967
  READ OCCU PRE DRAIN: 5.73745043258832	POST DRAIN: 11.3519962148522
  MEAN BLP: 17.069428172314346	BGLP: 6.958363374188897
  READ LATENCY: 79.85711814461692
  TIME IN WRITE MODE: 15063302592
---------------------------------------
Begin Slurm Epilog: Apr-10-2025 08:14:23
Job ID:        3743368
User ID:       svittal8
Account:       gts-mqureshi4-rg
Job name:      wrap
Resources:     cpu=1,mem=4G,node=1
Rsrc Used:     cput=04:57:24,vmem=0,walltime=04:57:24,mem=634904K,energy_used=0
Partition:     cpu-small
QOS:           inferno
Nodes:         atl1-1-02-002-27-2
---------------------------------------
