---------------------------------------
Begin Slurm Prolog: Apr-08-2025 22:52:13
Job ID:    3678400
User ID:   svittal8
Account:   gts-mqureshi4-rg
Job name:  wrap
Partition: cpu-small
QOS:       inferno
---------------------------------------
[VMEM] WARNING: physical memory size is smaller than virtual memory size.

*** ChampSim Multicore Out-of-Order Simulator ***
Warmup Instructions: 25000000
Simulation Instructions: 100000000
Number of CPUs: 8
Page size: 2097152

initializing BARD -- num sampled sets: 64, modulus = 256
CL :	 16.64 ns
CWL :	 15.808 ns
tRP :	 16.224 ns
tRCD :	 16.224 ns
tRAS :	 32.032000000000004 ns
tRTP :	 7.904 ns
tWR :	 30.368000000000002 ns

tCCD_S :	 3.3280000000000003 ns
tCCD_S_WR :	 3.3280000000000003 ns
tCCD_S_WTR :	 22.048000000000002 ns
tCCD_L :	 5.408 ns
tCCD_L_WR :	 20.384 ns
tCCD_L_WTR :	 29.536 ns
tRRD_S :	 3.3280000000000003 ns
tRRD_L :	 5.408 ns
tFAW :	 13.728 ns
Address mapping (perm = 1) 	ch co bg bg bg ba ba co co co co co co ro ro ro ro ro ro ro ro ro ro ro ro ro ro ro 
dram queue size: R = 64 W = 48 (low:high is 8:48)
num evicts: 0, p: 0, s: 0 	 max proactive lookup: 8, max shadow lookup: 8
	evict counters: 128 128 128 128 128 128 128 128 128 128 128 128 128 128 128 128
	eager counters: 128 128 128 128 128 128 128 128 128 128 128 128 128 128 128 128
Heartbeat CPU 1 instructions: 10000002 cycles: 3122732 heartbeat IPC: 3.202 cumulative IPC: 3.202 (Simulation time: 00 hr 07 min 13 sec)
Heartbeat CPU 2 instructions: 10000002 cycles: 3122806 heartbeat IPC: 3.202 cumulative IPC: 3.202 (Simulation time: 00 hr 07 min 13 sec)
Heartbeat CPU 7 instructions: 10000003 cycles: 3123743 heartbeat IPC: 3.201 cumulative IPC: 3.201 (Simulation time: 00 hr 07 min 13 sec)
Heartbeat CPU 0 instructions: 10000002 cycles: 3123849 heartbeat IPC: 3.201 cumulative IPC: 3.201 (Simulation time: 00 hr 07 min 13 sec)
Heartbeat CPU 4 instructions: 10000002 cycles: 3124604 heartbeat IPC: 3.2 cumulative IPC: 3.2 (Simulation time: 00 hr 07 min 13 sec)
Heartbeat CPU 5 instructions: 10000002 cycles: 3124812 heartbeat IPC: 3.2 cumulative IPC: 3.2 (Simulation time: 00 hr 07 min 13 sec)
Heartbeat CPU 3 instructions: 10000002 cycles: 3125320 heartbeat IPC: 3.2 cumulative IPC: 3.2 (Simulation time: 00 hr 07 min 13 sec)
Heartbeat CPU 6 instructions: 10000002 cycles: 3125434 heartbeat IPC: 3.2 cumulative IPC: 3.2 (Simulation time: 00 hr 07 min 13 sec)
[BTB] WARNING: target of return is a lower address than the corresponding call. This is usually a problem with your trace.
[BTB] WARNING: target of return is a lower address than the corresponding call. This is usually a problem with your trace.
[BTB] WARNING: target of return is a lower address than the corresponding call. This is usually a problem with your trace.
[BTB] WARNING: target of return is a lower address than the corresponding call. This is usually a problem with your trace.
[BTB] WARNING: target of return is a lower address than the corresponding call. This is usually a problem with your trace.
[BTB] WARNING: target of return is a lower address than the corresponding call. This is usually a problem with your trace.
[BTB] WARNING: target of return is a lower address than the corresponding call. This is usually a problem with your trace.
[BTB] WARNING: target of return is a lower address than the corresponding call. This is usually a problem with your trace.
[BTB] WARNING: target of return is a lower address than the corresponding call. This is usually a problem with your trace.
[BTB] WARNING: target of return is a lower address than the corresponding call. This is usually a problem with your trace.
Heartbeat CPU 7 instructions: 20000007 cycles: 6467265 heartbeat IPC: 2.991 cumulative IPC: 3.092 (Simulation time: 00 hr 14 min 24 sec)
Heartbeat CPU 1 instructions: 20000002 cycles: 6467395 heartbeat IPC: 2.99 cumulative IPC: 3.092 (Simulation time: 00 hr 14 min 24 sec)
Heartbeat CPU 2 instructions: 20000002 cycles: 6467521 heartbeat IPC: 2.99 cumulative IPC: 3.092 (Simulation time: 00 hr 14 min 24 sec)
Heartbeat CPU 4 instructions: 20000002 cycles: 6469378 heartbeat IPC: 2.99 cumulative IPC: 3.091 (Simulation time: 00 hr 14 min 24 sec)
Heartbeat CPU 5 instructions: 20000002 cycles: 6469755 heartbeat IPC: 2.99 cumulative IPC: 3.091 (Simulation time: 00 hr 14 min 24 sec)
Heartbeat CPU 6 instructions: 20000002 cycles: 6471193 heartbeat IPC: 2.989 cumulative IPC: 3.091 (Simulation time: 00 hr 14 min 24 sec)
Heartbeat CPU 0 instructions: 20000002 cycles: 6473201 heartbeat IPC: 2.986 cumulative IPC: 3.09 (Simulation time: 00 hr 14 min 25 sec)
Heartbeat CPU 3 instructions: 20000002 cycles: 6474360 heartbeat IPC: 2.986 cumulative IPC: 3.089 (Simulation time: 00 hr 14 min 25 sec)
num evicts: 100000, p: 4395, s: 5379 	 max proactive lookup: 8, max shadow lookup: 8
	evict counters: 147 153 148 144 150 81 136 77 10 97 99 75 130 99 98 96
	eager counters: 132 134 136 132 134 135 133 132 130 129 130 128 130 130 131 129
num evicts: 200000, p: 9498, s: 16825 	 max proactive lookup: 8, max shadow lookup: 8
	evict counters: 166 127 163 124 162 71 65 38 12 79 47 46 136 101 7 14
	eager counters: 137 138 140 136 135 138 121 133 131 130 132 128 132 130 131 130
num evicts: 300000, p: 15349, s: 28210 	 max proactive lookup: 8, max shadow lookup: 8
	evict counters: 191 141 104 146 129 36 38 22 11 38 16 10 41 34 5 8
	eager counters: 145 142 145 137 137 146 127 134 133 130 134 129 135 130 131 130
num evicts: 400000, p: 20380, s: 39868 	 max proactive lookup: 8, max shadow lookup: 8
	evict counters: 221 135 99 118 151 40 41 26 16 21 21 6 26 33 4 8
	eager counters: 153 147 132 138 144 152 131 139 135 131 134 132 135 130 131 130
num evicts: 500000, p: 23965, s: 50025 	 max proactive lookup: 8, max shadow lookup: 8
	evict counters: 236 154 53 35 65 26 46 20 6 22 14 6 11 15 4 11
	eager counters: 160 152 139 147 153 135 116 144 137 131 134 137 135 130 116 131
num evicts: 600000, p: 27324, s: 60128 	 max proactive lookup: 8, max shadow lookup: 8
	evict counters: 253 167 30 15 8 13 27 9 4 7 6 3 6 4 3 2
	eager counters: 165 156 144 152 154 138 118 148 139 132 137 139 136 133 116 132
num evicts: 700000, p: 32079, s: 73727 	 max proactive lookup: 8, max shadow lookup: 8
	evict counters: 255 150 21 9 6 16 15 6 7 5 4 5 4 1 5 1
	eager counters: 172 164 147 159 159 147 121 155 142 120 139 124 137 133 117 132
Warmup finished CPU 7 instructions: 25000003 cycles: 8483949 cumulative IPC: 2.947 (Simulation time: 00 hr 18 min 33 sec)
Warmup finished CPU 1 instructions: 25000003 cycles: 8501421 cumulative IPC: 2.941 (Simulation time: 00 hr 18 min 35 sec)
Warmup finished CPU 0 instructions: 25000003 cycles: 8508206 cumulative IPC: 2.938 (Simulation time: 00 hr 18 min 36 sec)
Warmup finished CPU 2 instructions: 25000003 cycles: 8512826 cumulative IPC: 2.937 (Simulation time: 00 hr 18 min 36 sec)
Warmup finished CPU 3 instructions: 25000003 cycles: 8529735 cumulative IPC: 2.931 (Simulation time: 00 hr 18 min 38 sec)
Warmup finished CPU 4 instructions: 25000003 cycles: 8530885 cumulative IPC: 2.931 (Simulation time: 00 hr 18 min 38 sec)
Warmup finished CPU 5 instructions: 25000003 cycles: 8534123 cumulative IPC: 2.929 (Simulation time: 00 hr 18 min 39 sec)
Warmup finished CPU 6 instructions: 25000003 cycles: 8536614 cumulative IPC: 2.929 (Simulation time: 00 hr 18 min 39 sec)
Warmup complete CPU 7 instructions: 25127415 cycles: 8536614 cumulative IPC: 2.943 (Simulation time: 00 hr 18 min 39 sec)
Warmup complete CPU 6 instructions: 25000003 cycles: 8536614 cumulative IPC: 2.929 (Simulation time: 00 hr 18 min 39 sec)
Warmup complete CPU 5 instructions: 25003504 cycles: 8536614 cumulative IPC: 2.929 (Simulation time: 00 hr 18 min 39 sec)
Warmup complete CPU 4 instructions: 25007889 cycles: 8536614 cumulative IPC: 2.929 (Simulation time: 00 hr 18 min 39 sec)
Warmup complete CPU 3 instructions: 25009672 cycles: 8536614 cumulative IPC: 2.93 (Simulation time: 00 hr 18 min 39 sec)
Warmup complete CPU 2 instructions: 25046122 cycles: 8536614 cumulative IPC: 2.934 (Simulation time: 00 hr 18 min 39 sec)
Warmup complete CPU 1 instructions: 25077794 cycles: 8536614 cumulative IPC: 2.938 (Simulation time: 00 hr 18 min 39 sec)
Warmup complete CPU 0 instructions: 25061231 cycles: 8536614 cumulative IPC: 2.936 (Simulation time: 00 hr 18 min 39 sec)
num evicts: 800000, p: 36966, s: 87770 	 max proactive lookup: 8, max shadow lookup: 8
	evict counters: 255 79 41 35 32 15 16 22 7 6 9 12 8 5 16 2
	eager counters: 181 171 137 170 171 136 112 157 127 124 144 127 139 134 121 133
num evicts: 900000, p: 41388, s: 104033 	 max proactive lookup: 8, max shadow lookup: 8
	evict counters: 255 100 65 55 30 28 15 35 19 16 19 9 7 8 16 6
	eager counters: 193 182 150 180 182 144 114 160 135 134 147 128 143 136 122 135
num evicts: 1000000, p: 44614, s: 116880 	 max proactive lookup: 8, max shadow lookup: 8
	evict counters: 255 99 77 28 18 12 8 23 9 12 9 10 5 11 10 7
	eager counters: 205 168 158 189 185 157 121 167 140 139 150 131 144 138 123 137
num evicts: 1100000, p: 47858, s: 130138 	 max proactive lookup: 8, max shadow lookup: 8
	evict counters: 255 119 83 39 21 11 9 13 7 5 9 10 5 11 6 5
	eager counters: 211 172 147 195 148 143 124 170 144 123 154 132 127 139 124 137
num evicts: 1200000, p: 51233, s: 145494 	 max proactive lookup: 8, max shadow lookup: 8
	evict counters: 255 143 76 48 30 21 18 10 14 12 9 10 15 16 6 2
	eager counters: 218 179 132 204 116 148 129 171 146 112 156 135 127 139 124 137
num evicts: 1300000, p: 54506, s: 159778 	 max proactive lookup: 8, max shadow lookup: 8
	evict counters: 255 165 47 64 16 39 16 14 19 18 15 17 10 10 9 3
	eager counters: 227 182 139 211 123 156 106 174 149 116 157 139 114 141 109 138
num evicts: 1400000, p: 58301, s: 173969 	 max proactive lookup: 8, max shadow lookup: 8
	evict counters: 255 190 45 65 9 6 12 6 6 18 5 5 3 3 12 0
	eager counters: 236 191 124 217 99 160 114 180 151 94 158 123 116 141 85 122
num evicts: 1500000, p: 62768, s: 189355 	 max proactive lookup: 8, max shadow lookup: 8
	evict counters: 255 161 66 44 8 10 11 7 4 10 3 5 5 7 5 1
	eager counters: 251 198 131 223 106 171 105 187 152 95 162 123 120 146 86 122
Heartbeat CPU 7 instructions: 30000009 cycles: 17591618 heartbeat IPC: 0.8989 cumulative IPC: 0.5381 (Simulation time: 00 hr 28 min 30 sec)
Heartbeat CPU 1 instructions: 30000006 cycles: 17758078 heartbeat IPC: 0.8857 cumulative IPC: 0.5338 (Simulation time: 00 hr 28 min 41 sec)
Heartbeat CPU 2 instructions: 30000006 cycles: 17782565 heartbeat IPC: 0.8838 cumulative IPC: 0.5358 (Simulation time: 00 hr 28 min 42 sec)
Heartbeat CPU 0 instructions: 30000006 cycles: 17857113 heartbeat IPC: 0.8784 cumulative IPC: 0.5299 (Simulation time: 00 hr 28 min 47 sec)
Heartbeat CPU 3 instructions: 30000006 cycles: 17955167 heartbeat IPC: 0.871 cumulative IPC: 0.5298 (Simulation time: 00 hr 28 min 53 sec)
Heartbeat CPU 4 instructions: 30000006 cycles: 17982658 heartbeat IPC: 0.8686 cumulative IPC: 0.5285 (Simulation time: 00 hr 28 min 55 sec)
Heartbeat CPU 5 instructions: 30000006 cycles: 18016294 heartbeat IPC: 0.8661 cumulative IPC: 0.5271 (Simulation time: 00 hr 28 min 57 sec)
Heartbeat CPU 6 instructions: 30000006 cycles: 18049754 heartbeat IPC: 0.8637 cumulative IPC: 0.5256 (Simulation time: 00 hr 28 min 58 sec)
num evicts: 1600000, p: 67779, s: 204551 	 max proactive lookup: 8, max shadow lookup: 8
	evict counters: 255 138 76 54 16 14 15 11 5 13 13 2 8 2 3 8
	eager counters: 255 211 147 233 96 158 88 131 155 98 165 112 109 129 88 94
num evicts: 1700000, p: 72119, s: 219999 	 max proactive lookup: 8, max shadow lookup: 8
	evict counters: 255 160 101 56 12 27 12 8 9 15 13 6 6 6 3 3
	eager counters: 255 222 159 237 90 162 79 105 159 99 167 99 111 130 88 83
num evicts: 1800000, p: 75605, s: 232236 	 max proactive lookup: 8, max shadow lookup: 8
	evict counters: 255 104 116 59 19 23 15 15 22 25 16 13 9 6 7 8
	eager counters: 255 223 162 244 84 168 81 85 162 99 168 89 111 132 88 73
num evicts: 1900000, p: 79655, s: 246548 	 max proactive lookup: 8, max shadow lookup: 8
	evict counters: 255 113 131 72 19 18 24 16 20 16 19 8 9 3 11 12
	eager counters: 255 228 168 248 77 175 75 68 162 104 171 80 111 133 88 64
num evicts: 2000000, p: 83109, s: 263199 	 max proactive lookup: 8, max shadow lookup: 8
	evict counters: 255 94 119 58 19 6 37 14 10 6 11 3 3 5 6 5
	eager counters: 255 239 176 225 81 157 76 73 164 108 156 71 86 134 90 51
num evicts: 2100000, p: 87478, s: 279372 	 max proactive lookup: 8, max shadow lookup: 8
	evict counters: 255 91 55 40 29 8 26 4 8 6 4 6 4 3 1 6
	eager counters: 255 246 183 179 90 125 80 49 149 98 85 58 90 135 93 45
num evicts: 2200000, p: 92062, s: 293950 	 max proactive lookup: 8, max shadow lookup: 8
	evict counters: 255 121 77 53 23 21 15 16 21 13 9 8 5 6 6 10
	eager counters: 255 255 190 183 75 100 85 49 151 90 87 52 94 119 95 42
num evicts: 2300000, p: 96244, s: 307634 	 max proactive lookup: 8, max shadow lookup: 8
	evict counters: 255 152 99 77 39 36 30 36 24 27 12 14 9 9 13 9
	eager counters: 255 255 193 194 76 108 86 55 155 92 89 53 94 119 95 42
num evicts: 2400000, p: 100208, s: 327047 	 max proactive lookup: 8, max shadow lookup: 8
	evict counters: 255 181 117 97 62 50 48 49 39 30 18 20 12 14 13 15
	eager counters: 255 255 204 205 82 114 92 60 160 93 91 54 84 119 95 42
num evicts: 2500000, p: 104740, s: 352745 	 max proactive lookup: 8, max shadow lookup: 8
	evict counters: 255 208 141 116 81 67 62 60 49 51 28 28 15 20 11 9
	eager counters: 255 255 214 209 87 120 95 63 163 95 94 56 85 120 95 42
num evicts: 2600000, p: 108264, s: 380033 	 max proactive lookup: 8, max shadow lookup: 8
	evict counters: 255 233 164 141 88 84 81 76 52 58 31 31 16 25 14 2
	eager counters: 255 255 221 219 89 128 103 68 166 100 97 60 86 121 95 42
num evicts: 2700000, p: 113064, s: 414869 	 max proactive lookup: 8, max shadow lookup: 8
	evict counters: 255 255 182 160 113 95 95 89 63 64 37 31 16 27 17 4
	eager counters: 255 255 228 227 103 134 109 77 173 104 99 64 89 122 95 42
num evicts: 2800000, p: 117465, s: 442622 	 max proactive lookup: 8, max shadow lookup: 8
	evict counters: 255 255 202 181 135 110 115 104 77 73 48 36 26 32 14 8
	eager counters: 255 255 236 240 117 141 118 85 176 107 101 65 90 122 95 42
num evicts: 2900000, p: 121407, s: 470385 	 max proactive lookup: 8, max shadow lookup: 8
	evict counters: 255 255 229 208 154 133 130 117 95 87 58 45 36 33 16 4
	eager counters: 255 255 251 250 124 150 125 90 182 112 105 68 92 122 96 42
num evicts: 3000000, p: 125143, s: 503215 	 max proactive lookup: 8, max shadow lookup: 8
	evict counters: 255 255 255 227 175 151 140 132 116 103 67 51 36 37 11 4
	eager counters: 255 255 255 255 136 160 130 98 196 119 109 71 93 124 96 42
num evicts: 3100000, p: 127123, s: 533958 	 max proactive lookup: 8, max shadow lookup: 8
	evict counters: 255 255 255 243 202 169 148 152 128 112 74 61 39 39 11 5
	eager counters: 255 255 255 255 145 172 134 108 201 123 111 75 95 127 96 42
num evicts: 3200000, p: 130607, s: 563002 	 max proactive lookup: 8, max shadow lookup: 8
	evict counters: 255 255 255 255 212 181 160 163 141 118 83 62 44 46 17 15
	eager counters: 255 255 255 255 149 180 135 110 206 127 115 79 95 127 97 42
num evicts: 3300000, p: 136693, s: 591262 	 max proactive lookup: 8, max shadow lookup: 8
	evict counters: 255 255 255 255 226 188 177 178 154 122 79 70 59 50 14 23
	eager counters: 255 255 255 255 158 192 145 115 215 133 118 82 100 128 98 45
num evicts: 3400000, p: 139182, s: 610513 	 max proactive lookup: 8, max shadow lookup: 8
	evict counters: 255 255 255 255 253 155 148 187 121 139 86 54 51 52 10 33
	eager counters: 255 255 255 255 163 196 152 117 218 136 120 82 101 130 98 45
num evicts: 3500000, p: 143669, s: 636914 	 max proactive lookup: 8, max shadow lookup: 8
	evict counters: 255 255 255 255 255 176 167 155 104 108 58 57 40 58 14 28
	eager counters: 255 255 255 255 172 201 158 123 225 139 123 86 103 132 100 47
num evicts: 3600000, p: 151137, s: 661693 	 max proactive lookup: 8, max shadow lookup: 8
	evict counters: 255 255 255 255 255 203 185 164 120 117 49 41 34 51 20 30
	eager counters: 255 255 255 255 178 211 161 127 231 143 126 93 104 134 102 49
Heartbeat CPU 7 instructions: 40000011 cycles: 41552974 heartbeat IPC: 0.4173 cumulative IPC: 0.4505 (Simulation time: 00 hr 54 min 35 sec)
Heartbeat CPU 2 instructions: 40000006 cycles: 41606036 heartbeat IPC: 0.4198 cumulative IPC: 0.4522 (Simulation time: 00 hr 54 min 40 sec)
Heartbeat CPU 1 instructions: 40000006 cycles: 41614886 heartbeat IPC: 0.4192 cumulative IPC: 0.4511 (Simulation time: 00 hr 54 min 40 sec)
Heartbeat CPU 0 instructions: 40000006 cycles: 41648144 heartbeat IPC: 0.4203 cumulative IPC: 0.4512 (Simulation time: 00 hr 54 min 43 sec)
Heartbeat CPU 3 instructions: 40000006 cycles: 41701321 heartbeat IPC: 0.4211 cumulative IPC: 0.452 (Simulation time: 00 hr 54 min 48 sec)
Heartbeat CPU 4 instructions: 40000006 cycles: 41712382 heartbeat IPC: 0.4214 cumulative IPC: 0.4519 (Simulation time: 00 hr 54 min 49 sec)
Heartbeat CPU 6 instructions: 40000006 cycles: 41747000 heartbeat IPC: 0.422 cumulative IPC: 0.4517 (Simulation time: 00 hr 54 min 52 sec)
Heartbeat CPU 5 instructions: 40000006 cycles: 41783756 heartbeat IPC: 0.4207 cumulative IPC: 0.4511 (Simulation time: 00 hr 54 min 55 sec)
num evicts: 3700000, p: 159527, s: 691279 	 max proactive lookup: 8, max shadow lookup: 8
	evict counters: 255 255 255 255 255 217 199 179 125 119 44 42 32 60 24 29
	eager counters: 255 255 255 255 186 221 171 135 233 145 129 97 108 136 104 51
num evicts: 3800000, p: 167370, s: 710417 	 max proactive lookup: 8, max shadow lookup: 8
	evict counters: 255 255 255 255 255 238 210 190 139 127 63 35 27 52 28 33
	eager counters: 255 255 255 255 191 227 178 140 244 147 135 99 111 138 104 51
num evicts: 3900000, p: 174720, s: 729520 	 max proactive lookup: 8, max shadow lookup: 8
	evict counters: 255 255 255 255 255 191 222 122 2 144 52 33 1 1 7 0
	eager counters: 255 255 255 255 200 235 183 150 248 155 108 91 48 139 105 42
Heartbeat CPU 7 instructions: 50000013 cycles: 48895435 heartbeat IPC: 1.362 cumulative IPC: 0.6163 (Simulation time: 01 hr 06 min 13 sec)
Heartbeat CPU 2 instructions: 50000008 cycles: 48960599 heartbeat IPC: 1.36 cumulative IPC: 0.6173 (Simulation time: 01 hr 06 min 20 sec)
Heartbeat CPU 1 instructions: 50000007 cycles: 49033391 heartbeat IPC: 1.348 cumulative IPC: 0.6154 (Simulation time: 01 hr 06 min 28 sec)
Heartbeat CPU 0 instructions: 50000008 cycles: 49053843 heartbeat IPC: 1.35 cumulative IPC: 0.6155 (Simulation time: 01 hr 06 min 30 sec)
num evicts: 4000000, p: 184120, s: 754801 	 max proactive lookup: 8, max shadow lookup: 8
	evict counters: 255 255 255 196 255 206 58 9 3 67 16 18 0 0 0 0
	eager counters: 255 255 255 255 208 247 169 162 197 144 61 61 16 42 95 30
Heartbeat CPU 3 instructions: 50000008 cycles: 49124398 heartbeat IPC: 1.347 cumulative IPC: 0.6157 (Simulation time: 01 hr 06 min 38 sec)
Heartbeat CPU 6 instructions: 50000008 cycles: 49157268 heartbeat IPC: 1.349 cumulative IPC: 0.6155 (Simulation time: 01 hr 06 min 41 sec)
Heartbeat CPU 4 instructions: 50000010 cycles: 49190794 heartbeat IPC: 1.337 cumulative IPC: 0.6147 (Simulation time: 01 hr 06 min 45 sec)
Heartbeat CPU 5 instructions: 50000008 cycles: 49226187 heartbeat IPC: 1.344 cumulative IPC: 0.6143 (Simulation time: 01 hr 06 min 49 sec)
num evicts: 4100000, p: 197340, s: 781749 	 max proactive lookup: 8, max shadow lookup: 8
	evict counters: 255 255 255 221 254 11 49 3 4 84 6 5 1 4 2 3
	eager counters: 255 255 255 255 216 142 182 173 206 156 68 69 10 33 99 31
num evicts: 4200000, p: 211835, s: 805448 	 max proactive lookup: 8, max shadow lookup: 8
	evict counters: 255 255 255 246 255 9 55 6 6 101 11 4 3 0 2 2
	eager counters: 255 255 255 227 229 107 194 183 163 149 74 59 13 29 103 27
num evicts: 4300000, p: 226546, s: 826544 	 max proactive lookup: 8, max shadow lookup: 8
	evict counters: 255 255 255 255 206 17 72 19 19 114 23 10 5 5 3 9
	eager counters: 255 255 255 209 238 99 202 169 169 159 72 61 12 28 92 28
num evicts: 4400000, p: 238009, s: 845837 	 max proactive lookup: 8, max shadow lookup: 8
	evict counters: 255 255 255 155 100 40 37 13 17 56 23 18 13 7 8 8
	eager counters: 255 255 255 222 254 117 217 177 175 167 78 65 18 33 95 29
num evicts: 4500000, p: 244168, s: 861191 	 max proactive lookup: 8, max shadow lookup: 8
	evict counters: 255 209 115 101 28 19 4 3 2 2 10 3 3 0 2 1
	eager counters: 255 255 255 157 255 124 134 161 154 118 71 69 22 28 86 24
num evicts: 4600000, p: 252231, s: 873881 	 max proactive lookup: 8, max shadow lookup: 8
	evict counters: 255 235 64 121 27 25 17 13 15 8 9 8 9 11 6 0
	eager counters: 255 255 224 169 255 135 141 168 160 120 74 72 22 30 88 24
num evicts: 4700000, p: 258586, s: 885895 	 max proactive lookup: 8, max shadow lookup: 8
	evict counters: 255 255 95 84 50 52 22 20 24 20 22 15 17 18 9 5
	eager counters: 255 255 235 176 229 142 127 118 163 124 80 67 23 31 89 26
num evicts: 4800000, p: 263523, s: 898145 	 max proactive lookup: 8, max shadow lookup: 8
	evict counters: 255 195 71 86 50 47 20 28 30 25 20 14 14 7 10 3
	eager counters: 255 255 238 183 205 127 133 123 167 127 72 69 25 33 91 22
Heartbeat CPU 7 instructions: 60000014 cycles: 61010477 heartbeat IPC: 0.8254 cumulative IPC: 0.6646 (Simulation time: 01 hr 22 min 03 sec)
Heartbeat CPU 2 instructions: 60000010 cycles: 61048621 heartbeat IPC: 0.8273 cumulative IPC: 0.6656 (Simulation time: 01 hr 22 min 06 sec)
Heartbeat CPU 1 instructions: 60000010 cycles: 61240294 heartbeat IPC: 0.8192 cumulative IPC: 0.6626 (Simulation time: 01 hr 22 min 19 sec)
Heartbeat CPU 0 instructions: 60000010 cycles: 61259574 heartbeat IPC: 0.8193 cumulative IPC: 0.6627 (Simulation time: 01 hr 22 min 20 sec)
Heartbeat CPU 4 instructions: 60000010 cycles: 61272575 heartbeat IPC: 0.8277 cumulative IPC: 0.6635 (Simulation time: 01 hr 22 min 21 sec)
Heartbeat CPU 3 instructions: 60000010 cycles: 61319929 heartbeat IPC: 0.82 cumulative IPC: 0.6629 (Simulation time: 01 hr 22 min 25 sec)
Heartbeat CPU 5 instructions: 60000010 cycles: 61327602 heartbeat IPC: 0.8263 cumulative IPC: 0.6629 (Simulation time: 01 hr 22 min 26 sec)
Heartbeat CPU 6 instructions: 60000010 cycles: 61336933 heartbeat IPC: 0.821 cumulative IPC: 0.6629 (Simulation time: 01 hr 22 min 27 sec)
num evicts: 4900000, p: 267862, s: 913706 	 max proactive lookup: 8, max shadow lookup: 8
	evict counters: 255 125 91 102 49 49 18 27 29 21 28 7 15 8 6 0
	eager counters: 255 225 242 190 208 134 126 100 170 132 77 71 26 31 80 23
num evicts: 5000000, p: 271671, s: 929523 	 max proactive lookup: 8, max shadow lookup: 8
	evict counters: 255 148 106 119 64 54 38 33 34 31 34 15 9 12 8 5
	eager counters: 255 234 248 197 215 139 130 106 175 133 78 65 28 32 71 25
num evicts: 5100000, p: 275940, s: 945866 	 max proactive lookup: 8, max shadow lookup: 8
	evict counters: 255 167 97 154 69 47 43 13 54 21 40 6 9 9 12 9
	eager counters: 255 238 252 206 222 147 139 113 180 136 78 65 26 34 72 26
num evicts: 5200000, p: 279594, s: 960635 	 max proactive lookup: 8, max shadow lookup: 8
	evict counters: 255 186 118 177 91 47 51 19 28 29 33 8 15 14 7 7
	eager counters: 255 249 255 216 230 141 126 118 186 137 84 66 28 29 73 25
num evicts: 5300000, p: 283842, s: 976776 	 max proactive lookup: 8, max shadow lookup: 8
	evict counters: 255 225 150 152 67 70 67 35 53 45 15 18 28 25 8 11
	eager counters: 255 255 255 222 241 153 130 128 193 144 87 71 32 32 73 26
num evicts: 5400000, p: 287275, s: 993383 	 max proactive lookup: 8, max shadow lookup: 8
	evict counters: 255 237 163 100 54 21 61 20 67 24 9 9 23 13 7 9
	eager counters: 255 229 255 228 251 160 132 130 198 146 90 74 35 32 75 27
num evicts: 5500000, p: 291601, s: 1008607 	 max proactive lookup: 8, max shadow lookup: 8
	evict counters: 255 85 54 50 45 13 25 16 13 10 5 2 7 4 3 5
	eager counters: 255 236 255 236 255 163 140 135 200 148 92 74 40 35 75 28
num evicts: 5600000, p: 295344, s: 1024205 	 max proactive lookup: 8, max shadow lookup: 8
	evict counters: 255 42 11 15 11 7 26 3 3 5 0 1 1 1 3 3
	eager counters: 255 209 177 237 255 166 141 138 202 133 92 57 35 25 76 25
num evicts: 5700000, p: 299980, s: 1042710 	 max proactive lookup: 8, max shadow lookup: 8
	evict counters: 255 28 13 9 5 5 8 6 2 1 1 0 3 1 4 0
	eager counters: 255 190 161 164 175 167 127 142 182 91 64 42 23 18 77 19
num evicts: 5800000, p: 305083, s: 1061277 	 max proactive lookup: 8, max shadow lookup: 8
	evict counters: 255 30 13 13 12 3 13 4 5 5 3 3 4 3 5 3
	eager counters: 255 196 131 169 182 170 132 148 182 81 66 43 27 18 77 19
num evicts: 5900000, p: 310283, s: 1076987 	 max proactive lookup: 8, max shadow lookup: 8
	evict counters: 255 52 43 26 18 18 14 9 9 14 13 8 16 3 3 5
	eager counters: 255 209 126 175 165 178 138 151 162 84 63 36 30 19 77 20
num evicts: 6000000, p: 315007, s: 1092335 	 max proactive lookup: 8, max shadow lookup: 8
	evict counters: 255 80 62 28 13 26 18 13 9 6 4 7 6 5 3 3
	eager counters: 255 219 132 185 150 185 143 157 167 70 65 40 31 17 77 20
num evicts: 6100000, p: 319988, s: 1111408 	 max proactive lookup: 8, max shadow lookup: 8
	evict counters: 255 102 76 50 26 25 32 6 6 15 7 4 5 4 2 1
	eager counters: 255 227 136 192 124 189 146 162 168 75 67 46 25 18 77 20
num evicts: 6200000, p: 324707, s: 1132213 	 max proactive lookup: 8, max shadow lookup: 8
	evict counters: 255 124 70 65 37 39 31 17 7 33 22 6 9 3 8 5
	eager counters: 255 233 146 199 137 192 148 168 170 84 71 47 26 20 77 21
Heartbeat CPU 7 instructions: 70000015 cycles: 77591292 heartbeat IPC: 0.6031 cumulative IPC: 0.6498 (Simulation time: 01 hr 40 min 47 sec)
Heartbeat CPU 2 instructions: 70000011 cycles: 77616067 heartbeat IPC: 0.6036 cumulative IPC: 0.6508 (Simulation time: 01 hr 40 min 48 sec)
Heartbeat CPU 3 instructions: 70000011 cycles: 78053652 heartbeat IPC: 0.5976 cumulative IPC: 0.6472 (Simulation time: 01 hr 41 min 17 sec)
Heartbeat CPU 0 instructions: 70000010 cycles: 78073483 heartbeat IPC: 0.5947 cumulative IPC: 0.6463 (Simulation time: 01 hr 41 min 18 sec)
Heartbeat CPU 1 instructions: 70000010 cycles: 78075775 heartbeat IPC: 0.594 cumulative IPC: 0.646 (Simulation time: 01 hr 41 min 18 sec)
Heartbeat CPU 4 instructions: 70000011 cycles: 78094122 heartbeat IPC: 0.5945 cumulative IPC: 0.6468 (Simulation time: 01 hr 41 min 19 sec)
Heartbeat CPU 5 instructions: 70000011 cycles: 78101284 heartbeat IPC: 0.5962 cumulative IPC: 0.6468 (Simulation time: 01 hr 41 min 20 sec)
Heartbeat CPU 6 instructions: 70000011 cycles: 78112314 heartbeat IPC: 0.5961 cumulative IPC: 0.6468 (Simulation time: 01 hr 41 min 21 sec)
num evicts: 6300000, p: 329233, s: 1150907 	 max proactive lookup: 8, max shadow lookup: 8
	evict counters: 255 143 87 58 43 43 40 21 10 22 21 22 8 12 7 14
	eager counters: 255 211 155 204 146 197 153 169 171 86 72 53 27 21 77 23
num evicts: 6400000, p: 332816, s: 1165584 	 max proactive lookup: 8, max shadow lookup: 8
	evict counters: 255 168 106 50 60 40 44 24 25 24 19 28 13 14 13 11
	eager counters: 255 217 162 213 153 177 141 172 172 78 76 56 29 23 79 23
num evicts: 6500000, p: 335636, s: 1178170 	 max proactive lookup: 8, max shadow lookup: 8
	evict counters: 255 187 96 46 24 35 43 22 5 17 23 6 7 3 5 6
	eager counters: 255 226 167 220 156 185 142 173 174 69 76 57 28 24 80 21
num evicts: 6600000, p: 339432, s: 1195609 	 max proactive lookup: 8, max shadow lookup: 8
	evict counters: 255 218 121 57 32 42 25 25 35 15 21 4 5 0 15 0
	eager counters: 255 233 181 232 164 190 149 179 181 74 80 58 29 25 80 21
num evicts: 6700000, p: 342756, s: 1212140 	 max proactive lookup: 8, max shadow lookup: 8
	evict counters: 255 143 139 57 28 37 12 18 28 15 16 3 5 7 8 4
	eager counters: 255 240 188 236 171 197 151 181 184 68 84 59 32 28 81 19
num evicts: 6800000, p: 345977, s: 1225070 	 max proactive lookup: 8, max shadow lookup: 8
	evict counters: 255 112 165 75 36 32 31 24 41 17 10 16 9 11 7 13
	eager counters: 255 251 198 213 177 141 155 184 187 71 77 60 32 29 81 20
num evicts: 6900000, p: 349199, s: 1241008 	 max proactive lookup: 8, max shadow lookup: 8
	evict counters: 255 79 142 90 15 24 21 21 21 5 7 22 4 9 14 15
	eager counters: 255 255 205 221 178 130 160 187 188 56 79 62 34 32 86 20
num evicts: 7000000, p: 353714, s: 1260293 	 max proactive lookup: 8, max shadow lookup: 8
	evict counters: 255 108 161 30 14 25 17 11 12 7 17 10 6 5 3 6
	eager counters: 255 255 213 225 191 138 163 168 192 57 84 63 31 35 77 18
num evicts: 7100000, p: 358065, s: 1276306 	 max proactive lookup: 8, max shadow lookup: 8
	evict counters: 255 80 107 32 21 40 40 23 12 16 12 16 13 14 7 7
	eager counters: 255 255 223 180 172 147 169 157 196 50 85 45 33 32 78 19
num evicts: 7200000, p: 362367, s: 1292891 	 max proactive lookup: 8, max shadow lookup: 8
	evict counters: 255 99 131 27 21 19 24 28 13 15 12 10 11 11 8 11
	eager counters: 255 255 229 147 155 150 149 126 156 50 77 51 37 35 80 20
num evicts: 7300000, p: 366255, s: 1313037 	 max proactive lookup: 8, max shadow lookup: 8
	evict counters: 255 128 157 50 40 37 26 38 19 23 28 17 14 11 12 18
	eager counters: 255 255 238 139 115 155 120 130 158 42 79 58 39 38 66 21
num evicts: 7400000, p: 369575, s: 1329188 	 max proactive lookup: 8, max shadow lookup: 8
	evict counters: 255 70 80 35 18 44 38 46 17 13 21 27 24 12 12 15
	eager counters: 255 255 218 130 97 167 111 121 166 41 79 62 39 40 53 21
num evicts: 7500000, p: 373671, s: 1343321 	 max proactive lookup: 8, max shadow lookup: 8
	evict counters: 255 70 84 48 16 38 24 45 9 22 18 17 18 10 4 11
	eager counters: 255 255 230 119 80 173 104 125 148 42 83 65 43 36 42 21
num evicts: 7600000, p: 377356, s: 1361641 	 max proactive lookup: 8, max shadow lookup: 8
	evict counters: 255 68 32 38 10 33 9 32 8 5 12 6 3 4 2 6
	eager counters: 255 225 233 108 75 177 87 128 131 44 74 53 32 39 35 21
Heartbeat CPU 7 instructions: 80000016 cycles: 94485463 heartbeat IPC: 0.5919 cumulative IPC: 0.6384 (Simulation time: 01 hr 59 min 22 sec)
Heartbeat CPU 2 instructions: 80000011 cycles: 94504792 heartbeat IPC: 0.5921 cumulative IPC: 0.6392 (Simulation time: 01 hr 59 min 23 sec)
Heartbeat CPU 4 instructions: 80000011 cycles: 95061289 heartbeat IPC: 0.5894 cumulative IPC: 0.6356 (Simulation time: 02 hr 00 min 01 sec)
Heartbeat CPU 0 instructions: 80000011 cycles: 95078763 heartbeat IPC: 0.5881 cumulative IPC: 0.6348 (Simulation time: 02 hr 00 min 02 sec)
Heartbeat CPU 3 instructions: 80000011 cycles: 95082544 heartbeat IPC: 0.5872 cumulative IPC: 0.6354 (Simulation time: 02 hr 00 min 02 sec)
num evicts: 7700000, p: 381308, s: 1380619 	 max proactive lookup: 8, max shadow lookup: 8
	evict counters: 255 55 30 21 22 16 9 27 9 6 13 9 1 4 6 5
	eager counters: 255 231 213 98 60 160 56 109 134 38 59 54 18 43 22 21
Heartbeat CPU 6 instructions: 80000011 cycles: 95123027 heartbeat IPC: 0.5879 cumulative IPC: 0.6352 (Simulation time: 02 hr 00 min 05 sec)
Heartbeat CPU 1 instructions: 80000011 cycles: 95160688 heartbeat IPC: 0.5853 cumulative IPC: 0.634 (Simulation time: 02 hr 00 min 07 sec)
Heartbeat CPU 5 instructions: 80000014 cycles: 95222114 heartbeat IPC: 0.5841 cumulative IPC: 0.6344 (Simulation time: 02 hr 00 min 11 sec)
num evicts: 7800000, p: 385682, s: 1396792 	 max proactive lookup: 8, max shadow lookup: 8
	evict counters: 255 78 51 17 20 23 11 19 10 12 17 14 7 8 5 3
	eager counters: 255 240 220 82 48 166 52 112 137 37 61 56 17 38 22 21
num evicts: 7900000, p: 390382, s: 1416025 	 max proactive lookup: 8, max shadow lookup: 8
	evict counters: 255 101 74 33 20 32 15 26 12 19 14 4 4 11 7 5
	eager counters: 255 245 223 90 46 169 48 113 139 35 61 57 17 39 20 21
num evicts: 8000000, p: 394888, s: 1436847 	 max proactive lookup: 8, max shadow lookup: 8
	evict counters: 255 123 62 33 30 11 25 14 13 24 12 5 5 4 6 2
	eager counters: 255 252 230 94 49 173 53 103 127 41 59 49 17 42 24 21
num evicts: 8100000, p: 399567, s: 1455786 	 max proactive lookup: 8, max shadow lookup: 8
	evict counters: 255 107 41 41 15 14 8 6 11 13 7 4 4 2 4 4
	eager counters: 255 255 240 97 51 157 44 93 91 31 47 35 13 43 24 20
num evicts: 8200000, p: 403860, s: 1473171 	 max proactive lookup: 8, max shadow lookup: 8
	evict counters: 255 109 71 51 34 21 10 27 19 9 16 12 10 7 6 6
	eager counters: 255 255 253 104 56 165 47 100 94 31 52 37 15 43 25 21
num evicts: 8300000, p: 407632, s: 1490423 	 max proactive lookup: 8, max shadow lookup: 8
	evict counters: 255 99 83 68 59 37 24 46 31 17 13 23 14 7 4 8
	eager counters: 255 255 255 108 64 176 49 102 98 36 57 41 16 43 26 19
num evicts: 8400000, p: 411765, s: 1508584 	 max proactive lookup: 8, max shadow lookup: 8
	evict counters: 255 117 84 79 74 44 20 60 28 16 23 14 16 10 1 8
	eager counters: 255 255 255 114 70 156 52 105 98 39 59 47 19 43 26 19
num evicts: 8500000, p: 416052, s: 1528790 	 max proactive lookup: 8, max shadow lookup: 8
	evict counters: 255 107 100 82 40 21 21 56 17 16 19 21 31 9 2 14
	eager counters: 255 255 255 95 65 142 53 100 90 43 54 50 22 40 27 20
num evicts: 8600000, p: 420275, s: 1545061 	 max proactive lookup: 8, max shadow lookup: 8
	evict counters: 255 129 92 37 40 22 21 18 12 19 30 32 11 5 9 4
	eager counters: 255 255 255 103 66 115 59 106 74 49 57 54 20 40 29 19
num evicts: 8700000, p: 424081, s: 1563428 	 max proactive lookup: 8, max shadow lookup: 8
	evict counters: 255 98 90 51 40 28 17 9 15 26 39 25 11 5 3 5
	eager counters: 255 255 255 112 72 121 58 108 67 49 54 59 20 42 32 17
num evicts: 8800000, p: 428137, s: 1584230 	 max proactive lookup: 8, max shadow lookup: 8
	evict counters: 255 96 121 70 48 30 25 12 25 24 31 21 10 8 5 3
	eager counters: 255 255 255 118 79 109 65 100 72 46 55 52 23 43 28 19
num evicts: 8900000, p: 431870, s: 1601604 	 max proactive lookup: 8, max shadow lookup: 8
	evict counters: 255 113 109 55 65 40 21 17 9 31 26 15 9 5 4 3
	eager counters: 255 255 255 110 85 117 58 104 52 49 60 54 23 46 30 17
Heartbeat CPU 7 instructions: 90000018 cycles: 110265526 heartbeat IPC: 0.6337 cumulative IPC: 0.6377 (Simulation time: 02 hr 17 min 10 sec)
Heartbeat CPU 2 instructions: 90000011 cycles: 110337046 heartbeat IPC: 0.6316 cumulative IPC: 0.6381 (Simulation time: 02 hr 17 min 15 sec)
num evicts: 9000000, p: 435291, s: 1618748 	 max proactive lookup: 8, max shadow lookup: 8
	evict counters: 255 140 109 25 85 7 13 7 10 23 15 13 10 2 3 5
	eager counters: 255 255 229 121 94 122 62 111 40 56 61 56 24 35 28 16
Heartbeat CPU 4 instructions: 90000011 cycles: 111102215 heartbeat IPC: 0.6234 cumulative IPC: 0.6337 (Simulation time: 02 hr 18 min 05 sec)
Heartbeat CPU 0 instructions: 90000013 cycles: 111165956 heartbeat IPC: 0.6216 cumulative IPC: 0.6328 (Simulation time: 02 hr 18 min 09 sec)
Heartbeat CPU 3 instructions: 90000013 cycles: 111222906 heartbeat IPC: 0.6196 cumulative IPC: 0.6329 (Simulation time: 02 hr 18 min 12 sec)
Heartbeat CPU 6 instructions: 90000011 cycles: 111231911 heartbeat IPC: 0.6208 cumulative IPC: 0.6329 (Simulation time: 02 hr 18 min 13 sec)
Heartbeat CPU 5 instructions: 90000018 cycles: 111298445 heartbeat IPC: 0.622 cumulative IPC: 0.6325 (Simulation time: 02 hr 18 min 17 sec)
Heartbeat CPU 1 instructions: 90000011 cycles: 111364784 heartbeat IPC: 0.6171 cumulative IPC: 0.6314 (Simulation time: 02 hr 18 min 20 sec)
num evicts: 9100000, p: 438693, s: 1637579 	 max proactive lookup: 8, max shadow lookup: 8
	evict counters: 255 161 48 39 58 25 29 12 13 18 16 9 11 12 4 6
	eager counters: 255 255 242 130 100 127 69 116 44 62 56 58 27 29 26 16
num evicts: 9200000, p: 442231, s: 1654419 	 max proactive lookup: 8, max shadow lookup: 8
	evict counters: 255 185 61 31 53 37 25 6 10 29 16 11 19 4 7 10
	eager counters: 255 255 250 140 107 132 77 123 36 68 61 53 29 28 28 14
num evicts: 9300000, p: 445874, s: 1672036 	 max proactive lookup: 8, max shadow lookup: 8
	evict counters: 255 160 93 51 69 34 40 20 20 34 21 19 8 3 5 4
	eager counters: 255 255 255 142 111 137 84 126 42 70 66 57 30 25 29 14
num evicts: 9400000, p: 449198, s: 1692641 	 max proactive lookup: 8, max shadow lookup: 8
	evict counters: 255 187 120 43 80 22 33 28 19 15 19 24 10 4 10 3
	eager counters: 255 255 255 149 125 127 89 134 45 74 71 59 33 22 29 12
num evicts: 9500000, p: 453020, s: 1715014 	 max proactive lookup: 8, max shadow lookup: 8
	evict counters: 255 163 142 52 44 31 33 12 9 9 11 18 15 2 8 2
	eager counters: 255 255 255 157 127 119 93 139 50 77 66 60 34 26 27 12
num evicts: 9600000, p: 457307, s: 1736795 	 max proactive lookup: 8, max shadow lookup: 8
	evict counters: 255 145 159 72 44 34 36 18 23 15 12 26 15 4 6 5
	eager counters: 255 226 255 167 134 110 101 113 56 66 61 65 26 30 19 12
num evicts: 9700000, p: 461882, s: 1757315 	 max proactive lookup: 8, max shadow lookup: 8
	evict counters: 255 168 175 47 57 48 35 13 23 25 10 18 15 0 3 8
	eager counters: 255 233 255 178 140 120 106 103 53 69 55 51 30 32 20 11
num evicts: 9800000, p: 464917, s: 1776008 	 max proactive lookup: 8, max shadow lookup: 8
	evict counters: 255 203 194 73 73 63 47 33 35 37 24 24 23 3 3 11
	eager counters: 255 247 255 166 149 109 98 96 40 64 60 53 30 30 18 12
num evicts: 9900000, p: 468867, s: 1801829 	 max proactive lookup: 8, max shadow lookup: 8
	evict counters: 255 225 210 93 98 75 65 45 48 41 32 27 27 6 1 19
	eager counters: 255 255 255 175 156 113 107 101 42 66 63 54 33 33 20 15
num evicts: 10000000, p: 473111, s: 1832593 	 max proactive lookup: 8, max shadow lookup: 8
	evict counters: 255 252 232 117 123 93 80 59 58 48 38 22 27 10 6 18
	eager counters: 255 255 255 189 170 121 114 108 48 71 68 57 36 36 23 16
num evicts: 10100000, p: 475728, s: 1863225 	 max proactive lookup: 8, max shadow lookup: 8
	evict counters: 255 255 255 133 142 109 95 71 61 58 41 19 28 20 9 16
	eager counters: 255 255 255 193 177 127 120 112 51 74 71 58 39 36 23 16
num evicts: 10200000, p: 480301, s: 1899665 	 max proactive lookup: 8, max shadow lookup: 8
	evict counters: 255 255 255 154 160 121 107 84 74 64 50 22 33 25 9 17
	eager counters: 255 255 255 208 186 132 127 118 55 75 72 60 39 37 23 16
num evicts: 10300000, p: 483825, s: 1923349 	 max proactive lookup: 8, max shadow lookup: 8
	evict counters: 255 255 255 174 185 133 123 100 88 81 64 31 44 20 3 20
	eager counters: 255 255 255 221 200 139 137 129 58 80 75 64 41 37 23 16
num evicts: 10400000, p: 486720, s: 1954238 	 max proactive lookup: 8, max shadow lookup: 8
	evict counters: 255 255 255 195 200 153 145 115 105 88 73 45 48 22 0 16
	eager counters: 255 255 255 229 207 146 148 132 66 83 79 66 41 39 24 16
num evicts: 10500000, p: 489122, s: 1985144 	 max proactive lookup: 8, max shadow lookup: 8
	evict counters: 255 255 255 218 213 168 156 126 118 99 76 57 55 16 5 14
	eager counters: 255 255 255 240 215 151 152 138 74 89 80 62 43 41 27 16
num evicts: 10600000, p: 491816, s: 2015695 	 max proactive lookup: 8, max shadow lookup: 8
	evict counters: 255 255 255 238 231 145 165 147 132 116 90 66 52 22 2 15
	eager counters: 255 255 255 254 200 146 159 149 84 92 89 67 40 42 28 16
num evicts: 10700000, p: 496125, s: 2049460 	 max proactive lookup: 8, max shadow lookup: 8
	evict counters: 255 255 255 255 249 158 182 162 148 87 101 70 52 29 2 9
	eager counters: 255 255 255 255 210 153 168 155 97 97 97 72 40 44 28 16
num evicts: 10800000, p: 500191, s: 2076258 	 max proactive lookup: 8, max shadow lookup: 8
	evict counters: 255 255 255 255 255 178 197 167 161 71 103 75 57 31 9 20
	eager counters: 255 255 255 255 219 163 176 161 101 102 100 78 42 49 28 19
num evicts: 10900000, p: 504009, s: 2106252 	 max proactive lookup: 8, max shadow lookup: 8
	evict counters: 255 255 255 255 255 152 126 144 105 56 72 52 58 15 8 14
	eager counters: 255 255 255 255 203 171 162 170 110 107 106 81 46 51 31 21
Heartbeat CPU 7 instructions: 100000021 cycles: 133006384 heartbeat IPC: 0.4397 cumulative IPC: 0.6015 (Simulation time: 02 hr 42 min 00 sec)
Heartbeat CPU 2 instructions: 100000015 cycles: 133037442 heartbeat IPC: 0.4405 cumulative IPC: 0.602 (Simulation time: 02 hr 42 min 03 sec)
Heartbeat CPU 4 instructions: 100000015 cycles: 133973900 heartbeat IPC: 0.4372 cumulative IPC: 0.5978 (Simulation time: 02 hr 43 min 22 sec)
Heartbeat CPU 0 instructions: 100000015 cycles: 133993868 heartbeat IPC: 0.4381 cumulative IPC: 0.5973 (Simulation time: 02 hr 43 min 24 sec)
Heartbeat CPU 6 instructions: 100000015 cycles: 134093966 heartbeat IPC: 0.4374 cumulative IPC: 0.5973 (Simulation time: 02 hr 43 min 32 sec)
Heartbeat CPU 3 instructions: 100000015 cycles: 134128563 heartbeat IPC: 0.4366 cumulative IPC: 0.5971 (Simulation time: 02 hr 43 min 35 sec)
Heartbeat CPU 5 instructions: 100000021 cycles: 134161837 heartbeat IPC: 0.4374 cumulative IPC: 0.597 (Simulation time: 02 hr 43 min 38 sec)
num evicts: 11000000, p: 509750, s: 2136965 	 max proactive lookup: 8, max shadow lookup: 8
	evict counters: 255 255 159 255 201 172 142 115 116 62 85 63 66 8 10 15
	eager counters: 255 229 255 255 187 178 169 172 120 99 112 84 52 53 38 22
Heartbeat CPU 1 instructions: 100000015 cycles: 134252621 heartbeat IPC: 0.4369 cumulative IPC: 0.596 (Simulation time: 02 hr 43 min 46 sec)
num evicts: 11100000, p: 515508, s: 2165395 	 max proactive lookup: 8, max shadow lookup: 8
	evict counters: 255 205 182 255 215 191 156 97 128 71 94 70 60 17 9 17
	eager counters: 255 243 255 255 190 192 178 178 123 107 114 86 55 57 40 22
num evicts: 11200000, p: 523896, s: 2196807 	 max proactive lookup: 8, max shadow lookup: 8
	evict counters: 255 238 204 86 179 150 168 114 139 84 100 44 27 28 2 16
	eager counters: 255 255 255 255 205 198 188 187 126 113 116 77 52 60 33 23
num evicts: 11300000, p: 528921, s: 2214963 	 max proactive lookup: 8, max shadow lookup: 8
	evict counters: 255 255 219 3 205 22 104 56 21 42 25 3 0 0 0 4
	eager counters: 255 255 255 255 215 157 168 151 88 81 118 28 30 17 9 23
Heartbeat CPU 7 instructions: 110000021 cycles: 140499203 heartbeat IPC: 1.335 cumulative IPC: 0.6432 (Simulation time: 02 hr 53 min 04 sec)
Heartbeat CPU 2 instructions: 110000015 cycles: 140510621 heartbeat IPC: 1.338 cumulative IPC: 0.6437 (Simulation time: 02 hr 53 min 05 sec)
num evicts: 11400000, p: 534112, s: 2239931 	 max proactive lookup: 8, max shadow lookup: 8
	evict counters: 255 125 8 4 75 0 4 18 0 17 0 2 0 0 0 0
	eager counters: 255 184 91 159 136 35 16 91 8 78 16 7 13 7 8 12
Heartbeat CPU 4 instructions: 110000015 cycles: 141691335 heartbeat IPC: 1.296 cumulative IPC: 0.6383 (Simulation time: 02 hr 55 min 08 sec)
Heartbeat CPU 0 instructions: 110000015 cycles: 141747248 heartbeat IPC: 1.29 cumulative IPC: 0.6376 (Simulation time: 02 hr 55 min 14 sec)
Heartbeat CPU 6 instructions: 110000015 cycles: 141788399 heartbeat IPC: 1.3 cumulative IPC: 0.6379 (Simulation time: 02 hr 55 min 18 sec)
Heartbeat CPU 3 instructions: 110000015 cycles: 141884211 heartbeat IPC: 1.289 cumulative IPC: 0.6374 (Simulation time: 02 hr 55 min 28 sec)
Heartbeat CPU 5 instructions: 110000021 cycles: 141905865 heartbeat IPC: 1.291 cumulative IPC: 0.6373 (Simulation time: 02 hr 55 min 30 sec)
Heartbeat CPU 1 instructions: 110000015 cycles: 141977766 heartbeat IPC: 1.294 cumulative IPC: 0.6364 (Simulation time: 02 hr 55 min 38 sec)
num evicts: 11500000, p: 540424, s: 2266528 	 max proactive lookup: 8, max shadow lookup: 8
	evict counters: 255 143 2 1 38 2 2 4 0 2 1 2 0 0 0 0
	eager counters: 255 195 18 70 148 15 9 100 7 56 8 8 7 7 8 8
num evicts: 11600000, p: 547804, s: 2293913 	 max proactive lookup: 8, max shadow lookup: 8
	evict counters: 255 3 9 2 7 2 2 5 2 2 5 2 3 0 0 0
	eager counters: 255 59 24 26 70 13 11 38 8 19 12 9 9 7 8 7
num evicts: 11700000, p: 555233, s: 2321554 	 max proactive lookup: 8, max shadow lookup: 8
	evict counters: 255 6 4 0 3 0 3 3 3 3 8 0 0 1 3 0
	eager counters: 255 26 13 11 71 7 8 38 9 9 17 7 7 7 8 7
Heartbeat CPU 7 instructions: 120000024 cycles: 147003223 heartbeat IPC: 1.538 cumulative IPC: 0.6852 (Simulation time: 03 hr 04 min 12 sec)
Heartbeat CPU 2 instructions: 120000016 cycles: 147061051 heartbeat IPC: 1.527 cumulative IPC: 0.6855 (Simulation time: 03 hr 04 min 18 sec)
Heartbeat CPU 4 instructions: 120000016 cycles: 148353054 heartbeat IPC: 1.501 cumulative IPC: 0.6794 (Simulation time: 03 hr 06 min 28 sec)
Heartbeat CPU 6 instructions: 120000016 cycles: 148427468 heartbeat IPC: 1.506 cumulative IPC: 0.6791 (Simulation time: 03 hr 06 min 36 sec)
Heartbeat CPU 0 instructions: 120000016 cycles: 148449528 heartbeat IPC: 1.492 cumulative IPC: 0.6786 (Simulation time: 03 hr 06 min 38 sec)
Heartbeat CPU 3 instructions: 120000016 cycles: 148535270 heartbeat IPC: 1.504 cumulative IPC: 0.6785 (Simulation time: 03 hr 06 min 47 sec)
num evicts: 11800000, p: 564352, s: 2347649 	 max proactive lookup: 8, max shadow lookup: 8
	evict counters: 255 3 13 1 1 0 5 0 0 2 3 1 0 0 0 0
	eager counters: 255 12 23 8 50 7 14 32 7 8 19 8 7 7 7 7
Heartbeat CPU 5 instructions: 120000024 cycles: 148609980 heartbeat IPC: 1.492 cumulative IPC: 0.6782 (Simulation time: 03 hr 06 min 54 sec)
Heartbeat CPU 1 instructions: 120000016 cycles: 148693952 heartbeat IPC: 1.489 cumulative IPC: 0.6773 (Simulation time: 03 hr 07 min 02 sec)
num evicts: 11900000, p: 574496, s: 2373931 	 max proactive lookup: 8, max shadow lookup: 8
	evict counters: 255 0 6 2 0 2 5 4 0 0 0 0 0 0 0 0
	eager counters: 255 9 16 13 28 8 17 22 7 7 8 7 7 7 7 7
Simulation finished CPU 2 instructions: 100000000 cycles: 141968261 cumulative IPC: 0.7044 (Simulation time: 03 hr 10 min 02 sec)
Simulation finished CPU 7 instructions: 100000000 cycles: 141980023 cumulative IPC: 0.7043 (Simulation time: 03 hr 10 min 03 sec)
Simulation finished CPU 4 instructions: 100000000 cycles: 143356219 cumulative IPC: 0.6976 (Simulation time: 03 hr 12 min 16 sec)
Simulation finished CPU 6 instructions: 100000003 cycles: 143380552 cumulative IPC: 0.6974 (Simulation time: 03 hr 12 min 19 sec)
Simulation finished CPU 0 instructions: 100000000 cycles: 143477916 cumulative IPC: 0.697 (Simulation time: 03 hr 12 min 28 sec)
Simulation finished CPU 3 instructions: 100000000 cycles: 143535323 cumulative IPC: 0.6967 (Simulation time: 03 hr 12 min 34 sec)
num evicts: 12000000, p: 585232, s: 2400258 	 max proactive lookup: 8, max shadow lookup: 8
	evict counters: 255 10 4 0 4 1 5 1 2 1 2 0 0 0 0 0
	eager counters: 255 18 14 7 31 8 18 7 7 7 8 7 8 7 7 7
Simulation finished CPU 5 instructions: 100000000 cycles: 143590106 cumulative IPC: 0.6964 (Simulation time: 03 hr 12 min 40 sec)
Simulation finished CPU 1 instructions: 100000002 cycles: 143695356 cumulative IPC: 0.6959 (Simulation time: 03 hr 12 min 51 sec)
Simulation complete CPU 7 instructions: 102503826 cycles: 143695356 cumulative IPC: 0.7133 (Simulation time: 03 hr 12 min 51 sec)
Simulation complete CPU 6 instructions: 100436635 cycles: 143695356 cumulative IPC: 0.699 (Simulation time: 03 hr 12 min 51 sec)
Simulation complete CPU 5 instructions: 100127159 cycles: 143695356 cumulative IPC: 0.6968 (Simulation time: 03 hr 12 min 51 sec)
Simulation complete CPU 4 instructions: 100490693 cycles: 143695356 cumulative IPC: 0.6993 (Simulation time: 03 hr 12 min 51 sec)
Simulation complete CPU 3 instructions: 100234837 cycles: 143695356 cumulative IPC: 0.6976 (Simulation time: 03 hr 12 min 51 sec)
Simulation complete CPU 2 instructions: 102445892 cycles: 143695356 cumulative IPC: 0.7129 (Simulation time: 03 hr 12 min 51 sec)
Simulation complete CPU 1 instructions: 100000002 cycles: 143695356 cumulative IPC: 0.6959 (Simulation time: 03 hr 12 min 51 sec)
Simulation complete CPU 0 instructions: 100282524 cycles: 143695356 cumulative IPC: 0.6979 (Simulation time: 03 hr 12 min 51 sec)

ChampSim completed all CPUs

=== Simulation ===
CPU 0 runs TRACES/ctf/google/merced.champsim.trace.gz
CPU 1 runs TRACES/ctf/google/merced.champsim.trace.gz
CPU 2 runs TRACES/ctf/google/merced.champsim.trace.gz
CPU 3 runs TRACES/ctf/google/merced.champsim.trace.gz
CPU 4 runs TRACES/ctf/google/merced.champsim.trace.gz
CPU 5 runs TRACES/ctf/google/merced.champsim.trace.gz
CPU 6 runs TRACES/ctf/google/merced.champsim.trace.gz
CPU 7 runs TRACES/ctf/google/merced.champsim.trace.gz

Total Simulation Statistics (not including warmup)

CPU 7 cumulative IPC: 0.7133 instructions: 102503826 cycles: 143695356
CPU 7 Branch Prediction Accuracy: 100% MPKI: 0 Average ROB Occupancy at Mispredict: -
Branch type MPKI
BRANCH_DIRECT_JUMP: 0
BRANCH_INDIRECT: 0
BRANCH_CONDITIONAL: 0
BRANCH_DIRECT_CALL: 0
BRANCH_INDIRECT_CALL: 0
BRANCH_RETURN: 0


CPU 6 cumulative IPC: 0.699 instructions: 100436635 cycles: 143695356
CPU 6 Branch Prediction Accuracy: 100% MPKI: 0 Average ROB Occupancy at Mispredict: -
Branch type MPKI
BRANCH_DIRECT_JUMP: 0
BRANCH_INDIRECT: 0
BRANCH_CONDITIONAL: 0
BRANCH_DIRECT_CALL: 0
BRANCH_INDIRECT_CALL: 0
BRANCH_RETURN: 0


CPU 5 cumulative IPC: 0.6968 instructions: 100127159 cycles: 143695356
CPU 5 Branch Prediction Accuracy: 100% MPKI: 0 Average ROB Occupancy at Mispredict: -
Branch type MPKI
BRANCH_DIRECT_JUMP: 0
BRANCH_INDIRECT: 0
BRANCH_CONDITIONAL: 0
BRANCH_DIRECT_CALL: 0
BRANCH_INDIRECT_CALL: 0
BRANCH_RETURN: 0


CPU 4 cumulative IPC: 0.6993 instructions: 100490693 cycles: 143695356
CPU 4 Branch Prediction Accuracy: 100% MPKI: 0 Average ROB Occupancy at Mispredict: -
Branch type MPKI
BRANCH_DIRECT_JUMP: 0
BRANCH_INDIRECT: 0
BRANCH_CONDITIONAL: 0
BRANCH_DIRECT_CALL: 0
BRANCH_INDIRECT_CALL: 0
BRANCH_RETURN: 0


CPU 3 cumulative IPC: 0.6976 instructions: 100234837 cycles: 143695356
CPU 3 Branch Prediction Accuracy: 100% MPKI: 0 Average ROB Occupancy at Mispredict: -
Branch type MPKI
BRANCH_DIRECT_JUMP: 0
BRANCH_INDIRECT: 0
BRANCH_CONDITIONAL: 0
BRANCH_DIRECT_CALL: 0
BRANCH_INDIRECT_CALL: 0
BRANCH_RETURN: 0


CPU 2 cumulative IPC: 0.7129 instructions: 102445892 cycles: 143695356
CPU 2 Branch Prediction Accuracy: 100% MPKI: 0 Average ROB Occupancy at Mispredict: -
Branch type MPKI
BRANCH_DIRECT_JUMP: 0
BRANCH_INDIRECT: 0
BRANCH_CONDITIONAL: 0
BRANCH_DIRECT_CALL: 0
BRANCH_INDIRECT_CALL: 0
BRANCH_RETURN: 0


CPU 1 cumulative IPC: 0.6959 instructions: 100000002 cycles: 143695356
CPU 1 Branch Prediction Accuracy: 100% MPKI: 0 Average ROB Occupancy at Mispredict: -
Branch type MPKI
BRANCH_DIRECT_JUMP: 0
BRANCH_INDIRECT: 0
BRANCH_CONDITIONAL: 0
BRANCH_DIRECT_CALL: 0
BRANCH_INDIRECT_CALL: 0
BRANCH_RETURN: 0


CPU 0 cumulative IPC: 0.6979 instructions: 100282524 cycles: 143695356
CPU 0 Branch Prediction Accuracy: 100% MPKI: 0 Average ROB Occupancy at Mispredict: -
Branch type MPKI
BRANCH_DIRECT_JUMP: 0
BRANCH_INDIRECT: 0
BRANCH_CONDITIONAL: 0
BRANCH_DIRECT_CALL: 0
BRANCH_INDIRECT_CALL: 0
BRANCH_RETURN: 0

cpu7->cpu7_STLB TOTAL        ACCESS:     275074 HIT:     274659 MISS:        415 MSHR_MERGE:          0
cpu7->cpu7_STLB LOAD         ACCESS:     275074 HIT:     274659 MISS:        415 MSHR_MERGE:          0
cpu7->cpu7_STLB RFO          ACCESS:          0 HIT:          0 MISS:          0 MSHR_MERGE:          0
cpu7->cpu7_STLB PREFETCH     ACCESS:          0 HIT:          0 MISS:          0 MSHR_MERGE:          0
cpu7->cpu7_STLB WRITE        ACCESS:          0 HIT:          0 MISS:          0 MSHR_MERGE:          0
cpu7->cpu7_STLB TRANSLATION  ACCESS:          0 HIT:          0 MISS:          0 MSHR_MERGE:          0
cpu7->cpu7_STLB PREFETCH REQUESTED:          0 ISSUED:          0 USEFUL:          0 USELESS:          0
cpu7->cpu7_STLB AVERAGE MISS LATENCY: 683.2 cycles
cpu7->cpu7_L2C TOTAL        ACCESS:    4948494 HIT:    2794229 MISS:    2154265 MSHR_MERGE:          0
cpu7->cpu7_L2C LOAD         ACCESS:    2898784 HIT:    1361072 MISS:    1537712 MSHR_MERGE:          0
cpu7->cpu7_L2C RFO          ACCESS:     906574 HIT:     292259 MISS:     614315 MSHR_MERGE:          0
cpu7->cpu7_L2C PREFETCH     ACCESS:          0 HIT:          0 MISS:          0 MSHR_MERGE:          0
cpu7->cpu7_L2C WRITE        ACCESS:    1142618 HIT:    1140890 MISS:       1728 MSHR_MERGE:          0
cpu7->cpu7_L2C TRANSLATION  ACCESS:        518 HIT:          8 MISS:        510 MSHR_MERGE:          0
cpu7->cpu7_L2C PREFETCH REQUESTED:          0 ISSUED:          0 USEFUL:          0 USELESS:          0
cpu7->cpu7_L2C AVERAGE MISS LATENCY: 335.8 cycles
cpu7->cpu7_L1I TOTAL        ACCESS:   19145451 HIT:   16287862 MISS:    2857589 MSHR_MERGE:    1393943
cpu7->cpu7_L1I LOAD         ACCESS:   19145451 HIT:   16287862 MISS:    2857589 MSHR_MERGE:    1393943
cpu7->cpu7_L1I RFO          ACCESS:          0 HIT:          0 MISS:          0 MSHR_MERGE:          0
cpu7->cpu7_L1I PREFETCH     ACCESS:          0 HIT:          0 MISS:          0 MSHR_MERGE:          0
cpu7->cpu7_L1I WRITE        ACCESS:          0 HIT:          0 MISS:          0 MSHR_MERGE:          0
cpu7->cpu7_L1I TRANSLATION  ACCESS:          0 HIT:          0 MISS:          0 MSHR_MERGE:          0
cpu7->cpu7_L1I PREFETCH REQUESTED:          0 ISSUED:          0 USEFUL:          0 USELESS:          0
cpu7->cpu7_L1I AVERAGE MISS LATENCY: 120.1 cycles
cpu7->cpu7_L1D TOTAL        ACCESS:   35792147 HIT:   27675420 MISS:    8116727 MSHR_MERGE:    5774381
cpu7->cpu7_L1D LOAD         ACCESS:   15220775 HIT:   12741042 MISS:    2479733 MSHR_MERGE:    1044515
cpu7->cpu7_L1D RFO          ACCESS:          0 HIT:          0 MISS:          0 MSHR_MERGE:          0
cpu7->cpu7_L1D PREFETCH     ACCESS:          0 HIT:          0 MISS:          0 MSHR_MERGE:          0
cpu7->cpu7_L1D WRITE        ACCESS:   20570841 HIT:   14934373 MISS:    5636468 MSHR_MERGE:    4729858
cpu7->cpu7_L1D TRANSLATION  ACCESS:        531 HIT:          5 MISS:        526 MSHR_MERGE:          8
cpu7->cpu7_L1D PREFETCH REQUESTED:          0 ISSUED:          0 USEFUL:          0 USELESS:          0
cpu7->cpu7_L1D AVERAGE MISS LATENCY: 247.6 cycles
cpu7->cpu7_ITLB TOTAL        ACCESS:   16552485 HIT:   16552461 MISS:         24 MSHR_MERGE:         19
cpu7->cpu7_ITLB LOAD         ACCESS:   16552485 HIT:   16552461 MISS:         24 MSHR_MERGE:         19
cpu7->cpu7_ITLB RFO          ACCESS:          0 HIT:          0 MISS:          0 MSHR_MERGE:          0
cpu7->cpu7_ITLB PREFETCH     ACCESS:          0 HIT:          0 MISS:          0 MSHR_MERGE:          0
cpu7->cpu7_ITLB WRITE        ACCESS:          0 HIT:          0 MISS:          0 MSHR_MERGE:          0
cpu7->cpu7_ITLB TRANSLATION  ACCESS:          0 HIT:          0 MISS:          0 MSHR_MERGE:          0
cpu7->cpu7_ITLB PREFETCH REQUESTED:          0 ISSUED:          0 USEFUL:          0 USELESS:          0
cpu7->cpu7_ITLB AVERAGE MISS LATENCY: 848.4 cycles
cpu7->cpu7_DTLB TOTAL        ACCESS:   33016553 HIT:   32582635 MISS:     433918 MSHR_MERGE:     158849
cpu7->cpu7_DTLB LOAD         ACCESS:   33016553 HIT:   32582635 MISS:     433918 MSHR_MERGE:     158849
cpu7->cpu7_DTLB RFO          ACCESS:          0 HIT:          0 MISS:          0 MSHR_MERGE:          0
cpu7->cpu7_DTLB PREFETCH     ACCESS:          0 HIT:          0 MISS:          0 MSHR_MERGE:          0
cpu7->cpu7_DTLB WRITE        ACCESS:          0 HIT:          0 MISS:          0 MSHR_MERGE:          0
cpu7->cpu7_DTLB TRANSLATION  ACCESS:          0 HIT:          0 MISS:          0 MSHR_MERGE:          0
cpu7->cpu7_DTLB PREFETCH REQUESTED:          0 ISSUED:          0 USEFUL:          0 USELESS:          0
cpu7->cpu7_DTLB AVERAGE MISS LATENCY: 6.018 cycles
cpu6->cpu6_STLB TOTAL        ACCESS:     268626 HIT:     268207 MISS:        419 MSHR_MERGE:          0
cpu6->cpu6_STLB LOAD         ACCESS:     268626 HIT:     268207 MISS:        419 MSHR_MERGE:          0
cpu6->cpu6_STLB RFO          ACCESS:          0 HIT:          0 MISS:          0 MSHR_MERGE:          0
cpu6->cpu6_STLB PREFETCH     ACCESS:          0 HIT:          0 MISS:          0 MSHR_MERGE:          0
cpu6->cpu6_STLB WRITE        ACCESS:          0 HIT:          0 MISS:          0 MSHR_MERGE:          0
cpu6->cpu6_STLB TRANSLATION  ACCESS:          0 HIT:          0 MISS:          0 MSHR_MERGE:          0
cpu6->cpu6_STLB PREFETCH REQUESTED:          0 ISSUED:          0 USEFUL:          0 USELESS:          0
cpu6->cpu6_STLB AVERAGE MISS LATENCY: 421 cycles
cpu6->cpu6_L2C TOTAL        ACCESS:    4816768 HIT:    2701050 MISS:    2115718 MSHR_MERGE:          0
cpu6->cpu6_L2C LOAD         ACCESS:    2829995 HIT:    1315916 MISS:    1514079 MSHR_MERGE:          0
cpu6->cpu6_L2C RFO          ACCESS:     877736 HIT:     278303 MISS:     599433 MSHR_MERGE:          0
cpu6->cpu6_L2C PREFETCH     ACCESS:          0 HIT:          0 MISS:          0 MSHR_MERGE:          0
cpu6->cpu6_L2C WRITE        ACCESS:    1108512 HIT:    1106823 MISS:       1689 MSHR_MERGE:          0
cpu6->cpu6_L2C TRANSLATION  ACCESS:        525 HIT:          8 MISS:        517 MSHR_MERGE:          0
cpu6->cpu6_L2C PREFETCH REQUESTED:          0 ISSUED:          0 USEFUL:          0 USELESS:          0
cpu6->cpu6_L2C AVERAGE MISS LATENCY: 355.4 cycles
cpu6->cpu6_L1I TOTAL        ACCESS:   18737742 HIT:   15951914 MISS:    2785828 MSHR_MERGE:    1353316
cpu6->cpu6_L1I LOAD         ACCESS:   18737742 HIT:   15951914 MISS:    2785828 MSHR_MERGE:    1353316
cpu6->cpu6_L1I RFO          ACCESS:          0 HIT:          0 MISS:          0 MSHR_MERGE:          0
cpu6->cpu6_L1I PREFETCH     ACCESS:          0 HIT:          0 MISS:          0 MSHR_MERGE:          0
cpu6->cpu6_L1I WRITE        ACCESS:          0 HIT:          0 MISS:          0 MSHR_MERGE:          0
cpu6->cpu6_L1I TRANSLATION  ACCESS:          0 HIT:          0 MISS:          0 MSHR_MERGE:          0
cpu6->cpu6_L1I PREFETCH REQUESTED:          0 ISSUED:          0 USEFUL:          0 USELESS:          0
cpu6->cpu6_L1I AVERAGE MISS LATENCY: 124.4 cycles
cpu6->cpu6_L1D TOTAL        ACCESS:   35133620 HIT:   27235515 MISS:    7898105 MSHR_MERGE:    5622259
cpu6->cpu6_L1D LOAD         ACCESS:   14947083 HIT:   12520633 MISS:    2426450 MSHR_MERGE:    1028901
cpu6->cpu6_L1D RFO          ACCESS:          0 HIT:          0 MISS:          0 MSHR_MERGE:          0
cpu6->cpu6_L1D PREFETCH     ACCESS:          0 HIT:          0 MISS:          0 MSHR_MERGE:          0
cpu6->cpu6_L1D WRITE        ACCESS:   20185999 HIT:   14714876 MISS:    5471123 MSHR_MERGE:    4593351
cpu6->cpu6_L1D TRANSLATION  ACCESS:        538 HIT:          6 MISS:        532 MSHR_MERGE:          7
cpu6->cpu6_L1D PREFETCH REQUESTED:          0 ISSUED:          0 USEFUL:          0 USELESS:          0
cpu6->cpu6_L1D AVERAGE MISS LATENCY: 265.9 cycles
cpu6->cpu6_ITLB TOTAL        ACCESS:   16214799 HIT:   16214776 MISS:         23 MSHR_MERGE:         18
cpu6->cpu6_ITLB LOAD         ACCESS:   16214799 HIT:   16214776 MISS:         23 MSHR_MERGE:         18
cpu6->cpu6_ITLB RFO          ACCESS:          0 HIT:          0 MISS:          0 MSHR_MERGE:          0
cpu6->cpu6_ITLB PREFETCH     ACCESS:          0 HIT:          0 MISS:          0 MSHR_MERGE:          0
cpu6->cpu6_ITLB WRITE        ACCESS:          0 HIT:          0 MISS:          0 MSHR_MERGE:          0
cpu6->cpu6_ITLB TRANSLATION  ACCESS:          0 HIT:          0 MISS:          0 MSHR_MERGE:          0
cpu6->cpu6_ITLB PREFETCH REQUESTED:          0 ISSUED:          0 USEFUL:          0 USELESS:          0
cpu6->cpu6_ITLB AVERAGE MISS LATENCY: 349.4 cycles
cpu6->cpu6_DTLB TOTAL        ACCESS:   32452397 HIT:   32027711 MISS:     424686 MSHR_MERGE:     156065
cpu6->cpu6_DTLB LOAD         ACCESS:   32452397 HIT:   32027711 MISS:     424686 MSHR_MERGE:     156065
cpu6->cpu6_DTLB RFO          ACCESS:          0 HIT:          0 MISS:          0 MSHR_MERGE:          0
cpu6->cpu6_DTLB PREFETCH     ACCESS:          0 HIT:          0 MISS:          0 MSHR_MERGE:          0
cpu6->cpu6_DTLB WRITE        ACCESS:          0 HIT:          0 MISS:          0 MSHR_MERGE:          0
cpu6->cpu6_DTLB TRANSLATION  ACCESS:          0 HIT:          0 MISS:          0 MSHR_MERGE:          0
cpu6->cpu6_DTLB PREFETCH REQUESTED:          0 ISSUED:          0 USEFUL:          0 USELESS:          0
cpu6->cpu6_DTLB AVERAGE MISS LATENCY: 5.653 cycles
cpu5->cpu5_STLB TOTAL        ACCESS:     267610 HIT:     267192 MISS:        418 MSHR_MERGE:          0
cpu5->cpu5_STLB LOAD         ACCESS:     267610 HIT:     267192 MISS:        418 MSHR_MERGE:          0
cpu5->cpu5_STLB RFO          ACCESS:          0 HIT:          0 MISS:          0 MSHR_MERGE:          0
cpu5->cpu5_STLB PREFETCH     ACCESS:          0 HIT:          0 MISS:          0 MSHR_MERGE:          0
cpu5->cpu5_STLB WRITE        ACCESS:          0 HIT:          0 MISS:          0 MSHR_MERGE:          0
cpu5->cpu5_STLB TRANSLATION  ACCESS:          0 HIT:          0 MISS:          0 MSHR_MERGE:          0
cpu5->cpu5_STLB PREFETCH REQUESTED:          0 ISSUED:          0 USEFUL:          0 USELESS:          0
cpu5->cpu5_STLB AVERAGE MISS LATENCY: 417 cycles
cpu5->cpu5_L2C TOTAL        ACCESS:    4795700 HIT:    2686067 MISS:    2109633 MSHR_MERGE:          0
cpu5->cpu5_L2C LOAD         ACCESS:    2819643 HIT:    1309240 MISS:    1510403 MSHR_MERGE:          0
cpu5->cpu5_L2C RFO          ACCESS:     872926 HIT:     275898 MISS:     597028 MSHR_MERGE:          0
cpu5->cpu5_L2C PREFETCH     ACCESS:          0 HIT:          0 MISS:          0 MSHR_MERGE:          0
cpu5->cpu5_L2C WRITE        ACCESS:    1102610 HIT:    1100921 MISS:       1689 MSHR_MERGE:          0
cpu5->cpu5_L2C TRANSLATION  ACCESS:        521 HIT:          8 MISS:        513 MSHR_MERGE:          0
cpu5->cpu5_L2C PREFETCH REQUESTED:          0 ISSUED:          0 USEFUL:          0 USELESS:          0
cpu5->cpu5_L2C AVERAGE MISS LATENCY: 355.5 cycles
cpu5->cpu5_L1I TOTAL        ACCESS:   18669784 HIT:   15890898 MISS:    2778886 MSHR_MERGE:    1350852
cpu5->cpu5_L1I LOAD         ACCESS:   18669784 HIT:   15890898 MISS:    2778886 MSHR_MERGE:    1350852
cpu5->cpu5_L1I RFO          ACCESS:          0 HIT:          0 MISS:          0 MSHR_MERGE:          0
cpu5->cpu5_L1I PREFETCH     ACCESS:          0 HIT:          0 MISS:          0 MSHR_MERGE:          0
cpu5->cpu5_L1I WRITE        ACCESS:          0 HIT:          0 MISS:          0 MSHR_MERGE:          0
cpu5->cpu5_L1I TRANSLATION  ACCESS:          0 HIT:          0 MISS:          0 MSHR_MERGE:          0
cpu5->cpu5_L1I PREFETCH REQUESTED:          0 ISSUED:          0 USEFUL:          0 USELESS:          0
cpu5->cpu5_L1I AVERAGE MISS LATENCY: 125 cycles
cpu5->cpu5_L1D TOTAL        ACCESS:   35023404 HIT:   27183048 MISS:    7840356 MSHR_MERGE:    5575204
cpu5->cpu5_L1D LOAD         ACCESS:   14891659 HIT:   12478069 MISS:    2413590 MSHR_MERGE:    1021917
cpu5->cpu5_L1D RFO          ACCESS:          0 HIT:          0 MISS:          0 MSHR_MERGE:          0
cpu5->cpu5_L1D PREFETCH     ACCESS:          0 HIT:          0 MISS:          0 MSHR_MERGE:          0
cpu5->cpu5_L1D WRITE        ACCESS:   20131212 HIT:   14704974 MISS:    5426238 MSHR_MERGE:    4553280
cpu5->cpu5_L1D TRANSLATION  ACCESS:        533 HIT:          5 MISS:        528 MSHR_MERGE:          7
cpu5->cpu5_L1D PREFETCH REQUESTED:          0 ISSUED:          0 USEFUL:          0 USELESS:          0
cpu5->cpu5_L1D AVERAGE MISS LATENCY: 266 cycles
cpu5->cpu5_ITLB TOTAL        ACCESS:   16151493 HIT:   16151469 MISS:         24 MSHR_MERGE:         19
cpu5->cpu5_ITLB LOAD         ACCESS:   16151493 HIT:   16151469 MISS:         24 MSHR_MERGE:         19
cpu5->cpu5_ITLB RFO          ACCESS:          0 HIT:          0 MISS:          0 MSHR_MERGE:          0
cpu5->cpu5_ITLB PREFETCH     ACCESS:          0 HIT:          0 MISS:          0 MSHR_MERGE:          0
cpu5->cpu5_ITLB WRITE        ACCESS:          0 HIT:          0 MISS:          0 MSHR_MERGE:          0
cpu5->cpu5_ITLB TRANSLATION  ACCESS:          0 HIT:          0 MISS:          0 MSHR_MERGE:          0
cpu5->cpu5_ITLB PREFETCH REQUESTED:          0 ISSUED:          0 USEFUL:          0 USELESS:          0
cpu5->cpu5_ITLB AVERAGE MISS LATENCY: 547.2 cycles
cpu5->cpu5_DTLB TOTAL        ACCESS:   32286140 HIT:   31863041 MISS:     423099 MSHR_MERGE:     155494
cpu5->cpu5_DTLB LOAD         ACCESS:   32286140 HIT:   31863041 MISS:     423099 MSHR_MERGE:     155494
cpu5->cpu5_DTLB RFO          ACCESS:          0 HIT:          0 MISS:          0 MSHR_MERGE:          0
cpu5->cpu5_DTLB PREFETCH     ACCESS:          0 HIT:          0 MISS:          0 MSHR_MERGE:          0
cpu5->cpu5_DTLB WRITE        ACCESS:          0 HIT:          0 MISS:          0 MSHR_MERGE:          0
cpu5->cpu5_DTLB TRANSLATION  ACCESS:          0 HIT:          0 MISS:          0 MSHR_MERGE:          0
cpu5->cpu5_DTLB PREFETCH REQUESTED:          0 ISSUED:          0 USEFUL:          0 USELESS:          0
cpu5->cpu5_DTLB AVERAGE MISS LATENCY: 5.644 cycles
cpu4->cpu4_STLB TOTAL        ACCESS:     268696 HIT:     268277 MISS:        419 MSHR_MERGE:          0
cpu4->cpu4_STLB LOAD         ACCESS:     268696 HIT:     268277 MISS:        419 MSHR_MERGE:          0
cpu4->cpu4_STLB RFO          ACCESS:          0 HIT:          0 MISS:          0 MSHR_MERGE:          0
cpu4->cpu4_STLB PREFETCH     ACCESS:          0 HIT:          0 MISS:          0 MSHR_MERGE:          0
cpu4->cpu4_STLB WRITE        ACCESS:          0 HIT:          0 MISS:          0 MSHR_MERGE:          0
cpu4->cpu4_STLB TRANSLATION  ACCESS:          0 HIT:          0 MISS:          0 MSHR_MERGE:          0
cpu4->cpu4_STLB PREFETCH REQUESTED:          0 ISSUED:          0 USEFUL:          0 USELESS:          0
cpu4->cpu4_STLB AVERAGE MISS LATENCY: 421 cycles
cpu4->cpu4_L2C TOTAL        ACCESS:    4817322 HIT:    2701425 MISS:    2115897 MSHR_MERGE:          0
cpu4->cpu4_L2C LOAD         ACCESS:    2831096 HIT:    1316700 MISS:    1514396 MSHR_MERGE:          0
cpu4->cpu4_L2C RFO          ACCESS:     877285 HIT:     277987 MISS:     599298 MSHR_MERGE:          0
cpu4->cpu4_L2C PREFETCH     ACCESS:          0 HIT:          0 MISS:          0 MSHR_MERGE:          0
cpu4->cpu4_L2C WRITE        ACCESS:    1108417 HIT:    1106730 MISS:       1687 MSHR_MERGE:          0
cpu4->cpu4_L2C TRANSLATION  ACCESS:        524 HIT:          8 MISS:        516 MSHR_MERGE:          0
cpu4->cpu4_L2C PREFETCH REQUESTED:          0 ISSUED:          0 USEFUL:          0 USELESS:          0
cpu4->cpu4_L2C AVERAGE MISS LATENCY: 355.9 cycles
cpu4->cpu4_L1I TOTAL        ACCESS:   18750122 HIT:   15963232 MISS:    2786890 MSHR_MERGE:    1354055
cpu4->cpu4_L1I LOAD         ACCESS:   18750122 HIT:   15963232 MISS:    2786890 MSHR_MERGE:    1354055
cpu4->cpu4_L1I RFO          ACCESS:          0 HIT:          0 MISS:          0 MSHR_MERGE:          0
cpu4->cpu4_L1I PREFETCH     ACCESS:          0 HIT:          0 MISS:          0 MSHR_MERGE:          0
cpu4->cpu4_L1I WRITE        ACCESS:          0 HIT:          0 MISS:          0 MSHR_MERGE:          0
cpu4->cpu4_L1I TRANSLATION  ACCESS:          0 HIT:          0 MISS:          0 MSHR_MERGE:          0
cpu4->cpu4_L1I PREFETCH REQUESTED:          0 ISSUED:          0 USEFUL:          0 USELESS:          0
cpu4->cpu4_L1I AVERAGE MISS LATENCY: 124.1 cycles
cpu4->cpu4_L1D TOTAL        ACCESS:   35150036 HIT:   27258107 MISS:    7891929 MSHR_MERGE:    5615768
cpu4->cpu4_L1D LOAD         ACCESS:   14943628 HIT:   12517841 MISS:    2425787 MSHR_MERGE:    1027462
cpu4->cpu4_L1D RFO          ACCESS:          0 HIT:          0 MISS:          0 MSHR_MERGE:          0
cpu4->cpu4_L1D PREFETCH     ACCESS:          0 HIT:          0 MISS:          0 MSHR_MERGE:          0
cpu4->cpu4_L1D WRITE        ACCESS:   20205871 HIT:   14740260 MISS:    5465611 MSHR_MERGE:    4588299
cpu4->cpu4_L1D TRANSLATION  ACCESS:        537 HIT:          6 MISS:        531 MSHR_MERGE:          7
cpu4->cpu4_L1D PREFETCH REQUESTED:          0 ISSUED:          0 USEFUL:          0 USELESS:          0
cpu4->cpu4_L1D AVERAGE MISS LATENCY: 266.5 cycles
cpu4->cpu4_ITLB TOTAL        ACCESS:   16220833 HIT:   16220810 MISS:         23 MSHR_MERGE:         18
cpu4->cpu4_ITLB LOAD         ACCESS:   16220833 HIT:   16220810 MISS:         23 MSHR_MERGE:         18
cpu4->cpu4_ITLB RFO          ACCESS:          0 HIT:          0 MISS:          0 MSHR_MERGE:          0
cpu4->cpu4_ITLB PREFETCH     ACCESS:          0 HIT:          0 MISS:          0 MSHR_MERGE:          0
cpu4->cpu4_ITLB WRITE        ACCESS:          0 HIT:          0 MISS:          0 MSHR_MERGE:          0
cpu4->cpu4_ITLB TRANSLATION  ACCESS:          0 HIT:          0 MISS:          0 MSHR_MERGE:          0
cpu4->cpu4_ITLB PREFETCH REQUESTED:          0 ISSUED:          0 USEFUL:          0 USELESS:          0
cpu4->cpu4_ITLB AVERAGE MISS LATENCY: 458.6 cycles
cpu4->cpu4_DTLB TOTAL        ACCESS:   32406221 HIT:   31981535 MISS:     424686 MSHR_MERGE:     155995
cpu4->cpu4_DTLB LOAD         ACCESS:   32406221 HIT:   31981535 MISS:     424686 MSHR_MERGE:     155995
cpu4->cpu4_DTLB RFO          ACCESS:          0 HIT:          0 MISS:          0 MSHR_MERGE:          0
cpu4->cpu4_DTLB PREFETCH     ACCESS:          0 HIT:          0 MISS:          0 MSHR_MERGE:          0
cpu4->cpu4_DTLB WRITE        ACCESS:          0 HIT:          0 MISS:          0 MSHR_MERGE:          0
cpu4->cpu4_DTLB TRANSLATION  ACCESS:          0 HIT:          0 MISS:          0 MSHR_MERGE:          0
cpu4->cpu4_DTLB PREFETCH REQUESTED:          0 ISSUED:          0 USEFUL:          0 USELESS:          0
cpu4->cpu4_DTLB AVERAGE MISS LATENCY: 5.651 cycles
cpu3->cpu3_STLB TOTAL        ACCESS:     268015 HIT:     267597 MISS:        418 MSHR_MERGE:          0
cpu3->cpu3_STLB LOAD         ACCESS:     268015 HIT:     267597 MISS:        418 MSHR_MERGE:          0
cpu3->cpu3_STLB RFO          ACCESS:          0 HIT:          0 MISS:          0 MSHR_MERGE:          0
cpu3->cpu3_STLB PREFETCH     ACCESS:          0 HIT:          0 MISS:          0 MSHR_MERGE:          0
cpu3->cpu3_STLB WRITE        ACCESS:          0 HIT:          0 MISS:          0 MSHR_MERGE:          0
cpu3->cpu3_STLB TRANSLATION  ACCESS:          0 HIT:          0 MISS:          0 MSHR_MERGE:          0
cpu3->cpu3_STLB PREFETCH REQUESTED:          0 ISSUED:          0 USEFUL:          0 USELESS:          0
cpu3->cpu3_STLB AVERAGE MISS LATENCY: 408.2 cycles
cpu3->cpu3_L2C TOTAL        ACCESS:    4800967 HIT:    2690395 MISS:    2110572 MSHR_MERGE:          0
cpu3->cpu3_L2C LOAD         ACCESS:    2822339 HIT:    1311460 MISS:    1510879 MSHR_MERGE:          0
cpu3->cpu3_L2C RFO          ACCESS:     873861 HIT:     276370 MISS:     597491 MSHR_MERGE:          0
cpu3->cpu3_L2C PREFETCH     ACCESS:          0 HIT:          0 MISS:          0 MSHR_MERGE:          0
cpu3->cpu3_L2C WRITE        ACCESS:    1104246 HIT:    1102557 MISS:       1689 MSHR_MERGE:          0
cpu3->cpu3_L2C TRANSLATION  ACCESS:        521 HIT:          8 MISS:        513 MSHR_MERGE:          0
cpu3->cpu3_L2C PREFETCH REQUESTED:          0 ISSUED:          0 USEFUL:          0 USELESS:          0
cpu3->cpu3_L2C AVERAGE MISS LATENCY: 358 cycles
cpu3->cpu3_L1I TOTAL        ACCESS:   18697702 HIT:   15917085 MISS:    2780617 MSHR_MERGE:    1352019
cpu3->cpu3_L1I LOAD         ACCESS:   18697702 HIT:   15917085 MISS:    2780617 MSHR_MERGE:    1352019
cpu3->cpu3_L1I RFO          ACCESS:          0 HIT:          0 MISS:          0 MSHR_MERGE:          0
cpu3->cpu3_L1I PREFETCH     ACCESS:          0 HIT:          0 MISS:          0 MSHR_MERGE:          0
cpu3->cpu3_L1I WRITE        ACCESS:          0 HIT:          0 MISS:          0 MSHR_MERGE:          0
cpu3->cpu3_L1I TRANSLATION  ACCESS:          0 HIT:          0 MISS:          0 MSHR_MERGE:          0
cpu3->cpu3_L1I PREFETCH REQUESTED:          0 ISSUED:          0 USEFUL:          0 USELESS:          0
cpu3->cpu3_L1I AVERAGE MISS LATENCY: 124.9 cycles
cpu3->cpu3_L1D TOTAL        ACCESS:   35064023 HIT:   27211274 MISS:    7852749 MSHR_MERGE:    5584522
cpu3->cpu3_L1D LOAD         ACCESS:   14907873 HIT:   12491784 MISS:    2416089 MSHR_MERGE:    1022269
cpu3->cpu3_L1D RFO          ACCESS:          0 HIT:          0 MISS:          0 MSHR_MERGE:          0
cpu3->cpu3_L1D PREFETCH     ACCESS:          0 HIT:          0 MISS:          0 MSHR_MERGE:          0
cpu3->cpu3_L1D WRITE        ACCESS:   20155616 HIT:   14719484 MISS:    5436132 MSHR_MERGE:    4562246
cpu3->cpu3_L1D TRANSLATION  ACCESS:        534 HIT:          6 MISS:        528 MSHR_MERGE:          7
cpu3->cpu3_L1D PREFETCH REQUESTED:          0 ISSUED:          0 USEFUL:          0 USELESS:          0
cpu3->cpu3_L1D AVERAGE MISS LATENCY: 268.2 cycles
cpu3->cpu3_ITLB TOTAL        ACCESS:   16190651 HIT:   16190628 MISS:         23 MSHR_MERGE:         18
cpu3->cpu3_ITLB LOAD         ACCESS:   16190651 HIT:   16190628 MISS:         23 MSHR_MERGE:         18
cpu3->cpu3_ITLB RFO          ACCESS:          0 HIT:          0 MISS:          0 MSHR_MERGE:          0
cpu3->cpu3_ITLB PREFETCH     ACCESS:          0 HIT:          0 MISS:          0 MSHR_MERGE:          0
cpu3->cpu3_ITLB WRITE        ACCESS:          0 HIT:          0 MISS:          0 MSHR_MERGE:          0
cpu3->cpu3_ITLB TRANSLATION  ACCESS:          0 HIT:          0 MISS:          0 MSHR_MERGE:          0
cpu3->cpu3_ITLB PREFETCH REQUESTED:          0 ISSUED:          0 USEFUL:          0 USELESS:          0
cpu3->cpu3_ITLB AVERAGE MISS LATENCY: 363.2 cycles
cpu3->cpu3_DTLB TOTAL        ACCESS:   32388737 HIT:   31964800 MISS:     423937 MSHR_MERGE:     155927
cpu3->cpu3_DTLB LOAD         ACCESS:   32388737 HIT:   31964800 MISS:     423937 MSHR_MERGE:     155927
cpu3->cpu3_DTLB RFO          ACCESS:          0 HIT:          0 MISS:          0 MSHR_MERGE:          0
cpu3->cpu3_DTLB PREFETCH     ACCESS:          0 HIT:          0 MISS:          0 MSHR_MERGE:          0
cpu3->cpu3_DTLB WRITE        ACCESS:          0 HIT:          0 MISS:          0 MSHR_MERGE:          0
cpu3->cpu3_DTLB TRANSLATION  ACCESS:          0 HIT:          0 MISS:          0 MSHR_MERGE:          0
cpu3->cpu3_DTLB PREFETCH REQUESTED:          0 ISSUED:          0 USEFUL:          0 USELESS:          0
cpu3->cpu3_DTLB AVERAGE MISS LATENCY: 5.632 cycles
cpu2->cpu2_STLB TOTAL        ACCESS:     274680 HIT:     274263 MISS:        417 MSHR_MERGE:          0
cpu2->cpu2_STLB LOAD         ACCESS:     274680 HIT:     274263 MISS:        417 MSHR_MERGE:          0
cpu2->cpu2_STLB RFO          ACCESS:          0 HIT:          0 MISS:          0 MSHR_MERGE:          0
cpu2->cpu2_STLB PREFETCH     ACCESS:          0 HIT:          0 MISS:          0 MSHR_MERGE:          0
cpu2->cpu2_STLB WRITE        ACCESS:          0 HIT:          0 MISS:          0 MSHR_MERGE:          0
cpu2->cpu2_STLB TRANSLATION  ACCESS:          0 HIT:          0 MISS:          0 MSHR_MERGE:          0
cpu2->cpu2_STLB PREFETCH REQUESTED:          0 ISSUED:          0 USEFUL:          0 USELESS:          0
cpu2->cpu2_STLB AVERAGE MISS LATENCY: 402.2 cycles
cpu2->cpu2_L2C TOTAL        ACCESS:    4945901 HIT:    2790805 MISS:    2155096 MSHR_MERGE:          0
cpu2->cpu2_L2C LOAD         ACCESS:    2896883 HIT:    1358654 MISS:    1538229 MSHR_MERGE:          0
cpu2->cpu2_L2C RFO          ACCESS:     906479 HIT:     291853 MISS:     614626 MSHR_MERGE:          0
cpu2->cpu2_L2C PREFETCH     ACCESS:          0 HIT:          0 MISS:          0 MSHR_MERGE:          0
cpu2->cpu2_L2C WRITE        ACCESS:    1142019 HIT:    1140290 MISS:       1729 MSHR_MERGE:          0
cpu2->cpu2_L2C TRANSLATION  ACCESS:        520 HIT:          8 MISS:        512 MSHR_MERGE:          0
cpu2->cpu2_L2C PREFETCH REQUESTED:          0 ISSUED:          0 USEFUL:          0 USELESS:          0
cpu2->cpu2_L2C AVERAGE MISS LATENCY: 338.8 cycles
cpu2->cpu2_L1I TOTAL        ACCESS:   19108434 HIT:   16250694 MISS:    2857740 MSHR_MERGE:    1394058
cpu2->cpu2_L1I LOAD         ACCESS:   19108434 HIT:   16250694 MISS:    2857740 MSHR_MERGE:    1394058
cpu2->cpu2_L1I RFO          ACCESS:          0 HIT:          0 MISS:          0 MSHR_MERGE:          0
cpu2->cpu2_L1I PREFETCH     ACCESS:          0 HIT:          0 MISS:          0 MSHR_MERGE:          0
cpu2->cpu2_L1I WRITE        ACCESS:          0 HIT:          0 MISS:          0 MSHR_MERGE:          0
cpu2->cpu2_L1I TRANSLATION  ACCESS:          0 HIT:          0 MISS:          0 MSHR_MERGE:          0
cpu2->cpu2_L1I PREFETCH REQUESTED:          0 ISSUED:          0 USEFUL:          0 USELESS:          0
cpu2->cpu2_L1I AVERAGE MISS LATENCY: 120.1 cycles
cpu2->cpu2_L1D TOTAL        ACCESS:   35798711 HIT:   27706620 MISS:    8092091 MSHR_MERGE:    5751798
cpu2->cpu2_L1D LOAD         ACCESS:   15219441 HIT:   12739878 MISS:    2479563 MSHR_MERGE:    1046295
cpu2->cpu2_L1D RFO          ACCESS:          0 HIT:          0 MISS:          0 MSHR_MERGE:          0
cpu2->cpu2_L1D PREFETCH     ACCESS:          0 HIT:          0 MISS:          0 MSHR_MERGE:          0
cpu2->cpu2_L1D WRITE        ACCESS:   20578737 HIT:   14966736 MISS:    5612001 MSHR_MERGE:    4705496
cpu2->cpu2_L1D TRANSLATION  ACCESS:        533 HIT:          6 MISS:        527 MSHR_MERGE:          7
cpu2->cpu2_L1D PREFETCH REQUESTED:          0 ISSUED:          0 USEFUL:          0 USELESS:          0
cpu2->cpu2_L1D AVERAGE MISS LATENCY: 250.6 cycles
cpu2->cpu2_ITLB TOTAL        ACCESS:   16521997 HIT:   16521973 MISS:         24 MSHR_MERGE:         19
cpu2->cpu2_ITLB LOAD         ACCESS:   16521997 HIT:   16521973 MISS:         24 MSHR_MERGE:         19
cpu2->cpu2_ITLB RFO          ACCESS:          0 HIT:          0 MISS:          0 MSHR_MERGE:          0
cpu2->cpu2_ITLB PREFETCH     ACCESS:          0 HIT:          0 MISS:          0 MSHR_MERGE:          0
cpu2->cpu2_ITLB WRITE        ACCESS:          0 HIT:          0 MISS:          0 MSHR_MERGE:          0
cpu2->cpu2_ITLB TRANSLATION  ACCESS:          0 HIT:          0 MISS:          0 MSHR_MERGE:          0
cpu2->cpu2_ITLB PREFETCH REQUESTED:          0 ISSUED:          0 USEFUL:          0 USELESS:          0
cpu2->cpu2_ITLB AVERAGE MISS LATENCY: 375.8 cycles
cpu2->cpu2_DTLB TOTAL        ACCESS:   32990554 HIT:   32557045 MISS:     433509 MSHR_MERGE:     158834
cpu2->cpu2_DTLB LOAD         ACCESS:   32990554 HIT:   32557045 MISS:     433509 MSHR_MERGE:     158834
cpu2->cpu2_DTLB RFO          ACCESS:          0 HIT:          0 MISS:          0 MSHR_MERGE:          0
cpu2->cpu2_DTLB PREFETCH     ACCESS:          0 HIT:          0 MISS:          0 MSHR_MERGE:          0
cpu2->cpu2_DTLB WRITE        ACCESS:          0 HIT:          0 MISS:          0 MSHR_MERGE:          0
cpu2->cpu2_DTLB TRANSLATION  ACCESS:          0 HIT:          0 MISS:          0 MSHR_MERGE:          0
cpu2->cpu2_DTLB PREFETCH REQUESTED:          0 ISSUED:          0 USEFUL:          0 USELESS:          0
cpu2->cpu2_DTLB AVERAGE MISS LATENCY: 5.606 cycles
cpu1->cpu1_STLB TOTAL        ACCESS:     267353 HIT:     266938 MISS:        415 MSHR_MERGE:          0
cpu1->cpu1_STLB LOAD         ACCESS:     267353 HIT:     266938 MISS:        415 MSHR_MERGE:          0
cpu1->cpu1_STLB RFO          ACCESS:          0 HIT:          0 MISS:          0 MSHR_MERGE:          0
cpu1->cpu1_STLB PREFETCH     ACCESS:          0 HIT:          0 MISS:          0 MSHR_MERGE:          0
cpu1->cpu1_STLB WRITE        ACCESS:          0 HIT:          0 MISS:          0 MSHR_MERGE:          0
cpu1->cpu1_STLB TRANSLATION  ACCESS:          0 HIT:          0 MISS:          0 MSHR_MERGE:          0
cpu1->cpu1_STLB PREFETCH REQUESTED:          0 ISSUED:          0 USEFUL:          0 USELESS:          0
cpu1->cpu1_STLB AVERAGE MISS LATENCY: 404.8 cycles
cpu1->cpu1_L2C TOTAL        ACCESS:    4785044 HIT:    2680500 MISS:    2104544 MSHR_MERGE:          0
cpu1->cpu1_L2C LOAD         ACCESS:    2814391 HIT:    1307512 MISS:    1506879 MSHR_MERGE:          0
cpu1->cpu1_L2C RFO          ACCESS:     870395 HIT:     274919 MISS:     595476 MSHR_MERGE:          0
cpu1->cpu1_L2C PREFETCH     ACCESS:          0 HIT:          0 MISS:          0 MSHR_MERGE:          0
cpu1->cpu1_L2C WRITE        ACCESS:    1099740 HIT:    1098061 MISS:       1679 MSHR_MERGE:          0
cpu1->cpu1_L2C TRANSLATION  ACCESS:        518 HIT:          8 MISS:        510 MSHR_MERGE:          0
cpu1->cpu1_L2C PREFETCH REQUESTED:          0 ISSUED:          0 USEFUL:          0 USELESS:          0
cpu1->cpu1_L2C AVERAGE MISS LATENCY: 356.2 cycles
cpu1->cpu1_L1I TOTAL        ACCESS:   18645311 HIT:   15872757 MISS:    2772554 MSHR_MERGE:    1347524
cpu1->cpu1_L1I LOAD         ACCESS:   18645311 HIT:   15872757 MISS:    2772554 MSHR_MERGE:    1347524
cpu1->cpu1_L1I RFO          ACCESS:          0 HIT:          0 MISS:          0 MSHR_MERGE:          0
cpu1->cpu1_L1I PREFETCH     ACCESS:          0 HIT:          0 MISS:          0 MSHR_MERGE:          0
cpu1->cpu1_L1I WRITE        ACCESS:          0 HIT:          0 MISS:          0 MSHR_MERGE:          0
cpu1->cpu1_L1I TRANSLATION  ACCESS:          0 HIT:          0 MISS:          0 MSHR_MERGE:          0
cpu1->cpu1_L1I PREFETCH REQUESTED:          0 ISSUED:          0 USEFUL:          0 USELESS:          0
cpu1->cpu1_L1I AVERAGE MISS LATENCY: 125.2 cycles
cpu1->cpu1_L1D TOTAL        ACCESS:   34946431 HIT:   27125822 MISS:    7820609 MSHR_MERGE:    5560234
cpu1->cpu1_L1D LOAD         ACCESS:   14859623 HIT:   12447693 MISS:    2411930 MSHR_MERGE:    1022504
cpu1->cpu1_L1D RFO          ACCESS:          0 HIT:          0 MISS:          0 MSHR_MERGE:          0
cpu1->cpu1_L1D PREFETCH     ACCESS:          0 HIT:          0 MISS:          0 MSHR_MERGE:          0
cpu1->cpu1_L1D WRITE        ACCESS:   20086277 HIT:   14678123 MISS:    5408154 MSHR_MERGE:    4537723
cpu1->cpu1_L1D TRANSLATION  ACCESS:        531 HIT:          6 MISS:        525 MSHR_MERGE:          7
cpu1->cpu1_L1D PREFETCH REQUESTED:          0 ISSUED:          0 USEFUL:          0 USELESS:          0
cpu1->cpu1_L1D AVERAGE MISS LATENCY: 266.5 cycles
cpu1->cpu1_ITLB TOTAL        ACCESS:   16144260 HIT:   16144236 MISS:         24 MSHR_MERGE:         19
cpu1->cpu1_ITLB LOAD         ACCESS:   16144260 HIT:   16144236 MISS:         24 MSHR_MERGE:         19
cpu1->cpu1_ITLB RFO          ACCESS:          0 HIT:          0 MISS:          0 MSHR_MERGE:          0
cpu1->cpu1_ITLB PREFETCH     ACCESS:          0 HIT:          0 MISS:          0 MSHR_MERGE:          0
cpu1->cpu1_ITLB WRITE        ACCESS:          0 HIT:          0 MISS:          0 MSHR_MERGE:          0
cpu1->cpu1_ITLB TRANSLATION  ACCESS:          0 HIT:          0 MISS:          0 MSHR_MERGE:          0
cpu1->cpu1_ITLB PREFETCH REQUESTED:          0 ISSUED:          0 USEFUL:          0 USELESS:          0
cpu1->cpu1_ITLB AVERAGE MISS LATENCY: 365.4 cycles
cpu1->cpu1_DTLB TOTAL        ACCESS:   32223707 HIT:   31801806 MISS:     421901 MSHR_MERGE:     154553
cpu1->cpu1_DTLB LOAD         ACCESS:   32223707 HIT:   31801806 MISS:     421901 MSHR_MERGE:     154553
cpu1->cpu1_DTLB RFO          ACCESS:          0 HIT:          0 MISS:          0 MSHR_MERGE:          0
cpu1->cpu1_DTLB PREFETCH     ACCESS:          0 HIT:          0 MISS:          0 MSHR_MERGE:          0
cpu1->cpu1_DTLB WRITE        ACCESS:          0 HIT:          0 MISS:          0 MSHR_MERGE:          0
cpu1->cpu1_DTLB TRANSLATION  ACCESS:          0 HIT:          0 MISS:          0 MSHR_MERGE:          0
cpu1->cpu1_DTLB PREFETCH REQUESTED:          0 ISSUED:          0 USEFUL:          0 USELESS:          0
cpu1->cpu1_DTLB AVERAGE MISS LATENCY: 5.625 cycles
cpu0->cpu0_STLB TOTAL        ACCESS:     268162 HIT:     267746 MISS:        416 MSHR_MERGE:          0
cpu0->cpu0_STLB LOAD         ACCESS:     268162 HIT:     267746 MISS:        416 MSHR_MERGE:          0
cpu0->cpu0_STLB RFO          ACCESS:          0 HIT:          0 MISS:          0 MSHR_MERGE:          0
cpu0->cpu0_STLB PREFETCH     ACCESS:          0 HIT:          0 MISS:          0 MSHR_MERGE:          0
cpu0->cpu0_STLB WRITE        ACCESS:          0 HIT:          0 MISS:          0 MSHR_MERGE:          0
cpu0->cpu0_STLB TRANSLATION  ACCESS:          0 HIT:          0 MISS:          0 MSHR_MERGE:          0
cpu0->cpu0_STLB PREFETCH REQUESTED:          0 ISSUED:          0 USEFUL:          0 USELESS:          0
cpu0->cpu0_STLB AVERAGE MISS LATENCY: 428.2 cycles
cpu0->cpu0_L2C TOTAL        ACCESS:    4803440 HIT:    2692845 MISS:    2110595 MSHR_MERGE:          0
cpu0->cpu0_L2C LOAD         ACCESS:    2824664 HIT:    1313738 MISS:    1510926 MSHR_MERGE:          0
cpu0->cpu0_L2C RFO          ACCESS:     874009 HIT:     276542 MISS:     597467 MSHR_MERGE:          0
cpu0->cpu0_L2C PREFETCH     ACCESS:          0 HIT:          0 MISS:          0 MSHR_MERGE:          0
cpu0->cpu0_L2C WRITE        ACCESS:    1104247 HIT:    1102557 MISS:       1690 MSHR_MERGE:          0
cpu0->cpu0_L2C TRANSLATION  ACCESS:        520 HIT:          8 MISS:        512 MSHR_MERGE:          0
cpu0->cpu0_L2C PREFETCH REQUESTED:          0 ISSUED:          0 USEFUL:          0 USELESS:          0
cpu0->cpu0_L2C AVERAGE MISS LATENCY: 357 cycles
cpu0->cpu0_L1I TOTAL        ACCESS:   18711852 HIT:   15928335 MISS:    2783517 MSHR_MERGE:    1353538
cpu0->cpu0_L1I LOAD         ACCESS:   18711852 HIT:   15928335 MISS:    2783517 MSHR_MERGE:    1353538
cpu0->cpu0_L1I RFO          ACCESS:          0 HIT:          0 MISS:          0 MSHR_MERGE:          0
cpu0->cpu0_L1I PREFETCH     ACCESS:          0 HIT:          0 MISS:          0 MSHR_MERGE:          0
cpu0->cpu0_L1I WRITE        ACCESS:          0 HIT:          0 MISS:          0 MSHR_MERGE:          0
cpu0->cpu0_L1I TRANSLATION  ACCESS:          0 HIT:          0 MISS:          0 MSHR_MERGE:          0
cpu0->cpu0_L1I PREFETCH REQUESTED:          0 ISSUED:          0 USEFUL:          0 USELESS:          0
cpu0->cpu0_L1I AVERAGE MISS LATENCY: 124.3 cycles
cpu0->cpu0_L1D TOTAL        ACCESS:   35091734 HIT:   27226691 MISS:    7865043 MSHR_MERGE:    5595731
cpu0->cpu0_L1D LOAD         ACCESS:   14917768 HIT:   12498749 MISS:    2419019 MSHR_MERGE:    1024259
cpu0->cpu0_L1D RFO          ACCESS:          0 HIT:          0 MISS:          0 MSHR_MERGE:          0
cpu0->cpu0_L1D PREFETCH     ACCESS:          0 HIT:          0 MISS:          0 MSHR_MERGE:          0
cpu0->cpu0_L1D WRITE        ACCESS:   20173433 HIT:   14727937 MISS:    5445496 MSHR_MERGE:    4571464
cpu0->cpu0_L1D TRANSLATION  ACCESS:        533 HIT:          5 MISS:        528 MSHR_MERGE:          8
cpu0->cpu0_L1D PREFETCH REQUESTED:          0 ISSUED:          0 USEFUL:          0 USELESS:          0
cpu0->cpu0_L1D AVERAGE MISS LATENCY: 267.5 cycles
cpu0->cpu0_ITLB TOTAL        ACCESS:   16202707 HIT:   16202684 MISS:         23 MSHR_MERGE:         18
cpu0->cpu0_ITLB LOAD         ACCESS:   16202707 HIT:   16202684 MISS:         23 MSHR_MERGE:         18
cpu0->cpu0_ITLB RFO          ACCESS:          0 HIT:          0 MISS:          0 MSHR_MERGE:          0
cpu0->cpu0_ITLB PREFETCH     ACCESS:          0 HIT:          0 MISS:          0 MSHR_MERGE:          0
cpu0->cpu0_ITLB WRITE        ACCESS:          0 HIT:          0 MISS:          0 MSHR_MERGE:          0
cpu0->cpu0_ITLB TRANSLATION  ACCESS:          0 HIT:          0 MISS:          0 MSHR_MERGE:          0
cpu0->cpu0_ITLB PREFETCH REQUESTED:          0 ISSUED:          0 USEFUL:          0 USELESS:          0
cpu0->cpu0_ITLB AVERAGE MISS LATENCY: 579.8 cycles
cpu0->cpu0_DTLB TOTAL        ACCESS:   32414573 HIT:   31990370 MISS:     424203 MSHR_MERGE:     156046
cpu0->cpu0_DTLB LOAD         ACCESS:   32414573 HIT:   31990370 MISS:     424203 MSHR_MERGE:     156046
cpu0->cpu0_DTLB RFO          ACCESS:          0 HIT:          0 MISS:          0 MSHR_MERGE:          0
cpu0->cpu0_DTLB PREFETCH     ACCESS:          0 HIT:          0 MISS:          0 MSHR_MERGE:          0
cpu0->cpu0_DTLB WRITE        ACCESS:          0 HIT:          0 MISS:          0 MSHR_MERGE:          0
cpu0->cpu0_DTLB TRANSLATION  ACCESS:          0 HIT:          0 MISS:          0 MSHR_MERGE:          0
cpu0->cpu0_DTLB PREFETCH REQUESTED:          0 ISSUED:          0 USEFUL:          0 USELESS:          0
cpu0->cpu0_DTLB AVERAGE MISS LATENCY: 5.656 cycles
cpu0->LLC TOTAL        ACCESS:    2841552 HIT:    1431737 MISS:    1409815 MSHR_MERGE:          0
cpu0->LLC LOAD         ACCESS:    1510920 HIT:     615688 MISS:     895232 MSHR_MERGE:          0
cpu0->LLC RFO          ACCESS:     597466 HIT:     148357 MISS:     449109 MSHR_MERGE:          0
cpu0->LLC PREFETCH     ACCESS:          0 HIT:          0 MISS:          0 MSHR_MERGE:          0
cpu0->LLC WRITE        ACCESS:     732654 HIT:     667300 MISS:      65354 MSHR_MERGE:          0
cpu0->LLC TRANSLATION  ACCESS:        512 HIT:        392 MISS:        120 MSHR_MERGE:          0
cpu0->LLC PREFETCH REQUESTED:          0 ISSUED:          0 USEFUL:          0 USELESS:          0
cpu0->LLC AVERAGE MISS LATENCY: 4044 cycles
cpu1->LLC TOTAL        ACCESS:    2832879 HIT:    1426259 MISS:    1406620 MSHR_MERGE:          0
cpu1->LLC LOAD         ACCESS:    1506870 HIT:     611613 MISS:     895257 MSHR_MERGE:          0
cpu1->LLC RFO          ACCESS:     595476 HIT:     146998 MISS:     448478 MSHR_MERGE:          0
cpu1->LLC PREFETCH     ACCESS:          0 HIT:          0 MISS:          0 MSHR_MERGE:          0
cpu1->LLC WRITE        ACCESS:     730023 HIT:     667255 MISS:      62768 MSHR_MERGE:          0
cpu1->LLC TRANSLATION  ACCESS:        510 HIT:        393 MISS:        117 MSHR_MERGE:          0
cpu1->LLC PREFETCH REQUESTED:          0 ISSUED:          0 USEFUL:          0 USELESS:          0
cpu1->LLC AVERAGE MISS LATENCY: 4053 cycles
cpu2->LLC TOTAL        ACCESS:    2904335 HIT:    1502484 MISS:    1401851 MSHR_MERGE:          0
cpu2->LLC LOAD         ACCESS:    1538219 HIT:     650849 MISS:     887370 MSHR_MERGE:          0
cpu2->LLC RFO          ACCESS:     614626 HIT:     162380 MISS:     452246 MSHR_MERGE:          0
cpu2->LLC PREFETCH     ACCESS:          0 HIT:          0 MISS:          0 MSHR_MERGE:          0
cpu2->LLC WRITE        ACCESS:     750978 HIT:     688872 MISS:      62106 MSHR_MERGE:          0
cpu2->LLC TRANSLATION  ACCESS:        512 HIT:        383 MISS:        129 MSHR_MERGE:          0
cpu2->LLC PREFETCH REQUESTED:          0 ISSUED:          0 USEFUL:          0 USELESS:          0
cpu2->LLC AVERAGE MISS LATENCY: 4067 cycles
cpu3->LLC TOTAL        ACCESS:    2841227 HIT:    1432584 MISS:    1408643 MSHR_MERGE:          0
cpu3->LLC LOAD         ACCESS:    1510868 HIT:     615181 MISS:     895687 MSHR_MERGE:          0
cpu3->LLC RFO          ACCESS:     597492 HIT:     148033 MISS:     449459 MSHR_MERGE:          0
cpu3->LLC PREFETCH     ACCESS:          0 HIT:          0 MISS:          0 MSHR_MERGE:          0
cpu3->LLC WRITE        ACCESS:     732354 HIT:     668978 MISS:      63376 MSHR_MERGE:          0
cpu3->LLC TRANSLATION  ACCESS:        513 HIT:        392 MISS:        121 MSHR_MERGE:          0
cpu3->LLC PREFETCH REQUESTED:          0 ISSUED:          0 USEFUL:          0 USELESS:          0
cpu3->LLC AVERAGE MISS LATENCY: 4047 cycles
cpu4->LLC TOTAL        ACCESS:    2848677 HIT:    1438097 MISS:    1410580 MSHR_MERGE:          0
cpu4->LLC LOAD         ACCESS:    1514404 HIT:     618510 MISS:     895894 MSHR_MERGE:          0
cpu4->LLC RFO          ACCESS:     599298 HIT:     149658 MISS:     449640 MSHR_MERGE:          0
cpu4->LLC PREFETCH     ACCESS:          0 HIT:          0 MISS:          0 MSHR_MERGE:          0
cpu4->LLC WRITE        ACCESS:     734459 HIT:     669533 MISS:      64926 MSHR_MERGE:          0
cpu4->LLC TRANSLATION  ACCESS:        516 HIT:        396 MISS:        120 MSHR_MERGE:          0
cpu4->LLC PREFETCH REQUESTED:          0 ISSUED:          0 USEFUL:          0 USELESS:          0
cpu4->LLC AVERAGE MISS LATENCY: 4042 cycles
cpu5->LLC TOTAL        ACCESS:    2840093 HIT:    1434076 MISS:    1406017 MSHR_MERGE:          0
cpu5->LLC LOAD         ACCESS:    1510391 HIT:     613464 MISS:     896927 MSHR_MERGE:          0
cpu5->LLC RFO          ACCESS:     597027 HIT:     147483 MISS:     449544 MSHR_MERGE:          0
cpu5->LLC PREFETCH     ACCESS:          0 HIT:          0 MISS:          0 MSHR_MERGE:          0
cpu5->LLC WRITE        ACCESS:     732162 HIT:     672734 MISS:      59428 MSHR_MERGE:          0
cpu5->LLC TRANSLATION  ACCESS:        513 HIT:        395 MISS:        118 MSHR_MERGE:          0
cpu5->LLC PREFETCH REQUESTED:          0 ISSUED:          0 USEFUL:          0 USELESS:          0
cpu5->LLC AVERAGE MISS LATENCY: 4055 cycles
cpu6->LLC TOTAL        ACCESS:    2848454 HIT:    1440251 MISS:    1408203 MSHR_MERGE:          0
cpu6->LLC LOAD         ACCESS:    1514070 HIT:     617541 MISS:     896529 MSHR_MERGE:          0
cpu6->LLC RFO          ACCESS:     599433 HIT:     149509 MISS:     449924 MSHR_MERGE:          0
cpu6->LLC PREFETCH     ACCESS:          0 HIT:          0 MISS:          0 MSHR_MERGE:          0
cpu6->LLC WRITE        ACCESS:     734434 HIT:     672803 MISS:      61631 MSHR_MERGE:          0
cpu6->LLC TRANSLATION  ACCESS:        517 HIT:        398 MISS:        119 MSHR_MERGE:          0
cpu6->LLC PREFETCH REQUESTED:          0 ISSUED:          0 USEFUL:          0 USELESS:          0
cpu6->LLC AVERAGE MISS LATENCY: 4048 cycles
cpu7->LLC TOTAL        ACCESS:    2903010 HIT:    1503663 MISS:    1399347 MSHR_MERGE:          2
cpu7->LLC LOAD         ACCESS:    1537701 HIT:     652661 MISS:     885040 MSHR_MERGE:          0
cpu7->LLC RFO          ACCESS:     614315 HIT:     162326 MISS:     451989 MSHR_MERGE:          0
cpu7->LLC PREFETCH     ACCESS:          0 HIT:          0 MISS:          0 MSHR_MERGE:          0
cpu7->LLC WRITE        ACCESS:     750484 HIT:     688611 MISS:      61873 MSHR_MERGE:          0
cpu7->LLC TRANSLATION  ACCESS:        510 HIT:         65 MISS:        445 MSHR_MERGE:          2
cpu7->LLC PREFETCH REQUESTED:          0 ISSUED:          0 USEFUL:          0 USELESS:          0
cpu7->LLC AVERAGE MISS LATENCY: 4074 cycles

Region of Interest Statistics

CPU 7 cumulative IPC: 0.7043 instructions: 100000000 cycles: 141980023
CPU 7 Branch Prediction Accuracy: 100% MPKI: 0 Average ROB Occupancy at Mispredict: -
Branch type MPKI
BRANCH_DIRECT_JUMP: 0
BRANCH_INDIRECT: 0
BRANCH_CONDITIONAL: 0
BRANCH_DIRECT_CALL: 0
BRANCH_INDIRECT_CALL: 0
BRANCH_RETURN: 0


CPU 6 cumulative IPC: 0.6974 instructions: 100000003 cycles: 143380552
CPU 6 Branch Prediction Accuracy: 100% MPKI: 0 Average ROB Occupancy at Mispredict: -
Branch type MPKI
BRANCH_DIRECT_JUMP: 0
BRANCH_INDIRECT: 0
BRANCH_CONDITIONAL: 0
BRANCH_DIRECT_CALL: 0
BRANCH_INDIRECT_CALL: 0
BRANCH_RETURN: 0


CPU 5 cumulative IPC: 0.6964 instructions: 100000000 cycles: 143590106
CPU 5 Branch Prediction Accuracy: 100% MPKI: 0 Average ROB Occupancy at Mispredict: -
Branch type MPKI
BRANCH_DIRECT_JUMP: 0
BRANCH_INDIRECT: 0
BRANCH_CONDITIONAL: 0
BRANCH_DIRECT_CALL: 0
BRANCH_INDIRECT_CALL: 0
BRANCH_RETURN: 0


CPU 4 cumulative IPC: 0.6976 instructions: 100000000 cycles: 143356219
CPU 4 Branch Prediction Accuracy: 100% MPKI: 0 Average ROB Occupancy at Mispredict: -
Branch type MPKI
BRANCH_DIRECT_JUMP: 0
BRANCH_INDIRECT: 0
BRANCH_CONDITIONAL: 0
BRANCH_DIRECT_CALL: 0
BRANCH_INDIRECT_CALL: 0
BRANCH_RETURN: 0


CPU 3 cumulative IPC: 0.6967 instructions: 100000000 cycles: 143535323
CPU 3 Branch Prediction Accuracy: 100% MPKI: 0 Average ROB Occupancy at Mispredict: -
Branch type MPKI
BRANCH_DIRECT_JUMP: 0
BRANCH_INDIRECT: 0
BRANCH_CONDITIONAL: 0
BRANCH_DIRECT_CALL: 0
BRANCH_INDIRECT_CALL: 0
BRANCH_RETURN: 0


CPU 2 cumulative IPC: 0.7044 instructions: 100000000 cycles: 141968261
CPU 2 Branch Prediction Accuracy: 100% MPKI: 0 Average ROB Occupancy at Mispredict: -
Branch type MPKI
BRANCH_DIRECT_JUMP: 0
BRANCH_INDIRECT: 0
BRANCH_CONDITIONAL: 0
BRANCH_DIRECT_CALL: 0
BRANCH_INDIRECT_CALL: 0
BRANCH_RETURN: 0


CPU 1 cumulative IPC: 0.6959 instructions: 100000002 cycles: 143695356
CPU 1 Branch Prediction Accuracy: 100% MPKI: 0 Average ROB Occupancy at Mispredict: -
Branch type MPKI
BRANCH_DIRECT_JUMP: 0
BRANCH_INDIRECT: 0
BRANCH_CONDITIONAL: 0
BRANCH_DIRECT_CALL: 0
BRANCH_INDIRECT_CALL: 0
BRANCH_RETURN: 0


CPU 0 cumulative IPC: 0.697 instructions: 100000000 cycles: 143477916
CPU 0 Branch Prediction Accuracy: 100% MPKI: 0 Average ROB Occupancy at Mispredict: -
Branch type MPKI
BRANCH_DIRECT_JUMP: 0
BRANCH_INDIRECT: 0
BRANCH_CONDITIONAL: 0
BRANCH_DIRECT_CALL: 0
BRANCH_INDIRECT_CALL: 0
BRANCH_RETURN: 0

cpu7->cpu7_STLB TOTAL        ACCESS:     275074 HIT:     274659 MISS:        415 MSHR_MERGE:          0
cpu7->cpu7_STLB LOAD         ACCESS:     275074 HIT:     274659 MISS:        415 MSHR_MERGE:          0
cpu7->cpu7_STLB RFO          ACCESS:          0 HIT:          0 MISS:          0 MSHR_MERGE:          0
cpu7->cpu7_STLB PREFETCH     ACCESS:          0 HIT:          0 MISS:          0 MSHR_MERGE:          0
cpu7->cpu7_STLB WRITE        ACCESS:          0 HIT:          0 MISS:          0 MSHR_MERGE:          0
cpu7->cpu7_STLB TRANSLATION  ACCESS:          0 HIT:          0 MISS:          0 MSHR_MERGE:          0
cpu7->cpu7_STLB PREFETCH REQUESTED:          0 ISSUED:          0 USEFUL:          0 USELESS:          0
cpu7->cpu7_STLB AVERAGE MISS LATENCY: 683.2 cycles
cpu7->cpu7_L2C TOTAL        ACCESS:    4948494 HIT:    2794229 MISS:    2154265 MSHR_MERGE:          0
cpu7->cpu7_L2C LOAD         ACCESS:    2898784 HIT:    1361072 MISS:    1537712 MSHR_MERGE:          0
cpu7->cpu7_L2C RFO          ACCESS:     906574 HIT:     292259 MISS:     614315 MSHR_MERGE:          0
cpu7->cpu7_L2C PREFETCH     ACCESS:          0 HIT:          0 MISS:          0 MSHR_MERGE:          0
cpu7->cpu7_L2C WRITE        ACCESS:    1142618 HIT:    1140890 MISS:       1728 MSHR_MERGE:          0
cpu7->cpu7_L2C TRANSLATION  ACCESS:        518 HIT:          8 MISS:        510 MSHR_MERGE:          0
cpu7->cpu7_L2C PREFETCH REQUESTED:          0 ISSUED:          0 USEFUL:          0 USELESS:          0
cpu7->cpu7_L2C AVERAGE MISS LATENCY: 335.8 cycles
cpu7->cpu7_L1I TOTAL        ACCESS:   19145451 HIT:   16287862 MISS:    2857589 MSHR_MERGE:    1393943
cpu7->cpu7_L1I LOAD         ACCESS:   19145451 HIT:   16287862 MISS:    2857589 MSHR_MERGE:    1393943
cpu7->cpu7_L1I RFO          ACCESS:          0 HIT:          0 MISS:          0 MSHR_MERGE:          0
cpu7->cpu7_L1I PREFETCH     ACCESS:          0 HIT:          0 MISS:          0 MSHR_MERGE:          0
cpu7->cpu7_L1I WRITE        ACCESS:          0 HIT:          0 MISS:          0 MSHR_MERGE:          0
cpu7->cpu7_L1I TRANSLATION  ACCESS:          0 HIT:          0 MISS:          0 MSHR_MERGE:          0
cpu7->cpu7_L1I PREFETCH REQUESTED:          0 ISSUED:          0 USEFUL:          0 USELESS:          0
cpu7->cpu7_L1I AVERAGE MISS LATENCY: 120.1 cycles
cpu7->cpu7_L1D TOTAL        ACCESS:   35792147 HIT:   27675420 MISS:    8116727 MSHR_MERGE:    5774381
cpu7->cpu7_L1D LOAD         ACCESS:   15220775 HIT:   12741042 MISS:    2479733 MSHR_MERGE:    1044515
cpu7->cpu7_L1D RFO          ACCESS:          0 HIT:          0 MISS:          0 MSHR_MERGE:          0
cpu7->cpu7_L1D PREFETCH     ACCESS:          0 HIT:          0 MISS:          0 MSHR_MERGE:          0
cpu7->cpu7_L1D WRITE        ACCESS:   20570841 HIT:   14934373 MISS:    5636468 MSHR_MERGE:    4729858
cpu7->cpu7_L1D TRANSLATION  ACCESS:        531 HIT:          5 MISS:        526 MSHR_MERGE:          8
cpu7->cpu7_L1D PREFETCH REQUESTED:          0 ISSUED:          0 USEFUL:          0 USELESS:          0
cpu7->cpu7_L1D AVERAGE MISS LATENCY: 247.6 cycles
cpu7->cpu7_ITLB TOTAL        ACCESS:   16552485 HIT:   16552461 MISS:         24 MSHR_MERGE:         19
cpu7->cpu7_ITLB LOAD         ACCESS:   16552485 HIT:   16552461 MISS:         24 MSHR_MERGE:         19
cpu7->cpu7_ITLB RFO          ACCESS:          0 HIT:          0 MISS:          0 MSHR_MERGE:          0
cpu7->cpu7_ITLB PREFETCH     ACCESS:          0 HIT:          0 MISS:          0 MSHR_MERGE:          0
cpu7->cpu7_ITLB WRITE        ACCESS:          0 HIT:          0 MISS:          0 MSHR_MERGE:          0
cpu7->cpu7_ITLB TRANSLATION  ACCESS:          0 HIT:          0 MISS:          0 MSHR_MERGE:          0
cpu7->cpu7_ITLB PREFETCH REQUESTED:          0 ISSUED:          0 USEFUL:          0 USELESS:          0
cpu7->cpu7_ITLB AVERAGE MISS LATENCY: 848.4 cycles
cpu7->cpu7_DTLB TOTAL        ACCESS:   33016553 HIT:   32582635 MISS:     433918 MSHR_MERGE:     158849
cpu7->cpu7_DTLB LOAD         ACCESS:   33016553 HIT:   32582635 MISS:     433918 MSHR_MERGE:     158849
cpu7->cpu7_DTLB RFO          ACCESS:          0 HIT:          0 MISS:          0 MSHR_MERGE:          0
cpu7->cpu7_DTLB PREFETCH     ACCESS:          0 HIT:          0 MISS:          0 MSHR_MERGE:          0
cpu7->cpu7_DTLB WRITE        ACCESS:          0 HIT:          0 MISS:          0 MSHR_MERGE:          0
cpu7->cpu7_DTLB TRANSLATION  ACCESS:          0 HIT:          0 MISS:          0 MSHR_MERGE:          0
cpu7->cpu7_DTLB PREFETCH REQUESTED:          0 ISSUED:          0 USEFUL:          0 USELESS:          0
cpu7->cpu7_DTLB AVERAGE MISS LATENCY: 6.018 cycles
cpu6->cpu6_STLB TOTAL        ACCESS:     268626 HIT:     268207 MISS:        419 MSHR_MERGE:          0
cpu6->cpu6_STLB LOAD         ACCESS:     268626 HIT:     268207 MISS:        419 MSHR_MERGE:          0
cpu6->cpu6_STLB RFO          ACCESS:          0 HIT:          0 MISS:          0 MSHR_MERGE:          0
cpu6->cpu6_STLB PREFETCH     ACCESS:          0 HIT:          0 MISS:          0 MSHR_MERGE:          0
cpu6->cpu6_STLB WRITE        ACCESS:          0 HIT:          0 MISS:          0 MSHR_MERGE:          0
cpu6->cpu6_STLB TRANSLATION  ACCESS:          0 HIT:          0 MISS:          0 MSHR_MERGE:          0
cpu6->cpu6_STLB PREFETCH REQUESTED:          0 ISSUED:          0 USEFUL:          0 USELESS:          0
cpu6->cpu6_STLB AVERAGE MISS LATENCY: 421 cycles
cpu6->cpu6_L2C TOTAL        ACCESS:    4816768 HIT:    2701050 MISS:    2115718 MSHR_MERGE:          0
cpu6->cpu6_L2C LOAD         ACCESS:    2829995 HIT:    1315916 MISS:    1514079 MSHR_MERGE:          0
cpu6->cpu6_L2C RFO          ACCESS:     877736 HIT:     278303 MISS:     599433 MSHR_MERGE:          0
cpu6->cpu6_L2C PREFETCH     ACCESS:          0 HIT:          0 MISS:          0 MSHR_MERGE:          0
cpu6->cpu6_L2C WRITE        ACCESS:    1108512 HIT:    1106823 MISS:       1689 MSHR_MERGE:          0
cpu6->cpu6_L2C TRANSLATION  ACCESS:        525 HIT:          8 MISS:        517 MSHR_MERGE:          0
cpu6->cpu6_L2C PREFETCH REQUESTED:          0 ISSUED:          0 USEFUL:          0 USELESS:          0
cpu6->cpu6_L2C AVERAGE MISS LATENCY: 355.4 cycles
cpu6->cpu6_L1I TOTAL        ACCESS:   18737742 HIT:   15951914 MISS:    2785828 MSHR_MERGE:    1353316
cpu6->cpu6_L1I LOAD         ACCESS:   18737742 HIT:   15951914 MISS:    2785828 MSHR_MERGE:    1353316
cpu6->cpu6_L1I RFO          ACCESS:          0 HIT:          0 MISS:          0 MSHR_MERGE:          0
cpu6->cpu6_L1I PREFETCH     ACCESS:          0 HIT:          0 MISS:          0 MSHR_MERGE:          0
cpu6->cpu6_L1I WRITE        ACCESS:          0 HIT:          0 MISS:          0 MSHR_MERGE:          0
cpu6->cpu6_L1I TRANSLATION  ACCESS:          0 HIT:          0 MISS:          0 MSHR_MERGE:          0
cpu6->cpu6_L1I PREFETCH REQUESTED:          0 ISSUED:          0 USEFUL:          0 USELESS:          0
cpu6->cpu6_L1I AVERAGE MISS LATENCY: 124.4 cycles
cpu6->cpu6_L1D TOTAL        ACCESS:   35133620 HIT:   27235515 MISS:    7898105 MSHR_MERGE:    5622259
cpu6->cpu6_L1D LOAD         ACCESS:   14947083 HIT:   12520633 MISS:    2426450 MSHR_MERGE:    1028901
cpu6->cpu6_L1D RFO          ACCESS:          0 HIT:          0 MISS:          0 MSHR_MERGE:          0
cpu6->cpu6_L1D PREFETCH     ACCESS:          0 HIT:          0 MISS:          0 MSHR_MERGE:          0
cpu6->cpu6_L1D WRITE        ACCESS:   20185999 HIT:   14714876 MISS:    5471123 MSHR_MERGE:    4593351
cpu6->cpu6_L1D TRANSLATION  ACCESS:        538 HIT:          6 MISS:        532 MSHR_MERGE:          7
cpu6->cpu6_L1D PREFETCH REQUESTED:          0 ISSUED:          0 USEFUL:          0 USELESS:          0
cpu6->cpu6_L1D AVERAGE MISS LATENCY: 265.9 cycles
cpu6->cpu6_ITLB TOTAL        ACCESS:   16214799 HIT:   16214776 MISS:         23 MSHR_MERGE:         18
cpu6->cpu6_ITLB LOAD         ACCESS:   16214799 HIT:   16214776 MISS:         23 MSHR_MERGE:         18
cpu6->cpu6_ITLB RFO          ACCESS:          0 HIT:          0 MISS:          0 MSHR_MERGE:          0
cpu6->cpu6_ITLB PREFETCH     ACCESS:          0 HIT:          0 MISS:          0 MSHR_MERGE:          0
cpu6->cpu6_ITLB WRITE        ACCESS:          0 HIT:          0 MISS:          0 MSHR_MERGE:          0
cpu6->cpu6_ITLB TRANSLATION  ACCESS:          0 HIT:          0 MISS:          0 MSHR_MERGE:          0
cpu6->cpu6_ITLB PREFETCH REQUESTED:          0 ISSUED:          0 USEFUL:          0 USELESS:          0
cpu6->cpu6_ITLB AVERAGE MISS LATENCY: 349.4 cycles
cpu6->cpu6_DTLB TOTAL        ACCESS:   32452397 HIT:   32027711 MISS:     424686 MSHR_MERGE:     156065
cpu6->cpu6_DTLB LOAD         ACCESS:   32452397 HIT:   32027711 MISS:     424686 MSHR_MERGE:     156065
cpu6->cpu6_DTLB RFO          ACCESS:          0 HIT:          0 MISS:          0 MSHR_MERGE:          0
cpu6->cpu6_DTLB PREFETCH     ACCESS:          0 HIT:          0 MISS:          0 MSHR_MERGE:          0
cpu6->cpu6_DTLB WRITE        ACCESS:          0 HIT:          0 MISS:          0 MSHR_MERGE:          0
cpu6->cpu6_DTLB TRANSLATION  ACCESS:          0 HIT:          0 MISS:          0 MSHR_MERGE:          0
cpu6->cpu6_DTLB PREFETCH REQUESTED:          0 ISSUED:          0 USEFUL:          0 USELESS:          0
cpu6->cpu6_DTLB AVERAGE MISS LATENCY: 5.653 cycles
cpu5->cpu5_STLB TOTAL        ACCESS:     267610 HIT:     267192 MISS:        418 MSHR_MERGE:          0
cpu5->cpu5_STLB LOAD         ACCESS:     267610 HIT:     267192 MISS:        418 MSHR_MERGE:          0
cpu5->cpu5_STLB RFO          ACCESS:          0 HIT:          0 MISS:          0 MSHR_MERGE:          0
cpu5->cpu5_STLB PREFETCH     ACCESS:          0 HIT:          0 MISS:          0 MSHR_MERGE:          0
cpu5->cpu5_STLB WRITE        ACCESS:          0 HIT:          0 MISS:          0 MSHR_MERGE:          0
cpu5->cpu5_STLB TRANSLATION  ACCESS:          0 HIT:          0 MISS:          0 MSHR_MERGE:          0
cpu5->cpu5_STLB PREFETCH REQUESTED:          0 ISSUED:          0 USEFUL:          0 USELESS:          0
cpu5->cpu5_STLB AVERAGE MISS LATENCY: 417 cycles
cpu5->cpu5_L2C TOTAL        ACCESS:    4795700 HIT:    2686067 MISS:    2109633 MSHR_MERGE:          0
cpu5->cpu5_L2C LOAD         ACCESS:    2819643 HIT:    1309240 MISS:    1510403 MSHR_MERGE:          0
cpu5->cpu5_L2C RFO          ACCESS:     872926 HIT:     275898 MISS:     597028 MSHR_MERGE:          0
cpu5->cpu5_L2C PREFETCH     ACCESS:          0 HIT:          0 MISS:          0 MSHR_MERGE:          0
cpu5->cpu5_L2C WRITE        ACCESS:    1102610 HIT:    1100921 MISS:       1689 MSHR_MERGE:          0
cpu5->cpu5_L2C TRANSLATION  ACCESS:        521 HIT:          8 MISS:        513 MSHR_MERGE:          0
cpu5->cpu5_L2C PREFETCH REQUESTED:          0 ISSUED:          0 USEFUL:          0 USELESS:          0
cpu5->cpu5_L2C AVERAGE MISS LATENCY: 355.5 cycles
cpu5->cpu5_L1I TOTAL        ACCESS:   18669784 HIT:   15890898 MISS:    2778886 MSHR_MERGE:    1350852
cpu5->cpu5_L1I LOAD         ACCESS:   18669784 HIT:   15890898 MISS:    2778886 MSHR_MERGE:    1350852
cpu5->cpu5_L1I RFO          ACCESS:          0 HIT:          0 MISS:          0 MSHR_MERGE:          0
cpu5->cpu5_L1I PREFETCH     ACCESS:          0 HIT:          0 MISS:          0 MSHR_MERGE:          0
cpu5->cpu5_L1I WRITE        ACCESS:          0 HIT:          0 MISS:          0 MSHR_MERGE:          0
cpu5->cpu5_L1I TRANSLATION  ACCESS:          0 HIT:          0 MISS:          0 MSHR_MERGE:          0
cpu5->cpu5_L1I PREFETCH REQUESTED:          0 ISSUED:          0 USEFUL:          0 USELESS:          0
cpu5->cpu5_L1I AVERAGE MISS LATENCY: 125 cycles
cpu5->cpu5_L1D TOTAL        ACCESS:   35023404 HIT:   27183048 MISS:    7840356 MSHR_MERGE:    5575204
cpu5->cpu5_L1D LOAD         ACCESS:   14891659 HIT:   12478069 MISS:    2413590 MSHR_MERGE:    1021917
cpu5->cpu5_L1D RFO          ACCESS:          0 HIT:          0 MISS:          0 MSHR_MERGE:          0
cpu5->cpu5_L1D PREFETCH     ACCESS:          0 HIT:          0 MISS:          0 MSHR_MERGE:          0
cpu5->cpu5_L1D WRITE        ACCESS:   20131212 HIT:   14704974 MISS:    5426238 MSHR_MERGE:    4553280
cpu5->cpu5_L1D TRANSLATION  ACCESS:        533 HIT:          5 MISS:        528 MSHR_MERGE:          7
cpu5->cpu5_L1D PREFETCH REQUESTED:          0 ISSUED:          0 USEFUL:          0 USELESS:          0
cpu5->cpu5_L1D AVERAGE MISS LATENCY: 266 cycles
cpu5->cpu5_ITLB TOTAL        ACCESS:   16151493 HIT:   16151469 MISS:         24 MSHR_MERGE:         19
cpu5->cpu5_ITLB LOAD         ACCESS:   16151493 HIT:   16151469 MISS:         24 MSHR_MERGE:         19
cpu5->cpu5_ITLB RFO          ACCESS:          0 HIT:          0 MISS:          0 MSHR_MERGE:          0
cpu5->cpu5_ITLB PREFETCH     ACCESS:          0 HIT:          0 MISS:          0 MSHR_MERGE:          0
cpu5->cpu5_ITLB WRITE        ACCESS:          0 HIT:          0 MISS:          0 MSHR_MERGE:          0
cpu5->cpu5_ITLB TRANSLATION  ACCESS:          0 HIT:          0 MISS:          0 MSHR_MERGE:          0
cpu5->cpu5_ITLB PREFETCH REQUESTED:          0 ISSUED:          0 USEFUL:          0 USELESS:          0
cpu5->cpu5_ITLB AVERAGE MISS LATENCY: 547.2 cycles
cpu5->cpu5_DTLB TOTAL        ACCESS:   32286140 HIT:   31863041 MISS:     423099 MSHR_MERGE:     155494
cpu5->cpu5_DTLB LOAD         ACCESS:   32286140 HIT:   31863041 MISS:     423099 MSHR_MERGE:     155494
cpu5->cpu5_DTLB RFO          ACCESS:          0 HIT:          0 MISS:          0 MSHR_MERGE:          0
cpu5->cpu5_DTLB PREFETCH     ACCESS:          0 HIT:          0 MISS:          0 MSHR_MERGE:          0
cpu5->cpu5_DTLB WRITE        ACCESS:          0 HIT:          0 MISS:          0 MSHR_MERGE:          0
cpu5->cpu5_DTLB TRANSLATION  ACCESS:          0 HIT:          0 MISS:          0 MSHR_MERGE:          0
cpu5->cpu5_DTLB PREFETCH REQUESTED:          0 ISSUED:          0 USEFUL:          0 USELESS:          0
cpu5->cpu5_DTLB AVERAGE MISS LATENCY: 5.644 cycles
cpu4->cpu4_STLB TOTAL        ACCESS:     268696 HIT:     268277 MISS:        419 MSHR_MERGE:          0
cpu4->cpu4_STLB LOAD         ACCESS:     268696 HIT:     268277 MISS:        419 MSHR_MERGE:          0
cpu4->cpu4_STLB RFO          ACCESS:          0 HIT:          0 MISS:          0 MSHR_MERGE:          0
cpu4->cpu4_STLB PREFETCH     ACCESS:          0 HIT:          0 MISS:          0 MSHR_MERGE:          0
cpu4->cpu4_STLB WRITE        ACCESS:          0 HIT:          0 MISS:          0 MSHR_MERGE:          0
cpu4->cpu4_STLB TRANSLATION  ACCESS:          0 HIT:          0 MISS:          0 MSHR_MERGE:          0
cpu4->cpu4_STLB PREFETCH REQUESTED:          0 ISSUED:          0 USEFUL:          0 USELESS:          0
cpu4->cpu4_STLB AVERAGE MISS LATENCY: 421 cycles
cpu4->cpu4_L2C TOTAL        ACCESS:    4817322 HIT:    2701425 MISS:    2115897 MSHR_MERGE:          0
cpu4->cpu4_L2C LOAD         ACCESS:    2831096 HIT:    1316700 MISS:    1514396 MSHR_MERGE:          0
cpu4->cpu4_L2C RFO          ACCESS:     877285 HIT:     277987 MISS:     599298 MSHR_MERGE:          0
cpu4->cpu4_L2C PREFETCH     ACCESS:          0 HIT:          0 MISS:          0 MSHR_MERGE:          0
cpu4->cpu4_L2C WRITE        ACCESS:    1108417 HIT:    1106730 MISS:       1687 MSHR_MERGE:          0
cpu4->cpu4_L2C TRANSLATION  ACCESS:        524 HIT:          8 MISS:        516 MSHR_MERGE:          0
cpu4->cpu4_L2C PREFETCH REQUESTED:          0 ISSUED:          0 USEFUL:          0 USELESS:          0
cpu4->cpu4_L2C AVERAGE MISS LATENCY: 355.9 cycles
cpu4->cpu4_L1I TOTAL        ACCESS:   18750122 HIT:   15963232 MISS:    2786890 MSHR_MERGE:    1354055
cpu4->cpu4_L1I LOAD         ACCESS:   18750122 HIT:   15963232 MISS:    2786890 MSHR_MERGE:    1354055
cpu4->cpu4_L1I RFO          ACCESS:          0 HIT:          0 MISS:          0 MSHR_MERGE:          0
cpu4->cpu4_L1I PREFETCH     ACCESS:          0 HIT:          0 MISS:          0 MSHR_MERGE:          0
cpu4->cpu4_L1I WRITE        ACCESS:          0 HIT:          0 MISS:          0 MSHR_MERGE:          0
cpu4->cpu4_L1I TRANSLATION  ACCESS:          0 HIT:          0 MISS:          0 MSHR_MERGE:          0
cpu4->cpu4_L1I PREFETCH REQUESTED:          0 ISSUED:          0 USEFUL:          0 USELESS:          0
cpu4->cpu4_L1I AVERAGE MISS LATENCY: 124.1 cycles
cpu4->cpu4_L1D TOTAL        ACCESS:   35150036 HIT:   27258107 MISS:    7891929 MSHR_MERGE:    5615768
cpu4->cpu4_L1D LOAD         ACCESS:   14943628 HIT:   12517841 MISS:    2425787 MSHR_MERGE:    1027462
cpu4->cpu4_L1D RFO          ACCESS:          0 HIT:          0 MISS:          0 MSHR_MERGE:          0
cpu4->cpu4_L1D PREFETCH     ACCESS:          0 HIT:          0 MISS:          0 MSHR_MERGE:          0
cpu4->cpu4_L1D WRITE        ACCESS:   20205871 HIT:   14740260 MISS:    5465611 MSHR_MERGE:    4588299
cpu4->cpu4_L1D TRANSLATION  ACCESS:        537 HIT:          6 MISS:        531 MSHR_MERGE:          7
cpu4->cpu4_L1D PREFETCH REQUESTED:          0 ISSUED:          0 USEFUL:          0 USELESS:          0
cpu4->cpu4_L1D AVERAGE MISS LATENCY: 266.5 cycles
cpu4->cpu4_ITLB TOTAL        ACCESS:   16220833 HIT:   16220810 MISS:         23 MSHR_MERGE:         18
cpu4->cpu4_ITLB LOAD         ACCESS:   16220833 HIT:   16220810 MISS:         23 MSHR_MERGE:         18
cpu4->cpu4_ITLB RFO          ACCESS:          0 HIT:          0 MISS:          0 MSHR_MERGE:          0
cpu4->cpu4_ITLB PREFETCH     ACCESS:          0 HIT:          0 MISS:          0 MSHR_MERGE:          0
cpu4->cpu4_ITLB WRITE        ACCESS:          0 HIT:          0 MISS:          0 MSHR_MERGE:          0
cpu4->cpu4_ITLB TRANSLATION  ACCESS:          0 HIT:          0 MISS:          0 MSHR_MERGE:          0
cpu4->cpu4_ITLB PREFETCH REQUESTED:          0 ISSUED:          0 USEFUL:          0 USELESS:          0
cpu4->cpu4_ITLB AVERAGE MISS LATENCY: 458.6 cycles
cpu4->cpu4_DTLB TOTAL        ACCESS:   32406221 HIT:   31981535 MISS:     424686 MSHR_MERGE:     155995
cpu4->cpu4_DTLB LOAD         ACCESS:   32406221 HIT:   31981535 MISS:     424686 MSHR_MERGE:     155995
cpu4->cpu4_DTLB RFO          ACCESS:          0 HIT:          0 MISS:          0 MSHR_MERGE:          0
cpu4->cpu4_DTLB PREFETCH     ACCESS:          0 HIT:          0 MISS:          0 MSHR_MERGE:          0
cpu4->cpu4_DTLB WRITE        ACCESS:          0 HIT:          0 MISS:          0 MSHR_MERGE:          0
cpu4->cpu4_DTLB TRANSLATION  ACCESS:          0 HIT:          0 MISS:          0 MSHR_MERGE:          0
cpu4->cpu4_DTLB PREFETCH REQUESTED:          0 ISSUED:          0 USEFUL:          0 USELESS:          0
cpu4->cpu4_DTLB AVERAGE MISS LATENCY: 5.651 cycles
cpu3->cpu3_STLB TOTAL        ACCESS:     268015 HIT:     267597 MISS:        418 MSHR_MERGE:          0
cpu3->cpu3_STLB LOAD         ACCESS:     268015 HIT:     267597 MISS:        418 MSHR_MERGE:          0
cpu3->cpu3_STLB RFO          ACCESS:          0 HIT:          0 MISS:          0 MSHR_MERGE:          0
cpu3->cpu3_STLB PREFETCH     ACCESS:          0 HIT:          0 MISS:          0 MSHR_MERGE:          0
cpu3->cpu3_STLB WRITE        ACCESS:          0 HIT:          0 MISS:          0 MSHR_MERGE:          0
cpu3->cpu3_STLB TRANSLATION  ACCESS:          0 HIT:          0 MISS:          0 MSHR_MERGE:          0
cpu3->cpu3_STLB PREFETCH REQUESTED:          0 ISSUED:          0 USEFUL:          0 USELESS:          0
cpu3->cpu3_STLB AVERAGE MISS LATENCY: 408.2 cycles
cpu3->cpu3_L2C TOTAL        ACCESS:    4800967 HIT:    2690395 MISS:    2110572 MSHR_MERGE:          0
cpu3->cpu3_L2C LOAD         ACCESS:    2822339 HIT:    1311460 MISS:    1510879 MSHR_MERGE:          0
cpu3->cpu3_L2C RFO          ACCESS:     873861 HIT:     276370 MISS:     597491 MSHR_MERGE:          0
cpu3->cpu3_L2C PREFETCH     ACCESS:          0 HIT:          0 MISS:          0 MSHR_MERGE:          0
cpu3->cpu3_L2C WRITE        ACCESS:    1104246 HIT:    1102557 MISS:       1689 MSHR_MERGE:          0
cpu3->cpu3_L2C TRANSLATION  ACCESS:        521 HIT:          8 MISS:        513 MSHR_MERGE:          0
cpu3->cpu3_L2C PREFETCH REQUESTED:          0 ISSUED:          0 USEFUL:          0 USELESS:          0
cpu3->cpu3_L2C AVERAGE MISS LATENCY: 358 cycles
cpu3->cpu3_L1I TOTAL        ACCESS:   18697702 HIT:   15917085 MISS:    2780617 MSHR_MERGE:    1352019
cpu3->cpu3_L1I LOAD         ACCESS:   18697702 HIT:   15917085 MISS:    2780617 MSHR_MERGE:    1352019
cpu3->cpu3_L1I RFO          ACCESS:          0 HIT:          0 MISS:          0 MSHR_MERGE:          0
cpu3->cpu3_L1I PREFETCH     ACCESS:          0 HIT:          0 MISS:          0 MSHR_MERGE:          0
cpu3->cpu3_L1I WRITE        ACCESS:          0 HIT:          0 MISS:          0 MSHR_MERGE:          0
cpu3->cpu3_L1I TRANSLATION  ACCESS:          0 HIT:          0 MISS:          0 MSHR_MERGE:          0
cpu3->cpu3_L1I PREFETCH REQUESTED:          0 ISSUED:          0 USEFUL:          0 USELESS:          0
cpu3->cpu3_L1I AVERAGE MISS LATENCY: 124.9 cycles
cpu3->cpu3_L1D TOTAL        ACCESS:   35064023 HIT:   27211274 MISS:    7852749 MSHR_MERGE:    5584522
cpu3->cpu3_L1D LOAD         ACCESS:   14907873 HIT:   12491784 MISS:    2416089 MSHR_MERGE:    1022269
cpu3->cpu3_L1D RFO          ACCESS:          0 HIT:          0 MISS:          0 MSHR_MERGE:          0
cpu3->cpu3_L1D PREFETCH     ACCESS:          0 HIT:          0 MISS:          0 MSHR_MERGE:          0
cpu3->cpu3_L1D WRITE        ACCESS:   20155616 HIT:   14719484 MISS:    5436132 MSHR_MERGE:    4562246
cpu3->cpu3_L1D TRANSLATION  ACCESS:        534 HIT:          6 MISS:        528 MSHR_MERGE:          7
cpu3->cpu3_L1D PREFETCH REQUESTED:          0 ISSUED:          0 USEFUL:          0 USELESS:          0
cpu3->cpu3_L1D AVERAGE MISS LATENCY: 268.2 cycles
cpu3->cpu3_ITLB TOTAL        ACCESS:   16190651 HIT:   16190628 MISS:         23 MSHR_MERGE:         18
cpu3->cpu3_ITLB LOAD         ACCESS:   16190651 HIT:   16190628 MISS:         23 MSHR_MERGE:         18
cpu3->cpu3_ITLB RFO          ACCESS:          0 HIT:          0 MISS:          0 MSHR_MERGE:          0
cpu3->cpu3_ITLB PREFETCH     ACCESS:          0 HIT:          0 MISS:          0 MSHR_MERGE:          0
cpu3->cpu3_ITLB WRITE        ACCESS:          0 HIT:          0 MISS:          0 MSHR_MERGE:          0
cpu3->cpu3_ITLB TRANSLATION  ACCESS:          0 HIT:          0 MISS:          0 MSHR_MERGE:          0
cpu3->cpu3_ITLB PREFETCH REQUESTED:          0 ISSUED:          0 USEFUL:          0 USELESS:          0
cpu3->cpu3_ITLB AVERAGE MISS LATENCY: 363.2 cycles
cpu3->cpu3_DTLB TOTAL        ACCESS:   32388737 HIT:   31964800 MISS:     423937 MSHR_MERGE:     155927
cpu3->cpu3_DTLB LOAD         ACCESS:   32388737 HIT:   31964800 MISS:     423937 MSHR_MERGE:     155927
cpu3->cpu3_DTLB RFO          ACCESS:          0 HIT:          0 MISS:          0 MSHR_MERGE:          0
cpu3->cpu3_DTLB PREFETCH     ACCESS:          0 HIT:          0 MISS:          0 MSHR_MERGE:          0
cpu3->cpu3_DTLB WRITE        ACCESS:          0 HIT:          0 MISS:          0 MSHR_MERGE:          0
cpu3->cpu3_DTLB TRANSLATION  ACCESS:          0 HIT:          0 MISS:          0 MSHR_MERGE:          0
cpu3->cpu3_DTLB PREFETCH REQUESTED:          0 ISSUED:          0 USEFUL:          0 USELESS:          0
cpu3->cpu3_DTLB AVERAGE MISS LATENCY: 5.632 cycles
cpu2->cpu2_STLB TOTAL        ACCESS:     274680 HIT:     274263 MISS:        417 MSHR_MERGE:          0
cpu2->cpu2_STLB LOAD         ACCESS:     274680 HIT:     274263 MISS:        417 MSHR_MERGE:          0
cpu2->cpu2_STLB RFO          ACCESS:          0 HIT:          0 MISS:          0 MSHR_MERGE:          0
cpu2->cpu2_STLB PREFETCH     ACCESS:          0 HIT:          0 MISS:          0 MSHR_MERGE:          0
cpu2->cpu2_STLB WRITE        ACCESS:          0 HIT:          0 MISS:          0 MSHR_MERGE:          0
cpu2->cpu2_STLB TRANSLATION  ACCESS:          0 HIT:          0 MISS:          0 MSHR_MERGE:          0
cpu2->cpu2_STLB PREFETCH REQUESTED:          0 ISSUED:          0 USEFUL:          0 USELESS:          0
cpu2->cpu2_STLB AVERAGE MISS LATENCY: 402.2 cycles
cpu2->cpu2_L2C TOTAL        ACCESS:    4945901 HIT:    2790805 MISS:    2155096 MSHR_MERGE:          0
cpu2->cpu2_L2C LOAD         ACCESS:    2896883 HIT:    1358654 MISS:    1538229 MSHR_MERGE:          0
cpu2->cpu2_L2C RFO          ACCESS:     906479 HIT:     291853 MISS:     614626 MSHR_MERGE:          0
cpu2->cpu2_L2C PREFETCH     ACCESS:          0 HIT:          0 MISS:          0 MSHR_MERGE:          0
cpu2->cpu2_L2C WRITE        ACCESS:    1142019 HIT:    1140290 MISS:       1729 MSHR_MERGE:          0
cpu2->cpu2_L2C TRANSLATION  ACCESS:        520 HIT:          8 MISS:        512 MSHR_MERGE:          0
cpu2->cpu2_L2C PREFETCH REQUESTED:          0 ISSUED:          0 USEFUL:          0 USELESS:          0
cpu2->cpu2_L2C AVERAGE MISS LATENCY: 338.8 cycles
cpu2->cpu2_L1I TOTAL        ACCESS:   19108434 HIT:   16250694 MISS:    2857740 MSHR_MERGE:    1394058
cpu2->cpu2_L1I LOAD         ACCESS:   19108434 HIT:   16250694 MISS:    2857740 MSHR_MERGE:    1394058
cpu2->cpu2_L1I RFO          ACCESS:          0 HIT:          0 MISS:          0 MSHR_MERGE:          0
cpu2->cpu2_L1I PREFETCH     ACCESS:          0 HIT:          0 MISS:          0 MSHR_MERGE:          0
cpu2->cpu2_L1I WRITE        ACCESS:          0 HIT:          0 MISS:          0 MSHR_MERGE:          0
cpu2->cpu2_L1I TRANSLATION  ACCESS:          0 HIT:          0 MISS:          0 MSHR_MERGE:          0
cpu2->cpu2_L1I PREFETCH REQUESTED:          0 ISSUED:          0 USEFUL:          0 USELESS:          0
cpu2->cpu2_L1I AVERAGE MISS LATENCY: 120.1 cycles
cpu2->cpu2_L1D TOTAL        ACCESS:   35798711 HIT:   27706620 MISS:    8092091 MSHR_MERGE:    5751798
cpu2->cpu2_L1D LOAD         ACCESS:   15219441 HIT:   12739878 MISS:    2479563 MSHR_MERGE:    1046295
cpu2->cpu2_L1D RFO          ACCESS:          0 HIT:          0 MISS:          0 MSHR_MERGE:          0
cpu2->cpu2_L1D PREFETCH     ACCESS:          0 HIT:          0 MISS:          0 MSHR_MERGE:          0
cpu2->cpu2_L1D WRITE        ACCESS:   20578737 HIT:   14966736 MISS:    5612001 MSHR_MERGE:    4705496
cpu2->cpu2_L1D TRANSLATION  ACCESS:        533 HIT:          6 MISS:        527 MSHR_MERGE:          7
cpu2->cpu2_L1D PREFETCH REQUESTED:          0 ISSUED:          0 USEFUL:          0 USELESS:          0
cpu2->cpu2_L1D AVERAGE MISS LATENCY: 250.6 cycles
cpu2->cpu2_ITLB TOTAL        ACCESS:   16521997 HIT:   16521973 MISS:         24 MSHR_MERGE:         19
cpu2->cpu2_ITLB LOAD         ACCESS:   16521997 HIT:   16521973 MISS:         24 MSHR_MERGE:         19
cpu2->cpu2_ITLB RFO          ACCESS:          0 HIT:          0 MISS:          0 MSHR_MERGE:          0
cpu2->cpu2_ITLB PREFETCH     ACCESS:          0 HIT:          0 MISS:          0 MSHR_MERGE:          0
cpu2->cpu2_ITLB WRITE        ACCESS:          0 HIT:          0 MISS:          0 MSHR_MERGE:          0
cpu2->cpu2_ITLB TRANSLATION  ACCESS:          0 HIT:          0 MISS:          0 MSHR_MERGE:          0
cpu2->cpu2_ITLB PREFETCH REQUESTED:          0 ISSUED:          0 USEFUL:          0 USELESS:          0
cpu2->cpu2_ITLB AVERAGE MISS LATENCY: 375.8 cycles
cpu2->cpu2_DTLB TOTAL        ACCESS:   32990554 HIT:   32557045 MISS:     433509 MSHR_MERGE:     158834
cpu2->cpu2_DTLB LOAD         ACCESS:   32990554 HIT:   32557045 MISS:     433509 MSHR_MERGE:     158834
cpu2->cpu2_DTLB RFO          ACCESS:          0 HIT:          0 MISS:          0 MSHR_MERGE:          0
cpu2->cpu2_DTLB PREFETCH     ACCESS:          0 HIT:          0 MISS:          0 MSHR_MERGE:          0
cpu2->cpu2_DTLB WRITE        ACCESS:          0 HIT:          0 MISS:          0 MSHR_MERGE:          0
cpu2->cpu2_DTLB TRANSLATION  ACCESS:          0 HIT:          0 MISS:          0 MSHR_MERGE:          0
cpu2->cpu2_DTLB PREFETCH REQUESTED:          0 ISSUED:          0 USEFUL:          0 USELESS:          0
cpu2->cpu2_DTLB AVERAGE MISS LATENCY: 5.606 cycles
cpu1->cpu1_STLB TOTAL        ACCESS:     267353 HIT:     266938 MISS:        415 MSHR_MERGE:          0
cpu1->cpu1_STLB LOAD         ACCESS:     267353 HIT:     266938 MISS:        415 MSHR_MERGE:          0
cpu1->cpu1_STLB RFO          ACCESS:          0 HIT:          0 MISS:          0 MSHR_MERGE:          0
cpu1->cpu1_STLB PREFETCH     ACCESS:          0 HIT:          0 MISS:          0 MSHR_MERGE:          0
cpu1->cpu1_STLB WRITE        ACCESS:          0 HIT:          0 MISS:          0 MSHR_MERGE:          0
cpu1->cpu1_STLB TRANSLATION  ACCESS:          0 HIT:          0 MISS:          0 MSHR_MERGE:          0
cpu1->cpu1_STLB PREFETCH REQUESTED:          0 ISSUED:          0 USEFUL:          0 USELESS:          0
cpu1->cpu1_STLB AVERAGE MISS LATENCY: 404.8 cycles
cpu1->cpu1_L2C TOTAL        ACCESS:    4785044 HIT:    2680500 MISS:    2104544 MSHR_MERGE:          0
cpu1->cpu1_L2C LOAD         ACCESS:    2814391 HIT:    1307512 MISS:    1506879 MSHR_MERGE:          0
cpu1->cpu1_L2C RFO          ACCESS:     870395 HIT:     274919 MISS:     595476 MSHR_MERGE:          0
cpu1->cpu1_L2C PREFETCH     ACCESS:          0 HIT:          0 MISS:          0 MSHR_MERGE:          0
cpu1->cpu1_L2C WRITE        ACCESS:    1099740 HIT:    1098061 MISS:       1679 MSHR_MERGE:          0
cpu1->cpu1_L2C TRANSLATION  ACCESS:        518 HIT:          8 MISS:        510 MSHR_MERGE:          0
cpu1->cpu1_L2C PREFETCH REQUESTED:          0 ISSUED:          0 USEFUL:          0 USELESS:          0
cpu1->cpu1_L2C AVERAGE MISS LATENCY: 356.2 cycles
cpu1->cpu1_L1I TOTAL        ACCESS:   18645311 HIT:   15872757 MISS:    2772554 MSHR_MERGE:    1347524
cpu1->cpu1_L1I LOAD         ACCESS:   18645311 HIT:   15872757 MISS:    2772554 MSHR_MERGE:    1347524
cpu1->cpu1_L1I RFO          ACCESS:          0 HIT:          0 MISS:          0 MSHR_MERGE:          0
cpu1->cpu1_L1I PREFETCH     ACCESS:          0 HIT:          0 MISS:          0 MSHR_MERGE:          0
cpu1->cpu1_L1I WRITE        ACCESS:          0 HIT:          0 MISS:          0 MSHR_MERGE:          0
cpu1->cpu1_L1I TRANSLATION  ACCESS:          0 HIT:          0 MISS:          0 MSHR_MERGE:          0
cpu1->cpu1_L1I PREFETCH REQUESTED:          0 ISSUED:          0 USEFUL:          0 USELESS:          0
cpu1->cpu1_L1I AVERAGE MISS LATENCY: 125.2 cycles
cpu1->cpu1_L1D TOTAL        ACCESS:   34946431 HIT:   27125822 MISS:    7820609 MSHR_MERGE:    5560234
cpu1->cpu1_L1D LOAD         ACCESS:   14859623 HIT:   12447693 MISS:    2411930 MSHR_MERGE:    1022504
cpu1->cpu1_L1D RFO          ACCESS:          0 HIT:          0 MISS:          0 MSHR_MERGE:          0
cpu1->cpu1_L1D PREFETCH     ACCESS:          0 HIT:          0 MISS:          0 MSHR_MERGE:          0
cpu1->cpu1_L1D WRITE        ACCESS:   20086277 HIT:   14678123 MISS:    5408154 MSHR_MERGE:    4537723
cpu1->cpu1_L1D TRANSLATION  ACCESS:        531 HIT:          6 MISS:        525 MSHR_MERGE:          7
cpu1->cpu1_L1D PREFETCH REQUESTED:          0 ISSUED:          0 USEFUL:          0 USELESS:          0
cpu1->cpu1_L1D AVERAGE MISS LATENCY: 266.5 cycles
cpu1->cpu1_ITLB TOTAL        ACCESS:   16144260 HIT:   16144236 MISS:         24 MSHR_MERGE:         19
cpu1->cpu1_ITLB LOAD         ACCESS:   16144260 HIT:   16144236 MISS:         24 MSHR_MERGE:         19
cpu1->cpu1_ITLB RFO          ACCESS:          0 HIT:          0 MISS:          0 MSHR_MERGE:          0
cpu1->cpu1_ITLB PREFETCH     ACCESS:          0 HIT:          0 MISS:          0 MSHR_MERGE:          0
cpu1->cpu1_ITLB WRITE        ACCESS:          0 HIT:          0 MISS:          0 MSHR_MERGE:          0
cpu1->cpu1_ITLB TRANSLATION  ACCESS:          0 HIT:          0 MISS:          0 MSHR_MERGE:          0
cpu1->cpu1_ITLB PREFETCH REQUESTED:          0 ISSUED:          0 USEFUL:          0 USELESS:          0
cpu1->cpu1_ITLB AVERAGE MISS LATENCY: 365.4 cycles
cpu1->cpu1_DTLB TOTAL        ACCESS:   32223707 HIT:   31801806 MISS:     421901 MSHR_MERGE:     154553
cpu1->cpu1_DTLB LOAD         ACCESS:   32223707 HIT:   31801806 MISS:     421901 MSHR_MERGE:     154553
cpu1->cpu1_DTLB RFO          ACCESS:          0 HIT:          0 MISS:          0 MSHR_MERGE:          0
cpu1->cpu1_DTLB PREFETCH     ACCESS:          0 HIT:          0 MISS:          0 MSHR_MERGE:          0
cpu1->cpu1_DTLB WRITE        ACCESS:          0 HIT:          0 MISS:          0 MSHR_MERGE:          0
cpu1->cpu1_DTLB TRANSLATION  ACCESS:          0 HIT:          0 MISS:          0 MSHR_MERGE:          0
cpu1->cpu1_DTLB PREFETCH REQUESTED:          0 ISSUED:          0 USEFUL:          0 USELESS:          0
cpu1->cpu1_DTLB AVERAGE MISS LATENCY: 5.625 cycles
cpu0->cpu0_STLB TOTAL        ACCESS:     268162 HIT:     267746 MISS:        416 MSHR_MERGE:          0
cpu0->cpu0_STLB LOAD         ACCESS:     268162 HIT:     267746 MISS:        416 MSHR_MERGE:          0
cpu0->cpu0_STLB RFO          ACCESS:          0 HIT:          0 MISS:          0 MSHR_MERGE:          0
cpu0->cpu0_STLB PREFETCH     ACCESS:          0 HIT:          0 MISS:          0 MSHR_MERGE:          0
cpu0->cpu0_STLB WRITE        ACCESS:          0 HIT:          0 MISS:          0 MSHR_MERGE:          0
cpu0->cpu0_STLB TRANSLATION  ACCESS:          0 HIT:          0 MISS:          0 MSHR_MERGE:          0
cpu0->cpu0_STLB PREFETCH REQUESTED:          0 ISSUED:          0 USEFUL:          0 USELESS:          0
cpu0->cpu0_STLB AVERAGE MISS LATENCY: 428.2 cycles
cpu0->cpu0_L2C TOTAL        ACCESS:    4803440 HIT:    2692845 MISS:    2110595 MSHR_MERGE:          0
cpu0->cpu0_L2C LOAD         ACCESS:    2824664 HIT:    1313738 MISS:    1510926 MSHR_MERGE:          0
cpu0->cpu0_L2C RFO          ACCESS:     874009 HIT:     276542 MISS:     597467 MSHR_MERGE:          0
cpu0->cpu0_L2C PREFETCH     ACCESS:          0 HIT:          0 MISS:          0 MSHR_MERGE:          0
cpu0->cpu0_L2C WRITE        ACCESS:    1104247 HIT:    1102557 MISS:       1690 MSHR_MERGE:          0
cpu0->cpu0_L2C TRANSLATION  ACCESS:        520 HIT:          8 MISS:        512 MSHR_MERGE:          0
cpu0->cpu0_L2C PREFETCH REQUESTED:          0 ISSUED:          0 USEFUL:          0 USELESS:          0
cpu0->cpu0_L2C AVERAGE MISS LATENCY: 357 cycles
cpu0->cpu0_L1I TOTAL        ACCESS:   18711852 HIT:   15928335 MISS:    2783517 MSHR_MERGE:    1353538
cpu0->cpu0_L1I LOAD         ACCESS:   18711852 HIT:   15928335 MISS:    2783517 MSHR_MERGE:    1353538
cpu0->cpu0_L1I RFO          ACCESS:          0 HIT:          0 MISS:          0 MSHR_MERGE:          0
cpu0->cpu0_L1I PREFETCH     ACCESS:          0 HIT:          0 MISS:          0 MSHR_MERGE:          0
cpu0->cpu0_L1I WRITE        ACCESS:          0 HIT:          0 MISS:          0 MSHR_MERGE:          0
cpu0->cpu0_L1I TRANSLATION  ACCESS:          0 HIT:          0 MISS:          0 MSHR_MERGE:          0
cpu0->cpu0_L1I PREFETCH REQUESTED:          0 ISSUED:          0 USEFUL:          0 USELESS:          0
cpu0->cpu0_L1I AVERAGE MISS LATENCY: 124.3 cycles
cpu0->cpu0_L1D TOTAL        ACCESS:   35091734 HIT:   27226691 MISS:    7865043 MSHR_MERGE:    5595731
cpu0->cpu0_L1D LOAD         ACCESS:   14917768 HIT:   12498749 MISS:    2419019 MSHR_MERGE:    1024259
cpu0->cpu0_L1D RFO          ACCESS:          0 HIT:          0 MISS:          0 MSHR_MERGE:          0
cpu0->cpu0_L1D PREFETCH     ACCESS:          0 HIT:          0 MISS:          0 MSHR_MERGE:          0
cpu0->cpu0_L1D WRITE        ACCESS:   20173433 HIT:   14727937 MISS:    5445496 MSHR_MERGE:    4571464
cpu0->cpu0_L1D TRANSLATION  ACCESS:        533 HIT:          5 MISS:        528 MSHR_MERGE:          8
cpu0->cpu0_L1D PREFETCH REQUESTED:          0 ISSUED:          0 USEFUL:          0 USELESS:          0
cpu0->cpu0_L1D AVERAGE MISS LATENCY: 267.5 cycles
cpu0->cpu0_ITLB TOTAL        ACCESS:   16202707 HIT:   16202684 MISS:         23 MSHR_MERGE:         18
cpu0->cpu0_ITLB LOAD         ACCESS:   16202707 HIT:   16202684 MISS:         23 MSHR_MERGE:         18
cpu0->cpu0_ITLB RFO          ACCESS:          0 HIT:          0 MISS:          0 MSHR_MERGE:          0
cpu0->cpu0_ITLB PREFETCH     ACCESS:          0 HIT:          0 MISS:          0 MSHR_MERGE:          0
cpu0->cpu0_ITLB WRITE        ACCESS:          0 HIT:          0 MISS:          0 MSHR_MERGE:          0
cpu0->cpu0_ITLB TRANSLATION  ACCESS:          0 HIT:          0 MISS:          0 MSHR_MERGE:          0
cpu0->cpu0_ITLB PREFETCH REQUESTED:          0 ISSUED:          0 USEFUL:          0 USELESS:          0
cpu0->cpu0_ITLB AVERAGE MISS LATENCY: 579.8 cycles
cpu0->cpu0_DTLB TOTAL        ACCESS:   32414573 HIT:   31990370 MISS:     424203 MSHR_MERGE:     156046
cpu0->cpu0_DTLB LOAD         ACCESS:   32414573 HIT:   31990370 MISS:     424203 MSHR_MERGE:     156046
cpu0->cpu0_DTLB RFO          ACCESS:          0 HIT:          0 MISS:          0 MSHR_MERGE:          0
cpu0->cpu0_DTLB PREFETCH     ACCESS:          0 HIT:          0 MISS:          0 MSHR_MERGE:          0
cpu0->cpu0_DTLB WRITE        ACCESS:          0 HIT:          0 MISS:          0 MSHR_MERGE:          0
cpu0->cpu0_DTLB TRANSLATION  ACCESS:          0 HIT:          0 MISS:          0 MSHR_MERGE:          0
cpu0->cpu0_DTLB PREFETCH REQUESTED:          0 ISSUED:          0 USEFUL:          0 USELESS:          0
cpu0->cpu0_DTLB AVERAGE MISS LATENCY: 5.656 cycles
cpu0->LLC TOTAL        ACCESS:    2841552 HIT:    1431737 MISS:    1409815 MSHR_MERGE:          0
cpu0->LLC LOAD         ACCESS:    1510920 HIT:     615688 MISS:     895232 MSHR_MERGE:          0
cpu0->LLC RFO          ACCESS:     597466 HIT:     148357 MISS:     449109 MSHR_MERGE:          0
cpu0->LLC PREFETCH     ACCESS:          0 HIT:          0 MISS:          0 MSHR_MERGE:          0
cpu0->LLC WRITE        ACCESS:     732654 HIT:     667300 MISS:      65354 MSHR_MERGE:          0
cpu0->LLC TRANSLATION  ACCESS:        512 HIT:        392 MISS:        120 MSHR_MERGE:          0
cpu0->LLC PREFETCH REQUESTED:          0 ISSUED:          0 USEFUL:          0 USELESS:          0
cpu0->LLC AVERAGE MISS LATENCY: 4044 cycles
cpu1->LLC TOTAL        ACCESS:    2832879 HIT:    1426259 MISS:    1406620 MSHR_MERGE:          0
cpu1->LLC LOAD         ACCESS:    1506870 HIT:     611613 MISS:     895257 MSHR_MERGE:          0
cpu1->LLC RFO          ACCESS:     595476 HIT:     146998 MISS:     448478 MSHR_MERGE:          0
cpu1->LLC PREFETCH     ACCESS:          0 HIT:          0 MISS:          0 MSHR_MERGE:          0
cpu1->LLC WRITE        ACCESS:     730023 HIT:     667255 MISS:      62768 MSHR_MERGE:          0
cpu1->LLC TRANSLATION  ACCESS:        510 HIT:        393 MISS:        117 MSHR_MERGE:          0
cpu1->LLC PREFETCH REQUESTED:          0 ISSUED:          0 USEFUL:          0 USELESS:          0
cpu1->LLC AVERAGE MISS LATENCY: 4053 cycles
cpu2->LLC TOTAL        ACCESS:    2904335 HIT:    1502484 MISS:    1401851 MSHR_MERGE:          0
cpu2->LLC LOAD         ACCESS:    1538219 HIT:     650849 MISS:     887370 MSHR_MERGE:          0
cpu2->LLC RFO          ACCESS:     614626 HIT:     162380 MISS:     452246 MSHR_MERGE:          0
cpu2->LLC PREFETCH     ACCESS:          0 HIT:          0 MISS:          0 MSHR_MERGE:          0
cpu2->LLC WRITE        ACCESS:     750978 HIT:     688872 MISS:      62106 MSHR_MERGE:          0
cpu2->LLC TRANSLATION  ACCESS:        512 HIT:        383 MISS:        129 MSHR_MERGE:          0
cpu2->LLC PREFETCH REQUESTED:          0 ISSUED:          0 USEFUL:          0 USELESS:          0
cpu2->LLC AVERAGE MISS LATENCY: 4067 cycles
cpu3->LLC TOTAL        ACCESS:    2841227 HIT:    1432584 MISS:    1408643 MSHR_MERGE:          0
cpu3->LLC LOAD         ACCESS:    1510868 HIT:     615181 MISS:     895687 MSHR_MERGE:          0
cpu3->LLC RFO          ACCESS:     597492 HIT:     148033 MISS:     449459 MSHR_MERGE:          0
cpu3->LLC PREFETCH     ACCESS:          0 HIT:          0 MISS:          0 MSHR_MERGE:          0
cpu3->LLC WRITE        ACCESS:     732354 HIT:     668978 MISS:      63376 MSHR_MERGE:          0
cpu3->LLC TRANSLATION  ACCESS:        513 HIT:        392 MISS:        121 MSHR_MERGE:          0
cpu3->LLC PREFETCH REQUESTED:          0 ISSUED:          0 USEFUL:          0 USELESS:          0
cpu3->LLC AVERAGE MISS LATENCY: 4047 cycles
cpu4->LLC TOTAL        ACCESS:    2848677 HIT:    1438097 MISS:    1410580 MSHR_MERGE:          0
cpu4->LLC LOAD         ACCESS:    1514404 HIT:     618510 MISS:     895894 MSHR_MERGE:          0
cpu4->LLC RFO          ACCESS:     599298 HIT:     149658 MISS:     449640 MSHR_MERGE:          0
cpu4->LLC PREFETCH     ACCESS:          0 HIT:          0 MISS:          0 MSHR_MERGE:          0
cpu4->LLC WRITE        ACCESS:     734459 HIT:     669533 MISS:      64926 MSHR_MERGE:          0
cpu4->LLC TRANSLATION  ACCESS:        516 HIT:        396 MISS:        120 MSHR_MERGE:          0
cpu4->LLC PREFETCH REQUESTED:          0 ISSUED:          0 USEFUL:          0 USELESS:          0
cpu4->LLC AVERAGE MISS LATENCY: 4042 cycles
cpu5->LLC TOTAL        ACCESS:    2840093 HIT:    1434076 MISS:    1406017 MSHR_MERGE:          0
cpu5->LLC LOAD         ACCESS:    1510391 HIT:     613464 MISS:     896927 MSHR_MERGE:          0
cpu5->LLC RFO          ACCESS:     597027 HIT:     147483 MISS:     449544 MSHR_MERGE:          0
cpu5->LLC PREFETCH     ACCESS:          0 HIT:          0 MISS:          0 MSHR_MERGE:          0
cpu5->LLC WRITE        ACCESS:     732162 HIT:     672734 MISS:      59428 MSHR_MERGE:          0
cpu5->LLC TRANSLATION  ACCESS:        513 HIT:        395 MISS:        118 MSHR_MERGE:          0
cpu5->LLC PREFETCH REQUESTED:          0 ISSUED:          0 USEFUL:          0 USELESS:          0
cpu5->LLC AVERAGE MISS LATENCY: 4055 cycles
cpu6->LLC TOTAL        ACCESS:    2848454 HIT:    1440251 MISS:    1408203 MSHR_MERGE:          0
cpu6->LLC LOAD         ACCESS:    1514070 HIT:     617541 MISS:     896529 MSHR_MERGE:          0
cpu6->LLC RFO          ACCESS:     599433 HIT:     149509 MISS:     449924 MSHR_MERGE:          0
cpu6->LLC PREFETCH     ACCESS:          0 HIT:          0 MISS:          0 MSHR_MERGE:          0
cpu6->LLC WRITE        ACCESS:     734434 HIT:     672803 MISS:      61631 MSHR_MERGE:          0
cpu6->LLC TRANSLATION  ACCESS:        517 HIT:        398 MISS:        119 MSHR_MERGE:          0
cpu6->LLC PREFETCH REQUESTED:          0 ISSUED:          0 USEFUL:          0 USELESS:          0
cpu6->LLC AVERAGE MISS LATENCY: 4048 cycles
cpu7->LLC TOTAL        ACCESS:    2903010 HIT:    1503663 MISS:    1399347 MSHR_MERGE:          2
cpu7->LLC LOAD         ACCESS:    1537701 HIT:     652661 MISS:     885040 MSHR_MERGE:          0
cpu7->LLC RFO          ACCESS:     614315 HIT:     162326 MISS:     451989 MSHR_MERGE:          0
cpu7->LLC PREFETCH     ACCESS:          0 HIT:          0 MISS:          0 MSHR_MERGE:          0
cpu7->LLC WRITE        ACCESS:     750484 HIT:     688611 MISS:      61873 MSHR_MERGE:          0
cpu7->LLC TRANSLATION  ACCESS:        510 HIT:         65 MISS:        445 MSHR_MERGE:          2
cpu7->LLC PREFETCH REQUESTED:          0 ISSUED:          0 USEFUL:          0 USELESS:          0
cpu7->LLC AVERAGE MISS LATENCY: 4074 cycles

DRAM Statistics

Channel 0 READ REQS:    5435737	WRITE REQS:    2295664
  READS:    5434788	READ_HITS:          0
  WRITES:    2295634	WRITE HITS:          0
  ACTIVATES:    7730423	PRECHARGES:    7730422
  RQ FULL:    3346108	WQ FULL:    3983859
  WRITE DRAINS:      53327	FORCED:      40070
  MEAN WRITE IMBALANCE: 2.3051362349278977
  READ OCCU PRE DRAIN: 14.693063551296717	POST DRAIN: 23.772272957413694
  MEAN BLP: 26.91004556791119	BGLP: 7.676205299379301
  READ LATENCY: 126.91357602173258
  TIME IN WRITE MODE: 9950220384

Channel 1 READ REQS:    5313876	WRITE REQS:    2263898
  READS:    5313122	READ_HITS:          0
  WRITES:    2263880	WRITE HITS:          0
  ACTIVATES:    7577005	PRECHARGES:    7577002
  RQ FULL:    3970714	WQ FULL:    3732442
  WRITE DRAINS:      54020	FORCED:      37404
  MEAN WRITE IMBALANCE: 2.2582006664198446
  READ OCCU PRE DRAIN: 13.84415031469826	POST DRAIN: 22.42093669011477
  MEAN BLP: 26.45272121436505	BGLP: 7.643687523139578
  READ LATENCY: 125.65243429381069
  TIME IN WRITE MODE: 9853503712
BARD NON LRU EVICTS: 586070	TOTAL EVICTS: 12007515	EAGER WB: 2402180
---------------------------------------
Begin Slurm Epilog: Apr-09-2025 02:05:05
Job ID:        3678400
User ID:       svittal8
Account:       gts-mqureshi4-rg
Job name:      wrap
Resources:     cpu=1,mem=4G,node=1
Rsrc Used:     cput=03:12:53,vmem=0,walltime=03:12:53,mem=116192K,energy_used=0
Partition:     cpu-small
QOS:           inferno
Nodes:         atl1-1-02-020-17-2
---------------------------------------
