---------------------------------------
Begin Slurm Prolog: Apr-10-2025 03:08:47
Job ID:    3743202
User ID:   svittal8
Account:   gts-mqureshi4-rg
Job name:  wrap
Partition: cpu-small
QOS:       inferno
---------------------------------------
[VMEM] WARNING: physical memory size is smaller than virtual memory size.

*** ChampSim Multicore Out-of-Order Simulator ***
Warmup Instructions: 25000000
Simulation Instructions: 100000000
Number of CPUs: 8
Page size: 2097152

initializing BARD -- num sampled sets: 64, modulus = 256
CL :	 16.64 ns
CWL :	 15.808 ns
tRP :	 16.224 ns
tRCD :	 16.224 ns
tRAS :	 32.032000000000004 ns
tRTP :	 7.904 ns
tWR :	 30.368000000000002 ns

tCCD_S :	 3.3280000000000003 ns
tCCD_S_WR :	 3.3280000000000003 ns
tCCD_S_WTR :	 22.048000000000002 ns
tCCD_L :	 5.408 ns
tCCD_L_WR :	 20.384 ns
tCCD_L_WTR :	 29.536 ns
tRRD_S :	 3.3280000000000003 ns
tRRD_L :	 5.408 ns
tFAW :	 13.728 ns
Address mapping (perm = 1) 	ch co bg bg bg ba ba co co co co co co ro ro ro ro ro ro ro ro ro ro ro ro ro ro ro 
dram queue size: R = 64 W = 48 (low:high is 8:40)
num evicts: 0, p: 0, s: 0 	 max proactive lookup: 16, max shadow lookup: 16
	evict counters: 128 128 128 128 128 128 128 128 128 128 128 128 128 128 128 128
	eager counters: 128 128 128 128 128 128 128 128 128 128 128 128 128 128 128 128
num evicts: 100000, p: 6832, s: 11236 	 max proactive lookup: 16, max shadow lookup: 16
	evict counters: 128 128 128 128 128 128 128 128 128 128 128 128 128 128 128 128
	eager counters: 128 128 128 128 128 128 128 128 128 128 128 128 128 128 128 128
num evicts: 200000, p: 12783, s: 24401 	 max proactive lookup: 16, max shadow lookup: 16
	evict counters: 128 128 128 128 128 128 128 128 128 128 128 128 128 128 128 128
	eager counters: 128 128 128 128 128 128 128 128 128 128 128 128 128 128 128 128
num evicts: 300000, p: 18238, s: 39239 	 max proactive lookup: 16, max shadow lookup: 16
	evict counters: 128 128 128 128 128 128 128 128 128 128 128 128 128 128 128 128
	eager counters: 128 128 128 128 128 128 128 128 128 128 128 128 128 128 128 128
num evicts: 400000, p: 22775, s: 53286 	 max proactive lookup: 16, max shadow lookup: 16
	evict counters: 128 128 128 128 128 128 128 128 128 128 128 128 128 128 128 128
	eager counters: 128 128 128 128 128 128 128 128 128 128 128 128 128 128 128 128
num evicts: 500000, p: 27031, s: 70502 	 max proactive lookup: 16, max shadow lookup: 16
	evict counters: 128 128 128 128 128 128 128 128 128 128 128 128 128 128 128 128
	eager counters: 128 128 128 128 128 128 128 128 128 128 128 128 128 128 128 128
num evicts: 600000, p: 30072, s: 84610 	 max proactive lookup: 16, max shadow lookup: 16
	evict counters: 128 128 128 128 128 128 128 128 128 128 128 128 128 128 128 128
	eager counters: 128 128 128 128 128 128 128 128 128 128 128 128 128 128 128 128
num evicts: 700000, p: 33078, s: 101925 	 max proactive lookup: 16, max shadow lookup: 16
	evict counters: 128 128 128 128 128 128 128 128 128 128 128 128 128 128 128 128
	eager counters: 128 128 128 128 128 128 128 128 128 128 128 128 128 128 128 128
num evicts: 800000, p: 36434, s: 117516 	 max proactive lookup: 16, max shadow lookup: 16
	evict counters: 128 128 128 128 128 128 128 128 128 128 128 128 128 128 128 128
	eager counters: 128 128 128 128 128 128 128 128 128 128 128 128 128 128 128 128
num evicts: 900000, p: 39018, s: 132187 	 max proactive lookup: 16, max shadow lookup: 16
	evict counters: 128 128 128 128 128 128 128 128 128 128 128 128 128 128 128 128
	eager counters: 128 128 128 128 128 128 128 128 128 128 128 128 128 128 128 128
num evicts: 1000000, p: 42117, s: 150022 	 max proactive lookup: 16, max shadow lookup: 16
	evict counters: 128 128 128 128 128 128 128 128 128 128 128 128 128 128 128 128
	eager counters: 128 128 128 128 128 128 128 128 128 128 128 128 128 128 128 128
num evicts: 1100000, p: 44344, s: 163574 	 max proactive lookup: 16, max shadow lookup: 16
	evict counters: 128 128 128 128 128 128 128 128 128 128 128 128 128 128 128 128
	eager counters: 128 128 128 128 128 128 128 128 128 128 128 128 128 128 128 128
num evicts: 1200000, p: 46388, s: 179986 	 max proactive lookup: 16, max shadow lookup: 16
	evict counters: 128 128 128 128 128 128 128 128 128 128 128 128 128 128 128 128
	eager counters: 128 128 128 128 128 128 128 128 128 128 128 128 128 128 128 128
num evicts: 1300000, p: 49156, s: 197403 	 max proactive lookup: 16, max shadow lookup: 16
	evict counters: 128 128 128 128 128 128 128 128 128 128 128 128 128 128 128 128
	eager counters: 128 128 128 128 128 128 128 128 128 128 128 128 128 128 128 128
num evicts: 1400000, p: 52318, s: 214550 	 max proactive lookup: 16, max shadow lookup: 16
	evict counters: 128 128 128 128 128 128 128 128 128 128 128 128 128 128 128 128
	eager counters: 128 128 128 128 128 128 128 128 128 128 128 128 128 128 128 128
num evicts: 1500000, p: 54733, s: 227924 	 max proactive lookup: 16, max shadow lookup: 16
	evict counters: 128 128 128 128 128 128 128 128 128 128 128 128 128 128 128 128
	eager counters: 128 128 128 128 128 128 128 128 128 128 128 128 128 128 128 128
num evicts: 1600000, p: 57123, s: 243390 	 max proactive lookup: 16, max shadow lookup: 16
	evict counters: 128 128 128 128 128 128 128 128 128 128 128 128 128 128 128 128
	eager counters: 128 128 128 128 128 128 128 128 128 128 128 128 128 128 128 128
num evicts: 1700000, p: 59686, s: 258794 	 max proactive lookup: 16, max shadow lookup: 16
	evict counters: 128 128 128 128 128 128 128 128 128 128 128 128 128 128 128 128
	eager counters: 128 128 128 128 128 128 128 128 128 128 128 128 128 128 128 128
num evicts: 1800000, p: 62178, s: 274136 	 max proactive lookup: 16, max shadow lookup: 16
	evict counters: 128 128 128 128 128 128 128 128 128 128 128 128 128 128 128 128
	eager counters: 128 128 128 128 128 128 128 128 128 128 128 128 128 128 128 128
num evicts: 1900000, p: 64620, s: 290546 	 max proactive lookup: 16, max shadow lookup: 16
	evict counters: 128 128 128 128 128 128 128 128 128 128 128 128 128 128 128 128
	eager counters: 128 128 128 128 128 128 128 128 128 128 128 128 128 128 128 128
num evicts: 2000000, p: 67107, s: 309415 	 max proactive lookup: 16, max shadow lookup: 16
	evict counters: 128 128 128 128 128 128 128 128 128 128 128 128 128 128 128 128
	eager counters: 128 128 128 128 128 128 128 128 128 128 128 128 128 128 128 128
num evicts: 2100000, p: 69151, s: 323263 	 max proactive lookup: 16, max shadow lookup: 16
	evict counters: 128 128 128 128 128 128 128 128 128 128 128 128 128 128 128 128
	eager counters: 128 128 128 128 128 128 128 128 128 128 128 128 128 128 128 128
num evicts: 2200000, p: 71726, s: 337329 	 max proactive lookup: 16, max shadow lookup: 16
	evict counters: 128 128 128 128 128 128 128 128 128 128 128 128 128 128 128 128
	eager counters: 128 128 128 128 128 128 128 128 128 128 128 128 128 128 128 128
num evicts: 2300000, p: 75495, s: 352790 	 max proactive lookup: 16, max shadow lookup: 16
	evict counters: 128 128 128 128 128 128 128 128 128 128 128 128 128 128 128 128
	eager counters: 128 128 128 128 128 128 128 128 128 128 128 128 128 128 128 128
num evicts: 2400000, p: 78366, s: 368932 	 max proactive lookup: 16, max shadow lookup: 16
	evict counters: 128 128 128 128 128 128 128 128 128 128 128 128 128 128 128 128
	eager counters: 128 128 128 128 128 128 128 128 128 128 128 128 128 128 128 128
num evicts: 2500000, p: 81298, s: 387278 	 max proactive lookup: 16, max shadow lookup: 16
	evict counters: 128 128 128 128 128 128 128 128 128 128 128 128 128 128 128 128
	eager counters: 128 128 128 128 128 128 128 128 128 128 128 128 128 128 128 128
num evicts: 2600000, p: 84111, s: 405514 	 max proactive lookup: 16, max shadow lookup: 16
	evict counters: 128 128 128 128 128 128 128 128 128 128 128 128 128 128 128 128
	eager counters: 128 128 128 128 128 128 128 128 128 128 128 128 128 128 128 128
num evicts: 2700000, p: 86499, s: 423017 	 max proactive lookup: 16, max shadow lookup: 16
	evict counters: 128 128 128 128 128 128 128 128 128 128 128 128 128 128 128 128
	eager counters: 128 128 128 128 128 128 128 128 128 128 128 128 128 128 128 128
num evicts: 2800000, p: 89224, s: 443499 	 max proactive lookup: 16, max shadow lookup: 16
	evict counters: 128 128 128 128 128 128 128 128 128 128 128 128 128 128 128 128
	eager counters: 128 128 128 128 128 128 128 128 128 128 128 128 128 128 128 128
num evicts: 2900000, p: 91281, s: 461610 	 max proactive lookup: 16, max shadow lookup: 16
	evict counters: 128 128 128 128 128 128 128 128 128 128 128 128 128 128 128 128
	eager counters: 128 128 128 128 128 128 128 128 128 128 128 128 128 128 128 128
num evicts: 3000000, p: 93244, s: 479127 	 max proactive lookup: 16, max shadow lookup: 16
	evict counters: 128 128 128 128 128 128 128 128 128 128 128 128 128 128 128 128
	eager counters: 128 128 128 128 128 128 128 128 128 128 128 128 128 128 128 128
num evicts: 3100000, p: 95178, s: 497143 	 max proactive lookup: 16, max shadow lookup: 16
	evict counters: 128 128 128 128 128 128 128 128 128 128 128 128 128 128 128 128
	eager counters: 128 128 128 128 128 128 128 128 128 128 128 128 128 128 128 128
num evicts: 3200000, p: 97186, s: 514610 	 max proactive lookup: 16, max shadow lookup: 16
	evict counters: 128 128 128 128 128 128 128 128 128 128 128 128 128 128 128 128
	eager counters: 128 128 128 128 128 128 128 128 128 128 128 128 128 128 128 128
num evicts: 3300000, p: 99038, s: 534652 	 max proactive lookup: 16, max shadow lookup: 16
	evict counters: 128 128 128 128 128 128 128 128 128 128 128 128 128 128 128 128
	eager counters: 128 128 128 128 128 128 128 128 128 128 128 128 128 128 128 128
num evicts: 3400000, p: 101037, s: 554004 	 max proactive lookup: 16, max shadow lookup: 16
	evict counters: 128 128 128 128 128 128 128 128 128 128 128 128 128 128 128 128
	eager counters: 128 128 128 128 128 128 128 128 128 128 128 128 128 128 128 128
num evicts: 3500000, p: 102933, s: 574608 	 max proactive lookup: 16, max shadow lookup: 16
	evict counters: 128 128 128 128 128 128 128 128 128 128 128 128 128 128 128 128
	eager counters: 128 128 128 128 128 128 128 128 128 128 128 128 128 128 128 128
num evicts: 3600000, p: 104946, s: 595050 	 max proactive lookup: 16, max shadow lookup: 16
	evict counters: 128 128 128 128 128 128 128 128 128 128 128 128 128 128 128 128
	eager counters: 128 128 128 128 128 128 128 128 128 128 128 128 128 128 128 128
num evicts: 3700000, p: 106778, s: 615485 	 max proactive lookup: 16, max shadow lookup: 16
	evict counters: 128 128 128 128 128 128 128 128 128 128 128 128 128 128 128 128
	eager counters: 128 128 128 128 128 128 128 128 128 128 128 128 128 128 128 128
num evicts: 3800000, p: 108630, s: 636509 	 max proactive lookup: 16, max shadow lookup: 16
	evict counters: 128 128 128 128 128 128 128 128 128 128 128 128 128 128 128 128
	eager counters: 128 128 128 128 128 128 128 128 128 128 128 128 128 128 128 128
num evicts: 3900000, p: 110380, s: 657609 	 max proactive lookup: 16, max shadow lookup: 16
	evict counters: 128 128 128 128 128 128 128 128 128 128 128 128 128 128 128 128
	eager counters: 128 128 128 128 128 128 128 128 128 128 128 128 128 128 128 128
num evicts: 4000000, p: 112173, s: 678919 	 max proactive lookup: 16, max shadow lookup: 16
	evict counters: 128 128 128 128 128 128 128 128 128 128 128 128 128 128 128 128
	eager counters: 128 128 128 128 128 128 128 128 128 128 128 128 128 128 128 128
num evicts: 4100000, p: 113990, s: 701357 	 max proactive lookup: 16, max shadow lookup: 16
	evict counters: 128 128 128 128 128 128 128 128 128 128 128 128 128 128 128 128
	eager counters: 128 128 128 128 128 128 128 128 128 128 128 128 128 128 128 128
num evicts: 4200000, p: 115959, s: 722544 	 max proactive lookup: 16, max shadow lookup: 16
	evict counters: 128 128 128 128 128 128 128 128 128 128 128 128 128 128 128 128
	eager counters: 128 128 128 128 128 128 128 128 128 128 128 128 128 128 128 128
num evicts: 4300000, p: 117465, s: 741907 	 max proactive lookup: 16, max shadow lookup: 16
	evict counters: 128 128 128 128 128 128 128 128 128 128 128 128 128 128 128 128
	eager counters: 128 128 128 128 128 128 128 128 128 128 128 128 128 128 128 128
num evicts: 4400000, p: 118714, s: 757416 	 max proactive lookup: 16, max shadow lookup: 16
	evict counters: 128 128 128 128 128 128 128 128 128 128 128 128 128 128 128 128
	eager counters: 128 128 128 128 128 128 128 128 128 128 128 128 128 128 128 128
num evicts: 4500000, p: 119921, s: 773673 	 max proactive lookup: 16, max shadow lookup: 16
	evict counters: 128 128 128 128 128 128 128 128 128 128 128 128 128 128 128 128
	eager counters: 128 128 128 128 128 128 128 128 128 128 128 128 128 128 128 128
num evicts: 4600000, p: 121457, s: 795585 	 max proactive lookup: 16, max shadow lookup: 16
	evict counters: 128 128 128 128 128 128 128 128 128 128 128 128 128 128 128 128
	eager counters: 128 128 128 128 128 128 128 128 128 128 128 128 128 128 128 128
num evicts: 4700000, p: 123138, s: 815429 	 max proactive lookup: 16, max shadow lookup: 16
	evict counters: 128 128 128 128 128 128 128 128 128 128 128 128 128 128 128 128
	eager counters: 128 128 128 128 128 128 128 128 128 128 128 128 128 128 128 128
num evicts: 4800000, p: 125547, s: 839402 	 max proactive lookup: 16, max shadow lookup: 16
	evict counters: 128 128 128 128 128 128 128 128 128 128 128 128 128 128 128 128
	eager counters: 128 128 128 128 128 128 128 128 128 128 128 128 128 128 128 128
num evicts: 4900000, p: 128233, s: 864091 	 max proactive lookup: 16, max shadow lookup: 16
	evict counters: 128 128 128 128 128 128 128 128 128 128 128 128 128 128 128 128
	eager counters: 128 128 128 128 128 128 128 128 128 128 128 128 128 128 128 128
Heartbeat CPU 7 instructions: 10000000 cycles: 7318710 heartbeat IPC: 1.366 cumulative IPC: 1.366 (Simulation time: 00 hr 14 min 28 sec)
Heartbeat CPU 0 instructions: 10000000 cycles: 7399029 heartbeat IPC: 1.352 cumulative IPC: 1.352 (Simulation time: 00 hr 14 min 40 sec)
Heartbeat CPU 1 instructions: 10000000 cycles: 7423705 heartbeat IPC: 1.347 cumulative IPC: 1.347 (Simulation time: 00 hr 14 min 43 sec)
num evicts: 5000000, p: 131018, s: 887186 	 max proactive lookup: 16, max shadow lookup: 16
	evict counters: 128 128 128 128 128 128 128 128 128 128 128 128 128 128 128 128
	eager counters: 128 128 128 128 128 128 128 128 128 128 128 128 128 128 128 128
Heartbeat CPU 2 instructions: 10000000 cycles: 7451986 heartbeat IPC: 1.342 cumulative IPC: 1.342 (Simulation time: 00 hr 14 min 47 sec)
Heartbeat CPU 3 instructions: 10000000 cycles: 7469535 heartbeat IPC: 1.339 cumulative IPC: 1.339 (Simulation time: 00 hr 14 min 49 sec)
Heartbeat CPU 4 instructions: 10000000 cycles: 7489509 heartbeat IPC: 1.335 cumulative IPC: 1.335 (Simulation time: 00 hr 14 min 52 sec)
Heartbeat CPU 5 instructions: 10000000 cycles: 7508140 heartbeat IPC: 1.332 cumulative IPC: 1.332 (Simulation time: 00 hr 14 min 54 sec)
Heartbeat CPU 6 instructions: 10000000 cycles: 7518103 heartbeat IPC: 1.33 cumulative IPC: 1.33 (Simulation time: 00 hr 14 min 55 sec)
num evicts: 5100000, p: 133658, s: 909202 	 max proactive lookup: 16, max shadow lookup: 16
	evict counters: 128 128 128 128 128 128 128 128 128 128 128 128 128 128 128 128
	eager counters: 128 128 128 128 128 128 128 128 128 128 128 128 128 128 128 128
num evicts: 5200000, p: 136684, s: 934117 	 max proactive lookup: 16, max shadow lookup: 16
	evict counters: 128 128 128 128 128 128 128 128 128 128 128 128 128 128 128 128
	eager counters: 128 128 128 128 128 128 128 128 128 128 128 128 128 128 128 128
num evicts: 5300000, p: 139955, s: 957617 	 max proactive lookup: 16, max shadow lookup: 16
	evict counters: 128 128 128 128 128 128 128 128 128 128 128 128 128 128 128 128
	eager counters: 128 128 128 128 128 128 128 128 128 128 128 128 128 128 128 128
num evicts: 5400000, p: 142869, s: 978099 	 max proactive lookup: 16, max shadow lookup: 16
	evict counters: 128 128 128 128 128 128 128 128 128 128 128 128 128 128 128 128
	eager counters: 128 128 128 128 128 128 128 128 128 128 128 128 128 128 128 128
[BTB] WARNING: target of return is a lower address than the corresponding call. This is usually a problem with your trace.
[BTB] WARNING: target of return is a lower address than the corresponding call. This is usually a problem with your trace.
[BTB] WARNING: target of return is a lower address than the corresponding call. This is usually a problem with your trace.
[BTB] WARNING: target of return is a lower address than the corresponding call. This is usually a problem with your trace.
[BTB] WARNING: target of return is a lower address than the corresponding call. This is usually a problem with your trace.
[BTB] WARNING: target of return is a lower address than the corresponding call. This is usually a problem with your trace.
[BTB] WARNING: target of return is a lower address than the corresponding call. This is usually a problem with your trace.
[BTB] WARNING: target of return is a lower address than the corresponding call. This is usually a problem with your trace.
[BTB] WARNING: target of return is a lower address than the corresponding call. This is usually a problem with your trace.
[BTB] WARNING: target of return is a lower address than the corresponding call. This is usually a problem with your trace.
num evicts: 5500000, p: 145433, s: 998111 	 max proactive lookup: 16, max shadow lookup: 16
	evict counters: 128 128 128 128 128 128 128 128 128 128 128 128 128 128 128 128
	eager counters: 128 128 128 128 128 128 128 128 128 128 128 128 128 128 128 128
num evicts: 5600000, p: 147921, s: 1016949 	 max proactive lookup: 16, max shadow lookup: 16
	evict counters: 128 128 128 128 128 128 128 128 128 128 128 128 128 128 128 128
	eager counters: 128 128 128 128 128 128 128 128 128 128 128 128 128 128 128 128
[VMEM] WARNING: Out of physical memory, freeing ppages
num evicts: 5700000, p: 150293, s: 1038316 	 max proactive lookup: 16, max shadow lookup: 16
	evict counters: 128 128 128 128 128 128 128 128 128 128 128 128 128 128 128 128
	eager counters: 128 128 128 128 128 128 128 128 128 128 128 128 128 128 128 128
num evicts: 5800000, p: 152452, s: 1057746 	 max proactive lookup: 16, max shadow lookup: 16
	evict counters: 128 128 128 128 128 128 128 128 128 128 128 128 128 128 128 128
	eager counters: 128 128 128 128 128 128 128 128 128 128 128 128 128 128 128 128
num evicts: 5900000, p: 154249, s: 1072311 	 max proactive lookup: 16, max shadow lookup: 16
	evict counters: 128 128 128 128 128 128 128 128 128 128 128 128 128 128 128 128
	eager counters: 128 128 128 128 128 128 128 128 128 128 128 128 128 128 128 128
num evicts: 6000000, p: 156127, s: 1088739 	 max proactive lookup: 16, max shadow lookup: 16
	evict counters: 128 128 128 128 128 128 128 128 128 128 128 128 128 128 128 128
	eager counters: 128 128 128 128 128 128 128 128 128 128 128 128 128 128 128 128
num evicts: 6100000, p: 158240, s: 1106993 	 max proactive lookup: 16, max shadow lookup: 16
	evict counters: 128 128 128 128 128 128 128 128 128 128 128 128 128 128 128 128
	eager counters: 128 128 128 128 128 128 128 128 128 128 128 128 128 128 128 128
num evicts: 6200000, p: 160637, s: 1128216 	 max proactive lookup: 16, max shadow lookup: 16
	evict counters: 128 128 128 128 128 128 128 128 128 128 128 128 128 128 128 128
	eager counters: 128 128 128 128 128 128 128 128 128 128 128 128 128 128 128 128
Heartbeat CPU 7 instructions: 20000003 cycles: 11004674 heartbeat IPC: 2.713 cumulative IPC: 1.817 (Simulation time: 00 hr 22 min 31 sec)
Heartbeat CPU 0 instructions: 20000000 cycles: 11089813 heartbeat IPC: 2.709 cumulative IPC: 1.803 (Simulation time: 00 hr 22 min 42 sec)
Heartbeat CPU 1 instructions: 20000003 cycles: 11116163 heartbeat IPC: 2.708 cumulative IPC: 1.799 (Simulation time: 00 hr 22 min 46 sec)
num evicts: 6300000, p: 163206, s: 1154661 	 max proactive lookup: 16, max shadow lookup: 16
	evict counters: 128 128 128 128 128 128 128 128 128 128 128 128 128 128 128 128
	eager counters: 128 128 128 128 128 128 128 128 128 128 128 128 128 128 128 128
Heartbeat CPU 2 instructions: 20000003 cycles: 11143542 heartbeat IPC: 2.709 cumulative IPC: 1.795 (Simulation time: 00 hr 22 min 49 sec)
Heartbeat CPU 3 instructions: 20000003 cycles: 11166889 heartbeat IPC: 2.705 cumulative IPC: 1.791 (Simulation time: 00 hr 22 min 52 sec)
Heartbeat CPU 4 instructions: 20000003 cycles: 11187113 heartbeat IPC: 2.704 cumulative IPC: 1.788 (Simulation time: 00 hr 22 min 55 sec)
Heartbeat CPU 5 instructions: 20000003 cycles: 11205851 heartbeat IPC: 2.704 cumulative IPC: 1.785 (Simulation time: 00 hr 22 min 57 sec)
Heartbeat CPU 6 instructions: 20000003 cycles: 11221847 heartbeat IPC: 2.7 cumulative IPC: 1.782 (Simulation time: 00 hr 22 min 59 sec)
num evicts: 6400000, p: 166535, s: 1183578 	 max proactive lookup: 16, max shadow lookup: 16
	evict counters: 128 128 128 128 128 128 128 128 128 128 128 128 128 128 128 128
	eager counters: 128 128 128 128 128 128 128 128 128 128 128 128 128 128 128 128
num evicts: 6500000, p: 169798, s: 1210368 	 max proactive lookup: 16, max shadow lookup: 16
	evict counters: 128 128 128 128 128 128 128 128 128 128 128 128 128 128 128 128
	eager counters: 128 128 128 128 128 128 128 128 128 128 128 128 128 128 128 128
num evicts: 6600000, p: 172989, s: 1233412 	 max proactive lookup: 16, max shadow lookup: 16
	evict counters: 128 128 128 128 128 128 128 128 128 128 128 128 128 128 128 128
	eager counters: 128 128 128 128 128 128 128 128 128 128 128 128 128 128 128 128
num evicts: 6700000, p: 176091, s: 1255891 	 max proactive lookup: 16, max shadow lookup: 16
	evict counters: 128 128 128 128 128 128 128 128 128 128 128 128 128 128 128 128
	eager counters: 128 128 128 128 128 128 128 128 128 128 128 128 128 128 128 128
num evicts: 6800000, p: 178334, s: 1273315 	 max proactive lookup: 16, max shadow lookup: 16
	evict counters: 128 128 128 128 128 128 128 128 128 128 128 128 128 128 128 128
	eager counters: 128 128 128 128 128 128 128 128 128 128 128 128 128 128 128 128
num evicts: 6900000, p: 180137, s: 1289308 	 max proactive lookup: 16, max shadow lookup: 16
	evict counters: 128 128 128 128 128 128 128 128 128 128 128 128 128 128 128 128
	eager counters: 128 128 128 128 128 128 128 128 128 128 128 128 128 128 128 128
Warmup finished CPU 7 instructions: 25000003 cycles: 12820558 cumulative IPC: 1.95 (Simulation time: 00 hr 26 min 32 sec)
Warmup finished CPU 0 instructions: 25000003 cycles: 12900373 cumulative IPC: 1.938 (Simulation time: 00 hr 26 min 42 sec)
num evicts: 7000000, p: 182029, s: 1306462 	 max proactive lookup: 16, max shadow lookup: 16
	evict counters: 128 128 128 128 128 128 128 128 128 128 128 128 128 128 128 128
	eager counters: 128 128 128 128 128 128 128 128 128 128 128 128 128 128 128 128
Warmup finished CPU 1 instructions: 25000003 cycles: 12925004 cumulative IPC: 1.934 (Simulation time: 00 hr 26 min 45 sec)
Warmup finished CPU 2 instructions: 25000003 cycles: 12954640 cumulative IPC: 1.93 (Simulation time: 00 hr 26 min 49 sec)
Warmup finished CPU 3 instructions: 25000003 cycles: 12976785 cumulative IPC: 1.927 (Simulation time: 00 hr 26 min 52 sec)
Warmup finished CPU 4 instructions: 25000003 cycles: 12998788 cumulative IPC: 1.923 (Simulation time: 00 hr 26 min 55 sec)
Warmup finished CPU 5 instructions: 25000003 cycles: 13018166 cumulative IPC: 1.92 (Simulation time: 00 hr 26 min 58 sec)
Warmup finished CPU 6 instructions: 25000003 cycles: 13035507 cumulative IPC: 1.918 (Simulation time: 00 hr 27 min 00 sec)
Warmup complete CPU 7 instructions: 25693148 cycles: 13035507 cumulative IPC: 1.971 (Simulation time: 00 hr 27 min 00 sec)
Warmup complete CPU 6 instructions: 25000003 cycles: 13035507 cumulative IPC: 1.918 (Simulation time: 00 hr 27 min 00 sec)
Warmup complete CPU 5 instructions: 25061838 cycles: 13035507 cumulative IPC: 1.923 (Simulation time: 00 hr 27 min 00 sec)
Warmup complete CPU 4 instructions: 25120427 cycles: 13035507 cumulative IPC: 1.927 (Simulation time: 00 hr 27 min 00 sec)
Warmup complete CPU 3 instructions: 25190707 cycles: 13035507 cumulative IPC: 1.932 (Simulation time: 00 hr 27 min 00 sec)
Warmup complete CPU 2 instructions: 25274934 cycles: 13035507 cumulative IPC: 1.939 (Simulation time: 00 hr 27 min 00 sec)
Warmup complete CPU 1 instructions: 25374693 cycles: 13035507 cumulative IPC: 1.947 (Simulation time: 00 hr 27 min 00 sec)
Warmup complete CPU 0 instructions: 25467350 cycles: 13035507 cumulative IPC: 1.954 (Simulation time: 00 hr 27 min 00 sec)
num evicts: 7100000, p: 184496, s: 1327732 	 max proactive lookup: 16, max shadow lookup: 16
	evict counters: 128 128 128 128 128 128 128 128 128 128 128 128 128 128 128 128
	eager counters: 128 128 128 128 128 128 128 128 128 128 128 128 128 128 128 128
num evicts: 7200000, p: 187102, s: 1349774 	 max proactive lookup: 16, max shadow lookup: 16
	evict counters: 128 128 128 128 128 128 128 128 128 128 128 128 128 128 128 128
	eager counters: 128 128 128 128 128 128 128 128 128 128 128 128 128 128 128 128
num evicts: 7300000, p: 189477, s: 1369675 	 max proactive lookup: 16, max shadow lookup: 16
	evict counters: 128 128 128 128 128 128 128 128 128 128 128 128 128 128 128 128
	eager counters: 128 128 128 128 128 128 128 128 128 128 128 128 128 128 128 128
num evicts: 7400000, p: 192045, s: 1388626 	 max proactive lookup: 16, max shadow lookup: 16
	evict counters: 128 128 128 128 128 128 128 128 128 128 128 128 128 128 128 128
	eager counters: 128 128 128 128 128 128 128 128 128 128 128 128 128 128 128 128
Heartbeat CPU 7 instructions: 30000004 cycles: 18621819 heartbeat IPC: 1.313 cumulative IPC: 0.771 (Simulation time: 00 hr 34 min 12 sec)
num evicts: 7500000, p: 194543, s: 1407486 	 max proactive lookup: 16, max shadow lookup: 16
	evict counters: 128 128 128 128 128 128 128 128 128 128 128 128 128 128 128 128
	eager counters: 128 128 128 128 128 128 128 128 128 128 128 128 128 128 128 128
Heartbeat CPU 0 instructions: 30000004 cycles: 19074150 heartbeat IPC: 1.252 cumulative IPC: 0.7506 (Simulation time: 00 hr 34 min 44 sec)
Heartbeat CPU 1 instructions: 30000004 cycles: 19111327 heartbeat IPC: 1.251 cumulative IPC: 0.7613 (Simulation time: 00 hr 34 min 46 sec)
Heartbeat CPU 3 instructions: 30000004 cycles: 19178649 heartbeat IPC: 1.248 cumulative IPC: 0.7829 (Simulation time: 00 hr 34 min 51 sec)
Heartbeat CPU 2 instructions: 30000004 cycles: 19180616 heartbeat IPC: 1.244 cumulative IPC: 0.7689 (Simulation time: 00 hr 34 min 51 sec)
Heartbeat CPU 4 instructions: 30000004 cycles: 19293686 heartbeat IPC: 1.234 cumulative IPC: 0.7797 (Simulation time: 00 hr 35 min 00 sec)
Heartbeat CPU 6 instructions: 30000004 cycles: 19342785 heartbeat IPC: 1.231 cumulative IPC: 0.7927 (Simulation time: 00 hr 35 min 04 sec)
Heartbeat CPU 5 instructions: 30000004 cycles: 19356028 heartbeat IPC: 1.227 cumulative IPC: 0.7813 (Simulation time: 00 hr 35 min 05 sec)
num evicts: 7600000, p: 197007, s: 1425452 	 max proactive lookup: 16, max shadow lookup: 16
	evict counters: 128 128 128 128 128 128 128 128 128 128 128 128 128 128 128 128
	eager counters: 128 128 128 128 128 128 128 128 128 128 128 128 128 128 128 128
num evicts: 7700000, p: 199335, s: 1440654 	 max proactive lookup: 16, max shadow lookup: 16
	evict counters: 128 128 128 128 128 128 128 128 128 128 128 128 128 128 128 128
	eager counters: 128 128 128 128 128 128 128 128 128 128 128 128 128 128 128 128
num evicts: 7800000, p: 201659, s: 1458631 	 max proactive lookup: 16, max shadow lookup: 16
	evict counters: 128 128 128 128 128 128 128 128 128 128 128 128 128 128 128 128
	eager counters: 128 128 128 128 128 128 128 128 128 128 128 128 128 128 128 128
num evicts: 7900000, p: 204889, s: 1477636 	 max proactive lookup: 16, max shadow lookup: 16
	evict counters: 128 128 128 128 128 128 128 128 128 128 128 128 128 128 128 128
	eager counters: 128 128 128 128 128 128 128 128 128 128 128 128 128 128 128 128
num evicts: 8000000, p: 206793, s: 1492357 	 max proactive lookup: 16, max shadow lookup: 16
	evict counters: 128 128 128 128 128 128 128 128 128 128 128 128 128 128 128 128
	eager counters: 128 128 128 128 128 128 128 128 128 128 128 128 128 128 128 128
num evicts: 8100000, p: 208702, s: 1508646 	 max proactive lookup: 16, max shadow lookup: 16
	evict counters: 128 128 128 128 128 128 128 128 128 128 128 128 128 128 128 128
	eager counters: 128 128 128 128 128 128 128 128 128 128 128 128 128 128 128 128
num evicts: 8200000, p: 211011, s: 1526125 	 max proactive lookup: 16, max shadow lookup: 16
	evict counters: 128 128 128 128 128 128 128 128 128 128 128 128 128 128 128 128
	eager counters: 128 128 128 128 128 128 128 128 128 128 128 128 128 128 128 128
num evicts: 8300000, p: 213196, s: 1543558 	 max proactive lookup: 16, max shadow lookup: 16
	evict counters: 128 128 128 128 128 128 128 128 128 128 128 128 128 128 128 128
	eager counters: 128 128 128 128 128 128 128 128 128 128 128 128 128 128 128 128
num evicts: 8400000, p: 215112, s: 1560249 	 max proactive lookup: 16, max shadow lookup: 16
	evict counters: 128 128 128 128 128 128 128 128 128 128 128 128 128 128 128 128
	eager counters: 128 128 128 128 128 128 128 128 128 128 128 128 128 128 128 128
num evicts: 8500000, p: 217094, s: 1575609 	 max proactive lookup: 16, max shadow lookup: 16
	evict counters: 128 128 128 128 128 128 128 128 128 128 128 128 128 128 128 128
	eager counters: 128 128 128 128 128 128 128 128 128 128 128 128 128 128 128 128
num evicts: 8600000, p: 219024, s: 1592389 	 max proactive lookup: 16, max shadow lookup: 16
	evict counters: 128 128 128 128 128 128 128 128 128 128 128 128 128 128 128 128
	eager counters: 128 128 128 128 128 128 128 128 128 128 128 128 128 128 128 128
Heartbeat CPU 7 instructions: 40000005 cycles: 32230045 heartbeat IPC: 0.7348 cumulative IPC: 0.7454 (Simulation time: 00 hr 51 min 05 sec)
Heartbeat CPU 1 instructions: 40000005 cycles: 32629978 heartbeat IPC: 0.7397 cumulative IPC: 0.7464 (Simulation time: 00 hr 51 min 43 sec)
Heartbeat CPU 0 instructions: 40000005 cycles: 32661319 heartbeat IPC: 0.736 cumulative IPC: 0.7405 (Simulation time: 00 hr 51 min 46 sec)
Heartbeat CPU 3 instructions: 40000005 cycles: 32707872 heartbeat IPC: 0.7391 cumulative IPC: 0.7528 (Simulation time: 00 hr 51 min 51 sec)
Heartbeat CPU 2 instructions: 40000005 cycles: 32724791 heartbeat IPC: 0.7383 cumulative IPC: 0.7479 (Simulation time: 00 hr 51 min 53 sec)
Heartbeat CPU 4 instructions: 40000005 cycles: 32832312 heartbeat IPC: 0.7386 cumulative IPC: 0.7516 (Simulation time: 00 hr 52 min 07 sec)
Heartbeat CPU 6 instructions: 40000005 cycles: 32855692 heartbeat IPC: 0.74 cumulative IPC: 0.7568 (Simulation time: 00 hr 52 min 11 sec)
Heartbeat CPU 5 instructions: 40000005 cycles: 32887893 heartbeat IPC: 0.739 cumulative IPC: 0.7525 (Simulation time: 00 hr 52 min 15 sec)
num evicts: 8700000, p: 220879, s: 1608038 	 max proactive lookup: 16, max shadow lookup: 16
	evict counters: 128 128 128 128 128 128 128 128 128 128 128 128 128 128 128 128
	eager counters: 128 128 128 128 128 128 128 128 128 128 128 128 128 128 128 128
num evicts: 8800000, p: 223764, s: 1633326 	 max proactive lookup: 16, max shadow lookup: 16
	evict counters: 128 128 128 128 128 128 128 128 128 128 128 128 128 128 128 128
	eager counters: 128 128 128 128 128 128 128 128 128 128 128 128 128 128 128 128
num evicts: 8900000, p: 227294, s: 1657551 	 max proactive lookup: 16, max shadow lookup: 16
	evict counters: 128 128 128 128 128 128 128 128 128 128 128 128 128 128 128 128
	eager counters: 128 128 128 128 128 128 128 128 128 128 128 128 128 128 128 128
num evicts: 9000000, p: 230455, s: 1677477 	 max proactive lookup: 16, max shadow lookup: 16
	evict counters: 128 128 128 128 128 128 128 128 128 128 128 128 128 128 128 128
	eager counters: 128 128 128 128 128 128 128 128 128 128 128 128 128 128 128 128
num evicts: 9100000, p: 233723, s: 1700586 	 max proactive lookup: 16, max shadow lookup: 16
	evict counters: 128 128 128 128 128 128 128 128 128 128 128 128 128 128 128 128
	eager counters: 128 128 128 128 128 128 128 128 128 128 128 128 128 128 128 128
num evicts: 9200000, p: 237968, s: 1728442 	 max proactive lookup: 16, max shadow lookup: 16
	evict counters: 128 128 128 128 128 128 128 128 128 128 128 128 128 128 128 128
	eager counters: 128 128 128 128 128 128 128 128 128 128 128 128 128 128 128 128
Heartbeat CPU 7 instructions: 50000009 cycles: 40886567 heartbeat IPC: 1.155 cumulative IPC: 0.8727 (Simulation time: 01 hr 03 min 34 sec)
num evicts: 9300000, p: 242490, s: 1754675 	 max proactive lookup: 16, max shadow lookup: 16
	evict counters: 128 128 128 128 128 128 128 128 128 128 128 128 128 128 128 128
	eager counters: 128 128 128 128 128 128 128 128 128 128 128 128 128 128 128 128
Heartbeat CPU 1 instructions: 50000006 cycles: 41892418 heartbeat IPC: 1.08 cumulative IPC: 0.8534 (Simulation time: 01 hr 04 min 47 sec)
Heartbeat CPU 0 instructions: 50000006 cycles: 41960312 heartbeat IPC: 1.075 cumulative IPC: 0.8482 (Simulation time: 01 hr 04 min 53 sec)
Heartbeat CPU 3 instructions: 50000009 cycles: 41985585 heartbeat IPC: 1.078 cumulative IPC: 0.857 (Simulation time: 01 hr 04 min 55 sec)
Heartbeat CPU 2 instructions: 50000009 cycles: 42012522 heartbeat IPC: 1.077 cumulative IPC: 0.8533 (Simulation time: 01 hr 04 min 58 sec)
Heartbeat CPU 6 instructions: 50000009 cycles: 42014561 heartbeat IPC: 1.092 cumulative IPC: 0.8627 (Simulation time: 01 hr 04 min 58 sec)
Heartbeat CPU 4 instructions: 50000009 cycles: 42074974 heartbeat IPC: 1.082 cumulative IPC: 0.8568 (Simulation time: 01 hr 05 min 04 sec)
Heartbeat CPU 5 instructions: 50000009 cycles: 42113672 heartbeat IPC: 1.084 cumulative IPC: 0.8576 (Simulation time: 01 hr 05 min 07 sec)
num evicts: 9400000, p: 250024, s: 1781497 	 max proactive lookup: 16, max shadow lookup: 16
	evict counters: 128 128 128 128 128 128 128 128 128 128 128 128 128 128 128 128
	eager counters: 128 128 128 128 128 128 128 128 128 128 128 128 128 128 128 128
num evicts: 9500000, p: 255076, s: 1807710 	 max proactive lookup: 16, max shadow lookup: 16
	evict counters: 128 128 128 128 128 128 128 128 128 128 128 128 128 128 128 128
	eager counters: 128 128 128 128 128 128 128 128 128 128 128 128 128 128 128 128
num evicts: 9600000, p: 259874, s: 1829394 	 max proactive lookup: 16, max shadow lookup: 16
	evict counters: 128 128 128 128 128 128 128 128 128 128 128 128 128 128 128 128
	eager counters: 128 128 128 128 128 128 128 128 128 128 128 128 128 128 128 128
num evicts: 9700000, p: 263152, s: 1851402 	 max proactive lookup: 16, max shadow lookup: 16
	evict counters: 128 128 128 128 128 128 128 128 128 128 128 128 128 128 128 128
	eager counters: 128 128 128 128 128 128 128 128 128 128 128 128 128 128 128 128
num evicts: 9800000, p: 266558, s: 1875575 	 max proactive lookup: 16, max shadow lookup: 16
	evict counters: 128 128 128 128 128 128 128 128 128 128 128 128 128 128 128 128
	eager counters: 128 128 128 128 128 128 128 128 128 128 128 128 128 128 128 128
num evicts: 9900000, p: 270216, s: 1894518 	 max proactive lookup: 16, max shadow lookup: 16
	evict counters: 128 128 128 128 128 128 128 128 128 128 128 128 128 128 128 128
	eager counters: 128 128 128 128 128 128 128 128 128 128 128 128 128 128 128 128
num evicts: 10000000, p: 273473, s: 1913833 	 max proactive lookup: 16, max shadow lookup: 16
	evict counters: 128 128 128 128 128 128 128 128 128 128 128 128 128 128 128 128
	eager counters: 128 128 128 128 128 128 128 128 128 128 128 128 128 128 128 128
num evicts: 10100000, p: 276843, s: 1934755 	 max proactive lookup: 16, max shadow lookup: 16
	evict counters: 128 128 128 128 128 128 128 128 128 128 128 128 128 128 128 128
	eager counters: 128 128 128 128 128 128 128 128 128 128 128 128 128 128 128 128
num evicts: 10200000, p: 280196, s: 1960312 	 max proactive lookup: 16, max shadow lookup: 16
	evict counters: 128 128 128 128 128 128 128 128 128 128 128 128 128 128 128 128
	eager counters: 128 128 128 128 128 128 128 128 128 128 128 128 128 128 128 128
num evicts: 10300000, p: 284337, s: 1983427 	 max proactive lookup: 16, max shadow lookup: 16
	evict counters: 128 128 128 128 128 128 128 128 128 128 128 128 128 128 128 128
	eager counters: 128 128 128 128 128 128 128 128 128 128 128 128 128 128 128 128
num evicts: 10400000, p: 287895, s: 2001337 	 max proactive lookup: 16, max shadow lookup: 16
	evict counters: 128 128 128 128 128 128 128 128 128 128 128 128 128 128 128 128
	eager counters: 128 128 128 128 128 128 128 128 128 128 128 128 128 128 128 128
Heartbeat CPU 7 instructions: 60000010 cycles: 55659079 heartbeat IPC: 0.6769 cumulative IPC: 0.8049 (Simulation time: 01 hr 21 min 45 sec)
num evicts: 10500000, p: 290521, s: 2016491 	 max proactive lookup: 16, max shadow lookup: 16
	evict counters: 128 128 128 128 128 128 128 128 128 128 128 128 128 128 128 128
	eager counters: 128 128 128 128 128 128 128 128 128 128 128 128 128 128 128 128
Heartbeat CPU 1 instructions: 60000010 cycles: 56823089 heartbeat IPC: 0.6698 cumulative IPC: 0.7908 (Simulation time: 01 hr 23 min 09 sec)
Heartbeat CPU 3 instructions: 60000009 cycles: 56850235 heartbeat IPC: 0.6727 cumulative IPC: 0.7945 (Simulation time: 01 hr 23 min 11 sec)
Heartbeat CPU 6 instructions: 60000010 cycles: 56864960 heartbeat IPC: 0.6734 cumulative IPC: 0.7985 (Simulation time: 01 hr 23 min 12 sec)
Heartbeat CPU 0 instructions: 60000009 cycles: 56868316 heartbeat IPC: 0.6708 cumulative IPC: 0.7878 (Simulation time: 01 hr 23 min 12 sec)
Heartbeat CPU 2 instructions: 60000009 cycles: 56920881 heartbeat IPC: 0.6708 cumulative IPC: 0.7913 (Simulation time: 01 hr 23 min 16 sec)
Heartbeat CPU 4 instructions: 60000010 cycles: 56939034 heartbeat IPC: 0.6728 cumulative IPC: 0.7945 (Simulation time: 01 hr 23 min 17 sec)
Heartbeat CPU 5 instructions: 60000010 cycles: 56967914 heartbeat IPC: 0.6732 cumulative IPC: 0.7953 (Simulation time: 01 hr 23 min 19 sec)
num evicts: 10600000, p: 292448, s: 2031420 	 max proactive lookup: 16, max shadow lookup: 16
	evict counters: 128 128 128 128 128 128 128 128 128 128 128 128 128 128 128 128
	eager counters: 128 128 128 128 128 128 128 128 128 128 128 128 128 128 128 128
num evicts: 10700000, p: 293953, s: 2045645 	 max proactive lookup: 16, max shadow lookup: 16
	evict counters: 128 128 128 128 128 128 128 128 128 128 128 128 128 128 128 128
	eager counters: 128 128 128 128 128 128 128 128 128 128 128 128 128 128 128 128
num evicts: 10800000, p: 295669, s: 2062807 	 max proactive lookup: 16, max shadow lookup: 16
	evict counters: 128 128 128 128 128 128 128 128 128 128 128 128 128 128 128 128
	eager counters: 128 128 128 128 128 128 128 128 128 128 128 128 128 128 128 128
num evicts: 10900000, p: 297427, s: 2078601 	 max proactive lookup: 16, max shadow lookup: 16
	evict counters: 128 128 128 128 128 128 128 128 128 128 128 128 128 128 128 128
	eager counters: 128 128 128 128 128 128 128 128 128 128 128 128 128 128 128 128
num evicts: 11000000, p: 299916, s: 2097810 	 max proactive lookup: 16, max shadow lookup: 16
	evict counters: 128 128 128 128 128 128 128 128 128 128 128 128 128 128 128 128
	eager counters: 128 128 128 128 128 128 128 128 128 128 128 128 128 128 128 128
num evicts: 11100000, p: 303980, s: 2125576 	 max proactive lookup: 16, max shadow lookup: 16
	evict counters: 128 128 128 128 128 128 128 128 128 128 128 128 128 128 128 128
	eager counters: 128 128 128 128 128 128 128 128 128 128 128 128 128 128 128 128
num evicts: 11200000, p: 309410, s: 2157634 	 max proactive lookup: 16, max shadow lookup: 16
	evict counters: 128 128 128 128 128 128 128 128 128 128 128 128 128 128 128 128
	eager counters: 128 128 128 128 128 128 128 128 128 128 128 128 128 128 128 128
num evicts: 11300000, p: 315757, s: 2191594 	 max proactive lookup: 16, max shadow lookup: 16
	evict counters: 128 128 128 128 128 128 128 128 128 128 128 128 128 128 128 128
	eager counters: 128 128 128 128 128 128 128 128 128 128 128 128 128 128 128 128
Heartbeat CPU 7 instructions: 70000013 cycles: 66375051 heartbeat IPC: 0.9332 cumulative IPC: 0.8307 (Simulation time: 01 hr 34 min 44 sec)
num evicts: 11400000, p: 324495, s: 2226252 	 max proactive lookup: 16, max shadow lookup: 16
	evict counters: 128 128 128 128 128 128 128 128 128 128 128 128 128 128 128 128
	eager counters: 128 128 128 128 128 128 128 128 128 128 128 128 128 128 128 128
Heartbeat CPU 1 instructions: 70000013 cycles: 68013625 heartbeat IPC: 0.8936 cumulative IPC: 0.8117 (Simulation time: 01 hr 37 min 59 sec)
Heartbeat CPU 3 instructions: 70000013 cycles: 68054860 heartbeat IPC: 0.8925 cumulative IPC: 0.8144 (Simulation time: 01 hr 38 min 04 sec)
Heartbeat CPU 6 instructions: 70000013 cycles: 68097544 heartbeat IPC: 0.8903 cumulative IPC: 0.8173 (Simulation time: 01 hr 38 min 09 sec)
Heartbeat CPU 0 instructions: 70000013 cycles: 68099724 heartbeat IPC: 0.8904 cumulative IPC: 0.8087 (Simulation time: 01 hr 38 min 10 sec)
Heartbeat CPU 4 instructions: 70000013 cycles: 68121550 heartbeat IPC: 0.8943 cumulative IPC: 0.8147 (Simulation time: 01 hr 38 min 13 sec)
Heartbeat CPU 2 instructions: 70000013 cycles: 68171916 heartbeat IPC: 0.8888 cumulative IPC: 0.8112 (Simulation time: 01 hr 38 min 18 sec)
Heartbeat CPU 5 instructions: 70000013 cycles: 68211953 heartbeat IPC: 0.8894 cumulative IPC: 0.8144 (Simulation time: 01 hr 38 min 23 sec)
num evicts: 11500000, p: 332612, s: 2256060 	 max proactive lookup: 16, max shadow lookup: 16
	evict counters: 128 128 128 128 128 128 128 128 128 128 128 128 128 128 128 128
	eager counters: 128 128 128 128 128 128 128 128 128 128 128 128 128 128 128 128
num evicts: 11600000, p: 338762, s: 2280693 	 max proactive lookup: 16, max shadow lookup: 16
	evict counters: 128 128 128 128 128 128 128 128 128 128 128 128 128 128 128 128
	eager counters: 128 128 128 128 128 128 128 128 128 128 128 128 128 128 128 128
num evicts: 11700000, p: 343850, s: 2301527 	 max proactive lookup: 16, max shadow lookup: 16
	evict counters: 128 128 128 128 128 128 128 128 128 128 128 128 128 128 128 128
	eager counters: 128 128 128 128 128 128 128 128 128 128 128 128 128 128 128 128
Heartbeat CPU 7 instructions: 80000016 cycles: 73176690 heartbeat IPC: 1.47 cumulative IPC: 0.903 (Simulation time: 01 hr 46 min 11 sec)
num evicts: 11800000, p: 347729, s: 2319370 	 max proactive lookup: 16, max shadow lookup: 16
	evict counters: 128 128 128 128 128 128 128 128 128 128 128 128 128 128 128 128
	eager counters: 128 128 128 128 128 128 128 128 128 128 128 128 128 128 128 128
num evicts: 11900000, p: 351269, s: 2338366 	 max proactive lookup: 16, max shadow lookup: 16
	evict counters: 128 128 128 128 128 128 128 128 128 128 128 128 128 128 128 128
	eager counters: 128 128 128 128 128 128 128 128 128 128 128 128 128 128 128 128
Heartbeat CPU 1 instructions: 80000016 cycles: 74992224 heartbeat IPC: 1.433 cumulative IPC: 0.8817 (Simulation time: 01 hr 48 min 51 sec)
Heartbeat CPU 3 instructions: 80000016 cycles: 75002228 heartbeat IPC: 1.439 cumulative IPC: 0.8845 (Simulation time: 01 hr 48 min 53 sec)
Heartbeat CPU 6 instructions: 80000016 cycles: 75060365 heartbeat IPC: 1.436 cumulative IPC: 0.8867 (Simulation time: 01 hr 49 min 01 sec)
Heartbeat CPU 0 instructions: 80000016 cycles: 75074316 heartbeat IPC: 1.434 cumulative IPC: 0.879 (Simulation time: 01 hr 49 min 03 sec)
Heartbeat CPU 4 instructions: 80000016 cycles: 75105681 heartbeat IPC: 1.432 cumulative IPC: 0.8842 (Simulation time: 01 hr 49 min 08 sec)
Heartbeat CPU 2 instructions: 80000016 cycles: 75133979 heartbeat IPC: 1.436 cumulative IPC: 0.8813 (Simulation time: 01 hr 49 min 12 sec)
Heartbeat CPU 5 instructions: 80000016 cycles: 75169644 heartbeat IPC: 1.437 cumulative IPC: 0.8842 (Simulation time: 01 hr 49 min 17 sec)
num evicts: 12000000, p: 355303, s: 2365670 	 max proactive lookup: 16, max shadow lookup: 16
	evict counters: 128 128 128 128 128 128 128 128 128 128 128 128 128 128 128 128
	eager counters: 128 128 128 128 128 128 128 128 128 128 128 128 128 128 128 128
num evicts: 12100000, p: 359683, s: 2392985 	 max proactive lookup: 16, max shadow lookup: 16
	evict counters: 128 128 128 128 128 128 128 128 128 128 128 128 128 128 128 128
	eager counters: 128 128 128 128 128 128 128 128 128 128 128 128 128 128 128 128
num evicts: 12200000, p: 363593, s: 2415274 	 max proactive lookup: 16, max shadow lookup: 16
	evict counters: 128 128 128 128 128 128 128 128 128 128 128 128 128 128 128 128
	eager counters: 128 128 128 128 128 128 128 128 128 128 128 128 128 128 128 128
num evicts: 12300000, p: 367369, s: 2436666 	 max proactive lookup: 16, max shadow lookup: 16
	evict counters: 128 128 128 128 128 128 128 128 128 128 128 128 128 128 128 128
	eager counters: 128 128 128 128 128 128 128 128 128 128 128 128 128 128 128 128
Heartbeat CPU 7 instructions: 90000018 cycles: 81575988 heartbeat IPC: 1.191 cumulative IPC: 0.9382 (Simulation time: 01 hr 58 min 33 sec)
num evicts: 12400000, p: 370044, s: 2455729 	 max proactive lookup: 16, max shadow lookup: 16
	evict counters: 128 128 128 128 128 128 128 128 128 128 128 128 128 128 128 128
	eager counters: 128 128 128 128 128 128 128 128 128 128 128 128 128 128 128 128
num evicts: 12500000, p: 373023, s: 2480022 	 max proactive lookup: 16, max shadow lookup: 16
	evict counters: 128 128 128 128 128 128 128 128 128 128 128 128 128 128 128 128
	eager counters: 128 128 128 128 128 128 128 128 128 128 128 128 128 128 128 128
num evicts: 12600000, p: 375665, s: 2506606 	 max proactive lookup: 16, max shadow lookup: 16
	evict counters: 128 128 128 128 128 128 128 128 128 128 128 128 128 128 128 128
	eager counters: 128 128 128 128 128 128 128 128 128 128 128 128 128 128 128 128
Heartbeat CPU 3 instructions: 90000017 cycles: 84645654 heartbeat IPC: 1.037 cumulative IPC: 0.905 (Simulation time: 02 hr 02 min 05 sec)
Heartbeat CPU 1 instructions: 90000018 cycles: 84668462 heartbeat IPC: 1.033 cumulative IPC: 0.9022 (Simulation time: 02 hr 02 min 07 sec)
Heartbeat CPU 6 instructions: 90000020 cycles: 84762798 heartbeat IPC: 1.031 cumulative IPC: 0.9062 (Simulation time: 02 hr 02 min 14 sec)
Heartbeat CPU 0 instructions: 90000016 cycles: 84766297 heartbeat IPC: 1.032 cumulative IPC: 0.8997 (Simulation time: 02 hr 02 min 15 sec)
Heartbeat CPU 4 instructions: 90000017 cycles: 84789840 heartbeat IPC: 1.033 cumulative IPC: 0.9042 (Simulation time: 02 hr 02 min 17 sec)
Heartbeat CPU 2 instructions: 90000017 cycles: 84848353 heartbeat IPC: 1.029 cumulative IPC: 0.9013 (Simulation time: 02 hr 02 min 22 sec)
Heartbeat CPU 5 instructions: 90000017 cycles: 84876048 heartbeat IPC: 1.03 cumulative IPC: 0.9039 (Simulation time: 02 hr 02 min 24 sec)
num evicts: 12700000, p: 377769, s: 2528235 	 max proactive lookup: 16, max shadow lookup: 16
	evict counters: 128 128 128 128 128 128 128 128 128 128 128 128 128 128 128 128
	eager counters: 128 128 128 128 128 128 128 128 128 128 128 128 128 128 128 128
num evicts: 12800000, p: 380476, s: 2553406 	 max proactive lookup: 16, max shadow lookup: 16
	evict counters: 128 128 128 128 128 128 128 128 128 128 128 128 128 128 128 128
	eager counters: 128 128 128 128 128 128 128 128 128 128 128 128 128 128 128 128
num evicts: 12900000, p: 384262, s: 2582383 	 max proactive lookup: 16, max shadow lookup: 16
	evict counters: 128 128 128 128 128 128 128 128 128 128 128 128 128 128 128 128
	eager counters: 128 128 128 128 128 128 128 128 128 128 128 128 128 128 128 128
num evicts: 13000000, p: 389002, s: 2612769 	 max proactive lookup: 16, max shadow lookup: 16
	evict counters: 128 128 128 128 128 128 128 128 128 128 128 128 128 128 128 128
	eager counters: 128 128 128 128 128 128 128 128 128 128 128 128 128 128 128 128
num evicts: 13100000, p: 394579, s: 2644036 	 max proactive lookup: 16, max shadow lookup: 16
	evict counters: 128 128 128 128 128 128 128 128 128 128 128 128 128 128 128 128
	eager counters: 128 128 128 128 128 128 128 128 128 128 128 128 128 128 128 128
num evicts: 13200000, p: 400416, s: 2673403 	 max proactive lookup: 16, max shadow lookup: 16
	evict counters: 128 128 128 128 128 128 128 128 128 128 128 128 128 128 128 128
	eager counters: 128 128 128 128 128 128 128 128 128 128 128 128 128 128 128 128
Heartbeat CPU 7 instructions: 100000022 cycles: 92815689 heartbeat IPC: 0.8897 cumulative IPC: 0.9314 (Simulation time: 02 hr 12 min 49 sec)
num evicts: 13300000, p: 406351, s: 2712489 	 max proactive lookup: 16, max shadow lookup: 16
	evict counters: 128 128 128 128 128 128 128 128 128 128 128 128 128 128 128 128
	eager counters: 128 128 128 128 128 128 128 128 128 128 128 128 128 128 128 128
num evicts: 13400000, p: 414210, s: 2752021 	 max proactive lookup: 16, max shadow lookup: 16
	evict counters: 128 128 128 128 128 128 128 128 128 128 128 128 128 128 128 128
	eager counters: 128 128 128 128 128 128 128 128 128 128 128 128 128 128 128 128
Heartbeat CPU 3 instructions: 100000017 cycles: 96185007 heartbeat IPC: 0.8666 cumulative IPC: 0.8997 (Simulation time: 02 hr 17 min 22 sec)
Heartbeat CPU 1 instructions: 100000022 cycles: 96268704 heartbeat IPC: 0.8621 cumulative IPC: 0.8966 (Simulation time: 02 hr 17 min 29 sec)
Heartbeat CPU 4 instructions: 100000017 cycles: 96398369 heartbeat IPC: 0.8614 cumulative IPC: 0.8982 (Simulation time: 02 hr 17 min 39 sec)
Heartbeat CPU 0 instructions: 100000017 cycles: 96401874 heartbeat IPC: 0.8594 cumulative IPC: 0.894 (Simulation time: 02 hr 17 min 40 sec)
Heartbeat CPU 2 instructions: 100000017 cycles: 96417308 heartbeat IPC: 0.8644 cumulative IPC: 0.8962 (Simulation time: 02 hr 17 min 41 sec)
Heartbeat CPU 5 instructions: 100000017 cycles: 96427451 heartbeat IPC: 0.8657 cumulative IPC: 0.8986 (Simulation time: 02 hr 17 min 42 sec)
Heartbeat CPU 6 instructions: 100000021 cycles: 96445370 heartbeat IPC: 0.856 cumulative IPC: 0.8992 (Simulation time: 02 hr 17 min 43 sec)
num evicts: 13500000, p: 426717, s: 2782409 	 max proactive lookup: 16, max shadow lookup: 16
	evict counters: 128 128 128 128 128 128 128 128 128 128 128 128 128 128 128 128
	eager counters: 128 128 128 128 128 128 128 128 128 128 128 128 128 128 128 128
num evicts: 13600000, p: 438140, s: 2820196 	 max proactive lookup: 16, max shadow lookup: 16
	evict counters: 128 128 128 128 128 128 128 128 128 128 128 128 128 128 128 128
	eager counters: 128 128 128 128 128 128 128 128 128 128 128 128 128 128 128 128
num evicts: 13700000, p: 448658, s: 2853405 	 max proactive lookup: 16, max shadow lookup: 16
	evict counters: 128 128 128 128 128 128 128 128 128 128 128 128 128 128 128 128
	eager counters: 128 128 128 128 128 128 128 128 128 128 128 128 128 128 128 128
num evicts: 13800000, p: 464112, s: 2890749 	 max proactive lookup: 16, max shadow lookup: 16
	evict counters: 128 128 128 128 128 128 128 128 128 128 128 128 128 128 128 128
	eager counters: 128 128 128 128 128 128 128 128 128 128 128 128 128 128 128 128
num evicts: 13900000, p: 479277, s: 2923146 	 max proactive lookup: 16, max shadow lookup: 16
	evict counters: 128 128 128 128 128 128 128 128 128 128 128 128 128 128 128 128
	eager counters: 128 128 128 128 128 128 128 128 128 128 128 128 128 128 128 128
num evicts: 14000000, p: 494904, s: 2949709 	 max proactive lookup: 16, max shadow lookup: 16
	evict counters: 128 128 128 128 128 128 128 128 128 128 128 128 128 128 128 128
	eager counters: 128 128 128 128 128 128 128 128 128 128 128 128 128 128 128 128
num evicts: 14100000, p: 506338, s: 2980837 	 max proactive lookup: 16, max shadow lookup: 16
	evict counters: 128 128 128 128 128 128 128 128 128 128 128 128 128 128 128 128
	eager counters: 128 128 128 128 128 128 128 128 128 128 128 128 128 128 128 128
num evicts: 14200000, p: 517292, s: 3007054 	 max proactive lookup: 16, max shadow lookup: 16
	evict counters: 128 128 128 128 128 128 128 128 128 128 128 128 128 128 128 128
	eager counters: 128 128 128 128 128 128 128 128 128 128 128 128 128 128 128 128
num evicts: 14300000, p: 524826, s: 3044627 	 max proactive lookup: 16, max shadow lookup: 16
	evict counters: 128 128 128 128 128 128 128 128 128 128 128 128 128 128 128 128
	eager counters: 128 128 128 128 128 128 128 128 128 128 128 128 128 128 128 128
num evicts: 14400000, p: 532964, s: 3073566 	 max proactive lookup: 16, max shadow lookup: 16
	evict counters: 128 128 128 128 128 128 128 128 128 128 128 128 128 128 128 128
	eager counters: 128 128 128 128 128 128 128 128 128 128 128 128 128 128 128 128
num evicts: 14500000, p: 538094, s: 3105721 	 max proactive lookup: 16, max shadow lookup: 16
	evict counters: 128 128 128 128 128 128 128 128 128 128 128 128 128 128 128 128
	eager counters: 128 128 128 128 128 128 128 128 128 128 128 128 128 128 128 128
num evicts: 14600000, p: 548330, s: 3140675 	 max proactive lookup: 16, max shadow lookup: 16
	evict counters: 128 128 128 128 128 128 128 128 128 128 128 128 128 128 128 128
	eager counters: 128 128 128 128 128 128 128 128 128 128 128 128 128 128 128 128
num evicts: 14700000, p: 561429, s: 3171962 	 max proactive lookup: 16, max shadow lookup: 16
	evict counters: 128 128 128 128 128 128 128 128 128 128 128 128 128 128 128 128
	eager counters: 128 128 128 128 128 128 128 128 128 128 128 128 128 128 128 128
Heartbeat CPU 7 instructions: 110000024 cycles: 114220875 heartbeat IPC: 0.4672 cumulative IPC: 0.8332 (Simulation time: 02 hr 37 min 55 sec)
num evicts: 14800000, p: 573802, s: 3211112 	 max proactive lookup: 16, max shadow lookup: 16
	evict counters: 128 128 128 128 128 128 128 128 128 128 128 128 128 128 128 128
	eager counters: 128 128 128 128 128 128 128 128 128 128 128 128 128 128 128 128
num evicts: 14900000, p: 582110, s: 3241585 	 max proactive lookup: 16, max shadow lookup: 16
	evict counters: 128 128 128 128 128 128 128 128 128 128 128 128 128 128 128 128
	eager counters: 128 128 128 128 128 128 128 128 128 128 128 128 128 128 128 128
num evicts: 15000000, p: 595458, s: 3274659 	 max proactive lookup: 16, max shadow lookup: 16
	evict counters: 128 128 128 128 128 128 128 128 128 128 128 128 128 128 128 128
	eager counters: 128 128 128 128 128 128 128 128 128 128 128 128 128 128 128 128
Heartbeat CPU 3 instructions: 110000018 cycles: 118921251 heartbeat IPC: 0.4398 cumulative IPC: 0.801 (Simulation time: 02 hr 43 min 21 sec)
Heartbeat CPU 1 instructions: 110000024 cycles: 119009580 heartbeat IPC: 0.4397 cumulative IPC: 0.7985 (Simulation time: 02 hr 43 min 27 sec)
Heartbeat CPU 5 instructions: 110000019 cycles: 119056033 heartbeat IPC: 0.4419 cumulative IPC: 0.8011 (Simulation time: 02 hr 43 min 30 sec)
Heartbeat CPU 4 instructions: 110000019 cycles: 119060299 heartbeat IPC: 0.4413 cumulative IPC: 0.8006 (Simulation time: 02 hr 43 min 31 sec)
Heartbeat CPU 2 instructions: 110000019 cycles: 119095034 heartbeat IPC: 0.441 cumulative IPC: 0.7988 (Simulation time: 02 hr 43 min 33 sec)
Heartbeat CPU 6 instructions: 110000024 cycles: 119165173 heartbeat IPC: 0.4401 cumulative IPC: 0.8009 (Simulation time: 02 hr 43 min 38 sec)
num evicts: 15100000, p: 607911, s: 3302831 	 max proactive lookup: 16, max shadow lookup: 16
	evict counters: 128 128 128 128 128 128 128 128 128 128 128 128 128 128 128 128
	eager counters: 128 128 128 128 128 128 128 128 128 128 128 128 128 128 128 128
Heartbeat CPU 0 instructions: 110000019 cycles: 119219335 heartbeat IPC: 0.4383 cumulative IPC: 0.7961 (Simulation time: 02 hr 43 min 42 sec)
num evicts: 15200000, p: 618023, s: 3328546 	 max proactive lookup: 16, max shadow lookup: 16
	evict counters: 128 128 128 128 128 128 128 128 128 128 128 128 128 128 128 128
	eager counters: 128 128 128 128 128 128 128 128 128 128 128 128 128 128 128 128
num evicts: 15300000, p: 625183, s: 3350474 	 max proactive lookup: 16, max shadow lookup: 16
	evict counters: 128 128 128 128 128 128 128 128 128 128 128 128 128 128 128 128
	eager counters: 128 128 128 128 128 128 128 128 128 128 128 128 128 128 128 128
num evicts: 15400000, p: 632721, s: 3375749 	 max proactive lookup: 16, max shadow lookup: 16
	evict counters: 128 128 128 128 128 128 128 128 128 128 128 128 128 128 128 128
	eager counters: 128 128 128 128 128 128 128 128 128 128 128 128 128 128 128 128
num evicts: 15500000, p: 639126, s: 3397639 	 max proactive lookup: 16, max shadow lookup: 16
	evict counters: 128 128 128 128 128 128 128 128 128 128 128 128 128 128 128 128
	eager counters: 128 128 128 128 128 128 128 128 128 128 128 128 128 128 128 128
num evicts: 15600000, p: 647099, s: 3429803 	 max proactive lookup: 16, max shadow lookup: 16
	evict counters: 128 128 128 128 128 128 128 128 128 128 128 128 128 128 128 128
	eager counters: 128 128 128 128 128 128 128 128 128 128 128 128 128 128 128 128
num evicts: 15700000, p: 653932, s: 3460236 	 max proactive lookup: 16, max shadow lookup: 16
	evict counters: 128 128 128 128 128 128 128 128 128 128 128 128 128 128 128 128
	eager counters: 128 128 128 128 128 128 128 128 128 128 128 128 128 128 128 128
num evicts: 15800000, p: 659903, s: 3485783 	 max proactive lookup: 16, max shadow lookup: 16
	evict counters: 128 128 128 128 128 128 128 128 128 128 128 128 128 128 128 128
	eager counters: 128 128 128 128 128 128 128 128 128 128 128 128 128 128 128 128
num evicts: 15900000, p: 666034, s: 3515690 	 max proactive lookup: 16, max shadow lookup: 16
	evict counters: 128 128 128 128 128 128 128 128 128 128 128 128 128 128 128 128
	eager counters: 128 128 128 128 128 128 128 128 128 128 128 128 128 128 128 128
Heartbeat CPU 7 instructions: 120000024 cycles: 131097165 heartbeat IPC: 0.5925 cumulative IPC: 0.7988 (Simulation time: 02 hr 57 min 43 sec)
num evicts: 16000000, p: 673373, s: 3543896 	 max proactive lookup: 16, max shadow lookup: 16
	evict counters: 128 128 128 128 128 128 128 128 128 128 128 128 128 128 128 128
	eager counters: 128 128 128 128 128 128 128 128 128 128 128 128 128 128 128 128
num evicts: 16100000, p: 680405, s: 3571887 	 max proactive lookup: 16, max shadow lookup: 16
	evict counters: 128 128 128 128 128 128 128 128 128 128 128 128 128 128 128 128
	eager counters: 128 128 128 128 128 128 128 128 128 128 128 128 128 128 128 128
num evicts: 16200000, p: 686562, s: 3602960 	 max proactive lookup: 16, max shadow lookup: 16
	evict counters: 128 128 128 128 128 128 128 128 128 128 128 128 128 128 128 128
	eager counters: 128 128 128 128 128 128 128 128 128 128 128 128 128 128 128 128
Heartbeat CPU 3 instructions: 120000020 cycles: 135329869 heartbeat IPC: 0.6094 cumulative IPC: 0.7753 (Simulation time: 03 hr 02 min 51 sec)
Heartbeat CPU 2 instructions: 120000019 cycles: 135425770 heartbeat IPC: 0.6123 cumulative IPC: 0.774 (Simulation time: 03 hr 02 min 58 sec)
Heartbeat CPU 1 instructions: 120000024 cycles: 135425811 heartbeat IPC: 0.6092 cumulative IPC: 0.7731 (Simulation time: 03 hr 02 min 58 sec)
Heartbeat CPU 5 instructions: 120000020 cycles: 135434643 heartbeat IPC: 0.6106 cumulative IPC: 0.7756 (Simulation time: 03 hr 02 min 59 sec)
num evicts: 16300000, p: 692983, s: 3633250 	 max proactive lookup: 16, max shadow lookup: 16
	evict counters: 128 128 128 128 128 128 128 128 128 128 128 128 128 128 128 128
	eager counters: 128 128 128 128 128 128 128 128 128 128 128 128 128 128 128 128
Heartbeat CPU 4 instructions: 120000019 cycles: 135502222 heartbeat IPC: 0.6082 cumulative IPC: 0.7747 (Simulation time: 03 hr 03 min 04 sec)
Heartbeat CPU 0 instructions: 120000020 cycles: 135625804 heartbeat IPC: 0.6095 cumulative IPC: 0.7711 (Simulation time: 03 hr 03 min 13 sec)
Heartbeat CPU 6 instructions: 120000024 cycles: 135654066 heartbeat IPC: 0.6065 cumulative IPC: 0.7748 (Simulation time: 03 hr 03 min 15 sec)
num evicts: 16400000, p: 699760, s: 3663363 	 max proactive lookup: 16, max shadow lookup: 16
	evict counters: 128 128 128 128 128 128 128 128 128 128 128 128 128 128 128 128
	eager counters: 128 128 128 128 128 128 128 128 128 128 128 128 128 128 128 128
num evicts: 16500000, p: 704487, s: 3696359 	 max proactive lookup: 16, max shadow lookup: 16
	evict counters: 128 128 128 128 128 128 128 128 128 128 128 128 128 128 128 128
	eager counters: 128 128 128 128 128 128 128 128 128 128 128 128 128 128 128 128
Simulation finished CPU 7 instructions: 100000000 cycles: 125788798 cumulative IPC: 0.795 (Simulation time: 03 hr 07 min 09 sec)
num evicts: 16600000, p: 710309, s: 3724219 	 max proactive lookup: 16, max shadow lookup: 16
	evict counters: 128 128 128 128 128 128 128 128 128 128 128 128 128 128 128 128
	eager counters: 128 128 128 128 128 128 128 128 128 128 128 128 128 128 128 128
num evicts: 16700000, p: 715240, s: 3751072 	 max proactive lookup: 16, max shadow lookup: 16
	evict counters: 128 128 128 128 128 128 128 128 128 128 128 128 128 128 128 128
	eager counters: 128 128 128 128 128 128 128 128 128 128 128 128 128 128 128 128
Simulation finished CPU 5 instructions: 100000000 cycles: 129323012 cumulative IPC: 0.7733 (Simulation time: 03 hr 11 min 29 sec)
Simulation finished CPU 3 instructions: 100000000 cycles: 129390327 cumulative IPC: 0.7729 (Simulation time: 03 hr 11 min 34 sec)
num evicts: 16800000, p: 721413, s: 3782454 	 max proactive lookup: 16, max shadow lookup: 16
	evict counters: 128 128 128 128 128 128 128 128 128 128 128 128 128 128 128 128
	eager counters: 128 128 128 128 128 128 128 128 128 128 128 128 128 128 128 128
Simulation finished CPU 4 instructions: 100000001 cycles: 129529765 cumulative IPC: 0.772 (Simulation time: 03 hr 11 min 43 sec)
Simulation finished CPU 6 instructions: 100000001 cycles: 129551333 cumulative IPC: 0.7719 (Simulation time: 03 hr 11 min 45 sec)
Simulation finished CPU 2 instructions: 100000003 cycles: 129772613 cumulative IPC: 0.7706 (Simulation time: 03 hr 12 min 00 sec)
Simulation finished CPU 1 instructions: 100000000 cycles: 129788533 cumulative IPC: 0.7705 (Simulation time: 03 hr 12 min 01 sec)
Simulation finished CPU 0 instructions: 100000001 cycles: 130067994 cumulative IPC: 0.7688 (Simulation time: 03 hr 12 min 28 sec)
Simulation complete CPU 7 instructions: 104211421 cycles: 130067994 cumulative IPC: 0.8012 (Simulation time: 03 hr 12 min 28 sec)
Simulation complete CPU 6 instructions: 100417458 cycles: 130067994 cumulative IPC: 0.772 (Simulation time: 03 hr 12 min 28 sec)
Simulation complete CPU 5 instructions: 100791279 cycles: 130067994 cumulative IPC: 0.7749 (Simulation time: 03 hr 12 min 28 sec)
Simulation complete CPU 4 instructions: 100571854 cycles: 130067994 cumulative IPC: 0.7732 (Simulation time: 03 hr 12 min 28 sec)
Simulation complete CPU 3 instructions: 100951598 cycles: 130067994 cumulative IPC: 0.7761 (Simulation time: 03 hr 12 min 28 sec)
Simulation complete CPU 2 instructions: 100607621 cycles: 130067994 cumulative IPC: 0.7735 (Simulation time: 03 hr 12 min 28 sec)
Simulation complete CPU 1 instructions: 100599011 cycles: 130067994 cumulative IPC: 0.7734 (Simulation time: 03 hr 12 min 28 sec)
Simulation complete CPU 0 instructions: 100000001 cycles: 130067994 cumulative IPC: 0.7688 (Simulation time: 03 hr 12 min 28 sec)

ChampSim completed all CPUs

=== Simulation ===
CPU 0 runs TRACES/ctf/google/charlie.champsim.trace.gz
CPU 1 runs TRACES/ctf/google/charlie.champsim.trace.gz
CPU 2 runs TRACES/ctf/google/charlie.champsim.trace.gz
CPU 3 runs TRACES/ctf/google/charlie.champsim.trace.gz
CPU 4 runs TRACES/ctf/google/charlie.champsim.trace.gz
CPU 5 runs TRACES/ctf/google/charlie.champsim.trace.gz
CPU 6 runs TRACES/ctf/google/charlie.champsim.trace.gz
CPU 7 runs TRACES/ctf/google/charlie.champsim.trace.gz

Total Simulation Statistics (not including warmup)

CPU 7 cumulative IPC: 0.8012 instructions: 104211421 cycles: 130067994
CPU 7 Branch Prediction Accuracy: 100% MPKI: 0 Average ROB Occupancy at Mispredict: -
Branch type MPKI
BRANCH_DIRECT_JUMP: 0
BRANCH_INDIRECT: 0
BRANCH_CONDITIONAL: 0
BRANCH_DIRECT_CALL: 0
BRANCH_INDIRECT_CALL: 0
BRANCH_RETURN: 0


CPU 6 cumulative IPC: 0.772 instructions: 100417458 cycles: 130067994
CPU 6 Branch Prediction Accuracy: 100% MPKI: 0 Average ROB Occupancy at Mispredict: -
Branch type MPKI
BRANCH_DIRECT_JUMP: 0
BRANCH_INDIRECT: 0
BRANCH_CONDITIONAL: 0
BRANCH_DIRECT_CALL: 0
BRANCH_INDIRECT_CALL: 0
BRANCH_RETURN: 0


CPU 5 cumulative IPC: 0.7749 instructions: 100791279 cycles: 130067994
CPU 5 Branch Prediction Accuracy: 100% MPKI: 0 Average ROB Occupancy at Mispredict: -
Branch type MPKI
BRANCH_DIRECT_JUMP: 0
BRANCH_INDIRECT: 0
BRANCH_CONDITIONAL: 0
BRANCH_DIRECT_CALL: 0
BRANCH_INDIRECT_CALL: 0
BRANCH_RETURN: 0


CPU 4 cumulative IPC: 0.7732 instructions: 100571854 cycles: 130067994
CPU 4 Branch Prediction Accuracy: 100% MPKI: 0 Average ROB Occupancy at Mispredict: -
Branch type MPKI
BRANCH_DIRECT_JUMP: 0
BRANCH_INDIRECT: 0
BRANCH_CONDITIONAL: 0
BRANCH_DIRECT_CALL: 0
BRANCH_INDIRECT_CALL: 0
BRANCH_RETURN: 0


CPU 3 cumulative IPC: 0.7761 instructions: 100951598 cycles: 130067994
CPU 3 Branch Prediction Accuracy: 100% MPKI: 0 Average ROB Occupancy at Mispredict: -
Branch type MPKI
BRANCH_DIRECT_JUMP: 0
BRANCH_INDIRECT: 0
BRANCH_CONDITIONAL: 0
BRANCH_DIRECT_CALL: 0
BRANCH_INDIRECT_CALL: 0
BRANCH_RETURN: 0


CPU 2 cumulative IPC: 0.7735 instructions: 100607621 cycles: 130067994
CPU 2 Branch Prediction Accuracy: 100% MPKI: 0 Average ROB Occupancy at Mispredict: -
Branch type MPKI
BRANCH_DIRECT_JUMP: 0
BRANCH_INDIRECT: 0
BRANCH_CONDITIONAL: 0
BRANCH_DIRECT_CALL: 0
BRANCH_INDIRECT_CALL: 0
BRANCH_RETURN: 0


CPU 1 cumulative IPC: 0.7734 instructions: 100599011 cycles: 130067994
CPU 1 Branch Prediction Accuracy: 100% MPKI: 0 Average ROB Occupancy at Mispredict: -
Branch type MPKI
BRANCH_DIRECT_JUMP: 0
BRANCH_INDIRECT: 0
BRANCH_CONDITIONAL: 0
BRANCH_DIRECT_CALL: 0
BRANCH_INDIRECT_CALL: 0
BRANCH_RETURN: 0


CPU 0 cumulative IPC: 0.7688 instructions: 100000001 cycles: 130067994
CPU 0 Branch Prediction Accuracy: 100% MPKI: 0 Average ROB Occupancy at Mispredict: -
Branch type MPKI
BRANCH_DIRECT_JUMP: 0
BRANCH_INDIRECT: 0
BRANCH_CONDITIONAL: 0
BRANCH_DIRECT_CALL: 0
BRANCH_INDIRECT_CALL: 0
BRANCH_RETURN: 0

cpu7->cpu7_STLB TOTAL        ACCESS:     353275 HIT:     352925 MISS:        350 MSHR_MERGE:          0
cpu7->cpu7_STLB LOAD         ACCESS:     353275 HIT:     352925 MISS:        350 MSHR_MERGE:          0
cpu7->cpu7_STLB RFO          ACCESS:          0 HIT:          0 MISS:          0 MSHR_MERGE:          0
cpu7->cpu7_STLB PREFETCH     ACCESS:          0 HIT:          0 MISS:          0 MSHR_MERGE:          0
cpu7->cpu7_STLB WRITE        ACCESS:          0 HIT:          0 MISS:          0 MSHR_MERGE:          0
cpu7->cpu7_STLB TRANSLATION  ACCESS:          0 HIT:          0 MISS:          0 MSHR_MERGE:          0
cpu7->cpu7_STLB PREFETCH REQUESTED:          0 ISSUED:          0 USEFUL:          0 USELESS:          0
cpu7->cpu7_STLB AVERAGE MISS LATENCY: 592.3 cycles
cpu7->cpu7_L2C TOTAL        ACCESS:    2933908 HIT:    1466573 MISS:    1467335 MSHR_MERGE:          0
cpu7->cpu7_L2C LOAD         ACCESS:    1815422 HIT:     731736 MISS:    1083686 MSHR_MERGE:          0
cpu7->cpu7_L2C RFO          ACCESS:     428172 HIT:      46082 MISS:     382090 MSHR_MERGE:          0
cpu7->cpu7_L2C PREFETCH     ACCESS:          0 HIT:          0 MISS:          0 MSHR_MERGE:          0
cpu7->cpu7_L2C WRITE        ACCESS:     689911 HIT:     688732 MISS:       1179 MSHR_MERGE:          0
cpu7->cpu7_L2C TRANSLATION  ACCESS:        403 HIT:         23 MISS:        380 MSHR_MERGE:          0
cpu7->cpu7_L2C PREFETCH REQUESTED:          0 ISSUED:          0 USEFUL:          0 USELESS:          0
cpu7->cpu7_L2C AVERAGE MISS LATENCY: 342.4 cycles
cpu7->cpu7_L1I TOTAL        ACCESS:   19617224 HIT:   18256277 MISS:    1360947 MSHR_MERGE:     644369
cpu7->cpu7_L1I LOAD         ACCESS:   19617224 HIT:   18256277 MISS:    1360947 MSHR_MERGE:     644369
cpu7->cpu7_L1I RFO          ACCESS:          0 HIT:          0 MISS:          0 MSHR_MERGE:          0
cpu7->cpu7_L1I PREFETCH     ACCESS:          0 HIT:          0 MISS:          0 MSHR_MERGE:          0
cpu7->cpu7_L1I WRITE        ACCESS:          0 HIT:          0 MISS:          0 MSHR_MERGE:          0
cpu7->cpu7_L1I TRANSLATION  ACCESS:          0 HIT:          0 MISS:          0 MSHR_MERGE:          0
cpu7->cpu7_L1I PREFETCH REQUESTED:          0 ISSUED:          0 USEFUL:          0 USELESS:          0
cpu7->cpu7_L1I AVERAGE MISS LATENCY: 126.5 cycles
cpu7->cpu7_L1D TOTAL        ACCESS:   35258040 HIT:   30051299 MISS:    5206741 MSHR_MERGE:    3679283
cpu7->cpu7_L1D LOAD         ACCESS:   14715855 HIT:   12749870 MISS:    1965985 MSHR_MERGE:     867132
cpu7->cpu7_L1D RFO          ACCESS:          0 HIT:          0 MISS:          0 MSHR_MERGE:          0
cpu7->cpu7_L1D PREFETCH     ACCESS:          0 HIT:          0 MISS:          0 MSHR_MERGE:          0
cpu7->cpu7_L1D WRITE        ACCESS:   20541771 HIT:   17301422 MISS:    3240349 MSHR_MERGE:    2812147
cpu7->cpu7_L1D TRANSLATION  ACCESS:        414 HIT:          7 MISS:        407 MSHR_MERGE:          4
cpu7->cpu7_L1D PREFETCH REQUESTED:          0 ISSUED:          0 USEFUL:          0 USELESS:          0
cpu7->cpu7_L1D AVERAGE MISS LATENCY: 282.1 cycles
cpu7->cpu7_ITLB TOTAL        ACCESS:   16907390 HIT:   16907330 MISS:         60 MSHR_MERGE:         40
cpu7->cpu7_ITLB LOAD         ACCESS:   16907390 HIT:   16907330 MISS:         60 MSHR_MERGE:         40
cpu7->cpu7_ITLB RFO          ACCESS:          0 HIT:          0 MISS:          0 MSHR_MERGE:          0
cpu7->cpu7_ITLB PREFETCH     ACCESS:          0 HIT:          0 MISS:          0 MSHR_MERGE:          0
cpu7->cpu7_ITLB WRITE        ACCESS:          0 HIT:          0 MISS:          0 MSHR_MERGE:          0
cpu7->cpu7_ITLB TRANSLATION  ACCESS:          0 HIT:          0 MISS:          0 MSHR_MERGE:          0
cpu7->cpu7_ITLB PREFETCH REQUESTED:          0 ISSUED:          0 USEFUL:          0 USELESS:          0
cpu7->cpu7_ITLB AVERAGE MISS LATENCY: 449.3 cycles
cpu7->cpu7_DTLB TOTAL        ACCESS:   32144251 HIT:   31616581 MISS:     527670 MSHR_MERGE:     174415
cpu7->cpu7_DTLB LOAD         ACCESS:   32144251 HIT:   31616581 MISS:     527670 MSHR_MERGE:     174415
cpu7->cpu7_DTLB RFO          ACCESS:          0 HIT:          0 MISS:          0 MSHR_MERGE:          0
cpu7->cpu7_DTLB PREFETCH     ACCESS:          0 HIT:          0 MISS:          0 MSHR_MERGE:          0
cpu7->cpu7_DTLB WRITE        ACCESS:          0 HIT:          0 MISS:          0 MSHR_MERGE:          0
cpu7->cpu7_DTLB TRANSLATION  ACCESS:          0 HIT:          0 MISS:          0 MSHR_MERGE:          0
cpu7->cpu7_DTLB PREFETCH REQUESTED:          0 ISSUED:          0 USEFUL:          0 USELESS:          0
cpu7->cpu7_DTLB AVERAGE MISS LATENCY: 5.564 cycles
cpu6->cpu6_STLB TOTAL        ACCESS:     347497 HIT:     347149 MISS:        348 MSHR_MERGE:          0
cpu6->cpu6_STLB LOAD         ACCESS:     347497 HIT:     347149 MISS:        348 MSHR_MERGE:          0
cpu6->cpu6_STLB RFO          ACCESS:          0 HIT:          0 MISS:          0 MSHR_MERGE:          0
cpu6->cpu6_STLB PREFETCH     ACCESS:          0 HIT:          0 MISS:          0 MSHR_MERGE:          0
cpu6->cpu6_STLB WRITE        ACCESS:          0 HIT:          0 MISS:          0 MSHR_MERGE:          0
cpu6->cpu6_STLB TRANSLATION  ACCESS:          0 HIT:          0 MISS:          0 MSHR_MERGE:          0
cpu6->cpu6_STLB PREFETCH REQUESTED:          0 ISSUED:          0 USEFUL:          0 USELESS:          0
cpu6->cpu6_STLB AVERAGE MISS LATENCY: 344.2 cycles
cpu6->cpu6_L2C TOTAL        ACCESS:    2853783 HIT:    1429536 MISS:    1424247 MSHR_MERGE:          0
cpu6->cpu6_L2C LOAD         ACCESS:    1756340 HIT:     710446 MISS:    1045894 MSHR_MERGE:          0
cpu6->cpu6_L2C RFO          ACCESS:     420124 HIT:      43284 MISS:     376840 MSHR_MERGE:          0
cpu6->cpu6_L2C PREFETCH     ACCESS:          0 HIT:          0 MISS:          0 MSHR_MERGE:          0
cpu6->cpu6_L2C WRITE        ACCESS:     676918 HIT:     675783 MISS:       1135 MSHR_MERGE:          0
cpu6->cpu6_L2C TRANSLATION  ACCESS:        401 HIT:         23 MISS:        378 MSHR_MERGE:          0
cpu6->cpu6_L2C PREFETCH REQUESTED:          0 ISSUED:          0 USEFUL:          0 USELESS:          0
cpu6->cpu6_L2C AVERAGE MISS LATENCY: 380 cycles
cpu6->cpu6_L1I TOTAL        ACCESS:   19044245 HIT:   17708460 MISS:    1335785 MSHR_MERGE:     630139
cpu6->cpu6_L1I LOAD         ACCESS:   19044245 HIT:   17708460 MISS:    1335785 MSHR_MERGE:     630139
cpu6->cpu6_L1I RFO          ACCESS:          0 HIT:          0 MISS:          0 MSHR_MERGE:          0
cpu6->cpu6_L1I PREFETCH     ACCESS:          0 HIT:          0 MISS:          0 MSHR_MERGE:          0
cpu6->cpu6_L1I WRITE        ACCESS:          0 HIT:          0 MISS:          0 MSHR_MERGE:          0
cpu6->cpu6_L1I TRANSLATION  ACCESS:          0 HIT:          0 MISS:          0 MSHR_MERGE:          0
cpu6->cpu6_L1I PREFETCH REQUESTED:          0 ISSUED:          0 USEFUL:          0 USELESS:          0
cpu6->cpu6_L1I AVERAGE MISS LATENCY: 133 cycles
cpu6->cpu6_L1D TOTAL        ACCESS:   34219820 HIT:   29117491 MISS:    5102329 MSHR_MERGE:    3631079
cpu6->cpu6_L1D LOAD         ACCESS:   14129925 HIT:   12216505 MISS:    1913420 MSHR_MERGE:     862719
cpu6->cpu6_L1D RFO          ACCESS:          0 HIT:          0 MISS:          0 MSHR_MERGE:          0
cpu6->cpu6_L1D PREFETCH     ACCESS:          0 HIT:          0 MISS:          0 MSHR_MERGE:          0
cpu6->cpu6_L1D WRITE        ACCESS:   20089483 HIT:   16900979 MISS:    3188504 MSHR_MERGE:    2768356
cpu6->cpu6_L1D TRANSLATION  ACCESS:        412 HIT:          7 MISS:        405 MSHR_MERGE:          4
cpu6->cpu6_L1D PREFETCH REQUESTED:          0 ISSUED:          0 USEFUL:          0 USELESS:          0
cpu6->cpu6_L1D AVERAGE MISS LATENCY: 316.7 cycles
cpu6->cpu6_ITLB TOTAL        ACCESS:   16433764 HIT:   16433702 MISS:         62 MSHR_MERGE:         42
cpu6->cpu6_ITLB LOAD         ACCESS:   16433764 HIT:   16433702 MISS:         62 MSHR_MERGE:         42
cpu6->cpu6_ITLB RFO          ACCESS:          0 HIT:          0 MISS:          0 MSHR_MERGE:          0
cpu6->cpu6_ITLB PREFETCH     ACCESS:          0 HIT:          0 MISS:          0 MSHR_MERGE:          0
cpu6->cpu6_ITLB WRITE        ACCESS:          0 HIT:          0 MISS:          0 MSHR_MERGE:          0
cpu6->cpu6_ITLB TRANSLATION  ACCESS:          0 HIT:          0 MISS:          0 MSHR_MERGE:          0
cpu6->cpu6_ITLB PREFETCH REQUESTED:          0 ISSUED:          0 USEFUL:          0 USELESS:          0
cpu6->cpu6_ITLB AVERAGE MISS LATENCY: 279.5 cycles
cpu6->cpu6_DTLB TOTAL        ACCESS:   31225358 HIT:   30705378 MISS:     519980 MSHR_MERGE:     172503
cpu6->cpu6_DTLB LOAD         ACCESS:   31225358 HIT:   30705378 MISS:     519980 MSHR_MERGE:     172503
cpu6->cpu6_DTLB RFO          ACCESS:          0 HIT:          0 MISS:          0 MSHR_MERGE:          0
cpu6->cpu6_DTLB PREFETCH     ACCESS:          0 HIT:          0 MISS:          0 MSHR_MERGE:          0
cpu6->cpu6_DTLB WRITE        ACCESS:          0 HIT:          0 MISS:          0 MSHR_MERGE:          0
cpu6->cpu6_DTLB TRANSLATION  ACCESS:          0 HIT:          0 MISS:          0 MSHR_MERGE:          0
cpu6->cpu6_DTLB PREFETCH REQUESTED:          0 ISSUED:          0 USEFUL:          0 USELESS:          0
cpu6->cpu6_DTLB AVERAGE MISS LATENCY: 5.331 cycles
cpu5->cpu5_STLB TOTAL        ACCESS:     348276 HIT:     347928 MISS:        348 MSHR_MERGE:          0
cpu5->cpu5_STLB LOAD         ACCESS:     348276 HIT:     347928 MISS:        348 MSHR_MERGE:          0
cpu5->cpu5_STLB RFO          ACCESS:          0 HIT:          0 MISS:          0 MSHR_MERGE:          0
cpu5->cpu5_STLB PREFETCH     ACCESS:          0 HIT:          0 MISS:          0 MSHR_MERGE:          0
cpu5->cpu5_STLB WRITE        ACCESS:          0 HIT:          0 MISS:          0 MSHR_MERGE:          0
cpu5->cpu5_STLB TRANSLATION  ACCESS:          0 HIT:          0 MISS:          0 MSHR_MERGE:          0
cpu5->cpu5_STLB PREFETCH REQUESTED:          0 ISSUED:          0 USEFUL:          0 USELESS:          0
cpu5->cpu5_STLB AVERAGE MISS LATENCY: 369.9 cycles
cpu5->cpu5_L2C TOTAL        ACCESS:    2855668 HIT:    1430285 MISS:    1425383 MSHR_MERGE:          0
cpu5->cpu5_L2C LOAD         ACCESS:    1758220 HIT:     711432 MISS:    1046788 MSHR_MERGE:          0
cpu5->cpu5_L2C RFO          ACCESS:     420097 HIT:      43032 MISS:     377065 MSHR_MERGE:          0
cpu5->cpu5_L2C PREFETCH     ACCESS:          0 HIT:          0 MISS:          0 MSHR_MERGE:          0
cpu5->cpu5_L2C WRITE        ACCESS:     676950 HIT:     675799 MISS:       1151 MSHR_MERGE:          0
cpu5->cpu5_L2C TRANSLATION  ACCESS:        401 HIT:         22 MISS:        379 MSHR_MERGE:          0
cpu5->cpu5_L2C PREFETCH REQUESTED:          0 ISSUED:          0 USEFUL:          0 USELESS:          0
cpu5->cpu5_L2C AVERAGE MISS LATENCY: 379.8 cycles
cpu5->cpu5_L1I TOTAL        ACCESS:   19117083 HIT:   17778041 MISS:    1339042 MSHR_MERGE:     632074
cpu5->cpu5_L1I LOAD         ACCESS:   19117083 HIT:   17778041 MISS:    1339042 MSHR_MERGE:     632074
cpu5->cpu5_L1I RFO          ACCESS:          0 HIT:          0 MISS:          0 MSHR_MERGE:          0
cpu5->cpu5_L1I PREFETCH     ACCESS:          0 HIT:          0 MISS:          0 MSHR_MERGE:          0
cpu5->cpu5_L1I WRITE        ACCESS:          0 HIT:          0 MISS:          0 MSHR_MERGE:          0
cpu5->cpu5_L1I TRANSLATION  ACCESS:          0 HIT:          0 MISS:          0 MSHR_MERGE:          0
cpu5->cpu5_L1I PREFETCH REQUESTED:          0 ISSUED:          0 USEFUL:          0 USELESS:          0
cpu5->cpu5_L1I AVERAGE MISS LATENCY: 133.6 cycles
cpu5->cpu5_L1D TOTAL        ACCESS:   34341219 HIT:   29230081 MISS:    5111138 MSHR_MERGE:    3639354
cpu5->cpu5_L1D LOAD         ACCESS:   14184893 HIT:   12269020 MISS:    1915873 MSHR_MERGE:     864612
cpu5->cpu5_L1D RFO          ACCESS:          0 HIT:          0 MISS:          0 MSHR_MERGE:          0
cpu5->cpu5_L1D PREFETCH     ACCESS:          0 HIT:          0 MISS:          0 MSHR_MERGE:          0
cpu5->cpu5_L1D WRITE        ACCESS:   20155914 HIT:   16961054 MISS:    3194860 MSHR_MERGE:    2774738
cpu5->cpu5_L1D TRANSLATION  ACCESS:        412 HIT:          7 MISS:        405 MSHR_MERGE:          4
cpu5->cpu5_L1D PREFETCH REQUESTED:          0 ISSUED:          0 USEFUL:          0 USELESS:          0
cpu5->cpu5_L1D AVERAGE MISS LATENCY: 316.3 cycles
cpu5->cpu5_ITLB TOTAL        ACCESS:   16493857 HIT:   16493802 MISS:         55 MSHR_MERGE:         35
cpu5->cpu5_ITLB LOAD         ACCESS:   16493857 HIT:   16493802 MISS:         55 MSHR_MERGE:         35
cpu5->cpu5_ITLB RFO          ACCESS:          0 HIT:          0 MISS:          0 MSHR_MERGE:          0
cpu5->cpu5_ITLB PREFETCH     ACCESS:          0 HIT:          0 MISS:          0 MSHR_MERGE:          0
cpu5->cpu5_ITLB WRITE        ACCESS:          0 HIT:          0 MISS:          0 MSHR_MERGE:          0
cpu5->cpu5_ITLB TRANSLATION  ACCESS:          0 HIT:          0 MISS:          0 MSHR_MERGE:          0
cpu5->cpu5_ITLB PREFETCH REQUESTED:          0 ISSUED:          0 USEFUL:          0 USELESS:          0
cpu5->cpu5_ITLB AVERAGE MISS LATENCY: 304.8 cycles
cpu5->cpu5_DTLB TOTAL        ACCESS:   31278180 HIT:   30757361 MISS:     520819 MSHR_MERGE:     172563
cpu5->cpu5_DTLB LOAD         ACCESS:   31278180 HIT:   30757361 MISS:     520819 MSHR_MERGE:     172563
cpu5->cpu5_DTLB RFO          ACCESS:          0 HIT:          0 MISS:          0 MSHR_MERGE:          0
cpu5->cpu5_DTLB PREFETCH     ACCESS:          0 HIT:          0 MISS:          0 MSHR_MERGE:          0
cpu5->cpu5_DTLB WRITE        ACCESS:          0 HIT:          0 MISS:          0 MSHR_MERGE:          0
cpu5->cpu5_DTLB TRANSLATION  ACCESS:          0 HIT:          0 MISS:          0 MSHR_MERGE:          0
cpu5->cpu5_DTLB PREFETCH REQUESTED:          0 ISSUED:          0 USEFUL:          0 USELESS:          0
cpu5->cpu5_DTLB AVERAGE MISS LATENCY: 5.355 cycles
cpu4->cpu4_STLB TOTAL        ACCESS:     348084 HIT:     347736 MISS:        348 MSHR_MERGE:          0
cpu4->cpu4_STLB LOAD         ACCESS:     348084 HIT:     347736 MISS:        348 MSHR_MERGE:          0
cpu4->cpu4_STLB RFO          ACCESS:          0 HIT:          0 MISS:          0 MSHR_MERGE:          0
cpu4->cpu4_STLB PREFETCH     ACCESS:          0 HIT:          0 MISS:          0 MSHR_MERGE:          0
cpu4->cpu4_STLB WRITE        ACCESS:          0 HIT:          0 MISS:          0 MSHR_MERGE:          0
cpu4->cpu4_STLB TRANSLATION  ACCESS:          0 HIT:          0 MISS:          0 MSHR_MERGE:          0
cpu4->cpu4_STLB PREFETCH REQUESTED:          0 ISSUED:          0 USEFUL:          0 USELESS:          0
cpu4->cpu4_STLB AVERAGE MISS LATENCY: 359.9 cycles
cpu4->cpu4_L2C TOTAL        ACCESS:    2853367 HIT:    1428777 MISS:    1424590 MSHR_MERGE:          0
cpu4->cpu4_L2C LOAD         ACCESS:    1756779 HIT:     710490 MISS:    1046289 MSHR_MERGE:          0
cpu4->cpu4_L2C RFO          ACCESS:     419814 HIT:      43027 MISS:     376787 MSHR_MERGE:          0
cpu4->cpu4_L2C PREFETCH     ACCESS:          0 HIT:          0 MISS:          0 MSHR_MERGE:          0
cpu4->cpu4_L2C WRITE        ACCESS:     676377 HIT:     675237 MISS:       1140 MSHR_MERGE:          0
cpu4->cpu4_L2C TRANSLATION  ACCESS:        397 HIT:         23 MISS:        374 MSHR_MERGE:          0
cpu4->cpu4_L2C PREFETCH REQUESTED:          0 ISSUED:          0 USEFUL:          0 USELESS:          0
cpu4->cpu4_L2C AVERAGE MISS LATENCY: 380.3 cycles
cpu4->cpu4_L1I TOTAL        ACCESS:   19081061 HIT:   17742677 MISS:    1338384 MSHR_MERGE:     631844
cpu4->cpu4_L1I LOAD         ACCESS:   19081061 HIT:   17742677 MISS:    1338384 MSHR_MERGE:     631844
cpu4->cpu4_L1I RFO          ACCESS:          0 HIT:          0 MISS:          0 MSHR_MERGE:          0
cpu4->cpu4_L1I PREFETCH     ACCESS:          0 HIT:          0 MISS:          0 MSHR_MERGE:          0
cpu4->cpu4_L1I WRITE        ACCESS:          0 HIT:          0 MISS:          0 MSHR_MERGE:          0
cpu4->cpu4_L1I TRANSLATION  ACCESS:          0 HIT:          0 MISS:          0 MSHR_MERGE:          0
cpu4->cpu4_L1I PREFETCH REQUESTED:          0 ISSUED:          0 USEFUL:          0 USELESS:          0
cpu4->cpu4_L1I AVERAGE MISS LATENCY: 132.9 cycles
cpu4->cpu4_L1D TOTAL        ACCESS:   34284277 HIT:   29177916 MISS:    5106361 MSHR_MERGE:    3635873
cpu4->cpu4_L1D LOAD         ACCESS:   14154548 HIT:   12241293 MISS:    1913255 MSHR_MERGE:     863007
cpu4->cpu4_L1D RFO          ACCESS:          0 HIT:          0 MISS:          0 MSHR_MERGE:          0
cpu4->cpu4_L1D PREFETCH     ACCESS:          0 HIT:          0 MISS:          0 MSHR_MERGE:          0
cpu4->cpu4_L1D WRITE        ACCESS:   20129320 HIT:   16936616 MISS:    3192704 MSHR_MERGE:    2772861
cpu4->cpu4_L1D TRANSLATION  ACCESS:        409 HIT:          7 MISS:        402 MSHR_MERGE:          5
cpu4->cpu4_L1D PREFETCH REQUESTED:          0 ISSUED:          0 USEFUL:          0 USELESS:          0
cpu4->cpu4_L1D AVERAGE MISS LATENCY: 317.2 cycles
cpu4->cpu4_ITLB TOTAL        ACCESS:   16461146 HIT:   16461089 MISS:         57 MSHR_MERGE:         37
cpu4->cpu4_ITLB LOAD         ACCESS:   16461146 HIT:   16461089 MISS:         57 MSHR_MERGE:         37
cpu4->cpu4_ITLB RFO          ACCESS:          0 HIT:          0 MISS:          0 MSHR_MERGE:          0
cpu4->cpu4_ITLB PREFETCH     ACCESS:          0 HIT:          0 MISS:          0 MSHR_MERGE:          0
cpu4->cpu4_ITLB WRITE        ACCESS:          0 HIT:          0 MISS:          0 MSHR_MERGE:          0
cpu4->cpu4_ITLB TRANSLATION  ACCESS:          0 HIT:          0 MISS:          0 MSHR_MERGE:          0
cpu4->cpu4_ITLB PREFETCH REQUESTED:          0 ISSUED:          0 USEFUL:          0 USELESS:          0
cpu4->cpu4_ITLB AVERAGE MISS LATENCY: 289 cycles
cpu4->cpu4_DTLB TOTAL        ACCESS:   31225788 HIT:   30704877 MISS:     520911 MSHR_MERGE:     172847
cpu4->cpu4_DTLB LOAD         ACCESS:   31225788 HIT:   30704877 MISS:     520911 MSHR_MERGE:     172847
cpu4->cpu4_DTLB RFO          ACCESS:          0 HIT:          0 MISS:          0 MSHR_MERGE:          0
cpu4->cpu4_DTLB PREFETCH     ACCESS:          0 HIT:          0 MISS:          0 MSHR_MERGE:          0
cpu4->cpu4_DTLB WRITE        ACCESS:          0 HIT:          0 MISS:          0 MSHR_MERGE:          0
cpu4->cpu4_DTLB TRANSLATION  ACCESS:          0 HIT:          0 MISS:          0 MSHR_MERGE:          0
cpu4->cpu4_DTLB PREFETCH REQUESTED:          0 ISSUED:          0 USEFUL:          0 USELESS:          0
cpu4->cpu4_DTLB AVERAGE MISS LATENCY: 5.346 cycles
cpu3->cpu3_STLB TOTAL        ACCESS:     348365 HIT:     348017 MISS:        348 MSHR_MERGE:          0
cpu3->cpu3_STLB LOAD         ACCESS:     348365 HIT:     348017 MISS:        348 MSHR_MERGE:          0
cpu3->cpu3_STLB RFO          ACCESS:          0 HIT:          0 MISS:          0 MSHR_MERGE:          0
cpu3->cpu3_STLB PREFETCH     ACCESS:          0 HIT:          0 MISS:          0 MSHR_MERGE:          0
cpu3->cpu3_STLB WRITE        ACCESS:          0 HIT:          0 MISS:          0 MSHR_MERGE:          0
cpu3->cpu3_STLB TRANSLATION  ACCESS:          0 HIT:          0 MISS:          0 MSHR_MERGE:          0
cpu3->cpu3_STLB PREFETCH REQUESTED:          0 ISSUED:          0 USEFUL:          0 USELESS:          0
cpu3->cpu3_STLB AVERAGE MISS LATENCY: 383.2 cycles
cpu3->cpu3_L2C TOTAL        ACCESS:    2852276 HIT:    1428418 MISS:    1423858 MSHR_MERGE:          0
cpu3->cpu3_L2C LOAD         ACCESS:    1756358 HIT:     710511 MISS:    1045847 MSHR_MERGE:          0
cpu3->cpu3_L2C RFO          ACCESS:     419478 HIT:      42990 MISS:     376488 MSHR_MERGE:          0
cpu3->cpu3_L2C PREFETCH     ACCESS:          0 HIT:          0 MISS:          0 MSHR_MERGE:          0
cpu3->cpu3_L2C WRITE        ACCESS:     676039 HIT:     674894 MISS:       1145 MSHR_MERGE:          0
cpu3->cpu3_L2C TRANSLATION  ACCESS:        401 HIT:         23 MISS:        378 MSHR_MERGE:          0
cpu3->cpu3_L2C PREFETCH REQUESTED:          0 ISSUED:          0 USEFUL:          0 USELESS:          0
cpu3->cpu3_L2C AVERAGE MISS LATENCY: 377.1 cycles
cpu3->cpu3_L1I TOTAL        ACCESS:   19137452 HIT:   17799398 MISS:    1338054 MSHR_MERGE:     631602
cpu3->cpu3_L1I LOAD         ACCESS:   19137452 HIT:   17799398 MISS:    1338054 MSHR_MERGE:     631602
cpu3->cpu3_L1I RFO          ACCESS:          0 HIT:          0 MISS:          0 MSHR_MERGE:          0
cpu3->cpu3_L1I PREFETCH     ACCESS:          0 HIT:          0 MISS:          0 MSHR_MERGE:          0
cpu3->cpu3_L1I WRITE        ACCESS:          0 HIT:          0 MISS:          0 MSHR_MERGE:          0
cpu3->cpu3_L1I TRANSLATION  ACCESS:          0 HIT:          0 MISS:          0 MSHR_MERGE:          0
cpu3->cpu3_L1I PREFETCH REQUESTED:          0 ISSUED:          0 USEFUL:          0 USELESS:          0
cpu3->cpu3_L1I AVERAGE MISS LATENCY: 131.8 cycles
cpu3->cpu3_L1D TOTAL        ACCESS:   34382883 HIT:   29285032 MISS:    5097851 MSHR_MERGE:    3628031
cpu3->cpu3_L1D LOAD         ACCESS:   14228123 HIT:   12314633 MISS:    1913490 MSHR_MERGE:     863576
cpu3->cpu3_L1D RFO          ACCESS:          0 HIT:          0 MISS:          0 MSHR_MERGE:          0
cpu3->cpu3_L1D PREFETCH     ACCESS:          0 HIT:          0 MISS:          0 MSHR_MERGE:          0
cpu3->cpu3_L1D WRITE        ACCESS:   20154348 HIT:   16970392 MISS:    3183956 MSHR_MERGE:    2764451
cpu3->cpu3_L1D TRANSLATION  ACCESS:        412 HIT:          7 MISS:        405 MSHR_MERGE:          4
cpu3->cpu3_L1D PREFETCH REQUESTED:          0 ISSUED:          0 USEFUL:          0 USELESS:          0
cpu3->cpu3_L1D AVERAGE MISS LATENCY: 314.6 cycles
cpu3->cpu3_ITLB TOTAL        ACCESS:   16523187 HIT:   16523124 MISS:         63 MSHR_MERGE:         43
cpu3->cpu3_ITLB LOAD         ACCESS:   16523187 HIT:   16523124 MISS:         63 MSHR_MERGE:         43
cpu3->cpu3_ITLB RFO          ACCESS:          0 HIT:          0 MISS:          0 MSHR_MERGE:          0
cpu3->cpu3_ITLB PREFETCH     ACCESS:          0 HIT:          0 MISS:          0 MSHR_MERGE:          0
cpu3->cpu3_ITLB WRITE        ACCESS:          0 HIT:          0 MISS:          0 MSHR_MERGE:          0
cpu3->cpu3_ITLB TRANSLATION  ACCESS:          0 HIT:          0 MISS:          0 MSHR_MERGE:          0
cpu3->cpu3_ITLB PREFETCH REQUESTED:          0 ISSUED:          0 USEFUL:          0 USELESS:          0
cpu3->cpu3_ITLB AVERAGE MISS LATENCY: 343.2 cycles
cpu3->cpu3_DTLB TOTAL        ACCESS:   31376842 HIT:   30855119 MISS:     521723 MSHR_MERGE:     173378
cpu3->cpu3_DTLB LOAD         ACCESS:   31376842 HIT:   30855119 MISS:     521723 MSHR_MERGE:     173378
cpu3->cpu3_DTLB RFO          ACCESS:          0 HIT:          0 MISS:          0 MSHR_MERGE:          0
cpu3->cpu3_DTLB PREFETCH     ACCESS:          0 HIT:          0 MISS:          0 MSHR_MERGE:          0
cpu3->cpu3_DTLB WRITE        ACCESS:          0 HIT:          0 MISS:          0 MSHR_MERGE:          0
cpu3->cpu3_DTLB TRANSLATION  ACCESS:          0 HIT:          0 MISS:          0 MSHR_MERGE:          0
cpu3->cpu3_DTLB PREFETCH REQUESTED:          0 ISSUED:          0 USEFUL:          0 USELESS:          0
cpu3->cpu3_DTLB AVERAGE MISS LATENCY: 5.366 cycles
cpu2->cpu2_STLB TOTAL        ACCESS:     348084 HIT:     347736 MISS:        348 MSHR_MERGE:          0
cpu2->cpu2_STLB LOAD         ACCESS:     348084 HIT:     347736 MISS:        348 MSHR_MERGE:          0
cpu2->cpu2_STLB RFO          ACCESS:          0 HIT:          0 MISS:          0 MSHR_MERGE:          0
cpu2->cpu2_STLB PREFETCH     ACCESS:          0 HIT:          0 MISS:          0 MSHR_MERGE:          0
cpu2->cpu2_STLB WRITE        ACCESS:          0 HIT:          0 MISS:          0 MSHR_MERGE:          0
cpu2->cpu2_STLB TRANSLATION  ACCESS:          0 HIT:          0 MISS:          0 MSHR_MERGE:          0
cpu2->cpu2_STLB PREFETCH REQUESTED:          0 ISSUED:          0 USEFUL:          0 USELESS:          0
cpu2->cpu2_STLB AVERAGE MISS LATENCY: 341.3 cycles
cpu2->cpu2_L2C TOTAL        ACCESS:    2851116 HIT:    1427619 MISS:    1423497 MSHR_MERGE:          0
cpu2->cpu2_L2C LOAD         ACCESS:    1755476 HIT:     710015 MISS:    1045461 MSHR_MERGE:          0
cpu2->cpu2_L2C RFO          ACCESS:     419502 HIT:      42985 MISS:     376517 MSHR_MERGE:          0
cpu2->cpu2_L2C PREFETCH     ACCESS:          0 HIT:          0 MISS:          0 MSHR_MERGE:          0
cpu2->cpu2_L2C WRITE        ACCESS:     675738 HIT:     674596 MISS:       1142 MSHR_MERGE:          0
cpu2->cpu2_L2C TRANSLATION  ACCESS:        400 HIT:         23 MISS:        377 MSHR_MERGE:          0
cpu2->cpu2_L2C PREFETCH REQUESTED:          0 ISSUED:          0 USEFUL:          0 USELESS:          0
cpu2->cpu2_L2C AVERAGE MISS LATENCY: 381 cycles
cpu2->cpu2_L1I TOTAL        ACCESS:   19082046 HIT:   17744251 MISS:    1337795 MSHR_MERGE:     631343
cpu2->cpu2_L1I LOAD         ACCESS:   19082046 HIT:   17744251 MISS:    1337795 MSHR_MERGE:     631343
cpu2->cpu2_L1I RFO          ACCESS:          0 HIT:          0 MISS:          0 MSHR_MERGE:          0
cpu2->cpu2_L1I PREFETCH     ACCESS:          0 HIT:          0 MISS:          0 MSHR_MERGE:          0
cpu2->cpu2_L1I WRITE        ACCESS:          0 HIT:          0 MISS:          0 MSHR_MERGE:          0
cpu2->cpu2_L1I TRANSLATION  ACCESS:          0 HIT:          0 MISS:          0 MSHR_MERGE:          0
cpu2->cpu2_L1I PREFETCH REQUESTED:          0 ISSUED:          0 USEFUL:          0 USELESS:          0
cpu2->cpu2_L1I AVERAGE MISS LATENCY: 133 cycles
cpu2->cpu2_L1D TOTAL        ACCESS:   34283547 HIT:   29186799 MISS:    5096748 MSHR_MERGE:    3627794
cpu2->cpu2_L1D LOAD         ACCESS:   14164257 HIT:   12251821 MISS:    1912436 MSHR_MERGE:     863403
cpu2->cpu2_L1D RFO          ACCESS:          0 HIT:          0 MISS:          0 MSHR_MERGE:          0
cpu2->cpu2_L1D PREFETCH     ACCESS:          0 HIT:          0 MISS:          0 MSHR_MERGE:          0
cpu2->cpu2_L1D WRITE        ACCESS:   20118879 HIT:   16934971 MISS:    3183908 MSHR_MERGE:    2764387
cpu2->cpu2_L1D TRANSLATION  ACCESS:        411 HIT:          7 MISS:        404 MSHR_MERGE:          4
cpu2->cpu2_L1D PREFETCH REQUESTED:          0 ISSUED:          0 USEFUL:          0 USELESS:          0
cpu2->cpu2_L1D AVERAGE MISS LATENCY: 317.8 cycles
cpu2->cpu2_ITLB TOTAL        ACCESS:   16463229 HIT:   16463162 MISS:         67 MSHR_MERGE:         47
cpu2->cpu2_ITLB LOAD         ACCESS:   16463229 HIT:   16463162 MISS:         67 MSHR_MERGE:         47
cpu2->cpu2_ITLB RFO          ACCESS:          0 HIT:          0 MISS:          0 MSHR_MERGE:          0
cpu2->cpu2_ITLB PREFETCH     ACCESS:          0 HIT:          0 MISS:          0 MSHR_MERGE:          0
cpu2->cpu2_ITLB WRITE        ACCESS:          0 HIT:          0 MISS:          0 MSHR_MERGE:          0
cpu2->cpu2_ITLB TRANSLATION  ACCESS:          0 HIT:          0 MISS:          0 MSHR_MERGE:          0
cpu2->cpu2_ITLB PREFETCH REQUESTED:          0 ISSUED:          0 USEFUL:          0 USELESS:          0
cpu2->cpu2_ITLB AVERAGE MISS LATENCY: 283.5 cycles
cpu2->cpu2_DTLB TOTAL        ACCESS:   31228231 HIT:   30707667 MISS:     520564 MSHR_MERGE:     172500
cpu2->cpu2_DTLB LOAD         ACCESS:   31228231 HIT:   30707667 MISS:     520564 MSHR_MERGE:     172500
cpu2->cpu2_DTLB RFO          ACCESS:          0 HIT:          0 MISS:          0 MSHR_MERGE:          0
cpu2->cpu2_DTLB PREFETCH     ACCESS:          0 HIT:          0 MISS:          0 MSHR_MERGE:          0
cpu2->cpu2_DTLB WRITE        ACCESS:          0 HIT:          0 MISS:          0 MSHR_MERGE:          0
cpu2->cpu2_DTLB TRANSLATION  ACCESS:          0 HIT:          0 MISS:          0 MSHR_MERGE:          0
cpu2->cpu2_DTLB PREFETCH REQUESTED:          0 ISSUED:          0 USEFUL:          0 USELESS:          0
cpu2->cpu2_DTLB AVERAGE MISS LATENCY: 5.328 cycles
cpu1->cpu1_STLB TOTAL        ACCESS:     348147 HIT:     347799 MISS:        348 MSHR_MERGE:          0
cpu1->cpu1_STLB LOAD         ACCESS:     348147 HIT:     347799 MISS:        348 MSHR_MERGE:          0
cpu1->cpu1_STLB RFO          ACCESS:          0 HIT:          0 MISS:          0 MSHR_MERGE:          0
cpu1->cpu1_STLB PREFETCH     ACCESS:          0 HIT:          0 MISS:          0 MSHR_MERGE:          0
cpu1->cpu1_STLB WRITE        ACCESS:          0 HIT:          0 MISS:          0 MSHR_MERGE:          0
cpu1->cpu1_STLB TRANSLATION  ACCESS:          0 HIT:          0 MISS:          0 MSHR_MERGE:          0
cpu1->cpu1_STLB PREFETCH REQUESTED:          0 ISSUED:          0 USEFUL:          0 USELESS:          0
cpu1->cpu1_STLB AVERAGE MISS LATENCY: 348.7 cycles
cpu1->cpu1_L2C TOTAL        ACCESS:    2849502 HIT:    1426728 MISS:    1422774 MSHR_MERGE:          0
cpu1->cpu1_L2C LOAD         ACCESS:    1754443 HIT:     709426 MISS:    1045017 MSHR_MERGE:          0
cpu1->cpu1_L2C RFO          ACCESS:     419229 HIT:      42987 MISS:     376242 MSHR_MERGE:          0
cpu1->cpu1_L2C PREFETCH     ACCESS:          0 HIT:          0 MISS:          0 MSHR_MERGE:          0
cpu1->cpu1_L2C WRITE        ACCESS:     675432 HIT:     674292 MISS:       1140 MSHR_MERGE:          0
cpu1->cpu1_L2C TRANSLATION  ACCESS:        398 HIT:         23 MISS:        375 MSHR_MERGE:          0
cpu1->cpu1_L2C PREFETCH REQUESTED:          0 ISSUED:          0 USEFUL:          0 USELESS:          0
cpu1->cpu1_L2C AVERAGE MISS LATENCY: 378.2 cycles
cpu1->cpu1_L1I TOTAL        ACCESS:   19076913 HIT:   17739230 MISS:    1337683 MSHR_MERGE:     631543
cpu1->cpu1_L1I LOAD         ACCESS:   19076913 HIT:   17739230 MISS:    1337683 MSHR_MERGE:     631543
cpu1->cpu1_L1I RFO          ACCESS:          0 HIT:          0 MISS:          0 MSHR_MERGE:          0
cpu1->cpu1_L1I PREFETCH     ACCESS:          0 HIT:          0 MISS:          0 MSHR_MERGE:          0
cpu1->cpu1_L1I WRITE        ACCESS:          0 HIT:          0 MISS:          0 MSHR_MERGE:          0
cpu1->cpu1_L1I TRANSLATION  ACCESS:          0 HIT:          0 MISS:          0 MSHR_MERGE:          0
cpu1->cpu1_L1I PREFETCH REQUESTED:          0 ISSUED:          0 USEFUL:          0 USELESS:          0
cpu1->cpu1_L1I AVERAGE MISS LATENCY: 131.7 cycles
cpu1->cpu1_L1D TOTAL        ACCESS:   34266414 HIT:   29176870 MISS:    5089544 MSHR_MERGE:    3621581
cpu1->cpu1_L1D LOAD         ACCESS:   14158795 HIT:   12250391 MISS:    1908404 MSHR_MERGE:     860092
cpu1->cpu1_L1D RFO          ACCESS:          0 HIT:          0 MISS:          0 MSHR_MERGE:          0
cpu1->cpu1_L1D PREFETCH     ACCESS:          0 HIT:          0 MISS:          0 MSHR_MERGE:          0
cpu1->cpu1_L1D WRITE        ACCESS:   20107209 HIT:   16926472 MISS:    3180737 MSHR_MERGE:    2761484
cpu1->cpu1_L1D TRANSLATION  ACCESS:        410 HIT:          7 MISS:        403 MSHR_MERGE:          5
cpu1->cpu1_L1D PREFETCH REQUESTED:          0 ISSUED:          0 USEFUL:          0 USELESS:          0
cpu1->cpu1_L1D AVERAGE MISS LATENCY: 315.8 cycles
cpu1->cpu1_ITLB TOTAL        ACCESS:   16472707 HIT:   16472644 MISS:         63 MSHR_MERGE:         43
cpu1->cpu1_ITLB LOAD         ACCESS:   16472707 HIT:   16472644 MISS:         63 MSHR_MERGE:         43
cpu1->cpu1_ITLB RFO          ACCESS:          0 HIT:          0 MISS:          0 MSHR_MERGE:          0
cpu1->cpu1_ITLB PREFETCH     ACCESS:          0 HIT:          0 MISS:          0 MSHR_MERGE:          0
cpu1->cpu1_ITLB WRITE        ACCESS:          0 HIT:          0 MISS:          0 MSHR_MERGE:          0
cpu1->cpu1_ITLB TRANSLATION  ACCESS:          0 HIT:          0 MISS:          0 MSHR_MERGE:          0
cpu1->cpu1_ITLB PREFETCH REQUESTED:          0 ISSUED:          0 USEFUL:          0 USELESS:          0
cpu1->cpu1_ITLB AVERAGE MISS LATENCY: 294.6 cycles
cpu1->cpu1_DTLB TOTAL        ACCESS:   31219130 HIT:   30698684 MISS:     520446 MSHR_MERGE:     172319
cpu1->cpu1_DTLB LOAD         ACCESS:   31219130 HIT:   30698684 MISS:     520446 MSHR_MERGE:     172319
cpu1->cpu1_DTLB RFO          ACCESS:          0 HIT:          0 MISS:          0 MSHR_MERGE:          0
cpu1->cpu1_DTLB PREFETCH     ACCESS:          0 HIT:          0 MISS:          0 MSHR_MERGE:          0
cpu1->cpu1_DTLB WRITE        ACCESS:          0 HIT:          0 MISS:          0 MSHR_MERGE:          0
cpu1->cpu1_DTLB TRANSLATION  ACCESS:          0 HIT:          0 MISS:          0 MSHR_MERGE:          0
cpu1->cpu1_DTLB PREFETCH REQUESTED:          0 ISSUED:          0 USEFUL:          0 USELESS:          0
cpu1->cpu1_DTLB AVERAGE MISS LATENCY: 5.335 cycles
cpu0->cpu0_STLB TOTAL        ACCESS:     347308 HIT:     346960 MISS:        348 MSHR_MERGE:          0
cpu0->cpu0_STLB LOAD         ACCESS:     347308 HIT:     346960 MISS:        348 MSHR_MERGE:          0
cpu0->cpu0_STLB RFO          ACCESS:          0 HIT:          0 MISS:          0 MSHR_MERGE:          0
cpu0->cpu0_STLB PREFETCH     ACCESS:          0 HIT:          0 MISS:          0 MSHR_MERGE:          0
cpu0->cpu0_STLB WRITE        ACCESS:          0 HIT:          0 MISS:          0 MSHR_MERGE:          0
cpu0->cpu0_STLB TRANSLATION  ACCESS:          0 HIT:          0 MISS:          0 MSHR_MERGE:          0
cpu0->cpu0_STLB PREFETCH REQUESTED:          0 ISSUED:          0 USEFUL:          0 USELESS:          0
cpu0->cpu0_STLB AVERAGE MISS LATENCY: 353.8 cycles
cpu0->cpu0_L2C TOTAL        ACCESS:    2845490 HIT:    1423646 MISS:    1421844 MSHR_MERGE:          0
cpu0->cpu0_L2C LOAD         ACCESS:    1751392 HIT:     707158 MISS:    1044234 MSHR_MERGE:          0
cpu0->cpu0_L2C RFO          ACCESS:     419064 HIT:      42963 MISS:     376101 MSHR_MERGE:          0
cpu0->cpu0_L2C PREFETCH     ACCESS:          0 HIT:          0 MISS:          0 MSHR_MERGE:          0
cpu0->cpu0_L2C WRITE        ACCESS:     674633 HIT:     673502 MISS:       1131 MSHR_MERGE:          0
cpu0->cpu0_L2C TRANSLATION  ACCESS:        401 HIT:         23 MISS:        378 MSHR_MERGE:          0
cpu0->cpu0_L2C PREFETCH REQUESTED:          0 ISSUED:          0 USEFUL:          0 USELESS:          0
cpu0->cpu0_L2C AVERAGE MISS LATENCY: 381.9 cycles
cpu0->cpu0_L1I TOTAL        ACCESS:   18979732 HIT:   17643953 MISS:    1335779 MSHR_MERGE:     630661
cpu0->cpu0_L1I LOAD         ACCESS:   18979732 HIT:   17643953 MISS:    1335779 MSHR_MERGE:     630661
cpu0->cpu0_L1I RFO          ACCESS:          0 HIT:          0 MISS:          0 MSHR_MERGE:          0
cpu0->cpu0_L1I PREFETCH     ACCESS:          0 HIT:          0 MISS:          0 MSHR_MERGE:          0
cpu0->cpu0_L1I WRITE        ACCESS:          0 HIT:          0 MISS:          0 MSHR_MERGE:          0
cpu0->cpu0_L1I TRANSLATION  ACCESS:          0 HIT:          0 MISS:          0 MSHR_MERGE:          0
cpu0->cpu0_L1I PREFETCH REQUESTED:          0 ISSUED:          0 USEFUL:          0 USELESS:          0
cpu0->cpu0_L1I AVERAGE MISS LATENCY: 133.8 cycles
cpu0->cpu0_L1D TOTAL        ACCESS:   34140784 HIT:   29044310 MISS:    5096474 MSHR_MERGE:    3630711
cpu0->cpu0_L1D LOAD         ACCESS:   14077971 HIT:   12169450 MISS:    1908521 MSHR_MERGE:     862237
cpu0->cpu0_L1D RFO          ACCESS:          0 HIT:          0 MISS:          0 MSHR_MERGE:          0
cpu0->cpu0_L1D PREFETCH     ACCESS:          0 HIT:          0 MISS:          0 MSHR_MERGE:          0
cpu0->cpu0_L1D WRITE        ACCESS:   20062401 HIT:   16874853 MISS:    3187548 MSHR_MERGE:    2768470
cpu0->cpu0_L1D TRANSLATION  ACCESS:        412 HIT:          7 MISS:        405 MSHR_MERGE:          4
cpu0->cpu0_L1D PREFETCH REQUESTED:          0 ISSUED:          0 USEFUL:          0 USELESS:          0
cpu0->cpu0_L1D AVERAGE MISS LATENCY: 318.6 cycles
cpu0->cpu0_ITLB TOTAL        ACCESS:   16391181 HIT:   16391121 MISS:         60 MSHR_MERGE:         40
cpu0->cpu0_ITLB LOAD         ACCESS:   16391181 HIT:   16391121 MISS:         60 MSHR_MERGE:         40
cpu0->cpu0_ITLB RFO          ACCESS:          0 HIT:          0 MISS:          0 MSHR_MERGE:          0
cpu0->cpu0_ITLB PREFETCH     ACCESS:          0 HIT:          0 MISS:          0 MSHR_MERGE:          0
cpu0->cpu0_ITLB WRITE        ACCESS:          0 HIT:          0 MISS:          0 MSHR_MERGE:          0
cpu0->cpu0_ITLB TRANSLATION  ACCESS:          0 HIT:          0 MISS:          0 MSHR_MERGE:          0
cpu0->cpu0_ITLB PREFETCH REQUESTED:          0 ISSUED:          0 USEFUL:          0 USELESS:          0
cpu0->cpu0_ITLB AVERAGE MISS LATENCY: 315.6 cycles
cpu0->cpu0_DTLB TOTAL        ACCESS:   31152212 HIT:   30631833 MISS:     520379 MSHR_MERGE:     173091
cpu0->cpu0_DTLB LOAD         ACCESS:   31152212 HIT:   30631833 MISS:     520379 MSHR_MERGE:     173091
cpu0->cpu0_DTLB RFO          ACCESS:          0 HIT:          0 MISS:          0 MSHR_MERGE:          0
cpu0->cpu0_DTLB PREFETCH     ACCESS:          0 HIT:          0 MISS:          0 MSHR_MERGE:          0
cpu0->cpu0_DTLB WRITE        ACCESS:          0 HIT:          0 MISS:          0 MSHR_MERGE:          0
cpu0->cpu0_DTLB TRANSLATION  ACCESS:          0 HIT:          0 MISS:          0 MSHR_MERGE:          0
cpu0->cpu0_DTLB PREFETCH REQUESTED:          0 ISSUED:          0 USEFUL:          0 USELESS:          0
cpu0->cpu0_DTLB AVERAGE MISS LATENCY: 5.339 cycles
cpu0->LLC TOTAL        ACCESS:    1993995 HIT:     763798 MISS:    1230197 MSHR_MERGE:          0
cpu0->LLC LOAD         ACCESS:    1044234 HIT:     230285 MISS:     813949 MSHR_MERGE:          0
cpu0->LLC RFO          ACCESS:     376101 HIT:      10996 MISS:     365105 MSHR_MERGE:          0
cpu0->LLC PREFETCH     ACCESS:          0 HIT:          0 MISS:          0 MSHR_MERGE:          0
cpu0->LLC WRITE        ACCESS:     573282 HIT:     522205 MISS:      51077 MSHR_MERGE:          0
cpu0->LLC TRANSLATION  ACCESS:        378 HIT:        312 MISS:         66 MSHR_MERGE:          0
cpu0->LLC PREFETCH REQUESTED:          0 ISSUED:          0 USEFUL:          0 USELESS:          0
cpu0->LLC AVERAGE MISS LATENCY: 3339 cycles
cpu1->LLC TOTAL        ACCESS:    1995494 HIT:     762809 MISS:    1232685 MSHR_MERGE:          0
cpu1->LLC LOAD         ACCESS:    1045017 HIT:     230985 MISS:     814032 MSHR_MERGE:          0
cpu1->LLC RFO          ACCESS:     376242 HIT:      11970 MISS:     364272 MSHR_MERGE:          0
cpu1->LLC PREFETCH     ACCESS:          0 HIT:          0 MISS:          0 MSHR_MERGE:          0
cpu1->LLC WRITE        ACCESS:     573860 HIT:     519554 MISS:      54306 MSHR_MERGE:          0
cpu1->LLC TRANSLATION  ACCESS:        375 HIT:        300 MISS:         75 MSHR_MERGE:          0
cpu1->LLC PREFETCH REQUESTED:          0 ISSUED:          0 USEFUL:          0 USELESS:          0
cpu1->LLC AVERAGE MISS LATENCY: 3332 cycles
cpu2->LLC TOTAL        ACCESS:    1996457 HIT:     767886 MISS:    1228571 MSHR_MERGE:          0
cpu2->LLC LOAD         ACCESS:    1045461 HIT:     231924 MISS:     813537 MSHR_MERGE:          0
cpu2->LLC RFO          ACCESS:     376517 HIT:      11881 MISS:     364636 MSHR_MERGE:          0
cpu2->LLC PREFETCH     ACCESS:          0 HIT:          0 MISS:          0 MSHR_MERGE:          0
cpu2->LLC WRITE        ACCESS:     574102 HIT:     523768 MISS:      50334 MSHR_MERGE:          0
cpu2->LLC TRANSLATION  ACCESS:        377 HIT:        313 MISS:         64 MSHR_MERGE:          0
cpu2->LLC PREFETCH REQUESTED:          0 ISSUED:          0 USEFUL:          0 USELESS:          0
cpu2->LLC AVERAGE MISS LATENCY: 3343 cycles
cpu3->LLC TOTAL        ACCESS:    1997013 HIT:     764777 MISS:    1232236 MSHR_MERGE:          0
cpu3->LLC LOAD         ACCESS:    1045847 HIT:     232641 MISS:     813206 MSHR_MERGE:          0
cpu3->LLC RFO          ACCESS:     376488 HIT:      11168 MISS:     365320 MSHR_MERGE:          0
cpu3->LLC PREFETCH     ACCESS:          0 HIT:          0 MISS:          0 MSHR_MERGE:          0
cpu3->LLC WRITE        ACCESS:     574300 HIT:     520672 MISS:      53628 MSHR_MERGE:          0
cpu3->LLC TRANSLATION  ACCESS:        378 HIT:        296 MISS:         82 MSHR_MERGE:          0
cpu3->LLC PREFETCH REQUESTED:          0 ISSUED:          0 USEFUL:          0 USELESS:          0
cpu3->LLC AVERAGE MISS LATENCY: 3333 cycles
cpu4->LLC TOTAL        ACCESS:    1997867 HIT:     767418 MISS:    1230449 MSHR_MERGE:          0
cpu4->LLC LOAD         ACCESS:    1046289 HIT:     231474 MISS:     814815 MSHR_MERGE:          0
cpu4->LLC RFO          ACCESS:     376787 HIT:      11141 MISS:     365646 MSHR_MERGE:          0
cpu4->LLC PREFETCH     ACCESS:          0 HIT:          0 MISS:          0 MSHR_MERGE:          0
cpu4->LLC WRITE        ACCESS:     574417 HIT:     524494 MISS:      49923 MSHR_MERGE:          0
cpu4->LLC TRANSLATION  ACCESS:        374 HIT:        309 MISS:         65 MSHR_MERGE:          0
cpu4->LLC PREFETCH REQUESTED:          0 ISSUED:          0 USEFUL:          0 USELESS:          0
cpu4->LLC AVERAGE MISS LATENCY: 3338 cycles
cpu5->LLC TOTAL        ACCESS:    1998932 HIT:     769735 MISS:    1229197 MSHR_MERGE:          0
cpu5->LLC LOAD         ACCESS:    1046788 HIT:     231880 MISS:     814908 MSHR_MERGE:          0
cpu5->LLC RFO          ACCESS:     377065 HIT:      11061 MISS:     366004 MSHR_MERGE:          0
cpu5->LLC PREFETCH     ACCESS:          0 HIT:          0 MISS:          0 MSHR_MERGE:          0
cpu5->LLC WRITE        ACCESS:     574700 HIT:     526480 MISS:      48220 MSHR_MERGE:          0
cpu5->LLC TRANSLATION  ACCESS:        379 HIT:        314 MISS:         65 MSHR_MERGE:          0
cpu5->LLC PREFETCH REQUESTED:          0 ISSUED:          0 USEFUL:          0 USELESS:          0
cpu5->LLC AVERAGE MISS LATENCY: 3342 cycles
cpu6->LLC TOTAL        ACCESS:    1997087 HIT:     770479 MISS:    1226608 MSHR_MERGE:          0
cpu6->LLC LOAD         ACCESS:    1045893 HIT:     233943 MISS:     811950 MSHR_MERGE:          0
cpu6->LLC RFO          ACCESS:     376840 HIT:      11528 MISS:     365312 MSHR_MERGE:          0
cpu6->LLC PREFETCH     ACCESS:          0 HIT:          0 MISS:          0 MSHR_MERGE:          0
cpu6->LLC WRITE        ACCESS:     573976 HIT:     524694 MISS:      49282 MSHR_MERGE:          0
cpu6->LLC TRANSLATION  ACCESS:        378 HIT:        314 MISS:         64 MSHR_MERGE:          0
cpu6->LLC PREFETCH REQUESTED:          0 ISSUED:          0 USEFUL:          0 USELESS:          0
cpu6->LLC AVERAGE MISS LATENCY: 3349 cycles
cpu7->LLC TOTAL        ACCESS:    2048308 HIT:     846159 MISS:    1202149 MSHR_MERGE:          0
cpu7->LLC LOAD         ACCESS:    1083686 HIT:     279609 MISS:     804077 MSHR_MERGE:          0
cpu7->LLC RFO          ACCESS:     382090 HIT:      12628 MISS:     369462 MSHR_MERGE:          0
cpu7->LLC PREFETCH     ACCESS:          0 HIT:          0 MISS:          0 MSHR_MERGE:          0
cpu7->LLC WRITE        ACCESS:     582152 HIT:     553875 MISS:      28277 MSHR_MERGE:          0
cpu7->LLC TRANSLATION  ACCESS:        380 HIT:         47 MISS:        333 MSHR_MERGE:          0
cpu7->LLC PREFETCH REQUESTED:          0 ISSUED:          0 USEFUL:          0 USELESS:          0
cpu7->LLC AVERAGE MISS LATENCY: 3417 cycles

Region of Interest Statistics

CPU 7 cumulative IPC: 0.795 instructions: 100000000 cycles: 125788798
CPU 7 Branch Prediction Accuracy: 100% MPKI: 0 Average ROB Occupancy at Mispredict: -
Branch type MPKI
BRANCH_DIRECT_JUMP: 0
BRANCH_INDIRECT: 0
BRANCH_CONDITIONAL: 0
BRANCH_DIRECT_CALL: 0
BRANCH_INDIRECT_CALL: 0
BRANCH_RETURN: 0


CPU 6 cumulative IPC: 0.7719 instructions: 100000001 cycles: 129551333
CPU 6 Branch Prediction Accuracy: 100% MPKI: 0 Average ROB Occupancy at Mispredict: -
Branch type MPKI
BRANCH_DIRECT_JUMP: 0
BRANCH_INDIRECT: 0
BRANCH_CONDITIONAL: 0
BRANCH_DIRECT_CALL: 0
BRANCH_INDIRECT_CALL: 0
BRANCH_RETURN: 0


CPU 5 cumulative IPC: 0.7733 instructions: 100000000 cycles: 129323012
CPU 5 Branch Prediction Accuracy: 100% MPKI: 0 Average ROB Occupancy at Mispredict: -
Branch type MPKI
BRANCH_DIRECT_JUMP: 0
BRANCH_INDIRECT: 0
BRANCH_CONDITIONAL: 0
BRANCH_DIRECT_CALL: 0
BRANCH_INDIRECT_CALL: 0
BRANCH_RETURN: 0


CPU 4 cumulative IPC: 0.772 instructions: 100000001 cycles: 129529765
CPU 4 Branch Prediction Accuracy: 100% MPKI: 0 Average ROB Occupancy at Mispredict: -
Branch type MPKI
BRANCH_DIRECT_JUMP: 0
BRANCH_INDIRECT: 0
BRANCH_CONDITIONAL: 0
BRANCH_DIRECT_CALL: 0
BRANCH_INDIRECT_CALL: 0
BRANCH_RETURN: 0


CPU 3 cumulative IPC: 0.7729 instructions: 100000000 cycles: 129390327
CPU 3 Branch Prediction Accuracy: 100% MPKI: 0 Average ROB Occupancy at Mispredict: -
Branch type MPKI
BRANCH_DIRECT_JUMP: 0
BRANCH_INDIRECT: 0
BRANCH_CONDITIONAL: 0
BRANCH_DIRECT_CALL: 0
BRANCH_INDIRECT_CALL: 0
BRANCH_RETURN: 0


CPU 2 cumulative IPC: 0.7706 instructions: 100000003 cycles: 129772613
CPU 2 Branch Prediction Accuracy: 100% MPKI: 0 Average ROB Occupancy at Mispredict: -
Branch type MPKI
BRANCH_DIRECT_JUMP: 0
BRANCH_INDIRECT: 0
BRANCH_CONDITIONAL: 0
BRANCH_DIRECT_CALL: 0
BRANCH_INDIRECT_CALL: 0
BRANCH_RETURN: 0


CPU 1 cumulative IPC: 0.7705 instructions: 100000000 cycles: 129788533
CPU 1 Branch Prediction Accuracy: 100% MPKI: 0 Average ROB Occupancy at Mispredict: -
Branch type MPKI
BRANCH_DIRECT_JUMP: 0
BRANCH_INDIRECT: 0
BRANCH_CONDITIONAL: 0
BRANCH_DIRECT_CALL: 0
BRANCH_INDIRECT_CALL: 0
BRANCH_RETURN: 0


CPU 0 cumulative IPC: 0.7688 instructions: 100000001 cycles: 130067994
CPU 0 Branch Prediction Accuracy: 100% MPKI: 0 Average ROB Occupancy at Mispredict: -
Branch type MPKI
BRANCH_DIRECT_JUMP: 0
BRANCH_INDIRECT: 0
BRANCH_CONDITIONAL: 0
BRANCH_DIRECT_CALL: 0
BRANCH_INDIRECT_CALL: 0
BRANCH_RETURN: 0

cpu7->cpu7_STLB TOTAL        ACCESS:     353275 HIT:     352925 MISS:        350 MSHR_MERGE:          0
cpu7->cpu7_STLB LOAD         ACCESS:     353275 HIT:     352925 MISS:        350 MSHR_MERGE:          0
cpu7->cpu7_STLB RFO          ACCESS:          0 HIT:          0 MISS:          0 MSHR_MERGE:          0
cpu7->cpu7_STLB PREFETCH     ACCESS:          0 HIT:          0 MISS:          0 MSHR_MERGE:          0
cpu7->cpu7_STLB WRITE        ACCESS:          0 HIT:          0 MISS:          0 MSHR_MERGE:          0
cpu7->cpu7_STLB TRANSLATION  ACCESS:          0 HIT:          0 MISS:          0 MSHR_MERGE:          0
cpu7->cpu7_STLB PREFETCH REQUESTED:          0 ISSUED:          0 USEFUL:          0 USELESS:          0
cpu7->cpu7_STLB AVERAGE MISS LATENCY: 592.3 cycles
cpu7->cpu7_L2C TOTAL        ACCESS:    2933908 HIT:    1466573 MISS:    1467335 MSHR_MERGE:          0
cpu7->cpu7_L2C LOAD         ACCESS:    1815422 HIT:     731736 MISS:    1083686 MSHR_MERGE:          0
cpu7->cpu7_L2C RFO          ACCESS:     428172 HIT:      46082 MISS:     382090 MSHR_MERGE:          0
cpu7->cpu7_L2C PREFETCH     ACCESS:          0 HIT:          0 MISS:          0 MSHR_MERGE:          0
cpu7->cpu7_L2C WRITE        ACCESS:     689911 HIT:     688732 MISS:       1179 MSHR_MERGE:          0
cpu7->cpu7_L2C TRANSLATION  ACCESS:        403 HIT:         23 MISS:        380 MSHR_MERGE:          0
cpu7->cpu7_L2C PREFETCH REQUESTED:          0 ISSUED:          0 USEFUL:          0 USELESS:          0
cpu7->cpu7_L2C AVERAGE MISS LATENCY: 342.4 cycles
cpu7->cpu7_L1I TOTAL        ACCESS:   19617224 HIT:   18256277 MISS:    1360947 MSHR_MERGE:     644369
cpu7->cpu7_L1I LOAD         ACCESS:   19617224 HIT:   18256277 MISS:    1360947 MSHR_MERGE:     644369
cpu7->cpu7_L1I RFO          ACCESS:          0 HIT:          0 MISS:          0 MSHR_MERGE:          0
cpu7->cpu7_L1I PREFETCH     ACCESS:          0 HIT:          0 MISS:          0 MSHR_MERGE:          0
cpu7->cpu7_L1I WRITE        ACCESS:          0 HIT:          0 MISS:          0 MSHR_MERGE:          0
cpu7->cpu7_L1I TRANSLATION  ACCESS:          0 HIT:          0 MISS:          0 MSHR_MERGE:          0
cpu7->cpu7_L1I PREFETCH REQUESTED:          0 ISSUED:          0 USEFUL:          0 USELESS:          0
cpu7->cpu7_L1I AVERAGE MISS LATENCY: 126.5 cycles
cpu7->cpu7_L1D TOTAL        ACCESS:   35258040 HIT:   30051299 MISS:    5206741 MSHR_MERGE:    3679283
cpu7->cpu7_L1D LOAD         ACCESS:   14715855 HIT:   12749870 MISS:    1965985 MSHR_MERGE:     867132
cpu7->cpu7_L1D RFO          ACCESS:          0 HIT:          0 MISS:          0 MSHR_MERGE:          0
cpu7->cpu7_L1D PREFETCH     ACCESS:          0 HIT:          0 MISS:          0 MSHR_MERGE:          0
cpu7->cpu7_L1D WRITE        ACCESS:   20541771 HIT:   17301422 MISS:    3240349 MSHR_MERGE:    2812147
cpu7->cpu7_L1D TRANSLATION  ACCESS:        414 HIT:          7 MISS:        407 MSHR_MERGE:          4
cpu7->cpu7_L1D PREFETCH REQUESTED:          0 ISSUED:          0 USEFUL:          0 USELESS:          0
cpu7->cpu7_L1D AVERAGE MISS LATENCY: 282.1 cycles
cpu7->cpu7_ITLB TOTAL        ACCESS:   16907390 HIT:   16907330 MISS:         60 MSHR_MERGE:         40
cpu7->cpu7_ITLB LOAD         ACCESS:   16907390 HIT:   16907330 MISS:         60 MSHR_MERGE:         40
cpu7->cpu7_ITLB RFO          ACCESS:          0 HIT:          0 MISS:          0 MSHR_MERGE:          0
cpu7->cpu7_ITLB PREFETCH     ACCESS:          0 HIT:          0 MISS:          0 MSHR_MERGE:          0
cpu7->cpu7_ITLB WRITE        ACCESS:          0 HIT:          0 MISS:          0 MSHR_MERGE:          0
cpu7->cpu7_ITLB TRANSLATION  ACCESS:          0 HIT:          0 MISS:          0 MSHR_MERGE:          0
cpu7->cpu7_ITLB PREFETCH REQUESTED:          0 ISSUED:          0 USEFUL:          0 USELESS:          0
cpu7->cpu7_ITLB AVERAGE MISS LATENCY: 449.3 cycles
cpu7->cpu7_DTLB TOTAL        ACCESS:   32144251 HIT:   31616581 MISS:     527670 MSHR_MERGE:     174415
cpu7->cpu7_DTLB LOAD         ACCESS:   32144251 HIT:   31616581 MISS:     527670 MSHR_MERGE:     174415
cpu7->cpu7_DTLB RFO          ACCESS:          0 HIT:          0 MISS:          0 MSHR_MERGE:          0
cpu7->cpu7_DTLB PREFETCH     ACCESS:          0 HIT:          0 MISS:          0 MSHR_MERGE:          0
cpu7->cpu7_DTLB WRITE        ACCESS:          0 HIT:          0 MISS:          0 MSHR_MERGE:          0
cpu7->cpu7_DTLB TRANSLATION  ACCESS:          0 HIT:          0 MISS:          0 MSHR_MERGE:          0
cpu7->cpu7_DTLB PREFETCH REQUESTED:          0 ISSUED:          0 USEFUL:          0 USELESS:          0
cpu7->cpu7_DTLB AVERAGE MISS LATENCY: 5.564 cycles
cpu6->cpu6_STLB TOTAL        ACCESS:     347497 HIT:     347149 MISS:        348 MSHR_MERGE:          0
cpu6->cpu6_STLB LOAD         ACCESS:     347497 HIT:     347149 MISS:        348 MSHR_MERGE:          0
cpu6->cpu6_STLB RFO          ACCESS:          0 HIT:          0 MISS:          0 MSHR_MERGE:          0
cpu6->cpu6_STLB PREFETCH     ACCESS:          0 HIT:          0 MISS:          0 MSHR_MERGE:          0
cpu6->cpu6_STLB WRITE        ACCESS:          0 HIT:          0 MISS:          0 MSHR_MERGE:          0
cpu6->cpu6_STLB TRANSLATION  ACCESS:          0 HIT:          0 MISS:          0 MSHR_MERGE:          0
cpu6->cpu6_STLB PREFETCH REQUESTED:          0 ISSUED:          0 USEFUL:          0 USELESS:          0
cpu6->cpu6_STLB AVERAGE MISS LATENCY: 344.2 cycles
cpu6->cpu6_L2C TOTAL        ACCESS:    2853783 HIT:    1429536 MISS:    1424247 MSHR_MERGE:          0
cpu6->cpu6_L2C LOAD         ACCESS:    1756340 HIT:     710446 MISS:    1045894 MSHR_MERGE:          0
cpu6->cpu6_L2C RFO          ACCESS:     420124 HIT:      43284 MISS:     376840 MSHR_MERGE:          0
cpu6->cpu6_L2C PREFETCH     ACCESS:          0 HIT:          0 MISS:          0 MSHR_MERGE:          0
cpu6->cpu6_L2C WRITE        ACCESS:     676918 HIT:     675783 MISS:       1135 MSHR_MERGE:          0
cpu6->cpu6_L2C TRANSLATION  ACCESS:        401 HIT:         23 MISS:        378 MSHR_MERGE:          0
cpu6->cpu6_L2C PREFETCH REQUESTED:          0 ISSUED:          0 USEFUL:          0 USELESS:          0
cpu6->cpu6_L2C AVERAGE MISS LATENCY: 380 cycles
cpu6->cpu6_L1I TOTAL        ACCESS:   19044245 HIT:   17708460 MISS:    1335785 MSHR_MERGE:     630139
cpu6->cpu6_L1I LOAD         ACCESS:   19044245 HIT:   17708460 MISS:    1335785 MSHR_MERGE:     630139
cpu6->cpu6_L1I RFO          ACCESS:          0 HIT:          0 MISS:          0 MSHR_MERGE:          0
cpu6->cpu6_L1I PREFETCH     ACCESS:          0 HIT:          0 MISS:          0 MSHR_MERGE:          0
cpu6->cpu6_L1I WRITE        ACCESS:          0 HIT:          0 MISS:          0 MSHR_MERGE:          0
cpu6->cpu6_L1I TRANSLATION  ACCESS:          0 HIT:          0 MISS:          0 MSHR_MERGE:          0
cpu6->cpu6_L1I PREFETCH REQUESTED:          0 ISSUED:          0 USEFUL:          0 USELESS:          0
cpu6->cpu6_L1I AVERAGE MISS LATENCY: 133 cycles
cpu6->cpu6_L1D TOTAL        ACCESS:   34219820 HIT:   29117491 MISS:    5102329 MSHR_MERGE:    3631079
cpu6->cpu6_L1D LOAD         ACCESS:   14129925 HIT:   12216505 MISS:    1913420 MSHR_MERGE:     862719
cpu6->cpu6_L1D RFO          ACCESS:          0 HIT:          0 MISS:          0 MSHR_MERGE:          0
cpu6->cpu6_L1D PREFETCH     ACCESS:          0 HIT:          0 MISS:          0 MSHR_MERGE:          0
cpu6->cpu6_L1D WRITE        ACCESS:   20089483 HIT:   16900979 MISS:    3188504 MSHR_MERGE:    2768356
cpu6->cpu6_L1D TRANSLATION  ACCESS:        412 HIT:          7 MISS:        405 MSHR_MERGE:          4
cpu6->cpu6_L1D PREFETCH REQUESTED:          0 ISSUED:          0 USEFUL:          0 USELESS:          0
cpu6->cpu6_L1D AVERAGE MISS LATENCY: 316.7 cycles
cpu6->cpu6_ITLB TOTAL        ACCESS:   16433764 HIT:   16433702 MISS:         62 MSHR_MERGE:         42
cpu6->cpu6_ITLB LOAD         ACCESS:   16433764 HIT:   16433702 MISS:         62 MSHR_MERGE:         42
cpu6->cpu6_ITLB RFO          ACCESS:          0 HIT:          0 MISS:          0 MSHR_MERGE:          0
cpu6->cpu6_ITLB PREFETCH     ACCESS:          0 HIT:          0 MISS:          0 MSHR_MERGE:          0
cpu6->cpu6_ITLB WRITE        ACCESS:          0 HIT:          0 MISS:          0 MSHR_MERGE:          0
cpu6->cpu6_ITLB TRANSLATION  ACCESS:          0 HIT:          0 MISS:          0 MSHR_MERGE:          0
cpu6->cpu6_ITLB PREFETCH REQUESTED:          0 ISSUED:          0 USEFUL:          0 USELESS:          0
cpu6->cpu6_ITLB AVERAGE MISS LATENCY: 279.5 cycles
cpu6->cpu6_DTLB TOTAL        ACCESS:   31225358 HIT:   30705378 MISS:     519980 MSHR_MERGE:     172503
cpu6->cpu6_DTLB LOAD         ACCESS:   31225358 HIT:   30705378 MISS:     519980 MSHR_MERGE:     172503
cpu6->cpu6_DTLB RFO          ACCESS:          0 HIT:          0 MISS:          0 MSHR_MERGE:          0
cpu6->cpu6_DTLB PREFETCH     ACCESS:          0 HIT:          0 MISS:          0 MSHR_MERGE:          0
cpu6->cpu6_DTLB WRITE        ACCESS:          0 HIT:          0 MISS:          0 MSHR_MERGE:          0
cpu6->cpu6_DTLB TRANSLATION  ACCESS:          0 HIT:          0 MISS:          0 MSHR_MERGE:          0
cpu6->cpu6_DTLB PREFETCH REQUESTED:          0 ISSUED:          0 USEFUL:          0 USELESS:          0
cpu6->cpu6_DTLB AVERAGE MISS LATENCY: 5.331 cycles
cpu5->cpu5_STLB TOTAL        ACCESS:     348276 HIT:     347928 MISS:        348 MSHR_MERGE:          0
cpu5->cpu5_STLB LOAD         ACCESS:     348276 HIT:     347928 MISS:        348 MSHR_MERGE:          0
cpu5->cpu5_STLB RFO          ACCESS:          0 HIT:          0 MISS:          0 MSHR_MERGE:          0
cpu5->cpu5_STLB PREFETCH     ACCESS:          0 HIT:          0 MISS:          0 MSHR_MERGE:          0
cpu5->cpu5_STLB WRITE        ACCESS:          0 HIT:          0 MISS:          0 MSHR_MERGE:          0
cpu5->cpu5_STLB TRANSLATION  ACCESS:          0 HIT:          0 MISS:          0 MSHR_MERGE:          0
cpu5->cpu5_STLB PREFETCH REQUESTED:          0 ISSUED:          0 USEFUL:          0 USELESS:          0
cpu5->cpu5_STLB AVERAGE MISS LATENCY: 369.9 cycles
cpu5->cpu5_L2C TOTAL        ACCESS:    2855668 HIT:    1430285 MISS:    1425383 MSHR_MERGE:          0
cpu5->cpu5_L2C LOAD         ACCESS:    1758220 HIT:     711432 MISS:    1046788 MSHR_MERGE:          0
cpu5->cpu5_L2C RFO          ACCESS:     420097 HIT:      43032 MISS:     377065 MSHR_MERGE:          0
cpu5->cpu5_L2C PREFETCH     ACCESS:          0 HIT:          0 MISS:          0 MSHR_MERGE:          0
cpu5->cpu5_L2C WRITE        ACCESS:     676950 HIT:     675799 MISS:       1151 MSHR_MERGE:          0
cpu5->cpu5_L2C TRANSLATION  ACCESS:        401 HIT:         22 MISS:        379 MSHR_MERGE:          0
cpu5->cpu5_L2C PREFETCH REQUESTED:          0 ISSUED:          0 USEFUL:          0 USELESS:          0
cpu5->cpu5_L2C AVERAGE MISS LATENCY: 379.8 cycles
cpu5->cpu5_L1I TOTAL        ACCESS:   19117083 HIT:   17778041 MISS:    1339042 MSHR_MERGE:     632074
cpu5->cpu5_L1I LOAD         ACCESS:   19117083 HIT:   17778041 MISS:    1339042 MSHR_MERGE:     632074
cpu5->cpu5_L1I RFO          ACCESS:          0 HIT:          0 MISS:          0 MSHR_MERGE:          0
cpu5->cpu5_L1I PREFETCH     ACCESS:          0 HIT:          0 MISS:          0 MSHR_MERGE:          0
cpu5->cpu5_L1I WRITE        ACCESS:          0 HIT:          0 MISS:          0 MSHR_MERGE:          0
cpu5->cpu5_L1I TRANSLATION  ACCESS:          0 HIT:          0 MISS:          0 MSHR_MERGE:          0
cpu5->cpu5_L1I PREFETCH REQUESTED:          0 ISSUED:          0 USEFUL:          0 USELESS:          0
cpu5->cpu5_L1I AVERAGE MISS LATENCY: 133.6 cycles
cpu5->cpu5_L1D TOTAL        ACCESS:   34341219 HIT:   29230081 MISS:    5111138 MSHR_MERGE:    3639354
cpu5->cpu5_L1D LOAD         ACCESS:   14184893 HIT:   12269020 MISS:    1915873 MSHR_MERGE:     864612
cpu5->cpu5_L1D RFO          ACCESS:          0 HIT:          0 MISS:          0 MSHR_MERGE:          0
cpu5->cpu5_L1D PREFETCH     ACCESS:          0 HIT:          0 MISS:          0 MSHR_MERGE:          0
cpu5->cpu5_L1D WRITE        ACCESS:   20155914 HIT:   16961054 MISS:    3194860 MSHR_MERGE:    2774738
cpu5->cpu5_L1D TRANSLATION  ACCESS:        412 HIT:          7 MISS:        405 MSHR_MERGE:          4
cpu5->cpu5_L1D PREFETCH REQUESTED:          0 ISSUED:          0 USEFUL:          0 USELESS:          0
cpu5->cpu5_L1D AVERAGE MISS LATENCY: 316.3 cycles
cpu5->cpu5_ITLB TOTAL        ACCESS:   16493857 HIT:   16493802 MISS:         55 MSHR_MERGE:         35
cpu5->cpu5_ITLB LOAD         ACCESS:   16493857 HIT:   16493802 MISS:         55 MSHR_MERGE:         35
cpu5->cpu5_ITLB RFO          ACCESS:          0 HIT:          0 MISS:          0 MSHR_MERGE:          0
cpu5->cpu5_ITLB PREFETCH     ACCESS:          0 HIT:          0 MISS:          0 MSHR_MERGE:          0
cpu5->cpu5_ITLB WRITE        ACCESS:          0 HIT:          0 MISS:          0 MSHR_MERGE:          0
cpu5->cpu5_ITLB TRANSLATION  ACCESS:          0 HIT:          0 MISS:          0 MSHR_MERGE:          0
cpu5->cpu5_ITLB PREFETCH REQUESTED:          0 ISSUED:          0 USEFUL:          0 USELESS:          0
cpu5->cpu5_ITLB AVERAGE MISS LATENCY: 304.8 cycles
cpu5->cpu5_DTLB TOTAL        ACCESS:   31278180 HIT:   30757361 MISS:     520819 MSHR_MERGE:     172563
cpu5->cpu5_DTLB LOAD         ACCESS:   31278180 HIT:   30757361 MISS:     520819 MSHR_MERGE:     172563
cpu5->cpu5_DTLB RFO          ACCESS:          0 HIT:          0 MISS:          0 MSHR_MERGE:          0
cpu5->cpu5_DTLB PREFETCH     ACCESS:          0 HIT:          0 MISS:          0 MSHR_MERGE:          0
cpu5->cpu5_DTLB WRITE        ACCESS:          0 HIT:          0 MISS:          0 MSHR_MERGE:          0
cpu5->cpu5_DTLB TRANSLATION  ACCESS:          0 HIT:          0 MISS:          0 MSHR_MERGE:          0
cpu5->cpu5_DTLB PREFETCH REQUESTED:          0 ISSUED:          0 USEFUL:          0 USELESS:          0
cpu5->cpu5_DTLB AVERAGE MISS LATENCY: 5.355 cycles
cpu4->cpu4_STLB TOTAL        ACCESS:     348084 HIT:     347736 MISS:        348 MSHR_MERGE:          0
cpu4->cpu4_STLB LOAD         ACCESS:     348084 HIT:     347736 MISS:        348 MSHR_MERGE:          0
cpu4->cpu4_STLB RFO          ACCESS:          0 HIT:          0 MISS:          0 MSHR_MERGE:          0
cpu4->cpu4_STLB PREFETCH     ACCESS:          0 HIT:          0 MISS:          0 MSHR_MERGE:          0
cpu4->cpu4_STLB WRITE        ACCESS:          0 HIT:          0 MISS:          0 MSHR_MERGE:          0
cpu4->cpu4_STLB TRANSLATION  ACCESS:          0 HIT:          0 MISS:          0 MSHR_MERGE:          0
cpu4->cpu4_STLB PREFETCH REQUESTED:          0 ISSUED:          0 USEFUL:          0 USELESS:          0
cpu4->cpu4_STLB AVERAGE MISS LATENCY: 359.9 cycles
cpu4->cpu4_L2C TOTAL        ACCESS:    2853367 HIT:    1428777 MISS:    1424590 MSHR_MERGE:          0
cpu4->cpu4_L2C LOAD         ACCESS:    1756779 HIT:     710490 MISS:    1046289 MSHR_MERGE:          0
cpu4->cpu4_L2C RFO          ACCESS:     419814 HIT:      43027 MISS:     376787 MSHR_MERGE:          0
cpu4->cpu4_L2C PREFETCH     ACCESS:          0 HIT:          0 MISS:          0 MSHR_MERGE:          0
cpu4->cpu4_L2C WRITE        ACCESS:     676377 HIT:     675237 MISS:       1140 MSHR_MERGE:          0
cpu4->cpu4_L2C TRANSLATION  ACCESS:        397 HIT:         23 MISS:        374 MSHR_MERGE:          0
cpu4->cpu4_L2C PREFETCH REQUESTED:          0 ISSUED:          0 USEFUL:          0 USELESS:          0
cpu4->cpu4_L2C AVERAGE MISS LATENCY: 380.3 cycles
cpu4->cpu4_L1I TOTAL        ACCESS:   19081061 HIT:   17742677 MISS:    1338384 MSHR_MERGE:     631844
cpu4->cpu4_L1I LOAD         ACCESS:   19081061 HIT:   17742677 MISS:    1338384 MSHR_MERGE:     631844
cpu4->cpu4_L1I RFO          ACCESS:          0 HIT:          0 MISS:          0 MSHR_MERGE:          0
cpu4->cpu4_L1I PREFETCH     ACCESS:          0 HIT:          0 MISS:          0 MSHR_MERGE:          0
cpu4->cpu4_L1I WRITE        ACCESS:          0 HIT:          0 MISS:          0 MSHR_MERGE:          0
cpu4->cpu4_L1I TRANSLATION  ACCESS:          0 HIT:          0 MISS:          0 MSHR_MERGE:          0
cpu4->cpu4_L1I PREFETCH REQUESTED:          0 ISSUED:          0 USEFUL:          0 USELESS:          0
cpu4->cpu4_L1I AVERAGE MISS LATENCY: 132.9 cycles
cpu4->cpu4_L1D TOTAL        ACCESS:   34284277 HIT:   29177916 MISS:    5106361 MSHR_MERGE:    3635873
cpu4->cpu4_L1D LOAD         ACCESS:   14154548 HIT:   12241293 MISS:    1913255 MSHR_MERGE:     863007
cpu4->cpu4_L1D RFO          ACCESS:          0 HIT:          0 MISS:          0 MSHR_MERGE:          0
cpu4->cpu4_L1D PREFETCH     ACCESS:          0 HIT:          0 MISS:          0 MSHR_MERGE:          0
cpu4->cpu4_L1D WRITE        ACCESS:   20129320 HIT:   16936616 MISS:    3192704 MSHR_MERGE:    2772861
cpu4->cpu4_L1D TRANSLATION  ACCESS:        409 HIT:          7 MISS:        402 MSHR_MERGE:          5
cpu4->cpu4_L1D PREFETCH REQUESTED:          0 ISSUED:          0 USEFUL:          0 USELESS:          0
cpu4->cpu4_L1D AVERAGE MISS LATENCY: 317.2 cycles
cpu4->cpu4_ITLB TOTAL        ACCESS:   16461146 HIT:   16461089 MISS:         57 MSHR_MERGE:         37
cpu4->cpu4_ITLB LOAD         ACCESS:   16461146 HIT:   16461089 MISS:         57 MSHR_MERGE:         37
cpu4->cpu4_ITLB RFO          ACCESS:          0 HIT:          0 MISS:          0 MSHR_MERGE:          0
cpu4->cpu4_ITLB PREFETCH     ACCESS:          0 HIT:          0 MISS:          0 MSHR_MERGE:          0
cpu4->cpu4_ITLB WRITE        ACCESS:          0 HIT:          0 MISS:          0 MSHR_MERGE:          0
cpu4->cpu4_ITLB TRANSLATION  ACCESS:          0 HIT:          0 MISS:          0 MSHR_MERGE:          0
cpu4->cpu4_ITLB PREFETCH REQUESTED:          0 ISSUED:          0 USEFUL:          0 USELESS:          0
cpu4->cpu4_ITLB AVERAGE MISS LATENCY: 289 cycles
cpu4->cpu4_DTLB TOTAL        ACCESS:   31225788 HIT:   30704877 MISS:     520911 MSHR_MERGE:     172847
cpu4->cpu4_DTLB LOAD         ACCESS:   31225788 HIT:   30704877 MISS:     520911 MSHR_MERGE:     172847
cpu4->cpu4_DTLB RFO          ACCESS:          0 HIT:          0 MISS:          0 MSHR_MERGE:          0
cpu4->cpu4_DTLB PREFETCH     ACCESS:          0 HIT:          0 MISS:          0 MSHR_MERGE:          0
cpu4->cpu4_DTLB WRITE        ACCESS:          0 HIT:          0 MISS:          0 MSHR_MERGE:          0
cpu4->cpu4_DTLB TRANSLATION  ACCESS:          0 HIT:          0 MISS:          0 MSHR_MERGE:          0
cpu4->cpu4_DTLB PREFETCH REQUESTED:          0 ISSUED:          0 USEFUL:          0 USELESS:          0
cpu4->cpu4_DTLB AVERAGE MISS LATENCY: 5.346 cycles
cpu3->cpu3_STLB TOTAL        ACCESS:     348365 HIT:     348017 MISS:        348 MSHR_MERGE:          0
cpu3->cpu3_STLB LOAD         ACCESS:     348365 HIT:     348017 MISS:        348 MSHR_MERGE:          0
cpu3->cpu3_STLB RFO          ACCESS:          0 HIT:          0 MISS:          0 MSHR_MERGE:          0
cpu3->cpu3_STLB PREFETCH     ACCESS:          0 HIT:          0 MISS:          0 MSHR_MERGE:          0
cpu3->cpu3_STLB WRITE        ACCESS:          0 HIT:          0 MISS:          0 MSHR_MERGE:          0
cpu3->cpu3_STLB TRANSLATION  ACCESS:          0 HIT:          0 MISS:          0 MSHR_MERGE:          0
cpu3->cpu3_STLB PREFETCH REQUESTED:          0 ISSUED:          0 USEFUL:          0 USELESS:          0
cpu3->cpu3_STLB AVERAGE MISS LATENCY: 383.2 cycles
cpu3->cpu3_L2C TOTAL        ACCESS:    2852276 HIT:    1428418 MISS:    1423858 MSHR_MERGE:          0
cpu3->cpu3_L2C LOAD         ACCESS:    1756358 HIT:     710511 MISS:    1045847 MSHR_MERGE:          0
cpu3->cpu3_L2C RFO          ACCESS:     419478 HIT:      42990 MISS:     376488 MSHR_MERGE:          0
cpu3->cpu3_L2C PREFETCH     ACCESS:          0 HIT:          0 MISS:          0 MSHR_MERGE:          0
cpu3->cpu3_L2C WRITE        ACCESS:     676039 HIT:     674894 MISS:       1145 MSHR_MERGE:          0
cpu3->cpu3_L2C TRANSLATION  ACCESS:        401 HIT:         23 MISS:        378 MSHR_MERGE:          0
cpu3->cpu3_L2C PREFETCH REQUESTED:          0 ISSUED:          0 USEFUL:          0 USELESS:          0
cpu3->cpu3_L2C AVERAGE MISS LATENCY: 377.1 cycles
cpu3->cpu3_L1I TOTAL        ACCESS:   19137452 HIT:   17799398 MISS:    1338054 MSHR_MERGE:     631602
cpu3->cpu3_L1I LOAD         ACCESS:   19137452 HIT:   17799398 MISS:    1338054 MSHR_MERGE:     631602
cpu3->cpu3_L1I RFO          ACCESS:          0 HIT:          0 MISS:          0 MSHR_MERGE:          0
cpu3->cpu3_L1I PREFETCH     ACCESS:          0 HIT:          0 MISS:          0 MSHR_MERGE:          0
cpu3->cpu3_L1I WRITE        ACCESS:          0 HIT:          0 MISS:          0 MSHR_MERGE:          0
cpu3->cpu3_L1I TRANSLATION  ACCESS:          0 HIT:          0 MISS:          0 MSHR_MERGE:          0
cpu3->cpu3_L1I PREFETCH REQUESTED:          0 ISSUED:          0 USEFUL:          0 USELESS:          0
cpu3->cpu3_L1I AVERAGE MISS LATENCY: 131.8 cycles
cpu3->cpu3_L1D TOTAL        ACCESS:   34382883 HIT:   29285032 MISS:    5097851 MSHR_MERGE:    3628031
cpu3->cpu3_L1D LOAD         ACCESS:   14228123 HIT:   12314633 MISS:    1913490 MSHR_MERGE:     863576
cpu3->cpu3_L1D RFO          ACCESS:          0 HIT:          0 MISS:          0 MSHR_MERGE:          0
cpu3->cpu3_L1D PREFETCH     ACCESS:          0 HIT:          0 MISS:          0 MSHR_MERGE:          0
cpu3->cpu3_L1D WRITE        ACCESS:   20154348 HIT:   16970392 MISS:    3183956 MSHR_MERGE:    2764451
cpu3->cpu3_L1D TRANSLATION  ACCESS:        412 HIT:          7 MISS:        405 MSHR_MERGE:          4
cpu3->cpu3_L1D PREFETCH REQUESTED:          0 ISSUED:          0 USEFUL:          0 USELESS:          0
cpu3->cpu3_L1D AVERAGE MISS LATENCY: 314.6 cycles
cpu3->cpu3_ITLB TOTAL        ACCESS:   16523187 HIT:   16523124 MISS:         63 MSHR_MERGE:         43
cpu3->cpu3_ITLB LOAD         ACCESS:   16523187 HIT:   16523124 MISS:         63 MSHR_MERGE:         43
cpu3->cpu3_ITLB RFO          ACCESS:          0 HIT:          0 MISS:          0 MSHR_MERGE:          0
cpu3->cpu3_ITLB PREFETCH     ACCESS:          0 HIT:          0 MISS:          0 MSHR_MERGE:          0
cpu3->cpu3_ITLB WRITE        ACCESS:          0 HIT:          0 MISS:          0 MSHR_MERGE:          0
cpu3->cpu3_ITLB TRANSLATION  ACCESS:          0 HIT:          0 MISS:          0 MSHR_MERGE:          0
cpu3->cpu3_ITLB PREFETCH REQUESTED:          0 ISSUED:          0 USEFUL:          0 USELESS:          0
cpu3->cpu3_ITLB AVERAGE MISS LATENCY: 343.2 cycles
cpu3->cpu3_DTLB TOTAL        ACCESS:   31376842 HIT:   30855119 MISS:     521723 MSHR_MERGE:     173378
cpu3->cpu3_DTLB LOAD         ACCESS:   31376842 HIT:   30855119 MISS:     521723 MSHR_MERGE:     173378
cpu3->cpu3_DTLB RFO          ACCESS:          0 HIT:          0 MISS:          0 MSHR_MERGE:          0
cpu3->cpu3_DTLB PREFETCH     ACCESS:          0 HIT:          0 MISS:          0 MSHR_MERGE:          0
cpu3->cpu3_DTLB WRITE        ACCESS:          0 HIT:          0 MISS:          0 MSHR_MERGE:          0
cpu3->cpu3_DTLB TRANSLATION  ACCESS:          0 HIT:          0 MISS:          0 MSHR_MERGE:          0
cpu3->cpu3_DTLB PREFETCH REQUESTED:          0 ISSUED:          0 USEFUL:          0 USELESS:          0
cpu3->cpu3_DTLB AVERAGE MISS LATENCY: 5.366 cycles
cpu2->cpu2_STLB TOTAL        ACCESS:     348084 HIT:     347736 MISS:        348 MSHR_MERGE:          0
cpu2->cpu2_STLB LOAD         ACCESS:     348084 HIT:     347736 MISS:        348 MSHR_MERGE:          0
cpu2->cpu2_STLB RFO          ACCESS:          0 HIT:          0 MISS:          0 MSHR_MERGE:          0
cpu2->cpu2_STLB PREFETCH     ACCESS:          0 HIT:          0 MISS:          0 MSHR_MERGE:          0
cpu2->cpu2_STLB WRITE        ACCESS:          0 HIT:          0 MISS:          0 MSHR_MERGE:          0
cpu2->cpu2_STLB TRANSLATION  ACCESS:          0 HIT:          0 MISS:          0 MSHR_MERGE:          0
cpu2->cpu2_STLB PREFETCH REQUESTED:          0 ISSUED:          0 USEFUL:          0 USELESS:          0
cpu2->cpu2_STLB AVERAGE MISS LATENCY: 341.3 cycles
cpu2->cpu2_L2C TOTAL        ACCESS:    2851116 HIT:    1427619 MISS:    1423497 MSHR_MERGE:          0
cpu2->cpu2_L2C LOAD         ACCESS:    1755476 HIT:     710015 MISS:    1045461 MSHR_MERGE:          0
cpu2->cpu2_L2C RFO          ACCESS:     419502 HIT:      42985 MISS:     376517 MSHR_MERGE:          0
cpu2->cpu2_L2C PREFETCH     ACCESS:          0 HIT:          0 MISS:          0 MSHR_MERGE:          0
cpu2->cpu2_L2C WRITE        ACCESS:     675738 HIT:     674596 MISS:       1142 MSHR_MERGE:          0
cpu2->cpu2_L2C TRANSLATION  ACCESS:        400 HIT:         23 MISS:        377 MSHR_MERGE:          0
cpu2->cpu2_L2C PREFETCH REQUESTED:          0 ISSUED:          0 USEFUL:          0 USELESS:          0
cpu2->cpu2_L2C AVERAGE MISS LATENCY: 381 cycles
cpu2->cpu2_L1I TOTAL        ACCESS:   19082046 HIT:   17744251 MISS:    1337795 MSHR_MERGE:     631343
cpu2->cpu2_L1I LOAD         ACCESS:   19082046 HIT:   17744251 MISS:    1337795 MSHR_MERGE:     631343
cpu2->cpu2_L1I RFO          ACCESS:          0 HIT:          0 MISS:          0 MSHR_MERGE:          0
cpu2->cpu2_L1I PREFETCH     ACCESS:          0 HIT:          0 MISS:          0 MSHR_MERGE:          0
cpu2->cpu2_L1I WRITE        ACCESS:          0 HIT:          0 MISS:          0 MSHR_MERGE:          0
cpu2->cpu2_L1I TRANSLATION  ACCESS:          0 HIT:          0 MISS:          0 MSHR_MERGE:          0
cpu2->cpu2_L1I PREFETCH REQUESTED:          0 ISSUED:          0 USEFUL:          0 USELESS:          0
cpu2->cpu2_L1I AVERAGE MISS LATENCY: 133 cycles
cpu2->cpu2_L1D TOTAL        ACCESS:   34283547 HIT:   29186799 MISS:    5096748 MSHR_MERGE:    3627794
cpu2->cpu2_L1D LOAD         ACCESS:   14164257 HIT:   12251821 MISS:    1912436 MSHR_MERGE:     863403
cpu2->cpu2_L1D RFO          ACCESS:          0 HIT:          0 MISS:          0 MSHR_MERGE:          0
cpu2->cpu2_L1D PREFETCH     ACCESS:          0 HIT:          0 MISS:          0 MSHR_MERGE:          0
cpu2->cpu2_L1D WRITE        ACCESS:   20118879 HIT:   16934971 MISS:    3183908 MSHR_MERGE:    2764387
cpu2->cpu2_L1D TRANSLATION  ACCESS:        411 HIT:          7 MISS:        404 MSHR_MERGE:          4
cpu2->cpu2_L1D PREFETCH REQUESTED:          0 ISSUED:          0 USEFUL:          0 USELESS:          0
cpu2->cpu2_L1D AVERAGE MISS LATENCY: 317.8 cycles
cpu2->cpu2_ITLB TOTAL        ACCESS:   16463229 HIT:   16463162 MISS:         67 MSHR_MERGE:         47
cpu2->cpu2_ITLB LOAD         ACCESS:   16463229 HIT:   16463162 MISS:         67 MSHR_MERGE:         47
cpu2->cpu2_ITLB RFO          ACCESS:          0 HIT:          0 MISS:          0 MSHR_MERGE:          0
cpu2->cpu2_ITLB PREFETCH     ACCESS:          0 HIT:          0 MISS:          0 MSHR_MERGE:          0
cpu2->cpu2_ITLB WRITE        ACCESS:          0 HIT:          0 MISS:          0 MSHR_MERGE:          0
cpu2->cpu2_ITLB TRANSLATION  ACCESS:          0 HIT:          0 MISS:          0 MSHR_MERGE:          0
cpu2->cpu2_ITLB PREFETCH REQUESTED:          0 ISSUED:          0 USEFUL:          0 USELESS:          0
cpu2->cpu2_ITLB AVERAGE MISS LATENCY: 283.5 cycles
cpu2->cpu2_DTLB TOTAL        ACCESS:   31228231 HIT:   30707667 MISS:     520564 MSHR_MERGE:     172500
cpu2->cpu2_DTLB LOAD         ACCESS:   31228231 HIT:   30707667 MISS:     520564 MSHR_MERGE:     172500
cpu2->cpu2_DTLB RFO          ACCESS:          0 HIT:          0 MISS:          0 MSHR_MERGE:          0
cpu2->cpu2_DTLB PREFETCH     ACCESS:          0 HIT:          0 MISS:          0 MSHR_MERGE:          0
cpu2->cpu2_DTLB WRITE        ACCESS:          0 HIT:          0 MISS:          0 MSHR_MERGE:          0
cpu2->cpu2_DTLB TRANSLATION  ACCESS:          0 HIT:          0 MISS:          0 MSHR_MERGE:          0
cpu2->cpu2_DTLB PREFETCH REQUESTED:          0 ISSUED:          0 USEFUL:          0 USELESS:          0
cpu2->cpu2_DTLB AVERAGE MISS LATENCY: 5.328 cycles
cpu1->cpu1_STLB TOTAL        ACCESS:     348147 HIT:     347799 MISS:        348 MSHR_MERGE:          0
cpu1->cpu1_STLB LOAD         ACCESS:     348147 HIT:     347799 MISS:        348 MSHR_MERGE:          0
cpu1->cpu1_STLB RFO          ACCESS:          0 HIT:          0 MISS:          0 MSHR_MERGE:          0
cpu1->cpu1_STLB PREFETCH     ACCESS:          0 HIT:          0 MISS:          0 MSHR_MERGE:          0
cpu1->cpu1_STLB WRITE        ACCESS:          0 HIT:          0 MISS:          0 MSHR_MERGE:          0
cpu1->cpu1_STLB TRANSLATION  ACCESS:          0 HIT:          0 MISS:          0 MSHR_MERGE:          0
cpu1->cpu1_STLB PREFETCH REQUESTED:          0 ISSUED:          0 USEFUL:          0 USELESS:          0
cpu1->cpu1_STLB AVERAGE MISS LATENCY: 348.7 cycles
cpu1->cpu1_L2C TOTAL        ACCESS:    2849502 HIT:    1426728 MISS:    1422774 MSHR_MERGE:          0
cpu1->cpu1_L2C LOAD         ACCESS:    1754443 HIT:     709426 MISS:    1045017 MSHR_MERGE:          0
cpu1->cpu1_L2C RFO          ACCESS:     419229 HIT:      42987 MISS:     376242 MSHR_MERGE:          0
cpu1->cpu1_L2C PREFETCH     ACCESS:          0 HIT:          0 MISS:          0 MSHR_MERGE:          0
cpu1->cpu1_L2C WRITE        ACCESS:     675432 HIT:     674292 MISS:       1140 MSHR_MERGE:          0
cpu1->cpu1_L2C TRANSLATION  ACCESS:        398 HIT:         23 MISS:        375 MSHR_MERGE:          0
cpu1->cpu1_L2C PREFETCH REQUESTED:          0 ISSUED:          0 USEFUL:          0 USELESS:          0
cpu1->cpu1_L2C AVERAGE MISS LATENCY: 378.2 cycles
cpu1->cpu1_L1I TOTAL        ACCESS:   19076913 HIT:   17739230 MISS:    1337683 MSHR_MERGE:     631543
cpu1->cpu1_L1I LOAD         ACCESS:   19076913 HIT:   17739230 MISS:    1337683 MSHR_MERGE:     631543
cpu1->cpu1_L1I RFO          ACCESS:          0 HIT:          0 MISS:          0 MSHR_MERGE:          0
cpu1->cpu1_L1I PREFETCH     ACCESS:          0 HIT:          0 MISS:          0 MSHR_MERGE:          0
cpu1->cpu1_L1I WRITE        ACCESS:          0 HIT:          0 MISS:          0 MSHR_MERGE:          0
cpu1->cpu1_L1I TRANSLATION  ACCESS:          0 HIT:          0 MISS:          0 MSHR_MERGE:          0
cpu1->cpu1_L1I PREFETCH REQUESTED:          0 ISSUED:          0 USEFUL:          0 USELESS:          0
cpu1->cpu1_L1I AVERAGE MISS LATENCY: 131.7 cycles
cpu1->cpu1_L1D TOTAL        ACCESS:   34266414 HIT:   29176870 MISS:    5089544 MSHR_MERGE:    3621581
cpu1->cpu1_L1D LOAD         ACCESS:   14158795 HIT:   12250391 MISS:    1908404 MSHR_MERGE:     860092
cpu1->cpu1_L1D RFO          ACCESS:          0 HIT:          0 MISS:          0 MSHR_MERGE:          0
cpu1->cpu1_L1D PREFETCH     ACCESS:          0 HIT:          0 MISS:          0 MSHR_MERGE:          0
cpu1->cpu1_L1D WRITE        ACCESS:   20107209 HIT:   16926472 MISS:    3180737 MSHR_MERGE:    2761484
cpu1->cpu1_L1D TRANSLATION  ACCESS:        410 HIT:          7 MISS:        403 MSHR_MERGE:          5
cpu1->cpu1_L1D PREFETCH REQUESTED:          0 ISSUED:          0 USEFUL:          0 USELESS:          0
cpu1->cpu1_L1D AVERAGE MISS LATENCY: 315.8 cycles
cpu1->cpu1_ITLB TOTAL        ACCESS:   16472707 HIT:   16472644 MISS:         63 MSHR_MERGE:         43
cpu1->cpu1_ITLB LOAD         ACCESS:   16472707 HIT:   16472644 MISS:         63 MSHR_MERGE:         43
cpu1->cpu1_ITLB RFO          ACCESS:          0 HIT:          0 MISS:          0 MSHR_MERGE:          0
cpu1->cpu1_ITLB PREFETCH     ACCESS:          0 HIT:          0 MISS:          0 MSHR_MERGE:          0
cpu1->cpu1_ITLB WRITE        ACCESS:          0 HIT:          0 MISS:          0 MSHR_MERGE:          0
cpu1->cpu1_ITLB TRANSLATION  ACCESS:          0 HIT:          0 MISS:          0 MSHR_MERGE:          0
cpu1->cpu1_ITLB PREFETCH REQUESTED:          0 ISSUED:          0 USEFUL:          0 USELESS:          0
cpu1->cpu1_ITLB AVERAGE MISS LATENCY: 294.6 cycles
cpu1->cpu1_DTLB TOTAL        ACCESS:   31219130 HIT:   30698684 MISS:     520446 MSHR_MERGE:     172319
cpu1->cpu1_DTLB LOAD         ACCESS:   31219130 HIT:   30698684 MISS:     520446 MSHR_MERGE:     172319
cpu1->cpu1_DTLB RFO          ACCESS:          0 HIT:          0 MISS:          0 MSHR_MERGE:          0
cpu1->cpu1_DTLB PREFETCH     ACCESS:          0 HIT:          0 MISS:          0 MSHR_MERGE:          0
cpu1->cpu1_DTLB WRITE        ACCESS:          0 HIT:          0 MISS:          0 MSHR_MERGE:          0
cpu1->cpu1_DTLB TRANSLATION  ACCESS:          0 HIT:          0 MISS:          0 MSHR_MERGE:          0
cpu1->cpu1_DTLB PREFETCH REQUESTED:          0 ISSUED:          0 USEFUL:          0 USELESS:          0
cpu1->cpu1_DTLB AVERAGE MISS LATENCY: 5.335 cycles
cpu0->cpu0_STLB TOTAL        ACCESS:     347308 HIT:     346960 MISS:        348 MSHR_MERGE:          0
cpu0->cpu0_STLB LOAD         ACCESS:     347308 HIT:     346960 MISS:        348 MSHR_MERGE:          0
cpu0->cpu0_STLB RFO          ACCESS:          0 HIT:          0 MISS:          0 MSHR_MERGE:          0
cpu0->cpu0_STLB PREFETCH     ACCESS:          0 HIT:          0 MISS:          0 MSHR_MERGE:          0
cpu0->cpu0_STLB WRITE        ACCESS:          0 HIT:          0 MISS:          0 MSHR_MERGE:          0
cpu0->cpu0_STLB TRANSLATION  ACCESS:          0 HIT:          0 MISS:          0 MSHR_MERGE:          0
cpu0->cpu0_STLB PREFETCH REQUESTED:          0 ISSUED:          0 USEFUL:          0 USELESS:          0
cpu0->cpu0_STLB AVERAGE MISS LATENCY: 353.8 cycles
cpu0->cpu0_L2C TOTAL        ACCESS:    2845490 HIT:    1423646 MISS:    1421844 MSHR_MERGE:          0
cpu0->cpu0_L2C LOAD         ACCESS:    1751392 HIT:     707158 MISS:    1044234 MSHR_MERGE:          0
cpu0->cpu0_L2C RFO          ACCESS:     419064 HIT:      42963 MISS:     376101 MSHR_MERGE:          0
cpu0->cpu0_L2C PREFETCH     ACCESS:          0 HIT:          0 MISS:          0 MSHR_MERGE:          0
cpu0->cpu0_L2C WRITE        ACCESS:     674633 HIT:     673502 MISS:       1131 MSHR_MERGE:          0
cpu0->cpu0_L2C TRANSLATION  ACCESS:        401 HIT:         23 MISS:        378 MSHR_MERGE:          0
cpu0->cpu0_L2C PREFETCH REQUESTED:          0 ISSUED:          0 USEFUL:          0 USELESS:          0
cpu0->cpu0_L2C AVERAGE MISS LATENCY: 381.9 cycles
cpu0->cpu0_L1I TOTAL        ACCESS:   18979732 HIT:   17643953 MISS:    1335779 MSHR_MERGE:     630661
cpu0->cpu0_L1I LOAD         ACCESS:   18979732 HIT:   17643953 MISS:    1335779 MSHR_MERGE:     630661
cpu0->cpu0_L1I RFO          ACCESS:          0 HIT:          0 MISS:          0 MSHR_MERGE:          0
cpu0->cpu0_L1I PREFETCH     ACCESS:          0 HIT:          0 MISS:          0 MSHR_MERGE:          0
cpu0->cpu0_L1I WRITE        ACCESS:          0 HIT:          0 MISS:          0 MSHR_MERGE:          0
cpu0->cpu0_L1I TRANSLATION  ACCESS:          0 HIT:          0 MISS:          0 MSHR_MERGE:          0
cpu0->cpu0_L1I PREFETCH REQUESTED:          0 ISSUED:          0 USEFUL:          0 USELESS:          0
cpu0->cpu0_L1I AVERAGE MISS LATENCY: 133.8 cycles
cpu0->cpu0_L1D TOTAL        ACCESS:   34140784 HIT:   29044310 MISS:    5096474 MSHR_MERGE:    3630711
cpu0->cpu0_L1D LOAD         ACCESS:   14077971 HIT:   12169450 MISS:    1908521 MSHR_MERGE:     862237
cpu0->cpu0_L1D RFO          ACCESS:          0 HIT:          0 MISS:          0 MSHR_MERGE:          0
cpu0->cpu0_L1D PREFETCH     ACCESS:          0 HIT:          0 MISS:          0 MSHR_MERGE:          0
cpu0->cpu0_L1D WRITE        ACCESS:   20062401 HIT:   16874853 MISS:    3187548 MSHR_MERGE:    2768470
cpu0->cpu0_L1D TRANSLATION  ACCESS:        412 HIT:          7 MISS:        405 MSHR_MERGE:          4
cpu0->cpu0_L1D PREFETCH REQUESTED:          0 ISSUED:          0 USEFUL:          0 USELESS:          0
cpu0->cpu0_L1D AVERAGE MISS LATENCY: 318.6 cycles
cpu0->cpu0_ITLB TOTAL        ACCESS:   16391181 HIT:   16391121 MISS:         60 MSHR_MERGE:         40
cpu0->cpu0_ITLB LOAD         ACCESS:   16391181 HIT:   16391121 MISS:         60 MSHR_MERGE:         40
cpu0->cpu0_ITLB RFO          ACCESS:          0 HIT:          0 MISS:          0 MSHR_MERGE:          0
cpu0->cpu0_ITLB PREFETCH     ACCESS:          0 HIT:          0 MISS:          0 MSHR_MERGE:          0
cpu0->cpu0_ITLB WRITE        ACCESS:          0 HIT:          0 MISS:          0 MSHR_MERGE:          0
cpu0->cpu0_ITLB TRANSLATION  ACCESS:          0 HIT:          0 MISS:          0 MSHR_MERGE:          0
cpu0->cpu0_ITLB PREFETCH REQUESTED:          0 ISSUED:          0 USEFUL:          0 USELESS:          0
cpu0->cpu0_ITLB AVERAGE MISS LATENCY: 315.6 cycles
cpu0->cpu0_DTLB TOTAL        ACCESS:   31152212 HIT:   30631833 MISS:     520379 MSHR_MERGE:     173091
cpu0->cpu0_DTLB LOAD         ACCESS:   31152212 HIT:   30631833 MISS:     520379 MSHR_MERGE:     173091
cpu0->cpu0_DTLB RFO          ACCESS:          0 HIT:          0 MISS:          0 MSHR_MERGE:          0
cpu0->cpu0_DTLB PREFETCH     ACCESS:          0 HIT:          0 MISS:          0 MSHR_MERGE:          0
cpu0->cpu0_DTLB WRITE        ACCESS:          0 HIT:          0 MISS:          0 MSHR_MERGE:          0
cpu0->cpu0_DTLB TRANSLATION  ACCESS:          0 HIT:          0 MISS:          0 MSHR_MERGE:          0
cpu0->cpu0_DTLB PREFETCH REQUESTED:          0 ISSUED:          0 USEFUL:          0 USELESS:          0
cpu0->cpu0_DTLB AVERAGE MISS LATENCY: 5.339 cycles
cpu0->LLC TOTAL        ACCESS:    1993995 HIT:     763798 MISS:    1230197 MSHR_MERGE:          0
cpu0->LLC LOAD         ACCESS:    1044234 HIT:     230285 MISS:     813949 MSHR_MERGE:          0
cpu0->LLC RFO          ACCESS:     376101 HIT:      10996 MISS:     365105 MSHR_MERGE:          0
cpu0->LLC PREFETCH     ACCESS:          0 HIT:          0 MISS:          0 MSHR_MERGE:          0
cpu0->LLC WRITE        ACCESS:     573282 HIT:     522205 MISS:      51077 MSHR_MERGE:          0
cpu0->LLC TRANSLATION  ACCESS:        378 HIT:        312 MISS:         66 MSHR_MERGE:          0
cpu0->LLC PREFETCH REQUESTED:          0 ISSUED:          0 USEFUL:          0 USELESS:          0
cpu0->LLC AVERAGE MISS LATENCY: 3339 cycles
cpu1->LLC TOTAL        ACCESS:    1995494 HIT:     762809 MISS:    1232685 MSHR_MERGE:          0
cpu1->LLC LOAD         ACCESS:    1045017 HIT:     230985 MISS:     814032 MSHR_MERGE:          0
cpu1->LLC RFO          ACCESS:     376242 HIT:      11970 MISS:     364272 MSHR_MERGE:          0
cpu1->LLC PREFETCH     ACCESS:          0 HIT:          0 MISS:          0 MSHR_MERGE:          0
cpu1->LLC WRITE        ACCESS:     573860 HIT:     519554 MISS:      54306 MSHR_MERGE:          0
cpu1->LLC TRANSLATION  ACCESS:        375 HIT:        300 MISS:         75 MSHR_MERGE:          0
cpu1->LLC PREFETCH REQUESTED:          0 ISSUED:          0 USEFUL:          0 USELESS:          0
cpu1->LLC AVERAGE MISS LATENCY: 3332 cycles
cpu2->LLC TOTAL        ACCESS:    1996457 HIT:     767886 MISS:    1228571 MSHR_MERGE:          0
cpu2->LLC LOAD         ACCESS:    1045461 HIT:     231924 MISS:     813537 MSHR_MERGE:          0
cpu2->LLC RFO          ACCESS:     376517 HIT:      11881 MISS:     364636 MSHR_MERGE:          0
cpu2->LLC PREFETCH     ACCESS:          0 HIT:          0 MISS:          0 MSHR_MERGE:          0
cpu2->LLC WRITE        ACCESS:     574102 HIT:     523768 MISS:      50334 MSHR_MERGE:          0
cpu2->LLC TRANSLATION  ACCESS:        377 HIT:        313 MISS:         64 MSHR_MERGE:          0
cpu2->LLC PREFETCH REQUESTED:          0 ISSUED:          0 USEFUL:          0 USELESS:          0
cpu2->LLC AVERAGE MISS LATENCY: 3343 cycles
cpu3->LLC TOTAL        ACCESS:    1997013 HIT:     764777 MISS:    1232236 MSHR_MERGE:          0
cpu3->LLC LOAD         ACCESS:    1045847 HIT:     232641 MISS:     813206 MSHR_MERGE:          0
cpu3->LLC RFO          ACCESS:     376488 HIT:      11168 MISS:     365320 MSHR_MERGE:          0
cpu3->LLC PREFETCH     ACCESS:          0 HIT:          0 MISS:          0 MSHR_MERGE:          0
cpu3->LLC WRITE        ACCESS:     574300 HIT:     520672 MISS:      53628 MSHR_MERGE:          0
cpu3->LLC TRANSLATION  ACCESS:        378 HIT:        296 MISS:         82 MSHR_MERGE:          0
cpu3->LLC PREFETCH REQUESTED:          0 ISSUED:          0 USEFUL:          0 USELESS:          0
cpu3->LLC AVERAGE MISS LATENCY: 3333 cycles
cpu4->LLC TOTAL        ACCESS:    1997867 HIT:     767418 MISS:    1230449 MSHR_MERGE:          0
cpu4->LLC LOAD         ACCESS:    1046289 HIT:     231474 MISS:     814815 MSHR_MERGE:          0
cpu4->LLC RFO          ACCESS:     376787 HIT:      11141 MISS:     365646 MSHR_MERGE:          0
cpu4->LLC PREFETCH     ACCESS:          0 HIT:          0 MISS:          0 MSHR_MERGE:          0
cpu4->LLC WRITE        ACCESS:     574417 HIT:     524494 MISS:      49923 MSHR_MERGE:          0
cpu4->LLC TRANSLATION  ACCESS:        374 HIT:        309 MISS:         65 MSHR_MERGE:          0
cpu4->LLC PREFETCH REQUESTED:          0 ISSUED:          0 USEFUL:          0 USELESS:          0
cpu4->LLC AVERAGE MISS LATENCY: 3338 cycles
cpu5->LLC TOTAL        ACCESS:    1998932 HIT:     769735 MISS:    1229197 MSHR_MERGE:          0
cpu5->LLC LOAD         ACCESS:    1046788 HIT:     231880 MISS:     814908 MSHR_MERGE:          0
cpu5->LLC RFO          ACCESS:     377065 HIT:      11061 MISS:     366004 MSHR_MERGE:          0
cpu5->LLC PREFETCH     ACCESS:          0 HIT:          0 MISS:          0 MSHR_MERGE:          0
cpu5->LLC WRITE        ACCESS:     574700 HIT:     526480 MISS:      48220 MSHR_MERGE:          0
cpu5->LLC TRANSLATION  ACCESS:        379 HIT:        314 MISS:         65 MSHR_MERGE:          0
cpu5->LLC PREFETCH REQUESTED:          0 ISSUED:          0 USEFUL:          0 USELESS:          0
cpu5->LLC AVERAGE MISS LATENCY: 3342 cycles
cpu6->LLC TOTAL        ACCESS:    1997087 HIT:     770479 MISS:    1226608 MSHR_MERGE:          0
cpu6->LLC LOAD         ACCESS:    1045893 HIT:     233943 MISS:     811950 MSHR_MERGE:          0
cpu6->LLC RFO          ACCESS:     376840 HIT:      11528 MISS:     365312 MSHR_MERGE:          0
cpu6->LLC PREFETCH     ACCESS:          0 HIT:          0 MISS:          0 MSHR_MERGE:          0
cpu6->LLC WRITE        ACCESS:     573976 HIT:     524694 MISS:      49282 MSHR_MERGE:          0
cpu6->LLC TRANSLATION  ACCESS:        378 HIT:        314 MISS:         64 MSHR_MERGE:          0
cpu6->LLC PREFETCH REQUESTED:          0 ISSUED:          0 USEFUL:          0 USELESS:          0
cpu6->LLC AVERAGE MISS LATENCY: 3349 cycles
cpu7->LLC TOTAL        ACCESS:    2048308 HIT:     846159 MISS:    1202149 MSHR_MERGE:          0
cpu7->LLC LOAD         ACCESS:    1083686 HIT:     279609 MISS:     804077 MSHR_MERGE:          0
cpu7->LLC RFO          ACCESS:     382090 HIT:      12628 MISS:     369462 MSHR_MERGE:          0
cpu7->LLC PREFETCH     ACCESS:          0 HIT:          0 MISS:          0 MSHR_MERGE:          0
cpu7->LLC WRITE        ACCESS:     582152 HIT:     553875 MISS:      28277 MSHR_MERGE:          0
cpu7->LLC TRANSLATION  ACCESS:        380 HIT:         47 MISS:        333 MSHR_MERGE:          0
cpu7->LLC PREFETCH REQUESTED:          0 ISSUED:          0 USEFUL:          0 USELESS:          0
cpu7->LLC AVERAGE MISS LATENCY: 3417 cycles

DRAM Statistics

Channel 0 READ REQS:    4747463	WRITE REQS:    2150110
  READS:    4747319	READ_HITS:          0
  WRITES:    2150075	WRITE HITS:          0
  ACTIVATES:    6897396	PRECHARGES:    6897394
  RQ FULL:     187419	WQ FULL:     136757
  WRITE DRAINS:      56627	FORCED:      45517
  MEAN WRITE IMBALANCE: 1.8145584261924523
  READ OCCU PRE DRAIN: 12.566584844685398	POST DRAIN: 19.8723753686404
  MEAN BLP: 26.922704716831195	BGLP: 7.626008794391368
  READ LATENCY: 106.31262550504822
  TIME IN WRITE MODE: 9377006080

Channel 1 READ REQS:    4679582	WRITE REQS:    2134473
  READS:    4679477	READ_HITS:          0
  WRITES:    2134442	WRITE HITS:          0
  ACTIVATES:    6813920	PRECHARGES:    6813919
  RQ FULL:     242645	WQ FULL:     135881
  WRITE DRAINS:      56692	FORCED:      44202
  MEAN WRITE IMBALANCE: 1.8171170535525294
  READ OCCU PRE DRAIN: 12.030974387920693	POST DRAIN: 19.281962181612926
  MEAN BLP: 26.77832851195936	BGLP: 7.613896140548931
  READ LATENCY: 104.82816199331677
  TIME IN WRITE MODE: 9331933312
BARD NON LRU EVICTS: 724136	TOTAL EVICTS: 16845375	EAGER WB: 3795245
---------------------------------------
Begin Slurm Epilog: Apr-10-2025 06:21:16
Job ID:        3743202
User ID:       svittal8
Account:       gts-mqureshi4-rg
Job name:      wrap
Resources:     cpu=1,mem=4G,node=1
Rsrc Used:     cput=03:12:29,vmem=0,walltime=03:12:29,mem=117432K,energy_used=0
Partition:     cpu-small
QOS:           inferno
Nodes:         atl1-1-02-005-2-1
---------------------------------------
