---------------------------------------
Begin Slurm Prolog: Apr-09-2025 14:42:24
Job ID:    3709084
User ID:   svittal8
Account:   gts-mqureshi4-rg
Job name:  wrap
Partition: cpu-small
QOS:       inferno
---------------------------------------
[VMEM] WARNING: physical memory size is smaller than virtual memory size.

*** ChampSim Multicore Out-of-Order Simulator ***
Warmup Instructions: 25000000
Simulation Instructions: 100000000
Number of CPUs: 8
Page size: 2097152

initializing BARD -- num sampled sets: 64, modulus = 256
CL :	 16.64 ns
CWL :	 15.808 ns
tRP :	 16.224 ns
tRCD :	 16.224 ns
tRAS :	 32.032000000000004 ns
tRTP :	 7.904 ns
tWR :	 30.368000000000002 ns

tCCD_S :	 3.3280000000000003 ns
tCCD_S_WR :	 3.3280000000000003 ns
tCCD_S_WTR :	 22.048000000000002 ns
tCCD_L :	 5.408 ns
tCCD_L_WR :	 20.384 ns
tCCD_L_WTR :	 29.536 ns
tRRD_S :	 3.3280000000000003 ns
tRRD_L :	 5.408 ns
tFAW :	 13.728 ns
Address mapping (perm = 1) 	ch co bg bg bg ba ba co co co co co co ro ro ro ro ro ro ro ro ro ro ro ro ro ro ro 
dram queue size: R = 64 W = 48 (low:high is 8:40)
num evicts: 0, p: 0, s: 0 	 max proactive lookup: 16, max shadow lookup: 16
current cycle = 7169, last update cycle = 0, delta = 7169
	load umon |	misses = 26, hits= 0 0 0 0 0 0 0 0 0 0 0 0 0 0 0 0
	write umon |	misses = 0, hits= 0 0 0 0 0 0 0 0 0 0 0 0 0 0 0 0
num evicts: 100000, p: 484, s: 960 	 max proactive lookup: 16, max shadow lookup: 16
current cycle = 323223, last update cycle = 0, delta = 323223
	load umon |	misses = 1287, hits= 0 0 0 0 0 0 0 0 0 0 0 0 0 0 0 0
	write umon |	misses = 8, hits= 0 0 0 0 0 0 0 0 0 0 0 0 0 0 0 0
num evicts: 200000, p: 694, s: 1652 	 max proactive lookup: 16, max shadow lookup: 16
current cycle = 460391, last update cycle = 0, delta = 460391
	load umon |	misses = 1910, hits= 0 0 0 0 0 0 0 0 0 0 0 0 0 0 0 0
	write umon |	misses = 23, hits= 0 0 0 0 0 0 0 0 0 0 0 0 0 0 0 0
num evicts: 300000, p: 908, s: 2611 	 max proactive lookup: 16, max shadow lookup: 16
current cycle = 581774, last update cycle = 0, delta = 581774
	load umon |	misses = 2255, hits= 0 0 0 0 0 0 0 0 0 0 0 0 0 0 0 0
	write umon |	misses = 23, hits= 0 0 0 0 0 0 0 0 0 0 0 0 0 0 0 0
num evicts: 400000, p: 1091, s: 3727 	 max proactive lookup: 16, max shadow lookup: 16
current cycle = 696467, last update cycle = 0, delta = 696467
	load umon |	misses = 2669, hits= 0 0 0 0 0 0 0 0 0 0 0 0 0 0 0 0
	write umon |	misses = 31, hits= 0 0 0 0 0 0 0 0 0 0 0 0 0 0 0 0
num evicts: 500000, p: 1273, s: 5209 	 max proactive lookup: 16, max shadow lookup: 16
current cycle = 837323, last update cycle = 0, delta = 837323
	load umon |	misses = 3113, hits= 0 0 0 0 0 0 0 0 0 0 0 0 0 0 0 0
	write umon |	misses = 40, hits= 0 0 0 0 0 0 0 0 0 0 0 0 0 0 0 0
num evicts: 600000, p: 1419, s: 6649 	 max proactive lookup: 16, max shadow lookup: 16
current cycle = 946658, last update cycle = 0, delta = 946658
	load umon |	misses = 3511, hits= 0 0 0 0 0 0 0 0 0 0 0 0 0 0 0 0
	write umon |	misses = 40, hits= 0 0 0 0 0 0 0 0 0 0 0 0 0 0 0 0
num evicts: 700000, p: 1551, s: 8374 	 max proactive lookup: 16, max shadow lookup: 16
current cycle = 1055172, last update cycle = 0, delta = 1055172
	load umon |	misses = 3958, hits= 0 0 0 0 0 0 0 0 0 0 0 0 0 0 0 0
	write umon |	misses = 60, hits= 0 0 0 0 0 0 0 0 0 0 0 0 0 0 0 0
num evicts: 800000, p: 1689, s: 10129 	 max proactive lookup: 16, max shadow lookup: 16
current cycle = 1162879, last update cycle = 0, delta = 1162879
	load umon |	misses = 4364, hits= 0 0 0 0 0 0 0 0 0 0 0 0 0 0 0 0
	write umon |	misses = 73, hits= 0 0 0 0 0 0 0 0 0 0 0 0 0 0 0 0
num evicts: 900000, p: 1824, s: 11904 	 max proactive lookup: 16, max shadow lookup: 16
current cycle = 1270773, last update cycle = 0, delta = 1270773
	load umon |	misses = 4718, hits= 0 0 0 0 0 0 0 0 0 0 0 0 0 0 0 0
	write umon |	misses = 92, hits= 0 0 0 0 0 0 0 0 0 0 0 0 0 0 0 0
num evicts: 1000000, p: 1935, s: 13589 	 max proactive lookup: 16, max shadow lookup: 16
current cycle = 1377873, last update cycle = 0, delta = 1377873
	load umon |	misses = 5062, hits= 0 0 0 0 0 0 0 0 0 0 0 0 0 0 0 0
	write umon |	misses = 96, hits= 0 0 0 0 0 0 0 0 0 0 0 0 0 0 0 0
num evicts: 1100000, p: 2062, s: 15574 	 max proactive lookup: 16, max shadow lookup: 16
current cycle = 1485261, last update cycle = 0, delta = 1485261
	load umon |	misses = 5464, hits= 0 0 0 0 0 0 0 0 0 0 0 0 0 0 0 0
	write umon |	misses = 97, hits= 0 0 0 0 0 0 0 0 0 0 0 0 0 0 0 0
num evicts: 1200000, p: 2163, s: 17755 	 max proactive lookup: 16, max shadow lookup: 16
current cycle = 1592395, last update cycle = 0, delta = 1592395
	load umon |	misses = 5847, hits= 0 0 0 0 0 0 0 0 0 0 0 0 0 0 0 0
	write umon |	misses = 108, hits= 0 0 0 0 0 0 0 0 0 0 0 0 0 0 0 0
num evicts: 1300000, p: 2236, s: 19822 	 max proactive lookup: 16, max shadow lookup: 16
current cycle = 1699276, last update cycle = 0, delta = 1699276
	load umon |	misses = 6248, hits= 0 0 0 0 0 0 0 0 0 0 0 0 0 0 0 0
	write umon |	misses = 117, hits= 0 0 0 0 0 0 0 0 0 0 0 0 0 0 0 0
num evicts: 1400000, p: 2341, s: 21864 	 max proactive lookup: 16, max shadow lookup: 16
current cycle = 1806605, last update cycle = 0, delta = 1806605
	load umon |	misses = 6642, hits= 0 0 0 0 0 0 0 0 0 0 0 0 0 0 0 0
	write umon |	misses = 124, hits= 0 0 0 0 0 0 0 0 0 0 0 0 0 0 0 0
num evicts: 1500000, p: 2406, s: 23884 	 max proactive lookup: 16, max shadow lookup: 16
current cycle = 1913233, last update cycle = 0, delta = 1913233
	load umon |	misses = 7039, hits= 0 0 0 0 0 0 0 0 0 0 0 0 0 0 0 0
	write umon |	misses = 142, hits= 0 0 0 0 0 0 0 0 0 0 0 0 0 0 0 0
num evicts: 1600000, p: 2484, s: 26144 	 max proactive lookup: 16, max shadow lookup: 16
current cycle = 2020287, last update cycle = 0, delta = 2020287
	load umon |	misses = 7361, hits= 0 0 0 0 0 0 0 0 0 0 0 0 0 0 0 0
	write umon |	misses = 157, hits= 0 0 0 0 0 0 0 0 0 0 0 0 0 0 0 0
num evicts: 1700000, p: 2559, s: 28553 	 max proactive lookup: 16, max shadow lookup: 16
current cycle = 2126749, last update cycle = 0, delta = 2126749
	load umon |	misses = 7681, hits= 0 0 0 0 0 0 0 0 0 0 0 0 0 0 0 0
	write umon |	misses = 166, hits= 0 0 0 0 0 0 0 0 0 0 0 0 0 0 0 0
num evicts: 1800000, p: 2626, s: 30693 	 max proactive lookup: 16, max shadow lookup: 16
current cycle = 2233159, last update cycle = 0, delta = 2233159
	load umon |	misses = 7965, hits= 0 0 0 0 0 0 0 0 0 0 0 0 0 0 0 0
	write umon |	misses = 167, hits= 0 0 0 0 0 0 0 0 0 0 0 0 0 0 0 0
num evicts: 1900000, p: 2705, s: 33400 	 max proactive lookup: 16, max shadow lookup: 16
current cycle = 2388505, last update cycle = 0, delta = 2388505
	load umon |	misses = 8294, hits= 0 0 0 0 0 0 0 0 0 0 0 0 0 0 0 0
	write umon |	misses = 180, hits= 0 0 0 0 0 0 0 0 0 0 0 0 0 0 0 0
num evicts: 2000000, p: 2822, s: 36959 	 max proactive lookup: 16, max shadow lookup: 16
current cycle = 2495613, last update cycle = 0, delta = 2495613
	load umon |	misses = 8662, hits= 0 0 0 0 0 0 0 0 0 0 0 0 0 0 0 0
	write umon |	misses = 200, hits= 0 0 0 0 0 0 0 0 0 0 0 0 0 0 0 0
num evicts: 2100000, p: 2908, s: 39457 	 max proactive lookup: 16, max shadow lookup: 16
current cycle = 2601477, last update cycle = 0, delta = 2601477
	load umon |	misses = 9048, hits= 0 0 0 0 0 0 0 0 0 0 0 0 0 0 0 0
	write umon |	misses = 221, hits= 0 0 0 0 0 0 0 0 0 0 0 0 0 0 0 0
num evicts: 2200000, p: 2947, s: 41043 	 max proactive lookup: 16, max shadow lookup: 16
current cycle = 2707542, last update cycle = 0, delta = 2707542
	load umon |	misses = 9458, hits= 0 0 0 0 0 0 0 0 0 0 0 0 0 0 0 0
	write umon |	misses = 230, hits= 0 0 0 0 0 0 0 0 0 0 0 0 0 0 0 0
num evicts: 2300000, p: 2990, s: 42722 	 max proactive lookup: 16, max shadow lookup: 16
current cycle = 2814501, last update cycle = 0, delta = 2814501
	load umon |	misses = 9923, hits= 0 0 0 0 0 0 0 0 0 0 0 0 0 0 0 0
	write umon |	misses = 244, hits= 0 0 0 0 0 0 0 0 0 0 0 0 0 0 0 0
num evicts: 2400000, p: 3036, s: 44575 	 max proactive lookup: 16, max shadow lookup: 16
current cycle = 2921569, last update cycle = 0, delta = 2921569
	load umon |	misses = 10380, hits= 0 0 0 0 0 0 0 0 0 0 0 0 0 0 0 0
	write umon |	misses = 251, hits= 0 0 0 0 0 0 0 0 0 0 0 0 0 0 0 0
num evicts: 2500000, p: 3078, s: 46579 	 max proactive lookup: 16, max shadow lookup: 16
current cycle = 3028590, last update cycle = 0, delta = 3028590
	load umon |	misses = 10726, hits= 0 0 0 0 0 0 0 0 0 0 0 0 0 0 0 0
	write umon |	misses = 256, hits= 0 0 0 0 0 0 0 0 0 0 0 0 0 0 0 0
num evicts: 2600000, p: 3130, s: 48734 	 max proactive lookup: 16, max shadow lookup: 16
current cycle = 3135107, last update cycle = 0, delta = 3135107
	load umon |	misses = 11083, hits= 0 0 0 0 0 0 0 0 0 0 0 0 0 0 0 0
	write umon |	misses = 265, hits= 0 0 0 0 0 0 0 0 0 0 0 0 0 0 0 0
num evicts: 2700000, p: 3197, s: 51016 	 max proactive lookup: 16, max shadow lookup: 16
current cycle = 3241149, last update cycle = 0, delta = 3241149
	load umon |	misses = 11464, hits= 0 0 0 0 0 0 0 0 0 0 0 0 0 0 0 0
	write umon |	misses = 281, hits= 0 0 0 0 0 0 0 0 0 0 0 0 0 0 0 0
num evicts: 2800000, p: 3250, s: 52984 	 max proactive lookup: 16, max shadow lookup: 16
current cycle = 3359333, last update cycle = 0, delta = 3359333
	load umon |	misses = 11862, hits= 0 0 0 0 0 0 0 0 0 0 0 0 0 0 0 0
	write umon |	misses = 291, hits= 0 0 0 0 0 0 0 0 0 0 0 0 0 0 0 0
num evicts: 2900000, p: 3299, s: 55229 	 max proactive lookup: 16, max shadow lookup: 16
current cycle = 3465669, last update cycle = 0, delta = 3465669
	load umon |	misses = 12208, hits= 0 0 0 0 0 0 0 0 0 0 0 0 0 0 0 0
	write umon |	misses = 295, hits= 0 0 0 0 0 0 0 0 0 0 0 0 0 0 0 0
num evicts: 3000000, p: 3354, s: 57529 	 max proactive lookup: 16, max shadow lookup: 16
current cycle = 3572116, last update cycle = 0, delta = 3572116
	load umon |	misses = 12586, hits= 0 0 0 0 0 0 0 0 0 0 0 0 0 0 0 0
	write umon |	misses = 306, hits= 0 0 0 0 0 0 0 0 0 0 0 0 0 0 0 0
num evicts: 3100000, p: 3410, s: 59790 	 max proactive lookup: 16, max shadow lookup: 16
current cycle = 3678608, last update cycle = 0, delta = 3678608
	load umon |	misses = 13018, hits= 0 0 0 0 0 0 0 0 0 0 0 0 0 0 0 0
	write umon |	misses = 314, hits= 0 0 0 0 0 0 0 0 0 0 0 0 0 0 0 0
num evicts: 3200000, p: 3454, s: 62151 	 max proactive lookup: 16, max shadow lookup: 16
current cycle = 3785407, last update cycle = 0, delta = 3785407
	load umon |	misses = 13449, hits= 0 0 0 0 0 0 0 0 0 0 0 0 0 0 0 0
	write umon |	misses = 325, hits= 0 0 0 0 0 0 0 0 0 0 0 0 0 0 0 0
num evicts: 3300000, p: 3488, s: 64482 	 max proactive lookup: 16, max shadow lookup: 16
current cycle = 3891977, last update cycle = 0, delta = 3891977
	load umon |	misses = 13806, hits= 0 0 0 0 0 0 0 0 0 0 0 0 0 0 0 0
	write umon |	misses = 328, hits= 0 0 0 0 0 0 0 0 0 0 0 0 0 0 0 0
num evicts: 3400000, p: 3519, s: 66917 	 max proactive lookup: 16, max shadow lookup: 16
current cycle = 3998660, last update cycle = 0, delta = 3998660
	load umon |	misses = 14177, hits= 0 0 0 0 0 0 0 0 0 0 0 0 0 0 0 0
	write umon |	misses = 341, hits= 0 0 0 0 0 0 0 0 0 0 0 0 0 0 0 0
num evicts: 3500000, p: 3555, s: 69417 	 max proactive lookup: 16, max shadow lookup: 16
current cycle = 4105459, last update cycle = 0, delta = 4105459
	load umon |	misses = 14569, hits= 0 0 0 0 0 0 0 0 0 0 0 0 0 0 0 0
	write umon |	misses = 349, hits= 0 0 0 0 0 0 0 0 0 0 0 0 0 0 0 0
num evicts: 3600000, p: 3590, s: 71897 	 max proactive lookup: 16, max shadow lookup: 16
current cycle = 4212254, last update cycle = 0, delta = 4212254
	load umon |	misses = 14954, hits= 0 0 0 0 0 0 0 0 0 0 0 0 0 0 0 0
	write umon |	misses = 356, hits= 0 0 0 0 0 0 0 0 0 0 0 0 0 0 0 0
num evicts: 3700000, p: 3622, s: 74339 	 max proactive lookup: 16, max shadow lookup: 16
current cycle = 4318781, last update cycle = 0, delta = 4318781
	load umon |	misses = 15314, hits= 0 0 0 0 0 0 0 0 0 0 0 0 0 0 0 0
	write umon |	misses = 370, hits= 0 0 0 0 0 0 0 0 0 0 0 0 0 0 0 0
num evicts: 3800000, p: 3658, s: 76820 	 max proactive lookup: 16, max shadow lookup: 16
current cycle = 4425190, last update cycle = 0, delta = 4425190
	load umon |	misses = 15664, hits= 0 0 0 0 0 0 0 0 0 0 0 0 0 0 0 0
	write umon |	misses = 394, hits= 0 0 0 0 0 0 0 0 0 0 0 0 0 0 0 0
num evicts: 3900000, p: 3681, s: 79311 	 max proactive lookup: 16, max shadow lookup: 16
current cycle = 4531684, last update cycle = 0, delta = 4531684
	load umon |	misses = 16017, hits= 0 0 0 0 0 0 0 0 0 0 0 0 0 0 0 0
	write umon |	misses = 403, hits= 0 0 0 0 0 0 0 0 0 0 0 0 0 0 0 0
num evicts: 4000000, p: 3708, s: 81909 	 max proactive lookup: 16, max shadow lookup: 16
current cycle = 4638147, last update cycle = 0, delta = 4638147
	load umon |	misses = 16371, hits= 0 0 0 0 0 0 0 0 0 0 0 0 0 0 0 0
	write umon |	misses = 415, hits= 0 0 0 0 0 0 0 0 0 0 0 0 0 0 0 0
Heartbeat CPU 0 instructions: 10000003 cycles: 4646044 heartbeat IPC: 2.152 cumulative IPC: 2.152 (Simulation time: 00 hr 11 min 24 sec)
Heartbeat CPU 1 instructions: 10000003 cycles: 4721229 heartbeat IPC: 2.118 cumulative IPC: 2.118 (Simulation time: 00 hr 11 min 35 sec)
num evicts: 4100000, p: 3770, s: 84544 	 max proactive lookup: 16, max shadow lookup: 16
current cycle = 4744899, last update cycle = 0, delta = 4744899
	load umon |	misses = 16781, hits= 0 0 0 0 0 0 0 0 0 0 0 0 0 0 0 0
	write umon |	misses = 429, hits= 0 0 0 0 0 0 0 0 0 0 0 0 0 0 0 0
Heartbeat CPU 2 instructions: 10000003 cycles: 4758088 heartbeat IPC: 2.102 cumulative IPC: 2.102 (Simulation time: 00 hr 11 min 40 sec)
Heartbeat CPU 3 instructions: 10000001 cycles: 4792226 heartbeat IPC: 2.087 cumulative IPC: 2.087 (Simulation time: 00 hr 11 min 45 sec)
Heartbeat CPU 4 instructions: 10000003 cycles: 4807521 heartbeat IPC: 2.08 cumulative IPC: 2.08 (Simulation time: 00 hr 11 min 48 sec)
Heartbeat CPU 5 instructions: 10000003 cycles: 4834323 heartbeat IPC: 2.069 cumulative IPC: 2.069 (Simulation time: 00 hr 11 min 52 sec)
Heartbeat CPU 6 instructions: 10000004 cycles: 4847509 heartbeat IPC: 2.063 cumulative IPC: 2.063 (Simulation time: 00 hr 11 min 54 sec)
num evicts: 4200000, p: 3804, s: 87046 	 max proactive lookup: 16, max shadow lookup: 16
current cycle = 4851496, last update cycle = 0, delta = 4851496
	load umon |	misses = 17173, hits= 0 0 0 0 0 0 0 0 0 0 0 0 0 0 0 0
	write umon |	misses = 435, hits= 0 0 0 0 0 0 0 0 0 0 0 0 0 0 0 0
Heartbeat CPU 7 instructions: 10000002 cycles: 4863330 heartbeat IPC: 2.056 cumulative IPC: 2.056 (Simulation time: 00 hr 11 min 56 sec)
num evicts: 4300000, p: 3842, s: 90190 	 max proactive lookup: 16, max shadow lookup: 16
current cycle = 4958244, last update cycle = 0, delta = 4958244
	load umon |	misses = 17550, hits= 0 0 0 0 0 0 0 0 0 0 0 0 0 0 0 0
	write umon |	misses = 452, hits= 0 0 0 0 0 0 0 0 0 0 0 0 0 0 0 0
num evicts: 4400000, p: 3881, s: 92845 	 max proactive lookup: 16, max shadow lookup: 16
current cycle = 5064510, last update cycle = 5000000, delta = 64510
	load umon |	misses = 9077, hits= 0 0 0 0 0 0 0 0 0 0 0 0 0 0 0 0
	write umon |	misses = 237, hits= 0 0 0 0 0 0 0 0 0 0 0 0 0 0 0 0
num evicts: 4500000, p: 3914, s: 95460 	 max proactive lookup: 16, max shadow lookup: 16
current cycle = 5170620, last update cycle = 5000000, delta = 170620
	load umon |	misses = 9452, hits= 0 0 0 0 0 0 0 0 0 0 0 0 0 0 0 0
	write umon |	misses = 253, hits= 0 0 0 0 0 0 0 0 0 0 0 0 0 0 0 0
num evicts: 4600000, p: 3937, s: 97242 	 max proactive lookup: 16, max shadow lookup: 16
current cycle = 5277034, last update cycle = 5000000, delta = 277034
	load umon |	misses = 9814, hits= 0 0 0 0 0 0 0 0 0 0 0 0 0 0 0 0
	write umon |	misses = 266, hits= 0 0 0 0 0 0 0 0 0 0 0 0 0 0 0 0
num evicts: 4700000, p: 3974, s: 99066 	 max proactive lookup: 16, max shadow lookup: 16
current cycle = 5383674, last update cycle = 5000000, delta = 383674
	load umon |	misses = 10221, hits= 0 0 0 0 0 0 0 0 0 0 0 0 0 0 0 0
	write umon |	misses = 275, hits= 0 0 0 0 0 0 0 0 0 0 0 0 0 0 0 0
num evicts: 4800000, p: 4010, s: 100950 	 max proactive lookup: 16, max shadow lookup: 16
current cycle = 5490484, last update cycle = 5000000, delta = 490484
	load umon |	misses = 10623, hits= 0 0 0 0 0 0 0 0 0 0 0 0 0 0 0 0
	write umon |	misses = 282, hits= 0 0 0 0 0 0 0 0 0 0 0 0 0 0 0 0
num evicts: 4900000, p: 4049, s: 103058 	 max proactive lookup: 16, max shadow lookup: 16
current cycle = 5597115, last update cycle = 5000000, delta = 597115
	load umon |	misses = 11013, hits= 0 0 0 0 0 0 0 0 0 0 0 0 0 0 0 0
	write umon |	misses = 287, hits= 0 0 0 0 0 0 0 0 0 0 0 0 0 0 0 0
num evicts: 5000000, p: 4081, s: 105386 	 max proactive lookup: 16, max shadow lookup: 16
current cycle = 5703979, last update cycle = 5000000, delta = 703979
	load umon |	misses = 11445, hits= 0 0 0 0 0 0 0 0 0 0 0 0 0 0 0 0
	write umon |	misses = 296, hits= 0 0 0 0 0 0 0 0 0 0 0 0 0 0 0 0
num evicts: 5100000, p: 4114, s: 107799 	 max proactive lookup: 16, max shadow lookup: 16
current cycle = 5810629, last update cycle = 5000000, delta = 810629
	load umon |	misses = 11838, hits= 0 0 0 0 0 0 0 0 0 0 0 0 0 0 0 0
	write umon |	misses = 306, hits= 0 0 0 0 0 0 0 0 0 0 0 0 0 0 0 0
num evicts: 5200000, p: 4141, s: 110158 	 max proactive lookup: 16, max shadow lookup: 16
current cycle = 5917157, last update cycle = 5000000, delta = 917157
	load umon |	misses = 12267, hits= 0 0 0 0 0 0 0 0 0 0 0 0 0 0 0 0
	write umon |	misses = 320, hits= 0 0 0 0 0 0 0 0 0 0 0 0 0 0 0 0
num evicts: 5300000, p: 4181, s: 112517 	 max proactive lookup: 16, max shadow lookup: 16
current cycle = 6023745, last update cycle = 5000000, delta = 1023745
	load umon |	misses = 12651, hits= 0 0 0 0 0 0 0 0 0 0 0 0 0 0 0 0
	write umon |	misses = 331, hits= 0 0 0 0 0 0 0 0 0 0 0 0 0 0 0 0
num evicts: 5400000, p: 4218, s: 115018 	 max proactive lookup: 16, max shadow lookup: 16
current cycle = 6130402, last update cycle = 5000000, delta = 1130402
	load umon |	misses = 13087, hits= 0 0 0 0 0 0 0 0 0 0 0 0 0 0 0 0
	write umon |	misses = 341, hits= 0 0 0 0 0 0 0 0 0 0 0 0 0 0 0 0
num evicts: 5500000, p: 4255, s: 117784 	 max proactive lookup: 16, max shadow lookup: 16
current cycle = 6237110, last update cycle = 5000000, delta = 1237110
	load umon |	misses = 13507, hits= 0 0 0 0 0 0 0 0 0 0 0 0 0 0 0 0
	write umon |	misses = 352, hits= 0 0 0 0 0 0 0 0 0 0 0 0 0 0 0 0
num evicts: 5600000, p: 4286, s: 120116 	 max proactive lookup: 16, max shadow lookup: 16
current cycle = 6343741, last update cycle = 5000000, delta = 1343741
	load umon |	misses = 13915, hits= 0 0 0 0 0 0 0 0 0 0 0 0 0 0 0 0
	write umon |	misses = 365, hits= 0 0 0 0 0 0 0 0 0 0 0 0 0 0 0 0
num evicts: 5700000, p: 4312, s: 122522 	 max proactive lookup: 16, max shadow lookup: 16
current cycle = 6450009, last update cycle = 5000000, delta = 1450009
	load umon |	misses = 14352, hits= 0 0 0 0 0 0 0 0 0 0 0 0 0 0 0 0
	write umon |	misses = 379, hits= 0 0 0 0 0 0 0 0 0 0 0 0 0 0 0 0
num evicts: 5800000, p: 4340, s: 125094 	 max proactive lookup: 16, max shadow lookup: 16
current cycle = 6556377, last update cycle = 5000000, delta = 1556377
	load umon |	misses = 14784, hits= 0 0 0 0 0 0 0 0 0 0 0 0 0 0 0 0
	write umon |	misses = 388, hits= 0 0 0 0 0 0 0 0 0 0 0 0 0 0 0 0
num evicts: 5900000, p: 4372, s: 127684 	 max proactive lookup: 16, max shadow lookup: 16
current cycle = 6662894, last update cycle = 5000000, delta = 1662894
	load umon |	misses = 15158, hits= 0 0 0 0 0 0 0 0 0 0 0 0 0 0 0 0
	write umon |	misses = 397, hits= 0 0 0 0 0 0 0 0 0 0 0 0 0 0 0 0
num evicts: 6000000, p: 4395, s: 130206 	 max proactive lookup: 16, max shadow lookup: 16
current cycle = 6769829, last update cycle = 5000000, delta = 1769829
	load umon |	misses = 15526, hits= 0 0 0 0 0 0 0 0 0 0 0 0 0 0 0 0
	write umon |	misses = 407, hits= 0 0 0 0 0 0 0 0 0 0 0 0 0 0 0 0
num evicts: 6100000, p: 4423, s: 132203 	 max proactive lookup: 16, max shadow lookup: 16
current cycle = 6876174, last update cycle = 5000000, delta = 1876174
	load umon |	misses = 15913, hits= 0 0 0 0 0 0 0 0 0 0 0 0 0 0 0 0
	write umon |	misses = 418, hits= 0 0 0 0 0 0 0 0 0 0 0 0 0 0 0 0
num evicts: 6200000, p: 4449, s: 133838 	 max proactive lookup: 16, max shadow lookup: 16
current cycle = 6982350, last update cycle = 5000000, delta = 1982350
	load umon |	misses = 16289, hits= 0 0 0 0 0 0 0 0 0 0 0 0 0 0 0 0
	write umon |	misses = 433, hits= 0 0 0 0 0 0 0 0 0 0 0 0 0 0 0 0
num evicts: 6300000, p: 4479, s: 135597 	 max proactive lookup: 16, max shadow lookup: 16
current cycle = 7087618, last update cycle = 5000000, delta = 2087618
	load umon |	misses = 16673, hits= 0 0 0 0 0 0 0 0 0 0 0 0 0 0 0 0
	write umon |	misses = 438, hits= 0 0 0 0 0 0 0 0 0 0 0 0 0 0 0 0
num evicts: 6400000, p: 4501, s: 137531 	 max proactive lookup: 16, max shadow lookup: 16
current cycle = 7193637, last update cycle = 5000000, delta = 2193637
	load umon |	misses = 17098, hits= 0 0 0 0 0 0 0 0 0 0 0 0 0 0 0 0
	write umon |	misses = 445, hits= 0 0 0 0 0 0 0 0 0 0 0 0 0 0 0 0
num evicts: 6500000, p: 4538, s: 139721 	 max proactive lookup: 16, max shadow lookup: 16
current cycle = 7300287, last update cycle = 5000000, delta = 2300287
	load umon |	misses = 17494, hits= 0 0 0 0 0 0 0 0 0 0 0 0 0 0 0 0
	write umon |	misses = 451, hits= 0 0 0 0 0 0 0 0 0 0 0 0 0 0 0 0
num evicts: 6600000, p: 4577, s: 142377 	 max proactive lookup: 16, max shadow lookup: 16
current cycle = 7407106, last update cycle = 5000000, delta = 2407106
	load umon |	misses = 17863, hits= 0 0 0 0 0 0 0 0 0 0 0 0 0 0 0 0
	write umon |	misses = 464, hits= 0 0 0 0 0 0 0 0 0 0 0 0 0 0 0 0
num evicts: 6700000, p: 4600, s: 145204 	 max proactive lookup: 16, max shadow lookup: 16
current cycle = 7513993, last update cycle = 5000000, delta = 2513993
	load umon |	misses = 18267, hits= 0 0 0 0 0 0 0 0 0 0 0 0 0 0 0 0
	write umon |	misses = 474, hits= 0 0 0 0 0 0 0 0 0 0 0 0 0 0 0 0
num evicts: 6800000, p: 4621, s: 148053 	 max proactive lookup: 16, max shadow lookup: 16
current cycle = 7620803, last update cycle = 5000000, delta = 2620803
	load umon |	misses = 18654, hits= 0 0 0 0 0 0 0 0 0 0 0 0 0 0 0 0
	write umon |	misses = 493, hits= 0 0 0 0 0 0 0 0 0 0 0 0 0 0 0 0
num evicts: 6900000, p: 4659, s: 150798 	 max proactive lookup: 16, max shadow lookup: 16
current cycle = 7727970, last update cycle = 5000000, delta = 2727970
	load umon |	misses = 19047, hits= 0 0 0 0 0 0 0 0 0 0 0 0 0 0 0 0
	write umon |	misses = 505, hits= 0 0 0 0 0 0 0 0 0 0 0 0 0 0 0 0
num evicts: 7000000, p: 4696, s: 152785 	 max proactive lookup: 16, max shadow lookup: 16
current cycle = 7834907, last update cycle = 5000000, delta = 2834907
	load umon |	misses = 19442, hits= 0 0 0 0 0 0 0 0 0 0 0 0 0 0 0 0
	write umon |	misses = 520, hits= 0 0 0 0 0 0 0 0 0 0 0 0 0 0 0 0
num evicts: 7100000, p: 4726, s: 154627 	 max proactive lookup: 16, max shadow lookup: 16
current cycle = 7941686, last update cycle = 5000000, delta = 2941686
	load umon |	misses = 19824, hits= 0 0 0 0 0 0 0 0 0 0 0 0 0 0 0 0
	write umon |	misses = 524, hits= 0 0 0 0 0 0 0 0 0 0 0 0 0 0 0 0
num evicts: 7200000, p: 4756, s: 156847 	 max proactive lookup: 16, max shadow lookup: 16
current cycle = 8048443, last update cycle = 5000000, delta = 3048443
	load umon |	misses = 20208, hits= 0 0 0 0 0 0 0 0 0 0 0 0 0 0 0 0
	write umon |	misses = 526, hits= 0 0 0 0 0 0 0 0 0 0 0 0 0 0 0 0
num evicts: 7300000, p: 4794, s: 159226 	 max proactive lookup: 16, max shadow lookup: 16
current cycle = 8155173, last update cycle = 5000000, delta = 3155173
	load umon |	misses = 20595, hits= 0 0 0 0 0 0 0 0 0 0 0 0 0 0 0 0
	write umon |	misses = 534, hits= 0 0 0 0 0 0 0 0 0 0 0 0 0 0 0 0
num evicts: 7400000, p: 4823, s: 161652 	 max proactive lookup: 16, max shadow lookup: 16
current cycle = 8262190, last update cycle = 5000000, delta = 3262190
	load umon |	misses = 21004, hits= 0 0 0 0 0 0 0 0 0 0 0 0 0 0 0 0
	write umon |	misses = 554, hits= 0 0 0 0 0 0 0 0 0 0 0 0 0 0 0 0
num evicts: 7500000, p: 4849, s: 163833 	 max proactive lookup: 16, max shadow lookup: 16
current cycle = 8368814, last update cycle = 5000000, delta = 3368814
	load umon |	misses = 21374, hits= 0 0 0 0 0 0 0 0 0 0 0 0 0 0 0 0
	write umon |	misses = 562, hits= 0 0 0 0 0 0 0 0 0 0 0 0 0 0 0 0
num evicts: 7600000, p: 4877, s: 166185 	 max proactive lookup: 16, max shadow lookup: 16
current cycle = 8475709, last update cycle = 5000000, delta = 3475709
	load umon |	misses = 21748, hits= 0 0 0 0 0 0 0 0 0 0 0 0 0 0 0 0
	write umon |	misses = 568, hits= 0 0 0 0 0 0 0 0 0 0 0 0 0 0 0 0
num evicts: 7700000, p: 4896, s: 168512 	 max proactive lookup: 16, max shadow lookup: 16
current cycle = 8582430, last update cycle = 5000000, delta = 3582430
	load umon |	misses = 22167, hits= 0 0 0 0 0 0 0 0 0 0 0 0 0 0 0 0
	write umon |	misses = 575, hits= 0 0 0 0 0 0 0 0 0 0 0 0 0 0 0 0
num evicts: 7800000, p: 4928, s: 170989 	 max proactive lookup: 16, max shadow lookup: 16
current cycle = 8689180, last update cycle = 5000000, delta = 3689180
	load umon |	misses = 22559, hits= 0 0 0 0 0 0 0 0 0 0 0 0 0 0 0 0
	write umon |	misses = 597, hits= 0 0 0 0 0 0 0 0 0 0 0 0 0 0 0 0
num evicts: 7900000, p: 4959, s: 173578 	 max proactive lookup: 16, max shadow lookup: 16
current cycle = 8796169, last update cycle = 5000000, delta = 3796169
	load umon |	misses = 22947, hits= 0 0 0 0 0 0 0 0 0 0 0 0 0 0 0 0
	write umon |	misses = 608, hits= 0 0 0 0 0 0 0 0 0 0 0 0 0 0 0 0
num evicts: 8000000, p: 4993, s: 176127 	 max proactive lookup: 16, max shadow lookup: 16
current cycle = 8903258, last update cycle = 5000000, delta = 3903258
	load umon |	misses = 23290, hits= 0 0 0 0 0 0 0 0 0 0 0 0 0 0 0 0
	write umon |	misses = 624, hits= 0 0 0 0 0 0 0 0 0 0 0 0 0 0 0 0
num evicts: 8100000, p: 5022, s: 178687 	 max proactive lookup: 16, max shadow lookup: 16
current cycle = 9009896, last update cycle = 5000000, delta = 4009896
	load umon |	misses = 23637, hits= 0 0 0 0 0 0 0 0 0 0 0 0 0 0 0 0
	write umon |	misses = 629, hits= 0 0 0 0 0 0 0 0 0 0 0 0 0 0 0 0
num evicts: 8200000, p: 5046, s: 181145 	 max proactive lookup: 16, max shadow lookup: 16
current cycle = 9116505, last update cycle = 5000000, delta = 4116505
	load umon |	misses = 23975, hits= 0 0 0 0 0 0 0 0 0 0 0 0 0 0 0 0
	write umon |	misses = 632, hits= 0 0 0 0 0 0 0 0 0 0 0 0 0 0 0 0
num evicts: 8300000, p: 5073, s: 183736 	 max proactive lookup: 16, max shadow lookup: 16
current cycle = 9223004, last update cycle = 5000000, delta = 4223004
	load umon |	misses = 24359, hits= 0 0 0 0 0 0 0 0 0 0 0 0 0 0 0 0
	write umon |	misses = 641, hits= 0 0 0 0 0 0 0 0 0 0 0 0 0 0 0 0
num evicts: 8400000, p: 5108, s: 186281 	 max proactive lookup: 16, max shadow lookup: 16
current cycle = 9329437, last update cycle = 5000000, delta = 4329437
	load umon |	misses = 24791, hits= 0 0 0 0 0 0 0 0 0 0 0 0 0 0 0 0
	write umon |	misses = 658, hits= 0 0 0 0 0 0 0 0 0 0 0 0 0 0 0 0
num evicts: 8500000, p: 5138, s: 188807 	 max proactive lookup: 16, max shadow lookup: 16
current cycle = 9435733, last update cycle = 5000000, delta = 4435733
	load umon |	misses = 25190, hits= 0 0 0 0 0 0 0 0 0 0 0 0 0 0 0 0
	write umon |	misses = 675, hits= 0 0 0 0 0 0 0 0 0 0 0 0 0 0 0 0
num evicts: 8600000, p: 5165, s: 191636 	 max proactive lookup: 16, max shadow lookup: 16
current cycle = 9542055, last update cycle = 5000000, delta = 4542055
	load umon |	misses = 25627, hits= 0 0 0 0 0 0 0 0 0 0 0 0 0 0 0 0
	write umon |	misses = 685, hits= 0 0 0 0 0 0 0 0 0 0 0 0 0 0 0 0
num evicts: 8700000, p: 5196, s: 194406 	 max proactive lookup: 16, max shadow lookup: 16
current cycle = 9648329, last update cycle = 5000000, delta = 4648329
	load umon |	misses = 26068, hits= 0 0 0 0 0 0 0 0 0 0 0 0 0 0 0 0
	write umon |	misses = 696, hits= 0 0 0 0 0 0 0 0 0 0 0 0 0 0 0 0
num evicts: 8800000, p: 5237, s: 197524 	 max proactive lookup: 16, max shadow lookup: 16
current cycle = 9755131, last update cycle = 5000000, delta = 4755131
	load umon |	misses = 26505, hits= 0 0 0 0 0 0 0 0 0 0 0 0 0 0 0 0
	write umon |	misses = 711, hits= 0 0 0 0 0 0 0 0 0 0 0 0 0 0 0 0
Heartbeat CPU 0 instructions: 20000003 cycles: 9782620 heartbeat IPC: 1.947 cumulative IPC: 2.044 (Simulation time: 00 hr 24 min 03 sec)
Heartbeat CPU 1 instructions: 20000004 cycles: 9855424 heartbeat IPC: 1.948 cumulative IPC: 2.029 (Simulation time: 00 hr 24 min 14 sec)
num evicts: 8900000, p: 5268, s: 200659 	 max proactive lookup: 16, max shadow lookup: 16
current cycle = 9861887, last update cycle = 5000000, delta = 4861887
	load umon |	misses = 26910, hits= 0 0 0 0 0 0 0 0 0 0 0 0 0 0 0 0
	write umon |	misses = 730, hits= 0 0 0 0 0 0 0 0 0 0 0 0 0 0 0 0
Heartbeat CPU 2 instructions: 20000004 cycles: 9912569 heartbeat IPC: 1.94 cumulative IPC: 2.018 (Simulation time: 00 hr 24 min 22 sec)
Heartbeat CPU 3 instructions: 20000003 cycles: 9958114 heartbeat IPC: 1.936 cumulative IPC: 2.008 (Simulation time: 00 hr 24 min 28 sec)
num evicts: 9000000, p: 5308, s: 203633 	 max proactive lookup: 16, max shadow lookup: 16
current cycle = 9968638, last update cycle = 5000000, delta = 4968638
	load umon |	misses = 27320, hits= 0 0 0 0 0 0 0 0 0 0 0 0 0 0 0 0
	write umon |	misses = 744, hits= 0 0 0 0 0 0 0 0 0 0 0 0 0 0 0 0
Heartbeat CPU 4 instructions: 20000004 cycles: 9990514 heartbeat IPC: 1.929 cumulative IPC: 2.002 (Simulation time: 00 hr 24 min 33 sec)
Heartbeat CPU 5 instructions: 20000004 cycles: 10019363 heartbeat IPC: 1.929 cumulative IPC: 1.996 (Simulation time: 00 hr 24 min 37 sec)
Heartbeat CPU 6 instructions: 20000004 cycles: 10037636 heartbeat IPC: 1.927 cumulative IPC: 1.993 (Simulation time: 00 hr 24 min 40 sec)
Heartbeat CPU 7 instructions: 20000004 cycles: 10052204 heartbeat IPC: 1.927 cumulative IPC: 1.99 (Simulation time: 00 hr 24 min 42 sec)
num evicts: 9100000, p: 5338, s: 206511 	 max proactive lookup: 16, max shadow lookup: 16
current cycle = 10075362, last update cycle = 10000000, delta = 75362
	load umon |	misses = 13977, hits= 0 0 0 0 0 0 0 0 0 0 0 0 0 0 0 0
	write umon |	misses = 377, hits= 0 0 0 0 0 0 0 0 0 0 0 0 0 0 0 0
num evicts: 9200000, p: 5370, s: 209092 	 max proactive lookup: 16, max shadow lookup: 16
current cycle = 10181766, last update cycle = 10000000, delta = 181766
	load umon |	misses = 14357, hits= 0 0 0 0 0 0 0 0 0 0 0 0 0 0 0 0
	write umon |	misses = 386, hits= 0 0 0 0 0 0 0 0 0 0 0 0 0 0 0 0
num evicts: 9300000, p: 5396, s: 211134 	 max proactive lookup: 16, max shadow lookup: 16
current cycle = 10288439, last update cycle = 10000000, delta = 288439
	load umon |	misses = 14725, hits= 0 0 0 0 0 0 0 0 0 0 0 0 0 0 0 0
	write umon |	misses = 398, hits= 0 0 0 0 0 0 0 0 0 0 0 0 0 0 0 0
num evicts: 9400000, p: 5420, s: 213350 	 max proactive lookup: 16, max shadow lookup: 16
current cycle = 10395317, last update cycle = 10000000, delta = 395317
	load umon |	misses = 15082, hits= 0 0 0 0 0 0 0 0 0 0 0 0 0 0 0 0
	write umon |	misses = 401, hits= 0 0 0 0 0 0 0 0 0 0 0 0 0 0 0 0
num evicts: 9500000, p: 5444, s: 215823 	 max proactive lookup: 16, max shadow lookup: 16
current cycle = 10502391, last update cycle = 10000000, delta = 502391
	load umon |	misses = 15455, hits= 0 0 0 0 0 0 0 0 0 0 0 0 0 0 0 0
	write umon |	misses = 406, hits= 0 0 0 0 0 0 0 0 0 0 0 0 0 0 0 0
num evicts: 9600000, p: 5466, s: 218282 	 max proactive lookup: 16, max shadow lookup: 16
current cycle = 10609269, last update cycle = 10000000, delta = 609269
	load umon |	misses = 15844, hits= 0 0 0 0 0 0 0 0 0 0 0 0 0 0 0 0
	write umon |	misses = 411, hits= 0 0 0 0 0 0 0 0 0 0 0 0 0 0 0 0
num evicts: 9700000, p: 5490, s: 220891 	 max proactive lookup: 16, max shadow lookup: 16
current cycle = 10716273, last update cycle = 10000000, delta = 716273
	load umon |	misses = 16224, hits= 0 0 0 0 0 0 0 0 0 0 0 0 0 0 0 0
	write umon |	misses = 428, hits= 0 0 0 0 0 0 0 0 0 0 0 0 0 0 0 0
num evicts: 9800000, p: 5506, s: 223570 	 max proactive lookup: 16, max shadow lookup: 16
current cycle = 10823187, last update cycle = 10000000, delta = 823187
	load umon |	misses = 16571, hits= 0 0 0 0 0 0 0 0 0 0 0 0 0 0 0 0
	write umon |	misses = 449, hits= 0 0 0 0 0 0 0 0 0 0 0 0 0 0 0 0
num evicts: 9900000, p: 5539, s: 226342 	 max proactive lookup: 16, max shadow lookup: 16
current cycle = 10929848, last update cycle = 10000000, delta = 929848
	load umon |	misses = 16960, hits= 0 0 0 0 0 0 0 0 0 0 0 0 0 0 0 0
	write umon |	misses = 465, hits= 0 0 0 0 0 0 0 0 0 0 0 0 0 0 0 0
num evicts: 10000000, p: 5555, s: 229060 	 max proactive lookup: 16, max shadow lookup: 16
current cycle = 11036383, last update cycle = 10000000, delta = 1036383
	load umon |	misses = 17356, hits= 0 0 0 0 0 0 0 0 0 0 0 0 0 0 0 0
	write umon |	misses = 473, hits= 0 0 0 0 0 0 0 0 0 0 0 0 0 0 0 0
num evicts: 10100000, p: 5578, s: 231950 	 max proactive lookup: 16, max shadow lookup: 16
current cycle = 11143186, last update cycle = 10000000, delta = 1143186
	load umon |	misses = 17762, hits= 0 0 0 0 0 0 0 0 0 0 0 0 0 0 0 0
	write umon |	misses = 483, hits= 0 0 0 0 0 0 0 0 0 0 0 0 0 0 0 0
num evicts: 10200000, p: 5603, s: 234876 	 max proactive lookup: 16, max shadow lookup: 16
current cycle = 11250059, last update cycle = 10000000, delta = 1250059
	load umon |	misses = 18146, hits= 0 0 0 0 0 0 0 0 0 0 0 0 0 0 0 0
	write umon |	misses = 499, hits= 0 0 0 0 0 0 0 0 0 0 0 0 0 0 0 0
num evicts: 10300000, p: 5625, s: 237754 	 max proactive lookup: 16, max shadow lookup: 16
current cycle = 11357230, last update cycle = 10000000, delta = 1357230
	load umon |	misses = 18589, hits= 0 0 0 0 0 0 0 0 0 0 0 0 0 0 0 0
	write umon |	misses = 512, hits= 0 0 0 0 0 0 0 0 0 0 0 0 0 0 0 0
num evicts: 10400000, p: 5642, s: 240629 	 max proactive lookup: 16, max shadow lookup: 16
current cycle = 11464528, last update cycle = 10000000, delta = 1464528
	load umon |	misses = 19007, hits= 0 0 0 0 0 0 0 0 0 0 0 0 0 0 0 0
	write umon |	misses = 530, hits= 0 0 0 0 0 0 0 0 0 0 0 0 0 0 0 0
num evicts: 10500000, p: 5662, s: 243320 	 max proactive lookup: 16, max shadow lookup: 16
current cycle = 11571661, last update cycle = 10000000, delta = 1571661
	load umon |	misses = 19385, hits= 0 0 0 0 0 0 0 0 0 0 0 0 0 0 0 0
	write umon |	misses = 542, hits= 0 0 0 0 0 0 0 0 0 0 0 0 0 0 0 0
num evicts: 10600000, p: 5687, s: 246043 	 max proactive lookup: 16, max shadow lookup: 16
current cycle = 11678718, last update cycle = 10000000, delta = 1678718
	load umon |	misses = 19754, hits= 0 0 0 0 0 0 0 0 0 0 0 0 0 0 0 0
	write umon |	misses = 551, hits= 0 0 0 0 0 0 0 0 0 0 0 0 0 0 0 0
num evicts: 10700000, p: 5720, s: 248974 	 max proactive lookup: 16, max shadow lookup: 16
current cycle = 11785461, last update cycle = 10000000, delta = 1785461
	load umon |	misses = 20135, hits= 0 0 0 0 0 0 0 0 0 0 0 0 0 0 0 0
	write umon |	misses = 563, hits= 0 0 0 0 0 0 0 0 0 0 0 0 0 0 0 0
num evicts: 10800000, p: 5736, s: 251986 	 max proactive lookup: 16, max shadow lookup: 16
current cycle = 11892168, last update cycle = 10000000, delta = 1892168
	load umon |	misses = 20576, hits= 0 0 0 0 0 0 0 0 0 0 0 0 0 0 0 0
	write umon |	misses = 574, hits= 0 0 0 0 0 0 0 0 0 0 0 0 0 0 0 0
num evicts: 10900000, p: 5756, s: 255204 	 max proactive lookup: 16, max shadow lookup: 16
current cycle = 11998924, last update cycle = 10000000, delta = 1998924
	load umon |	misses = 20981, hits= 0 0 0 0 0 0 0 0 0 0 0 0 0 0 0 0
	write umon |	misses = 590, hits= 0 0 0 0 0 0 0 0 0 0 0 0 0 0 0 0
num evicts: 11000000, p: 5782, s: 258202 	 max proactive lookup: 16, max shadow lookup: 16
current cycle = 12105758, last update cycle = 10000000, delta = 2105758
	load umon |	misses = 21391, hits= 0 0 0 0 0 0 0 0 0 0 0 0 0 0 0 0
	write umon |	misses = 601, hits= 0 0 0 0 0 0 0 0 0 0 0 0 0 0 0 0
Warmup finished CPU 0 instructions: 25000000 cycles: 12211467 cumulative IPC: 2.047 (Simulation time: 00 hr 29 min 48 sec)
num evicts: 11100000, p: 5813, s: 261341 	 max proactive lookup: 16, max shadow lookup: 16
current cycle = 12212410, last update cycle = 10000000, delta = 2212410
	load umon |	misses = 21766, hits= 0 0 0 0 0 0 0 0 0 0 0 0 0 0 0 0
	write umon |	misses = 616, hits= 0 0 0 0 0 0 0 0 0 0 0 0 0 0 0 0
Warmup finished CPU 1 instructions: 25000000 cycles: 12253514 cumulative IPC: 2.04 (Simulation time: 00 hr 29 min 54 sec)
Warmup finished CPU 2 instructions: 25000003 cycles: 12298530 cumulative IPC: 2.033 (Simulation time: 00 hr 30 min 02 sec)
num evicts: 11200000, p: 5835, s: 264519 	 max proactive lookup: 16, max shadow lookup: 16
current cycle = 12321295, last update cycle = 10000000, delta = 2321295
	load umon |	misses = 22129, hits= 0 0 0 0 0 0 0 0 0 0 0 0 0 0 0 0
	write umon |	misses = 636, hits= 0 0 0 0 0 0 0 0 0 0 0 0 0 0 0 0
Warmup finished CPU 3 instructions: 25000003 cycles: 12339802 cumulative IPC: 2.026 (Simulation time: 00 hr 30 min 08 sec)
Warmup finished CPU 4 instructions: 25000002 cycles: 12368146 cumulative IPC: 2.021 (Simulation time: 00 hr 30 min 13 sec)
Warmup finished CPU 5 instructions: 25000002 cycles: 12402184 cumulative IPC: 2.016 (Simulation time: 00 hr 30 min 18 sec)
num evicts: 11300000, p: 5856, s: 267170 	 max proactive lookup: 16, max shadow lookup: 16
current cycle = 12428078, last update cycle = 10000000, delta = 2428078
	load umon |	misses = 22461, hits= 0 0 0 0 0 0 0 0 0 0 0 0 0 0 0 0
	write umon |	misses = 645, hits= 0 0 0 0 0 0 0 0 0 0 0 0 0 0 0 0
Warmup finished CPU 6 instructions: 25000002 cycles: 12432815 cumulative IPC: 2.011 (Simulation time: 00 hr 30 min 24 sec)
Warmup finished CPU 7 instructions: 25000000 cycles: 12452856 cumulative IPC: 2.008 (Simulation time: 00 hr 30 min 27 sec)
Warmup complete CPU 7 instructions: 25000000 cycles: 12452856 cumulative IPC: 2.008 (Simulation time: 00 hr 30 min 27 sec)
Warmup complete CPU 6 instructions: 25080166 cycles: 12452856 cumulative IPC: 2.014 (Simulation time: 00 hr 30 min 27 sec)
Warmup complete CPU 5 instructions: 25202690 cycles: 12452856 cumulative IPC: 2.024 (Simulation time: 00 hr 30 min 27 sec)
Warmup complete CPU 4 instructions: 25319581 cycles: 12452856 cumulative IPC: 2.033 (Simulation time: 00 hr 30 min 27 sec)
Warmup complete CPU 3 instructions: 25407479 cycles: 12452856 cumulative IPC: 2.04 (Simulation time: 00 hr 30 min 27 sec)
Warmup complete CPU 2 instructions: 25493303 cycles: 12452856 cumulative IPC: 2.047 (Simulation time: 00 hr 30 min 27 sec)
Warmup complete CPU 1 instructions: 25604397 cycles: 12452856 cumulative IPC: 2.056 (Simulation time: 00 hr 30 min 27 sec)
Warmup complete CPU 0 instructions: 25756644 cycles: 12452856 cumulative IPC: 2.068 (Simulation time: 00 hr 30 min 27 sec)
num evicts: 11400000, p: 5877, s: 269452 	 max proactive lookup: 16, max shadow lookup: 16
current cycle = 13107023, last update cycle = 10000000, delta = 3107023
	load umon |	misses = 22827, hits= 0 0 0 0 0 0 0 0 0 0 0 0 0 0 0 0
	write umon |	misses = 655, hits= 0 0 0 0 0 0 0 0 0 0 0 0 0 0 0 0
num evicts: 11500000, p: 5912, s: 271810 	 max proactive lookup: 16, max shadow lookup: 16
current cycle = 13898250, last update cycle = 10000000, delta = 3898250
	load umon |	misses = 23174, hits= 0 0 0 0 0 0 0 0 0 0 0 0 0 0 0 0
	write umon |	misses = 666, hits= 0 0 0 0 0 0 0 0 0 0 0 0 0 0 0 0
num evicts: 11600000, p: 5938, s: 274537 	 max proactive lookup: 16, max shadow lookup: 16
current cycle = 14696726, last update cycle = 10000000, delta = 4696726
	load umon |	misses = 23536, hits= 0 0 0 0 0 0 0 0 0 0 0 0 0 0 0 0
	write umon |	misses = 685, hits= 0 0 0 0 0 0 0 0 0 0 0 0 0 0 0 0
num evicts: 11700000, p: 5961, s: 277413 	 max proactive lookup: 16, max shadow lookup: 16
current cycle = 15495407, last update cycle = 15000000, delta = 495407
	load umon |	misses = 12066, hits= 0 0 0 0 0 0 0 0 0 0 0 0 0 0 0 0
	write umon |	misses = 348, hits= 0 0 0 0 0 0 0 0 0 0 0 0 0 0 0 0
num evicts: 11800000, p: 5989, s: 280335 	 max proactive lookup: 16, max shadow lookup: 16
current cycle = 16298777, last update cycle = 15000000, delta = 1298777
	load umon |	misses = 12450, hits= 0 0 0 0 0 0 0 0 0 0 0 0 0 0 0 0
	write umon |	misses = 353, hits= 0 0 0 0 0 0 0 0 0 0 0 0 0 0 0 0
num evicts: 11900000, p: 6011, s: 283020 	 max proactive lookup: 16, max shadow lookup: 16
current cycle = 17104336, last update cycle = 15000000, delta = 2104336
	load umon |	misses = 12904, hits= 0 0 0 0 0 0 0 0 0 0 0 0 0 0 0 0
	write umon |	misses = 360, hits= 0 0 0 0 0 0 0 0 0 0 0 0 0 0 0 0
num evicts: 12000000, p: 6037, s: 285629 	 max proactive lookup: 16, max shadow lookup: 16
current cycle = 17920930, last update cycle = 15000000, delta = 2920930
	load umon |	misses = 13272, hits= 0 0 0 0 0 0 0 0 0 0 0 0 0 0 0 0
	write umon |	misses = 370, hits= 0 0 0 0 0 0 0 0 0 0 0 0 0 0 0 0
num evicts: 12100000, p: 6064, s: 288541 	 max proactive lookup: 16, max shadow lookup: 16
current cycle = 18735344, last update cycle = 15000000, delta = 3735344
	load umon |	misses = 13643, hits= 0 0 0 0 0 0 0 0 0 0 0 0 0 0 0 0
	write umon |	misses = 375, hits= 0 0 0 0 0 0 0 0 0 0 0 0 0 0 0 0
num evicts: 12200000, p: 6091, s: 291330 	 max proactive lookup: 16, max shadow lookup: 16
current cycle = 19532177, last update cycle = 15000000, delta = 4532177
	load umon |	misses = 14020, hits= 0 0 0 0 0 0 0 0 0 0 0 0 0 0 0 0
	write umon |	misses = 386, hits= 0 0 0 0 0 0 0 0 0 0 0 0 0 0 0 0
num evicts: 12300000, p: 6113, s: 294328 	 max proactive lookup: 16, max shadow lookup: 16
current cycle = 20335436, last update cycle = 20000007, delta = 335429
	load umon |	misses = 7282, hits= 0 0 0 0 0 0 0 0 0 0 0 0 0 0 0 0
	write umon |	misses = 201, hits= 0 0 0 0 0 0 0 0 0 0 0 0 0 0 0 0
num evicts: 12400000, p: 6142, s: 297349 	 max proactive lookup: 16, max shadow lookup: 16
current cycle = 21139617, last update cycle = 20000007, delta = 1139610
	load umon |	misses = 7689, hits= 0 0 0 0 0 0 0 0 0 0 0 0 0 0 0 0
	write umon |	misses = 210, hits= 0 0 0 0 0 0 0 0 0 0 0 0 0 0 0 0
num evicts: 12500000, p: 6163, s: 300281 	 max proactive lookup: 16, max shadow lookup: 16
current cycle = 21945671, last update cycle = 20000007, delta = 1945664
	load umon |	misses = 8069, hits= 0 0 0 0 0 0 0 0 0 0 0 0 0 0 0 0
	write umon |	misses = 230, hits= 0 0 0 0 0 0 0 0 0 0 0 0 0 0 0 0
num evicts: 12600000, p: 6193, s: 303249 	 max proactive lookup: 16, max shadow lookup: 16
current cycle = 22752657, last update cycle = 20000007, delta = 2752650
	load umon |	misses = 8422, hits= 0 0 0 0 0 0 0 0 0 0 0 0 0 0 0 0
	write umon |	misses = 242, hits= 0 0 0 0 0 0 0 0 0 0 0 0 0 0 0 0
num evicts: 12700000, p: 6222, s: 306350 	 max proactive lookup: 16, max shadow lookup: 16
current cycle = 23564909, last update cycle = 20000007, delta = 3564902
	load umon |	misses = 8800, hits= 0 0 0 0 0 0 0 0 0 0 0 0 0 0 0 0
	write umon |	misses = 266, hits= 0 0 0 0 0 0 0 0 0 0 0 0 0 0 0 0
num evicts: 12800000, p: 6256, s: 309613 	 max proactive lookup: 16, max shadow lookup: 16
current cycle = 24381319, last update cycle = 20000007, delta = 4381312
	load umon |	misses = 9191, hits= 0 0 0 0 0 0 0 0 0 0 0 0 0 0 0 0
	write umon |	misses = 291, hits= 0 0 0 0 0 0 0 0 0 0 0 0 0 0 0 0
num evicts: 12900000, p: 6281, s: 312761 	 max proactive lookup: 16, max shadow lookup: 16
current cycle = 25200871, last update cycle = 25000009, delta = 200862
	load umon |	misses = 4851, hits= 0 0 0 0 0 0 0 0 0 0 0 0 0 0 0 0
	write umon |	misses = 155, hits= 0 0 0 0 0 0 0 0 0 0 0 0 0 0 0 0
num evicts: 13000000, p: 6306, s: 315882 	 max proactive lookup: 16, max shadow lookup: 16
current cycle = 26027524, last update cycle = 25000009, delta = 1027515
	load umon |	misses = 5244, hits= 0 0 0 0 0 0 0 0 0 0 0 0 0 0 0 0
	write umon |	misses = 167, hits= 0 0 0 0 0 0 0 0 0 0 0 0 0 0 0 0
num evicts: 13100000, p: 6335, s: 319103 	 max proactive lookup: 16, max shadow lookup: 16
current cycle = 26878713, last update cycle = 25000009, delta = 1878704
	load umon |	misses = 5647, hits= 0 0 0 0 0 0 0 0 0 0 0 0 0 0 0 0
	write umon |	misses = 182, hits= 0 0 0 0 0 0 0 0 0 0 0 0 0 0 0 0
num evicts: 13200000, p: 6368, s: 322386 	 max proactive lookup: 16, max shadow lookup: 16
current cycle = 27721308, last update cycle = 25000009, delta = 2721299
	load umon |	misses = 6060, hits= 0 0 0 0 0 0 0 0 0 0 0 0 0 0 0 0
	write umon |	misses = 199, hits= 0 0 0 0 0 0 0 0 0 0 0 0 0 0 0 0
Heartbeat CPU 0 instructions: 30000003 cycles: 27773576 heartbeat IPC: 0.5558 cumulative IPC: 0.277 (Simulation time: 00 hr 47 min 20 sec)
Heartbeat CPU 1 instructions: 30000008 cycles: 28460637 heartbeat IPC: 0.5375 cumulative IPC: 0.2746 (Simulation time: 00 hr 48 min 04 sec)
num evicts: 13300000, p: 6404, s: 325303 	 max proactive lookup: 16, max shadow lookup: 16
current cycle = 28529762, last update cycle = 25000009, delta = 3529753
	load umon |	misses = 6461, hits= 0 0 0 0 0 0 0 0 0 0 0 0 0 0 0 0
	write umon |	misses = 210, hits= 0 0 0 0 0 0 0 0 0 0 0 0 0 0 0 0
Heartbeat CPU 2 instructions: 30000008 cycles: 28841420 heartbeat IPC: 0.5283 cumulative IPC: 0.275 (Simulation time: 00 hr 48 min 29 sec)
Heartbeat CPU 3 instructions: 30000003 cycles: 29294556 heartbeat IPC: 0.5172 cumulative IPC: 0.2727 (Simulation time: 00 hr 48 min 57 sec)
num evicts: 13400000, p: 6433, s: 327532 	 max proactive lookup: 16, max shadow lookup: 16
current cycle = 29321770, last update cycle = 25000009, delta = 4321761
	load umon |	misses = 6828, hits= 0 0 0 0 0 0 0 0 0 0 0 0 0 0 0 0
	write umon |	misses = 221, hits= 0 0 0 0 0 0 0 0 0 0 0 0 0 0 0 0
Heartbeat CPU 4 instructions: 30000007 cycles: 29526437 heartbeat IPC: 0.5119 cumulative IPC: 0.2741 (Simulation time: 00 hr 49 min 12 sec)
Heartbeat CPU 5 instructions: 30000006 cycles: 29654760 heartbeat IPC: 0.5093 cumulative IPC: 0.2789 (Simulation time: 00 hr 49 min 21 sec)
Heartbeat CPU 6 instructions: 30000008 cycles: 29860390 heartbeat IPC: 0.5045 cumulative IPC: 0.2826 (Simulation time: 00 hr 49 min 34 sec)
Heartbeat CPU 7 instructions: 30000006 cycles: 29969611 heartbeat IPC: 0.5021 cumulative IPC: 0.2854 (Simulation time: 00 hr 49 min 41 sec)
num evicts: 13500000, p: 6476, s: 329978 	 max proactive lookup: 16, max shadow lookup: 16
current cycle = 30118932, last update cycle = 30000016, delta = 118916
	load umon |	misses = 3627, hits= 0 0 0 0 0 0 0 0 0 0 0 0 0 0 0 0
	write umon |	misses = 119, hits= 0 0 0 0 0 0 0 0 0 0 0 0 0 0 0 0
num evicts: 13600000, p: 6504, s: 332827 	 max proactive lookup: 16, max shadow lookup: 16
current cycle = 30927232, last update cycle = 30000016, delta = 927216
	load umon |	misses = 3990, hits= 0 0 0 0 0 0 0 0 0 0 0 0 0 0 0 0
	write umon |	misses = 128, hits= 0 0 0 0 0 0 0 0 0 0 0 0 0 0 0 0
num evicts: 13700000, p: 6524, s: 335669 	 max proactive lookup: 16, max shadow lookup: 16
current cycle = 31730560, last update cycle = 30000016, delta = 1730544
	load umon |	misses = 4342, hits= 0 0 0 0 0 0 0 0 0 0 0 0 0 0 0 0
	write umon |	misses = 135, hits= 0 0 0 0 0 0 0 0 0 0 0 0 0 0 0 0
num evicts: 13800000, p: 6545, s: 338760 	 max proactive lookup: 16, max shadow lookup: 16
current cycle = 32538643, last update cycle = 30000016, delta = 2538627
	load umon |	misses = 4664, hits= 0 0 0 0 0 0 0 0 0 0 0 0 0 0 0 0
	write umon |	misses = 143, hits= 0 0 0 0 0 0 0 0 0 0 0 0 0 0 0 0
num evicts: 13900000, p: 6579, s: 341931 	 max proactive lookup: 16, max shadow lookup: 16
current cycle = 33356798, last update cycle = 30000016, delta = 3356782
	load umon |	misses = 5043, hits= 0 0 0 0 0 0 0 0 0 0 0 0 0 0 0 0
	write umon |	misses = 156, hits= 0 0 0 0 0 0 0 0 0 0 0 0 0 0 0 0
num evicts: 14000000, p: 6606, s: 344986 	 max proactive lookup: 16, max shadow lookup: 16
current cycle = 34164990, last update cycle = 30000016, delta = 4164974
	load umon |	misses = 5387, hits= 0 0 0 0 0 0 0 0 0 0 0 0 0 0 0 0
	write umon |	misses = 173, hits= 0 0 0 0 0 0 0 0 0 0 0 0 0 0 0 0
num evicts: 14100000, p: 6644, s: 348068 	 max proactive lookup: 16, max shadow lookup: 16
current cycle = 34971644, last update cycle = 30000016, delta = 4971628
	load umon |	misses = 5780, hits= 0 0 0 0 0 0 0 0 0 0 0 0 0 0 0 0
	write umon |	misses = 195, hits= 0 0 0 0 0 0 0 0 0 0 0 0 0 0 0 0
num evicts: 14200000, p: 6681, s: 351109 	 max proactive lookup: 16, max shadow lookup: 16
current cycle = 35795620, last update cycle = 35000020, delta = 795600
	load umon |	misses = 3323, hits= 0 0 0 0 0 0 0 0 0 0 0 0 0 0 0 0
	write umon |	misses = 104, hits= 0 0 0 0 0 0 0 0 0 0 0 0 0 0 0 0
num evicts: 14300000, p: 6731, s: 354165 	 max proactive lookup: 16, max shadow lookup: 16
current cycle = 36621042, last update cycle = 35000020, delta = 1621022
	load umon |	misses = 3765, hits= 0 0 0 0 0 0 0 0 0 0 0 0 0 0 0 0
	write umon |	misses = 117, hits= 0 0 0 0 0 0 0 0 0 0 0 0 0 0 0 0
num evicts: 14400000, p: 6779, s: 357167 	 max proactive lookup: 16, max shadow lookup: 16
current cycle = 37446895, last update cycle = 35000020, delta = 2446875
	load umon |	misses = 4200, hits= 0 0 0 0 0 0 0 0 0 0 0 0 0 0 0 0
	write umon |	misses = 141, hits= 0 0 0 0 0 0 0 0 0 0 0 0 0 0 0 0
num evicts: 14500000, p: 6829, s: 360550 	 max proactive lookup: 16, max shadow lookup: 16
current cycle = 38278576, last update cycle = 35000020, delta = 3278556
	load umon |	misses = 4626, hits= 0 0 0 0 0 0 0 0 0 0 0 0 0 0 0 0
	write umon |	misses = 154, hits= 0 0 0 0 0 0 0 0 0 0 0 0 0 0 0 0
num evicts: 14600000, p: 6884, s: 363814 	 max proactive lookup: 16, max shadow lookup: 16
current cycle = 39107414, last update cycle = 35000020, delta = 4107394
	load umon |	misses = 5077, hits= 0 0 0 0 0 0 0 0 0 0 0 0 0 0 0 0
	write umon |	misses = 172, hits= 0 0 0 0 0 0 0 0 0 0 0 0 0 0 0 0
num evicts: 14700000, p: 6921, s: 366655 	 max proactive lookup: 16, max shadow lookup: 16
current cycle = 39914687, last update cycle = 35000020, delta = 4914667
	load umon |	misses = 5523, hits= 0 0 0 0 0 0 0 0 0 0 0 0 0 0 0 0
	write umon |	misses = 186, hits= 0 0 0 0 0 0 0 0 0 0 0 0 0 0 0 0
num evicts: 14800000, p: 6967, s: 369711 	 max proactive lookup: 16, max shadow lookup: 16
current cycle = 40717221, last update cycle = 40000029, delta = 717192
	load umon |	misses = 3133, hits= 0 0 0 0 0 0 0 0 0 0 0 0 0 0 0 0
	write umon |	misses = 104, hits= 0 0 0 0 0 0 0 0 0 0 0 0 0 0 0 0
num evicts: 14900000, p: 7000, s: 372326 	 max proactive lookup: 16, max shadow lookup: 16
current cycle = 41515327, last update cycle = 40000029, delta = 1515298
	load umon |	misses = 3548, hits= 0 0 0 0 0 0 0 0 0 0 0 0 0 0 0 0
	write umon |	misses = 114, hits= 0 0 0 0 0 0 0 0 0 0 0 0 0 0 0 0
num evicts: 15000000, p: 7037, s: 375128 	 max proactive lookup: 16, max shadow lookup: 16
current cycle = 42332170, last update cycle = 40000029, delta = 2332141
	load umon |	misses = 3921, hits= 0 0 0 0 0 0 0 0 0 0 0 0 0 0 0 0
	write umon |	misses = 128, hits= 0 0 0 0 0 0 0 0 0 0 0 0 0 0 0 0
num evicts: 15100000, p: 7103, s: 378057 	 max proactive lookup: 16, max shadow lookup: 16
current cycle = 43138326, last update cycle = 40000029, delta = 3138297
	load umon |	misses = 4327, hits= 0 0 0 0 0 0 0 0 0 0 0 0 0 0 0 0
	write umon |	misses = 141, hits= 0 0 0 0 0 0 0 0 0 0 0 0 0 0 0 0
num evicts: 15200000, p: 7149, s: 380854 	 max proactive lookup: 16, max shadow lookup: 16
current cycle = 43939757, last update cycle = 40000029, delta = 3939728
	load umon |	misses = 4771, hits= 0 0 0 0 0 0 0 0 0 0 0 0 0 0 0 0
	write umon |	misses = 158, hits= 0 0 0 0 0 0 0 0 0 0 0 0 0 0 0 0
num evicts: 15300000, p: 7177, s: 382994 	 max proactive lookup: 16, max shadow lookup: 16
current cycle = 44736803, last update cycle = 40000029, delta = 4736774
	load umon |	misses = 5178, hits= 0 0 0 0 0 0 0 0 0 0 0 0 0 0 0 0
	write umon |	misses = 173, hits= 0 0 0 0 0 0 0 0 0 0 0 0 0 0 0 0
num evicts: 15400000, p: 7216, s: 385370 	 max proactive lookup: 16, max shadow lookup: 16
current cycle = 45543457, last update cycle = 45000036, delta = 543421
	load umon |	misses = 2919, hits= 0 0 0 0 0 0 0 0 0 0 0 0 0 0 0 0
	write umon |	misses = 94, hits= 0 0 0 0 0 0 0 0 0 0 0 0 0 0 0 0
num evicts: 15500000, p: 7255, s: 388033 	 max proactive lookup: 16, max shadow lookup: 16
current cycle = 46388701, last update cycle = 45000036, delta = 1388665
	load umon |	misses = 3300, hits= 0 0 0 0 0 0 0 0 0 0 0 0 0 0 0 0
	write umon |	misses = 102, hits= 0 0 0 0 0 0 0 0 0 0 0 0 0 0 0 0
num evicts: 15600000, p: 7296, s: 391031 	 max proactive lookup: 16, max shadow lookup: 16
current cycle = 47232711, last update cycle = 45000036, delta = 2232675
	load umon |	misses = 3654, hits= 0 0 0 0 0 0 0 0 0 0 0 0 0 0 0 0
	write umon |	misses = 114, hits= 0 0 0 0 0 0 0 0 0 0 0 0 0 0 0 0
num evicts: 15700000, p: 7332, s: 393916 	 max proactive lookup: 16, max shadow lookup: 16
current cycle = 48040256, last update cycle = 45000036, delta = 3040220
	load umon |	misses = 4037, hits= 0 0 0 0 0 0 0 0 0 0 0 0 0 0 0 0
	write umon |	misses = 133, hits= 0 0 0 0 0 0 0 0 0 0 0 0 0 0 0 0
num evicts: 15800000, p: 7370, s: 396703 	 max proactive lookup: 16, max shadow lookup: 16
current cycle = 48836084, last update cycle = 45000036, delta = 3836048
	load umon |	misses = 4470, hits= 0 0 0 0 0 0 0 0 0 0 0 0 0 0 0 0
	write umon |	misses = 141, hits= 0 0 0 0 0 0 0 0 0 0 0 0 0 0 0 0
num evicts: 15900000, p: 7429, s: 399682 	 max proactive lookup: 16, max shadow lookup: 16
current cycle = 49634205, last update cycle = 45000036, delta = 4634169
	load umon |	misses = 4909, hits= 0 0 0 0 0 0 0 0 0 0 0 0 0 0 0 0
	write umon |	misses = 154, hits= 0 0 0 0 0 0 0 0 0 0 0 0 0 0 0 0
num evicts: 16000000, p: 7474, s: 402472 	 max proactive lookup: 16, max shadow lookup: 16
current cycle = 50425300, last update cycle = 50000038, delta = 425262
	load umon |	misses = 2759, hits= 0 0 0 0 0 0 0 0 0 0 0 0 0 0 0 0
	write umon |	misses = 86, hits= 0 0 0 0 0 0 0 0 0 0 0 0 0 0 0 0
num evicts: 16100000, p: 7497, s: 405196 	 max proactive lookup: 16, max shadow lookup: 16
current cycle = 51229774, last update cycle = 50000038, delta = 1229736
	load umon |	misses = 3154, hits= 0 0 0 0 0 0 0 0 0 0 0 0 0 0 0 0
	write umon |	misses = 93, hits= 0 0 0 0 0 0 0 0 0 0 0 0 0 0 0 0
num evicts: 16200000, p: 7525, s: 408205 	 max proactive lookup: 16, max shadow lookup: 16
current cycle = 52050682, last update cycle = 50000038, delta = 2050644
	load umon |	misses = 3551, hits= 0 0 0 0 0 0 0 0 0 0 0 0 0 0 0 0
	write umon |	misses = 100, hits= 0 0 0 0 0 0 0 0 0 0 0 0 0 0 0 0
num evicts: 16300000, p: 7566, s: 411354 	 max proactive lookup: 16, max shadow lookup: 16
current cycle = 52871393, last update cycle = 50000038, delta = 2871355
	load umon |	misses = 3928, hits= 0 0 0 0 0 0 0 0 0 0 0 0 0 0 0 0
	write umon |	misses = 115, hits= 0 0 0 0 0 0 0 0 0 0 0 0 0 0 0 0
num evicts: 16400000, p: 7601, s: 414635 	 max proactive lookup: 16, max shadow lookup: 16
current cycle = 53697393, last update cycle = 50000038, delta = 3697355
	load umon |	misses = 4312, hits= 0 0 0 0 0 0 0 0 0 0 0 0 0 0 0 0
	write umon |	misses = 129, hits= 0 0 0 0 0 0 0 0 0 0 0 0 0 0 0 0
num evicts: 16500000, p: 7629, s: 417972 	 max proactive lookup: 16, max shadow lookup: 16
current cycle = 54522903, last update cycle = 50000038, delta = 4522865
	load umon |	misses = 4658, hits= 0 0 0 0 0 0 0 0 0 0 0 0 0 0 0 0
	write umon |	misses = 143, hits= 0 0 0 0 0 0 0 0 0 0 0 0 0 0 0 0
num evicts: 16600000, p: 7664, s: 421357 	 max proactive lookup: 16, max shadow lookup: 16
current cycle = 55345437, last update cycle = 55000044, delta = 345393
	load umon |	misses = 2599, hits= 0 0 0 0 0 0 0 0 0 0 0 0 0 0 0 0
	write umon |	misses = 80, hits= 0 0 0 0 0 0 0 0 0 0 0 0 0 0 0 0
num evicts: 16700000, p: 7703, s: 425124 	 max proactive lookup: 16, max shadow lookup: 16
current cycle = 56194694, last update cycle = 55000044, delta = 1194650
	load umon |	misses = 2986, hits= 0 0 0 0 0 0 0 0 0 0 0 0 0 0 0 0
	write umon |	misses = 99, hits= 0 0 0 0 0 0 0 0 0 0 0 0 0 0 0 0
num evicts: 16800000, p: 7755, s: 428831 	 max proactive lookup: 16, max shadow lookup: 16
current cycle = 57057333, last update cycle = 55000044, delta = 2057289
	load umon |	misses = 3408, hits= 0 0 0 0 0 0 0 0 0 0 0 0 0 0 0 0
	write umon |	misses = 117, hits= 0 0 0 0 0 0 0 0 0 0 0 0 0 0 0 0
num evicts: 16900000, p: 7804, s: 432503 	 max proactive lookup: 16, max shadow lookup: 16
current cycle = 57884393, last update cycle = 55000044, delta = 2884349
	load umon |	misses = 3829, hits= 0 0 0 0 0 0 0 0 0 0 0 0 0 0 0 0
	write umon |	misses = 139, hits= 0 0 0 0 0 0 0 0 0 0 0 0 0 0 0 0
num evicts: 17000000, p: 7850, s: 435897 	 max proactive lookup: 16, max shadow lookup: 16
current cycle = 58702863, last update cycle = 55000044, delta = 3702819
	load umon |	misses = 4244, hits= 0 0 0 0 0 0 0 0 0 0 0 0 0 0 0 0
	write umon |	misses = 160, hits= 0 0 0 0 0 0 0 0 0 0 0 0 0 0 0 0
num evicts: 17100000, p: 7904, s: 438892 	 max proactive lookup: 16, max shadow lookup: 16
current cycle = 59511779, last update cycle = 55000044, delta = 4511735
	load umon |	misses = 4650, hits= 0 0 0 0 0 0 0 0 0 0 0 0 0 0 0 0
	write umon |	misses = 180, hits= 0 0 0 0 0 0 0 0 0 0 0 0 0 0 0 0
num evicts: 17200000, p: 7948, s: 441478 	 max proactive lookup: 16, max shadow lookup: 16
current cycle = 60322245, last update cycle = 60000048, delta = 322197
	load umon |	misses = 2578, hits= 0 0 0 0 0 0 0 0 0 0 0 0 0 0 0 0
	write umon |	misses = 94, hits= 0 0 0 0 0 0 0 0 0 0 0 0 0 0 0 0
num evicts: 17300000, p: 7989, s: 444136 	 max proactive lookup: 16, max shadow lookup: 16
current cycle = 61140763, last update cycle = 60000048, delta = 1140715
	load umon |	misses = 2922, hits= 0 0 0 0 0 0 0 0 0 0 0 0 0 0 0 0
	write umon |	misses = 102, hits= 0 0 0 0 0 0 0 0 0 0 0 0 0 0 0 0
num evicts: 17400000, p: 8027, s: 447130 	 max proactive lookup: 16, max shadow lookup: 16
current cycle = 61986439, last update cycle = 60000048, delta = 1986391
	load umon |	misses = 3284, hits= 0 0 0 0 0 0 0 0 0 0 0 0 0 0 0 0
	write umon |	misses = 114, hits= 0 0 0 0 0 0 0 0 0 0 0 0 0 0 0 0
num evicts: 17500000, p: 8073, s: 450401 	 max proactive lookup: 16, max shadow lookup: 16
current cycle = 62811565, last update cycle = 60000048, delta = 2811517
	load umon |	misses = 3662, hits= 0 0 0 0 0 0 0 0 0 0 0 0 0 0 0 0
	write umon |	misses = 124, hits= 0 0 0 0 0 0 0 0 0 0 0 0 0 0 0 0
num evicts: 17600000, p: 8104, s: 453766 	 max proactive lookup: 16, max shadow lookup: 16
current cycle = 63621705, last update cycle = 60000048, delta = 3621657
	load umon |	misses = 4072, hits= 0 0 0 0 0 0 0 0 0 0 0 0 0 0 0 0
	write umon |	misses = 139, hits= 0 0 0 0 0 0 0 0 0 0 0 0 0 0 0 0
Heartbeat CPU 0 instructions: 40000003 cycles: 64189946 heartbeat IPC: 0.2746 cumulative IPC: 0.2753 (Simulation time: 01 hr 26 min 54 sec)
num evicts: 17700000, p: 8132, s: 457021 	 max proactive lookup: 16, max shadow lookup: 16
current cycle = 64438157, last update cycle = 60000048, delta = 4438109
	load umon |	misses = 4474, hits= 0 0 0 0 0 0 0 0 0 0 0 0 0 0 0 0
	write umon |	misses = 155, hits= 0 0 0 0 0 0 0 0 0 0 0 0 0 0 0 0
Heartbeat CPU 1 instructions: 40000008 cycles: 65007448 heartbeat IPC: 0.2736 cumulative IPC: 0.2739 (Simulation time: 01 hr 27 min 47 sec)
Heartbeat CPU 2 instructions: 40000011 cycles: 65197581 heartbeat IPC: 0.2751 cumulative IPC: 0.275 (Simulation time: 01 hr 27 min 59 sec)
num evicts: 17800000, p: 8153, s: 460364 	 max proactive lookup: 16, max shadow lookup: 16
current cycle = 65259096, last update cycle = 65000051, delta = 259045
	load umon |	misses = 2518, hits= 0 0 0 0 0 0 0 0 0 0 0 0 0 0 0 0
	write umon |	misses = 88, hits= 0 0 0 0 0 0 0 0 0 0 0 0 0 0 0 0
Heartbeat CPU 3 instructions: 40000007 cycles: 65724561 heartbeat IPC: 0.2745 cumulative IPC: 0.2739 (Simulation time: 01 hr 28 min 34 sec)
Heartbeat CPU 5 instructions: 40000007 cycles: 65865154 heartbeat IPC: 0.2762 cumulative IPC: 0.277 (Simulation time: 01 hr 28 min 43 sec)
Heartbeat CPU 4 instructions: 40000007 cycles: 65950278 heartbeat IPC: 0.2745 cumulative IPC: 0.2744 (Simulation time: 01 hr 28 min 48 sec)
num evicts: 17900000, p: 8199, s: 463902 	 max proactive lookup: 16, max shadow lookup: 16
current cycle = 66101952, last update cycle = 65000051, delta = 1101901
	load umon |	misses = 2962, hits= 0 0 0 0 0 0 0 0 0 0 0 0 0 0 0 0
	write umon |	misses = 106, hits= 0 0 0 0 0 0 0 0 0 0 0 0 0 0 0 0
Heartbeat CPU 6 instructions: 40000012 cycles: 66254949 heartbeat IPC: 0.2748 cumulative IPC: 0.2773 (Simulation time: 01 hr 29 min 09 sec)
Heartbeat CPU 7 instructions: 40000008 cycles: 66353559 heartbeat IPC: 0.2748 cumulative IPC: 0.2783 (Simulation time: 01 hr 29 min 15 sec)
num evicts: 18000000, p: 8231, s: 467495 	 max proactive lookup: 16, max shadow lookup: 16
current cycle = 66945136, last update cycle = 65000051, delta = 1945085
	load umon |	misses = 3352, hits= 0 0 0 0 0 0 0 0 0 0 0 0 0 0 0 0
	write umon |	misses = 117, hits= 0 0 0 0 0 0 0 0 0 0 0 0 0 0 0 0
num evicts: 18100000, p: 8265, s: 470921 	 max proactive lookup: 16, max shadow lookup: 16
current cycle = 67768432, last update cycle = 65000051, delta = 2768381
	load umon |	misses = 3752, hits= 0 0 0 0 0 0 0 0 0 0 0 0 0 0 0 0
	write umon |	misses = 129, hits= 0 0 0 0 0 0 0 0 0 0 0 0 0 0 0 0
num evicts: 18200000, p: 8301, s: 474554 	 max proactive lookup: 16, max shadow lookup: 16
current cycle = 68588479, last update cycle = 65000051, delta = 3588428
	load umon |	misses = 4170, hits= 0 0 0 0 0 0 0 0 0 0 0 0 0 0 0 0
	write umon |	misses = 143, hits= 0 0 0 0 0 0 0 0 0 0 0 0 0 0 0 0
num evicts: 18300000, p: 8336, s: 478464 	 max proactive lookup: 16, max shadow lookup: 16
current cycle = 69418274, last update cycle = 65000051, delta = 4418223
	load umon |	misses = 4600, hits= 0 0 0 0 0 0 0 0 0 0 0 0 0 0 0 0
	write umon |	misses = 161, hits= 0 0 0 0 0 0 0 0 0 0 0 0 0 0 0 0
num evicts: 18400000, p: 8381, s: 482390 	 max proactive lookup: 16, max shadow lookup: 16
current cycle = 70254759, last update cycle = 70000059, delta = 254700
	load umon |	misses = 2550, hits= 0 0 0 0 0 0 0 0 0 0 0 0 0 0 0 0
	write umon |	misses = 91, hits= 0 0 0 0 0 0 0 0 0 0 0 0 0 0 0 0
num evicts: 18500000, p: 8440, s: 486684 	 max proactive lookup: 16, max shadow lookup: 16
current cycle = 71093433, last update cycle = 70000059, delta = 1093374
	load umon |	misses = 2977, hits= 0 0 0 0 0 0 0 0 0 0 0 0 0 0 0 0
	write umon |	misses = 112, hits= 0 0 0 0 0 0 0 0 0 0 0 0 0 0 0 0
num evicts: 18600000, p: 8478, s: 490479 	 max proactive lookup: 16, max shadow lookup: 16
current cycle = 71921636, last update cycle = 70000059, delta = 1921577
	load umon |	misses = 3353, hits= 0 0 0 0 0 0 0 0 0 0 0 0 0 0 0 0
	write umon |	misses = 130, hits= 0 0 0 0 0 0 0 0 0 0 0 0 0 0 0 0
num evicts: 18700000, p: 8535, s: 494082 	 max proactive lookup: 16, max shadow lookup: 16
current cycle = 72740768, last update cycle = 70000059, delta = 2740709
	load umon |	misses = 3730, hits= 0 0 0 0 0 0 0 0 0 0 0 0 0 0 0 0
	write umon |	misses = 145, hits= 0 0 0 0 0 0 0 0 0 0 0 0 0 0 0 0
num evicts: 18800000, p: 8562, s: 497076 	 max proactive lookup: 16, max shadow lookup: 16
current cycle = 73552141, last update cycle = 70000059, delta = 3552082
	load umon |	misses = 4113, hits= 0 0 0 0 0 0 0 0 0 0 0 0 0 0 0 0
	write umon |	misses = 154, hits= 0 0 0 0 0 0 0 0 0 0 0 0 0 0 0 0
num evicts: 18900000, p: 8616, s: 499937 	 max proactive lookup: 16, max shadow lookup: 16
current cycle = 74360787, last update cycle = 70000059, delta = 4360728
	load umon |	misses = 4519, hits= 0 0 0 0 0 0 0 0 0 0 0 0 0 0 0 0
	write umon |	misses = 163, hits= 0 0 0 0 0 0 0 0 0 0 0 0 0 0 0 0
num evicts: 19000000, p: 8663, s: 503116 	 max proactive lookup: 16, max shadow lookup: 16
current cycle = 75172930, last update cycle = 75000062, delta = 172868
	load umon |	misses = 2489, hits= 0 0 0 0 0 0 0 0 0 0 0 0 0 0 0 0
	write umon |	misses = 87, hits= 0 0 0 0 0 0 0 0 0 0 0 0 0 0 0 0
num evicts: 19100000, p: 8691, s: 506434 	 max proactive lookup: 16, max shadow lookup: 16
current cycle = 75995321, last update cycle = 75000062, delta = 995259
	load umon |	misses = 2827, hits= 0 0 0 0 0 0 0 0 0 0 0 0 0 0 0 0
	write umon |	misses = 98, hits= 0 0 0 0 0 0 0 0 0 0 0 0 0 0 0 0
num evicts: 19200000, p: 8729, s: 509752 	 max proactive lookup: 16, max shadow lookup: 16
current cycle = 76826074, last update cycle = 75000062, delta = 1826012
	load umon |	misses = 3195, hits= 0 0 0 0 0 0 0 0 0 0 0 0 0 0 0 0
	write umon |	misses = 109, hits= 0 0 0 0 0 0 0 0 0 0 0 0 0 0 0 0
num evicts: 19300000, p: 8773, s: 513227 	 max proactive lookup: 16, max shadow lookup: 16
current cycle = 77678946, last update cycle = 75000062, delta = 2678884
	load umon |	misses = 3611, hits= 0 0 0 0 0 0 0 0 0 0 0 0 0 0 0 0
	write umon |	misses = 121, hits= 0 0 0 0 0 0 0 0 0 0 0 0 0 0 0 0
num evicts: 19400000, p: 8824, s: 516817 	 max proactive lookup: 16, max shadow lookup: 16
current cycle = 78511552, last update cycle = 75000062, delta = 3511490
	load umon |	misses = 4023, hits= 0 0 0 0 0 0 0 0 0 0 0 0 0 0 0 0
	write umon |	misses = 139, hits= 0 0 0 0 0 0 0 0 0 0 0 0 0 0 0 0
num evicts: 19500000, p: 8879, s: 520469 	 max proactive lookup: 16, max shadow lookup: 16
current cycle = 79332954, last update cycle = 75000062, delta = 4332892
	load umon |	misses = 4395, hits= 0 0 0 0 0 0 0 0 0 0 0 0 0 0 0 0
	write umon |	misses = 162, hits= 0 0 0 0 0 0 0 0 0 0 0 0 0 0 0 0
num evicts: 19600000, p: 8926, s: 524177 	 max proactive lookup: 16, max shadow lookup: 16
current cycle = 80156076, last update cycle = 80000070, delta = 156006
	load umon |	misses = 2414, hits= 0 0 0 0 0 0 0 0 0 0 0 0 0 0 0 0
	write umon |	misses = 90, hits= 0 0 0 0 0 0 0 0 0 0 0 0 0 0 0 0
num evicts: 19700000, p: 8960, s: 527931 	 max proactive lookup: 16, max shadow lookup: 16
current cycle = 80987264, last update cycle = 80000070, delta = 987194
	load umon |	misses = 2776, hits= 0 0 0 0 0 0 0 0 0 0 0 0 0 0 0 0
	write umon |	misses = 108, hits= 0 0 0 0 0 0 0 0 0 0 0 0 0 0 0 0
num evicts: 19800000, p: 8995, s: 531666 	 max proactive lookup: 16, max shadow lookup: 16
current cycle = 81819156, last update cycle = 80000070, delta = 1819086
	load umon |	misses = 3170, hits= 0 0 0 0 0 0 0 0 0 0 0 0 0 0 0 0
	write umon |	misses = 134, hits= 0 0 0 0 0 0 0 0 0 0 0 0 0 0 0 0
num evicts: 19900000, p: 9031, s: 535710 	 max proactive lookup: 16, max shadow lookup: 16
current cycle = 82666467, last update cycle = 80000070, delta = 2666397
	load umon |	misses = 3608, hits= 0 0 0 0 0 0 0 0 0 0 0 0 0 0 0 0
	write umon |	misses = 158, hits= 0 0 0 0 0 0 0 0 0 0 0 0 0 0 0 0
num evicts: 20000000, p: 9065, s: 539724 	 max proactive lookup: 16, max shadow lookup: 16
current cycle = 83508219, last update cycle = 80000070, delta = 3508149
	load umon |	misses = 4026, hits= 0 0 0 0 0 0 0 0 0 0 0 0 0 0 0 0
	write umon |	misses = 170, hits= 0 0 0 0 0 0 0 0 0 0 0 0 0 0 0 0
num evicts: 20100000, p: 9111, s: 543736 	 max proactive lookup: 16, max shadow lookup: 16
current cycle = 84338510, last update cycle = 80000070, delta = 4338440
	load umon |	misses = 4465, hits= 0 0 0 0 0 0 0 0 0 0 0 0 0 0 0 0
	write umon |	misses = 192, hits= 0 0 0 0 0 0 0 0 0 0 0 0 0 0 0 0
num evicts: 20200000, p: 9161, s: 547513 	 max proactive lookup: 16, max shadow lookup: 16
current cycle = 85171396, last update cycle = 85000075, delta = 171321
	load umon |	misses = 2470, hits= 0 0 0 0 0 0 0 0 0 0 0 0 0 0 0 0
	write umon |	misses = 109, hits= 0 0 0 0 0 0 0 0 0 0 0 0 0 0 0 0
num evicts: 20300000, p: 9200, s: 551274 	 max proactive lookup: 16, max shadow lookup: 16
current cycle = 86012904, last update cycle = 85000075, delta = 1012829
	load umon |	misses = 2854, hits= 0 0 0 0 0 0 0 0 0 0 0 0 0 0 0 0
	write umon |	misses = 126, hits= 0 0 0 0 0 0 0 0 0 0 0 0 0 0 0 0
num evicts: 20400000, p: 9246, s: 554445 	 max proactive lookup: 16, max shadow lookup: 16
current cycle = 86847536, last update cycle = 85000075, delta = 1847461
	load umon |	misses = 3231, hits= 0 0 0 0 0 0 0 0 0 0 0 0 0 0 0 0
	write umon |	misses = 142, hits= 0 0 0 0 0 0 0 0 0 0 0 0 0 0 0 0
num evicts: 20500000, p: 9296, s: 557192 	 max proactive lookup: 16, max shadow lookup: 16
current cycle = 87667925, last update cycle = 85000075, delta = 2667850
	load umon |	misses = 3606, hits= 0 0 0 0 0 0 0 0 0 0 0 0 0 0 0 0
	write umon |	misses = 159, hits= 0 0 0 0 0 0 0 0 0 0 0 0 0 0 0 0
num evicts: 20600000, p: 9337, s: 560297 	 max proactive lookup: 16, max shadow lookup: 16
current cycle = 88491708, last update cycle = 85000075, delta = 3491633
	load umon |	misses = 3989, hits= 0 0 0 0 0 0 0 0 0 0 0 0 0 0 0 0
	write umon |	misses = 175, hits= 0 0 0 0 0 0 0 0 0 0 0 0 0 0 0 0
num evicts: 20700000, p: 9380, s: 563583 	 max proactive lookup: 16, max shadow lookup: 16
current cycle = 89312366, last update cycle = 85000075, delta = 4312291
	load umon |	misses = 4371, hits= 0 0 0 0 0 0 0 0 0 0 0 0 0 0 0 0
	write umon |	misses = 186, hits= 0 0 0 0 0 0 0 0 0 0 0 0 0 0 0 0
num evicts: 20800000, p: 9427, s: 567110 	 max proactive lookup: 16, max shadow lookup: 16
current cycle = 90128308, last update cycle = 90000077, delta = 128231
	load umon |	misses = 2395, hits= 0 0 0 0 0 0 0 0 0 0 0 0 0 0 0 0
	write umon |	misses = 98, hits= 0 0 0 0 0 0 0 0 0 0 0 0 0 0 0 0
num evicts: 20900000, p: 9460, s: 570554 	 max proactive lookup: 16, max shadow lookup: 16
current cycle = 90938568, last update cycle = 90000077, delta = 938491
	load umon |	misses = 2773, hits= 0 0 0 0 0 0 0 0 0 0 0 0 0 0 0 0
	write umon |	misses = 107, hits= 0 0 0 0 0 0 0 0 0 0 0 0 0 0 0 0
num evicts: 21000000, p: 9492, s: 573847 	 max proactive lookup: 16, max shadow lookup: 16
current cycle = 91750326, last update cycle = 90000077, delta = 1750249
	load umon |	misses = 3164, hits= 0 0 0 0 0 0 0 0 0 0 0 0 0 0 0 0
	write umon |	misses = 122, hits= 0 0 0 0 0 0 0 0 0 0 0 0 0 0 0 0
num evicts: 21100000, p: 9521, s: 577158 	 max proactive lookup: 16, max shadow lookup: 16
current cycle = 92565631, last update cycle = 90000077, delta = 2565554
	load umon |	misses = 3570, hits= 0 0 0 0 0 0 0 0 0 0 0 0 0 0 0 0
	write umon |	misses = 135, hits= 0 0 0 0 0 0 0 0 0 0 0 0 0 0 0 0
num evicts: 21200000, p: 9545, s: 580455 	 max proactive lookup: 16, max shadow lookup: 16
current cycle = 93383969, last update cycle = 90000077, delta = 3383892
	load umon |	misses = 3975, hits= 0 0 0 0 0 0 0 0 0 0 0 0 0 0 0 0
	write umon |	misses = 148, hits= 0 0 0 0 0 0 0 0 0 0 0 0 0 0 0 0
num evicts: 21300000, p: 9573, s: 584114 	 max proactive lookup: 16, max shadow lookup: 16
current cycle = 94205534, last update cycle = 90000077, delta = 4205457
	load umon |	misses = 4364, hits= 0 0 0 0 0 0 0 0 0 0 0 0 0 0 0 0
	write umon |	misses = 159, hits= 0 0 0 0 0 0 0 0 0 0 0 0 0 0 0 0
num evicts: 21400000, p: 9589, s: 587653 	 max proactive lookup: 16, max shadow lookup: 16
current cycle = 95027700, last update cycle = 95000077, delta = 27623
	load umon |	misses = 2390, hits= 0 0 0 0 0 0 0 0 0 0 0 0 0 0 0 0
	write umon |	misses = 86, hits= 0 0 0 0 0 0 0 0 0 0 0 0 0 0 0 0
num evicts: 21500000, p: 9616, s: 591630 	 max proactive lookup: 16, max shadow lookup: 16
current cycle = 95847849, last update cycle = 95000077, delta = 847772
	load umon |	misses = 2805, hits= 0 0 0 0 0 0 0 0 0 0 0 0 0 0 0 0
	write umon |	misses = 103, hits= 0 0 0 0 0 0 0 0 0 0 0 0 0 0 0 0
num evicts: 21600000, p: 9652, s: 595621 	 max proactive lookup: 16, max shadow lookup: 16
current cycle = 96683488, last update cycle = 95000077, delta = 1683411
	load umon |	misses = 3240, hits= 0 0 0 0 0 0 0 0 0 0 0 0 0 0 0 0
	write umon |	misses = 126, hits= 0 0 0 0 0 0 0 0 0 0 0 0 0 0 0 0
num evicts: 21700000, p: 9685, s: 599533 	 max proactive lookup: 16, max shadow lookup: 16
current cycle = 97523762, last update cycle = 95000077, delta = 2523685
	load umon |	misses = 3651, hits= 0 0 0 0 0 0 0 0 0 0 0 0 0 0 0 0
	write umon |	misses = 151, hits= 0 0 0 0 0 0 0 0 0 0 0 0 0 0 0 0
num evicts: 21800000, p: 9722, s: 603680 	 max proactive lookup: 16, max shadow lookup: 16
current cycle = 98362291, last update cycle = 95000077, delta = 3362214
	load umon |	misses = 4037, hits= 0 0 0 0 0 0 0 0 0 0 0 0 0 0 0 0
	write umon |	misses = 178, hits= 0 0 0 0 0 0 0 0 0 0 0 0 0 0 0 0
num evicts: 21900000, p: 9775, s: 607643 	 max proactive lookup: 16, max shadow lookup: 16
current cycle = 99188883, last update cycle = 95000077, delta = 4188806
	load umon |	misses = 4409, hits= 0 0 0 0 0 0 0 0 0 0 0 0 0 0 0 0
	write umon |	misses = 191, hits= 0 0 0 0 0 0 0 0 0 0 0 0 0 0 0 0
num evicts: 22000000, p: 9817, s: 611345 	 max proactive lookup: 16, max shadow lookup: 16
current cycle = 100001367, last update cycle = 100000167, delta = 1200
	load umon |	misses = 2389, hits= 0 0 0 0 0 0 0 0 0 0 0 0 0 0 0 0
	write umon |	misses = 104, hits= 0 0 0 0 0 0 0 0 0 0 0 0 0 0 0 0
num evicts: 22100000, p: 9849, s: 614388 	 max proactive lookup: 16, max shadow lookup: 16
current cycle = 100808356, last update cycle = 100000167, delta = 808189
	load umon |	misses = 2770, hits= 0 0 0 0 0 0 0 0 0 0 0 0 0 0 0 0
	write umon |	misses = 115, hits= 0 0 0 0 0 0 0 0 0 0 0 0 0 0 0 0
Heartbeat CPU 0 instructions: 50000007 cycles: 100931917 heartbeat IPC: 0.2722 cumulative IPC: 0.274 (Simulation time: 02 hr 06 min 28 sec)
num evicts: 22200000, p: 9877, s: 617239 	 max proactive lookup: 16, max shadow lookup: 16
current cycle = 101608607, last update cycle = 100000167, delta = 1608440
	load umon |	misses = 3140, hits= 0 0 0 0 0 0 0 0 0 0 0 0 0 0 0 0
	write umon |	misses = 127, hits= 0 0 0 0 0 0 0 0 0 0 0 0 0 0 0 0
Heartbeat CPU 1 instructions: 50000012 cycles: 101933767 heartbeat IPC: 0.2708 cumulative IPC: 0.2726 (Simulation time: 02 hr 07 min 32 sec)
Heartbeat CPU 2 instructions: 50000014 cycles: 101979702 heartbeat IPC: 0.2719 cumulative IPC: 0.2737 (Simulation time: 02 hr 07 min 35 sec)
num evicts: 22300000, p: 9908, s: 620464 	 max proactive lookup: 16, max shadow lookup: 16
current cycle = 102419298, last update cycle = 100000167, delta = 2419131
	load umon |	misses = 3528, hits= 0 0 0 0 0 0 0 0 0 0 0 0 0 0 0 0
	write umon |	misses = 138, hits= 0 0 0 0 0 0 0 0 0 0 0 0 0 0 0 0
Heartbeat CPU 3 instructions: 50000011 cycles: 102687377 heartbeat IPC: 0.2705 cumulative IPC: 0.2725 (Simulation time: 02 hr 08 min 20 sec)
Heartbeat CPU 5 instructions: 50000007 cycles: 102708948 heartbeat IPC: 0.2714 cumulative IPC: 0.2747 (Simulation time: 02 hr 08 min 22 sec)
Heartbeat CPU 4 instructions: 50000007 cycles: 102935668 heartbeat IPC: 0.2704 cumulative IPC: 0.2728 (Simulation time: 02 hr 08 min 36 sec)
num evicts: 22400000, p: 9943, s: 623834 	 max proactive lookup: 16, max shadow lookup: 16
current cycle = 103234312, last update cycle = 100000167, delta = 3234145
	load umon |	misses = 3888, hits= 0 0 0 0 0 0 0 0 0 0 0 0 0 0 0 0
	write umon |	misses = 150, hits= 0 0 0 0 0 0 0 0 0 0 0 0 0 0 0 0
Heartbeat CPU 6 instructions: 50000012 cycles: 103300787 heartbeat IPC: 0.2699 cumulative IPC: 0.2743 (Simulation time: 02 hr 09 min 00 sec)
Heartbeat CPU 7 instructions: 50000011 cycles: 103413607 heartbeat IPC: 0.2698 cumulative IPC: 0.2748 (Simulation time: 02 hr 09 min 07 sec)
num evicts: 22500000, p: 9977, s: 627440 	 max proactive lookup: 16, max shadow lookup: 16
current cycle = 104054386, last update cycle = 100000167, delta = 4054219
	load umon |	misses = 4264, hits= 0 0 0 0 0 0 0 0 0 0 0 0 0 0 0 0
	write umon |	misses = 162, hits= 0 0 0 0 0 0 0 0 0 0 0 0 0 0 0 0
num evicts: 22600000, p: 10018, s: 631176 	 max proactive lookup: 16, max shadow lookup: 16
current cycle = 104862825, last update cycle = 100000167, delta = 4862658
	load umon |	misses = 4674, hits= 0 0 0 0 0 0 0 0 0 0 0 0 0 0 0 0
	write umon |	misses = 177, hits= 0 0 0 0 0 0 0 0 0 0 0 0 0 0 0 0
num evicts: 22700000, p: 10060, s: 635130 	 max proactive lookup: 16, max shadow lookup: 16
current cycle = 105675618, last update cycle = 105000170, delta = 675448
	load umon |	misses = 2741, hits= 0 0 0 0 0 0 0 0 0 0 0 0 0 0 0 0
	write umon |	misses = 103, hits= 0 0 0 0 0 0 0 0 0 0 0 0 0 0 0 0
num evicts: 22800000, p: 10095, s: 638940 	 max proactive lookup: 16, max shadow lookup: 16
current cycle = 106493158, last update cycle = 105000170, delta = 1492988
	load umon |	misses = 3175, hits= 0 0 0 0 0 0 0 0 0 0 0 0 0 0 0 0
	write umon |	misses = 116, hits= 0 0 0 0 0 0 0 0 0 0 0 0 0 0 0 0
num evicts: 22900000, p: 10134, s: 642587 	 max proactive lookup: 16, max shadow lookup: 16
current cycle = 107307456, last update cycle = 105000170, delta = 2307286
	load umon |	misses = 3622, hits= 0 0 0 0 0 0 0 0 0 0 0 0 0 0 0 0
	write umon |	misses = 123, hits= 0 0 0 0 0 0 0 0 0 0 0 0 0 0 0 0
num evicts: 23000000, p: 10169, s: 646478 	 max proactive lookup: 16, max shadow lookup: 16
current cycle = 108123818, last update cycle = 105000170, delta = 3123648
	load umon |	misses = 4013, hits= 0 0 0 0 0 0 0 0 0 0 0 0 0 0 0 0
	write umon |	misses = 137, hits= 0 0 0 0 0 0 0 0 0 0 0 0 0 0 0 0
num evicts: 23100000, p: 10209, s: 650041 	 max proactive lookup: 16, max shadow lookup: 16
current cycle = 108943911, last update cycle = 105000170, delta = 3943741
	load umon |	misses = 4423, hits= 0 0 0 0 0 0 0 0 0 0 0 0 0 0 0 0
	write umon |	misses = 167, hits= 0 0 0 0 0 0 0 0 0 0 0 0 0 0 0 0
num evicts: 23200000, p: 10241, s: 654090 	 max proactive lookup: 16, max shadow lookup: 16
current cycle = 109773825, last update cycle = 105000170, delta = 4773655
	load umon |	misses = 4861, hits= 0 0 0 0 0 0 0 0 0 0 0 0 0 0 0 0
	write umon |	misses = 194, hits= 0 0 0 0 0 0 0 0 0 0 0 0 0 0 0 0
num evicts: 23300000, p: 10277, s: 658418 	 max proactive lookup: 16, max shadow lookup: 16
current cycle = 110605258, last update cycle = 110000176, delta = 605082
	load umon |	misses = 2771, hits= 0 0 0 0 0 0 0 0 0 0 0 0 0 0 0 0
	write umon |	misses = 112, hits= 0 0 0 0 0 0 0 0 0 0 0 0 0 0 0 0
num evicts: 23400000, p: 10314, s: 662525 	 max proactive lookup: 16, max shadow lookup: 16
current cycle = 111441694, last update cycle = 110000176, delta = 1441518
	load umon |	misses = 3175, hits= 0 0 0 0 0 0 0 0 0 0 0 0 0 0 0 0
	write umon |	misses = 130, hits= 0 0 0 0 0 0 0 0 0 0 0 0 0 0 0 0
num evicts: 23500000, p: 10375, s: 666933 	 max proactive lookup: 16, max shadow lookup: 16
current cycle = 112280964, last update cycle = 110000176, delta = 2280788
	load umon |	misses = 3596, hits= 0 0 0 0 0 0 0 0 0 0 0 0 0 0 0 0
	write umon |	misses = 152, hits= 0 0 0 0 0 0 0 0 0 0 0 0 0 0 0 0
num evicts: 23600000, p: 10410, s: 670756 	 max proactive lookup: 16, max shadow lookup: 16
current cycle = 113099624, last update cycle = 110000176, delta = 3099448
	load umon |	misses = 4012, hits= 0 0 0 0 0 0 0 0 0 0 0 0 0 0 0 0
	write umon |	misses = 176, hits= 0 0 0 0 0 0 0 0 0 0 0 0 0 0 0 0
num evicts: 23700000, p: 10452, s: 673707 	 max proactive lookup: 16, max shadow lookup: 16
current cycle = 113907827, last update cycle = 110000176, delta = 3907651
	load umon |	misses = 4408, hits= 0 0 0 0 0 0 0 0 0 0 0 0 0 0 0 0
	write umon |	misses = 190, hits= 0 0 0 0 0 0 0 0 0 0 0 0 0 0 0 0
num evicts: 23800000, p: 10483, s: 676897 	 max proactive lookup: 16, max shadow lookup: 16
current cycle = 114722849, last update cycle = 110000176, delta = 4722673
	load umon |	misses = 4814, hits= 0 0 0 0 0 0 0 0 0 0 0 0 0 0 0 0
	write umon |	misses = 205, hits= 0 0 0 0 0 0 0 0 0 0 0 0 0 0 0 0
num evicts: 23900000, p: 10519, s: 680372 	 max proactive lookup: 16, max shadow lookup: 16
current cycle = 115524529, last update cycle = 115000176, delta = 524353
	load umon |	misses = 2731, hits= 0 0 0 0 0 0 0 0 0 0 0 0 0 0 0 0
	write umon |	misses = 111, hits= 0 0 0 0 0 0 0 0 0 0 0 0 0 0 0 0
num evicts: 24000000, p: 10543, s: 683719 	 max proactive lookup: 16, max shadow lookup: 16
current cycle = 116326195, last update cycle = 115000176, delta = 1326019
	load umon |	misses = 3135, hits= 0 0 0 0 0 0 0 0 0 0 0 0 0 0 0 0
	write umon |	misses = 120, hits= 0 0 0 0 0 0 0 0 0 0 0 0 0 0 0 0
num evicts: 24100000, p: 10577, s: 686942 	 max proactive lookup: 16, max shadow lookup: 16
current cycle = 117124555, last update cycle = 115000176, delta = 2124379
	load umon |	misses = 3504, hits= 0 0 0 0 0 0 0 0 0 0 0 0 0 0 0 0
	write umon |	misses = 133, hits= 0 0 0 0 0 0 0 0 0 0 0 0 0 0 0 0
num evicts: 24200000, p: 10603, s: 690017 	 max proactive lookup: 16, max shadow lookup: 16
current cycle = 117919847, last update cycle = 115000176, delta = 2919671
	load umon |	misses = 3890, hits= 0 0 0 0 0 0 0 0 0 0 0 0 0 0 0 0
	write umon |	misses = 145, hits= 0 0 0 0 0 0 0 0 0 0 0 0 0 0 0 0
num evicts: 24300000, p: 10624, s: 693081 	 max proactive lookup: 16, max shadow lookup: 16
current cycle = 118736239, last update cycle = 115000176, delta = 3736063
	load umon |	misses = 4240, hits= 0 0 0 0 0 0 0 0 0 0 0 0 0 0 0 0
	write umon |	misses = 160, hits= 0 0 0 0 0 0 0 0 0 0 0 0 0 0 0 0
num evicts: 24400000, p: 10668, s: 696597 	 max proactive lookup: 16, max shadow lookup: 16
current cycle = 119557872, last update cycle = 115000176, delta = 4557696
	load umon |	misses = 4585, hits= 0 0 0 0 0 0 0 0 0 0 0 0 0 0 0 0
	write umon |	misses = 179, hits= 0 0 0 0 0 0 0 0 0 0 0 0 0 0 0 0
num evicts: 24500000, p: 10690, s: 700396 	 max proactive lookup: 16, max shadow lookup: 16
current cycle = 120382228, last update cycle = 120000182, delta = 382046
	load umon |	misses = 2602, hits= 0 0 0 0 0 0 0 0 0 0 0 0 0 0 0 0
	write umon |	misses = 103, hits= 0 0 0 0 0 0 0 0 0 0 0 0 0 0 0 0
num evicts: 24600000, p: 10731, s: 704450 	 max proactive lookup: 16, max shadow lookup: 16
current cycle = 121215491, last update cycle = 120000182, delta = 1215309
	load umon |	misses = 3004, hits= 0 0 0 0 0 0 0 0 0 0 0 0 0 0 0 0
	write umon |	misses = 120, hits= 0 0 0 0 0 0 0 0 0 0 0 0 0 0 0 0
num evicts: 24700000, p: 10764, s: 708820 	 max proactive lookup: 16, max shadow lookup: 16
current cycle = 122055623, last update cycle = 120000182, delta = 2055441
	load umon |	misses = 3396, hits= 0 0 0 0 0 0 0 0 0 0 0 0 0 0 0 0
	write umon |	misses = 141, hits= 0 0 0 0 0 0 0 0 0 0 0 0 0 0 0 0
num evicts: 24800000, p: 10798, s: 712880 	 max proactive lookup: 16, max shadow lookup: 16
current cycle = 122889477, last update cycle = 120000182, delta = 2889295
	load umon |	misses = 3766, hits= 0 0 0 0 0 0 0 0 0 0 0 0 0 0 0 0
	write umon |	misses = 151, hits= 0 0 0 0 0 0 0 0 0 0 0 0 0 0 0 0
num evicts: 24900000, p: 10848, s: 717304 	 max proactive lookup: 16, max shadow lookup: 16
current cycle = 123723923, last update cycle = 120000182, delta = 3723741
	load umon |	misses = 4117, hits= 0 0 0 0 0 0 0 0 0 0 0 0 0 0 0 0
	write umon |	misses = 166, hits= 0 0 0 0 0 0 0 0 0 0 0 0 0 0 0 0
num evicts: 25000000, p: 10884, s: 721794 	 max proactive lookup: 16, max shadow lookup: 16
current cycle = 124563920, last update cycle = 120000182, delta = 4563738
	load umon |	misses = 4465, hits= 0 0 0 0 0 0 0 0 0 0 0 0 0 0 0 0
	write umon |	misses = 184, hits= 0 0 0 0 0 0 0 0 0 0 0 0 0 0 0 0
num evicts: 25100000, p: 10932, s: 725649 	 max proactive lookup: 16, max shadow lookup: 16
current cycle = 125398958, last update cycle = 125000182, delta = 398776
	load umon |	misses = 2488, hits= 0 0 0 0 0 0 0 0 0 0 0 0 0 0 0 0
	write umon |	misses = 110, hits= 0 0 0 0 0 0 0 0 0 0 0 0 0 0 0 0
num evicts: 25200000, p: 10968, s: 729368 	 max proactive lookup: 16, max shadow lookup: 16
current cycle = 126224467, last update cycle = 125000182, delta = 1224285
	load umon |	misses = 2870, hits= 0 0 0 0 0 0 0 0 0 0 0 0 0 0 0 0
	write umon |	misses = 132, hits= 0 0 0 0 0 0 0 0 0 0 0 0 0 0 0 0
num evicts: 25300000, p: 11006, s: 732397 	 max proactive lookup: 16, max shadow lookup: 16
current cycle = 127041127, last update cycle = 125000182, delta = 2040945
	load umon |	misses = 3286, hits= 0 0 0 0 0 0 0 0 0 0 0 0 0 0 0 0
	write umon |	misses = 151, hits= 0 0 0 0 0 0 0 0 0 0 0 0 0 0 0 0
num evicts: 25400000, p: 11051, s: 735523 	 max proactive lookup: 16, max shadow lookup: 16
current cycle = 127861267, last update cycle = 125000182, delta = 2861085
	load umon |	misses = 3711, hits= 0 0 0 0 0 0 0 0 0 0 0 0 0 0 0 0
	write umon |	misses = 164, hits= 0 0 0 0 0 0 0 0 0 0 0 0 0 0 0 0
num evicts: 25500000, p: 11095, s: 738971 	 max proactive lookup: 16, max shadow lookup: 16
current cycle = 128687957, last update cycle = 125000182, delta = 3687775
	load umon |	misses = 4159, hits= 0 0 0 0 0 0 0 0 0 0 0 0 0 0 0 0
	write umon |	misses = 180, hits= 0 0 0 0 0 0 0 0 0 0 0 0 0 0 0 0
num evicts: 25600000, p: 11129, s: 742715 	 max proactive lookup: 16, max shadow lookup: 16
current cycle = 129498850, last update cycle = 125000182, delta = 4498668
	load umon |	misses = 4596, hits= 0 0 0 0 0 0 0 0 0 0 0 0 0 0 0 0
	write umon |	misses = 189, hits= 0 0 0 0 0 0 0 0 0 0 0 0 0 0 0 0
num evicts: 25700000, p: 11169, s: 746493 	 max proactive lookup: 16, max shadow lookup: 16
current cycle = 130311855, last update cycle = 130000188, delta = 311667
	load umon |	misses = 2548, hits= 0 0 0 0 0 0 0 0 0 0 0 0 0 0 0 0
	write umon |	misses = 101, hits= 0 0 0 0 0 0 0 0 0 0 0 0 0 0 0 0
num evicts: 25800000, p: 11198, s: 749927 	 max proactive lookup: 16, max shadow lookup: 16
current cycle = 131119965, last update cycle = 130000188, delta = 1119777
	load umon |	misses = 2907, hits= 0 0 0 0 0 0 0 0 0 0 0 0 0 0 0 0
	write umon |	misses = 110, hits= 0 0 0 0 0 0 0 0 0 0 0 0 0 0 0 0
num evicts: 25900000, p: 11228, s: 753818 	 max proactive lookup: 16, max shadow lookup: 16
current cycle = 131935104, last update cycle = 130000188, delta = 1934916
	load umon |	misses = 3270, hits= 0 0 0 0 0 0 0 0 0 0 0 0 0 0 0 0
	write umon |	misses = 120, hits= 0 0 0 0 0 0 0 0 0 0 0 0 0 0 0 0
num evicts: 26000000, p: 11257, s: 757807 	 max proactive lookup: 16, max shadow lookup: 16
current cycle = 132765150, last update cycle = 130000188, delta = 2764962
	load umon |	misses = 3653, hits= 0 0 0 0 0 0 0 0 0 0 0 0 0 0 0 0
	write umon |	misses = 140, hits= 0 0 0 0 0 0 0 0 0 0 0 0 0 0 0 0
num evicts: 26100000, p: 11305, s: 761917 	 max proactive lookup: 16, max shadow lookup: 16
current cycle = 133609931, last update cycle = 130000188, delta = 3609743
	load umon |	misses = 4017, hits= 0 0 0 0 0 0 0 0 0 0 0 0 0 0 0 0
	write umon |	misses = 159, hits= 0 0 0 0 0 0 0 0 0 0 0 0 0 0 0 0
num evicts: 26200000, p: 11335, s: 766308 	 max proactive lookup: 16, max shadow lookup: 16
current cycle = 134444793, last update cycle = 130000188, delta = 4444605
	load umon |	misses = 4360, hits= 0 0 0 0 0 0 0 0 0 0 0 0 0 0 0 0
	write umon |	misses = 187, hits= 0 0 0 0 0 0 0 0 0 0 0 0 0 0 0 0
num evicts: 26300000, p: 11365, s: 770632 	 max proactive lookup: 16, max shadow lookup: 16
current cycle = 135279076, last update cycle = 135000195, delta = 278881
	load umon |	misses = 2424, hits= 0 0 0 0 0 0 0 0 0 0 0 0 0 0 0 0
	write umon |	misses = 107, hits= 0 0 0 0 0 0 0 0 0 0 0 0 0 0 0 0
num evicts: 26400000, p: 11405, s: 774997 	 max proactive lookup: 16, max shadow lookup: 16
current cycle = 136115744, last update cycle = 135000195, delta = 1115549
	load umon |	misses = 2814, hits= 0 0 0 0 0 0 0 0 0 0 0 0 0 0 0 0
	write umon |	misses = 128, hits= 0 0 0 0 0 0 0 0 0 0 0 0 0 0 0 0
num evicts: 26500000, p: 11455, s: 779526 	 max proactive lookup: 16, max shadow lookup: 16
current cycle = 136953209, last update cycle = 135000195, delta = 1953014
	load umon |	misses = 3213, hits= 0 0 0 0 0 0 0 0 0 0 0 0 0 0 0 0
	write umon |	misses = 147, hits= 0 0 0 0 0 0 0 0 0 0 0 0 0 0 0 0
num evicts: 26600000, p: 11492, s: 784302 	 max proactive lookup: 16, max shadow lookup: 16
current cycle = 137788893, last update cycle = 135000195, delta = 2788698
	load umon |	misses = 3602, hits= 0 0 0 0 0 0 0 0 0 0 0 0 0 0 0 0
	write umon |	misses = 170, hits= 0 0 0 0 0 0 0 0 0 0 0 0 0 0 0 0
num evicts: 26700000, p: 11526, s: 788441 	 max proactive lookup: 16, max shadow lookup: 16
current cycle = 138611383, last update cycle = 135000195, delta = 3611188
	load umon |	misses = 3981, hits= 0 0 0 0 0 0 0 0 0 0 0 0 0 0 0 0
	write umon |	misses = 191, hits= 0 0 0 0 0 0 0 0 0 0 0 0 0 0 0 0
Heartbeat CPU 0 instructions: 60000009 cycles: 139111586 heartbeat IPC: 0.2619 cumulative IPC: 0.2704 (Simulation time: 02 hr 47 min 19 sec)
num evicts: 26800000, p: 11569, s: 791802 	 max proactive lookup: 16, max shadow lookup: 16
current cycle = 139425748, last update cycle = 135000195, delta = 4425553
	load umon |	misses = 4372, hits= 0 0 0 0 0 0 0 0 0 0 0 0 0 0 0 0
	write umon |	misses = 203, hits= 0 0 0 0 0 0 0 0 0 0 0 0 0 0 0 0
num evicts: 26900000, p: 11613, s: 795316 	 max proactive lookup: 16, max shadow lookup: 16
current cycle = 140235423, last update cycle = 140000196, delta = 235227
	load umon |	misses = 2443, hits= 0 0 0 0 0 0 0 0 0 0 0 0 0 0 0 0
	write umon |	misses = 109, hits= 0 0 0 0 0 0 0 0 0 0 0 0 0 0 0 0
Heartbeat CPU 2 instructions: 60000014 cycles: 140240973 heartbeat IPC: 0.2614 cumulative IPC: 0.27 (Simulation time: 02 hr 48 min 31 sec)
Heartbeat CPU 1 instructions: 60000014 cycles: 140347254 heartbeat IPC: 0.2603 cumulative IPC: 0.2689 (Simulation time: 02 hr 48 min 38 sec)
Heartbeat CPU 5 instructions: 60000009 cycles: 140940602 heartbeat IPC: 0.2616 cumulative IPC: 0.2708 (Simulation time: 02 hr 49 min 16 sec)
num evicts: 27000000, p: 11637, s: 798512 	 max proactive lookup: 16, max shadow lookup: 16
current cycle = 141034033, last update cycle = 140000196, delta = 1033837
	load umon |	misses = 2834, hits= 0 0 0 0 0 0 0 0 0 0 0 0 0 0 0 0
	write umon |	misses = 122, hits= 0 0 0 0 0 0 0 0 0 0 0 0 0 0 0 0
Heartbeat CPU 3 instructions: 60000014 cycles: 141076727 heartbeat IPC: 0.2605 cumulative IPC: 0.2689 (Simulation time: 02 hr 49 min 25 sec)
Heartbeat CPU 4 instructions: 60000009 cycles: 141353169 heartbeat IPC: 0.2603 cumulative IPC: 0.269 (Simulation time: 02 hr 49 min 42 sec)
Heartbeat CPU 6 instructions: 60000014 cycles: 141629052 heartbeat IPC: 0.2609 cumulative IPC: 0.2703 (Simulation time: 02 hr 50 min 00 sec)
Heartbeat CPU 7 instructions: 60000014 cycles: 141731699 heartbeat IPC: 0.261 cumulative IPC: 0.2707 (Simulation time: 02 hr 50 min 07 sec)
num evicts: 27100000, p: 11664, s: 801962 	 max proactive lookup: 16, max shadow lookup: 16
current cycle = 141874756, last update cycle = 140000196, delta = 1874560
	load umon |	misses = 3240, hits= 0 0 0 0 0 0 0 0 0 0 0 0 0 0 0 0
	write umon |	misses = 129, hits= 0 0 0 0 0 0 0 0 0 0 0 0 0 0 0 0
num evicts: 27200000, p: 11679, s: 806721 	 max proactive lookup: 16, max shadow lookup: 16
current cycle = 142817156, last update cycle = 140000196, delta = 2816960
	load umon |	misses = 3625, hits= 0 0 0 0 0 0 0 0 0 0 0 0 0 0 0 0
	write umon |	misses = 150, hits= 0 0 0 0 0 0 0 0 0 0 0 0 0 0 0 0
num evicts: 27300000, p: 11845, s: 823012 	 max proactive lookup: 16, max shadow lookup: 16
current cycle = 144263711, last update cycle = 140000196, delta = 4263515
	load umon |	misses = 4008, hits= 0 0 0 0 0 0 0 0 0 0 0 0 0 0 0 0
	write umon |	misses = 183, hits= 0 0 0 0 0 0 0 0 0 0 0 0 0 0 0 0
num evicts: 27400000, p: 12740, s: 865235 	 max proactive lookup: 16, max shadow lookup: 16
current cycle = 146069584, last update cycle = 145000338, delta = 1069246
	load umon |	misses = 2313, hits= 0 0 0 0 0 0 0 0 0 0 0 0 0 0 0 0
	write umon |	misses = 152, hits= 0 0 0 0 0 0 0 0 0 0 0 0 0 0 0 0
num evicts: 27500000, p: 13925, s: 925364 	 max proactive lookup: 16, max shadow lookup: 16
current cycle = 148038590, last update cycle = 145000338, delta = 3038252
	load umon |	misses = 2702, hits= 0 0 0 0 0 0 0 0 0 0 0 0 0 0 0 0
	write umon |	misses = 288, hits= 0 0 0 0 0 0 0 0 0 0 0 0 0 0 0 0
num evicts: 27600000, p: 17725, s: 983883 	 max proactive lookup: 16, max shadow lookup: 16
current cycle = 150063746, last update cycle = 150000383, delta = 63363
	load umon |	misses = 1553, hits= 0 0 0 0 0 0 0 0 0 0 0 0 0 0 0 0
	write umon |	misses = 309, hits= 0 0 0 0 0 0 0 0 0 0 0 0 0 0 0 0
num evicts: 27700000, p: 24781, s: 1039171 	 max proactive lookup: 16, max shadow lookup: 16
current cycle = 152137821, last update cycle = 150000383, delta = 2137438
	load umon |	misses = 1943, hits= 0 0 0 0 0 0 0 0 0 0 0 0 0 0 0 0
	write umon |	misses = 659, hits= 0 0 0 0 0 0 0 0 0 0 0 0 0 0 0 0
num evicts: 27800000, p: 36792, s: 1089237 	 max proactive lookup: 16, max shadow lookup: 16
current cycle = 154271893, last update cycle = 150000383, delta = 4271510
	load umon |	misses = 2333, hits= 0 0 0 0 0 0 0 0 0 0 0 0 0 0 0 0
	write umon |	misses = 1013, hits= 0 0 0 0 0 0 0 0 0 0 0 0 0 0 0 0
num evicts: 27900000, p: 49592, s: 1137801 	 max proactive lookup: 16, max shadow lookup: 16
current cycle = 156394474, last update cycle = 155000383, delta = 1394091
	load umon |	misses = 1490, hits= 0 0 0 0 0 0 0 0 0 0 0 0 0 0 0 0
	write umon |	misses = 781, hits= 0 0 0 0 0 0 0 0 0 0 0 0 0 0 0 0
num evicts: 28000000, p: 67213, s: 1177793 	 max proactive lookup: 16, max shadow lookup: 16
current cycle = 158576353, last update cycle = 155000383, delta = 3575970
	load umon |	misses = 1880, hits= 0 0 0 0 0 0 0 0 0 0 0 0 0 0 0 0
	write umon |	misses = 1142, hits= 0 0 0 0 0 0 0 0 0 0 0 0 0 0 0 0
Heartbeat CPU 0 instructions: 70000012 cycles: 160544967 heartbeat IPC: 0.4666 cumulative IPC: 0.2988 (Simulation time: 03 hr 11 min 01 sec)
num evicts: 28100000, p: 85523, s: 1221265 	 max proactive lookup: 16, max shadow lookup: 16
current cycle = 160744090, last update cycle = 160000407, delta = 743683
	load umon |	misses = 1202, hits= 0 0 0 0 0 0 0 0 0 0 0 0 0 0 0 0
	write umon |	misses = 801, hits= 0 0 0 0 0 0 0 0 0 0 0 0 0 0 0 0
Heartbeat CPU 1 instructions: 70000017 cycles: 161547397 heartbeat IPC: 0.4717 cumulative IPC: 0.2978 (Simulation time: 03 hr 12 min 08 sec)
Heartbeat CPU 2 instructions: 70000017 cycles: 161552065 heartbeat IPC: 0.4692 cumulative IPC: 0.2985 (Simulation time: 03 hr 12 min 08 sec)
Heartbeat CPU 5 instructions: 70000009 cycles: 162081126 heartbeat IPC: 0.473 cumulative IPC: 0.2994 (Simulation time: 03 hr 12 min 44 sec)
Heartbeat CPU 3 instructions: 70000014 cycles: 162331443 heartbeat IPC: 0.4705 cumulative IPC: 0.2975 (Simulation time: 03 hr 13 min 01 sec)
Heartbeat CPU 4 instructions: 70000009 cycles: 162578471 heartbeat IPC: 0.4711 cumulative IPC: 0.2976 (Simulation time: 03 hr 13 min 18 sec)
num evicts: 28200000, p: 104420, s: 1264487 	 max proactive lookup: 16, max shadow lookup: 16
current cycle = 162933201, last update cycle = 160000407, delta = 2932794
	load umon |	misses = 1593, hits= 0 0 0 0 0 0 0 0 0 0 0 0 0 0 0 0
	write umon |	misses = 1152, hits= 0 0 0 0 0 0 0 0 0 0 0 0 0 0 0 0
Heartbeat CPU 6 instructions: 70000017 cycles: 163009019 heartbeat IPC: 0.4677 cumulative IPC: 0.2984 (Simulation time: 03 hr 13 min 47 sec)
Heartbeat CPU 7 instructions: 70000014 cycles: 163192753 heartbeat IPC: 0.466 cumulative IPC: 0.2985 (Simulation time: 03 hr 13 min 59 sec)
num evicts: 28300000, p: 124805, s: 1303769 	 max proactive lookup: 16, max shadow lookup: 16
current cycle = 165125456, last update cycle = 165000409, delta = 125047
	load umon |	misses = 1001, hits= 0 0 0 0 0 0 0 0 0 0 0 0 0 0 0 0
	write umon |	misses = 760, hits= 0 0 0 0 0 0 0 0 0 0 0 0 0 0 0 0
num evicts: 28400000, p: 141764, s: 1349410 	 max proactive lookup: 16, max shadow lookup: 16
current cycle = 167297245, last update cycle = 165000409, delta = 2296836
	load umon |	misses = 1392, hits= 0 0 0 0 0 0 0 0 0 0 0 0 0 0 0 0
	write umon |	misses = 1099, hits= 0 0 0 0 0 0 0 0 0 0 0 0 0 0 0 0
num evicts: 28500000, p: 159703, s: 1389355 	 max proactive lookup: 16, max shadow lookup: 16
current cycle = 169466516, last update cycle = 165000409, delta = 4466107
	load umon |	misses = 1784, hits= 0 0 0 0 0 0 0 0 0 0 0 0 0 0 0 0
	write umon |	misses = 1459, hits= 0 0 0 0 0 0 0 0 0 0 0 0 0 0 0 0
num evicts: 28600000, p: 176989, s: 1429165 	 max proactive lookup: 16, max shadow lookup: 16
current cycle = 171633138, last update cycle = 170000412, delta = 1632726
	load umon |	misses = 1232, hits= 0 0 0 0 0 0 0 0 0 0 0 0 0 0 0 0
	write umon |	misses = 1022, hits= 0 0 0 0 0 0 0 0 0 0 0 0 0 0 0 0
num evicts: 28700000, p: 194346, s: 1470114 	 max proactive lookup: 16, max shadow lookup: 16
current cycle = 173812626, last update cycle = 170000412, delta = 3812214
	load umon |	misses = 1621, hits= 0 0 0 0 0 0 0 0 0 0 0 0 0 0 0 0
	write umon |	misses = 1372, hits= 0 0 0 0 0 0 0 0 0 0 0 0 0 0 0 0
num evicts: 28800000, p: 213386, s: 1505882 	 max proactive lookup: 16, max shadow lookup: 16
current cycle = 175990587, last update cycle = 175000424, delta = 990163
	load umon |	misses = 1094, hits= 0 0 0 0 0 0 0 0 0 0 0 0 0 0 0 0
	write umon |	misses = 944, hits= 0 0 0 0 0 0 0 0 0 0 0 0 0 0 0 0
num evicts: 28900000, p: 230301, s: 1542987 	 max proactive lookup: 16, max shadow lookup: 16
current cycle = 178152634, last update cycle = 175000424, delta = 3152210
	load umon |	misses = 1485, hits= 0 0 0 0 0 0 0 0 0 0 0 0 0 0 0 0
	write umon |	misses = 1286, hits= 0 0 0 0 0 0 0 0 0 0 0 0 0 0 0 0
num evicts: 29000000, p: 252649, s: 1577053 	 max proactive lookup: 16, max shadow lookup: 16
current cycle = 180358986, last update cycle = 180001205, delta = 357781
	load umon |	misses = 969, hits= 0 0 0 0 0 0 0 0 0 0 0 0 0 0 0 0
	write umon |	misses = 849, hits= 0 0 0 0 0 0 0 0 0 0 0 0 0 0 0 0
num evicts: 29100000, p: 272856, s: 1612426 	 max proactive lookup: 16, max shadow lookup: 16
current cycle = 182550370, last update cycle = 180001205, delta = 2549165
	load umon |	misses = 1361, hits= 0 0 0 0 0 0 0 0 0 0 0 0 0 0 0 0
	write umon |	misses = 1187, hits= 0 0 0 0 0 0 0 0 0 0 0 0 0 0 0 0
Heartbeat CPU 0 instructions: 80000015 cycles: 182960583 heartbeat IPC: 0.4461 cumulative IPC: 0.3181 (Simulation time: 03 hr 35 min 39 sec)
Heartbeat CPU 2 instructions: 80000017 cycles: 183790001 heartbeat IPC: 0.4497 cumulative IPC: 0.3181 (Simulation time: 03 hr 36 min 34 sec)
Heartbeat CPU 1 instructions: 80000020 cycles: 183921174 heartbeat IPC: 0.447 cumulative IPC: 0.3172 (Simulation time: 03 hr 36 min 42 sec)
Heartbeat CPU 5 instructions: 80000012 cycles: 184293110 heartbeat IPC: 0.4502 cumulative IPC: 0.3189 (Simulation time: 03 hr 37 min 07 sec)
Heartbeat CPU 3 instructions: 80000015 cycles: 184522487 heartbeat IPC: 0.4506 cumulative IPC: 0.3173 (Simulation time: 03 hr 37 min 22 sec)
num evicts: 29200000, p: 292735, s: 1651532 	 max proactive lookup: 16, max shadow lookup: 16
current cycle = 184736747, last update cycle = 180001205, delta = 4735542
	load umon |	misses = 1753, hits= 0 0 0 0 0 0 0 0 0 0 0 0 0 0 0 0
	write umon |	misses = 1540, hits= 0 0 0 0 0 0 0 0 0 0 0 0 0 0 0 0
Heartbeat CPU 4 instructions: 80000012 cycles: 184951753 heartbeat IPC: 0.447 cumulative IPC: 0.317 (Simulation time: 03 hr 37 min 50 sec)
Heartbeat CPU 6 instructions: 80000020 cycles: 185375306 heartbeat IPC: 0.4471 cumulative IPC: 0.3176 (Simulation time: 03 hr 38 min 18 sec)
Heartbeat CPU 7 instructions: 80000015 cycles: 185450591 heartbeat IPC: 0.4493 cumulative IPC: 0.3179 (Simulation time: 03 hr 38 min 22 sec)
num evicts: 29300000, p: 314641, s: 1687237 	 max proactive lookup: 16, max shadow lookup: 16
current cycle = 186936712, last update cycle = 185001239, delta = 1935473
	load umon |	misses = 1244, hits= 0 0 0 0 0 0 0 0 0 0 0 0 0 0 0 0
	write umon |	misses = 1100, hits= 0 0 0 0 0 0 0 0 0 0 0 0 0 0 0 0
num evicts: 29400000, p: 333464, s: 1729261 	 max proactive lookup: 16, max shadow lookup: 16
current cycle = 189134363, last update cycle = 185001239, delta = 4133124
	load umon |	misses = 1632, hits= 0 0 0 0 0 0 0 0 0 0 0 0 0 0 0 0
	write umon |	misses = 1441, hits= 0 0 0 0 0 0 0 0 0 0 0 0 0 0 0 0
num evicts: 29500000, p: 353734, s: 1767803 	 max proactive lookup: 16, max shadow lookup: 16
current cycle = 191324031, last update cycle = 190001246, delta = 1322785
	load umon |	misses = 1131, hits= 0 0 0 0 0 0 0 0 0 0 0 0 0 0 0 0
	write umon |	misses = 1009, hits= 0 0 0 0 0 0 0 0 0 0 0 0 0 0 0 0
num evicts: 29600000, p: 373517, s: 1808691 	 max proactive lookup: 16, max shadow lookup: 16
current cycle = 193509701, last update cycle = 190001246, delta = 3508455
	load umon |	misses = 1519, hits= 0 0 0 0 0 0 0 0 0 0 0 0 0 0 0 0
	write umon |	misses = 1343, hits= 0 0 0 0 0 0 0 0 0 0 0 0 0 0 0 0
num evicts: 29700000, p: 391815, s: 1851043 	 max proactive lookup: 16, max shadow lookup: 16
current cycle = 195695831, last update cycle = 195001674, delta = 694157
	load umon |	misses = 1017, hits= 0 0 0 0 0 0 0 0 0 0 0 0 0 0 0 0
	write umon |	misses = 900, hits= 0 0 0 0 0 0 0 0 0 0 0 0 0 0 0 0
num evicts: 29800000, p: 411662, s: 1889847 	 max proactive lookup: 16, max shadow lookup: 16
current cycle = 197887466, last update cycle = 195001674, delta = 2885792
	load umon |	misses = 1408, hits= 0 0 0 0 0 0 0 0 0 0 0 0 0 0 0 0
	write umon |	misses = 1247, hits= 0 0 0 0 0 0 0 0 0 0 0 0 0 0 0 0
num evicts: 29900000, p: 428952, s: 1933909 	 max proactive lookup: 16, max shadow lookup: 16
current cycle = 200068379, last update cycle = 200001689, delta = 66690
	load umon |	misses = 904, hits= 0 0 0 0 0 0 0 0 0 0 0 0 0 0 0 0
	write umon |	misses = 802, hits= 0 0 0 0 0 0 0 0 0 0 0 0 0 0 0 0
num evicts: 30000000, p: 448449, s: 1971789 	 max proactive lookup: 16, max shadow lookup: 16
current cycle = 202239175, last update cycle = 200001689, delta = 2237486
	load umon |	misses = 1295, hits= 0 0 0 0 0 0 0 0 0 0 0 0 0 0 0 0
	write umon |	misses = 1156, hits= 0 0 0 0 0 0 0 0 0 0 0 0 0 0 0 0
num evicts: 30100000, p: 465941, s: 2010834 	 max proactive lookup: 16, max shadow lookup: 16
current cycle = 204408457, last update cycle = 200001689, delta = 4406768
	load umon |	misses = 1684, hits= 0 0 0 0 0 0 0 0 0 0 0 0 0 0 0 0
	write umon |	misses = 1492, hits= 0 0 0 0 0 0 0 0 0 0 0 0 0 0 0 0
Heartbeat CPU 0 instructions: 90000015 cycles: 205384547 heartbeat IPC: 0.446 cumulative IPC: 0.333 (Simulation time: 04 hr 00 min 05 sec)
Heartbeat CPU 2 instructions: 90000021 cycles: 206053463 heartbeat IPC: 0.4492 cumulative IPC: 0.3332 (Simulation time: 04 hr 00 min 49 sec)
Heartbeat CPU 1 instructions: 90000021 cycles: 206346877 heartbeat IPC: 0.4459 cumulative IPC: 0.3321 (Simulation time: 04 hr 01 min 09 sec)
num evicts: 30200000, p: 485321, s: 2051519 	 max proactive lookup: 16, max shadow lookup: 16
current cycle = 206589539, last update cycle = 205001698, delta = 1587841
	load umon |	misses = 1180, hits= 0 0 0 0 0 0 0 0 0 0 0 0 0 0 0 0
	write umon |	misses = 1049, hits= 0 0 0 0 0 0 0 0 0 0 0 0 0 0 0 0
Heartbeat CPU 5 instructions: 90000013 cycles: 206597924 heartbeat IPC: 0.4483 cumulative IPC: 0.3338 (Simulation time: 04 hr 01 min 25 sec)
Heartbeat CPU 3 instructions: 90000015 cycles: 206883055 heartbeat IPC: 0.4472 cumulative IPC: 0.3322 (Simulation time: 04 hr 01 min 44 sec)
Heartbeat CPU 4 instructions: 90000013 cycles: 207209987 heartbeat IPC: 0.4493 cumulative IPC: 0.3321 (Simulation time: 04 hr 02 min 06 sec)
Heartbeat CPU 6 instructions: 90000021 cycles: 207673557 heartbeat IPC: 0.4485 cumulative IPC: 0.3325 (Simulation time: 04 hr 02 min 37 sec)
Heartbeat CPU 7 instructions: 90000018 cycles: 207931005 heartbeat IPC: 0.4448 cumulative IPC: 0.3325 (Simulation time: 04 hr 02 min 54 sec)
num evicts: 30300000, p: 504478, s: 2088171 	 max proactive lookup: 16, max shadow lookup: 16
current cycle = 208776773, last update cycle = 205001698, delta = 3775075
	load umon |	misses = 1571, hits= 0 0 0 0 0 0 0 0 0 0 0 0 0 0 0 0
	write umon |	misses = 1397, hits= 0 0 0 0 0 0 0 0 0 0 0 0 0 0 0 0
num evicts: 30400000, p: 523177, s: 2126884 	 max proactive lookup: 16, max shadow lookup: 16
current cycle = 210940369, last update cycle = 210002066, delta = 938303
	load umon |	misses = 1068, hits= 0 0 0 0 0 0 0 0 0 0 0 0 0 0 0 0
	write umon |	misses = 942, hits= 0 0 0 0 0 0 0 0 0 0 0 0 0 0 0 0
num evicts: 30500000, p: 544924, s: 2161344 	 max proactive lookup: 16, max shadow lookup: 16
current cycle = 213137655, last update cycle = 210002066, delta = 3135589
	load umon |	misses = 1456, hits= 0 0 0 0 0 0 0 0 0 0 0 0 0 0 0 0
	write umon |	misses = 1296, hits= 0 0 0 0 0 0 0 0 0 0 0 0 0 0 0 0
num evicts: 30600000, p: 564272, s: 2199466 	 max proactive lookup: 16, max shadow lookup: 16
current cycle = 215326841, last update cycle = 215002075, delta = 324766
	load umon |	misses = 953, hits= 0 0 0 0 0 0 0 0 0 0 0 0 0 0 0 0
	write umon |	misses = 841, hits= 0 0 0 0 0 0 0 0 0 0 0 0 0 0 0 0
num evicts: 30700000, p: 583294, s: 2238164 	 max proactive lookup: 16, max shadow lookup: 16
current cycle = 217505532, last update cycle = 215002075, delta = 2503457
	load umon |	misses = 1342, hits= 0 0 0 0 0 0 0 0 0 0 0 0 0 0 0 0
	write umon |	misses = 1195, hits= 0 0 0 0 0 0 0 0 0 0 0 0 0 0 0 0
num evicts: 30800000, p: 603977, s: 2274175 	 max proactive lookup: 16, max shadow lookup: 16
current cycle = 219690959, last update cycle = 215002075, delta = 4688884
	load umon |	misses = 1731, hits= 0 0 0 0 0 0 0 0 0 0 0 0 0 0 0 0
	write umon |	misses = 1537, hits= 0 0 0 0 0 0 0 0 0 0 0 0 0 0 0 0
num evicts: 30900000, p: 622142, s: 2313629 	 max proactive lookup: 16, max shadow lookup: 16
current cycle = 221862820, last update cycle = 220002081, delta = 1860739
	load umon |	misses = 1227, hits= 0 0 0 0 0 0 0 0 0 0 0 0 0 0 0 0
	write umon |	misses = 1088, hits= 0 0 0 0 0 0 0 0 0 0 0 0 0 0 0 0
num evicts: 31000000, p: 641992, s: 2347713 	 max proactive lookup: 16, max shadow lookup: 16
current cycle = 224052631, last update cycle = 220002081, delta = 4050550
	load umon |	misses = 1618, hits= 0 0 0 0 0 0 0 0 0 0 0 0 0 0 0 0
	write umon |	misses = 1440, hits= 0 0 0 0 0 0 0 0 0 0 0 0 0 0 0 0
num evicts: 31100000, p: 660463, s: 2383199 	 max proactive lookup: 16, max shadow lookup: 16
current cycle = 226205433, last update cycle = 225002877, delta = 1202556
	load umon |	misses = 1113, hits= 0 0 0 0 0 0 0 0 0 0 0 0 0 0 0 0
	write umon |	misses = 985, hits= 0 0 0 0 0 0 0 0 0 0 0 0 0 0 0 0
Heartbeat CPU 0 instructions: 100000019 cycles: 227712145 heartbeat IPC: 0.4479 cumulative IPC: 0.3449 (Simulation time: 04 hr 24 min 26 sec)
Heartbeat CPU 2 instructions: 100000022 cycles: 228324962 heartbeat IPC: 0.449 cumulative IPC: 0.3451 (Simulation time: 04 hr 25 min 06 sec)
num evicts: 31200000, p: 679544, s: 2415234 	 max proactive lookup: 16, max shadow lookup: 16
current cycle = 228381068, last update cycle = 225002877, delta = 3378191
	load umon |	misses = 1505, hits= 0 0 0 0 0 0 0 0 0 0 0 0 0 0 0 0
	write umon |	misses = 1340, hits= 0 0 0 0 0 0 0 0 0 0 0 0 0 0 0 0
Heartbeat CPU 1 instructions: 100000022 cycles: 228540772 heartbeat IPC: 0.4506 cumulative IPC: 0.3443 (Simulation time: 04 hr 25 min 20 sec)
Heartbeat CPU 5 instructions: 100000014 cycles: 228940446 heartbeat IPC: 0.4476 cumulative IPC: 0.3455 (Simulation time: 04 hr 25 min 46 sec)
Heartbeat CPU 3 instructions: 100000019 cycles: 229126489 heartbeat IPC: 0.4496 cumulative IPC: 0.3443 (Simulation time: 04 hr 25 min 58 sec)
Heartbeat CPU 4 instructions: 100000014 cycles: 229592097 heartbeat IPC: 0.4468 cumulative IPC: 0.3439 (Simulation time: 04 hr 26 min 29 sec)
Heartbeat CPU 6 instructions: 100000022 cycles: 229974592 heartbeat IPC: 0.4484 cumulative IPC: 0.3444 (Simulation time: 04 hr 26 min 53 sec)
Heartbeat CPU 7 instructions: 100000019 cycles: 230235905 heartbeat IPC: 0.4483 cumulative IPC: 0.3444 (Simulation time: 04 hr 27 min 10 sec)
num evicts: 31300000, p: 701096, s: 2444665 	 max proactive lookup: 16, max shadow lookup: 16
current cycle = 230598318, last update cycle = 230002899, delta = 595419
	load umon |	misses = 997, hits= 0 0 0 0 0 0 0 0 0 0 0 0 0 0 0 0
	write umon |	misses = 887, hits= 0 0 0 0 0 0 0 0 0 0 0 0 0 0 0 0
num evicts: 31400000, p: 722973, s: 2480669 	 max proactive lookup: 16, max shadow lookup: 16
current cycle = 232802453, last update cycle = 230002899, delta = 2799554
	load umon |	misses = 1387, hits= 0 0 0 0 0 0 0 0 0 0 0 0 0 0 0 0
	write umon |	misses = 1232, hits= 0 0 0 0 0 0 0 0 0 0 0 0 0 0 0 0
num evicts: 31500000, p: 746620, s: 2512990 	 max proactive lookup: 16, max shadow lookup: 16
current cycle = 235011782, last update cycle = 235003079, delta = 8703
	load umon |	misses = 890, hits= 0 0 0 0 0 0 0 0 0 0 0 0 0 0 0 0
	write umon |	misses = 794, hits= 0 0 0 0 0 0 0 0 0 0 0 0 0 0 0 0
num evicts: 31600000, p: 766656, s: 2553276 	 max proactive lookup: 16, max shadow lookup: 16
current cycle = 237205847, last update cycle = 235003079, delta = 2202768
	load umon |	misses = 1282, hits= 0 0 0 0 0 0 0 0 0 0 0 0 0 0 0 0
	write umon |	misses = 1134, hits= 0 0 0 0 0 0 0 0 0 0 0 0 0 0 0 0
num evicts: 31700000, p: 788502, s: 2592002 	 max proactive lookup: 16, max shadow lookup: 16
current cycle = 239352717, last update cycle = 235003079, delta = 4349638
	load umon |	misses = 1670, hits= 0 0 0 0 0 0 0 0 0 0 0 0 0 0 0 0
	write umon |	misses = 1492, hits= 0 0 0 0 0 0 0 0 0 0 0 0 0 0 0 0
num evicts: 31800000, p: 805390, s: 2633307 	 max proactive lookup: 16, max shadow lookup: 16
current cycle = 241109818, last update cycle = 240003088, delta = 1106730
	load umon |	misses = 1158, hits= 0 0 0 0 0 0 0 0 0 0 0 0 0 0 0 0
	write umon |	misses = 1045, hits= 0 0 0 0 0 0 0 0 0 0 0 0 0 0 0 0
num evicts: 31900000, p: 824739, s: 2668683 	 max proactive lookup: 16, max shadow lookup: 16
current cycle = 242749918, last update cycle = 240003088, delta = 2746830
	load umon |	misses = 1549, hits= 0 0 0 0 0 0 0 0 0 0 0 0 0 0 0 0
	write umon |	misses = 1409, hits= 0 0 0 0 0 0 0 0 0 0 0 0 0 0 0 0
num evicts: 32000000, p: 838074, s: 2703385 	 max proactive lookup: 16, max shadow lookup: 16
current cycle = 244320667, last update cycle = 240003088, delta = 4317579
	load umon |	misses = 1939, hits= 0 0 0 0 0 0 0 0 0 0 0 0 0 0 0 0
	write umon |	misses = 1709, hits= 0 0 0 0 0 0 0 0 0 0 0 0 0 0 0 0
num evicts: 32100000, p: 842779, s: 2740154 	 max proactive lookup: 16, max shadow lookup: 16
current cycle = 245664963, last update cycle = 245003088, delta = 661875
	load umon |	misses = 1262, hits= 0 0 0 0 0 0 0 0 0 0 0 0 0 0 0 0
	write umon |	misses = 1002, hits= 0 0 0 0 0 0 0 0 0 0 0 0 0 0 0 0
num evicts: 32200000, p: 846450, s: 2778113 	 max proactive lookup: 16, max shadow lookup: 16
current cycle = 247021690, last update cycle = 245003088, delta = 2018602
	load umon |	misses = 1653, hits= 0 0 0 0 0 0 0 0 0 0 0 0 0 0 0 0
	write umon |	misses = 1198, hits= 0 0 0 0 0 0 0 0 0 0 0 0 0 0 0 0
num evicts: 32300000, p: 849362, s: 2813018 	 max proactive lookup: 16, max shadow lookup: 16
current cycle = 248296857, last update cycle = 245003088, delta = 3293769
	load umon |	misses = 2044, hits= 0 0 0 0 0 0 0 0 0 0 0 0 0 0 0 0
	write umon |	misses = 1393, hits= 0 0 0 0 0 0 0 0 0 0 0 0 0 0 0 0
num evicts: 32400000, p: 852067, s: 2857366 	 max proactive lookup: 16, max shadow lookup: 16
current cycle = 249625507, last update cycle = 245003088, delta = 4622419
	load umon |	misses = 2434, hits= 0 0 0 0 0 0 0 0 0 0 0 0 0 0 0 0
	write umon |	misses = 1588, hits= 0 0 0 0 0 0 0 0 0 0 0 0 0 0 0 0
num evicts: 32500000, p: 854280, s: 2899351 	 max proactive lookup: 16, max shadow lookup: 16
current cycle = 250956005, last update cycle = 250003091, delta = 952914
	load umon |	misses = 1554, hits= 0 0 0 0 0 0 0 0 0 0 0 0 0 0 0 0
	write umon |	misses = 963, hits= 0 0 0 0 0 0 0 0 0 0 0 0 0 0 0 0
num evicts: 32600000, p: 855999, s: 2940816 	 max proactive lookup: 16, max shadow lookup: 16
current cycle = 252226268, last update cycle = 250003091, delta = 2223177
	load umon |	misses = 1944, hits= 0 0 0 0 0 0 0 0 0 0 0 0 0 0 0 0
	write umon |	misses = 1158, hits= 0 0 0 0 0 0 0 0 0 0 0 0 0 0 0 0
num evicts: 32700000, p: 857847, s: 2980822 	 max proactive lookup: 16, max shadow lookup: 16
current cycle = 253504840, last update cycle = 250003091, delta = 3501749
	load umon |	misses = 2332, hits= 0 0 0 0 0 0 0 0 0 0 0 0 0 0 0 0
	write umon |	misses = 1353, hits= 0 0 0 0 0 0 0 0 0 0 0 0 0 0 0 0
num evicts: 32800000, p: 859799, s: 3023528 	 max proactive lookup: 16, max shadow lookup: 16
current cycle = 254795351, last update cycle = 250003091, delta = 4792260
	load umon |	misses = 2725, hits= 0 0 0 0 0 0 0 0 0 0 0 0 0 0 0 0
	write umon |	misses = 1549, hits= 0 0 0 0 0 0 0 0 0 0 0 0 0 0 0 0
num evicts: 32900000, p: 861903, s: 3067110 	 max proactive lookup: 16, max shadow lookup: 16
current cycle = 256087264, last update cycle = 255003096, delta = 1084168
	load umon |	misses = 1720, hits= 0 0 0 0 0 0 0 0 0 0 0 0 0 0 0 0
	write umon |	misses = 954, hits= 0 0 0 0 0 0 0 0 0 0 0 0 0 0 0 0
num evicts: 33000000, p: 863766, s: 3112434 	 max proactive lookup: 16, max shadow lookup: 16
current cycle = 257382140, last update cycle = 255003096, delta = 2379044
	load umon |	misses = 2109, hits= 0 0 0 0 0 0 0 0 0 0 0 0 0 0 0 0
	write umon |	misses = 1148, hits= 0 0 0 0 0 0 0 0 0 0 0 0 0 0 0 0
num evicts: 33100000, p: 865408, s: 3157124 	 max proactive lookup: 16, max shadow lookup: 16
current cycle = 258669341, last update cycle = 255003096, delta = 3666245
	load umon |	misses = 2501, hits= 0 0 0 0 0 0 0 0 0 0 0 0 0 0 0 0
	write umon |	misses = 1344, hits= 0 0 0 0 0 0 0 0 0 0 0 0 0 0 0 0
num evicts: 33200000, p: 866758, s: 3202845 	 max proactive lookup: 16, max shadow lookup: 16
current cycle = 259962109, last update cycle = 255003096, delta = 4959013
	load umon |	misses = 2892, hits= 0 0 0 0 0 0 0 0 0 0 0 0 0 0 0 0
	write umon |	misses = 1539, hits= 0 0 0 0 0 0 0 0 0 0 0 0 0 0 0 0
num evicts: 33300000, p: 868104, s: 3244840 	 max proactive lookup: 16, max shadow lookup: 16
current cycle = 261216998, last update cycle = 260003098, delta = 1213900
	load umon |	misses = 1831, hits= 0 0 0 0 0 0 0 0 0 0 0 0 0 0 0 0
	write umon |	misses = 963, hits= 0 0 0 0 0 0 0 0 0 0 0 0 0 0 0 0
num evicts: 33400000, p: 869425, s: 3286305 	 max proactive lookup: 16, max shadow lookup: 16
current cycle = 262483335, last update cycle = 260003098, delta = 2480237
	load umon |	misses = 2222, hits= 0 0 0 0 0 0 0 0 0 0 0 0 0 0 0 0
	write umon |	misses = 1158, hits= 0 0 0 0 0 0 0 0 0 0 0 0 0 0 0 0
num evicts: 33500000, p: 870910, s: 3327860 	 max proactive lookup: 16, max shadow lookup: 16
current cycle = 263734693, last update cycle = 260003098, delta = 3731595
	load umon |	misses = 2612, hits= 0 0 0 0 0 0 0 0 0 0 0 0 0 0 0 0
	write umon |	misses = 1353, hits= 0 0 0 0 0 0 0 0 0 0 0 0 0 0 0 0
num evicts: 33600000, p: 872690, s: 3369714 	 max proactive lookup: 16, max shadow lookup: 16
current cycle = 265002202, last update cycle = 260003098, delta = 4999104
	load umon |	misses = 3002, hits= 0 0 0 0 0 0 0 0 0 0 0 0 0 0 0 0
	write umon |	misses = 1548, hits= 0 0 0 0 0 0 0 0 0 0 0 0 0 0 0 0
num evicts: 33700000, p: 874377, s: 3409065 	 max proactive lookup: 16, max shadow lookup: 16
current cycle = 266267542, last update cycle = 265003353, delta = 1264189
	load umon |	misses = 1890, hits= 0 0 0 0 0 0 0 0 0 0 0 0 0 0 0 0
	write umon |	misses = 969, hits= 0 0 0 0 0 0 0 0 0 0 0 0 0 0 0 0
num evicts: 33800000, p: 876374, s: 3450161 	 max proactive lookup: 16, max shadow lookup: 16
current cycle = 267557099, last update cycle = 265003353, delta = 2553746
	load umon |	misses = 2281, hits= 0 0 0 0 0 0 0 0 0 0 0 0 0 0 0 0
	write umon |	misses = 1163, hits= 0 0 0 0 0 0 0 0 0 0 0 0 0 0 0 0
Heartbeat CPU 0 instructions: 110000019 cycles: 268671390 heartbeat IPC: 0.2441 cumulative IPC: 0.3288 (Simulation time: 05 hr 06 min 51 sec)
num evicts: 33900000, p: 878615, s: 3493745 	 max proactive lookup: 16, max shadow lookup: 16
current cycle = 268888322, last update cycle = 265003353, delta = 3884969
	load umon |	misses = 2673, hits= 0 0 0 0 0 0 0 0 0 0 0 0 0 0 0 0
	write umon |	misses = 1360, hits= 0 0 0 0 0 0 0 0 0 0 0 0 0 0 0 0
Heartbeat CPU 2 instructions: 110000024 cycles: 269419665 heartbeat IPC: 0.2433 cumulative IPC: 0.3289 (Simulation time: 05 hr 07 min 36 sec)
Heartbeat CPU 1 instructions: 110000026 cycles: 269629827 heartbeat IPC: 0.2434 cumulative IPC: 0.3282 (Simulation time: 05 hr 07 min 49 sec)
num evicts: 34000000, p: 880883, s: 3539680 	 max proactive lookup: 16, max shadow lookup: 16
current cycle = 270197343, last update cycle = 270003356, delta = 193987
	load umon |	misses = 1562, hits= 0 0 0 0 0 0 0 0 0 0 0 0 0 0 0 0
	write umon |	misses = 794, hits= 0 0 0 0 0 0 0 0 0 0 0 0 0 0 0 0
Heartbeat CPU 5 instructions: 110000018 cycles: 270525569 heartbeat IPC: 0.2405 cumulative IPC: 0.3286 (Simulation time: 05 hr 08 min 44 sec)
Heartbeat CPU 3 instructions: 110000021 cycles: 270550171 heartbeat IPC: 0.2414 cumulative IPC: 0.3278 (Simulation time: 05 hr 08 min 45 sec)
Heartbeat CPU 4 instructions: 110000018 cycles: 271193009 heartbeat IPC: 0.2404 cumulative IPC: 0.3273 (Simulation time: 05 hr 09 min 24 sec)
Heartbeat CPU 6 instructions: 110000024 cycles: 271463390 heartbeat IPC: 0.241 cumulative IPC: 0.3279 (Simulation time: 05 hr 09 min 40 sec)
num evicts: 34100000, p: 882455, s: 3586065 	 max proactive lookup: 16, max shadow lookup: 16
current cycle = 271513001, last update cycle = 270003356, delta = 1509645
	load umon |	misses = 1952, hits= 0 0 0 0 0 0 0 0 0 0 0 0 0 0 0 0
	write umon |	misses = 989, hits= 0 0 0 0 0 0 0 0 0 0 0 0 0 0 0 0
Heartbeat CPU 7 instructions: 110000019 cycles: 271966986 heartbeat IPC: 0.2396 cumulative IPC: 0.3275 (Simulation time: 05 hr 10 min 11 sec)
num evicts: 34200000, p: 883646, s: 3631988 	 max proactive lookup: 16, max shadow lookup: 16
current cycle = 272818492, last update cycle = 270003356, delta = 2815136
	load umon |	misses = 2342, hits= 0 0 0 0 0 0 0 0 0 0 0 0 0 0 0 0
	write umon |	misses = 1183, hits= 0 0 0 0 0 0 0 0 0 0 0 0 0 0 0 0
num evicts: 34300000, p: 884755, s: 3675828 	 max proactive lookup: 16, max shadow lookup: 16
current cycle = 274066186, last update cycle = 270003356, delta = 4062830
	load umon |	misses = 2730, hits= 0 0 0 0 0 0 0 0 0 0 0 0 0 0 0 0
	write umon |	misses = 1377, hits= 0 0 0 0 0 0 0 0 0 0 0 0 0 0 0 0
num evicts: 34400000, p: 885852, s: 3720613 	 max proactive lookup: 16, max shadow lookup: 16
current cycle = 275370476, last update cycle = 275003364, delta = 367112
	load umon |	misses = 1617, hits= 0 0 0 0 0 0 0 0 0 0 0 0 0 0 0 0
	write umon |	misses = 813, hits= 0 0 0 0 0 0 0 0 0 0 0 0 0 0 0 0
num evicts: 34500000, p: 886971, s: 3764898 	 max proactive lookup: 16, max shadow lookup: 16
current cycle = 276624022, last update cycle = 275003364, delta = 1620658
	load umon |	misses = 2010, hits= 0 0 0 0 0 0 0 0 0 0 0 0 0 0 0 0
	write umon |	misses = 1010, hits= 0 0 0 0 0 0 0 0 0 0 0 0 0 0 0 0
num evicts: 34600000, p: 887994, s: 3808465 	 max proactive lookup: 16, max shadow lookup: 16
current cycle = 277905838, last update cycle = 275003364, delta = 2902474
	load umon |	misses = 2397, hits= 0 0 0 0 0 0 0 0 0 0 0 0 0 0 0 0
	write umon |	misses = 1203, hits= 0 0 0 0 0 0 0 0 0 0 0 0 0 0 0 0
num evicts: 34700000, p: 889396, s: 3850822 	 max proactive lookup: 16, max shadow lookup: 16
current cycle = 279195247, last update cycle = 275003364, delta = 4191883
	load umon |	misses = 2789, hits= 0 0 0 0 0 0 0 0 0 0 0 0 0 0 0 0
	write umon |	misses = 1401, hits= 0 0 0 0 0 0 0 0 0 0 0 0 0 0 0 0
num evicts: 34800000, p: 890867, s: 3893322 	 max proactive lookup: 16, max shadow lookup: 16
current cycle = 280468594, last update cycle = 280003365, delta = 465229
	load umon |	misses = 1660, hits= 0 0 0 0 0 0 0 0 0 0 0 0 0 0 0 0
	write umon |	misses = 833, hits= 0 0 0 0 0 0 0 0 0 0 0 0 0 0 0 0
num evicts: 34900000, p: 892462, s: 3933573 	 max proactive lookup: 16, max shadow lookup: 16
current cycle = 281722908, last update cycle = 280003365, delta = 1719543
	load umon |	misses = 2047, hits= 0 0 0 0 0 0 0 0 0 0 0 0 0 0 0 0
	write umon |	misses = 1026, hits= 0 0 0 0 0 0 0 0 0 0 0 0 0 0 0 0
num evicts: 35000000, p: 894318, s: 3978777 	 max proactive lookup: 16, max shadow lookup: 16
current cycle = 283029427, last update cycle = 280003365, delta = 3026062
	load umon |	misses = 2441, hits= 0 0 0 0 0 0 0 0 0 0 0 0 0 0 0 0
	write umon |	misses = 1224, hits= 0 0 0 0 0 0 0 0 0 0 0 0 0 0 0 0
num evicts: 35100000, p: 895990, s: 4025828 	 max proactive lookup: 16, max shadow lookup: 16
current cycle = 284355655, last update cycle = 280003365, delta = 4352290
	load umon |	misses = 2830, hits= 0 0 0 0 0 0 0 0 0 0 0 0 0 0 0 0
	write umon |	misses = 1415, hits= 0 0 0 0 0 0 0 0 0 0 0 0 0 0 0 0
num evicts: 35200000, p: 897207, s: 4071159 	 max proactive lookup: 16, max shadow lookup: 16
current cycle = 285631413, last update cycle = 285003374, delta = 628039
	load umon |	misses = 1707, hits= 0 0 0 0 0 0 0 0 0 0 0 0 0 0 0 0
	write umon |	misses = 853, hits= 0 0 0 0 0 0 0 0 0 0 0 0 0 0 0 0
num evicts: 35300000, p: 898393, s: 4117284 	 max proactive lookup: 16, max shadow lookup: 16
current cycle = 286906951, last update cycle = 285003374, delta = 1903577
	load umon |	misses = 2100, hits= 0 0 0 0 0 0 0 0 0 0 0 0 0 0 0 0
	write umon |	misses = 1052, hits= 0 0 0 0 0 0 0 0 0 0 0 0 0 0 0 0
num evicts: 35400000, p: 899514, s: 4161198 	 max proactive lookup: 16, max shadow lookup: 16
current cycle = 288199540, last update cycle = 285003374, delta = 3196166
	load umon |	misses = 2493, hits= 0 0 0 0 0 0 0 0 0 0 0 0 0 0 0 0
	write umon |	misses = 1249, hits= 0 0 0 0 0 0 0 0 0 0 0 0 0 0 0 0
num evicts: 35500000, p: 900473, s: 4202291 	 max proactive lookup: 16, max shadow lookup: 16
current cycle = 289484264, last update cycle = 285003374, delta = 4480890
	load umon |	misses = 2882, hits= 0 0 0 0 0 0 0 0 0 0 0 0 0 0 0 0
	write umon |	misses = 1443, hits= 0 0 0 0 0 0 0 0 0 0 0 0 0 0 0 0
num evicts: 35600000, p: 901665, s: 4243237 	 max proactive lookup: 16, max shadow lookup: 16
current cycle = 290735117, last update cycle = 290003384, delta = 731733
	load umon |	misses = 1748, hits= 0 0 0 0 0 0 0 0 0 0 0 0 0 0 0 0
	write umon |	misses = 874, hits= 0 0 0 0 0 0 0 0 0 0 0 0 0 0 0 0
num evicts: 35700000, p: 903127, s: 4280606 	 max proactive lookup: 16, max shadow lookup: 16
current cycle = 292015192, last update cycle = 290003384, delta = 2011808
	load umon |	misses = 2138, hits= 0 0 0 0 0 0 0 0 0 0 0 0 0 0 0 0
	write umon |	misses = 1071, hits= 0 0 0 0 0 0 0 0 0 0 0 0 0 0 0 0
num evicts: 35800000, p: 905164, s: 4320022 	 max proactive lookup: 16, max shadow lookup: 16
current cycle = 293299460, last update cycle = 290003384, delta = 3296076
	load umon |	misses = 2531, hits= 0 0 0 0 0 0 0 0 0 0 0 0 0 0 0 0
	write umon |	misses = 1268, hits= 0 0 0 0 0 0 0 0 0 0 0 0 0 0 0 0
num evicts: 35900000, p: 907143, s: 4359970 	 max proactive lookup: 16, max shadow lookup: 16
current cycle = 294576670, last update cycle = 290003384, delta = 4573286
	load umon |	misses = 2922, hits= 0 0 0 0 0 0 0 0 0 0 0 0 0 0 0 0
	write umon |	misses = 1464, hits= 0 0 0 0 0 0 0 0 0 0 0 0 0 0 0 0
num evicts: 36000000, p: 909213, s: 4404672 	 max proactive lookup: 16, max shadow lookup: 16
current cycle = 295894137, last update cycle = 295003411, delta = 890726
	load umon |	misses = 1788, hits= 0 0 0 0 0 0 0 0 0 0 0 0 0 0 0 0
	write umon |	misses = 894, hits= 0 0 0 0 0 0 0 0 0 0 0 0 0 0 0 0
num evicts: 36100000, p: 911076, s: 4449167 	 max proactive lookup: 16, max shadow lookup: 16
current cycle = 297185177, last update cycle = 295003411, delta = 2181766
	load umon |	misses = 2177, hits= 0 0 0 0 0 0 0 0 0 0 0 0 0 0 0 0
	write umon |	misses = 1088, hits= 0 0 0 0 0 0 0 0 0 0 0 0 0 0 0 0
num evicts: 36200000, p: 912674, s: 4494922 	 max proactive lookup: 16, max shadow lookup: 16
current cycle = 298482421, last update cycle = 295003411, delta = 3479010
	load umon |	misses = 2567, hits= 0 0 0 0 0 0 0 0 0 0 0 0 0 0 0 0
	write umon |	misses = 1283, hits= 0 0 0 0 0 0 0 0 0 0 0 0 0 0 0 0
num evicts: 36300000, p: 914021, s: 4538396 	 max proactive lookup: 16, max shadow lookup: 16
current cycle = 299752081, last update cycle = 295003411, delta = 4748670
	load umon |	misses = 2960, hits= 0 0 0 0 0 0 0 0 0 0 0 0 0 0 0 0
	write umon |	misses = 1479, hits= 0 0 0 0 0 0 0 0 0 0 0 0 0 0 0 0
num evicts: 36400000, p: 915404, s: 4582795 	 max proactive lookup: 16, max shadow lookup: 16
current cycle = 301020317, last update cycle = 300003423, delta = 1016894
	load umon |	misses = 1832, hits= 0 0 0 0 0 0 0 0 0 0 0 0 0 0 0 0
	write umon |	misses = 916, hits= 0 0 0 0 0 0 0 0 0 0 0 0 0 0 0 0
num evicts: 36500000, p: 916881, s: 4627337 	 max proactive lookup: 16, max shadow lookup: 16
current cycle = 302310380, last update cycle = 300003423, delta = 2306957
	load umon |	misses = 2221, hits= 0 0 0 0 0 0 0 0 0 0 0 0 0 0 0 0
	write umon |	misses = 1111, hits= 0 0 0 0 0 0 0 0 0 0 0 0 0 0 0 0
num evicts: 36600000, p: 918257, s: 4673391 	 max proactive lookup: 16, max shadow lookup: 16
current cycle = 303607632, last update cycle = 300003423, delta = 3604209
	load umon |	misses = 2612, hits= 0 0 0 0 0 0 0 0 0 0 0 0 0 0 0 0
	write umon |	misses = 1306, hits= 0 0 0 0 0 0 0 0 0 0 0 0 0 0 0 0
num evicts: 36700000, p: 919617, s: 4717357 	 max proactive lookup: 16, max shadow lookup: 16
current cycle = 304891106, last update cycle = 300003423, delta = 4887683
	load umon |	misses = 3004, hits= 0 0 0 0 0 0 0 0 0 0 0 0 0 0 0 0
	write umon |	misses = 1502, hits= 0 0 0 0 0 0 0 0 0 0 0 0 0 0 0 0
num evicts: 36800000, p: 920948, s: 4762586 	 max proactive lookup: 16, max shadow lookup: 16
current cycle = 306178692, last update cycle = 305003431, delta = 1175261
	load umon |	misses = 1876, hits= 0 0 0 0 0 0 0 0 0 0 0 0 0 0 0 0
	write umon |	misses = 938, hits= 0 0 0 0 0 0 0 0 0 0 0 0 0 0 0 0
num evicts: 36900000, p: 922145, s: 4806282 	 max proactive lookup: 16, max shadow lookup: 16
current cycle = 307481727, last update cycle = 305003431, delta = 2478296
	load umon |	misses = 2267, hits= 0 0 0 0 0 0 0 0 0 0 0 0 0 0 0 0
	write umon |	misses = 1134, hits= 0 0 0 0 0 0 0 0 0 0 0 0 0 0 0 0
num evicts: 37000000, p: 923447, s: 4850096 	 max proactive lookup: 16, max shadow lookup: 16
current cycle = 308759263, last update cycle = 305003431, delta = 3755832
	load umon |	misses = 2657, hits= 0 0 0 0 0 0 0 0 0 0 0 0 0 0 0 0
	write umon |	misses = 1329, hits= 0 0 0 0 0 0 0 0 0 0 0 0 0 0 0 0
num evicts: 37100000, p: 924712, s: 4892767 	 max proactive lookup: 16, max shadow lookup: 16
current cycle = 310058614, last update cycle = 310003441, delta = 55173
	load umon |	misses = 1534, hits= 0 0 0 0 0 0 0 0 0 0 0 0 0 0 0 0
	write umon |	misses = 767, hits= 0 0 0 0 0 0 0 0 0 0 0 0 0 0 0 0
num evicts: 37200000, p: 926132, s: 4935131 	 max proactive lookup: 16, max shadow lookup: 16
current cycle = 311343575, last update cycle = 310003441, delta = 1340134
	load umon |	misses = 1925, hits= 0 0 0 0 0 0 0 0 0 0 0 0 0 0 0 0
	write umon |	misses = 964, hits= 0 0 0 0 0 0 0 0 0 0 0 0 0 0 0 0
num evicts: 37300000, p: 927641, s: 4972704 	 max proactive lookup: 16, max shadow lookup: 16
current cycle = 312604677, last update cycle = 310003441, delta = 2601236
	load umon |	misses = 2312, hits= 0 0 0 0 0 0 0 0 0 0 0 0 0 0 0 0
	write umon |	misses = 1154, hits= 0 0 0 0 0 0 0 0 0 0 0 0 0 0 0 0
num evicts: 37400000, p: 929685, s: 5010167 	 max proactive lookup: 16, max shadow lookup: 16
current cycle = 313894538, last update cycle = 310003441, delta = 3891097
	load umon |	misses = 2702, hits= 0 0 0 0 0 0 0 0 0 0 0 0 0 0 0 0
	write umon |	misses = 1352, hits= 0 0 0 0 0 0 0 0 0 0 0 0 0 0 0 0
num evicts: 37500000, p: 932127, s: 5052785 	 max proactive lookup: 16, max shadow lookup: 16
current cycle = 315200556, last update cycle = 315003443, delta = 197113
	load umon |	misses = 1577, hits= 0 0 0 0 0 0 0 0 0 0 0 0 0 0 0 0
	write umon |	misses = 789, hits= 0 0 0 0 0 0 0 0 0 0 0 0 0 0 0 0
num evicts: 37600000, p: 934561, s: 5095704 	 max proactive lookup: 16, max shadow lookup: 16
current cycle = 316516507, last update cycle = 315003443, delta = 1513064
	load umon |	misses = 1966, hits= 0 0 0 0 0 0 0 0 0 0 0 0 0 0 0 0
	write umon |	misses = 984, hits= 0 0 0 0 0 0 0 0 0 0 0 0 0 0 0 0
num evicts: 37700000, p: 936643, s: 5141774 	 max proactive lookup: 16, max shadow lookup: 16
current cycle = 317840217, last update cycle = 315003443, delta = 2836774
	load umon |	misses = 2359, hits= 0 0 0 0 0 0 0 0 0 0 0 0 0 0 0 0
	write umon |	misses = 1179, hits= 0 0 0 0 0 0 0 0 0 0 0 0 0 0 0 0
num evicts: 37800000, p: 938179, s: 5188039 	 max proactive lookup: 16, max shadow lookup: 16
current cycle = 319141510, last update cycle = 315003443, delta = 4138067
	load umon |	misses = 2750, hits= 0 0 0 0 0 0 0 0 0 0 0 0 0 0 0 0
	write umon |	misses = 1375, hits= 0 0 0 0 0 0 0 0 0 0 0 0 0 0 0 0
num evicts: 37900000, p: 939527, s: 5233509 	 max proactive lookup: 16, max shadow lookup: 16
current cycle = 320425015, last update cycle = 320003865, delta = 421150
	load umon |	misses = 1633, hits= 0 0 0 0 0 0 0 0 0 0 0 0 0 0 0 0
	write umon |	misses = 817, hits= 0 0 0 0 0 0 0 0 0 0 0 0 0 0 0 0
num evicts: 38000000, p: 940816, s: 5280165 	 max proactive lookup: 16, max shadow lookup: 16
current cycle = 321721159, last update cycle = 320003865, delta = 1717294
	load umon |	misses = 2025, hits= 0 0 0 0 0 0 0 0 0 0 0 0 0 0 0 0
	write umon |	misses = 1012, hits= 0 0 0 0 0 0 0 0 0 0 0 0 0 0 0 0
num evicts: 38100000, p: 941895, s: 5322356 	 max proactive lookup: 16, max shadow lookup: 16
current cycle = 322967752, last update cycle = 320003865, delta = 2963887
	load umon |	misses = 2415, hits= 0 0 0 0 0 0 0 0 0 0 0 0 0 0 0 0
	write umon |	misses = 1208, hits= 0 0 0 0 0 0 0 0 0 0 0 0 0 0 0 0
num evicts: 38200000, p: 943052, s: 5363010 	 max proactive lookup: 16, max shadow lookup: 16
current cycle = 324204783, last update cycle = 320003865, delta = 4200918
	load umon |	misses = 2805, hits= 0 0 0 0 0 0 0 0 0 0 0 0 0 0 0 0
	write umon |	misses = 1404, hits= 0 0 0 0 0 0 0 0 0 0 0 0 0 0 0 0
num evicts: 38300000, p: 944639, s: 5403414 	 max proactive lookup: 16, max shadow lookup: 16
current cycle = 325446721, last update cycle = 325003874, delta = 442847
	load umon |	misses = 1670, hits= 0 0 0 0 0 0 0 0 0 0 0 0 0 0 0 0
	write umon |	misses = 835, hits= 0 0 0 0 0 0 0 0 0 0 0 0 0 0 0 0
Heartbeat CPU 0 instructions: 120000019 cycles: 325840930 heartbeat IPC: 0.1749 cumulative IPC: 0.3007 (Simulation time: 06 hr 05 min 00 sec)
Heartbeat CPU 2 instructions: 120000026 cycles: 326607843 heartbeat IPC: 0.1749 cumulative IPC: 0.3008 (Simulation time: 06 hr 05 min 47 sec)
num evicts: 38400000, p: 946524, s: 5443628 	 max proactive lookup: 16, max shadow lookup: 16
current cycle = 326699536, last update cycle = 325003874, delta = 1695662
	load umon |	misses = 2058, hits= 0 0 0 0 0 0 0 0 0 0 0 0 0 0 0 0
	write umon |	misses = 1029, hits= 0 0 0 0 0 0 0 0 0 0 0 0 0 0 0 0
Heartbeat CPU 1 instructions: 120000026 cycles: 326854168 heartbeat IPC: 0.1748 cumulative IPC: 0.3002 (Simulation time: 06 hr 06 min 03 sec)
Heartbeat CPU 3 instructions: 120000021 cycles: 327282646 heartbeat IPC: 0.1763 cumulative IPC: 0.3005 (Simulation time: 06 hr 06 min 30 sec)
Heartbeat CPU 5 instructions: 120000021 cycles: 327482279 heartbeat IPC: 0.1756 cumulative IPC: 0.3009 (Simulation time: 06 hr 06 min 42 sec)
num evicts: 38500000, p: 948473, s: 5485514 	 max proactive lookup: 16, max shadow lookup: 16
current cycle = 327971062, last update cycle = 325003874, delta = 2967188
	load umon |	misses = 2448, hits= 0 0 0 0 0 0 0 0 0 0 0 0 0 0 0 0
	write umon |	misses = 1224, hits= 0 0 0 0 0 0 0 0 0 0 0 0 0 0 0 0
Heartbeat CPU 4 instructions: 120000021 cycles: 328148583 heartbeat IPC: 0.1756 cumulative IPC: 0.2999 (Simulation time: 06 hr 07 min 24 sec)
Heartbeat CPU 6 instructions: 120000024 cycles: 328671291 heartbeat IPC: 0.1748 cumulative IPC: 0.3002 (Simulation time: 06 hr 07 min 56 sec)
Heartbeat CPU 7 instructions: 120000019 cycles: 328948901 heartbeat IPC: 0.1755 cumulative IPC: 0.3002 (Simulation time: 06 hr 08 min 13 sec)
num evicts: 38600000, p: 950481, s: 5529600 	 max proactive lookup: 16, max shadow lookup: 16
current cycle = 329266088, last update cycle = 325003874, delta = 4262214
	load umon |	misses = 2838, hits= 0 0 0 0 0 0 0 0 0 0 0 0 0 0 0 0
	write umon |	misses = 1421, hits= 0 0 0 0 0 0 0 0 0 0 0 0 0 0 0 0
num evicts: 38700000, p: 952073, s: 5575214 	 max proactive lookup: 16, max shadow lookup: 16
current cycle = 330565534, last update cycle = 330004069, delta = 561465
	load umon |	misses = 1699, hits= 0 0 0 0 0 0 0 0 0 0 0 0 0 0 0 0
	write umon |	misses = 851, hits= 0 0 0 0 0 0 0 0 0 0 0 0 0 0 0 0
num evicts: 38800000, p: 953494, s: 5621167 	 max proactive lookup: 16, max shadow lookup: 16
current cycle = 331872639, last update cycle = 330004069, delta = 1868570
	load umon |	misses = 2093, hits= 0 0 0 0 0 0 0 0 0 0 0 0 0 0 0 0
	write umon |	misses = 1046, hits= 0 0 0 0 0 0 0 0 0 0 0 0 0 0 0 0
num evicts: 38900000, p: 954690, s: 5664667 	 max proactive lookup: 16, max shadow lookup: 16
current cycle = 333144263, last update cycle = 330004069, delta = 3140194
	load umon |	misses = 2482, hits= 0 0 0 0 0 0 0 0 0 0 0 0 0 0 0 0
	write umon |	misses = 1241, hits= 0 0 0 0 0 0 0 0 0 0 0 0 0 0 0 0
num evicts: 39000000, p: 955932, s: 5709061 	 max proactive lookup: 16, max shadow lookup: 16
current cycle = 334415131, last update cycle = 330004069, delta = 4411062
	load umon |	misses = 2874, hits= 0 0 0 0 0 0 0 0 0 0 0 0 0 0 0 0
	write umon |	misses = 1437, hits= 0 0 0 0 0 0 0 0 0 0 0 0 0 0 0 0
num evicts: 39100000, p: 957296, s: 5751269 	 max proactive lookup: 16, max shadow lookup: 16
current cycle = 335665895, last update cycle = 335004081, delta = 661814
	load umon |	misses = 1734, hits= 0 0 0 0 0 0 0 0 0 0 0 0 0 0 0 0
	write umon |	misses = 867, hits= 0 0 0 0 0 0 0 0 0 0 0 0 0 0 0 0
num evicts: 39200000, p: 958513, s: 5790229 	 max proactive lookup: 16, max shadow lookup: 16
current cycle = 336900725, last update cycle = 335004081, delta = 1896644
	load umon |	misses = 2126, hits= 0 0 0 0 0 0 0 0 0 0 0 0 0 0 0 0
	write umon |	misses = 1063, hits= 0 0 0 0 0 0 0 0 0 0 0 0 0 0 0 0
num evicts: 39300000, p: 960169, s: 5820672 	 max proactive lookup: 16, max shadow lookup: 16
current cycle = 338089095, last update cycle = 335004081, delta = 3085014
	load umon |	misses = 2516, hits= 0 0 0 0 0 0 0 0 0 0 0 0 0 0 0 0
	write umon |	misses = 1259, hits= 0 0 0 0 0 0 0 0 0 0 0 0 0 0 0 0
num evicts: 39400000, p: 962589, s: 5852937 	 max proactive lookup: 16, max shadow lookup: 16
current cycle = 339338313, last update cycle = 335004081, delta = 4334232
	load umon |	misses = 2908, hits= 0 0 0 0 0 0 0 0 0 0 0 0 0 0 0 0
	write umon |	misses = 1454, hits= 0 0 0 0 0 0 0 0 0 0 0 0 0 0 0 0
num evicts: 39500000, p: 965568, s: 5883442 	 max proactive lookup: 16, max shadow lookup: 16
current cycle = 340609154, last update cycle = 340004083, delta = 605071
	load umon |	misses = 1739, hits= 0 0 0 0 0 0 0 0 0 0 0 0 0 0 0 0
	write umon |	misses = 869, hits= 0 0 0 0 0 0 0 0 0 0 0 0 0 0 0 0
num evicts: 39600000, p: 968978, s: 5921783 	 max proactive lookup: 16, max shadow lookup: 16
current cycle = 341945863, last update cycle = 340004083, delta = 1941780
	load umon |	misses = 2132, hits= 0 0 0 0 0 0 0 0 0 0 0 0 0 0 0 0
	write umon |	misses = 1066, hits= 0 0 0 0 0 0 0 0 0 0 0 0 0 0 0 0
num evicts: 39700000, p: 972490, s: 5961981 	 max proactive lookup: 16, max shadow lookup: 16
current cycle = 343288456, last update cycle = 340004083, delta = 3284373
	load umon |	misses = 2525, hits= 0 0 0 0 0 0 0 0 0 0 0 0 0 0 0 0
	write umon |	misses = 1262, hits= 0 0 0 0 0 0 0 0 0 0 0 0 0 0 0 0
num evicts: 39800000, p: 975199, s: 6002644 	 max proactive lookup: 16, max shadow lookup: 16
current cycle = 344830329, last update cycle = 340004083, delta = 4826246
	load umon |	misses = 2922, hits= 0 0 0 0 0 0 0 0 0 0 0 0 0 0 0 0
	write umon |	misses = 1461, hits= 0 0 0 0 0 0 0 0 0 0 0 0 0 0 0 0
num evicts: 39900000, p: 976939, s: 6046031 	 max proactive lookup: 16, max shadow lookup: 16
current cycle = 347800680, last update cycle = 345004175, delta = 2796505
	load umon |	misses = 1839, hits= 0 0 0 0 0 0 0 0 0 0 0 0 0 0 0 0
	write umon |	misses = 922, hits= 0 0 0 0 0 0 0 0 0 0 0 0 0 0 0 0
num evicts: 40000000, p: 977728, s: 6065413 	 max proactive lookup: 16, max shadow lookup: 16
current cycle = 350798341, last update cycle = 350004199, delta = 794142
	load umon |	misses = 1169, hits= 0 0 0 0 0 0 0 0 0 0 0 0 0 0 0 0
	write umon |	misses = 570, hits= 0 0 0 0 0 0 0 0 0 0 0 0 0 0 0 0
num evicts: 40100000, p: 978287, s: 6071605 	 max proactive lookup: 16, max shadow lookup: 16
current cycle = 353684483, last update cycle = 350004199, delta = 3680284
	load umon |	misses = 1559, hits= 0 0 0 0 0 0 0 0 0 0 0 0 0 0 0 0
	write umon |	misses = 708, hits= 0 0 0 0 0 0 0 0 0 0 0 0 0 0 0 0
num evicts: 40200000, p: 978288, s: 6071648 	 max proactive lookup: 16, max shadow lookup: 16
current cycle = 356436567, last update cycle = 355004220, delta = 1432347
	load umon |	misses = 1075, hits= 0 0 0 0 0 0 0 0 0 0 0 0 0 0 0 0
	write umon |	misses = 354, hits= 0 0 0 0 0 0 0 0 0 0 0 0 0 0 0 0
num evicts: 40300000, p: 978301, s: 6071683 	 max proactive lookup: 16, max shadow lookup: 16
current cycle = 359190928, last update cycle = 355004220, delta = 4186708
	load umon |	misses = 1465, hits= 0 0 0 0 0 0 0 0 0 0 0 0 0 0 0 0
	write umon |	misses = 354, hits= 0 0 0 0 0 0 0 0 0 0 0 0 0 0 0 0
Simulation finished CPU 7 instructions: 100000001 cycles: 347291154 cumulative IPC: 0.2879 (Simulation time: 06 hr 37 min 47 sec)
Simulation finished CPU 6 instructions: 100000001 cycles: 347813804 cumulative IPC: 0.2875 (Simulation time: 06 hr 38 min 15 sec)
Simulation finished CPU 5 instructions: 100000001 cycles: 347988599 cumulative IPC: 0.2874 (Simulation time: 06 hr 38 min 24 sec)
Simulation finished CPU 4 instructions: 100000000 cycles: 349143990 cumulative IPC: 0.2864 (Simulation time: 06 hr 39 min 27 sec)
Simulation finished CPU 3 instructions: 100000000 cycles: 349401047 cumulative IPC: 0.2862 (Simulation time: 06 hr 39 min 41 sec)
num evicts: 40400000, p: 978303, s: 6071700 	 max proactive lookup: 16, max shadow lookup: 16
current cycle = 361942016, last update cycle = 360004235, delta = 1937781
	load umon |	misses = 1066, hits= 0 0 0 0 0 0 0 0 0 0 0 0 0 0 0 0
	write umon |	misses = 177, hits= 0 0 0 0 0 0 0 0 0 0 0 0 0 0 0 0
Simulation finished CPU 2 instructions: 100000002 cycles: 349625574 cumulative IPC: 0.286 (Simulation time: 06 hr 39 min 53 sec)
Simulation finished CPU 1 instructions: 100000002 cycles: 350442734 cumulative IPC: 0.2854 (Simulation time: 06 hr 40 min 37 sec)
Simulation finished CPU 0 instructions: 100000001 cycles: 351038262 cumulative IPC: 0.2849 (Simulation time: 06 hr 41 min 09 sec)
Simulation complete CPU 7 instructions: 100545231 cycles: 351038262 cumulative IPC: 0.2864 (Simulation time: 06 hr 41 min 09 sec)
Simulation complete CPU 6 instructions: 100468329 cycles: 351038262 cumulative IPC: 0.2862 (Simulation time: 06 hr 41 min 09 sec)
Simulation complete CPU 5 instructions: 100443485 cycles: 351038262 cumulative IPC: 0.2861 (Simulation time: 06 hr 41 min 09 sec)
Simulation complete CPU 4 instructions: 100275818 cycles: 351038262 cumulative IPC: 0.2857 (Simulation time: 06 hr 41 min 09 sec)
Simulation complete CPU 3 instructions: 100237960 cycles: 351038262 cumulative IPC: 0.2855 (Simulation time: 06 hr 41 min 09 sec)
Simulation complete CPU 2 instructions: 100206122 cycles: 351038262 cumulative IPC: 0.2855 (Simulation time: 06 hr 41 min 09 sec)
Simulation complete CPU 1 instructions: 100086644 cycles: 351038262 cumulative IPC: 0.2851 (Simulation time: 06 hr 41 min 09 sec)
Simulation complete CPU 0 instructions: 100000001 cycles: 351038262 cumulative IPC: 0.2849 (Simulation time: 06 hr 41 min 09 sec)

ChampSim completed all CPUs

=== Simulation ===
CPU 0 runs TRACES/ctf/ligra/ligra_PageRank.com-lj.ungraph.gcc_6.3.0_O3.drop_60750M.length_250M.champsimtrace.xz
CPU 1 runs TRACES/ctf/ligra/ligra_PageRank.com-lj.ungraph.gcc_6.3.0_O3.drop_60750M.length_250M.champsimtrace.xz
CPU 2 runs TRACES/ctf/ligra/ligra_PageRank.com-lj.ungraph.gcc_6.3.0_O3.drop_60750M.length_250M.champsimtrace.xz
CPU 3 runs TRACES/ctf/ligra/ligra_PageRank.com-lj.ungraph.gcc_6.3.0_O3.drop_60750M.length_250M.champsimtrace.xz
CPU 4 runs TRACES/ctf/ligra/ligra_PageRank.com-lj.ungraph.gcc_6.3.0_O3.drop_60750M.length_250M.champsimtrace.xz
CPU 5 runs TRACES/ctf/ligra/ligra_PageRank.com-lj.ungraph.gcc_6.3.0_O3.drop_60750M.length_250M.champsimtrace.xz
CPU 6 runs TRACES/ctf/ligra/ligra_PageRank.com-lj.ungraph.gcc_6.3.0_O3.drop_60750M.length_250M.champsimtrace.xz
CPU 7 runs TRACES/ctf/ligra/ligra_PageRank.com-lj.ungraph.gcc_6.3.0_O3.drop_60750M.length_250M.champsimtrace.xz

Total Simulation Statistics (not including warmup)

CPU 7 cumulative IPC: 0.2864 instructions: 100545231 cycles: 351038262
CPU 7 Branch Prediction Accuracy: 100% MPKI: 0 Average ROB Occupancy at Mispredict: -
Branch type MPKI
BRANCH_DIRECT_JUMP: 0
BRANCH_INDIRECT: 0
BRANCH_CONDITIONAL: 0
BRANCH_DIRECT_CALL: 0
BRANCH_INDIRECT_CALL: 0
BRANCH_RETURN: 0


CPU 6 cumulative IPC: 0.2862 instructions: 100468329 cycles: 351038262
CPU 6 Branch Prediction Accuracy: 100% MPKI: 0 Average ROB Occupancy at Mispredict: -
Branch type MPKI
BRANCH_DIRECT_JUMP: 0
BRANCH_INDIRECT: 0
BRANCH_CONDITIONAL: 0
BRANCH_DIRECT_CALL: 0
BRANCH_INDIRECT_CALL: 0
BRANCH_RETURN: 0


CPU 5 cumulative IPC: 0.2861 instructions: 100443485 cycles: 351038262
CPU 5 Branch Prediction Accuracy: 100% MPKI: 0 Average ROB Occupancy at Mispredict: -
Branch type MPKI
BRANCH_DIRECT_JUMP: 0
BRANCH_INDIRECT: 0
BRANCH_CONDITIONAL: 0
BRANCH_DIRECT_CALL: 0
BRANCH_INDIRECT_CALL: 0
BRANCH_RETURN: 0


CPU 4 cumulative IPC: 0.2857 instructions: 100275818 cycles: 351038262
CPU 4 Branch Prediction Accuracy: 100% MPKI: 0 Average ROB Occupancy at Mispredict: -
Branch type MPKI
BRANCH_DIRECT_JUMP: 0
BRANCH_INDIRECT: 0
BRANCH_CONDITIONAL: 0
BRANCH_DIRECT_CALL: 0
BRANCH_INDIRECT_CALL: 0
BRANCH_RETURN: 0


CPU 3 cumulative IPC: 0.2855 instructions: 100237960 cycles: 351038262
CPU 3 Branch Prediction Accuracy: 100% MPKI: 0 Average ROB Occupancy at Mispredict: -
Branch type MPKI
BRANCH_DIRECT_JUMP: 0
BRANCH_INDIRECT: 0
BRANCH_CONDITIONAL: 0
BRANCH_DIRECT_CALL: 0
BRANCH_INDIRECT_CALL: 0
BRANCH_RETURN: 0


CPU 2 cumulative IPC: 0.2855 instructions: 100206122 cycles: 351038262
CPU 2 Branch Prediction Accuracy: 100% MPKI: 0 Average ROB Occupancy at Mispredict: -
Branch type MPKI
BRANCH_DIRECT_JUMP: 0
BRANCH_INDIRECT: 0
BRANCH_CONDITIONAL: 0
BRANCH_DIRECT_CALL: 0
BRANCH_INDIRECT_CALL: 0
BRANCH_RETURN: 0


CPU 1 cumulative IPC: 0.2851 instructions: 100086644 cycles: 351038262
CPU 1 Branch Prediction Accuracy: 100% MPKI: 0 Average ROB Occupancy at Mispredict: -
Branch type MPKI
BRANCH_DIRECT_JUMP: 0
BRANCH_INDIRECT: 0
BRANCH_CONDITIONAL: 0
BRANCH_DIRECT_CALL: 0
BRANCH_INDIRECT_CALL: 0
BRANCH_RETURN: 0


CPU 0 cumulative IPC: 0.2849 instructions: 100000001 cycles: 351038262
CPU 0 Branch Prediction Accuracy: 100% MPKI: 0 Average ROB Occupancy at Mispredict: -
Branch type MPKI
BRANCH_DIRECT_JUMP: 0
BRANCH_INDIRECT: 0
BRANCH_CONDITIONAL: 0
BRANCH_DIRECT_CALL: 0
BRANCH_INDIRECT_CALL: 0
BRANCH_RETURN: 0

cpu7->cpu7_STLB TOTAL        ACCESS:      35000 HIT:      34969 MISS:         31 MSHR_MERGE:          0
cpu7->cpu7_STLB LOAD         ACCESS:      35000 HIT:      34969 MISS:         31 MSHR_MERGE:          0
cpu7->cpu7_STLB RFO          ACCESS:          0 HIT:          0 MISS:          0 MSHR_MERGE:          0
cpu7->cpu7_STLB PREFETCH     ACCESS:          0 HIT:          0 MISS:          0 MSHR_MERGE:          0
cpu7->cpu7_STLB WRITE        ACCESS:          0 HIT:          0 MISS:          0 MSHR_MERGE:          0
cpu7->cpu7_STLB TRANSLATION  ACCESS:          0 HIT:          0 MISS:          0 MSHR_MERGE:          0
cpu7->cpu7_STLB PREFETCH REQUESTED:          0 ISSUED:          0 USEFUL:          0 USELESS:          0
cpu7->cpu7_STLB AVERAGE MISS LATENCY: 231.4 cycles
cpu7->cpu7_L2C TOTAL        ACCESS:    4854406 HIT:    1134581 MISS:    3719825 MSHR_MERGE:          0
cpu7->cpu7_L2C LOAD         ACCESS:    3768313 HIT:      48605 MISS:    3719708 MSHR_MERGE:          0
cpu7->cpu7_L2C RFO          ACCESS:        198 HIT:        112 MISS:         86 MSHR_MERGE:          0
cpu7->cpu7_L2C PREFETCH     ACCESS:          0 HIT:          0 MISS:          0 MSHR_MERGE:          0
cpu7->cpu7_L2C WRITE        ACCESS:    1085865 HIT:    1085864 MISS:          1 MSHR_MERGE:          0
cpu7->cpu7_L2C TRANSLATION  ACCESS:         30 HIT:          0 MISS:         30 MSHR_MERGE:          0
cpu7->cpu7_L2C PREFETCH REQUESTED:          0 ISSUED:          0 USEFUL:          0 USELESS:          0
cpu7->cpu7_L2C AVERAGE MISS LATENCY: 323.8 cycles
cpu7->cpu7_L1I TOTAL        ACCESS:   16887406 HIT:   16887310 MISS:         96 MSHR_MERGE:         51
cpu7->cpu7_L1I LOAD         ACCESS:   16887406 HIT:   16887310 MISS:         96 MSHR_MERGE:         51
cpu7->cpu7_L1I RFO          ACCESS:          0 HIT:          0 MISS:          0 MSHR_MERGE:          0
cpu7->cpu7_L1I PREFETCH     ACCESS:          0 HIT:          0 MISS:          0 MSHR_MERGE:          0
cpu7->cpu7_L1I WRITE        ACCESS:          0 HIT:          0 MISS:          0 MSHR_MERGE:          0
cpu7->cpu7_L1I TRANSLATION  ACCESS:          0 HIT:          0 MISS:          0 MSHR_MERGE:          0
cpu7->cpu7_L1I PREFETCH REQUESTED:          0 ISSUED:          0 USEFUL:          0 USELESS:          0
cpu7->cpu7_L1I AVERAGE MISS LATENCY: 260.3 cycles
cpu7->cpu7_L1D TOTAL        ACCESS:   28533155 HIT:   19017844 MISS:    9515311 MSHR_MERGE:    5746815
cpu7->cpu7_L1D LOAD         ACCESS:   21054714 HIT:   11539671 MISS:    9515043 MSHR_MERGE:    5746775
cpu7->cpu7_L1D RFO          ACCESS:          0 HIT:          0 MISS:          0 MSHR_MERGE:          0
cpu7->cpu7_L1D PREFETCH     ACCESS:          0 HIT:          0 MISS:          0 MSHR_MERGE:          0
cpu7->cpu7_L1D WRITE        ACCESS:    7478410 HIT:    7478172 MISS:        238 MSHR_MERGE:         40
cpu7->cpu7_L1D TRANSLATION  ACCESS:         31 HIT:          1 MISS:         30 MSHR_MERGE:          0
cpu7->cpu7_L1D PREFETCH REQUESTED:          0 ISSUED:          0 USEFUL:          0 USELESS:          0
cpu7->cpu7_L1D AVERAGE MISS LATENCY: 328.6 cycles
cpu7->cpu7_ITLB TOTAL        ACCESS:   14828626 HIT:   14828619 MISS:          7 MSHR_MERGE:          6
cpu7->cpu7_ITLB LOAD         ACCESS:   14828626 HIT:   14828619 MISS:          7 MSHR_MERGE:          6
cpu7->cpu7_ITLB RFO          ACCESS:          0 HIT:          0 MISS:          0 MSHR_MERGE:          0
cpu7->cpu7_ITLB PREFETCH     ACCESS:          0 HIT:          0 MISS:          0 MSHR_MERGE:          0
cpu7->cpu7_ITLB WRITE        ACCESS:          0 HIT:          0 MISS:          0 MSHR_MERGE:          0
cpu7->cpu7_ITLB TRANSLATION  ACCESS:          0 HIT:          0 MISS:          0 MSHR_MERGE:          0
cpu7->cpu7_ITLB PREFETCH REQUESTED:          0 ISSUED:          0 USEFUL:          0 USELESS:          0
cpu7->cpu7_ITLB AVERAGE MISS LATENCY: 238 cycles
cpu7->cpu7_DTLB TOTAL        ACCESS:   26817519 HIT:   26780898 MISS:      36621 MSHR_MERGE:       1622
cpu7->cpu7_DTLB LOAD         ACCESS:   26817519 HIT:   26780898 MISS:      36621 MSHR_MERGE:       1622
cpu7->cpu7_DTLB RFO          ACCESS:          0 HIT:          0 MISS:          0 MSHR_MERGE:          0
cpu7->cpu7_DTLB PREFETCH     ACCESS:          0 HIT:          0 MISS:          0 MSHR_MERGE:          0
cpu7->cpu7_DTLB WRITE        ACCESS:          0 HIT:          0 MISS:          0 MSHR_MERGE:          0
cpu7->cpu7_DTLB TRANSLATION  ACCESS:          0 HIT:          0 MISS:          0 MSHR_MERGE:          0
cpu7->cpu7_DTLB PREFETCH REQUESTED:          0 ISSUED:          0 USEFUL:          0 USELESS:          0
cpu7->cpu7_DTLB AVERAGE MISS LATENCY: 5.2 cycles
cpu6->cpu6_STLB TOTAL        ACCESS:      34984 HIT:      34953 MISS:         31 MSHR_MERGE:          0
cpu6->cpu6_STLB LOAD         ACCESS:      34984 HIT:      34953 MISS:         31 MSHR_MERGE:          0
cpu6->cpu6_STLB RFO          ACCESS:          0 HIT:          0 MISS:          0 MSHR_MERGE:          0
cpu6->cpu6_STLB PREFETCH     ACCESS:          0 HIT:          0 MISS:          0 MSHR_MERGE:          0
cpu6->cpu6_STLB WRITE        ACCESS:          0 HIT:          0 MISS:          0 MSHR_MERGE:          0
cpu6->cpu6_STLB TRANSLATION  ACCESS:          0 HIT:          0 MISS:          0 MSHR_MERGE:          0
cpu6->cpu6_STLB PREFETCH REQUESTED:          0 ISSUED:          0 USEFUL:          0 USELESS:          0
cpu6->cpu6_STLB AVERAGE MISS LATENCY: 231.3 cycles
cpu6->cpu6_L2C TOTAL        ACCESS:    4854212 HIT:    1134577 MISS:    3719635 MSHR_MERGE:          0
cpu6->cpu6_L2C LOAD         ACCESS:    3768130 HIT:      48612 MISS:    3719518 MSHR_MERGE:          0
cpu6->cpu6_L2C RFO          ACCESS:        197 HIT:        111 MISS:         86 MSHR_MERGE:          0
cpu6->cpu6_L2C PREFETCH     ACCESS:          0 HIT:          0 MISS:          0 MSHR_MERGE:          0
cpu6->cpu6_L2C WRITE        ACCESS:    1085855 HIT:    1085854 MISS:          1 MSHR_MERGE:          0
cpu6->cpu6_L2C TRANSLATION  ACCESS:         30 HIT:          0 MISS:         30 MSHR_MERGE:          0
cpu6->cpu6_L2C PREFETCH REQUESTED:          0 ISSUED:          0 USEFUL:          0 USELESS:          0
cpu6->cpu6_L2C AVERAGE MISS LATENCY: 324.1 cycles
cpu6->cpu6_L1I TOTAL        ACCESS:   16866941 HIT:   16866848 MISS:         93 MSHR_MERGE:         48
cpu6->cpu6_L1I LOAD         ACCESS:   16866941 HIT:   16866848 MISS:         93 MSHR_MERGE:         48
cpu6->cpu6_L1I RFO          ACCESS:          0 HIT:          0 MISS:          0 MSHR_MERGE:          0
cpu6->cpu6_L1I PREFETCH     ACCESS:          0 HIT:          0 MISS:          0 MSHR_MERGE:          0
cpu6->cpu6_L1I WRITE        ACCESS:          0 HIT:          0 MISS:          0 MSHR_MERGE:          0
cpu6->cpu6_L1I TRANSLATION  ACCESS:          0 HIT:          0 MISS:          0 MSHR_MERGE:          0
cpu6->cpu6_L1I PREFETCH REQUESTED:          0 ISSUED:          0 USEFUL:          0 USELESS:          0
cpu6->cpu6_L1I AVERAGE MISS LATENCY: 290.8 cycles
cpu6->cpu6_L1D TOTAL        ACCESS:   28526584 HIT:   19011821 MISS:    9514763 MSHR_MERGE:    5746451
cpu6->cpu6_L1D LOAD         ACCESS:   21052331 HIT:   11537837 MISS:    9514494 MSHR_MERGE:    5746409
cpu6->cpu6_L1D RFO          ACCESS:          0 HIT:          0 MISS:          0 MSHR_MERGE:          0
cpu6->cpu6_L1D PREFETCH     ACCESS:          0 HIT:          0 MISS:          0 MSHR_MERGE:          0
cpu6->cpu6_L1D WRITE        ACCESS:    7474222 HIT:    7473983 MISS:        239 MSHR_MERGE:         42
cpu6->cpu6_L1D TRANSLATION  ACCESS:         31 HIT:          1 MISS:         30 MSHR_MERGE:          0
cpu6->cpu6_L1D PREFETCH REQUESTED:          0 ISSUED:          0 USEFUL:          0 USELESS:          0
cpu6->cpu6_L1D AVERAGE MISS LATENCY: 329 cycles
cpu6->cpu6_ITLB TOTAL        ACCESS:   14813432 HIT:   14813425 MISS:          7 MSHR_MERGE:          6
cpu6->cpu6_ITLB LOAD         ACCESS:   14813432 HIT:   14813425 MISS:          7 MSHR_MERGE:          6
cpu6->cpu6_ITLB RFO          ACCESS:          0 HIT:          0 MISS:          0 MSHR_MERGE:          0
cpu6->cpu6_ITLB PREFETCH     ACCESS:          0 HIT:          0 MISS:          0 MSHR_MERGE:          0
cpu6->cpu6_ITLB WRITE        ACCESS:          0 HIT:          0 MISS:          0 MSHR_MERGE:          0
cpu6->cpu6_ITLB TRANSLATION  ACCESS:          0 HIT:          0 MISS:          0 MSHR_MERGE:          0
cpu6->cpu6_ITLB PREFETCH REQUESTED:          0 ISSUED:          0 USEFUL:          0 USELESS:          0
cpu6->cpu6_ITLB AVERAGE MISS LATENCY: 238 cycles
cpu6->cpu6_DTLB TOTAL        ACCESS:   26825235 HIT:   26788597 MISS:      36638 MSHR_MERGE:       1655
cpu6->cpu6_DTLB LOAD         ACCESS:   26825235 HIT:   26788597 MISS:      36638 MSHR_MERGE:       1655
cpu6->cpu6_DTLB RFO          ACCESS:          0 HIT:          0 MISS:          0 MSHR_MERGE:          0
cpu6->cpu6_DTLB PREFETCH     ACCESS:          0 HIT:          0 MISS:          0 MSHR_MERGE:          0
cpu6->cpu6_DTLB WRITE        ACCESS:          0 HIT:          0 MISS:          0 MSHR_MERGE:          0
cpu6->cpu6_DTLB TRANSLATION  ACCESS:          0 HIT:          0 MISS:          0 MSHR_MERGE:          0
cpu6->cpu6_DTLB PREFETCH REQUESTED:          0 ISSUED:          0 USEFUL:          0 USELESS:          0
cpu6->cpu6_DTLB AVERAGE MISS LATENCY: 5.2 cycles
cpu5->cpu5_STLB TOTAL        ACCESS:      35002 HIT:      34971 MISS:         31 MSHR_MERGE:          0
cpu5->cpu5_STLB LOAD         ACCESS:      35002 HIT:      34971 MISS:         31 MSHR_MERGE:          0
cpu5->cpu5_STLB RFO          ACCESS:          0 HIT:          0 MISS:          0 MSHR_MERGE:          0
cpu5->cpu5_STLB PREFETCH     ACCESS:          0 HIT:          0 MISS:          0 MSHR_MERGE:          0
cpu5->cpu5_STLB WRITE        ACCESS:          0 HIT:          0 MISS:          0 MSHR_MERGE:          0
cpu5->cpu5_STLB TRANSLATION  ACCESS:          0 HIT:          0 MISS:          0 MSHR_MERGE:          0
cpu5->cpu5_STLB PREFETCH REQUESTED:          0 ISSUED:          0 USEFUL:          0 USELESS:          0
cpu5->cpu5_STLB AVERAGE MISS LATENCY: 231.5 cycles
cpu5->cpu5_L2C TOTAL        ACCESS:    4856813 HIT:    1134566 MISS:    3722247 MSHR_MERGE:          0
cpu5->cpu5_L2C LOAD         ACCESS:    3770737 HIT:      48610 MISS:    3722127 MSHR_MERGE:          0
cpu5->cpu5_L2C RFO          ACCESS:        204 HIT:        115 MISS:         89 MSHR_MERGE:          0
cpu5->cpu5_L2C PREFETCH     ACCESS:          0 HIT:          0 MISS:          0 MSHR_MERGE:          0
cpu5->cpu5_L2C WRITE        ACCESS:    1085842 HIT:    1085841 MISS:          1 MSHR_MERGE:          0
cpu5->cpu5_L2C TRANSLATION  ACCESS:         30 HIT:          0 MISS:         30 MSHR_MERGE:          0
cpu5->cpu5_L2C PREFETCH REQUESTED:          0 ISSUED:          0 USEFUL:          0 USELESS:          0
cpu5->cpu5_L2C AVERAGE MISS LATENCY: 324.8 cycles
cpu5->cpu5_L1I TOTAL        ACCESS:   16870714 HIT:   16870612 MISS:        102 MSHR_MERGE:         57
cpu5->cpu5_L1I LOAD         ACCESS:   16870714 HIT:   16870612 MISS:        102 MSHR_MERGE:         57
cpu5->cpu5_L1I RFO          ACCESS:          0 HIT:          0 MISS:          0 MSHR_MERGE:          0
cpu5->cpu5_L1I PREFETCH     ACCESS:          0 HIT:          0 MISS:          0 MSHR_MERGE:          0
cpu5->cpu5_L1I WRITE        ACCESS:          0 HIT:          0 MISS:          0 MSHR_MERGE:          0
cpu5->cpu5_L1I TRANSLATION  ACCESS:          0 HIT:          0 MISS:          0 MSHR_MERGE:          0
cpu5->cpu5_L1I PREFETCH REQUESTED:          0 ISSUED:          0 USEFUL:          0 USELESS:          0
cpu5->cpu5_L1I AVERAGE MISS LATENCY: 336.6 cycles
cpu5->cpu5_L1D TOTAL        ACCESS:   28520478 HIT:   19010519 MISS:    9509959 MSHR_MERGE:    5739033
cpu5->cpu5_L1D LOAD         ACCESS:   21052642 HIT:   11542965 MISS:    9509677 MSHR_MERGE:    5738985
cpu5->cpu5_L1D RFO          ACCESS:          0 HIT:          0 MISS:          0 MSHR_MERGE:          0
cpu5->cpu5_L1D PREFETCH     ACCESS:          0 HIT:          0 MISS:          0 MSHR_MERGE:          0
cpu5->cpu5_L1D WRITE        ACCESS:    7467805 HIT:    7467553 MISS:        252 MSHR_MERGE:         48
cpu5->cpu5_L1D TRANSLATION  ACCESS:         31 HIT:          1 MISS:         30 MSHR_MERGE:          0
cpu5->cpu5_L1D PREFETCH REQUESTED:          0 ISSUED:          0 USEFUL:          0 USELESS:          0
cpu5->cpu5_L1D AVERAGE MISS LATENCY: 329.7 cycles
cpu5->cpu5_ITLB TOTAL        ACCESS:   14818188 HIT:   14818181 MISS:          7 MSHR_MERGE:          6
cpu5->cpu5_ITLB LOAD         ACCESS:   14818188 HIT:   14818181 MISS:          7 MSHR_MERGE:          6
cpu5->cpu5_ITLB RFO          ACCESS:          0 HIT:          0 MISS:          0 MSHR_MERGE:          0
cpu5->cpu5_ITLB PREFETCH     ACCESS:          0 HIT:          0 MISS:          0 MSHR_MERGE:          0
cpu5->cpu5_ITLB WRITE        ACCESS:          0 HIT:          0 MISS:          0 MSHR_MERGE:          0
cpu5->cpu5_ITLB TRANSLATION  ACCESS:          0 HIT:          0 MISS:          0 MSHR_MERGE:          0
cpu5->cpu5_ITLB PREFETCH REQUESTED:          0 ISSUED:          0 USEFUL:          0 USELESS:          0
cpu5->cpu5_ITLB AVERAGE MISS LATENCY: 238 cycles
cpu5->cpu5_DTLB TOTAL        ACCESS:   26818328 HIT:   26781680 MISS:      36648 MSHR_MERGE:       1647
cpu5->cpu5_DTLB LOAD         ACCESS:   26818328 HIT:   26781680 MISS:      36648 MSHR_MERGE:       1647
cpu5->cpu5_DTLB RFO          ACCESS:          0 HIT:          0 MISS:          0 MSHR_MERGE:          0
cpu5->cpu5_DTLB PREFETCH     ACCESS:          0 HIT:          0 MISS:          0 MSHR_MERGE:          0
cpu5->cpu5_DTLB WRITE        ACCESS:          0 HIT:          0 MISS:          0 MSHR_MERGE:          0
cpu5->cpu5_DTLB TRANSLATION  ACCESS:          0 HIT:          0 MISS:          0 MSHR_MERGE:          0
cpu5->cpu5_DTLB PREFETCH REQUESTED:          0 ISSUED:          0 USEFUL:          0 USELESS:          0
cpu5->cpu5_DTLB AVERAGE MISS LATENCY: 5.201 cycles
cpu4->cpu4_STLB TOTAL        ACCESS:      34957 HIT:      34926 MISS:         31 MSHR_MERGE:          0
cpu4->cpu4_STLB LOAD         ACCESS:      34957 HIT:      34926 MISS:         31 MSHR_MERGE:          0
cpu4->cpu4_STLB RFO          ACCESS:          0 HIT:          0 MISS:          0 MSHR_MERGE:          0
cpu4->cpu4_STLB PREFETCH     ACCESS:          0 HIT:          0 MISS:          0 MSHR_MERGE:          0
cpu4->cpu4_STLB WRITE        ACCESS:          0 HIT:          0 MISS:          0 MSHR_MERGE:          0
cpu4->cpu4_STLB TRANSLATION  ACCESS:          0 HIT:          0 MISS:          0 MSHR_MERGE:          0
cpu4->cpu4_STLB PREFETCH REQUESTED:          0 ISSUED:          0 USEFUL:          0 USELESS:          0
cpu4->cpu4_STLB AVERAGE MISS LATENCY: 231.6 cycles
cpu4->cpu4_L2C TOTAL        ACCESS:    4853796 HIT:    1134505 MISS:    3719291 MSHR_MERGE:          0
cpu4->cpu4_L2C LOAD         ACCESS:    3767748 HIT:      48575 MISS:    3719173 MSHR_MERGE:          0
cpu4->cpu4_L2C RFO          ACCESS:        198 HIT:        111 MISS:         87 MSHR_MERGE:          0
cpu4->cpu4_L2C PREFETCH     ACCESS:          0 HIT:          0 MISS:          0 MSHR_MERGE:          0
cpu4->cpu4_L2C WRITE        ACCESS:    1085820 HIT:    1085819 MISS:          1 MSHR_MERGE:          0
cpu4->cpu4_L2C TRANSLATION  ACCESS:         30 HIT:          0 MISS:         30 MSHR_MERGE:          0
cpu4->cpu4_L2C PREFETCH REQUESTED:          0 ISSUED:          0 USEFUL:          0 USELESS:          0
cpu4->cpu4_L2C AVERAGE MISS LATENCY: 324.3 cycles
cpu4->cpu4_L1I TOTAL        ACCESS:   16843811 HIT:   16843711 MISS:        100 MSHR_MERGE:         55
cpu4->cpu4_L1I LOAD         ACCESS:   16843811 HIT:   16843711 MISS:        100 MSHR_MERGE:         55
cpu4->cpu4_L1I RFO          ACCESS:          0 HIT:          0 MISS:          0 MSHR_MERGE:          0
cpu4->cpu4_L1I PREFETCH     ACCESS:          0 HIT:          0 MISS:          0 MSHR_MERGE:          0
cpu4->cpu4_L1I WRITE        ACCESS:          0 HIT:          0 MISS:          0 MSHR_MERGE:          0
cpu4->cpu4_L1I TRANSLATION  ACCESS:          0 HIT:          0 MISS:          0 MSHR_MERGE:          0
cpu4->cpu4_L1I PREFETCH REQUESTED:          0 ISSUED:          0 USEFUL:          0 USELESS:          0
cpu4->cpu4_L1I AVERAGE MISS LATENCY: 414.2 cycles
cpu4->cpu4_L1D TOTAL        ACCESS:   28461981 HIT:   18957673 MISS:    9504308 MSHR_MERGE:    5736376
cpu4->cpu4_L1D LOAD         ACCESS:   21000118 HIT:   11496080 MISS:    9504038 MSHR_MERGE:    5736335
cpu4->cpu4_L1D RFO          ACCESS:          0 HIT:          0 MISS:          0 MSHR_MERGE:          0
cpu4->cpu4_L1D PREFETCH     ACCESS:          0 HIT:          0 MISS:          0 MSHR_MERGE:          0
cpu4->cpu4_L1D WRITE        ACCESS:    7461832 HIT:    7461592 MISS:        240 MSHR_MERGE:         41
cpu4->cpu4_L1D TRANSLATION  ACCESS:         31 HIT:          1 MISS:         30 MSHR_MERGE:          0
cpu4->cpu4_L1D PREFETCH REQUESTED:          0 ISSUED:          0 USEFUL:          0 USELESS:          0
cpu4->cpu4_L1D AVERAGE MISS LATENCY: 329.1 cycles
cpu4->cpu4_ITLB TOTAL        ACCESS:   14794735 HIT:   14794727 MISS:          8 MSHR_MERGE:          7
cpu4->cpu4_ITLB LOAD         ACCESS:   14794735 HIT:   14794727 MISS:          8 MSHR_MERGE:          7
cpu4->cpu4_ITLB RFO          ACCESS:          0 HIT:          0 MISS:          0 MSHR_MERGE:          0
cpu4->cpu4_ITLB PREFETCH     ACCESS:          0 HIT:          0 MISS:          0 MSHR_MERGE:          0
cpu4->cpu4_ITLB WRITE        ACCESS:          0 HIT:          0 MISS:          0 MSHR_MERGE:          0
cpu4->cpu4_ITLB TRANSLATION  ACCESS:          0 HIT:          0 MISS:          0 MSHR_MERGE:          0
cpu4->cpu4_ITLB PREFETCH REQUESTED:          0 ISSUED:          0 USEFUL:          0 USELESS:          0
cpu4->cpu4_ITLB AVERAGE MISS LATENCY: 238 cycles
cpu4->cpu4_DTLB TOTAL        ACCESS:   26745310 HIT:   26708685 MISS:      36625 MSHR_MERGE:       1669
cpu4->cpu4_DTLB LOAD         ACCESS:   26745310 HIT:   26708685 MISS:      36625 MSHR_MERGE:       1669
cpu4->cpu4_DTLB RFO          ACCESS:          0 HIT:          0 MISS:          0 MSHR_MERGE:          0
cpu4->cpu4_DTLB PREFETCH     ACCESS:          0 HIT:          0 MISS:          0 MSHR_MERGE:          0
cpu4->cpu4_DTLB WRITE        ACCESS:          0 HIT:          0 MISS:          0 MSHR_MERGE:          0
cpu4->cpu4_DTLB TRANSLATION  ACCESS:          0 HIT:          0 MISS:          0 MSHR_MERGE:          0
cpu4->cpu4_DTLB PREFETCH REQUESTED:          0 ISSUED:          0 USEFUL:          0 USELESS:          0
cpu4->cpu4_DTLB AVERAGE MISS LATENCY: 5.201 cycles
cpu3->cpu3_STLB TOTAL        ACCESS:      34895 HIT:      34865 MISS:         30 MSHR_MERGE:          0
cpu3->cpu3_STLB LOAD         ACCESS:      34895 HIT:      34865 MISS:         30 MSHR_MERGE:          0
cpu3->cpu3_STLB RFO          ACCESS:          0 HIT:          0 MISS:          0 MSHR_MERGE:          0
cpu3->cpu3_STLB PREFETCH     ACCESS:          0 HIT:          0 MISS:          0 MSHR_MERGE:          0
cpu3->cpu3_STLB WRITE        ACCESS:          0 HIT:          0 MISS:          0 MSHR_MERGE:          0
cpu3->cpu3_STLB TRANSLATION  ACCESS:          0 HIT:          0 MISS:          0 MSHR_MERGE:          0
cpu3->cpu3_STLB PREFETCH REQUESTED:          0 ISSUED:          0 USEFUL:          0 USELESS:          0
cpu3->cpu3_STLB AVERAGE MISS LATENCY: 231.3 cycles
cpu3->cpu3_L2C TOTAL        ACCESS:    4853028 HIT:    1134412 MISS:    3718616 MSHR_MERGE:          0
cpu3->cpu3_L2C LOAD         ACCESS:    3767061 HIT:      48564 MISS:    3718497 MSHR_MERGE:          0
cpu3->cpu3_L2C RFO          ACCESS:        203 HIT:        114 MISS:         89 MSHR_MERGE:          0
cpu3->cpu3_L2C PREFETCH     ACCESS:          0 HIT:          0 MISS:          0 MSHR_MERGE:          0
cpu3->cpu3_L2C WRITE        ACCESS:    1085735 HIT:    1085734 MISS:          1 MSHR_MERGE:          0
cpu3->cpu3_L2C TRANSLATION  ACCESS:         29 HIT:          0 MISS:         29 MSHR_MERGE:          0
cpu3->cpu3_L2C PREFETCH REQUESTED:          0 ISSUED:          0 USEFUL:          0 USELESS:          0
cpu3->cpu3_L2C AVERAGE MISS LATENCY: 324.4 cycles
cpu3->cpu3_L1I TOTAL        ACCESS:   16840997 HIT:   16840896 MISS:        101 MSHR_MERGE:         56
cpu3->cpu3_L1I LOAD         ACCESS:   16840997 HIT:   16840896 MISS:        101 MSHR_MERGE:         56
cpu3->cpu3_L1I RFO          ACCESS:          0 HIT:          0 MISS:          0 MSHR_MERGE:          0
cpu3->cpu3_L1I PREFETCH     ACCESS:          0 HIT:          0 MISS:          0 MSHR_MERGE:          0
cpu3->cpu3_L1I WRITE        ACCESS:          0 HIT:          0 MISS:          0 MSHR_MERGE:          0
cpu3->cpu3_L1I TRANSLATION  ACCESS:          0 HIT:          0 MISS:          0 MSHR_MERGE:          0
cpu3->cpu3_L1I PREFETCH REQUESTED:          0 ISSUED:          0 USEFUL:          0 USELESS:          0
cpu3->cpu3_L1I AVERAGE MISS LATENCY: 299.4 cycles
cpu3->cpu3_L1D TOTAL        ACCESS:   28470357 HIT:   18964206 MISS:    9506151 MSHR_MERGE:    5738903
cpu3->cpu3_L1D LOAD         ACCESS:   21012582 HIT:   11506707 MISS:    9505875 MSHR_MERGE:    5738859
cpu3->cpu3_L1D RFO          ACCESS:          0 HIT:          0 MISS:          0 MSHR_MERGE:          0
cpu3->cpu3_L1D PREFETCH     ACCESS:          0 HIT:          0 MISS:          0 MSHR_MERGE:          0
cpu3->cpu3_L1D WRITE        ACCESS:    7457745 HIT:    7457498 MISS:        247 MSHR_MERGE:         44
cpu3->cpu3_L1D TRANSLATION  ACCESS:         30 HIT:          1 MISS:         29 MSHR_MERGE:          0
cpu3->cpu3_L1D PREFETCH REQUESTED:          0 ISSUED:          0 USEFUL:          0 USELESS:          0
cpu3->cpu3_L1D AVERAGE MISS LATENCY: 329.3 cycles
cpu3->cpu3_ITLB TOTAL        ACCESS:   14799640 HIT:   14799632 MISS:          8 MSHR_MERGE:          7
cpu3->cpu3_ITLB LOAD         ACCESS:   14799640 HIT:   14799632 MISS:          8 MSHR_MERGE:          7
cpu3->cpu3_ITLB RFO          ACCESS:          0 HIT:          0 MISS:          0 MSHR_MERGE:          0
cpu3->cpu3_ITLB PREFETCH     ACCESS:          0 HIT:          0 MISS:          0 MSHR_MERGE:          0
cpu3->cpu3_ITLB WRITE        ACCESS:          0 HIT:          0 MISS:          0 MSHR_MERGE:          0
cpu3->cpu3_ITLB TRANSLATION  ACCESS:          0 HIT:          0 MISS:          0 MSHR_MERGE:          0
cpu3->cpu3_ITLB PREFETCH REQUESTED:          0 ISSUED:          0 USEFUL:          0 USELESS:          0
cpu3->cpu3_ITLB AVERAGE MISS LATENCY: 239 cycles
cpu3->cpu3_DTLB TOTAL        ACCESS:   26778686 HIT:   26742169 MISS:      36517 MSHR_MERGE:       1623
cpu3->cpu3_DTLB LOAD         ACCESS:   26778686 HIT:   26742169 MISS:      36517 MSHR_MERGE:       1623
cpu3->cpu3_DTLB RFO          ACCESS:          0 HIT:          0 MISS:          0 MSHR_MERGE:          0
cpu3->cpu3_DTLB PREFETCH     ACCESS:          0 HIT:          0 MISS:          0 MSHR_MERGE:          0
cpu3->cpu3_DTLB WRITE        ACCESS:          0 HIT:          0 MISS:          0 MSHR_MERGE:          0
cpu3->cpu3_DTLB TRANSLATION  ACCESS:          0 HIT:          0 MISS:          0 MSHR_MERGE:          0
cpu3->cpu3_DTLB PREFETCH REQUESTED:          0 ISSUED:          0 USEFUL:          0 USELESS:          0
cpu3->cpu3_DTLB AVERAGE MISS LATENCY: 5.194 cycles
cpu2->cpu2_STLB TOTAL        ACCESS:      34802 HIT:      34772 MISS:         30 MSHR_MERGE:          0
cpu2->cpu2_STLB LOAD         ACCESS:      34802 HIT:      34772 MISS:         30 MSHR_MERGE:          0
cpu2->cpu2_STLB RFO          ACCESS:          0 HIT:          0 MISS:          0 MSHR_MERGE:          0
cpu2->cpu2_STLB PREFETCH     ACCESS:          0 HIT:          0 MISS:          0 MSHR_MERGE:          0
cpu2->cpu2_STLB WRITE        ACCESS:          0 HIT:          0 MISS:          0 MSHR_MERGE:          0
cpu2->cpu2_STLB TRANSLATION  ACCESS:          0 HIT:          0 MISS:          0 MSHR_MERGE:          0
cpu2->cpu2_STLB PREFETCH REQUESTED:          0 ISSUED:          0 USEFUL:          0 USELESS:          0
cpu2->cpu2_STLB AVERAGE MISS LATENCY: 231.5 cycles
cpu2->cpu2_L2C TOTAL        ACCESS:    4848185 HIT:    1134172 MISS:    3714013 MSHR_MERGE:          0
cpu2->cpu2_L2C LOAD         ACCESS:    3762392 HIT:      48499 MISS:    3713893 MSHR_MERGE:          0
cpu2->cpu2_L2C RFO          ACCESS:        206 HIT:        116 MISS:         90 MSHR_MERGE:          0
cpu2->cpu2_L2C PREFETCH     ACCESS:          0 HIT:          0 MISS:          0 MSHR_MERGE:          0
cpu2->cpu2_L2C WRITE        ACCESS:    1085558 HIT:    1085557 MISS:          1 MSHR_MERGE:          0
cpu2->cpu2_L2C TRANSLATION  ACCESS:         29 HIT:          0 MISS:         29 MSHR_MERGE:          0
cpu2->cpu2_L2C PREFETCH REQUESTED:          0 ISSUED:          0 USEFUL:          0 USELESS:          0
cpu2->cpu2_L2C AVERAGE MISS LATENCY: 325 cycles
cpu2->cpu2_L1I TOTAL        ACCESS:   16836816 HIT:   16836720 MISS:         96 MSHR_MERGE:         51
cpu2->cpu2_L1I LOAD         ACCESS:   16836816 HIT:   16836720 MISS:         96 MSHR_MERGE:         51
cpu2->cpu2_L1I RFO          ACCESS:          0 HIT:          0 MISS:          0 MSHR_MERGE:          0
cpu2->cpu2_L1I PREFETCH     ACCESS:          0 HIT:          0 MISS:          0 MSHR_MERGE:          0
cpu2->cpu2_L1I WRITE        ACCESS:          0 HIT:          0 MISS:          0 MSHR_MERGE:          0
cpu2->cpu2_L1I TRANSLATION  ACCESS:          0 HIT:          0 MISS:          0 MSHR_MERGE:          0
cpu2->cpu2_L1I PREFETCH REQUESTED:          0 ISSUED:          0 USEFUL:          0 USELESS:          0
cpu2->cpu2_L1I AVERAGE MISS LATENCY: 363.8 cycles
cpu2->cpu2_L1D TOTAL        ACCESS:   28454713 HIT:   18954607 MISS:    9500106 MSHR_MERGE:    5737524
cpu2->cpu2_L1D LOAD         ACCESS:   21000412 HIT:   11500594 MISS:    9499818 MSHR_MERGE:    5737471
cpu2->cpu2_L1D RFO          ACCESS:          0 HIT:          0 MISS:          0 MSHR_MERGE:          0
cpu2->cpu2_L1D PREFETCH     ACCESS:          0 HIT:          0 MISS:          0 MSHR_MERGE:          0
cpu2->cpu2_L1D WRITE        ACCESS:    7454271 HIT:    7454012 MISS:        259 MSHR_MERGE:         53
cpu2->cpu2_L1D TRANSLATION  ACCESS:         30 HIT:          1 MISS:         29 MSHR_MERGE:          0
cpu2->cpu2_L1D PREFETCH REQUESTED:          0 ISSUED:          0 USEFUL:          0 USELESS:          0
cpu2->cpu2_L1D AVERAGE MISS LATENCY: 329.8 cycles
cpu2->cpu2_ITLB TOTAL        ACCESS:   14788619 HIT:   14788612 MISS:          7 MSHR_MERGE:          6
cpu2->cpu2_ITLB LOAD         ACCESS:   14788619 HIT:   14788612 MISS:          7 MSHR_MERGE:          6
cpu2->cpu2_ITLB RFO          ACCESS:          0 HIT:          0 MISS:          0 MSHR_MERGE:          0
cpu2->cpu2_ITLB PREFETCH     ACCESS:          0 HIT:          0 MISS:          0 MSHR_MERGE:          0
cpu2->cpu2_ITLB WRITE        ACCESS:          0 HIT:          0 MISS:          0 MSHR_MERGE:          0
cpu2->cpu2_ITLB TRANSLATION  ACCESS:          0 HIT:          0 MISS:          0 MSHR_MERGE:          0
cpu2->cpu2_ITLB PREFETCH REQUESTED:          0 ISSUED:          0 USEFUL:          0 USELESS:          0
cpu2->cpu2_ITLB AVERAGE MISS LATENCY: 239 cycles
cpu2->cpu2_DTLB TOTAL        ACCESS:   26755938 HIT:   26719569 MISS:      36369 MSHR_MERGE:       1568
cpu2->cpu2_DTLB LOAD         ACCESS:   26755938 HIT:   26719569 MISS:      36369 MSHR_MERGE:       1568
cpu2->cpu2_DTLB RFO          ACCESS:          0 HIT:          0 MISS:          0 MSHR_MERGE:          0
cpu2->cpu2_DTLB PREFETCH     ACCESS:          0 HIT:          0 MISS:          0 MSHR_MERGE:          0
cpu2->cpu2_DTLB WRITE        ACCESS:          0 HIT:          0 MISS:          0 MSHR_MERGE:          0
cpu2->cpu2_DTLB TRANSLATION  ACCESS:          0 HIT:          0 MISS:          0 MSHR_MERGE:          0
cpu2->cpu2_DTLB PREFETCH REQUESTED:          0 ISSUED:          0 USEFUL:          0 USELESS:          0
cpu2->cpu2_DTLB AVERAGE MISS LATENCY: 5.194 cycles
cpu1->cpu1_STLB TOTAL        ACCESS:      34647 HIT:      34617 MISS:         30 MSHR_MERGE:          0
cpu1->cpu1_STLB LOAD         ACCESS:      34647 HIT:      34617 MISS:         30 MSHR_MERGE:          0
cpu1->cpu1_STLB RFO          ACCESS:          0 HIT:          0 MISS:          0 MSHR_MERGE:          0
cpu1->cpu1_STLB PREFETCH     ACCESS:          0 HIT:          0 MISS:          0 MSHR_MERGE:          0
cpu1->cpu1_STLB WRITE        ACCESS:          0 HIT:          0 MISS:          0 MSHR_MERGE:          0
cpu1->cpu1_STLB TRANSLATION  ACCESS:          0 HIT:          0 MISS:          0 MSHR_MERGE:          0
cpu1->cpu1_STLB PREFETCH REQUESTED:          0 ISSUED:          0 USEFUL:          0 USELESS:          0
cpu1->cpu1_STLB AVERAGE MISS LATENCY: 231.4 cycles
cpu1->cpu1_L2C TOTAL        ACCESS:    4841011 HIT:    1133856 MISS:    3707155 MSHR_MERGE:          0
cpu1->cpu1_L2C LOAD         ACCESS:    3755430 HIT:      48395 MISS:    3707035 MSHR_MERGE:          0
cpu1->cpu1_L2C RFO          ACCESS:        205 HIT:        115 MISS:         90 MSHR_MERGE:          0
cpu1->cpu1_L2C PREFETCH     ACCESS:          0 HIT:          0 MISS:          0 MSHR_MERGE:          0
cpu1->cpu1_L2C WRITE        ACCESS:    1085347 HIT:    1085346 MISS:          1 MSHR_MERGE:          0
cpu1->cpu1_L2C TRANSLATION  ACCESS:         29 HIT:          0 MISS:         29 MSHR_MERGE:          0
cpu1->cpu1_L2C PREFETCH REQUESTED:          0 ISSUED:          0 USEFUL:          0 USELESS:          0
cpu1->cpu1_L2C AVERAGE MISS LATENCY: 324.8 cycles
cpu1->cpu1_L1I TOTAL        ACCESS:   16817299 HIT:   16817209 MISS:         90 MSHR_MERGE:         45
cpu1->cpu1_L1I LOAD         ACCESS:   16817299 HIT:   16817209 MISS:         90 MSHR_MERGE:         45
cpu1->cpu1_L1I RFO          ACCESS:          0 HIT:          0 MISS:          0 MSHR_MERGE:          0
cpu1->cpu1_L1I PREFETCH     ACCESS:          0 HIT:          0 MISS:          0 MSHR_MERGE:          0
cpu1->cpu1_L1I WRITE        ACCESS:          0 HIT:          0 MISS:          0 MSHR_MERGE:          0
cpu1->cpu1_L1I TRANSLATION  ACCESS:          0 HIT:          0 MISS:          0 MSHR_MERGE:          0
cpu1->cpu1_L1I PREFETCH REQUESTED:          0 ISSUED:          0 USEFUL:          0 USELESS:          0
cpu1->cpu1_L1I AVERAGE MISS LATENCY: 359.6 cycles
cpu1->cpu1_L1D TOTAL        ACCESS:   28395131 HIT:   18913510 MISS:    9481621 MSHR_MERGE:    5726002
cpu1->cpu1_L1D LOAD         ACCESS:   20945350 HIT:   11464006 MISS:    9481344 MSHR_MERGE:    5725959
cpu1->cpu1_L1D RFO          ACCESS:          0 HIT:          0 MISS:          0 MSHR_MERGE:          0
cpu1->cpu1_L1D PREFETCH     ACCESS:          0 HIT:          0 MISS:          0 MSHR_MERGE:          0
cpu1->cpu1_L1D WRITE        ACCESS:    7449751 HIT:    7449503 MISS:        248 MSHR_MERGE:         43
cpu1->cpu1_L1D TRANSLATION  ACCESS:         30 HIT:          1 MISS:         29 MSHR_MERGE:          0
cpu1->cpu1_L1D PREFETCH REQUESTED:          0 ISSUED:          0 USEFUL:          0 USELESS:          0
cpu1->cpu1_L1D AVERAGE MISS LATENCY: 329.6 cycles
cpu1->cpu1_ITLB TOTAL        ACCESS:   14778593 HIT:   14778585 MISS:          8 MSHR_MERGE:          7
cpu1->cpu1_ITLB LOAD         ACCESS:   14778593 HIT:   14778585 MISS:          8 MSHR_MERGE:          7
cpu1->cpu1_ITLB RFO          ACCESS:          0 HIT:          0 MISS:          0 MSHR_MERGE:          0
cpu1->cpu1_ITLB PREFETCH     ACCESS:          0 HIT:          0 MISS:          0 MSHR_MERGE:          0
cpu1->cpu1_ITLB WRITE        ACCESS:          0 HIT:          0 MISS:          0 MSHR_MERGE:          0
cpu1->cpu1_ITLB TRANSLATION  ACCESS:          0 HIT:          0 MISS:          0 MSHR_MERGE:          0
cpu1->cpu1_ITLB PREFETCH REQUESTED:          0 ISSUED:          0 USEFUL:          0 USELESS:          0
cpu1->cpu1_ITLB AVERAGE MISS LATENCY: 241 cycles
cpu1->cpu1_DTLB TOTAL        ACCESS:   26679064 HIT:   26642795 MISS:      36269 MSHR_MERGE:       1623
cpu1->cpu1_DTLB LOAD         ACCESS:   26679064 HIT:   26642795 MISS:      36269 MSHR_MERGE:       1623
cpu1->cpu1_DTLB RFO          ACCESS:          0 HIT:          0 MISS:          0 MSHR_MERGE:          0
cpu1->cpu1_DTLB PREFETCH     ACCESS:          0 HIT:          0 MISS:          0 MSHR_MERGE:          0
cpu1->cpu1_DTLB WRITE        ACCESS:          0 HIT:          0 MISS:          0 MSHR_MERGE:          0
cpu1->cpu1_DTLB TRANSLATION  ACCESS:          0 HIT:          0 MISS:          0 MSHR_MERGE:          0
cpu1->cpu1_DTLB PREFETCH REQUESTED:          0 ISSUED:          0 USEFUL:          0 USELESS:          0
cpu1->cpu1_DTLB AVERAGE MISS LATENCY: 5.195 cycles
cpu0->cpu0_STLB TOTAL        ACCESS:      34332 HIT:      34302 MISS:         30 MSHR_MERGE:          0
cpu0->cpu0_STLB LOAD         ACCESS:      34332 HIT:      34302 MISS:         30 MSHR_MERGE:          0
cpu0->cpu0_STLB RFO          ACCESS:          0 HIT:          0 MISS:          0 MSHR_MERGE:          0
cpu0->cpu0_STLB PREFETCH     ACCESS:          0 HIT:          0 MISS:          0 MSHR_MERGE:          0
cpu0->cpu0_STLB WRITE        ACCESS:          0 HIT:          0 MISS:          0 MSHR_MERGE:          0
cpu0->cpu0_STLB TRANSLATION  ACCESS:          0 HIT:          0 MISS:          0 MSHR_MERGE:          0
cpu0->cpu0_STLB PREFETCH REQUESTED:          0 ISSUED:          0 USEFUL:          0 USELESS:          0
cpu0->cpu0_STLB AVERAGE MISS LATENCY: 368.4 cycles
cpu0->cpu0_L2C TOTAL        ACCESS:    4831173 HIT:    1133337 MISS:    3697836 MSHR_MERGE:          0
cpu0->cpu0_L2C LOAD         ACCESS:    3745937 HIT:      48223 MISS:    3697714 MSHR_MERGE:          0
cpu0->cpu0_L2C RFO          ACCESS:        208 HIT:        116 MISS:         92 MSHR_MERGE:          0
cpu0->cpu0_L2C PREFETCH     ACCESS:          0 HIT:          0 MISS:          0 MSHR_MERGE:          0
cpu0->cpu0_L2C WRITE        ACCESS:    1084999 HIT:    1084998 MISS:          1 MSHR_MERGE:          0
cpu0->cpu0_L2C TRANSLATION  ACCESS:         29 HIT:          0 MISS:         29 MSHR_MERGE:          0
cpu0->cpu0_L2C PREFETCH REQUESTED:          0 ISSUED:          0 USEFUL:          0 USELESS:          0
cpu0->cpu0_L2C AVERAGE MISS LATENCY: 324.1 cycles
cpu0->cpu0_L1I TOTAL        ACCESS:   16797102 HIT:   16797017 MISS:         85 MSHR_MERGE:         40
cpu0->cpu0_L1I LOAD         ACCESS:   16797102 HIT:   16797017 MISS:         85 MSHR_MERGE:         40
cpu0->cpu0_L1I RFO          ACCESS:          0 HIT:          0 MISS:          0 MSHR_MERGE:          0
cpu0->cpu0_L1I PREFETCH     ACCESS:          0 HIT:          0 MISS:          0 MSHR_MERGE:          0
cpu0->cpu0_L1I WRITE        ACCESS:          0 HIT:          0 MISS:          0 MSHR_MERGE:          0
cpu0->cpu0_L1I TRANSLATION  ACCESS:          0 HIT:          0 MISS:          0 MSHR_MERGE:          0
cpu0->cpu0_L1I PREFETCH REQUESTED:          0 ISSUED:          0 USEFUL:          0 USELESS:          0
cpu0->cpu0_L1I AVERAGE MISS LATENCY: 366.2 cycles
cpu0->cpu0_L1D TOTAL        ACCESS:   28406866 HIT:   18922550 MISS:    9484316 MSHR_MERGE:    5738186
cpu0->cpu0_L1D LOAD         ACCESS:   20963067 HIT:   11479031 MISS:    9484036 MSHR_MERGE:    5738144
cpu0->cpu0_L1D RFO          ACCESS:          0 HIT:          0 MISS:          0 MSHR_MERGE:          0
cpu0->cpu0_L1D PREFETCH     ACCESS:          0 HIT:          0 MISS:          0 MSHR_MERGE:          0
cpu0->cpu0_L1D WRITE        ACCESS:    7443769 HIT:    7443518 MISS:        251 MSHR_MERGE:         42
cpu0->cpu0_L1D TRANSLATION  ACCESS:         30 HIT:          1 MISS:         29 MSHR_MERGE:          0
cpu0->cpu0_L1D PREFETCH REQUESTED:          0 ISSUED:          0 USEFUL:          0 USELESS:          0
cpu0->cpu0_L1D AVERAGE MISS LATENCY: 328.9 cycles
cpu0->cpu0_ITLB TOTAL        ACCESS:   14760651 HIT:   14760644 MISS:          7 MSHR_MERGE:          6
cpu0->cpu0_ITLB LOAD         ACCESS:   14760651 HIT:   14760644 MISS:          7 MSHR_MERGE:          6
cpu0->cpu0_ITLB RFO          ACCESS:          0 HIT:          0 MISS:          0 MSHR_MERGE:          0
cpu0->cpu0_ITLB PREFETCH     ACCESS:          0 HIT:          0 MISS:          0 MSHR_MERGE:          0
cpu0->cpu0_ITLB WRITE        ACCESS:          0 HIT:          0 MISS:          0 MSHR_MERGE:          0
cpu0->cpu0_ITLB TRANSLATION  ACCESS:          0 HIT:          0 MISS:          0 MSHR_MERGE:          0
cpu0->cpu0_ITLB PREFETCH REQUESTED:          0 ISSUED:          0 USEFUL:          0 USELESS:          0
cpu0->cpu0_ITLB AVERAGE MISS LATENCY: 1351 cycles
cpu0->cpu0_DTLB TOTAL        ACCESS:   26731061 HIT:   26695131 MISS:      35930 MSHR_MERGE:       1599
cpu0->cpu0_DTLB LOAD         ACCESS:   26731061 HIT:   26695131 MISS:      35930 MSHR_MERGE:       1599
cpu0->cpu0_DTLB RFO          ACCESS:          0 HIT:          0 MISS:          0 MSHR_MERGE:          0
cpu0->cpu0_DTLB PREFETCH     ACCESS:          0 HIT:          0 MISS:          0 MSHR_MERGE:          0
cpu0->cpu0_DTLB WRITE        ACCESS:          0 HIT:          0 MISS:          0 MSHR_MERGE:          0
cpu0->cpu0_DTLB TRANSLATION  ACCESS:          0 HIT:          0 MISS:          0 MSHR_MERGE:          0
cpu0->cpu0_DTLB PREFETCH REQUESTED:          0 ISSUED:          0 USEFUL:          0 USELESS:          0
cpu0->cpu0_DTLB AVERAGE MISS LATENCY: 5.284 cycles
cpu0->LLC TOTAL        ACCESS:    4782932 HIT:    1166394 MISS:    3616538 MSHR_MERGE:          0
cpu0->LLC LOAD         ACCESS:    3697715 HIT:      83737 MISS:    3613978 MSHR_MERGE:          0
cpu0->LLC RFO          ACCESS:         92 HIT:          0 MISS:         92 MSHR_MERGE:          0
cpu0->LLC PREFETCH     ACCESS:          0 HIT:          0 MISS:          0 MSHR_MERGE:          0
cpu0->LLC WRITE        ACCESS:    1085096 HIT:    1082641 MISS:       2455 MSHR_MERGE:          0
cpu0->LLC TRANSLATION  ACCESS:         29 HIT:         16 MISS:         13 MSHR_MERGE:          0
cpu0->LLC PREFETCH REQUESTED:          0 ISSUED:          0 USEFUL:          0 USELESS:          0
cpu0->LLC AVERAGE MISS LATENCY: 2534 cycles
cpu1->LLC TOTAL        ACCESS:    4792640 HIT:    1156989 MISS:    3635651 MSHR_MERGE:          0
cpu1->LLC LOAD         ACCESS:    3707051 HIT:      72891 MISS:    3634160 MSHR_MERGE:          0
cpu1->LLC RFO          ACCESS:         90 HIT:          0 MISS:         90 MSHR_MERGE:          0
cpu1->LLC PREFETCH     ACCESS:          0 HIT:          0 MISS:          0 MSHR_MERGE:          0
cpu1->LLC WRITE        ACCESS:    1085470 HIT:    1084069 MISS:       1401 MSHR_MERGE:          0
cpu1->LLC TRANSLATION  ACCESS:         29 HIT:         29 MISS:          0 MSHR_MERGE:          0
cpu1->LLC PREFETCH REQUESTED:          0 ISSUED:          0 USEFUL:          0 USELESS:          0
cpu1->LLC AVERAGE MISS LATENCY: 2521 cycles
cpu2->LLC TOTAL        ACCESS:    4799700 HIT:    1156408 MISS:    3643292 MSHR_MERGE:          0
cpu2->LLC LOAD         ACCESS:    3713909 HIT:      72287 MISS:    3641622 MSHR_MERGE:          0
cpu2->LLC RFO          ACCESS:         90 HIT:          0 MISS:         90 MSHR_MERGE:          0
cpu2->LLC PREFETCH     ACCESS:          0 HIT:          0 MISS:          0 MSHR_MERGE:          0
cpu2->LLC WRITE        ACCESS:    1085672 HIT:    1084092 MISS:       1580 MSHR_MERGE:          0
cpu2->LLC TRANSLATION  ACCESS:         29 HIT:         29 MISS:          0 MSHR_MERGE:          0
cpu2->LLC PREFETCH REQUESTED:          0 ISSUED:          0 USEFUL:          0 USELESS:          0
cpu2->LLC AVERAGE MISS LATENCY: 2515 cycles
cpu3->LLC TOTAL        ACCESS:    4804507 HIT:    1155091 MISS:    3649416 MSHR_MERGE:          0
cpu3->LLC LOAD         ACCESS:    3718513 HIT:      70299 MISS:    3648214 MSHR_MERGE:          0
cpu3->LLC RFO          ACCESS:         89 HIT:          0 MISS:         89 MSHR_MERGE:          0
cpu3->LLC PREFETCH     ACCESS:          0 HIT:          0 MISS:          0 MSHR_MERGE:          0
cpu3->LLC WRITE        ACCESS:    1085876 HIT:    1084763 MISS:       1113 MSHR_MERGE:          0
cpu3->LLC TRANSLATION  ACCESS:         29 HIT:         29 MISS:          0 MSHR_MERGE:          0
cpu3->LLC PREFETCH REQUESTED:          0 ISSUED:          0 USEFUL:          0 USELESS:          0
cpu3->LLC AVERAGE MISS LATENCY: 2511 cycles
cpu4->LLC TOTAL        ACCESS:    4805263 HIT:    1157146 MISS:    3648117 MSHR_MERGE:          0
cpu4->LLC LOAD         ACCESS:    3719189 HIT:      71981 MISS:    3647208 MSHR_MERGE:          0
cpu4->LLC RFO          ACCESS:         87 HIT:          0 MISS:         87 MSHR_MERGE:          0
cpu4->LLC PREFETCH     ACCESS:          0 HIT:          0 MISS:          0 MSHR_MERGE:          0
cpu4->LLC WRITE        ACCESS:    1085957 HIT:    1085135 MISS:        822 MSHR_MERGE:          0
cpu4->LLC TRANSLATION  ACCESS:         30 HIT:         30 MISS:          0 MSHR_MERGE:          0
cpu4->LLC PREFETCH REQUESTED:          0 ISSUED:          0 USEFUL:          0 USELESS:          0
cpu4->LLC AVERAGE MISS LATENCY: 2512 cycles
cpu5->LLC TOTAL        ACCESS:    4808229 HIT:    1156712 MISS:    3651517 MSHR_MERGE:          0
cpu5->LLC LOAD         ACCESS:    3722127 HIT:      71588 MISS:    3650539 MSHR_MERGE:          0
cpu5->LLC RFO          ACCESS:         89 HIT:          0 MISS:         89 MSHR_MERGE:          0
cpu5->LLC PREFETCH     ACCESS:          0 HIT:          0 MISS:          0 MSHR_MERGE:          0
cpu5->LLC WRITE        ACCESS:    1085983 HIT:    1085094 MISS:        889 MSHR_MERGE:          0
cpu5->LLC TRANSLATION  ACCESS:         30 HIT:         30 MISS:          0 MSHR_MERGE:          0
cpu5->LLC PREFETCH REQUESTED:          0 ISSUED:          0 USEFUL:          0 USELESS:          0
cpu5->LLC AVERAGE MISS LATENCY: 2510 cycles
cpu6->LLC TOTAL        ACCESS:    4805624 HIT:    1160469 MISS:    3645155 MSHR_MERGE:          0
cpu6->LLC LOAD         ACCESS:    3719518 HIT:      75007 MISS:    3644511 MSHR_MERGE:          0
cpu6->LLC RFO          ACCESS:         86 HIT:          0 MISS:         86 MSHR_MERGE:          0
cpu6->LLC PREFETCH     ACCESS:          0 HIT:          0 MISS:          0 MSHR_MERGE:          0
cpu6->LLC WRITE        ACCESS:    1085990 HIT:    1085432 MISS:        558 MSHR_MERGE:          0
cpu6->LLC TRANSLATION  ACCESS:         30 HIT:         30 MISS:          0 MSHR_MERGE:          0
cpu6->LLC PREFETCH REQUESTED:          0 ISSUED:          0 USEFUL:          0 USELESS:          0
cpu6->LLC AVERAGE MISS LATENCY: 2514 cycles
cpu7->LLC TOTAL        ACCESS:    4805829 HIT:    1161608 MISS:    3644221 MSHR_MERGE:          0
cpu7->LLC LOAD         ACCESS:    3719708 HIT:      76052 MISS:    3643656 MSHR_MERGE:          0
cpu7->LLC RFO          ACCESS:         86 HIT:          0 MISS:         86 MSHR_MERGE:          0
cpu7->LLC PREFETCH     ACCESS:          0 HIT:          0 MISS:          0 MSHR_MERGE:          0
cpu7->LLC WRITE        ACCESS:    1086005 HIT:    1085526 MISS:        479 MSHR_MERGE:          0
cpu7->LLC TRANSLATION  ACCESS:         30 HIT:         30 MISS:          0 MSHR_MERGE:          0
cpu7->LLC PREFETCH REQUESTED:          0 ISSUED:          0 USEFUL:          0 USELESS:          0
cpu7->LLC AVERAGE MISS LATENCY: 2515 cycles

Region of Interest Statistics

CPU 7 cumulative IPC: 0.2879 instructions: 100000001 cycles: 347291154
CPU 7 Branch Prediction Accuracy: 100% MPKI: 0 Average ROB Occupancy at Mispredict: -
Branch type MPKI
BRANCH_DIRECT_JUMP: 0
BRANCH_INDIRECT: 0
BRANCH_CONDITIONAL: 0
BRANCH_DIRECT_CALL: 0
BRANCH_INDIRECT_CALL: 0
BRANCH_RETURN: 0


CPU 6 cumulative IPC: 0.2875 instructions: 100000001 cycles: 347813804
CPU 6 Branch Prediction Accuracy: 100% MPKI: 0 Average ROB Occupancy at Mispredict: -
Branch type MPKI
BRANCH_DIRECT_JUMP: 0
BRANCH_INDIRECT: 0
BRANCH_CONDITIONAL: 0
BRANCH_DIRECT_CALL: 0
BRANCH_INDIRECT_CALL: 0
BRANCH_RETURN: 0


CPU 5 cumulative IPC: 0.2874 instructions: 100000001 cycles: 347988599
CPU 5 Branch Prediction Accuracy: 100% MPKI: 0 Average ROB Occupancy at Mispredict: -
Branch type MPKI
BRANCH_DIRECT_JUMP: 0
BRANCH_INDIRECT: 0
BRANCH_CONDITIONAL: 0
BRANCH_DIRECT_CALL: 0
BRANCH_INDIRECT_CALL: 0
BRANCH_RETURN: 0


CPU 4 cumulative IPC: 0.2864 instructions: 100000000 cycles: 349143990
CPU 4 Branch Prediction Accuracy: 100% MPKI: 0 Average ROB Occupancy at Mispredict: -
Branch type MPKI
BRANCH_DIRECT_JUMP: 0
BRANCH_INDIRECT: 0
BRANCH_CONDITIONAL: 0
BRANCH_DIRECT_CALL: 0
BRANCH_INDIRECT_CALL: 0
BRANCH_RETURN: 0


CPU 3 cumulative IPC: 0.2862 instructions: 100000000 cycles: 349401047
CPU 3 Branch Prediction Accuracy: 100% MPKI: 0 Average ROB Occupancy at Mispredict: -
Branch type MPKI
BRANCH_DIRECT_JUMP: 0
BRANCH_INDIRECT: 0
BRANCH_CONDITIONAL: 0
BRANCH_DIRECT_CALL: 0
BRANCH_INDIRECT_CALL: 0
BRANCH_RETURN: 0


CPU 2 cumulative IPC: 0.286 instructions: 100000002 cycles: 349625574
CPU 2 Branch Prediction Accuracy: 100% MPKI: 0 Average ROB Occupancy at Mispredict: -
Branch type MPKI
BRANCH_DIRECT_JUMP: 0
BRANCH_INDIRECT: 0
BRANCH_CONDITIONAL: 0
BRANCH_DIRECT_CALL: 0
BRANCH_INDIRECT_CALL: 0
BRANCH_RETURN: 0


CPU 1 cumulative IPC: 0.2854 instructions: 100000002 cycles: 350442734
CPU 1 Branch Prediction Accuracy: 100% MPKI: 0 Average ROB Occupancy at Mispredict: -
Branch type MPKI
BRANCH_DIRECT_JUMP: 0
BRANCH_INDIRECT: 0
BRANCH_CONDITIONAL: 0
BRANCH_DIRECT_CALL: 0
BRANCH_INDIRECT_CALL: 0
BRANCH_RETURN: 0


CPU 0 cumulative IPC: 0.2849 instructions: 100000001 cycles: 351038262
CPU 0 Branch Prediction Accuracy: 100% MPKI: 0 Average ROB Occupancy at Mispredict: -
Branch type MPKI
BRANCH_DIRECT_JUMP: 0
BRANCH_INDIRECT: 0
BRANCH_CONDITIONAL: 0
BRANCH_DIRECT_CALL: 0
BRANCH_INDIRECT_CALL: 0
BRANCH_RETURN: 0

cpu7->cpu7_STLB TOTAL        ACCESS:      35000 HIT:      34969 MISS:         31 MSHR_MERGE:          0
cpu7->cpu7_STLB LOAD         ACCESS:      35000 HIT:      34969 MISS:         31 MSHR_MERGE:          0
cpu7->cpu7_STLB RFO          ACCESS:          0 HIT:          0 MISS:          0 MSHR_MERGE:          0
cpu7->cpu7_STLB PREFETCH     ACCESS:          0 HIT:          0 MISS:          0 MSHR_MERGE:          0
cpu7->cpu7_STLB WRITE        ACCESS:          0 HIT:          0 MISS:          0 MSHR_MERGE:          0
cpu7->cpu7_STLB TRANSLATION  ACCESS:          0 HIT:          0 MISS:          0 MSHR_MERGE:          0
cpu7->cpu7_STLB PREFETCH REQUESTED:          0 ISSUED:          0 USEFUL:          0 USELESS:          0
cpu7->cpu7_STLB AVERAGE MISS LATENCY: 231.4 cycles
cpu7->cpu7_L2C TOTAL        ACCESS:    4854406 HIT:    1134581 MISS:    3719825 MSHR_MERGE:          0
cpu7->cpu7_L2C LOAD         ACCESS:    3768313 HIT:      48605 MISS:    3719708 MSHR_MERGE:          0
cpu7->cpu7_L2C RFO          ACCESS:        198 HIT:        112 MISS:         86 MSHR_MERGE:          0
cpu7->cpu7_L2C PREFETCH     ACCESS:          0 HIT:          0 MISS:          0 MSHR_MERGE:          0
cpu7->cpu7_L2C WRITE        ACCESS:    1085865 HIT:    1085864 MISS:          1 MSHR_MERGE:          0
cpu7->cpu7_L2C TRANSLATION  ACCESS:         30 HIT:          0 MISS:         30 MSHR_MERGE:          0
cpu7->cpu7_L2C PREFETCH REQUESTED:          0 ISSUED:          0 USEFUL:          0 USELESS:          0
cpu7->cpu7_L2C AVERAGE MISS LATENCY: 323.8 cycles
cpu7->cpu7_L1I TOTAL        ACCESS:   16887406 HIT:   16887310 MISS:         96 MSHR_MERGE:         51
cpu7->cpu7_L1I LOAD         ACCESS:   16887406 HIT:   16887310 MISS:         96 MSHR_MERGE:         51
cpu7->cpu7_L1I RFO          ACCESS:          0 HIT:          0 MISS:          0 MSHR_MERGE:          0
cpu7->cpu7_L1I PREFETCH     ACCESS:          0 HIT:          0 MISS:          0 MSHR_MERGE:          0
cpu7->cpu7_L1I WRITE        ACCESS:          0 HIT:          0 MISS:          0 MSHR_MERGE:          0
cpu7->cpu7_L1I TRANSLATION  ACCESS:          0 HIT:          0 MISS:          0 MSHR_MERGE:          0
cpu7->cpu7_L1I PREFETCH REQUESTED:          0 ISSUED:          0 USEFUL:          0 USELESS:          0
cpu7->cpu7_L1I AVERAGE MISS LATENCY: 260.3 cycles
cpu7->cpu7_L1D TOTAL        ACCESS:   28533155 HIT:   19017844 MISS:    9515311 MSHR_MERGE:    5746815
cpu7->cpu7_L1D LOAD         ACCESS:   21054714 HIT:   11539671 MISS:    9515043 MSHR_MERGE:    5746775
cpu7->cpu7_L1D RFO          ACCESS:          0 HIT:          0 MISS:          0 MSHR_MERGE:          0
cpu7->cpu7_L1D PREFETCH     ACCESS:          0 HIT:          0 MISS:          0 MSHR_MERGE:          0
cpu7->cpu7_L1D WRITE        ACCESS:    7478410 HIT:    7478172 MISS:        238 MSHR_MERGE:         40
cpu7->cpu7_L1D TRANSLATION  ACCESS:         31 HIT:          1 MISS:         30 MSHR_MERGE:          0
cpu7->cpu7_L1D PREFETCH REQUESTED:          0 ISSUED:          0 USEFUL:          0 USELESS:          0
cpu7->cpu7_L1D AVERAGE MISS LATENCY: 328.6 cycles
cpu7->cpu7_ITLB TOTAL        ACCESS:   14828626 HIT:   14828619 MISS:          7 MSHR_MERGE:          6
cpu7->cpu7_ITLB LOAD         ACCESS:   14828626 HIT:   14828619 MISS:          7 MSHR_MERGE:          6
cpu7->cpu7_ITLB RFO          ACCESS:          0 HIT:          0 MISS:          0 MSHR_MERGE:          0
cpu7->cpu7_ITLB PREFETCH     ACCESS:          0 HIT:          0 MISS:          0 MSHR_MERGE:          0
cpu7->cpu7_ITLB WRITE        ACCESS:          0 HIT:          0 MISS:          0 MSHR_MERGE:          0
cpu7->cpu7_ITLB TRANSLATION  ACCESS:          0 HIT:          0 MISS:          0 MSHR_MERGE:          0
cpu7->cpu7_ITLB PREFETCH REQUESTED:          0 ISSUED:          0 USEFUL:          0 USELESS:          0
cpu7->cpu7_ITLB AVERAGE MISS LATENCY: 238 cycles
cpu7->cpu7_DTLB TOTAL        ACCESS:   26817519 HIT:   26780898 MISS:      36621 MSHR_MERGE:       1622
cpu7->cpu7_DTLB LOAD         ACCESS:   26817519 HIT:   26780898 MISS:      36621 MSHR_MERGE:       1622
cpu7->cpu7_DTLB RFO          ACCESS:          0 HIT:          0 MISS:          0 MSHR_MERGE:          0
cpu7->cpu7_DTLB PREFETCH     ACCESS:          0 HIT:          0 MISS:          0 MSHR_MERGE:          0
cpu7->cpu7_DTLB WRITE        ACCESS:          0 HIT:          0 MISS:          0 MSHR_MERGE:          0
cpu7->cpu7_DTLB TRANSLATION  ACCESS:          0 HIT:          0 MISS:          0 MSHR_MERGE:          0
cpu7->cpu7_DTLB PREFETCH REQUESTED:          0 ISSUED:          0 USEFUL:          0 USELESS:          0
cpu7->cpu7_DTLB AVERAGE MISS LATENCY: 5.2 cycles
cpu6->cpu6_STLB TOTAL        ACCESS:      34984 HIT:      34953 MISS:         31 MSHR_MERGE:          0
cpu6->cpu6_STLB LOAD         ACCESS:      34984 HIT:      34953 MISS:         31 MSHR_MERGE:          0
cpu6->cpu6_STLB RFO          ACCESS:          0 HIT:          0 MISS:          0 MSHR_MERGE:          0
cpu6->cpu6_STLB PREFETCH     ACCESS:          0 HIT:          0 MISS:          0 MSHR_MERGE:          0
cpu6->cpu6_STLB WRITE        ACCESS:          0 HIT:          0 MISS:          0 MSHR_MERGE:          0
cpu6->cpu6_STLB TRANSLATION  ACCESS:          0 HIT:          0 MISS:          0 MSHR_MERGE:          0
cpu6->cpu6_STLB PREFETCH REQUESTED:          0 ISSUED:          0 USEFUL:          0 USELESS:          0
cpu6->cpu6_STLB AVERAGE MISS LATENCY: 231.3 cycles
cpu6->cpu6_L2C TOTAL        ACCESS:    4854212 HIT:    1134577 MISS:    3719635 MSHR_MERGE:          0
cpu6->cpu6_L2C LOAD         ACCESS:    3768130 HIT:      48612 MISS:    3719518 MSHR_MERGE:          0
cpu6->cpu6_L2C RFO          ACCESS:        197 HIT:        111 MISS:         86 MSHR_MERGE:          0
cpu6->cpu6_L2C PREFETCH     ACCESS:          0 HIT:          0 MISS:          0 MSHR_MERGE:          0
cpu6->cpu6_L2C WRITE        ACCESS:    1085855 HIT:    1085854 MISS:          1 MSHR_MERGE:          0
cpu6->cpu6_L2C TRANSLATION  ACCESS:         30 HIT:          0 MISS:         30 MSHR_MERGE:          0
cpu6->cpu6_L2C PREFETCH REQUESTED:          0 ISSUED:          0 USEFUL:          0 USELESS:          0
cpu6->cpu6_L2C AVERAGE MISS LATENCY: 324.1 cycles
cpu6->cpu6_L1I TOTAL        ACCESS:   16866941 HIT:   16866848 MISS:         93 MSHR_MERGE:         48
cpu6->cpu6_L1I LOAD         ACCESS:   16866941 HIT:   16866848 MISS:         93 MSHR_MERGE:         48
cpu6->cpu6_L1I RFO          ACCESS:          0 HIT:          0 MISS:          0 MSHR_MERGE:          0
cpu6->cpu6_L1I PREFETCH     ACCESS:          0 HIT:          0 MISS:          0 MSHR_MERGE:          0
cpu6->cpu6_L1I WRITE        ACCESS:          0 HIT:          0 MISS:          0 MSHR_MERGE:          0
cpu6->cpu6_L1I TRANSLATION  ACCESS:          0 HIT:          0 MISS:          0 MSHR_MERGE:          0
cpu6->cpu6_L1I PREFETCH REQUESTED:          0 ISSUED:          0 USEFUL:          0 USELESS:          0
cpu6->cpu6_L1I AVERAGE MISS LATENCY: 290.8 cycles
cpu6->cpu6_L1D TOTAL        ACCESS:   28526584 HIT:   19011821 MISS:    9514763 MSHR_MERGE:    5746451
cpu6->cpu6_L1D LOAD         ACCESS:   21052331 HIT:   11537837 MISS:    9514494 MSHR_MERGE:    5746409
cpu6->cpu6_L1D RFO          ACCESS:          0 HIT:          0 MISS:          0 MSHR_MERGE:          0
cpu6->cpu6_L1D PREFETCH     ACCESS:          0 HIT:          0 MISS:          0 MSHR_MERGE:          0
cpu6->cpu6_L1D WRITE        ACCESS:    7474222 HIT:    7473983 MISS:        239 MSHR_MERGE:         42
cpu6->cpu6_L1D TRANSLATION  ACCESS:         31 HIT:          1 MISS:         30 MSHR_MERGE:          0
cpu6->cpu6_L1D PREFETCH REQUESTED:          0 ISSUED:          0 USEFUL:          0 USELESS:          0
cpu6->cpu6_L1D AVERAGE MISS LATENCY: 329 cycles
cpu6->cpu6_ITLB TOTAL        ACCESS:   14813432 HIT:   14813425 MISS:          7 MSHR_MERGE:          6
cpu6->cpu6_ITLB LOAD         ACCESS:   14813432 HIT:   14813425 MISS:          7 MSHR_MERGE:          6
cpu6->cpu6_ITLB RFO          ACCESS:          0 HIT:          0 MISS:          0 MSHR_MERGE:          0
cpu6->cpu6_ITLB PREFETCH     ACCESS:          0 HIT:          0 MISS:          0 MSHR_MERGE:          0
cpu6->cpu6_ITLB WRITE        ACCESS:          0 HIT:          0 MISS:          0 MSHR_MERGE:          0
cpu6->cpu6_ITLB TRANSLATION  ACCESS:          0 HIT:          0 MISS:          0 MSHR_MERGE:          0
cpu6->cpu6_ITLB PREFETCH REQUESTED:          0 ISSUED:          0 USEFUL:          0 USELESS:          0
cpu6->cpu6_ITLB AVERAGE MISS LATENCY: 238 cycles
cpu6->cpu6_DTLB TOTAL        ACCESS:   26825235 HIT:   26788597 MISS:      36638 MSHR_MERGE:       1655
cpu6->cpu6_DTLB LOAD         ACCESS:   26825235 HIT:   26788597 MISS:      36638 MSHR_MERGE:       1655
cpu6->cpu6_DTLB RFO          ACCESS:          0 HIT:          0 MISS:          0 MSHR_MERGE:          0
cpu6->cpu6_DTLB PREFETCH     ACCESS:          0 HIT:          0 MISS:          0 MSHR_MERGE:          0
cpu6->cpu6_DTLB WRITE        ACCESS:          0 HIT:          0 MISS:          0 MSHR_MERGE:          0
cpu6->cpu6_DTLB TRANSLATION  ACCESS:          0 HIT:          0 MISS:          0 MSHR_MERGE:          0
cpu6->cpu6_DTLB PREFETCH REQUESTED:          0 ISSUED:          0 USEFUL:          0 USELESS:          0
cpu6->cpu6_DTLB AVERAGE MISS LATENCY: 5.2 cycles
cpu5->cpu5_STLB TOTAL        ACCESS:      35002 HIT:      34971 MISS:         31 MSHR_MERGE:          0
cpu5->cpu5_STLB LOAD         ACCESS:      35002 HIT:      34971 MISS:         31 MSHR_MERGE:          0
cpu5->cpu5_STLB RFO          ACCESS:          0 HIT:          0 MISS:          0 MSHR_MERGE:          0
cpu5->cpu5_STLB PREFETCH     ACCESS:          0 HIT:          0 MISS:          0 MSHR_MERGE:          0
cpu5->cpu5_STLB WRITE        ACCESS:          0 HIT:          0 MISS:          0 MSHR_MERGE:          0
cpu5->cpu5_STLB TRANSLATION  ACCESS:          0 HIT:          0 MISS:          0 MSHR_MERGE:          0
cpu5->cpu5_STLB PREFETCH REQUESTED:          0 ISSUED:          0 USEFUL:          0 USELESS:          0
cpu5->cpu5_STLB AVERAGE MISS LATENCY: 231.5 cycles
cpu5->cpu5_L2C TOTAL        ACCESS:    4856813 HIT:    1134566 MISS:    3722247 MSHR_MERGE:          0
cpu5->cpu5_L2C LOAD         ACCESS:    3770737 HIT:      48610 MISS:    3722127 MSHR_MERGE:          0
cpu5->cpu5_L2C RFO          ACCESS:        204 HIT:        115 MISS:         89 MSHR_MERGE:          0
cpu5->cpu5_L2C PREFETCH     ACCESS:          0 HIT:          0 MISS:          0 MSHR_MERGE:          0
cpu5->cpu5_L2C WRITE        ACCESS:    1085842 HIT:    1085841 MISS:          1 MSHR_MERGE:          0
cpu5->cpu5_L2C TRANSLATION  ACCESS:         30 HIT:          0 MISS:         30 MSHR_MERGE:          0
cpu5->cpu5_L2C PREFETCH REQUESTED:          0 ISSUED:          0 USEFUL:          0 USELESS:          0
cpu5->cpu5_L2C AVERAGE MISS LATENCY: 324.8 cycles
cpu5->cpu5_L1I TOTAL        ACCESS:   16870714 HIT:   16870612 MISS:        102 MSHR_MERGE:         57
cpu5->cpu5_L1I LOAD         ACCESS:   16870714 HIT:   16870612 MISS:        102 MSHR_MERGE:         57
cpu5->cpu5_L1I RFO          ACCESS:          0 HIT:          0 MISS:          0 MSHR_MERGE:          0
cpu5->cpu5_L1I PREFETCH     ACCESS:          0 HIT:          0 MISS:          0 MSHR_MERGE:          0
cpu5->cpu5_L1I WRITE        ACCESS:          0 HIT:          0 MISS:          0 MSHR_MERGE:          0
cpu5->cpu5_L1I TRANSLATION  ACCESS:          0 HIT:          0 MISS:          0 MSHR_MERGE:          0
cpu5->cpu5_L1I PREFETCH REQUESTED:          0 ISSUED:          0 USEFUL:          0 USELESS:          0
cpu5->cpu5_L1I AVERAGE MISS LATENCY: 336.6 cycles
cpu5->cpu5_L1D TOTAL        ACCESS:   28520478 HIT:   19010519 MISS:    9509959 MSHR_MERGE:    5739033
cpu5->cpu5_L1D LOAD         ACCESS:   21052642 HIT:   11542965 MISS:    9509677 MSHR_MERGE:    5738985
cpu5->cpu5_L1D RFO          ACCESS:          0 HIT:          0 MISS:          0 MSHR_MERGE:          0
cpu5->cpu5_L1D PREFETCH     ACCESS:          0 HIT:          0 MISS:          0 MSHR_MERGE:          0
cpu5->cpu5_L1D WRITE        ACCESS:    7467805 HIT:    7467553 MISS:        252 MSHR_MERGE:         48
cpu5->cpu5_L1D TRANSLATION  ACCESS:         31 HIT:          1 MISS:         30 MSHR_MERGE:          0
cpu5->cpu5_L1D PREFETCH REQUESTED:          0 ISSUED:          0 USEFUL:          0 USELESS:          0
cpu5->cpu5_L1D AVERAGE MISS LATENCY: 329.7 cycles
cpu5->cpu5_ITLB TOTAL        ACCESS:   14818188 HIT:   14818181 MISS:          7 MSHR_MERGE:          6
cpu5->cpu5_ITLB LOAD         ACCESS:   14818188 HIT:   14818181 MISS:          7 MSHR_MERGE:          6
cpu5->cpu5_ITLB RFO          ACCESS:          0 HIT:          0 MISS:          0 MSHR_MERGE:          0
cpu5->cpu5_ITLB PREFETCH     ACCESS:          0 HIT:          0 MISS:          0 MSHR_MERGE:          0
cpu5->cpu5_ITLB WRITE        ACCESS:          0 HIT:          0 MISS:          0 MSHR_MERGE:          0
cpu5->cpu5_ITLB TRANSLATION  ACCESS:          0 HIT:          0 MISS:          0 MSHR_MERGE:          0
cpu5->cpu5_ITLB PREFETCH REQUESTED:          0 ISSUED:          0 USEFUL:          0 USELESS:          0
cpu5->cpu5_ITLB AVERAGE MISS LATENCY: 238 cycles
cpu5->cpu5_DTLB TOTAL        ACCESS:   26818328 HIT:   26781680 MISS:      36648 MSHR_MERGE:       1647
cpu5->cpu5_DTLB LOAD         ACCESS:   26818328 HIT:   26781680 MISS:      36648 MSHR_MERGE:       1647
cpu5->cpu5_DTLB RFO          ACCESS:          0 HIT:          0 MISS:          0 MSHR_MERGE:          0
cpu5->cpu5_DTLB PREFETCH     ACCESS:          0 HIT:          0 MISS:          0 MSHR_MERGE:          0
cpu5->cpu5_DTLB WRITE        ACCESS:          0 HIT:          0 MISS:          0 MSHR_MERGE:          0
cpu5->cpu5_DTLB TRANSLATION  ACCESS:          0 HIT:          0 MISS:          0 MSHR_MERGE:          0
cpu5->cpu5_DTLB PREFETCH REQUESTED:          0 ISSUED:          0 USEFUL:          0 USELESS:          0
cpu5->cpu5_DTLB AVERAGE MISS LATENCY: 5.201 cycles
cpu4->cpu4_STLB TOTAL        ACCESS:      34957 HIT:      34926 MISS:         31 MSHR_MERGE:          0
cpu4->cpu4_STLB LOAD         ACCESS:      34957 HIT:      34926 MISS:         31 MSHR_MERGE:          0
cpu4->cpu4_STLB RFO          ACCESS:          0 HIT:          0 MISS:          0 MSHR_MERGE:          0
cpu4->cpu4_STLB PREFETCH     ACCESS:          0 HIT:          0 MISS:          0 MSHR_MERGE:          0
cpu4->cpu4_STLB WRITE        ACCESS:          0 HIT:          0 MISS:          0 MSHR_MERGE:          0
cpu4->cpu4_STLB TRANSLATION  ACCESS:          0 HIT:          0 MISS:          0 MSHR_MERGE:          0
cpu4->cpu4_STLB PREFETCH REQUESTED:          0 ISSUED:          0 USEFUL:          0 USELESS:          0
cpu4->cpu4_STLB AVERAGE MISS LATENCY: 231.6 cycles
cpu4->cpu4_L2C TOTAL        ACCESS:    4853796 HIT:    1134505 MISS:    3719291 MSHR_MERGE:          0
cpu4->cpu4_L2C LOAD         ACCESS:    3767748 HIT:      48575 MISS:    3719173 MSHR_MERGE:          0
cpu4->cpu4_L2C RFO          ACCESS:        198 HIT:        111 MISS:         87 MSHR_MERGE:          0
cpu4->cpu4_L2C PREFETCH     ACCESS:          0 HIT:          0 MISS:          0 MSHR_MERGE:          0
cpu4->cpu4_L2C WRITE        ACCESS:    1085820 HIT:    1085819 MISS:          1 MSHR_MERGE:          0
cpu4->cpu4_L2C TRANSLATION  ACCESS:         30 HIT:          0 MISS:         30 MSHR_MERGE:          0
cpu4->cpu4_L2C PREFETCH REQUESTED:          0 ISSUED:          0 USEFUL:          0 USELESS:          0
cpu4->cpu4_L2C AVERAGE MISS LATENCY: 324.3 cycles
cpu4->cpu4_L1I TOTAL        ACCESS:   16843811 HIT:   16843711 MISS:        100 MSHR_MERGE:         55
cpu4->cpu4_L1I LOAD         ACCESS:   16843811 HIT:   16843711 MISS:        100 MSHR_MERGE:         55
cpu4->cpu4_L1I RFO          ACCESS:          0 HIT:          0 MISS:          0 MSHR_MERGE:          0
cpu4->cpu4_L1I PREFETCH     ACCESS:          0 HIT:          0 MISS:          0 MSHR_MERGE:          0
cpu4->cpu4_L1I WRITE        ACCESS:          0 HIT:          0 MISS:          0 MSHR_MERGE:          0
cpu4->cpu4_L1I TRANSLATION  ACCESS:          0 HIT:          0 MISS:          0 MSHR_MERGE:          0
cpu4->cpu4_L1I PREFETCH REQUESTED:          0 ISSUED:          0 USEFUL:          0 USELESS:          0
cpu4->cpu4_L1I AVERAGE MISS LATENCY: 414.2 cycles
cpu4->cpu4_L1D TOTAL        ACCESS:   28461981 HIT:   18957673 MISS:    9504308 MSHR_MERGE:    5736376
cpu4->cpu4_L1D LOAD         ACCESS:   21000118 HIT:   11496080 MISS:    9504038 MSHR_MERGE:    5736335
cpu4->cpu4_L1D RFO          ACCESS:          0 HIT:          0 MISS:          0 MSHR_MERGE:          0
cpu4->cpu4_L1D PREFETCH     ACCESS:          0 HIT:          0 MISS:          0 MSHR_MERGE:          0
cpu4->cpu4_L1D WRITE        ACCESS:    7461832 HIT:    7461592 MISS:        240 MSHR_MERGE:         41
cpu4->cpu4_L1D TRANSLATION  ACCESS:         31 HIT:          1 MISS:         30 MSHR_MERGE:          0
cpu4->cpu4_L1D PREFETCH REQUESTED:          0 ISSUED:          0 USEFUL:          0 USELESS:          0
cpu4->cpu4_L1D AVERAGE MISS LATENCY: 329.1 cycles
cpu4->cpu4_ITLB TOTAL        ACCESS:   14794735 HIT:   14794727 MISS:          8 MSHR_MERGE:          7
cpu4->cpu4_ITLB LOAD         ACCESS:   14794735 HIT:   14794727 MISS:          8 MSHR_MERGE:          7
cpu4->cpu4_ITLB RFO          ACCESS:          0 HIT:          0 MISS:          0 MSHR_MERGE:          0
cpu4->cpu4_ITLB PREFETCH     ACCESS:          0 HIT:          0 MISS:          0 MSHR_MERGE:          0
cpu4->cpu4_ITLB WRITE        ACCESS:          0 HIT:          0 MISS:          0 MSHR_MERGE:          0
cpu4->cpu4_ITLB TRANSLATION  ACCESS:          0 HIT:          0 MISS:          0 MSHR_MERGE:          0
cpu4->cpu4_ITLB PREFETCH REQUESTED:          0 ISSUED:          0 USEFUL:          0 USELESS:          0
cpu4->cpu4_ITLB AVERAGE MISS LATENCY: 238 cycles
cpu4->cpu4_DTLB TOTAL        ACCESS:   26745310 HIT:   26708685 MISS:      36625 MSHR_MERGE:       1669
cpu4->cpu4_DTLB LOAD         ACCESS:   26745310 HIT:   26708685 MISS:      36625 MSHR_MERGE:       1669
cpu4->cpu4_DTLB RFO          ACCESS:          0 HIT:          0 MISS:          0 MSHR_MERGE:          0
cpu4->cpu4_DTLB PREFETCH     ACCESS:          0 HIT:          0 MISS:          0 MSHR_MERGE:          0
cpu4->cpu4_DTLB WRITE        ACCESS:          0 HIT:          0 MISS:          0 MSHR_MERGE:          0
cpu4->cpu4_DTLB TRANSLATION  ACCESS:          0 HIT:          0 MISS:          0 MSHR_MERGE:          0
cpu4->cpu4_DTLB PREFETCH REQUESTED:          0 ISSUED:          0 USEFUL:          0 USELESS:          0
cpu4->cpu4_DTLB AVERAGE MISS LATENCY: 5.201 cycles
cpu3->cpu3_STLB TOTAL        ACCESS:      34895 HIT:      34865 MISS:         30 MSHR_MERGE:          0
cpu3->cpu3_STLB LOAD         ACCESS:      34895 HIT:      34865 MISS:         30 MSHR_MERGE:          0
cpu3->cpu3_STLB RFO          ACCESS:          0 HIT:          0 MISS:          0 MSHR_MERGE:          0
cpu3->cpu3_STLB PREFETCH     ACCESS:          0 HIT:          0 MISS:          0 MSHR_MERGE:          0
cpu3->cpu3_STLB WRITE        ACCESS:          0 HIT:          0 MISS:          0 MSHR_MERGE:          0
cpu3->cpu3_STLB TRANSLATION  ACCESS:          0 HIT:          0 MISS:          0 MSHR_MERGE:          0
cpu3->cpu3_STLB PREFETCH REQUESTED:          0 ISSUED:          0 USEFUL:          0 USELESS:          0
cpu3->cpu3_STLB AVERAGE MISS LATENCY: 231.3 cycles
cpu3->cpu3_L2C TOTAL        ACCESS:    4853028 HIT:    1134412 MISS:    3718616 MSHR_MERGE:          0
cpu3->cpu3_L2C LOAD         ACCESS:    3767061 HIT:      48564 MISS:    3718497 MSHR_MERGE:          0
cpu3->cpu3_L2C RFO          ACCESS:        203 HIT:        114 MISS:         89 MSHR_MERGE:          0
cpu3->cpu3_L2C PREFETCH     ACCESS:          0 HIT:          0 MISS:          0 MSHR_MERGE:          0
cpu3->cpu3_L2C WRITE        ACCESS:    1085735 HIT:    1085734 MISS:          1 MSHR_MERGE:          0
cpu3->cpu3_L2C TRANSLATION  ACCESS:         29 HIT:          0 MISS:         29 MSHR_MERGE:          0
cpu3->cpu3_L2C PREFETCH REQUESTED:          0 ISSUED:          0 USEFUL:          0 USELESS:          0
cpu3->cpu3_L2C AVERAGE MISS LATENCY: 324.4 cycles
cpu3->cpu3_L1I TOTAL        ACCESS:   16840997 HIT:   16840896 MISS:        101 MSHR_MERGE:         56
cpu3->cpu3_L1I LOAD         ACCESS:   16840997 HIT:   16840896 MISS:        101 MSHR_MERGE:         56
cpu3->cpu3_L1I RFO          ACCESS:          0 HIT:          0 MISS:          0 MSHR_MERGE:          0
cpu3->cpu3_L1I PREFETCH     ACCESS:          0 HIT:          0 MISS:          0 MSHR_MERGE:          0
cpu3->cpu3_L1I WRITE        ACCESS:          0 HIT:          0 MISS:          0 MSHR_MERGE:          0
cpu3->cpu3_L1I TRANSLATION  ACCESS:          0 HIT:          0 MISS:          0 MSHR_MERGE:          0
cpu3->cpu3_L1I PREFETCH REQUESTED:          0 ISSUED:          0 USEFUL:          0 USELESS:          0
cpu3->cpu3_L1I AVERAGE MISS LATENCY: 299.4 cycles
cpu3->cpu3_L1D TOTAL        ACCESS:   28470357 HIT:   18964206 MISS:    9506151 MSHR_MERGE:    5738903
cpu3->cpu3_L1D LOAD         ACCESS:   21012582 HIT:   11506707 MISS:    9505875 MSHR_MERGE:    5738859
cpu3->cpu3_L1D RFO          ACCESS:          0 HIT:          0 MISS:          0 MSHR_MERGE:          0
cpu3->cpu3_L1D PREFETCH     ACCESS:          0 HIT:          0 MISS:          0 MSHR_MERGE:          0
cpu3->cpu3_L1D WRITE        ACCESS:    7457745 HIT:    7457498 MISS:        247 MSHR_MERGE:         44
cpu3->cpu3_L1D TRANSLATION  ACCESS:         30 HIT:          1 MISS:         29 MSHR_MERGE:          0
cpu3->cpu3_L1D PREFETCH REQUESTED:          0 ISSUED:          0 USEFUL:          0 USELESS:          0
cpu3->cpu3_L1D AVERAGE MISS LATENCY: 329.3 cycles
cpu3->cpu3_ITLB TOTAL        ACCESS:   14799640 HIT:   14799632 MISS:          8 MSHR_MERGE:          7
cpu3->cpu3_ITLB LOAD         ACCESS:   14799640 HIT:   14799632 MISS:          8 MSHR_MERGE:          7
cpu3->cpu3_ITLB RFO          ACCESS:          0 HIT:          0 MISS:          0 MSHR_MERGE:          0
cpu3->cpu3_ITLB PREFETCH     ACCESS:          0 HIT:          0 MISS:          0 MSHR_MERGE:          0
cpu3->cpu3_ITLB WRITE        ACCESS:          0 HIT:          0 MISS:          0 MSHR_MERGE:          0
cpu3->cpu3_ITLB TRANSLATION  ACCESS:          0 HIT:          0 MISS:          0 MSHR_MERGE:          0
cpu3->cpu3_ITLB PREFETCH REQUESTED:          0 ISSUED:          0 USEFUL:          0 USELESS:          0
cpu3->cpu3_ITLB AVERAGE MISS LATENCY: 239 cycles
cpu3->cpu3_DTLB TOTAL        ACCESS:   26778686 HIT:   26742169 MISS:      36517 MSHR_MERGE:       1623
cpu3->cpu3_DTLB LOAD         ACCESS:   26778686 HIT:   26742169 MISS:      36517 MSHR_MERGE:       1623
cpu3->cpu3_DTLB RFO          ACCESS:          0 HIT:          0 MISS:          0 MSHR_MERGE:          0
cpu3->cpu3_DTLB PREFETCH     ACCESS:          0 HIT:          0 MISS:          0 MSHR_MERGE:          0
cpu3->cpu3_DTLB WRITE        ACCESS:          0 HIT:          0 MISS:          0 MSHR_MERGE:          0
cpu3->cpu3_DTLB TRANSLATION  ACCESS:          0 HIT:          0 MISS:          0 MSHR_MERGE:          0
cpu3->cpu3_DTLB PREFETCH REQUESTED:          0 ISSUED:          0 USEFUL:          0 USELESS:          0
cpu3->cpu3_DTLB AVERAGE MISS LATENCY: 5.194 cycles
cpu2->cpu2_STLB TOTAL        ACCESS:      34802 HIT:      34772 MISS:         30 MSHR_MERGE:          0
cpu2->cpu2_STLB LOAD         ACCESS:      34802 HIT:      34772 MISS:         30 MSHR_MERGE:          0
cpu2->cpu2_STLB RFO          ACCESS:          0 HIT:          0 MISS:          0 MSHR_MERGE:          0
cpu2->cpu2_STLB PREFETCH     ACCESS:          0 HIT:          0 MISS:          0 MSHR_MERGE:          0
cpu2->cpu2_STLB WRITE        ACCESS:          0 HIT:          0 MISS:          0 MSHR_MERGE:          0
cpu2->cpu2_STLB TRANSLATION  ACCESS:          0 HIT:          0 MISS:          0 MSHR_MERGE:          0
cpu2->cpu2_STLB PREFETCH REQUESTED:          0 ISSUED:          0 USEFUL:          0 USELESS:          0
cpu2->cpu2_STLB AVERAGE MISS LATENCY: 231.5 cycles
cpu2->cpu2_L2C TOTAL        ACCESS:    4848185 HIT:    1134172 MISS:    3714013 MSHR_MERGE:          0
cpu2->cpu2_L2C LOAD         ACCESS:    3762392 HIT:      48499 MISS:    3713893 MSHR_MERGE:          0
cpu2->cpu2_L2C RFO          ACCESS:        206 HIT:        116 MISS:         90 MSHR_MERGE:          0
cpu2->cpu2_L2C PREFETCH     ACCESS:          0 HIT:          0 MISS:          0 MSHR_MERGE:          0
cpu2->cpu2_L2C WRITE        ACCESS:    1085558 HIT:    1085557 MISS:          1 MSHR_MERGE:          0
cpu2->cpu2_L2C TRANSLATION  ACCESS:         29 HIT:          0 MISS:         29 MSHR_MERGE:          0
cpu2->cpu2_L2C PREFETCH REQUESTED:          0 ISSUED:          0 USEFUL:          0 USELESS:          0
cpu2->cpu2_L2C AVERAGE MISS LATENCY: 325 cycles
cpu2->cpu2_L1I TOTAL        ACCESS:   16836816 HIT:   16836720 MISS:         96 MSHR_MERGE:         51
cpu2->cpu2_L1I LOAD         ACCESS:   16836816 HIT:   16836720 MISS:         96 MSHR_MERGE:         51
cpu2->cpu2_L1I RFO          ACCESS:          0 HIT:          0 MISS:          0 MSHR_MERGE:          0
cpu2->cpu2_L1I PREFETCH     ACCESS:          0 HIT:          0 MISS:          0 MSHR_MERGE:          0
cpu2->cpu2_L1I WRITE        ACCESS:          0 HIT:          0 MISS:          0 MSHR_MERGE:          0
cpu2->cpu2_L1I TRANSLATION  ACCESS:          0 HIT:          0 MISS:          0 MSHR_MERGE:          0
cpu2->cpu2_L1I PREFETCH REQUESTED:          0 ISSUED:          0 USEFUL:          0 USELESS:          0
cpu2->cpu2_L1I AVERAGE MISS LATENCY: 363.8 cycles
cpu2->cpu2_L1D TOTAL        ACCESS:   28454713 HIT:   18954607 MISS:    9500106 MSHR_MERGE:    5737524
cpu2->cpu2_L1D LOAD         ACCESS:   21000412 HIT:   11500594 MISS:    9499818 MSHR_MERGE:    5737471
cpu2->cpu2_L1D RFO          ACCESS:          0 HIT:          0 MISS:          0 MSHR_MERGE:          0
cpu2->cpu2_L1D PREFETCH     ACCESS:          0 HIT:          0 MISS:          0 MSHR_MERGE:          0
cpu2->cpu2_L1D WRITE        ACCESS:    7454271 HIT:    7454012 MISS:        259 MSHR_MERGE:         53
cpu2->cpu2_L1D TRANSLATION  ACCESS:         30 HIT:          1 MISS:         29 MSHR_MERGE:          0
cpu2->cpu2_L1D PREFETCH REQUESTED:          0 ISSUED:          0 USEFUL:          0 USELESS:          0
cpu2->cpu2_L1D AVERAGE MISS LATENCY: 329.8 cycles
cpu2->cpu2_ITLB TOTAL        ACCESS:   14788619 HIT:   14788612 MISS:          7 MSHR_MERGE:          6
cpu2->cpu2_ITLB LOAD         ACCESS:   14788619 HIT:   14788612 MISS:          7 MSHR_MERGE:          6
cpu2->cpu2_ITLB RFO          ACCESS:          0 HIT:          0 MISS:          0 MSHR_MERGE:          0
cpu2->cpu2_ITLB PREFETCH     ACCESS:          0 HIT:          0 MISS:          0 MSHR_MERGE:          0
cpu2->cpu2_ITLB WRITE        ACCESS:          0 HIT:          0 MISS:          0 MSHR_MERGE:          0
cpu2->cpu2_ITLB TRANSLATION  ACCESS:          0 HIT:          0 MISS:          0 MSHR_MERGE:          0
cpu2->cpu2_ITLB PREFETCH REQUESTED:          0 ISSUED:          0 USEFUL:          0 USELESS:          0
cpu2->cpu2_ITLB AVERAGE MISS LATENCY: 239 cycles
cpu2->cpu2_DTLB TOTAL        ACCESS:   26755938 HIT:   26719569 MISS:      36369 MSHR_MERGE:       1568
cpu2->cpu2_DTLB LOAD         ACCESS:   26755938 HIT:   26719569 MISS:      36369 MSHR_MERGE:       1568
cpu2->cpu2_DTLB RFO          ACCESS:          0 HIT:          0 MISS:          0 MSHR_MERGE:          0
cpu2->cpu2_DTLB PREFETCH     ACCESS:          0 HIT:          0 MISS:          0 MSHR_MERGE:          0
cpu2->cpu2_DTLB WRITE        ACCESS:          0 HIT:          0 MISS:          0 MSHR_MERGE:          0
cpu2->cpu2_DTLB TRANSLATION  ACCESS:          0 HIT:          0 MISS:          0 MSHR_MERGE:          0
cpu2->cpu2_DTLB PREFETCH REQUESTED:          0 ISSUED:          0 USEFUL:          0 USELESS:          0
cpu2->cpu2_DTLB AVERAGE MISS LATENCY: 5.194 cycles
cpu1->cpu1_STLB TOTAL        ACCESS:      34647 HIT:      34617 MISS:         30 MSHR_MERGE:          0
cpu1->cpu1_STLB LOAD         ACCESS:      34647 HIT:      34617 MISS:         30 MSHR_MERGE:          0
cpu1->cpu1_STLB RFO          ACCESS:          0 HIT:          0 MISS:          0 MSHR_MERGE:          0
cpu1->cpu1_STLB PREFETCH     ACCESS:          0 HIT:          0 MISS:          0 MSHR_MERGE:          0
cpu1->cpu1_STLB WRITE        ACCESS:          0 HIT:          0 MISS:          0 MSHR_MERGE:          0
cpu1->cpu1_STLB TRANSLATION  ACCESS:          0 HIT:          0 MISS:          0 MSHR_MERGE:          0
cpu1->cpu1_STLB PREFETCH REQUESTED:          0 ISSUED:          0 USEFUL:          0 USELESS:          0
cpu1->cpu1_STLB AVERAGE MISS LATENCY: 231.4 cycles
cpu1->cpu1_L2C TOTAL        ACCESS:    4841011 HIT:    1133856 MISS:    3707155 MSHR_MERGE:          0
cpu1->cpu1_L2C LOAD         ACCESS:    3755430 HIT:      48395 MISS:    3707035 MSHR_MERGE:          0
cpu1->cpu1_L2C RFO          ACCESS:        205 HIT:        115 MISS:         90 MSHR_MERGE:          0
cpu1->cpu1_L2C PREFETCH     ACCESS:          0 HIT:          0 MISS:          0 MSHR_MERGE:          0
cpu1->cpu1_L2C WRITE        ACCESS:    1085347 HIT:    1085346 MISS:          1 MSHR_MERGE:          0
cpu1->cpu1_L2C TRANSLATION  ACCESS:         29 HIT:          0 MISS:         29 MSHR_MERGE:          0
cpu1->cpu1_L2C PREFETCH REQUESTED:          0 ISSUED:          0 USEFUL:          0 USELESS:          0
cpu1->cpu1_L2C AVERAGE MISS LATENCY: 324.8 cycles
cpu1->cpu1_L1I TOTAL        ACCESS:   16817299 HIT:   16817209 MISS:         90 MSHR_MERGE:         45
cpu1->cpu1_L1I LOAD         ACCESS:   16817299 HIT:   16817209 MISS:         90 MSHR_MERGE:         45
cpu1->cpu1_L1I RFO          ACCESS:          0 HIT:          0 MISS:          0 MSHR_MERGE:          0
cpu1->cpu1_L1I PREFETCH     ACCESS:          0 HIT:          0 MISS:          0 MSHR_MERGE:          0
cpu1->cpu1_L1I WRITE        ACCESS:          0 HIT:          0 MISS:          0 MSHR_MERGE:          0
cpu1->cpu1_L1I TRANSLATION  ACCESS:          0 HIT:          0 MISS:          0 MSHR_MERGE:          0
cpu1->cpu1_L1I PREFETCH REQUESTED:          0 ISSUED:          0 USEFUL:          0 USELESS:          0
cpu1->cpu1_L1I AVERAGE MISS LATENCY: 359.6 cycles
cpu1->cpu1_L1D TOTAL        ACCESS:   28395131 HIT:   18913510 MISS:    9481621 MSHR_MERGE:    5726002
cpu1->cpu1_L1D LOAD         ACCESS:   20945350 HIT:   11464006 MISS:    9481344 MSHR_MERGE:    5725959
cpu1->cpu1_L1D RFO          ACCESS:          0 HIT:          0 MISS:          0 MSHR_MERGE:          0
cpu1->cpu1_L1D PREFETCH     ACCESS:          0 HIT:          0 MISS:          0 MSHR_MERGE:          0
cpu1->cpu1_L1D WRITE        ACCESS:    7449751 HIT:    7449503 MISS:        248 MSHR_MERGE:         43
cpu1->cpu1_L1D TRANSLATION  ACCESS:         30 HIT:          1 MISS:         29 MSHR_MERGE:          0
cpu1->cpu1_L1D PREFETCH REQUESTED:          0 ISSUED:          0 USEFUL:          0 USELESS:          0
cpu1->cpu1_L1D AVERAGE MISS LATENCY: 329.6 cycles
cpu1->cpu1_ITLB TOTAL        ACCESS:   14778593 HIT:   14778585 MISS:          8 MSHR_MERGE:          7
cpu1->cpu1_ITLB LOAD         ACCESS:   14778593 HIT:   14778585 MISS:          8 MSHR_MERGE:          7
cpu1->cpu1_ITLB RFO          ACCESS:          0 HIT:          0 MISS:          0 MSHR_MERGE:          0
cpu1->cpu1_ITLB PREFETCH     ACCESS:          0 HIT:          0 MISS:          0 MSHR_MERGE:          0
cpu1->cpu1_ITLB WRITE        ACCESS:          0 HIT:          0 MISS:          0 MSHR_MERGE:          0
cpu1->cpu1_ITLB TRANSLATION  ACCESS:          0 HIT:          0 MISS:          0 MSHR_MERGE:          0
cpu1->cpu1_ITLB PREFETCH REQUESTED:          0 ISSUED:          0 USEFUL:          0 USELESS:          0
cpu1->cpu1_ITLB AVERAGE MISS LATENCY: 241 cycles
cpu1->cpu1_DTLB TOTAL        ACCESS:   26679064 HIT:   26642795 MISS:      36269 MSHR_MERGE:       1623
cpu1->cpu1_DTLB LOAD         ACCESS:   26679064 HIT:   26642795 MISS:      36269 MSHR_MERGE:       1623
cpu1->cpu1_DTLB RFO          ACCESS:          0 HIT:          0 MISS:          0 MSHR_MERGE:          0
cpu1->cpu1_DTLB PREFETCH     ACCESS:          0 HIT:          0 MISS:          0 MSHR_MERGE:          0
cpu1->cpu1_DTLB WRITE        ACCESS:          0 HIT:          0 MISS:          0 MSHR_MERGE:          0
cpu1->cpu1_DTLB TRANSLATION  ACCESS:          0 HIT:          0 MISS:          0 MSHR_MERGE:          0
cpu1->cpu1_DTLB PREFETCH REQUESTED:          0 ISSUED:          0 USEFUL:          0 USELESS:          0
cpu1->cpu1_DTLB AVERAGE MISS LATENCY: 5.195 cycles
cpu0->cpu0_STLB TOTAL        ACCESS:      34332 HIT:      34302 MISS:         30 MSHR_MERGE:          0
cpu0->cpu0_STLB LOAD         ACCESS:      34332 HIT:      34302 MISS:         30 MSHR_MERGE:          0
cpu0->cpu0_STLB RFO          ACCESS:          0 HIT:          0 MISS:          0 MSHR_MERGE:          0
cpu0->cpu0_STLB PREFETCH     ACCESS:          0 HIT:          0 MISS:          0 MSHR_MERGE:          0
cpu0->cpu0_STLB WRITE        ACCESS:          0 HIT:          0 MISS:          0 MSHR_MERGE:          0
cpu0->cpu0_STLB TRANSLATION  ACCESS:          0 HIT:          0 MISS:          0 MSHR_MERGE:          0
cpu0->cpu0_STLB PREFETCH REQUESTED:          0 ISSUED:          0 USEFUL:          0 USELESS:          0
cpu0->cpu0_STLB AVERAGE MISS LATENCY: 368.4 cycles
cpu0->cpu0_L2C TOTAL        ACCESS:    4831173 HIT:    1133337 MISS:    3697836 MSHR_MERGE:          0
cpu0->cpu0_L2C LOAD         ACCESS:    3745937 HIT:      48223 MISS:    3697714 MSHR_MERGE:          0
cpu0->cpu0_L2C RFO          ACCESS:        208 HIT:        116 MISS:         92 MSHR_MERGE:          0
cpu0->cpu0_L2C PREFETCH     ACCESS:          0 HIT:          0 MISS:          0 MSHR_MERGE:          0
cpu0->cpu0_L2C WRITE        ACCESS:    1084999 HIT:    1084998 MISS:          1 MSHR_MERGE:          0
cpu0->cpu0_L2C TRANSLATION  ACCESS:         29 HIT:          0 MISS:         29 MSHR_MERGE:          0
cpu0->cpu0_L2C PREFETCH REQUESTED:          0 ISSUED:          0 USEFUL:          0 USELESS:          0
cpu0->cpu0_L2C AVERAGE MISS LATENCY: 324.1 cycles
cpu0->cpu0_L1I TOTAL        ACCESS:   16797102 HIT:   16797017 MISS:         85 MSHR_MERGE:         40
cpu0->cpu0_L1I LOAD         ACCESS:   16797102 HIT:   16797017 MISS:         85 MSHR_MERGE:         40
cpu0->cpu0_L1I RFO          ACCESS:          0 HIT:          0 MISS:          0 MSHR_MERGE:          0
cpu0->cpu0_L1I PREFETCH     ACCESS:          0 HIT:          0 MISS:          0 MSHR_MERGE:          0
cpu0->cpu0_L1I WRITE        ACCESS:          0 HIT:          0 MISS:          0 MSHR_MERGE:          0
cpu0->cpu0_L1I TRANSLATION  ACCESS:          0 HIT:          0 MISS:          0 MSHR_MERGE:          0
cpu0->cpu0_L1I PREFETCH REQUESTED:          0 ISSUED:          0 USEFUL:          0 USELESS:          0
cpu0->cpu0_L1I AVERAGE MISS LATENCY: 366.2 cycles
cpu0->cpu0_L1D TOTAL        ACCESS:   28406866 HIT:   18922550 MISS:    9484316 MSHR_MERGE:    5738186
cpu0->cpu0_L1D LOAD         ACCESS:   20963067 HIT:   11479031 MISS:    9484036 MSHR_MERGE:    5738144
cpu0->cpu0_L1D RFO          ACCESS:          0 HIT:          0 MISS:          0 MSHR_MERGE:          0
cpu0->cpu0_L1D PREFETCH     ACCESS:          0 HIT:          0 MISS:          0 MSHR_MERGE:          0
cpu0->cpu0_L1D WRITE        ACCESS:    7443769 HIT:    7443518 MISS:        251 MSHR_MERGE:         42
cpu0->cpu0_L1D TRANSLATION  ACCESS:         30 HIT:          1 MISS:         29 MSHR_MERGE:          0
cpu0->cpu0_L1D PREFETCH REQUESTED:          0 ISSUED:          0 USEFUL:          0 USELESS:          0
cpu0->cpu0_L1D AVERAGE MISS LATENCY: 328.9 cycles
cpu0->cpu0_ITLB TOTAL        ACCESS:   14760651 HIT:   14760644 MISS:          7 MSHR_MERGE:          6
cpu0->cpu0_ITLB LOAD         ACCESS:   14760651 HIT:   14760644 MISS:          7 MSHR_MERGE:          6
cpu0->cpu0_ITLB RFO          ACCESS:          0 HIT:          0 MISS:          0 MSHR_MERGE:          0
cpu0->cpu0_ITLB PREFETCH     ACCESS:          0 HIT:          0 MISS:          0 MSHR_MERGE:          0
cpu0->cpu0_ITLB WRITE        ACCESS:          0 HIT:          0 MISS:          0 MSHR_MERGE:          0
cpu0->cpu0_ITLB TRANSLATION  ACCESS:          0 HIT:          0 MISS:          0 MSHR_MERGE:          0
cpu0->cpu0_ITLB PREFETCH REQUESTED:          0 ISSUED:          0 USEFUL:          0 USELESS:          0
cpu0->cpu0_ITLB AVERAGE MISS LATENCY: 1351 cycles
cpu0->cpu0_DTLB TOTAL        ACCESS:   26731061 HIT:   26695131 MISS:      35930 MSHR_MERGE:       1599
cpu0->cpu0_DTLB LOAD         ACCESS:   26731061 HIT:   26695131 MISS:      35930 MSHR_MERGE:       1599
cpu0->cpu0_DTLB RFO          ACCESS:          0 HIT:          0 MISS:          0 MSHR_MERGE:          0
cpu0->cpu0_DTLB PREFETCH     ACCESS:          0 HIT:          0 MISS:          0 MSHR_MERGE:          0
cpu0->cpu0_DTLB WRITE        ACCESS:          0 HIT:          0 MISS:          0 MSHR_MERGE:          0
cpu0->cpu0_DTLB TRANSLATION  ACCESS:          0 HIT:          0 MISS:          0 MSHR_MERGE:          0
cpu0->cpu0_DTLB PREFETCH REQUESTED:          0 ISSUED:          0 USEFUL:          0 USELESS:          0
cpu0->cpu0_DTLB AVERAGE MISS LATENCY: 5.284 cycles
cpu0->LLC TOTAL        ACCESS:    4782932 HIT:    1166394 MISS:    3616538 MSHR_MERGE:          0
cpu0->LLC LOAD         ACCESS:    3697715 HIT:      83737 MISS:    3613978 MSHR_MERGE:          0
cpu0->LLC RFO          ACCESS:         92 HIT:          0 MISS:         92 MSHR_MERGE:          0
cpu0->LLC PREFETCH     ACCESS:          0 HIT:          0 MISS:          0 MSHR_MERGE:          0
cpu0->LLC WRITE        ACCESS:    1085096 HIT:    1082641 MISS:       2455 MSHR_MERGE:          0
cpu0->LLC TRANSLATION  ACCESS:         29 HIT:         16 MISS:         13 MSHR_MERGE:          0
cpu0->LLC PREFETCH REQUESTED:          0 ISSUED:          0 USEFUL:          0 USELESS:          0
cpu0->LLC AVERAGE MISS LATENCY: 2534 cycles
cpu1->LLC TOTAL        ACCESS:    4792640 HIT:    1156989 MISS:    3635651 MSHR_MERGE:          0
cpu1->LLC LOAD         ACCESS:    3707051 HIT:      72891 MISS:    3634160 MSHR_MERGE:          0
cpu1->LLC RFO          ACCESS:         90 HIT:          0 MISS:         90 MSHR_MERGE:          0
cpu1->LLC PREFETCH     ACCESS:          0 HIT:          0 MISS:          0 MSHR_MERGE:          0
cpu1->LLC WRITE        ACCESS:    1085470 HIT:    1084069 MISS:       1401 MSHR_MERGE:          0
cpu1->LLC TRANSLATION  ACCESS:         29 HIT:         29 MISS:          0 MSHR_MERGE:          0
cpu1->LLC PREFETCH REQUESTED:          0 ISSUED:          0 USEFUL:          0 USELESS:          0
cpu1->LLC AVERAGE MISS LATENCY: 2521 cycles
cpu2->LLC TOTAL        ACCESS:    4799700 HIT:    1156408 MISS:    3643292 MSHR_MERGE:          0
cpu2->LLC LOAD         ACCESS:    3713909 HIT:      72287 MISS:    3641622 MSHR_MERGE:          0
cpu2->LLC RFO          ACCESS:         90 HIT:          0 MISS:         90 MSHR_MERGE:          0
cpu2->LLC PREFETCH     ACCESS:          0 HIT:          0 MISS:          0 MSHR_MERGE:          0
cpu2->LLC WRITE        ACCESS:    1085672 HIT:    1084092 MISS:       1580 MSHR_MERGE:          0
cpu2->LLC TRANSLATION  ACCESS:         29 HIT:         29 MISS:          0 MSHR_MERGE:          0
cpu2->LLC PREFETCH REQUESTED:          0 ISSUED:          0 USEFUL:          0 USELESS:          0
cpu2->LLC AVERAGE MISS LATENCY: 2515 cycles
cpu3->LLC TOTAL        ACCESS:    4804507 HIT:    1155091 MISS:    3649416 MSHR_MERGE:          0
cpu3->LLC LOAD         ACCESS:    3718513 HIT:      70299 MISS:    3648214 MSHR_MERGE:          0
cpu3->LLC RFO          ACCESS:         89 HIT:          0 MISS:         89 MSHR_MERGE:          0
cpu3->LLC PREFETCH     ACCESS:          0 HIT:          0 MISS:          0 MSHR_MERGE:          0
cpu3->LLC WRITE        ACCESS:    1085876 HIT:    1084763 MISS:       1113 MSHR_MERGE:          0
cpu3->LLC TRANSLATION  ACCESS:         29 HIT:         29 MISS:          0 MSHR_MERGE:          0
cpu3->LLC PREFETCH REQUESTED:          0 ISSUED:          0 USEFUL:          0 USELESS:          0
cpu3->LLC AVERAGE MISS LATENCY: 2511 cycles
cpu4->LLC TOTAL        ACCESS:    4805263 HIT:    1157146 MISS:    3648117 MSHR_MERGE:          0
cpu4->LLC LOAD         ACCESS:    3719189 HIT:      71981 MISS:    3647208 MSHR_MERGE:          0
cpu4->LLC RFO          ACCESS:         87 HIT:          0 MISS:         87 MSHR_MERGE:          0
cpu4->LLC PREFETCH     ACCESS:          0 HIT:          0 MISS:          0 MSHR_MERGE:          0
cpu4->LLC WRITE        ACCESS:    1085957 HIT:    1085135 MISS:        822 MSHR_MERGE:          0
cpu4->LLC TRANSLATION  ACCESS:         30 HIT:         30 MISS:          0 MSHR_MERGE:          0
cpu4->LLC PREFETCH REQUESTED:          0 ISSUED:          0 USEFUL:          0 USELESS:          0
cpu4->LLC AVERAGE MISS LATENCY: 2512 cycles
cpu5->LLC TOTAL        ACCESS:    4808229 HIT:    1156712 MISS:    3651517 MSHR_MERGE:          0
cpu5->LLC LOAD         ACCESS:    3722127 HIT:      71588 MISS:    3650539 MSHR_MERGE:          0
cpu5->LLC RFO          ACCESS:         89 HIT:          0 MISS:         89 MSHR_MERGE:          0
cpu5->LLC PREFETCH     ACCESS:          0 HIT:          0 MISS:          0 MSHR_MERGE:          0
cpu5->LLC WRITE        ACCESS:    1085983 HIT:    1085094 MISS:        889 MSHR_MERGE:          0
cpu5->LLC TRANSLATION  ACCESS:         30 HIT:         30 MISS:          0 MSHR_MERGE:          0
cpu5->LLC PREFETCH REQUESTED:          0 ISSUED:          0 USEFUL:          0 USELESS:          0
cpu5->LLC AVERAGE MISS LATENCY: 2510 cycles
cpu6->LLC TOTAL        ACCESS:    4805624 HIT:    1160469 MISS:    3645155 MSHR_MERGE:          0
cpu6->LLC LOAD         ACCESS:    3719518 HIT:      75007 MISS:    3644511 MSHR_MERGE:          0
cpu6->LLC RFO          ACCESS:         86 HIT:          0 MISS:         86 MSHR_MERGE:          0
cpu6->LLC PREFETCH     ACCESS:          0 HIT:          0 MISS:          0 MSHR_MERGE:          0
cpu6->LLC WRITE        ACCESS:    1085990 HIT:    1085432 MISS:        558 MSHR_MERGE:          0
cpu6->LLC TRANSLATION  ACCESS:         30 HIT:         30 MISS:          0 MSHR_MERGE:          0
cpu6->LLC PREFETCH REQUESTED:          0 ISSUED:          0 USEFUL:          0 USELESS:          0
cpu6->LLC AVERAGE MISS LATENCY: 2514 cycles
cpu7->LLC TOTAL        ACCESS:    4805829 HIT:    1161608 MISS:    3644221 MSHR_MERGE:          0
cpu7->LLC LOAD         ACCESS:    3719708 HIT:      76052 MISS:    3643656 MSHR_MERGE:          0
cpu7->LLC RFO          ACCESS:         86 HIT:          0 MISS:         86 MSHR_MERGE:          0
cpu7->LLC PREFETCH     ACCESS:          0 HIT:          0 MISS:          0 MSHR_MERGE:          0
cpu7->LLC WRITE        ACCESS:    1086005 HIT:    1085526 MISS:        479 MSHR_MERGE:          0
cpu7->LLC TRANSLATION  ACCESS:         30 HIT:         30 MISS:          0 MSHR_MERGE:          0
cpu7->LLC PREFETCH REQUESTED:          0 ISSUED:          0 USEFUL:          0 USELESS:          0
cpu7->LLC AVERAGE MISS LATENCY: 2515 cycles

DRAM Statistics

Channel 0 READ REQS:   14553830	WRITE REQS:    4343934
  READS:   14553828	READ_HITS:          0
  WRITES:    4343934	WRITE HITS:          0
  ACTIVATES:   18897764	PRECHARGES:   18897762
  RQ FULL:          0	WQ FULL:     135278
  WRITE DRAINS:     112649	FORCED:      89987
  MEAN WRITE IMBALANCE: 1.8481477864872302
  READ OCCU PRE DRAIN: 7.8901188647924085	POST DRAIN: 11.639268879439676
  MEAN BLP: 27.30327832470772	BGLP: 7.626565704089694
  READ LATENCY: 75.39579889222271
  TIME IN WRITE MODE: 18625206912

Channel 1 READ REQS:   14570780	WRITE REQS:    4344102
  READS:   14570780	READ_HITS:          0
  WRITES:    4344102	WRITE HITS:          0
  ACTIVATES:   18914882	PRECHARGES:   18914882
  RQ FULL:          0	WQ FULL:     135601
  WRITE DRAINS:     112655	FORCED:      91417
  MEAN WRITE IMBALANCE: 1.8483334073054902
  READ OCCU PRE DRAIN: 7.940508632550708	POST DRAIN: 11.925968665394345
  MEAN BLP: 27.27922418001864	BGLP: 7.607429763437042
  READ LATENCY: 75.82007826622872
  TIME IN WRITE MODE: 18626194912
BARD NON LRU EVICTS: 978308	TOTAL EVICTS: 40456232	EAGER WB: 6071738
---------------------------------------
Begin Slurm Epilog: Apr-09-2025 21:23:34
Job ID:        3709084
User ID:       svittal8
Account:       gts-mqureshi4-rg
Job name:      wrap
Resources:     cpu=1,mem=4G,node=1
Rsrc Used:     cput=06:41:11,vmem=0,walltime=06:41:11,mem=177836K,energy_used=0
Partition:     cpu-small
QOS:           inferno
Nodes:         atl1-1-02-018-17-2
---------------------------------------
