---------------------------------------
Begin Slurm Prolog: Apr-08-2025 22:51:47
Job ID:    3678390
User ID:   svittal8
Account:   gts-mqureshi4-rg
Job name:  wrap
Partition: cpu-small
QOS:       inferno
---------------------------------------
[VMEM] WARNING: physical memory size is smaller than virtual memory size.

*** ChampSim Multicore Out-of-Order Simulator ***
Warmup Instructions: 25000000
Simulation Instructions: 100000000
Number of CPUs: 8
Page size: 2097152

initializing BARD -- num sampled sets: 64, modulus = 256
CL :	 16.64 ns
CWL :	 15.808 ns
tRP :	 16.224 ns
tRCD :	 16.224 ns
tRAS :	 32.032000000000004 ns
tRTP :	 7.904 ns
tWR :	 30.368000000000002 ns

tCCD_S :	 3.3280000000000003 ns
tCCD_S_WR :	 3.3280000000000003 ns
tCCD_S_WTR :	 22.048000000000002 ns
tCCD_L :	 5.408 ns
tCCD_L_WR :	 20.384 ns
tCCD_L_WTR :	 29.536 ns
tRRD_S :	 3.3280000000000003 ns
tRRD_L :	 5.408 ns
tFAW :	 13.728 ns
Address mapping (perm = 1) 	ch co bg bg bg ba ba co co co co co co ro ro ro ro ro ro ro ro ro ro ro ro ro ro ro 
dram queue size: R = 64 W = 48 (low:high is 8:48)
num evicts: 0, p: 0, s: 0 	 max proactive lookup: 8, max shadow lookup: 8
	evict counters: 128 128 128 128 128 128 128 128 128 128 128 128 128 128 128 128
	eager counters: 128 128 128 128 128 128 128 128 128 128 128 128 128 128 128 128
num evicts: 100000, p: 27686, s: 2723 	 max proactive lookup: 8, max shadow lookup: 8
	evict counters: 154 151 146 138 142 132 130 129 127 127 126 124 126 119 124 122
	eager counters: 152 149 145 140 143 134 132 128 129 129 130 128 130 128 128 128
num evicts: 200000, p: 51202, s: 7651 	 max proactive lookup: 8, max shadow lookup: 8
	evict counters: 185 174 166 153 155 146 144 140 134 128 122 126 125 111 112 115
	eager counters: 177 167 161 149 148 143 136 134 130 132 130 128 131 129 128 129
num evicts: 300000, p: 78610, s: 15889 	 max proactive lookup: 8, max shadow lookup: 8
	evict counters: 209 197 192 175 168 166 162 151 141 142 134 130 118 103 102 103
	eager counters: 199 185 182 169 159 162 150 147 139 145 147 135 137 133 129 131
num evicts: 400000, p: 103660, s: 18454 	 max proactive lookup: 8, max shadow lookup: 8
	evict counters: 227 231 223 195 182 185 175 167 155 155 143 124 119 104 99 100
	eager counters: 216 217 211 187 173 176 160 157 150 156 155 137 145 135 131 135
num evicts: 500000, p: 123701, s: 31043 	 max proactive lookup: 8, max shadow lookup: 8
	evict counters: 251 254 245 214 200 199 191 181 168 165 151 122 126 102 102 98
	eager counters: 233 234 229 203 186 184 173 172 160 165 160 145 151 139 133 135
num evicts: 600000, p: 157337, s: 32804 	 max proactive lookup: 8, max shadow lookup: 8
	evict counters: 255 255 255 235 215 212 218 192 185 179 151 127 131 94 95 98
	eager counters: 255 255 242 224 201 197 199 182 174 181 166 148 156 142 137 138
num evicts: 700000, p: 179236, s: 45859 	 max proactive lookup: 8, max shadow lookup: 8
	evict counters: 255 255 255 251 222 227 235 201 206 193 158 128 131 91 91 31
	eager counters: 255 255 255 233 206 210 211 190 188 193 172 152 164 145 139 138
num evicts: 800000, p: 212713, s: 50759 	 max proactive lookup: 8, max shadow lookup: 8
	evict counters: 255 255 255 255 243 242 251 209 216 195 166 129 135 95 86 17
	eager counters: 255 255 255 247 229 227 229 200 199 202 182 156 170 149 142 138
num evicts: 900000, p: 234345, s: 67046 	 max proactive lookup: 8, max shadow lookup: 8
	evict counters: 255 255 255 255 255 255 255 224 227 205 178 131 134 95 80 11
	eager counters: 255 255 255 255 241 240 239 205 208 210 189 159 173 149 143 138
num evicts: 1000000, p: 268987, s: 78862 	 max proactive lookup: 8, max shadow lookup: 8
	evict counters: 255 255 255 255 255 255 255 236 231 215 185 132 138 95 80 1
	eager counters: 255 255 255 255 255 255 251 219 217 224 199 166 179 155 145 138
num evicts: 1100000, p: 292006, s: 94705 	 max proactive lookup: 8, max shadow lookup: 8
	evict counters: 255 255 255 255 255 255 255 255 244 227 195 141 137 91 81 3
	eager counters: 255 255 255 255 255 255 255 234 224 231 204 171 185 158 146 138
num evicts: 1200000, p: 320585, s: 117338 	 max proactive lookup: 8, max shadow lookup: 8
	evict counters: 255 255 255 255 255 255 255 255 255 231 200 149 135 92 79 2
	eager counters: 255 255 255 255 255 255 255 255 238 239 212 179 189 161 149 139
num evicts: 1300000, p: 342175, s: 128600 	 max proactive lookup: 8, max shadow lookup: 8
	evict counters: 255 255 255 255 255 255 255 255 255 241 212 152 135 91 81 0
	eager counters: 255 255 255 255 255 255 255 255 248 246 221 180 192 164 153 139
num evicts: 1400000, p: 362041, s: 153985 	 max proactive lookup: 8, max shadow lookup: 8
	evict counters: 255 255 255 255 255 255 255 255 255 255 222 163 133 92 77 0
	eager counters: 255 255 255 255 255 255 255 255 255 255 231 191 194 170 156 139
num evicts: 1500000, p: 387216, s: 163818 	 max proactive lookup: 8, max shadow lookup: 8
	evict counters: 255 255 255 255 255 255 255 255 255 255 231 167 134 94 77 0
	eager counters: 255 255 255 255 255 255 255 255 255 255 238 197 199 174 158 139
num evicts: 1600000, p: 403604, s: 192605 	 max proactive lookup: 8, max shadow lookup: 8
	evict counters: 255 255 255 255 255 255 255 255 255 253 233 172 135 97 76 0
	eager counters: 255 255 255 255 255 255 255 255 255 255 243 204 200 175 158 140
num evicts: 1700000, p: 430975, s: 200126 	 max proactive lookup: 8, max shadow lookup: 8
	evict counters: 255 255 254 255 255 255 253 255 255 255 238 178 134 95 74 1
	eager counters: 255 255 255 255 255 255 255 255 255 255 249 217 203 177 162 140
num evicts: 1800000, p: 446664, s: 228099 	 max proactive lookup: 8, max shadow lookup: 8
	evict counters: 255 255 255 255 255 255 255 255 255 255 243 184 134 88 65 4
	eager counters: 255 255 255 255 255 255 255 255 255 255 253 222 205 179 163 140
num evicts: 1900000, p: 476182, s: 240145 	 max proactive lookup: 8, max shadow lookup: 8
	evict counters: 255 255 255 255 255 255 255 255 253 255 253 22 136 82 68 0
	eager counters: 255 255 255 255 255 255 255 255 255 255 255 224 211 182 166 142
num evicts: 2000000, p: 493113, s: 264396 	 max proactive lookup: 8, max shadow lookup: 8
	evict counters: 255 255 255 255 255 255 255 255 255 255 255 19 135 71 64 2
	eager counters: 255 255 255 255 255 255 255 255 255 255 255 226 215 182 168 142
Heartbeat CPU 0 instructions: 10000004 cycles: 4280006 heartbeat IPC: 2.336 cumulative IPC: 2.336 (Simulation time: 00 hr 09 min 16 sec)
Heartbeat CPU 1 instructions: 10000004 cycles: 4280640 heartbeat IPC: 2.336 cumulative IPC: 2.336 (Simulation time: 00 hr 09 min 16 sec)
Heartbeat CPU 2 instructions: 10000004 cycles: 4280994 heartbeat IPC: 2.336 cumulative IPC: 2.336 (Simulation time: 00 hr 09 min 16 sec)
Heartbeat CPU 3 instructions: 10000004 cycles: 4281187 heartbeat IPC: 2.336 cumulative IPC: 2.336 (Simulation time: 00 hr 09 min 16 sec)
Heartbeat CPU 4 instructions: 10000004 cycles: 4281508 heartbeat IPC: 2.336 cumulative IPC: 2.336 (Simulation time: 00 hr 09 min 17 sec)
Heartbeat CPU 5 instructions: 10000004 cycles: 4281605 heartbeat IPC: 2.336 cumulative IPC: 2.336 (Simulation time: 00 hr 09 min 17 sec)
Heartbeat CPU 6 instructions: 10000004 cycles: 4281732 heartbeat IPC: 2.336 cumulative IPC: 2.336 (Simulation time: 00 hr 09 min 17 sec)
Heartbeat CPU 7 instructions: 10000004 cycles: 4281822 heartbeat IPC: 2.335 cumulative IPC: 2.335 (Simulation time: 00 hr 09 min 17 sec)
num evicts: 2100000, p: 519740, s: 283622 	 max proactive lookup: 8, max shadow lookup: 8
	evict counters: 255 255 255 255 255 255 255 255 254 254 255 23 138 71 61 2
	eager counters: 255 255 255 255 255 255 255 255 255 255 255 234 223 184 169 143
num evicts: 2200000, p: 537950, s: 303355 	 max proactive lookup: 8, max shadow lookup: 8
	evict counters: 255 255 255 255 255 255 255 255 255 255 254 29 140 80 61 0
	eager counters: 255 255 255 255 255 255 255 255 255 255 255 237 228 186 172 144
num evicts: 2300000, p: 560675, s: 326998 	 max proactive lookup: 8, max shadow lookup: 8
	evict counters: 255 255 255 255 255 255 255 255 255 255 255 32 138 78 57 0
	eager counters: 255 255 255 255 255 255 255 255 255 255 255 246 231 192 174 144
num evicts: 2400000, p: 583038, s: 341050 	 max proactive lookup: 8, max shadow lookup: 8
	evict counters: 255 255 255 255 255 255 255 255 255 255 255 34 137 76 52 1
	eager counters: 255 255 255 255 255 255 255 255 255 255 255 250 235 192 174 146
num evicts: 2500000, p: 603248, s: 369977 	 max proactive lookup: 8, max shadow lookup: 8
	evict counters: 255 255 255 255 255 255 255 255 255 255 255 31 142 74 54 1
	eager counters: 255 255 255 255 255 255 255 255 255 255 255 255 239 195 177 146
num evicts: 2600000, p: 629606, s: 381429 	 max proactive lookup: 8, max shadow lookup: 8
	evict counters: 255 255 255 255 255 255 255 255 255 255 254 42 130 78 53 0
	eager counters: 255 255 255 255 255 255 255 255 255 255 255 255 239 198 179 148
num evicts: 2700000, p: 643970, s: 413313 	 max proactive lookup: 8, max shadow lookup: 8
	evict counters: 255 255 255 255 255 255 255 255 255 255 254 47 134 73 48 0
	eager counters: 255 255 255 255 255 255 255 255 255 255 255 255 247 199 181 148
num evicts: 2800000, p: 672479, s: 423125 	 max proactive lookup: 8, max shadow lookup: 8
	evict counters: 255 255 255 255 255 255 255 255 253 255 27 49 134 63 49 2
	eager counters: 255 255 255 255 255 255 255 255 255 255 255 255 251 202 183 148
num evicts: 2900000, p: 689244, s: 450164 	 max proactive lookup: 8, max shadow lookup: 8
	evict counters: 255 255 255 255 255 255 255 255 255 255 33 56 138 66 43 1
	eager counters: 255 255 255 255 255 255 255 255 255 255 255 255 255 207 184 149
num evicts: 3000000, p: 718736, s: 463534 	 max proactive lookup: 8, max shadow lookup: 8
	evict counters: 255 255 255 254 255 255 255 255 255 255 42 60 134 65 40 1
	eager counters: 255 255 255 255 255 255 255 255 255 255 255 255 255 210 188 149
num evicts: 3100000, p: 735221, s: 488795 	 max proactive lookup: 8, max shadow lookup: 8
	evict counters: 255 255 255 255 255 255 255 255 255 255 47 13 140 64 33 0
	eager counters: 255 255 255 255 255 255 255 255 255 255 255 255 255 213 190 151
num evicts: 3200000, p: 761363, s: 506278 	 max proactive lookup: 8, max shadow lookup: 8
	evict counters: 255 255 255 255 255 255 255 255 254 255 54 14 146 73 22 0
	eager counters: 255 255 255 255 255 255 255 255 255 255 255 255 255 218 190 151
num evicts: 3300000, p: 781016, s: 526998 	 max proactive lookup: 8, max shadow lookup: 8
	evict counters: 255 255 255 255 255 255 255 255 255 254 64 20 156 79 20 8
	eager counters: 255 255 255 255 255 255 255 255 255 255 255 255 255 218 190 151
num evicts: 3400000, p: 806303, s: 551533 	 max proactive lookup: 8, max shadow lookup: 8
	evict counters: 255 255 255 255 255 255 255 255 255 255 75 20 153 72 14 9
	eager counters: 255 255 255 255 255 255 255 255 255 255 255 255 255 219 192 154
num evicts: 3500000, p: 827814, s: 568411 	 max proactive lookup: 8, max shadow lookup: 8
	evict counters: 255 255 255 255 255 255 255 255 255 255 81 22 149 78 9 0
	eager counters: 255 255 255 255 255 255 255 255 255 255 255 255 255 221 193 155
num evicts: 3600000, p: 845834, s: 602068 	 max proactive lookup: 8, max shadow lookup: 8
	evict counters: 255 255 255 255 255 255 255 255 255 255 88 33 150 77 14 0
	eager counters: 255 255 255 255 255 255 255 255 255 255 255 255 255 225 195 155
num evicts: 3700000, p: 872085, s: 616119 	 max proactive lookup: 8, max shadow lookup: 8
	evict counters: 255 255 255 255 255 255 255 255 255 255 97 45 152 76 16 2
	eager counters: 255 255 255 255 255 255 255 255 255 255 255 255 255 234 197 156
num evicts: 3800000, p: 885676, s: 654586 	 max proactive lookup: 8, max shadow lookup: 8
	evict counters: 255 255 255 255 255 255 255 255 255 254 105 43 157 83 6 5
	eager counters: 255 255 255 255 255 255 255 255 255 255 255 255 255 243 198 157
num evicts: 3900000, p: 913074, s: 669048 	 max proactive lookup: 8, max shadow lookup: 8
	evict counters: 255 255 255 254 255 255 255 255 255 255 115 49 155 80 6 2
	eager counters: 255 255 255 255 255 255 255 255 255 255 255 255 255 246 200 157
num evicts: 4000000, p: 926996, s: 704286 	 max proactive lookup: 8, max shadow lookup: 8
	evict counters: 255 255 255 255 255 255 255 255 255 255 127 51 156 72 0 1
	eager counters: 255 255 255 255 255 255 255 255 255 255 255 255 255 248 203 157
num evicts: 4100000, p: 949671, s: 721972 	 max proactive lookup: 8, max shadow lookup: 8
	evict counters: 255 255 255 255 255 253 255 255 255 255 133 55 157 66 0 1
	eager counters: 255 255 255 255 255 255 255 255 255 255 255 255 255 251 204 158
num evicts: 4200000, p: 964233, s: 750421 	 max proactive lookup: 8, max shadow lookup: 8
	evict counters: 255 255 255 255 255 255 255 255 255 255 138 60 162 75 5 1
	eager counters: 255 255 255 255 255 255 255 255 255 255 255 255 255 251 205 159
num evicts: 4300000, p: 987004, s: 769965 	 max proactive lookup: 8, max shadow lookup: 8
	evict counters: 255 255 255 255 255 255 255 254 255 254 142 69 165 74 2 4
	eager counters: 255 255 255 255 255 255 255 255 255 255 255 255 255 255 207 160
num evicts: 4400000, p: 1004525, s: 791173 	 max proactive lookup: 8, max shadow lookup: 8
	evict counters: 255 255 255 255 255 255 255 255 255 255 160 69 163 78 2 0
	eager counters: 255 255 255 255 255 255 255 255 255 255 255 255 255 255 211 161
Heartbeat CPU 0 instructions: 20000004 cycles: 8613351 heartbeat IPC: 2.308 cumulative IPC: 2.322 (Simulation time: 00 hr 18 min 33 sec)
Heartbeat CPU 1 instructions: 20000004 cycles: 8614769 heartbeat IPC: 2.307 cumulative IPC: 2.322 (Simulation time: 00 hr 18 min 33 sec)
Heartbeat CPU 2 instructions: 20000004 cycles: 8615257 heartbeat IPC: 2.307 cumulative IPC: 2.321 (Simulation time: 00 hr 18 min 33 sec)
Heartbeat CPU 3 instructions: 20000004 cycles: 8615498 heartbeat IPC: 2.307 cumulative IPC: 2.321 (Simulation time: 00 hr 18 min 33 sec)
Heartbeat CPU 4 instructions: 20000004 cycles: 8615692 heartbeat IPC: 2.307 cumulative IPC: 2.321 (Simulation time: 00 hr 18 min 33 sec)
Heartbeat CPU 5 instructions: 20000004 cycles: 8615876 heartbeat IPC: 2.307 cumulative IPC: 2.321 (Simulation time: 00 hr 18 min 33 sec)
Heartbeat CPU 6 instructions: 20000004 cycles: 8616069 heartbeat IPC: 2.307 cumulative IPC: 2.321 (Simulation time: 00 hr 18 min 33 sec)
Heartbeat CPU 7 instructions: 20000004 cycles: 8616247 heartbeat IPC: 2.307 cumulative IPC: 2.321 (Simulation time: 00 hr 18 min 33 sec)
num evicts: 4500000, p: 1027337, s: 815537 	 max proactive lookup: 8, max shadow lookup: 8
	evict counters: 255 255 255 255 255 255 255 255 255 255 172 77 161 82 0 2
	eager counters: 255 255 255 255 255 255 255 255 255 255 255 255 255 255 217 161
num evicts: 4600000, p: 1047931, s: 832758 	 max proactive lookup: 8, max shadow lookup: 8
	evict counters: 255 255 255 255 255 255 255 255 255 255 175 85 165 81 8 1
	eager counters: 255 255 255 255 255 255 255 255 255 255 255 255 255 255 218 161
num evicts: 4700000, p: 1065820, s: 862572 	 max proactive lookup: 8, max shadow lookup: 8
	evict counters: 255 255 255 255 255 255 37 255 255 255 182 89 167 79 3 4
	eager counters: 255 255 255 255 255 255 255 255 255 255 255 255 255 255 219 161
num evicts: 4800000, p: 1087760, s: 875990 	 max proactive lookup: 8, max shadow lookup: 8
	evict counters: 255 255 255 255 255 255 59 255 255 255 190 90 168 77 0 3
	eager counters: 255 255 255 255 255 255 255 255 255 255 255 255 255 255 220 161
num evicts: 4900000, p: 1102314, s: 908687 	 max proactive lookup: 8, max shadow lookup: 8
	evict counters: 255 255 255 255 255 255 59 255 255 255 197 96 173 81 2 2
	eager counters: 255 255 255 255 255 255 255 255 255 255 255 255 255 255 221 162
num evicts: 5000000, p: 1131904, s: 920393 	 max proactive lookup: 8, max shadow lookup: 8
	evict counters: 255 255 255 255 255 255 28 255 255 255 202 107 172 76 4 0
	eager counters: 255 255 255 255 255 255 255 255 255 255 255 255 255 255 222 162
num evicts: 5100000, p: 1146511, s: 954495 	 max proactive lookup: 8, max shadow lookup: 8
	evict counters: 255 255 255 255 255 255 43 255 255 255 208 105 180 71 5 1
	eager counters: 255 255 255 255 255 255 255 255 255 255 255 255 255 255 225 163
num evicts: 5200000, p: 1173585, s: 971255 	 max proactive lookup: 8, max shadow lookup: 8
	evict counters: 255 255 255 255 255 255 49 255 255 253 213 107 180 67 2 1
	eager counters: 255 255 255 255 255 255 255 255 255 255 255 255 255 255 230 164
num evicts: 5300000, p: 1188030, s: 1001688 	 max proactive lookup: 8, max shadow lookup: 8
	evict counters: 255 255 255 255 255 255 63 255 255 255 223 118 182 67 3 3
	eager counters: 255 255 255 255 255 255 255 255 255 255 255 255 255 255 230 164
num evicts: 5400000, p: 1211837, s: 1023956 	 max proactive lookup: 8, max shadow lookup: 8
	evict counters: 255 255 255 255 255 255 75 255 255 255 234 117 181 65 1 1
	eager counters: 255 255 255 255 255 255 255 255 255 255 255 255 255 255 232 165
num evicts: 5500000, p: 1227795, s: 1050183 	 max proactive lookup: 8, max shadow lookup: 8
	evict counters: 255 255 255 255 255 255 94 255 255 255 242 128 183 65 2 3
	eager counters: 255 255 255 255 255 255 255 255 255 255 255 255 255 255 233 166
Warmup finished CPU 0 instructions: 25000004 cycles: 10779054 cumulative IPC: 2.319 (Simulation time: 00 hr 23 min 05 sec)
Warmup finished CPU 1 instructions: 25000004 cycles: 10781016 cumulative IPC: 2.319 (Simulation time: 00 hr 23 min 06 sec)
Warmup finished CPU 2 instructions: 25000004 cycles: 10781505 cumulative IPC: 2.319 (Simulation time: 00 hr 23 min 06 sec)
Warmup finished CPU 3 instructions: 25000004 cycles: 10781834 cumulative IPC: 2.319 (Simulation time: 00 hr 23 min 06 sec)
Warmup finished CPU 4 instructions: 25000004 cycles: 10782004 cumulative IPC: 2.319 (Simulation time: 00 hr 23 min 06 sec)
Warmup finished CPU 5 instructions: 25000004 cycles: 10782252 cumulative IPC: 2.319 (Simulation time: 00 hr 23 min 06 sec)
Warmup finished CPU 6 instructions: 25000004 cycles: 10782381 cumulative IPC: 2.319 (Simulation time: 00 hr 23 min 06 sec)
Warmup finished CPU 7 instructions: 25000004 cycles: 10782582 cumulative IPC: 2.319 (Simulation time: 00 hr 23 min 06 sec)
Warmup complete CPU 7 instructions: 25000004 cycles: 10782582 cumulative IPC: 2.319 (Simulation time: 00 hr 23 min 06 sec)
Warmup complete CPU 6 instructions: 25000374 cycles: 10782582 cumulative IPC: 2.319 (Simulation time: 00 hr 23 min 06 sec)
Warmup complete CPU 5 instructions: 25000694 cycles: 10782582 cumulative IPC: 2.319 (Simulation time: 00 hr 23 min 06 sec)
Warmup complete CPU 4 instructions: 25001269 cycles: 10782582 cumulative IPC: 2.319 (Simulation time: 00 hr 23 min 06 sec)
Warmup complete CPU 3 instructions: 25001509 cycles: 10782582 cumulative IPC: 2.319 (Simulation time: 00 hr 23 min 06 sec)
Warmup complete CPU 2 instructions: 25002229 cycles: 10782582 cumulative IPC: 2.319 (Simulation time: 00 hr 23 min 06 sec)
Warmup complete CPU 1 instructions: 25003349 cycles: 10782582 cumulative IPC: 2.319 (Simulation time: 00 hr 23 min 06 sec)
Warmup complete CPU 0 instructions: 25007509 cycles: 10782582 cumulative IPC: 2.319 (Simulation time: 00 hr 23 min 06 sec)
num evicts: 5600000, p: 1247748, s: 1075158 	 max proactive lookup: 8, max shadow lookup: 8
	evict counters: 255 255 255 255 255 255 108 255 255 255 254 137 190 65 0 1
	eager counters: 255 255 255 255 255 255 255 255 255 255 255 255 255 255 235 169
num evicts: 5700000, p: 1264986, s: 1091489 	 max proactive lookup: 8, max shadow lookup: 8
	evict counters: 255 255 255 255 255 255 121 255 255 254 254 138 196 62 8 1
	eager counters: 255 255 255 255 255 255 255 255 255 255 255 255 255 255 235 170
num evicts: 5800000, p: 1283513, s: 1119306 	 max proactive lookup: 8, max shadow lookup: 8
	evict counters: 255 255 255 255 255 255 138 255 255 255 255 137 198 63 3 2
	eager counters: 255 255 255 255 255 255 255 255 255 255 255 255 255 255 237 170
num evicts: 5900000, p: 1308257, s: 1131780 	 max proactive lookup: 8, max shadow lookup: 8
	evict counters: 255 255 255 255 255 255 155 255 255 255 255 140 200 63 8 0
	eager counters: 255 255 255 255 255 255 255 255 255 255 255 255 255 255 242 170
num evicts: 6000000, p: 1323294, s: 1166033 	 max proactive lookup: 8, max shadow lookup: 8
	evict counters: 255 255 255 255 255 255 167 255 255 255 255 148 199 63 3 1
	eager counters: 255 255 255 255 255 255 255 255 255 255 255 255 255 255 244 172
num evicts: 6100000, p: 1349998, s: 1176654 	 max proactive lookup: 8, max shadow lookup: 8
	evict counters: 255 255 255 254 255 255 182 255 254 255 253 148 194 68 2 5
	eager counters: 255 255 255 255 255 255 255 255 255 255 255 255 255 255 244 175
num evicts: 6200000, p: 1364147, s: 1207731 	 max proactive lookup: 8, max shadow lookup: 8
	evict counters: 255 255 255 255 255 255 197 255 255 255 254 158 194 70 2 0
	eager counters: 255 255 255 255 255 255 255 255 255 255 255 255 255 255 244 175
num evicts: 6300000, p: 1389406, s: 1219886 	 max proactive lookup: 8, max shadow lookup: 8
	evict counters: 255 255 255 255 254 255 212 255 255 255 255 154 201 70 0 0
	eager counters: 255 255 255 255 255 255 255 255 255 255 255 255 255 255 247 175
num evicts: 6400000, p: 1405899, s: 1245808 	 max proactive lookup: 8, max shadow lookup: 8
	evict counters: 255 255 255 255 255 255 224 255 255 255 253 153 203 71 2 0
	eager counters: 255 255 255 255 255 255 255 255 255 255 255 255 255 255 249 175
num evicts: 6500000, p: 1432061, s: 1262853 	 max proactive lookup: 8, max shadow lookup: 8
	evict counters: 255 255 255 255 255 255 236 30 255 255 255 158 202 70 2 0
	eager counters: 255 255 255 255 255 255 255 255 255 255 255 255 255 255 251 177
num evicts: 6600000, p: 1449516, s: 1285835 	 max proactive lookup: 8, max shadow lookup: 8
	evict counters: 255 255 255 255 255 255 254 46 255 255 255 166 210 62 0 2
	eager counters: 255 255 255 255 255 255 255 255 255 255 255 255 255 255 254 177
num evicts: 6700000, p: 1472672, s: 1309299 	 max proactive lookup: 8, max shadow lookup: 8
	evict counters: 255 255 255 255 255 255 255 51 255 254 253 170 208 58 5 1
	eager counters: 255 255 255 255 255 255 255 255 255 255 255 255 255 255 255 178
Heartbeat CPU 2 instructions: 30000008 cycles: 27923249 heartbeat IPC: 0.5179 cumulative IPC: 0.2916 (Simulation time: 00 hr 40 min 39 sec)
Heartbeat CPU 0 instructions: 30000008 cycles: 27927185 heartbeat IPC: 0.5178 cumulative IPC: 0.2912 (Simulation time: 00 hr 40 min 39 sec)
Heartbeat CPU 4 instructions: 30000008 cycles: 27945180 heartbeat IPC: 0.5173 cumulative IPC: 0.2913 (Simulation time: 00 hr 40 min 40 sec)
Heartbeat CPU 3 instructions: 30000008 cycles: 27957376 heartbeat IPC: 0.517 cumulative IPC: 0.291 (Simulation time: 00 hr 40 min 41 sec)
Heartbeat CPU 6 instructions: 30000008 cycles: 28007333 heartbeat IPC: 0.5157 cumulative IPC: 0.2903 (Simulation time: 00 hr 40 min 44 sec)
Heartbeat CPU 5 instructions: 30000008 cycles: 28044619 heartbeat IPC: 0.5147 cumulative IPC: 0.2896 (Simulation time: 00 hr 40 min 46 sec)
Heartbeat CPU 1 instructions: 30000008 cycles: 28045917 heartbeat IPC: 0.5146 cumulative IPC: 0.2894 (Simulation time: 00 hr 40 min 46 sec)
Heartbeat CPU 7 instructions: 30000008 cycles: 28047673 heartbeat IPC: 0.5146 cumulative IPC: 0.2896 (Simulation time: 00 hr 40 min 46 sec)
num evicts: 6800000, p: 1490935, s: 1325434 	 max proactive lookup: 8, max shadow lookup: 8
	evict counters: 255 255 255 255 255 255 255 17 255 255 254 177 208 57 2 0
	eager counters: 255 255 255 255 255 255 255 255 255 255 255 255 255 255 255 179
num evicts: 6900000, p: 1509025, s: 1350747 	 max proactive lookup: 8, max shadow lookup: 8
	evict counters: 255 255 255 255 255 255 255 40 255 254 253 185 213 56 6 0
	eager counters: 255 255 255 255 255 255 255 255 255 255 255 255 255 255 255 180
num evicts: 7000000, p: 1532485, s: 1362872 	 max proactive lookup: 8, max shadow lookup: 8
	evict counters: 255 255 255 255 255 255 255 54 255 255 255 189 218 55 1 0
	eager counters: 255 255 255 255 255 255 255 255 255 255 255 255 255 255 255 181
num evicts: 7100000, p: 1548221, s: 1391884 	 max proactive lookup: 8, max shadow lookup: 8
	evict counters: 255 255 255 255 255 255 255 65 255 254 255 193 226 51 0 0
	eager counters: 255 255 255 255 255 255 255 255 255 255 255 255 255 255 255 181
num evicts: 7200000, p: 1576325, s: 1399960 	 max proactive lookup: 8, max shadow lookup: 8
	evict counters: 255 255 255 255 255 255 255 81 255 255 253 201 229 52 0 1
	eager counters: 255 255 255 255 255 255 255 255 255 255 255 255 255 255 255 181
num evicts: 7300000, p: 1590991, s: 1430461 	 max proactive lookup: 8, max shadow lookup: 8
	evict counters: 255 255 255 255 255 255 255 95 255 255 253 204 232 47 2 7
	eager counters: 255 255 255 255 255 255 255 255 255 255 255 255 255 255 255 182
num evicts: 7400000, p: 1616745, s: 1440158 	 max proactive lookup: 8, max shadow lookup: 8
	evict counters: 255 255 255 255 255 255 255 114 254 254 254 22 225 46 5 1
	eager counters: 255 255 255 255 255 255 255 255 255 255 255 255 255 255 255 182
num evicts: 7500000, p: 1630626, s: 1464789 	 max proactive lookup: 8, max shadow lookup: 8
	evict counters: 255 255 255 255 255 255 255 133 255 255 255 31 226 44 1 1
	eager counters: 255 255 255 255 255 255 255 255 255 255 255 255 255 255 255 184
num evicts: 7600000, p: 1656623, s: 1477830 	 max proactive lookup: 8, max shadow lookup: 8
	evict counters: 255 255 255 255 255 255 255 144 255 255 255 29 224 41 4 0
	eager counters: 255 255 255 255 255 255 255 255 255 255 255 255 255 255 255 185
num evicts: 7700000, p: 1675966, s: 1500348 	 max proactive lookup: 8, max shadow lookup: 8
	evict counters: 255 255 255 255 255 255 255 160 255 255 255 27 222 36 1 2
	eager counters: 255 255 255 255 255 255 255 255 255 255 255 255 255 255 255 187
num evicts: 7800000, p: 1701306, s: 1525029 	 max proactive lookup: 8, max shadow lookup: 8
	evict counters: 255 255 255 255 255 255 255 176 255 254 249 32 227 30 5 2
	eager counters: 255 255 255 255 255 255 255 255 255 255 255 255 255 255 255 189
num evicts: 7900000, p: 1722496, s: 1544587 	 max proactive lookup: 8, max shadow lookup: 8
	evict counters: 255 255 255 255 255 255 255 195 255 255 255 41 229 33 1 2
	eager counters: 255 255 255 255 255 255 255 255 255 255 255 255 255 255 255 189
num evicts: 8000000, p: 1741517, s: 1577619 	 max proactive lookup: 8, max shadow lookup: 8
	evict counters: 255 255 255 255 255 255 255 209 255 255 255 33 228 27 1 1
	eager counters: 255 255 255 255 255 255 255 255 255 255 255 255 255 255 255 189
num evicts: 8100000, p: 1765254, s: 1594614 	 max proactive lookup: 8, max shadow lookup: 8
	evict counters: 255 255 255 255 255 255 255 226 255 254 255 37 229 22 0 3
	eager counters: 255 255 255 255 255 255 255 255 255 255 255 255 255 255 255 189
num evicts: 8200000, p: 1779764, s: 1631348 	 max proactive lookup: 8, max shadow lookup: 8
	evict counters: 255 255 255 255 255 255 255 243 255 255 253 43 229 29 0 4
	eager counters: 255 255 255 255 255 255 255 255 255 255 255 255 255 255 255 190
num evicts: 8300000, p: 1805839, s: 1646359 	 max proactive lookup: 8, max shadow lookup: 8
	evict counters: 255 255 255 255 255 255 254 255 254 255 255 52 34 22 0 6
	eager counters: 255 255 255 255 255 255 255 255 255 255 255 255 255 255 255 190
num evicts: 8400000, p: 1820443, s: 1680734 	 max proactive lookup: 8, max shadow lookup: 8
	evict counters: 255 255 255 255 255 255 255 255 255 255 255 54 28 23 0 3
	eager counters: 255 255 255 255 255 255 255 255 255 255 255 255 255 255 255 192
num evicts: 8500000, p: 1846911, s: 1696095 	 max proactive lookup: 8, max shadow lookup: 8
	evict counters: 255 255 255 255 255 255 255 255 254 255 252 59 23 20 4 1
	eager counters: 255 255 255 255 255 255 255 255 255 255 255 255 255 255 255 192
num evicts: 8600000, p: 1862125, s: 1726438 	 max proactive lookup: 8, max shadow lookup: 8
	evict counters: 255 255 255 255 255 255 255 255 255 254 254 46 25 17 2 2
	eager counters: 255 255 255 255 255 255 255 255 255 255 255 255 255 255 255 195
num evicts: 8700000, p: 1886405, s: 1744428 	 max proactive lookup: 8, max shadow lookup: 8
	evict counters: 255 255 255 255 255 255 255 254 251 252 255 50 29 8 2 1
	eager counters: 255 255 255 255 255 255 255 255 255 255 255 255 255 255 255 197
num evicts: 8800000, p: 1903177, s: 1768922 	 max proactive lookup: 8, max shadow lookup: 8
	evict counters: 255 255 255 255 255 255 255 255 255 255 253 52 31 2 3 2
	eager counters: 255 255 255 255 255 255 255 255 255 255 255 255 255 255 255 197
num evicts: 8900000, p: 1926498, s: 1793691 	 max proactive lookup: 8, max shadow lookup: 8
	evict counters: 255 255 255 255 255 255 255 253 255 254 254 55 30 3 2 3
	eager counters: 255 255 255 255 255 255 255 255 255 255 255 255 255 255 255 199
num evicts: 9000000, p: 1946538, s: 1813185 	 max proactive lookup: 8, max shadow lookup: 8
	evict counters: 255 255 255 255 255 255 255 255 255 255 255 57 32 3 7 0
	eager counters: 255 255 255 255 255 255 255 255 255 255 255 255 255 255 255 199
Heartbeat CPU 2 instructions: 40000008 cycles: 62712748 heartbeat IPC: 0.2874 cumulative IPC: 0.2888 (Simulation time: 01 hr 16 min 25 sec)
Heartbeat CPU 0 instructions: 40000008 cycles: 62731073 heartbeat IPC: 0.2873 cumulative IPC: 0.2886 (Simulation time: 01 hr 16 min 26 sec)
Heartbeat CPU 3 instructions: 40000008 cycles: 62765298 heartbeat IPC: 0.2873 cumulative IPC: 0.2885 (Simulation time: 01 hr 16 min 28 sec)
Heartbeat CPU 4 instructions: 40000008 cycles: 62831501 heartbeat IPC: 0.2866 cumulative IPC: 0.2882 (Simulation time: 01 hr 16 min 32 sec)
Heartbeat CPU 6 instructions: 40000008 cycles: 62853359 heartbeat IPC: 0.287 cumulative IPC: 0.2881 (Simulation time: 01 hr 16 min 34 sec)
Heartbeat CPU 1 instructions: 40000008 cycles: 62884868 heartbeat IPC: 0.287 cumulative IPC: 0.2878 (Simulation time: 01 hr 16 min 36 sec)
Heartbeat CPU 7 instructions: 40000008 cycles: 62919553 heartbeat IPC: 0.2868 cumulative IPC: 0.2877 (Simulation time: 01 hr 16 min 38 sec)
Heartbeat CPU 5 instructions: 40000008 cycles: 62993746 heartbeat IPC: 0.2861 cumulative IPC: 0.2873 (Simulation time: 01 hr 16 min 42 sec)
num evicts: 9100000, p: 1965713, s: 1843139 	 max proactive lookup: 8, max shadow lookup: 8
	evict counters: 255 255 255 255 255 255 255 255 255 255 255 62 41 1 0 4
	eager counters: 255 255 255 255 255 255 255 255 255 255 255 255 255 255 255 199
num evicts: 9200000, p: 1988207, s: 1858889 	 max proactive lookup: 8, max shadow lookup: 8
	evict counters: 255 255 255 255 255 255 255 255 255 255 255 72 41 7 0 3
	eager counters: 255 255 255 255 255 255 255 255 255 255 255 255 255 255 255 199
num evicts: 9300000, p: 2003963, s: 1890685 	 max proactive lookup: 8, max shadow lookup: 8
	evict counters: 255 255 255 255 255 255 255 255 255 255 255 73 33 7 5 2
	eager counters: 255 255 255 255 255 255 255 255 255 255 255 255 255 255 255 200
num evicts: 9400000, p: 2029631, s: 1902724 	 max proactive lookup: 8, max shadow lookup: 8
	evict counters: 255 255 255 254 255 255 255 255 255 255 255 76 32 3 2 0
	eager counters: 255 255 255 255 255 255 255 255 255 255 255 255 255 255 255 201
num evicts: 9500000, p: 2044320, s: 1935284 	 max proactive lookup: 8, max shadow lookup: 8
	evict counters: 255 255 255 255 255 255 255 255 255 255 251 73 27 6 11 4
	eager counters: 255 255 255 255 255 255 255 255 255 255 255 255 255 255 255 203
num evicts: 9600000, p: 2069851, s: 1947545 	 max proactive lookup: 8, max shadow lookup: 8
	evict counters: 255 255 255 255 255 255 255 252 255 253 255 71 28 2 14 3
	eager counters: 255 255 255 255 255 255 255 255 255 255 255 255 255 255 255 206
num evicts: 9700000, p: 2085192, s: 1976168 	 max proactive lookup: 8, max shadow lookup: 8
	evict counters: 255 255 255 255 255 255 255 255 255 255 255 78 26 3 8 2
	eager counters: 255 255 255 255 255 255 255 255 255 255 255 255 255 255 255 209
num evicts: 9800000, p: 2111483, s: 1991876 	 max proactive lookup: 8, max shadow lookup: 8
	evict counters: 255 255 255 255 255 255 255 255 254 255 253 83 23 10 3 6
	eager counters: 255 255 255 255 255 255 255 255 255 255 255 255 255 255 255 211
num evicts: 9900000, p: 2128303, s: 2016230 	 max proactive lookup: 8, max shadow lookup: 8
	evict counters: 255 255 255 255 255 255 255 255 255 255 35 88 30 8 0 0
	eager counters: 255 255 255 255 255 255 255 255 255 255 255 255 255 255 255 213
num evicts: 10000000, p: 2151011, s: 2038570 	 max proactive lookup: 8, max shadow lookup: 8
	evict counters: 255 255 255 255 255 255 255 255 255 254 39 94 32 4 3 0
	eager counters: 255 255 255 255 255 255 255 255 255 255 255 255 255 255 255 213
num evicts: 10100000, p: 2167944, s: 2053434 	 max proactive lookup: 8, max shadow lookup: 8
	evict counters: 255 255 255 255 255 255 255 255 255 255 42 97 34 5 2 2
	eager counters: 255 255 255 255 255 255 255 255 255 255 255 255 255 255 255 214
num evicts: 10200000, p: 2185521, s: 2071220 	 max proactive lookup: 8, max shadow lookup: 8
	evict counters: 255 255 255 255 255 255 255 255 255 37 49 111 35 0 2 0
	eager counters: 255 255 255 255 255 255 255 255 255 255 255 255 255 255 255 214
num evicts: 10300000, p: 2205166, s: 2080512 	 max proactive lookup: 8, max shadow lookup: 8
	evict counters: 255 255 255 255 255 255 255 255 255 48 60 122 32 5 0 2
	eager counters: 255 255 255 255 255 255 255 255 255 255 255 255 255 255 255 215
num evicts: 10400000, p: 2226376, s: 2101843 	 max proactive lookup: 8, max shadow lookup: 8
	evict counters: 255 255 255 255 255 255 255 255 255 55 40 119 33 6 6 0
	eager counters: 255 255 255 255 255 255 255 255 255 255 255 255 255 255 255 217
num evicts: 10500000, p: 2253805, s: 2109596 	 max proactive lookup: 8, max shadow lookup: 8
	evict counters: 255 255 255 255 255 255 255 255 255 65 17 123 35 9 8 0
	eager counters: 255 255 255 255 255 255 255 255 255 255 255 255 255 255 255 217
num evicts: 10600000, p: 2269252, s: 2141089 	 max proactive lookup: 8, max shadow lookup: 8
	evict counters: 255 255 255 255 255 255 255 255 255 76 31 124 32 9 2 0
	eager counters: 255 255 255 255 255 255 255 255 255 255 255 255 255 255 255 217
num evicts: 10700000, p: 2295761, s: 2151748 	 max proactive lookup: 8, max shadow lookup: 8
	evict counters: 255 255 255 255 255 255 255 252 253 83 36 124 38 1 1 0
	eager counters: 255 255 255 255 255 255 255 255 255 255 255 255 255 255 255 217
num evicts: 10800000, p: 2311082, s: 2179955 	 max proactive lookup: 8, max shadow lookup: 8
	evict counters: 255 255 255 255 255 255 255 255 255 90 43 136 41 4 1 4
	eager counters: 255 255 255 255 255 255 255 255 255 255 255 255 255 255 255 217
num evicts: 10900000, p: 2336029, s: 2195186 	 max proactive lookup: 8, max shadow lookup: 8
	evict counters: 255 255 255 255 255 255 255 255 255 102 47 144 43 10 2 0
	eager counters: 255 255 255 255 255 255 255 255 255 255 255 255 255 255 255 217
num evicts: 11000000, p: 2353566, s: 2219407 	 max proactive lookup: 8, max shadow lookup: 8
	evict counters: 255 255 255 255 255 255 255 255 255 112 54 151 44 14 0 0
	eager counters: 255 255 255 255 255 255 255 255 255 255 255 255 255 255 255 218
num evicts: 11100000, p: 2376812, s: 2242237 	 max proactive lookup: 8, max shadow lookup: 8
	evict counters: 255 255 255 255 255 255 255 255 255 126 63 151 36 11 5 0
	eager counters: 255 255 255 255 255 255 255 255 255 255 255 255 255 255 255 218
num evicts: 11200000, p: 2397189, s: 2261430 	 max proactive lookup: 8, max shadow lookup: 8
	evict counters: 255 255 255 255 255 255 255 255 255 137 70 157 40 2 3 1
	eager counters: 255 255 255 255 255 255 255 255 255 255 255 255 255 255 255 218
num evicts: 11300000, p: 2416324, s: 2288481 	 max proactive lookup: 8, max shadow lookup: 8
	evict counters: 255 255 255 255 255 255 255 255 255 141 75 156 46 0 0 3
	eager counters: 255 255 255 255 255 255 255 255 255 255 255 255 255 255 255 221
Heartbeat CPU 0 instructions: 50000008 cycles: 97440222 heartbeat IPC: 0.2881 cumulative IPC: 0.2884 (Simulation time: 01 hr 51 min 56 sec)
Heartbeat CPU 3 instructions: 50000008 cycles: 97459104 heartbeat IPC: 0.2882 cumulative IPC: 0.2884 (Simulation time: 01 hr 51 min 57 sec)
Heartbeat CPU 6 instructions: 50000008 cycles: 97536637 heartbeat IPC: 0.2883 cumulative IPC: 0.2882 (Simulation time: 01 hr 52 min 02 sec)
num evicts: 11400000, p: 2436409, s: 2300164 	 max proactive lookup: 8, max shadow lookup: 8
	evict counters: 255 255 255 255 255 255 255 255 255 163 80 158 51 5 1 2
	eager counters: 255 255 255 255 255 255 255 255 255 255 255 255 255 255 255 223
Heartbeat CPU 2 instructions: 50000008 cycles: 97589780 heartbeat IPC: 0.2867 cumulative IPC: 0.288 (Simulation time: 01 hr 52 min 05 sec)
Heartbeat CPU 7 instructions: 50000008 cycles: 97598506 heartbeat IPC: 0.2884 cumulative IPC: 0.288 (Simulation time: 01 hr 52 min 06 sec)
Heartbeat CPU 4 instructions: 50000008 cycles: 97611125 heartbeat IPC: 0.2875 cumulative IPC: 0.2879 (Simulation time: 01 hr 52 min 07 sec)
Heartbeat CPU 1 instructions: 50000008 cycles: 97630390 heartbeat IPC: 0.2878 cumulative IPC: 0.2878 (Simulation time: 01 hr 52 min 08 sec)
Heartbeat CPU 5 instructions: 50000008 cycles: 97887617 heartbeat IPC: 0.2866 cumulative IPC: 0.287 (Simulation time: 01 hr 52 min 23 sec)
num evicts: 11500000, p: 2452481, s: 2324178 	 max proactive lookup: 8, max shadow lookup: 8
	evict counters: 255 255 255 255 255 255 255 255 255 173 87 165 48 1 0 0
	eager counters: 255 255 255 255 255 255 255 255 255 255 255 255 255 255 255 225
num evicts: 11600000, p: 2476238, s: 2333095 	 max proactive lookup: 8, max shadow lookup: 8
	evict counters: 255 255 255 255 255 255 255 255 255 177 98 168 51 3 0 0
	eager counters: 255 255 255 255 255 255 255 255 255 255 255 255 255 255 255 225
num evicts: 11700000, p: 2491098, s: 2358172 	 max proactive lookup: 8, max shadow lookup: 8
	evict counters: 255 255 255 255 255 255 255 255 255 187 111 171 52 9 0 1
	eager counters: 255 255 255 255 255 255 255 255 255 255 255 255 255 255 255 229
num evicts: 11800000, p: 2513769, s: 2365033 	 max proactive lookup: 8, max shadow lookup: 8
	evict counters: 255 255 255 255 255 253 254 254 255 202 116 170 51 7 2 1
	eager counters: 255 255 255 255 255 255 255 255 255 255 255 255 255 255 255 230
num evicts: 11900000, p: 2528732, s: 2390326 	 max proactive lookup: 8, max shadow lookup: 8
	evict counters: 255 255 255 255 255 255 255 255 255 221 118 179 48 5 0 2
	eager counters: 255 255 255 255 255 255 255 255 255 255 255 255 255 255 255 231
num evicts: 12000000, p: 2555094, s: 2400553 	 max proactive lookup: 8, max shadow lookup: 8
	evict counters: 255 255 255 255 255 255 255 255 255 228 130 187 50 7 0 0
	eager counters: 255 255 255 255 255 255 255 255 255 255 255 255 255 255 255 231
num evicts: 12100000, p: 2570556, s: 2422386 	 max proactive lookup: 8, max shadow lookup: 8
	evict counters: 255 255 255 255 255 255 255 255 255 240 139 190 53 10 1 1
	eager counters: 255 255 255 255 255 255 255 255 255 255 255 255 255 255 255 231
num evicts: 12200000, p: 2594058, s: 2439057 	 max proactive lookup: 8, max shadow lookup: 8
	evict counters: 255 255 255 255 255 255 255 255 255 250 141 192 57 5 0 7
	eager counters: 255 255 255 255 255 255 255 255 255 255 255 255 255 255 255 232
num evicts: 12300000, p: 2614526, s: 2456870 	 max proactive lookup: 8, max shadow lookup: 8
	evict counters: 255 255 255 255 255 255 255 255 255 255 149 24 62 6 0 2
	eager counters: 255 255 255 255 255 255 255 255 255 255 255 255 255 255 255 232
num evicts: 12400000, p: 2635893, s: 2482183 	 max proactive lookup: 8, max shadow lookup: 8
	evict counters: 255 255 255 255 255 255 255 255 255 255 157 26 62 1 4 2
	eager counters: 255 255 255 255 255 255 255 255 255 255 255 255 255 255 255 233
num evicts: 12500000, p: 2660231, s: 2497425 	 max proactive lookup: 8, max shadow lookup: 8
	evict counters: 255 255 255 255 255 255 255 255 255 255 163 28 66 9 1 5
	eager counters: 255 255 255 255 255 255 255 255 255 255 255 255 255 255 255 234
num evicts: 12600000, p: 2677615, s: 2531267 	 max proactive lookup: 8, max shadow lookup: 8
	evict counters: 255 255 255 255 255 255 255 255 255 255 164 12 63 7 0 1
	eager counters: 255 255 255 255 255 255 255 255 255 255 255 255 255 255 255 235
num evicts: 12700000, p: 2704773, s: 2546072 	 max proactive lookup: 8, max shadow lookup: 8
	evict counters: 255 255 255 255 255 255 255 254 255 254 179 12 69 9 0 0
	eager counters: 255 255 255 255 255 255 255 255 255 255 255 255 255 255 255 235
num evicts: 12800000, p: 2719824, s: 2583453 	 max proactive lookup: 8, max shadow lookup: 8
	evict counters: 255 255 255 255 255 255 255 255 255 255 183 17 69 6 0 2
	eager counters: 255 255 255 255 255 255 255 255 255 255 255 255 255 255 255 236
num evicts: 12900000, p: 2746177, s: 2600306 	 max proactive lookup: 8, max shadow lookup: 8
	evict counters: 255 255 255 255 254 255 255 254 254 255 186 26 72 0 1 0
	eager counters: 255 255 255 255 255 255 255 255 255 255 255 255 255 255 255 236
num evicts: 13000000, p: 2761265, s: 2634241 	 max proactive lookup: 8, max shadow lookup: 8
	evict counters: 255 255 255 255 255 255 255 255 255 255 194 26 71 1 0 0
	eager counters: 255 255 255 255 255 255 255 255 255 255 255 255 255 255 255 237
num evicts: 13100000, p: 2785926, s: 2655286 	 max proactive lookup: 8, max shadow lookup: 8
	evict counters: 255 255 255 255 255 255 255 255 255 255 202 23 82 5 2 1
	eager counters: 255 255 255 255 255 255 255 255 255 255 255 255 255 255 255 239
num evicts: 13200000, p: 2802321, s: 2684205 	 max proactive lookup: 8, max shadow lookup: 8
	evict counters: 255 255 255 255 255 255 255 255 255 255 205 28 74 5 4 2
	eager counters: 255 255 255 255 255 255 255 255 255 255 255 255 255 255 255 240
num evicts: 13300000, p: 2824389, s: 2710991 	 max proactive lookup: 8, max shadow lookup: 8
	evict counters: 255 255 255 255 255 255 255 255 255 254 209 44 79 9 1 0
	eager counters: 255 255 255 255 255 255 255 255 255 255 255 255 255 255 255 241
num evicts: 13400000, p: 2843692, s: 2732844 	 max proactive lookup: 8, max shadow lookup: 8
	evict counters: 255 255 255 255 255 255 255 255 255 255 217 47 79 4 1 1
	eager counters: 255 255 255 255 255 255 255 255 255 255 255 255 255 255 255 241
num evicts: 13500000, p: 2863373, s: 2763854 	 max proactive lookup: 8, max shadow lookup: 8
	evict counters: 255 255 255 255 255 255 255 255 48 254 219 45 83 2 0 3
	eager counters: 255 255 255 255 255 255 255 255 255 255 255 255 255 255 255 243
num evicts: 13600000, p: 2884951, s: 2780782 	 max proactive lookup: 8, max shadow lookup: 8
	evict counters: 255 255 255 255 255 255 255 255 60 255 231 46 86 4 4 2
	eager counters: 255 255 255 255 255 255 255 255 255 255 255 255 255 255 255 246
num evicts: 13700000, p: 2901147, s: 2814286 	 max proactive lookup: 8, max shadow lookup: 8
	evict counters: 255 255 255 255 255 255 255 255 73 255 237 50 87 6 2 0
	eager counters: 255 255 255 255 255 255 255 255 255 255 255 255 255 255 255 246
Heartbeat CPU 0 instructions: 60000008 cycles: 132125049 heartbeat IPC: 0.2883 cumulative IPC: 0.2884 (Simulation time: 02 hr 27 min 23 sec)
Heartbeat CPU 6 instructions: 60000008 cycles: 132169447 heartbeat IPC: 0.2887 cumulative IPC: 0.2883 (Simulation time: 02 hr 27 min 26 sec)
Heartbeat CPU 3 instructions: 60000008 cycles: 132202951 heartbeat IPC: 0.2878 cumulative IPC: 0.2882 (Simulation time: 02 hr 27 min 28 sec)
Heartbeat CPU 1 instructions: 60000008 cycles: 132226508 heartbeat IPC: 0.289 cumulative IPC: 0.2882 (Simulation time: 02 hr 27 min 29 sec)
Heartbeat CPU 2 instructions: 60000008 cycles: 132264632 heartbeat IPC: 0.2884 cumulative IPC: 0.2881 (Simulation time: 02 hr 27 min 31 sec)
Heartbeat CPU 7 instructions: 60000008 cycles: 132317890 heartbeat IPC: 0.288 cumulative IPC: 0.288 (Simulation time: 02 hr 27 min 35 sec)
Heartbeat CPU 4 instructions: 60000008 cycles: 132399925 heartbeat IPC: 0.2874 cumulative IPC: 0.2878 (Simulation time: 02 hr 27 min 40 sec)
Heartbeat CPU 5 instructions: 60000008 cycles: 132574414 heartbeat IPC: 0.2883 cumulative IPC: 0.2874 (Simulation time: 02 hr 27 min 50 sec)
num evicts: 13800000, p: 2925584, s: 2828126 	 max proactive lookup: 8, max shadow lookup: 8
	evict counters: 255 255 255 255 255 255 255 255 93 255 235 50 84 0 3 1
	eager counters: 255 255 255 255 255 255 255 255 255 255 255 255 255 255 255 246
num evicts: 13900000, p: 2940451, s: 2859278 	 max proactive lookup: 8, max shadow lookup: 8
	evict counters: 255 255 255 255 255 255 255 255 107 255 235 46 87 0 1 0
	eager counters: 255 255 255 255 255 255 255 255 255 255 255 255 255 255 255 248
num evicts: 14000000, p: 2963226, s: 2879632 	 max proactive lookup: 8, max shadow lookup: 8
	evict counters: 255 255 255 255 255 255 255 255 132 255 243 43 80 4 0 0
	eager counters: 255 255 255 255 255 255 255 255 255 255 255 255 255 255 255 248
num evicts: 14100000, p: 2987372, s: 2900712 	 max proactive lookup: 8, max shadow lookup: 8
	evict counters: 255 255 255 255 255 255 255 255 148 255 251 54 81 0 3 0
	eager counters: 255 255 255 255 255 255 255 255 255 255 255 255 255 255 255 250
num evicts: 14200000, p: 3011931, s: 2925043 	 max proactive lookup: 8, max shadow lookup: 8
	evict counters: 255 255 255 255 255 255 255 255 163 255 255 51 88 1 0 0
	eager counters: 255 255 255 255 255 255 255 255 255 255 255 255 255 255 255 250
num evicts: 14300000, p: 3041223, s: 2940102 	 max proactive lookup: 8, max shadow lookup: 8
	evict counters: 255 255 255 255 255 255 255 255 175 255 250 55 84 6 1 0
	eager counters: 255 255 255 255 255 255 255 255 255 255 255 255 255 255 255 250
num evicts: 14400000, p: 3074954, s: 2946240 	 max proactive lookup: 8, max shadow lookup: 8
	evict counters: 255 255 255 255 255 255 255 255 185 255 254 62 76 0 1 0
	eager counters: 255 255 255 255 255 255 255 255 255 255 255 255 255 255 255 250
num evicts: 14500000, p: 3110155, s: 2952094 	 max proactive lookup: 8, max shadow lookup: 8
	evict counters: 255 255 255 255 255 255 255 255 202 255 253 58 73 3 0 0
	eager counters: 255 255 255 255 255 255 255 255 255 255 255 255 255 255 255 250
num evicts: 14600000, p: 3147392, s: 2956213 	 max proactive lookup: 8, max shadow lookup: 8
	evict counters: 255 255 255 255 255 255 255 255 210 255 49 65 78 6 0 0
	eager counters: 255 255 255 255 255 255 255 255 255 255 255 255 255 255 255 250
num evicts: 14700000, p: 3184699, s: 2958486 	 max proactive lookup: 8, max shadow lookup: 8
	evict counters: 255 255 255 255 255 255 255 255 227 255 38 68 82 6 0 2
	eager counters: 255 255 255 255 255 255 255 255 255 255 255 255 255 255 255 250
num evicts: 14800000, p: 3221766, s: 2959320 	 max proactive lookup: 8, max shadow lookup: 8
	evict counters: 255 255 255 255 255 255 255 255 243 255 41 62 78 1 3 0
	eager counters: 255 255 255 255 255 255 255 255 255 255 255 255 255 255 255 250
num evicts: 14900000, p: 3256689, s: 2960040 	 max proactive lookup: 8, max shadow lookup: 8
	evict counters: 255 255 255 255 255 255 255 255 255 255 33 63 85 3 1 1
	eager counters: 255 255 255 255 255 255 255 255 255 255 255 255 255 255 255 250
num evicts: 15000000, p: 3290362, s: 2960605 	 max proactive lookup: 8, max shadow lookup: 8
	evict counters: 255 255 255 255 255 255 255 255 255 255 32 71 85 1 2 1
	eager counters: 255 255 255 255 255 255 255 255 255 255 255 255 255 255 255 250
num evicts: 15100000, p: 3324630, s: 2960767 	 max proactive lookup: 8, max shadow lookup: 8
	evict counters: 255 255 255 255 255 255 255 255 255 255 42 74 78 2 0 0
	eager counters: 255 255 255 255 255 255 255 255 255 255 255 255 255 255 255 250
num evicts: 15200000, p: 3359951, s: 2960838 	 max proactive lookup: 8, max shadow lookup: 8
	evict counters: 255 255 255 255 255 255 255 255 255 255 52 76 83 8 0 2
	eager counters: 255 255 255 255 255 255 255 255 255 255 255 255 255 255 255 250
num evicts: 15300000, p: 3396925, s: 2960879 	 max proactive lookup: 8, max shadow lookup: 8
	evict counters: 255 255 255 255 255 255 255 255 255 255 61 70 83 1 3 0
	eager counters: 255 255 255 255 255 255 255 255 255 255 255 255 255 255 255 250
num evicts: 15400000, p: 3436076, s: 2960909 	 max proactive lookup: 8, max shadow lookup: 8
	evict counters: 255 255 255 255 255 255 255 255 255 255 67 79 84 4 2 0
	eager counters: 255 255 255 255 255 255 255 255 255 255 255 255 255 255 255 250
num evicts: 15500000, p: 3475483, s: 2960930 	 max proactive lookup: 8, max shadow lookup: 8
	evict counters: 255 255 255 255 255 255 255 255 255 255 78 81 85 3 4 1
	eager counters: 255 255 255 255 255 255 255 255 255 255 255 255 255 255 255 250
num evicts: 15600000, p: 3514837, s: 2960944 	 max proactive lookup: 8, max shadow lookup: 8
	evict counters: 255 255 255 255 255 255 255 255 255 255 84 84 79 1 1 2
	eager counters: 255 255 255 255 255 255 255 255 255 255 255 255 255 255 255 250
num evicts: 15700000, p: 3550771, s: 2960949 	 max proactive lookup: 8, max shadow lookup: 8
	evict counters: 255 255 255 255 255 255 255 255 255 255 92 84 78 4 0 0
	eager counters: 255 255 255 255 255 255 255 255 255 255 255 255 255 255 255 250
num evicts: 15800000, p: 3585821, s: 2960952 	 max proactive lookup: 8, max shadow lookup: 8
	evict counters: 255 255 255 255 255 255 255 255 255 255 98 90 79 0 0 3
	eager counters: 255 255 255 255 255 255 255 255 255 255 255 255 255 255 255 250
num evicts: 15900000, p: 3623672, s: 2960952 	 max proactive lookup: 8, max shadow lookup: 8
	evict counters: 255 255 255 255 255 255 255 255 255 255 106 94 81 5 0 0
	eager counters: 255 255 255 255 255 255 255 255 255 255 255 255 255 255 255 250
num evicts: 16000000, p: 3659137, s: 2960956 	 max proactive lookup: 8, max shadow lookup: 8
	evict counters: 255 255 255 255 255 255 255 255 251 251 102 95 83 0 1 4
	eager counters: 255 255 255 255 255 255 255 255 255 255 255 255 255 255 255 250
num evicts: 16100000, p: 3694298, s: 2961516 	 max proactive lookup: 8, max shadow lookup: 8
	evict counters: 255 255 255 255 255 255 255 255 255 255 112 103 90 11 10 2
	eager counters: 255 255 255 255 255 255 255 255 255 255 255 255 255 255 255 254
num evicts: 16200000, p: 3722306, s: 2961911 	 max proactive lookup: 8, max shadow lookup: 8
	evict counters: 255 255 255 255 255 254 255 255 255 255 120 111 94 15 12 3
	eager counters: 255 255 255 255 255 255 255 255 255 255 255 255 255 255 255 255
num evicts: 16300000, p: 3744968, s: 2972030 	 max proactive lookup: 8, max shadow lookup: 8
	evict counters: 255 254 255 255 255 255 255 255 255 253 132 113 103 18 18 1
	eager counters: 255 255 255 255 255 255 255 255 255 255 255 255 255 255 255 255
num evicts: 16400000, p: 3748023, s: 3006867 	 max proactive lookup: 8, max shadow lookup: 8
	evict counters: 255 255 255 255 255 255 255 253 255 255 20 112 101 24 22 7
	eager counters: 255 255 255 255 255 255 255 255 255 255 255 255 255 255 255 255
num evicts: 16500000, p: 3759002, s: 3035864 	 max proactive lookup: 8, max shadow lookup: 8
	evict counters: 255 255 255 255 255 255 255 255 255 254 29 124 107 25 20 9
	eager counters: 255 255 255 255 255 255 255 255 255 255 255 255 255 255 255 255
num evicts: 16600000, p: 3770350, s: 3058927 	 max proactive lookup: 8, max shadow lookup: 8
	evict counters: 255 255 255 255 255 255 255 255 255 255 40 126 115 29 12 10
	eager counters: 255 255 255 255 255 255 255 255 255 255 255 255 255 255 255 255
Heartbeat CPU 0 instructions: 70000011 cycles: 178333869 heartbeat IPC: 0.2164 cumulative IPC: 0.2685 (Simulation time: 03 hr 10 min 50 sec)
Heartbeat CPU 1 instructions: 70000011 cycles: 178378265 heartbeat IPC: 0.2167 cumulative IPC: 0.2685 (Simulation time: 03 hr 10 min 52 sec)
Heartbeat CPU 3 instructions: 70000011 cycles: 178393346 heartbeat IPC: 0.2165 cumulative IPC: 0.2685 (Simulation time: 03 hr 10 min 53 sec)
Heartbeat CPU 6 instructions: 70000011 cycles: 178402565 heartbeat IPC: 0.2163 cumulative IPC: 0.2685 (Simulation time: 03 hr 10 min 54 sec)
Heartbeat CPU 7 instructions: 70000011 cycles: 178433516 heartbeat IPC: 0.2168 cumulative IPC: 0.2684 (Simulation time: 03 hr 10 min 56 sec)
Heartbeat CPU 2 instructions: 70000011 cycles: 178439070 heartbeat IPC: 0.2166 cumulative IPC: 0.2684 (Simulation time: 03 hr 10 min 56 sec)
Heartbeat CPU 4 instructions: 70000011 cycles: 178477756 heartbeat IPC: 0.217 cumulative IPC: 0.2683 (Simulation time: 03 hr 10 min 59 sec)
Heartbeat CPU 5 instructions: 70000011 cycles: 178536733 heartbeat IPC: 0.2176 cumulative IPC: 0.2682 (Simulation time: 03 hr 11 min 02 sec)
num evicts: 16700000, p: 3776850, s: 3088843 	 max proactive lookup: 8, max shadow lookup: 8
	evict counters: 255 255 255 255 255 255 255 255 255 255 48 133 121 27 21 6
	eager counters: 255 255 255 255 255 255 255 255 255 255 255 255 255 255 255 255
num evicts: 16800000, p: 3779808, s: 3118393 	 max proactive lookup: 8, max shadow lookup: 8
	evict counters: 255 255 255 255 255 254 255 255 255 253 51 135 123 23 19 1
	eager counters: 255 255 255 255 255 255 255 255 255 255 255 255 255 255 255 255
num evicts: 16900000, p: 3789759, s: 3145348 	 max proactive lookup: 8, max shadow lookup: 8
	evict counters: 255 255 255 255 255 255 255 255 255 255 65 138 128 28 11 6
	eager counters: 255 255 255 255 255 255 255 255 255 255 255 255 255 255 255 255
num evicts: 17000000, p: 3803205, s: 3168437 	 max proactive lookup: 8, max shadow lookup: 8
	evict counters: 255 255 255 255 255 255 255 255 255 255 70 139 133 30 18 0
	eager counters: 255 255 255 255 255 255 255 255 255 255 255 255 255 255 255 255
num evicts: 17100000, p: 3811283, s: 3197414 	 max proactive lookup: 8, max shadow lookup: 8
	evict counters: 255 255 255 255 255 255 255 255 255 255 76 144 136 36 14 7
	eager counters: 255 255 255 255 255 255 255 255 255 255 255 255 255 255 255 255
num evicts: 17200000, p: 3814303, s: 3230940 	 max proactive lookup: 8, max shadow lookup: 8
	evict counters: 255 255 255 255 255 255 255 254 254 255 81 142 135 32 19 8
	eager counters: 255 255 255 255 255 255 255 255 255 255 255 255 255 255 255 255
num evicts: 17300000, p: 3824648, s: 3262964 	 max proactive lookup: 8, max shadow lookup: 8
	evict counters: 255 255 255 255 255 255 255 255 255 255 94 154 139 39 10 5
	eager counters: 255 255 255 255 255 255 255 255 255 255 255 255 255 255 255 255
num evicts: 17400000, p: 3837438, s: 3289916 	 max proactive lookup: 8, max shadow lookup: 8
	evict counters: 255 255 255 255 255 255 255 255 255 255 102 162 153 42 16 2
	eager counters: 255 255 255 255 255 255 255 255 255 255 255 255 255 255 255 255
num evicts: 17500000, p: 3844710, s: 3323129 	 max proactive lookup: 8, max shadow lookup: 8
	evict counters: 255 255 255 255 255 255 255 255 255 255 114 169 153 41 10 7
	eager counters: 255 255 255 255 255 255 255 255 255 255 255 255 255 255 255 255
num evicts: 17600000, p: 3847431, s: 3358168 	 max proactive lookup: 8, max shadow lookup: 8
	evict counters: 255 255 255 255 255 255 255 252 248 255 112 171 154 46 7 3
	eager counters: 255 255 255 255 255 255 255 255 255 255 255 255 255 255 255 255
num evicts: 17700000, p: 3857214, s: 3393679 	 max proactive lookup: 8, max shadow lookup: 8
	evict counters: 255 255 255 255 255 255 255 255 255 254 124 185 157 47 8 3
	eager counters: 255 255 255 255 255 255 255 255 255 255 255 255 255 255 255 255
num evicts: 17800000, p: 3870623, s: 3418645 	 max proactive lookup: 8, max shadow lookup: 8
	evict counters: 255 255 255 255 255 255 255 255 255 254 138 194 167 51 4 8
	eager counters: 255 255 255 255 255 255 255 255 255 255 255 255 255 255 255 255
num evicts: 17900000, p: 3877212, s: 3448659 	 max proactive lookup: 8, max shadow lookup: 8
	evict counters: 255 255 255 255 255 255 255 254 255 255 142 201 172 45 1 4
	eager counters: 255 255 255 255 255 255 255 255 255 255 255 255 255 255 255 255
num evicts: 18000000, p: 3879387, s: 3482696 	 max proactive lookup: 8, max shadow lookup: 8
	evict counters: 255 255 255 255 255 254 253 253 248 251 67 201 170 44 4 3
	eager counters: 255 255 255 255 255 255 255 255 255 255 255 255 255 255 255 255
num evicts: 18100000, p: 3887655, s: 3516943 	 max proactive lookup: 8, max shadow lookup: 8
	evict counters: 255 255 255 255 255 255 255 255 255 255 70 202 166 49 8 2
	eager counters: 255 255 255 255 255 255 255 255 255 255 255 255 255 255 255 255
num evicts: 18200000, p: 3903382, s: 3540934 	 max proactive lookup: 8, max shadow lookup: 8
	evict counters: 255 255 255 255 255 255 255 255 255 255 79 210 173 46 0 0
	eager counters: 255 255 255 255 255 255 255 255 255 255 255 255 255 255 255 255
num evicts: 18300000, p: 3911430, s: 3571001 	 max proactive lookup: 8, max shadow lookup: 8
	evict counters: 255 255 255 255 255 255 255 255 255 255 86 220 178 46 5 1
	eager counters: 255 255 255 255 255 255 255 255 255 255 255 255 255 255 255 255
Heartbeat CPU 1 instructions: 80000014 cycles: 206024316 heartbeat IPC: 0.3617 cumulative IPC: 0.2817 (Simulation time: 03 hr 39 min 53 sec)
Heartbeat CPU 7 instructions: 80000014 cycles: 206035138 heartbeat IPC: 0.3623 cumulative IPC: 0.2817 (Simulation time: 03 hr 39 min 54 sec)
Heartbeat CPU 3 instructions: 80000014 cycles: 206061145 heartbeat IPC: 0.3614 cumulative IPC: 0.2816 (Simulation time: 03 hr 39 min 55 sec)
Heartbeat CPU 0 instructions: 80000014 cycles: 206061857 heartbeat IPC: 0.3606 cumulative IPC: 0.2816 (Simulation time: 03 hr 39 min 55 sec)
Heartbeat CPU 4 instructions: 80000014 cycles: 206087701 heartbeat IPC: 0.3622 cumulative IPC: 0.2816 (Simulation time: 03 hr 39 min 57 sec)
Heartbeat CPU 6 instructions: 80000014 cycles: 206093196 heartbeat IPC: 0.3611 cumulative IPC: 0.2816 (Simulation time: 03 hr 39 min 57 sec)
Heartbeat CPU 5 instructions: 80000014 cycles: 206165526 heartbeat IPC: 0.3619 cumulative IPC: 0.2815 (Simulation time: 03 hr 40 min 02 sec)
Heartbeat CPU 2 instructions: 80000014 cycles: 206167996 heartbeat IPC: 0.3606 cumulative IPC: 0.2815 (Simulation time: 03 hr 40 min 02 sec)
num evicts: 18400000, p: 3913177, s: 3606209 	 max proactive lookup: 8, max shadow lookup: 8
	evict counters: 255 255 255 255 254 254 252 255 251 255 98 224 179 45 13 2
	eager counters: 255 255 255 255 255 255 255 255 255 255 255 255 255 255 255 255
num evicts: 18500000, p: 3921444, s: 3644595 	 max proactive lookup: 8, max shadow lookup: 8
	evict counters: 255 255 255 255 255 255 255 255 255 253 108 225 179 43 8 2
	eager counters: 255 255 255 255 255 255 255 255 255 255 255 255 255 255 255 255
num evicts: 18600000, p: 3936445, s: 3671387 	 max proactive lookup: 8, max shadow lookup: 8
	evict counters: 255 255 255 255 255 255 255 255 255 255 116 218 187 50 6 1
	eager counters: 255 255 255 255 255 255 255 255 255 255 255 255 255 255 255 255
num evicts: 18700000, p: 3943962, s: 3699745 	 max proactive lookup: 8, max shadow lookup: 8
	evict counters: 255 255 255 255 255 255 255 255 255 255 124 229 195 52 3 1
	eager counters: 255 255 255 255 255 255 255 255 255 255 255 255 255 255 255 255
num evicts: 18800000, p: 3945976, s: 3732260 	 max proactive lookup: 8, max shadow lookup: 8
	evict counters: 255 255 255 255 255 254 251 253 253 251 131 241 190 10 8 1
	eager counters: 255 255 255 255 255 255 255 255 255 255 255 255 255 255 255 255
num evicts: 18900000, p: 3952542, s: 3769924 	 max proactive lookup: 8, max shadow lookup: 8
	evict counters: 255 255 255 255 255 255 255 255 255 255 135 245 196 12 12 0
	eager counters: 255 255 255 255 255 255 255 255 255 255 255 255 255 255 255 255
num evicts: 19000000, p: 3967491, s: 3794313 	 max proactive lookup: 8, max shadow lookup: 8
	evict counters: 255 255 255 255 255 255 255 255 255 255 147 252 192 18 4 1
	eager counters: 255 255 255 255 255 255 255 255 255 255 255 255 255 255 255 255
num evicts: 19100000, p: 3975316, s: 3819307 	 max proactive lookup: 8, max shadow lookup: 8
	evict counters: 255 255 255 255 255 255 255 255 255 255 154 255 191 20 1 0
	eager counters: 255 255 255 255 255 255 255 255 255 255 255 255 255 255 255 255
num evicts: 19200000, p: 3977180, s: 3850241 	 max proactive lookup: 8, max shadow lookup: 8
	evict counters: 255 255 255 255 255 255 255 252 253 255 162 254 191 24 3 8
	eager counters: 255 255 255 255 255 255 255 255 255 255 255 255 255 255 255 255
num evicts: 19300000, p: 3981831, s: 3889586 	 max proactive lookup: 8, max shadow lookup: 8
	evict counters: 255 255 255 255 255 255 255 255 255 255 162 254 199 25 10 0
	eager counters: 255 255 255 255 255 255 255 255 255 255 255 255 255 255 255 255
num evicts: 19400000, p: 3994956, s: 3912806 	 max proactive lookup: 8, max shadow lookup: 8
	evict counters: 255 255 255 255 255 255 255 255 254 254 169 254 212 22 4 8
	eager counters: 255 255 255 255 255 255 255 255 255 255 255 255 255 255 255 255
num evicts: 19500000, p: 4005142, s: 3942148 	 max proactive lookup: 8, max shadow lookup: 8
	evict counters: 255 255 255 255 255 255 255 255 255 255 182 255 206 29 10 4
	eager counters: 255 255 255 255 255 255 255 255 255 255 255 255 255 255 255 255
num evicts: 19600000, p: 4007623, s: 3970371 	 max proactive lookup: 8, max shadow lookup: 8
	evict counters: 255 255 255 255 255 254 254 255 255 255 187 252 207 37 5 0
	eager counters: 255 255 255 255 255 255 255 255 255 255 255 255 255 255 255 255
num evicts: 19700000, p: 4011620, s: 4008764 	 max proactive lookup: 8, max shadow lookup: 8
	evict counters: 255 255 255 255 255 255 255 255 255 255 192 254 211 31 5 2
	eager counters: 255 255 255 255 255 255 255 255 255 255 255 255 255 255 255 255
num evicts: 19800000, p: 4025579, s: 4033930 	 max proactive lookup: 8, max shadow lookup: 8
	evict counters: 255 255 255 255 255 255 255 255 255 254 209 253 216 34 11 0
	eager counters: 255 255 255 255 255 255 255 255 255 255 255 255 255 255 255 255
num evicts: 19900000, p: 4036485, s: 4062402 	 max proactive lookup: 8, max shadow lookup: 8
	evict counters: 255 255 255 255 255 255 255 255 255 255 216 254 229 34 11 4
	eager counters: 255 255 255 255 255 255 255 255 255 255 255 255 255 255 255 255
num evicts: 20000000, p: 4039812, s: 4093525 	 max proactive lookup: 8, max shadow lookup: 8
	evict counters: 255 255 254 253 255 255 255 251 255 255 236 253 230 44 0 7
	eager counters: 255 255 255 255 255 255 255 255 255 255 255 255 255 255 255 255
Heartbeat CPU 4 instructions: 90000014 cycles: 233616559 heartbeat IPC: 0.3633 cumulative IPC: 0.2917 (Simulation time: 04 hr 08 min 48 sec)
Heartbeat CPU 0 instructions: 90000014 cycles: 233626616 heartbeat IPC: 0.3628 cumulative IPC: 0.2917 (Simulation time: 04 hr 08 min 49 sec)
Heartbeat CPU 1 instructions: 90000014 cycles: 233630073 heartbeat IPC: 0.3622 cumulative IPC: 0.2917 (Simulation time: 04 hr 08 min 49 sec)
Heartbeat CPU 7 instructions: 90000014 cycles: 233667016 heartbeat IPC: 0.3619 cumulative IPC: 0.2916 (Simulation time: 04 hr 08 min 52 sec)
Heartbeat CPU 6 instructions: 90000014 cycles: 233691621 heartbeat IPC: 0.3623 cumulative IPC: 0.2916 (Simulation time: 04 hr 08 min 53 sec)
Heartbeat CPU 3 instructions: 90000014 cycles: 233721039 heartbeat IPC: 0.3615 cumulative IPC: 0.2916 (Simulation time: 04 hr 08 min 55 sec)
Heartbeat CPU 5 instructions: 90000014 cycles: 233874739 heartbeat IPC: 0.3609 cumulative IPC: 0.2914 (Simulation time: 04 hr 09 min 05 sec)
Heartbeat CPU 2 instructions: 90000014 cycles: 233884873 heartbeat IPC: 0.3608 cumulative IPC: 0.2913 (Simulation time: 04 hr 09 min 06 sec)
num evicts: 20100000, p: 4043195, s: 4128636 	 max proactive lookup: 8, max shadow lookup: 8
	evict counters: 255 255 255 255 255 255 255 255 255 255 239 253 229 44 5 11
	eager counters: 255 255 255 255 255 255 255 255 255 255 255 255 255 255 255 255
num evicts: 20200000, p: 4056056, s: 4157360 	 max proactive lookup: 8, max shadow lookup: 8
	evict counters: 255 255 255 255 255 255 255 255 255 255 255 255 235 47 8 1
	eager counters: 255 255 255 255 255 255 255 255 255 255 255 255 255 255 255 255
num evicts: 20300000, p: 4066379, s: 4186155 	 max proactive lookup: 8, max shadow lookup: 8
	evict counters: 255 255 255 255 255 255 255 255 255 255 254 255 237 46 11 8
	eager counters: 255 255 255 255 255 255 255 255 255 255 255 255 255 255 255 255
num evicts: 20400000, p: 4070069, s: 4219445 	 max proactive lookup: 8, max shadow lookup: 8
	evict counters: 255 255 255 255 254 255 255 255 253 253 253 253 245 53 12 4
	eager counters: 255 255 255 255 255 255 255 255 255 255 255 255 255 255 255 255
num evicts: 20500000, p: 4072936, s: 4255296 	 max proactive lookup: 8, max shadow lookup: 8
	evict counters: 255 255 255 255 255 255 255 255 255 255 255 255 241 57 10 5
	eager counters: 255 255 255 255 255 255 255 255 255 255 255 255 255 255 255 255
num evicts: 20600000, p: 4084781, s: 4284142 	 max proactive lookup: 8, max shadow lookup: 8
	evict counters: 255 255 255 255 255 255 255 255 255 255 254 252 240 62 15 8
	eager counters: 255 255 255 255 255 255 255 255 255 255 255 255 255 255 255 255
num evicts: 20700000, p: 4095874, s: 4311823 	 max proactive lookup: 8, max shadow lookup: 8
	evict counters: 255 255 255 255 255 255 255 255 255 255 255 253 249 65 12 5
	eager counters: 255 255 255 255 255 255 255 255 255 255 255 255 255 255 255 255
num evicts: 20800000, p: 4100106, s: 4346566 	 max proactive lookup: 8, max shadow lookup: 8
	evict counters: 255 255 255 255 255 255 255 254 255 255 255 255 254 65 20 2
	eager counters: 255 255 255 255 255 255 255 255 255 255 255 255 255 255 255 255
num evicts: 20900000, p: 4103106, s: 4384364 	 max proactive lookup: 8, max shadow lookup: 8
	evict counters: 255 255 255 255 254 255 255 255 253 254 255 252 252 68 18 2
	eager counters: 255 255 255 255 255 255 255 255 255 255 255 255 255 255 255 255
num evicts: 21000000, p: 4114923, s: 4415587 	 max proactive lookup: 8, max shadow lookup: 8
	evict counters: 255 255 255 255 255 255 255 255 255 255 255 255 254 65 21 0
	eager counters: 255 255 255 255 255 255 255 255 255 255 255 255 255 255 255 255
num evicts: 21100000, p: 4124458, s: 4445051 	 max proactive lookup: 8, max shadow lookup: 8
	evict counters: 255 255 255 255 255 255 255 255 255 255 255 255 255 68 17 6
	eager counters: 255 255 255 255 255 255 255 255 255 255 255 255 255 255 255 255
num evicts: 21200000, p: 4129910, s: 4478291 	 max proactive lookup: 8, max shadow lookup: 8
	evict counters: 255 255 255 255 255 255 255 255 255 255 253 255 255 68 20 9
	eager counters: 255 255 255 255 255 255 255 255 255 255 255 255 255 255 255 255
num evicts: 21300000, p: 4132745, s: 4516516 	 max proactive lookup: 8, max shadow lookup: 8
	evict counters: 255 255 255 255 255 255 255 255 254 253 255 253 251 72 20 7
	eager counters: 255 255 255 255 255 255 255 255 255 255 255 255 255 255 255 255
num evicts: 21400000, p: 4143867, s: 4550552 	 max proactive lookup: 8, max shadow lookup: 8
	evict counters: 255 255 255 255 255 255 255 255 255 255 255 255 251 73 17 6
	eager counters: 255 255 255 255 255 255 255 255 255 255 255 255 255 255 255 255
num evicts: 21500000, p: 4154370, s: 4579259 	 max proactive lookup: 8, max shadow lookup: 8
	evict counters: 255 255 255 255 255 255 255 255 255 255 255 254 255 80 16 2
	eager counters: 255 255 255 255 255 255 255 255 255 255 255 255 255 255 255 255
num evicts: 21600000, p: 4159430, s: 4610156 	 max proactive lookup: 8, max shadow lookup: 8
	evict counters: 255 255 255 255 255 255 255 255 255 255 255 255 252 85 11 5
	eager counters: 255 255 255 255 255 255 255 255 255 255 255 255 255 255 255 255
Heartbeat CPU 0 instructions: 100000015 cycles: 261129656 heartbeat IPC: 0.3636 cumulative IPC: 0.2996 (Simulation time: 04 hr 37 min 34 sec)
Heartbeat CPU 4 instructions: 100000015 cycles: 261145588 heartbeat IPC: 0.3633 cumulative IPC: 0.2996 (Simulation time: 04 hr 37 min 35 sec)
num evicts: 21700000, p: 4162352, s: 4646258 	 max proactive lookup: 8, max shadow lookup: 8
	evict counters: 255 255 255 255 255 255 255 255 255 253 248 255 255 85 13 4
	eager counters: 255 255 255 255 255 255 255 255 255 255 255 255 255 255 255 255
Heartbeat CPU 7 instructions: 100000015 cycles: 261202984 heartbeat IPC: 0.3632 cumulative IPC: 0.2995 (Simulation time: 04 hr 37 min 39 sec)
Heartbeat CPU 1 instructions: 100000015 cycles: 261222280 heartbeat IPC: 0.3624 cumulative IPC: 0.2995 (Simulation time: 04 hr 37 min 40 sec)
Heartbeat CPU 6 instructions: 100000015 cycles: 261253789 heartbeat IPC: 0.3628 cumulative IPC: 0.2994 (Simulation time: 04 hr 37 min 42 sec)
Heartbeat CPU 3 instructions: 100000015 cycles: 261311378 heartbeat IPC: 0.3624 cumulative IPC: 0.2994 (Simulation time: 04 hr 37 min 46 sec)
Heartbeat CPU 5 instructions: 100000015 cycles: 261402398 heartbeat IPC: 0.3633 cumulative IPC: 0.2993 (Simulation time: 04 hr 37 min 52 sec)
Heartbeat CPU 2 instructions: 100000015 cycles: 261428412 heartbeat IPC: 0.3631 cumulative IPC: 0.2992 (Simulation time: 04 hr 37 min 53 sec)
num evicts: 21800000, p: 4174173, s: 4676631 	 max proactive lookup: 8, max shadow lookup: 8
	evict counters: 255 255 255 255 255 255 255 255 255 255 255 255 255 88 9 2
	eager counters: 255 255 255 255 255 255 255 255 255 255 255 255 255 255 255 255
num evicts: 21900000, p: 4186434, s: 4706774 	 max proactive lookup: 8, max shadow lookup: 8
	evict counters: 255 255 255 255 255 255 255 255 255 254 255 255 255 91 8 4
	eager counters: 255 255 255 255 255 255 255 255 255 255 255 255 255 255 255 255
num evicts: 22000000, p: 4191760, s: 4742699 	 max proactive lookup: 8, max shadow lookup: 8
	evict counters: 255 255 255 255 255 254 255 255 254 255 254 253 254 97 11 3
	eager counters: 255 255 255 255 255 255 255 255 255 255 255 255 255 255 255 255
num evicts: 22100000, p: 4194044, s: 4783428 	 max proactive lookup: 8, max shadow lookup: 8
	evict counters: 255 255 255 255 255 255 255 255 253 255 255 255 253 91 17 2
	eager counters: 255 255 255 255 255 255 255 255 255 255 255 255 255 255 255 255
num evicts: 22200000, p: 4206523, s: 4817538 	 max proactive lookup: 8, max shadow lookup: 8
	evict counters: 255 255 255 255 255 255 255 255 255 255 254 255 254 96 17 9
	eager counters: 255 255 255 255 255 255 255 255 255 255 255 255 255 255 255 255
num evicts: 22300000, p: 4215777, s: 4847450 	 max proactive lookup: 8, max shadow lookup: 8
	evict counters: 255 255 255 255 255 255 255 255 255 255 255 253 255 96 24 3
	eager counters: 255 255 255 255 255 255 255 255 255 255 255 255 255 255 255 255
num evicts: 22400000, p: 4219650, s: 4879325 	 max proactive lookup: 8, max shadow lookup: 8
	evict counters: 255 255 255 255 255 255 254 254 255 255 253 253 253 103 17 5
	eager counters: 255 255 255 255 255 255 255 255 255 255 255 255 255 255 255 255
num evicts: 22500000, p: 4222225, s: 4916102 	 max proactive lookup: 8, max shadow lookup: 8
	evict counters: 255 255 255 255 255 255 255 255 255 255 253 251 255 104 10 3
	eager counters: 255 255 255 255 255 255 255 255 255 255 255 255 255 255 255 255
num evicts: 22600000, p: 4233878, s: 4945689 	 max proactive lookup: 8, max shadow lookup: 8
	evict counters: 255 255 255 255 255 255 255 255 255 255 255 255 255 100 9 1
	eager counters: 255 255 255 255 255 255 255 255 255 255 255 255 255 255 255 255
num evicts: 22700000, p: 4246018, s: 4973457 	 max proactive lookup: 8, max shadow lookup: 8
	evict counters: 255 255 255 255 255 255 255 255 255 255 255 253 254 101 10 3
	eager counters: 255 255 255 255 255 255 255 255 255 255 255 255 255 255 255 255
num evicts: 22800000, p: 4251216, s: 5006250 	 max proactive lookup: 8, max shadow lookup: 8
	evict counters: 255 255 255 255 255 255 255 255 254 254 255 253 255 103 10 0
	eager counters: 255 255 255 255 255 255 255 255 255 255 255 255 255 255 255 255
num evicts: 22900000, p: 4254172, s: 5045343 	 max proactive lookup: 8, max shadow lookup: 8
	evict counters: 255 255 255 255 255 255 255 255 244 255 255 253 255 102 4 2
	eager counters: 255 255 255 255 255 255 255 255 255 255 255 255 255 255 255 255
num evicts: 23000000, p: 4267422, s: 5078353 	 max proactive lookup: 8, max shadow lookup: 8
	evict counters: 255 255 255 255 255 255 255 255 255 255 255 255 249 93 5 1
	eager counters: 255 255 255 255 255 255 255 255 255 255 255 255 255 255 255 255
num evicts: 23100000, p: 4277076, s: 5107215 	 max proactive lookup: 8, max shadow lookup: 8
	evict counters: 255 255 255 255 255 255 255 255 255 255 251 255 255 90 9 2
	eager counters: 255 255 255 255 255 255 255 255 255 255 255 255 255 255 255 255
num evicts: 23200000, p: 4280700, s: 5140397 	 max proactive lookup: 8, max shadow lookup: 8
	evict counters: 255 255 255 254 255 255 255 255 255 255 255 255 253 92 13 0
	eager counters: 255 255 255 255 255 255 255 255 255 255 255 255 255 255 255 255
num evicts: 23300000, p: 4283451, s: 5178776 	 max proactive lookup: 8, max shadow lookup: 8
	evict counters: 255 255 255 255 255 255 255 255 255 255 252 252 252 94 11 5
	eager counters: 255 255 255 255 255 255 255 255 255 255 255 255 255 255 255 255
Heartbeat CPU 4 instructions: 110000019 cycles: 288578139 heartbeat IPC: 0.3645 cumulative IPC: 0.306 (Simulation time: 05 hr 06 min 06 sec)
Heartbeat CPU 0 instructions: 110000019 cycles: 288702505 heartbeat IPC: 0.3627 cumulative IPC: 0.3058 (Simulation time: 05 hr 06 min 14 sec)
Heartbeat CPU 6 instructions: 110000019 cycles: 288723563 heartbeat IPC: 0.364 cumulative IPC: 0.3058 (Simulation time: 05 hr 06 min 15 sec)
Heartbeat CPU 1 instructions: 110000019 cycles: 288787566 heartbeat IPC: 0.3628 cumulative IPC: 0.3057 (Simulation time: 05 hr 06 min 19 sec)
Heartbeat CPU 3 instructions: 110000019 cycles: 288837385 heartbeat IPC: 0.3633 cumulative IPC: 0.3057 (Simulation time: 05 hr 06 min 22 sec)
Heartbeat CPU 7 instructions: 110000019 cycles: 288841213 heartbeat IPC: 0.3618 cumulative IPC: 0.3057 (Simulation time: 05 hr 06 min 22 sec)
Heartbeat CPU 2 instructions: 110000019 cycles: 289041200 heartbeat IPC: 0.3622 cumulative IPC: 0.3055 (Simulation time: 05 hr 06 min 34 sec)
Heartbeat CPU 5 instructions: 110000019 cycles: 289097193 heartbeat IPC: 0.3611 cumulative IPC: 0.3054 (Simulation time: 05 hr 06 min 38 sec)
num evicts: 23400000, p: 4295845, s: 5209891 	 max proactive lookup: 8, max shadow lookup: 8
	evict counters: 255 255 255 255 255 255 255 255 255 255 255 255 251 98 17 5
	eager counters: 255 255 255 255 255 255 255 255 255 255 255 255 255 255 255 255
num evicts: 23500000, p: 4308307, s: 5236790 	 max proactive lookup: 8, max shadow lookup: 8
	evict counters: 255 255 255 255 255 255 255 255 255 255 254 255 249 102 16 5
	eager counters: 255 255 255 255 255 255 255 255 255 255 255 255 255 255 255 255
num evicts: 23600000, p: 4313201, s: 5270756 	 max proactive lookup: 8, max shadow lookup: 8
	evict counters: 255 254 255 255 255 255 255 255 255 255 252 255 80 103 14 4
	eager counters: 255 255 255 255 255 255 255 255 255 255 255 255 255 255 255 255
num evicts: 23700000, p: 4316144, s: 5312175 	 max proactive lookup: 8, max shadow lookup: 8
	evict counters: 255 255 255 255 255 255 255 255 253 255 252 247 28 106 12 4
	eager counters: 255 255 255 255 255 255 255 255 255 255 255 255 255 255 255 255
num evicts: 23800000, p: 4328779, s: 5346419 	 max proactive lookup: 8, max shadow lookup: 8
	evict counters: 255 255 255 255 255 255 255 255 255 255 255 252 39 101 6 4
	eager counters: 255 255 255 255 255 255 255 255 255 255 255 255 255 255 255 255
num evicts: 23900000, p: 4338397, s: 5376203 	 max proactive lookup: 8, max shadow lookup: 8
	evict counters: 255 255 255 255 255 255 255 255 255 255 255 255 36 98 7 0
	eager counters: 255 255 255 255 255 255 255 255 255 255 255 255 255 255 255 255
num evicts: 24000000, p: 4342418, s: 5408631 	 max proactive lookup: 8, max shadow lookup: 8
	evict counters: 255 255 255 254 254 254 255 254 255 255 254 254 38 105 6 3
	eager counters: 255 255 255 255 255 255 255 255 255 255 255 255 255 255 255 255
num evicts: 24100000, p: 4345584, s: 5443855 	 max proactive lookup: 8, max shadow lookup: 8
	evict counters: 255 255 255 255 255 255 255 255 255 255 250 255 43 99 8 1
	eager counters: 255 255 255 255 255 255 255 255 255 255 255 255 255 255 255 255
num evicts: 24200000, p: 4357878, s: 5472867 	 max proactive lookup: 8, max shadow lookup: 8
	evict counters: 255 255 255 255 255 255 255 255 255 255 252 254 52 110 1 1
	eager counters: 255 255 255 255 255 255 255 255 255 255 255 255 255 255 255 255
num evicts: 24300000, p: 4369647, s: 5496595 	 max proactive lookup: 8, max shadow lookup: 8
	evict counters: 255 255 255 255 255 255 255 255 255 255 255 255 59 114 0 3
	eager counters: 255 255 255 255 255 255 255 255 255 255 255 255 255 255 255 255
num evicts: 24400000, p: 4374270, s: 5523323 	 max proactive lookup: 8, max shadow lookup: 8
	evict counters: 255 255 255 255 255 255 255 255 255 255 255 255 66 123 2 1
	eager counters: 255 255 255 255 255 255 255 255 255 255 255 255 255 255 255 255
num evicts: 24500000, p: 4377647, s: 5555858 	 max proactive lookup: 8, max shadow lookup: 8
	evict counters: 255 255 255 255 255 255 255 255 255 255 254 249 71 124 6 1
	eager counters: 255 255 255 255 255 255 255 255 255 255 255 255 255 255 255 255
num evicts: 24600000, p: 4390411, s: 5583998 	 max proactive lookup: 8, max shadow lookup: 8
	evict counters: 255 255 255 255 255 255 255 255 255 255 255 254 76 121 7 0
	eager counters: 255 255 255 255 255 255 255 255 255 255 255 255 255 255 255 255
num evicts: 24700000, p: 4404373, s: 5610877 	 max proactive lookup: 8, max shadow lookup: 8
	evict counters: 255 255 255 255 255 255 255 255 255 255 254 254 74 124 0 0
	eager counters: 255 255 255 255 255 255 255 255 255 255 255 255 255 255 255 255
num evicts: 24800000, p: 4408517, s: 5642302 	 max proactive lookup: 8, max shadow lookup: 8
	evict counters: 255 254 254 255 255 255 255 254 255 255 255 254 78 128 1 0
	eager counters: 255 255 255 255 255 255 255 255 255 255 255 255 255 255 255 255
num evicts: 24900000, p: 4411258, s: 5681786 	 max proactive lookup: 8, max shadow lookup: 8
	evict counters: 255 255 255 255 255 255 255 255 250 254 255 253 79 134 6 0
	eager counters: 255 255 255 255 255 255 255 255 255 255 255 255 255 255 255 255
num evicts: 25000000, p: 4422289, s: 5716153 	 max proactive lookup: 8, max shadow lookup: 8
	evict counters: 255 255 255 254 255 255 255 255 255 255 255 255 81 138 10 1
	eager counters: 255 255 255 255 255 255 255 255 255 255 255 255 255 255 255 255
Heartbeat CPU 4 instructions: 120000020 cycles: 316365482 heartbeat IPC: 0.3599 cumulative IPC: 0.3109 (Simulation time: 05 hr 34 min 58 sec)
Heartbeat CPU 0 instructions: 120000020 cycles: 316441324 heartbeat IPC: 0.3605 cumulative IPC: 0.3108 (Simulation time: 05 hr 35 min 02 sec)
Heartbeat CPU 1 instructions: 120000020 cycles: 316499218 heartbeat IPC: 0.3609 cumulative IPC: 0.3107 (Simulation time: 05 hr 35 min 06 sec)
Heartbeat CPU 7 instructions: 120000020 cycles: 316551949 heartbeat IPC: 0.3609 cumulative IPC: 0.3107 (Simulation time: 05 hr 35 min 09 sec)
Heartbeat CPU 3 instructions: 120000020 cycles: 316634552 heartbeat IPC: 0.3597 cumulative IPC: 0.3106 (Simulation time: 05 hr 35 min 14 sec)
Heartbeat CPU 6 instructions: 120000020 cycles: 316635185 heartbeat IPC: 0.3583 cumulative IPC: 0.3106 (Simulation time: 05 hr 35 min 14 sec)
Heartbeat CPU 2 instructions: 120000020 cycles: 316796957 heartbeat IPC: 0.3603 cumulative IPC: 0.3104 (Simulation time: 05 hr 35 min 24 sec)
Heartbeat CPU 5 instructions: 120000020 cycles: 316885535 heartbeat IPC: 0.3599 cumulative IPC: 0.3104 (Simulation time: 05 hr 35 min 30 sec)
num evicts: 25100000, p: 4431838, s: 5744084 	 max proactive lookup: 8, max shadow lookup: 8
	evict counters: 255 255 255 255 255 255 255 255 255 254 255 255 78 146 10 5
	eager counters: 255 255 255 255 255 255 255 255 255 255 255 255 255 255 255 255
num evicts: 25200000, p: 4435759, s: 5772229 	 max proactive lookup: 8, max shadow lookup: 8
	evict counters: 255 255 255 255 255 255 255 255 255 253 255 254 88 148 9 0
	eager counters: 255 255 255 255 255 255 255 255 255 255 255 255 255 255 255 255
num evicts: 25300000, p: 4438252, s: 5808186 	 max proactive lookup: 8, max shadow lookup: 8
	evict counters: 255 255 255 255 255 255 255 255 255 254 254 252 91 150 11 1
	eager counters: 255 255 255 255 255 255 255 255 255 255 255 255 255 255 255 255
num evicts: 25400000, p: 4447371, s: 5841575 	 max proactive lookup: 8, max shadow lookup: 8
	evict counters: 255 255 255 255 255 255 255 255 255 255 255 254 95 152 2 1
	eager counters: 255 255 255 255 255 255 255 255 255 255 255 255 255 255 255 255
num evicts: 25500000, p: 4459275, s: 5868084 	 max proactive lookup: 8, max shadow lookup: 8
	evict counters: 255 255 255 255 255 255 255 255 255 255 255 254 95 155 1 1
	eager counters: 255 255 255 255 255 255 255 255 255 255 255 255 255 255 255 255
num evicts: 25600000, p: 4465478, s: 5896832 	 max proactive lookup: 8, max shadow lookup: 8
	evict counters: 255 255 255 255 255 255 255 254 255 255 254 253 109 146 1 13
	eager counters: 255 255 255 255 255 255 255 255 255 255 255 255 255 255 255 255
num evicts: 25700000, p: 4467878, s: 5932314 	 max proactive lookup: 8, max shadow lookup: 8
	evict counters: 255 255 255 255 255 255 255 255 251 247 254 253 115 145 1 4
	eager counters: 255 255 255 255 255 255 255 255 255 255 255 255 255 255 255 255
num evicts: 25800000, p: 4476009, s: 5969668 	 max proactive lookup: 8, max shadow lookup: 8
	evict counters: 255 255 255 255 255 255 255 255 255 255 255 255 116 147 2 1
	eager counters: 255 255 255 255 255 255 255 255 255 255 255 255 255 255 255 255
num evicts: 25900000, p: 4488726, s: 5997672 	 max proactive lookup: 8, max shadow lookup: 8
	evict counters: 255 255 255 255 255 255 255 255 255 254 255 255 120 147 3 0
	eager counters: 255 255 255 255 255 255 255 255 255 255 255 255 255 255 255 255
Simulation finished CPU 4 instructions: 100000002 cycles: 319466450 cumulative IPC: 0.313 (Simulation time: 05 hr 49 min 25 sec)
Simulation finished CPU 1 instructions: 100000002 cycles: 319573152 cumulative IPC: 0.3129 (Simulation time: 05 hr 49 min 31 sec)
Simulation finished CPU 0 instructions: 100000000 cycles: 319586405 cumulative IPC: 0.3129 (Simulation time: 05 hr 49 min 32 sec)
Simulation finished CPU 7 instructions: 100000000 cycles: 319623315 cumulative IPC: 0.3129 (Simulation time: 05 hr 49 min 34 sec)
Simulation finished CPU 6 instructions: 100000003 cycles: 319671818 cumulative IPC: 0.3128 (Simulation time: 05 hr 49 min 37 sec)
Simulation finished CPU 3 instructions: 100000000 cycles: 319764095 cumulative IPC: 0.3127 (Simulation time: 05 hr 49 min 43 sec)
Simulation finished CPU 2 instructions: 100000000 cycles: 319882753 cumulative IPC: 0.3126 (Simulation time: 05 hr 49 min 50 sec)
Simulation finished CPU 5 instructions: 100000001 cycles: 319950606 cumulative IPC: 0.3125 (Simulation time: 05 hr 49 min 54 sec)
Simulation complete CPU 7 instructions: 100111074 cycles: 319950606 cumulative IPC: 0.3129 (Simulation time: 05 hr 49 min 54 sec)
Simulation complete CPU 6 instructions: 100094768 cycles: 319950606 cumulative IPC: 0.3128 (Simulation time: 05 hr 49 min 54 sec)
Simulation complete CPU 5 instructions: 100000001 cycles: 319950606 cumulative IPC: 0.3125 (Simulation time: 05 hr 49 min 54 sec)
Simulation complete CPU 4 instructions: 100163057 cycles: 319950606 cumulative IPC: 0.3131 (Simulation time: 05 hr 49 min 54 sec)
Simulation complete CPU 3 instructions: 100061509 cycles: 319950606 cumulative IPC: 0.3127 (Simulation time: 05 hr 49 min 54 sec)
Simulation complete CPU 2 instructions: 100024585 cycles: 319950606 cumulative IPC: 0.3126 (Simulation time: 05 hr 49 min 54 sec)
Simulation complete CPU 1 instructions: 100127569 cycles: 319950606 cumulative IPC: 0.3129 (Simulation time: 05 hr 49 min 54 sec)
Simulation complete CPU 0 instructions: 100122977 cycles: 319950606 cumulative IPC: 0.3129 (Simulation time: 05 hr 49 min 54 sec)

ChampSim completed all CPUs

=== Simulation ===
CPU 0 runs TRACES/ctf/ligra/ligra_BC.com-lj.ungraph.gcc_6.3.0_O3.drop_15500M.length_250M.champsimtrace.xz
CPU 1 runs TRACES/ctf/ligra/ligra_BC.com-lj.ungraph.gcc_6.3.0_O3.drop_15500M.length_250M.champsimtrace.xz
CPU 2 runs TRACES/ctf/ligra/ligra_BC.com-lj.ungraph.gcc_6.3.0_O3.drop_15500M.length_250M.champsimtrace.xz
CPU 3 runs TRACES/ctf/ligra/ligra_BC.com-lj.ungraph.gcc_6.3.0_O3.drop_15500M.length_250M.champsimtrace.xz
CPU 4 runs TRACES/ctf/ligra/ligra_BC.com-lj.ungraph.gcc_6.3.0_O3.drop_15500M.length_250M.champsimtrace.xz
CPU 5 runs TRACES/ctf/ligra/ligra_BC.com-lj.ungraph.gcc_6.3.0_O3.drop_15500M.length_250M.champsimtrace.xz
CPU 6 runs TRACES/ctf/ligra/ligra_BC.com-lj.ungraph.gcc_6.3.0_O3.drop_15500M.length_250M.champsimtrace.xz
CPU 7 runs TRACES/ctf/ligra/ligra_BC.com-lj.ungraph.gcc_6.3.0_O3.drop_15500M.length_250M.champsimtrace.xz

Total Simulation Statistics (not including warmup)

CPU 7 cumulative IPC: 0.3129 instructions: 100111074 cycles: 319950606
CPU 7 Branch Prediction Accuracy: 100% MPKI: 0 Average ROB Occupancy at Mispredict: -
Branch type MPKI
BRANCH_DIRECT_JUMP: 0
BRANCH_INDIRECT: 0
BRANCH_CONDITIONAL: 0
BRANCH_DIRECT_CALL: 0
BRANCH_INDIRECT_CALL: 0
BRANCH_RETURN: 0


CPU 6 cumulative IPC: 0.3128 instructions: 100094768 cycles: 319950606
CPU 6 Branch Prediction Accuracy: 100% MPKI: 0 Average ROB Occupancy at Mispredict: -
Branch type MPKI
BRANCH_DIRECT_JUMP: 0
BRANCH_INDIRECT: 0
BRANCH_CONDITIONAL: 0
BRANCH_DIRECT_CALL: 0
BRANCH_INDIRECT_CALL: 0
BRANCH_RETURN: 0


CPU 5 cumulative IPC: 0.3125 instructions: 100000001 cycles: 319950606
CPU 5 Branch Prediction Accuracy: 100% MPKI: 0 Average ROB Occupancy at Mispredict: -
Branch type MPKI
BRANCH_DIRECT_JUMP: 0
BRANCH_INDIRECT: 0
BRANCH_CONDITIONAL: 0
BRANCH_DIRECT_CALL: 0
BRANCH_INDIRECT_CALL: 0
BRANCH_RETURN: 0


CPU 4 cumulative IPC: 0.3131 instructions: 100163057 cycles: 319950606
CPU 4 Branch Prediction Accuracy: 100% MPKI: 0 Average ROB Occupancy at Mispredict: -
Branch type MPKI
BRANCH_DIRECT_JUMP: 0
BRANCH_INDIRECT: 0
BRANCH_CONDITIONAL: 0
BRANCH_DIRECT_CALL: 0
BRANCH_INDIRECT_CALL: 0
BRANCH_RETURN: 0


CPU 3 cumulative IPC: 0.3127 instructions: 100061509 cycles: 319950606
CPU 3 Branch Prediction Accuracy: 100% MPKI: 0 Average ROB Occupancy at Mispredict: -
Branch type MPKI
BRANCH_DIRECT_JUMP: 0
BRANCH_INDIRECT: 0
BRANCH_CONDITIONAL: 0
BRANCH_DIRECT_CALL: 0
BRANCH_INDIRECT_CALL: 0
BRANCH_RETURN: 0


CPU 2 cumulative IPC: 0.3126 instructions: 100024585 cycles: 319950606
CPU 2 Branch Prediction Accuracy: 100% MPKI: 0 Average ROB Occupancy at Mispredict: -
Branch type MPKI
BRANCH_DIRECT_JUMP: 0
BRANCH_INDIRECT: 0
BRANCH_CONDITIONAL: 0
BRANCH_DIRECT_CALL: 0
BRANCH_INDIRECT_CALL: 0
BRANCH_RETURN: 0


CPU 1 cumulative IPC: 0.3129 instructions: 100127569 cycles: 319950606
CPU 1 Branch Prediction Accuracy: 100% MPKI: 0 Average ROB Occupancy at Mispredict: -
Branch type MPKI
BRANCH_DIRECT_JUMP: 0
BRANCH_INDIRECT: 0
BRANCH_CONDITIONAL: 0
BRANCH_DIRECT_CALL: 0
BRANCH_INDIRECT_CALL: 0
BRANCH_RETURN: 0


CPU 0 cumulative IPC: 0.3129 instructions: 100122977 cycles: 319950606
CPU 0 Branch Prediction Accuracy: 100% MPKI: 0 Average ROB Occupancy at Mispredict: -
Branch type MPKI
BRANCH_DIRECT_JUMP: 0
BRANCH_INDIRECT: 0
BRANCH_CONDITIONAL: 0
BRANCH_DIRECT_CALL: 0
BRANCH_INDIRECT_CALL: 0
BRANCH_RETURN: 0

cpu7->cpu7_STLB TOTAL        ACCESS:         83 HIT:          7 MISS:         76 MSHR_MERGE:          0
cpu7->cpu7_STLB LOAD         ACCESS:         83 HIT:          7 MISS:         76 MSHR_MERGE:          0
cpu7->cpu7_STLB RFO          ACCESS:          0 HIT:          0 MISS:          0 MSHR_MERGE:          0
cpu7->cpu7_STLB PREFETCH     ACCESS:          0 HIT:          0 MISS:          0 MSHR_MERGE:          0
cpu7->cpu7_STLB WRITE        ACCESS:          0 HIT:          0 MISS:          0 MSHR_MERGE:          0
cpu7->cpu7_STLB TRANSLATION  ACCESS:          0 HIT:          0 MISS:          0 MSHR_MERGE:          0
cpu7->cpu7_STLB PREFETCH REQUESTED:          0 ISSUED:          0 USEFUL:          0 USELESS:          0
cpu7->cpu7_STLB AVERAGE MISS LATENCY: 249 cycles
cpu7->cpu7_L2C TOTAL        ACCESS:    4499253 HIT:    1955216 MISS:    2544037 MSHR_MERGE:          0
cpu7->cpu7_L2C LOAD         ACCESS:     589008 HIT:         37 MISS:     588971 MSHR_MERGE:          0
cpu7->cpu7_L2C RFO          ACCESS:    1954994 HIT:          0 MISS:    1954994 MSHR_MERGE:          0
cpu7->cpu7_L2C PREFETCH     ACCESS:          0 HIT:          0 MISS:          0 MSHR_MERGE:          0
cpu7->cpu7_L2C WRITE        ACCESS:    1955175 HIT:    1955175 MISS:          0 MSHR_MERGE:          0
cpu7->cpu7_L2C TRANSLATION  ACCESS:         76 HIT:          4 MISS:         72 MSHR_MERGE:          0
cpu7->cpu7_L2C PREFETCH REQUESTED:          0 ISSUED:          0 USEFUL:          0 USELESS:          0
cpu7->cpu7_L2C AVERAGE MISS LATENCY: 690.6 cycles
cpu7->cpu7_L1I TOTAL        ACCESS:   19091569 HIT:   19091541 MISS:         28 MSHR_MERGE:         19
cpu7->cpu7_L1I LOAD         ACCESS:   19091569 HIT:   19091541 MISS:         28 MSHR_MERGE:         19
cpu7->cpu7_L1I RFO          ACCESS:          0 HIT:          0 MISS:          0 MSHR_MERGE:          0
cpu7->cpu7_L1I PREFETCH     ACCESS:          0 HIT:          0 MISS:          0 MSHR_MERGE:          0
cpu7->cpu7_L1I WRITE        ACCESS:          0 HIT:          0 MISS:          0 MSHR_MERGE:          0
cpu7->cpu7_L1I TRANSLATION  ACCESS:          0 HIT:          0 MISS:          0 MSHR_MERGE:          0
cpu7->cpu7_L1I PREFETCH REQUESTED:          0 ISSUED:          0 USEFUL:          0 USELESS:          0
cpu7->cpu7_L1I AVERAGE MISS LATENCY: 1204 cycles
cpu7->cpu7_L1D TOTAL        ACCESS:   26280135 HIT:    5294810 MISS:   20985325 MSHR_MERGE:   18441256
cpu7->cpu7_L1D LOAD         ACCESS:    7510304 HIT:    4049974 MISS:    3460330 MSHR_MERGE:    2871331
cpu7->cpu7_L1D RFO          ACCESS:          0 HIT:          0 MISS:          0 MSHR_MERGE:          0
cpu7->cpu7_L1D PREFETCH     ACCESS:          0 HIT:          0 MISS:          0 MSHR_MERGE:          0
cpu7->cpu7_L1D WRITE        ACCESS:   18769755 HIT:    1244836 MISS:   17524919 MSHR_MERGE:   15569925
cpu7->cpu7_L1D TRANSLATION  ACCESS:         76 HIT:          0 MISS:         76 MSHR_MERGE:          0
cpu7->cpu7_L1D PREFETCH REQUESTED:          0 ISSUED:          0 USEFUL:          0 USELESS:          0
cpu7->cpu7_L1D AVERAGE MISS LATENCY: 699.7 cycles
cpu7->cpu7_ITLB TOTAL        ACCESS:   18890378 HIT:   18890378 MISS:          0 MSHR_MERGE:          0
cpu7->cpu7_ITLB LOAD         ACCESS:   18890378 HIT:   18890378 MISS:          0 MSHR_MERGE:          0
cpu7->cpu7_ITLB RFO          ACCESS:          0 HIT:          0 MISS:          0 MSHR_MERGE:          0
cpu7->cpu7_ITLB PREFETCH     ACCESS:          0 HIT:          0 MISS:          0 MSHR_MERGE:          0
cpu7->cpu7_ITLB WRITE        ACCESS:          0 HIT:          0 MISS:          0 MSHR_MERGE:          0
cpu7->cpu7_ITLB TRANSLATION  ACCESS:          0 HIT:          0 MISS:          0 MSHR_MERGE:          0
cpu7->cpu7_ITLB PREFETCH REQUESTED:          0 ISSUED:          0 USEFUL:          0 USELESS:          0
cpu7->cpu7_ITLB AVERAGE MISS LATENCY: - cycles
cpu7->cpu7_DTLB TOTAL        ACCESS:   23418566 HIT:   23417663 MISS:        903 MSHR_MERGE:        820
cpu7->cpu7_DTLB LOAD         ACCESS:   23418566 HIT:   23417663 MISS:        903 MSHR_MERGE:        820
cpu7->cpu7_DTLB RFO          ACCESS:          0 HIT:          0 MISS:          0 MSHR_MERGE:          0
cpu7->cpu7_DTLB PREFETCH     ACCESS:          0 HIT:          0 MISS:          0 MSHR_MERGE:          0
cpu7->cpu7_DTLB WRITE        ACCESS:          0 HIT:          0 MISS:          0 MSHR_MERGE:          0
cpu7->cpu7_DTLB TRANSLATION  ACCESS:          0 HIT:          0 MISS:          0 MSHR_MERGE:          0
cpu7->cpu7_DTLB PREFETCH REQUESTED:          0 ISSUED:          0 USEFUL:          0 USELESS:          0
cpu7->cpu7_DTLB AVERAGE MISS LATENCY: 233.9 cycles
cpu6->cpu6_STLB TOTAL        ACCESS:         83 HIT:          7 MISS:         76 MSHR_MERGE:          0
cpu6->cpu6_STLB LOAD         ACCESS:         83 HIT:          7 MISS:         76 MSHR_MERGE:          0
cpu6->cpu6_STLB RFO          ACCESS:          0 HIT:          0 MISS:          0 MSHR_MERGE:          0
cpu6->cpu6_STLB PREFETCH     ACCESS:          0 HIT:          0 MISS:          0 MSHR_MERGE:          0
cpu6->cpu6_STLB WRITE        ACCESS:          0 HIT:          0 MISS:          0 MSHR_MERGE:          0
cpu6->cpu6_STLB TRANSLATION  ACCESS:          0 HIT:          0 MISS:          0 MSHR_MERGE:          0
cpu6->cpu6_STLB PREFETCH REQUESTED:          0 ISSUED:          0 USEFUL:          0 USELESS:          0
cpu6->cpu6_STLB AVERAGE MISS LATENCY: 235 cycles
cpu6->cpu6_L2C TOTAL        ACCESS:    4498670 HIT:    1954980 MISS:    2543690 MSHR_MERGE:          0
cpu6->cpu6_L2C LOAD         ACCESS:     588888 HIT:         37 MISS:     588851 MSHR_MERGE:          0
cpu6->cpu6_L2C RFO          ACCESS:    1954767 HIT:          0 MISS:    1954767 MSHR_MERGE:          0
cpu6->cpu6_L2C PREFETCH     ACCESS:          0 HIT:          0 MISS:          0 MSHR_MERGE:          0
cpu6->cpu6_L2C WRITE        ACCESS:    1954939 HIT:    1954939 MISS:          0 MSHR_MERGE:          0
cpu6->cpu6_L2C TRANSLATION  ACCESS:         76 HIT:          4 MISS:         72 MSHR_MERGE:          0
cpu6->cpu6_L2C PREFETCH REQUESTED:          0 ISSUED:          0 USEFUL:          0 USELESS:          0
cpu6->cpu6_L2C AVERAGE MISS LATENCY: 689.4 cycles
cpu6->cpu6_L1I TOTAL        ACCESS:   19087061 HIT:   19087028 MISS:         33 MSHR_MERGE:         24
cpu6->cpu6_L1I LOAD         ACCESS:   19087061 HIT:   19087028 MISS:         33 MSHR_MERGE:         24
cpu6->cpu6_L1I RFO          ACCESS:          0 HIT:          0 MISS:          0 MSHR_MERGE:          0
cpu6->cpu6_L1I PREFETCH     ACCESS:          0 HIT:          0 MISS:          0 MSHR_MERGE:          0
cpu6->cpu6_L1I WRITE        ACCESS:          0 HIT:          0 MISS:          0 MSHR_MERGE:          0
cpu6->cpu6_L1I TRANSLATION  ACCESS:          0 HIT:          0 MISS:          0 MSHR_MERGE:          0
cpu6->cpu6_L1I PREFETCH REQUESTED:          0 ISSUED:          0 USEFUL:          0 USELESS:          0
cpu6->cpu6_L1I AVERAGE MISS LATENCY: 929.4 cycles
cpu6->cpu6_L1D TOTAL        ACCESS:   26274608 HIT:    5291337 MISS:   20983271 MSHR_MERGE:   18439549
cpu6->cpu6_L1D LOAD         ACCESS:    7508314 HIT:    4052369 MISS:    3455945 MSHR_MERGE:    2867066
cpu6->cpu6_L1D RFO          ACCESS:          0 HIT:          0 MISS:          0 MSHR_MERGE:          0
cpu6->cpu6_L1D PREFETCH     ACCESS:          0 HIT:          0 MISS:          0 MSHR_MERGE:          0
cpu6->cpu6_L1D WRITE        ACCESS:   18766218 HIT:    1238968 MISS:   17527250 MSHR_MERGE:   15572483
cpu6->cpu6_L1D TRANSLATION  ACCESS:         76 HIT:          0 MISS:         76 MSHR_MERGE:          0
cpu6->cpu6_L1D PREFETCH REQUESTED:          0 ISSUED:          0 USEFUL:          0 USELESS:          0
cpu6->cpu6_L1D AVERAGE MISS LATENCY: 698.5 cycles
cpu6->cpu6_ITLB TOTAL        ACCESS:   18882928 HIT:   18882928 MISS:          0 MSHR_MERGE:          0
cpu6->cpu6_ITLB LOAD         ACCESS:   18882928 HIT:   18882928 MISS:          0 MSHR_MERGE:          0
cpu6->cpu6_ITLB RFO          ACCESS:          0 HIT:          0 MISS:          0 MSHR_MERGE:          0
cpu6->cpu6_ITLB PREFETCH     ACCESS:          0 HIT:          0 MISS:          0 MSHR_MERGE:          0
cpu6->cpu6_ITLB WRITE        ACCESS:          0 HIT:          0 MISS:          0 MSHR_MERGE:          0
cpu6->cpu6_ITLB TRANSLATION  ACCESS:          0 HIT:          0 MISS:          0 MSHR_MERGE:          0
cpu6->cpu6_ITLB PREFETCH REQUESTED:          0 ISSUED:          0 USEFUL:          0 USELESS:          0
cpu6->cpu6_ITLB AVERAGE MISS LATENCY: - cycles
cpu6->cpu6_DTLB TOTAL        ACCESS:   23476376 HIT:   23475468 MISS:        908 MSHR_MERGE:        825
cpu6->cpu6_DTLB LOAD         ACCESS:   23476376 HIT:   23475468 MISS:        908 MSHR_MERGE:        825
cpu6->cpu6_DTLB RFO          ACCESS:          0 HIT:          0 MISS:          0 MSHR_MERGE:          0
cpu6->cpu6_DTLB PREFETCH     ACCESS:          0 HIT:          0 MISS:          0 MSHR_MERGE:          0
cpu6->cpu6_DTLB WRITE        ACCESS:          0 HIT:          0 MISS:          0 MSHR_MERGE:          0
cpu6->cpu6_DTLB TRANSLATION  ACCESS:          0 HIT:          0 MISS:          0 MSHR_MERGE:          0
cpu6->cpu6_DTLB PREFETCH REQUESTED:          0 ISSUED:          0 USEFUL:          0 USELESS:          0
cpu6->cpu6_DTLB AVERAGE MISS LATENCY: 221.1 cycles
cpu5->cpu5_STLB TOTAL        ACCESS:         83 HIT:          7 MISS:         76 MSHR_MERGE:          0
cpu5->cpu5_STLB LOAD         ACCESS:         83 HIT:          7 MISS:         76 MSHR_MERGE:          0
cpu5->cpu5_STLB RFO          ACCESS:          0 HIT:          0 MISS:          0 MSHR_MERGE:          0
cpu5->cpu5_STLB PREFETCH     ACCESS:          0 HIT:          0 MISS:          0 MSHR_MERGE:          0
cpu5->cpu5_STLB WRITE        ACCESS:          0 HIT:          0 MISS:          0 MSHR_MERGE:          0
cpu5->cpu5_STLB TRANSLATION  ACCESS:          0 HIT:          0 MISS:          0 MSHR_MERGE:          0
cpu5->cpu5_STLB PREFETCH REQUESTED:          0 ISSUED:          0 USEFUL:          0 USELESS:          0
cpu5->cpu5_STLB AVERAGE MISS LATENCY: 251.4 cycles
cpu5->cpu5_L2C TOTAL        ACCESS:    4495388 HIT:    1953685 MISS:    2541703 MSHR_MERGE:          0
cpu5->cpu5_L2C LOAD         ACCESS:     588214 HIT:         37 MISS:     588177 MSHR_MERGE:          0
cpu5->cpu5_L2C RFO          ACCESS:    1953454 HIT:          0 MISS:    1953454 MSHR_MERGE:          0
cpu5->cpu5_L2C PREFETCH     ACCESS:          0 HIT:          0 MISS:          0 MSHR_MERGE:          0
cpu5->cpu5_L2C WRITE        ACCESS:    1953644 HIT:    1953644 MISS:          0 MSHR_MERGE:          0
cpu5->cpu5_L2C TRANSLATION  ACCESS:         76 HIT:          4 MISS:         72 MSHR_MERGE:          0
cpu5->cpu5_L2C PREFETCH REQUESTED:          0 ISSUED:          0 USEFUL:          0 USELESS:          0
cpu5->cpu5_L2C AVERAGE MISS LATENCY: 688.4 cycles
cpu5->cpu5_L1I TOTAL        ACCESS:   19064876 HIT:   19064847 MISS:         29 MSHR_MERGE:         20
cpu5->cpu5_L1I LOAD         ACCESS:   19064876 HIT:   19064847 MISS:         29 MSHR_MERGE:         20
cpu5->cpu5_L1I RFO          ACCESS:          0 HIT:          0 MISS:          0 MSHR_MERGE:          0
cpu5->cpu5_L1I PREFETCH     ACCESS:          0 HIT:          0 MISS:          0 MSHR_MERGE:          0
cpu5->cpu5_L1I WRITE        ACCESS:          0 HIT:          0 MISS:          0 MSHR_MERGE:          0
cpu5->cpu5_L1I TRANSLATION  ACCESS:          0 HIT:          0 MISS:          0 MSHR_MERGE:          0
cpu5->cpu5_L1I PREFETCH REQUESTED:          0 ISSUED:          0 USEFUL:          0 USELESS:          0
cpu5->cpu5_L1I AVERAGE MISS LATENCY: 1268 cycles
cpu5->cpu5_L1D TOTAL        ACCESS:   26267070 HIT:    5293081 MISS:   20973989 MSHR_MERGE:   18432254
cpu5->cpu5_L1D LOAD         ACCESS:    7521701 HIT:    4047481 MISS:    3474220 MSHR_MERGE:    2886015
cpu5->cpu5_L1D RFO          ACCESS:          0 HIT:          0 MISS:          0 MSHR_MERGE:          0
cpu5->cpu5_L1D PREFETCH     ACCESS:          0 HIT:          0 MISS:          0 MSHR_MERGE:          0
cpu5->cpu5_L1D WRITE        ACCESS:   18745293 HIT:    1245600 MISS:   17499693 MSHR_MERGE:   15546239
cpu5->cpu5_L1D TRANSLATION  ACCESS:         76 HIT:          0 MISS:         76 MSHR_MERGE:          0
cpu5->cpu5_L1D PREFETCH REQUESTED:          0 ISSUED:          0 USEFUL:          0 USELESS:          0
cpu5->cpu5_L1D AVERAGE MISS LATENCY: 697.5 cycles
cpu5->cpu5_ITLB TOTAL        ACCESS:   18862324 HIT:   18862324 MISS:          0 MSHR_MERGE:          0
cpu5->cpu5_ITLB LOAD         ACCESS:   18862324 HIT:   18862324 MISS:          0 MSHR_MERGE:          0
cpu5->cpu5_ITLB RFO          ACCESS:          0 HIT:          0 MISS:          0 MSHR_MERGE:          0
cpu5->cpu5_ITLB PREFETCH     ACCESS:          0 HIT:          0 MISS:          0 MSHR_MERGE:          0
cpu5->cpu5_ITLB WRITE        ACCESS:          0 HIT:          0 MISS:          0 MSHR_MERGE:          0
cpu5->cpu5_ITLB TRANSLATION  ACCESS:          0 HIT:          0 MISS:          0 MSHR_MERGE:          0
cpu5->cpu5_ITLB PREFETCH REQUESTED:          0 ISSUED:          0 USEFUL:          0 USELESS:          0
cpu5->cpu5_ITLB AVERAGE MISS LATENCY: - cycles
cpu5->cpu5_DTLB TOTAL        ACCESS:   23374486 HIT:   23373607 MISS:        879 MSHR_MERGE:        796
cpu5->cpu5_DTLB LOAD         ACCESS:   23374486 HIT:   23373607 MISS:        879 MSHR_MERGE:        796
cpu5->cpu5_DTLB RFO          ACCESS:          0 HIT:          0 MISS:          0 MSHR_MERGE:          0
cpu5->cpu5_DTLB PREFETCH     ACCESS:          0 HIT:          0 MISS:          0 MSHR_MERGE:          0
cpu5->cpu5_DTLB WRITE        ACCESS:          0 HIT:          0 MISS:          0 MSHR_MERGE:          0
cpu5->cpu5_DTLB TRANSLATION  ACCESS:          0 HIT:          0 MISS:          0 MSHR_MERGE:          0
cpu5->cpu5_DTLB PREFETCH REQUESTED:          0 ISSUED:          0 USEFUL:          0 USELESS:          0
cpu5->cpu5_DTLB AVERAGE MISS LATENCY: 236.1 cycles
cpu4->cpu4_STLB TOTAL        ACCESS:         83 HIT:          7 MISS:         76 MSHR_MERGE:          0
cpu4->cpu4_STLB LOAD         ACCESS:         83 HIT:          7 MISS:         76 MSHR_MERGE:          0
cpu4->cpu4_STLB RFO          ACCESS:          0 HIT:          0 MISS:          0 MSHR_MERGE:          0
cpu4->cpu4_STLB PREFETCH     ACCESS:          0 HIT:          0 MISS:          0 MSHR_MERGE:          0
cpu4->cpu4_STLB WRITE        ACCESS:          0 HIT:          0 MISS:          0 MSHR_MERGE:          0
cpu4->cpu4_STLB TRANSLATION  ACCESS:          0 HIT:          0 MISS:          0 MSHR_MERGE:          0
cpu4->cpu4_STLB PREFETCH REQUESTED:          0 ISSUED:          0 USEFUL:          0 USELESS:          0
cpu4->cpu4_STLB AVERAGE MISS LATENCY: 302.3 cycles
cpu4->cpu4_L2C TOTAL        ACCESS:    4501018 HIT:    1955897 MISS:    2545121 MSHR_MERGE:          0
cpu4->cpu4_L2C LOAD         ACCESS:     589396 HIT:         37 MISS:     589359 MSHR_MERGE:          0
cpu4->cpu4_L2C RFO          ACCESS:    1955690 HIT:          0 MISS:    1955690 MSHR_MERGE:          0
cpu4->cpu4_L2C PREFETCH     ACCESS:          0 HIT:          0 MISS:          0 MSHR_MERGE:          0
cpu4->cpu4_L2C WRITE        ACCESS:    1955856 HIT:    1955856 MISS:          0 MSHR_MERGE:          0
cpu4->cpu4_L2C TRANSLATION  ACCESS:         76 HIT:          4 MISS:         72 MSHR_MERGE:          0
cpu4->cpu4_L2C PREFETCH REQUESTED:          0 ISSUED:          0 USEFUL:          0 USELESS:          0
cpu4->cpu4_L2C AVERAGE MISS LATENCY: 691.9 cycles
cpu4->cpu4_L1I TOTAL        ACCESS:   19102295 HIT:   19102266 MISS:         29 MSHR_MERGE:         20
cpu4->cpu4_L1I LOAD         ACCESS:   19102295 HIT:   19102266 MISS:         29 MSHR_MERGE:         20
cpu4->cpu4_L1I RFO          ACCESS:          0 HIT:          0 MISS:          0 MSHR_MERGE:          0
cpu4->cpu4_L1I PREFETCH     ACCESS:          0 HIT:          0 MISS:          0 MSHR_MERGE:          0
cpu4->cpu4_L1I WRITE        ACCESS:          0 HIT:          0 MISS:          0 MSHR_MERGE:          0
cpu4->cpu4_L1I TRANSLATION  ACCESS:          0 HIT:          0 MISS:          0 MSHR_MERGE:          0
cpu4->cpu4_L1I PREFETCH REQUESTED:          0 ISSUED:          0 USEFUL:          0 USELESS:          0
cpu4->cpu4_L1I AVERAGE MISS LATENCY: 1333 cycles
cpu4->cpu4_L1D TOTAL        ACCESS:   26312863 HIT:    5286660 MISS:   21026203 MSHR_MERGE:   18481050
cpu4->cpu4_L1D LOAD         ACCESS:    7531554 HIT:    4052360 MISS:    3479194 MSHR_MERGE:    2889807
cpu4->cpu4_L1D RFO          ACCESS:          0 HIT:          0 MISS:          0 MSHR_MERGE:          0
cpu4->cpu4_L1D PREFETCH     ACCESS:          0 HIT:          0 MISS:          0 MSHR_MERGE:          0
cpu4->cpu4_L1D WRITE        ACCESS:   18781233 HIT:    1234300 MISS:   17546933 MSHR_MERGE:   15591243
cpu4->cpu4_L1D TRANSLATION  ACCESS:         76 HIT:          0 MISS:         76 MSHR_MERGE:          0
cpu4->cpu4_L1D PREFETCH REQUESTED:          0 ISSUED:          0 USEFUL:          0 USELESS:          0
cpu4->cpu4_L1D AVERAGE MISS LATENCY: 701 cycles
cpu4->cpu4_ITLB TOTAL        ACCESS:   18898884 HIT:   18898884 MISS:          0 MSHR_MERGE:          0
cpu4->cpu4_ITLB LOAD         ACCESS:   18898884 HIT:   18898884 MISS:          0 MSHR_MERGE:          0
cpu4->cpu4_ITLB RFO          ACCESS:          0 HIT:          0 MISS:          0 MSHR_MERGE:          0
cpu4->cpu4_ITLB PREFETCH     ACCESS:          0 HIT:          0 MISS:          0 MSHR_MERGE:          0
cpu4->cpu4_ITLB WRITE        ACCESS:          0 HIT:          0 MISS:          0 MSHR_MERGE:          0
cpu4->cpu4_ITLB TRANSLATION  ACCESS:          0 HIT:          0 MISS:          0 MSHR_MERGE:          0
cpu4->cpu4_ITLB PREFETCH REQUESTED:          0 ISSUED:          0 USEFUL:          0 USELESS:          0
cpu4->cpu4_ITLB AVERAGE MISS LATENCY: - cycles
cpu4->cpu4_DTLB TOTAL        ACCESS:   23414339 HIT:   23413443 MISS:        896 MSHR_MERGE:        813
cpu4->cpu4_DTLB LOAD         ACCESS:   23414339 HIT:   23413443 MISS:        896 MSHR_MERGE:        813
cpu4->cpu4_DTLB RFO          ACCESS:          0 HIT:          0 MISS:          0 MSHR_MERGE:          0
cpu4->cpu4_DTLB PREFETCH     ACCESS:          0 HIT:          0 MISS:          0 MSHR_MERGE:          0
cpu4->cpu4_DTLB WRITE        ACCESS:          0 HIT:          0 MISS:          0 MSHR_MERGE:          0
cpu4->cpu4_DTLB TRANSLATION  ACCESS:          0 HIT:          0 MISS:          0 MSHR_MERGE:          0
cpu4->cpu4_DTLB PREFETCH REQUESTED:          0 ISSUED:          0 USEFUL:          0 USELESS:          0
cpu4->cpu4_DTLB AVERAGE MISS LATENCY: 282.7 cycles
cpu3->cpu3_STLB TOTAL        ACCESS:         83 HIT:          7 MISS:         76 MSHR_MERGE:          0
cpu3->cpu3_STLB LOAD         ACCESS:         83 HIT:          7 MISS:         76 MSHR_MERGE:          0
cpu3->cpu3_STLB RFO          ACCESS:          0 HIT:          0 MISS:          0 MSHR_MERGE:          0
cpu3->cpu3_STLB PREFETCH     ACCESS:          0 HIT:          0 MISS:          0 MSHR_MERGE:          0
cpu3->cpu3_STLB WRITE        ACCESS:          0 HIT:          0 MISS:          0 MSHR_MERGE:          0
cpu3->cpu3_STLB TRANSLATION  ACCESS:          0 HIT:          0 MISS:          0 MSHR_MERGE:          0
cpu3->cpu3_STLB PREFETCH REQUESTED:          0 ISSUED:          0 USEFUL:          0 USELESS:          0
cpu3->cpu3_STLB AVERAGE MISS LATENCY: 239.7 cycles
cpu3->cpu3_L2C TOTAL        ACCESS:    4497485 HIT:    1954504 MISS:    2542981 MSHR_MERGE:          0
cpu3->cpu3_L2C LOAD         ACCESS:     588649 HIT:         36 MISS:     588613 MSHR_MERGE:          0
cpu3->cpu3_L2C RFO          ACCESS:    1954296 HIT:          0 MISS:    1954296 MSHR_MERGE:          0
cpu3->cpu3_L2C PREFETCH     ACCESS:          0 HIT:          0 MISS:          0 MSHR_MERGE:          0
cpu3->cpu3_L2C WRITE        ACCESS:    1954464 HIT:    1954464 MISS:          0 MSHR_MERGE:          0
cpu3->cpu3_L2C TRANSLATION  ACCESS:         76 HIT:          4 MISS:         72 MSHR_MERGE:          0
cpu3->cpu3_L2C PREFETCH REQUESTED:          0 ISSUED:          0 USEFUL:          0 USELESS:          0
cpu3->cpu3_L2C AVERAGE MISS LATENCY: 689.7 cycles
cpu3->cpu3_L1I TOTAL        ACCESS:   19079196 HIT:   19079164 MISS:         32 MSHR_MERGE:         23
cpu3->cpu3_L1I LOAD         ACCESS:   19079196 HIT:   19079164 MISS:         32 MSHR_MERGE:         23
cpu3->cpu3_L1I RFO          ACCESS:          0 HIT:          0 MISS:          0 MSHR_MERGE:          0
cpu3->cpu3_L1I PREFETCH     ACCESS:          0 HIT:          0 MISS:          0 MSHR_MERGE:          0
cpu3->cpu3_L1I WRITE        ACCESS:          0 HIT:          0 MISS:          0 MSHR_MERGE:          0
cpu3->cpu3_L1I TRANSLATION  ACCESS:          0 HIT:          0 MISS:          0 MSHR_MERGE:          0
cpu3->cpu3_L1I PREFETCH REQUESTED:          0 ISSUED:          0 USEFUL:          0 USELESS:          0
cpu3->cpu3_L1I AVERAGE MISS LATENCY: 816.2 cycles
cpu3->cpu3_L1D TOTAL        ACCESS:   26249948 HIT:    5304150 MISS:   20945798 MSHR_MERGE:   18402786
cpu3->cpu3_L1D LOAD         ACCESS:    7490879 HIT:    4060444 MISS:    3430435 MSHR_MERGE:    2841795
cpu3->cpu3_L1D RFO          ACCESS:          0 HIT:          0 MISS:          0 MSHR_MERGE:          0
cpu3->cpu3_L1D PREFETCH     ACCESS:          0 HIT:          0 MISS:          0 MSHR_MERGE:          0
cpu3->cpu3_L1D WRITE        ACCESS:   18758993 HIT:    1243706 MISS:   17515287 MSHR_MERGE:   15560991
cpu3->cpu3_L1D TRANSLATION  ACCESS:         76 HIT:          0 MISS:         76 MSHR_MERGE:          0
cpu3->cpu3_L1D PREFETCH REQUESTED:          0 ISSUED:          0 USEFUL:          0 USELESS:          0
cpu3->cpu3_L1D AVERAGE MISS LATENCY: 698.8 cycles
cpu3->cpu3_ITLB TOTAL        ACCESS:   18950997 HIT:   18950997 MISS:          0 MSHR_MERGE:          0
cpu3->cpu3_ITLB LOAD         ACCESS:   18950997 HIT:   18950997 MISS:          0 MSHR_MERGE:          0
cpu3->cpu3_ITLB RFO          ACCESS:          0 HIT:          0 MISS:          0 MSHR_MERGE:          0
cpu3->cpu3_ITLB PREFETCH     ACCESS:          0 HIT:          0 MISS:          0 MSHR_MERGE:          0
cpu3->cpu3_ITLB WRITE        ACCESS:          0 HIT:          0 MISS:          0 MSHR_MERGE:          0
cpu3->cpu3_ITLB TRANSLATION  ACCESS:          0 HIT:          0 MISS:          0 MSHR_MERGE:          0
cpu3->cpu3_ITLB PREFETCH REQUESTED:          0 ISSUED:          0 USEFUL:          0 USELESS:          0
cpu3->cpu3_ITLB AVERAGE MISS LATENCY: - cycles
cpu3->cpu3_DTLB TOTAL        ACCESS:   23459569 HIT:   23458690 MISS:        879 MSHR_MERGE:        796
cpu3->cpu3_DTLB LOAD         ACCESS:   23459569 HIT:   23458690 MISS:        879 MSHR_MERGE:        796
cpu3->cpu3_DTLB RFO          ACCESS:          0 HIT:          0 MISS:          0 MSHR_MERGE:          0
cpu3->cpu3_DTLB PREFETCH     ACCESS:          0 HIT:          0 MISS:          0 MSHR_MERGE:          0
cpu3->cpu3_DTLB WRITE        ACCESS:          0 HIT:          0 MISS:          0 MSHR_MERGE:          0
cpu3->cpu3_DTLB TRANSLATION  ACCESS:          0 HIT:          0 MISS:          0 MSHR_MERGE:          0
cpu3->cpu3_DTLB PREFETCH REQUESTED:          0 ISSUED:          0 USEFUL:          0 USELESS:          0
cpu3->cpu3_DTLB AVERAGE MISS LATENCY: 225.4 cycles
cpu2->cpu2_STLB TOTAL        ACCESS:         83 HIT:          7 MISS:         76 MSHR_MERGE:          0
cpu2->cpu2_STLB LOAD         ACCESS:         83 HIT:          7 MISS:         76 MSHR_MERGE:          0
cpu2->cpu2_STLB RFO          ACCESS:          0 HIT:          0 MISS:          0 MSHR_MERGE:          0
cpu2->cpu2_STLB PREFETCH     ACCESS:          0 HIT:          0 MISS:          0 MSHR_MERGE:          0
cpu2->cpu2_STLB WRITE        ACCESS:          0 HIT:          0 MISS:          0 MSHR_MERGE:          0
cpu2->cpu2_STLB TRANSLATION  ACCESS:          0 HIT:          0 MISS:          0 MSHR_MERGE:          0
cpu2->cpu2_STLB PREFETCH REQUESTED:          0 ISSUED:          0 USEFUL:          0 USELESS:          0
cpu2->cpu2_STLB AVERAGE MISS LATENCY: 244.4 cycles
cpu2->cpu2_L2C TOTAL        ACCESS:    4496183 HIT:    1953980 MISS:    2542203 MSHR_MERGE:          0
cpu2->cpu2_L2C LOAD         ACCESS:     588390 HIT:         37 MISS:     588353 MSHR_MERGE:          0
cpu2->cpu2_L2C RFO          ACCESS:    1953778 HIT:          0 MISS:    1953778 MSHR_MERGE:          0
cpu2->cpu2_L2C PREFETCH     ACCESS:          0 HIT:          0 MISS:          0 MSHR_MERGE:          0
cpu2->cpu2_L2C WRITE        ACCESS:    1953939 HIT:    1953939 MISS:          0 MSHR_MERGE:          0
cpu2->cpu2_L2C TRANSLATION  ACCESS:         76 HIT:          4 MISS:         72 MSHR_MERGE:          0
cpu2->cpu2_L2C PREFETCH REQUESTED:          0 ISSUED:          0 USEFUL:          0 USELESS:          0
cpu2->cpu2_L2C AVERAGE MISS LATENCY: 689.8 cycles
cpu2->cpu2_L1I TOTAL        ACCESS:   19070664 HIT:   19070635 MISS:         29 MSHR_MERGE:         20
cpu2->cpu2_L1I LOAD         ACCESS:   19070664 HIT:   19070635 MISS:         29 MSHR_MERGE:         20
cpu2->cpu2_L1I RFO          ACCESS:          0 HIT:          0 MISS:          0 MSHR_MERGE:          0
cpu2->cpu2_L1I PREFETCH     ACCESS:          0 HIT:          0 MISS:          0 MSHR_MERGE:          0
cpu2->cpu2_L1I WRITE        ACCESS:          0 HIT:          0 MISS:          0 MSHR_MERGE:          0
cpu2->cpu2_L1I TRANSLATION  ACCESS:          0 HIT:          0 MISS:          0 MSHR_MERGE:          0
cpu2->cpu2_L1I PREFETCH REQUESTED:          0 ISSUED:          0 USEFUL:          0 USELESS:          0
cpu2->cpu2_L1I AVERAGE MISS LATENCY: 1209 cycles
cpu2->cpu2_L1D TOTAL        ACCESS:   26291953 HIT:    5297929 MISS:   20994024 MSHR_MERGE:   18451789
cpu2->cpu2_L1D LOAD         ACCESS:    7540980 HIT:    4055876 MISS:    3485104 MSHR_MERGE:    2896723
cpu2->cpu2_L1D RFO          ACCESS:          0 HIT:          0 MISS:          0 MSHR_MERGE:          0
cpu2->cpu2_L1D PREFETCH     ACCESS:          0 HIT:          0 MISS:          0 MSHR_MERGE:          0
cpu2->cpu2_L1D WRITE        ACCESS:   18750897 HIT:    1242053 MISS:   17508844 MSHR_MERGE:   15555066
cpu2->cpu2_L1D TRANSLATION  ACCESS:         76 HIT:          0 MISS:         76 MSHR_MERGE:          0
cpu2->cpu2_L1D PREFETCH REQUESTED:          0 ISSUED:          0 USEFUL:          0 USELESS:          0
cpu2->cpu2_L1D AVERAGE MISS LATENCY: 698.9 cycles
cpu2->cpu2_ITLB TOTAL        ACCESS:   18867234 HIT:   18867234 MISS:          0 MSHR_MERGE:          0
cpu2->cpu2_ITLB LOAD         ACCESS:   18867234 HIT:   18867234 MISS:          0 MSHR_MERGE:          0
cpu2->cpu2_ITLB RFO          ACCESS:          0 HIT:          0 MISS:          0 MSHR_MERGE:          0
cpu2->cpu2_ITLB PREFETCH     ACCESS:          0 HIT:          0 MISS:          0 MSHR_MERGE:          0
cpu2->cpu2_ITLB WRITE        ACCESS:          0 HIT:          0 MISS:          0 MSHR_MERGE:          0
cpu2->cpu2_ITLB TRANSLATION  ACCESS:          0 HIT:          0 MISS:          0 MSHR_MERGE:          0
cpu2->cpu2_ITLB PREFETCH REQUESTED:          0 ISSUED:          0 USEFUL:          0 USELESS:          0
cpu2->cpu2_ITLB AVERAGE MISS LATENCY: - cycles
cpu2->cpu2_DTLB TOTAL        ACCESS:   23403537 HIT:   23402675 MISS:        862 MSHR_MERGE:        779
cpu2->cpu2_DTLB LOAD         ACCESS:   23403537 HIT:   23402675 MISS:        862 MSHR_MERGE:        779
cpu2->cpu2_DTLB RFO          ACCESS:          0 HIT:          0 MISS:          0 MSHR_MERGE:          0
cpu2->cpu2_DTLB PREFETCH     ACCESS:          0 HIT:          0 MISS:          0 MSHR_MERGE:          0
cpu2->cpu2_DTLB WRITE        ACCESS:          0 HIT:          0 MISS:          0 MSHR_MERGE:          0
cpu2->cpu2_DTLB TRANSLATION  ACCESS:          0 HIT:          0 MISS:          0 MSHR_MERGE:          0
cpu2->cpu2_DTLB PREFETCH REQUESTED:          0 ISSUED:          0 USEFUL:          0 USELESS:          0
cpu2->cpu2_DTLB AVERAGE MISS LATENCY: 229.7 cycles
cpu1->cpu1_STLB TOTAL        ACCESS:         83 HIT:          7 MISS:         76 MSHR_MERGE:          0
cpu1->cpu1_STLB LOAD         ACCESS:         83 HIT:          7 MISS:         76 MSHR_MERGE:          0
cpu1->cpu1_STLB RFO          ACCESS:          0 HIT:          0 MISS:          0 MSHR_MERGE:          0
cpu1->cpu1_STLB PREFETCH     ACCESS:          0 HIT:          0 MISS:          0 MSHR_MERGE:          0
cpu1->cpu1_STLB WRITE        ACCESS:          0 HIT:          0 MISS:          0 MSHR_MERGE:          0
cpu1->cpu1_STLB TRANSLATION  ACCESS:          0 HIT:          0 MISS:          0 MSHR_MERGE:          0
cpu1->cpu1_STLB PREFETCH REQUESTED:          0 ISSUED:          0 USEFUL:          0 USELESS:          0
cpu1->cpu1_STLB AVERAGE MISS LATENCY: 252 cycles
cpu1->cpu1_L2C TOTAL        ACCESS:    4499775 HIT:    1955413 MISS:    2544362 MSHR_MERGE:          0
cpu1->cpu1_L2C LOAD         ACCESS:     589148 HIT:         37 MISS:     589111 MSHR_MERGE:          0
cpu1->cpu1_L2C RFO          ACCESS:    1955179 HIT:          0 MISS:    1955179 MSHR_MERGE:          0
cpu1->cpu1_L2C PREFETCH     ACCESS:          0 HIT:          0 MISS:          0 MSHR_MERGE:          0
cpu1->cpu1_L2C WRITE        ACCESS:    1955372 HIT:    1955372 MISS:          0 MSHR_MERGE:          0
cpu1->cpu1_L2C TRANSLATION  ACCESS:         76 HIT:          4 MISS:         72 MSHR_MERGE:          0
cpu1->cpu1_L2C PREFETCH REQUESTED:          0 ISSUED:          0 USEFUL:          0 USELESS:          0
cpu1->cpu1_L2C AVERAGE MISS LATENCY: 690.7 cycles
cpu1->cpu1_L1I TOTAL        ACCESS:   19094248 HIT:   19094219 MISS:         29 MSHR_MERGE:         20
cpu1->cpu1_L1I LOAD         ACCESS:   19094248 HIT:   19094219 MISS:         29 MSHR_MERGE:         20
cpu1->cpu1_L1I RFO          ACCESS:          0 HIT:          0 MISS:          0 MSHR_MERGE:          0
cpu1->cpu1_L1I PREFETCH     ACCESS:          0 HIT:          0 MISS:          0 MSHR_MERGE:          0
cpu1->cpu1_L1I WRITE        ACCESS:          0 HIT:          0 MISS:          0 MSHR_MERGE:          0
cpu1->cpu1_L1I TRANSLATION  ACCESS:          0 HIT:          0 MISS:          0 MSHR_MERGE:          0
cpu1->cpu1_L1I PREFETCH REQUESTED:          0 ISSUED:          0 USEFUL:          0 USELESS:          0
cpu1->cpu1_L1I AVERAGE MISS LATENCY: 1099 cycles
cpu1->cpu1_L1D TOTAL        ACCESS:   26289099 HIT:    5290714 MISS:   20998385 MSHR_MERGE:   18453991
cpu1->cpu1_L1D LOAD         ACCESS:    7515424 HIT:    4046799 MISS:    3468625 MSHR_MERGE:    2879486
cpu1->cpu1_L1D RFO          ACCESS:          0 HIT:          0 MISS:          0 MSHR_MERGE:          0
cpu1->cpu1_L1D PREFETCH     ACCESS:          0 HIT:          0 MISS:          0 MSHR_MERGE:          0
cpu1->cpu1_L1D WRITE        ACCESS:   18773599 HIT:    1243915 MISS:   17529684 MSHR_MERGE:   15574505
cpu1->cpu1_L1D TRANSLATION  ACCESS:         76 HIT:          0 MISS:         76 MSHR_MERGE:          0
cpu1->cpu1_L1D PREFETCH REQUESTED:          0 ISSUED:          0 USEFUL:          0 USELESS:          0
cpu1->cpu1_L1D AVERAGE MISS LATENCY: 699.8 cycles
cpu1->cpu1_ITLB TOTAL        ACCESS:   18965895 HIT:   18965895 MISS:          0 MSHR_MERGE:          0
cpu1->cpu1_ITLB LOAD         ACCESS:   18965895 HIT:   18965895 MISS:          0 MSHR_MERGE:          0
cpu1->cpu1_ITLB RFO          ACCESS:          0 HIT:          0 MISS:          0 MSHR_MERGE:          0
cpu1->cpu1_ITLB PREFETCH     ACCESS:          0 HIT:          0 MISS:          0 MSHR_MERGE:          0
cpu1->cpu1_ITLB WRITE        ACCESS:          0 HIT:          0 MISS:          0 MSHR_MERGE:          0
cpu1->cpu1_ITLB TRANSLATION  ACCESS:          0 HIT:          0 MISS:          0 MSHR_MERGE:          0
cpu1->cpu1_ITLB PREFETCH REQUESTED:          0 ISSUED:          0 USEFUL:          0 USELESS:          0
cpu1->cpu1_ITLB AVERAGE MISS LATENCY: - cycles
cpu1->cpu1_DTLB TOTAL        ACCESS:   23429339 HIT:   23428440 MISS:        899 MSHR_MERGE:        816
cpu1->cpu1_DTLB LOAD         ACCESS:   23429339 HIT:   23428440 MISS:        899 MSHR_MERGE:        816
cpu1->cpu1_DTLB RFO          ACCESS:          0 HIT:          0 MISS:          0 MSHR_MERGE:          0
cpu1->cpu1_DTLB PREFETCH     ACCESS:          0 HIT:          0 MISS:          0 MSHR_MERGE:          0
cpu1->cpu1_DTLB WRITE        ACCESS:          0 HIT:          0 MISS:          0 MSHR_MERGE:          0
cpu1->cpu1_DTLB TRANSLATION  ACCESS:          0 HIT:          0 MISS:          0 MSHR_MERGE:          0
cpu1->cpu1_DTLB PREFETCH REQUESTED:          0 ISSUED:          0 USEFUL:          0 USELESS:          0
cpu1->cpu1_DTLB AVERAGE MISS LATENCY: 236.6 cycles
cpu0->cpu0_STLB TOTAL        ACCESS:         83 HIT:          7 MISS:         76 MSHR_MERGE:          0
cpu0->cpu0_STLB LOAD         ACCESS:         83 HIT:          7 MISS:         76 MSHR_MERGE:          0
cpu0->cpu0_STLB RFO          ACCESS:          0 HIT:          0 MISS:          0 MSHR_MERGE:          0
cpu0->cpu0_STLB PREFETCH     ACCESS:          0 HIT:          0 MISS:          0 MSHR_MERGE:          0
cpu0->cpu0_STLB WRITE        ACCESS:          0 HIT:          0 MISS:          0 MSHR_MERGE:          0
cpu0->cpu0_STLB TRANSLATION  ACCESS:          0 HIT:          0 MISS:          0 MSHR_MERGE:          0
cpu0->cpu0_STLB PREFETCH REQUESTED:          0 ISSUED:          0 USEFUL:          0 USELESS:          0
cpu0->cpu0_STLB AVERAGE MISS LATENCY: 328.7 cycles
cpu0->cpu0_L2C TOTAL        ACCESS:    4499526 HIT:    1955296 MISS:    2544230 MSHR_MERGE:          0
cpu0->cpu0_L2C LOAD         ACCESS:     589127 HIT:         37 MISS:     589090 MSHR_MERGE:          0
cpu0->cpu0_L2C RFO          ACCESS:    1955068 HIT:          0 MISS:    1955068 MSHR_MERGE:          0
cpu0->cpu0_L2C PREFETCH     ACCESS:          0 HIT:          0 MISS:          0 MSHR_MERGE:          0
cpu0->cpu0_L2C WRITE        ACCESS:    1955255 HIT:    1955255 MISS:          0 MSHR_MERGE:          0
cpu0->cpu0_L2C TRANSLATION  ACCESS:         76 HIT:          4 MISS:         72 MSHR_MERGE:          0
cpu0->cpu0_L2C PREFETCH REQUESTED:          0 ISSUED:          0 USEFUL:          0 USELESS:          0
cpu0->cpu0_L2C AVERAGE MISS LATENCY: 689.8 cycles
cpu0->cpu0_L1I TOTAL        ACCESS:   19093507 HIT:   19093474 MISS:         33 MSHR_MERGE:         24
cpu0->cpu0_L1I LOAD         ACCESS:   19093507 HIT:   19093474 MISS:         33 MSHR_MERGE:         24
cpu0->cpu0_L1I RFO          ACCESS:          0 HIT:          0 MISS:          0 MSHR_MERGE:          0
cpu0->cpu0_L1I PREFETCH     ACCESS:          0 HIT:          0 MISS:          0 MSHR_MERGE:          0
cpu0->cpu0_L1I WRITE        ACCESS:          0 HIT:          0 MISS:          0 MSHR_MERGE:          0
cpu0->cpu0_L1I TRANSLATION  ACCESS:          0 HIT:          0 MISS:          0 MSHR_MERGE:          0
cpu0->cpu0_L1I PREFETCH REQUESTED:          0 ISSUED:          0 USEFUL:          0 USELESS:          0
cpu0->cpu0_L1I AVERAGE MISS LATENCY: 1301 cycles
cpu0->cpu0_L1D TOTAL        ACCESS:   26266978 HIT:    5304859 MISS:   20962119 MSHR_MERGE:   18417857
cpu0->cpu0_L1D LOAD         ACCESS:    7493957 HIT:    4061737 MISS:    3432220 MSHR_MERGE:    2843102
cpu0->cpu0_L1D RFO          ACCESS:          0 HIT:          0 MISS:          0 MSHR_MERGE:          0
cpu0->cpu0_L1D PREFETCH     ACCESS:          0 HIT:          0 MISS:          0 MSHR_MERGE:          0
cpu0->cpu0_L1D WRITE        ACCESS:   18772945 HIT:    1243122 MISS:   17529823 MSHR_MERGE:   15574755
cpu0->cpu0_L1D TRANSLATION  ACCESS:         76 HIT:          0 MISS:         76 MSHR_MERGE:          0
cpu0->cpu0_L1D PREFETCH REQUESTED:          0 ISSUED:          0 USEFUL:          0 USELESS:          0
cpu0->cpu0_L1D AVERAGE MISS LATENCY: 698.9 cycles
cpu0->cpu0_ITLB TOTAL        ACCESS:   18965230 HIT:   18965230 MISS:          0 MSHR_MERGE:          0
cpu0->cpu0_ITLB LOAD         ACCESS:   18965230 HIT:   18965230 MISS:          0 MSHR_MERGE:          0
cpu0->cpu0_ITLB RFO          ACCESS:          0 HIT:          0 MISS:          0 MSHR_MERGE:          0
cpu0->cpu0_ITLB PREFETCH     ACCESS:          0 HIT:          0 MISS:          0 MSHR_MERGE:          0
cpu0->cpu0_ITLB WRITE        ACCESS:          0 HIT:          0 MISS:          0 MSHR_MERGE:          0
cpu0->cpu0_ITLB TRANSLATION  ACCESS:          0 HIT:          0 MISS:          0 MSHR_MERGE:          0
cpu0->cpu0_ITLB PREFETCH REQUESTED:          0 ISSUED:          0 USEFUL:          0 USELESS:          0
cpu0->cpu0_ITLB AVERAGE MISS LATENCY: - cycles
cpu0->cpu0_DTLB TOTAL        ACCESS:   23474801 HIT:   23473903 MISS:        898 MSHR_MERGE:        815
cpu0->cpu0_DTLB LOAD         ACCESS:   23474801 HIT:   23473903 MISS:        898 MSHR_MERGE:        815
cpu0->cpu0_DTLB RFO          ACCESS:          0 HIT:          0 MISS:          0 MSHR_MERGE:          0
cpu0->cpu0_DTLB PREFETCH     ACCESS:          0 HIT:          0 MISS:          0 MSHR_MERGE:          0
cpu0->cpu0_DTLB WRITE        ACCESS:          0 HIT:          0 MISS:          0 MSHR_MERGE:          0
cpu0->cpu0_DTLB TRANSLATION  ACCESS:          0 HIT:          0 MISS:          0 MSHR_MERGE:          0
cpu0->cpu0_DTLB PREFETCH REQUESTED:          0 ISSUED:          0 USEFUL:          0 USELESS:          0
cpu0->cpu0_DTLB AVERAGE MISS LATENCY: 306.9 cycles
cpu0->LLC TOTAL        ACCESS:    4501062 HIT:    1955095 MISS:    2545967 MSHR_MERGE:          0
cpu0->LLC LOAD         ACCESS:     589092 HIT:          0 MISS:     589092 MSHR_MERGE:          0
cpu0->LLC RFO          ACCESS:    1955076 HIT:          0 MISS:    1955076 MSHR_MERGE:          0
cpu0->LLC PREFETCH     ACCESS:          0 HIT:          0 MISS:          0 MSHR_MERGE:          0
cpu0->LLC WRITE        ACCESS:    1956822 HIT:    1955036 MISS:       1786 MSHR_MERGE:          0
cpu0->LLC TRANSLATION  ACCESS:         72 HIT:         59 MISS:         13 MSHR_MERGE:          0
cpu0->LLC PREFETCH REQUESTED:          0 ISSUED:          0 USEFUL:          0 USELESS:          0
cpu0->LLC AVERAGE MISS LATENCY: 5387 cycles
cpu1->LLC TOTAL        ACCESS:    4501328 HIT:    1955299 MISS:    2546029 MSHR_MERGE:          0
cpu1->LLC LOAD         ACCESS:     589112 HIT:          0 MISS:     589112 MSHR_MERGE:          0
cpu1->LLC RFO          ACCESS:    1955187 HIT:          0 MISS:    1955187 MSHR_MERGE:          0
cpu1->LLC PREFETCH     ACCESS:          0 HIT:          0 MISS:          0 MSHR_MERGE:          0
cpu1->LLC WRITE        ACCESS:    1956957 HIT:    1955229 MISS:       1728 MSHR_MERGE:          0
cpu1->LLC TRANSLATION  ACCESS:         72 HIT:         70 MISS:          2 MSHR_MERGE:          0
cpu1->LLC PREFETCH REQUESTED:          0 ISSUED:          0 USEFUL:          0 USELESS:          0
cpu1->LLC AVERAGE MISS LATENCY: 5387 cycles
cpu2->LLC TOTAL        ACCESS:    4497823 HIT:    1954514 MISS:    2543309 MSHR_MERGE:          0
cpu2->LLC LOAD         ACCESS:     588355 HIT:          0 MISS:     588355 MSHR_MERGE:          0
cpu2->LLC RFO          ACCESS:    1953785 HIT:          0 MISS:    1953785 MSHR_MERGE:          0
cpu2->LLC PREFETCH     ACCESS:          0 HIT:          0 MISS:          0 MSHR_MERGE:          0
cpu2->LLC WRITE        ACCESS:    1955611 HIT:    1954443 MISS:       1168 MSHR_MERGE:          0
cpu2->LLC TRANSLATION  ACCESS:         72 HIT:         71 MISS:          1 MSHR_MERGE:          0
cpu2->LLC PREFETCH REQUESTED:          0 ISSUED:          0 USEFUL:          0 USELESS:          0
cpu2->LLC AVERAGE MISS LATENCY: 5392 cycles
cpu3->LLC TOTAL        ACCESS:    4499042 HIT:    1954667 MISS:    2544375 MSHR_MERGE:          0
cpu3->LLC LOAD         ACCESS:     588614 HIT:          0 MISS:     588614 MSHR_MERGE:          0
cpu3->LLC RFO          ACCESS:    1954303 HIT:          0 MISS:    1954303 MSHR_MERGE:          0
cpu3->LLC PREFETCH     ACCESS:          0 HIT:          0 MISS:          0 MSHR_MERGE:          0
cpu3->LLC WRITE        ACCESS:    1956053 HIT:    1954595 MISS:       1458 MSHR_MERGE:          0
cpu3->LLC TRANSLATION  ACCESS:         72 HIT:         72 MISS:          0 MSHR_MERGE:          0
cpu3->LLC PREFETCH REQUESTED:          0 ISSUED:          0 USEFUL:          0 USELESS:          0
cpu3->LLC AVERAGE MISS LATENCY: 5390 cycles
cpu4->LLC TOTAL        ACCESS:    4502743 HIT:    1955799 MISS:    2546944 MSHR_MERGE:          0
cpu4->LLC LOAD         ACCESS:     589361 HIT:          0 MISS:     589361 MSHR_MERGE:          0
cpu4->LLC RFO          ACCESS:    1955700 HIT:          0 MISS:    1955700 MSHR_MERGE:          0
cpu4->LLC PREFETCH     ACCESS:          0 HIT:          0 MISS:          0 MSHR_MERGE:          0
cpu4->LLC WRITE        ACCESS:    1957610 HIT:    1955736 MISS:       1874 MSHR_MERGE:          0
cpu4->LLC TRANSLATION  ACCESS:         72 HIT:         63 MISS:          9 MSHR_MERGE:          0
cpu4->LLC PREFETCH REQUESTED:          0 ISSUED:          0 USEFUL:          0 USELESS:          0
cpu4->LLC AVERAGE MISS LATENCY: 5385 cycles
cpu5->LLC TOTAL        ACCESS:    4497057 HIT:    1954321 MISS:    2542736 MSHR_MERGE:          0
cpu5->LLC LOAD         ACCESS:     588178 HIT:          0 MISS:     588178 MSHR_MERGE:          0
cpu5->LLC RFO          ACCESS:    1953461 HIT:          0 MISS:    1953461 MSHR_MERGE:          0
cpu5->LLC PREFETCH     ACCESS:          0 HIT:          0 MISS:          0 MSHR_MERGE:          0
cpu5->LLC WRITE        ACCESS:    1955346 HIT:    1954249 MISS:       1097 MSHR_MERGE:          0
cpu5->LLC TRANSLATION  ACCESS:         72 HIT:         72 MISS:          0 MSHR_MERGE:          0
cpu5->LLC PREFETCH REQUESTED:          0 ISSUED:          0 USEFUL:          0 USELESS:          0
cpu5->LLC AVERAGE MISS LATENCY: 5393 cycles
cpu6->LLC TOTAL        ACCESS:    4500154 HIT:    1955038 MISS:    2545116 MSHR_MERGE:          0
cpu6->LLC LOAD         ACCESS:     588852 HIT:          0 MISS:     588852 MSHR_MERGE:          0
cpu6->LLC RFO          ACCESS:    1954774 HIT:          0 MISS:    1954774 MSHR_MERGE:          0
cpu6->LLC PREFETCH     ACCESS:          0 HIT:          0 MISS:          0 MSHR_MERGE:          0
cpu6->LLC WRITE        ACCESS:    1956456 HIT:    1954966 MISS:       1490 MSHR_MERGE:          0
cpu6->LLC TRANSLATION  ACCESS:         72 HIT:         72 MISS:          0 MSHR_MERGE:          0
cpu6->LLC PREFETCH REQUESTED:          0 ISSUED:          0 USEFUL:          0 USELESS:          0
cpu6->LLC AVERAGE MISS LATENCY: 5388 cycles
cpu7->LLC TOTAL        ACCESS:    4500851 HIT:    1955204 MISS:    2545647 MSHR_MERGE:          0
cpu7->LLC LOAD         ACCESS:     588972 HIT:          0 MISS:     588972 MSHR_MERGE:          0
cpu7->LLC RFO          ACCESS:    1955003 HIT:          0 MISS:    1955003 MSHR_MERGE:          0
cpu7->LLC PREFETCH     ACCESS:          0 HIT:          0 MISS:          0 MSHR_MERGE:          0
cpu7->LLC WRITE        ACCESS:    1956804 HIT:    1955132 MISS:       1672 MSHR_MERGE:          0
cpu7->LLC TRANSLATION  ACCESS:         72 HIT:         72 MISS:          0 MSHR_MERGE:          0
cpu7->LLC PREFETCH REQUESTED:          0 ISSUED:          0 USEFUL:          0 USELESS:          0
cpu7->LLC AVERAGE MISS LATENCY: 5387 cycles

Region of Interest Statistics

CPU 7 cumulative IPC: 0.3129 instructions: 100000000 cycles: 319623315
CPU 7 Branch Prediction Accuracy: 100% MPKI: 0 Average ROB Occupancy at Mispredict: -
Branch type MPKI
BRANCH_DIRECT_JUMP: 0
BRANCH_INDIRECT: 0
BRANCH_CONDITIONAL: 0
BRANCH_DIRECT_CALL: 0
BRANCH_INDIRECT_CALL: 0
BRANCH_RETURN: 0


CPU 6 cumulative IPC: 0.3128 instructions: 100000003 cycles: 319671818
CPU 6 Branch Prediction Accuracy: 100% MPKI: 0 Average ROB Occupancy at Mispredict: -
Branch type MPKI
BRANCH_DIRECT_JUMP: 0
BRANCH_INDIRECT: 0
BRANCH_CONDITIONAL: 0
BRANCH_DIRECT_CALL: 0
BRANCH_INDIRECT_CALL: 0
BRANCH_RETURN: 0


CPU 5 cumulative IPC: 0.3125 instructions: 100000001 cycles: 319950606
CPU 5 Branch Prediction Accuracy: 100% MPKI: 0 Average ROB Occupancy at Mispredict: -
Branch type MPKI
BRANCH_DIRECT_JUMP: 0
BRANCH_INDIRECT: 0
BRANCH_CONDITIONAL: 0
BRANCH_DIRECT_CALL: 0
BRANCH_INDIRECT_CALL: 0
BRANCH_RETURN: 0


CPU 4 cumulative IPC: 0.313 instructions: 100000002 cycles: 319466450
CPU 4 Branch Prediction Accuracy: 100% MPKI: 0 Average ROB Occupancy at Mispredict: -
Branch type MPKI
BRANCH_DIRECT_JUMP: 0
BRANCH_INDIRECT: 0
BRANCH_CONDITIONAL: 0
BRANCH_DIRECT_CALL: 0
BRANCH_INDIRECT_CALL: 0
BRANCH_RETURN: 0


CPU 3 cumulative IPC: 0.3127 instructions: 100000000 cycles: 319764095
CPU 3 Branch Prediction Accuracy: 100% MPKI: 0 Average ROB Occupancy at Mispredict: -
Branch type MPKI
BRANCH_DIRECT_JUMP: 0
BRANCH_INDIRECT: 0
BRANCH_CONDITIONAL: 0
BRANCH_DIRECT_CALL: 0
BRANCH_INDIRECT_CALL: 0
BRANCH_RETURN: 0


CPU 2 cumulative IPC: 0.3126 instructions: 100000000 cycles: 319882753
CPU 2 Branch Prediction Accuracy: 100% MPKI: 0 Average ROB Occupancy at Mispredict: -
Branch type MPKI
BRANCH_DIRECT_JUMP: 0
BRANCH_INDIRECT: 0
BRANCH_CONDITIONAL: 0
BRANCH_DIRECT_CALL: 0
BRANCH_INDIRECT_CALL: 0
BRANCH_RETURN: 0


CPU 1 cumulative IPC: 0.3129 instructions: 100000002 cycles: 319573152
CPU 1 Branch Prediction Accuracy: 100% MPKI: 0 Average ROB Occupancy at Mispredict: -
Branch type MPKI
BRANCH_DIRECT_JUMP: 0
BRANCH_INDIRECT: 0
BRANCH_CONDITIONAL: 0
BRANCH_DIRECT_CALL: 0
BRANCH_INDIRECT_CALL: 0
BRANCH_RETURN: 0


CPU 0 cumulative IPC: 0.3129 instructions: 100000000 cycles: 319586405
CPU 0 Branch Prediction Accuracy: 100% MPKI: 0 Average ROB Occupancy at Mispredict: -
Branch type MPKI
BRANCH_DIRECT_JUMP: 0
BRANCH_INDIRECT: 0
BRANCH_CONDITIONAL: 0
BRANCH_DIRECT_CALL: 0
BRANCH_INDIRECT_CALL: 0
BRANCH_RETURN: 0

cpu7->cpu7_STLB TOTAL        ACCESS:         83 HIT:          7 MISS:         76 MSHR_MERGE:          0
cpu7->cpu7_STLB LOAD         ACCESS:         83 HIT:          7 MISS:         76 MSHR_MERGE:          0
cpu7->cpu7_STLB RFO          ACCESS:          0 HIT:          0 MISS:          0 MSHR_MERGE:          0
cpu7->cpu7_STLB PREFETCH     ACCESS:          0 HIT:          0 MISS:          0 MSHR_MERGE:          0
cpu7->cpu7_STLB WRITE        ACCESS:          0 HIT:          0 MISS:          0 MSHR_MERGE:          0
cpu7->cpu7_STLB TRANSLATION  ACCESS:          0 HIT:          0 MISS:          0 MSHR_MERGE:          0
cpu7->cpu7_STLB PREFETCH REQUESTED:          0 ISSUED:          0 USEFUL:          0 USELESS:          0
cpu7->cpu7_STLB AVERAGE MISS LATENCY: 249 cycles
cpu7->cpu7_L2C TOTAL        ACCESS:    4499253 HIT:    1955216 MISS:    2544037 MSHR_MERGE:          0
cpu7->cpu7_L2C LOAD         ACCESS:     589008 HIT:         37 MISS:     588971 MSHR_MERGE:          0
cpu7->cpu7_L2C RFO          ACCESS:    1954994 HIT:          0 MISS:    1954994 MSHR_MERGE:          0
cpu7->cpu7_L2C PREFETCH     ACCESS:          0 HIT:          0 MISS:          0 MSHR_MERGE:          0
cpu7->cpu7_L2C WRITE        ACCESS:    1955175 HIT:    1955175 MISS:          0 MSHR_MERGE:          0
cpu7->cpu7_L2C TRANSLATION  ACCESS:         76 HIT:          4 MISS:         72 MSHR_MERGE:          0
cpu7->cpu7_L2C PREFETCH REQUESTED:          0 ISSUED:          0 USEFUL:          0 USELESS:          0
cpu7->cpu7_L2C AVERAGE MISS LATENCY: 690.6 cycles
cpu7->cpu7_L1I TOTAL        ACCESS:   19091569 HIT:   19091541 MISS:         28 MSHR_MERGE:         19
cpu7->cpu7_L1I LOAD         ACCESS:   19091569 HIT:   19091541 MISS:         28 MSHR_MERGE:         19
cpu7->cpu7_L1I RFO          ACCESS:          0 HIT:          0 MISS:          0 MSHR_MERGE:          0
cpu7->cpu7_L1I PREFETCH     ACCESS:          0 HIT:          0 MISS:          0 MSHR_MERGE:          0
cpu7->cpu7_L1I WRITE        ACCESS:          0 HIT:          0 MISS:          0 MSHR_MERGE:          0
cpu7->cpu7_L1I TRANSLATION  ACCESS:          0 HIT:          0 MISS:          0 MSHR_MERGE:          0
cpu7->cpu7_L1I PREFETCH REQUESTED:          0 ISSUED:          0 USEFUL:          0 USELESS:          0
cpu7->cpu7_L1I AVERAGE MISS LATENCY: 1204 cycles
cpu7->cpu7_L1D TOTAL        ACCESS:   26280135 HIT:    5294810 MISS:   20985325 MSHR_MERGE:   18441256
cpu7->cpu7_L1D LOAD         ACCESS:    7510304 HIT:    4049974 MISS:    3460330 MSHR_MERGE:    2871331
cpu7->cpu7_L1D RFO          ACCESS:          0 HIT:          0 MISS:          0 MSHR_MERGE:          0
cpu7->cpu7_L1D PREFETCH     ACCESS:          0 HIT:          0 MISS:          0 MSHR_MERGE:          0
cpu7->cpu7_L1D WRITE        ACCESS:   18769755 HIT:    1244836 MISS:   17524919 MSHR_MERGE:   15569925
cpu7->cpu7_L1D TRANSLATION  ACCESS:         76 HIT:          0 MISS:         76 MSHR_MERGE:          0
cpu7->cpu7_L1D PREFETCH REQUESTED:          0 ISSUED:          0 USEFUL:          0 USELESS:          0
cpu7->cpu7_L1D AVERAGE MISS LATENCY: 699.7 cycles
cpu7->cpu7_ITLB TOTAL        ACCESS:   18890378 HIT:   18890378 MISS:          0 MSHR_MERGE:          0
cpu7->cpu7_ITLB LOAD         ACCESS:   18890378 HIT:   18890378 MISS:          0 MSHR_MERGE:          0
cpu7->cpu7_ITLB RFO          ACCESS:          0 HIT:          0 MISS:          0 MSHR_MERGE:          0
cpu7->cpu7_ITLB PREFETCH     ACCESS:          0 HIT:          0 MISS:          0 MSHR_MERGE:          0
cpu7->cpu7_ITLB WRITE        ACCESS:          0 HIT:          0 MISS:          0 MSHR_MERGE:          0
cpu7->cpu7_ITLB TRANSLATION  ACCESS:          0 HIT:          0 MISS:          0 MSHR_MERGE:          0
cpu7->cpu7_ITLB PREFETCH REQUESTED:          0 ISSUED:          0 USEFUL:          0 USELESS:          0
cpu7->cpu7_ITLB AVERAGE MISS LATENCY: - cycles
cpu7->cpu7_DTLB TOTAL        ACCESS:   23418566 HIT:   23417663 MISS:        903 MSHR_MERGE:        820
cpu7->cpu7_DTLB LOAD         ACCESS:   23418566 HIT:   23417663 MISS:        903 MSHR_MERGE:        820
cpu7->cpu7_DTLB RFO          ACCESS:          0 HIT:          0 MISS:          0 MSHR_MERGE:          0
cpu7->cpu7_DTLB PREFETCH     ACCESS:          0 HIT:          0 MISS:          0 MSHR_MERGE:          0
cpu7->cpu7_DTLB WRITE        ACCESS:          0 HIT:          0 MISS:          0 MSHR_MERGE:          0
cpu7->cpu7_DTLB TRANSLATION  ACCESS:          0 HIT:          0 MISS:          0 MSHR_MERGE:          0
cpu7->cpu7_DTLB PREFETCH REQUESTED:          0 ISSUED:          0 USEFUL:          0 USELESS:          0
cpu7->cpu7_DTLB AVERAGE MISS LATENCY: 233.9 cycles
cpu6->cpu6_STLB TOTAL        ACCESS:         83 HIT:          7 MISS:         76 MSHR_MERGE:          0
cpu6->cpu6_STLB LOAD         ACCESS:         83 HIT:          7 MISS:         76 MSHR_MERGE:          0
cpu6->cpu6_STLB RFO          ACCESS:          0 HIT:          0 MISS:          0 MSHR_MERGE:          0
cpu6->cpu6_STLB PREFETCH     ACCESS:          0 HIT:          0 MISS:          0 MSHR_MERGE:          0
cpu6->cpu6_STLB WRITE        ACCESS:          0 HIT:          0 MISS:          0 MSHR_MERGE:          0
cpu6->cpu6_STLB TRANSLATION  ACCESS:          0 HIT:          0 MISS:          0 MSHR_MERGE:          0
cpu6->cpu6_STLB PREFETCH REQUESTED:          0 ISSUED:          0 USEFUL:          0 USELESS:          0
cpu6->cpu6_STLB AVERAGE MISS LATENCY: 235 cycles
cpu6->cpu6_L2C TOTAL        ACCESS:    4498670 HIT:    1954980 MISS:    2543690 MSHR_MERGE:          0
cpu6->cpu6_L2C LOAD         ACCESS:     588888 HIT:         37 MISS:     588851 MSHR_MERGE:          0
cpu6->cpu6_L2C RFO          ACCESS:    1954767 HIT:          0 MISS:    1954767 MSHR_MERGE:          0
cpu6->cpu6_L2C PREFETCH     ACCESS:          0 HIT:          0 MISS:          0 MSHR_MERGE:          0
cpu6->cpu6_L2C WRITE        ACCESS:    1954939 HIT:    1954939 MISS:          0 MSHR_MERGE:          0
cpu6->cpu6_L2C TRANSLATION  ACCESS:         76 HIT:          4 MISS:         72 MSHR_MERGE:          0
cpu6->cpu6_L2C PREFETCH REQUESTED:          0 ISSUED:          0 USEFUL:          0 USELESS:          0
cpu6->cpu6_L2C AVERAGE MISS LATENCY: 689.4 cycles
cpu6->cpu6_L1I TOTAL        ACCESS:   19087061 HIT:   19087028 MISS:         33 MSHR_MERGE:         24
cpu6->cpu6_L1I LOAD         ACCESS:   19087061 HIT:   19087028 MISS:         33 MSHR_MERGE:         24
cpu6->cpu6_L1I RFO          ACCESS:          0 HIT:          0 MISS:          0 MSHR_MERGE:          0
cpu6->cpu6_L1I PREFETCH     ACCESS:          0 HIT:          0 MISS:          0 MSHR_MERGE:          0
cpu6->cpu6_L1I WRITE        ACCESS:          0 HIT:          0 MISS:          0 MSHR_MERGE:          0
cpu6->cpu6_L1I TRANSLATION  ACCESS:          0 HIT:          0 MISS:          0 MSHR_MERGE:          0
cpu6->cpu6_L1I PREFETCH REQUESTED:          0 ISSUED:          0 USEFUL:          0 USELESS:          0
cpu6->cpu6_L1I AVERAGE MISS LATENCY: 929.4 cycles
cpu6->cpu6_L1D TOTAL        ACCESS:   26274608 HIT:    5291337 MISS:   20983271 MSHR_MERGE:   18439549
cpu6->cpu6_L1D LOAD         ACCESS:    7508314 HIT:    4052369 MISS:    3455945 MSHR_MERGE:    2867066
cpu6->cpu6_L1D RFO          ACCESS:          0 HIT:          0 MISS:          0 MSHR_MERGE:          0
cpu6->cpu6_L1D PREFETCH     ACCESS:          0 HIT:          0 MISS:          0 MSHR_MERGE:          0
cpu6->cpu6_L1D WRITE        ACCESS:   18766218 HIT:    1238968 MISS:   17527250 MSHR_MERGE:   15572483
cpu6->cpu6_L1D TRANSLATION  ACCESS:         76 HIT:          0 MISS:         76 MSHR_MERGE:          0
cpu6->cpu6_L1D PREFETCH REQUESTED:          0 ISSUED:          0 USEFUL:          0 USELESS:          0
cpu6->cpu6_L1D AVERAGE MISS LATENCY: 698.5 cycles
cpu6->cpu6_ITLB TOTAL        ACCESS:   18882928 HIT:   18882928 MISS:          0 MSHR_MERGE:          0
cpu6->cpu6_ITLB LOAD         ACCESS:   18882928 HIT:   18882928 MISS:          0 MSHR_MERGE:          0
cpu6->cpu6_ITLB RFO          ACCESS:          0 HIT:          0 MISS:          0 MSHR_MERGE:          0
cpu6->cpu6_ITLB PREFETCH     ACCESS:          0 HIT:          0 MISS:          0 MSHR_MERGE:          0
cpu6->cpu6_ITLB WRITE        ACCESS:          0 HIT:          0 MISS:          0 MSHR_MERGE:          0
cpu6->cpu6_ITLB TRANSLATION  ACCESS:          0 HIT:          0 MISS:          0 MSHR_MERGE:          0
cpu6->cpu6_ITLB PREFETCH REQUESTED:          0 ISSUED:          0 USEFUL:          0 USELESS:          0
cpu6->cpu6_ITLB AVERAGE MISS LATENCY: - cycles
cpu6->cpu6_DTLB TOTAL        ACCESS:   23476376 HIT:   23475468 MISS:        908 MSHR_MERGE:        825
cpu6->cpu6_DTLB LOAD         ACCESS:   23476376 HIT:   23475468 MISS:        908 MSHR_MERGE:        825
cpu6->cpu6_DTLB RFO          ACCESS:          0 HIT:          0 MISS:          0 MSHR_MERGE:          0
cpu6->cpu6_DTLB PREFETCH     ACCESS:          0 HIT:          0 MISS:          0 MSHR_MERGE:          0
cpu6->cpu6_DTLB WRITE        ACCESS:          0 HIT:          0 MISS:          0 MSHR_MERGE:          0
cpu6->cpu6_DTLB TRANSLATION  ACCESS:          0 HIT:          0 MISS:          0 MSHR_MERGE:          0
cpu6->cpu6_DTLB PREFETCH REQUESTED:          0 ISSUED:          0 USEFUL:          0 USELESS:          0
cpu6->cpu6_DTLB AVERAGE MISS LATENCY: 221.1 cycles
cpu5->cpu5_STLB TOTAL        ACCESS:         83 HIT:          7 MISS:         76 MSHR_MERGE:          0
cpu5->cpu5_STLB LOAD         ACCESS:         83 HIT:          7 MISS:         76 MSHR_MERGE:          0
cpu5->cpu5_STLB RFO          ACCESS:          0 HIT:          0 MISS:          0 MSHR_MERGE:          0
cpu5->cpu5_STLB PREFETCH     ACCESS:          0 HIT:          0 MISS:          0 MSHR_MERGE:          0
cpu5->cpu5_STLB WRITE        ACCESS:          0 HIT:          0 MISS:          0 MSHR_MERGE:          0
cpu5->cpu5_STLB TRANSLATION  ACCESS:          0 HIT:          0 MISS:          0 MSHR_MERGE:          0
cpu5->cpu5_STLB PREFETCH REQUESTED:          0 ISSUED:          0 USEFUL:          0 USELESS:          0
cpu5->cpu5_STLB AVERAGE MISS LATENCY: 251.4 cycles
cpu5->cpu5_L2C TOTAL        ACCESS:    4495388 HIT:    1953685 MISS:    2541703 MSHR_MERGE:          0
cpu5->cpu5_L2C LOAD         ACCESS:     588214 HIT:         37 MISS:     588177 MSHR_MERGE:          0
cpu5->cpu5_L2C RFO          ACCESS:    1953454 HIT:          0 MISS:    1953454 MSHR_MERGE:          0
cpu5->cpu5_L2C PREFETCH     ACCESS:          0 HIT:          0 MISS:          0 MSHR_MERGE:          0
cpu5->cpu5_L2C WRITE        ACCESS:    1953644 HIT:    1953644 MISS:          0 MSHR_MERGE:          0
cpu5->cpu5_L2C TRANSLATION  ACCESS:         76 HIT:          4 MISS:         72 MSHR_MERGE:          0
cpu5->cpu5_L2C PREFETCH REQUESTED:          0 ISSUED:          0 USEFUL:          0 USELESS:          0
cpu5->cpu5_L2C AVERAGE MISS LATENCY: 688.4 cycles
cpu5->cpu5_L1I TOTAL        ACCESS:   19064876 HIT:   19064847 MISS:         29 MSHR_MERGE:         20
cpu5->cpu5_L1I LOAD         ACCESS:   19064876 HIT:   19064847 MISS:         29 MSHR_MERGE:         20
cpu5->cpu5_L1I RFO          ACCESS:          0 HIT:          0 MISS:          0 MSHR_MERGE:          0
cpu5->cpu5_L1I PREFETCH     ACCESS:          0 HIT:          0 MISS:          0 MSHR_MERGE:          0
cpu5->cpu5_L1I WRITE        ACCESS:          0 HIT:          0 MISS:          0 MSHR_MERGE:          0
cpu5->cpu5_L1I TRANSLATION  ACCESS:          0 HIT:          0 MISS:          0 MSHR_MERGE:          0
cpu5->cpu5_L1I PREFETCH REQUESTED:          0 ISSUED:          0 USEFUL:          0 USELESS:          0
cpu5->cpu5_L1I AVERAGE MISS LATENCY: 1268 cycles
cpu5->cpu5_L1D TOTAL        ACCESS:   26267070 HIT:    5293081 MISS:   20973989 MSHR_MERGE:   18432254
cpu5->cpu5_L1D LOAD         ACCESS:    7521701 HIT:    4047481 MISS:    3474220 MSHR_MERGE:    2886015
cpu5->cpu5_L1D RFO          ACCESS:          0 HIT:          0 MISS:          0 MSHR_MERGE:          0
cpu5->cpu5_L1D PREFETCH     ACCESS:          0 HIT:          0 MISS:          0 MSHR_MERGE:          0
cpu5->cpu5_L1D WRITE        ACCESS:   18745293 HIT:    1245600 MISS:   17499693 MSHR_MERGE:   15546239
cpu5->cpu5_L1D TRANSLATION  ACCESS:         76 HIT:          0 MISS:         76 MSHR_MERGE:          0
cpu5->cpu5_L1D PREFETCH REQUESTED:          0 ISSUED:          0 USEFUL:          0 USELESS:          0
cpu5->cpu5_L1D AVERAGE MISS LATENCY: 697.5 cycles
cpu5->cpu5_ITLB TOTAL        ACCESS:   18862324 HIT:   18862324 MISS:          0 MSHR_MERGE:          0
cpu5->cpu5_ITLB LOAD         ACCESS:   18862324 HIT:   18862324 MISS:          0 MSHR_MERGE:          0
cpu5->cpu5_ITLB RFO          ACCESS:          0 HIT:          0 MISS:          0 MSHR_MERGE:          0
cpu5->cpu5_ITLB PREFETCH     ACCESS:          0 HIT:          0 MISS:          0 MSHR_MERGE:          0
cpu5->cpu5_ITLB WRITE        ACCESS:          0 HIT:          0 MISS:          0 MSHR_MERGE:          0
cpu5->cpu5_ITLB TRANSLATION  ACCESS:          0 HIT:          0 MISS:          0 MSHR_MERGE:          0
cpu5->cpu5_ITLB PREFETCH REQUESTED:          0 ISSUED:          0 USEFUL:          0 USELESS:          0
cpu5->cpu5_ITLB AVERAGE MISS LATENCY: - cycles
cpu5->cpu5_DTLB TOTAL        ACCESS:   23374486 HIT:   23373607 MISS:        879 MSHR_MERGE:        796
cpu5->cpu5_DTLB LOAD         ACCESS:   23374486 HIT:   23373607 MISS:        879 MSHR_MERGE:        796
cpu5->cpu5_DTLB RFO          ACCESS:          0 HIT:          0 MISS:          0 MSHR_MERGE:          0
cpu5->cpu5_DTLB PREFETCH     ACCESS:          0 HIT:          0 MISS:          0 MSHR_MERGE:          0
cpu5->cpu5_DTLB WRITE        ACCESS:          0 HIT:          0 MISS:          0 MSHR_MERGE:          0
cpu5->cpu5_DTLB TRANSLATION  ACCESS:          0 HIT:          0 MISS:          0 MSHR_MERGE:          0
cpu5->cpu5_DTLB PREFETCH REQUESTED:          0 ISSUED:          0 USEFUL:          0 USELESS:          0
cpu5->cpu5_DTLB AVERAGE MISS LATENCY: 236.1 cycles
cpu4->cpu4_STLB TOTAL        ACCESS:         83 HIT:          7 MISS:         76 MSHR_MERGE:          0
cpu4->cpu4_STLB LOAD         ACCESS:         83 HIT:          7 MISS:         76 MSHR_MERGE:          0
cpu4->cpu4_STLB RFO          ACCESS:          0 HIT:          0 MISS:          0 MSHR_MERGE:          0
cpu4->cpu4_STLB PREFETCH     ACCESS:          0 HIT:          0 MISS:          0 MSHR_MERGE:          0
cpu4->cpu4_STLB WRITE        ACCESS:          0 HIT:          0 MISS:          0 MSHR_MERGE:          0
cpu4->cpu4_STLB TRANSLATION  ACCESS:          0 HIT:          0 MISS:          0 MSHR_MERGE:          0
cpu4->cpu4_STLB PREFETCH REQUESTED:          0 ISSUED:          0 USEFUL:          0 USELESS:          0
cpu4->cpu4_STLB AVERAGE MISS LATENCY: 302.3 cycles
cpu4->cpu4_L2C TOTAL        ACCESS:    4501018 HIT:    1955897 MISS:    2545121 MSHR_MERGE:          0
cpu4->cpu4_L2C LOAD         ACCESS:     589396 HIT:         37 MISS:     589359 MSHR_MERGE:          0
cpu4->cpu4_L2C RFO          ACCESS:    1955690 HIT:          0 MISS:    1955690 MSHR_MERGE:          0
cpu4->cpu4_L2C PREFETCH     ACCESS:          0 HIT:          0 MISS:          0 MSHR_MERGE:          0
cpu4->cpu4_L2C WRITE        ACCESS:    1955856 HIT:    1955856 MISS:          0 MSHR_MERGE:          0
cpu4->cpu4_L2C TRANSLATION  ACCESS:         76 HIT:          4 MISS:         72 MSHR_MERGE:          0
cpu4->cpu4_L2C PREFETCH REQUESTED:          0 ISSUED:          0 USEFUL:          0 USELESS:          0
cpu4->cpu4_L2C AVERAGE MISS LATENCY: 691.9 cycles
cpu4->cpu4_L1I TOTAL        ACCESS:   19102295 HIT:   19102266 MISS:         29 MSHR_MERGE:         20
cpu4->cpu4_L1I LOAD         ACCESS:   19102295 HIT:   19102266 MISS:         29 MSHR_MERGE:         20
cpu4->cpu4_L1I RFO          ACCESS:          0 HIT:          0 MISS:          0 MSHR_MERGE:          0
cpu4->cpu4_L1I PREFETCH     ACCESS:          0 HIT:          0 MISS:          0 MSHR_MERGE:          0
cpu4->cpu4_L1I WRITE        ACCESS:          0 HIT:          0 MISS:          0 MSHR_MERGE:          0
cpu4->cpu4_L1I TRANSLATION  ACCESS:          0 HIT:          0 MISS:          0 MSHR_MERGE:          0
cpu4->cpu4_L1I PREFETCH REQUESTED:          0 ISSUED:          0 USEFUL:          0 USELESS:          0
cpu4->cpu4_L1I AVERAGE MISS LATENCY: 1333 cycles
cpu4->cpu4_L1D TOTAL        ACCESS:   26312863 HIT:    5286660 MISS:   21026203 MSHR_MERGE:   18481050
cpu4->cpu4_L1D LOAD         ACCESS:    7531554 HIT:    4052360 MISS:    3479194 MSHR_MERGE:    2889807
cpu4->cpu4_L1D RFO          ACCESS:          0 HIT:          0 MISS:          0 MSHR_MERGE:          0
cpu4->cpu4_L1D PREFETCH     ACCESS:          0 HIT:          0 MISS:          0 MSHR_MERGE:          0
cpu4->cpu4_L1D WRITE        ACCESS:   18781233 HIT:    1234300 MISS:   17546933 MSHR_MERGE:   15591243
cpu4->cpu4_L1D TRANSLATION  ACCESS:         76 HIT:          0 MISS:         76 MSHR_MERGE:          0
cpu4->cpu4_L1D PREFETCH REQUESTED:          0 ISSUED:          0 USEFUL:          0 USELESS:          0
cpu4->cpu4_L1D AVERAGE MISS LATENCY: 701 cycles
cpu4->cpu4_ITLB TOTAL        ACCESS:   18898884 HIT:   18898884 MISS:          0 MSHR_MERGE:          0
cpu4->cpu4_ITLB LOAD         ACCESS:   18898884 HIT:   18898884 MISS:          0 MSHR_MERGE:          0
cpu4->cpu4_ITLB RFO          ACCESS:          0 HIT:          0 MISS:          0 MSHR_MERGE:          0
cpu4->cpu4_ITLB PREFETCH     ACCESS:          0 HIT:          0 MISS:          0 MSHR_MERGE:          0
cpu4->cpu4_ITLB WRITE        ACCESS:          0 HIT:          0 MISS:          0 MSHR_MERGE:          0
cpu4->cpu4_ITLB TRANSLATION  ACCESS:          0 HIT:          0 MISS:          0 MSHR_MERGE:          0
cpu4->cpu4_ITLB PREFETCH REQUESTED:          0 ISSUED:          0 USEFUL:          0 USELESS:          0
cpu4->cpu4_ITLB AVERAGE MISS LATENCY: - cycles
cpu4->cpu4_DTLB TOTAL        ACCESS:   23414339 HIT:   23413443 MISS:        896 MSHR_MERGE:        813
cpu4->cpu4_DTLB LOAD         ACCESS:   23414339 HIT:   23413443 MISS:        896 MSHR_MERGE:        813
cpu4->cpu4_DTLB RFO          ACCESS:          0 HIT:          0 MISS:          0 MSHR_MERGE:          0
cpu4->cpu4_DTLB PREFETCH     ACCESS:          0 HIT:          0 MISS:          0 MSHR_MERGE:          0
cpu4->cpu4_DTLB WRITE        ACCESS:          0 HIT:          0 MISS:          0 MSHR_MERGE:          0
cpu4->cpu4_DTLB TRANSLATION  ACCESS:          0 HIT:          0 MISS:          0 MSHR_MERGE:          0
cpu4->cpu4_DTLB PREFETCH REQUESTED:          0 ISSUED:          0 USEFUL:          0 USELESS:          0
cpu4->cpu4_DTLB AVERAGE MISS LATENCY: 282.7 cycles
cpu3->cpu3_STLB TOTAL        ACCESS:         83 HIT:          7 MISS:         76 MSHR_MERGE:          0
cpu3->cpu3_STLB LOAD         ACCESS:         83 HIT:          7 MISS:         76 MSHR_MERGE:          0
cpu3->cpu3_STLB RFO          ACCESS:          0 HIT:          0 MISS:          0 MSHR_MERGE:          0
cpu3->cpu3_STLB PREFETCH     ACCESS:          0 HIT:          0 MISS:          0 MSHR_MERGE:          0
cpu3->cpu3_STLB WRITE        ACCESS:          0 HIT:          0 MISS:          0 MSHR_MERGE:          0
cpu3->cpu3_STLB TRANSLATION  ACCESS:          0 HIT:          0 MISS:          0 MSHR_MERGE:          0
cpu3->cpu3_STLB PREFETCH REQUESTED:          0 ISSUED:          0 USEFUL:          0 USELESS:          0
cpu3->cpu3_STLB AVERAGE MISS LATENCY: 239.7 cycles
cpu3->cpu3_L2C TOTAL        ACCESS:    4497485 HIT:    1954504 MISS:    2542981 MSHR_MERGE:          0
cpu3->cpu3_L2C LOAD         ACCESS:     588649 HIT:         36 MISS:     588613 MSHR_MERGE:          0
cpu3->cpu3_L2C RFO          ACCESS:    1954296 HIT:          0 MISS:    1954296 MSHR_MERGE:          0
cpu3->cpu3_L2C PREFETCH     ACCESS:          0 HIT:          0 MISS:          0 MSHR_MERGE:          0
cpu3->cpu3_L2C WRITE        ACCESS:    1954464 HIT:    1954464 MISS:          0 MSHR_MERGE:          0
cpu3->cpu3_L2C TRANSLATION  ACCESS:         76 HIT:          4 MISS:         72 MSHR_MERGE:          0
cpu3->cpu3_L2C PREFETCH REQUESTED:          0 ISSUED:          0 USEFUL:          0 USELESS:          0
cpu3->cpu3_L2C AVERAGE MISS LATENCY: 689.7 cycles
cpu3->cpu3_L1I TOTAL        ACCESS:   19079196 HIT:   19079164 MISS:         32 MSHR_MERGE:         23
cpu3->cpu3_L1I LOAD         ACCESS:   19079196 HIT:   19079164 MISS:         32 MSHR_MERGE:         23
cpu3->cpu3_L1I RFO          ACCESS:          0 HIT:          0 MISS:          0 MSHR_MERGE:          0
cpu3->cpu3_L1I PREFETCH     ACCESS:          0 HIT:          0 MISS:          0 MSHR_MERGE:          0
cpu3->cpu3_L1I WRITE        ACCESS:          0 HIT:          0 MISS:          0 MSHR_MERGE:          0
cpu3->cpu3_L1I TRANSLATION  ACCESS:          0 HIT:          0 MISS:          0 MSHR_MERGE:          0
cpu3->cpu3_L1I PREFETCH REQUESTED:          0 ISSUED:          0 USEFUL:          0 USELESS:          0
cpu3->cpu3_L1I AVERAGE MISS LATENCY: 816.2 cycles
cpu3->cpu3_L1D TOTAL        ACCESS:   26249948 HIT:    5304150 MISS:   20945798 MSHR_MERGE:   18402786
cpu3->cpu3_L1D LOAD         ACCESS:    7490879 HIT:    4060444 MISS:    3430435 MSHR_MERGE:    2841795
cpu3->cpu3_L1D RFO          ACCESS:          0 HIT:          0 MISS:          0 MSHR_MERGE:          0
cpu3->cpu3_L1D PREFETCH     ACCESS:          0 HIT:          0 MISS:          0 MSHR_MERGE:          0
cpu3->cpu3_L1D WRITE        ACCESS:   18758993 HIT:    1243706 MISS:   17515287 MSHR_MERGE:   15560991
cpu3->cpu3_L1D TRANSLATION  ACCESS:         76 HIT:          0 MISS:         76 MSHR_MERGE:          0
cpu3->cpu3_L1D PREFETCH REQUESTED:          0 ISSUED:          0 USEFUL:          0 USELESS:          0
cpu3->cpu3_L1D AVERAGE MISS LATENCY: 698.8 cycles
cpu3->cpu3_ITLB TOTAL        ACCESS:   18950997 HIT:   18950997 MISS:          0 MSHR_MERGE:          0
cpu3->cpu3_ITLB LOAD         ACCESS:   18950997 HIT:   18950997 MISS:          0 MSHR_MERGE:          0
cpu3->cpu3_ITLB RFO          ACCESS:          0 HIT:          0 MISS:          0 MSHR_MERGE:          0
cpu3->cpu3_ITLB PREFETCH     ACCESS:          0 HIT:          0 MISS:          0 MSHR_MERGE:          0
cpu3->cpu3_ITLB WRITE        ACCESS:          0 HIT:          0 MISS:          0 MSHR_MERGE:          0
cpu3->cpu3_ITLB TRANSLATION  ACCESS:          0 HIT:          0 MISS:          0 MSHR_MERGE:          0
cpu3->cpu3_ITLB PREFETCH REQUESTED:          0 ISSUED:          0 USEFUL:          0 USELESS:          0
cpu3->cpu3_ITLB AVERAGE MISS LATENCY: - cycles
cpu3->cpu3_DTLB TOTAL        ACCESS:   23459569 HIT:   23458690 MISS:        879 MSHR_MERGE:        796
cpu3->cpu3_DTLB LOAD         ACCESS:   23459569 HIT:   23458690 MISS:        879 MSHR_MERGE:        796
cpu3->cpu3_DTLB RFO          ACCESS:          0 HIT:          0 MISS:          0 MSHR_MERGE:          0
cpu3->cpu3_DTLB PREFETCH     ACCESS:          0 HIT:          0 MISS:          0 MSHR_MERGE:          0
cpu3->cpu3_DTLB WRITE        ACCESS:          0 HIT:          0 MISS:          0 MSHR_MERGE:          0
cpu3->cpu3_DTLB TRANSLATION  ACCESS:          0 HIT:          0 MISS:          0 MSHR_MERGE:          0
cpu3->cpu3_DTLB PREFETCH REQUESTED:          0 ISSUED:          0 USEFUL:          0 USELESS:          0
cpu3->cpu3_DTLB AVERAGE MISS LATENCY: 225.4 cycles
cpu2->cpu2_STLB TOTAL        ACCESS:         83 HIT:          7 MISS:         76 MSHR_MERGE:          0
cpu2->cpu2_STLB LOAD         ACCESS:         83 HIT:          7 MISS:         76 MSHR_MERGE:          0
cpu2->cpu2_STLB RFO          ACCESS:          0 HIT:          0 MISS:          0 MSHR_MERGE:          0
cpu2->cpu2_STLB PREFETCH     ACCESS:          0 HIT:          0 MISS:          0 MSHR_MERGE:          0
cpu2->cpu2_STLB WRITE        ACCESS:          0 HIT:          0 MISS:          0 MSHR_MERGE:          0
cpu2->cpu2_STLB TRANSLATION  ACCESS:          0 HIT:          0 MISS:          0 MSHR_MERGE:          0
cpu2->cpu2_STLB PREFETCH REQUESTED:          0 ISSUED:          0 USEFUL:          0 USELESS:          0
cpu2->cpu2_STLB AVERAGE MISS LATENCY: 244.4 cycles
cpu2->cpu2_L2C TOTAL        ACCESS:    4496183 HIT:    1953980 MISS:    2542203 MSHR_MERGE:          0
cpu2->cpu2_L2C LOAD         ACCESS:     588390 HIT:         37 MISS:     588353 MSHR_MERGE:          0
cpu2->cpu2_L2C RFO          ACCESS:    1953778 HIT:          0 MISS:    1953778 MSHR_MERGE:          0
cpu2->cpu2_L2C PREFETCH     ACCESS:          0 HIT:          0 MISS:          0 MSHR_MERGE:          0
cpu2->cpu2_L2C WRITE        ACCESS:    1953939 HIT:    1953939 MISS:          0 MSHR_MERGE:          0
cpu2->cpu2_L2C TRANSLATION  ACCESS:         76 HIT:          4 MISS:         72 MSHR_MERGE:          0
cpu2->cpu2_L2C PREFETCH REQUESTED:          0 ISSUED:          0 USEFUL:          0 USELESS:          0
cpu2->cpu2_L2C AVERAGE MISS LATENCY: 689.8 cycles
cpu2->cpu2_L1I TOTAL        ACCESS:   19070664 HIT:   19070635 MISS:         29 MSHR_MERGE:         20
cpu2->cpu2_L1I LOAD         ACCESS:   19070664 HIT:   19070635 MISS:         29 MSHR_MERGE:         20
cpu2->cpu2_L1I RFO          ACCESS:          0 HIT:          0 MISS:          0 MSHR_MERGE:          0
cpu2->cpu2_L1I PREFETCH     ACCESS:          0 HIT:          0 MISS:          0 MSHR_MERGE:          0
cpu2->cpu2_L1I WRITE        ACCESS:          0 HIT:          0 MISS:          0 MSHR_MERGE:          0
cpu2->cpu2_L1I TRANSLATION  ACCESS:          0 HIT:          0 MISS:          0 MSHR_MERGE:          0
cpu2->cpu2_L1I PREFETCH REQUESTED:          0 ISSUED:          0 USEFUL:          0 USELESS:          0
cpu2->cpu2_L1I AVERAGE MISS LATENCY: 1209 cycles
cpu2->cpu2_L1D TOTAL        ACCESS:   26291953 HIT:    5297929 MISS:   20994024 MSHR_MERGE:   18451789
cpu2->cpu2_L1D LOAD         ACCESS:    7540980 HIT:    4055876 MISS:    3485104 MSHR_MERGE:    2896723
cpu2->cpu2_L1D RFO          ACCESS:          0 HIT:          0 MISS:          0 MSHR_MERGE:          0
cpu2->cpu2_L1D PREFETCH     ACCESS:          0 HIT:          0 MISS:          0 MSHR_MERGE:          0
cpu2->cpu2_L1D WRITE        ACCESS:   18750897 HIT:    1242053 MISS:   17508844 MSHR_MERGE:   15555066
cpu2->cpu2_L1D TRANSLATION  ACCESS:         76 HIT:          0 MISS:         76 MSHR_MERGE:          0
cpu2->cpu2_L1D PREFETCH REQUESTED:          0 ISSUED:          0 USEFUL:          0 USELESS:          0
cpu2->cpu2_L1D AVERAGE MISS LATENCY: 698.9 cycles
cpu2->cpu2_ITLB TOTAL        ACCESS:   18867234 HIT:   18867234 MISS:          0 MSHR_MERGE:          0
cpu2->cpu2_ITLB LOAD         ACCESS:   18867234 HIT:   18867234 MISS:          0 MSHR_MERGE:          0
cpu2->cpu2_ITLB RFO          ACCESS:          0 HIT:          0 MISS:          0 MSHR_MERGE:          0
cpu2->cpu2_ITLB PREFETCH     ACCESS:          0 HIT:          0 MISS:          0 MSHR_MERGE:          0
cpu2->cpu2_ITLB WRITE        ACCESS:          0 HIT:          0 MISS:          0 MSHR_MERGE:          0
cpu2->cpu2_ITLB TRANSLATION  ACCESS:          0 HIT:          0 MISS:          0 MSHR_MERGE:          0
cpu2->cpu2_ITLB PREFETCH REQUESTED:          0 ISSUED:          0 USEFUL:          0 USELESS:          0
cpu2->cpu2_ITLB AVERAGE MISS LATENCY: - cycles
cpu2->cpu2_DTLB TOTAL        ACCESS:   23403537 HIT:   23402675 MISS:        862 MSHR_MERGE:        779
cpu2->cpu2_DTLB LOAD         ACCESS:   23403537 HIT:   23402675 MISS:        862 MSHR_MERGE:        779
cpu2->cpu2_DTLB RFO          ACCESS:          0 HIT:          0 MISS:          0 MSHR_MERGE:          0
cpu2->cpu2_DTLB PREFETCH     ACCESS:          0 HIT:          0 MISS:          0 MSHR_MERGE:          0
cpu2->cpu2_DTLB WRITE        ACCESS:          0 HIT:          0 MISS:          0 MSHR_MERGE:          0
cpu2->cpu2_DTLB TRANSLATION  ACCESS:          0 HIT:          0 MISS:          0 MSHR_MERGE:          0
cpu2->cpu2_DTLB PREFETCH REQUESTED:          0 ISSUED:          0 USEFUL:          0 USELESS:          0
cpu2->cpu2_DTLB AVERAGE MISS LATENCY: 229.7 cycles
cpu1->cpu1_STLB TOTAL        ACCESS:         83 HIT:          7 MISS:         76 MSHR_MERGE:          0
cpu1->cpu1_STLB LOAD         ACCESS:         83 HIT:          7 MISS:         76 MSHR_MERGE:          0
cpu1->cpu1_STLB RFO          ACCESS:          0 HIT:          0 MISS:          0 MSHR_MERGE:          0
cpu1->cpu1_STLB PREFETCH     ACCESS:          0 HIT:          0 MISS:          0 MSHR_MERGE:          0
cpu1->cpu1_STLB WRITE        ACCESS:          0 HIT:          0 MISS:          0 MSHR_MERGE:          0
cpu1->cpu1_STLB TRANSLATION  ACCESS:          0 HIT:          0 MISS:          0 MSHR_MERGE:          0
cpu1->cpu1_STLB PREFETCH REQUESTED:          0 ISSUED:          0 USEFUL:          0 USELESS:          0
cpu1->cpu1_STLB AVERAGE MISS LATENCY: 252 cycles
cpu1->cpu1_L2C TOTAL        ACCESS:    4499775 HIT:    1955413 MISS:    2544362 MSHR_MERGE:          0
cpu1->cpu1_L2C LOAD         ACCESS:     589148 HIT:         37 MISS:     589111 MSHR_MERGE:          0
cpu1->cpu1_L2C RFO          ACCESS:    1955179 HIT:          0 MISS:    1955179 MSHR_MERGE:          0
cpu1->cpu1_L2C PREFETCH     ACCESS:          0 HIT:          0 MISS:          0 MSHR_MERGE:          0
cpu1->cpu1_L2C WRITE        ACCESS:    1955372 HIT:    1955372 MISS:          0 MSHR_MERGE:          0
cpu1->cpu1_L2C TRANSLATION  ACCESS:         76 HIT:          4 MISS:         72 MSHR_MERGE:          0
cpu1->cpu1_L2C PREFETCH REQUESTED:          0 ISSUED:          0 USEFUL:          0 USELESS:          0
cpu1->cpu1_L2C AVERAGE MISS LATENCY: 690.7 cycles
cpu1->cpu1_L1I TOTAL        ACCESS:   19094248 HIT:   19094219 MISS:         29 MSHR_MERGE:         20
cpu1->cpu1_L1I LOAD         ACCESS:   19094248 HIT:   19094219 MISS:         29 MSHR_MERGE:         20
cpu1->cpu1_L1I RFO          ACCESS:          0 HIT:          0 MISS:          0 MSHR_MERGE:          0
cpu1->cpu1_L1I PREFETCH     ACCESS:          0 HIT:          0 MISS:          0 MSHR_MERGE:          0
cpu1->cpu1_L1I WRITE        ACCESS:          0 HIT:          0 MISS:          0 MSHR_MERGE:          0
cpu1->cpu1_L1I TRANSLATION  ACCESS:          0 HIT:          0 MISS:          0 MSHR_MERGE:          0
cpu1->cpu1_L1I PREFETCH REQUESTED:          0 ISSUED:          0 USEFUL:          0 USELESS:          0
cpu1->cpu1_L1I AVERAGE MISS LATENCY: 1099 cycles
cpu1->cpu1_L1D TOTAL        ACCESS:   26289099 HIT:    5290714 MISS:   20998385 MSHR_MERGE:   18453991
cpu1->cpu1_L1D LOAD         ACCESS:    7515424 HIT:    4046799 MISS:    3468625 MSHR_MERGE:    2879486
cpu1->cpu1_L1D RFO          ACCESS:          0 HIT:          0 MISS:          0 MSHR_MERGE:          0
cpu1->cpu1_L1D PREFETCH     ACCESS:          0 HIT:          0 MISS:          0 MSHR_MERGE:          0
cpu1->cpu1_L1D WRITE        ACCESS:   18773599 HIT:    1243915 MISS:   17529684 MSHR_MERGE:   15574505
cpu1->cpu1_L1D TRANSLATION  ACCESS:         76 HIT:          0 MISS:         76 MSHR_MERGE:          0
cpu1->cpu1_L1D PREFETCH REQUESTED:          0 ISSUED:          0 USEFUL:          0 USELESS:          0
cpu1->cpu1_L1D AVERAGE MISS LATENCY: 699.8 cycles
cpu1->cpu1_ITLB TOTAL        ACCESS:   18965895 HIT:   18965895 MISS:          0 MSHR_MERGE:          0
cpu1->cpu1_ITLB LOAD         ACCESS:   18965895 HIT:   18965895 MISS:          0 MSHR_MERGE:          0
cpu1->cpu1_ITLB RFO          ACCESS:          0 HIT:          0 MISS:          0 MSHR_MERGE:          0
cpu1->cpu1_ITLB PREFETCH     ACCESS:          0 HIT:          0 MISS:          0 MSHR_MERGE:          0
cpu1->cpu1_ITLB WRITE        ACCESS:          0 HIT:          0 MISS:          0 MSHR_MERGE:          0
cpu1->cpu1_ITLB TRANSLATION  ACCESS:          0 HIT:          0 MISS:          0 MSHR_MERGE:          0
cpu1->cpu1_ITLB PREFETCH REQUESTED:          0 ISSUED:          0 USEFUL:          0 USELESS:          0
cpu1->cpu1_ITLB AVERAGE MISS LATENCY: - cycles
cpu1->cpu1_DTLB TOTAL        ACCESS:   23429339 HIT:   23428440 MISS:        899 MSHR_MERGE:        816
cpu1->cpu1_DTLB LOAD         ACCESS:   23429339 HIT:   23428440 MISS:        899 MSHR_MERGE:        816
cpu1->cpu1_DTLB RFO          ACCESS:          0 HIT:          0 MISS:          0 MSHR_MERGE:          0
cpu1->cpu1_DTLB PREFETCH     ACCESS:          0 HIT:          0 MISS:          0 MSHR_MERGE:          0
cpu1->cpu1_DTLB WRITE        ACCESS:          0 HIT:          0 MISS:          0 MSHR_MERGE:          0
cpu1->cpu1_DTLB TRANSLATION  ACCESS:          0 HIT:          0 MISS:          0 MSHR_MERGE:          0
cpu1->cpu1_DTLB PREFETCH REQUESTED:          0 ISSUED:          0 USEFUL:          0 USELESS:          0
cpu1->cpu1_DTLB AVERAGE MISS LATENCY: 236.6 cycles
cpu0->cpu0_STLB TOTAL        ACCESS:         83 HIT:          7 MISS:         76 MSHR_MERGE:          0
cpu0->cpu0_STLB LOAD         ACCESS:         83 HIT:          7 MISS:         76 MSHR_MERGE:          0
cpu0->cpu0_STLB RFO          ACCESS:          0 HIT:          0 MISS:          0 MSHR_MERGE:          0
cpu0->cpu0_STLB PREFETCH     ACCESS:          0 HIT:          0 MISS:          0 MSHR_MERGE:          0
cpu0->cpu0_STLB WRITE        ACCESS:          0 HIT:          0 MISS:          0 MSHR_MERGE:          0
cpu0->cpu0_STLB TRANSLATION  ACCESS:          0 HIT:          0 MISS:          0 MSHR_MERGE:          0
cpu0->cpu0_STLB PREFETCH REQUESTED:          0 ISSUED:          0 USEFUL:          0 USELESS:          0
cpu0->cpu0_STLB AVERAGE MISS LATENCY: 328.7 cycles
cpu0->cpu0_L2C TOTAL        ACCESS:    4499526 HIT:    1955296 MISS:    2544230 MSHR_MERGE:          0
cpu0->cpu0_L2C LOAD         ACCESS:     589127 HIT:         37 MISS:     589090 MSHR_MERGE:          0
cpu0->cpu0_L2C RFO          ACCESS:    1955068 HIT:          0 MISS:    1955068 MSHR_MERGE:          0
cpu0->cpu0_L2C PREFETCH     ACCESS:          0 HIT:          0 MISS:          0 MSHR_MERGE:          0
cpu0->cpu0_L2C WRITE        ACCESS:    1955255 HIT:    1955255 MISS:          0 MSHR_MERGE:          0
cpu0->cpu0_L2C TRANSLATION  ACCESS:         76 HIT:          4 MISS:         72 MSHR_MERGE:          0
cpu0->cpu0_L2C PREFETCH REQUESTED:          0 ISSUED:          0 USEFUL:          0 USELESS:          0
cpu0->cpu0_L2C AVERAGE MISS LATENCY: 689.8 cycles
cpu0->cpu0_L1I TOTAL        ACCESS:   19093507 HIT:   19093474 MISS:         33 MSHR_MERGE:         24
cpu0->cpu0_L1I LOAD         ACCESS:   19093507 HIT:   19093474 MISS:         33 MSHR_MERGE:         24
cpu0->cpu0_L1I RFO          ACCESS:          0 HIT:          0 MISS:          0 MSHR_MERGE:          0
cpu0->cpu0_L1I PREFETCH     ACCESS:          0 HIT:          0 MISS:          0 MSHR_MERGE:          0
cpu0->cpu0_L1I WRITE        ACCESS:          0 HIT:          0 MISS:          0 MSHR_MERGE:          0
cpu0->cpu0_L1I TRANSLATION  ACCESS:          0 HIT:          0 MISS:          0 MSHR_MERGE:          0
cpu0->cpu0_L1I PREFETCH REQUESTED:          0 ISSUED:          0 USEFUL:          0 USELESS:          0
cpu0->cpu0_L1I AVERAGE MISS LATENCY: 1301 cycles
cpu0->cpu0_L1D TOTAL        ACCESS:   26266978 HIT:    5304859 MISS:   20962119 MSHR_MERGE:   18417857
cpu0->cpu0_L1D LOAD         ACCESS:    7493957 HIT:    4061737 MISS:    3432220 MSHR_MERGE:    2843102
cpu0->cpu0_L1D RFO          ACCESS:          0 HIT:          0 MISS:          0 MSHR_MERGE:          0
cpu0->cpu0_L1D PREFETCH     ACCESS:          0 HIT:          0 MISS:          0 MSHR_MERGE:          0
cpu0->cpu0_L1D WRITE        ACCESS:   18772945 HIT:    1243122 MISS:   17529823 MSHR_MERGE:   15574755
cpu0->cpu0_L1D TRANSLATION  ACCESS:         76 HIT:          0 MISS:         76 MSHR_MERGE:          0
cpu0->cpu0_L1D PREFETCH REQUESTED:          0 ISSUED:          0 USEFUL:          0 USELESS:          0
cpu0->cpu0_L1D AVERAGE MISS LATENCY: 698.9 cycles
cpu0->cpu0_ITLB TOTAL        ACCESS:   18965230 HIT:   18965230 MISS:          0 MSHR_MERGE:          0
cpu0->cpu0_ITLB LOAD         ACCESS:   18965230 HIT:   18965230 MISS:          0 MSHR_MERGE:          0
cpu0->cpu0_ITLB RFO          ACCESS:          0 HIT:          0 MISS:          0 MSHR_MERGE:          0
cpu0->cpu0_ITLB PREFETCH     ACCESS:          0 HIT:          0 MISS:          0 MSHR_MERGE:          0
cpu0->cpu0_ITLB WRITE        ACCESS:          0 HIT:          0 MISS:          0 MSHR_MERGE:          0
cpu0->cpu0_ITLB TRANSLATION  ACCESS:          0 HIT:          0 MISS:          0 MSHR_MERGE:          0
cpu0->cpu0_ITLB PREFETCH REQUESTED:          0 ISSUED:          0 USEFUL:          0 USELESS:          0
cpu0->cpu0_ITLB AVERAGE MISS LATENCY: - cycles
cpu0->cpu0_DTLB TOTAL        ACCESS:   23474801 HIT:   23473903 MISS:        898 MSHR_MERGE:        815
cpu0->cpu0_DTLB LOAD         ACCESS:   23474801 HIT:   23473903 MISS:        898 MSHR_MERGE:        815
cpu0->cpu0_DTLB RFO          ACCESS:          0 HIT:          0 MISS:          0 MSHR_MERGE:          0
cpu0->cpu0_DTLB PREFETCH     ACCESS:          0 HIT:          0 MISS:          0 MSHR_MERGE:          0
cpu0->cpu0_DTLB WRITE        ACCESS:          0 HIT:          0 MISS:          0 MSHR_MERGE:          0
cpu0->cpu0_DTLB TRANSLATION  ACCESS:          0 HIT:          0 MISS:          0 MSHR_MERGE:          0
cpu0->cpu0_DTLB PREFETCH REQUESTED:          0 ISSUED:          0 USEFUL:          0 USELESS:          0
cpu0->cpu0_DTLB AVERAGE MISS LATENCY: 306.9 cycles
cpu0->LLC TOTAL        ACCESS:    4501062 HIT:    1955095 MISS:    2545967 MSHR_MERGE:          0
cpu0->LLC LOAD         ACCESS:     589092 HIT:          0 MISS:     589092 MSHR_MERGE:          0
cpu0->LLC RFO          ACCESS:    1955076 HIT:          0 MISS:    1955076 MSHR_MERGE:          0
cpu0->LLC PREFETCH     ACCESS:          0 HIT:          0 MISS:          0 MSHR_MERGE:          0
cpu0->LLC WRITE        ACCESS:    1956822 HIT:    1955036 MISS:       1786 MSHR_MERGE:          0
cpu0->LLC TRANSLATION  ACCESS:         72 HIT:         59 MISS:         13 MSHR_MERGE:          0
cpu0->LLC PREFETCH REQUESTED:          0 ISSUED:          0 USEFUL:          0 USELESS:          0
cpu0->LLC AVERAGE MISS LATENCY: 5387 cycles
cpu1->LLC TOTAL        ACCESS:    4501328 HIT:    1955299 MISS:    2546029 MSHR_MERGE:          0
cpu1->LLC LOAD         ACCESS:     589112 HIT:          0 MISS:     589112 MSHR_MERGE:          0
cpu1->LLC RFO          ACCESS:    1955187 HIT:          0 MISS:    1955187 MSHR_MERGE:          0
cpu1->LLC PREFETCH     ACCESS:          0 HIT:          0 MISS:          0 MSHR_MERGE:          0
cpu1->LLC WRITE        ACCESS:    1956957 HIT:    1955229 MISS:       1728 MSHR_MERGE:          0
cpu1->LLC TRANSLATION  ACCESS:         72 HIT:         70 MISS:          2 MSHR_MERGE:          0
cpu1->LLC PREFETCH REQUESTED:          0 ISSUED:          0 USEFUL:          0 USELESS:          0
cpu1->LLC AVERAGE MISS LATENCY: 5387 cycles
cpu2->LLC TOTAL        ACCESS:    4497823 HIT:    1954514 MISS:    2543309 MSHR_MERGE:          0
cpu2->LLC LOAD         ACCESS:     588355 HIT:          0 MISS:     588355 MSHR_MERGE:          0
cpu2->LLC RFO          ACCESS:    1953785 HIT:          0 MISS:    1953785 MSHR_MERGE:          0
cpu2->LLC PREFETCH     ACCESS:          0 HIT:          0 MISS:          0 MSHR_MERGE:          0
cpu2->LLC WRITE        ACCESS:    1955611 HIT:    1954443 MISS:       1168 MSHR_MERGE:          0
cpu2->LLC TRANSLATION  ACCESS:         72 HIT:         71 MISS:          1 MSHR_MERGE:          0
cpu2->LLC PREFETCH REQUESTED:          0 ISSUED:          0 USEFUL:          0 USELESS:          0
cpu2->LLC AVERAGE MISS LATENCY: 5392 cycles
cpu3->LLC TOTAL        ACCESS:    4499042 HIT:    1954667 MISS:    2544375 MSHR_MERGE:          0
cpu3->LLC LOAD         ACCESS:     588614 HIT:          0 MISS:     588614 MSHR_MERGE:          0
cpu3->LLC RFO          ACCESS:    1954303 HIT:          0 MISS:    1954303 MSHR_MERGE:          0
cpu3->LLC PREFETCH     ACCESS:          0 HIT:          0 MISS:          0 MSHR_MERGE:          0
cpu3->LLC WRITE        ACCESS:    1956053 HIT:    1954595 MISS:       1458 MSHR_MERGE:          0
cpu3->LLC TRANSLATION  ACCESS:         72 HIT:         72 MISS:          0 MSHR_MERGE:          0
cpu3->LLC PREFETCH REQUESTED:          0 ISSUED:          0 USEFUL:          0 USELESS:          0
cpu3->LLC AVERAGE MISS LATENCY: 5390 cycles
cpu4->LLC TOTAL        ACCESS:    4502743 HIT:    1955799 MISS:    2546944 MSHR_MERGE:          0
cpu4->LLC LOAD         ACCESS:     589361 HIT:          0 MISS:     589361 MSHR_MERGE:          0
cpu4->LLC RFO          ACCESS:    1955700 HIT:          0 MISS:    1955700 MSHR_MERGE:          0
cpu4->LLC PREFETCH     ACCESS:          0 HIT:          0 MISS:          0 MSHR_MERGE:          0
cpu4->LLC WRITE        ACCESS:    1957610 HIT:    1955736 MISS:       1874 MSHR_MERGE:          0
cpu4->LLC TRANSLATION  ACCESS:         72 HIT:         63 MISS:          9 MSHR_MERGE:          0
cpu4->LLC PREFETCH REQUESTED:          0 ISSUED:          0 USEFUL:          0 USELESS:          0
cpu4->LLC AVERAGE MISS LATENCY: 5385 cycles
cpu5->LLC TOTAL        ACCESS:    4497057 HIT:    1954321 MISS:    2542736 MSHR_MERGE:          0
cpu5->LLC LOAD         ACCESS:     588178 HIT:          0 MISS:     588178 MSHR_MERGE:          0
cpu5->LLC RFO          ACCESS:    1953461 HIT:          0 MISS:    1953461 MSHR_MERGE:          0
cpu5->LLC PREFETCH     ACCESS:          0 HIT:          0 MISS:          0 MSHR_MERGE:          0
cpu5->LLC WRITE        ACCESS:    1955346 HIT:    1954249 MISS:       1097 MSHR_MERGE:          0
cpu5->LLC TRANSLATION  ACCESS:         72 HIT:         72 MISS:          0 MSHR_MERGE:          0
cpu5->LLC PREFETCH REQUESTED:          0 ISSUED:          0 USEFUL:          0 USELESS:          0
cpu5->LLC AVERAGE MISS LATENCY: 5393 cycles
cpu6->LLC TOTAL        ACCESS:    4500154 HIT:    1955038 MISS:    2545116 MSHR_MERGE:          0
cpu6->LLC LOAD         ACCESS:     588852 HIT:          0 MISS:     588852 MSHR_MERGE:          0
cpu6->LLC RFO          ACCESS:    1954774 HIT:          0 MISS:    1954774 MSHR_MERGE:          0
cpu6->LLC PREFETCH     ACCESS:          0 HIT:          0 MISS:          0 MSHR_MERGE:          0
cpu6->LLC WRITE        ACCESS:    1956456 HIT:    1954966 MISS:       1490 MSHR_MERGE:          0
cpu6->LLC TRANSLATION  ACCESS:         72 HIT:         72 MISS:          0 MSHR_MERGE:          0
cpu6->LLC PREFETCH REQUESTED:          0 ISSUED:          0 USEFUL:          0 USELESS:          0
cpu6->LLC AVERAGE MISS LATENCY: 5388 cycles
cpu7->LLC TOTAL        ACCESS:    4500851 HIT:    1955204 MISS:    2545647 MSHR_MERGE:          0
cpu7->LLC LOAD         ACCESS:     588972 HIT:          0 MISS:     588972 MSHR_MERGE:          0
cpu7->LLC RFO          ACCESS:    1955003 HIT:          0 MISS:    1955003 MSHR_MERGE:          0
cpu7->LLC PREFETCH     ACCESS:          0 HIT:          0 MISS:          0 MSHR_MERGE:          0
cpu7->LLC WRITE        ACCESS:    1956804 HIT:    1955132 MISS:       1672 MSHR_MERGE:          0
cpu7->LLC TRANSLATION  ACCESS:         72 HIT:         72 MISS:          0 MSHR_MERGE:          0
cpu7->LLC PREFETCH REQUESTED:          0 ISSUED:          0 USEFUL:          0 USELESS:          0
cpu7->LLC AVERAGE MISS LATENCY: 5387 cycles

DRAM Statistics

Channel 0 READ REQS:   10173921	WRITE REQS:    7853649
  READS:   10173916	READ_HITS:          0
  WRITES:    7853624	WRITE HITS:          0
  ACTIVATES:   18027543	PRECHARGES:   18027540
  RQ FULL:    8357388	WQ FULL:   20538871
  WRITE DRAINS:     154115	FORCED:     142839
  MEAN WRITE IMBALANCE: 2.5734094669564933
  READ OCCU PRE DRAIN: 16.220854556662232	POST DRAIN: 26.23337118385621
  MEAN BLP: 29.772637316289785	BGLP: 7.978224053466567
  READ LATENCY: 154.4237454879714
  TIME IN WRITE MODE: 33798268192

Channel 1 READ REQS:   10173929	WRITE REQS:    7853749
  READS:   10173923	READ_HITS:          0
  WRITES:    7853707	WRITE HITS:          0
  ACTIVATES:   18027634	PRECHARGES:   18027630
  RQ FULL:    8034870	WQ FULL:   20515859
  WRITE DRAINS:     154532	FORCED:     142288
  MEAN WRITE IMBALANCE: 2.5681929956255014
  READ OCCU PRE DRAIN: 16.356573395801515	POST DRAIN: 27.67184790205265
  MEAN BLP: 29.706928014909533	BGLP: 7.97595967178319
  READ LATENCY: 161.39861378939077
  TIME IN WRITE MODE: 33833551648
BARD NON LRU EVICTS: 4492343	TOTAL EVICTS: 25929754	EAGER WB: 6006372
---------------------------------------
Begin Slurm Epilog: Apr-09-2025 04:41:42
Job ID:        3678390
User ID:       svittal8
Account:       gts-mqureshi4-rg
Job name:      wrap
Resources:     cpu=1,mem=4G,node=1
Rsrc Used:     cput=05:50:01,vmem=0,walltime=05:50:01,mem=178580K,energy_used=0
Partition:     cpu-small
QOS:           inferno
Nodes:         atl1-1-02-009-12-1
---------------------------------------
