[VMEM] WARNING: physical memory size is smaller than virtual memory size.
dram page policy: is open = 0	is close = 0	is soft close = 1	cmd arg = 2

*** ChampSim Multicore Out-of-Order Simulator ***
Warmup Instructions: 25000000
Simulation Instructions: 50000000
Number of CPUs: 8
Page size: 2097152

CL :	 16.64 ns
CWL :	 15.808 ns
tRP :	 16.224 ns
tRCD :	 16.224 ns
tRAS :	 32.032000000000004 ns
tRTP :	 7.904 ns
tWR :	 30.368000000000002 ns

tCCD_S :	 3.3280000000000003 ns
tCCD_S_WR :	 3.3280000000000003 ns
tCCD_S_WTR :	 22.048000000000002 ns
tCCD_L :	 5.408 ns
tCCD_L_WR :	 20.384 ns
tCCD_L_WTR :	 29.536 ns
tRRD_S :	 3.3280000000000003 ns
tRRD_L :	 5.408 ns
tFAW :	 13.728 ns
Address mapping (perm = 1) 	ch co bg bg bg ba ba co co co co co co ro ro ro ro ro ro ro ro ro ro ro ro ro ro ro 
dram queue size: R = 64 W = 64 (low:high is 16:48)
[BTB] WARNING: target of return is a lower address than the corresponding call. This is usually a problem with your trace.
[BTB] WARNING: target of return is a lower address than the corresponding call. This is usually a problem with your trace.
[BTB] WARNING: target of return is a lower address than the corresponding call. This is usually a problem with your trace.
[BTB] WARNING: target of return is a lower address than the corresponding call. This is usually a problem with your trace.
[BTB] WARNING: target of return is a lower address than the corresponding call. This is usually a problem with your trace.
[BTB] WARNING: target of return is a lower address than the corresponding call. This is usually a problem with your trace.
[BTB] WARNING: target of return is a lower address than the corresponding call. This is usually a problem with your trace.
[BTB] WARNING: target of return is a lower address than the corresponding call. This is usually a problem with your trace.
[BTB] WARNING: target of return is a lower address than the corresponding call. This is usually a problem with your trace.
[BTB] WARNING: target of return is a lower address than the corresponding call. This is usually a problem with your trace.
max lookup for evict 0 = 16
lookup_sel: 128 128 128 128 128 128 128 128 128 128 128 128 128 128 128 128
max lookup for evict 0 = 16
lookup_sel: 128 128 128 128 128 128 128 128 128 128 128 128 128 128 128 128
max lookup for evict 100000 = 6
lookup_sel: 158 153 158 150 145 144 125 129 42 86 126 138 110 134 121 61
max lookup for evict 200000 = 4
lookup_sel: 190 137 181 173 78 109 105 50 31 50 65 153 60 57 43 44
max lookup for evict 300000 = 1
lookup_sel: 220 71 151 147 15 30 61 18 10 20 8 18 7 7 4 10
Heartbeat CPU 0 instructions: 10000003 cycles: 3033952 heartbeat IPC: 3.296 cumulative IPC: 3.296 (Simulation time: 00 hr 08 min 08 sec)
Heartbeat CPU 1 instructions: 10000003 cycles: 3064324 heartbeat IPC: 3.263 cumulative IPC: 3.263 (Simulation time: 00 hr 08 min 12 sec)
Heartbeat CPU 2 instructions: 10000003 cycles: 3084973 heartbeat IPC: 3.242 cumulative IPC: 3.242 (Simulation time: 00 hr 08 min 16 sec)
Heartbeat CPU 3 instructions: 10000003 cycles: 3104302 heartbeat IPC: 3.221 cumulative IPC: 3.221 (Simulation time: 00 hr 08 min 19 sec)
Heartbeat CPU 4 instructions: 10000003 cycles: 3118935 heartbeat IPC: 3.206 cumulative IPC: 3.206 (Simulation time: 00 hr 08 min 20 sec)
Heartbeat CPU 5 instructions: 10000003 cycles: 3131216 heartbeat IPC: 3.194 cumulative IPC: 3.194 (Simulation time: 00 hr 08 min 22 sec)
Heartbeat CPU 6 instructions: 10000003 cycles: 3134088 heartbeat IPC: 3.191 cumulative IPC: 3.191 (Simulation time: 00 hr 08 min 22 sec)
Heartbeat CPU 7 instructions: 10000003 cycles: 3138977 heartbeat IPC: 3.186 cumulative IPC: 3.186 (Simulation time: 00 hr 08 min 23 sec)
max lookup for evict 400000 = 1
lookup_sel: 255 102 81 138 14 13 37 36 7 9 7 7 7 8 4 5
max lookup for evict 500000 = 2
lookup_sel: 255 134 75 81 8 13 19 40 7 10 8 7 4 7 4 7
max lookup for evict 600000 = 2
lookup_sel: 255 144 44 56 19 16 20 26 18 20 10 15 8 7 7 13
max lookup for evict 700000 = 1
lookup_sel: 255 109 52 38 19 22 21 27 13 27 11 6 7 11 13 14
max lookup for evict 800000 = 1
lookup_sel: 255 86 44 24 20 15 22 26 19 8 7 7 7 11 9 7
max lookup for evict 900000 = 1
lookup_sel: 255 54 42 26 16 12 14 23 9 6 8 9 6 13 7 7
max lookup for evict 1000000 = 1
lookup_sel: 255 58 32 19 14 15 7 14 14 16 7 12 7 10 12 8
max lookup for evict 1100000 = 1
lookup_sel: 255 53 18 23 11 12 8 11 8 14 4 6 17 7 9 4
max lookup for evict 1200000 = 1
lookup_sel: 255 31 27 18 15 11 15 7 8 7 8 7 8 8 7 12
Heartbeat CPU 0 instructions: 20000004 cycles: 6504784 heartbeat IPC: 2.881 cumulative IPC: 3.075 (Simulation time: 00 hr 18 min 57 sec)
Heartbeat CPU 1 instructions: 20000005 cycles: 6544444 heartbeat IPC: 2.873 cumulative IPC: 3.056 (Simulation time: 00 hr 19 min 03 sec)
Heartbeat CPU 2 instructions: 20000005 cycles: 6564232 heartbeat IPC: 2.874 cumulative IPC: 3.047 (Simulation time: 00 hr 19 min 07 sec)
Heartbeat CPU 3 instructions: 20000005 cycles: 6599839 heartbeat IPC: 2.861 cumulative IPC: 3.03 (Simulation time: 00 hr 19 min 13 sec)
Heartbeat CPU 4 instructions: 20000005 cycles: 6630874 heartbeat IPC: 2.847 cumulative IPC: 3.016 (Simulation time: 00 hr 19 min 17 sec)
Heartbeat CPU 5 instructions: 20000004 cycles: 6671945 heartbeat IPC: 2.824 cumulative IPC: 2.998 (Simulation time: 00 hr 19 min 24 sec)
Heartbeat CPU 6 instructions: 20000003 cycles: 6706726 heartbeat IPC: 2.799 cumulative IPC: 2.982 (Simulation time: 00 hr 19 min 29 sec)
Heartbeat CPU 7 instructions: 20000004 cycles: 6726957 heartbeat IPC: 2.787 cumulative IPC: 2.973 (Simulation time: 00 hr 19 min 32 sec)
max lookup for evict 1300000 = 1
lookup_sel: 255 27 20 11 14 10 10 13 8 5 7 6 6 7 8 7
max lookup for evict 1400000 = 1
lookup_sel: 255 40 21 15 11 10 7 7 7 3 8 7 7 9 16 3
max lookup for evict 1500000 = 1
lookup_sel: 255 50 22 18 20 13 8 9 8 8 8 8 7 9 18 7
max lookup for evict 1600000 = 1
lookup_sel: 255 64 20 33 28 20 16 8 13 7 10 9 8 13 21 10
Warmup finished CPU 0 instructions: 25000003 cycles: 8017156 cumulative IPC: 3.118 (Simulation time: 00 hr 24 min 08 sec)
Warmup finished CPU 1 instructions: 25000003 cycles: 8061524 cumulative IPC: 3.101 (Simulation time: 00 hr 24 min 18 sec)
Warmup finished CPU 2 instructions: 25000000 cycles: 8092381 cumulative IPC: 3.089 (Simulation time: 00 hr 24 min 24 sec)
Warmup finished CPU 3 instructions: 25000003 cycles: 8119131 cumulative IPC: 3.079 (Simulation time: 00 hr 24 min 30 sec)
Warmup finished CPU 4 instructions: 25000000 cycles: 8142651 cumulative IPC: 3.07 (Simulation time: 00 hr 24 min 36 sec)
Warmup finished CPU 5 instructions: 25000003 cycles: 8174413 cumulative IPC: 3.058 (Simulation time: 00 hr 24 min 43 sec)
Warmup finished CPU 6 instructions: 25000000 cycles: 8202974 cumulative IPC: 3.048 (Simulation time: 00 hr 24 min 49 sec)
Warmup finished CPU 7 instructions: 25000000 cycles: 8222004 cumulative IPC: 3.041 (Simulation time: 00 hr 24 min 54 sec)
Warmup complete CPU 7 instructions: 25000000 cycles: 8222004 cumulative IPC: 3.041 (Simulation time: 00 hr 24 min 54 sec)
Warmup complete CPU 6 instructions: 25070485 cycles: 8222004 cumulative IPC: 3.049 (Simulation time: 00 hr 24 min 54 sec)
Warmup complete CPU 5 instructions: 25165359 cycles: 8222004 cumulative IPC: 3.061 (Simulation time: 00 hr 24 min 54 sec)
Warmup complete CPU 4 instructions: 25282894 cycles: 8222004 cumulative IPC: 3.075 (Simulation time: 00 hr 24 min 54 sec)
Warmup complete CPU 3 instructions: 25377263 cycles: 8222004 cumulative IPC: 3.087 (Simulation time: 00 hr 24 min 54 sec)
Warmup complete CPU 2 instructions: 25470942 cycles: 8222004 cumulative IPC: 3.098 (Simulation time: 00 hr 24 min 54 sec)
Warmup complete CPU 1 instructions: 25558762 cycles: 8222004 cumulative IPC: 3.109 (Simulation time: 00 hr 24 min 54 sec)
Warmup complete CPU 0 instructions: 25715302 cycles: 8222004 cumulative IPC: 3.128 (Simulation time: 00 hr 24 min 54 sec)
max lookup for evict 1700000 = 1
lookup_sel: 255 23 13 22 13 9 8 9 8 8 8 7 6 6 8 8
max lookup for evict 1800000 = 1
lookup_sel: 255 29 17 37 16 16 14 11 7 7 9 7 9 7 8 3
max lookup for evict 1900000 = 1
lookup_sel: 255 32 16 29 13 16 14 14 7 9 6 5 9 9 12 9
Heartbeat CPU 0 instructions: 30000004 cycles: 13414014 heartbeat IPC: 1.447 cumulative IPC: 0.8252 (Simulation time: 00 hr 35 min 51 sec)
Heartbeat CPU 1 instructions: 30000007 cycles: 13950806 heartbeat IPC: 1.35 cumulative IPC: 0.7752 (Simulation time: 00 hr 36 min 43 sec)
max lookup for evict 2000000 = 1
lookup_sel: 255 27 19 19 8 12 9 12 7 9 9 7 7 8 13 5
Heartbeat CPU 2 instructions: 30000007 cycles: 14191904 heartbeat IPC: 1.311 cumulative IPC: 0.7587 (Simulation time: 00 hr 37 min 10 sec)
Heartbeat CPU 3 instructions: 30000007 cycles: 14348295 heartbeat IPC: 1.291 cumulative IPC: 0.7546 (Simulation time: 00 hr 37 min 29 sec)
Heartbeat CPU 4 instructions: 30000007 cycles: 14421664 heartbeat IPC: 1.284 cumulative IPC: 0.7609 (Simulation time: 00 hr 37 min 38 sec)
Heartbeat CPU 5 instructions: 30000004 cycles: 14582050 heartbeat IPC: 1.264 cumulative IPC: 0.7602 (Simulation time: 00 hr 37 min 58 sec)
Heartbeat CPU 6 instructions: 30000003 cycles: 14678481 heartbeat IPC: 1.254 cumulative IPC: 0.7635 (Simulation time: 00 hr 38 min 10 sec)
Heartbeat CPU 7 instructions: 30000004 cycles: 14740731 heartbeat IPC: 1.248 cumulative IPC: 0.767 (Simulation time: 00 hr 38 min 17 sec)
max lookup for evict 2100000 = 1
lookup_sel: 255 32 20 24 10 16 9 11 8 7 7 7 8 8 7 7
max lookup for evict 2200000 = 1
lookup_sel: 255 28 13 8 6 9 7 7 8 7 7 7 3 8 7 7
max lookup for evict 2300000 = 1
lookup_sel: 255 33 15 24 10 15 8 8 13 7 8 7 9 7 7 7
max lookup for evict 2400000 = 1
lookup_sel: 255 35 13 23 7 14 7 9 7 7 7 6 7 8 6 6
max lookup for evict 2500000 = 1
lookup_sel: 255 37 18 37 8 6 8 8 7 7 6 5 11 11 6 7
max lookup for evict 2600000 = 1
lookup_sel: 255 38 14 7 11 8 9 9 10 7 5 8 6 9 10 9
max lookup for evict 2700000 = 1
lookup_sel: 255 48 27 18 17 11 11 12 8 16 12 8 12 11 9 8
max lookup for evict 2800000 = 1
lookup_sel: 255 48 36 25 24 25 20 19 11 13 12 15 16 8 9 13
Heartbeat CPU 0 instructions: 40000005 cycles: 27821612 heartbeat IPC: 0.6941 cumulative IPC: 0.7288 (Simulation time: 01 hr 02 min 12 sec)
max lookup for evict 2900000 = 1
lookup_sel: 255 37 41 16 14 19 16 17 9 7 7 6 19 8 7 10
Heartbeat CPU 1 instructions: 40000010 cycles: 28961462 heartbeat IPC: 0.6662 cumulative IPC: 0.6963 (Simulation time: 01 hr 04 min 06 sec)
max lookup for evict 3000000 = 1
lookup_sel: 255 52 30 14 18 24 7 10 6 7 8 8 15 7 8 9
Heartbeat CPU 2 instructions: 40000010 cycles: 29938122 heartbeat IPC: 0.6351 cumulative IPC: 0.669 (Simulation time: 01 hr 05 min 43 sec)
Heartbeat CPU 3 instructions: 40000010 cycles: 30312091 heartbeat IPC: 0.6264 cumulative IPC: 0.662 (Simulation time: 01 hr 06 min 29 sec)
Heartbeat CPU 4 instructions: 40000010 cycles: 30477560 heartbeat IPC: 0.6228 cumulative IPC: 0.6613 (Simulation time: 01 hr 06 min 47 sec)
Heartbeat CPU 6 instructions: 40000005 cycles: 30534809 heartbeat IPC: 0.6307 cumulative IPC: 0.6691 (Simulation time: 01 hr 06 min 52 sec)
Heartbeat CPU 5 instructions: 40000005 cycles: 30617426 heartbeat IPC: 0.6236 cumulative IPC: 0.6624 (Simulation time: 01 hr 07 min 01 sec)
max lookup for evict 3100000 = 1
lookup_sel: 255 32 29 18 21 14 8 16 7 9 6 8 9 9 7 7
Heartbeat CPU 7 instructions: 40000005 cycles: 30667246 heartbeat IPC: 0.6279 cumulative IPC: 0.6683 (Simulation time: 01 hr 07 min 06 sec)
max lookup for evict 3200000 = 1
lookup_sel: 255 31 21 18 27 23 9 12 6 6 7 11 10 7 9 7
max lookup for evict 3300000 = 1
lookup_sel: 255 32 15 18 21 11 16 6 8 7 9 4 7 7 8 8
max lookup for evict 3400000 = 1
lookup_sel: 255 33 15 15 12 15 12 9 10 14 11 8 9 11 7 7
max lookup for evict 3500000 = 1
lookup_sel: 255 28 25 17 7 13 14 7 8 7 9 7 9 6 11 6
max lookup for evict 3600000 = 1
lookup_sel: 255 32 45 14 17 13 8 7 8 6 6 7 6 7 7 6
max lookup for evict 3700000 = 1
lookup_sel: 255 34 31 14 17 8 9 7 8 8 9 8 11 7 8 5
Heartbeat CPU 0 instructions: 50000006 cycles: 41253712 heartbeat IPC: 0.7445 cumulative IPC: 0.7352 (Simulation time: 01 hr 26 min 15 sec)
max lookup for evict 3800000 = 1
lookup_sel: 255 18 24 11 13 9 9 8 7 8 8 6 9 8 7 5
Heartbeat CPU 1 instructions: 50000011 cycles: 42744271 heartbeat IPC: 0.7255 cumulative IPC: 0.708 (Simulation time: 01 hr 28 min 59 sec)
max lookup for evict 3900000 = 1
lookup_sel: 255 26 22 14 11 10 6 7 8 15 7 10 7 7 8 7
Heartbeat CPU 2 instructions: 50000011 cycles: 44125688 heartbeat IPC: 0.7048 cumulative IPC: 0.6832 (Simulation time: 01 hr 31 min 28 sec)
max lookup for evict 4000000 = 1
lookup_sel: 255 29 13 19 7 15 9 4 10 10 7 8 14 8 7 7
Heartbeat CPU 3 instructions: 50000011 cycles: 44663000 heartbeat IPC: 0.6968 cumulative IPC: 0.6757 (Simulation time: 01 hr 32 min 22 sec)
Heartbeat CPU 4 instructions: 50000011 cycles: 44993305 heartbeat IPC: 0.6889 cumulative IPC: 0.6722 (Simulation time: 01 hr 33 min 00 sec)
Heartbeat CPU 6 instructions: 50000006 cycles: 45160431 heartbeat IPC: 0.6837 cumulative IPC: 0.6749 (Simulation time: 01 hr 33 min 20 sec)
Heartbeat CPU 7 instructions: 50000006 cycles: 45218013 heartbeat IPC: 0.6872 cumulative IPC: 0.6757 (Simulation time: 01 hr 33 min 28 sec)
Heartbeat CPU 5 instructions: 50000006 cycles: 45271341 heartbeat IPC: 0.6824 cumulative IPC: 0.6703 (Simulation time: 01 hr 33 min 34 sec)
max lookup for evict 4100000 = 1
lookup_sel: 255 21 21 17 8 8 8 7 7 7 10 5 5 7 6 7
max lookup for evict 4200000 = 1
lookup_sel: 255 28 17 13 6 7 9 6 8 8 6 2 7 7 7 7
max lookup for evict 4300000 = 1
lookup_sel: 255 22 19 32 7 8 9 7 7 8 8 7 9 12 7 9
max lookup for evict 4400000 = 1
lookup_sel: 255 21 28 28 11 9 7 7 8 6 6 5 8 5 7 5
Heartbeat CPU 0 instructions: 60000006 cycles: 53599197 heartbeat IPC: 0.81 cumulative IPC: 0.7555 (Simulation time: 01 hr 49 min 38 sec)
max lookup for evict 4500000 = 1
lookup_sel: 255 23 27 24 13 9 7 8 7 7 6 7 7 7 6 7
Heartbeat CPU 1 instructions: 60000012 cycles: 55064925 heartbeat IPC: 0.8116 cumulative IPC: 0.7352 (Simulation time: 01 hr 52 min 31 sec)
max lookup for evict 4600000 = 1
lookup_sel: 255 23 27 18 7 12 5 7 7 10 7 7 7 6 4 6
Heartbeat CPU 2 instructions: 60000012 cycles: 56476011 heartbeat IPC: 0.8097 cumulative IPC: 0.7156 (Simulation time: 01 hr 55 min 12 sec)
max lookup for evict 4700000 = 1
lookup_sel: 255 26 35 18 12 8 7 7 7 7 7 5 7 8 5 6
Heartbeat CPU 3 instructions: 60000012 cycles: 57596089 heartbeat IPC: 0.7732 cumulative IPC: 0.7012 (Simulation time: 01 hr 57 min 03 sec)
Heartbeat CPU 4 instructions: 60000012 cycles: 58179671 heartbeat IPC: 0.7584 cumulative IPC: 0.6949 (Simulation time: 01 hr 58 min 03 sec)
Heartbeat CPU 6 instructions: 60000006 cycles: 58547251 heartbeat IPC: 0.747 cumulative IPC: 0.6941 (Simulation time: 01 hr 58 min 39 sec)
Heartbeat CPU 7 instructions: 60000006 cycles: 58552308 heartbeat IPC: 0.7499 cumulative IPC: 0.6954 (Simulation time: 01 hr 58 min 40 sec)
max lookup for evict 4800000 = 1
lookup_sel: 255 26 34 19 13 13 3 6 8 7 9 1 7 7 5 9
Heartbeat CPU 5 instructions: 60000006 cycles: 58614720 heartbeat IPC: 0.7494 cumulative IPC: 0.6913 (Simulation time: 01 hr 58 min 47 sec)
max lookup for evict 4900000 = 1
lookup_sel: 255 22 22 19 15 7 5 6 6 7 6 1 7 6 5 7
max lookup for evict 5000000 = 1
lookup_sel: 255 29 31 20 15 10 8 8 9 8 5 4 5 7 4 7
max lookup for evict 5100000 = 1
lookup_sel: 255 30 18 19 12 7 8 7 7 7 10 5 6 7 6 7
max lookup for evict 5200000 = 1
lookup_sel: 255 40 22 15 8 10 16 7 7 7 6 5 7 7 5 5
max lookup for evict 5300000 = 1
lookup_sel: 255 40 40 22 10 9 14 7 9 7 9 4 7 7 7 3
max lookup for evict 5400000 = 1
lookup_sel: 255 33 35 18 7 8 14 8 7 8 7 7 7 4 2 0
Heartbeat CPU 0 instructions: 70000006 cycles: 67771129 heartbeat IPC: 0.7056 cumulative IPC: 0.7437 (Simulation time: 02 hr 14 min 10 sec)
max lookup for evict 5500000 = 1
lookup_sel: 255 36 20 30 10 12 9 6 7 10 7 7 7 7 5 7
Heartbeat CPU 1 instructions: 70000014 cycles: 69365477 heartbeat IPC: 0.6993 cumulative IPC: 0.7268 (Simulation time: 02 hr 16 min 56 sec)
max lookup for evict 5600000 = 1
lookup_sel: 255 29 26 21 9 7 9 1 7 9 8 9 4 8 3 7
Heartbeat CPU 2 instructions: 70000014 cycles: 71259257 heartbeat IPC: 0.6764 cumulative IPC: 0.7064 (Simulation time: 02 hr 20 min 12 sec)
max lookup for evict 5700000 = 1
lookup_sel: 255 25 20 15 10 8 6 7 9 6 5 2 6 8 7 7
Heartbeat CPU 3 instructions: 70000014 cycles: 72949517 heartbeat IPC: 0.6513 cumulative IPC: 0.6894 (Simulation time: 02 hr 23 min 05 sec)
Heartbeat CPU 4 instructions: 70000014 cycles: 73567389 heartbeat IPC: 0.6499 cumulative IPC: 0.6843 (Simulation time: 02 hr 24 min 14 sec)
max lookup for evict 5800000 = 1
lookup_sel: 255 32 33 11 7 10 9 6 7 7 9 4 5 7 4 2
Heartbeat CPU 7 instructions: 70000006 cycles: 74114143 heartbeat IPC: 0.6426 cumulative IPC: 0.6829 (Simulation time: 02 hr 25 min 11 sec)
Heartbeat CPU 6 instructions: 70000006 cycles: 74120526 heartbeat IPC: 0.6421 cumulative IPC: 0.6818 (Simulation time: 02 hr 25 min 12 sec)
Heartbeat CPU 5 instructions: 70000006 cycles: 74215017 heartbeat IPC: 0.641 cumulative IPC: 0.6794 (Simulation time: 02 hr 25 min 22 sec)
Simulation finished CPU 0 instructions: 50000002 cycles: 67105291 cumulative IPC: 0.7451 (Simulation time: 02 hr 27 min 38 sec)
max lookup for evict 5900000 = 1
lookup_sel: 255 20 17 6 7 12 5 6 7 2 7 5 6 7 1 1
Simulation finished CPU 1 instructions: 50000003 cycles: 68629277 cumulative IPC: 0.7286 (Simulation time: 02 hr 30 min 24 sec)
max lookup for evict 6000000 = 1
lookup_sel: 255 15 23 7 7 8 7 7 1 6 5 2 6 2 6 0
Simulation finished CPU 2 instructions: 50000000 cycles: 70666447 cumulative IPC: 0.7075 (Simulation time: 02 hr 33 min 37 sec)
max lookup for evict 6100000 = 1
lookup_sel: 255 24 20 7 6 8 11 0 0 6 5 2 2 0 7 0
max lookup for evict 6200000 = 1
lookup_sel: 255 20 10 6 7 7 6 1 3 7 7 1 3 0 7 0
Simulation finished CPU 3 instructions: 50000003 cycles: 72792227 cumulative IPC: 0.6869 (Simulation time: 02 hr 37 min 10 sec)
Simulation finished CPU 4 instructions: 50000000 cycles: 73340085 cumulative IPC: 0.6818 (Simulation time: 02 hr 38 min 04 sec)
Simulation finished CPU 7 instructions: 50000002 cycles: 73629853 cumulative IPC: 0.6791 (Simulation time: 02 hr 38 min 31 sec)
Simulation finished CPU 6 instructions: 50000000 cycles: 73693062 cumulative IPC: 0.6785 (Simulation time: 02 hr 38 min 38 sec)
Heartbeat CPU 0 instructions: 80000009 cycles: 82047764 heartbeat IPC: 0.7004 cumulative IPC: 0.7353 (Simulation time: 02 hr 38 min 51 sec)
max lookup for evict 6300000 = 1
lookup_sel: 255 19 12 7 7 8 7 0 4 0 5 2 4 0 5 0
Simulation finished CPU 5 instructions: 50000001 cycles: 74029153 cumulative IPC: 0.6754 (Simulation time: 02 hr 39 min 11 sec)
Simulation complete CPU 7 instructions: 50240056 cycles: 74029153 cumulative IPC: 0.6787 (Simulation time: 02 hr 39 min 11 sec)
Simulation complete CPU 6 instructions: 50189400 cycles: 74029153 cumulative IPC: 0.678 (Simulation time: 02 hr 39 min 11 sec)
Simulation complete CPU 5 instructions: 50000001 cycles: 74029153 cumulative IPC: 0.6754 (Simulation time: 02 hr 39 min 11 sec)
Simulation complete CPU 4 instructions: 50553097 cycles: 74029153 cumulative IPC: 0.6829 (Simulation time: 02 hr 39 min 11 sec)
Simulation complete CPU 3 instructions: 50814787 cycles: 74029153 cumulative IPC: 0.6864 (Simulation time: 02 hr 39 min 11 sec)
Simulation complete CPU 2 instructions: 52254241 cycles: 74029153 cumulative IPC: 0.7059 (Simulation time: 02 hr 39 min 11 sec)
Simulation complete CPU 1 instructions: 53324146 cycles: 74029153 cumulative IPC: 0.7203 (Simulation time: 02 hr 39 min 11 sec)
Simulation complete CPU 0 instructions: 54468619 cycles: 74029153 cumulative IPC: 0.7358 (Simulation time: 02 hr 39 min 11 sec)

ChampSim completed all CPUs

=== Simulation ===
CPU 0 runs ../frost/TRACES/ctf/dacapo/tomcat.champsim.trace.gz
CPU 1 runs ../frost/TRACES/ctf/dacapo/tomcat.champsim.trace.gz
CPU 2 runs ../frost/TRACES/ctf/dacapo/tomcat.champsim.trace.gz
CPU 3 runs ../frost/TRACES/ctf/dacapo/tomcat.champsim.trace.gz
CPU 4 runs ../frost/TRACES/ctf/dacapo/tomcat.champsim.trace.gz
CPU 5 runs ../frost/TRACES/ctf/dacapo/tomcat.champsim.trace.gz
CPU 6 runs ../frost/TRACES/ctf/dacapo/tomcat.champsim.trace.gz
CPU 7 runs ../frost/TRACES/ctf/dacapo/tomcat.champsim.trace.gz

Total Simulation Statistics (not including warmup)

CPU 7 cumulative IPC: 0.6787 instructions: 50240056 cycles: 74029153
CPU 7 Branch Prediction Accuracy: 100% MPKI: 0 Average ROB Occupancy at Mispredict: -
Branch type MPKI
BRANCH_DIRECT_JUMP: 0
BRANCH_INDIRECT: 0
BRANCH_CONDITIONAL: 0
BRANCH_DIRECT_CALL: 0
BRANCH_INDIRECT_CALL: 0
BRANCH_RETURN: 0


CPU 6 cumulative IPC: 0.678 instructions: 50189400 cycles: 74029153
CPU 6 Branch Prediction Accuracy: 100% MPKI: 0 Average ROB Occupancy at Mispredict: -
Branch type MPKI
BRANCH_DIRECT_JUMP: 0
BRANCH_INDIRECT: 0
BRANCH_CONDITIONAL: 0
BRANCH_DIRECT_CALL: 0
BRANCH_INDIRECT_CALL: 0
BRANCH_RETURN: 0


CPU 5 cumulative IPC: 0.6754 instructions: 50000001 cycles: 74029153
CPU 5 Branch Prediction Accuracy: 100% MPKI: 0 Average ROB Occupancy at Mispredict: -
Branch type MPKI
BRANCH_DIRECT_JUMP: 0
BRANCH_INDIRECT: 0
BRANCH_CONDITIONAL: 0
BRANCH_DIRECT_CALL: 0
BRANCH_INDIRECT_CALL: 0
BRANCH_RETURN: 0


CPU 4 cumulative IPC: 0.6829 instructions: 50553097 cycles: 74029153
CPU 4 Branch Prediction Accuracy: 100% MPKI: 0 Average ROB Occupancy at Mispredict: -
Branch type MPKI
BRANCH_DIRECT_JUMP: 0
BRANCH_INDIRECT: 0
BRANCH_CONDITIONAL: 0
BRANCH_DIRECT_CALL: 0
BRANCH_INDIRECT_CALL: 0
BRANCH_RETURN: 0


CPU 3 cumulative IPC: 0.6864 instructions: 50814787 cycles: 74029153
CPU 3 Branch Prediction Accuracy: 100% MPKI: 0 Average ROB Occupancy at Mispredict: -
Branch type MPKI
BRANCH_DIRECT_JUMP: 0
BRANCH_INDIRECT: 0
BRANCH_CONDITIONAL: 0
BRANCH_DIRECT_CALL: 0
BRANCH_INDIRECT_CALL: 0
BRANCH_RETURN: 0


CPU 2 cumulative IPC: 0.7059 instructions: 52254241 cycles: 74029153
CPU 2 Branch Prediction Accuracy: 100% MPKI: 0 Average ROB Occupancy at Mispredict: -
Branch type MPKI
BRANCH_DIRECT_JUMP: 0
BRANCH_INDIRECT: 0
BRANCH_CONDITIONAL: 0
BRANCH_DIRECT_CALL: 0
BRANCH_INDIRECT_CALL: 0
BRANCH_RETURN: 0


CPU 1 cumulative IPC: 0.7203 instructions: 53324146 cycles: 74029153
CPU 1 Branch Prediction Accuracy: 100% MPKI: 0 Average ROB Occupancy at Mispredict: -
Branch type MPKI
BRANCH_DIRECT_JUMP: 0
BRANCH_INDIRECT: 0
BRANCH_CONDITIONAL: 0
BRANCH_DIRECT_CALL: 0
BRANCH_INDIRECT_CALL: 0
BRANCH_RETURN: 0


CPU 0 cumulative IPC: 0.7358 instructions: 54468619 cycles: 74029153
CPU 0 Branch Prediction Accuracy: 100% MPKI: 0 Average ROB Occupancy at Mispredict: -
Branch type MPKI
BRANCH_DIRECT_JUMP: 0
BRANCH_INDIRECT: 0
BRANCH_CONDITIONAL: 0
BRANCH_DIRECT_CALL: 0
BRANCH_INDIRECT_CALL: 0
BRANCH_RETURN: 0

cpu7->cpu7_STLB TOTAL        ACCESS:      34634 HIT:      34627 MISS:          7 MSHR_MERGE:          0
cpu7->cpu7_STLB LOAD         ACCESS:      34634 HIT:      34627 MISS:          7 MSHR_MERGE:          0
cpu7->cpu7_STLB RFO          ACCESS:          0 HIT:          0 MISS:          0 MSHR_MERGE:          0
cpu7->cpu7_STLB PREFETCH     ACCESS:          0 HIT:          0 MISS:          0 MSHR_MERGE:          0
cpu7->cpu7_STLB WRITE        ACCESS:          0 HIT:          0 MISS:          0 MSHR_MERGE:          0
cpu7->cpu7_STLB TRANSLATION  ACCESS:          0 HIT:          0 MISS:          0 MSHR_MERGE:          0
cpu7->cpu7_STLB PREFETCH REQUESTED:          0 ISSUED:          0 USEFUL:          0 USELESS:          0
cpu7->cpu7_STLB AVERAGE MISS LATENCY: 280.3 cycles
cpu7->cpu7_L2C TOTAL        ACCESS:    2854215 HIT:    1306022 MISS:    1548193 MSHR_MERGE:          0
cpu7->cpu7_L2C LOAD         ACCESS:    2092528 HIT:     779159 MISS:    1313369 MSHR_MERGE:          0
cpu7->cpu7_L2C RFO          ACCESS:     288200 HIT:      57406 MISS:     230794 MSHR_MERGE:          0
cpu7->cpu7_L2C PREFETCH     ACCESS:          0 HIT:          0 MISS:          0 MSHR_MERGE:          0
cpu7->cpu7_L2C WRITE        ACCESS:     473480 HIT:     469457 MISS:       4023 MSHR_MERGE:          0
cpu7->cpu7_L2C TRANSLATION  ACCESS:          7 HIT:          0 MISS:          7 MSHR_MERGE:          0
cpu7->cpu7_L2C PREFETCH REQUESTED:          0 ISSUED:          0 USEFUL:          0 USELESS:          0
cpu7->cpu7_L2C AVERAGE MISS LATENCY: 113.9 cycles
cpu7->cpu7_L1I TOTAL        ACCESS:   12689298 HIT:    9961207 MISS:    2728091 MSHR_MERGE:    1076825
cpu7->cpu7_L1I LOAD         ACCESS:   12689298 HIT:    9961207 MISS:    2728091 MSHR_MERGE:    1076825
cpu7->cpu7_L1I RFO          ACCESS:          0 HIT:          0 MISS:          0 MSHR_MERGE:          0
cpu7->cpu7_L1I PREFETCH     ACCESS:          0 HIT:          0 MISS:          0 MSHR_MERGE:          0
cpu7->cpu7_L1I WRITE        ACCESS:          0 HIT:          0 MISS:          0 MSHR_MERGE:          0
cpu7->cpu7_L1I TRANSLATION  ACCESS:          0 HIT:          0 MISS:          0 MSHR_MERGE:          0
cpu7->cpu7_L1I PREFETCH REQUESTED:          0 ISSUED:          0 USEFUL:          0 USELESS:          0
cpu7->cpu7_L1I AVERAGE MISS LATENCY: 69.52 cycles
cpu7->cpu7_L1D TOTAL        ACCESS:    9598056 HIT:    8058353 MISS:    1539703 MSHR_MERGE:     808974
cpu7->cpu7_L1D LOAD         ACCESS:    5208354 HIT:    4731963 MISS:     476391 MSHR_MERGE:      35114
cpu7->cpu7_L1D RFO          ACCESS:          0 HIT:          0 MISS:          0 MSHR_MERGE:          0
cpu7->cpu7_L1D PREFETCH     ACCESS:          0 HIT:          0 MISS:          0 MSHR_MERGE:          0
cpu7->cpu7_L1D WRITE        ACCESS:    4389695 HIT:    3326390 MISS:    1063305 MSHR_MERGE:     773860
cpu7->cpu7_L1D TRANSLATION  ACCESS:          7 HIT:          0 MISS:          7 MSHR_MERGE:          0
cpu7->cpu7_L1D PREFETCH REQUESTED:          0 ISSUED:          0 USEFUL:          0 USELESS:          0
cpu7->cpu7_L1D AVERAGE MISS LATENCY: 110.8 cycles
cpu7->cpu7_ITLB TOTAL        ACCESS:   11436087 HIT:   11435716 MISS:        371 MSHR_MERGE:        164
cpu7->cpu7_ITLB LOAD         ACCESS:   11436087 HIT:   11435716 MISS:        371 MSHR_MERGE:        164
cpu7->cpu7_ITLB RFO          ACCESS:          0 HIT:          0 MISS:          0 MSHR_MERGE:          0
cpu7->cpu7_ITLB PREFETCH     ACCESS:          0 HIT:          0 MISS:          0 MSHR_MERGE:          0
cpu7->cpu7_ITLB WRITE        ACCESS:          0 HIT:          0 MISS:          0 MSHR_MERGE:          0
cpu7->cpu7_ITLB TRANSLATION  ACCESS:          0 HIT:          0 MISS:          0 MSHR_MERGE:          0
cpu7->cpu7_ITLB PREFETCH REQUESTED:          0 ISSUED:          0 USEFUL:          0 USELESS:          0
cpu7->cpu7_ITLB AVERAGE MISS LATENCY: 5 cycles
cpu7->cpu7_DTLB TOTAL        ACCESS:    9228252 HIT:    9188995 MISS:      39257 MSHR_MERGE:       4830
cpu7->cpu7_DTLB LOAD         ACCESS:    9228252 HIT:    9188995 MISS:      39257 MSHR_MERGE:       4830
cpu7->cpu7_DTLB RFO          ACCESS:          0 HIT:          0 MISS:          0 MSHR_MERGE:          0
cpu7->cpu7_DTLB PREFETCH     ACCESS:          0 HIT:          0 MISS:          0 MSHR_MERGE:          0
cpu7->cpu7_DTLB WRITE        ACCESS:          0 HIT:          0 MISS:          0 MSHR_MERGE:          0
cpu7->cpu7_DTLB TRANSLATION  ACCESS:          0 HIT:          0 MISS:          0 MSHR_MERGE:          0
cpu7->cpu7_DTLB PREFETCH REQUESTED:          0 ISSUED:          0 USEFUL:          0 USELESS:          0
cpu7->cpu7_DTLB AVERAGE MISS LATENCY: 5.057 cycles
cpu6->cpu6_STLB TOTAL        ACCESS:      34647 HIT:      34640 MISS:          7 MSHR_MERGE:          0
cpu6->cpu6_STLB LOAD         ACCESS:      34647 HIT:      34640 MISS:          7 MSHR_MERGE:          0
cpu6->cpu6_STLB RFO          ACCESS:          0 HIT:          0 MISS:          0 MSHR_MERGE:          0
cpu6->cpu6_STLB PREFETCH     ACCESS:          0 HIT:          0 MISS:          0 MSHR_MERGE:          0
cpu6->cpu6_STLB WRITE        ACCESS:          0 HIT:          0 MISS:          0 MSHR_MERGE:          0
cpu6->cpu6_STLB TRANSLATION  ACCESS:          0 HIT:          0 MISS:          0 MSHR_MERGE:          0
cpu6->cpu6_STLB PREFETCH REQUESTED:          0 ISSUED:          0 USEFUL:          0 USELESS:          0
cpu6->cpu6_STLB AVERAGE MISS LATENCY: 232.7 cycles
cpu6->cpu6_L2C TOTAL        ACCESS:    2852148 HIT:    1304789 MISS:    1547359 MSHR_MERGE:          0
cpu6->cpu6_L2C LOAD         ACCESS:    2091044 HIT:     778308 MISS:    1312736 MSHR_MERGE:          0
cpu6->cpu6_L2C RFO          ACCESS:     287968 HIT:      57352 MISS:     230616 MSHR_MERGE:          0
cpu6->cpu6_L2C PREFETCH     ACCESS:          0 HIT:          0 MISS:          0 MSHR_MERGE:          0
cpu6->cpu6_L2C WRITE        ACCESS:     473129 HIT:     469129 MISS:       4000 MSHR_MERGE:          0
cpu6->cpu6_L2C TRANSLATION  ACCESS:          7 HIT:          0 MISS:          7 MSHR_MERGE:          0
cpu6->cpu6_L2C PREFETCH REQUESTED:          0 ISSUED:          0 USEFUL:          0 USELESS:          0
cpu6->cpu6_L2C AVERAGE MISS LATENCY: 114.3 cycles
cpu6->cpu6_L1I TOTAL        ACCESS:   12669418 HIT:    9946322 MISS:    2723096 MSHR_MERGE:    1073110
cpu6->cpu6_L1I LOAD         ACCESS:   12669418 HIT:    9946322 MISS:    2723096 MSHR_MERGE:    1073110
cpu6->cpu6_L1I RFO          ACCESS:          0 HIT:          0 MISS:          0 MSHR_MERGE:          0
cpu6->cpu6_L1I PREFETCH     ACCESS:          0 HIT:          0 MISS:          0 MSHR_MERGE:          0
cpu6->cpu6_L1I WRITE        ACCESS:          0 HIT:          0 MISS:          0 MSHR_MERGE:          0
cpu6->cpu6_L1I TRANSLATION  ACCESS:          0 HIT:          0 MISS:          0 MSHR_MERGE:          0
cpu6->cpu6_L1I PREFETCH REQUESTED:          0 ISSUED:          0 USEFUL:          0 USELESS:          0
cpu6->cpu6_L1I AVERAGE MISS LATENCY: 69.6 cycles
cpu6->cpu6_L1D TOTAL        ACCESS:    9589487 HIT:    8051346 MISS:    1538141 MSHR_MERGE:     807911
cpu6->cpu6_L1D LOAD         ACCESS:    5204656 HIT:    4728655 MISS:     476001 MSHR_MERGE:      34929
cpu6->cpu6_L1D RFO          ACCESS:          0 HIT:          0 MISS:          0 MSHR_MERGE:          0
cpu6->cpu6_L1D PREFETCH     ACCESS:          0 HIT:          0 MISS:          0 MSHR_MERGE:          0
cpu6->cpu6_L1D WRITE        ACCESS:    4384824 HIT:    3322691 MISS:    1062133 MSHR_MERGE:     772982
cpu6->cpu6_L1D TRANSLATION  ACCESS:          7 HIT:          0 MISS:          7 MSHR_MERGE:          0
cpu6->cpu6_L1D PREFETCH REQUESTED:          0 ISSUED:          0 USEFUL:          0 USELESS:          0
cpu6->cpu6_L1D AVERAGE MISS LATENCY: 111.4 cycles
cpu6->cpu6_ITLB TOTAL        ACCESS:   11422831 HIT:   11422456 MISS:        375 MSHR_MERGE:        168
cpu6->cpu6_ITLB LOAD         ACCESS:   11422831 HIT:   11422456 MISS:        375 MSHR_MERGE:        168
cpu6->cpu6_ITLB RFO          ACCESS:          0 HIT:          0 MISS:          0 MSHR_MERGE:          0
cpu6->cpu6_ITLB PREFETCH     ACCESS:          0 HIT:          0 MISS:          0 MSHR_MERGE:          0
cpu6->cpu6_ITLB WRITE        ACCESS:          0 HIT:          0 MISS:          0 MSHR_MERGE:          0
cpu6->cpu6_ITLB TRANSLATION  ACCESS:          0 HIT:          0 MISS:          0 MSHR_MERGE:          0
cpu6->cpu6_ITLB PREFETCH REQUESTED:          0 ISSUED:          0 USEFUL:          0 USELESS:          0
cpu6->cpu6_ITLB AVERAGE MISS LATENCY: 5 cycles
cpu6->cpu6_DTLB TOTAL        ACCESS:    9222518 HIT:    9183290 MISS:      39228 MSHR_MERGE:       4788
cpu6->cpu6_DTLB LOAD         ACCESS:    9222518 HIT:    9183290 MISS:      39228 MSHR_MERGE:       4788
cpu6->cpu6_DTLB RFO          ACCESS:          0 HIT:          0 MISS:          0 MSHR_MERGE:          0
cpu6->cpu6_DTLB PREFETCH     ACCESS:          0 HIT:          0 MISS:          0 MSHR_MERGE:          0
cpu6->cpu6_DTLB WRITE        ACCESS:          0 HIT:          0 MISS:          0 MSHR_MERGE:          0
cpu6->cpu6_DTLB TRANSLATION  ACCESS:          0 HIT:          0 MISS:          0 MSHR_MERGE:          0
cpu6->cpu6_DTLB PREFETCH REQUESTED:          0 ISSUED:          0 USEFUL:          0 USELESS:          0
cpu6->cpu6_DTLB AVERAGE MISS LATENCY: 5.048 cycles
cpu5->cpu5_STLB TOTAL        ACCESS:      34438 HIT:      34431 MISS:          7 MSHR_MERGE:          0
cpu5->cpu5_STLB LOAD         ACCESS:      34438 HIT:      34431 MISS:          7 MSHR_MERGE:          0
cpu5->cpu5_STLB RFO          ACCESS:          0 HIT:          0 MISS:          0 MSHR_MERGE:          0
cpu5->cpu5_STLB PREFETCH     ACCESS:          0 HIT:          0 MISS:          0 MSHR_MERGE:          0
cpu5->cpu5_STLB WRITE        ACCESS:          0 HIT:          0 MISS:          0 MSHR_MERGE:          0
cpu5->cpu5_STLB TRANSLATION  ACCESS:          0 HIT:          0 MISS:          0 MSHR_MERGE:          0
cpu5->cpu5_STLB PREFETCH REQUESTED:          0 ISSUED:          0 USEFUL:          0 USELESS:          0
cpu5->cpu5_STLB AVERAGE MISS LATENCY: 233.1 cycles
cpu5->cpu5_L2C TOTAL        ACCESS:    2835967 HIT:    1296857 MISS:    1539110 MSHR_MERGE:          0
cpu5->cpu5_L2C LOAD         ACCESS:    2079083 HIT:     773451 MISS:    1305632 MSHR_MERGE:          0
cpu5->cpu5_L2C RFO          ACCESS:     286428 HIT:      56933 MISS:     229495 MSHR_MERGE:          0
cpu5->cpu5_L2C PREFETCH     ACCESS:          0 HIT:          0 MISS:          0 MSHR_MERGE:          0
cpu5->cpu5_L2C WRITE        ACCESS:     470449 HIT:     466473 MISS:       3976 MSHR_MERGE:          0
cpu5->cpu5_L2C TRANSLATION  ACCESS:          7 HIT:          0 MISS:          7 MSHR_MERGE:          0
cpu5->cpu5_L2C PREFETCH REQUESTED:          0 ISSUED:          0 USEFUL:          0 USELESS:          0
cpu5->cpu5_L2C AVERAGE MISS LATENCY: 114.9 cycles
cpu5->cpu5_L1I TOTAL        ACCESS:   12628815 HIT:    9920970 MISS:    2707845 MSHR_MERGE:    1067065
cpu5->cpu5_L1I LOAD         ACCESS:   12628815 HIT:    9920970 MISS:    2707845 MSHR_MERGE:    1067065
cpu5->cpu5_L1I RFO          ACCESS:          0 HIT:          0 MISS:          0 MSHR_MERGE:          0
cpu5->cpu5_L1I PREFETCH     ACCESS:          0 HIT:          0 MISS:          0 MSHR_MERGE:          0
cpu5->cpu5_L1I WRITE        ACCESS:          0 HIT:          0 MISS:          0 MSHR_MERGE:          0
cpu5->cpu5_L1I TRANSLATION  ACCESS:          0 HIT:          0 MISS:          0 MSHR_MERGE:          0
cpu5->cpu5_L1I PREFETCH REQUESTED:          0 ISSUED:          0 USEFUL:          0 USELESS:          0
cpu5->cpu5_L1I AVERAGE MISS LATENCY: 70.21 cycles
cpu5->cpu5_L1D TOTAL        ACCESS:    9551683 HIT:    8021647 MISS:    1530036 MSHR_MERGE:     804052
cpu5->cpu5_L1D LOAD         ACCESS:    5184457 HIT:    4711417 MISS:     473040 MSHR_MERGE:      34725
cpu5->cpu5_L1D RFO          ACCESS:          0 HIT:          0 MISS:          0 MSHR_MERGE:          0
cpu5->cpu5_L1D PREFETCH     ACCESS:          0 HIT:          0 MISS:          0 MSHR_MERGE:          0
cpu5->cpu5_L1D WRITE        ACCESS:    4367219 HIT:    3310230 MISS:    1056989 MSHR_MERGE:     769327
cpu5->cpu5_L1D TRANSLATION  ACCESS:          7 HIT:          0 MISS:          7 MSHR_MERGE:          0
cpu5->cpu5_L1D PREFETCH REQUESTED:          0 ISSUED:          0 USEFUL:          0 USELESS:          0
cpu5->cpu5_L1D AVERAGE MISS LATENCY: 111.3 cycles
cpu5->cpu5_ITLB TOTAL        ACCESS:   11383976 HIT:   11383589 MISS:        387 MSHR_MERGE:        181
cpu5->cpu5_ITLB LOAD         ACCESS:   11383976 HIT:   11383589 MISS:        387 MSHR_MERGE:        181
cpu5->cpu5_ITLB RFO          ACCESS:          0 HIT:          0 MISS:          0 MSHR_MERGE:          0
cpu5->cpu5_ITLB PREFETCH     ACCESS:          0 HIT:          0 MISS:          0 MSHR_MERGE:          0
cpu5->cpu5_ITLB WRITE        ACCESS:          0 HIT:          0 MISS:          0 MSHR_MERGE:          0
cpu5->cpu5_ITLB TRANSLATION  ACCESS:          0 HIT:          0 MISS:          0 MSHR_MERGE:          0
cpu5->cpu5_ITLB PREFETCH REQUESTED:          0 ISSUED:          0 USEFUL:          0 USELESS:          0
cpu5->cpu5_ITLB AVERAGE MISS LATENCY: 5.005 cycles
cpu5->cpu5_DTLB TOTAL        ACCESS:    9179844 HIT:    9140821 MISS:      39023 MSHR_MERGE:       4791
cpu5->cpu5_DTLB LOAD         ACCESS:    9179844 HIT:    9140821 MISS:      39023 MSHR_MERGE:       4791
cpu5->cpu5_DTLB RFO          ACCESS:          0 HIT:          0 MISS:          0 MSHR_MERGE:          0
cpu5->cpu5_DTLB PREFETCH     ACCESS:          0 HIT:          0 MISS:          0 MSHR_MERGE:          0
cpu5->cpu5_DTLB WRITE        ACCESS:          0 HIT:          0 MISS:          0 MSHR_MERGE:          0
cpu5->cpu5_DTLB TRANSLATION  ACCESS:          0 HIT:          0 MISS:          0 MSHR_MERGE:          0
cpu5->cpu5_DTLB PREFETCH REQUESTED:          0 ISSUED:          0 USEFUL:          0 USELESS:          0
cpu5->cpu5_DTLB AVERAGE MISS LATENCY: 5.048 cycles
cpu4->cpu4_STLB TOTAL        ACCESS:      35052 HIT:      35044 MISS:          8 MSHR_MERGE:          0
cpu4->cpu4_STLB LOAD         ACCESS:      35052 HIT:      35044 MISS:          8 MSHR_MERGE:          0
cpu4->cpu4_STLB RFO          ACCESS:          0 HIT:          0 MISS:          0 MSHR_MERGE:          0
cpu4->cpu4_STLB PREFETCH     ACCESS:          0 HIT:          0 MISS:          0 MSHR_MERGE:          0
cpu4->cpu4_STLB WRITE        ACCESS:          0 HIT:          0 MISS:          0 MSHR_MERGE:          0
cpu4->cpu4_STLB TRANSLATION  ACCESS:          0 HIT:          0 MISS:          0 MSHR_MERGE:          0
cpu4->cpu4_STLB PREFETCH REQUESTED:          0 ISSUED:          0 USEFUL:          0 USELESS:          0
cpu4->cpu4_STLB AVERAGE MISS LATENCY: 431.1 cycles
cpu4->cpu4_L2C TOTAL        ACCESS:    2880325 HIT:    1321757 MISS:    1558568 MSHR_MERGE:          0
cpu4->cpu4_L2C LOAD         ACCESS:    2112512 HIT:     790541 MISS:    1321971 MSHR_MERGE:          0
cpu4->cpu4_L2C RFO          ACCESS:     290387 HIT:      57831 MISS:     232556 MSHR_MERGE:          0
cpu4->cpu4_L2C PREFETCH     ACCESS:          0 HIT:          0 MISS:          0 MSHR_MERGE:          0
cpu4->cpu4_L2C WRITE        ACCESS:     477418 HIT:     473385 MISS:       4033 MSHR_MERGE:          0
cpu4->cpu4_L2C TRANSLATION  ACCESS:          8 HIT:          0 MISS:          8 MSHR_MERGE:          0
cpu4->cpu4_L2C PREFETCH REQUESTED:          0 ISSUED:          0 USEFUL:          0 USELESS:          0
cpu4->cpu4_L2C AVERAGE MISS LATENCY: 112.9 cycles
cpu4->cpu4_L1I TOTAL        ACCESS:   12772731 HIT:   10013802 MISS:    2758929 MSHR_MERGE:    1090748
cpu4->cpu4_L1I LOAD         ACCESS:   12772731 HIT:   10013802 MISS:    2758929 MSHR_MERGE:    1090748
cpu4->cpu4_L1I RFO          ACCESS:          0 HIT:          0 MISS:          0 MSHR_MERGE:          0
cpu4->cpu4_L1I PREFETCH     ACCESS:          0 HIT:          0 MISS:          0 MSHR_MERGE:          0
cpu4->cpu4_L1I WRITE        ACCESS:          0 HIT:          0 MISS:          0 MSHR_MERGE:          0
cpu4->cpu4_L1I TRANSLATION  ACCESS:          0 HIT:          0 MISS:          0 MSHR_MERGE:          0
cpu4->cpu4_L1I PREFETCH REQUESTED:          0 ISSUED:          0 USEFUL:          0 USELESS:          0
cpu4->cpu4_L1I AVERAGE MISS LATENCY: 68.59 cycles
cpu4->cpu4_L1D TOTAL        ACCESS:    9667692 HIT:    8113933 MISS:    1553759 MSHR_MERGE:     817815
cpu4->cpu4_L1D LOAD         ACCESS:    5248977 HIT:    4769366 MISS:     479611 MSHR_MERGE:      35265
cpu4->cpu4_L1D RFO          ACCESS:          0 HIT:          0 MISS:          0 MSHR_MERGE:          0
cpu4->cpu4_L1D PREFETCH     ACCESS:          0 HIT:          0 MISS:          0 MSHR_MERGE:          0
cpu4->cpu4_L1D WRITE        ACCESS:    4418707 HIT:    3344567 MISS:    1074140 MSHR_MERGE:     782550
cpu4->cpu4_L1D TRANSLATION  ACCESS:          8 HIT:          0 MISS:          8 MSHR_MERGE:          0
cpu4->cpu4_L1D PREFETCH REQUESTED:          0 ISSUED:          0 USEFUL:          0 USELESS:          0
cpu4->cpu4_L1D AVERAGE MISS LATENCY: 110.1 cycles
cpu4->cpu4_ITLB TOTAL        ACCESS:   11512904 HIT:   11512531 MISS:        373 MSHR_MERGE:        168
cpu4->cpu4_ITLB LOAD         ACCESS:   11512904 HIT:   11512531 MISS:        373 MSHR_MERGE:        168
cpu4->cpu4_ITLB RFO          ACCESS:          0 HIT:          0 MISS:          0 MSHR_MERGE:          0
cpu4->cpu4_ITLB PREFETCH     ACCESS:          0 HIT:          0 MISS:          0 MSHR_MERGE:          0
cpu4->cpu4_ITLB WRITE        ACCESS:          0 HIT:          0 MISS:          0 MSHR_MERGE:          0
cpu4->cpu4_ITLB TRANSLATION  ACCESS:          0 HIT:          0 MISS:          0 MSHR_MERGE:          0
cpu4->cpu4_ITLB PREFETCH REQUESTED:          0 ISSUED:          0 USEFUL:          0 USELESS:          0
cpu4->cpu4_ITLB AVERAGE MISS LATENCY: 4.99 cycles
cpu4->cpu4_DTLB TOTAL        ACCESS:    9290917 HIT:    9251218 MISS:      39699 MSHR_MERGE:       4852
cpu4->cpu4_DTLB LOAD         ACCESS:    9290917 HIT:    9251218 MISS:      39699 MSHR_MERGE:       4852
cpu4->cpu4_DTLB RFO          ACCESS:          0 HIT:          0 MISS:          0 MSHR_MERGE:          0
cpu4->cpu4_DTLB PREFETCH     ACCESS:          0 HIT:          0 MISS:          0 MSHR_MERGE:          0
cpu4->cpu4_DTLB WRITE        ACCESS:          0 HIT:          0 MISS:          0 MSHR_MERGE:          0
cpu4->cpu4_DTLB TRANSLATION  ACCESS:          0 HIT:          0 MISS:          0 MSHR_MERGE:          0
cpu4->cpu4_DTLB PREFETCH REQUESTED:          0 ISSUED:          0 USEFUL:          0 USELESS:          0
cpu4->cpu4_DTLB AVERAGE MISS LATENCY: 5.098 cycles
cpu3->cpu3_STLB TOTAL        ACCESS:      35464 HIT:      35456 MISS:          8 MSHR_MERGE:          0
cpu3->cpu3_STLB LOAD         ACCESS:      35464 HIT:      35456 MISS:          8 MSHR_MERGE:          0
cpu3->cpu3_STLB RFO          ACCESS:          0 HIT:          0 MISS:          0 MSHR_MERGE:          0
cpu3->cpu3_STLB PREFETCH     ACCESS:          0 HIT:          0 MISS:          0 MSHR_MERGE:          0
cpu3->cpu3_STLB WRITE        ACCESS:          0 HIT:          0 MISS:          0 MSHR_MERGE:          0
cpu3->cpu3_STLB TRANSLATION  ACCESS:          0 HIT:          0 MISS:          0 MSHR_MERGE:          0
cpu3->cpu3_STLB PREFETCH REQUESTED:          0 ISSUED:          0 USEFUL:          0 USELESS:          0
cpu3->cpu3_STLB AVERAGE MISS LATENCY: 295.8 cycles
cpu3->cpu3_L2C TOTAL        ACCESS:    2914646 HIT:    1337455 MISS:    1577191 MSHR_MERGE:          0
cpu3->cpu3_L2C LOAD         ACCESS:    2137169 HIT:     799406 MISS:    1337763 MSHR_MERGE:          0
cpu3->cpu3_L2C RFO          ACCESS:     293921 HIT:      58575 MISS:     235346 MSHR_MERGE:          0
cpu3->cpu3_L2C PREFETCH     ACCESS:          0 HIT:          0 MISS:          0 MSHR_MERGE:          0
cpu3->cpu3_L2C WRITE        ACCESS:     483548 HIT:     479474 MISS:       4074 MSHR_MERGE:          0
cpu3->cpu3_L2C TRANSLATION  ACCESS:          8 HIT:          0 MISS:          8 MSHR_MERGE:          0
cpu3->cpu3_L2C PREFETCH REQUESTED:          0 ISSUED:          0 USEFUL:          0 USELESS:          0
cpu3->cpu3_L2C AVERAGE MISS LATENCY: 111.1 cycles
cpu3->cpu3_L1I TOTAL        ACCESS:   12836892 HIT:   10041476 MISS:    2795416 MSHR_MERGE:    1107907
cpu3->cpu3_L1I LOAD         ACCESS:   12836892 HIT:   10041476 MISS:    2795416 MSHR_MERGE:    1107907
cpu3->cpu3_L1I RFO          ACCESS:          0 HIT:          0 MISS:          0 MSHR_MERGE:          0
cpu3->cpu3_L1I PREFETCH     ACCESS:          0 HIT:          0 MISS:          0 MSHR_MERGE:          0
cpu3->cpu3_L1I WRITE        ACCESS:          0 HIT:          0 MISS:          0 MSHR_MERGE:          0
cpu3->cpu3_L1I TRANSLATION  ACCESS:          0 HIT:          0 MISS:          0 MSHR_MERGE:          0
cpu3->cpu3_L1I PREFETCH REQUESTED:          0 ISSUED:          0 USEFUL:          0 USELESS:          0
cpu3->cpu3_L1I AVERAGE MISS LATENCY: 67.7 cycles
cpu3->cpu3_L1D TOTAL        ACCESS:    9724729 HIT:    8157745 MISS:    1566984 MSHR_MERGE:     822190
cpu3->cpu3_L1D LOAD         ACCESS:    5278745 HIT:    4793702 MISS:     485043 MSHR_MERGE:      35371
cpu3->cpu3_L1D RFO          ACCESS:          0 HIT:          0 MISS:          0 MSHR_MERGE:          0
cpu3->cpu3_L1D PREFETCH     ACCESS:          0 HIT:          0 MISS:          0 MSHR_MERGE:          0
cpu3->cpu3_L1D WRITE        ACCESS:    4445976 HIT:    3364043 MISS:    1081933 MSHR_MERGE:     786819
cpu3->cpu3_L1D TRANSLATION  ACCESS:          8 HIT:          0 MISS:          8 MSHR_MERGE:          0
cpu3->cpu3_L1D PREFETCH REQUESTED:          0 ISSUED:          0 USEFUL:          0 USELESS:          0
cpu3->cpu3_L1D AVERAGE MISS LATENCY: 108.5 cycles
cpu3->cpu3_ITLB TOTAL        ACCESS:   11581675 HIT:   11581302 MISS:        373 MSHR_MERGE:        168
cpu3->cpu3_ITLB LOAD         ACCESS:   11581675 HIT:   11581302 MISS:        373 MSHR_MERGE:        168
cpu3->cpu3_ITLB RFO          ACCESS:          0 HIT:          0 MISS:          0 MSHR_MERGE:          0
cpu3->cpu3_ITLB PREFETCH     ACCESS:          0 HIT:          0 MISS:          0 MSHR_MERGE:          0
cpu3->cpu3_ITLB WRITE        ACCESS:          0 HIT:          0 MISS:          0 MSHR_MERGE:          0
cpu3->cpu3_ITLB TRANSLATION  ACCESS:          0 HIT:          0 MISS:          0 MSHR_MERGE:          0
cpu3->cpu3_ITLB PREFETCH REQUESTED:          0 ISSUED:          0 USEFUL:          0 USELESS:          0
cpu3->cpu3_ITLB AVERAGE MISS LATENCY: 5 cycles
cpu3->cpu3_DTLB TOTAL        ACCESS:    9356693 HIT:    9316513 MISS:      40180 MSHR_MERGE:       4921
cpu3->cpu3_DTLB LOAD         ACCESS:    9356693 HIT:    9316513 MISS:      40180 MSHR_MERGE:       4921
cpu3->cpu3_DTLB RFO          ACCESS:          0 HIT:          0 MISS:          0 MSHR_MERGE:          0
cpu3->cpu3_DTLB PREFETCH     ACCESS:          0 HIT:          0 MISS:          0 MSHR_MERGE:          0
cpu3->cpu3_DTLB WRITE        ACCESS:          0 HIT:          0 MISS:          0 MSHR_MERGE:          0
cpu3->cpu3_DTLB TRANSLATION  ACCESS:          0 HIT:          0 MISS:          0 MSHR_MERGE:          0
cpu3->cpu3_DTLB PREFETCH REQUESTED:          0 ISSUED:          0 USEFUL:          0 USELESS:          0
cpu3->cpu3_DTLB AVERAGE MISS LATENCY: 5.067 cycles
cpu2->cpu2_STLB TOTAL        ACCESS:      37260 HIT:      37252 MISS:          8 MSHR_MERGE:          0
cpu2->cpu2_STLB LOAD         ACCESS:      37260 HIT:      37252 MISS:          8 MSHR_MERGE:          0
cpu2->cpu2_STLB RFO          ACCESS:          0 HIT:          0 MISS:          0 MSHR_MERGE:          0
cpu2->cpu2_STLB PREFETCH     ACCESS:          0 HIT:          0 MISS:          0 MSHR_MERGE:          0
cpu2->cpu2_STLB WRITE        ACCESS:          0 HIT:          0 MISS:          0 MSHR_MERGE:          0
cpu2->cpu2_STLB TRANSLATION  ACCESS:          0 HIT:          0 MISS:          0 MSHR_MERGE:          0
cpu2->cpu2_STLB PREFETCH REQUESTED:          0 ISSUED:          0 USEFUL:          0 USELESS:          0
cpu2->cpu2_STLB AVERAGE MISS LATENCY: 380.4 cycles
cpu2->cpu2_L2C TOTAL        ACCESS:    3052656 HIT:    1405412 MISS:    1647244 MSHR_MERGE:          0
cpu2->cpu2_L2C LOAD         ACCESS:    2237582 HIT:     840262 MISS:    1397320 MSHR_MERGE:          0
cpu2->cpu2_L2C RFO          ACCESS:     307552 HIT:      61824 MISS:     245728 MSHR_MERGE:          0
cpu2->cpu2_L2C PREFETCH     ACCESS:          0 HIT:          0 MISS:          0 MSHR_MERGE:          0
cpu2->cpu2_L2C WRITE        ACCESS:     507514 HIT:     503326 MISS:       4188 MSHR_MERGE:          0
cpu2->cpu2_L2C TRANSLATION  ACCESS:          8 HIT:          0 MISS:          8 MSHR_MERGE:          0
cpu2->cpu2_L2C PREFETCH REQUESTED:          0 ISSUED:          0 USEFUL:          0 USELESS:          0
cpu2->cpu2_L2C AVERAGE MISS LATENCY: 103 cycles
cpu2->cpu2_L1I TOTAL        ACCESS:   13251129 HIT:   10294402 MISS:    2956727 MSHR_MERGE:    1189563
cpu2->cpu2_L1I LOAD         ACCESS:   13251129 HIT:   10294402 MISS:    2956727 MSHR_MERGE:    1189563
cpu2->cpu2_L1I RFO          ACCESS:          0 HIT:          0 MISS:          0 MSHR_MERGE:          0
cpu2->cpu2_L1I PREFETCH     ACCESS:          0 HIT:          0 MISS:          0 MSHR_MERGE:          0
cpu2->cpu2_L1I WRITE        ACCESS:          0 HIT:          0 MISS:          0 MSHR_MERGE:          0
cpu2->cpu2_L1I TRANSLATION  ACCESS:          0 HIT:          0 MISS:          0 MSHR_MERGE:          0
cpu2->cpu2_L1I PREFETCH REQUESTED:          0 ISSUED:          0 USEFUL:          0 USELESS:          0
cpu2->cpu2_L1I AVERAGE MISS LATENCY: 62.22 cycles
cpu2->cpu2_L1D TOTAL        ACCESS:    9997587 HIT:    8373833 MISS:    1623754 MSHR_MERGE:     844425
cpu2->cpu2_L1D LOAD         ACCESS:    5417424 HIT:    4910259 MISS:     507165 MSHR_MERGE:      36735
cpu2->cpu2_L1D RFO          ACCESS:          0 HIT:          0 MISS:          0 MSHR_MERGE:          0
cpu2->cpu2_L1D PREFETCH     ACCESS:          0 HIT:          0 MISS:          0 MSHR_MERGE:          0
cpu2->cpu2_L1D WRITE        ACCESS:    4580155 HIT:    3463574 MISS:    1116581 MSHR_MERGE:     807690
cpu2->cpu2_L1D TRANSLATION  ACCESS:          8 HIT:          0 MISS:          8 MSHR_MERGE:          0
cpu2->cpu2_L1D PREFETCH REQUESTED:          0 ISSUED:          0 USEFUL:          0 USELESS:          0
cpu2->cpu2_L1D AVERAGE MISS LATENCY: 103.1 cycles
cpu2->cpu2_ITLB TOTAL        ACCESS:   11948931 HIT:   11948555 MISS:        376 MSHR_MERGE:        171
cpu2->cpu2_ITLB LOAD         ACCESS:   11948931 HIT:   11948555 MISS:        376 MSHR_MERGE:        171
cpu2->cpu2_ITLB RFO          ACCESS:          0 HIT:          0 MISS:          0 MSHR_MERGE:          0
cpu2->cpu2_ITLB PREFETCH     ACCESS:          0 HIT:          0 MISS:          0 MSHR_MERGE:          0
cpu2->cpu2_ITLB WRITE        ACCESS:          0 HIT:          0 MISS:          0 MSHR_MERGE:          0
cpu2->cpu2_ITLB TRANSLATION  ACCESS:          0 HIT:          0 MISS:          0 MSHR_MERGE:          0
cpu2->cpu2_ITLB PREFETCH REQUESTED:          0 ISSUED:          0 USEFUL:          0 USELESS:          0
cpu2->cpu2_ITLB AVERAGE MISS LATENCY: 5 cycles
cpu2->cpu2_DTLB TOTAL        ACCESS:    9609263 HIT:    9567082 MISS:      42181 MSHR_MERGE:       5126
cpu2->cpu2_DTLB LOAD         ACCESS:    9609263 HIT:    9567082 MISS:      42181 MSHR_MERGE:       5126
cpu2->cpu2_DTLB RFO          ACCESS:          0 HIT:          0 MISS:          0 MSHR_MERGE:          0
cpu2->cpu2_DTLB PREFETCH     ACCESS:          0 HIT:          0 MISS:          0 MSHR_MERGE:          0
cpu2->cpu2_DTLB WRITE        ACCESS:          0 HIT:          0 MISS:          0 MSHR_MERGE:          0
cpu2->cpu2_DTLB TRANSLATION  ACCESS:          0 HIT:          0 MISS:          0 MSHR_MERGE:          0
cpu2->cpu2_DTLB PREFETCH REQUESTED:          0 ISSUED:          0 USEFUL:          0 USELESS:          0
cpu2->cpu2_DTLB AVERAGE MISS LATENCY: 5.082 cycles
cpu1->cpu1_STLB TOTAL        ACCESS:      38633 HIT:      38625 MISS:          8 MSHR_MERGE:          0
cpu1->cpu1_STLB LOAD         ACCESS:      38633 HIT:      38625 MISS:          8 MSHR_MERGE:          0
cpu1->cpu1_STLB RFO          ACCESS:          0 HIT:          0 MISS:          0 MSHR_MERGE:          0
cpu1->cpu1_STLB PREFETCH     ACCESS:          0 HIT:          0 MISS:          0 MSHR_MERGE:          0
cpu1->cpu1_STLB WRITE        ACCESS:          0 HIT:          0 MISS:          0 MSHR_MERGE:          0
cpu1->cpu1_STLB TRANSLATION  ACCESS:          0 HIT:          0 MISS:          0 MSHR_MERGE:          0
cpu1->cpu1_STLB PREFETCH REQUESTED:          0 ISSUED:          0 USEFUL:          0 USELESS:          0
cpu1->cpu1_STLB AVERAGE MISS LATENCY: 314.5 cycles
cpu1->cpu1_L2C TOTAL        ACCESS:    3163744 HIT:    1452645 MISS:    1711099 MSHR_MERGE:          0
cpu1->cpu1_L2C LOAD         ACCESS:    2316541 HIT:     864669 MISS:    1451872 MSHR_MERGE:          0
cpu1->cpu1_L2C RFO          ACCESS:     319141 HIT:      64272 MISS:     254869 MSHR_MERGE:          0
cpu1->cpu1_L2C PREFETCH     ACCESS:          0 HIT:          0 MISS:          0 MSHR_MERGE:          0
cpu1->cpu1_L2C WRITE        ACCESS:     528054 HIT:     523704 MISS:       4350 MSHR_MERGE:          0
cpu1->cpu1_L2C TRANSLATION  ACCESS:          8 HIT:          0 MISS:          8 MSHR_MERGE:          0
cpu1->cpu1_L2C PREFETCH REQUESTED:          0 ISSUED:          0 USEFUL:          0 USELESS:          0
cpu1->cpu1_L2C AVERAGE MISS LATENCY: 96.24 cycles
cpu1->cpu1_L1I TOTAL        ACCESS:   13562143 HIT:   10479586 MISS:    3082557 MSHR_MERGE:    1254426
cpu1->cpu1_L1I LOAD         ACCESS:   13562143 HIT:   10479586 MISS:    3082557 MSHR_MERGE:    1254426
cpu1->cpu1_L1I RFO          ACCESS:          0 HIT:          0 MISS:          0 MSHR_MERGE:          0
cpu1->cpu1_L1I PREFETCH     ACCESS:          0 HIT:          0 MISS:          0 MSHR_MERGE:          0
cpu1->cpu1_L1I WRITE        ACCESS:          0 HIT:          0 MISS:          0 MSHR_MERGE:          0
cpu1->cpu1_L1I TRANSLATION  ACCESS:          0 HIT:          0 MISS:          0 MSHR_MERGE:          0
cpu1->cpu1_L1I PREFETCH REQUESTED:          0 ISSUED:          0 USEFUL:          0 USELESS:          0
cpu1->cpu1_L1I AVERAGE MISS LATENCY: 58.1 cycles
cpu1->cpu1_L1D TOTAL        ACCESS:   10210309 HIT:    8543110 MISS:    1667199 MSHR_MERGE:     858262
cpu1->cpu1_L1D LOAD         ACCESS:    5527180 HIT:    5000918 MISS:     526262 MSHR_MERGE:      37840
cpu1->cpu1_L1D RFO          ACCESS:          0 HIT:          0 MISS:          0 MSHR_MERGE:          0
cpu1->cpu1_L1D PREFETCH     ACCESS:          0 HIT:          0 MISS:          0 MSHR_MERGE:          0
cpu1->cpu1_L1D WRITE        ACCESS:    4683121 HIT:    3542192 MISS:    1140929 MSHR_MERGE:     820422
cpu1->cpu1_L1D TRANSLATION  ACCESS:          8 HIT:          0 MISS:          8 MSHR_MERGE:          0
cpu1->cpu1_L1D PREFETCH REQUESTED:          0 ISSUED:          0 USEFUL:          0 USELESS:          0
cpu1->cpu1_L1D AVERAGE MISS LATENCY: 98.74 cycles
cpu1->cpu1_ITLB TOTAL        ACCESS:   12246319 HIT:   12245948 MISS:        371 MSHR_MERGE:        167
cpu1->cpu1_ITLB LOAD         ACCESS:   12246319 HIT:   12245948 MISS:        371 MSHR_MERGE:        167
cpu1->cpu1_ITLB RFO          ACCESS:          0 HIT:          0 MISS:          0 MSHR_MERGE:          0
cpu1->cpu1_ITLB PREFETCH     ACCESS:          0 HIT:          0 MISS:          0 MSHR_MERGE:          0
cpu1->cpu1_ITLB WRITE        ACCESS:          0 HIT:          0 MISS:          0 MSHR_MERGE:          0
cpu1->cpu1_ITLB TRANSLATION  ACCESS:          0 HIT:          0 MISS:          0 MSHR_MERGE:          0
cpu1->cpu1_ITLB PREFETCH REQUESTED:          0 ISSUED:          0 USEFUL:          0 USELESS:          0
cpu1->cpu1_ITLB AVERAGE MISS LATENCY: 5 cycles
cpu1->cpu1_DTLB TOTAL        ACCESS:    9813004 HIT:    9769217 MISS:      43787 MSHR_MERGE:       5358
cpu1->cpu1_DTLB LOAD         ACCESS:    9813004 HIT:    9769217 MISS:      43787 MSHR_MERGE:       5358
cpu1->cpu1_DTLB RFO          ACCESS:          0 HIT:          0 MISS:          0 MSHR_MERGE:          0
cpu1->cpu1_DTLB PREFETCH     ACCESS:          0 HIT:          0 MISS:          0 MSHR_MERGE:          0
cpu1->cpu1_DTLB WRITE        ACCESS:          0 HIT:          0 MISS:          0 MSHR_MERGE:          0
cpu1->cpu1_DTLB TRANSLATION  ACCESS:          0 HIT:          0 MISS:          0 MSHR_MERGE:          0
cpu1->cpu1_DTLB PREFETCH REQUESTED:          0 ISSUED:          0 USEFUL:          0 USELESS:          0
cpu1->cpu1_DTLB AVERAGE MISS LATENCY: 5.066 cycles
cpu0->cpu0_STLB TOTAL        ACCESS:      40061 HIT:      40053 MISS:          8 MSHR_MERGE:          0
cpu0->cpu0_STLB LOAD         ACCESS:      40061 HIT:      40053 MISS:          8 MSHR_MERGE:          0
cpu0->cpu0_STLB RFO          ACCESS:          0 HIT:          0 MISS:          0 MSHR_MERGE:          0
cpu0->cpu0_STLB PREFETCH     ACCESS:          0 HIT:          0 MISS:          0 MSHR_MERGE:          0
cpu0->cpu0_STLB WRITE        ACCESS:          0 HIT:          0 MISS:          0 MSHR_MERGE:          0
cpu0->cpu0_STLB TRANSLATION  ACCESS:          0 HIT:          0 MISS:          0 MSHR_MERGE:          0
cpu0->cpu0_STLB PREFETCH REQUESTED:          0 ISSUED:          0 USEFUL:          0 USELESS:          0
cpu0->cpu0_STLB AVERAGE MISS LATENCY: 532.9 cycles
cpu0->cpu0_L2C TOTAL        ACCESS:    3275003 HIT:    1509757 MISS:    1765246 MSHR_MERGE:          0
cpu0->cpu0_L2C LOAD         ACCESS:    2397139 HIT:     899321 MISS:    1497818 MSHR_MERGE:          0
cpu0->cpu0_L2C RFO          ACCESS:     330330 HIT:      67347 MISS:     262983 MSHR_MERGE:          0
cpu0->cpu0_L2C PREFETCH     ACCESS:          0 HIT:          0 MISS:          0 MSHR_MERGE:          0
cpu0->cpu0_L2C WRITE        ACCESS:     547526 HIT:     543089 MISS:       4437 MSHR_MERGE:          0
cpu0->cpu0_L2C TRANSLATION  ACCESS:          8 HIT:          0 MISS:          8 MSHR_MERGE:          0
cpu0->cpu0_L2C PREFETCH REQUESTED:          0 ISSUED:          0 USEFUL:          0 USELESS:          0
cpu0->cpu0_L2C AVERAGE MISS LATENCY: 91.15 cycles
cpu0->cpu0_L1I TOTAL        ACCESS:   13897582 HIT:   10680205 MISS:    3217377 MSHR_MERGE:    1325002
cpu0->cpu0_L1I LOAD         ACCESS:   13897582 HIT:   10680205 MISS:    3217377 MSHR_MERGE:    1325002
cpu0->cpu0_L1I RFO          ACCESS:          0 HIT:          0 MISS:          0 MSHR_MERGE:          0
cpu0->cpu0_L1I PREFETCH     ACCESS:          0 HIT:          0 MISS:          0 MSHR_MERGE:          0
cpu0->cpu0_L1I WRITE        ACCESS:          0 HIT:          0 MISS:          0 MSHR_MERGE:          0
cpu0->cpu0_L1I TRANSLATION  ACCESS:          0 HIT:          0 MISS:          0 MSHR_MERGE:          0
cpu0->cpu0_L1I PREFETCH REQUESTED:          0 ISSUED:          0 USEFUL:          0 USELESS:          0
cpu0->cpu0_L1I AVERAGE MISS LATENCY: 54.84 cycles
cpu0->cpu0_L1D TOTAL        ACCESS:   10434193 HIT:    8721341 MISS:    1712852 MSHR_MERGE:     876056
cpu0->cpu0_L1D LOAD         ACCESS:    5644890 HIT:    5101251 MISS:     543639 MSHR_MERGE:      38860
cpu0->cpu0_L1D RFO          ACCESS:          0 HIT:          0 MISS:          0 MSHR_MERGE:          0
cpu0->cpu0_L1D PREFETCH     ACCESS:          0 HIT:          0 MISS:          0 MSHR_MERGE:          0
cpu0->cpu0_L1D WRITE        ACCESS:    4789295 HIT:    3620090 MISS:    1169205 MSHR_MERGE:     837196
cpu0->cpu0_L1D TRANSLATION  ACCESS:          8 HIT:          0 MISS:          8 MSHR_MERGE:          0
cpu0->cpu0_L1D PREFETCH REQUESTED:          0 ISSUED:          0 USEFUL:          0 USELESS:          0
cpu0->cpu0_L1D AVERAGE MISS LATENCY: 94.75 cycles
cpu0->cpu0_ITLB TOTAL        ACCESS:   12560018 HIT:   12559622 MISS:        396 MSHR_MERGE:        183
cpu0->cpu0_ITLB LOAD         ACCESS:   12560018 HIT:   12559622 MISS:        396 MSHR_MERGE:        183
cpu0->cpu0_ITLB RFO          ACCESS:          0 HIT:          0 MISS:          0 MSHR_MERGE:          0
cpu0->cpu0_ITLB PREFETCH     ACCESS:          0 HIT:          0 MISS:          0 MSHR_MERGE:          0
cpu0->cpu0_ITLB WRITE        ACCESS:          0 HIT:          0 MISS:          0 MSHR_MERGE:          0
cpu0->cpu0_ITLB TRANSLATION  ACCESS:          0 HIT:          0 MISS:          0 MSHR_MERGE:          0
cpu0->cpu0_ITLB PREFETCH REQUESTED:          0 ISSUED:          0 USEFUL:          0 USELESS:          0
cpu0->cpu0_ITLB AVERAGE MISS LATENCY: 5 cycles
cpu0->cpu0_DTLB TOTAL        ACCESS:   10041838 HIT:    9996419 MISS:      45419 MSHR_MERGE:       5571
cpu0->cpu0_DTLB LOAD         ACCESS:   10041838 HIT:    9996419 MISS:      45419 MSHR_MERGE:       5571
cpu0->cpu0_DTLB RFO          ACCESS:          0 HIT:          0 MISS:          0 MSHR_MERGE:          0
cpu0->cpu0_DTLB PREFETCH     ACCESS:          0 HIT:          0 MISS:          0 MSHR_MERGE:          0
cpu0->cpu0_DTLB WRITE        ACCESS:          0 HIT:          0 MISS:          0 MSHR_MERGE:          0
cpu0->cpu0_DTLB TRANSLATION  ACCESS:          0 HIT:          0 MISS:          0 MSHR_MERGE:          0
cpu0->cpu0_DTLB PREFETCH REQUESTED:          0 ISSUED:          0 USEFUL:          0 USELESS:          0
cpu0->cpu0_DTLB AVERAGE MISS LATENCY: 5.107 cycles
cpu0->LLC TOTAL        ACCESS:    2201254 HIT:    1669436 MISS:     531818 MSHR_MERGE:          0
cpu0->LLC LOAD         ACCESS:    1497818 HIT:    1103826 MISS:     393992 MSHR_MERGE:          0
cpu0->LLC RFO          ACCESS:     262983 HIT:     142666 MISS:     120317 MSHR_MERGE:          0
cpu0->LLC PREFETCH     ACCESS:          0 HIT:          0 MISS:          0 MSHR_MERGE:          0
cpu0->LLC WRITE        ACCESS:     440445 HIT:     422944 MISS:      17501 MSHR_MERGE:          0
cpu0->LLC TRANSLATION  ACCESS:          8 HIT:          0 MISS:          8 MSHR_MERGE:          0
cpu0->LLC PREFETCH REQUESTED:          0 ISSUED:          0 USEFUL:          0 USELESS:          0
cpu0->LLC AVERAGE MISS LATENCY: 2208 cycles
cpu1->LLC TOTAL        ACCESS:    2132285 HIT:    1584850 MISS:     547435 MSHR_MERGE:          0
cpu1->LLC LOAD         ACCESS:    1451871 HIT:    1042865 MISS:     409006 MSHR_MERGE:          0
cpu1->LLC RFO          ACCESS:     254870 HIT:     134185 MISS:     120685 MSHR_MERGE:          0
cpu1->LLC PREFETCH     ACCESS:          0 HIT:          0 MISS:          0 MSHR_MERGE:          0
cpu1->LLC WRITE        ACCESS:     425536 HIT:     407796 MISS:      17740 MSHR_MERGE:          0
cpu1->LLC TRANSLATION  ACCESS:          8 HIT:          4 MISS:          4 MSHR_MERGE:          0
cpu1->LLC PREFETCH REQUESTED:          0 ISSUED:          0 USEFUL:          0 USELESS:          0
cpu1->LLC AVERAGE MISS LATENCY: 2145 cycles
cpu2->LLC TOTAL        ACCESS:    2052241 HIT:    1480200 MISS:     572041 MSHR_MERGE:          0
cpu2->LLC LOAD         ACCESS:    1397319 HIT:     966301 MISS:     431018 MSHR_MERGE:          0
cpu2->LLC RFO          ACCESS:     245728 HIT:     124046 MISS:     121682 MSHR_MERGE:          0
cpu2->LLC PREFETCH     ACCESS:          0 HIT:          0 MISS:          0 MSHR_MERGE:          0
cpu2->LLC WRITE        ACCESS:     409186 HIT:     389850 MISS:      19336 MSHR_MERGE:          0
cpu2->LLC TRANSLATION  ACCESS:          8 HIT:          3 MISS:          5 MSHR_MERGE:          0
cpu2->LLC PREFETCH REQUESTED:          0 ISSUED:          0 USEFUL:          0 USELESS:          0
cpu2->LLC AVERAGE MISS LATENCY: 2053 cycles
cpu3->LLC TOTAL        ACCESS:    1963880 HIT:    1361423 MISS:     602457 MSHR_MERGE:          0
cpu3->LLC LOAD         ACCESS:    1337762 HIT:     879777 MISS:     457985 MSHR_MERGE:          0
cpu3->LLC RFO          ACCESS:     235346 HIT:     112720 MISS:     122626 MSHR_MERGE:          0
cpu3->LLC PREFETCH     ACCESS:          0 HIT:          0 MISS:          0 MSHR_MERGE:          0
cpu3->LLC WRITE        ACCESS:     390764 HIT:     368921 MISS:      21843 MSHR_MERGE:          0
cpu3->LLC TRANSLATION  ACCESS:          8 HIT:          5 MISS:          3 MSHR_MERGE:          0
cpu3->LLC PREFETCH REQUESTED:          0 ISSUED:          0 USEFUL:          0 USELESS:          0
cpu3->LLC AVERAGE MISS LATENCY: 1949 cycles
cpu4->LLC TOTAL        ACCESS:    1940145 HIT:    1335311 MISS:     604834 MSHR_MERGE:          0
cpu4->LLC LOAD         ACCESS:    1321971 HIT:     861956 MISS:     460015 MSHR_MERGE:          0
cpu4->LLC RFO          ACCESS:     232554 HIT:     109941 MISS:     122613 MSHR_MERGE:          0
cpu4->LLC PREFETCH     ACCESS:          0 HIT:          0 MISS:          0 MSHR_MERGE:          0
cpu4->LLC WRITE        ACCESS:     385612 HIT:     363409 MISS:      22203 MSHR_MERGE:          0
cpu4->LLC TRANSLATION  ACCESS:          8 HIT:          5 MISS:          3 MSHR_MERGE:          0
cpu4->LLC PREFETCH REQUESTED:          0 ISSUED:          0 USEFUL:          0 USELESS:          0
cpu4->LLC AVERAGE MISS LATENCY: 1941 cycles
cpu5->LLC TOTAL        ACCESS:    1915482 HIT:    1314193 MISS:     601289 MSHR_MERGE:          0
cpu5->LLC LOAD         ACCESS:    1305633 HIT:     846256 MISS:     459377 MSHR_MERGE:          0
cpu5->LLC RFO          ACCESS:     229493 HIT:     107331 MISS:     122162 MSHR_MERGE:          0
cpu5->LLC PREFETCH     ACCESS:          0 HIT:          0 MISS:          0 MSHR_MERGE:          0
cpu5->LLC WRITE        ACCESS:     380349 HIT:     360599 MISS:      19750 MSHR_MERGE:          0
cpu5->LLC TRANSLATION  ACCESS:          7 HIT:          7 MISS:          0 MSHR_MERGE:          0
cpu5->LLC PREFETCH REQUESTED:          0 ISSUED:          0 USEFUL:          0 USELESS:          0
cpu5->LLC AVERAGE MISS LATENCY: 1953 cycles
cpu6->LLC TOTAL        ACCESS:    1925654 HIT:    1323226 MISS:     602428 MSHR_MERGE:          0
cpu6->LLC LOAD         ACCESS:    1312737 HIT:     853367 MISS:     459370 MSHR_MERGE:          0
cpu6->LLC RFO          ACCESS:     230615 HIT:     108294 MISS:     122321 MSHR_MERGE:          0
cpu6->LLC PREFETCH     ACCESS:          0 HIT:          0 MISS:          0 MSHR_MERGE:          0
cpu6->LLC WRITE        ACCESS:     382295 HIT:     361558 MISS:      20737 MSHR_MERGE:          0
cpu6->LLC TRANSLATION  ACCESS:          7 HIT:          7 MISS:          0 MSHR_MERGE:          0
cpu6->LLC PREFETCH REQUESTED:          0 ISSUED:          0 USEFUL:          0 USELESS:          0
cpu6->LLC AVERAGE MISS LATENCY: 1949 cycles
cpu7->LLC TOTAL        ACCESS:    1926620 HIT:    1327203 MISS:     599417 MSHR_MERGE:          0
cpu7->LLC LOAD         ACCESS:    1313369 HIT:     856257 MISS:     457112 MSHR_MERGE:          0
cpu7->LLC RFO          ACCESS:     230794 HIT:     108466 MISS:     122328 MSHR_MERGE:          0
cpu7->LLC PREFETCH     ACCESS:          0 HIT:          0 MISS:          0 MSHR_MERGE:          0
cpu7->LLC WRITE        ACCESS:     382450 HIT:     362475 MISS:      19975 MSHR_MERGE:          0
cpu7->LLC TRANSLATION  ACCESS:          7 HIT:          5 MISS:          2 MSHR_MERGE:          0
cpu7->LLC PREFETCH REQUESTED:          0 ISSUED:          0 USEFUL:          0 USELESS:          0
cpu7->LLC AVERAGE MISS LATENCY: 1959 cycles

Region of Interest Statistics

CPU 7 cumulative IPC: 0.6791 instructions: 50000002 cycles: 73629853
CPU 7 Branch Prediction Accuracy: 100% MPKI: 0 Average ROB Occupancy at Mispredict: -
Branch type MPKI
BRANCH_DIRECT_JUMP: 0
BRANCH_INDIRECT: 0
BRANCH_CONDITIONAL: 0
BRANCH_DIRECT_CALL: 0
BRANCH_INDIRECT_CALL: 0
BRANCH_RETURN: 0


CPU 6 cumulative IPC: 0.6785 instructions: 50000000 cycles: 73693062
CPU 6 Branch Prediction Accuracy: 100% MPKI: 0 Average ROB Occupancy at Mispredict: -
Branch type MPKI
BRANCH_DIRECT_JUMP: 0
BRANCH_INDIRECT: 0
BRANCH_CONDITIONAL: 0
BRANCH_DIRECT_CALL: 0
BRANCH_INDIRECT_CALL: 0
BRANCH_RETURN: 0


CPU 5 cumulative IPC: 0.6754 instructions: 50000001 cycles: 74029153
CPU 5 Branch Prediction Accuracy: 100% MPKI: 0 Average ROB Occupancy at Mispredict: -
Branch type MPKI
BRANCH_DIRECT_JUMP: 0
BRANCH_INDIRECT: 0
BRANCH_CONDITIONAL: 0
BRANCH_DIRECT_CALL: 0
BRANCH_INDIRECT_CALL: 0
BRANCH_RETURN: 0


CPU 4 cumulative IPC: 0.6818 instructions: 50000000 cycles: 73340085
CPU 4 Branch Prediction Accuracy: 100% MPKI: 0 Average ROB Occupancy at Mispredict: -
Branch type MPKI
BRANCH_DIRECT_JUMP: 0
BRANCH_INDIRECT: 0
BRANCH_CONDITIONAL: 0
BRANCH_DIRECT_CALL: 0
BRANCH_INDIRECT_CALL: 0
BRANCH_RETURN: 0


CPU 3 cumulative IPC: 0.6869 instructions: 50000003 cycles: 72792227
CPU 3 Branch Prediction Accuracy: 100% MPKI: 0 Average ROB Occupancy at Mispredict: -
Branch type MPKI
BRANCH_DIRECT_JUMP: 0
BRANCH_INDIRECT: 0
BRANCH_CONDITIONAL: 0
BRANCH_DIRECT_CALL: 0
BRANCH_INDIRECT_CALL: 0
BRANCH_RETURN: 0


CPU 2 cumulative IPC: 0.7075 instructions: 50000000 cycles: 70666447
CPU 2 Branch Prediction Accuracy: 100% MPKI: 0 Average ROB Occupancy at Mispredict: -
Branch type MPKI
BRANCH_DIRECT_JUMP: 0
BRANCH_INDIRECT: 0
BRANCH_CONDITIONAL: 0
BRANCH_DIRECT_CALL: 0
BRANCH_INDIRECT_CALL: 0
BRANCH_RETURN: 0


CPU 1 cumulative IPC: 0.7286 instructions: 50000003 cycles: 68629277
CPU 1 Branch Prediction Accuracy: 100% MPKI: 0 Average ROB Occupancy at Mispredict: -
Branch type MPKI
BRANCH_DIRECT_JUMP: 0
BRANCH_INDIRECT: 0
BRANCH_CONDITIONAL: 0
BRANCH_DIRECT_CALL: 0
BRANCH_INDIRECT_CALL: 0
BRANCH_RETURN: 0


CPU 0 cumulative IPC: 0.7451 instructions: 50000002 cycles: 67105291
CPU 0 Branch Prediction Accuracy: 100% MPKI: 0 Average ROB Occupancy at Mispredict: -
Branch type MPKI
BRANCH_DIRECT_JUMP: 0
BRANCH_INDIRECT: 0
BRANCH_CONDITIONAL: 0
BRANCH_DIRECT_CALL: 0
BRANCH_INDIRECT_CALL: 0
BRANCH_RETURN: 0

cpu7->cpu7_STLB TOTAL        ACCESS:      34634 HIT:      34627 MISS:          7 MSHR_MERGE:          0
cpu7->cpu7_STLB LOAD         ACCESS:      34634 HIT:      34627 MISS:          7 MSHR_MERGE:          0
cpu7->cpu7_STLB RFO          ACCESS:          0 HIT:          0 MISS:          0 MSHR_MERGE:          0
cpu7->cpu7_STLB PREFETCH     ACCESS:          0 HIT:          0 MISS:          0 MSHR_MERGE:          0
cpu7->cpu7_STLB WRITE        ACCESS:          0 HIT:          0 MISS:          0 MSHR_MERGE:          0
cpu7->cpu7_STLB TRANSLATION  ACCESS:          0 HIT:          0 MISS:          0 MSHR_MERGE:          0
cpu7->cpu7_STLB PREFETCH REQUESTED:          0 ISSUED:          0 USEFUL:          0 USELESS:          0
cpu7->cpu7_STLB AVERAGE MISS LATENCY: 280.3 cycles
cpu7->cpu7_L2C TOTAL        ACCESS:    2854215 HIT:    1306022 MISS:    1548193 MSHR_MERGE:          0
cpu7->cpu7_L2C LOAD         ACCESS:    2092528 HIT:     779159 MISS:    1313369 MSHR_MERGE:          0
cpu7->cpu7_L2C RFO          ACCESS:     288200 HIT:      57406 MISS:     230794 MSHR_MERGE:          0
cpu7->cpu7_L2C PREFETCH     ACCESS:          0 HIT:          0 MISS:          0 MSHR_MERGE:          0
cpu7->cpu7_L2C WRITE        ACCESS:     473480 HIT:     469457 MISS:       4023 MSHR_MERGE:          0
cpu7->cpu7_L2C TRANSLATION  ACCESS:          7 HIT:          0 MISS:          7 MSHR_MERGE:          0
cpu7->cpu7_L2C PREFETCH REQUESTED:          0 ISSUED:          0 USEFUL:          0 USELESS:          0
cpu7->cpu7_L2C AVERAGE MISS LATENCY: 113.9 cycles
cpu7->cpu7_L1I TOTAL        ACCESS:   12689298 HIT:    9961207 MISS:    2728091 MSHR_MERGE:    1076825
cpu7->cpu7_L1I LOAD         ACCESS:   12689298 HIT:    9961207 MISS:    2728091 MSHR_MERGE:    1076825
cpu7->cpu7_L1I RFO          ACCESS:          0 HIT:          0 MISS:          0 MSHR_MERGE:          0
cpu7->cpu7_L1I PREFETCH     ACCESS:          0 HIT:          0 MISS:          0 MSHR_MERGE:          0
cpu7->cpu7_L1I WRITE        ACCESS:          0 HIT:          0 MISS:          0 MSHR_MERGE:          0
cpu7->cpu7_L1I TRANSLATION  ACCESS:          0 HIT:          0 MISS:          0 MSHR_MERGE:          0
cpu7->cpu7_L1I PREFETCH REQUESTED:          0 ISSUED:          0 USEFUL:          0 USELESS:          0
cpu7->cpu7_L1I AVERAGE MISS LATENCY: 69.52 cycles
cpu7->cpu7_L1D TOTAL        ACCESS:    9598056 HIT:    8058353 MISS:    1539703 MSHR_MERGE:     808974
cpu7->cpu7_L1D LOAD         ACCESS:    5208354 HIT:    4731963 MISS:     476391 MSHR_MERGE:      35114
cpu7->cpu7_L1D RFO          ACCESS:          0 HIT:          0 MISS:          0 MSHR_MERGE:          0
cpu7->cpu7_L1D PREFETCH     ACCESS:          0 HIT:          0 MISS:          0 MSHR_MERGE:          0
cpu7->cpu7_L1D WRITE        ACCESS:    4389695 HIT:    3326390 MISS:    1063305 MSHR_MERGE:     773860
cpu7->cpu7_L1D TRANSLATION  ACCESS:          7 HIT:          0 MISS:          7 MSHR_MERGE:          0
cpu7->cpu7_L1D PREFETCH REQUESTED:          0 ISSUED:          0 USEFUL:          0 USELESS:          0
cpu7->cpu7_L1D AVERAGE MISS LATENCY: 110.8 cycles
cpu7->cpu7_ITLB TOTAL        ACCESS:   11436087 HIT:   11435716 MISS:        371 MSHR_MERGE:        164
cpu7->cpu7_ITLB LOAD         ACCESS:   11436087 HIT:   11435716 MISS:        371 MSHR_MERGE:        164
cpu7->cpu7_ITLB RFO          ACCESS:          0 HIT:          0 MISS:          0 MSHR_MERGE:          0
cpu7->cpu7_ITLB PREFETCH     ACCESS:          0 HIT:          0 MISS:          0 MSHR_MERGE:          0
cpu7->cpu7_ITLB WRITE        ACCESS:          0 HIT:          0 MISS:          0 MSHR_MERGE:          0
cpu7->cpu7_ITLB TRANSLATION  ACCESS:          0 HIT:          0 MISS:          0 MSHR_MERGE:          0
cpu7->cpu7_ITLB PREFETCH REQUESTED:          0 ISSUED:          0 USEFUL:          0 USELESS:          0
cpu7->cpu7_ITLB AVERAGE MISS LATENCY: 5 cycles
cpu7->cpu7_DTLB TOTAL        ACCESS:    9228252 HIT:    9188995 MISS:      39257 MSHR_MERGE:       4830
cpu7->cpu7_DTLB LOAD         ACCESS:    9228252 HIT:    9188995 MISS:      39257 MSHR_MERGE:       4830
cpu7->cpu7_DTLB RFO          ACCESS:          0 HIT:          0 MISS:          0 MSHR_MERGE:          0
cpu7->cpu7_DTLB PREFETCH     ACCESS:          0 HIT:          0 MISS:          0 MSHR_MERGE:          0
cpu7->cpu7_DTLB WRITE        ACCESS:          0 HIT:          0 MISS:          0 MSHR_MERGE:          0
cpu7->cpu7_DTLB TRANSLATION  ACCESS:          0 HIT:          0 MISS:          0 MSHR_MERGE:          0
cpu7->cpu7_DTLB PREFETCH REQUESTED:          0 ISSUED:          0 USEFUL:          0 USELESS:          0
cpu7->cpu7_DTLB AVERAGE MISS LATENCY: 5.057 cycles
cpu6->cpu6_STLB TOTAL        ACCESS:      34647 HIT:      34640 MISS:          7 MSHR_MERGE:          0
cpu6->cpu6_STLB LOAD         ACCESS:      34647 HIT:      34640 MISS:          7 MSHR_MERGE:          0
cpu6->cpu6_STLB RFO          ACCESS:          0 HIT:          0 MISS:          0 MSHR_MERGE:          0
cpu6->cpu6_STLB PREFETCH     ACCESS:          0 HIT:          0 MISS:          0 MSHR_MERGE:          0
cpu6->cpu6_STLB WRITE        ACCESS:          0 HIT:          0 MISS:          0 MSHR_MERGE:          0
cpu6->cpu6_STLB TRANSLATION  ACCESS:          0 HIT:          0 MISS:          0 MSHR_MERGE:          0
cpu6->cpu6_STLB PREFETCH REQUESTED:          0 ISSUED:          0 USEFUL:          0 USELESS:          0
cpu6->cpu6_STLB AVERAGE MISS LATENCY: 232.7 cycles
cpu6->cpu6_L2C TOTAL        ACCESS:    2852148 HIT:    1304789 MISS:    1547359 MSHR_MERGE:          0
cpu6->cpu6_L2C LOAD         ACCESS:    2091044 HIT:     778308 MISS:    1312736 MSHR_MERGE:          0
cpu6->cpu6_L2C RFO          ACCESS:     287968 HIT:      57352 MISS:     230616 MSHR_MERGE:          0
cpu6->cpu6_L2C PREFETCH     ACCESS:          0 HIT:          0 MISS:          0 MSHR_MERGE:          0
cpu6->cpu6_L2C WRITE        ACCESS:     473129 HIT:     469129 MISS:       4000 MSHR_MERGE:          0
cpu6->cpu6_L2C TRANSLATION  ACCESS:          7 HIT:          0 MISS:          7 MSHR_MERGE:          0
cpu6->cpu6_L2C PREFETCH REQUESTED:          0 ISSUED:          0 USEFUL:          0 USELESS:          0
cpu6->cpu6_L2C AVERAGE MISS LATENCY: 114.3 cycles
cpu6->cpu6_L1I TOTAL        ACCESS:   12669418 HIT:    9946322 MISS:    2723096 MSHR_MERGE:    1073110
cpu6->cpu6_L1I LOAD         ACCESS:   12669418 HIT:    9946322 MISS:    2723096 MSHR_MERGE:    1073110
cpu6->cpu6_L1I RFO          ACCESS:          0 HIT:          0 MISS:          0 MSHR_MERGE:          0
cpu6->cpu6_L1I PREFETCH     ACCESS:          0 HIT:          0 MISS:          0 MSHR_MERGE:          0
cpu6->cpu6_L1I WRITE        ACCESS:          0 HIT:          0 MISS:          0 MSHR_MERGE:          0
cpu6->cpu6_L1I TRANSLATION  ACCESS:          0 HIT:          0 MISS:          0 MSHR_MERGE:          0
cpu6->cpu6_L1I PREFETCH REQUESTED:          0 ISSUED:          0 USEFUL:          0 USELESS:          0
cpu6->cpu6_L1I AVERAGE MISS LATENCY: 69.6 cycles
cpu6->cpu6_L1D TOTAL        ACCESS:    9589487 HIT:    8051346 MISS:    1538141 MSHR_MERGE:     807911
cpu6->cpu6_L1D LOAD         ACCESS:    5204656 HIT:    4728655 MISS:     476001 MSHR_MERGE:      34929
cpu6->cpu6_L1D RFO          ACCESS:          0 HIT:          0 MISS:          0 MSHR_MERGE:          0
cpu6->cpu6_L1D PREFETCH     ACCESS:          0 HIT:          0 MISS:          0 MSHR_MERGE:          0
cpu6->cpu6_L1D WRITE        ACCESS:    4384824 HIT:    3322691 MISS:    1062133 MSHR_MERGE:     772982
cpu6->cpu6_L1D TRANSLATION  ACCESS:          7 HIT:          0 MISS:          7 MSHR_MERGE:          0
cpu6->cpu6_L1D PREFETCH REQUESTED:          0 ISSUED:          0 USEFUL:          0 USELESS:          0
cpu6->cpu6_L1D AVERAGE MISS LATENCY: 111.4 cycles
cpu6->cpu6_ITLB TOTAL        ACCESS:   11422831 HIT:   11422456 MISS:        375 MSHR_MERGE:        168
cpu6->cpu6_ITLB LOAD         ACCESS:   11422831 HIT:   11422456 MISS:        375 MSHR_MERGE:        168
cpu6->cpu6_ITLB RFO          ACCESS:          0 HIT:          0 MISS:          0 MSHR_MERGE:          0
cpu6->cpu6_ITLB PREFETCH     ACCESS:          0 HIT:          0 MISS:          0 MSHR_MERGE:          0
cpu6->cpu6_ITLB WRITE        ACCESS:          0 HIT:          0 MISS:          0 MSHR_MERGE:          0
cpu6->cpu6_ITLB TRANSLATION  ACCESS:          0 HIT:          0 MISS:          0 MSHR_MERGE:          0
cpu6->cpu6_ITLB PREFETCH REQUESTED:          0 ISSUED:          0 USEFUL:          0 USELESS:          0
cpu6->cpu6_ITLB AVERAGE MISS LATENCY: 5 cycles
cpu6->cpu6_DTLB TOTAL        ACCESS:    9222518 HIT:    9183290 MISS:      39228 MSHR_MERGE:       4788
cpu6->cpu6_DTLB LOAD         ACCESS:    9222518 HIT:    9183290 MISS:      39228 MSHR_MERGE:       4788
cpu6->cpu6_DTLB RFO          ACCESS:          0 HIT:          0 MISS:          0 MSHR_MERGE:          0
cpu6->cpu6_DTLB PREFETCH     ACCESS:          0 HIT:          0 MISS:          0 MSHR_MERGE:          0
cpu6->cpu6_DTLB WRITE        ACCESS:          0 HIT:          0 MISS:          0 MSHR_MERGE:          0
cpu6->cpu6_DTLB TRANSLATION  ACCESS:          0 HIT:          0 MISS:          0 MSHR_MERGE:          0
cpu6->cpu6_DTLB PREFETCH REQUESTED:          0 ISSUED:          0 USEFUL:          0 USELESS:          0
cpu6->cpu6_DTLB AVERAGE MISS LATENCY: 5.048 cycles
cpu5->cpu5_STLB TOTAL        ACCESS:      34438 HIT:      34431 MISS:          7 MSHR_MERGE:          0
cpu5->cpu5_STLB LOAD         ACCESS:      34438 HIT:      34431 MISS:          7 MSHR_MERGE:          0
cpu5->cpu5_STLB RFO          ACCESS:          0 HIT:          0 MISS:          0 MSHR_MERGE:          0
cpu5->cpu5_STLB PREFETCH     ACCESS:          0 HIT:          0 MISS:          0 MSHR_MERGE:          0
cpu5->cpu5_STLB WRITE        ACCESS:          0 HIT:          0 MISS:          0 MSHR_MERGE:          0
cpu5->cpu5_STLB TRANSLATION  ACCESS:          0 HIT:          0 MISS:          0 MSHR_MERGE:          0
cpu5->cpu5_STLB PREFETCH REQUESTED:          0 ISSUED:          0 USEFUL:          0 USELESS:          0
cpu5->cpu5_STLB AVERAGE MISS LATENCY: 233.1 cycles
cpu5->cpu5_L2C TOTAL        ACCESS:    2835967 HIT:    1296857 MISS:    1539110 MSHR_MERGE:          0
cpu5->cpu5_L2C LOAD         ACCESS:    2079083 HIT:     773451 MISS:    1305632 MSHR_MERGE:          0
cpu5->cpu5_L2C RFO          ACCESS:     286428 HIT:      56933 MISS:     229495 MSHR_MERGE:          0
cpu5->cpu5_L2C PREFETCH     ACCESS:          0 HIT:          0 MISS:          0 MSHR_MERGE:          0
cpu5->cpu5_L2C WRITE        ACCESS:     470449 HIT:     466473 MISS:       3976 MSHR_MERGE:          0
cpu5->cpu5_L2C TRANSLATION  ACCESS:          7 HIT:          0 MISS:          7 MSHR_MERGE:          0
cpu5->cpu5_L2C PREFETCH REQUESTED:          0 ISSUED:          0 USEFUL:          0 USELESS:          0
cpu5->cpu5_L2C AVERAGE MISS LATENCY: 114.9 cycles
cpu5->cpu5_L1I TOTAL        ACCESS:   12628815 HIT:    9920970 MISS:    2707845 MSHR_MERGE:    1067065
cpu5->cpu5_L1I LOAD         ACCESS:   12628815 HIT:    9920970 MISS:    2707845 MSHR_MERGE:    1067065
cpu5->cpu5_L1I RFO          ACCESS:          0 HIT:          0 MISS:          0 MSHR_MERGE:          0
cpu5->cpu5_L1I PREFETCH     ACCESS:          0 HIT:          0 MISS:          0 MSHR_MERGE:          0
cpu5->cpu5_L1I WRITE        ACCESS:          0 HIT:          0 MISS:          0 MSHR_MERGE:          0
cpu5->cpu5_L1I TRANSLATION  ACCESS:          0 HIT:          0 MISS:          0 MSHR_MERGE:          0
cpu5->cpu5_L1I PREFETCH REQUESTED:          0 ISSUED:          0 USEFUL:          0 USELESS:          0
cpu5->cpu5_L1I AVERAGE MISS LATENCY: 70.21 cycles
cpu5->cpu5_L1D TOTAL        ACCESS:    9551683 HIT:    8021647 MISS:    1530036 MSHR_MERGE:     804052
cpu5->cpu5_L1D LOAD         ACCESS:    5184457 HIT:    4711417 MISS:     473040 MSHR_MERGE:      34725
cpu5->cpu5_L1D RFO          ACCESS:          0 HIT:          0 MISS:          0 MSHR_MERGE:          0
cpu5->cpu5_L1D PREFETCH     ACCESS:          0 HIT:          0 MISS:          0 MSHR_MERGE:          0
cpu5->cpu5_L1D WRITE        ACCESS:    4367219 HIT:    3310230 MISS:    1056989 MSHR_MERGE:     769327
cpu5->cpu5_L1D TRANSLATION  ACCESS:          7 HIT:          0 MISS:          7 MSHR_MERGE:          0
cpu5->cpu5_L1D PREFETCH REQUESTED:          0 ISSUED:          0 USEFUL:          0 USELESS:          0
cpu5->cpu5_L1D AVERAGE MISS LATENCY: 111.3 cycles
cpu5->cpu5_ITLB TOTAL        ACCESS:   11383976 HIT:   11383589 MISS:        387 MSHR_MERGE:        181
cpu5->cpu5_ITLB LOAD         ACCESS:   11383976 HIT:   11383589 MISS:        387 MSHR_MERGE:        181
cpu5->cpu5_ITLB RFO          ACCESS:          0 HIT:          0 MISS:          0 MSHR_MERGE:          0
cpu5->cpu5_ITLB PREFETCH     ACCESS:          0 HIT:          0 MISS:          0 MSHR_MERGE:          0
cpu5->cpu5_ITLB WRITE        ACCESS:          0 HIT:          0 MISS:          0 MSHR_MERGE:          0
cpu5->cpu5_ITLB TRANSLATION  ACCESS:          0 HIT:          0 MISS:          0 MSHR_MERGE:          0
cpu5->cpu5_ITLB PREFETCH REQUESTED:          0 ISSUED:          0 USEFUL:          0 USELESS:          0
cpu5->cpu5_ITLB AVERAGE MISS LATENCY: 5.005 cycles
cpu5->cpu5_DTLB TOTAL        ACCESS:    9179844 HIT:    9140821 MISS:      39023 MSHR_MERGE:       4791
cpu5->cpu5_DTLB LOAD         ACCESS:    9179844 HIT:    9140821 MISS:      39023 MSHR_MERGE:       4791
cpu5->cpu5_DTLB RFO          ACCESS:          0 HIT:          0 MISS:          0 MSHR_MERGE:          0
cpu5->cpu5_DTLB PREFETCH     ACCESS:          0 HIT:          0 MISS:          0 MSHR_MERGE:          0
cpu5->cpu5_DTLB WRITE        ACCESS:          0 HIT:          0 MISS:          0 MSHR_MERGE:          0
cpu5->cpu5_DTLB TRANSLATION  ACCESS:          0 HIT:          0 MISS:          0 MSHR_MERGE:          0
cpu5->cpu5_DTLB PREFETCH REQUESTED:          0 ISSUED:          0 USEFUL:          0 USELESS:          0
cpu5->cpu5_DTLB AVERAGE MISS LATENCY: 5.048 cycles
cpu4->cpu4_STLB TOTAL        ACCESS:      35052 HIT:      35044 MISS:          8 MSHR_MERGE:          0
cpu4->cpu4_STLB LOAD         ACCESS:      35052 HIT:      35044 MISS:          8 MSHR_MERGE:          0
cpu4->cpu4_STLB RFO          ACCESS:          0 HIT:          0 MISS:          0 MSHR_MERGE:          0
cpu4->cpu4_STLB PREFETCH     ACCESS:          0 HIT:          0 MISS:          0 MSHR_MERGE:          0
cpu4->cpu4_STLB WRITE        ACCESS:          0 HIT:          0 MISS:          0 MSHR_MERGE:          0
cpu4->cpu4_STLB TRANSLATION  ACCESS:          0 HIT:          0 MISS:          0 MSHR_MERGE:          0
cpu4->cpu4_STLB PREFETCH REQUESTED:          0 ISSUED:          0 USEFUL:          0 USELESS:          0
cpu4->cpu4_STLB AVERAGE MISS LATENCY: 431.1 cycles
cpu4->cpu4_L2C TOTAL        ACCESS:    2880325 HIT:    1321757 MISS:    1558568 MSHR_MERGE:          0
cpu4->cpu4_L2C LOAD         ACCESS:    2112512 HIT:     790541 MISS:    1321971 MSHR_MERGE:          0
cpu4->cpu4_L2C RFO          ACCESS:     290387 HIT:      57831 MISS:     232556 MSHR_MERGE:          0
cpu4->cpu4_L2C PREFETCH     ACCESS:          0 HIT:          0 MISS:          0 MSHR_MERGE:          0
cpu4->cpu4_L2C WRITE        ACCESS:     477418 HIT:     473385 MISS:       4033 MSHR_MERGE:          0
cpu4->cpu4_L2C TRANSLATION  ACCESS:          8 HIT:          0 MISS:          8 MSHR_MERGE:          0
cpu4->cpu4_L2C PREFETCH REQUESTED:          0 ISSUED:          0 USEFUL:          0 USELESS:          0
cpu4->cpu4_L2C AVERAGE MISS LATENCY: 112.9 cycles
cpu4->cpu4_L1I TOTAL        ACCESS:   12772731 HIT:   10013802 MISS:    2758929 MSHR_MERGE:    1090748
cpu4->cpu4_L1I LOAD         ACCESS:   12772731 HIT:   10013802 MISS:    2758929 MSHR_MERGE:    1090748
cpu4->cpu4_L1I RFO          ACCESS:          0 HIT:          0 MISS:          0 MSHR_MERGE:          0
cpu4->cpu4_L1I PREFETCH     ACCESS:          0 HIT:          0 MISS:          0 MSHR_MERGE:          0
cpu4->cpu4_L1I WRITE        ACCESS:          0 HIT:          0 MISS:          0 MSHR_MERGE:          0
cpu4->cpu4_L1I TRANSLATION  ACCESS:          0 HIT:          0 MISS:          0 MSHR_MERGE:          0
cpu4->cpu4_L1I PREFETCH REQUESTED:          0 ISSUED:          0 USEFUL:          0 USELESS:          0
cpu4->cpu4_L1I AVERAGE MISS LATENCY: 68.59 cycles
cpu4->cpu4_L1D TOTAL        ACCESS:    9667692 HIT:    8113933 MISS:    1553759 MSHR_MERGE:     817815
cpu4->cpu4_L1D LOAD         ACCESS:    5248977 HIT:    4769366 MISS:     479611 MSHR_MERGE:      35265
cpu4->cpu4_L1D RFO          ACCESS:          0 HIT:          0 MISS:          0 MSHR_MERGE:          0
cpu4->cpu4_L1D PREFETCH     ACCESS:          0 HIT:          0 MISS:          0 MSHR_MERGE:          0
cpu4->cpu4_L1D WRITE        ACCESS:    4418707 HIT:    3344567 MISS:    1074140 MSHR_MERGE:     782550
cpu4->cpu4_L1D TRANSLATION  ACCESS:          8 HIT:          0 MISS:          8 MSHR_MERGE:          0
cpu4->cpu4_L1D PREFETCH REQUESTED:          0 ISSUED:          0 USEFUL:          0 USELESS:          0
cpu4->cpu4_L1D AVERAGE MISS LATENCY: 110.1 cycles
cpu4->cpu4_ITLB TOTAL        ACCESS:   11512904 HIT:   11512531 MISS:        373 MSHR_MERGE:        168
cpu4->cpu4_ITLB LOAD         ACCESS:   11512904 HIT:   11512531 MISS:        373 MSHR_MERGE:        168
cpu4->cpu4_ITLB RFO          ACCESS:          0 HIT:          0 MISS:          0 MSHR_MERGE:          0
cpu4->cpu4_ITLB PREFETCH     ACCESS:          0 HIT:          0 MISS:          0 MSHR_MERGE:          0
cpu4->cpu4_ITLB WRITE        ACCESS:          0 HIT:          0 MISS:          0 MSHR_MERGE:          0
cpu4->cpu4_ITLB TRANSLATION  ACCESS:          0 HIT:          0 MISS:          0 MSHR_MERGE:          0
cpu4->cpu4_ITLB PREFETCH REQUESTED:          0 ISSUED:          0 USEFUL:          0 USELESS:          0
cpu4->cpu4_ITLB AVERAGE MISS LATENCY: 4.99 cycles
cpu4->cpu4_DTLB TOTAL        ACCESS:    9290917 HIT:    9251218 MISS:      39699 MSHR_MERGE:       4852
cpu4->cpu4_DTLB LOAD         ACCESS:    9290917 HIT:    9251218 MISS:      39699 MSHR_MERGE:       4852
cpu4->cpu4_DTLB RFO          ACCESS:          0 HIT:          0 MISS:          0 MSHR_MERGE:          0
cpu4->cpu4_DTLB PREFETCH     ACCESS:          0 HIT:          0 MISS:          0 MSHR_MERGE:          0
cpu4->cpu4_DTLB WRITE        ACCESS:          0 HIT:          0 MISS:          0 MSHR_MERGE:          0
cpu4->cpu4_DTLB TRANSLATION  ACCESS:          0 HIT:          0 MISS:          0 MSHR_MERGE:          0
cpu4->cpu4_DTLB PREFETCH REQUESTED:          0 ISSUED:          0 USEFUL:          0 USELESS:          0
cpu4->cpu4_DTLB AVERAGE MISS LATENCY: 5.098 cycles
cpu3->cpu3_STLB TOTAL        ACCESS:      35464 HIT:      35456 MISS:          8 MSHR_MERGE:          0
cpu3->cpu3_STLB LOAD         ACCESS:      35464 HIT:      35456 MISS:          8 MSHR_MERGE:          0
cpu3->cpu3_STLB RFO          ACCESS:          0 HIT:          0 MISS:          0 MSHR_MERGE:          0
cpu3->cpu3_STLB PREFETCH     ACCESS:          0 HIT:          0 MISS:          0 MSHR_MERGE:          0
cpu3->cpu3_STLB WRITE        ACCESS:          0 HIT:          0 MISS:          0 MSHR_MERGE:          0
cpu3->cpu3_STLB TRANSLATION  ACCESS:          0 HIT:          0 MISS:          0 MSHR_MERGE:          0
cpu3->cpu3_STLB PREFETCH REQUESTED:          0 ISSUED:          0 USEFUL:          0 USELESS:          0
cpu3->cpu3_STLB AVERAGE MISS LATENCY: 295.8 cycles
cpu3->cpu3_L2C TOTAL        ACCESS:    2914646 HIT:    1337455 MISS:    1577191 MSHR_MERGE:          0
cpu3->cpu3_L2C LOAD         ACCESS:    2137169 HIT:     799406 MISS:    1337763 MSHR_MERGE:          0
cpu3->cpu3_L2C RFO          ACCESS:     293921 HIT:      58575 MISS:     235346 MSHR_MERGE:          0
cpu3->cpu3_L2C PREFETCH     ACCESS:          0 HIT:          0 MISS:          0 MSHR_MERGE:          0
cpu3->cpu3_L2C WRITE        ACCESS:     483548 HIT:     479474 MISS:       4074 MSHR_MERGE:          0
cpu3->cpu3_L2C TRANSLATION  ACCESS:          8 HIT:          0 MISS:          8 MSHR_MERGE:          0
cpu3->cpu3_L2C PREFETCH REQUESTED:          0 ISSUED:          0 USEFUL:          0 USELESS:          0
cpu3->cpu3_L2C AVERAGE MISS LATENCY: 111.1 cycles
cpu3->cpu3_L1I TOTAL        ACCESS:   12836892 HIT:   10041476 MISS:    2795416 MSHR_MERGE:    1107907
cpu3->cpu3_L1I LOAD         ACCESS:   12836892 HIT:   10041476 MISS:    2795416 MSHR_MERGE:    1107907
cpu3->cpu3_L1I RFO          ACCESS:          0 HIT:          0 MISS:          0 MSHR_MERGE:          0
cpu3->cpu3_L1I PREFETCH     ACCESS:          0 HIT:          0 MISS:          0 MSHR_MERGE:          0
cpu3->cpu3_L1I WRITE        ACCESS:          0 HIT:          0 MISS:          0 MSHR_MERGE:          0
cpu3->cpu3_L1I TRANSLATION  ACCESS:          0 HIT:          0 MISS:          0 MSHR_MERGE:          0
cpu3->cpu3_L1I PREFETCH REQUESTED:          0 ISSUED:          0 USEFUL:          0 USELESS:          0
cpu3->cpu3_L1I AVERAGE MISS LATENCY: 67.7 cycles
cpu3->cpu3_L1D TOTAL        ACCESS:    9724729 HIT:    8157745 MISS:    1566984 MSHR_MERGE:     822190
cpu3->cpu3_L1D LOAD         ACCESS:    5278745 HIT:    4793702 MISS:     485043 MSHR_MERGE:      35371
cpu3->cpu3_L1D RFO          ACCESS:          0 HIT:          0 MISS:          0 MSHR_MERGE:          0
cpu3->cpu3_L1D PREFETCH     ACCESS:          0 HIT:          0 MISS:          0 MSHR_MERGE:          0
cpu3->cpu3_L1D WRITE        ACCESS:    4445976 HIT:    3364043 MISS:    1081933 MSHR_MERGE:     786819
cpu3->cpu3_L1D TRANSLATION  ACCESS:          8 HIT:          0 MISS:          8 MSHR_MERGE:          0
cpu3->cpu3_L1D PREFETCH REQUESTED:          0 ISSUED:          0 USEFUL:          0 USELESS:          0
cpu3->cpu3_L1D AVERAGE MISS LATENCY: 108.5 cycles
cpu3->cpu3_ITLB TOTAL        ACCESS:   11581675 HIT:   11581302 MISS:        373 MSHR_MERGE:        168
cpu3->cpu3_ITLB LOAD         ACCESS:   11581675 HIT:   11581302 MISS:        373 MSHR_MERGE:        168
cpu3->cpu3_ITLB RFO          ACCESS:          0 HIT:          0 MISS:          0 MSHR_MERGE:          0
cpu3->cpu3_ITLB PREFETCH     ACCESS:          0 HIT:          0 MISS:          0 MSHR_MERGE:          0
cpu3->cpu3_ITLB WRITE        ACCESS:          0 HIT:          0 MISS:          0 MSHR_MERGE:          0
cpu3->cpu3_ITLB TRANSLATION  ACCESS:          0 HIT:          0 MISS:          0 MSHR_MERGE:          0
cpu3->cpu3_ITLB PREFETCH REQUESTED:          0 ISSUED:          0 USEFUL:          0 USELESS:          0
cpu3->cpu3_ITLB AVERAGE MISS LATENCY: 5 cycles
cpu3->cpu3_DTLB TOTAL        ACCESS:    9356693 HIT:    9316513 MISS:      40180 MSHR_MERGE:       4921
cpu3->cpu3_DTLB LOAD         ACCESS:    9356693 HIT:    9316513 MISS:      40180 MSHR_MERGE:       4921
cpu3->cpu3_DTLB RFO          ACCESS:          0 HIT:          0 MISS:          0 MSHR_MERGE:          0
cpu3->cpu3_DTLB PREFETCH     ACCESS:          0 HIT:          0 MISS:          0 MSHR_MERGE:          0
cpu3->cpu3_DTLB WRITE        ACCESS:          0 HIT:          0 MISS:          0 MSHR_MERGE:          0
cpu3->cpu3_DTLB TRANSLATION  ACCESS:          0 HIT:          0 MISS:          0 MSHR_MERGE:          0
cpu3->cpu3_DTLB PREFETCH REQUESTED:          0 ISSUED:          0 USEFUL:          0 USELESS:          0
cpu3->cpu3_DTLB AVERAGE MISS LATENCY: 5.067 cycles
cpu2->cpu2_STLB TOTAL        ACCESS:      37260 HIT:      37252 MISS:          8 MSHR_MERGE:          0
cpu2->cpu2_STLB LOAD         ACCESS:      37260 HIT:      37252 MISS:          8 MSHR_MERGE:          0
cpu2->cpu2_STLB RFO          ACCESS:          0 HIT:          0 MISS:          0 MSHR_MERGE:          0
cpu2->cpu2_STLB PREFETCH     ACCESS:          0 HIT:          0 MISS:          0 MSHR_MERGE:          0
cpu2->cpu2_STLB WRITE        ACCESS:          0 HIT:          0 MISS:          0 MSHR_MERGE:          0
cpu2->cpu2_STLB TRANSLATION  ACCESS:          0 HIT:          0 MISS:          0 MSHR_MERGE:          0
cpu2->cpu2_STLB PREFETCH REQUESTED:          0 ISSUED:          0 USEFUL:          0 USELESS:          0
cpu2->cpu2_STLB AVERAGE MISS LATENCY: 380.4 cycles
cpu2->cpu2_L2C TOTAL        ACCESS:    3052656 HIT:    1405412 MISS:    1647244 MSHR_MERGE:          0
cpu2->cpu2_L2C LOAD         ACCESS:    2237582 HIT:     840262 MISS:    1397320 MSHR_MERGE:          0
cpu2->cpu2_L2C RFO          ACCESS:     307552 HIT:      61824 MISS:     245728 MSHR_MERGE:          0
cpu2->cpu2_L2C PREFETCH     ACCESS:          0 HIT:          0 MISS:          0 MSHR_MERGE:          0
cpu2->cpu2_L2C WRITE        ACCESS:     507514 HIT:     503326 MISS:       4188 MSHR_MERGE:          0
cpu2->cpu2_L2C TRANSLATION  ACCESS:          8 HIT:          0 MISS:          8 MSHR_MERGE:          0
cpu2->cpu2_L2C PREFETCH REQUESTED:          0 ISSUED:          0 USEFUL:          0 USELESS:          0
cpu2->cpu2_L2C AVERAGE MISS LATENCY: 103 cycles
cpu2->cpu2_L1I TOTAL        ACCESS:   13251129 HIT:   10294402 MISS:    2956727 MSHR_MERGE:    1189563
cpu2->cpu2_L1I LOAD         ACCESS:   13251129 HIT:   10294402 MISS:    2956727 MSHR_MERGE:    1189563
cpu2->cpu2_L1I RFO          ACCESS:          0 HIT:          0 MISS:          0 MSHR_MERGE:          0
cpu2->cpu2_L1I PREFETCH     ACCESS:          0 HIT:          0 MISS:          0 MSHR_MERGE:          0
cpu2->cpu2_L1I WRITE        ACCESS:          0 HIT:          0 MISS:          0 MSHR_MERGE:          0
cpu2->cpu2_L1I TRANSLATION  ACCESS:          0 HIT:          0 MISS:          0 MSHR_MERGE:          0
cpu2->cpu2_L1I PREFETCH REQUESTED:          0 ISSUED:          0 USEFUL:          0 USELESS:          0
cpu2->cpu2_L1I AVERAGE MISS LATENCY: 62.22 cycles
cpu2->cpu2_L1D TOTAL        ACCESS:    9997587 HIT:    8373833 MISS:    1623754 MSHR_MERGE:     844425
cpu2->cpu2_L1D LOAD         ACCESS:    5417424 HIT:    4910259 MISS:     507165 MSHR_MERGE:      36735
cpu2->cpu2_L1D RFO          ACCESS:          0 HIT:          0 MISS:          0 MSHR_MERGE:          0
cpu2->cpu2_L1D PREFETCH     ACCESS:          0 HIT:          0 MISS:          0 MSHR_MERGE:          0
cpu2->cpu2_L1D WRITE        ACCESS:    4580155 HIT:    3463574 MISS:    1116581 MSHR_MERGE:     807690
cpu2->cpu2_L1D TRANSLATION  ACCESS:          8 HIT:          0 MISS:          8 MSHR_MERGE:          0
cpu2->cpu2_L1D PREFETCH REQUESTED:          0 ISSUED:          0 USEFUL:          0 USELESS:          0
cpu2->cpu2_L1D AVERAGE MISS LATENCY: 103.1 cycles
cpu2->cpu2_ITLB TOTAL        ACCESS:   11948931 HIT:   11948555 MISS:        376 MSHR_MERGE:        171
cpu2->cpu2_ITLB LOAD         ACCESS:   11948931 HIT:   11948555 MISS:        376 MSHR_MERGE:        171
cpu2->cpu2_ITLB RFO          ACCESS:          0 HIT:          0 MISS:          0 MSHR_MERGE:          0
cpu2->cpu2_ITLB PREFETCH     ACCESS:          0 HIT:          0 MISS:          0 MSHR_MERGE:          0
cpu2->cpu2_ITLB WRITE        ACCESS:          0 HIT:          0 MISS:          0 MSHR_MERGE:          0
cpu2->cpu2_ITLB TRANSLATION  ACCESS:          0 HIT:          0 MISS:          0 MSHR_MERGE:          0
cpu2->cpu2_ITLB PREFETCH REQUESTED:          0 ISSUED:          0 USEFUL:          0 USELESS:          0
cpu2->cpu2_ITLB AVERAGE MISS LATENCY: 5 cycles
cpu2->cpu2_DTLB TOTAL        ACCESS:    9609263 HIT:    9567082 MISS:      42181 MSHR_MERGE:       5126
cpu2->cpu2_DTLB LOAD         ACCESS:    9609263 HIT:    9567082 MISS:      42181 MSHR_MERGE:       5126
cpu2->cpu2_DTLB RFO          ACCESS:          0 HIT:          0 MISS:          0 MSHR_MERGE:          0
cpu2->cpu2_DTLB PREFETCH     ACCESS:          0 HIT:          0 MISS:          0 MSHR_MERGE:          0
cpu2->cpu2_DTLB WRITE        ACCESS:          0 HIT:          0 MISS:          0 MSHR_MERGE:          0
cpu2->cpu2_DTLB TRANSLATION  ACCESS:          0 HIT:          0 MISS:          0 MSHR_MERGE:          0
cpu2->cpu2_DTLB PREFETCH REQUESTED:          0 ISSUED:          0 USEFUL:          0 USELESS:          0
cpu2->cpu2_DTLB AVERAGE MISS LATENCY: 5.082 cycles
cpu1->cpu1_STLB TOTAL        ACCESS:      38633 HIT:      38625 MISS:          8 MSHR_MERGE:          0
cpu1->cpu1_STLB LOAD         ACCESS:      38633 HIT:      38625 MISS:          8 MSHR_MERGE:          0
cpu1->cpu1_STLB RFO          ACCESS:          0 HIT:          0 MISS:          0 MSHR_MERGE:          0
cpu1->cpu1_STLB PREFETCH     ACCESS:          0 HIT:          0 MISS:          0 MSHR_MERGE:          0
cpu1->cpu1_STLB WRITE        ACCESS:          0 HIT:          0 MISS:          0 MSHR_MERGE:          0
cpu1->cpu1_STLB TRANSLATION  ACCESS:          0 HIT:          0 MISS:          0 MSHR_MERGE:          0
cpu1->cpu1_STLB PREFETCH REQUESTED:          0 ISSUED:          0 USEFUL:          0 USELESS:          0
cpu1->cpu1_STLB AVERAGE MISS LATENCY: 314.5 cycles
cpu1->cpu1_L2C TOTAL        ACCESS:    3163744 HIT:    1452645 MISS:    1711099 MSHR_MERGE:          0
cpu1->cpu1_L2C LOAD         ACCESS:    2316541 HIT:     864669 MISS:    1451872 MSHR_MERGE:          0
cpu1->cpu1_L2C RFO          ACCESS:     319141 HIT:      64272 MISS:     254869 MSHR_MERGE:          0
cpu1->cpu1_L2C PREFETCH     ACCESS:          0 HIT:          0 MISS:          0 MSHR_MERGE:          0
cpu1->cpu1_L2C WRITE        ACCESS:     528054 HIT:     523704 MISS:       4350 MSHR_MERGE:          0
cpu1->cpu1_L2C TRANSLATION  ACCESS:          8 HIT:          0 MISS:          8 MSHR_MERGE:          0
cpu1->cpu1_L2C PREFETCH REQUESTED:          0 ISSUED:          0 USEFUL:          0 USELESS:          0
cpu1->cpu1_L2C AVERAGE MISS LATENCY: 96.24 cycles
cpu1->cpu1_L1I TOTAL        ACCESS:   13562143 HIT:   10479586 MISS:    3082557 MSHR_MERGE:    1254426
cpu1->cpu1_L1I LOAD         ACCESS:   13562143 HIT:   10479586 MISS:    3082557 MSHR_MERGE:    1254426
cpu1->cpu1_L1I RFO          ACCESS:          0 HIT:          0 MISS:          0 MSHR_MERGE:          0
cpu1->cpu1_L1I PREFETCH     ACCESS:          0 HIT:          0 MISS:          0 MSHR_MERGE:          0
cpu1->cpu1_L1I WRITE        ACCESS:          0 HIT:          0 MISS:          0 MSHR_MERGE:          0
cpu1->cpu1_L1I TRANSLATION  ACCESS:          0 HIT:          0 MISS:          0 MSHR_MERGE:          0
cpu1->cpu1_L1I PREFETCH REQUESTED:          0 ISSUED:          0 USEFUL:          0 USELESS:          0
cpu1->cpu1_L1I AVERAGE MISS LATENCY: 58.1 cycles
cpu1->cpu1_L1D TOTAL        ACCESS:   10210309 HIT:    8543110 MISS:    1667199 MSHR_MERGE:     858262
cpu1->cpu1_L1D LOAD         ACCESS:    5527180 HIT:    5000918 MISS:     526262 MSHR_MERGE:      37840
cpu1->cpu1_L1D RFO          ACCESS:          0 HIT:          0 MISS:          0 MSHR_MERGE:          0
cpu1->cpu1_L1D PREFETCH     ACCESS:          0 HIT:          0 MISS:          0 MSHR_MERGE:          0
cpu1->cpu1_L1D WRITE        ACCESS:    4683121 HIT:    3542192 MISS:    1140929 MSHR_MERGE:     820422
cpu1->cpu1_L1D TRANSLATION  ACCESS:          8 HIT:          0 MISS:          8 MSHR_MERGE:          0
cpu1->cpu1_L1D PREFETCH REQUESTED:          0 ISSUED:          0 USEFUL:          0 USELESS:          0
cpu1->cpu1_L1D AVERAGE MISS LATENCY: 98.74 cycles
cpu1->cpu1_ITLB TOTAL        ACCESS:   12246319 HIT:   12245948 MISS:        371 MSHR_MERGE:        167
cpu1->cpu1_ITLB LOAD         ACCESS:   12246319 HIT:   12245948 MISS:        371 MSHR_MERGE:        167
cpu1->cpu1_ITLB RFO          ACCESS:          0 HIT:          0 MISS:          0 MSHR_MERGE:          0
cpu1->cpu1_ITLB PREFETCH     ACCESS:          0 HIT:          0 MISS:          0 MSHR_MERGE:          0
cpu1->cpu1_ITLB WRITE        ACCESS:          0 HIT:          0 MISS:          0 MSHR_MERGE:          0
cpu1->cpu1_ITLB TRANSLATION  ACCESS:          0 HIT:          0 MISS:          0 MSHR_MERGE:          0
cpu1->cpu1_ITLB PREFETCH REQUESTED:          0 ISSUED:          0 USEFUL:          0 USELESS:          0
cpu1->cpu1_ITLB AVERAGE MISS LATENCY: 5 cycles
cpu1->cpu1_DTLB TOTAL        ACCESS:    9813004 HIT:    9769217 MISS:      43787 MSHR_MERGE:       5358
cpu1->cpu1_DTLB LOAD         ACCESS:    9813004 HIT:    9769217 MISS:      43787 MSHR_MERGE:       5358
cpu1->cpu1_DTLB RFO          ACCESS:          0 HIT:          0 MISS:          0 MSHR_MERGE:          0
cpu1->cpu1_DTLB PREFETCH     ACCESS:          0 HIT:          0 MISS:          0 MSHR_MERGE:          0
cpu1->cpu1_DTLB WRITE        ACCESS:          0 HIT:          0 MISS:          0 MSHR_MERGE:          0
cpu1->cpu1_DTLB TRANSLATION  ACCESS:          0 HIT:          0 MISS:          0 MSHR_MERGE:          0
cpu1->cpu1_DTLB PREFETCH REQUESTED:          0 ISSUED:          0 USEFUL:          0 USELESS:          0
cpu1->cpu1_DTLB AVERAGE MISS LATENCY: 5.066 cycles
cpu0->cpu0_STLB TOTAL        ACCESS:      40061 HIT:      40053 MISS:          8 MSHR_MERGE:          0
cpu0->cpu0_STLB LOAD         ACCESS:      40061 HIT:      40053 MISS:          8 MSHR_MERGE:          0
cpu0->cpu0_STLB RFO          ACCESS:          0 HIT:          0 MISS:          0 MSHR_MERGE:          0
cpu0->cpu0_STLB PREFETCH     ACCESS:          0 HIT:          0 MISS:          0 MSHR_MERGE:          0
cpu0->cpu0_STLB WRITE        ACCESS:          0 HIT:          0 MISS:          0 MSHR_MERGE:          0
cpu0->cpu0_STLB TRANSLATION  ACCESS:          0 HIT:          0 MISS:          0 MSHR_MERGE:          0
cpu0->cpu0_STLB PREFETCH REQUESTED:          0 ISSUED:          0 USEFUL:          0 USELESS:          0
cpu0->cpu0_STLB AVERAGE MISS LATENCY: 532.9 cycles
cpu0->cpu0_L2C TOTAL        ACCESS:    3275003 HIT:    1509757 MISS:    1765246 MSHR_MERGE:          0
cpu0->cpu0_L2C LOAD         ACCESS:    2397139 HIT:     899321 MISS:    1497818 MSHR_MERGE:          0
cpu0->cpu0_L2C RFO          ACCESS:     330330 HIT:      67347 MISS:     262983 MSHR_MERGE:          0
cpu0->cpu0_L2C PREFETCH     ACCESS:          0 HIT:          0 MISS:          0 MSHR_MERGE:          0
cpu0->cpu0_L2C WRITE        ACCESS:     547526 HIT:     543089 MISS:       4437 MSHR_MERGE:          0
cpu0->cpu0_L2C TRANSLATION  ACCESS:          8 HIT:          0 MISS:          8 MSHR_MERGE:          0
cpu0->cpu0_L2C PREFETCH REQUESTED:          0 ISSUED:          0 USEFUL:          0 USELESS:          0
cpu0->cpu0_L2C AVERAGE MISS LATENCY: 91.15 cycles
cpu0->cpu0_L1I TOTAL        ACCESS:   13897582 HIT:   10680205 MISS:    3217377 MSHR_MERGE:    1325002
cpu0->cpu0_L1I LOAD         ACCESS:   13897582 HIT:   10680205 MISS:    3217377 MSHR_MERGE:    1325002
cpu0->cpu0_L1I RFO          ACCESS:          0 HIT:          0 MISS:          0 MSHR_MERGE:          0
cpu0->cpu0_L1I PREFETCH     ACCESS:          0 HIT:          0 MISS:          0 MSHR_MERGE:          0
cpu0->cpu0_L1I WRITE        ACCESS:          0 HIT:          0 MISS:          0 MSHR_MERGE:          0
cpu0->cpu0_L1I TRANSLATION  ACCESS:          0 HIT:          0 MISS:          0 MSHR_MERGE:          0
cpu0->cpu0_L1I PREFETCH REQUESTED:          0 ISSUED:          0 USEFUL:          0 USELESS:          0
cpu0->cpu0_L1I AVERAGE MISS LATENCY: 54.84 cycles
cpu0->cpu0_L1D TOTAL        ACCESS:   10434193 HIT:    8721341 MISS:    1712852 MSHR_MERGE:     876056
cpu0->cpu0_L1D LOAD         ACCESS:    5644890 HIT:    5101251 MISS:     543639 MSHR_MERGE:      38860
cpu0->cpu0_L1D RFO          ACCESS:          0 HIT:          0 MISS:          0 MSHR_MERGE:          0
cpu0->cpu0_L1D PREFETCH     ACCESS:          0 HIT:          0 MISS:          0 MSHR_MERGE:          0
cpu0->cpu0_L1D WRITE        ACCESS:    4789295 HIT:    3620090 MISS:    1169205 MSHR_MERGE:     837196
cpu0->cpu0_L1D TRANSLATION  ACCESS:          8 HIT:          0 MISS:          8 MSHR_MERGE:          0
cpu0->cpu0_L1D PREFETCH REQUESTED:          0 ISSUED:          0 USEFUL:          0 USELESS:          0
cpu0->cpu0_L1D AVERAGE MISS LATENCY: 94.75 cycles
cpu0->cpu0_ITLB TOTAL        ACCESS:   12560018 HIT:   12559622 MISS:        396 MSHR_MERGE:        183
cpu0->cpu0_ITLB LOAD         ACCESS:   12560018 HIT:   12559622 MISS:        396 MSHR_MERGE:        183
cpu0->cpu0_ITLB RFO          ACCESS:          0 HIT:          0 MISS:          0 MSHR_MERGE:          0
cpu0->cpu0_ITLB PREFETCH     ACCESS:          0 HIT:          0 MISS:          0 MSHR_MERGE:          0
cpu0->cpu0_ITLB WRITE        ACCESS:          0 HIT:          0 MISS:          0 MSHR_MERGE:          0
cpu0->cpu0_ITLB TRANSLATION  ACCESS:          0 HIT:          0 MISS:          0 MSHR_MERGE:          0
cpu0->cpu0_ITLB PREFETCH REQUESTED:          0 ISSUED:          0 USEFUL:          0 USELESS:          0
cpu0->cpu0_ITLB AVERAGE MISS LATENCY: 5 cycles
cpu0->cpu0_DTLB TOTAL        ACCESS:   10041838 HIT:    9996419 MISS:      45419 MSHR_MERGE:       5571
cpu0->cpu0_DTLB LOAD         ACCESS:   10041838 HIT:    9996419 MISS:      45419 MSHR_MERGE:       5571
cpu0->cpu0_DTLB RFO          ACCESS:          0 HIT:          0 MISS:          0 MSHR_MERGE:          0
cpu0->cpu0_DTLB PREFETCH     ACCESS:          0 HIT:          0 MISS:          0 MSHR_MERGE:          0
cpu0->cpu0_DTLB WRITE        ACCESS:          0 HIT:          0 MISS:          0 MSHR_MERGE:          0
cpu0->cpu0_DTLB TRANSLATION  ACCESS:          0 HIT:          0 MISS:          0 MSHR_MERGE:          0
cpu0->cpu0_DTLB PREFETCH REQUESTED:          0 ISSUED:          0 USEFUL:          0 USELESS:          0
cpu0->cpu0_DTLB AVERAGE MISS LATENCY: 5.107 cycles
cpu0->LLC TOTAL        ACCESS:    2201254 HIT:    1669436 MISS:     531818 MSHR_MERGE:          0
cpu0->LLC LOAD         ACCESS:    1497818 HIT:    1103826 MISS:     393992 MSHR_MERGE:          0
cpu0->LLC RFO          ACCESS:     262983 HIT:     142666 MISS:     120317 MSHR_MERGE:          0
cpu0->LLC PREFETCH     ACCESS:          0 HIT:          0 MISS:          0 MSHR_MERGE:          0
cpu0->LLC WRITE        ACCESS:     440445 HIT:     422944 MISS:      17501 MSHR_MERGE:          0
cpu0->LLC TRANSLATION  ACCESS:          8 HIT:          0 MISS:          8 MSHR_MERGE:          0
cpu0->LLC PREFETCH REQUESTED:          0 ISSUED:          0 USEFUL:          0 USELESS:          0
cpu0->LLC AVERAGE MISS LATENCY: 2208 cycles
cpu1->LLC TOTAL        ACCESS:    2132285 HIT:    1584850 MISS:     547435 MSHR_MERGE:          0
cpu1->LLC LOAD         ACCESS:    1451871 HIT:    1042865 MISS:     409006 MSHR_MERGE:          0
cpu1->LLC RFO          ACCESS:     254870 HIT:     134185 MISS:     120685 MSHR_MERGE:          0
cpu1->LLC PREFETCH     ACCESS:          0 HIT:          0 MISS:          0 MSHR_MERGE:          0
cpu1->LLC WRITE        ACCESS:     425536 HIT:     407796 MISS:      17740 MSHR_MERGE:          0
cpu1->LLC TRANSLATION  ACCESS:          8 HIT:          4 MISS:          4 MSHR_MERGE:          0
cpu1->LLC PREFETCH REQUESTED:          0 ISSUED:          0 USEFUL:          0 USELESS:          0
cpu1->LLC AVERAGE MISS LATENCY: 2145 cycles
cpu2->LLC TOTAL        ACCESS:    2052241 HIT:    1480200 MISS:     572041 MSHR_MERGE:          0
cpu2->LLC LOAD         ACCESS:    1397319 HIT:     966301 MISS:     431018 MSHR_MERGE:          0
cpu2->LLC RFO          ACCESS:     245728 HIT:     124046 MISS:     121682 MSHR_MERGE:          0
cpu2->LLC PREFETCH     ACCESS:          0 HIT:          0 MISS:          0 MSHR_MERGE:          0
cpu2->LLC WRITE        ACCESS:     409186 HIT:     389850 MISS:      19336 MSHR_MERGE:          0
cpu2->LLC TRANSLATION  ACCESS:          8 HIT:          3 MISS:          5 MSHR_MERGE:          0
cpu2->LLC PREFETCH REQUESTED:          0 ISSUED:          0 USEFUL:          0 USELESS:          0
cpu2->LLC AVERAGE MISS LATENCY: 2053 cycles
cpu3->LLC TOTAL        ACCESS:    1963880 HIT:    1361423 MISS:     602457 MSHR_MERGE:          0
cpu3->LLC LOAD         ACCESS:    1337762 HIT:     879777 MISS:     457985 MSHR_MERGE:          0
cpu3->LLC RFO          ACCESS:     235346 HIT:     112720 MISS:     122626 MSHR_MERGE:          0
cpu3->LLC PREFETCH     ACCESS:          0 HIT:          0 MISS:          0 MSHR_MERGE:          0
cpu3->LLC WRITE        ACCESS:     390764 HIT:     368921 MISS:      21843 MSHR_MERGE:          0
cpu3->LLC TRANSLATION  ACCESS:          8 HIT:          5 MISS:          3 MSHR_MERGE:          0
cpu3->LLC PREFETCH REQUESTED:          0 ISSUED:          0 USEFUL:          0 USELESS:          0
cpu3->LLC AVERAGE MISS LATENCY: 1949 cycles
cpu4->LLC TOTAL        ACCESS:    1940145 HIT:    1335311 MISS:     604834 MSHR_MERGE:          0
cpu4->LLC LOAD         ACCESS:    1321971 HIT:     861956 MISS:     460015 MSHR_MERGE:          0
cpu4->LLC RFO          ACCESS:     232554 HIT:     109941 MISS:     122613 MSHR_MERGE:          0
cpu4->LLC PREFETCH     ACCESS:          0 HIT:          0 MISS:          0 MSHR_MERGE:          0
cpu4->LLC WRITE        ACCESS:     385612 HIT:     363409 MISS:      22203 MSHR_MERGE:          0
cpu4->LLC TRANSLATION  ACCESS:          8 HIT:          5 MISS:          3 MSHR_MERGE:          0
cpu4->LLC PREFETCH REQUESTED:          0 ISSUED:          0 USEFUL:          0 USELESS:          0
cpu4->LLC AVERAGE MISS LATENCY: 1941 cycles
cpu5->LLC TOTAL        ACCESS:    1915482 HIT:    1314193 MISS:     601289 MSHR_MERGE:          0
cpu5->LLC LOAD         ACCESS:    1305633 HIT:     846256 MISS:     459377 MSHR_MERGE:          0
cpu5->LLC RFO          ACCESS:     229493 HIT:     107331 MISS:     122162 MSHR_MERGE:          0
cpu5->LLC PREFETCH     ACCESS:          0 HIT:          0 MISS:          0 MSHR_MERGE:          0
cpu5->LLC WRITE        ACCESS:     380349 HIT:     360599 MISS:      19750 MSHR_MERGE:          0
cpu5->LLC TRANSLATION  ACCESS:          7 HIT:          7 MISS:          0 MSHR_MERGE:          0
cpu5->LLC PREFETCH REQUESTED:          0 ISSUED:          0 USEFUL:          0 USELESS:          0
cpu5->LLC AVERAGE MISS LATENCY: 1953 cycles
cpu6->LLC TOTAL        ACCESS:    1925654 HIT:    1323226 MISS:     602428 MSHR_MERGE:          0
cpu6->LLC LOAD         ACCESS:    1312737 HIT:     853367 MISS:     459370 MSHR_MERGE:          0
cpu6->LLC RFO          ACCESS:     230615 HIT:     108294 MISS:     122321 MSHR_MERGE:          0
cpu6->LLC PREFETCH     ACCESS:          0 HIT:          0 MISS:          0 MSHR_MERGE:          0
cpu6->LLC WRITE        ACCESS:     382295 HIT:     361558 MISS:      20737 MSHR_MERGE:          0
cpu6->LLC TRANSLATION  ACCESS:          7 HIT:          7 MISS:          0 MSHR_MERGE:          0
cpu6->LLC PREFETCH REQUESTED:          0 ISSUED:          0 USEFUL:          0 USELESS:          0
cpu6->LLC AVERAGE MISS LATENCY: 1949 cycles
cpu7->LLC TOTAL        ACCESS:    1926620 HIT:    1327203 MISS:     599417 MSHR_MERGE:          0
cpu7->LLC LOAD         ACCESS:    1313369 HIT:     856257 MISS:     457112 MSHR_MERGE:          0
cpu7->LLC RFO          ACCESS:     230794 HIT:     108466 MISS:     122328 MSHR_MERGE:          0
cpu7->LLC PREFETCH     ACCESS:          0 HIT:          0 MISS:          0 MSHR_MERGE:          0
cpu7->LLC WRITE        ACCESS:     382450 HIT:     362475 MISS:      19975 MSHR_MERGE:          0
cpu7->LLC TRANSLATION  ACCESS:          7 HIT:          5 MISS:          2 MSHR_MERGE:          0
cpu7->LLC PREFETCH REQUESTED:          0 ISSUED:          0 USEFUL:          0 USELESS:          0
cpu7->LLC AVERAGE MISS LATENCY: 1959 cycles

DRAM Statistics

Channel 0 READ REQS:    2259889	WRITE REQS:     716492
  READS:    2258520	READ_HITS:     226399
  WRITES:     716481	WRITE HITS:      21869
  ACTIVATES:    2726735	PRECHARGES:    2726733
  RQ FULL:          0	WQ FULL:          0
  WRITE DRAINS:      26358	FORCED:      10495
  MEAN WRITE IMBALANCE: 1.8757492981258062
  READ OCCU PRE DRAIN: 3.6432202746794142	POST DRAIN: 9.520069808027923
  MEAN WLP: 17.148721450792927
  READ LATENCY: 62.74920788835166

Channel 1 READ REQS:    2242745	WRITE REQS:     707233
  READS:    2241480	READ_HITS:     233547
  WRITES:     707215	WRITE HITS:      22113
  ACTIVATES:    2693038	PRECHARGES:    2693035
  RQ FULL:        417	WQ FULL:          0
  WRITE DRAINS:      26748	FORCED:       9909
  MEAN WRITE IMBALANCE: 1.8466427396440854
  READ OCCU PRE DRAIN: 3.274562584118439	POST DRAIN: 8.944332286526095
  MEAN WLP: 16.705211604605953
  READ LATENCY: 61.53878508842372
WCACHE NON LRU EVICTS: 43359	TOTAL EVICTS: 6312142
