---------------------------------------
Begin Slurm Prolog: Apr-08-2025 22:49:06
Job ID:    3678329
User ID:   svittal8
Account:   gts-mqureshi4-rg
Job name:  wrap
Partition: cpu-small
QOS:       inferno
---------------------------------------
[VMEM] WARNING: physical memory size is smaller than virtual memory size.

*** ChampSim Multicore Out-of-Order Simulator ***
Warmup Instructions: 25000000
Simulation Instructions: 100000000
Number of CPUs: 8
Page size: 2097152

initializing BARD -- num sampled sets: 64, modulus = 256
CL :	 16.64 ns
CWL :	 15.808 ns
tRP :	 16.224 ns
tRCD :	 16.224 ns
tRAS :	 32.032000000000004 ns
tRTP :	 7.904 ns
tWR :	 30.368000000000002 ns

tCCD_S :	 3.3280000000000003 ns
tCCD_S_WR :	 3.3280000000000003 ns
tCCD_S_WTR :	 22.048000000000002 ns
tCCD_L :	 5.408 ns
tCCD_L_WR :	 20.384 ns
tCCD_L_WTR :	 29.536 ns
tRRD_S :	 3.3280000000000003 ns
tRRD_L :	 5.408 ns
tFAW :	 13.728 ns
Address mapping (perm = 1) 	ch co bg bg bg ba ba co co co co co co ro ro ro ro ro ro ro ro ro ro ro ro ro ro ro 
dram queue size: R = 64 W = 48 (low:high is 8:48)
num evicts: 0, p: 0, s: 0 	 max proactive lookup: 16, max shadow lookup: 16
	evict counters: 128 128 128 128 128 128 128 128 128 128 128 128 128 128 128 128
	eager counters: 128 128 128 128 128 128 128 128 128 128 128 128 128 128 128 128
num evicts: 100000, p: 0, s: 17230 	 max proactive lookup: 16, max shadow lookup: 16
	evict counters: 153 145 105 87 112 48 49 29 103 75 41 33 44 76 74 42
	eager counters: 142 136 134 120 137 135 120 117 116 100 100 130 116 130 129 128
num evicts: 200000, p: 0, s: 44447 	 max proactive lookup: 16, max shadow lookup: 16
	evict counters: 172 92 35 18 24 6 6 3 3 11 3 4 0 4 4 3
	eager counters: 149 142 146 101 139 138 99 81 119 102 102 101 90 115 129 131
num evicts: 300000, p: 0, s: 68476 	 max proactive lookup: 16, max shadow lookup: 16
	evict counters: 198 69 42 19 24 16 7 7 3 16 9 3 2 0 1 0
	eager counters: 168 157 157 117 151 148 97 91 128 108 108 104 83 119 132 131
Heartbeat CPU 0 instructions: 10000003 cycles: 2927256 heartbeat IPC: 3.416 cumulative IPC: 3.416 (Simulation time: 00 hr 06 min 33 sec)
Heartbeat CPU 1 instructions: 10000003 cycles: 2965132 heartbeat IPC: 3.373 cumulative IPC: 3.373 (Simulation time: 00 hr 06 min 38 sec)
Heartbeat CPU 2 instructions: 10000000 cycles: 2970456 heartbeat IPC: 3.366 cumulative IPC: 3.366 (Simulation time: 00 hr 06 min 39 sec)
Heartbeat CPU 3 instructions: 10000003 cycles: 2984747 heartbeat IPC: 3.35 cumulative IPC: 3.35 (Simulation time: 00 hr 06 min 41 sec)
Heartbeat CPU 4 instructions: 10000003 cycles: 2996277 heartbeat IPC: 3.337 cumulative IPC: 3.337 (Simulation time: 00 hr 06 min 42 sec)
Heartbeat CPU 6 instructions: 10000002 cycles: 2996931 heartbeat IPC: 3.337 cumulative IPC: 3.337 (Simulation time: 00 hr 06 min 42 sec)
Heartbeat CPU 5 instructions: 10000003 cycles: 3000976 heartbeat IPC: 3.332 cumulative IPC: 3.332 (Simulation time: 00 hr 06 min 43 sec)
Heartbeat CPU 7 instructions: 10000003 cycles: 3006443 heartbeat IPC: 3.326 cumulative IPC: 3.326 (Simulation time: 00 hr 06 min 44 sec)
num evicts: 400000, p: 0, s: 94247 	 max proactive lookup: 16, max shadow lookup: 16
	evict counters: 220 84 43 9 22 6 3 1 9 6 3 1 3 5 2 1
	eager counters: 187 167 178 89 140 123 73 52 134 102 99 85 75 123 132 132
num evicts: 500000, p: 0, s: 120699 	 max proactive lookup: 16, max shadow lookup: 16
	evict counters: 241 100 68 7 5 13 5 3 15 0 0 5 3 3 3 2
	eager counters: 195 176 149 75 117 114 32 31 124 31 68 75 68 123 121 133
num evicts: 600000, p: 0, s: 158339 	 max proactive lookup: 16, max shadow lookup: 16
	evict counters: 255 120 72 14 4 17 6 4 4 3 3 1 2 0 0 5
	eager counters: 207 187 160 65 60 105 30 27 126 28 45 59 55 95 40 72
Heartbeat CPU 0 instructions: 20000003 cycles: 5526133 heartbeat IPC: 3.848 cumulative IPC: 3.619 (Simulation time: 00 hr 12 min 17 sec)
Heartbeat CPU 1 instructions: 20000005 cycles: 5635757 heartbeat IPC: 3.744 cumulative IPC: 3.549 (Simulation time: 00 hr 12 min 31 sec)
Heartbeat CPU 2 instructions: 20000001 cycles: 5671946 heartbeat IPC: 3.702 cumulative IPC: 3.526 (Simulation time: 00 hr 12 min 36 sec)
num evicts: 700000, p: 0, s: 195070 	 max proactive lookup: 16, max shadow lookup: 16
	evict counters: 255 105 45 21 9 12 7 12 14 7 8 3 4 3 7 4
	eager counters: 226 202 177 64 58 75 32 34 138 28 40 50 49 97 39 56
Heartbeat CPU 3 instructions: 20000005 cycles: 5694715 heartbeat IPC: 3.69 cumulative IPC: 3.512 (Simulation time: 00 hr 12 min 39 sec)
Heartbeat CPU 4 instructions: 20000006 cycles: 5731921 heartbeat IPC: 3.655 cumulative IPC: 3.489 (Simulation time: 00 hr 12 min 44 sec)
Heartbeat CPU 5 instructions: 20000004 cycles: 5755770 heartbeat IPC: 3.63 cumulative IPC: 3.475 (Simulation time: 00 hr 12 min 47 sec)
Heartbeat CPU 6 instructions: 20000005 cycles: 5770248 heartbeat IPC: 3.606 cumulative IPC: 3.466 (Simulation time: 00 hr 12 min 49 sec)
Heartbeat CPU 7 instructions: 20000005 cycles: 5781116 heartbeat IPC: 3.604 cumulative IPC: 3.46 (Simulation time: 00 hr 12 min 50 sec)
num evicts: 800000, p: 0, s: 228245 	 max proactive lookup: 16, max shadow lookup: 16
	evict counters: 255 97 30 29 14 7 4 11 8 18 10 7 4 2 0 2
	eager counters: 244 213 186 67 52 73 24 29 142 35 41 45 53 87 36 57
num evicts: 900000, p: 0, s: 259073 	 max proactive lookup: 16, max shadow lookup: 16
	evict counters: 255 115 23 16 20 7 9 5 9 10 3 8 6 1 0 2
	eager counters: 255 226 199 71 57 38 28 32 116 37 42 45 50 92 35 58
Warmup finished CPU 0 instructions: 25000001 cycles: 6821743 cumulative IPC: 3.665 (Simulation time: 00 hr 15 min 10 sec)
Warmup finished CPU 1 instructions: 25000004 cycles: 6934444 cumulative IPC: 3.605 (Simulation time: 00 hr 15 min 25 sec)
Warmup finished CPU 2 instructions: 25000003 cycles: 6980004 cumulative IPC: 3.582 (Simulation time: 00 hr 15 min 30 sec)
Warmup finished CPU 3 instructions: 25000001 cycles: 7027924 cumulative IPC: 3.557 (Simulation time: 00 hr 15 min 37 sec)
Warmup finished CPU 4 instructions: 25000004 cycles: 7094028 cumulative IPC: 3.524 (Simulation time: 00 hr 15 min 46 sec)
Warmup finished CPU 5 instructions: 25000002 cycles: 7119254 cumulative IPC: 3.512 (Simulation time: 00 hr 15 min 49 sec)
Warmup finished CPU 6 instructions: 25000002 cycles: 7135294 cumulative IPC: 3.504 (Simulation time: 00 hr 15 min 51 sec)
Warmup finished CPU 7 instructions: 25000004 cycles: 7161333 cumulative IPC: 3.491 (Simulation time: 00 hr 15 min 55 sec)
Warmup complete CPU 7 instructions: 25000004 cycles: 7161333 cumulative IPC: 3.491 (Simulation time: 00 hr 15 min 55 sec)
Warmup complete CPU 6 instructions: 25104158 cycles: 7161333 cumulative IPC: 3.506 (Simulation time: 00 hr 15 min 55 sec)
Warmup complete CPU 5 instructions: 25168318 cycles: 7161333 cumulative IPC: 3.514 (Simulation time: 00 hr 15 min 55 sec)
Warmup complete CPU 4 instructions: 25269222 cycles: 7161333 cumulative IPC: 3.529 (Simulation time: 00 hr 15 min 55 sec)
Warmup complete CPU 3 instructions: 25533637 cycles: 7161333 cumulative IPC: 3.565 (Simulation time: 00 hr 15 min 55 sec)
Warmup complete CPU 2 instructions: 25723893 cycles: 7161333 cumulative IPC: 3.592 (Simulation time: 00 hr 15 min 55 sec)
Warmup complete CPU 1 instructions: 25901058 cycles: 7161333 cumulative IPC: 3.617 (Simulation time: 00 hr 15 min 55 sec)
Warmup complete CPU 0 instructions: 26337125 cycles: 7161333 cumulative IPC: 3.678 (Simulation time: 00 hr 15 min 55 sec)
num evicts: 1000000, p: 0, s: 294060 	 max proactive lookup: 16, max shadow lookup: 16
	evict counters: 255 108 12 9 3 3 5 0 3 3 4 3 1 1 0 0
	eager counters: 255 241 211 62 34 48 23 22 98 26 28 43 24 73 28 33
num evicts: 1100000, p: 0, s: 326593 	 max proactive lookup: 16, max shadow lookup: 16
	evict counters: 255 125 22 17 8 17 4 3 7 0 4 3 1 0 0 2
	eager counters: 255 250 201 73 31 50 24 27 70 17 32 37 17 58 26 31
num evicts: 1200000, p: 0, s: 359899 	 max proactive lookup: 16, max shadow lookup: 16
	evict counters: 255 158 39 4 7 7 6 10 3 5 7 1 6 4 1 2
	eager counters: 255 255 224 56 27 46 28 35 75 24 31 41 21 57 27 29
Heartbeat CPU 0 instructions: 30000007 cycles: 11798633 heartbeat IPC: 1.594 cumulative IPC: 0.7899 (Simulation time: 00 hr 21 min 56 sec)
Heartbeat CPU 1 instructions: 30000007 cycles: 11850680 heartbeat IPC: 1.609 cumulative IPC: 0.8741 (Simulation time: 00 hr 22 min 00 sec)
Heartbeat CPU 2 instructions: 30000002 cycles: 12045241 heartbeat IPC: 1.569 cumulative IPC: 0.8756 (Simulation time: 00 hr 22 min 14 sec)
Heartbeat CPU 7 instructions: 30000007 cycles: 12201514 heartbeat IPC: 1.558 cumulative IPC: 0.992 (Simulation time: 00 hr 22 min 25 sec)
Heartbeat CPU 3 instructions: 30000007 cycles: 12300321 heartbeat IPC: 1.514 cumulative IPC: 0.8691 (Simulation time: 00 hr 22 min 31 sec)
Heartbeat CPU 4 instructions: 30000007 cycles: 12360971 heartbeat IPC: 1.509 cumulative IPC: 0.9098 (Simulation time: 00 hr 22 min 35 sec)
Heartbeat CPU 5 instructions: 30000007 cycles: 12400744 heartbeat IPC: 1.505 cumulative IPC: 0.9222 (Simulation time: 00 hr 22 min 38 sec)
Heartbeat CPU 6 instructions: 30000007 cycles: 12433543 heartbeat IPC: 1.501 cumulative IPC: 0.9286 (Simulation time: 00 hr 22 min 40 sec)
num evicts: 1300000, p: 0, s: 387054 	 max proactive lookup: 16, max shadow lookup: 16
	evict counters: 255 102 45 9 8 5 3 2 0 5 2 1 2 2 3 2
	eager counters: 255 255 210 51 28 40 25 18 44 20 27 28 16 34 25 22
num evicts: 1400000, p: 0, s: 421220 	 max proactive lookup: 16, max shadow lookup: 16
	evict counters: 255 75 48 10 8 8 7 2 5 4 7 3 2 0 4 2
	eager counters: 255 255 189 37 26 43 26 19 37 18 27 18 19 25 22 24
num evicts: 1500000, p: 0, s: 451097 	 max proactive lookup: 16, max shadow lookup: 16
	evict counters: 255 45 23 10 7 9 3 3 0 2 4 2 0 2 0 4
	eager counters: 255 199 197 41 25 46 20 23 17 16 14 13 12 19 17 21
num evicts: 1600000, p: 0, s: 477628 	 max proactive lookup: 16, max shadow lookup: 16
	evict counters: 255 41 30 23 9 5 8 4 3 6 1 0 1 0 2 0
	eager counters: 255 192 185 50 26 39 21 19 18 17 13 12 12 16 12 17
Heartbeat CPU 7 instructions: 40000010 cycles: 20813271 heartbeat IPC: 1.161 cumulative IPC: 1.099 (Simulation time: 00 hr 34 min 16 sec)
Heartbeat CPU 4 instructions: 40000010 cycles: 20859381 heartbeat IPC: 1.177 cumulative IPC: 1.075 (Simulation time: 00 hr 34 min 21 sec)
Heartbeat CPU 0 instructions: 40000010 cycles: 20947871 heartbeat IPC: 1.093 cumulative IPC: 0.991 (Simulation time: 00 hr 34 min 31 sec)
Heartbeat CPU 1 instructions: 40000010 cycles: 20968047 heartbeat IPC: 1.097 cumulative IPC: 1.021 (Simulation time: 00 hr 34 min 34 sec)
Heartbeat CPU 3 instructions: 40000010 cycles: 21051740 heartbeat IPC: 1.143 cumulative IPC: 1.041 (Simulation time: 00 hr 34 min 44 sec)
Heartbeat CPU 5 instructions: 40000010 cycles: 21109739 heartbeat IPC: 1.148 cumulative IPC: 1.063 (Simulation time: 00 hr 34 min 51 sec)
Heartbeat CPU 6 instructions: 40000010 cycles: 21164953 heartbeat IPC: 1.145 cumulative IPC: 1.064 (Simulation time: 00 hr 34 min 57 sec)
Heartbeat CPU 2 instructions: 40000005 cycles: 21175964 heartbeat IPC: 1.095 cumulative IPC: 1.019 (Simulation time: 00 hr 34 min 58 sec)
num evicts: 1700000, p: 0, s: 511251 	 max proactive lookup: 16, max shadow lookup: 16
	evict counters: 255 33 34 23 8 19 4 4 8 5 8 0 3 2 3 3
	eager counters: 255 185 176 57 25 48 21 20 18 16 17 14 13 15 13 18
num evicts: 1800000, p: 0, s: 529477 	 max proactive lookup: 16, max shadow lookup: 16
	evict counters: 255 30 26 25 9 9 11 2 1 5 6 0 0 2 1 0
	eager counters: 255 174 162 62 33 53 18 17 18 19 20 13 16 15 13 19
num evicts: 1900000, p: 0, s: 557043 	 max proactive lookup: 16, max shadow lookup: 16
	evict counters: 255 33 13 17 5 6 13 3 4 1 5 1 0 0 2 1
	eager counters: 255 152 135 56 21 34 23 15 13 12 19 10 12 13 7 15
num evicts: 2000000, p: 0, s: 585342 	 max proactive lookup: 16, max shadow lookup: 16
	evict counters: 255 30 12 8 12 5 14 9 2 4 5 2 3 0 5 0
	eager counters: 255 171 99 43 33 39 31 22 14 18 26 10 13 17 11 17
Heartbeat CPU 7 instructions: 50000011 cycles: 31165282 heartbeat IPC: 0.966 cumulative IPC: 1.041 (Simulation time: 00 hr 47 min 54 sec)
Heartbeat CPU 4 instructions: 50000011 cycles: 31209279 heartbeat IPC: 0.9662 cumulative IPC: 1.028 (Simulation time: 00 hr 47 min 59 sec)
Heartbeat CPU 5 instructions: 50000011 cycles: 31253591 heartbeat IPC: 0.9858 cumulative IPC: 1.031 (Simulation time: 00 hr 48 min 03 sec)
Heartbeat CPU 1 instructions: 50000011 cycles: 31304293 heartbeat IPC: 0.9675 cumulative IPC: 0.9982 (Simulation time: 00 hr 48 min 08 sec)
Heartbeat CPU 6 instructions: 50000012 cycles: 31328358 heartbeat IPC: 0.9839 cumulative IPC: 1.03 (Simulation time: 00 hr 48 min 11 sec)
Heartbeat CPU 2 instructions: 50000006 cycles: 31347866 heartbeat IPC: 0.9831 cumulative IPC: 1.004 (Simulation time: 00 hr 48 min 13 sec)
Heartbeat CPU 0 instructions: 50000011 cycles: 31358886 heartbeat IPC: 0.9605 cumulative IPC: 0.9779 (Simulation time: 00 hr 48 min 14 sec)
Heartbeat CPU 3 instructions: 50000011 cycles: 31365244 heartbeat IPC: 0.9696 cumulative IPC: 1.011 (Simulation time: 00 hr 48 min 14 sec)
num evicts: 2100000, p: 0, s: 607844 	 max proactive lookup: 16, max shadow lookup: 16
	evict counters: 255 23 11 6 4 5 7 0 3 3 3 0 3 2 0 0
	eager counters: 255 114 55 20 19 14 26 7 8 12 12 7 8 14 7 14
num evicts: 2200000, p: 0, s: 629705 	 max proactive lookup: 16, max shadow lookup: 16
	evict counters: 255 26 17 7 17 12 6 6 1 8 9 0 7 3 1 3
	eager counters: 255 101 45 20 22 17 22 11 8 13 12 7 10 14 7 13
num evicts: 2300000, p: 0, s: 667634 	 max proactive lookup: 16, max shadow lookup: 16
	evict counters: 255 13 20 7 17 10 11 6 6 6 8 5 1 2 1 0
	eager counters: 255 99 46 21 23 17 32 14 12 15 16 7 7 11 8 13
num evicts: 2400000, p: 0, s: 697362 	 max proactive lookup: 16, max shadow lookup: 16
	evict counters: 255 15 5 6 5 0 1 2 1 2 1 0 0 3 4 0
	eager counters: 255 72 36 20 23 13 21 16 8 14 15 7 7 9 11 13
num evicts: 2500000, p: 0, s: 725038 	 max proactive lookup: 16, max shadow lookup: 16
	evict counters: 255 24 18 9 14 10 3 2 5 5 7 1 2 4 0 0
	eager counters: 255 70 41 21 20 18 26 14 13 20 18 7 10 10 12 13
Heartbeat CPU 7 instructions: 60000011 cycles: 40965038 heartbeat IPC: 1.02 cumulative IPC: 1.035 (Simulation time: 01 hr 01 min 01 sec)
Heartbeat CPU 0 instructions: 60000011 cycles: 41354105 heartbeat IPC: 1 cumulative IPC: 0.9845 (Simulation time: 01 hr 01 min 28 sec)
Heartbeat CPU 2 instructions: 60000007 cycles: 41405093 heartbeat IPC: 0.9943 cumulative IPC: 1.001 (Simulation time: 01 hr 01 min 32 sec)
Heartbeat CPU 5 instructions: 60000011 cycles: 41633379 heartbeat IPC: 0.9634 cumulative IPC: 1.01 (Simulation time: 01 hr 01 min 51 sec)
Heartbeat CPU 4 instructions: 60000011 cycles: 41760071 heartbeat IPC: 0.9478 cumulative IPC: 1.004 (Simulation time: 01 hr 02 min 01 sec)
Heartbeat CPU 6 instructions: 60000013 cycles: 41905051 heartbeat IPC: 0.9455 cumulative IPC: 1.004 (Simulation time: 01 hr 02 min 15 sec)
Heartbeat CPU 3 instructions: 60000011 cycles: 42034407 heartbeat IPC: 0.9373 cumulative IPC: 0.9883 (Simulation time: 01 hr 02 min 27 sec)
Heartbeat CPU 1 instructions: 60000011 cycles: 42155854 heartbeat IPC: 0.9215 cumulative IPC: 0.9744 (Simulation time: 01 hr 02 min 39 sec)
num evicts: 2600000, p: 0, s: 750399 	 max proactive lookup: 16, max shadow lookup: 16
	evict counters: 255 16 14 7 2 2 3 3 2 1 0 0 1 0 0 0
	eager counters: 255 64 53 19 19 14 18 14 12 17 17 7 8 10 13 11
num evicts: 2700000, p: 0, s: 782576 	 max proactive lookup: 16, max shadow lookup: 16
	evict counters: 255 31 32 11 10 11 12 7 4 1 6 0 0 1 1 2
	eager counters: 255 61 61 18 23 16 20 12 9 13 12 7 7 10 13 9
num evicts: 2800000, p: 0, s: 805676 	 max proactive lookup: 16, max shadow lookup: 16
	evict counters: 255 46 56 6 8 7 11 4 3 5 4 2 3 5 0 0
	eager counters: 255 69 78 23 31 24 24 16 14 20 18 9 9 12 14 10
num evicts: 2900000, p: 0, s: 827279 	 max proactive lookup: 16, max shadow lookup: 16
	evict counters: 255 46 36 9 6 3 6 3 1 13 3 2 3 1 3 2
	eager counters: 255 83 79 24 20 12 16 8 7 21 13 9 10 11 16 7
Heartbeat CPU 7 instructions: 70000012 cycles: 50640353 heartbeat IPC: 1.034 cumulative IPC: 1.035 (Simulation time: 01 hr 13 min 38 sec)
Heartbeat CPU 5 instructions: 70000012 cycles: 51082024 heartbeat IPC: 1.058 cumulative IPC: 1.021 (Simulation time: 01 hr 14 min 16 sec)
num evicts: 3000000, p: 0, s: 849829 	 max proactive lookup: 16, max shadow lookup: 16
	evict counters: 255 61 30 11 12 7 5 4 4 10 2 3 1 6 3 1
	eager counters: 255 100 90 23 22 16 17 10 10 22 11 8 8 11 14 7
Heartbeat CPU 0 instructions: 70000012 cycles: 51204007 heartbeat IPC: 1.015 cumulative IPC: 0.9914 (Simulation time: 01 hr 14 min 28 sec)
Heartbeat CPU 2 instructions: 70000007 cycles: 51248048 heartbeat IPC: 1.016 cumulative IPC: 1.004 (Simulation time: 01 hr 14 min 34 sec)
Heartbeat CPU 3 instructions: 70000012 cycles: 51456535 heartbeat IPC: 1.061 cumulative IPC: 1.004 (Simulation time: 01 hr 14 min 56 sec)
Heartbeat CPU 4 instructions: 70000012 cycles: 51507820 heartbeat IPC: 1.026 cumulative IPC: 1.009 (Simulation time: 01 hr 15 min 01 sec)
Heartbeat CPU 6 instructions: 70000017 cycles: 51583599 heartbeat IPC: 1.033 cumulative IPC: 1.011 (Simulation time: 01 hr 15 min 08 sec)
Heartbeat CPU 1 instructions: 70000012 cycles: 51662407 heartbeat IPC: 1.052 cumulative IPC: 0.991 (Simulation time: 01 hr 15 min 16 sec)
num evicts: 3100000, p: 0, s: 889660 	 max proactive lookup: 16, max shadow lookup: 16
	evict counters: 255 77 32 10 6 4 3 3 1 8 1 1 0 3 0 0
	eager counters: 255 109 81 23 21 13 15 9 7 28 14 7 7 10 13 8
num evicts: 3200000, p: 0, s: 923996 	 max proactive lookup: 16, max shadow lookup: 16
	evict counters: 255 40 26 11 4 2 5 4 4 3 0 2 0 0 0 0
	eager counters: 255 107 76 23 22 14 17 12 11 19 10 8 7 8 14 8
num evicts: 3300000, p: 0, s: 951418 	 max proactive lookup: 16, max shadow lookup: 16
	evict counters: 255 36 21 6 7 6 2 1 2 2 3 3 0 4 9 5
	eager counters: 255 96 60 26 22 14 12 8 13 17 11 12 7 8 16 9
num evicts: 3400000, p: 0, s: 980972 	 max proactive lookup: 16, max shadow lookup: 16
	evict counters: 255 54 26 10 22 3 10 7 3 4 2 9 1 0 3 5
	eager counters: 255 106 64 28 27 14 21 16 15 18 9 10 10 9 18 9
Heartbeat CPU 7 instructions: 80000013 cycles: 60761711 heartbeat IPC: 0.988 cumulative IPC: 1.026 (Simulation time: 01 hr 27 min 13 sec)
Heartbeat CPU 3 instructions: 80000013 cycles: 60764060 heartbeat IPC: 1.074 cumulative IPC: 1.016 (Simulation time: 01 hr 27 min 14 sec)
Heartbeat CPU 0 instructions: 80000013 cycles: 60776650 heartbeat IPC: 1.045 cumulative IPC: 1.001 (Simulation time: 01 hr 27 min 15 sec)
Heartbeat CPU 5 instructions: 80000013 cycles: 60941072 heartbeat IPC: 1.014 cumulative IPC: 1.02 (Simulation time: 01 hr 27 min 33 sec)
Heartbeat CPU 6 instructions: 80000018 cycles: 60951395 heartbeat IPC: 1.067 cumulative IPC: 1.021 (Simulation time: 01 hr 27 min 34 sec)
Heartbeat CPU 2 instructions: 80000008 cycles: 61341022 heartbeat IPC: 0.9908 cumulative IPC: 1.002 (Simulation time: 01 hr 28 min 13 sec)
Heartbeat CPU 4 instructions: 80000013 cycles: 61535742 heartbeat IPC: 0.9972 cumulative IPC: 1.007 (Simulation time: 01 hr 28 min 34 sec)
Heartbeat CPU 1 instructions: 80000013 cycles: 61580085 heartbeat IPC: 1.008 cumulative IPC: 0.9941 (Simulation time: 01 hr 28 min 39 sec)
num evicts: 3500000, p: 0, s: 1018212 	 max proactive lookup: 16, max shadow lookup: 16
	evict counters: 255 20 20 0 3 1 3 1 2 5 3 1 4 1 0 0
	eager counters: 255 82 56 13 20 8 14 7 8 13 8 8 9 7 12 8
num evicts: 3600000, p: 0, s: 1051913 	 max proactive lookup: 16, max shadow lookup: 16
	evict counters: 255 40 47 11 10 14 12 6 8 6 6 5 4 9 1 3
	eager counters: 255 96 71 16 23 18 22 17 10 15 11 10 11 8 13 7
num evicts: 3700000, p: 0, s: 1082149 	 max proactive lookup: 16, max shadow lookup: 16
	evict counters: 255 13 34 7 9 1 4 0 1 0 0 0 0 3 0 0
	eager counters: 255 71 60 19 34 19 26 8 8 10 7 8 11 11 13 9
num evicts: 3800000, p: 0, s: 1105552 	 max proactive lookup: 16, max shadow lookup: 16
	evict counters: 255 30 12 12 10 6 5 3 4 3 6 2 1 0 0 4
	eager counters: 255 85 57 18 43 23 23 9 12 9 9 8 11 11 9 11
Heartbeat CPU 7 instructions: 90000013 cycles: 70027821 heartbeat IPC: 1.079 cumulative IPC: 1.034 (Simulation time: 01 hr 39 min 57 sec)
Heartbeat CPU 0 instructions: 90000013 cycles: 70041404 heartbeat IPC: 1.079 cumulative IPC: 1.012 (Simulation time: 01 hr 39 min 59 sec)
Heartbeat CPU 3 instructions: 90000013 cycles: 70207603 heartbeat IPC: 1.059 cumulative IPC: 1.023 (Simulation time: 01 hr 40 min 13 sec)
Heartbeat CPU 5 instructions: 90000013 cycles: 70221988 heartbeat IPC: 1.077 cumulative IPC: 1.028 (Simulation time: 01 hr 40 min 15 sec)
Heartbeat CPU 6 instructions: 90000019 cycles: 70232582 heartbeat IPC: 1.077 cumulative IPC: 1.029 (Simulation time: 01 hr 40 min 15 sec)
Heartbeat CPU 2 instructions: 90000008 cycles: 70507062 heartbeat IPC: 1.091 cumulative IPC: 1.015 (Simulation time: 01 hr 40 min 40 sec)
Heartbeat CPU 1 instructions: 90000013 cycles: 70832298 heartbeat IPC: 1.081 cumulative IPC: 1.007 (Simulation time: 01 hr 41 min 06 sec)
Heartbeat CPU 4 instructions: 90000013 cycles: 70850406 heartbeat IPC: 1.074 cumulative IPC: 1.016 (Simulation time: 01 hr 41 min 07 sec)
num evicts: 3900000, p: 0, s: 1137393 	 max proactive lookup: 16, max shadow lookup: 16
	evict counters: 255 42 27 22 9 13 8 4 6 4 5 2 1 0 1 0
	eager counters: 255 78 52 27 37 26 23 13 16 12 15 12 12 11 8 10
num evicts: 4000000, p: 0, s: 1171625 	 max proactive lookup: 16, max shadow lookup: 16
	evict counters: 255 34 11 17 8 3 5 2 4 2 1 3 1 0 1 0
	eager counters: 255 82 34 39 38 24 17 11 17 14 12 9 12 11 7 10
num evicts: 4100000, p: 0, s: 1200993 	 max proactive lookup: 16, max shadow lookup: 16
	evict counters: 255 29 11 11 8 7 0 7 2 2 3 1 2 1 6 3
	eager counters: 255 78 45 32 45 18 12 15 11 10 15 8 10 13 9 11
num evicts: 4200000, p: 0, s: 1229210 	 max proactive lookup: 16, max shadow lookup: 16
	evict counters: 255 11 10 21 4 2 5 1 0 2 8 1 0 2 2 0
	eager counters: 255 74 40 48 45 13 21 13 13 14 18 8 8 14 10 12
Heartbeat CPU 7 instructions: 100000013 cycles: 79140674 heartbeat IPC: 1.097 cumulative IPC: 1.042 (Simulation time: 01 hr 52 min 18 sec)
Heartbeat CPU 0 instructions: 100000013 cycles: 79212467 heartbeat IPC: 1.09 cumulative IPC: 1.022 (Simulation time: 01 hr 52 min 26 sec)
Heartbeat CPU 5 instructions: 100000013 cycles: 79241496 heartbeat IPC: 1.109 cumulative IPC: 1.038 (Simulation time: 01 hr 52 min 29 sec)
Heartbeat CPU 3 instructions: 100000013 cycles: 79248931 heartbeat IPC: 1.106 cumulative IPC: 1.033 (Simulation time: 01 hr 52 min 30 sec)
Heartbeat CPU 6 instructions: 100000021 cycles: 79314488 heartbeat IPC: 1.101 cumulative IPC: 1.038 (Simulation time: 01 hr 52 min 37 sec)
num evicts: 4300000, p: 0, s: 1269032 	 max proactive lookup: 16, max shadow lookup: 16
	evict counters: 255 12 24 17 14 12 3 2 5 0 3 1 0 1 1 1
	eager counters: 255 47 51 49 36 17 9 7 15 9 13 9 7 13 11 12
Heartbeat CPU 2 instructions: 100000008 cycles: 80272405 heartbeat IPC: 1.024 cumulative IPC: 1.016 (Simulation time: 01 hr 53 min 48 sec)
Heartbeat CPU 4 instructions: 100000013 cycles: 80700712 heartbeat IPC: 1.015 cumulative IPC: 1.016 (Simulation time: 01 hr 54 min 18 sec)
Heartbeat CPU 1 instructions: 100000013 cycles: 80889318 heartbeat IPC: 0.9943 cumulative IPC: 1.005 (Simulation time: 01 hr 54 min 31 sec)
num evicts: 4400000, p: 0, s: 1301195 	 max proactive lookup: 16, max shadow lookup: 16
	evict counters: 255 40 51 26 12 7 7 10 13 2 8 4 2 0 1 5
	eager counters: 255 65 75 66 42 23 20 23 24 16 19 12 8 16 12 14
num evicts: 4500000, p: 0, s: 1337063 	 max proactive lookup: 16, max shadow lookup: 16
	evict counters: 255 19 30 49 3 7 1 3 4 0 2 0 0 3 3 0
	eager counters: 255 52 79 85 30 29 12 17 24 9 15 8 7 12 13 13
num evicts: 4600000, p: 0, s: 1369536 	 max proactive lookup: 16, max shadow lookup: 16
	evict counters: 255 24 38 23 7 6 2 2 4 2 2 6 0 5 4 3
	eager counters: 255 59 77 84 23 21 11 12 14 9 7 9 8 11 15 14
num evicts: 4700000, p: 0, s: 1415572 	 max proactive lookup: 16, max shadow lookup: 16
	evict counters: 255 34 49 16 15 5 5 4 4 6 2 2 0 3 1 3
	eager counters: 255 57 94 69 36 17 10 12 10 8 11 10 7 13 13 14
Heartbeat CPU 7 instructions: 110000013 cycles: 88929845 heartbeat IPC: 1.022 cumulative IPC: 1.04 (Simulation time: 02 hr 05 min 33 sec)
Heartbeat CPU 0 instructions: 110000013 cycles: 89032417 heartbeat IPC: 1.018 cumulative IPC: 1.022 (Simulation time: 02 hr 05 min 43 sec)
Heartbeat CPU 3 instructions: 110000013 cycles: 89050919 heartbeat IPC: 1.02 cumulative IPC: 1.031 (Simulation time: 02 hr 05 min 44 sec)
Heartbeat CPU 5 instructions: 110000013 cycles: 89323083 heartbeat IPC: 0.9919 cumulative IPC: 1.032 (Simulation time: 02 hr 06 min 09 sec)
Heartbeat CPU 6 instructions: 110000022 cycles: 89580518 heartbeat IPC: 0.9741 cumulative IPC: 1.03 (Simulation time: 02 hr 06 min 32 sec)
Heartbeat CPU 2 instructions: 110000008 cycles: 90493918 heartbeat IPC: 0.9783 cumulative IPC: 1.011 (Simulation time: 02 hr 07 min 41 sec)
num evicts: 4800000, p: 0, s: 1458505 	 max proactive lookup: 16, max shadow lookup: 16
	evict counters: 255 27 46 22 12 12 0 7 5 4 3 1 2 0 0 0
	eager counters: 255 65 99 72 28 27 7 13 16 10 8 9 11 12 13 13
Heartbeat CPU 1 instructions: 110000013 cycles: 91023422 heartbeat IPC: 0.9868 cumulative IPC: 1.003 (Simulation time: 02 hr 08 min 21 sec)
Heartbeat CPU 4 instructions: 110000013 cycles: 91042682 heartbeat IPC: 0.9669 cumulative IPC: 1.01 (Simulation time: 02 hr 08 min 22 sec)
num evicts: 4900000, p: 0, s: 1497647 	 max proactive lookup: 16, max shadow lookup: 16
	evict counters: 255 23 31 34 9 24 9 9 7 3 2 1 1 4 6 7
	eager counters: 255 51 118 80 28 28 11 16 19 12 11 13 15 16 17 15
num evicts: 5000000, p: 0, s: 1532143 	 max proactive lookup: 16, max shadow lookup: 16
	evict counters: 255 22 16 15 12 6 10 8 3 1 1 2 1 1 2 0
	eager counters: 255 63 132 92 40 34 21 25 19 18 9 13 14 15 17 14
num evicts: 5100000, p: 0, s: 1568933 	 max proactive lookup: 16, max shadow lookup: 16
	evict counters: 255 22 13 15 12 10 5 1 3 2 1 1 0 6 4 4
	eager counters: 255 68 112 91 35 32 20 16 18 13 9 13 10 17 16 19
num evicts: 5200000, p: 0, s: 1600949 	 max proactive lookup: 16, max shadow lookup: 16
	evict counters: 255 40 11 29 23 9 11 3 8 3 4 4 1 4 2 10
	eager counters: 255 81 86 87 41 29 19 9 17 16 11 15 10 18 16 20
Heartbeat CPU 7 instructions: 120000016 cycles: 100200399 heartbeat IPC: 0.8873 cumulative IPC: 1.021 (Simulation time: 02 hr 20 min 01 sec)
Heartbeat CPU 3 instructions: 120000016 cycles: 100417402 heartbeat IPC: 0.8798 cumulative IPC: 1.013 (Simulation time: 02 hr 20 min 19 sec)
Heartbeat CPU 0 instructions: 120000016 cycles: 100444283 heartbeat IPC: 0.8763 cumulative IPC: 1.004 (Simulation time: 02 hr 20 min 21 sec)
Heartbeat CPU 5 instructions: 120000016 cycles: 100750455 heartbeat IPC: 0.8751 cumulative IPC: 1.013 (Simulation time: 02 hr 20 min 46 sec)
Heartbeat CPU 6 instructions: 120000026 cycles: 101204493 heartbeat IPC: 0.8603 cumulative IPC: 1.009 (Simulation time: 02 hr 21 min 21 sec)
num evicts: 5300000, p: 0, s: 1640531 	 max proactive lookup: 16, max shadow lookup: 16
	evict counters: 255 40 31 18 7 23 6 6 4 5 4 4 0 4 0 0
	eager counters: 255 97 100 86 36 39 19 21 18 18 14 21 9 24 21 20
Heartbeat CPU 2 instructions: 120000011 cycles: 101685760 heartbeat IPC: 0.8935 cumulative IPC: 0.9974 (Simulation time: 02 hr 21 min 56 sec)
Heartbeat CPU 1 instructions: 120000016 cycles: 101904271 heartbeat IPC: 0.919 cumulative IPC: 0.9932 (Simulation time: 02 hr 22 min 15 sec)
Heartbeat CPU 4 instructions: 120000016 cycles: 102008704 heartbeat IPC: 0.9119 cumulative IPC: 0.9988 (Simulation time: 02 hr 22 min 24 sec)
num evicts: 5400000, p: 0, s: 1676876 	 max proactive lookup: 16, max shadow lookup: 16
	evict counters: 255 61 16 12 12 16 10 5 8 3 7 2 0 0 0 1
	eager counters: 255 89 109 77 41 48 27 16 20 16 17 17 11 22 20 21
Simulation finished CPU 7 instructions: 100000001 cycles: 97558721 cumulative IPC: 1.025 (Simulation time: 02 hr 26 min 05 sec)
Simulation finished CPU 5 instructions: 100000002 cycles: 98164187 cumulative IPC: 1.019 (Simulation time: 02 hr 26 min 56 sec)
Simulation finished CPU 3 instructions: 100000001 cycles: 98455669 cumulative IPC: 1.016 (Simulation time: 02 hr 27 min 20 sec)
Simulation finished CPU 6 instructions: 100000001 cycles: 98625197 cumulative IPC: 1.014 (Simulation time: 02 hr 27 min 38 sec)
num evicts: 5500000, p: 0, s: 1706871 	 max proactive lookup: 16, max shadow lookup: 16
	evict counters: 255 61 10 15 12 3 9 3 1 1 5 0 2 0 1 0
	eager counters: 255 99 103 76 39 42 29 14 14 11 20 7 9 19 15 19
Simulation finished CPU 0 instructions: 100000000 cycles: 99006131 cumulative IPC: 1.01 (Simulation time: 02 hr 28 min 15 sec)
Simulation finished CPU 4 instructions: 100000000 cycles: 99078194 cumulative IPC: 1.009 (Simulation time: 02 hr 28 min 22 sec)
Simulation finished CPU 2 instructions: 100000000 cycles: 99547778 cumulative IPC: 1.005 (Simulation time: 02 hr 29 min 00 sec)
Simulation finished CPU 1 instructions: 100000002 cycles: 99576264 cumulative IPC: 1.004 (Simulation time: 02 hr 29 min 03 sec)
Simulation complete CPU 7 instructions: 102609497 cycles: 99576264 cumulative IPC: 1.03 (Simulation time: 02 hr 29 min 03 sec)
Simulation complete CPU 6 instructions: 101150059 cycles: 99576264 cumulative IPC: 1.016 (Simulation time: 02 hr 29 min 03 sec)
Simulation complete CPU 5 instructions: 101770517 cycles: 99576264 cumulative IPC: 1.022 (Simulation time: 02 hr 29 min 03 sec)
Simulation complete CPU 4 instructions: 100383925 cycles: 99576264 cumulative IPC: 1.008 (Simulation time: 02 hr 29 min 03 sec)
Simulation complete CPU 3 instructions: 101686615 cycles: 99576264 cumulative IPC: 1.021 (Simulation time: 02 hr 29 min 03 sec)
Simulation complete CPU 2 instructions: 100045603 cycles: 99576264 cumulative IPC: 1.005 (Simulation time: 02 hr 29 min 03 sec)
Simulation complete CPU 1 instructions: 100000002 cycles: 99576264 cumulative IPC: 1.004 (Simulation time: 02 hr 29 min 03 sec)
Simulation complete CPU 0 instructions: 100808925 cycles: 99576264 cumulative IPC: 1.012 (Simulation time: 02 hr 29 min 03 sec)

ChampSim completed all CPUs

=== Simulation ===
CPU 0 runs TRACES/ctf/spec2017/627.cam4_s-490B.champsimtrace.xz
CPU 1 runs TRACES/ctf/spec2017/627.cam4_s-490B.champsimtrace.xz
CPU 2 runs TRACES/ctf/spec2017/627.cam4_s-490B.champsimtrace.xz
CPU 3 runs TRACES/ctf/spec2017/627.cam4_s-490B.champsimtrace.xz
CPU 4 runs TRACES/ctf/spec2017/627.cam4_s-490B.champsimtrace.xz
CPU 5 runs TRACES/ctf/spec2017/627.cam4_s-490B.champsimtrace.xz
CPU 6 runs TRACES/ctf/spec2017/627.cam4_s-490B.champsimtrace.xz
CPU 7 runs TRACES/ctf/spec2017/627.cam4_s-490B.champsimtrace.xz

Total Simulation Statistics (not including warmup)

CPU 7 cumulative IPC: 1.03 instructions: 102609497 cycles: 99576264
CPU 7 Branch Prediction Accuracy: 100% MPKI: 0 Average ROB Occupancy at Mispredict: -
Branch type MPKI
BRANCH_DIRECT_JUMP: 0
BRANCH_INDIRECT: 0
BRANCH_CONDITIONAL: 0
BRANCH_DIRECT_CALL: 0
BRANCH_INDIRECT_CALL: 0
BRANCH_RETURN: 0


CPU 6 cumulative IPC: 1.016 instructions: 101150059 cycles: 99576264
CPU 6 Branch Prediction Accuracy: 100% MPKI: 0 Average ROB Occupancy at Mispredict: -
Branch type MPKI
BRANCH_DIRECT_JUMP: 0
BRANCH_INDIRECT: 0
BRANCH_CONDITIONAL: 0
BRANCH_DIRECT_CALL: 0
BRANCH_INDIRECT_CALL: 0
BRANCH_RETURN: 0


CPU 5 cumulative IPC: 1.022 instructions: 101770517 cycles: 99576264
CPU 5 Branch Prediction Accuracy: 100% MPKI: 0 Average ROB Occupancy at Mispredict: -
Branch type MPKI
BRANCH_DIRECT_JUMP: 0
BRANCH_INDIRECT: 0
BRANCH_CONDITIONAL: 0
BRANCH_DIRECT_CALL: 0
BRANCH_INDIRECT_CALL: 0
BRANCH_RETURN: 0


CPU 4 cumulative IPC: 1.008 instructions: 100383925 cycles: 99576264
CPU 4 Branch Prediction Accuracy: 100% MPKI: 0 Average ROB Occupancy at Mispredict: -
Branch type MPKI
BRANCH_DIRECT_JUMP: 0
BRANCH_INDIRECT: 0
BRANCH_CONDITIONAL: 0
BRANCH_DIRECT_CALL: 0
BRANCH_INDIRECT_CALL: 0
BRANCH_RETURN: 0


CPU 3 cumulative IPC: 1.021 instructions: 101686615 cycles: 99576264
CPU 3 Branch Prediction Accuracy: 100% MPKI: 0 Average ROB Occupancy at Mispredict: -
Branch type MPKI
BRANCH_DIRECT_JUMP: 0
BRANCH_INDIRECT: 0
BRANCH_CONDITIONAL: 0
BRANCH_DIRECT_CALL: 0
BRANCH_INDIRECT_CALL: 0
BRANCH_RETURN: 0


CPU 2 cumulative IPC: 1.005 instructions: 100045603 cycles: 99576264
CPU 2 Branch Prediction Accuracy: 100% MPKI: 0 Average ROB Occupancy at Mispredict: -
Branch type MPKI
BRANCH_DIRECT_JUMP: 0
BRANCH_INDIRECT: 0
BRANCH_CONDITIONAL: 0
BRANCH_DIRECT_CALL: 0
BRANCH_INDIRECT_CALL: 0
BRANCH_RETURN: 0


CPU 1 cumulative IPC: 1.004 instructions: 100000002 cycles: 99576264
CPU 1 Branch Prediction Accuracy: 100% MPKI: 0 Average ROB Occupancy at Mispredict: -
Branch type MPKI
BRANCH_DIRECT_JUMP: 0
BRANCH_INDIRECT: 0
BRANCH_CONDITIONAL: 0
BRANCH_DIRECT_CALL: 0
BRANCH_INDIRECT_CALL: 0
BRANCH_RETURN: 0


CPU 0 cumulative IPC: 1.012 instructions: 100808925 cycles: 99576264
CPU 0 Branch Prediction Accuracy: 100% MPKI: 0 Average ROB Occupancy at Mispredict: -
Branch type MPKI
BRANCH_DIRECT_JUMP: 0
BRANCH_INDIRECT: 0
BRANCH_CONDITIONAL: 0
BRANCH_DIRECT_CALL: 0
BRANCH_INDIRECT_CALL: 0
BRANCH_RETURN: 0

cpu7->cpu7_STLB TOTAL        ACCESS:          2 HIT:          0 MISS:          2 MSHR_MERGE:          0
cpu7->cpu7_STLB LOAD         ACCESS:          2 HIT:          0 MISS:          2 MSHR_MERGE:          0
cpu7->cpu7_STLB RFO          ACCESS:          0 HIT:          0 MISS:          0 MSHR_MERGE:          0
cpu7->cpu7_STLB PREFETCH     ACCESS:          0 HIT:          0 MISS:          0 MSHR_MERGE:          0
cpu7->cpu7_STLB WRITE        ACCESS:          0 HIT:          0 MISS:          0 MSHR_MERGE:          0
cpu7->cpu7_STLB TRANSLATION  ACCESS:          0 HIT:          0 MISS:          0 MSHR_MERGE:          0
cpu7->cpu7_STLB PREFETCH REQUESTED:          0 ISSUED:          0 USEFUL:          0 USELESS:          0
cpu7->cpu7_STLB AVERAGE MISS LATENCY: 896.5 cycles
cpu7->cpu7_L2C TOTAL        ACCESS:    2666801 HIT:    1536313 MISS:    1130488 MSHR_MERGE:          0
cpu7->cpu7_L2C LOAD         ACCESS:    1303986 HIT:     706322 MISS:     597664 MSHR_MERGE:          0
cpu7->cpu7_L2C RFO          ACCESS:     564453 HIT:      31907 MISS:     532546 MSHR_MERGE:          0
cpu7->cpu7_L2C PREFETCH     ACCESS:          0 HIT:          0 MISS:          0 MSHR_MERGE:          0
cpu7->cpu7_L2C WRITE        ACCESS:     798360 HIT:     798084 MISS:        276 MSHR_MERGE:          0
cpu7->cpu7_L2C TRANSLATION  ACCESS:          2 HIT:          0 MISS:          2 MSHR_MERGE:          0
cpu7->cpu7_L2C PREFETCH REQUESTED:          0 ISSUED:          0 USEFUL:          0 USELESS:          0
cpu7->cpu7_L2C AVERAGE MISS LATENCY: 200.4 cycles
cpu7->cpu7_L1I TOTAL        ACCESS:   19551672 HIT:   19544515 MISS:       7157 MSHR_MERGE:       4855
cpu7->cpu7_L1I LOAD         ACCESS:   19551672 HIT:   19544515 MISS:       7157 MSHR_MERGE:       4855
cpu7->cpu7_L1I RFO          ACCESS:          0 HIT:          0 MISS:          0 MSHR_MERGE:          0
cpu7->cpu7_L1I PREFETCH     ACCESS:          0 HIT:          0 MISS:          0 MSHR_MERGE:          0
cpu7->cpu7_L1I WRITE        ACCESS:          0 HIT:          0 MISS:          0 MSHR_MERGE:          0
cpu7->cpu7_L1I TRANSLATION  ACCESS:          0 HIT:          0 MISS:          0 MSHR_MERGE:          0
cpu7->cpu7_L1I PREFETCH REQUESTED:          0 ISSUED:          0 USEFUL:          0 USELESS:          0
cpu7->cpu7_L1I AVERAGE MISS LATENCY: 411.8 cycles
cpu7->cpu7_L1D TOTAL        ACCESS:   20569854 HIT:   14903540 MISS:    5666314 MSHR_MERGE:    3800175
cpu7->cpu7_L1D LOAD         ACCESS:   13765393 HIT:   10791515 MISS:    2973878 MSHR_MERGE:    1672194
cpu7->cpu7_L1D RFO          ACCESS:          0 HIT:          0 MISS:          0 MSHR_MERGE:          0
cpu7->cpu7_L1D PREFETCH     ACCESS:          0 HIT:          0 MISS:          0 MSHR_MERGE:          0
cpu7->cpu7_L1D WRITE        ACCESS:    6804459 HIT:    4112025 MISS:    2692434 MSHR_MERGE:    2127981
cpu7->cpu7_L1D TRANSLATION  ACCESS:          2 HIT:          0 MISS:          2 MSHR_MERGE:          0
cpu7->cpu7_L1D PREFETCH REQUESTED:          0 ISSUED:          0 USEFUL:          0 USELESS:          0
cpu7->cpu7_L1D AVERAGE MISS LATENCY: 129.6 cycles
cpu7->cpu7_ITLB TOTAL        ACCESS:   17184557 HIT:   17184557 MISS:          0 MSHR_MERGE:          0
cpu7->cpu7_ITLB LOAD         ACCESS:   17184557 HIT:   17184557 MISS:          0 MSHR_MERGE:          0
cpu7->cpu7_ITLB RFO          ACCESS:          0 HIT:          0 MISS:          0 MSHR_MERGE:          0
cpu7->cpu7_ITLB PREFETCH     ACCESS:          0 HIT:          0 MISS:          0 MSHR_MERGE:          0
cpu7->cpu7_ITLB WRITE        ACCESS:          0 HIT:          0 MISS:          0 MSHR_MERGE:          0
cpu7->cpu7_ITLB TRANSLATION  ACCESS:          0 HIT:          0 MISS:          0 MSHR_MERGE:          0
cpu7->cpu7_ITLB PREFETCH REQUESTED:          0 ISSUED:          0 USEFUL:          0 USELESS:          0
cpu7->cpu7_ITLB AVERAGE MISS LATENCY: - cycles
cpu7->cpu7_DTLB TOTAL        ACCESS:   18269551 HIT:   18269544 MISS:          7 MSHR_MERGE:          5
cpu7->cpu7_DTLB LOAD         ACCESS:   18269551 HIT:   18269544 MISS:          7 MSHR_MERGE:          5
cpu7->cpu7_DTLB RFO          ACCESS:          0 HIT:          0 MISS:          0 MSHR_MERGE:          0
cpu7->cpu7_DTLB PREFETCH     ACCESS:          0 HIT:          0 MISS:          0 MSHR_MERGE:          0
cpu7->cpu7_DTLB WRITE        ACCESS:          0 HIT:          0 MISS:          0 MSHR_MERGE:          0
cpu7->cpu7_DTLB TRANSLATION  ACCESS:          0 HIT:          0 MISS:          0 MSHR_MERGE:          0
cpu7->cpu7_DTLB PREFETCH REQUESTED:          0 ISSUED:          0 USEFUL:          0 USELESS:          0
cpu7->cpu7_DTLB AVERAGE MISS LATENCY: 902.5 cycles
cpu6->cpu6_STLB TOTAL        ACCESS:          2 HIT:          0 MISS:          2 MSHR_MERGE:          0
cpu6->cpu6_STLB LOAD         ACCESS:          2 HIT:          0 MISS:          2 MSHR_MERGE:          0
cpu6->cpu6_STLB RFO          ACCESS:          0 HIT:          0 MISS:          0 MSHR_MERGE:          0
cpu6->cpu6_STLB PREFETCH     ACCESS:          0 HIT:          0 MISS:          0 MSHR_MERGE:          0
cpu6->cpu6_STLB WRITE        ACCESS:          0 HIT:          0 MISS:          0 MSHR_MERGE:          0
cpu6->cpu6_STLB TRANSLATION  ACCESS:          0 HIT:          0 MISS:          0 MSHR_MERGE:          0
cpu6->cpu6_STLB PREFETCH REQUESTED:          0 ISSUED:          0 USEFUL:          0 USELESS:          0
cpu6->cpu6_STLB AVERAGE MISS LATENCY: 232.5 cycles
cpu6->cpu6_L2C TOTAL        ACCESS:    2615770 HIT:    1509476 MISS:    1106294 MSHR_MERGE:          0
cpu6->cpu6_L2C LOAD         ACCESS:    1283619 HIT:     697761 MISS:     585858 MSHR_MERGE:          0
cpu6->cpu6_L2C RFO          ACCESS:     550379 HIT:      30186 MISS:     520193 MSHR_MERGE:          0
cpu6->cpu6_L2C PREFETCH     ACCESS:          0 HIT:          0 MISS:          0 MSHR_MERGE:          0
cpu6->cpu6_L2C WRITE        ACCESS:     781770 HIT:     781529 MISS:        241 MSHR_MERGE:          0
cpu6->cpu6_L2C TRANSLATION  ACCESS:          2 HIT:          0 MISS:          2 MSHR_MERGE:          0
cpu6->cpu6_L2C PREFETCH REQUESTED:          0 ISSUED:          0 USEFUL:          0 USELESS:          0
cpu6->cpu6_L2C AVERAGE MISS LATENCY: 207.7 cycles
cpu6->cpu6_L1I TOTAL        ACCESS:   19264521 HIT:   19257738 MISS:       6783 MSHR_MERGE:       4556
cpu6->cpu6_L1I LOAD         ACCESS:   19264521 HIT:   19257738 MISS:       6783 MSHR_MERGE:       4556
cpu6->cpu6_L1I RFO          ACCESS:          0 HIT:          0 MISS:          0 MSHR_MERGE:          0
cpu6->cpu6_L1I PREFETCH     ACCESS:          0 HIT:          0 MISS:          0 MSHR_MERGE:          0
cpu6->cpu6_L1I WRITE        ACCESS:          0 HIT:          0 MISS:          0 MSHR_MERGE:          0
cpu6->cpu6_L1I TRANSLATION  ACCESS:          0 HIT:          0 MISS:          0 MSHR_MERGE:          0
cpu6->cpu6_L1I PREFETCH REQUESTED:          0 ISSUED:          0 USEFUL:          0 USELESS:          0
cpu6->cpu6_L1I AVERAGE MISS LATENCY: 455 cycles
cpu6->cpu6_L1D TOTAL        ACCESS:   20236507 HIT:   14674562 MISS:    5561945 MSHR_MERGE:    3730172
cpu6->cpu6_L1D LOAD         ACCESS:   13552567 HIT:   10627003 MISS:    2925564 MSHR_MERGE:    1644172
cpu6->cpu6_L1D RFO          ACCESS:          0 HIT:          0 MISS:          0 MSHR_MERGE:          0
cpu6->cpu6_L1D PREFETCH     ACCESS:          0 HIT:          0 MISS:          0 MSHR_MERGE:          0
cpu6->cpu6_L1D WRITE        ACCESS:    6683938 HIT:    4047559 MISS:    2636379 MSHR_MERGE:    2086000
cpu6->cpu6_L1D TRANSLATION  ACCESS:          2 HIT:          0 MISS:          2 MSHR_MERGE:          0
cpu6->cpu6_L1D PREFETCH REQUESTED:          0 ISSUED:          0 USEFUL:          0 USELESS:          0
cpu6->cpu6_L1D AVERAGE MISS LATENCY: 133.6 cycles
cpu6->cpu6_ITLB TOTAL        ACCESS:   16940901 HIT:   16940901 MISS:          0 MSHR_MERGE:          0
cpu6->cpu6_ITLB LOAD         ACCESS:   16940901 HIT:   16940901 MISS:          0 MSHR_MERGE:          0
cpu6->cpu6_ITLB RFO          ACCESS:          0 HIT:          0 MISS:          0 MSHR_MERGE:          0
cpu6->cpu6_ITLB PREFETCH     ACCESS:          0 HIT:          0 MISS:          0 MSHR_MERGE:          0
cpu6->cpu6_ITLB WRITE        ACCESS:          0 HIT:          0 MISS:          0 MSHR_MERGE:          0
cpu6->cpu6_ITLB TRANSLATION  ACCESS:          0 HIT:          0 MISS:          0 MSHR_MERGE:          0
cpu6->cpu6_ITLB PREFETCH REQUESTED:          0 ISSUED:          0 USEFUL:          0 USELESS:          0
cpu6->cpu6_ITLB AVERAGE MISS LATENCY: - cycles
cpu6->cpu6_DTLB TOTAL        ACCESS:   17987795 HIT:   17987787 MISS:          8 MSHR_MERGE:          6
cpu6->cpu6_DTLB LOAD         ACCESS:   17987795 HIT:   17987787 MISS:          8 MSHR_MERGE:          6
cpu6->cpu6_DTLB RFO          ACCESS:          0 HIT:          0 MISS:          0 MSHR_MERGE:          0
cpu6->cpu6_DTLB PREFETCH     ACCESS:          0 HIT:          0 MISS:          0 MSHR_MERGE:          0
cpu6->cpu6_DTLB WRITE        ACCESS:          0 HIT:          0 MISS:          0 MSHR_MERGE:          0
cpu6->cpu6_DTLB TRANSLATION  ACCESS:          0 HIT:          0 MISS:          0 MSHR_MERGE:          0
cpu6->cpu6_DTLB PREFETCH REQUESTED:          0 ISSUED:          0 USEFUL:          0 USELESS:          0
cpu6->cpu6_DTLB AVERAGE MISS LATENCY: 238.5 cycles
cpu5->cpu5_STLB TOTAL        ACCESS:          2 HIT:          0 MISS:          2 MSHR_MERGE:          0
cpu5->cpu5_STLB LOAD         ACCESS:          2 HIT:          0 MISS:          2 MSHR_MERGE:          0
cpu5->cpu5_STLB RFO          ACCESS:          0 HIT:          0 MISS:          0 MSHR_MERGE:          0
cpu5->cpu5_STLB PREFETCH     ACCESS:          0 HIT:          0 MISS:          0 MSHR_MERGE:          0
cpu5->cpu5_STLB WRITE        ACCESS:          0 HIT:          0 MISS:          0 MSHR_MERGE:          0
cpu5->cpu5_STLB TRANSLATION  ACCESS:          0 HIT:          0 MISS:          0 MSHR_MERGE:          0
cpu5->cpu5_STLB PREFETCH REQUESTED:          0 ISSUED:          0 USEFUL:          0 USELESS:          0
cpu5->cpu5_STLB AVERAGE MISS LATENCY: 232 cycles
cpu5->cpu5_L2C TOTAL        ACCESS:    2617167 HIT:    1510566 MISS:    1106601 MSHR_MERGE:          0
cpu5->cpu5_L2C LOAD         ACCESS:    1283232 HIT:     697945 MISS:     585287 MSHR_MERGE:          0
cpu5->cpu5_L2C RFO          ACCESS:     551260 HIT:      30189 MISS:     521071 MSHR_MERGE:          0
cpu5->cpu5_L2C PREFETCH     ACCESS:          0 HIT:          0 MISS:          0 MSHR_MERGE:          0
cpu5->cpu5_L2C WRITE        ACCESS:     782673 HIT:     782432 MISS:        241 MSHR_MERGE:          0
cpu5->cpu5_L2C TRANSLATION  ACCESS:          2 HIT:          0 MISS:          2 MSHR_MERGE:          0
cpu5->cpu5_L2C PREFETCH REQUESTED:          0 ISSUED:          0 USEFUL:          0 USELESS:          0
cpu5->cpu5_L2C AVERAGE MISS LATENCY: 209.2 cycles
cpu5->cpu5_L1I TOTAL        ACCESS:   19395303 HIT:   19388413 MISS:       6890 MSHR_MERGE:       4663
cpu5->cpu5_L1I LOAD         ACCESS:   19395303 HIT:   19388413 MISS:       6890 MSHR_MERGE:       4663
cpu5->cpu5_L1I RFO          ACCESS:          0 HIT:          0 MISS:          0 MSHR_MERGE:          0
cpu5->cpu5_L1I PREFETCH     ACCESS:          0 HIT:          0 MISS:          0 MSHR_MERGE:          0
cpu5->cpu5_L1I WRITE        ACCESS:          0 HIT:          0 MISS:          0 MSHR_MERGE:          0
cpu5->cpu5_L1I TRANSLATION  ACCESS:          0 HIT:          0 MISS:          0 MSHR_MERGE:          0
cpu5->cpu5_L1I PREFETCH REQUESTED:          0 ISSUED:          0 USEFUL:          0 USELESS:          0
cpu5->cpu5_L1I AVERAGE MISS LATENCY: 437 cycles
cpu5->cpu5_L1D TOTAL        ACCESS:   20345038 HIT:   14783991 MISS:    5561047 MSHR_MERGE:    3728780
cpu5->cpu5_L1D LOAD         ACCESS:   13616882 HIT:   10700018 MISS:    2916864 MSHR_MERGE:    1635859
cpu5->cpu5_L1D RFO          ACCESS:          0 HIT:          0 MISS:          0 MSHR_MERGE:          0
cpu5->cpu5_L1D PREFETCH     ACCESS:          0 HIT:          0 MISS:          0 MSHR_MERGE:          0
cpu5->cpu5_L1D WRITE        ACCESS:    6728154 HIT:    4083973 MISS:    2644181 MSHR_MERGE:    2092921
cpu5->cpu5_L1D TRANSLATION  ACCESS:          2 HIT:          0 MISS:          2 MSHR_MERGE:          0
cpu5->cpu5_L1D PREFETCH REQUESTED:          0 ISSUED:          0 USEFUL:          0 USELESS:          0
cpu5->cpu5_L1D AVERAGE MISS LATENCY: 134.5 cycles
cpu5->cpu5_ITLB TOTAL        ACCESS:   17050312 HIT:   17050312 MISS:          0 MSHR_MERGE:          0
cpu5->cpu5_ITLB LOAD         ACCESS:   17050312 HIT:   17050312 MISS:          0 MSHR_MERGE:          0
cpu5->cpu5_ITLB RFO          ACCESS:          0 HIT:          0 MISS:          0 MSHR_MERGE:          0
cpu5->cpu5_ITLB PREFETCH     ACCESS:          0 HIT:          0 MISS:          0 MSHR_MERGE:          0
cpu5->cpu5_ITLB WRITE        ACCESS:          0 HIT:          0 MISS:          0 MSHR_MERGE:          0
cpu5->cpu5_ITLB TRANSLATION  ACCESS:          0 HIT:          0 MISS:          0 MSHR_MERGE:          0
cpu5->cpu5_ITLB PREFETCH REQUESTED:          0 ISSUED:          0 USEFUL:          0 USELESS:          0
cpu5->cpu5_ITLB AVERAGE MISS LATENCY: - cycles
cpu5->cpu5_DTLB TOTAL        ACCESS:   18063961 HIT:   18063953 MISS:          8 MSHR_MERGE:          6
cpu5->cpu5_DTLB LOAD         ACCESS:   18063961 HIT:   18063953 MISS:          8 MSHR_MERGE:          6
cpu5->cpu5_DTLB RFO          ACCESS:          0 HIT:          0 MISS:          0 MSHR_MERGE:          0
cpu5->cpu5_DTLB PREFETCH     ACCESS:          0 HIT:          0 MISS:          0 MSHR_MERGE:          0
cpu5->cpu5_DTLB WRITE        ACCESS:          0 HIT:          0 MISS:          0 MSHR_MERGE:          0
cpu5->cpu5_DTLB TRANSLATION  ACCESS:          0 HIT:          0 MISS:          0 MSHR_MERGE:          0
cpu5->cpu5_DTLB PREFETCH REQUESTED:          0 ISSUED:          0 USEFUL:          0 USELESS:          0
cpu5->cpu5_DTLB AVERAGE MISS LATENCY: 238 cycles
cpu4->cpu4_STLB TOTAL        ACCESS:          2 HIT:          0 MISS:          2 MSHR_MERGE:          0
cpu4->cpu4_STLB LOAD         ACCESS:          2 HIT:          0 MISS:          2 MSHR_MERGE:          0
cpu4->cpu4_STLB RFO          ACCESS:          0 HIT:          0 MISS:          0 MSHR_MERGE:          0
cpu4->cpu4_STLB PREFETCH     ACCESS:          0 HIT:          0 MISS:          0 MSHR_MERGE:          0
cpu4->cpu4_STLB WRITE        ACCESS:          0 HIT:          0 MISS:          0 MSHR_MERGE:          0
cpu4->cpu4_STLB TRANSLATION  ACCESS:          0 HIT:          0 MISS:          0 MSHR_MERGE:          0
cpu4->cpu4_STLB PREFETCH REQUESTED:          0 ISSUED:          0 USEFUL:          0 USELESS:          0
cpu4->cpu4_STLB AVERAGE MISS LATENCY: 232.5 cycles
cpu4->cpu4_L2C TOTAL        ACCESS:    2605212 HIT:    1504059 MISS:    1101153 MSHR_MERGE:          0
cpu4->cpu4_L2C LOAD         ACCESS:    1278278 HIT:     695346 MISS:     582932 MSHR_MERGE:          0
cpu4->cpu4_L2C RFO          ACCESS:     548166 HIT:      30188 MISS:     517978 MSHR_MERGE:          0
cpu4->cpu4_L2C PREFETCH     ACCESS:          0 HIT:          0 MISS:          0 MSHR_MERGE:          0
cpu4->cpu4_L2C WRITE        ACCESS:     778766 HIT:     778525 MISS:        241 MSHR_MERGE:          0
cpu4->cpu4_L2C TRANSLATION  ACCESS:          2 HIT:          0 MISS:          2 MSHR_MERGE:          0
cpu4->cpu4_L2C PREFETCH REQUESTED:          0 ISSUED:          0 USEFUL:          0 USELESS:          0
cpu4->cpu4_L2C AVERAGE MISS LATENCY: 210.4 cycles
cpu4->cpu4_L1I TOTAL        ACCESS:   19122333 HIT:   19115468 MISS:       6865 MSHR_MERGE:       4638
cpu4->cpu4_L1I LOAD         ACCESS:   19122333 HIT:   19115468 MISS:       6865 MSHR_MERGE:       4638
cpu4->cpu4_L1I RFO          ACCESS:          0 HIT:          0 MISS:          0 MSHR_MERGE:          0
cpu4->cpu4_L1I PREFETCH     ACCESS:          0 HIT:          0 MISS:          0 MSHR_MERGE:          0
cpu4->cpu4_L1I WRITE        ACCESS:          0 HIT:          0 MISS:          0 MSHR_MERGE:          0
cpu4->cpu4_L1I TRANSLATION  ACCESS:          0 HIT:          0 MISS:          0 MSHR_MERGE:          0
cpu4->cpu4_L1I PREFETCH REQUESTED:          0 ISSUED:          0 USEFUL:          0 USELESS:          0
cpu4->cpu4_L1I AVERAGE MISS LATENCY: 421.4 cycles
cpu4->cpu4_L1D TOTAL        ACCESS:   20094084 HIT:   14557768 MISS:    5536316 MSHR_MERGE:    3712097
cpu4->cpu4_L1D LOAD         ACCESS:   13458626 HIT:   10539867 MISS:    2918759 MSHR_MERGE:    1642708
cpu4->cpu4_L1D RFO          ACCESS:          0 HIT:          0 MISS:          0 MSHR_MERGE:          0
cpu4->cpu4_L1D PREFETCH     ACCESS:          0 HIT:          0 MISS:          0 MSHR_MERGE:          0
cpu4->cpu4_L1D WRITE        ACCESS:    6635456 HIT:    4017901 MISS:    2617555 MSHR_MERGE:    2069389
cpu4->cpu4_L1D TRANSLATION  ACCESS:          2 HIT:          0 MISS:          2 MSHR_MERGE:          0
cpu4->cpu4_L1D PREFETCH REQUESTED:          0 ISSUED:          0 USEFUL:          0 USELESS:          0
cpu4->cpu4_L1D AVERAGE MISS LATENCY: 135.2 cycles
cpu4->cpu4_ITLB TOTAL        ACCESS:   16805775 HIT:   16805775 MISS:          0 MSHR_MERGE:          0
cpu4->cpu4_ITLB LOAD         ACCESS:   16805775 HIT:   16805775 MISS:          0 MSHR_MERGE:          0
cpu4->cpu4_ITLB RFO          ACCESS:          0 HIT:          0 MISS:          0 MSHR_MERGE:          0
cpu4->cpu4_ITLB PREFETCH     ACCESS:          0 HIT:          0 MISS:          0 MSHR_MERGE:          0
cpu4->cpu4_ITLB WRITE        ACCESS:          0 HIT:          0 MISS:          0 MSHR_MERGE:          0
cpu4->cpu4_ITLB TRANSLATION  ACCESS:          0 HIT:          0 MISS:          0 MSHR_MERGE:          0
cpu4->cpu4_ITLB PREFETCH REQUESTED:          0 ISSUED:          0 USEFUL:          0 USELESS:          0
cpu4->cpu4_ITLB AVERAGE MISS LATENCY: - cycles
cpu4->cpu4_DTLB TOTAL        ACCESS:   17836364 HIT:   17836357 MISS:          7 MSHR_MERGE:          5
cpu4->cpu4_DTLB LOAD         ACCESS:   17836364 HIT:   17836357 MISS:          7 MSHR_MERGE:          5
cpu4->cpu4_DTLB RFO          ACCESS:          0 HIT:          0 MISS:          0 MSHR_MERGE:          0
cpu4->cpu4_DTLB PREFETCH     ACCESS:          0 HIT:          0 MISS:          0 MSHR_MERGE:          0
cpu4->cpu4_DTLB WRITE        ACCESS:          0 HIT:          0 MISS:          0 MSHR_MERGE:          0
cpu4->cpu4_DTLB TRANSLATION  ACCESS:          0 HIT:          0 MISS:          0 MSHR_MERGE:          0
cpu4->cpu4_DTLB PREFETCH REQUESTED:          0 ISSUED:          0 USEFUL:          0 USELESS:          0
cpu4->cpu4_DTLB AVERAGE MISS LATENCY: 238.5 cycles
cpu3->cpu3_STLB TOTAL        ACCESS:          2 HIT:          0 MISS:          2 MSHR_MERGE:          0
cpu3->cpu3_STLB LOAD         ACCESS:          2 HIT:          0 MISS:          2 MSHR_MERGE:          0
cpu3->cpu3_STLB RFO          ACCESS:          0 HIT:          0 MISS:          0 MSHR_MERGE:          0
cpu3->cpu3_STLB PREFETCH     ACCESS:          0 HIT:          0 MISS:          0 MSHR_MERGE:          0
cpu3->cpu3_STLB WRITE        ACCESS:          0 HIT:          0 MISS:          0 MSHR_MERGE:          0
cpu3->cpu3_STLB TRANSLATION  ACCESS:          0 HIT:          0 MISS:          0 MSHR_MERGE:          0
cpu3->cpu3_STLB PREFETCH REQUESTED:          0 ISSUED:          0 USEFUL:          0 USELESS:          0
cpu3->cpu3_STLB AVERAGE MISS LATENCY: 233 cycles
cpu3->cpu3_L2C TOTAL        ACCESS:    2611275 HIT:    1507164 MISS:    1104111 MSHR_MERGE:          0
cpu3->cpu3_L2C LOAD         ACCESS:    1278036 HIT:     695638 MISS:     582398 MSHR_MERGE:          0
cpu3->cpu3_L2C RFO          ACCESS:     551628 HIT:      30191 MISS:     521437 MSHR_MERGE:          0
cpu3->cpu3_L2C PREFETCH     ACCESS:          0 HIT:          0 MISS:          0 MSHR_MERGE:          0
cpu3->cpu3_L2C WRITE        ACCESS:     781609 HIT:     781335 MISS:        274 MSHR_MERGE:          0
cpu3->cpu3_L2C TRANSLATION  ACCESS:          2 HIT:          0 MISS:          2 MSHR_MERGE:          0
cpu3->cpu3_L2C PREFETCH REQUESTED:          0 ISSUED:          0 USEFUL:          0 USELESS:          0
cpu3->cpu3_L2C AVERAGE MISS LATENCY: 210.4 cycles
cpu3->cpu3_L1I TOTAL        ACCESS:   19380926 HIT:   19373981 MISS:       6945 MSHR_MERGE:       4714
cpu3->cpu3_L1I LOAD         ACCESS:   19380926 HIT:   19373981 MISS:       6945 MSHR_MERGE:       4714
cpu3->cpu3_L1I RFO          ACCESS:          0 HIT:          0 MISS:          0 MSHR_MERGE:          0
cpu3->cpu3_L1I PREFETCH     ACCESS:          0 HIT:          0 MISS:          0 MSHR_MERGE:          0
cpu3->cpu3_L1I WRITE        ACCESS:          0 HIT:          0 MISS:          0 MSHR_MERGE:          0
cpu3->cpu3_L1I TRANSLATION  ACCESS:          0 HIT:          0 MISS:          0 MSHR_MERGE:          0
cpu3->cpu3_L1I PREFETCH REQUESTED:          0 ISSUED:          0 USEFUL:          0 USELESS:          0
cpu3->cpu3_L1I AVERAGE MISS LATENCY: 449.7 cycles
cpu3->cpu3_L1D TOTAL        ACCESS:   20316433 HIT:   14758399 MISS:    5558034 MSHR_MERGE:    3730599
cpu3->cpu3_L1D LOAD         ACCESS:   13591720 HIT:   10682922 MISS:    2908798 MSHR_MERGE:    1632993
cpu3->cpu3_L1D RFO          ACCESS:          0 HIT:          0 MISS:          0 MSHR_MERGE:          0
cpu3->cpu3_L1D PREFETCH     ACCESS:          0 HIT:          0 MISS:          0 MSHR_MERGE:          0
cpu3->cpu3_L1D WRITE        ACCESS:    6724711 HIT:    4075477 MISS:    2649234 MSHR_MERGE:    2097606
cpu3->cpu3_L1D TRANSLATION  ACCESS:          2 HIT:          0 MISS:          2 MSHR_MERGE:          0
cpu3->cpu3_L1D PREFETCH REQUESTED:          0 ISSUED:          0 USEFUL:          0 USELESS:          0
cpu3->cpu3_L1D AVERAGE MISS LATENCY: 135.3 cycles
cpu3->cpu3_ITLB TOTAL        ACCESS:   17050000 HIT:   17050000 MISS:          0 MSHR_MERGE:          0
cpu3->cpu3_ITLB LOAD         ACCESS:   17050000 HIT:   17050000 MISS:          0 MSHR_MERGE:          0
cpu3->cpu3_ITLB RFO          ACCESS:          0 HIT:          0 MISS:          0 MSHR_MERGE:          0
cpu3->cpu3_ITLB PREFETCH     ACCESS:          0 HIT:          0 MISS:          0 MSHR_MERGE:          0
cpu3->cpu3_ITLB WRITE        ACCESS:          0 HIT:          0 MISS:          0 MSHR_MERGE:          0
cpu3->cpu3_ITLB TRANSLATION  ACCESS:          0 HIT:          0 MISS:          0 MSHR_MERGE:          0
cpu3->cpu3_ITLB PREFETCH REQUESTED:          0 ISSUED:          0 USEFUL:          0 USELESS:          0
cpu3->cpu3_ITLB AVERAGE MISS LATENCY: - cycles
cpu3->cpu3_DTLB TOTAL        ACCESS:   18052711 HIT:   18052703 MISS:          8 MSHR_MERGE:          6
cpu3->cpu3_DTLB LOAD         ACCESS:   18052711 HIT:   18052703 MISS:          8 MSHR_MERGE:          6
cpu3->cpu3_DTLB RFO          ACCESS:          0 HIT:          0 MISS:          0 MSHR_MERGE:          0
cpu3->cpu3_DTLB PREFETCH     ACCESS:          0 HIT:          0 MISS:          0 MSHR_MERGE:          0
cpu3->cpu3_DTLB WRITE        ACCESS:          0 HIT:          0 MISS:          0 MSHR_MERGE:          0
cpu3->cpu3_DTLB TRANSLATION  ACCESS:          0 HIT:          0 MISS:          0 MSHR_MERGE:          0
cpu3->cpu3_DTLB PREFETCH REQUESTED:          0 ISSUED:          0 USEFUL:          0 USELESS:          0
cpu3->cpu3_DTLB AVERAGE MISS LATENCY: 239 cycles
cpu2->cpu2_STLB TOTAL        ACCESS:          2 HIT:          0 MISS:          2 MSHR_MERGE:          0
cpu2->cpu2_STLB LOAD         ACCESS:          2 HIT:          0 MISS:          2 MSHR_MERGE:          0
cpu2->cpu2_STLB RFO          ACCESS:          0 HIT:          0 MISS:          0 MSHR_MERGE:          0
cpu2->cpu2_STLB PREFETCH     ACCESS:          0 HIT:          0 MISS:          0 MSHR_MERGE:          0
cpu2->cpu2_STLB WRITE        ACCESS:          0 HIT:          0 MISS:          0 MSHR_MERGE:          0
cpu2->cpu2_STLB TRANSLATION  ACCESS:          0 HIT:          0 MISS:          0 MSHR_MERGE:          0
cpu2->cpu2_STLB PREFETCH REQUESTED:          0 ISSUED:          0 USEFUL:          0 USELESS:          0
cpu2->cpu2_STLB AVERAGE MISS LATENCY: 232 cycles
cpu2->cpu2_L2C TOTAL        ACCESS:    2591894 HIT:    1498062 MISS:    1093832 MSHR_MERGE:          0
cpu2->cpu2_L2C LOAD         ACCESS:    1270148 HIT:     692592 MISS:     577556 MSHR_MERGE:          0
cpu2->cpu2_L2C RFO          ACCESS:     546212 HIT:      30179 MISS:     516033 MSHR_MERGE:          0
cpu2->cpu2_L2C PREFETCH     ACCESS:          0 HIT:          0 MISS:          0 MSHR_MERGE:          0
cpu2->cpu2_L2C WRITE        ACCESS:     775532 HIT:     775291 MISS:        241 MSHR_MERGE:          0
cpu2->cpu2_L2C TRANSLATION  ACCESS:          2 HIT:          0 MISS:          2 MSHR_MERGE:          0
cpu2->cpu2_L2C PREFETCH REQUESTED:          0 ISSUED:          0 USEFUL:          0 USELESS:          0
cpu2->cpu2_L2C AVERAGE MISS LATENCY: 209 cycles
cpu2->cpu2_L1I TOTAL        ACCESS:   19066743 HIT:   19059838 MISS:       6905 MSHR_MERGE:       4682
cpu2->cpu2_L1I LOAD         ACCESS:   19066743 HIT:   19059838 MISS:       6905 MSHR_MERGE:       4682
cpu2->cpu2_L1I RFO          ACCESS:          0 HIT:          0 MISS:          0 MSHR_MERGE:          0
cpu2->cpu2_L1I PREFETCH     ACCESS:          0 HIT:          0 MISS:          0 MSHR_MERGE:          0
cpu2->cpu2_L1I WRITE        ACCESS:          0 HIT:          0 MISS:          0 MSHR_MERGE:          0
cpu2->cpu2_L1I TRANSLATION  ACCESS:          0 HIT:          0 MISS:          0 MSHR_MERGE:          0
cpu2->cpu2_L1I PREFETCH REQUESTED:          0 ISSUED:          0 USEFUL:          0 USELESS:          0
cpu2->cpu2_L1I AVERAGE MISS LATENCY: 432.1 cycles
cpu2->cpu2_L1D TOTAL        ACCESS:   20009336 HIT:   14491168 MISS:    5518168 MSHR_MERGE:    3704029
cpu2->cpu2_L1D LOAD         ACCESS:   13390425 HIT:   10492978 MISS:    2897447 MSHR_MERGE:    1629522
cpu2->cpu2_L1D RFO          ACCESS:          0 HIT:          0 MISS:          0 MSHR_MERGE:          0
cpu2->cpu2_L1D PREFETCH     ACCESS:          0 HIT:          0 MISS:          0 MSHR_MERGE:          0
cpu2->cpu2_L1D WRITE        ACCESS:    6618909 HIT:    3998190 MISS:    2620719 MSHR_MERGE:    2074507
cpu2->cpu2_L1D TRANSLATION  ACCESS:          2 HIT:          0 MISS:          2 MSHR_MERGE:          0
cpu2->cpu2_L1D PREFETCH REQUESTED:          0 ISSUED:          0 USEFUL:          0 USELESS:          0
cpu2->cpu2_L1D AVERAGE MISS LATENCY: 134.2 cycles
cpu2->cpu2_ITLB TOTAL        ACCESS:   16754692 HIT:   16754692 MISS:          0 MSHR_MERGE:          0
cpu2->cpu2_ITLB LOAD         ACCESS:   16754692 HIT:   16754692 MISS:          0 MSHR_MERGE:          0
cpu2->cpu2_ITLB RFO          ACCESS:          0 HIT:          0 MISS:          0 MSHR_MERGE:          0
cpu2->cpu2_ITLB PREFETCH     ACCESS:          0 HIT:          0 MISS:          0 MSHR_MERGE:          0
cpu2->cpu2_ITLB WRITE        ACCESS:          0 HIT:          0 MISS:          0 MSHR_MERGE:          0
cpu2->cpu2_ITLB TRANSLATION  ACCESS:          0 HIT:          0 MISS:          0 MSHR_MERGE:          0
cpu2->cpu2_ITLB PREFETCH REQUESTED:          0 ISSUED:          0 USEFUL:          0 USELESS:          0
cpu2->cpu2_ITLB AVERAGE MISS LATENCY: - cycles
cpu2->cpu2_DTLB TOTAL        ACCESS:   17754764 HIT:   17754757 MISS:          7 MSHR_MERGE:          5
cpu2->cpu2_DTLB LOAD         ACCESS:   17754764 HIT:   17754757 MISS:          7 MSHR_MERGE:          5
cpu2->cpu2_DTLB RFO          ACCESS:          0 HIT:          0 MISS:          0 MSHR_MERGE:          0
cpu2->cpu2_DTLB PREFETCH     ACCESS:          0 HIT:          0 MISS:          0 MSHR_MERGE:          0
cpu2->cpu2_DTLB WRITE        ACCESS:          0 HIT:          0 MISS:          0 MSHR_MERGE:          0
cpu2->cpu2_DTLB TRANSLATION  ACCESS:          0 HIT:          0 MISS:          0 MSHR_MERGE:          0
cpu2->cpu2_DTLB PREFETCH REQUESTED:          0 ISSUED:          0 USEFUL:          0 USELESS:          0
cpu2->cpu2_DTLB AVERAGE MISS LATENCY: 238 cycles
cpu1->cpu1_STLB TOTAL        ACCESS:          2 HIT:          0 MISS:          2 MSHR_MERGE:          0
cpu1->cpu1_STLB LOAD         ACCESS:          2 HIT:          0 MISS:          2 MSHR_MERGE:          0
cpu1->cpu1_STLB RFO          ACCESS:          0 HIT:          0 MISS:          0 MSHR_MERGE:          0
cpu1->cpu1_STLB PREFETCH     ACCESS:          0 HIT:          0 MISS:          0 MSHR_MERGE:          0
cpu1->cpu1_STLB WRITE        ACCESS:          0 HIT:          0 MISS:          0 MSHR_MERGE:          0
cpu1->cpu1_STLB TRANSLATION  ACCESS:          0 HIT:          0 MISS:          0 MSHR_MERGE:          0
cpu1->cpu1_STLB PREFETCH REQUESTED:          0 ISSUED:          0 USEFUL:          0 USELESS:          0
cpu1->cpu1_STLB AVERAGE MISS LATENCY: 233.5 cycles
cpu1->cpu1_L2C TOTAL        ACCESS:    2591295 HIT:    1497739 MISS:    1093556 MSHR_MERGE:          0
cpu1->cpu1_L2C LOAD         ACCESS:    1270024 HIT:     692577 MISS:     577447 MSHR_MERGE:          0
cpu1->cpu1_L2C RFO          ACCESS:     546045 HIT:      30179 MISS:     515866 MSHR_MERGE:          0
cpu1->cpu1_L2C PREFETCH     ACCESS:          0 HIT:          0 MISS:          0 MSHR_MERGE:          0
cpu1->cpu1_L2C WRITE        ACCESS:     775224 HIT:     774983 MISS:        241 MSHR_MERGE:          0
cpu1->cpu1_L2C TRANSLATION  ACCESS:          2 HIT:          0 MISS:          2 MSHR_MERGE:          0
cpu1->cpu1_L2C PREFETCH REQUESTED:          0 ISSUED:          0 USEFUL:          0 USELESS:          0
cpu1->cpu1_L2C AVERAGE MISS LATENCY: 210.4 cycles
cpu1->cpu1_L1I TOTAL        ACCESS:   19063630 HIT:   19056738 MISS:       6892 MSHR_MERGE:       4677
cpu1->cpu1_L1I LOAD         ACCESS:   19063630 HIT:   19056738 MISS:       6892 MSHR_MERGE:       4677
cpu1->cpu1_L1I RFO          ACCESS:          0 HIT:          0 MISS:          0 MSHR_MERGE:          0
cpu1->cpu1_L1I PREFETCH     ACCESS:          0 HIT:          0 MISS:          0 MSHR_MERGE:          0
cpu1->cpu1_L1I WRITE        ACCESS:          0 HIT:          0 MISS:          0 MSHR_MERGE:          0
cpu1->cpu1_L1I TRANSLATION  ACCESS:          0 HIT:          0 MISS:          0 MSHR_MERGE:          0
cpu1->cpu1_L1I PREFETCH REQUESTED:          0 ISSUED:          0 USEFUL:          0 USELESS:          0
cpu1->cpu1_L1I AVERAGE MISS LATENCY: 426.5 cycles
cpu1->cpu1_L1D TOTAL        ACCESS:   19993590 HIT:   14483545 MISS:    5510045 MSHR_MERGE:    3696189
cpu1->cpu1_L1D LOAD         ACCESS:   13376258 HIT:   10479406 MISS:    2896852 MSHR_MERGE:    1629043
cpu1->cpu1_L1D RFO          ACCESS:          0 HIT:          0 MISS:          0 MSHR_MERGE:          0
cpu1->cpu1_L1D PREFETCH     ACCESS:          0 HIT:          0 MISS:          0 MSHR_MERGE:          0
cpu1->cpu1_L1D WRITE        ACCESS:    6617330 HIT:    4004139 MISS:    2613191 MSHR_MERGE:    2067146
cpu1->cpu1_L1D TRANSLATION  ACCESS:          2 HIT:          0 MISS:          2 MSHR_MERGE:          0
cpu1->cpu1_L1D PREFETCH REQUESTED:          0 ISSUED:          0 USEFUL:          0 USELESS:          0
cpu1->cpu1_L1D AVERAGE MISS LATENCY: 135 cycles
cpu1->cpu1_ITLB TOTAL        ACCESS:   16764831 HIT:   16764831 MISS:          0 MSHR_MERGE:          0
cpu1->cpu1_ITLB LOAD         ACCESS:   16764831 HIT:   16764831 MISS:          0 MSHR_MERGE:          0
cpu1->cpu1_ITLB RFO          ACCESS:          0 HIT:          0 MISS:          0 MSHR_MERGE:          0
cpu1->cpu1_ITLB PREFETCH     ACCESS:          0 HIT:          0 MISS:          0 MSHR_MERGE:          0
cpu1->cpu1_ITLB WRITE        ACCESS:          0 HIT:          0 MISS:          0 MSHR_MERGE:          0
cpu1->cpu1_ITLB TRANSLATION  ACCESS:          0 HIT:          0 MISS:          0 MSHR_MERGE:          0
cpu1->cpu1_ITLB PREFETCH REQUESTED:          0 ISSUED:          0 USEFUL:          0 USELESS:          0
cpu1->cpu1_ITLB AVERAGE MISS LATENCY: - cycles
cpu1->cpu1_DTLB TOTAL        ACCESS:   17747206 HIT:   17747198 MISS:          8 MSHR_MERGE:          6
cpu1->cpu1_DTLB LOAD         ACCESS:   17747206 HIT:   17747198 MISS:          8 MSHR_MERGE:          6
cpu1->cpu1_DTLB RFO          ACCESS:          0 HIT:          0 MISS:          0 MSHR_MERGE:          0
cpu1->cpu1_DTLB PREFETCH     ACCESS:          0 HIT:          0 MISS:          0 MSHR_MERGE:          0
cpu1->cpu1_DTLB WRITE        ACCESS:          0 HIT:          0 MISS:          0 MSHR_MERGE:          0
cpu1->cpu1_DTLB TRANSLATION  ACCESS:          0 HIT:          0 MISS:          0 MSHR_MERGE:          0
cpu1->cpu1_DTLB PREFETCH REQUESTED:          0 ISSUED:          0 USEFUL:          0 USELESS:          0
cpu1->cpu1_DTLB AVERAGE MISS LATENCY: 239.5 cycles
cpu0->cpu0_STLB TOTAL        ACCESS:          2 HIT:          0 MISS:          2 MSHR_MERGE:          0
cpu0->cpu0_STLB LOAD         ACCESS:          2 HIT:          0 MISS:          2 MSHR_MERGE:          0
cpu0->cpu0_STLB RFO          ACCESS:          0 HIT:          0 MISS:          0 MSHR_MERGE:          0
cpu0->cpu0_STLB PREFETCH     ACCESS:          0 HIT:          0 MISS:          0 MSHR_MERGE:          0
cpu0->cpu0_STLB WRITE        ACCESS:          0 HIT:          0 MISS:          0 MSHR_MERGE:          0
cpu0->cpu0_STLB TRANSLATION  ACCESS:          0 HIT:          0 MISS:          0 MSHR_MERGE:          0
cpu0->cpu0_STLB PREFETCH REQUESTED:          0 ISSUED:          0 USEFUL:          0 USELESS:          0
cpu0->cpu0_STLB AVERAGE MISS LATENCY: 233.5 cycles
cpu0->cpu0_L2C TOTAL        ACCESS:    2597820 HIT:    1501280 MISS:    1096540 MSHR_MERGE:          0
cpu0->cpu0_L2C LOAD         ACCESS:    1272018 HIT:     693436 MISS:     578582 MSHR_MERGE:          0
cpu0->cpu0_L2C RFO          ACCESS:     547879 HIT:      30182 MISS:     517697 MSHR_MERGE:          0
cpu0->cpu0_L2C PREFETCH     ACCESS:          0 HIT:          0 MISS:          0 MSHR_MERGE:          0
cpu0->cpu0_L2C WRITE        ACCESS:     777921 HIT:     777662 MISS:        259 MSHR_MERGE:          0
cpu0->cpu0_L2C TRANSLATION  ACCESS:          2 HIT:          0 MISS:          2 MSHR_MERGE:          0
cpu0->cpu0_L2C PREFETCH REQUESTED:          0 ISSUED:          0 USEFUL:          0 USELESS:          0
cpu0->cpu0_L2C AVERAGE MISS LATENCY: 214.7 cycles
cpu0->cpu0_L1I TOTAL        ACCESS:   19218561 HIT:   19211662 MISS:       6899 MSHR_MERGE:       4677
cpu0->cpu0_L1I LOAD         ACCESS:   19218561 HIT:   19211662 MISS:       6899 MSHR_MERGE:       4677
cpu0->cpu0_L1I RFO          ACCESS:          0 HIT:          0 MISS:          0 MSHR_MERGE:          0
cpu0->cpu0_L1I PREFETCH     ACCESS:          0 HIT:          0 MISS:          0 MSHR_MERGE:          0
cpu0->cpu0_L1I WRITE        ACCESS:          0 HIT:          0 MISS:          0 MSHR_MERGE:          0
cpu0->cpu0_L1I TRANSLATION  ACCESS:          0 HIT:          0 MISS:          0 MSHR_MERGE:          0
cpu0->cpu0_L1I PREFETCH REQUESTED:          0 ISSUED:          0 USEFUL:          0 USELESS:          0
cpu0->cpu0_L1I AVERAGE MISS LATENCY: 442.5 cycles
cpu0->cpu0_L1D TOTAL        ACCESS:   20149449 HIT:   14622324 MISS:    5527125 MSHR_MERGE:    3709447
cpu0->cpu0_L1D LOAD         ACCESS:   13478393 HIT:   10581954 MISS:    2896439 MSHR_MERGE:    1626642
cpu0->cpu0_L1D RFO          ACCESS:          0 HIT:          0 MISS:          0 MSHR_MERGE:          0
cpu0->cpu0_L1D PREFETCH     ACCESS:          0 HIT:          0 MISS:          0 MSHR_MERGE:          0
cpu0->cpu0_L1D WRITE        ACCESS:    6671054 HIT:    4040370 MISS:    2630684 MSHR_MERGE:    2082805
cpu0->cpu0_L1D TRANSLATION  ACCESS:          2 HIT:          0 MISS:          2 MSHR_MERGE:          0
cpu0->cpu0_L1D PREFETCH REQUESTED:          0 ISSUED:          0 USEFUL:          0 USELESS:          0
cpu0->cpu0_L1D AVERAGE MISS LATENCY: 137.7 cycles
cpu0->cpu0_ITLB TOTAL        ACCESS:   16902832 HIT:   16902832 MISS:          0 MSHR_MERGE:          0
cpu0->cpu0_ITLB LOAD         ACCESS:   16902832 HIT:   16902832 MISS:          0 MSHR_MERGE:          0
cpu0->cpu0_ITLB RFO          ACCESS:          0 HIT:          0 MISS:          0 MSHR_MERGE:          0
cpu0->cpu0_ITLB PREFETCH     ACCESS:          0 HIT:          0 MISS:          0 MSHR_MERGE:          0
cpu0->cpu0_ITLB WRITE        ACCESS:          0 HIT:          0 MISS:          0 MSHR_MERGE:          0
cpu0->cpu0_ITLB TRANSLATION  ACCESS:          0 HIT:          0 MISS:          0 MSHR_MERGE:          0
cpu0->cpu0_ITLB PREFETCH REQUESTED:          0 ISSUED:          0 USEFUL:          0 USELESS:          0
cpu0->cpu0_ITLB AVERAGE MISS LATENCY: - cycles
cpu0->cpu0_DTLB TOTAL        ACCESS:   17905113 HIT:   17905104 MISS:          9 MSHR_MERGE:          7
cpu0->cpu0_DTLB LOAD         ACCESS:   17905113 HIT:   17905104 MISS:          9 MSHR_MERGE:          7
cpu0->cpu0_DTLB RFO          ACCESS:          0 HIT:          0 MISS:          0 MSHR_MERGE:          0
cpu0->cpu0_DTLB PREFETCH     ACCESS:          0 HIT:          0 MISS:          0 MSHR_MERGE:          0
cpu0->cpu0_DTLB WRITE        ACCESS:          0 HIT:          0 MISS:          0 MSHR_MERGE:          0
cpu0->cpu0_DTLB TRANSLATION  ACCESS:          0 HIT:          0 MISS:          0 MSHR_MERGE:          0
cpu0->cpu0_DTLB PREFETCH REQUESTED:          0 ISSUED:          0 USEFUL:          0 USELESS:          0
cpu0->cpu0_DTLB AVERAGE MISS LATENCY: 239.5 cycles
cpu0->LLC TOTAL        ACCESS:    1704226 HIT:    1134247 MISS:     569979 MSHR_MERGE:          0
cpu0->LLC LOAD         ACCESS:     578581 HIT:     311142 MISS:     267439 MSHR_MERGE:          0
cpu0->LLC RFO          ACCESS:     517696 HIT:     244747 MISS:     272949 MSHR_MERGE:          0
cpu0->LLC PREFETCH     ACCESS:          0 HIT:          0 MISS:          0 MSHR_MERGE:          0
cpu0->LLC WRITE        ACCESS:     607947 HIT:     578356 MISS:      29591 MSHR_MERGE:          0
cpu0->LLC TRANSLATION  ACCESS:          2 HIT:          2 MISS:          0 MSHR_MERGE:          0
cpu0->LLC PREFETCH REQUESTED:          0 ISSUED:          0 USEFUL:          0 USELESS:          0
cpu0->LLC AVERAGE MISS LATENCY: 3000 cycles
cpu1->LLC TOTAL        ACCESS:    1698811 HIT:    1130272 MISS:     568539 MSHR_MERGE:          0
cpu1->LLC LOAD         ACCESS:     577447 HIT:     306033 MISS:     271414 MSHR_MERGE:          0
cpu1->LLC RFO          ACCESS:     515866 HIT:     240698 MISS:     275168 MSHR_MERGE:          0
cpu1->LLC PREFETCH     ACCESS:          0 HIT:          0 MISS:          0 MSHR_MERGE:          0
cpu1->LLC WRITE        ACCESS:     605496 HIT:     583539 MISS:      21957 MSHR_MERGE:          0
cpu1->LLC TRANSLATION  ACCESS:          2 HIT:          2 MISS:          0 MSHR_MERGE:          0
cpu1->LLC PREFETCH REQUESTED:          0 ISSUED:          0 USEFUL:          0 USELESS:          0
cpu1->LLC AVERAGE MISS LATENCY: 3007 cycles
cpu2->LLC TOTAL        ACCESS:    1699359 HIT:    1127719 MISS:     571640 MSHR_MERGE:          0
cpu2->LLC LOAD         ACCESS:     577556 HIT:     305539 MISS:     272017 MSHR_MERGE:          0
cpu2->LLC RFO          ACCESS:     516033 HIT:     240835 MISS:     275198 MSHR_MERGE:          0
cpu2->LLC PREFETCH     ACCESS:          0 HIT:          0 MISS:          0 MSHR_MERGE:          0
cpu2->LLC WRITE        ACCESS:     605768 HIT:     581343 MISS:      24425 MSHR_MERGE:          0
cpu2->LLC TRANSLATION  ACCESS:          2 HIT:          2 MISS:          0 MSHR_MERGE:          0
cpu2->LLC PREFETCH REQUESTED:          0 ISSUED:          0 USEFUL:          0 USELESS:          0
cpu2->LLC AVERAGE MISS LATENCY: 2991 cycles
cpu3->LLC TOTAL        ACCESS:    1715765 HIT:    1149205 MISS:     566560 MSHR_MERGE:          0
cpu3->LLC LOAD         ACCESS:     582396 HIT:     312424 MISS:     269972 MSHR_MERGE:          0
cpu3->LLC RFO          ACCESS:     521436 HIT:     247900 MISS:     273536 MSHR_MERGE:          0
cpu3->LLC PREFETCH     ACCESS:          0 HIT:          0 MISS:          0 MSHR_MERGE:          0
cpu3->LLC WRITE        ACCESS:     611931 HIT:     588879 MISS:      23052 MSHR_MERGE:          0
cpu3->LLC TRANSLATION  ACCESS:          2 HIT:          2 MISS:          0 MSHR_MERGE:          0
cpu3->LLC PREFETCH REQUESTED:          0 ISSUED:          0 USEFUL:          0 USELESS:          0
cpu3->LLC AVERAGE MISS LATENCY: 3018 cycles
cpu4->LLC TOTAL        ACCESS:    1710440 HIT:    1146741 MISS:     563699 MSHR_MERGE:          0
cpu4->LLC LOAD         ACCESS:     582930 HIT:     315988 MISS:     266942 MSHR_MERGE:          0
cpu4->LLC RFO          ACCESS:     517978 HIT:     244596 MISS:     273382 MSHR_MERGE:          0
cpu4->LLC PREFETCH     ACCESS:          0 HIT:          0 MISS:          0 MSHR_MERGE:          0
cpu4->LLC WRITE        ACCESS:     609530 HIT:     586155 MISS:      23375 MSHR_MERGE:          0
cpu4->LLC TRANSLATION  ACCESS:          2 HIT:          2 MISS:          0 MSHR_MERGE:          0
cpu4->LLC PREFETCH REQUESTED:          0 ISSUED:          0 USEFUL:          0 USELESS:          0
cpu4->LLC AVERAGE MISS LATENCY: 3033 cycles
cpu5->LLC TOTAL        ACCESS:    1720675 HIT:    1153772 MISS:     566903 MSHR_MERGE:          0
cpu5->LLC LOAD         ACCESS:     585288 HIT:     318542 MISS:     266746 MSHR_MERGE:          0
cpu5->LLC RFO          ACCESS:     521071 HIT:     247187 MISS:     273884 MSHR_MERGE:          0
cpu5->LLC PREFETCH     ACCESS:          0 HIT:          0 MISS:          0 MSHR_MERGE:          0
cpu5->LLC WRITE        ACCESS:     614314 HIT:     588041 MISS:      26273 MSHR_MERGE:          0
cpu5->LLC TRANSLATION  ACCESS:          2 HIT:          2 MISS:          0 MSHR_MERGE:          0
cpu5->LLC PREFETCH REQUESTED:          0 ISSUED:          0 USEFUL:          0 USELESS:          0
cpu5->LLC AVERAGE MISS LATENCY: 3016 cycles
cpu6->LLC TOTAL        ACCESS:    1720500 HIT:    1151037 MISS:     569463 MSHR_MERGE:          0
cpu6->LLC LOAD         ACCESS:     585857 HIT:     314707 MISS:     271150 MSHR_MERGE:          0
cpu6->LLC RFO          ACCESS:     520193 HIT:     245079 MISS:     275114 MSHR_MERGE:          0
cpu6->LLC PREFETCH     ACCESS:          0 HIT:          0 MISS:          0 MSHR_MERGE:          0
cpu6->LLC WRITE        ACCESS:     614448 HIT:     591249 MISS:      23199 MSHR_MERGE:          0
cpu6->LLC TRANSLATION  ACCESS:          2 HIT:          2 MISS:          0 MSHR_MERGE:          0
cpu6->LLC PREFETCH REQUESTED:          0 ISSUED:          0 USEFUL:          0 USELESS:          0
cpu6->LLC AVERAGE MISS LATENCY: 3002 cycles
cpu7->LLC TOTAL        ACCESS:    1760995 HIT:    1191140 MISS:     569855 MSHR_MERGE:          0
cpu7->LLC LOAD         ACCESS:     597663 HIT:     334866 MISS:     262797 MSHR_MERGE:          0
cpu7->LLC RFO          ACCESS:     532546 HIT:     253939 MISS:     278607 MSHR_MERGE:          0
cpu7->LLC PREFETCH     ACCESS:          0 HIT:          0 MISS:          0 MSHR_MERGE:          0
cpu7->LLC WRITE        ACCESS:     630784 HIT:     602335 MISS:      28449 MSHR_MERGE:          0
cpu7->LLC TRANSLATION  ACCESS:          2 HIT:          0 MISS:          2 MSHR_MERGE:          0
cpu7->LLC PREFETCH REQUESTED:          0 ISSUED:          0 USEFUL:          0 USELESS:          0
cpu7->LLC AVERAGE MISS LATENCY: 3000 cycles

Region of Interest Statistics

CPU 7 cumulative IPC: 1.025 instructions: 100000001 cycles: 97558721
CPU 7 Branch Prediction Accuracy: 100% MPKI: 0 Average ROB Occupancy at Mispredict: -
Branch type MPKI
BRANCH_DIRECT_JUMP: 0
BRANCH_INDIRECT: 0
BRANCH_CONDITIONAL: 0
BRANCH_DIRECT_CALL: 0
BRANCH_INDIRECT_CALL: 0
BRANCH_RETURN: 0


CPU 6 cumulative IPC: 1.014 instructions: 100000001 cycles: 98625197
CPU 6 Branch Prediction Accuracy: 100% MPKI: 0 Average ROB Occupancy at Mispredict: -
Branch type MPKI
BRANCH_DIRECT_JUMP: 0
BRANCH_INDIRECT: 0
BRANCH_CONDITIONAL: 0
BRANCH_DIRECT_CALL: 0
BRANCH_INDIRECT_CALL: 0
BRANCH_RETURN: 0


CPU 5 cumulative IPC: 1.019 instructions: 100000002 cycles: 98164187
CPU 5 Branch Prediction Accuracy: 100% MPKI: 0 Average ROB Occupancy at Mispredict: -
Branch type MPKI
BRANCH_DIRECT_JUMP: 0
BRANCH_INDIRECT: 0
BRANCH_CONDITIONAL: 0
BRANCH_DIRECT_CALL: 0
BRANCH_INDIRECT_CALL: 0
BRANCH_RETURN: 0


CPU 4 cumulative IPC: 1.009 instructions: 100000000 cycles: 99078194
CPU 4 Branch Prediction Accuracy: 100% MPKI: 0 Average ROB Occupancy at Mispredict: -
Branch type MPKI
BRANCH_DIRECT_JUMP: 0
BRANCH_INDIRECT: 0
BRANCH_CONDITIONAL: 0
BRANCH_DIRECT_CALL: 0
BRANCH_INDIRECT_CALL: 0
BRANCH_RETURN: 0


CPU 3 cumulative IPC: 1.016 instructions: 100000001 cycles: 98455669
CPU 3 Branch Prediction Accuracy: 100% MPKI: 0 Average ROB Occupancy at Mispredict: -
Branch type MPKI
BRANCH_DIRECT_JUMP: 0
BRANCH_INDIRECT: 0
BRANCH_CONDITIONAL: 0
BRANCH_DIRECT_CALL: 0
BRANCH_INDIRECT_CALL: 0
BRANCH_RETURN: 0


CPU 2 cumulative IPC: 1.005 instructions: 100000000 cycles: 99547778
CPU 2 Branch Prediction Accuracy: 100% MPKI: 0 Average ROB Occupancy at Mispredict: -
Branch type MPKI
BRANCH_DIRECT_JUMP: 0
BRANCH_INDIRECT: 0
BRANCH_CONDITIONAL: 0
BRANCH_DIRECT_CALL: 0
BRANCH_INDIRECT_CALL: 0
BRANCH_RETURN: 0


CPU 1 cumulative IPC: 1.004 instructions: 100000002 cycles: 99576264
CPU 1 Branch Prediction Accuracy: 100% MPKI: 0 Average ROB Occupancy at Mispredict: -
Branch type MPKI
BRANCH_DIRECT_JUMP: 0
BRANCH_INDIRECT: 0
BRANCH_CONDITIONAL: 0
BRANCH_DIRECT_CALL: 0
BRANCH_INDIRECT_CALL: 0
BRANCH_RETURN: 0


CPU 0 cumulative IPC: 1.01 instructions: 100000000 cycles: 99006131
CPU 0 Branch Prediction Accuracy: 100% MPKI: 0 Average ROB Occupancy at Mispredict: -
Branch type MPKI
BRANCH_DIRECT_JUMP: 0
BRANCH_INDIRECT: 0
BRANCH_CONDITIONAL: 0
BRANCH_DIRECT_CALL: 0
BRANCH_INDIRECT_CALL: 0
BRANCH_RETURN: 0

cpu7->cpu7_STLB TOTAL        ACCESS:          2 HIT:          0 MISS:          2 MSHR_MERGE:          0
cpu7->cpu7_STLB LOAD         ACCESS:          2 HIT:          0 MISS:          2 MSHR_MERGE:          0
cpu7->cpu7_STLB RFO          ACCESS:          0 HIT:          0 MISS:          0 MSHR_MERGE:          0
cpu7->cpu7_STLB PREFETCH     ACCESS:          0 HIT:          0 MISS:          0 MSHR_MERGE:          0
cpu7->cpu7_STLB WRITE        ACCESS:          0 HIT:          0 MISS:          0 MSHR_MERGE:          0
cpu7->cpu7_STLB TRANSLATION  ACCESS:          0 HIT:          0 MISS:          0 MSHR_MERGE:          0
cpu7->cpu7_STLB PREFETCH REQUESTED:          0 ISSUED:          0 USEFUL:          0 USELESS:          0
cpu7->cpu7_STLB AVERAGE MISS LATENCY: 896.5 cycles
cpu7->cpu7_L2C TOTAL        ACCESS:    2666801 HIT:    1536313 MISS:    1130488 MSHR_MERGE:          0
cpu7->cpu7_L2C LOAD         ACCESS:    1303986 HIT:     706322 MISS:     597664 MSHR_MERGE:          0
cpu7->cpu7_L2C RFO          ACCESS:     564453 HIT:      31907 MISS:     532546 MSHR_MERGE:          0
cpu7->cpu7_L2C PREFETCH     ACCESS:          0 HIT:          0 MISS:          0 MSHR_MERGE:          0
cpu7->cpu7_L2C WRITE        ACCESS:     798360 HIT:     798084 MISS:        276 MSHR_MERGE:          0
cpu7->cpu7_L2C TRANSLATION  ACCESS:          2 HIT:          0 MISS:          2 MSHR_MERGE:          0
cpu7->cpu7_L2C PREFETCH REQUESTED:          0 ISSUED:          0 USEFUL:          0 USELESS:          0
cpu7->cpu7_L2C AVERAGE MISS LATENCY: 200.4 cycles
cpu7->cpu7_L1I TOTAL        ACCESS:   19551672 HIT:   19544515 MISS:       7157 MSHR_MERGE:       4855
cpu7->cpu7_L1I LOAD         ACCESS:   19551672 HIT:   19544515 MISS:       7157 MSHR_MERGE:       4855
cpu7->cpu7_L1I RFO          ACCESS:          0 HIT:          0 MISS:          0 MSHR_MERGE:          0
cpu7->cpu7_L1I PREFETCH     ACCESS:          0 HIT:          0 MISS:          0 MSHR_MERGE:          0
cpu7->cpu7_L1I WRITE        ACCESS:          0 HIT:          0 MISS:          0 MSHR_MERGE:          0
cpu7->cpu7_L1I TRANSLATION  ACCESS:          0 HIT:          0 MISS:          0 MSHR_MERGE:          0
cpu7->cpu7_L1I PREFETCH REQUESTED:          0 ISSUED:          0 USEFUL:          0 USELESS:          0
cpu7->cpu7_L1I AVERAGE MISS LATENCY: 411.8 cycles
cpu7->cpu7_L1D TOTAL        ACCESS:   20569854 HIT:   14903540 MISS:    5666314 MSHR_MERGE:    3800175
cpu7->cpu7_L1D LOAD         ACCESS:   13765393 HIT:   10791515 MISS:    2973878 MSHR_MERGE:    1672194
cpu7->cpu7_L1D RFO          ACCESS:          0 HIT:          0 MISS:          0 MSHR_MERGE:          0
cpu7->cpu7_L1D PREFETCH     ACCESS:          0 HIT:          0 MISS:          0 MSHR_MERGE:          0
cpu7->cpu7_L1D WRITE        ACCESS:    6804459 HIT:    4112025 MISS:    2692434 MSHR_MERGE:    2127981
cpu7->cpu7_L1D TRANSLATION  ACCESS:          2 HIT:          0 MISS:          2 MSHR_MERGE:          0
cpu7->cpu7_L1D PREFETCH REQUESTED:          0 ISSUED:          0 USEFUL:          0 USELESS:          0
cpu7->cpu7_L1D AVERAGE MISS LATENCY: 129.6 cycles
cpu7->cpu7_ITLB TOTAL        ACCESS:   17184557 HIT:   17184557 MISS:          0 MSHR_MERGE:          0
cpu7->cpu7_ITLB LOAD         ACCESS:   17184557 HIT:   17184557 MISS:          0 MSHR_MERGE:          0
cpu7->cpu7_ITLB RFO          ACCESS:          0 HIT:          0 MISS:          0 MSHR_MERGE:          0
cpu7->cpu7_ITLB PREFETCH     ACCESS:          0 HIT:          0 MISS:          0 MSHR_MERGE:          0
cpu7->cpu7_ITLB WRITE        ACCESS:          0 HIT:          0 MISS:          0 MSHR_MERGE:          0
cpu7->cpu7_ITLB TRANSLATION  ACCESS:          0 HIT:          0 MISS:          0 MSHR_MERGE:          0
cpu7->cpu7_ITLB PREFETCH REQUESTED:          0 ISSUED:          0 USEFUL:          0 USELESS:          0
cpu7->cpu7_ITLB AVERAGE MISS LATENCY: - cycles
cpu7->cpu7_DTLB TOTAL        ACCESS:   18269551 HIT:   18269544 MISS:          7 MSHR_MERGE:          5
cpu7->cpu7_DTLB LOAD         ACCESS:   18269551 HIT:   18269544 MISS:          7 MSHR_MERGE:          5
cpu7->cpu7_DTLB RFO          ACCESS:          0 HIT:          0 MISS:          0 MSHR_MERGE:          0
cpu7->cpu7_DTLB PREFETCH     ACCESS:          0 HIT:          0 MISS:          0 MSHR_MERGE:          0
cpu7->cpu7_DTLB WRITE        ACCESS:          0 HIT:          0 MISS:          0 MSHR_MERGE:          0
cpu7->cpu7_DTLB TRANSLATION  ACCESS:          0 HIT:          0 MISS:          0 MSHR_MERGE:          0
cpu7->cpu7_DTLB PREFETCH REQUESTED:          0 ISSUED:          0 USEFUL:          0 USELESS:          0
cpu7->cpu7_DTLB AVERAGE MISS LATENCY: 902.5 cycles
cpu6->cpu6_STLB TOTAL        ACCESS:          2 HIT:          0 MISS:          2 MSHR_MERGE:          0
cpu6->cpu6_STLB LOAD         ACCESS:          2 HIT:          0 MISS:          2 MSHR_MERGE:          0
cpu6->cpu6_STLB RFO          ACCESS:          0 HIT:          0 MISS:          0 MSHR_MERGE:          0
cpu6->cpu6_STLB PREFETCH     ACCESS:          0 HIT:          0 MISS:          0 MSHR_MERGE:          0
cpu6->cpu6_STLB WRITE        ACCESS:          0 HIT:          0 MISS:          0 MSHR_MERGE:          0
cpu6->cpu6_STLB TRANSLATION  ACCESS:          0 HIT:          0 MISS:          0 MSHR_MERGE:          0
cpu6->cpu6_STLB PREFETCH REQUESTED:          0 ISSUED:          0 USEFUL:          0 USELESS:          0
cpu6->cpu6_STLB AVERAGE MISS LATENCY: 232.5 cycles
cpu6->cpu6_L2C TOTAL        ACCESS:    2615770 HIT:    1509476 MISS:    1106294 MSHR_MERGE:          0
cpu6->cpu6_L2C LOAD         ACCESS:    1283619 HIT:     697761 MISS:     585858 MSHR_MERGE:          0
cpu6->cpu6_L2C RFO          ACCESS:     550379 HIT:      30186 MISS:     520193 MSHR_MERGE:          0
cpu6->cpu6_L2C PREFETCH     ACCESS:          0 HIT:          0 MISS:          0 MSHR_MERGE:          0
cpu6->cpu6_L2C WRITE        ACCESS:     781770 HIT:     781529 MISS:        241 MSHR_MERGE:          0
cpu6->cpu6_L2C TRANSLATION  ACCESS:          2 HIT:          0 MISS:          2 MSHR_MERGE:          0
cpu6->cpu6_L2C PREFETCH REQUESTED:          0 ISSUED:          0 USEFUL:          0 USELESS:          0
cpu6->cpu6_L2C AVERAGE MISS LATENCY: 207.7 cycles
cpu6->cpu6_L1I TOTAL        ACCESS:   19264521 HIT:   19257738 MISS:       6783 MSHR_MERGE:       4556
cpu6->cpu6_L1I LOAD         ACCESS:   19264521 HIT:   19257738 MISS:       6783 MSHR_MERGE:       4556
cpu6->cpu6_L1I RFO          ACCESS:          0 HIT:          0 MISS:          0 MSHR_MERGE:          0
cpu6->cpu6_L1I PREFETCH     ACCESS:          0 HIT:          0 MISS:          0 MSHR_MERGE:          0
cpu6->cpu6_L1I WRITE        ACCESS:          0 HIT:          0 MISS:          0 MSHR_MERGE:          0
cpu6->cpu6_L1I TRANSLATION  ACCESS:          0 HIT:          0 MISS:          0 MSHR_MERGE:          0
cpu6->cpu6_L1I PREFETCH REQUESTED:          0 ISSUED:          0 USEFUL:          0 USELESS:          0
cpu6->cpu6_L1I AVERAGE MISS LATENCY: 455 cycles
cpu6->cpu6_L1D TOTAL        ACCESS:   20236507 HIT:   14674562 MISS:    5561945 MSHR_MERGE:    3730172
cpu6->cpu6_L1D LOAD         ACCESS:   13552567 HIT:   10627003 MISS:    2925564 MSHR_MERGE:    1644172
cpu6->cpu6_L1D RFO          ACCESS:          0 HIT:          0 MISS:          0 MSHR_MERGE:          0
cpu6->cpu6_L1D PREFETCH     ACCESS:          0 HIT:          0 MISS:          0 MSHR_MERGE:          0
cpu6->cpu6_L1D WRITE        ACCESS:    6683938 HIT:    4047559 MISS:    2636379 MSHR_MERGE:    2086000
cpu6->cpu6_L1D TRANSLATION  ACCESS:          2 HIT:          0 MISS:          2 MSHR_MERGE:          0
cpu6->cpu6_L1D PREFETCH REQUESTED:          0 ISSUED:          0 USEFUL:          0 USELESS:          0
cpu6->cpu6_L1D AVERAGE MISS LATENCY: 133.6 cycles
cpu6->cpu6_ITLB TOTAL        ACCESS:   16940901 HIT:   16940901 MISS:          0 MSHR_MERGE:          0
cpu6->cpu6_ITLB LOAD         ACCESS:   16940901 HIT:   16940901 MISS:          0 MSHR_MERGE:          0
cpu6->cpu6_ITLB RFO          ACCESS:          0 HIT:          0 MISS:          0 MSHR_MERGE:          0
cpu6->cpu6_ITLB PREFETCH     ACCESS:          0 HIT:          0 MISS:          0 MSHR_MERGE:          0
cpu6->cpu6_ITLB WRITE        ACCESS:          0 HIT:          0 MISS:          0 MSHR_MERGE:          0
cpu6->cpu6_ITLB TRANSLATION  ACCESS:          0 HIT:          0 MISS:          0 MSHR_MERGE:          0
cpu6->cpu6_ITLB PREFETCH REQUESTED:          0 ISSUED:          0 USEFUL:          0 USELESS:          0
cpu6->cpu6_ITLB AVERAGE MISS LATENCY: - cycles
cpu6->cpu6_DTLB TOTAL        ACCESS:   17987795 HIT:   17987787 MISS:          8 MSHR_MERGE:          6
cpu6->cpu6_DTLB LOAD         ACCESS:   17987795 HIT:   17987787 MISS:          8 MSHR_MERGE:          6
cpu6->cpu6_DTLB RFO          ACCESS:          0 HIT:          0 MISS:          0 MSHR_MERGE:          0
cpu6->cpu6_DTLB PREFETCH     ACCESS:          0 HIT:          0 MISS:          0 MSHR_MERGE:          0
cpu6->cpu6_DTLB WRITE        ACCESS:          0 HIT:          0 MISS:          0 MSHR_MERGE:          0
cpu6->cpu6_DTLB TRANSLATION  ACCESS:          0 HIT:          0 MISS:          0 MSHR_MERGE:          0
cpu6->cpu6_DTLB PREFETCH REQUESTED:          0 ISSUED:          0 USEFUL:          0 USELESS:          0
cpu6->cpu6_DTLB AVERAGE MISS LATENCY: 238.5 cycles
cpu5->cpu5_STLB TOTAL        ACCESS:          2 HIT:          0 MISS:          2 MSHR_MERGE:          0
cpu5->cpu5_STLB LOAD         ACCESS:          2 HIT:          0 MISS:          2 MSHR_MERGE:          0
cpu5->cpu5_STLB RFO          ACCESS:          0 HIT:          0 MISS:          0 MSHR_MERGE:          0
cpu5->cpu5_STLB PREFETCH     ACCESS:          0 HIT:          0 MISS:          0 MSHR_MERGE:          0
cpu5->cpu5_STLB WRITE        ACCESS:          0 HIT:          0 MISS:          0 MSHR_MERGE:          0
cpu5->cpu5_STLB TRANSLATION  ACCESS:          0 HIT:          0 MISS:          0 MSHR_MERGE:          0
cpu5->cpu5_STLB PREFETCH REQUESTED:          0 ISSUED:          0 USEFUL:          0 USELESS:          0
cpu5->cpu5_STLB AVERAGE MISS LATENCY: 232 cycles
cpu5->cpu5_L2C TOTAL        ACCESS:    2617167 HIT:    1510566 MISS:    1106601 MSHR_MERGE:          0
cpu5->cpu5_L2C LOAD         ACCESS:    1283232 HIT:     697945 MISS:     585287 MSHR_MERGE:          0
cpu5->cpu5_L2C RFO          ACCESS:     551260 HIT:      30189 MISS:     521071 MSHR_MERGE:          0
cpu5->cpu5_L2C PREFETCH     ACCESS:          0 HIT:          0 MISS:          0 MSHR_MERGE:          0
cpu5->cpu5_L2C WRITE        ACCESS:     782673 HIT:     782432 MISS:        241 MSHR_MERGE:          0
cpu5->cpu5_L2C TRANSLATION  ACCESS:          2 HIT:          0 MISS:          2 MSHR_MERGE:          0
cpu5->cpu5_L2C PREFETCH REQUESTED:          0 ISSUED:          0 USEFUL:          0 USELESS:          0
cpu5->cpu5_L2C AVERAGE MISS LATENCY: 209.2 cycles
cpu5->cpu5_L1I TOTAL        ACCESS:   19395303 HIT:   19388413 MISS:       6890 MSHR_MERGE:       4663
cpu5->cpu5_L1I LOAD         ACCESS:   19395303 HIT:   19388413 MISS:       6890 MSHR_MERGE:       4663
cpu5->cpu5_L1I RFO          ACCESS:          0 HIT:          0 MISS:          0 MSHR_MERGE:          0
cpu5->cpu5_L1I PREFETCH     ACCESS:          0 HIT:          0 MISS:          0 MSHR_MERGE:          0
cpu5->cpu5_L1I WRITE        ACCESS:          0 HIT:          0 MISS:          0 MSHR_MERGE:          0
cpu5->cpu5_L1I TRANSLATION  ACCESS:          0 HIT:          0 MISS:          0 MSHR_MERGE:          0
cpu5->cpu5_L1I PREFETCH REQUESTED:          0 ISSUED:          0 USEFUL:          0 USELESS:          0
cpu5->cpu5_L1I AVERAGE MISS LATENCY: 437 cycles
cpu5->cpu5_L1D TOTAL        ACCESS:   20345038 HIT:   14783991 MISS:    5561047 MSHR_MERGE:    3728780
cpu5->cpu5_L1D LOAD         ACCESS:   13616882 HIT:   10700018 MISS:    2916864 MSHR_MERGE:    1635859
cpu5->cpu5_L1D RFO          ACCESS:          0 HIT:          0 MISS:          0 MSHR_MERGE:          0
cpu5->cpu5_L1D PREFETCH     ACCESS:          0 HIT:          0 MISS:          0 MSHR_MERGE:          0
cpu5->cpu5_L1D WRITE        ACCESS:    6728154 HIT:    4083973 MISS:    2644181 MSHR_MERGE:    2092921
cpu5->cpu5_L1D TRANSLATION  ACCESS:          2 HIT:          0 MISS:          2 MSHR_MERGE:          0
cpu5->cpu5_L1D PREFETCH REQUESTED:          0 ISSUED:          0 USEFUL:          0 USELESS:          0
cpu5->cpu5_L1D AVERAGE MISS LATENCY: 134.5 cycles
cpu5->cpu5_ITLB TOTAL        ACCESS:   17050312 HIT:   17050312 MISS:          0 MSHR_MERGE:          0
cpu5->cpu5_ITLB LOAD         ACCESS:   17050312 HIT:   17050312 MISS:          0 MSHR_MERGE:          0
cpu5->cpu5_ITLB RFO          ACCESS:          0 HIT:          0 MISS:          0 MSHR_MERGE:          0
cpu5->cpu5_ITLB PREFETCH     ACCESS:          0 HIT:          0 MISS:          0 MSHR_MERGE:          0
cpu5->cpu5_ITLB WRITE        ACCESS:          0 HIT:          0 MISS:          0 MSHR_MERGE:          0
cpu5->cpu5_ITLB TRANSLATION  ACCESS:          0 HIT:          0 MISS:          0 MSHR_MERGE:          0
cpu5->cpu5_ITLB PREFETCH REQUESTED:          0 ISSUED:          0 USEFUL:          0 USELESS:          0
cpu5->cpu5_ITLB AVERAGE MISS LATENCY: - cycles
cpu5->cpu5_DTLB TOTAL        ACCESS:   18063961 HIT:   18063953 MISS:          8 MSHR_MERGE:          6
cpu5->cpu5_DTLB LOAD         ACCESS:   18063961 HIT:   18063953 MISS:          8 MSHR_MERGE:          6
cpu5->cpu5_DTLB RFO          ACCESS:          0 HIT:          0 MISS:          0 MSHR_MERGE:          0
cpu5->cpu5_DTLB PREFETCH     ACCESS:          0 HIT:          0 MISS:          0 MSHR_MERGE:          0
cpu5->cpu5_DTLB WRITE        ACCESS:          0 HIT:          0 MISS:          0 MSHR_MERGE:          0
cpu5->cpu5_DTLB TRANSLATION  ACCESS:          0 HIT:          0 MISS:          0 MSHR_MERGE:          0
cpu5->cpu5_DTLB PREFETCH REQUESTED:          0 ISSUED:          0 USEFUL:          0 USELESS:          0
cpu5->cpu5_DTLB AVERAGE MISS LATENCY: 238 cycles
cpu4->cpu4_STLB TOTAL        ACCESS:          2 HIT:          0 MISS:          2 MSHR_MERGE:          0
cpu4->cpu4_STLB LOAD         ACCESS:          2 HIT:          0 MISS:          2 MSHR_MERGE:          0
cpu4->cpu4_STLB RFO          ACCESS:          0 HIT:          0 MISS:          0 MSHR_MERGE:          0
cpu4->cpu4_STLB PREFETCH     ACCESS:          0 HIT:          0 MISS:          0 MSHR_MERGE:          0
cpu4->cpu4_STLB WRITE        ACCESS:          0 HIT:          0 MISS:          0 MSHR_MERGE:          0
cpu4->cpu4_STLB TRANSLATION  ACCESS:          0 HIT:          0 MISS:          0 MSHR_MERGE:          0
cpu4->cpu4_STLB PREFETCH REQUESTED:          0 ISSUED:          0 USEFUL:          0 USELESS:          0
cpu4->cpu4_STLB AVERAGE MISS LATENCY: 232.5 cycles
cpu4->cpu4_L2C TOTAL        ACCESS:    2605212 HIT:    1504059 MISS:    1101153 MSHR_MERGE:          0
cpu4->cpu4_L2C LOAD         ACCESS:    1278278 HIT:     695346 MISS:     582932 MSHR_MERGE:          0
cpu4->cpu4_L2C RFO          ACCESS:     548166 HIT:      30188 MISS:     517978 MSHR_MERGE:          0
cpu4->cpu4_L2C PREFETCH     ACCESS:          0 HIT:          0 MISS:          0 MSHR_MERGE:          0
cpu4->cpu4_L2C WRITE        ACCESS:     778766 HIT:     778525 MISS:        241 MSHR_MERGE:          0
cpu4->cpu4_L2C TRANSLATION  ACCESS:          2 HIT:          0 MISS:          2 MSHR_MERGE:          0
cpu4->cpu4_L2C PREFETCH REQUESTED:          0 ISSUED:          0 USEFUL:          0 USELESS:          0
cpu4->cpu4_L2C AVERAGE MISS LATENCY: 210.4 cycles
cpu4->cpu4_L1I TOTAL        ACCESS:   19122333 HIT:   19115468 MISS:       6865 MSHR_MERGE:       4638
cpu4->cpu4_L1I LOAD         ACCESS:   19122333 HIT:   19115468 MISS:       6865 MSHR_MERGE:       4638
cpu4->cpu4_L1I RFO          ACCESS:          0 HIT:          0 MISS:          0 MSHR_MERGE:          0
cpu4->cpu4_L1I PREFETCH     ACCESS:          0 HIT:          0 MISS:          0 MSHR_MERGE:          0
cpu4->cpu4_L1I WRITE        ACCESS:          0 HIT:          0 MISS:          0 MSHR_MERGE:          0
cpu4->cpu4_L1I TRANSLATION  ACCESS:          0 HIT:          0 MISS:          0 MSHR_MERGE:          0
cpu4->cpu4_L1I PREFETCH REQUESTED:          0 ISSUED:          0 USEFUL:          0 USELESS:          0
cpu4->cpu4_L1I AVERAGE MISS LATENCY: 421.4 cycles
cpu4->cpu4_L1D TOTAL        ACCESS:   20094084 HIT:   14557768 MISS:    5536316 MSHR_MERGE:    3712097
cpu4->cpu4_L1D LOAD         ACCESS:   13458626 HIT:   10539867 MISS:    2918759 MSHR_MERGE:    1642708
cpu4->cpu4_L1D RFO          ACCESS:          0 HIT:          0 MISS:          0 MSHR_MERGE:          0
cpu4->cpu4_L1D PREFETCH     ACCESS:          0 HIT:          0 MISS:          0 MSHR_MERGE:          0
cpu4->cpu4_L1D WRITE        ACCESS:    6635456 HIT:    4017901 MISS:    2617555 MSHR_MERGE:    2069389
cpu4->cpu4_L1D TRANSLATION  ACCESS:          2 HIT:          0 MISS:          2 MSHR_MERGE:          0
cpu4->cpu4_L1D PREFETCH REQUESTED:          0 ISSUED:          0 USEFUL:          0 USELESS:          0
cpu4->cpu4_L1D AVERAGE MISS LATENCY: 135.2 cycles
cpu4->cpu4_ITLB TOTAL        ACCESS:   16805775 HIT:   16805775 MISS:          0 MSHR_MERGE:          0
cpu4->cpu4_ITLB LOAD         ACCESS:   16805775 HIT:   16805775 MISS:          0 MSHR_MERGE:          0
cpu4->cpu4_ITLB RFO          ACCESS:          0 HIT:          0 MISS:          0 MSHR_MERGE:          0
cpu4->cpu4_ITLB PREFETCH     ACCESS:          0 HIT:          0 MISS:          0 MSHR_MERGE:          0
cpu4->cpu4_ITLB WRITE        ACCESS:          0 HIT:          0 MISS:          0 MSHR_MERGE:          0
cpu4->cpu4_ITLB TRANSLATION  ACCESS:          0 HIT:          0 MISS:          0 MSHR_MERGE:          0
cpu4->cpu4_ITLB PREFETCH REQUESTED:          0 ISSUED:          0 USEFUL:          0 USELESS:          0
cpu4->cpu4_ITLB AVERAGE MISS LATENCY: - cycles
cpu4->cpu4_DTLB TOTAL        ACCESS:   17836364 HIT:   17836357 MISS:          7 MSHR_MERGE:          5
cpu4->cpu4_DTLB LOAD         ACCESS:   17836364 HIT:   17836357 MISS:          7 MSHR_MERGE:          5
cpu4->cpu4_DTLB RFO          ACCESS:          0 HIT:          0 MISS:          0 MSHR_MERGE:          0
cpu4->cpu4_DTLB PREFETCH     ACCESS:          0 HIT:          0 MISS:          0 MSHR_MERGE:          0
cpu4->cpu4_DTLB WRITE        ACCESS:          0 HIT:          0 MISS:          0 MSHR_MERGE:          0
cpu4->cpu4_DTLB TRANSLATION  ACCESS:          0 HIT:          0 MISS:          0 MSHR_MERGE:          0
cpu4->cpu4_DTLB PREFETCH REQUESTED:          0 ISSUED:          0 USEFUL:          0 USELESS:          0
cpu4->cpu4_DTLB AVERAGE MISS LATENCY: 238.5 cycles
cpu3->cpu3_STLB TOTAL        ACCESS:          2 HIT:          0 MISS:          2 MSHR_MERGE:          0
cpu3->cpu3_STLB LOAD         ACCESS:          2 HIT:          0 MISS:          2 MSHR_MERGE:          0
cpu3->cpu3_STLB RFO          ACCESS:          0 HIT:          0 MISS:          0 MSHR_MERGE:          0
cpu3->cpu3_STLB PREFETCH     ACCESS:          0 HIT:          0 MISS:          0 MSHR_MERGE:          0
cpu3->cpu3_STLB WRITE        ACCESS:          0 HIT:          0 MISS:          0 MSHR_MERGE:          0
cpu3->cpu3_STLB TRANSLATION  ACCESS:          0 HIT:          0 MISS:          0 MSHR_MERGE:          0
cpu3->cpu3_STLB PREFETCH REQUESTED:          0 ISSUED:          0 USEFUL:          0 USELESS:          0
cpu3->cpu3_STLB AVERAGE MISS LATENCY: 233 cycles
cpu3->cpu3_L2C TOTAL        ACCESS:    2611275 HIT:    1507164 MISS:    1104111 MSHR_MERGE:          0
cpu3->cpu3_L2C LOAD         ACCESS:    1278036 HIT:     695638 MISS:     582398 MSHR_MERGE:          0
cpu3->cpu3_L2C RFO          ACCESS:     551628 HIT:      30191 MISS:     521437 MSHR_MERGE:          0
cpu3->cpu3_L2C PREFETCH     ACCESS:          0 HIT:          0 MISS:          0 MSHR_MERGE:          0
cpu3->cpu3_L2C WRITE        ACCESS:     781609 HIT:     781335 MISS:        274 MSHR_MERGE:          0
cpu3->cpu3_L2C TRANSLATION  ACCESS:          2 HIT:          0 MISS:          2 MSHR_MERGE:          0
cpu3->cpu3_L2C PREFETCH REQUESTED:          0 ISSUED:          0 USEFUL:          0 USELESS:          0
cpu3->cpu3_L2C AVERAGE MISS LATENCY: 210.4 cycles
cpu3->cpu3_L1I TOTAL        ACCESS:   19380926 HIT:   19373981 MISS:       6945 MSHR_MERGE:       4714
cpu3->cpu3_L1I LOAD         ACCESS:   19380926 HIT:   19373981 MISS:       6945 MSHR_MERGE:       4714
cpu3->cpu3_L1I RFO          ACCESS:          0 HIT:          0 MISS:          0 MSHR_MERGE:          0
cpu3->cpu3_L1I PREFETCH     ACCESS:          0 HIT:          0 MISS:          0 MSHR_MERGE:          0
cpu3->cpu3_L1I WRITE        ACCESS:          0 HIT:          0 MISS:          0 MSHR_MERGE:          0
cpu3->cpu3_L1I TRANSLATION  ACCESS:          0 HIT:          0 MISS:          0 MSHR_MERGE:          0
cpu3->cpu3_L1I PREFETCH REQUESTED:          0 ISSUED:          0 USEFUL:          0 USELESS:          0
cpu3->cpu3_L1I AVERAGE MISS LATENCY: 449.7 cycles
cpu3->cpu3_L1D TOTAL        ACCESS:   20316433 HIT:   14758399 MISS:    5558034 MSHR_MERGE:    3730599
cpu3->cpu3_L1D LOAD         ACCESS:   13591720 HIT:   10682922 MISS:    2908798 MSHR_MERGE:    1632993
cpu3->cpu3_L1D RFO          ACCESS:          0 HIT:          0 MISS:          0 MSHR_MERGE:          0
cpu3->cpu3_L1D PREFETCH     ACCESS:          0 HIT:          0 MISS:          0 MSHR_MERGE:          0
cpu3->cpu3_L1D WRITE        ACCESS:    6724711 HIT:    4075477 MISS:    2649234 MSHR_MERGE:    2097606
cpu3->cpu3_L1D TRANSLATION  ACCESS:          2 HIT:          0 MISS:          2 MSHR_MERGE:          0
cpu3->cpu3_L1D PREFETCH REQUESTED:          0 ISSUED:          0 USEFUL:          0 USELESS:          0
cpu3->cpu3_L1D AVERAGE MISS LATENCY: 135.3 cycles
cpu3->cpu3_ITLB TOTAL        ACCESS:   17050000 HIT:   17050000 MISS:          0 MSHR_MERGE:          0
cpu3->cpu3_ITLB LOAD         ACCESS:   17050000 HIT:   17050000 MISS:          0 MSHR_MERGE:          0
cpu3->cpu3_ITLB RFO          ACCESS:          0 HIT:          0 MISS:          0 MSHR_MERGE:          0
cpu3->cpu3_ITLB PREFETCH     ACCESS:          0 HIT:          0 MISS:          0 MSHR_MERGE:          0
cpu3->cpu3_ITLB WRITE        ACCESS:          0 HIT:          0 MISS:          0 MSHR_MERGE:          0
cpu3->cpu3_ITLB TRANSLATION  ACCESS:          0 HIT:          0 MISS:          0 MSHR_MERGE:          0
cpu3->cpu3_ITLB PREFETCH REQUESTED:          0 ISSUED:          0 USEFUL:          0 USELESS:          0
cpu3->cpu3_ITLB AVERAGE MISS LATENCY: - cycles
cpu3->cpu3_DTLB TOTAL        ACCESS:   18052711 HIT:   18052703 MISS:          8 MSHR_MERGE:          6
cpu3->cpu3_DTLB LOAD         ACCESS:   18052711 HIT:   18052703 MISS:          8 MSHR_MERGE:          6
cpu3->cpu3_DTLB RFO          ACCESS:          0 HIT:          0 MISS:          0 MSHR_MERGE:          0
cpu3->cpu3_DTLB PREFETCH     ACCESS:          0 HIT:          0 MISS:          0 MSHR_MERGE:          0
cpu3->cpu3_DTLB WRITE        ACCESS:          0 HIT:          0 MISS:          0 MSHR_MERGE:          0
cpu3->cpu3_DTLB TRANSLATION  ACCESS:          0 HIT:          0 MISS:          0 MSHR_MERGE:          0
cpu3->cpu3_DTLB PREFETCH REQUESTED:          0 ISSUED:          0 USEFUL:          0 USELESS:          0
cpu3->cpu3_DTLB AVERAGE MISS LATENCY: 239 cycles
cpu2->cpu2_STLB TOTAL        ACCESS:          2 HIT:          0 MISS:          2 MSHR_MERGE:          0
cpu2->cpu2_STLB LOAD         ACCESS:          2 HIT:          0 MISS:          2 MSHR_MERGE:          0
cpu2->cpu2_STLB RFO          ACCESS:          0 HIT:          0 MISS:          0 MSHR_MERGE:          0
cpu2->cpu2_STLB PREFETCH     ACCESS:          0 HIT:          0 MISS:          0 MSHR_MERGE:          0
cpu2->cpu2_STLB WRITE        ACCESS:          0 HIT:          0 MISS:          0 MSHR_MERGE:          0
cpu2->cpu2_STLB TRANSLATION  ACCESS:          0 HIT:          0 MISS:          0 MSHR_MERGE:          0
cpu2->cpu2_STLB PREFETCH REQUESTED:          0 ISSUED:          0 USEFUL:          0 USELESS:          0
cpu2->cpu2_STLB AVERAGE MISS LATENCY: 232 cycles
cpu2->cpu2_L2C TOTAL        ACCESS:    2591894 HIT:    1498062 MISS:    1093832 MSHR_MERGE:          0
cpu2->cpu2_L2C LOAD         ACCESS:    1270148 HIT:     692592 MISS:     577556 MSHR_MERGE:          0
cpu2->cpu2_L2C RFO          ACCESS:     546212 HIT:      30179 MISS:     516033 MSHR_MERGE:          0
cpu2->cpu2_L2C PREFETCH     ACCESS:          0 HIT:          0 MISS:          0 MSHR_MERGE:          0
cpu2->cpu2_L2C WRITE        ACCESS:     775532 HIT:     775291 MISS:        241 MSHR_MERGE:          0
cpu2->cpu2_L2C TRANSLATION  ACCESS:          2 HIT:          0 MISS:          2 MSHR_MERGE:          0
cpu2->cpu2_L2C PREFETCH REQUESTED:          0 ISSUED:          0 USEFUL:          0 USELESS:          0
cpu2->cpu2_L2C AVERAGE MISS LATENCY: 209 cycles
cpu2->cpu2_L1I TOTAL        ACCESS:   19066743 HIT:   19059838 MISS:       6905 MSHR_MERGE:       4682
cpu2->cpu2_L1I LOAD         ACCESS:   19066743 HIT:   19059838 MISS:       6905 MSHR_MERGE:       4682
cpu2->cpu2_L1I RFO          ACCESS:          0 HIT:          0 MISS:          0 MSHR_MERGE:          0
cpu2->cpu2_L1I PREFETCH     ACCESS:          0 HIT:          0 MISS:          0 MSHR_MERGE:          0
cpu2->cpu2_L1I WRITE        ACCESS:          0 HIT:          0 MISS:          0 MSHR_MERGE:          0
cpu2->cpu2_L1I TRANSLATION  ACCESS:          0 HIT:          0 MISS:          0 MSHR_MERGE:          0
cpu2->cpu2_L1I PREFETCH REQUESTED:          0 ISSUED:          0 USEFUL:          0 USELESS:          0
cpu2->cpu2_L1I AVERAGE MISS LATENCY: 432.1 cycles
cpu2->cpu2_L1D TOTAL        ACCESS:   20009336 HIT:   14491168 MISS:    5518168 MSHR_MERGE:    3704029
cpu2->cpu2_L1D LOAD         ACCESS:   13390425 HIT:   10492978 MISS:    2897447 MSHR_MERGE:    1629522
cpu2->cpu2_L1D RFO          ACCESS:          0 HIT:          0 MISS:          0 MSHR_MERGE:          0
cpu2->cpu2_L1D PREFETCH     ACCESS:          0 HIT:          0 MISS:          0 MSHR_MERGE:          0
cpu2->cpu2_L1D WRITE        ACCESS:    6618909 HIT:    3998190 MISS:    2620719 MSHR_MERGE:    2074507
cpu2->cpu2_L1D TRANSLATION  ACCESS:          2 HIT:          0 MISS:          2 MSHR_MERGE:          0
cpu2->cpu2_L1D PREFETCH REQUESTED:          0 ISSUED:          0 USEFUL:          0 USELESS:          0
cpu2->cpu2_L1D AVERAGE MISS LATENCY: 134.2 cycles
cpu2->cpu2_ITLB TOTAL        ACCESS:   16754692 HIT:   16754692 MISS:          0 MSHR_MERGE:          0
cpu2->cpu2_ITLB LOAD         ACCESS:   16754692 HIT:   16754692 MISS:          0 MSHR_MERGE:          0
cpu2->cpu2_ITLB RFO          ACCESS:          0 HIT:          0 MISS:          0 MSHR_MERGE:          0
cpu2->cpu2_ITLB PREFETCH     ACCESS:          0 HIT:          0 MISS:          0 MSHR_MERGE:          0
cpu2->cpu2_ITLB WRITE        ACCESS:          0 HIT:          0 MISS:          0 MSHR_MERGE:          0
cpu2->cpu2_ITLB TRANSLATION  ACCESS:          0 HIT:          0 MISS:          0 MSHR_MERGE:          0
cpu2->cpu2_ITLB PREFETCH REQUESTED:          0 ISSUED:          0 USEFUL:          0 USELESS:          0
cpu2->cpu2_ITLB AVERAGE MISS LATENCY: - cycles
cpu2->cpu2_DTLB TOTAL        ACCESS:   17754764 HIT:   17754757 MISS:          7 MSHR_MERGE:          5
cpu2->cpu2_DTLB LOAD         ACCESS:   17754764 HIT:   17754757 MISS:          7 MSHR_MERGE:          5
cpu2->cpu2_DTLB RFO          ACCESS:          0 HIT:          0 MISS:          0 MSHR_MERGE:          0
cpu2->cpu2_DTLB PREFETCH     ACCESS:          0 HIT:          0 MISS:          0 MSHR_MERGE:          0
cpu2->cpu2_DTLB WRITE        ACCESS:          0 HIT:          0 MISS:          0 MSHR_MERGE:          0
cpu2->cpu2_DTLB TRANSLATION  ACCESS:          0 HIT:          0 MISS:          0 MSHR_MERGE:          0
cpu2->cpu2_DTLB PREFETCH REQUESTED:          0 ISSUED:          0 USEFUL:          0 USELESS:          0
cpu2->cpu2_DTLB AVERAGE MISS LATENCY: 238 cycles
cpu1->cpu1_STLB TOTAL        ACCESS:          2 HIT:          0 MISS:          2 MSHR_MERGE:          0
cpu1->cpu1_STLB LOAD         ACCESS:          2 HIT:          0 MISS:          2 MSHR_MERGE:          0
cpu1->cpu1_STLB RFO          ACCESS:          0 HIT:          0 MISS:          0 MSHR_MERGE:          0
cpu1->cpu1_STLB PREFETCH     ACCESS:          0 HIT:          0 MISS:          0 MSHR_MERGE:          0
cpu1->cpu1_STLB WRITE        ACCESS:          0 HIT:          0 MISS:          0 MSHR_MERGE:          0
cpu1->cpu1_STLB TRANSLATION  ACCESS:          0 HIT:          0 MISS:          0 MSHR_MERGE:          0
cpu1->cpu1_STLB PREFETCH REQUESTED:          0 ISSUED:          0 USEFUL:          0 USELESS:          0
cpu1->cpu1_STLB AVERAGE MISS LATENCY: 233.5 cycles
cpu1->cpu1_L2C TOTAL        ACCESS:    2591295 HIT:    1497739 MISS:    1093556 MSHR_MERGE:          0
cpu1->cpu1_L2C LOAD         ACCESS:    1270024 HIT:     692577 MISS:     577447 MSHR_MERGE:          0
cpu1->cpu1_L2C RFO          ACCESS:     546045 HIT:      30179 MISS:     515866 MSHR_MERGE:          0
cpu1->cpu1_L2C PREFETCH     ACCESS:          0 HIT:          0 MISS:          0 MSHR_MERGE:          0
cpu1->cpu1_L2C WRITE        ACCESS:     775224 HIT:     774983 MISS:        241 MSHR_MERGE:          0
cpu1->cpu1_L2C TRANSLATION  ACCESS:          2 HIT:          0 MISS:          2 MSHR_MERGE:          0
cpu1->cpu1_L2C PREFETCH REQUESTED:          0 ISSUED:          0 USEFUL:          0 USELESS:          0
cpu1->cpu1_L2C AVERAGE MISS LATENCY: 210.4 cycles
cpu1->cpu1_L1I TOTAL        ACCESS:   19063630 HIT:   19056738 MISS:       6892 MSHR_MERGE:       4677
cpu1->cpu1_L1I LOAD         ACCESS:   19063630 HIT:   19056738 MISS:       6892 MSHR_MERGE:       4677
cpu1->cpu1_L1I RFO          ACCESS:          0 HIT:          0 MISS:          0 MSHR_MERGE:          0
cpu1->cpu1_L1I PREFETCH     ACCESS:          0 HIT:          0 MISS:          0 MSHR_MERGE:          0
cpu1->cpu1_L1I WRITE        ACCESS:          0 HIT:          0 MISS:          0 MSHR_MERGE:          0
cpu1->cpu1_L1I TRANSLATION  ACCESS:          0 HIT:          0 MISS:          0 MSHR_MERGE:          0
cpu1->cpu1_L1I PREFETCH REQUESTED:          0 ISSUED:          0 USEFUL:          0 USELESS:          0
cpu1->cpu1_L1I AVERAGE MISS LATENCY: 426.5 cycles
cpu1->cpu1_L1D TOTAL        ACCESS:   19993590 HIT:   14483545 MISS:    5510045 MSHR_MERGE:    3696189
cpu1->cpu1_L1D LOAD         ACCESS:   13376258 HIT:   10479406 MISS:    2896852 MSHR_MERGE:    1629043
cpu1->cpu1_L1D RFO          ACCESS:          0 HIT:          0 MISS:          0 MSHR_MERGE:          0
cpu1->cpu1_L1D PREFETCH     ACCESS:          0 HIT:          0 MISS:          0 MSHR_MERGE:          0
cpu1->cpu1_L1D WRITE        ACCESS:    6617330 HIT:    4004139 MISS:    2613191 MSHR_MERGE:    2067146
cpu1->cpu1_L1D TRANSLATION  ACCESS:          2 HIT:          0 MISS:          2 MSHR_MERGE:          0
cpu1->cpu1_L1D PREFETCH REQUESTED:          0 ISSUED:          0 USEFUL:          0 USELESS:          0
cpu1->cpu1_L1D AVERAGE MISS LATENCY: 135 cycles
cpu1->cpu1_ITLB TOTAL        ACCESS:   16764831 HIT:   16764831 MISS:          0 MSHR_MERGE:          0
cpu1->cpu1_ITLB LOAD         ACCESS:   16764831 HIT:   16764831 MISS:          0 MSHR_MERGE:          0
cpu1->cpu1_ITLB RFO          ACCESS:          0 HIT:          0 MISS:          0 MSHR_MERGE:          0
cpu1->cpu1_ITLB PREFETCH     ACCESS:          0 HIT:          0 MISS:          0 MSHR_MERGE:          0
cpu1->cpu1_ITLB WRITE        ACCESS:          0 HIT:          0 MISS:          0 MSHR_MERGE:          0
cpu1->cpu1_ITLB TRANSLATION  ACCESS:          0 HIT:          0 MISS:          0 MSHR_MERGE:          0
cpu1->cpu1_ITLB PREFETCH REQUESTED:          0 ISSUED:          0 USEFUL:          0 USELESS:          0
cpu1->cpu1_ITLB AVERAGE MISS LATENCY: - cycles
cpu1->cpu1_DTLB TOTAL        ACCESS:   17747206 HIT:   17747198 MISS:          8 MSHR_MERGE:          6
cpu1->cpu1_DTLB LOAD         ACCESS:   17747206 HIT:   17747198 MISS:          8 MSHR_MERGE:          6
cpu1->cpu1_DTLB RFO          ACCESS:          0 HIT:          0 MISS:          0 MSHR_MERGE:          0
cpu1->cpu1_DTLB PREFETCH     ACCESS:          0 HIT:          0 MISS:          0 MSHR_MERGE:          0
cpu1->cpu1_DTLB WRITE        ACCESS:          0 HIT:          0 MISS:          0 MSHR_MERGE:          0
cpu1->cpu1_DTLB TRANSLATION  ACCESS:          0 HIT:          0 MISS:          0 MSHR_MERGE:          0
cpu1->cpu1_DTLB PREFETCH REQUESTED:          0 ISSUED:          0 USEFUL:          0 USELESS:          0
cpu1->cpu1_DTLB AVERAGE MISS LATENCY: 239.5 cycles
cpu0->cpu0_STLB TOTAL        ACCESS:          2 HIT:          0 MISS:          2 MSHR_MERGE:          0
cpu0->cpu0_STLB LOAD         ACCESS:          2 HIT:          0 MISS:          2 MSHR_MERGE:          0
cpu0->cpu0_STLB RFO          ACCESS:          0 HIT:          0 MISS:          0 MSHR_MERGE:          0
cpu0->cpu0_STLB PREFETCH     ACCESS:          0 HIT:          0 MISS:          0 MSHR_MERGE:          0
cpu0->cpu0_STLB WRITE        ACCESS:          0 HIT:          0 MISS:          0 MSHR_MERGE:          0
cpu0->cpu0_STLB TRANSLATION  ACCESS:          0 HIT:          0 MISS:          0 MSHR_MERGE:          0
cpu0->cpu0_STLB PREFETCH REQUESTED:          0 ISSUED:          0 USEFUL:          0 USELESS:          0
cpu0->cpu0_STLB AVERAGE MISS LATENCY: 233.5 cycles
cpu0->cpu0_L2C TOTAL        ACCESS:    2597820 HIT:    1501280 MISS:    1096540 MSHR_MERGE:          0
cpu0->cpu0_L2C LOAD         ACCESS:    1272018 HIT:     693436 MISS:     578582 MSHR_MERGE:          0
cpu0->cpu0_L2C RFO          ACCESS:     547879 HIT:      30182 MISS:     517697 MSHR_MERGE:          0
cpu0->cpu0_L2C PREFETCH     ACCESS:          0 HIT:          0 MISS:          0 MSHR_MERGE:          0
cpu0->cpu0_L2C WRITE        ACCESS:     777921 HIT:     777662 MISS:        259 MSHR_MERGE:          0
cpu0->cpu0_L2C TRANSLATION  ACCESS:          2 HIT:          0 MISS:          2 MSHR_MERGE:          0
cpu0->cpu0_L2C PREFETCH REQUESTED:          0 ISSUED:          0 USEFUL:          0 USELESS:          0
cpu0->cpu0_L2C AVERAGE MISS LATENCY: 214.7 cycles
cpu0->cpu0_L1I TOTAL        ACCESS:   19218561 HIT:   19211662 MISS:       6899 MSHR_MERGE:       4677
cpu0->cpu0_L1I LOAD         ACCESS:   19218561 HIT:   19211662 MISS:       6899 MSHR_MERGE:       4677
cpu0->cpu0_L1I RFO          ACCESS:          0 HIT:          0 MISS:          0 MSHR_MERGE:          0
cpu0->cpu0_L1I PREFETCH     ACCESS:          0 HIT:          0 MISS:          0 MSHR_MERGE:          0
cpu0->cpu0_L1I WRITE        ACCESS:          0 HIT:          0 MISS:          0 MSHR_MERGE:          0
cpu0->cpu0_L1I TRANSLATION  ACCESS:          0 HIT:          0 MISS:          0 MSHR_MERGE:          0
cpu0->cpu0_L1I PREFETCH REQUESTED:          0 ISSUED:          0 USEFUL:          0 USELESS:          0
cpu0->cpu0_L1I AVERAGE MISS LATENCY: 442.5 cycles
cpu0->cpu0_L1D TOTAL        ACCESS:   20149449 HIT:   14622324 MISS:    5527125 MSHR_MERGE:    3709447
cpu0->cpu0_L1D LOAD         ACCESS:   13478393 HIT:   10581954 MISS:    2896439 MSHR_MERGE:    1626642
cpu0->cpu0_L1D RFO          ACCESS:          0 HIT:          0 MISS:          0 MSHR_MERGE:          0
cpu0->cpu0_L1D PREFETCH     ACCESS:          0 HIT:          0 MISS:          0 MSHR_MERGE:          0
cpu0->cpu0_L1D WRITE        ACCESS:    6671054 HIT:    4040370 MISS:    2630684 MSHR_MERGE:    2082805
cpu0->cpu0_L1D TRANSLATION  ACCESS:          2 HIT:          0 MISS:          2 MSHR_MERGE:          0
cpu0->cpu0_L1D PREFETCH REQUESTED:          0 ISSUED:          0 USEFUL:          0 USELESS:          0
cpu0->cpu0_L1D AVERAGE MISS LATENCY: 137.7 cycles
cpu0->cpu0_ITLB TOTAL        ACCESS:   16902832 HIT:   16902832 MISS:          0 MSHR_MERGE:          0
cpu0->cpu0_ITLB LOAD         ACCESS:   16902832 HIT:   16902832 MISS:          0 MSHR_MERGE:          0
cpu0->cpu0_ITLB RFO          ACCESS:          0 HIT:          0 MISS:          0 MSHR_MERGE:          0
cpu0->cpu0_ITLB PREFETCH     ACCESS:          0 HIT:          0 MISS:          0 MSHR_MERGE:          0
cpu0->cpu0_ITLB WRITE        ACCESS:          0 HIT:          0 MISS:          0 MSHR_MERGE:          0
cpu0->cpu0_ITLB TRANSLATION  ACCESS:          0 HIT:          0 MISS:          0 MSHR_MERGE:          0
cpu0->cpu0_ITLB PREFETCH REQUESTED:          0 ISSUED:          0 USEFUL:          0 USELESS:          0
cpu0->cpu0_ITLB AVERAGE MISS LATENCY: - cycles
cpu0->cpu0_DTLB TOTAL        ACCESS:   17905113 HIT:   17905104 MISS:          9 MSHR_MERGE:          7
cpu0->cpu0_DTLB LOAD         ACCESS:   17905113 HIT:   17905104 MISS:          9 MSHR_MERGE:          7
cpu0->cpu0_DTLB RFO          ACCESS:          0 HIT:          0 MISS:          0 MSHR_MERGE:          0
cpu0->cpu0_DTLB PREFETCH     ACCESS:          0 HIT:          0 MISS:          0 MSHR_MERGE:          0
cpu0->cpu0_DTLB WRITE        ACCESS:          0 HIT:          0 MISS:          0 MSHR_MERGE:          0
cpu0->cpu0_DTLB TRANSLATION  ACCESS:          0 HIT:          0 MISS:          0 MSHR_MERGE:          0
cpu0->cpu0_DTLB PREFETCH REQUESTED:          0 ISSUED:          0 USEFUL:          0 USELESS:          0
cpu0->cpu0_DTLB AVERAGE MISS LATENCY: 239.5 cycles
cpu0->LLC TOTAL        ACCESS:    1704226 HIT:    1134247 MISS:     569979 MSHR_MERGE:          0
cpu0->LLC LOAD         ACCESS:     578581 HIT:     311142 MISS:     267439 MSHR_MERGE:          0
cpu0->LLC RFO          ACCESS:     517696 HIT:     244747 MISS:     272949 MSHR_MERGE:          0
cpu0->LLC PREFETCH     ACCESS:          0 HIT:          0 MISS:          0 MSHR_MERGE:          0
cpu0->LLC WRITE        ACCESS:     607947 HIT:     578356 MISS:      29591 MSHR_MERGE:          0
cpu0->LLC TRANSLATION  ACCESS:          2 HIT:          2 MISS:          0 MSHR_MERGE:          0
cpu0->LLC PREFETCH REQUESTED:          0 ISSUED:          0 USEFUL:          0 USELESS:          0
cpu0->LLC AVERAGE MISS LATENCY: 3000 cycles
cpu1->LLC TOTAL        ACCESS:    1698811 HIT:    1130272 MISS:     568539 MSHR_MERGE:          0
cpu1->LLC LOAD         ACCESS:     577447 HIT:     306033 MISS:     271414 MSHR_MERGE:          0
cpu1->LLC RFO          ACCESS:     515866 HIT:     240698 MISS:     275168 MSHR_MERGE:          0
cpu1->LLC PREFETCH     ACCESS:          0 HIT:          0 MISS:          0 MSHR_MERGE:          0
cpu1->LLC WRITE        ACCESS:     605496 HIT:     583539 MISS:      21957 MSHR_MERGE:          0
cpu1->LLC TRANSLATION  ACCESS:          2 HIT:          2 MISS:          0 MSHR_MERGE:          0
cpu1->LLC PREFETCH REQUESTED:          0 ISSUED:          0 USEFUL:          0 USELESS:          0
cpu1->LLC AVERAGE MISS LATENCY: 3007 cycles
cpu2->LLC TOTAL        ACCESS:    1699359 HIT:    1127719 MISS:     571640 MSHR_MERGE:          0
cpu2->LLC LOAD         ACCESS:     577556 HIT:     305539 MISS:     272017 MSHR_MERGE:          0
cpu2->LLC RFO          ACCESS:     516033 HIT:     240835 MISS:     275198 MSHR_MERGE:          0
cpu2->LLC PREFETCH     ACCESS:          0 HIT:          0 MISS:          0 MSHR_MERGE:          0
cpu2->LLC WRITE        ACCESS:     605768 HIT:     581343 MISS:      24425 MSHR_MERGE:          0
cpu2->LLC TRANSLATION  ACCESS:          2 HIT:          2 MISS:          0 MSHR_MERGE:          0
cpu2->LLC PREFETCH REQUESTED:          0 ISSUED:          0 USEFUL:          0 USELESS:          0
cpu2->LLC AVERAGE MISS LATENCY: 2991 cycles
cpu3->LLC TOTAL        ACCESS:    1715765 HIT:    1149205 MISS:     566560 MSHR_MERGE:          0
cpu3->LLC LOAD         ACCESS:     582396 HIT:     312424 MISS:     269972 MSHR_MERGE:          0
cpu3->LLC RFO          ACCESS:     521436 HIT:     247900 MISS:     273536 MSHR_MERGE:          0
cpu3->LLC PREFETCH     ACCESS:          0 HIT:          0 MISS:          0 MSHR_MERGE:          0
cpu3->LLC WRITE        ACCESS:     611931 HIT:     588879 MISS:      23052 MSHR_MERGE:          0
cpu3->LLC TRANSLATION  ACCESS:          2 HIT:          2 MISS:          0 MSHR_MERGE:          0
cpu3->LLC PREFETCH REQUESTED:          0 ISSUED:          0 USEFUL:          0 USELESS:          0
cpu3->LLC AVERAGE MISS LATENCY: 3018 cycles
cpu4->LLC TOTAL        ACCESS:    1710440 HIT:    1146741 MISS:     563699 MSHR_MERGE:          0
cpu4->LLC LOAD         ACCESS:     582930 HIT:     315988 MISS:     266942 MSHR_MERGE:          0
cpu4->LLC RFO          ACCESS:     517978 HIT:     244596 MISS:     273382 MSHR_MERGE:          0
cpu4->LLC PREFETCH     ACCESS:          0 HIT:          0 MISS:          0 MSHR_MERGE:          0
cpu4->LLC WRITE        ACCESS:     609530 HIT:     586155 MISS:      23375 MSHR_MERGE:          0
cpu4->LLC TRANSLATION  ACCESS:          2 HIT:          2 MISS:          0 MSHR_MERGE:          0
cpu4->LLC PREFETCH REQUESTED:          0 ISSUED:          0 USEFUL:          0 USELESS:          0
cpu4->LLC AVERAGE MISS LATENCY: 3033 cycles
cpu5->LLC TOTAL        ACCESS:    1720675 HIT:    1153772 MISS:     566903 MSHR_MERGE:          0
cpu5->LLC LOAD         ACCESS:     585288 HIT:     318542 MISS:     266746 MSHR_MERGE:          0
cpu5->LLC RFO          ACCESS:     521071 HIT:     247187 MISS:     273884 MSHR_MERGE:          0
cpu5->LLC PREFETCH     ACCESS:          0 HIT:          0 MISS:          0 MSHR_MERGE:          0
cpu5->LLC WRITE        ACCESS:     614314 HIT:     588041 MISS:      26273 MSHR_MERGE:          0
cpu5->LLC TRANSLATION  ACCESS:          2 HIT:          2 MISS:          0 MSHR_MERGE:          0
cpu5->LLC PREFETCH REQUESTED:          0 ISSUED:          0 USEFUL:          0 USELESS:          0
cpu5->LLC AVERAGE MISS LATENCY: 3016 cycles
cpu6->LLC TOTAL        ACCESS:    1720500 HIT:    1151037 MISS:     569463 MSHR_MERGE:          0
cpu6->LLC LOAD         ACCESS:     585857 HIT:     314707 MISS:     271150 MSHR_MERGE:          0
cpu6->LLC RFO          ACCESS:     520193 HIT:     245079 MISS:     275114 MSHR_MERGE:          0
cpu6->LLC PREFETCH     ACCESS:          0 HIT:          0 MISS:          0 MSHR_MERGE:          0
cpu6->LLC WRITE        ACCESS:     614448 HIT:     591249 MISS:      23199 MSHR_MERGE:          0
cpu6->LLC TRANSLATION  ACCESS:          2 HIT:          2 MISS:          0 MSHR_MERGE:          0
cpu6->LLC PREFETCH REQUESTED:          0 ISSUED:          0 USEFUL:          0 USELESS:          0
cpu6->LLC AVERAGE MISS LATENCY: 3002 cycles
cpu7->LLC TOTAL        ACCESS:    1760995 HIT:    1191140 MISS:     569855 MSHR_MERGE:          0
cpu7->LLC LOAD         ACCESS:     597663 HIT:     334866 MISS:     262797 MSHR_MERGE:          0
cpu7->LLC RFO          ACCESS:     532546 HIT:     253939 MISS:     278607 MSHR_MERGE:          0
cpu7->LLC PREFETCH     ACCESS:          0 HIT:          0 MISS:          0 MSHR_MERGE:          0
cpu7->LLC WRITE        ACCESS:     630784 HIT:     602335 MISS:      28449 MSHR_MERGE:          0
cpu7->LLC TRANSLATION  ACCESS:          2 HIT:          0 MISS:          2 MSHR_MERGE:          0
cpu7->LLC PREFETCH REQUESTED:          0 ISSUED:          0 USEFUL:          0 USELESS:          0
cpu7->LLC AVERAGE MISS LATENCY: 3000 cycles

DRAM Statistics

Channel 0 READ REQS:    2173961	WRITE REQS:    1638114
  READS:    2173718	READ_HITS:          0
  WRITES:    1638105	WRITE HITS:          0
  ACTIVATES:    3811824	PRECHARGES:    3811823
  RQ FULL:      27059	WQ FULL:    2729769
  WRITE DRAINS:      51315	FORCED:      25141
  MEAN WRITE IMBALANCE: 2.1446165838448796
  READ OCCU PRE DRAIN: 4.144285296696872	POST DRAIN: 10.60346877131443
  MEAN BLP: 19.059514761765566	BGLP: 6.933528208126279
  READ LATENCY: 96.1002650757826
  TIME IN WRITE MODE: 8271565952

Channel 1 READ REQS:    2172356	WRITE REQS:    1637669
  READS:    2172124	READ_HITS:          0
  WRITES:    1637663	WRITE HITS:          0
  ACTIVATES:    3809788	PRECHARGES:    3809787
  RQ FULL:       4996	WQ FULL:    2712864
  WRITE DRAINS:      51456	FORCED:      24975
  MEAN WRITE IMBALANCE: 2.1391091417910446
  READ OCCU PRE DRAIN: 4.038732120646766	POST DRAIN: 10.30029539800995
  MEAN BLP: 19.01504197761194	BGLP: 6.938840951492537
  READ LATENCY: 94.32626590378818
  TIME IN WRITE MODE: 8275326592
BARD NON LRU EVICTS: 0	TOTAL EVICTS: 5533823	EAGER WB: 1720385
---------------------------------------
Begin Slurm Epilog: Apr-09-2025 01:18:10
Job ID:        3678329
User ID:       svittal8
Account:       gts-mqureshi4-rg
Job name:      wrap
Resources:     cpu=1,mem=4G,node=1
Rsrc Used:     cput=02:29:05,vmem=0,walltime=02:29:05,mem=639436K,energy_used=0
Partition:     cpu-small
QOS:           inferno
Nodes:         atl1-1-02-009-23-1
---------------------------------------
