---------------------------------------
Begin Slurm Prolog: Apr-09-2025 14:43:26
Job ID:    3709109
User ID:   svittal8
Account:   gts-mqureshi4-rg
Job name:  wrap
Partition: cpu-small
QOS:       inferno
---------------------------------------
[VMEM] WARNING: physical memory size is smaller than virtual memory size.

*** ChampSim Multicore Out-of-Order Simulator ***
Warmup Instructions: 25000000
Simulation Instructions: 100000000
Number of CPUs: 8
Page size: 2097152

CL :	 16.64 ns
CWL :	 15.808 ns
tRP :	 16.224 ns
tRCD :	 16.224 ns
tRAS :	 32.032000000000004 ns
tRTP :	 7.904 ns
tWR :	 30.368000000000002 ns

tCCD_S :	 3.3280000000000003 ns
tCCD_S_WR :	 3.3280000000000003 ns
tCCD_S_WTR :	 22.048000000000002 ns
tCCD_L :	 5.408 ns
tCCD_L_WR :	 20.384 ns
tCCD_L_WTR :	 29.536 ns
tRRD_S :	 3.3280000000000003 ns
tRRD_L :	 5.408 ns
tFAW :	 13.728 ns
Address mapping (perm = 1) 	ch co bg bg bg ba ba co co co co co co ro ro ro ro ro ro ro ro ro ro ro ro ro ro ro 
dram queue size: R = 64 W = 48 (low:high is 8:40)
Heartbeat CPU 0 instructions: 10000004 cycles: 4280006 heartbeat IPC: 2.336 cumulative IPC: 2.336 (Simulation time: 00 hr 10 min 00 sec)
Heartbeat CPU 1 instructions: 10000004 cycles: 4280640 heartbeat IPC: 2.336 cumulative IPC: 2.336 (Simulation time: 00 hr 10 min 00 sec)
Heartbeat CPU 2 instructions: 10000004 cycles: 4280994 heartbeat IPC: 2.336 cumulative IPC: 2.336 (Simulation time: 00 hr 10 min 00 sec)
Heartbeat CPU 3 instructions: 10000004 cycles: 4281187 heartbeat IPC: 2.336 cumulative IPC: 2.336 (Simulation time: 00 hr 10 min 00 sec)
Heartbeat CPU 4 instructions: 10000004 cycles: 4281508 heartbeat IPC: 2.336 cumulative IPC: 2.336 (Simulation time: 00 hr 10 min 00 sec)
Heartbeat CPU 5 instructions: 10000004 cycles: 4281605 heartbeat IPC: 2.336 cumulative IPC: 2.336 (Simulation time: 00 hr 10 min 00 sec)
Heartbeat CPU 6 instructions: 10000004 cycles: 4281732 heartbeat IPC: 2.336 cumulative IPC: 2.336 (Simulation time: 00 hr 10 min 00 sec)
Heartbeat CPU 7 instructions: 10000004 cycles: 4281822 heartbeat IPC: 2.335 cumulative IPC: 2.335 (Simulation time: 00 hr 10 min 00 sec)
Heartbeat CPU 0 instructions: 20000004 cycles: 8613351 heartbeat IPC: 2.308 cumulative IPC: 2.322 (Simulation time: 00 hr 20 min 08 sec)
Heartbeat CPU 1 instructions: 20000004 cycles: 8614769 heartbeat IPC: 2.307 cumulative IPC: 2.322 (Simulation time: 00 hr 20 min 08 sec)
Heartbeat CPU 2 instructions: 20000004 cycles: 8615257 heartbeat IPC: 2.307 cumulative IPC: 2.321 (Simulation time: 00 hr 20 min 08 sec)
Heartbeat CPU 3 instructions: 20000004 cycles: 8615498 heartbeat IPC: 2.307 cumulative IPC: 2.321 (Simulation time: 00 hr 20 min 08 sec)
Heartbeat CPU 4 instructions: 20000004 cycles: 8615692 heartbeat IPC: 2.307 cumulative IPC: 2.321 (Simulation time: 00 hr 20 min 08 sec)
Heartbeat CPU 5 instructions: 20000004 cycles: 8615876 heartbeat IPC: 2.307 cumulative IPC: 2.321 (Simulation time: 00 hr 20 min 08 sec)
Heartbeat CPU 6 instructions: 20000004 cycles: 8616069 heartbeat IPC: 2.307 cumulative IPC: 2.321 (Simulation time: 00 hr 20 min 08 sec)
Heartbeat CPU 7 instructions: 20000004 cycles: 8616247 heartbeat IPC: 2.307 cumulative IPC: 2.321 (Simulation time: 00 hr 20 min 08 sec)
Warmup finished CPU 0 instructions: 25000004 cycles: 10779054 cumulative IPC: 2.319 (Simulation time: 00 hr 25 min 11 sec)
Warmup finished CPU 1 instructions: 25000004 cycles: 10781016 cumulative IPC: 2.319 (Simulation time: 00 hr 25 min 11 sec)
Warmup finished CPU 2 instructions: 25000004 cycles: 10781505 cumulative IPC: 2.319 (Simulation time: 00 hr 25 min 11 sec)
Warmup finished CPU 3 instructions: 25000004 cycles: 10781834 cumulative IPC: 2.319 (Simulation time: 00 hr 25 min 11 sec)
Warmup finished CPU 4 instructions: 25000004 cycles: 10782004 cumulative IPC: 2.319 (Simulation time: 00 hr 25 min 11 sec)
Warmup finished CPU 5 instructions: 25000004 cycles: 10782252 cumulative IPC: 2.319 (Simulation time: 00 hr 25 min 11 sec)
Warmup finished CPU 6 instructions: 25000004 cycles: 10782381 cumulative IPC: 2.319 (Simulation time: 00 hr 25 min 11 sec)
Warmup finished CPU 7 instructions: 25000004 cycles: 10782582 cumulative IPC: 2.319 (Simulation time: 00 hr 25 min 11 sec)
Warmup complete CPU 7 instructions: 25000004 cycles: 10782582 cumulative IPC: 2.319 (Simulation time: 00 hr 25 min 11 sec)
Warmup complete CPU 6 instructions: 25000374 cycles: 10782582 cumulative IPC: 2.319 (Simulation time: 00 hr 25 min 11 sec)
Warmup complete CPU 5 instructions: 25000694 cycles: 10782582 cumulative IPC: 2.319 (Simulation time: 00 hr 25 min 11 sec)
Warmup complete CPU 4 instructions: 25001269 cycles: 10782582 cumulative IPC: 2.319 (Simulation time: 00 hr 25 min 11 sec)
Warmup complete CPU 3 instructions: 25001509 cycles: 10782582 cumulative IPC: 2.319 (Simulation time: 00 hr 25 min 11 sec)
Warmup complete CPU 2 instructions: 25002229 cycles: 10782582 cumulative IPC: 2.319 (Simulation time: 00 hr 25 min 11 sec)
Warmup complete CPU 1 instructions: 25003349 cycles: 10782582 cumulative IPC: 2.319 (Simulation time: 00 hr 25 min 11 sec)
Warmup complete CPU 0 instructions: 25007509 cycles: 10782582 cumulative IPC: 2.319 (Simulation time: 00 hr 25 min 11 sec)
Heartbeat CPU 6 instructions: 30000008 cycles: 29046454 heartbeat IPC: 0.4895 cumulative IPC: 0.2737 (Simulation time: 00 hr 44 min 01 sec)
Heartbeat CPU 5 instructions: 30000008 cycles: 29055155 heartbeat IPC: 0.4893 cumulative IPC: 0.2736 (Simulation time: 00 hr 44 min 01 sec)
Heartbeat CPU 3 instructions: 30000008 cycles: 29055734 heartbeat IPC: 0.4892 cumulative IPC: 0.2735 (Simulation time: 00 hr 44 min 01 sec)
Heartbeat CPU 0 instructions: 30000008 cycles: 29056953 heartbeat IPC: 0.4892 cumulative IPC: 0.2732 (Simulation time: 00 hr 44 min 01 sec)
Heartbeat CPU 4 instructions: 30000008 cycles: 29060255 heartbeat IPC: 0.4891 cumulative IPC: 0.2735 (Simulation time: 00 hr 44 min 02 sec)
Heartbeat CPU 2 instructions: 30000008 cycles: 29073452 heartbeat IPC: 0.4888 cumulative IPC: 0.2732 (Simulation time: 00 hr 44 min 02 sec)
Heartbeat CPU 1 instructions: 30000008 cycles: 29092898 heartbeat IPC: 0.4883 cumulative IPC: 0.2729 (Simulation time: 00 hr 44 min 04 sec)
Heartbeat CPU 7 instructions: 30000008 cycles: 29164920 heartbeat IPC: 0.4866 cumulative IPC: 0.272 (Simulation time: 00 hr 44 min 08 sec)
Heartbeat CPU 3 instructions: 40000008 cycles: 66166728 heartbeat IPC: 0.2695 cumulative IPC: 0.2708 (Simulation time: 01 hr 22 min 09 sec)
Heartbeat CPU 6 instructions: 40000008 cycles: 66275772 heartbeat IPC: 0.2686 cumulative IPC: 0.2703 (Simulation time: 01 hr 22 min 16 sec)
Heartbeat CPU 0 instructions: 40000008 cycles: 66286850 heartbeat IPC: 0.2686 cumulative IPC: 0.2701 (Simulation time: 01 hr 22 min 17 sec)
Heartbeat CPU 1 instructions: 40000008 cycles: 66417520 heartbeat IPC: 0.2679 cumulative IPC: 0.2696 (Simulation time: 01 hr 22 min 25 sec)
Heartbeat CPU 2 instructions: 40000008 cycles: 66424660 heartbeat IPC: 0.2677 cumulative IPC: 0.2695 (Simulation time: 01 hr 22 min 25 sec)
Heartbeat CPU 4 instructions: 40000008 cycles: 66427532 heartbeat IPC: 0.2676 cumulative IPC: 0.2695 (Simulation time: 01 hr 22 min 25 sec)
Heartbeat CPU 5 instructions: 40000008 cycles: 66440343 heartbeat IPC: 0.2675 cumulative IPC: 0.2695 (Simulation time: 01 hr 22 min 26 sec)
Heartbeat CPU 7 instructions: 40000008 cycles: 66475497 heartbeat IPC: 0.268 cumulative IPC: 0.2693 (Simulation time: 01 hr 22 min 28 sec)
Heartbeat CPU 3 instructions: 50000008 cycles: 103252297 heartbeat IPC: 0.2696 cumulative IPC: 0.2703 (Simulation time: 02 hr 00 min 18 sec)
Heartbeat CPU 6 instructions: 50000008 cycles: 103360401 heartbeat IPC: 0.2697 cumulative IPC: 0.27 (Simulation time: 02 hr 00 min 25 sec)
Heartbeat CPU 4 instructions: 50000008 cycles: 103443907 heartbeat IPC: 0.2702 cumulative IPC: 0.2698 (Simulation time: 02 hr 00 min 30 sec)
Heartbeat CPU 5 instructions: 50000008 cycles: 103455754 heartbeat IPC: 0.2702 cumulative IPC: 0.2698 (Simulation time: 02 hr 00 min 30 sec)
Heartbeat CPU 0 instructions: 50000008 cycles: 103480335 heartbeat IPC: 0.2689 cumulative IPC: 0.2696 (Simulation time: 02 hr 00 min 32 sec)
Heartbeat CPU 7 instructions: 50000008 cycles: 103518919 heartbeat IPC: 0.27 cumulative IPC: 0.2696 (Simulation time: 02 hr 00 min 34 sec)
Heartbeat CPU 1 instructions: 50000008 cycles: 103523649 heartbeat IPC: 0.2695 cumulative IPC: 0.2695 (Simulation time: 02 hr 00 min 35 sec)
Heartbeat CPU 2 instructions: 50000008 cycles: 103525023 heartbeat IPC: 0.2695 cumulative IPC: 0.2695 (Simulation time: 02 hr 00 min 35 sec)
Heartbeat CPU 3 instructions: 60000008 cycles: 140209460 heartbeat IPC: 0.2706 cumulative IPC: 0.2704 (Simulation time: 02 hr 38 min 20 sec)
Heartbeat CPU 6 instructions: 60000008 cycles: 140328024 heartbeat IPC: 0.2705 cumulative IPC: 0.2702 (Simulation time: 02 hr 38 min 27 sec)
Heartbeat CPU 7 instructions: 60000008 cycles: 140438302 heartbeat IPC: 0.2709 cumulative IPC: 0.2699 (Simulation time: 02 hr 38 min 34 sec)
Heartbeat CPU 4 instructions: 60000008 cycles: 140444824 heartbeat IPC: 0.2703 cumulative IPC: 0.2699 (Simulation time: 02 hr 38 min 34 sec)
Heartbeat CPU 0 instructions: 60000008 cycles: 140470966 heartbeat IPC: 0.2703 cumulative IPC: 0.2698 (Simulation time: 02 hr 38 min 36 sec)
Heartbeat CPU 1 instructions: 60000008 cycles: 140491574 heartbeat IPC: 0.2705 cumulative IPC: 0.2698 (Simulation time: 02 hr 38 min 37 sec)
Heartbeat CPU 5 instructions: 60000008 cycles: 140511800 heartbeat IPC: 0.2699 cumulative IPC: 0.2698 (Simulation time: 02 hr 38 min 38 sec)
Heartbeat CPU 2 instructions: 60000008 cycles: 140542552 heartbeat IPC: 0.2701 cumulative IPC: 0.2697 (Simulation time: 02 hr 38 min 40 sec)
Heartbeat CPU 3 instructions: 70000011 cycles: 190419527 heartbeat IPC: 0.1992 cumulative IPC: 0.2505 (Simulation time: 03 hr 25 min 51 sec)
Heartbeat CPU 6 instructions: 70000011 cycles: 190485651 heartbeat IPC: 0.1994 cumulative IPC: 0.2504 (Simulation time: 03 hr 25 min 55 sec)
Heartbeat CPU 1 instructions: 70000011 cycles: 190507549 heartbeat IPC: 0.1999 cumulative IPC: 0.2504 (Simulation time: 03 hr 25 min 56 sec)
Heartbeat CPU 7 instructions: 70000011 cycles: 190522720 heartbeat IPC: 0.1997 cumulative IPC: 0.2504 (Simulation time: 03 hr 25 min 57 sec)
Heartbeat CPU 2 instructions: 70000011 cycles: 190543813 heartbeat IPC: 0.2 cumulative IPC: 0.2503 (Simulation time: 03 hr 25 min 58 sec)
Heartbeat CPU 5 instructions: 70000011 cycles: 190544112 heartbeat IPC: 0.1999 cumulative IPC: 0.2503 (Simulation time: 03 hr 25 min 58 sec)
Heartbeat CPU 0 instructions: 70000011 cycles: 190545609 heartbeat IPC: 0.1997 cumulative IPC: 0.2503 (Simulation time: 03 hr 25 min 58 sec)
Heartbeat CPU 4 instructions: 70000011 cycles: 190547237 heartbeat IPC: 0.1996 cumulative IPC: 0.2503 (Simulation time: 03 hr 25 min 59 sec)
Heartbeat CPU 3 instructions: 80000014 cycles: 220773614 heartbeat IPC: 0.3294 cumulative IPC: 0.2619 (Simulation time: 03 hr 57 min 30 sec)
Heartbeat CPU 5 instructions: 80000014 cycles: 220846042 heartbeat IPC: 0.33 cumulative IPC: 0.2618 (Simulation time: 03 hr 57 min 35 sec)
Heartbeat CPU 2 instructions: 80000014 cycles: 220860530 heartbeat IPC: 0.3299 cumulative IPC: 0.2618 (Simulation time: 03 hr 57 min 36 sec)
Heartbeat CPU 7 instructions: 80000014 cycles: 220879797 heartbeat IPC: 0.3294 cumulative IPC: 0.2618 (Simulation time: 03 hr 57 min 37 sec)
Heartbeat CPU 0 instructions: 80000014 cycles: 220895967 heartbeat IPC: 0.3295 cumulative IPC: 0.2617 (Simulation time: 03 hr 57 min 38 sec)
Heartbeat CPU 1 instructions: 80000014 cycles: 220919164 heartbeat IPC: 0.3288 cumulative IPC: 0.2617 (Simulation time: 03 hr 57 min 40 sec)
Heartbeat CPU 6 instructions: 80000014 cycles: 220937702 heartbeat IPC: 0.3284 cumulative IPC: 0.2617 (Simulation time: 03 hr 57 min 41 sec)
Heartbeat CPU 4 instructions: 80000014 cycles: 220947727 heartbeat IPC: 0.3289 cumulative IPC: 0.2617 (Simulation time: 03 hr 57 min 42 sec)
Heartbeat CPU 3 instructions: 90000014 cycles: 250993926 heartbeat IPC: 0.3309 cumulative IPC: 0.2706 (Simulation time: 04 hr 29 min 09 sec)
Heartbeat CPU 7 instructions: 90000014 cycles: 251121986 heartbeat IPC: 0.3307 cumulative IPC: 0.2705 (Simulation time: 04 hr 29 min 18 sec)
Heartbeat CPU 5 instructions: 90000014 cycles: 251122951 heartbeat IPC: 0.3303 cumulative IPC: 0.2704 (Simulation time: 04 hr 29 min 18 sec)
Heartbeat CPU 2 instructions: 90000014 cycles: 251152390 heartbeat IPC: 0.3301 cumulative IPC: 0.2704 (Simulation time: 04 hr 29 min 20 sec)
Heartbeat CPU 1 instructions: 90000014 cycles: 251194578 heartbeat IPC: 0.3303 cumulative IPC: 0.2704 (Simulation time: 04 hr 29 min 23 sec)
Heartbeat CPU 6 instructions: 90000014 cycles: 251212347 heartbeat IPC: 0.3303 cumulative IPC: 0.2703 (Simulation time: 04 hr 29 min 24 sec)
Heartbeat CPU 0 instructions: 90000014 cycles: 251227755 heartbeat IPC: 0.3297 cumulative IPC: 0.2703 (Simulation time: 04 hr 29 min 25 sec)
Heartbeat CPU 4 instructions: 90000014 cycles: 251264874 heartbeat IPC: 0.3298 cumulative IPC: 0.2703 (Simulation time: 04 hr 29 min 28 sec)
Heartbeat CPU 3 instructions: 100000015 cycles: 281175556 heartbeat IPC: 0.3313 cumulative IPC: 0.2774 (Simulation time: 05 hr 00 min 37 sec)
Heartbeat CPU 7 instructions: 100000015 cycles: 281360478 heartbeat IPC: 0.3307 cumulative IPC: 0.2772 (Simulation time: 05 hr 00 min 49 sec)
Heartbeat CPU 2 instructions: 100000015 cycles: 281422923 heartbeat IPC: 0.3304 cumulative IPC: 0.2771 (Simulation time: 05 hr 00 min 53 sec)
Heartbeat CPU 5 instructions: 100000015 cycles: 281464987 heartbeat IPC: 0.3296 cumulative IPC: 0.2771 (Simulation time: 05 hr 00 min 56 sec)
Heartbeat CPU 6 instructions: 100000015 cycles: 281498600 heartbeat IPC: 0.3302 cumulative IPC: 0.277 (Simulation time: 05 hr 00 min 58 sec)
Heartbeat CPU 0 instructions: 100000015 cycles: 281533647 heartbeat IPC: 0.33 cumulative IPC: 0.277 (Simulation time: 05 hr 01 min 00 sec)
Heartbeat CPU 1 instructions: 100000015 cycles: 281548769 heartbeat IPC: 0.3294 cumulative IPC: 0.277 (Simulation time: 05 hr 01 min 01 sec)
Heartbeat CPU 4 instructions: 100000015 cycles: 281554046 heartbeat IPC: 0.3302 cumulative IPC: 0.277 (Simulation time: 05 hr 01 min 02 sec)
Heartbeat CPU 3 instructions: 110000019 cycles: 311599031 heartbeat IPC: 0.3287 cumulative IPC: 0.2826 (Simulation time: 05 hr 32 min 09 sec)
Heartbeat CPU 7 instructions: 110000019 cycles: 311917902 heartbeat IPC: 0.3273 cumulative IPC: 0.2823 (Simulation time: 05 hr 32 min 28 sec)
Heartbeat CPU 5 instructions: 110000019 cycles: 311961633 heartbeat IPC: 0.3279 cumulative IPC: 0.2822 (Simulation time: 05 hr 32 min 31 sec)
Heartbeat CPU 2 instructions: 110000019 cycles: 312003575 heartbeat IPC: 0.327 cumulative IPC: 0.2822 (Simulation time: 05 hr 32 min 33 sec)
Heartbeat CPU 0 instructions: 110000019 cycles: 312028758 heartbeat IPC: 0.3279 cumulative IPC: 0.2821 (Simulation time: 05 hr 32 min 35 sec)
Heartbeat CPU 6 instructions: 110000019 cycles: 312058938 heartbeat IPC: 0.3272 cumulative IPC: 0.2821 (Simulation time: 05 hr 32 min 37 sec)
Heartbeat CPU 1 instructions: 110000019 cycles: 312132503 heartbeat IPC: 0.327 cumulative IPC: 0.2821 (Simulation time: 05 hr 32 min 41 sec)
Heartbeat CPU 4 instructions: 110000019 cycles: 312214302 heartbeat IPC: 0.3262 cumulative IPC: 0.282 (Simulation time: 05 hr 32 min 46 sec)
Heartbeat CPU 3 instructions: 120000020 cycles: 342363495 heartbeat IPC: 0.3251 cumulative IPC: 0.2865 (Simulation time: 06 hr 04 min 05 sec)
Heartbeat CPU 7 instructions: 120000020 cycles: 342730273 heartbeat IPC: 0.3245 cumulative IPC: 0.2862 (Simulation time: 06 hr 04 min 27 sec)
Heartbeat CPU 2 instructions: 120000020 cycles: 342787985 heartbeat IPC: 0.3248 cumulative IPC: 0.2861 (Simulation time: 06 hr 04 min 31 sec)
Heartbeat CPU 0 instructions: 120000020 cycles: 342797535 heartbeat IPC: 0.325 cumulative IPC: 0.2861 (Simulation time: 06 hr 04 min 31 sec)
Heartbeat CPU 5 instructions: 120000020 cycles: 342871865 heartbeat IPC: 0.3235 cumulative IPC: 0.2861 (Simulation time: 06 hr 04 min 36 sec)
Heartbeat CPU 1 instructions: 120000020 cycles: 342940549 heartbeat IPC: 0.3246 cumulative IPC: 0.286 (Simulation time: 06 hr 04 min 40 sec)
Heartbeat CPU 6 instructions: 120000020 cycles: 342976357 heartbeat IPC: 0.3234 cumulative IPC: 0.286 (Simulation time: 06 hr 04 min 42 sec)
Heartbeat CPU 4 instructions: 120000020 cycles: 342980135 heartbeat IPC: 0.325 cumulative IPC: 0.286 (Simulation time: 06 hr 04 min 43 sec)
Simulation finished CPU 3 instructions: 100000000 cycles: 346898595 cumulative IPC: 0.2883 (Simulation time: 06 hr 20 min 02 sec)
Simulation finished CPU 2 instructions: 100000000 cycles: 347256537 cumulative IPC: 0.288 (Simulation time: 06 hr 20 min 24 sec)
Simulation finished CPU 7 instructions: 100000000 cycles: 347284331 cumulative IPC: 0.2879 (Simulation time: 06 hr 20 min 26 sec)
Simulation finished CPU 5 instructions: 100000001 cycles: 347320882 cumulative IPC: 0.2879 (Simulation time: 06 hr 20 min 28 sec)
Simulation finished CPU 0 instructions: 100000000 cycles: 347354362 cumulative IPC: 0.2879 (Simulation time: 06 hr 20 min 30 sec)
Simulation finished CPU 4 instructions: 100000002 cycles: 347387082 cumulative IPC: 0.2879 (Simulation time: 06 hr 20 min 32 sec)
Simulation finished CPU 1 instructions: 100000002 cycles: 347413258 cumulative IPC: 0.2878 (Simulation time: 06 hr 20 min 34 sec)
Simulation finished CPU 6 instructions: 100000003 cycles: 347484225 cumulative IPC: 0.2878 (Simulation time: 06 hr 20 min 38 sec)
Simulation complete CPU 7 instructions: 100057794 cycles: 347484225 cumulative IPC: 0.2879 (Simulation time: 06 hr 20 min 38 sec)
Simulation complete CPU 6 instructions: 100000003 cycles: 347484225 cumulative IPC: 0.2878 (Simulation time: 06 hr 20 min 38 sec)
Simulation complete CPU 5 instructions: 100048260 cycles: 347484225 cumulative IPC: 0.2879 (Simulation time: 06 hr 20 min 38 sec)
Simulation complete CPU 4 instructions: 100029013 cycles: 347484225 cumulative IPC: 0.2879 (Simulation time: 06 hr 20 min 38 sec)
Simulation complete CPU 3 instructions: 100167797 cycles: 347484225 cumulative IPC: 0.2883 (Simulation time: 06 hr 20 min 38 sec)
Simulation complete CPU 2 instructions: 100065901 cycles: 347484225 cumulative IPC: 0.288 (Simulation time: 06 hr 20 min 38 sec)
Simulation complete CPU 1 instructions: 100020585 cycles: 347484225 cumulative IPC: 0.2878 (Simulation time: 06 hr 20 min 38 sec)
Simulation complete CPU 0 instructions: 100038397 cycles: 347484225 cumulative IPC: 0.2879 (Simulation time: 06 hr 20 min 38 sec)

ChampSim completed all CPUs

=== Simulation ===
CPU 0 runs TRACES/ctf/ligra/ligra_BC.com-lj.ungraph.gcc_6.3.0_O3.drop_15500M.length_250M.champsimtrace.xz
CPU 1 runs TRACES/ctf/ligra/ligra_BC.com-lj.ungraph.gcc_6.3.0_O3.drop_15500M.length_250M.champsimtrace.xz
CPU 2 runs TRACES/ctf/ligra/ligra_BC.com-lj.ungraph.gcc_6.3.0_O3.drop_15500M.length_250M.champsimtrace.xz
CPU 3 runs TRACES/ctf/ligra/ligra_BC.com-lj.ungraph.gcc_6.3.0_O3.drop_15500M.length_250M.champsimtrace.xz
CPU 4 runs TRACES/ctf/ligra/ligra_BC.com-lj.ungraph.gcc_6.3.0_O3.drop_15500M.length_250M.champsimtrace.xz
CPU 5 runs TRACES/ctf/ligra/ligra_BC.com-lj.ungraph.gcc_6.3.0_O3.drop_15500M.length_250M.champsimtrace.xz
CPU 6 runs TRACES/ctf/ligra/ligra_BC.com-lj.ungraph.gcc_6.3.0_O3.drop_15500M.length_250M.champsimtrace.xz
CPU 7 runs TRACES/ctf/ligra/ligra_BC.com-lj.ungraph.gcc_6.3.0_O3.drop_15500M.length_250M.champsimtrace.xz

Total Simulation Statistics (not including warmup)

CPU 7 cumulative IPC: 0.2879 instructions: 100057794 cycles: 347484225
CPU 7 Branch Prediction Accuracy: 100% MPKI: 0 Average ROB Occupancy at Mispredict: -
Branch type MPKI
BRANCH_DIRECT_JUMP: 0
BRANCH_INDIRECT: 0
BRANCH_CONDITIONAL: 0
BRANCH_DIRECT_CALL: 0
BRANCH_INDIRECT_CALL: 0
BRANCH_RETURN: 0


CPU 6 cumulative IPC: 0.2878 instructions: 100000003 cycles: 347484225
CPU 6 Branch Prediction Accuracy: 100% MPKI: 0 Average ROB Occupancy at Mispredict: -
Branch type MPKI
BRANCH_DIRECT_JUMP: 0
BRANCH_INDIRECT: 0
BRANCH_CONDITIONAL: 0
BRANCH_DIRECT_CALL: 0
BRANCH_INDIRECT_CALL: 0
BRANCH_RETURN: 0


CPU 5 cumulative IPC: 0.2879 instructions: 100048260 cycles: 347484225
CPU 5 Branch Prediction Accuracy: 100% MPKI: 0 Average ROB Occupancy at Mispredict: -
Branch type MPKI
BRANCH_DIRECT_JUMP: 0
BRANCH_INDIRECT: 0
BRANCH_CONDITIONAL: 0
BRANCH_DIRECT_CALL: 0
BRANCH_INDIRECT_CALL: 0
BRANCH_RETURN: 0


CPU 4 cumulative IPC: 0.2879 instructions: 100029013 cycles: 347484225
CPU 4 Branch Prediction Accuracy: 100% MPKI: 0 Average ROB Occupancy at Mispredict: -
Branch type MPKI
BRANCH_DIRECT_JUMP: 0
BRANCH_INDIRECT: 0
BRANCH_CONDITIONAL: 0
BRANCH_DIRECT_CALL: 0
BRANCH_INDIRECT_CALL: 0
BRANCH_RETURN: 0


CPU 3 cumulative IPC: 0.2883 instructions: 100167797 cycles: 347484225
CPU 3 Branch Prediction Accuracy: 100% MPKI: 0 Average ROB Occupancy at Mispredict: -
Branch type MPKI
BRANCH_DIRECT_JUMP: 0
BRANCH_INDIRECT: 0
BRANCH_CONDITIONAL: 0
BRANCH_DIRECT_CALL: 0
BRANCH_INDIRECT_CALL: 0
BRANCH_RETURN: 0


CPU 2 cumulative IPC: 0.288 instructions: 100065901 cycles: 347484225
CPU 2 Branch Prediction Accuracy: 100% MPKI: 0 Average ROB Occupancy at Mispredict: -
Branch type MPKI
BRANCH_DIRECT_JUMP: 0
BRANCH_INDIRECT: 0
BRANCH_CONDITIONAL: 0
BRANCH_DIRECT_CALL: 0
BRANCH_INDIRECT_CALL: 0
BRANCH_RETURN: 0


CPU 1 cumulative IPC: 0.2878 instructions: 100020585 cycles: 347484225
CPU 1 Branch Prediction Accuracy: 100% MPKI: 0 Average ROB Occupancy at Mispredict: -
Branch type MPKI
BRANCH_DIRECT_JUMP: 0
BRANCH_INDIRECT: 0
BRANCH_CONDITIONAL: 0
BRANCH_DIRECT_CALL: 0
BRANCH_INDIRECT_CALL: 0
BRANCH_RETURN: 0


CPU 0 cumulative IPC: 0.2879 instructions: 100038397 cycles: 347484225
CPU 0 Branch Prediction Accuracy: 100% MPKI: 0 Average ROB Occupancy at Mispredict: -
Branch type MPKI
BRANCH_DIRECT_JUMP: 0
BRANCH_INDIRECT: 0
BRANCH_CONDITIONAL: 0
BRANCH_DIRECT_CALL: 0
BRANCH_INDIRECT_CALL: 0
BRANCH_RETURN: 0

cpu7->cpu7_STLB TOTAL        ACCESS:         83 HIT:          7 MISS:         76 MSHR_MERGE:          0
cpu7->cpu7_STLB LOAD         ACCESS:         83 HIT:          7 MISS:         76 MSHR_MERGE:          0
cpu7->cpu7_STLB RFO          ACCESS:          0 HIT:          0 MISS:          0 MSHR_MERGE:          0
cpu7->cpu7_STLB PREFETCH     ACCESS:          0 HIT:          0 MISS:          0 MSHR_MERGE:          0
cpu7->cpu7_STLB WRITE        ACCESS:          0 HIT:          0 MISS:          0 MSHR_MERGE:          0
cpu7->cpu7_STLB TRANSLATION  ACCESS:          0 HIT:          0 MISS:          0 MSHR_MERGE:          0
cpu7->cpu7_STLB PREFETCH REQUESTED:          0 ISSUED:          0 USEFUL:          0 USELESS:          0
cpu7->cpu7_STLB AVERAGE MISS LATENCY: 240.8 cycles
cpu7->cpu7_L2C TOTAL        ACCESS:    4497393 HIT:    1954476 MISS:    2542917 MSHR_MERGE:          0
cpu7->cpu7_L2C LOAD         ACCESS:     588620 HIT:         37 MISS:     588583 MSHR_MERGE:          0
cpu7->cpu7_L2C RFO          ACCESS:    1954262 HIT:          0 MISS:    1954262 MSHR_MERGE:          0
cpu7->cpu7_L2C PREFETCH     ACCESS:          0 HIT:          0 MISS:          0 MSHR_MERGE:          0
cpu7->cpu7_L2C WRITE        ACCESS:    1954435 HIT:    1954435 MISS:          0 MSHR_MERGE:          0
cpu7->cpu7_L2C TRANSLATION  ACCESS:         76 HIT:          4 MISS:         72 MSHR_MERGE:          0
cpu7->cpu7_L2C PREFETCH REQUESTED:          0 ISSUED:          0 USEFUL:          0 USELESS:          0
cpu7->cpu7_L2C AVERAGE MISS LATENCY: 785.1 cycles
cpu7->cpu7_L1I TOTAL        ACCESS:   19079052 HIT:   19079022 MISS:         30 MSHR_MERGE:         21
cpu7->cpu7_L1I LOAD         ACCESS:   19079052 HIT:   19079022 MISS:         30 MSHR_MERGE:         21
cpu7->cpu7_L1I RFO          ACCESS:          0 HIT:          0 MISS:          0 MSHR_MERGE:          0
cpu7->cpu7_L1I PREFETCH     ACCESS:          0 HIT:          0 MISS:          0 MSHR_MERGE:          0
cpu7->cpu7_L1I WRITE        ACCESS:          0 HIT:          0 MISS:          0 MSHR_MERGE:          0
cpu7->cpu7_L1I TRANSLATION  ACCESS:          0 HIT:          0 MISS:          0 MSHR_MERGE:          0
cpu7->cpu7_L1I PREFETCH REQUESTED:          0 ISSUED:          0 USEFUL:          0 USELESS:          0
cpu7->cpu7_L1I AVERAGE MISS LATENCY: 1012 cycles
cpu7->cpu7_L1D TOTAL        ACCESS:   26264417 HIT:    5182217 MISS:   21082200 MSHR_MERGE:   18539251
cpu7->cpu7_L1D LOAD         ACCESS:    7506298 HIT:    4048549 MISS:    3457749 MSHR_MERGE:    2869138
cpu7->cpu7_L1D RFO          ACCESS:          0 HIT:          0 MISS:          0 MSHR_MERGE:          0
cpu7->cpu7_L1D PREFETCH     ACCESS:          0 HIT:          0 MISS:          0 MSHR_MERGE:          0
cpu7->cpu7_L1D WRITE        ACCESS:   18758043 HIT:    1133668 MISS:   17624375 MSHR_MERGE:   15670113
cpu7->cpu7_L1D TRANSLATION  ACCESS:         76 HIT:          0 MISS:         76 MSHR_MERGE:          0
cpu7->cpu7_L1D PREFETCH REQUESTED:          0 ISSUED:          0 USEFUL:          0 USELESS:          0
cpu7->cpu7_L1D AVERAGE MISS LATENCY: 794.2 cycles
cpu7->cpu7_ITLB TOTAL        ACCESS:   18877554 HIT:   18877554 MISS:          0 MSHR_MERGE:          0
cpu7->cpu7_ITLB LOAD         ACCESS:   18877554 HIT:   18877554 MISS:          0 MSHR_MERGE:          0
cpu7->cpu7_ITLB RFO          ACCESS:          0 HIT:          0 MISS:          0 MSHR_MERGE:          0
cpu7->cpu7_ITLB PREFETCH     ACCESS:          0 HIT:          0 MISS:          0 MSHR_MERGE:          0
cpu7->cpu7_ITLB WRITE        ACCESS:          0 HIT:          0 MISS:          0 MSHR_MERGE:          0
cpu7->cpu7_ITLB TRANSLATION  ACCESS:          0 HIT:          0 MISS:          0 MSHR_MERGE:          0
cpu7->cpu7_ITLB PREFETCH REQUESTED:          0 ISSUED:          0 USEFUL:          0 USELESS:          0
cpu7->cpu7_ITLB AVERAGE MISS LATENCY: - cycles
cpu7->cpu7_DTLB TOTAL        ACCESS:   23404832 HIT:   23403942 MISS:        890 MSHR_MERGE:        807
cpu7->cpu7_DTLB LOAD         ACCESS:   23404832 HIT:   23403942 MISS:        890 MSHR_MERGE:        807
cpu7->cpu7_DTLB RFO          ACCESS:          0 HIT:          0 MISS:          0 MSHR_MERGE:          0
cpu7->cpu7_DTLB PREFETCH     ACCESS:          0 HIT:          0 MISS:          0 MSHR_MERGE:          0
cpu7->cpu7_DTLB WRITE        ACCESS:          0 HIT:          0 MISS:          0 MSHR_MERGE:          0
cpu7->cpu7_DTLB TRANSLATION  ACCESS:          0 HIT:          0 MISS:          0 MSHR_MERGE:          0
cpu7->cpu7_DTLB PREFETCH REQUESTED:          0 ISSUED:          0 USEFUL:          0 USELESS:          0
cpu7->cpu7_DTLB AVERAGE MISS LATENCY: 226.4 cycles
cpu6->cpu6_STLB TOTAL        ACCESS:         83 HIT:          7 MISS:         76 MSHR_MERGE:          0
cpu6->cpu6_STLB LOAD         ACCESS:         83 HIT:          7 MISS:         76 MSHR_MERGE:          0
cpu6->cpu6_STLB RFO          ACCESS:          0 HIT:          0 MISS:          0 MSHR_MERGE:          0
cpu6->cpu6_STLB PREFETCH     ACCESS:          0 HIT:          0 MISS:          0 MSHR_MERGE:          0
cpu6->cpu6_STLB WRITE        ACCESS:          0 HIT:          0 MISS:          0 MSHR_MERGE:          0
cpu6->cpu6_STLB TRANSLATION  ACCESS:          0 HIT:          0 MISS:          0 MSHR_MERGE:          0
cpu6->cpu6_STLB PREFETCH REQUESTED:          0 ISSUED:          0 USEFUL:          0 USELESS:          0
cpu6->cpu6_STLB AVERAGE MISS LATENCY: 282.9 cycles
cpu6->cpu6_L2C TOTAL        ACCESS:    4495393 HIT:    1953688 MISS:    2541705 MSHR_MERGE:          0
cpu6->cpu6_L2C LOAD         ACCESS:     588213 HIT:         37 MISS:     588176 MSHR_MERGE:          0
cpu6->cpu6_L2C RFO          ACCESS:    1953457 HIT:          0 MISS:    1953457 MSHR_MERGE:          0
cpu6->cpu6_L2C PREFETCH     ACCESS:          0 HIT:          0 MISS:          0 MSHR_MERGE:          0
cpu6->cpu6_L2C WRITE        ACCESS:    1953647 HIT:    1953647 MISS:          0 MSHR_MERGE:          0
cpu6->cpu6_L2C TRANSLATION  ACCESS:         76 HIT:          4 MISS:         72 MSHR_MERGE:          0
cpu6->cpu6_L2C PREFETCH REQUESTED:          0 ISSUED:          0 USEFUL:          0 USELESS:          0
cpu6->cpu6_L2C AVERAGE MISS LATENCY: 786.2 cycles
cpu6->cpu6_L1I TOTAL        ACCESS:   19064744 HIT:   19064715 MISS:         29 MSHR_MERGE:         20
cpu6->cpu6_L1I LOAD         ACCESS:   19064744 HIT:   19064715 MISS:         29 MSHR_MERGE:         20
cpu6->cpu6_L1I RFO          ACCESS:          0 HIT:          0 MISS:          0 MSHR_MERGE:          0
cpu6->cpu6_L1I PREFETCH     ACCESS:          0 HIT:          0 MISS:          0 MSHR_MERGE:          0
cpu6->cpu6_L1I WRITE        ACCESS:          0 HIT:          0 MISS:          0 MSHR_MERGE:          0
cpu6->cpu6_L1I TRANSLATION  ACCESS:          0 HIT:          0 MISS:          0 MSHR_MERGE:          0
cpu6->cpu6_L1I PREFETCH REQUESTED:          0 ISSUED:          0 USEFUL:          0 USELESS:          0
cpu6->cpu6_L1I AVERAGE MISS LATENCY: 1147 cycles
cpu6->cpu6_L1D TOTAL        ACCESS:   26245266 HIT:    5183634 MISS:   21061632 MSHR_MERGE:   18519894
cpu6->cpu6_L1D LOAD         ACCESS:    7499926 HIT:    4048910 MISS:    3451016 MSHR_MERGE:    2862812
cpu6->cpu6_L1D RFO          ACCESS:          0 HIT:          0 MISS:          0 MSHR_MERGE:          0
cpu6->cpu6_L1D PREFETCH     ACCESS:          0 HIT:          0 MISS:          0 MSHR_MERGE:          0
cpu6->cpu6_L1D WRITE        ACCESS:   18745264 HIT:    1134724 MISS:   17610540 MSHR_MERGE:   15657082
cpu6->cpu6_L1D TRANSLATION  ACCESS:         76 HIT:          0 MISS:         76 MSHR_MERGE:          0
cpu6->cpu6_L1D PREFETCH REQUESTED:          0 ISSUED:          0 USEFUL:          0 USELESS:          0
cpu6->cpu6_L1D AVERAGE MISS LATENCY: 795.3 cycles
cpu6->cpu6_ITLB TOTAL        ACCESS:   18861659 HIT:   18861659 MISS:          0 MSHR_MERGE:          0
cpu6->cpu6_ITLB LOAD         ACCESS:   18861659 HIT:   18861659 MISS:          0 MSHR_MERGE:          0
cpu6->cpu6_ITLB RFO          ACCESS:          0 HIT:          0 MISS:          0 MSHR_MERGE:          0
cpu6->cpu6_ITLB PREFETCH     ACCESS:          0 HIT:          0 MISS:          0 MSHR_MERGE:          0
cpu6->cpu6_ITLB WRITE        ACCESS:          0 HIT:          0 MISS:          0 MSHR_MERGE:          0
cpu6->cpu6_ITLB TRANSLATION  ACCESS:          0 HIT:          0 MISS:          0 MSHR_MERGE:          0
cpu6->cpu6_ITLB PREFETCH REQUESTED:          0 ISSUED:          0 USEFUL:          0 USELESS:          0
cpu6->cpu6_ITLB AVERAGE MISS LATENCY: - cycles
cpu6->cpu6_DTLB TOTAL        ACCESS:   23450045 HIT:   23449153 MISS:        892 MSHR_MERGE:        809
cpu6->cpu6_DTLB LOAD         ACCESS:   23450045 HIT:   23449153 MISS:        892 MSHR_MERGE:        809
cpu6->cpu6_DTLB RFO          ACCESS:          0 HIT:          0 MISS:          0 MSHR_MERGE:          0
cpu6->cpu6_DTLB PREFETCH     ACCESS:          0 HIT:          0 MISS:          0 MSHR_MERGE:          0
cpu6->cpu6_DTLB WRITE        ACCESS:          0 HIT:          0 MISS:          0 MSHR_MERGE:          0
cpu6->cpu6_DTLB TRANSLATION  ACCESS:          0 HIT:          0 MISS:          0 MSHR_MERGE:          0
cpu6->cpu6_DTLB PREFETCH REQUESTED:          0 ISSUED:          0 USEFUL:          0 USELESS:          0
cpu6->cpu6_DTLB AVERAGE MISS LATENCY: 265 cycles
cpu5->cpu5_STLB TOTAL        ACCESS:         83 HIT:          7 MISS:         76 MSHR_MERGE:          0
cpu5->cpu5_STLB LOAD         ACCESS:         83 HIT:          7 MISS:         76 MSHR_MERGE:          0
cpu5->cpu5_STLB RFO          ACCESS:          0 HIT:          0 MISS:          0 MSHR_MERGE:          0
cpu5->cpu5_STLB PREFETCH     ACCESS:          0 HIT:          0 MISS:          0 MSHR_MERGE:          0
cpu5->cpu5_STLB WRITE        ACCESS:          0 HIT:          0 MISS:          0 MSHR_MERGE:          0
cpu5->cpu5_STLB TRANSLATION  ACCESS:          0 HIT:          0 MISS:          0 MSHR_MERGE:          0
cpu5->cpu5_STLB PREFETCH REQUESTED:          0 ISSUED:          0 USEFUL:          0 USELESS:          0
cpu5->cpu5_STLB AVERAGE MISS LATENCY: 242.8 cycles
cpu5->cpu5_L2C TOTAL        ACCESS:    4497047 HIT:    1954335 MISS:    2542712 MSHR_MERGE:          0
cpu5->cpu5_L2C LOAD         ACCESS:     588554 HIT:         37 MISS:     588517 MSHR_MERGE:          0
cpu5->cpu5_L2C RFO          ACCESS:    1954123 HIT:          0 MISS:    1954123 MSHR_MERGE:          0
cpu5->cpu5_L2C PREFETCH     ACCESS:          0 HIT:          0 MISS:          0 MSHR_MERGE:          0
cpu5->cpu5_L2C WRITE        ACCESS:    1954294 HIT:    1954294 MISS:          0 MSHR_MERGE:          0
cpu5->cpu5_L2C TRANSLATION  ACCESS:         76 HIT:          4 MISS:         72 MSHR_MERGE:          0
cpu5->cpu5_L2C PREFETCH REQUESTED:          0 ISSUED:          0 USEFUL:          0 USELESS:          0
cpu5->cpu5_L2C AVERAGE MISS LATENCY: 786.6 cycles
cpu5->cpu5_L1I TOTAL        ACCESS:   19075731 HIT:   19075696 MISS:         35 MSHR_MERGE:         26
cpu5->cpu5_L1I LOAD         ACCESS:   19075731 HIT:   19075696 MISS:         35 MSHR_MERGE:         26
cpu5->cpu5_L1I RFO          ACCESS:          0 HIT:          0 MISS:          0 MSHR_MERGE:          0
cpu5->cpu5_L1I PREFETCH     ACCESS:          0 HIT:          0 MISS:          0 MSHR_MERGE:          0
cpu5->cpu5_L1I WRITE        ACCESS:          0 HIT:          0 MISS:          0 MSHR_MERGE:          0
cpu5->cpu5_L1I TRANSLATION  ACCESS:          0 HIT:          0 MISS:          0 MSHR_MERGE:          0
cpu5->cpu5_L1I PREFETCH REQUESTED:          0 ISSUED:          0 USEFUL:          0 USELESS:          0
cpu5->cpu5_L1I AVERAGE MISS LATENCY: 1070 cycles
cpu5->cpu5_L1D TOTAL        ACCESS:   26277177 HIT:    5180059 MISS:   21097118 MSHR_MERGE:   18554374
cpu5->cpu5_L1D LOAD         ACCESS:    7521100 HIT:    4048225 MISS:    3472875 MSHR_MERGE:    2884330
cpu5->cpu5_L1D RFO          ACCESS:          0 HIT:          0 MISS:          0 MSHR_MERGE:          0
cpu5->cpu5_L1D PREFETCH     ACCESS:          0 HIT:          0 MISS:          0 MSHR_MERGE:          0
cpu5->cpu5_L1D WRITE        ACCESS:   18756001 HIT:    1131834 MISS:   17624167 MSHR_MERGE:   15670044
cpu5->cpu5_L1D TRANSLATION  ACCESS:         76 HIT:          0 MISS:         76 MSHR_MERGE:          0
cpu5->cpu5_L1D PREFETCH REQUESTED:          0 ISSUED:          0 USEFUL:          0 USELESS:          0
cpu5->cpu5_L1D AVERAGE MISS LATENCY: 795.7 cycles
cpu5->cpu5_ITLB TOTAL        ACCESS:   18872813 HIT:   18872813 MISS:          0 MSHR_MERGE:          0
cpu5->cpu5_ITLB LOAD         ACCESS:   18872813 HIT:   18872813 MISS:          0 MSHR_MERGE:          0
cpu5->cpu5_ITLB RFO          ACCESS:          0 HIT:          0 MISS:          0 MSHR_MERGE:          0
cpu5->cpu5_ITLB PREFETCH     ACCESS:          0 HIT:          0 MISS:          0 MSHR_MERGE:          0
cpu5->cpu5_ITLB WRITE        ACCESS:          0 HIT:          0 MISS:          0 MSHR_MERGE:          0
cpu5->cpu5_ITLB TRANSLATION  ACCESS:          0 HIT:          0 MISS:          0 MSHR_MERGE:          0
cpu5->cpu5_ITLB PREFETCH REQUESTED:          0 ISSUED:          0 USEFUL:          0 USELESS:          0
cpu5->cpu5_ITLB AVERAGE MISS LATENCY: - cycles
cpu5->cpu5_DTLB TOTAL        ACCESS:   23382970 HIT:   23382120 MISS:        850 MSHR_MERGE:        767
cpu5->cpu5_DTLB LOAD         ACCESS:   23382970 HIT:   23382120 MISS:        850 MSHR_MERGE:        767
cpu5->cpu5_DTLB RFO          ACCESS:          0 HIT:          0 MISS:          0 MSHR_MERGE:          0
cpu5->cpu5_DTLB PREFETCH     ACCESS:          0 HIT:          0 MISS:          0 MSHR_MERGE:          0
cpu5->cpu5_DTLB WRITE        ACCESS:          0 HIT:          0 MISS:          0 MSHR_MERGE:          0
cpu5->cpu5_DTLB TRANSLATION  ACCESS:          0 HIT:          0 MISS:          0 MSHR_MERGE:          0
cpu5->cpu5_DTLB PREFETCH REQUESTED:          0 ISSUED:          0 USEFUL:          0 USELESS:          0
cpu5->cpu5_DTLB AVERAGE MISS LATENCY: 228.2 cycles
cpu4->cpu4_STLB TOTAL        ACCESS:         83 HIT:          7 MISS:         76 MSHR_MERGE:          0
cpu4->cpu4_STLB LOAD         ACCESS:         83 HIT:          7 MISS:         76 MSHR_MERGE:          0
cpu4->cpu4_STLB RFO          ACCESS:          0 HIT:          0 MISS:          0 MSHR_MERGE:          0
cpu4->cpu4_STLB PREFETCH     ACCESS:          0 HIT:          0 MISS:          0 MSHR_MERGE:          0
cpu4->cpu4_STLB WRITE        ACCESS:          0 HIT:          0 MISS:          0 MSHR_MERGE:          0
cpu4->cpu4_STLB TRANSLATION  ACCESS:          0 HIT:          0 MISS:          0 MSHR_MERGE:          0
cpu4->cpu4_STLB PREFETCH REQUESTED:          0 ISSUED:          0 USEFUL:          0 USELESS:          0
cpu4->cpu4_STLB AVERAGE MISS LATENCY: 235.6 cycles
cpu4->cpu4_L2C TOTAL        ACCESS:    4496361 HIT:    1954058 MISS:    2542303 MSHR_MERGE:          0
cpu4->cpu4_L2C LOAD         ACCESS:     588418 HIT:         37 MISS:     588381 MSHR_MERGE:          0
cpu4->cpu4_L2C RFO          ACCESS:    1953850 HIT:          0 MISS:    1953850 MSHR_MERGE:          0
cpu4->cpu4_L2C PREFETCH     ACCESS:          0 HIT:          0 MISS:          0 MSHR_MERGE:          0
cpu4->cpu4_L2C WRITE        ACCESS:    1954017 HIT:    1954017 MISS:          0 MSHR_MERGE:          0
cpu4->cpu4_L2C TRANSLATION  ACCESS:         76 HIT:          4 MISS:         72 MSHR_MERGE:          0
cpu4->cpu4_L2C PREFETCH REQUESTED:          0 ISSUED:          0 USEFUL:          0 USELESS:          0
cpu4->cpu4_L2C AVERAGE MISS LATENCY: 787.6 cycles
cpu4->cpu4_L1I TOTAL        ACCESS:   19071169 HIT:   19071139 MISS:         30 MSHR_MERGE:         21
cpu4->cpu4_L1I LOAD         ACCESS:   19071169 HIT:   19071139 MISS:         30 MSHR_MERGE:         21
cpu4->cpu4_L1I RFO          ACCESS:          0 HIT:          0 MISS:          0 MSHR_MERGE:          0
cpu4->cpu4_L1I PREFETCH     ACCESS:          0 HIT:          0 MISS:          0 MSHR_MERGE:          0
cpu4->cpu4_L1I WRITE        ACCESS:          0 HIT:          0 MISS:          0 MSHR_MERGE:          0
cpu4->cpu4_L1I TRANSLATION  ACCESS:          0 HIT:          0 MISS:          0 MSHR_MERGE:          0
cpu4->cpu4_L1I PREFETCH REQUESTED:          0 ISSUED:          0 USEFUL:          0 USELESS:          0
cpu4->cpu4_L1I AVERAGE MISS LATENCY: 980.9 cycles
cpu4->cpu4_L1D TOTAL        ACCESS:   26272743 HIT:    5183299 MISS:   21089444 MSHR_MERGE:   18547109
cpu4->cpu4_L1D LOAD         ACCESS:    7520874 HIT:    4047857 MISS:    3473017 MSHR_MERGE:    2884608
cpu4->cpu4_L1D RFO          ACCESS:          0 HIT:          0 MISS:          0 MSHR_MERGE:          0
cpu4->cpu4_L1D PREFETCH     ACCESS:          0 HIT:          0 MISS:          0 MSHR_MERGE:          0
cpu4->cpu4_L1D WRITE        ACCESS:   18751793 HIT:    1135442 MISS:   17616351 MSHR_MERGE:   15662501
cpu4->cpu4_L1D TRANSLATION  ACCESS:         76 HIT:          0 MISS:         76 MSHR_MERGE:          0
cpu4->cpu4_L1D PREFETCH REQUESTED:          0 ISSUED:          0 USEFUL:          0 USELESS:          0
cpu4->cpu4_L1D AVERAGE MISS LATENCY: 796.7 cycles
cpu4->cpu4_ITLB TOTAL        ACCESS:   18868304 HIT:   18868304 MISS:          0 MSHR_MERGE:          0
cpu4->cpu4_ITLB LOAD         ACCESS:   18868304 HIT:   18868304 MISS:          0 MSHR_MERGE:          0
cpu4->cpu4_ITLB RFO          ACCESS:          0 HIT:          0 MISS:          0 MSHR_MERGE:          0
cpu4->cpu4_ITLB PREFETCH     ACCESS:          0 HIT:          0 MISS:          0 MSHR_MERGE:          0
cpu4->cpu4_ITLB WRITE        ACCESS:          0 HIT:          0 MISS:          0 MSHR_MERGE:          0
cpu4->cpu4_ITLB TRANSLATION  ACCESS:          0 HIT:          0 MISS:          0 MSHR_MERGE:          0
cpu4->cpu4_ITLB PREFETCH REQUESTED:          0 ISSUED:          0 USEFUL:          0 USELESS:          0
cpu4->cpu4_ITLB AVERAGE MISS LATENCY: - cycles
cpu4->cpu4_DTLB TOTAL        ACCESS:   23378036 HIT:   23377136 MISS:        900 MSHR_MERGE:        817
cpu4->cpu4_DTLB LOAD         ACCESS:   23378036 HIT:   23377136 MISS:        900 MSHR_MERGE:        817
cpu4->cpu4_DTLB RFO          ACCESS:          0 HIT:          0 MISS:          0 MSHR_MERGE:          0
cpu4->cpu4_DTLB PREFETCH     ACCESS:          0 HIT:          0 MISS:          0 MSHR_MERGE:          0
cpu4->cpu4_DTLB WRITE        ACCESS:          0 HIT:          0 MISS:          0 MSHR_MERGE:          0
cpu4->cpu4_DTLB TRANSLATION  ACCESS:          0 HIT:          0 MISS:          0 MSHR_MERGE:          0
cpu4->cpu4_DTLB PREFETCH REQUESTED:          0 ISSUED:          0 USEFUL:          0 USELESS:          0
cpu4->cpu4_DTLB AVERAGE MISS LATENCY: 221.6 cycles
cpu3->cpu3_STLB TOTAL        ACCESS:         83 HIT:          7 MISS:         76 MSHR_MERGE:          0
cpu3->cpu3_STLB LOAD         ACCESS:         83 HIT:          7 MISS:         76 MSHR_MERGE:          0
cpu3->cpu3_STLB RFO          ACCESS:          0 HIT:          0 MISS:          0 MSHR_MERGE:          0
cpu3->cpu3_STLB PREFETCH     ACCESS:          0 HIT:          0 MISS:          0 MSHR_MERGE:          0
cpu3->cpu3_STLB WRITE        ACCESS:          0 HIT:          0 MISS:          0 MSHR_MERGE:          0
cpu3->cpu3_STLB TRANSLATION  ACCESS:          0 HIT:          0 MISS:          0 MSHR_MERGE:          0
cpu3->cpu3_STLB PREFETCH REQUESTED:          0 ISSUED:          0 USEFUL:          0 USELESS:          0
cpu3->cpu3_STLB AVERAGE MISS LATENCY: 428.2 cycles
cpu3->cpu3_L2C TOTAL        ACCESS:    4501187 HIT:    1955967 MISS:    2545220 MSHR_MERGE:          0
cpu3->cpu3_L2C LOAD         ACCESS:     589433 HIT:         37 MISS:     589396 MSHR_MERGE:          0
cpu3->cpu3_L2C RFO          ACCESS:    1955752 HIT:          0 MISS:    1955752 MSHR_MERGE:          0
cpu3->cpu3_L2C PREFETCH     ACCESS:          0 HIT:          0 MISS:          0 MSHR_MERGE:          0
cpu3->cpu3_L2C WRITE        ACCESS:    1955926 HIT:    1955926 MISS:          0 MSHR_MERGE:          0
cpu3->cpu3_L2C TRANSLATION  ACCESS:         76 HIT:          4 MISS:         72 MSHR_MERGE:          0
cpu3->cpu3_L2C PREFETCH REQUESTED:          0 ISSUED:          0 USEFUL:          0 USELESS:          0
cpu3->cpu3_L2C AVERAGE MISS LATENCY: 784.3 cycles
cpu3->cpu3_L1I TOTAL        ACCESS:   19102974 HIT:   19102941 MISS:         33 MSHR_MERGE:         24
cpu3->cpu3_L1I LOAD         ACCESS:   19102974 HIT:   19102941 MISS:         33 MSHR_MERGE:         24
cpu3->cpu3_L1I RFO          ACCESS:          0 HIT:          0 MISS:          0 MSHR_MERGE:          0
cpu3->cpu3_L1I PREFETCH     ACCESS:          0 HIT:          0 MISS:          0 MSHR_MERGE:          0
cpu3->cpu3_L1I WRITE        ACCESS:          0 HIT:          0 MISS:          0 MSHR_MERGE:          0
cpu3->cpu3_L1I TRANSLATION  ACCESS:          0 HIT:          0 MISS:          0 MSHR_MERGE:          0
cpu3->cpu3_L1I PREFETCH REQUESTED:          0 ISSUED:          0 USEFUL:          0 USELESS:          0
cpu3->cpu3_L1I AVERAGE MISS LATENCY: 1089 cycles
cpu3->cpu3_L1D TOTAL        ACCESS:   26277699 HIT:    5196312 MISS:   21081387 MSHR_MERGE:   18536135
cpu3->cpu3_L1D LOAD         ACCESS:    7495334 HIT:    4063128 MISS:    3432206 MSHR_MERGE:    2842782
cpu3->cpu3_L1D RFO          ACCESS:          0 HIT:          0 MISS:          0 MSHR_MERGE:          0
cpu3->cpu3_L1D PREFETCH     ACCESS:          0 HIT:          0 MISS:          0 MSHR_MERGE:          0
cpu3->cpu3_L1D WRITE        ACCESS:   18782289 HIT:    1133184 MISS:   17649105 MSHR_MERGE:   15693353
cpu3->cpu3_L1D TRANSLATION  ACCESS:         76 HIT:          0 MISS:         76 MSHR_MERGE:          0
cpu3->cpu3_L1D PREFETCH REQUESTED:          0 ISSUED:          0 USEFUL:          0 USELESS:          0
cpu3->cpu3_L1D AVERAGE MISS LATENCY: 793.4 cycles
cpu3->cpu3_ITLB TOTAL        ACCESS:   18974632 HIT:   18974632 MISS:          0 MSHR_MERGE:          0
cpu3->cpu3_ITLB LOAD         ACCESS:   18974632 HIT:   18974632 MISS:          0 MSHR_MERGE:          0
cpu3->cpu3_ITLB RFO          ACCESS:          0 HIT:          0 MISS:          0 MSHR_MERGE:          0
cpu3->cpu3_ITLB PREFETCH     ACCESS:          0 HIT:          0 MISS:          0 MSHR_MERGE:          0
cpu3->cpu3_ITLB WRITE        ACCESS:          0 HIT:          0 MISS:          0 MSHR_MERGE:          0
cpu3->cpu3_ITLB TRANSLATION  ACCESS:          0 HIT:          0 MISS:          0 MSHR_MERGE:          0
cpu3->cpu3_ITLB PREFETCH REQUESTED:          0 ISSUED:          0 USEFUL:          0 USELESS:          0
cpu3->cpu3_ITLB AVERAGE MISS LATENCY: - cycles
cpu3->cpu3_DTLB TOTAL        ACCESS:   23483582 HIT:   23482691 MISS:        891 MSHR_MERGE:        808
cpu3->cpu3_DTLB LOAD         ACCESS:   23483582 HIT:   23482691 MISS:        891 MSHR_MERGE:        808
cpu3->cpu3_DTLB RFO          ACCESS:          0 HIT:          0 MISS:          0 MSHR_MERGE:          0
cpu3->cpu3_DTLB PREFETCH     ACCESS:          0 HIT:          0 MISS:          0 MSHR_MERGE:          0
cpu3->cpu3_DTLB WRITE        ACCESS:          0 HIT:          0 MISS:          0 MSHR_MERGE:          0
cpu3->cpu3_DTLB TRANSLATION  ACCESS:          0 HIT:          0 MISS:          0 MSHR_MERGE:          0
cpu3->cpu3_DTLB PREFETCH REQUESTED:          0 ISSUED:          0 USEFUL:          0 USELESS:          0
cpu3->cpu3_DTLB AVERAGE MISS LATENCY: 398 cycles
cpu2->cpu2_STLB TOTAL        ACCESS:         83 HIT:          7 MISS:         76 MSHR_MERGE:          0
cpu2->cpu2_STLB LOAD         ACCESS:         83 HIT:          7 MISS:         76 MSHR_MERGE:          0
cpu2->cpu2_STLB RFO          ACCESS:          0 HIT:          0 MISS:          0 MSHR_MERGE:          0
cpu2->cpu2_STLB PREFETCH     ACCESS:          0 HIT:          0 MISS:          0 MSHR_MERGE:          0
cpu2->cpu2_STLB WRITE        ACCESS:          0 HIT:          0 MISS:          0 MSHR_MERGE:          0
cpu2->cpu2_STLB TRANSLATION  ACCESS:          0 HIT:          0 MISS:          0 MSHR_MERGE:          0
cpu2->cpu2_STLB PREFETCH REQUESTED:          0 ISSUED:          0 USEFUL:          0 USELESS:          0
cpu2->cpu2_STLB AVERAGE MISS LATENCY: 236.5 cycles
cpu2->cpu2_L2C TOTAL        ACCESS:    4497627 HIT:    1954558 MISS:    2543069 MSHR_MERGE:          0
cpu2->cpu2_L2C LOAD         ACCESS:     588686 HIT:         37 MISS:     588649 MSHR_MERGE:          0
cpu2->cpu2_L2C RFO          ACCESS:    1954348 HIT:          0 MISS:    1954348 MSHR_MERGE:          0
cpu2->cpu2_L2C PREFETCH     ACCESS:          0 HIT:          0 MISS:          0 MSHR_MERGE:          0
cpu2->cpu2_L2C WRITE        ACCESS:    1954517 HIT:    1954517 MISS:          0 MSHR_MERGE:          0
cpu2->cpu2_L2C TRANSLATION  ACCESS:         76 HIT:          4 MISS:         72 MSHR_MERGE:          0
cpu2->cpu2_L2C PREFETCH REQUESTED:          0 ISSUED:          0 USEFUL:          0 USELESS:          0
cpu2->cpu2_L2C AVERAGE MISS LATENCY: 786.3 cycles
cpu2->cpu2_L1I TOTAL        ACCESS:   19079509 HIT:   19079478 MISS:         31 MSHR_MERGE:         22
cpu2->cpu2_L1I LOAD         ACCESS:   19079509 HIT:   19079478 MISS:         31 MSHR_MERGE:         22
cpu2->cpu2_L1I RFO          ACCESS:          0 HIT:          0 MISS:          0 MSHR_MERGE:          0
cpu2->cpu2_L1I PREFETCH     ACCESS:          0 HIT:          0 MISS:          0 MSHR_MERGE:          0
cpu2->cpu2_L1I WRITE        ACCESS:          0 HIT:          0 MISS:          0 MSHR_MERGE:          0
cpu2->cpu2_L1I TRANSLATION  ACCESS:          0 HIT:          0 MISS:          0 MSHR_MERGE:          0
cpu2->cpu2_L1I PREFETCH REQUESTED:          0 ISSUED:          0 USEFUL:          0 USELESS:          0
cpu2->cpu2_L1I AVERAGE MISS LATENCY: 951.2 cycles
cpu2->cpu2_L1D TOTAL        ACCESS:   26301065 HIT:    5190758 MISS:   21110307 MSHR_MERGE:   18567206
cpu2->cpu2_L1D LOAD         ACCESS:    7540972 HIT:    4056082 MISS:    3484890 MSHR_MERGE:    2896213
cpu2->cpu2_L1D RFO          ACCESS:          0 HIT:          0 MISS:          0 MSHR_MERGE:          0
cpu2->cpu2_L1D PREFETCH     ACCESS:          0 HIT:          0 MISS:          0 MSHR_MERGE:          0
cpu2->cpu2_L1D WRITE        ACCESS:   18760017 HIT:    1134676 MISS:   17625341 MSHR_MERGE:   15670993
cpu2->cpu2_L1D TRANSLATION  ACCESS:         76 HIT:          0 MISS:         76 MSHR_MERGE:          0
cpu2->cpu2_L1D PREFETCH REQUESTED:          0 ISSUED:          0 USEFUL:          0 USELESS:          0
cpu2->cpu2_L1D AVERAGE MISS LATENCY: 795.4 cycles
cpu2->cpu2_ITLB TOTAL        ACCESS:   18876095 HIT:   18876095 MISS:          0 MSHR_MERGE:          0
cpu2->cpu2_ITLB LOAD         ACCESS:   18876095 HIT:   18876095 MISS:          0 MSHR_MERGE:          0
cpu2->cpu2_ITLB RFO          ACCESS:          0 HIT:          0 MISS:          0 MSHR_MERGE:          0
cpu2->cpu2_ITLB PREFETCH     ACCESS:          0 HIT:          0 MISS:          0 MSHR_MERGE:          0
cpu2->cpu2_ITLB WRITE        ACCESS:          0 HIT:          0 MISS:          0 MSHR_MERGE:          0
cpu2->cpu2_ITLB TRANSLATION  ACCESS:          0 HIT:          0 MISS:          0 MSHR_MERGE:          0
cpu2->cpu2_ITLB PREFETCH REQUESTED:          0 ISSUED:          0 USEFUL:          0 USELESS:          0
cpu2->cpu2_ITLB AVERAGE MISS LATENCY: - cycles
cpu2->cpu2_DTLB TOTAL        ACCESS:   23411057 HIT:   23410177 MISS:        880 MSHR_MERGE:        797
cpu2->cpu2_DTLB LOAD         ACCESS:   23411057 HIT:   23410177 MISS:        880 MSHR_MERGE:        797
cpu2->cpu2_DTLB RFO          ACCESS:          0 HIT:          0 MISS:          0 MSHR_MERGE:          0
cpu2->cpu2_DTLB PREFETCH     ACCESS:          0 HIT:          0 MISS:          0 MSHR_MERGE:          0
cpu2->cpu2_DTLB WRITE        ACCESS:          0 HIT:          0 MISS:          0 MSHR_MERGE:          0
cpu2->cpu2_DTLB TRANSLATION  ACCESS:          0 HIT:          0 MISS:          0 MSHR_MERGE:          0
cpu2->cpu2_DTLB PREFETCH REQUESTED:          0 ISSUED:          0 USEFUL:          0 USELESS:          0
cpu2->cpu2_DTLB AVERAGE MISS LATENCY: 222.5 cycles
cpu1->cpu1_STLB TOTAL        ACCESS:         83 HIT:          7 MISS:         76 MSHR_MERGE:          0
cpu1->cpu1_STLB LOAD         ACCESS:         83 HIT:          7 MISS:         76 MSHR_MERGE:          0
cpu1->cpu1_STLB RFO          ACCESS:          0 HIT:          0 MISS:          0 MSHR_MERGE:          0
cpu1->cpu1_STLB PREFETCH     ACCESS:          0 HIT:          0 MISS:          0 MSHR_MERGE:          0
cpu1->cpu1_STLB WRITE        ACCESS:          0 HIT:          0 MISS:          0 MSHR_MERGE:          0
cpu1->cpu1_STLB TRANSLATION  ACCESS:          0 HIT:          0 MISS:          0 MSHR_MERGE:          0
cpu1->cpu1_STLB PREFETCH REQUESTED:          0 ISSUED:          0 USEFUL:          0 USELESS:          0
cpu1->cpu1_STLB AVERAGE MISS LATENCY: 236.4 cycles
cpu1->cpu1_L2C TOTAL        ACCESS:    4496033 HIT:    1953921 MISS:    2542112 MSHR_MERGE:          0
cpu1->cpu1_L2C LOAD         ACCESS:     588366 HIT:         37 MISS:     588329 MSHR_MERGE:          0
cpu1->cpu1_L2C RFO          ACCESS:    1953711 HIT:          0 MISS:    1953711 MSHR_MERGE:          0
cpu1->cpu1_L2C PREFETCH     ACCESS:          0 HIT:          0 MISS:          0 MSHR_MERGE:          0
cpu1->cpu1_L2C WRITE        ACCESS:    1953880 HIT:    1953880 MISS:          0 MSHR_MERGE:          0
cpu1->cpu1_L2C TRANSLATION  ACCESS:         76 HIT:          4 MISS:         72 MSHR_MERGE:          0
cpu1->cpu1_L2C PREFETCH REQUESTED:          0 ISSUED:          0 USEFUL:          0 USELESS:          0
cpu1->cpu1_L2C AVERAGE MISS LATENCY: 786 cycles
cpu1->cpu1_L1I TOTAL        ACCESS:   19069553 HIT:   19069524 MISS:         29 MSHR_MERGE:         20
cpu1->cpu1_L1I LOAD         ACCESS:   19069553 HIT:   19069524 MISS:         29 MSHR_MERGE:         20
cpu1->cpu1_L1I RFO          ACCESS:          0 HIT:          0 MISS:          0 MSHR_MERGE:          0
cpu1->cpu1_L1I PREFETCH     ACCESS:          0 HIT:          0 MISS:          0 MSHR_MERGE:          0
cpu1->cpu1_L1I WRITE        ACCESS:          0 HIT:          0 MISS:          0 MSHR_MERGE:          0
cpu1->cpu1_L1I TRANSLATION  ACCESS:          0 HIT:          0 MISS:          0 MSHR_MERGE:          0
cpu1->cpu1_L1I PREFETCH REQUESTED:          0 ISSUED:          0 USEFUL:          0 USELESS:          0
cpu1->cpu1_L1I AVERAGE MISS LATENCY: 987.2 cycles
cpu1->cpu1_L1D TOTAL        ACCESS:   26257404 HIT:    5174913 MISS:   21082491 MSHR_MERGE:   18540347
cpu1->cpu1_L1D LOAD         ACCESS:    7507217 HIT:    4043118 MISS:    3464099 MSHR_MERGE:    2875742
cpu1->cpu1_L1D RFO          ACCESS:          0 HIT:          0 MISS:          0 MSHR_MERGE:          0
cpu1->cpu1_L1D PREFETCH     ACCESS:          0 HIT:          0 MISS:          0 MSHR_MERGE:          0
cpu1->cpu1_L1D WRITE        ACCESS:   18750111 HIT:    1131795 MISS:   17618316 MSHR_MERGE:   15664605
cpu1->cpu1_L1D TRANSLATION  ACCESS:         76 HIT:          0 MISS:         76 MSHR_MERGE:          0
cpu1->cpu1_L1D PREFETCH REQUESTED:          0 ISSUED:          0 USEFUL:          0 USELESS:          0
cpu1->cpu1_L1D AVERAGE MISS LATENCY: 795.1 cycles
cpu1->cpu1_ITLB TOTAL        ACCESS:   18941382 HIT:   18941382 MISS:          0 MSHR_MERGE:          0
cpu1->cpu1_ITLB LOAD         ACCESS:   18941382 HIT:   18941382 MISS:          0 MSHR_MERGE:          0
cpu1->cpu1_ITLB RFO          ACCESS:          0 HIT:          0 MISS:          0 MSHR_MERGE:          0
cpu1->cpu1_ITLB PREFETCH     ACCESS:          0 HIT:          0 MISS:          0 MSHR_MERGE:          0
cpu1->cpu1_ITLB WRITE        ACCESS:          0 HIT:          0 MISS:          0 MSHR_MERGE:          0
cpu1->cpu1_ITLB TRANSLATION  ACCESS:          0 HIT:          0 MISS:          0 MSHR_MERGE:          0
cpu1->cpu1_ITLB PREFETCH REQUESTED:          0 ISSUED:          0 USEFUL:          0 USELESS:          0
cpu1->cpu1_ITLB AVERAGE MISS LATENCY: - cycles
cpu1->cpu1_DTLB TOTAL        ACCESS:   23401022 HIT:   23400137 MISS:        885 MSHR_MERGE:        802
cpu1->cpu1_DTLB LOAD         ACCESS:   23401022 HIT:   23400137 MISS:        885 MSHR_MERGE:        802
cpu1->cpu1_DTLB RFO          ACCESS:          0 HIT:          0 MISS:          0 MSHR_MERGE:          0
cpu1->cpu1_DTLB PREFETCH     ACCESS:          0 HIT:          0 MISS:          0 MSHR_MERGE:          0
cpu1->cpu1_DTLB WRITE        ACCESS:          0 HIT:          0 MISS:          0 MSHR_MERGE:          0
cpu1->cpu1_DTLB TRANSLATION  ACCESS:          0 HIT:          0 MISS:          0 MSHR_MERGE:          0
cpu1->cpu1_DTLB PREFETCH REQUESTED:          0 ISSUED:          0 USEFUL:          0 USELESS:          0
cpu1->cpu1_DTLB AVERAGE MISS LATENCY: 222.4 cycles
cpu0->cpu0_STLB TOTAL        ACCESS:         83 HIT:          7 MISS:         76 MSHR_MERGE:          0
cpu0->cpu0_STLB LOAD         ACCESS:         83 HIT:          7 MISS:         76 MSHR_MERGE:          0
cpu0->cpu0_STLB RFO          ACCESS:          0 HIT:          0 MISS:          0 MSHR_MERGE:          0
cpu0->cpu0_STLB PREFETCH     ACCESS:          0 HIT:          0 MISS:          0 MSHR_MERGE:          0
cpu0->cpu0_STLB WRITE        ACCESS:          0 HIT:          0 MISS:          0 MSHR_MERGE:          0
cpu0->cpu0_STLB TRANSLATION  ACCESS:          0 HIT:          0 MISS:          0 MSHR_MERGE:          0
cpu0->cpu0_STLB PREFETCH REQUESTED:          0 ISSUED:          0 USEFUL:          0 USELESS:          0
cpu0->cpu0_STLB AVERAGE MISS LATENCY: 240.2 cycles
cpu0->cpu0_L2C TOTAL        ACCESS:    4496568 HIT:    1954119 MISS:    2542449 MSHR_MERGE:          0
cpu0->cpu0_L2C LOAD         ACCESS:     588504 HIT:         37 MISS:     588467 MSHR_MERGE:          0
cpu0->cpu0_L2C RFO          ACCESS:    1953910 HIT:          0 MISS:    1953910 MSHR_MERGE:          0
cpu0->cpu0_L2C PREFETCH     ACCESS:          0 HIT:          0 MISS:          0 MSHR_MERGE:          0
cpu0->cpu0_L2C WRITE        ACCESS:    1954078 HIT:    1954078 MISS:          0 MSHR_MERGE:          0
cpu0->cpu0_L2C TRANSLATION  ACCESS:         76 HIT:          4 MISS:         72 MSHR_MERGE:          0
cpu0->cpu0_L2C PREFETCH REQUESTED:          0 ISSUED:          0 USEFUL:          0 USELESS:          0
cpu0->cpu0_L2C AVERAGE MISS LATENCY: 785.9 cycles
cpu0->cpu0_L1I TOTAL        ACCESS:   19073935 HIT:   19073906 MISS:         29 MSHR_MERGE:         20
cpu0->cpu0_L1I LOAD         ACCESS:   19073935 HIT:   19073906 MISS:         29 MSHR_MERGE:         20
cpu0->cpu0_L1I RFO          ACCESS:          0 HIT:          0 MISS:          0 MSHR_MERGE:          0
cpu0->cpu0_L1I PREFETCH     ACCESS:          0 HIT:          0 MISS:          0 MSHR_MERGE:          0
cpu0->cpu0_L1I WRITE        ACCESS:          0 HIT:          0 MISS:          0 MSHR_MERGE:          0
cpu0->cpu0_L1I TRANSLATION  ACCESS:          0 HIT:          0 MISS:          0 MSHR_MERGE:          0
cpu0->cpu0_L1I PREFETCH REQUESTED:          0 ISSUED:          0 USEFUL:          0 USELESS:          0
cpu0->cpu0_L1I AVERAGE MISS LATENCY: 860.8 cycles
cpu0->cpu0_L1D TOTAL        ACCESS:   26241333 HIT:    5197992 MISS:   21043341 MSHR_MERGE:   18500860
cpu0->cpu0_L1D LOAD         ACCESS:    7486840 HIT:    4058941 MISS:    3427899 MSHR_MERGE:    2839404
cpu0->cpu0_L1D RFO          ACCESS:          0 HIT:          0 MISS:          0 MSHR_MERGE:          0
cpu0->cpu0_L1D PREFETCH     ACCESS:          0 HIT:          0 MISS:          0 MSHR_MERGE:          0
cpu0->cpu0_L1D WRITE        ACCESS:   18754417 HIT:    1139051 MISS:   17615366 MSHR_MERGE:   15661456
cpu0->cpu0_L1D TRANSLATION  ACCESS:         76 HIT:          0 MISS:         76 MSHR_MERGE:          0
cpu0->cpu0_L1D PREFETCH REQUESTED:          0 ISSUED:          0 USEFUL:          0 USELESS:          0
cpu0->cpu0_L1D AVERAGE MISS LATENCY: 795 cycles
cpu0->cpu0_ITLB TOTAL        ACCESS:   18945808 HIT:   18945808 MISS:          0 MSHR_MERGE:          0
cpu0->cpu0_ITLB LOAD         ACCESS:   18945808 HIT:   18945808 MISS:          0 MSHR_MERGE:          0
cpu0->cpu0_ITLB RFO          ACCESS:          0 HIT:          0 MISS:          0 MSHR_MERGE:          0
cpu0->cpu0_ITLB PREFETCH     ACCESS:          0 HIT:          0 MISS:          0 MSHR_MERGE:          0
cpu0->cpu0_ITLB WRITE        ACCESS:          0 HIT:          0 MISS:          0 MSHR_MERGE:          0
cpu0->cpu0_ITLB TRANSLATION  ACCESS:          0 HIT:          0 MISS:          0 MSHR_MERGE:          0
cpu0->cpu0_ITLB PREFETCH REQUESTED:          0 ISSUED:          0 USEFUL:          0 USELESS:          0
cpu0->cpu0_ITLB AVERAGE MISS LATENCY: - cycles
cpu0->cpu0_DTLB TOTAL        ACCESS:   23452196 HIT:   23451309 MISS:        887 MSHR_MERGE:        804
cpu0->cpu0_DTLB LOAD         ACCESS:   23452196 HIT:   23451309 MISS:        887 MSHR_MERGE:        804
cpu0->cpu0_DTLB RFO          ACCESS:          0 HIT:          0 MISS:          0 MSHR_MERGE:          0
cpu0->cpu0_DTLB PREFETCH     ACCESS:          0 HIT:          0 MISS:          0 MSHR_MERGE:          0
cpu0->cpu0_DTLB WRITE        ACCESS:          0 HIT:          0 MISS:          0 MSHR_MERGE:          0
cpu0->cpu0_DTLB TRANSLATION  ACCESS:          0 HIT:          0 MISS:          0 MSHR_MERGE:          0
cpu0->cpu0_DTLB PREFETCH REQUESTED:          0 ISSUED:          0 USEFUL:          0 USELESS:          0
cpu0->cpu0_DTLB AVERAGE MISS LATENCY: 225.8 cycles
cpu0->LLC TOTAL        ACCESS:    4498191 HIT:    1954407 MISS:    2543784 MSHR_MERGE:          0
cpu0->LLC LOAD         ACCESS:     588469 HIT:          0 MISS:     588469 MSHR_MERGE:          0
cpu0->LLC RFO          ACCESS:    1953918 HIT:          0 MISS:    1953918 MSHR_MERGE:          0
cpu0->LLC PREFETCH     ACCESS:          0 HIT:          0 MISS:          0 MSHR_MERGE:          0
cpu0->LLC WRITE        ACCESS:    1955732 HIT:    1954335 MISS:       1397 MSHR_MERGE:          0
cpu0->LLC TRANSLATION  ACCESS:         72 HIT:         72 MISS:          0 MSHR_MERGE:          0
cpu0->LLC PREFETCH REQUESTED:          0 ISSUED:          0 USEFUL:          0 USELESS:          0
cpu0->LLC AVERAGE MISS LATENCY: 6157 cycles
cpu1->LLC TOTAL        ACCESS:    4497682 HIT:    1954337 MISS:    2543345 MSHR_MERGE:          0
cpu1->LLC LOAD         ACCESS:     588330 HIT:          0 MISS:     588330 MSHR_MERGE:          0
cpu1->LLC RFO          ACCESS:    1953719 HIT:          0 MISS:    1953719 MSHR_MERGE:          0
cpu1->LLC PREFETCH     ACCESS:          0 HIT:          0 MISS:          0 MSHR_MERGE:          0
cpu1->LLC WRITE        ACCESS:    1955561 HIT:    1954265 MISS:       1296 MSHR_MERGE:          0
cpu1->LLC TRANSLATION  ACCESS:         72 HIT:         72 MISS:          0 MSHR_MERGE:          0
cpu1->LLC PREFETCH REQUESTED:          0 ISSUED:          0 USEFUL:          0 USELESS:          0
cpu1->LLC AVERAGE MISS LATENCY: 6158 cycles
cpu2->LLC TOTAL        ACCESS:    4499134 HIT:    1954654 MISS:    2544480 MSHR_MERGE:          0
cpu2->LLC LOAD         ACCESS:     588651 HIT:          0 MISS:     588651 MSHR_MERGE:          0
cpu2->LLC RFO          ACCESS:    1954355 HIT:          0 MISS:    1954355 MSHR_MERGE:          0
cpu2->LLC PREFETCH     ACCESS:          0 HIT:          0 MISS:          0 MSHR_MERGE:          0
cpu2->LLC WRITE        ACCESS:    1956056 HIT:    1954582 MISS:       1474 MSHR_MERGE:          0
cpu2->LLC TRANSLATION  ACCESS:         72 HIT:         72 MISS:          0 MSHR_MERGE:          0
cpu2->LLC PREFETCH REQUESTED:          0 ISSUED:          0 USEFUL:          0 USELESS:          0
cpu2->LLC AVERAGE MISS LATENCY: 6155 cycles
cpu3->LLC TOTAL        ACCESS:    4502862 HIT:    1955471 MISS:    2547391 MSHR_MERGE:          0
cpu3->LLC LOAD         ACCESS:     589397 HIT:          0 MISS:     589397 MSHR_MERGE:          0
cpu3->LLC RFO          ACCESS:    1955759 HIT:          0 MISS:    1955759 MSHR_MERGE:          0
cpu3->LLC PREFETCH     ACCESS:          0 HIT:          0 MISS:          0 MSHR_MERGE:          0
cpu3->LLC WRITE        ACCESS:    1957634 HIT:    1955423 MISS:       2211 MSHR_MERGE:          0
cpu3->LLC TRANSLATION  ACCESS:         72 HIT:         48 MISS:         24 MSHR_MERGE:          0
cpu3->LLC PREFETCH REQUESTED:          0 ISSUED:          0 USEFUL:          0 USELESS:          0
cpu3->LLC AVERAGE MISS LATENCY: 6148 cycles
cpu4->LLC TOTAL        ACCESS:    4497981 HIT:    1954552 MISS:    2543429 MSHR_MERGE:          0
cpu4->LLC LOAD         ACCESS:     588383 HIT:          0 MISS:     588383 MSHR_MERGE:          0
cpu4->LLC RFO          ACCESS:    1953860 HIT:          0 MISS:    1953860 MSHR_MERGE:          0
cpu4->LLC PREFETCH     ACCESS:          0 HIT:          0 MISS:          0 MSHR_MERGE:          0
cpu4->LLC WRITE        ACCESS:    1955666 HIT:    1954480 MISS:       1186 MSHR_MERGE:          0
cpu4->LLC TRANSLATION  ACCESS:         72 HIT:         72 MISS:          0 MSHR_MERGE:          0
cpu4->LLC PREFETCH REQUESTED:          0 ISSUED:          0 USEFUL:          0 USELESS:          0
cpu4->LLC AVERAGE MISS LATENCY: 6158 cycles
cpu5->LLC TOTAL        ACCESS:    4498696 HIT:    1954680 MISS:    2544016 MSHR_MERGE:          0
cpu5->LLC LOAD         ACCESS:     588518 HIT:          0 MISS:     588518 MSHR_MERGE:          0
cpu5->LLC RFO          ACCESS:    1954131 HIT:          0 MISS:    1954131 MSHR_MERGE:          0
cpu5->LLC PREFETCH     ACCESS:          0 HIT:          0 MISS:          0 MSHR_MERGE:          0
cpu5->LLC WRITE        ACCESS:    1955975 HIT:    1954608 MISS:       1367 MSHR_MERGE:          0
cpu5->LLC TRANSLATION  ACCESS:         72 HIT:         72 MISS:          0 MSHR_MERGE:          0
cpu5->LLC PREFETCH REQUESTED:          0 ISSUED:          0 USEFUL:          0 USELESS:          0
cpu5->LLC AVERAGE MISS LATENCY: 6157 cycles
cpu6->LLC TOTAL        ACCESS:    4497062 HIT:    1954151 MISS:    2542911 MSHR_MERGE:          0
cpu6->LLC LOAD         ACCESS:     588177 HIT:          0 MISS:     588177 MSHR_MERGE:          0
cpu6->LLC RFO          ACCESS:    1953464 HIT:          0 MISS:    1953464 MSHR_MERGE:          0
cpu6->LLC PREFETCH     ACCESS:          0 HIT:          0 MISS:          0 MSHR_MERGE:          0
cpu6->LLC WRITE        ACCESS:    1955349 HIT:    1954081 MISS:       1268 MSHR_MERGE:          0
cpu6->LLC TRANSLATION  ACCESS:         72 HIT:         70 MISS:          2 MSHR_MERGE:          0
cpu6->LLC PREFETCH REQUESTED:          0 ISSUED:          0 USEFUL:          0 USELESS:          0
cpu6->LLC AVERAGE MISS LATENCY: 6159 cycles
cpu7->LLC TOTAL        ACCESS:    4498986 HIT:    1954582 MISS:    2544404 MSHR_MERGE:          0
cpu7->LLC LOAD         ACCESS:     588584 HIT:          0 MISS:     588584 MSHR_MERGE:          0
cpu7->LLC RFO          ACCESS:    1954271 HIT:          0 MISS:    1954271 MSHR_MERGE:          0
cpu7->LLC PREFETCH     ACCESS:          0 HIT:          0 MISS:          0 MSHR_MERGE:          0
cpu7->LLC WRITE        ACCESS:    1956059 HIT:    1954510 MISS:       1549 MSHR_MERGE:          0
cpu7->LLC TRANSLATION  ACCESS:         72 HIT:         72 MISS:          0 MSHR_MERGE:          0
cpu7->LLC PREFETCH REQUESTED:          0 ISSUED:          0 USEFUL:          0 USELESS:          0
cpu7->LLC AVERAGE MISS LATENCY: 6156 cycles

Region of Interest Statistics

CPU 7 cumulative IPC: 0.2879 instructions: 100000000 cycles: 347284331
CPU 7 Branch Prediction Accuracy: 100% MPKI: 0 Average ROB Occupancy at Mispredict: -
Branch type MPKI
BRANCH_DIRECT_JUMP: 0
BRANCH_INDIRECT: 0
BRANCH_CONDITIONAL: 0
BRANCH_DIRECT_CALL: 0
BRANCH_INDIRECT_CALL: 0
BRANCH_RETURN: 0


CPU 6 cumulative IPC: 0.2878 instructions: 100000003 cycles: 347484225
CPU 6 Branch Prediction Accuracy: 100% MPKI: 0 Average ROB Occupancy at Mispredict: -
Branch type MPKI
BRANCH_DIRECT_JUMP: 0
BRANCH_INDIRECT: 0
BRANCH_CONDITIONAL: 0
BRANCH_DIRECT_CALL: 0
BRANCH_INDIRECT_CALL: 0
BRANCH_RETURN: 0


CPU 5 cumulative IPC: 0.2879 instructions: 100000001 cycles: 347320882
CPU 5 Branch Prediction Accuracy: 100% MPKI: 0 Average ROB Occupancy at Mispredict: -
Branch type MPKI
BRANCH_DIRECT_JUMP: 0
BRANCH_INDIRECT: 0
BRANCH_CONDITIONAL: 0
BRANCH_DIRECT_CALL: 0
BRANCH_INDIRECT_CALL: 0
BRANCH_RETURN: 0


CPU 4 cumulative IPC: 0.2879 instructions: 100000002 cycles: 347387082
CPU 4 Branch Prediction Accuracy: 100% MPKI: 0 Average ROB Occupancy at Mispredict: -
Branch type MPKI
BRANCH_DIRECT_JUMP: 0
BRANCH_INDIRECT: 0
BRANCH_CONDITIONAL: 0
BRANCH_DIRECT_CALL: 0
BRANCH_INDIRECT_CALL: 0
BRANCH_RETURN: 0


CPU 3 cumulative IPC: 0.2883 instructions: 100000000 cycles: 346898595
CPU 3 Branch Prediction Accuracy: 100% MPKI: 0 Average ROB Occupancy at Mispredict: -
Branch type MPKI
BRANCH_DIRECT_JUMP: 0
BRANCH_INDIRECT: 0
BRANCH_CONDITIONAL: 0
BRANCH_DIRECT_CALL: 0
BRANCH_INDIRECT_CALL: 0
BRANCH_RETURN: 0


CPU 2 cumulative IPC: 0.288 instructions: 100000000 cycles: 347256537
CPU 2 Branch Prediction Accuracy: 100% MPKI: 0 Average ROB Occupancy at Mispredict: -
Branch type MPKI
BRANCH_DIRECT_JUMP: 0
BRANCH_INDIRECT: 0
BRANCH_CONDITIONAL: 0
BRANCH_DIRECT_CALL: 0
BRANCH_INDIRECT_CALL: 0
BRANCH_RETURN: 0


CPU 1 cumulative IPC: 0.2878 instructions: 100000002 cycles: 347413258
CPU 1 Branch Prediction Accuracy: 100% MPKI: 0 Average ROB Occupancy at Mispredict: -
Branch type MPKI
BRANCH_DIRECT_JUMP: 0
BRANCH_INDIRECT: 0
BRANCH_CONDITIONAL: 0
BRANCH_DIRECT_CALL: 0
BRANCH_INDIRECT_CALL: 0
BRANCH_RETURN: 0


CPU 0 cumulative IPC: 0.2879 instructions: 100000000 cycles: 347354362
CPU 0 Branch Prediction Accuracy: 100% MPKI: 0 Average ROB Occupancy at Mispredict: -
Branch type MPKI
BRANCH_DIRECT_JUMP: 0
BRANCH_INDIRECT: 0
BRANCH_CONDITIONAL: 0
BRANCH_DIRECT_CALL: 0
BRANCH_INDIRECT_CALL: 0
BRANCH_RETURN: 0

cpu7->cpu7_STLB TOTAL        ACCESS:         83 HIT:          7 MISS:         76 MSHR_MERGE:          0
cpu7->cpu7_STLB LOAD         ACCESS:         83 HIT:          7 MISS:         76 MSHR_MERGE:          0
cpu7->cpu7_STLB RFO          ACCESS:          0 HIT:          0 MISS:          0 MSHR_MERGE:          0
cpu7->cpu7_STLB PREFETCH     ACCESS:          0 HIT:          0 MISS:          0 MSHR_MERGE:          0
cpu7->cpu7_STLB WRITE        ACCESS:          0 HIT:          0 MISS:          0 MSHR_MERGE:          0
cpu7->cpu7_STLB TRANSLATION  ACCESS:          0 HIT:          0 MISS:          0 MSHR_MERGE:          0
cpu7->cpu7_STLB PREFETCH REQUESTED:          0 ISSUED:          0 USEFUL:          0 USELESS:          0
cpu7->cpu7_STLB AVERAGE MISS LATENCY: 240.8 cycles
cpu7->cpu7_L2C TOTAL        ACCESS:    4497393 HIT:    1954476 MISS:    2542917 MSHR_MERGE:          0
cpu7->cpu7_L2C LOAD         ACCESS:     588620 HIT:         37 MISS:     588583 MSHR_MERGE:          0
cpu7->cpu7_L2C RFO          ACCESS:    1954262 HIT:          0 MISS:    1954262 MSHR_MERGE:          0
cpu7->cpu7_L2C PREFETCH     ACCESS:          0 HIT:          0 MISS:          0 MSHR_MERGE:          0
cpu7->cpu7_L2C WRITE        ACCESS:    1954435 HIT:    1954435 MISS:          0 MSHR_MERGE:          0
cpu7->cpu7_L2C TRANSLATION  ACCESS:         76 HIT:          4 MISS:         72 MSHR_MERGE:          0
cpu7->cpu7_L2C PREFETCH REQUESTED:          0 ISSUED:          0 USEFUL:          0 USELESS:          0
cpu7->cpu7_L2C AVERAGE MISS LATENCY: 785.1 cycles
cpu7->cpu7_L1I TOTAL        ACCESS:   19079052 HIT:   19079022 MISS:         30 MSHR_MERGE:         21
cpu7->cpu7_L1I LOAD         ACCESS:   19079052 HIT:   19079022 MISS:         30 MSHR_MERGE:         21
cpu7->cpu7_L1I RFO          ACCESS:          0 HIT:          0 MISS:          0 MSHR_MERGE:          0
cpu7->cpu7_L1I PREFETCH     ACCESS:          0 HIT:          0 MISS:          0 MSHR_MERGE:          0
cpu7->cpu7_L1I WRITE        ACCESS:          0 HIT:          0 MISS:          0 MSHR_MERGE:          0
cpu7->cpu7_L1I TRANSLATION  ACCESS:          0 HIT:          0 MISS:          0 MSHR_MERGE:          0
cpu7->cpu7_L1I PREFETCH REQUESTED:          0 ISSUED:          0 USEFUL:          0 USELESS:          0
cpu7->cpu7_L1I AVERAGE MISS LATENCY: 1012 cycles
cpu7->cpu7_L1D TOTAL        ACCESS:   26264417 HIT:    5182217 MISS:   21082200 MSHR_MERGE:   18539251
cpu7->cpu7_L1D LOAD         ACCESS:    7506298 HIT:    4048549 MISS:    3457749 MSHR_MERGE:    2869138
cpu7->cpu7_L1D RFO          ACCESS:          0 HIT:          0 MISS:          0 MSHR_MERGE:          0
cpu7->cpu7_L1D PREFETCH     ACCESS:          0 HIT:          0 MISS:          0 MSHR_MERGE:          0
cpu7->cpu7_L1D WRITE        ACCESS:   18758043 HIT:    1133668 MISS:   17624375 MSHR_MERGE:   15670113
cpu7->cpu7_L1D TRANSLATION  ACCESS:         76 HIT:          0 MISS:         76 MSHR_MERGE:          0
cpu7->cpu7_L1D PREFETCH REQUESTED:          0 ISSUED:          0 USEFUL:          0 USELESS:          0
cpu7->cpu7_L1D AVERAGE MISS LATENCY: 794.2 cycles
cpu7->cpu7_ITLB TOTAL        ACCESS:   18877554 HIT:   18877554 MISS:          0 MSHR_MERGE:          0
cpu7->cpu7_ITLB LOAD         ACCESS:   18877554 HIT:   18877554 MISS:          0 MSHR_MERGE:          0
cpu7->cpu7_ITLB RFO          ACCESS:          0 HIT:          0 MISS:          0 MSHR_MERGE:          0
cpu7->cpu7_ITLB PREFETCH     ACCESS:          0 HIT:          0 MISS:          0 MSHR_MERGE:          0
cpu7->cpu7_ITLB WRITE        ACCESS:          0 HIT:          0 MISS:          0 MSHR_MERGE:          0
cpu7->cpu7_ITLB TRANSLATION  ACCESS:          0 HIT:          0 MISS:          0 MSHR_MERGE:          0
cpu7->cpu7_ITLB PREFETCH REQUESTED:          0 ISSUED:          0 USEFUL:          0 USELESS:          0
cpu7->cpu7_ITLB AVERAGE MISS LATENCY: - cycles
cpu7->cpu7_DTLB TOTAL        ACCESS:   23404832 HIT:   23403942 MISS:        890 MSHR_MERGE:        807
cpu7->cpu7_DTLB LOAD         ACCESS:   23404832 HIT:   23403942 MISS:        890 MSHR_MERGE:        807
cpu7->cpu7_DTLB RFO          ACCESS:          0 HIT:          0 MISS:          0 MSHR_MERGE:          0
cpu7->cpu7_DTLB PREFETCH     ACCESS:          0 HIT:          0 MISS:          0 MSHR_MERGE:          0
cpu7->cpu7_DTLB WRITE        ACCESS:          0 HIT:          0 MISS:          0 MSHR_MERGE:          0
cpu7->cpu7_DTLB TRANSLATION  ACCESS:          0 HIT:          0 MISS:          0 MSHR_MERGE:          0
cpu7->cpu7_DTLB PREFETCH REQUESTED:          0 ISSUED:          0 USEFUL:          0 USELESS:          0
cpu7->cpu7_DTLB AVERAGE MISS LATENCY: 226.4 cycles
cpu6->cpu6_STLB TOTAL        ACCESS:         83 HIT:          7 MISS:         76 MSHR_MERGE:          0
cpu6->cpu6_STLB LOAD         ACCESS:         83 HIT:          7 MISS:         76 MSHR_MERGE:          0
cpu6->cpu6_STLB RFO          ACCESS:          0 HIT:          0 MISS:          0 MSHR_MERGE:          0
cpu6->cpu6_STLB PREFETCH     ACCESS:          0 HIT:          0 MISS:          0 MSHR_MERGE:          0
cpu6->cpu6_STLB WRITE        ACCESS:          0 HIT:          0 MISS:          0 MSHR_MERGE:          0
cpu6->cpu6_STLB TRANSLATION  ACCESS:          0 HIT:          0 MISS:          0 MSHR_MERGE:          0
cpu6->cpu6_STLB PREFETCH REQUESTED:          0 ISSUED:          0 USEFUL:          0 USELESS:          0
cpu6->cpu6_STLB AVERAGE MISS LATENCY: 282.9 cycles
cpu6->cpu6_L2C TOTAL        ACCESS:    4495393 HIT:    1953688 MISS:    2541705 MSHR_MERGE:          0
cpu6->cpu6_L2C LOAD         ACCESS:     588213 HIT:         37 MISS:     588176 MSHR_MERGE:          0
cpu6->cpu6_L2C RFO          ACCESS:    1953457 HIT:          0 MISS:    1953457 MSHR_MERGE:          0
cpu6->cpu6_L2C PREFETCH     ACCESS:          0 HIT:          0 MISS:          0 MSHR_MERGE:          0
cpu6->cpu6_L2C WRITE        ACCESS:    1953647 HIT:    1953647 MISS:          0 MSHR_MERGE:          0
cpu6->cpu6_L2C TRANSLATION  ACCESS:         76 HIT:          4 MISS:         72 MSHR_MERGE:          0
cpu6->cpu6_L2C PREFETCH REQUESTED:          0 ISSUED:          0 USEFUL:          0 USELESS:          0
cpu6->cpu6_L2C AVERAGE MISS LATENCY: 786.2 cycles
cpu6->cpu6_L1I TOTAL        ACCESS:   19064744 HIT:   19064715 MISS:         29 MSHR_MERGE:         20
cpu6->cpu6_L1I LOAD         ACCESS:   19064744 HIT:   19064715 MISS:         29 MSHR_MERGE:         20
cpu6->cpu6_L1I RFO          ACCESS:          0 HIT:          0 MISS:          0 MSHR_MERGE:          0
cpu6->cpu6_L1I PREFETCH     ACCESS:          0 HIT:          0 MISS:          0 MSHR_MERGE:          0
cpu6->cpu6_L1I WRITE        ACCESS:          0 HIT:          0 MISS:          0 MSHR_MERGE:          0
cpu6->cpu6_L1I TRANSLATION  ACCESS:          0 HIT:          0 MISS:          0 MSHR_MERGE:          0
cpu6->cpu6_L1I PREFETCH REQUESTED:          0 ISSUED:          0 USEFUL:          0 USELESS:          0
cpu6->cpu6_L1I AVERAGE MISS LATENCY: 1147 cycles
cpu6->cpu6_L1D TOTAL        ACCESS:   26245266 HIT:    5183634 MISS:   21061632 MSHR_MERGE:   18519894
cpu6->cpu6_L1D LOAD         ACCESS:    7499926 HIT:    4048910 MISS:    3451016 MSHR_MERGE:    2862812
cpu6->cpu6_L1D RFO          ACCESS:          0 HIT:          0 MISS:          0 MSHR_MERGE:          0
cpu6->cpu6_L1D PREFETCH     ACCESS:          0 HIT:          0 MISS:          0 MSHR_MERGE:          0
cpu6->cpu6_L1D WRITE        ACCESS:   18745264 HIT:    1134724 MISS:   17610540 MSHR_MERGE:   15657082
cpu6->cpu6_L1D TRANSLATION  ACCESS:         76 HIT:          0 MISS:         76 MSHR_MERGE:          0
cpu6->cpu6_L1D PREFETCH REQUESTED:          0 ISSUED:          0 USEFUL:          0 USELESS:          0
cpu6->cpu6_L1D AVERAGE MISS LATENCY: 795.3 cycles
cpu6->cpu6_ITLB TOTAL        ACCESS:   18861659 HIT:   18861659 MISS:          0 MSHR_MERGE:          0
cpu6->cpu6_ITLB LOAD         ACCESS:   18861659 HIT:   18861659 MISS:          0 MSHR_MERGE:          0
cpu6->cpu6_ITLB RFO          ACCESS:          0 HIT:          0 MISS:          0 MSHR_MERGE:          0
cpu6->cpu6_ITLB PREFETCH     ACCESS:          0 HIT:          0 MISS:          0 MSHR_MERGE:          0
cpu6->cpu6_ITLB WRITE        ACCESS:          0 HIT:          0 MISS:          0 MSHR_MERGE:          0
cpu6->cpu6_ITLB TRANSLATION  ACCESS:          0 HIT:          0 MISS:          0 MSHR_MERGE:          0
cpu6->cpu6_ITLB PREFETCH REQUESTED:          0 ISSUED:          0 USEFUL:          0 USELESS:          0
cpu6->cpu6_ITLB AVERAGE MISS LATENCY: - cycles
cpu6->cpu6_DTLB TOTAL        ACCESS:   23450045 HIT:   23449153 MISS:        892 MSHR_MERGE:        809
cpu6->cpu6_DTLB LOAD         ACCESS:   23450045 HIT:   23449153 MISS:        892 MSHR_MERGE:        809
cpu6->cpu6_DTLB RFO          ACCESS:          0 HIT:          0 MISS:          0 MSHR_MERGE:          0
cpu6->cpu6_DTLB PREFETCH     ACCESS:          0 HIT:          0 MISS:          0 MSHR_MERGE:          0
cpu6->cpu6_DTLB WRITE        ACCESS:          0 HIT:          0 MISS:          0 MSHR_MERGE:          0
cpu6->cpu6_DTLB TRANSLATION  ACCESS:          0 HIT:          0 MISS:          0 MSHR_MERGE:          0
cpu6->cpu6_DTLB PREFETCH REQUESTED:          0 ISSUED:          0 USEFUL:          0 USELESS:          0
cpu6->cpu6_DTLB AVERAGE MISS LATENCY: 265 cycles
cpu5->cpu5_STLB TOTAL        ACCESS:         83 HIT:          7 MISS:         76 MSHR_MERGE:          0
cpu5->cpu5_STLB LOAD         ACCESS:         83 HIT:          7 MISS:         76 MSHR_MERGE:          0
cpu5->cpu5_STLB RFO          ACCESS:          0 HIT:          0 MISS:          0 MSHR_MERGE:          0
cpu5->cpu5_STLB PREFETCH     ACCESS:          0 HIT:          0 MISS:          0 MSHR_MERGE:          0
cpu5->cpu5_STLB WRITE        ACCESS:          0 HIT:          0 MISS:          0 MSHR_MERGE:          0
cpu5->cpu5_STLB TRANSLATION  ACCESS:          0 HIT:          0 MISS:          0 MSHR_MERGE:          0
cpu5->cpu5_STLB PREFETCH REQUESTED:          0 ISSUED:          0 USEFUL:          0 USELESS:          0
cpu5->cpu5_STLB AVERAGE MISS LATENCY: 242.8 cycles
cpu5->cpu5_L2C TOTAL        ACCESS:    4497047 HIT:    1954335 MISS:    2542712 MSHR_MERGE:          0
cpu5->cpu5_L2C LOAD         ACCESS:     588554 HIT:         37 MISS:     588517 MSHR_MERGE:          0
cpu5->cpu5_L2C RFO          ACCESS:    1954123 HIT:          0 MISS:    1954123 MSHR_MERGE:          0
cpu5->cpu5_L2C PREFETCH     ACCESS:          0 HIT:          0 MISS:          0 MSHR_MERGE:          0
cpu5->cpu5_L2C WRITE        ACCESS:    1954294 HIT:    1954294 MISS:          0 MSHR_MERGE:          0
cpu5->cpu5_L2C TRANSLATION  ACCESS:         76 HIT:          4 MISS:         72 MSHR_MERGE:          0
cpu5->cpu5_L2C PREFETCH REQUESTED:          0 ISSUED:          0 USEFUL:          0 USELESS:          0
cpu5->cpu5_L2C AVERAGE MISS LATENCY: 786.6 cycles
cpu5->cpu5_L1I TOTAL        ACCESS:   19075731 HIT:   19075696 MISS:         35 MSHR_MERGE:         26
cpu5->cpu5_L1I LOAD         ACCESS:   19075731 HIT:   19075696 MISS:         35 MSHR_MERGE:         26
cpu5->cpu5_L1I RFO          ACCESS:          0 HIT:          0 MISS:          0 MSHR_MERGE:          0
cpu5->cpu5_L1I PREFETCH     ACCESS:          0 HIT:          0 MISS:          0 MSHR_MERGE:          0
cpu5->cpu5_L1I WRITE        ACCESS:          0 HIT:          0 MISS:          0 MSHR_MERGE:          0
cpu5->cpu5_L1I TRANSLATION  ACCESS:          0 HIT:          0 MISS:          0 MSHR_MERGE:          0
cpu5->cpu5_L1I PREFETCH REQUESTED:          0 ISSUED:          0 USEFUL:          0 USELESS:          0
cpu5->cpu5_L1I AVERAGE MISS LATENCY: 1070 cycles
cpu5->cpu5_L1D TOTAL        ACCESS:   26277177 HIT:    5180059 MISS:   21097118 MSHR_MERGE:   18554374
cpu5->cpu5_L1D LOAD         ACCESS:    7521100 HIT:    4048225 MISS:    3472875 MSHR_MERGE:    2884330
cpu5->cpu5_L1D RFO          ACCESS:          0 HIT:          0 MISS:          0 MSHR_MERGE:          0
cpu5->cpu5_L1D PREFETCH     ACCESS:          0 HIT:          0 MISS:          0 MSHR_MERGE:          0
cpu5->cpu5_L1D WRITE        ACCESS:   18756001 HIT:    1131834 MISS:   17624167 MSHR_MERGE:   15670044
cpu5->cpu5_L1D TRANSLATION  ACCESS:         76 HIT:          0 MISS:         76 MSHR_MERGE:          0
cpu5->cpu5_L1D PREFETCH REQUESTED:          0 ISSUED:          0 USEFUL:          0 USELESS:          0
cpu5->cpu5_L1D AVERAGE MISS LATENCY: 795.7 cycles
cpu5->cpu5_ITLB TOTAL        ACCESS:   18872813 HIT:   18872813 MISS:          0 MSHR_MERGE:          0
cpu5->cpu5_ITLB LOAD         ACCESS:   18872813 HIT:   18872813 MISS:          0 MSHR_MERGE:          0
cpu5->cpu5_ITLB RFO          ACCESS:          0 HIT:          0 MISS:          0 MSHR_MERGE:          0
cpu5->cpu5_ITLB PREFETCH     ACCESS:          0 HIT:          0 MISS:          0 MSHR_MERGE:          0
cpu5->cpu5_ITLB WRITE        ACCESS:          0 HIT:          0 MISS:          0 MSHR_MERGE:          0
cpu5->cpu5_ITLB TRANSLATION  ACCESS:          0 HIT:          0 MISS:          0 MSHR_MERGE:          0
cpu5->cpu5_ITLB PREFETCH REQUESTED:          0 ISSUED:          0 USEFUL:          0 USELESS:          0
cpu5->cpu5_ITLB AVERAGE MISS LATENCY: - cycles
cpu5->cpu5_DTLB TOTAL        ACCESS:   23382970 HIT:   23382120 MISS:        850 MSHR_MERGE:        767
cpu5->cpu5_DTLB LOAD         ACCESS:   23382970 HIT:   23382120 MISS:        850 MSHR_MERGE:        767
cpu5->cpu5_DTLB RFO          ACCESS:          0 HIT:          0 MISS:          0 MSHR_MERGE:          0
cpu5->cpu5_DTLB PREFETCH     ACCESS:          0 HIT:          0 MISS:          0 MSHR_MERGE:          0
cpu5->cpu5_DTLB WRITE        ACCESS:          0 HIT:          0 MISS:          0 MSHR_MERGE:          0
cpu5->cpu5_DTLB TRANSLATION  ACCESS:          0 HIT:          0 MISS:          0 MSHR_MERGE:          0
cpu5->cpu5_DTLB PREFETCH REQUESTED:          0 ISSUED:          0 USEFUL:          0 USELESS:          0
cpu5->cpu5_DTLB AVERAGE MISS LATENCY: 228.2 cycles
cpu4->cpu4_STLB TOTAL        ACCESS:         83 HIT:          7 MISS:         76 MSHR_MERGE:          0
cpu4->cpu4_STLB LOAD         ACCESS:         83 HIT:          7 MISS:         76 MSHR_MERGE:          0
cpu4->cpu4_STLB RFO          ACCESS:          0 HIT:          0 MISS:          0 MSHR_MERGE:          0
cpu4->cpu4_STLB PREFETCH     ACCESS:          0 HIT:          0 MISS:          0 MSHR_MERGE:          0
cpu4->cpu4_STLB WRITE        ACCESS:          0 HIT:          0 MISS:          0 MSHR_MERGE:          0
cpu4->cpu4_STLB TRANSLATION  ACCESS:          0 HIT:          0 MISS:          0 MSHR_MERGE:          0
cpu4->cpu4_STLB PREFETCH REQUESTED:          0 ISSUED:          0 USEFUL:          0 USELESS:          0
cpu4->cpu4_STLB AVERAGE MISS LATENCY: 235.6 cycles
cpu4->cpu4_L2C TOTAL        ACCESS:    4496361 HIT:    1954058 MISS:    2542303 MSHR_MERGE:          0
cpu4->cpu4_L2C LOAD         ACCESS:     588418 HIT:         37 MISS:     588381 MSHR_MERGE:          0
cpu4->cpu4_L2C RFO          ACCESS:    1953850 HIT:          0 MISS:    1953850 MSHR_MERGE:          0
cpu4->cpu4_L2C PREFETCH     ACCESS:          0 HIT:          0 MISS:          0 MSHR_MERGE:          0
cpu4->cpu4_L2C WRITE        ACCESS:    1954017 HIT:    1954017 MISS:          0 MSHR_MERGE:          0
cpu4->cpu4_L2C TRANSLATION  ACCESS:         76 HIT:          4 MISS:         72 MSHR_MERGE:          0
cpu4->cpu4_L2C PREFETCH REQUESTED:          0 ISSUED:          0 USEFUL:          0 USELESS:          0
cpu4->cpu4_L2C AVERAGE MISS LATENCY: 787.6 cycles
cpu4->cpu4_L1I TOTAL        ACCESS:   19071169 HIT:   19071139 MISS:         30 MSHR_MERGE:         21
cpu4->cpu4_L1I LOAD         ACCESS:   19071169 HIT:   19071139 MISS:         30 MSHR_MERGE:         21
cpu4->cpu4_L1I RFO          ACCESS:          0 HIT:          0 MISS:          0 MSHR_MERGE:          0
cpu4->cpu4_L1I PREFETCH     ACCESS:          0 HIT:          0 MISS:          0 MSHR_MERGE:          0
cpu4->cpu4_L1I WRITE        ACCESS:          0 HIT:          0 MISS:          0 MSHR_MERGE:          0
cpu4->cpu4_L1I TRANSLATION  ACCESS:          0 HIT:          0 MISS:          0 MSHR_MERGE:          0
cpu4->cpu4_L1I PREFETCH REQUESTED:          0 ISSUED:          0 USEFUL:          0 USELESS:          0
cpu4->cpu4_L1I AVERAGE MISS LATENCY: 980.9 cycles
cpu4->cpu4_L1D TOTAL        ACCESS:   26272743 HIT:    5183299 MISS:   21089444 MSHR_MERGE:   18547109
cpu4->cpu4_L1D LOAD         ACCESS:    7520874 HIT:    4047857 MISS:    3473017 MSHR_MERGE:    2884608
cpu4->cpu4_L1D RFO          ACCESS:          0 HIT:          0 MISS:          0 MSHR_MERGE:          0
cpu4->cpu4_L1D PREFETCH     ACCESS:          0 HIT:          0 MISS:          0 MSHR_MERGE:          0
cpu4->cpu4_L1D WRITE        ACCESS:   18751793 HIT:    1135442 MISS:   17616351 MSHR_MERGE:   15662501
cpu4->cpu4_L1D TRANSLATION  ACCESS:         76 HIT:          0 MISS:         76 MSHR_MERGE:          0
cpu4->cpu4_L1D PREFETCH REQUESTED:          0 ISSUED:          0 USEFUL:          0 USELESS:          0
cpu4->cpu4_L1D AVERAGE MISS LATENCY: 796.7 cycles
cpu4->cpu4_ITLB TOTAL        ACCESS:   18868304 HIT:   18868304 MISS:          0 MSHR_MERGE:          0
cpu4->cpu4_ITLB LOAD         ACCESS:   18868304 HIT:   18868304 MISS:          0 MSHR_MERGE:          0
cpu4->cpu4_ITLB RFO          ACCESS:          0 HIT:          0 MISS:          0 MSHR_MERGE:          0
cpu4->cpu4_ITLB PREFETCH     ACCESS:          0 HIT:          0 MISS:          0 MSHR_MERGE:          0
cpu4->cpu4_ITLB WRITE        ACCESS:          0 HIT:          0 MISS:          0 MSHR_MERGE:          0
cpu4->cpu4_ITLB TRANSLATION  ACCESS:          0 HIT:          0 MISS:          0 MSHR_MERGE:          0
cpu4->cpu4_ITLB PREFETCH REQUESTED:          0 ISSUED:          0 USEFUL:          0 USELESS:          0
cpu4->cpu4_ITLB AVERAGE MISS LATENCY: - cycles
cpu4->cpu4_DTLB TOTAL        ACCESS:   23378036 HIT:   23377136 MISS:        900 MSHR_MERGE:        817
cpu4->cpu4_DTLB LOAD         ACCESS:   23378036 HIT:   23377136 MISS:        900 MSHR_MERGE:        817
cpu4->cpu4_DTLB RFO          ACCESS:          0 HIT:          0 MISS:          0 MSHR_MERGE:          0
cpu4->cpu4_DTLB PREFETCH     ACCESS:          0 HIT:          0 MISS:          0 MSHR_MERGE:          0
cpu4->cpu4_DTLB WRITE        ACCESS:          0 HIT:          0 MISS:          0 MSHR_MERGE:          0
cpu4->cpu4_DTLB TRANSLATION  ACCESS:          0 HIT:          0 MISS:          0 MSHR_MERGE:          0
cpu4->cpu4_DTLB PREFETCH REQUESTED:          0 ISSUED:          0 USEFUL:          0 USELESS:          0
cpu4->cpu4_DTLB AVERAGE MISS LATENCY: 221.6 cycles
cpu3->cpu3_STLB TOTAL        ACCESS:         83 HIT:          7 MISS:         76 MSHR_MERGE:          0
cpu3->cpu3_STLB LOAD         ACCESS:         83 HIT:          7 MISS:         76 MSHR_MERGE:          0
cpu3->cpu3_STLB RFO          ACCESS:          0 HIT:          0 MISS:          0 MSHR_MERGE:          0
cpu3->cpu3_STLB PREFETCH     ACCESS:          0 HIT:          0 MISS:          0 MSHR_MERGE:          0
cpu3->cpu3_STLB WRITE        ACCESS:          0 HIT:          0 MISS:          0 MSHR_MERGE:          0
cpu3->cpu3_STLB TRANSLATION  ACCESS:          0 HIT:          0 MISS:          0 MSHR_MERGE:          0
cpu3->cpu3_STLB PREFETCH REQUESTED:          0 ISSUED:          0 USEFUL:          0 USELESS:          0
cpu3->cpu3_STLB AVERAGE MISS LATENCY: 428.2 cycles
cpu3->cpu3_L2C TOTAL        ACCESS:    4501187 HIT:    1955967 MISS:    2545220 MSHR_MERGE:          0
cpu3->cpu3_L2C LOAD         ACCESS:     589433 HIT:         37 MISS:     589396 MSHR_MERGE:          0
cpu3->cpu3_L2C RFO          ACCESS:    1955752 HIT:          0 MISS:    1955752 MSHR_MERGE:          0
cpu3->cpu3_L2C PREFETCH     ACCESS:          0 HIT:          0 MISS:          0 MSHR_MERGE:          0
cpu3->cpu3_L2C WRITE        ACCESS:    1955926 HIT:    1955926 MISS:          0 MSHR_MERGE:          0
cpu3->cpu3_L2C TRANSLATION  ACCESS:         76 HIT:          4 MISS:         72 MSHR_MERGE:          0
cpu3->cpu3_L2C PREFETCH REQUESTED:          0 ISSUED:          0 USEFUL:          0 USELESS:          0
cpu3->cpu3_L2C AVERAGE MISS LATENCY: 784.3 cycles
cpu3->cpu3_L1I TOTAL        ACCESS:   19102974 HIT:   19102941 MISS:         33 MSHR_MERGE:         24
cpu3->cpu3_L1I LOAD         ACCESS:   19102974 HIT:   19102941 MISS:         33 MSHR_MERGE:         24
cpu3->cpu3_L1I RFO          ACCESS:          0 HIT:          0 MISS:          0 MSHR_MERGE:          0
cpu3->cpu3_L1I PREFETCH     ACCESS:          0 HIT:          0 MISS:          0 MSHR_MERGE:          0
cpu3->cpu3_L1I WRITE        ACCESS:          0 HIT:          0 MISS:          0 MSHR_MERGE:          0
cpu3->cpu3_L1I TRANSLATION  ACCESS:          0 HIT:          0 MISS:          0 MSHR_MERGE:          0
cpu3->cpu3_L1I PREFETCH REQUESTED:          0 ISSUED:          0 USEFUL:          0 USELESS:          0
cpu3->cpu3_L1I AVERAGE MISS LATENCY: 1089 cycles
cpu3->cpu3_L1D TOTAL        ACCESS:   26277699 HIT:    5196312 MISS:   21081387 MSHR_MERGE:   18536135
cpu3->cpu3_L1D LOAD         ACCESS:    7495334 HIT:    4063128 MISS:    3432206 MSHR_MERGE:    2842782
cpu3->cpu3_L1D RFO          ACCESS:          0 HIT:          0 MISS:          0 MSHR_MERGE:          0
cpu3->cpu3_L1D PREFETCH     ACCESS:          0 HIT:          0 MISS:          0 MSHR_MERGE:          0
cpu3->cpu3_L1D WRITE        ACCESS:   18782289 HIT:    1133184 MISS:   17649105 MSHR_MERGE:   15693353
cpu3->cpu3_L1D TRANSLATION  ACCESS:         76 HIT:          0 MISS:         76 MSHR_MERGE:          0
cpu3->cpu3_L1D PREFETCH REQUESTED:          0 ISSUED:          0 USEFUL:          0 USELESS:          0
cpu3->cpu3_L1D AVERAGE MISS LATENCY: 793.4 cycles
cpu3->cpu3_ITLB TOTAL        ACCESS:   18974632 HIT:   18974632 MISS:          0 MSHR_MERGE:          0
cpu3->cpu3_ITLB LOAD         ACCESS:   18974632 HIT:   18974632 MISS:          0 MSHR_MERGE:          0
cpu3->cpu3_ITLB RFO          ACCESS:          0 HIT:          0 MISS:          0 MSHR_MERGE:          0
cpu3->cpu3_ITLB PREFETCH     ACCESS:          0 HIT:          0 MISS:          0 MSHR_MERGE:          0
cpu3->cpu3_ITLB WRITE        ACCESS:          0 HIT:          0 MISS:          0 MSHR_MERGE:          0
cpu3->cpu3_ITLB TRANSLATION  ACCESS:          0 HIT:          0 MISS:          0 MSHR_MERGE:          0
cpu3->cpu3_ITLB PREFETCH REQUESTED:          0 ISSUED:          0 USEFUL:          0 USELESS:          0
cpu3->cpu3_ITLB AVERAGE MISS LATENCY: - cycles
cpu3->cpu3_DTLB TOTAL        ACCESS:   23483582 HIT:   23482691 MISS:        891 MSHR_MERGE:        808
cpu3->cpu3_DTLB LOAD         ACCESS:   23483582 HIT:   23482691 MISS:        891 MSHR_MERGE:        808
cpu3->cpu3_DTLB RFO          ACCESS:          0 HIT:          0 MISS:          0 MSHR_MERGE:          0
cpu3->cpu3_DTLB PREFETCH     ACCESS:          0 HIT:          0 MISS:          0 MSHR_MERGE:          0
cpu3->cpu3_DTLB WRITE        ACCESS:          0 HIT:          0 MISS:          0 MSHR_MERGE:          0
cpu3->cpu3_DTLB TRANSLATION  ACCESS:          0 HIT:          0 MISS:          0 MSHR_MERGE:          0
cpu3->cpu3_DTLB PREFETCH REQUESTED:          0 ISSUED:          0 USEFUL:          0 USELESS:          0
cpu3->cpu3_DTLB AVERAGE MISS LATENCY: 398 cycles
cpu2->cpu2_STLB TOTAL        ACCESS:         83 HIT:          7 MISS:         76 MSHR_MERGE:          0
cpu2->cpu2_STLB LOAD         ACCESS:         83 HIT:          7 MISS:         76 MSHR_MERGE:          0
cpu2->cpu2_STLB RFO          ACCESS:          0 HIT:          0 MISS:          0 MSHR_MERGE:          0
cpu2->cpu2_STLB PREFETCH     ACCESS:          0 HIT:          0 MISS:          0 MSHR_MERGE:          0
cpu2->cpu2_STLB WRITE        ACCESS:          0 HIT:          0 MISS:          0 MSHR_MERGE:          0
cpu2->cpu2_STLB TRANSLATION  ACCESS:          0 HIT:          0 MISS:          0 MSHR_MERGE:          0
cpu2->cpu2_STLB PREFETCH REQUESTED:          0 ISSUED:          0 USEFUL:          0 USELESS:          0
cpu2->cpu2_STLB AVERAGE MISS LATENCY: 236.5 cycles
cpu2->cpu2_L2C TOTAL        ACCESS:    4497627 HIT:    1954558 MISS:    2543069 MSHR_MERGE:          0
cpu2->cpu2_L2C LOAD         ACCESS:     588686 HIT:         37 MISS:     588649 MSHR_MERGE:          0
cpu2->cpu2_L2C RFO          ACCESS:    1954348 HIT:          0 MISS:    1954348 MSHR_MERGE:          0
cpu2->cpu2_L2C PREFETCH     ACCESS:          0 HIT:          0 MISS:          0 MSHR_MERGE:          0
cpu2->cpu2_L2C WRITE        ACCESS:    1954517 HIT:    1954517 MISS:          0 MSHR_MERGE:          0
cpu2->cpu2_L2C TRANSLATION  ACCESS:         76 HIT:          4 MISS:         72 MSHR_MERGE:          0
cpu2->cpu2_L2C PREFETCH REQUESTED:          0 ISSUED:          0 USEFUL:          0 USELESS:          0
cpu2->cpu2_L2C AVERAGE MISS LATENCY: 786.3 cycles
cpu2->cpu2_L1I TOTAL        ACCESS:   19079509 HIT:   19079478 MISS:         31 MSHR_MERGE:         22
cpu2->cpu2_L1I LOAD         ACCESS:   19079509 HIT:   19079478 MISS:         31 MSHR_MERGE:         22
cpu2->cpu2_L1I RFO          ACCESS:          0 HIT:          0 MISS:          0 MSHR_MERGE:          0
cpu2->cpu2_L1I PREFETCH     ACCESS:          0 HIT:          0 MISS:          0 MSHR_MERGE:          0
cpu2->cpu2_L1I WRITE        ACCESS:          0 HIT:          0 MISS:          0 MSHR_MERGE:          0
cpu2->cpu2_L1I TRANSLATION  ACCESS:          0 HIT:          0 MISS:          0 MSHR_MERGE:          0
cpu2->cpu2_L1I PREFETCH REQUESTED:          0 ISSUED:          0 USEFUL:          0 USELESS:          0
cpu2->cpu2_L1I AVERAGE MISS LATENCY: 951.2 cycles
cpu2->cpu2_L1D TOTAL        ACCESS:   26301065 HIT:    5190758 MISS:   21110307 MSHR_MERGE:   18567206
cpu2->cpu2_L1D LOAD         ACCESS:    7540972 HIT:    4056082 MISS:    3484890 MSHR_MERGE:    2896213
cpu2->cpu2_L1D RFO          ACCESS:          0 HIT:          0 MISS:          0 MSHR_MERGE:          0
cpu2->cpu2_L1D PREFETCH     ACCESS:          0 HIT:          0 MISS:          0 MSHR_MERGE:          0
cpu2->cpu2_L1D WRITE        ACCESS:   18760017 HIT:    1134676 MISS:   17625341 MSHR_MERGE:   15670993
cpu2->cpu2_L1D TRANSLATION  ACCESS:         76 HIT:          0 MISS:         76 MSHR_MERGE:          0
cpu2->cpu2_L1D PREFETCH REQUESTED:          0 ISSUED:          0 USEFUL:          0 USELESS:          0
cpu2->cpu2_L1D AVERAGE MISS LATENCY: 795.4 cycles
cpu2->cpu2_ITLB TOTAL        ACCESS:   18876095 HIT:   18876095 MISS:          0 MSHR_MERGE:          0
cpu2->cpu2_ITLB LOAD         ACCESS:   18876095 HIT:   18876095 MISS:          0 MSHR_MERGE:          0
cpu2->cpu2_ITLB RFO          ACCESS:          0 HIT:          0 MISS:          0 MSHR_MERGE:          0
cpu2->cpu2_ITLB PREFETCH     ACCESS:          0 HIT:          0 MISS:          0 MSHR_MERGE:          0
cpu2->cpu2_ITLB WRITE        ACCESS:          0 HIT:          0 MISS:          0 MSHR_MERGE:          0
cpu2->cpu2_ITLB TRANSLATION  ACCESS:          0 HIT:          0 MISS:          0 MSHR_MERGE:          0
cpu2->cpu2_ITLB PREFETCH REQUESTED:          0 ISSUED:          0 USEFUL:          0 USELESS:          0
cpu2->cpu2_ITLB AVERAGE MISS LATENCY: - cycles
cpu2->cpu2_DTLB TOTAL        ACCESS:   23411057 HIT:   23410177 MISS:        880 MSHR_MERGE:        797
cpu2->cpu2_DTLB LOAD         ACCESS:   23411057 HIT:   23410177 MISS:        880 MSHR_MERGE:        797
cpu2->cpu2_DTLB RFO          ACCESS:          0 HIT:          0 MISS:          0 MSHR_MERGE:          0
cpu2->cpu2_DTLB PREFETCH     ACCESS:          0 HIT:          0 MISS:          0 MSHR_MERGE:          0
cpu2->cpu2_DTLB WRITE        ACCESS:          0 HIT:          0 MISS:          0 MSHR_MERGE:          0
cpu2->cpu2_DTLB TRANSLATION  ACCESS:          0 HIT:          0 MISS:          0 MSHR_MERGE:          0
cpu2->cpu2_DTLB PREFETCH REQUESTED:          0 ISSUED:          0 USEFUL:          0 USELESS:          0
cpu2->cpu2_DTLB AVERAGE MISS LATENCY: 222.5 cycles
cpu1->cpu1_STLB TOTAL        ACCESS:         83 HIT:          7 MISS:         76 MSHR_MERGE:          0
cpu1->cpu1_STLB LOAD         ACCESS:         83 HIT:          7 MISS:         76 MSHR_MERGE:          0
cpu1->cpu1_STLB RFO          ACCESS:          0 HIT:          0 MISS:          0 MSHR_MERGE:          0
cpu1->cpu1_STLB PREFETCH     ACCESS:          0 HIT:          0 MISS:          0 MSHR_MERGE:          0
cpu1->cpu1_STLB WRITE        ACCESS:          0 HIT:          0 MISS:          0 MSHR_MERGE:          0
cpu1->cpu1_STLB TRANSLATION  ACCESS:          0 HIT:          0 MISS:          0 MSHR_MERGE:          0
cpu1->cpu1_STLB PREFETCH REQUESTED:          0 ISSUED:          0 USEFUL:          0 USELESS:          0
cpu1->cpu1_STLB AVERAGE MISS LATENCY: 236.4 cycles
cpu1->cpu1_L2C TOTAL        ACCESS:    4496033 HIT:    1953921 MISS:    2542112 MSHR_MERGE:          0
cpu1->cpu1_L2C LOAD         ACCESS:     588366 HIT:         37 MISS:     588329 MSHR_MERGE:          0
cpu1->cpu1_L2C RFO          ACCESS:    1953711 HIT:          0 MISS:    1953711 MSHR_MERGE:          0
cpu1->cpu1_L2C PREFETCH     ACCESS:          0 HIT:          0 MISS:          0 MSHR_MERGE:          0
cpu1->cpu1_L2C WRITE        ACCESS:    1953880 HIT:    1953880 MISS:          0 MSHR_MERGE:          0
cpu1->cpu1_L2C TRANSLATION  ACCESS:         76 HIT:          4 MISS:         72 MSHR_MERGE:          0
cpu1->cpu1_L2C PREFETCH REQUESTED:          0 ISSUED:          0 USEFUL:          0 USELESS:          0
cpu1->cpu1_L2C AVERAGE MISS LATENCY: 786 cycles
cpu1->cpu1_L1I TOTAL        ACCESS:   19069553 HIT:   19069524 MISS:         29 MSHR_MERGE:         20
cpu1->cpu1_L1I LOAD         ACCESS:   19069553 HIT:   19069524 MISS:         29 MSHR_MERGE:         20
cpu1->cpu1_L1I RFO          ACCESS:          0 HIT:          0 MISS:          0 MSHR_MERGE:          0
cpu1->cpu1_L1I PREFETCH     ACCESS:          0 HIT:          0 MISS:          0 MSHR_MERGE:          0
cpu1->cpu1_L1I WRITE        ACCESS:          0 HIT:          0 MISS:          0 MSHR_MERGE:          0
cpu1->cpu1_L1I TRANSLATION  ACCESS:          0 HIT:          0 MISS:          0 MSHR_MERGE:          0
cpu1->cpu1_L1I PREFETCH REQUESTED:          0 ISSUED:          0 USEFUL:          0 USELESS:          0
cpu1->cpu1_L1I AVERAGE MISS LATENCY: 987.2 cycles
cpu1->cpu1_L1D TOTAL        ACCESS:   26257404 HIT:    5174913 MISS:   21082491 MSHR_MERGE:   18540347
cpu1->cpu1_L1D LOAD         ACCESS:    7507217 HIT:    4043118 MISS:    3464099 MSHR_MERGE:    2875742
cpu1->cpu1_L1D RFO          ACCESS:          0 HIT:          0 MISS:          0 MSHR_MERGE:          0
cpu1->cpu1_L1D PREFETCH     ACCESS:          0 HIT:          0 MISS:          0 MSHR_MERGE:          0
cpu1->cpu1_L1D WRITE        ACCESS:   18750111 HIT:    1131795 MISS:   17618316 MSHR_MERGE:   15664605
cpu1->cpu1_L1D TRANSLATION  ACCESS:         76 HIT:          0 MISS:         76 MSHR_MERGE:          0
cpu1->cpu1_L1D PREFETCH REQUESTED:          0 ISSUED:          0 USEFUL:          0 USELESS:          0
cpu1->cpu1_L1D AVERAGE MISS LATENCY: 795.1 cycles
cpu1->cpu1_ITLB TOTAL        ACCESS:   18941382 HIT:   18941382 MISS:          0 MSHR_MERGE:          0
cpu1->cpu1_ITLB LOAD         ACCESS:   18941382 HIT:   18941382 MISS:          0 MSHR_MERGE:          0
cpu1->cpu1_ITLB RFO          ACCESS:          0 HIT:          0 MISS:          0 MSHR_MERGE:          0
cpu1->cpu1_ITLB PREFETCH     ACCESS:          0 HIT:          0 MISS:          0 MSHR_MERGE:          0
cpu1->cpu1_ITLB WRITE        ACCESS:          0 HIT:          0 MISS:          0 MSHR_MERGE:          0
cpu1->cpu1_ITLB TRANSLATION  ACCESS:          0 HIT:          0 MISS:          0 MSHR_MERGE:          0
cpu1->cpu1_ITLB PREFETCH REQUESTED:          0 ISSUED:          0 USEFUL:          0 USELESS:          0
cpu1->cpu1_ITLB AVERAGE MISS LATENCY: - cycles
cpu1->cpu1_DTLB TOTAL        ACCESS:   23401022 HIT:   23400137 MISS:        885 MSHR_MERGE:        802
cpu1->cpu1_DTLB LOAD         ACCESS:   23401022 HIT:   23400137 MISS:        885 MSHR_MERGE:        802
cpu1->cpu1_DTLB RFO          ACCESS:          0 HIT:          0 MISS:          0 MSHR_MERGE:          0
cpu1->cpu1_DTLB PREFETCH     ACCESS:          0 HIT:          0 MISS:          0 MSHR_MERGE:          0
cpu1->cpu1_DTLB WRITE        ACCESS:          0 HIT:          0 MISS:          0 MSHR_MERGE:          0
cpu1->cpu1_DTLB TRANSLATION  ACCESS:          0 HIT:          0 MISS:          0 MSHR_MERGE:          0
cpu1->cpu1_DTLB PREFETCH REQUESTED:          0 ISSUED:          0 USEFUL:          0 USELESS:          0
cpu1->cpu1_DTLB AVERAGE MISS LATENCY: 222.4 cycles
cpu0->cpu0_STLB TOTAL        ACCESS:         83 HIT:          7 MISS:         76 MSHR_MERGE:          0
cpu0->cpu0_STLB LOAD         ACCESS:         83 HIT:          7 MISS:         76 MSHR_MERGE:          0
cpu0->cpu0_STLB RFO          ACCESS:          0 HIT:          0 MISS:          0 MSHR_MERGE:          0
cpu0->cpu0_STLB PREFETCH     ACCESS:          0 HIT:          0 MISS:          0 MSHR_MERGE:          0
cpu0->cpu0_STLB WRITE        ACCESS:          0 HIT:          0 MISS:          0 MSHR_MERGE:          0
cpu0->cpu0_STLB TRANSLATION  ACCESS:          0 HIT:          0 MISS:          0 MSHR_MERGE:          0
cpu0->cpu0_STLB PREFETCH REQUESTED:          0 ISSUED:          0 USEFUL:          0 USELESS:          0
cpu0->cpu0_STLB AVERAGE MISS LATENCY: 240.2 cycles
cpu0->cpu0_L2C TOTAL        ACCESS:    4496568 HIT:    1954119 MISS:    2542449 MSHR_MERGE:          0
cpu0->cpu0_L2C LOAD         ACCESS:     588504 HIT:         37 MISS:     588467 MSHR_MERGE:          0
cpu0->cpu0_L2C RFO          ACCESS:    1953910 HIT:          0 MISS:    1953910 MSHR_MERGE:          0
cpu0->cpu0_L2C PREFETCH     ACCESS:          0 HIT:          0 MISS:          0 MSHR_MERGE:          0
cpu0->cpu0_L2C WRITE        ACCESS:    1954078 HIT:    1954078 MISS:          0 MSHR_MERGE:          0
cpu0->cpu0_L2C TRANSLATION  ACCESS:         76 HIT:          4 MISS:         72 MSHR_MERGE:          0
cpu0->cpu0_L2C PREFETCH REQUESTED:          0 ISSUED:          0 USEFUL:          0 USELESS:          0
cpu0->cpu0_L2C AVERAGE MISS LATENCY: 785.9 cycles
cpu0->cpu0_L1I TOTAL        ACCESS:   19073935 HIT:   19073906 MISS:         29 MSHR_MERGE:         20
cpu0->cpu0_L1I LOAD         ACCESS:   19073935 HIT:   19073906 MISS:         29 MSHR_MERGE:         20
cpu0->cpu0_L1I RFO          ACCESS:          0 HIT:          0 MISS:          0 MSHR_MERGE:          0
cpu0->cpu0_L1I PREFETCH     ACCESS:          0 HIT:          0 MISS:          0 MSHR_MERGE:          0
cpu0->cpu0_L1I WRITE        ACCESS:          0 HIT:          0 MISS:          0 MSHR_MERGE:          0
cpu0->cpu0_L1I TRANSLATION  ACCESS:          0 HIT:          0 MISS:          0 MSHR_MERGE:          0
cpu0->cpu0_L1I PREFETCH REQUESTED:          0 ISSUED:          0 USEFUL:          0 USELESS:          0
cpu0->cpu0_L1I AVERAGE MISS LATENCY: 860.8 cycles
cpu0->cpu0_L1D TOTAL        ACCESS:   26241333 HIT:    5197992 MISS:   21043341 MSHR_MERGE:   18500860
cpu0->cpu0_L1D LOAD         ACCESS:    7486840 HIT:    4058941 MISS:    3427899 MSHR_MERGE:    2839404
cpu0->cpu0_L1D RFO          ACCESS:          0 HIT:          0 MISS:          0 MSHR_MERGE:          0
cpu0->cpu0_L1D PREFETCH     ACCESS:          0 HIT:          0 MISS:          0 MSHR_MERGE:          0
cpu0->cpu0_L1D WRITE        ACCESS:   18754417 HIT:    1139051 MISS:   17615366 MSHR_MERGE:   15661456
cpu0->cpu0_L1D TRANSLATION  ACCESS:         76 HIT:          0 MISS:         76 MSHR_MERGE:          0
cpu0->cpu0_L1D PREFETCH REQUESTED:          0 ISSUED:          0 USEFUL:          0 USELESS:          0
cpu0->cpu0_L1D AVERAGE MISS LATENCY: 795 cycles
cpu0->cpu0_ITLB TOTAL        ACCESS:   18945808 HIT:   18945808 MISS:          0 MSHR_MERGE:          0
cpu0->cpu0_ITLB LOAD         ACCESS:   18945808 HIT:   18945808 MISS:          0 MSHR_MERGE:          0
cpu0->cpu0_ITLB RFO          ACCESS:          0 HIT:          0 MISS:          0 MSHR_MERGE:          0
cpu0->cpu0_ITLB PREFETCH     ACCESS:          0 HIT:          0 MISS:          0 MSHR_MERGE:          0
cpu0->cpu0_ITLB WRITE        ACCESS:          0 HIT:          0 MISS:          0 MSHR_MERGE:          0
cpu0->cpu0_ITLB TRANSLATION  ACCESS:          0 HIT:          0 MISS:          0 MSHR_MERGE:          0
cpu0->cpu0_ITLB PREFETCH REQUESTED:          0 ISSUED:          0 USEFUL:          0 USELESS:          0
cpu0->cpu0_ITLB AVERAGE MISS LATENCY: - cycles
cpu0->cpu0_DTLB TOTAL        ACCESS:   23452196 HIT:   23451309 MISS:        887 MSHR_MERGE:        804
cpu0->cpu0_DTLB LOAD         ACCESS:   23452196 HIT:   23451309 MISS:        887 MSHR_MERGE:        804
cpu0->cpu0_DTLB RFO          ACCESS:          0 HIT:          0 MISS:          0 MSHR_MERGE:          0
cpu0->cpu0_DTLB PREFETCH     ACCESS:          0 HIT:          0 MISS:          0 MSHR_MERGE:          0
cpu0->cpu0_DTLB WRITE        ACCESS:          0 HIT:          0 MISS:          0 MSHR_MERGE:          0
cpu0->cpu0_DTLB TRANSLATION  ACCESS:          0 HIT:          0 MISS:          0 MSHR_MERGE:          0
cpu0->cpu0_DTLB PREFETCH REQUESTED:          0 ISSUED:          0 USEFUL:          0 USELESS:          0
cpu0->cpu0_DTLB AVERAGE MISS LATENCY: 225.8 cycles
cpu0->LLC TOTAL        ACCESS:    4498191 HIT:    1954407 MISS:    2543784 MSHR_MERGE:          0
cpu0->LLC LOAD         ACCESS:     588469 HIT:          0 MISS:     588469 MSHR_MERGE:          0
cpu0->LLC RFO          ACCESS:    1953918 HIT:          0 MISS:    1953918 MSHR_MERGE:          0
cpu0->LLC PREFETCH     ACCESS:          0 HIT:          0 MISS:          0 MSHR_MERGE:          0
cpu0->LLC WRITE        ACCESS:    1955732 HIT:    1954335 MISS:       1397 MSHR_MERGE:          0
cpu0->LLC TRANSLATION  ACCESS:         72 HIT:         72 MISS:          0 MSHR_MERGE:          0
cpu0->LLC PREFETCH REQUESTED:          0 ISSUED:          0 USEFUL:          0 USELESS:          0
cpu0->LLC AVERAGE MISS LATENCY: 6157 cycles
cpu1->LLC TOTAL        ACCESS:    4497682 HIT:    1954337 MISS:    2543345 MSHR_MERGE:          0
cpu1->LLC LOAD         ACCESS:     588330 HIT:          0 MISS:     588330 MSHR_MERGE:          0
cpu1->LLC RFO          ACCESS:    1953719 HIT:          0 MISS:    1953719 MSHR_MERGE:          0
cpu1->LLC PREFETCH     ACCESS:          0 HIT:          0 MISS:          0 MSHR_MERGE:          0
cpu1->LLC WRITE        ACCESS:    1955561 HIT:    1954265 MISS:       1296 MSHR_MERGE:          0
cpu1->LLC TRANSLATION  ACCESS:         72 HIT:         72 MISS:          0 MSHR_MERGE:          0
cpu1->LLC PREFETCH REQUESTED:          0 ISSUED:          0 USEFUL:          0 USELESS:          0
cpu1->LLC AVERAGE MISS LATENCY: 6158 cycles
cpu2->LLC TOTAL        ACCESS:    4499134 HIT:    1954654 MISS:    2544480 MSHR_MERGE:          0
cpu2->LLC LOAD         ACCESS:     588651 HIT:          0 MISS:     588651 MSHR_MERGE:          0
cpu2->LLC RFO          ACCESS:    1954355 HIT:          0 MISS:    1954355 MSHR_MERGE:          0
cpu2->LLC PREFETCH     ACCESS:          0 HIT:          0 MISS:          0 MSHR_MERGE:          0
cpu2->LLC WRITE        ACCESS:    1956056 HIT:    1954582 MISS:       1474 MSHR_MERGE:          0
cpu2->LLC TRANSLATION  ACCESS:         72 HIT:         72 MISS:          0 MSHR_MERGE:          0
cpu2->LLC PREFETCH REQUESTED:          0 ISSUED:          0 USEFUL:          0 USELESS:          0
cpu2->LLC AVERAGE MISS LATENCY: 6155 cycles
cpu3->LLC TOTAL        ACCESS:    4502862 HIT:    1955471 MISS:    2547391 MSHR_MERGE:          0
cpu3->LLC LOAD         ACCESS:     589397 HIT:          0 MISS:     589397 MSHR_MERGE:          0
cpu3->LLC RFO          ACCESS:    1955759 HIT:          0 MISS:    1955759 MSHR_MERGE:          0
cpu3->LLC PREFETCH     ACCESS:          0 HIT:          0 MISS:          0 MSHR_MERGE:          0
cpu3->LLC WRITE        ACCESS:    1957634 HIT:    1955423 MISS:       2211 MSHR_MERGE:          0
cpu3->LLC TRANSLATION  ACCESS:         72 HIT:         48 MISS:         24 MSHR_MERGE:          0
cpu3->LLC PREFETCH REQUESTED:          0 ISSUED:          0 USEFUL:          0 USELESS:          0
cpu3->LLC AVERAGE MISS LATENCY: 6148 cycles
cpu4->LLC TOTAL        ACCESS:    4497981 HIT:    1954552 MISS:    2543429 MSHR_MERGE:          0
cpu4->LLC LOAD         ACCESS:     588383 HIT:          0 MISS:     588383 MSHR_MERGE:          0
cpu4->LLC RFO          ACCESS:    1953860 HIT:          0 MISS:    1953860 MSHR_MERGE:          0
cpu4->LLC PREFETCH     ACCESS:          0 HIT:          0 MISS:          0 MSHR_MERGE:          0
cpu4->LLC WRITE        ACCESS:    1955666 HIT:    1954480 MISS:       1186 MSHR_MERGE:          0
cpu4->LLC TRANSLATION  ACCESS:         72 HIT:         72 MISS:          0 MSHR_MERGE:          0
cpu4->LLC PREFETCH REQUESTED:          0 ISSUED:          0 USEFUL:          0 USELESS:          0
cpu4->LLC AVERAGE MISS LATENCY: 6158 cycles
cpu5->LLC TOTAL        ACCESS:    4498696 HIT:    1954680 MISS:    2544016 MSHR_MERGE:          0
cpu5->LLC LOAD         ACCESS:     588518 HIT:          0 MISS:     588518 MSHR_MERGE:          0
cpu5->LLC RFO          ACCESS:    1954131 HIT:          0 MISS:    1954131 MSHR_MERGE:          0
cpu5->LLC PREFETCH     ACCESS:          0 HIT:          0 MISS:          0 MSHR_MERGE:          0
cpu5->LLC WRITE        ACCESS:    1955975 HIT:    1954608 MISS:       1367 MSHR_MERGE:          0
cpu5->LLC TRANSLATION  ACCESS:         72 HIT:         72 MISS:          0 MSHR_MERGE:          0
cpu5->LLC PREFETCH REQUESTED:          0 ISSUED:          0 USEFUL:          0 USELESS:          0
cpu5->LLC AVERAGE MISS LATENCY: 6157 cycles
cpu6->LLC TOTAL        ACCESS:    4497062 HIT:    1954151 MISS:    2542911 MSHR_MERGE:          0
cpu6->LLC LOAD         ACCESS:     588177 HIT:          0 MISS:     588177 MSHR_MERGE:          0
cpu6->LLC RFO          ACCESS:    1953464 HIT:          0 MISS:    1953464 MSHR_MERGE:          0
cpu6->LLC PREFETCH     ACCESS:          0 HIT:          0 MISS:          0 MSHR_MERGE:          0
cpu6->LLC WRITE        ACCESS:    1955349 HIT:    1954081 MISS:       1268 MSHR_MERGE:          0
cpu6->LLC TRANSLATION  ACCESS:         72 HIT:         70 MISS:          2 MSHR_MERGE:          0
cpu6->LLC PREFETCH REQUESTED:          0 ISSUED:          0 USEFUL:          0 USELESS:          0
cpu6->LLC AVERAGE MISS LATENCY: 6159 cycles
cpu7->LLC TOTAL        ACCESS:    4498986 HIT:    1954582 MISS:    2544404 MSHR_MERGE:          0
cpu7->LLC LOAD         ACCESS:     588584 HIT:          0 MISS:     588584 MSHR_MERGE:          0
cpu7->LLC RFO          ACCESS:    1954271 HIT:          0 MISS:    1954271 MSHR_MERGE:          0
cpu7->LLC PREFETCH     ACCESS:          0 HIT:          0 MISS:          0 MSHR_MERGE:          0
cpu7->LLC WRITE        ACCESS:    1956059 HIT:    1954510 MISS:       1549 MSHR_MERGE:          0
cpu7->LLC TRANSLATION  ACCESS:         72 HIT:         72 MISS:          0 MSHR_MERGE:          0
cpu7->LLC PREFETCH REQUESTED:          0 ISSUED:          0 USEFUL:          0 USELESS:          0
cpu7->LLC AVERAGE MISS LATENCY: 6156 cycles

DRAM Statistics

Channel 0 READ REQS:   10171004	WRITE REQS:    7853382
  READS:   10170996	READ_HITS:        117
  WRITES:    7853370	WRITE HITS:    3075957
  ACTIVATES:   14948296	PRECHARGES:   14948276
  RQ FULL:    9450584	WQ FULL:    2915169
  WRITE DRAINS:     185835	FORCED:     173767
  MEAN WRITE IMBALANCE: 4.365264885516722
  READ OCCU PRE DRAIN: 19.333597008098582	POST DRAIN: 26.651696397341727
  MEAN BLP: 19.45899857400382	BGLP: 7.8570882772351816
  READ LATENCY: 183.64263303220255
  TIME IN WRITE MODE: 39737403680

Channel 1 READ REQS:   10171008	WRITE REQS:    7853364
  READS:   10170999	READ_HITS:        115
  WRITES:    7853352	WRITE HITS:    3079602
  ACTIVATES:   14944638	PRECHARGES:   14944624
  RQ FULL:    8318748	WQ FULL:    2964087
  WRITE DRAINS:     186377	FORCED:     172863
  MEAN WRITE IMBALANCE: 4.350917763457938
  READ OCCU PRE DRAIN: 18.992670769461895	POST DRAIN: 26.05891284868841
  MEAN BLP: 19.425444126689452	BGLP: 7.848430868615763
  READ LATENCY: 180.73871819277537
  TIME IN WRITE MODE: 39717935296
---------------------------------------
Begin Slurm Epilog: Apr-09-2025 21:04:05
Job ID:        3709109
User ID:       svittal8
Account:       gts-mqureshi4-rg
Job name:      wrap
Resources:     cpu=1,mem=4G,node=1
Rsrc Used:     cput=06:20:40,vmem=0,walltime=06:20:40,mem=176544K,energy_used=0
Partition:     cpu-small
QOS:           inferno
Nodes:         atl1-1-02-018-24-2
---------------------------------------
