[VMEM] WARNING: physical memory size is smaller than virtual memory size.

*** ChampSim Multicore Out-of-Order Simulator ***
Warmup Instructions: 25000000
Simulation Instructions: 100000000
Number of CPUs: 8
Page size: 4096

CL :	 16.64 ns
CWL :	 15.808 ns
tRP :	 16.224 ns
tRCD :	 16.224 ns
tRAS :	 32.032000000000004 ns
tRTP :	 7.904 ns
tWR :	 30.368000000000002 ns

tCCD_S :	 3.3280000000000003 ns
tCCD_S_WR :	 3.3280000000000003 ns
tCCD_S_WTR :	 22.048000000000002 ns
tCCD_L :	 5.408 ns
tCCD_L_WR :	 20.384 ns
tCCD_L_WTR :	 29.536 ns
tRRD_S :	 3.3280000000000003 ns
tRRD_L :	 5.408 ns
tFAW :	 13.728 ns
Address mapping (perm = 1) 	ch co bg bg bg ba ba co co co co co co ro ro ro ro ro ro ro ro ro ro ro ro ro ro ro 
dram queue size: R = 64 W = 64 (low:high is 16:56)
Heartbeat CPU 5 instructions: 10000004 cycles: 4512522 heartbeat IPC: 2.216 cumulative IPC: 2.216 (Simulation time: 00 hr 04 min 12 sec)
Heartbeat CPU 1 instructions: 10000001 cycles: 4513003 heartbeat IPC: 2.216 cumulative IPC: 2.216 (Simulation time: 00 hr 04 min 12 sec)
Heartbeat CPU 4 instructions: 10000001 cycles: 4513028 heartbeat IPC: 2.216 cumulative IPC: 2.216 (Simulation time: 00 hr 04 min 12 sec)
Heartbeat CPU 3 instructions: 10000000 cycles: 4513184 heartbeat IPC: 2.216 cumulative IPC: 2.216 (Simulation time: 00 hr 04 min 12 sec)
Heartbeat CPU 2 instructions: 10000001 cycles: 4513249 heartbeat IPC: 2.216 cumulative IPC: 2.216 (Simulation time: 00 hr 04 min 12 sec)
Heartbeat CPU 0 instructions: 10000003 cycles: 4513905 heartbeat IPC: 2.215 cumulative IPC: 2.215 (Simulation time: 00 hr 04 min 12 sec)
Heartbeat CPU 7 instructions: 10000000 cycles: 4514595 heartbeat IPC: 2.215 cumulative IPC: 2.215 (Simulation time: 00 hr 04 min 12 sec)
Heartbeat CPU 6 instructions: 10000004 cycles: 4514904 heartbeat IPC: 2.215 cumulative IPC: 2.215 (Simulation time: 00 hr 04 min 12 sec)
Heartbeat CPU 4 instructions: 20000005 cycles: 9013800 heartbeat IPC: 2.222 cumulative IPC: 2.219 (Simulation time: 00 hr 08 min 44 sec)
Heartbeat CPU 5 instructions: 20000005 cycles: 9015320 heartbeat IPC: 2.221 cumulative IPC: 2.218 (Simulation time: 00 hr 08 min 44 sec)
Heartbeat CPU 0 instructions: 20000003 cycles: 9015347 heartbeat IPC: 2.222 cumulative IPC: 2.218 (Simulation time: 00 hr 08 min 44 sec)
Heartbeat CPU 6 instructions: 20000008 cycles: 9016014 heartbeat IPC: 2.222 cumulative IPC: 2.218 (Simulation time: 00 hr 08 min 44 sec)
Heartbeat CPU 2 instructions: 20000005 cycles: 9016493 heartbeat IPC: 2.221 cumulative IPC: 2.218 (Simulation time: 00 hr 08 min 44 sec)
Heartbeat CPU 3 instructions: 20000003 cycles: 9016722 heartbeat IPC: 2.22 cumulative IPC: 2.218 (Simulation time: 00 hr 08 min 44 sec)
Heartbeat CPU 1 instructions: 20000003 cycles: 9016998 heartbeat IPC: 2.22 cumulative IPC: 2.218 (Simulation time: 00 hr 08 min 44 sec)
Heartbeat CPU 7 instructions: 20000000 cycles: 9017180 heartbeat IPC: 2.221 cumulative IPC: 2.218 (Simulation time: 00 hr 08 min 44 sec)
Warmup finished CPU 4 instructions: 25000002 cycles: 11267201 cumulative IPC: 2.219 (Simulation time: 00 hr 11 min 12 sec)
Warmup finished CPU 2 instructions: 25000002 cycles: 11267994 cumulative IPC: 2.219 (Simulation time: 00 hr 11 min 12 sec)
Warmup finished CPU 3 instructions: 25000002 cycles: 11268399 cumulative IPC: 2.219 (Simulation time: 00 hr 11 min 12 sec)
Warmup finished CPU 6 instructions: 25000001 cycles: 11269512 cumulative IPC: 2.218 (Simulation time: 00 hr 11 min 12 sec)
Warmup finished CPU 5 instructions: 25000001 cycles: 11270790 cumulative IPC: 2.218 (Simulation time: 00 hr 11 min 12 sec)
Warmup finished CPU 0 instructions: 25000002 cycles: 11271061 cumulative IPC: 2.218 (Simulation time: 00 hr 11 min 12 sec)
Warmup finished CPU 7 instructions: 25000002 cycles: 11271157 cumulative IPC: 2.218 (Simulation time: 00 hr 11 min 12 sec)
Warmup finished CPU 1 instructions: 25000002 cycles: 11272723 cumulative IPC: 2.218 (Simulation time: 00 hr 11 min 13 sec)
Warmup complete CPU 7 instructions: 25003591 cycles: 11272723 cumulative IPC: 2.218 (Simulation time: 00 hr 11 min 13 sec)
Warmup complete CPU 6 instructions: 25007040 cycles: 11272723 cumulative IPC: 2.218 (Simulation time: 00 hr 11 min 13 sec)
Warmup complete CPU 5 instructions: 25004553 cycles: 11272723 cumulative IPC: 2.218 (Simulation time: 00 hr 11 min 13 sec)
Warmup complete CPU 4 instructions: 25012161 cycles: 11272723 cumulative IPC: 2.219 (Simulation time: 00 hr 11 min 13 sec)
Warmup complete CPU 3 instructions: 25009536 cycles: 11272723 cumulative IPC: 2.219 (Simulation time: 00 hr 11 min 13 sec)
Warmup complete CPU 2 instructions: 25010714 cycles: 11272723 cumulative IPC: 2.219 (Simulation time: 00 hr 11 min 13 sec)
Warmup complete CPU 1 instructions: 25000002 cycles: 11272723 cumulative IPC: 2.218 (Simulation time: 00 hr 11 min 13 sec)
Warmup complete CPU 0 instructions: 25003831 cycles: 11272723 cumulative IPC: 2.218 (Simulation time: 00 hr 11 min 13 sec)
Heartbeat CPU 1 instructions: 30000004 cycles: 25366032 heartbeat IPC: 0.6117 cumulative IPC: 0.3548 (Simulation time: 00 hr 17 min 35 sec)
Heartbeat CPU 6 instructions: 30000010 cycles: 25370773 heartbeat IPC: 0.6114 cumulative IPC: 0.3542 (Simulation time: 00 hr 17 min 35 sec)
Heartbeat CPU 3 instructions: 30000005 cycles: 25423176 heartbeat IPC: 0.6095 cumulative IPC: 0.3527 (Simulation time: 00 hr 17 min 37 sec)
Heartbeat CPU 2 instructions: 30000005 cycles: 25460491 heartbeat IPC: 0.6081 cumulative IPC: 0.3517 (Simulation time: 00 hr 17 min 38 sec)
Heartbeat CPU 4 instructions: 30000005 cycles: 25461016 heartbeat IPC: 0.608 cumulative IPC: 0.3515 (Simulation time: 00 hr 17 min 38 sec)
Heartbeat CPU 7 instructions: 30000000 cycles: 25468151 heartbeat IPC: 0.6079 cumulative IPC: 0.352 (Simulation time: 00 hr 17 min 38 sec)
Heartbeat CPU 0 instructions: 30000005 cycles: 25477016 heartbeat IPC: 0.6075 cumulative IPC: 0.3517 (Simulation time: 00 hr 17 min 38 sec)
Heartbeat CPU 5 instructions: 30000005 cycles: 25487910 heartbeat IPC: 0.6071 cumulative IPC: 0.3514 (Simulation time: 00 hr 17 min 38 sec)
Heartbeat CPU 1 instructions: 40000008 cycles: 53608035 heartbeat IPC: 0.3541 cumulative IPC: 0.3543 (Simulation time: 00 hr 30 min 03 sec)
Heartbeat CPU 3 instructions: 40000008 cycles: 53632662 heartbeat IPC: 0.3545 cumulative IPC: 0.3539 (Simulation time: 00 hr 30 min 03 sec)
Heartbeat CPU 7 instructions: 40000004 cycles: 53668968 heartbeat IPC: 0.3546 cumulative IPC: 0.3537 (Simulation time: 00 hr 30 min 04 sec)
Heartbeat CPU 6 instructions: 40000013 cycles: 53689716 heartbeat IPC: 0.3531 cumulative IPC: 0.3535 (Simulation time: 00 hr 30 min 05 sec)
Heartbeat CPU 0 instructions: 40000009 cycles: 53712608 heartbeat IPC: 0.3542 cumulative IPC: 0.3534 (Simulation time: 00 hr 30 min 05 sec)
Heartbeat CPU 2 instructions: 40000008 cycles: 53748815 heartbeat IPC: 0.3535 cumulative IPC: 0.3529 (Simulation time: 00 hr 30 min 06 sec)
Heartbeat CPU 4 instructions: 40000009 cycles: 53754357 heartbeat IPC: 0.3534 cumulative IPC: 0.3528 (Simulation time: 00 hr 30 min 06 sec)
Heartbeat CPU 5 instructions: 40000009 cycles: 53762452 heartbeat IPC: 0.3537 cumulative IPC: 0.3529 (Simulation time: 00 hr 30 min 07 sec)
Heartbeat CPU 1 instructions: 50000010 cycles: 81855054 heartbeat IPC: 0.354 cumulative IPC: 0.3542 (Simulation time: 00 hr 42 min 32 sec)
Heartbeat CPU 4 instructions: 50000010 cycles: 81917784 heartbeat IPC: 0.3551 cumulative IPC: 0.3537 (Simulation time: 00 hr 42 min 34 sec)
Heartbeat CPU 3 instructions: 50000010 cycles: 81940790 heartbeat IPC: 0.3533 cumulative IPC: 0.3536 (Simulation time: 00 hr 42 min 35 sec)
Heartbeat CPU 7 instructions: 50000004 cycles: 81968868 heartbeat IPC: 0.3534 cumulative IPC: 0.3536 (Simulation time: 00 hr 42 min 35 sec)
Heartbeat CPU 6 instructions: 50000015 cycles: 81982666 heartbeat IPC: 0.3534 cumulative IPC: 0.3535 (Simulation time: 00 hr 42 min 36 sec)
Heartbeat CPU 0 instructions: 50000010 cycles: 81999122 heartbeat IPC: 0.3535 cumulative IPC: 0.3534 (Simulation time: 00 hr 42 min 36 sec)
Heartbeat CPU 2 instructions: 50000010 cycles: 82035056 heartbeat IPC: 0.3535 cumulative IPC: 0.3531 (Simulation time: 00 hr 42 min 37 sec)
Heartbeat CPU 5 instructions: 50000010 cycles: 82095556 heartbeat IPC: 0.3529 cumulative IPC: 0.3529 (Simulation time: 00 hr 42 min 39 sec)
Heartbeat CPU 1 instructions: 60000010 cycles: 110133539 heartbeat IPC: 0.3536 cumulative IPC: 0.354 (Simulation time: 00 hr 55 min 12 sec)
Heartbeat CPU 4 instructions: 60000010 cycles: 110133592 heartbeat IPC: 0.3544 cumulative IPC: 0.3539 (Simulation time: 00 hr 55 min 12 sec)
Heartbeat CPU 7 instructions: 60000004 cycles: 110182381 heartbeat IPC: 0.3544 cumulative IPC: 0.3538 (Simulation time: 00 hr 55 min 13 sec)
Heartbeat CPU 6 instructions: 60000017 cycles: 110187941 heartbeat IPC: 0.3545 cumulative IPC: 0.3538 (Simulation time: 00 hr 55 min 13 sec)
Heartbeat CPU 3 instructions: 60000010 cycles: 110228613 heartbeat IPC: 0.3535 cumulative IPC: 0.3536 (Simulation time: 00 hr 55 min 14 sec)
Heartbeat CPU 0 instructions: 60000010 cycles: 110276256 heartbeat IPC: 0.3536 cumulative IPC: 0.3535 (Simulation time: 00 hr 55 min 15 sec)
Heartbeat CPU 2 instructions: 60000010 cycles: 110284483 heartbeat IPC: 0.354 cumulative IPC: 0.3534 (Simulation time: 00 hr 55 min 15 sec)
Heartbeat CPU 5 instructions: 60000010 cycles: 110373502 heartbeat IPC: 0.3536 cumulative IPC: 0.3531 (Simulation time: 00 hr 55 min 18 sec)
Heartbeat CPU 6 instructions: 70000017 cycles: 138402639 heartbeat IPC: 0.3544 cumulative IPC: 0.3539 (Simulation time: 01 hr 07 min 26 sec)
Heartbeat CPU 4 instructions: 70000011 cycles: 138415198 heartbeat IPC: 0.3536 cumulative IPC: 0.3538 (Simulation time: 01 hr 07 min 26 sec)
Heartbeat CPU 1 instructions: 70000012 cycles: 138458530 heartbeat IPC: 0.353 cumulative IPC: 0.3538 (Simulation time: 01 hr 07 min 28 sec)
Heartbeat CPU 7 instructions: 70000007 cycles: 138489362 heartbeat IPC: 0.3533 cumulative IPC: 0.3537 (Simulation time: 01 hr 07 min 28 sec)
Heartbeat CPU 3 instructions: 70000012 cycles: 138510833 heartbeat IPC: 0.3536 cumulative IPC: 0.3536 (Simulation time: 01 hr 07 min 29 sec)
Heartbeat CPU 2 instructions: 70000012 cycles: 138571771 heartbeat IPC: 0.3535 cumulative IPC: 0.3534 (Simulation time: 01 hr 07 min 30 sec)
Heartbeat CPU 0 instructions: 70000012 cycles: 138604012 heartbeat IPC: 0.353 cumulative IPC: 0.3534 (Simulation time: 01 hr 07 min 31 sec)
Heartbeat CPU 5 instructions: 70000012 cycles: 138714866 heartbeat IPC: 0.3528 cumulative IPC: 0.3531 (Simulation time: 01 hr 07 min 34 sec)
Heartbeat CPU 4 instructions: 80000015 cycles: 166645607 heartbeat IPC: 0.3542 cumulative IPC: 0.3539 (Simulation time: 01 hr 19 min 45 sec)
Heartbeat CPU 6 instructions: 80000020 cycles: 166660955 heartbeat IPC: 0.3539 cumulative IPC: 0.3539 (Simulation time: 01 hr 19 min 45 sec)
Heartbeat CPU 1 instructions: 80000015 cycles: 166676123 heartbeat IPC: 0.3544 cumulative IPC: 0.3539 (Simulation time: 01 hr 19 min 46 sec)
Heartbeat CPU 7 instructions: 80000008 cycles: 166734222 heartbeat IPC: 0.354 cumulative IPC: 0.3538 (Simulation time: 01 hr 19 min 47 sec)
Heartbeat CPU 3 instructions: 80000015 cycles: 166763267 heartbeat IPC: 0.354 cumulative IPC: 0.3537 (Simulation time: 01 hr 19 min 48 sec)
Heartbeat CPU 2 instructions: 80000015 cycles: 166783486 heartbeat IPC: 0.3545 cumulative IPC: 0.3536 (Simulation time: 01 hr 19 min 49 sec)
Heartbeat CPU 0 instructions: 80000015 cycles: 166826993 heartbeat IPC: 0.3543 cumulative IPC: 0.3535 (Simulation time: 01 hr 19 min 50 sec)
Heartbeat CPU 5 instructions: 80000015 cycles: 167045435 heartbeat IPC: 0.353 cumulative IPC: 0.353 (Simulation time: 01 hr 19 min 55 sec)
Heartbeat CPU 6 instructions: 90000024 cycles: 194866835 heartbeat IPC: 0.3545 cumulative IPC: 0.354 (Simulation time: 01 hr 32 min 26 sec)
Heartbeat CPU 1 instructions: 90000018 cycles: 194889788 heartbeat IPC: 0.3544 cumulative IPC: 0.354 (Simulation time: 01 hr 32 min 27 sec)
Heartbeat CPU 7 instructions: 90000010 cycles: 194938339 heartbeat IPC: 0.3546 cumulative IPC: 0.3539 (Simulation time: 01 hr 32 min 28 sec)
Heartbeat CPU 4 instructions: 90000016 cycles: 194939968 heartbeat IPC: 0.3534 cumulative IPC: 0.3538 (Simulation time: 01 hr 32 min 28 sec)
Heartbeat CPU 3 instructions: 90000019 cycles: 195057372 heartbeat IPC: 0.3534 cumulative IPC: 0.3536 (Simulation time: 01 hr 32 min 31 sec)
Heartbeat CPU 0 instructions: 90000016 cycles: 195123513 heartbeat IPC: 0.3534 cumulative IPC: 0.3535 (Simulation time: 01 hr 32 min 33 sec)
Heartbeat CPU 2 instructions: 90000016 cycles: 195160759 heartbeat IPC: 0.3524 cumulative IPC: 0.3534 (Simulation time: 01 hr 32 min 34 sec)
Heartbeat CPU 5 instructions: 90000018 cycles: 195299805 heartbeat IPC: 0.3539 cumulative IPC: 0.3532 (Simulation time: 01 hr 32 min 38 sec)
Heartbeat CPU 4 instructions: 100000016 cycles: 223168719 heartbeat IPC: 0.3542 cumulative IPC: 0.3539 (Simulation time: 01 hr 44 min 54 sec)
Heartbeat CPU 6 instructions: 100000025 cycles: 223199234 heartbeat IPC: 0.353 cumulative IPC: 0.3539 (Simulation time: 01 hr 44 min 55 sec)
Heartbeat CPU 1 instructions: 100000021 cycles: 223206764 heartbeat IPC: 0.3531 cumulative IPC: 0.3539 (Simulation time: 01 hr 44 min 55 sec)
Heartbeat CPU 7 instructions: 100000011 cycles: 223217103 heartbeat IPC: 0.3536 cumulative IPC: 0.3538 (Simulation time: 01 hr 44 min 55 sec)
Heartbeat CPU 3 instructions: 100000021 cycles: 223323532 heartbeat IPC: 0.3538 cumulative IPC: 0.3536 (Simulation time: 01 hr 44 min 58 sec)
Heartbeat CPU 0 instructions: 100000018 cycles: 223359065 heartbeat IPC: 0.3542 cumulative IPC: 0.3536 (Simulation time: 01 hr 44 min 59 sec)
Heartbeat CPU 2 instructions: 100000018 cycles: 223388975 heartbeat IPC: 0.3543 cumulative IPC: 0.3535 (Simulation time: 01 hr 45 min 00 sec)
Heartbeat CPU 5 instructions: 100000021 cycles: 223554216 heartbeat IPC: 0.3539 cumulative IPC: 0.3533 (Simulation time: 01 hr 45 min 04 sec)
Heartbeat CPU 1 instructions: 110000022 cycles: 251457102 heartbeat IPC: 0.354 cumulative IPC: 0.3539 (Simulation time: 01 hr 57 min 30 sec)
Heartbeat CPU 7 instructions: 110000012 cycles: 251528126 heartbeat IPC: 0.3532 cumulative IPC: 0.3538 (Simulation time: 01 hr 57 min 32 sec)
Heartbeat CPU 6 instructions: 110000027 cycles: 251531401 heartbeat IPC: 0.353 cumulative IPC: 0.3538 (Simulation time: 01 hr 57 min 32 sec)
Heartbeat CPU 4 instructions: 110000017 cycles: 251549372 heartbeat IPC: 0.3524 cumulative IPC: 0.3537 (Simulation time: 01 hr 57 min 32 sec)
Heartbeat CPU 3 instructions: 110000022 cycles: 251553609 heartbeat IPC: 0.3542 cumulative IPC: 0.3537 (Simulation time: 01 hr 57 min 32 sec)
Heartbeat CPU 0 instructions: 110000022 cycles: 251622357 heartbeat IPC: 0.3538 cumulative IPC: 0.3536 (Simulation time: 01 hr 57 min 34 sec)
Heartbeat CPU 2 instructions: 110000022 cycles: 251644841 heartbeat IPC: 0.3539 cumulative IPC: 0.3536 (Simulation time: 01 hr 57 min 35 sec)
Heartbeat CPU 5 instructions: 110000022 cycles: 251766919 heartbeat IPC: 0.3545 cumulative IPC: 0.3534 (Simulation time: 01 hr 57 min 38 sec)
Heartbeat CPU 1 instructions: 120000022 cycles: 279751897 heartbeat IPC: 0.3534 cumulative IPC: 0.3538 (Simulation time: 02 hr 09 min 47 sec)
Heartbeat CPU 7 instructions: 120000015 cycles: 279808177 heartbeat IPC: 0.3536 cumulative IPC: 0.3538 (Simulation time: 02 hr 09 min 48 sec)
Heartbeat CPU 6 instructions: 120000030 cycles: 279819621 heartbeat IPC: 0.3535 cumulative IPC: 0.3537 (Simulation time: 02 hr 09 min 48 sec)
Heartbeat CPU 4 instructions: 120000018 cycles: 279870692 heartbeat IPC: 0.3531 cumulative IPC: 0.3536 (Simulation time: 02 hr 09 min 50 sec)
Heartbeat CPU 0 instructions: 120000023 cycles: 279898467 heartbeat IPC: 0.3537 cumulative IPC: 0.3536 (Simulation time: 02 hr 09 min 51 sec)
Heartbeat CPU 3 instructions: 120000025 cycles: 279907350 heartbeat IPC: 0.3527 cumulative IPC: 0.3536 (Simulation time: 02 hr 09 min 51 sec)
Heartbeat CPU 2 instructions: 120000023 cycles: 280003273 heartbeat IPC: 0.3526 cumulative IPC: 0.3535 (Simulation time: 02 hr 09 min 53 sec)
Heartbeat CPU 5 instructions: 120000023 cycles: 280108083 heartbeat IPC: 0.3528 cumulative IPC: 0.3534 (Simulation time: 02 hr 09 min 56 sec)
Simulation finished CPU 1 instructions: 100000002 cycles: 282583363 cumulative IPC: 0.3539 (Simulation time: 02 hr 15 min 58 sec)
Simulation finished CPU 7 instructions: 100000000 cycles: 282651466 cumulative IPC: 0.3538 (Simulation time: 02 hr 16 min 00 sec)
Simulation finished CPU 6 instructions: 100000002 cycles: 282732064 cumulative IPC: 0.3537 (Simulation time: 02 hr 16 min 02 sec)
Simulation finished CPU 4 instructions: 100000002 cycles: 282780025 cumulative IPC: 0.3536 (Simulation time: 02 hr 16 min 03 sec)
Simulation finished CPU 3 instructions: 100000002 cycles: 282794993 cumulative IPC: 0.3536 (Simulation time: 02 hr 16 min 04 sec)
Simulation finished CPU 0 instructions: 100000002 cycles: 282836990 cumulative IPC: 0.3536 (Simulation time: 02 hr 16 min 05 sec)
Simulation finished CPU 2 instructions: 100000003 cycles: 282893913 cumulative IPC: 0.3535 (Simulation time: 02 hr 16 min 06 sec)
Simulation finished CPU 5 instructions: 100000002 cycles: 283006914 cumulative IPC: 0.3533 (Simulation time: 02 hr 16 min 09 sec)
Simulation complete CPU 7 instructions: 100121716 cycles: 283006914 cumulative IPC: 0.3538 (Simulation time: 02 hr 16 min 09 sec)
Simulation complete CPU 6 instructions: 100096197 cycles: 283006914 cumulative IPC: 0.3537 (Simulation time: 02 hr 16 min 09 sec)
Simulation complete CPU 5 instructions: 100000002 cycles: 283006914 cumulative IPC: 0.3533 (Simulation time: 02 hr 16 min 09 sec)
Simulation complete CPU 4 instructions: 100075770 cycles: 283006914 cumulative IPC: 0.3536 (Simulation time: 02 hr 16 min 09 sec)
Simulation complete CPU 3 instructions: 100074144 cycles: 283006914 cumulative IPC: 0.3536 (Simulation time: 02 hr 16 min 09 sec)
Simulation complete CPU 2 instructions: 100039144 cycles: 283006914 cumulative IPC: 0.3535 (Simulation time: 02 hr 16 min 09 sec)
Simulation complete CPU 1 instructions: 100147084 cycles: 283006914 cumulative IPC: 0.3539 (Simulation time: 02 hr 16 min 09 sec)
Simulation complete CPU 0 instructions: 100059881 cycles: 283006914 cumulative IPC: 0.3536 (Simulation time: 02 hr 16 min 09 sec)

ChampSim completed all CPUs

=== Simulation ===
CPU 0 runs ../frost/TRACES/ctf/spec2017/649.fotonik3d_s-10881B.champsimtrace.xz
CPU 1 runs ../frost/TRACES/ctf/spec2017/649.fotonik3d_s-10881B.champsimtrace.xz
CPU 2 runs ../frost/TRACES/ctf/spec2017/649.fotonik3d_s-10881B.champsimtrace.xz
CPU 3 runs ../frost/TRACES/ctf/spec2017/649.fotonik3d_s-10881B.champsimtrace.xz
CPU 4 runs ../frost/TRACES/ctf/spec2017/649.fotonik3d_s-10881B.champsimtrace.xz
CPU 5 runs ../frost/TRACES/ctf/spec2017/649.fotonik3d_s-10881B.champsimtrace.xz
CPU 6 runs ../frost/TRACES/ctf/spec2017/649.fotonik3d_s-10881B.champsimtrace.xz
CPU 7 runs ../frost/TRACES/ctf/spec2017/649.fotonik3d_s-10881B.champsimtrace.xz

Total Simulation Statistics (not including warmup)

CPU 7 cumulative IPC: 0.3538 instructions: 100121716 cycles: 283006914
CPU 7 Branch Prediction Accuracy: 99.99% MPKI: 0.0008889 Average ROB Occupancy at Mispredict: 264.2
Branch type MPKI
BRANCH_DIRECT_JUMP: 0
BRANCH_INDIRECT: 0
BRANCH_CONDITIONAL: 0.0008889
BRANCH_DIRECT_CALL: 0
BRANCH_INDIRECT_CALL: 0
BRANCH_RETURN: 0


CPU 6 cumulative IPC: 0.3537 instructions: 100096197 cycles: 283006914
CPU 6 Branch Prediction Accuracy: 99.99% MPKI: 0.0008891 Average ROB Occupancy at Mispredict: 263.3
Branch type MPKI
BRANCH_DIRECT_JUMP: 0
BRANCH_INDIRECT: 0
BRANCH_CONDITIONAL: 0.0008891
BRANCH_DIRECT_CALL: 0
BRANCH_INDIRECT_CALL: 0
BRANCH_RETURN: 0


CPU 5 cumulative IPC: 0.3533 instructions: 100000002 cycles: 283006914
CPU 5 Branch Prediction Accuracy: 99.99% MPKI: 0.00089 Average ROB Occupancy at Mispredict: 265.5
Branch type MPKI
BRANCH_DIRECT_JUMP: 0
BRANCH_INDIRECT: 0
BRANCH_CONDITIONAL: 0.00089
BRANCH_DIRECT_CALL: 0
BRANCH_INDIRECT_CALL: 0
BRANCH_RETURN: 0


CPU 4 cumulative IPC: 0.3536 instructions: 100075770 cycles: 283006914
CPU 4 Branch Prediction Accuracy: 99.99% MPKI: 0.0008893 Average ROB Occupancy at Mispredict: 260
Branch type MPKI
BRANCH_DIRECT_JUMP: 0
BRANCH_INDIRECT: 0
BRANCH_CONDITIONAL: 0.0008893
BRANCH_DIRECT_CALL: 0
BRANCH_INDIRECT_CALL: 0
BRANCH_RETURN: 0


CPU 3 cumulative IPC: 0.3536 instructions: 100074144 cycles: 283006914
CPU 3 Branch Prediction Accuracy: 99.99% MPKI: 0.0008893 Average ROB Occupancy at Mispredict: 262.8
Branch type MPKI
BRANCH_DIRECT_JUMP: 0
BRANCH_INDIRECT: 0
BRANCH_CONDITIONAL: 0.0008893
BRANCH_DIRECT_CALL: 0
BRANCH_INDIRECT_CALL: 0
BRANCH_RETURN: 0


CPU 2 cumulative IPC: 0.3535 instructions: 100039144 cycles: 283006914
CPU 2 Branch Prediction Accuracy: 99.99% MPKI: 0.0008897 Average ROB Occupancy at Mispredict: 264
Branch type MPKI
BRANCH_DIRECT_JUMP: 0
BRANCH_INDIRECT: 0
BRANCH_CONDITIONAL: 0.0008897
BRANCH_DIRECT_CALL: 0
BRANCH_INDIRECT_CALL: 0
BRANCH_RETURN: 0


CPU 1 cumulative IPC: 0.3539 instructions: 100147084 cycles: 283006914
CPU 1 Branch Prediction Accuracy: 99.99% MPKI: 0.0008887 Average ROB Occupancy at Mispredict: 261.8
Branch type MPKI
BRANCH_DIRECT_JUMP: 0
BRANCH_INDIRECT: 0
BRANCH_CONDITIONAL: 0.0008887
BRANCH_DIRECT_CALL: 0
BRANCH_INDIRECT_CALL: 0
BRANCH_RETURN: 0


CPU 0 cumulative IPC: 0.3536 instructions: 100059881 cycles: 283006914
CPU 0 Branch Prediction Accuracy: 99.99% MPKI: 0.0008895 Average ROB Occupancy at Mispredict: 262.9
Branch type MPKI
BRANCH_DIRECT_JUMP: 0
BRANCH_INDIRECT: 0
BRANCH_CONDITIONAL: 0.0008895
BRANCH_DIRECT_CALL: 0
BRANCH_INDIRECT_CALL: 0
BRANCH_RETURN: 0

cpu7->cpu7_STLB TOTAL        ACCESS:     531834 HIT:     275947 MISS:     255887 MSHR_MERGE:          0
cpu7->cpu7_STLB LOAD         ACCESS:     531834 HIT:     275947 MISS:     255887 MSHR_MERGE:          0
cpu7->cpu7_STLB RFO          ACCESS:          0 HIT:          0 MISS:          0 MSHR_MERGE:          0
cpu7->cpu7_STLB PREFETCH     ACCESS:          0 HIT:          0 MISS:          0 MSHR_MERGE:          0
cpu7->cpu7_STLB WRITE        ACCESS:          0 HIT:          0 MISS:          0 MSHR_MERGE:          0
cpu7->cpu7_STLB TRANSLATION  ACCESS:          0 HIT:          0 MISS:          0 MSHR_MERGE:          0
cpu7->cpu7_STLB PREFETCH REQUESTED:          0 ISSUED:          0 USEFUL:          0 USELESS:          0
cpu7->cpu7_STLB AVERAGE MISS LATENCY: 239.8 cycles
cpu7->cpu7_L2C TOTAL        ACCESS:    3126862 HIT:    1183733 MISS:    1943129 MSHR_MERGE:          0
cpu7->cpu7_L2C LOAD         ACCESS:    1926363 HIT:         25 MISS:    1926338 MSHR_MERGE:          0
cpu7->cpu7_L2C RFO          ACCESS:          0 HIT:          0 MISS:          0 MSHR_MERGE:          0
cpu7->cpu7_L2C PREFETCH     ACCESS:          0 HIT:          0 MISS:          0 MSHR_MERGE:          0
cpu7->cpu7_L2C WRITE        ACCESS:     972702 HIT:     972702 MISS:          0 MSHR_MERGE:          0
cpu7->cpu7_L2C TRANSLATION  ACCESS:     227797 HIT:     211006 MISS:      16791 MSHR_MERGE:          0
cpu7->cpu7_L2C PREFETCH REQUESTED:          0 ISSUED:          0 USEFUL:          0 USELESS:          0
cpu7->cpu7_L2C AVERAGE MISS LATENCY: 316.2 cycles
cpu7->cpu7_L1I TOTAL        ACCESS:   33304844 HIT:   33304844 MISS:          0 MSHR_MERGE:          0
cpu7->cpu7_L1I LOAD         ACCESS:   33304844 HIT:   33304844 MISS:          0 MSHR_MERGE:          0
cpu7->cpu7_L1I RFO          ACCESS:          0 HIT:          0 MISS:          0 MSHR_MERGE:          0
cpu7->cpu7_L1I PREFETCH     ACCESS:          0 HIT:          0 MISS:          0 MSHR_MERGE:          0
cpu7->cpu7_L1I WRITE        ACCESS:          0 HIT:          0 MISS:          0 MSHR_MERGE:          0
cpu7->cpu7_L1I TRANSLATION  ACCESS:          0 HIT:          0 MISS:          0 MSHR_MERGE:          0
cpu7->cpu7_L1I PREFETCH REQUESTED:          0 ISSUED:          0 USEFUL:          0 USELESS:          0
cpu7->cpu7_L1I AVERAGE MISS LATENCY: - cycles
cpu7->cpu7_L1D TOTAL        ACCESS:   55156670 HIT:   52196570 MISS:    2960100 MSHR_MERGE:     805939
cpu7->cpu7_L1D LOAD         ACCESS:   48481164 HIT:   45748863 MISS:    2732301 MSHR_MERGE:     805937
cpu7->cpu7_L1D RFO          ACCESS:          0 HIT:          0 MISS:          0 MSHR_MERGE:          0
cpu7->cpu7_L1D PREFETCH     ACCESS:          0 HIT:          0 MISS:          0 MSHR_MERGE:          0
cpu7->cpu7_L1D WRITE        ACCESS:    6419111 HIT:    6419111 MISS:          0 MSHR_MERGE:          0
cpu7->cpu7_L1D TRANSLATION  ACCESS:     256395 HIT:      28596 MISS:     227799 MSHR_MERGE:          2
cpu7->cpu7_L1D PREFETCH REQUESTED:          0 ISSUED:          0 USEFUL:          0 USELESS:          0
cpu7->cpu7_L1D AVERAGE MISS LATENCY: 294.2 cycles
cpu7->cpu7_ITLB TOTAL        ACCESS:   29738549 HIT:   29738549 MISS:          0 MSHR_MERGE:          0
cpu7->cpu7_ITLB LOAD         ACCESS:   29738549 HIT:   29738549 MISS:          0 MSHR_MERGE:          0
cpu7->cpu7_ITLB RFO          ACCESS:          0 HIT:          0 MISS:          0 MSHR_MERGE:          0
cpu7->cpu7_ITLB PREFETCH     ACCESS:          0 HIT:          0 MISS:          0 MSHR_MERGE:          0
cpu7->cpu7_ITLB WRITE        ACCESS:          0 HIT:          0 MISS:          0 MSHR_MERGE:          0
cpu7->cpu7_ITLB TRANSLATION  ACCESS:          0 HIT:          0 MISS:          0 MSHR_MERGE:          0
cpu7->cpu7_ITLB PREFETCH REQUESTED:          0 ISSUED:          0 USEFUL:          0 USELESS:          0
cpu7->cpu7_ITLB AVERAGE MISS LATENCY: - cycles
cpu7->cpu7_DTLB TOTAL        ACCESS:   53368520 HIT:   52739656 MISS:     628864 MSHR_MERGE:      97030
cpu7->cpu7_DTLB LOAD         ACCESS:   53368520 HIT:   52739656 MISS:     628864 MSHR_MERGE:      97030
cpu7->cpu7_DTLB RFO          ACCESS:          0 HIT:          0 MISS:          0 MSHR_MERGE:          0
cpu7->cpu7_DTLB PREFETCH     ACCESS:          0 HIT:          0 MISS:          0 MSHR_MERGE:          0
cpu7->cpu7_DTLB WRITE        ACCESS:          0 HIT:          0 MISS:          0 MSHR_MERGE:          0
cpu7->cpu7_DTLB TRANSLATION  ACCESS:          0 HIT:          0 MISS:          0 MSHR_MERGE:          0
cpu7->cpu7_DTLB PREFETCH REQUESTED:          0 ISSUED:          0 USEFUL:          0 USELESS:          0
cpu7->cpu7_DTLB AVERAGE MISS LATENCY: 120.9 cycles
cpu6->cpu6_STLB TOTAL        ACCESS:     531563 HIT:     275738 MISS:     255825 MSHR_MERGE:          0
cpu6->cpu6_STLB LOAD         ACCESS:     531563 HIT:     275738 MISS:     255825 MSHR_MERGE:          0
cpu6->cpu6_STLB RFO          ACCESS:          0 HIT:          0 MISS:          0 MSHR_MERGE:          0
cpu6->cpu6_STLB PREFETCH     ACCESS:          0 HIT:          0 MISS:          0 MSHR_MERGE:          0
cpu6->cpu6_STLB WRITE        ACCESS:          0 HIT:          0 MISS:          0 MSHR_MERGE:          0
cpu6->cpu6_STLB TRANSLATION  ACCESS:          0 HIT:          0 MISS:          0 MSHR_MERGE:          0
cpu6->cpu6_STLB PREFETCH REQUESTED:          0 ISSUED:          0 USEFUL:          0 USELESS:          0
cpu6->cpu6_STLB AVERAGE MISS LATENCY: 239.5 cycles
cpu6->cpu6_L2C TOTAL        ACCESS:    3126086 HIT:    1183477 MISS:    1942609 MSHR_MERGE:          0
cpu6->cpu6_L2C LOAD         ACCESS:    1925870 HIT:         28 MISS:    1925842 MSHR_MERGE:          0
cpu6->cpu6_L2C RFO          ACCESS:          0 HIT:          0 MISS:          0 MSHR_MERGE:          0
cpu6->cpu6_L2C PREFETCH     ACCESS:          0 HIT:          0 MISS:          0 MSHR_MERGE:          0
cpu6->cpu6_L2C WRITE        ACCESS:     972410 HIT:     972410 MISS:          0 MSHR_MERGE:          0
cpu6->cpu6_L2C TRANSLATION  ACCESS:     227806 HIT:     211039 MISS:      16767 MSHR_MERGE:          0
cpu6->cpu6_L2C PREFETCH REQUESTED:          0 ISSUED:          0 USEFUL:          0 USELESS:          0
cpu6->cpu6_L2C AVERAGE MISS LATENCY: 316.1 cycles
cpu6->cpu6_L1I TOTAL        ACCESS:   33288575 HIT:   33288575 MISS:          0 MSHR_MERGE:          0
cpu6->cpu6_L1I LOAD         ACCESS:   33288575 HIT:   33288575 MISS:          0 MSHR_MERGE:          0
cpu6->cpu6_L1I RFO          ACCESS:          0 HIT:          0 MISS:          0 MSHR_MERGE:          0
cpu6->cpu6_L1I PREFETCH     ACCESS:          0 HIT:          0 MISS:          0 MSHR_MERGE:          0
cpu6->cpu6_L1I WRITE        ACCESS:          0 HIT:          0 MISS:          0 MSHR_MERGE:          0
cpu6->cpu6_L1I TRANSLATION  ACCESS:          0 HIT:          0 MISS:          0 MSHR_MERGE:          0
cpu6->cpu6_L1I PREFETCH REQUESTED:          0 ISSUED:          0 USEFUL:          0 USELESS:          0
cpu6->cpu6_L1I AVERAGE MISS LATENCY: - cycles
cpu6->cpu6_L1D TOTAL        ACCESS:   55137144 HIT:   52178511 MISS:    2958633 MSHR_MERGE:     804957
cpu6->cpu6_L1D LOAD         ACCESS:   48463335 HIT:   45732509 MISS:    2730826 MSHR_MERGE:     804956
cpu6->cpu6_L1D RFO          ACCESS:          0 HIT:          0 MISS:          0 MSHR_MERGE:          0
cpu6->cpu6_L1D PREFETCH     ACCESS:          0 HIT:          0 MISS:          0 MSHR_MERGE:          0
cpu6->cpu6_L1D WRITE        ACCESS:    6417474 HIT:    6417474 MISS:          0 MSHR_MERGE:          0
cpu6->cpu6_L1D TRANSLATION  ACCESS:     256335 HIT:      28528 MISS:     227807 MSHR_MERGE:          1
cpu6->cpu6_L1D PREFETCH REQUESTED:          0 ISSUED:          0 USEFUL:          0 USELESS:          0
cpu6->cpu6_L1D AVERAGE MISS LATENCY: 294.1 cycles
cpu6->cpu6_ITLB TOTAL        ACCESS:   29726689 HIT:   29726689 MISS:          0 MSHR_MERGE:          0
cpu6->cpu6_ITLB LOAD         ACCESS:   29726689 HIT:   29726689 MISS:          0 MSHR_MERGE:          0
cpu6->cpu6_ITLB RFO          ACCESS:          0 HIT:          0 MISS:          0 MSHR_MERGE:          0
cpu6->cpu6_ITLB PREFETCH     ACCESS:          0 HIT:          0 MISS:          0 MSHR_MERGE:          0
cpu6->cpu6_ITLB WRITE        ACCESS:          0 HIT:          0 MISS:          0 MSHR_MERGE:          0
cpu6->cpu6_ITLB TRANSLATION  ACCESS:          0 HIT:          0 MISS:          0 MSHR_MERGE:          0
cpu6->cpu6_ITLB PREFETCH REQUESTED:          0 ISSUED:          0 USEFUL:          0 USELESS:          0
cpu6->cpu6_ITLB AVERAGE MISS LATENCY: - cycles
cpu6->cpu6_DTLB TOTAL        ACCESS:   53351312 HIT:   52722986 MISS:     628326 MSHR_MERGE:      96763
cpu6->cpu6_DTLB LOAD         ACCESS:   53351312 HIT:   52722986 MISS:     628326 MSHR_MERGE:      96763
cpu6->cpu6_DTLB RFO          ACCESS:          0 HIT:          0 MISS:          0 MSHR_MERGE:          0
cpu6->cpu6_DTLB PREFETCH     ACCESS:          0 HIT:          0 MISS:          0 MSHR_MERGE:          0
cpu6->cpu6_DTLB WRITE        ACCESS:          0 HIT:          0 MISS:          0 MSHR_MERGE:          0
cpu6->cpu6_DTLB TRANSLATION  ACCESS:          0 HIT:          0 MISS:          0 MSHR_MERGE:          0
cpu6->cpu6_DTLB PREFETCH REQUESTED:          0 ISSUED:          0 USEFUL:          0 USELESS:          0
cpu6->cpu6_DTLB AVERAGE MISS LATENCY: 120.7 cycles
cpu5->cpu5_STLB TOTAL        ACCESS:     530656 HIT:     275077 MISS:     255579 MSHR_MERGE:          0
cpu5->cpu5_STLB LOAD         ACCESS:     530656 HIT:     275077 MISS:     255579 MSHR_MERGE:          0
cpu5->cpu5_STLB RFO          ACCESS:          0 HIT:          0 MISS:          0 MSHR_MERGE:          0
cpu5->cpu5_STLB PREFETCH     ACCESS:          0 HIT:          0 MISS:          0 MSHR_MERGE:          0
cpu5->cpu5_STLB WRITE        ACCESS:          0 HIT:          0 MISS:          0 MSHR_MERGE:          0
cpu5->cpu5_STLB TRANSLATION  ACCESS:          0 HIT:          0 MISS:          0 MSHR_MERGE:          0
cpu5->cpu5_STLB PREFETCH REQUESTED:          0 ISSUED:          0 USEFUL:          0 USELESS:          0
cpu5->cpu5_STLB AVERAGE MISS LATENCY: 239.4 cycles
cpu5->cpu5_L2C TOTAL        ACCESS:    3123046 HIT:    1182292 MISS:    1940754 MSHR_MERGE:          0
cpu5->cpu5_L2C LOAD         ACCESS:    1924024 HIT:         31 MISS:    1923993 MSHR_MERGE:          0
cpu5->cpu5_L2C RFO          ACCESS:          0 HIT:          0 MISS:          0 MSHR_MERGE:          0
cpu5->cpu5_L2C PREFETCH     ACCESS:          0 HIT:          0 MISS:          0 MSHR_MERGE:          0
cpu5->cpu5_L2C WRITE        ACCESS:     971495 HIT:     971495 MISS:          0 MSHR_MERGE:          0
cpu5->cpu5_L2C TRANSLATION  ACCESS:     227527 HIT:     210766 MISS:      16761 MSHR_MERGE:          0
cpu5->cpu5_L2C PREFETCH REQUESTED:          0 ISSUED:          0 USEFUL:          0 USELESS:          0
cpu5->cpu5_L2C AVERAGE MISS LATENCY: 316.8 cycles
cpu5->cpu5_L1I TOTAL        ACCESS:   33262940 HIT:   33262940 MISS:          0 MSHR_MERGE:          0
cpu5->cpu5_L1I LOAD         ACCESS:   33262940 HIT:   33262940 MISS:          0 MSHR_MERGE:          0
cpu5->cpu5_L1I RFO          ACCESS:          0 HIT:          0 MISS:          0 MSHR_MERGE:          0
cpu5->cpu5_L1I PREFETCH     ACCESS:          0 HIT:          0 MISS:          0 MSHR_MERGE:          0
cpu5->cpu5_L1I WRITE        ACCESS:          0 HIT:          0 MISS:          0 MSHR_MERGE:          0
cpu5->cpu5_L1I TRANSLATION  ACCESS:          0 HIT:          0 MISS:          0 MSHR_MERGE:          0
cpu5->cpu5_L1I PREFETCH REQUESTED:          0 ISSUED:          0 USEFUL:          0 USELESS:          0
cpu5->cpu5_L1I AVERAGE MISS LATENCY: - cycles
cpu5->cpu5_L1D TOTAL        ACCESS:   55085214 HIT:   52128065 MISS:    2957149 MSHR_MERGE:     805598
cpu5->cpu5_L1D LOAD         ACCESS:   48417820 HIT:   45688199 MISS:    2729621 MSHR_MERGE:     805597
cpu5->cpu5_L1D RFO          ACCESS:          0 HIT:          0 MISS:          0 MSHR_MERGE:          0
cpu5->cpu5_L1D PREFETCH     ACCESS:          0 HIT:          0 MISS:          0 MSHR_MERGE:          0
cpu5->cpu5_L1D WRITE        ACCESS:    6411307 HIT:    6411307 MISS:          0 MSHR_MERGE:          0
cpu5->cpu5_L1D TRANSLATION  ACCESS:     256087 HIT:      28559 MISS:     227528 MSHR_MERGE:          1
cpu5->cpu5_L1D PREFETCH REQUESTED:          0 ISSUED:          0 USEFUL:          0 USELESS:          0
cpu5->cpu5_L1D AVERAGE MISS LATENCY: 294.7 cycles
cpu5->cpu5_ITLB TOTAL        ACCESS:   29702759 HIT:   29702759 MISS:          0 MSHR_MERGE:          0
cpu5->cpu5_ITLB LOAD         ACCESS:   29702759 HIT:   29702759 MISS:          0 MSHR_MERGE:          0
cpu5->cpu5_ITLB RFO          ACCESS:          0 HIT:          0 MISS:          0 MSHR_MERGE:          0
cpu5->cpu5_ITLB PREFETCH     ACCESS:          0 HIT:          0 MISS:          0 MSHR_MERGE:          0
cpu5->cpu5_ITLB WRITE        ACCESS:          0 HIT:          0 MISS:          0 MSHR_MERGE:          0
cpu5->cpu5_ITLB TRANSLATION  ACCESS:          0 HIT:          0 MISS:          0 MSHR_MERGE:          0
cpu5->cpu5_ITLB PREFETCH REQUESTED:          0 ISSUED:          0 USEFUL:          0 USELESS:          0
cpu5->cpu5_ITLB AVERAGE MISS LATENCY: - cycles
cpu5->cpu5_DTLB TOTAL        ACCESS:   53299779 HIT:   52672366 MISS:     627413 MSHR_MERGE:      96757
cpu5->cpu5_DTLB LOAD         ACCESS:   53299779 HIT:   52672366 MISS:     627413 MSHR_MERGE:      96757
cpu5->cpu5_DTLB RFO          ACCESS:          0 HIT:          0 MISS:          0 MSHR_MERGE:          0
cpu5->cpu5_DTLB PREFETCH     ACCESS:          0 HIT:          0 MISS:          0 MSHR_MERGE:          0
cpu5->cpu5_DTLB WRITE        ACCESS:          0 HIT:          0 MISS:          0 MSHR_MERGE:          0
cpu5->cpu5_DTLB TRANSLATION  ACCESS:          0 HIT:          0 MISS:          0 MSHR_MERGE:          0
cpu5->cpu5_DTLB PREFETCH REQUESTED:          0 ISSUED:          0 USEFUL:          0 USELESS:          0
cpu5->cpu5_DTLB AVERAGE MISS LATENCY: 120.8 cycles
cpu4->cpu4_STLB TOTAL        ACCESS:     531192 HIT:     275424 MISS:     255768 MSHR_MERGE:          0
cpu4->cpu4_STLB LOAD         ACCESS:     531192 HIT:     275424 MISS:     255768 MSHR_MERGE:          0
cpu4->cpu4_STLB RFO          ACCESS:          0 HIT:          0 MISS:          0 MSHR_MERGE:          0
cpu4->cpu4_STLB PREFETCH     ACCESS:          0 HIT:          0 MISS:          0 MSHR_MERGE:          0
cpu4->cpu4_STLB WRITE        ACCESS:          0 HIT:          0 MISS:          0 MSHR_MERGE:          0
cpu4->cpu4_STLB TRANSLATION  ACCESS:          0 HIT:          0 MISS:          0 MSHR_MERGE:          0
cpu4->cpu4_STLB PREFETCH REQUESTED:          0 ISSUED:          0 USEFUL:          0 USELESS:          0
cpu4->cpu4_STLB AVERAGE MISS LATENCY: 239.7 cycles
cpu4->cpu4_L2C TOTAL        ACCESS:    3125437 HIT:    1183193 MISS:    1942244 MSHR_MERGE:          0
cpu4->cpu4_L2C LOAD         ACCESS:    1925481 HIT:         35 MISS:    1925446 MSHR_MERGE:          0
cpu4->cpu4_L2C RFO          ACCESS:          0 HIT:          0 MISS:          0 MSHR_MERGE:          0
cpu4->cpu4_L2C PREFETCH     ACCESS:          0 HIT:          0 MISS:          0 MSHR_MERGE:          0
cpu4->cpu4_L2C WRITE        ACCESS:     972209 HIT:     972209 MISS:          0 MSHR_MERGE:          0
cpu4->cpu4_L2C TRANSLATION  ACCESS:     227747 HIT:     210949 MISS:      16798 MSHR_MERGE:          0
cpu4->cpu4_L2C PREFETCH REQUESTED:          0 ISSUED:          0 USEFUL:          0 USELESS:          0
cpu4->cpu4_L2C AVERAGE MISS LATENCY: 316.1 cycles
cpu4->cpu4_L1I TOTAL        ACCESS:   33285774 HIT:   33285774 MISS:          0 MSHR_MERGE:          0
cpu4->cpu4_L1I LOAD         ACCESS:   33285774 HIT:   33285774 MISS:          0 MSHR_MERGE:          0
cpu4->cpu4_L1I RFO          ACCESS:          0 HIT:          0 MISS:          0 MSHR_MERGE:          0
cpu4->cpu4_L1I PREFETCH     ACCESS:          0 HIT:          0 MISS:          0 MSHR_MERGE:          0
cpu4->cpu4_L1I WRITE        ACCESS:          0 HIT:          0 MISS:          0 MSHR_MERGE:          0
cpu4->cpu4_L1I TRANSLATION  ACCESS:          0 HIT:          0 MISS:          0 MSHR_MERGE:          0
cpu4->cpu4_L1I PREFETCH REQUESTED:          0 ISSUED:          0 USEFUL:          0 USELESS:          0
cpu4->cpu4_L1I AVERAGE MISS LATENCY: - cycles
cpu4->cpu4_L1D TOTAL        ACCESS:   55129200 HIT:   52170774 MISS:    2958426 MSHR_MERGE:     805198
cpu4->cpu4_L1D LOAD         ACCESS:   48456760 HIT:   45726082 MISS:    2730678 MSHR_MERGE:     805197
cpu4->cpu4_L1D RFO          ACCESS:          0 HIT:          0 MISS:          0 MSHR_MERGE:          0
cpu4->cpu4_L1D PREFETCH     ACCESS:          0 HIT:          0 MISS:          0 MSHR_MERGE:          0
cpu4->cpu4_L1D WRITE        ACCESS:    6416165 HIT:    6416165 MISS:          0 MSHR_MERGE:          0
cpu4->cpu4_L1D TRANSLATION  ACCESS:     256275 HIT:      28527 MISS:     227748 MSHR_MERGE:          1
cpu4->cpu4_L1D PREFETCH REQUESTED:          0 ISSUED:          0 USEFUL:          0 USELESS:          0
cpu4->cpu4_L1D AVERAGE MISS LATENCY: 294.1 cycles
cpu4->cpu4_ITLB TOTAL        ACCESS:   29724700 HIT:   29724700 MISS:          0 MSHR_MERGE:          0
cpu4->cpu4_ITLB LOAD         ACCESS:   29724700 HIT:   29724700 MISS:          0 MSHR_MERGE:          0
cpu4->cpu4_ITLB RFO          ACCESS:          0 HIT:          0 MISS:          0 MSHR_MERGE:          0
cpu4->cpu4_ITLB PREFETCH     ACCESS:          0 HIT:          0 MISS:          0 MSHR_MERGE:          0
cpu4->cpu4_ITLB WRITE        ACCESS:          0 HIT:          0 MISS:          0 MSHR_MERGE:          0
cpu4->cpu4_ITLB TRANSLATION  ACCESS:          0 HIT:          0 MISS:          0 MSHR_MERGE:          0
cpu4->cpu4_ITLB PREFETCH REQUESTED:          0 ISSUED:          0 USEFUL:          0 USELESS:          0
cpu4->cpu4_ITLB AVERAGE MISS LATENCY: - cycles
cpu4->cpu4_DTLB TOTAL        ACCESS:   53342069 HIT:   52714331 MISS:     627738 MSHR_MERGE:      96546
cpu4->cpu4_DTLB LOAD         ACCESS:   53342069 HIT:   52714331 MISS:     627738 MSHR_MERGE:      96546
cpu4->cpu4_DTLB RFO          ACCESS:          0 HIT:          0 MISS:          0 MSHR_MERGE:          0
cpu4->cpu4_DTLB PREFETCH     ACCESS:          0 HIT:          0 MISS:          0 MSHR_MERGE:          0
cpu4->cpu4_DTLB WRITE        ACCESS:          0 HIT:          0 MISS:          0 MSHR_MERGE:          0
cpu4->cpu4_DTLB TRANSLATION  ACCESS:          0 HIT:          0 MISS:          0 MSHR_MERGE:          0
cpu4->cpu4_DTLB PREFETCH REQUESTED:          0 ISSUED:          0 USEFUL:          0 USELESS:          0
cpu4->cpu4_DTLB AVERAGE MISS LATENCY: 120.9 cycles
cpu3->cpu3_STLB TOTAL        ACCESS:     531055 HIT:     275290 MISS:     255765 MSHR_MERGE:          0
cpu3->cpu3_STLB LOAD         ACCESS:     531055 HIT:     275290 MISS:     255765 MSHR_MERGE:          0
cpu3->cpu3_STLB RFO          ACCESS:          0 HIT:          0 MISS:          0 MSHR_MERGE:          0
cpu3->cpu3_STLB PREFETCH     ACCESS:          0 HIT:          0 MISS:          0 MSHR_MERGE:          0
cpu3->cpu3_STLB WRITE        ACCESS:          0 HIT:          0 MISS:          0 MSHR_MERGE:          0
cpu3->cpu3_STLB TRANSLATION  ACCESS:          0 HIT:          0 MISS:          0 MSHR_MERGE:          0
cpu3->cpu3_STLB PREFETCH REQUESTED:          0 ISSUED:          0 USEFUL:          0 USELESS:          0
cpu3->cpu3_STLB AVERAGE MISS LATENCY: 239.7 cycles
cpu3->cpu3_L2C TOTAL        ACCESS:    3125451 HIT:    1183224 MISS:    1942227 MSHR_MERGE:          0
cpu3->cpu3_L2C LOAD         ACCESS:    1925451 HIT:         37 MISS:    1925414 MSHR_MERGE:          0
cpu3->cpu3_L2C RFO          ACCESS:          0 HIT:          0 MISS:          0 MSHR_MERGE:          0
cpu3->cpu3_L2C PREFETCH     ACCESS:          0 HIT:          0 MISS:          0 MSHR_MERGE:          0
cpu3->cpu3_L2C WRITE        ACCESS:     972203 HIT:     972203 MISS:          0 MSHR_MERGE:          0
cpu3->cpu3_L2C TRANSLATION  ACCESS:     227797 HIT:     210984 MISS:      16813 MSHR_MERGE:          0
cpu3->cpu3_L2C PREFETCH REQUESTED:          0 ISSUED:          0 USEFUL:          0 USELESS:          0
cpu3->cpu3_L2C AVERAGE MISS LATENCY: 315.9 cycles
cpu3->cpu3_L1I TOTAL        ACCESS:   33286191 HIT:   33286191 MISS:          0 MSHR_MERGE:          0
cpu3->cpu3_L1I LOAD         ACCESS:   33286191 HIT:   33286191 MISS:          0 MSHR_MERGE:          0
cpu3->cpu3_L1I RFO          ACCESS:          0 HIT:          0 MISS:          0 MSHR_MERGE:          0
cpu3->cpu3_L1I PREFETCH     ACCESS:          0 HIT:          0 MISS:          0 MSHR_MERGE:          0
cpu3->cpu3_L1I WRITE        ACCESS:          0 HIT:          0 MISS:          0 MSHR_MERGE:          0
cpu3->cpu3_L1I TRANSLATION  ACCESS:          0 HIT:          0 MISS:          0 MSHR_MERGE:          0
cpu3->cpu3_L1I PREFETCH REQUESTED:          0 ISSUED:          0 USEFUL:          0 USELESS:          0
cpu3->cpu3_L1I AVERAGE MISS LATENCY: - cycles
cpu3->cpu3_L1D TOTAL        ACCESS:   55127384 HIT:   52168878 MISS:    2958506 MSHR_MERGE:     805258
cpu3->cpu3_L1D LOAD         ACCESS:   48455051 HIT:   45724344 MISS:    2730707 MSHR_MERGE:     805256
cpu3->cpu3_L1D RFO          ACCESS:          0 HIT:          0 MISS:          0 MSHR_MERGE:          0
cpu3->cpu3_L1D PREFETCH     ACCESS:          0 HIT:          0 MISS:          0 MSHR_MERGE:          0
cpu3->cpu3_L1D WRITE        ACCESS:    6416062 HIT:    6416062 MISS:          0 MSHR_MERGE:          0
cpu3->cpu3_L1D TRANSLATION  ACCESS:     256271 HIT:      28472 MISS:     227799 MSHR_MERGE:          2
cpu3->cpu3_L1D PREFETCH REQUESTED:          0 ISSUED:          0 USEFUL:          0 USELESS:          0
cpu3->cpu3_L1D AVERAGE MISS LATENCY: 293.9 cycles
cpu3->cpu3_ITLB TOTAL        ACCESS:   29723458 HIT:   29723458 MISS:          0 MSHR_MERGE:          0
cpu3->cpu3_ITLB LOAD         ACCESS:   29723458 HIT:   29723458 MISS:          0 MSHR_MERGE:          0
cpu3->cpu3_ITLB RFO          ACCESS:          0 HIT:          0 MISS:          0 MSHR_MERGE:          0
cpu3->cpu3_ITLB PREFETCH     ACCESS:          0 HIT:          0 MISS:          0 MSHR_MERGE:          0
cpu3->cpu3_ITLB WRITE        ACCESS:          0 HIT:          0 MISS:          0 MSHR_MERGE:          0
cpu3->cpu3_ITLB TRANSLATION  ACCESS:          0 HIT:          0 MISS:          0 MSHR_MERGE:          0
cpu3->cpu3_ITLB PREFETCH REQUESTED:          0 ISSUED:          0 USEFUL:          0 USELESS:          0
cpu3->cpu3_ITLB AVERAGE MISS LATENCY: - cycles
cpu3->cpu3_DTLB TOTAL        ACCESS:   53341951 HIT:   52713591 MISS:     628360 MSHR_MERGE:      97305
cpu3->cpu3_DTLB LOAD         ACCESS:   53341951 HIT:   52713591 MISS:     628360 MSHR_MERGE:      97305
cpu3->cpu3_DTLB RFO          ACCESS:          0 HIT:          0 MISS:          0 MSHR_MERGE:          0
cpu3->cpu3_DTLB PREFETCH     ACCESS:          0 HIT:          0 MISS:          0 MSHR_MERGE:          0
cpu3->cpu3_DTLB WRITE        ACCESS:          0 HIT:          0 MISS:          0 MSHR_MERGE:          0
cpu3->cpu3_DTLB TRANSLATION  ACCESS:          0 HIT:          0 MISS:          0 MSHR_MERGE:          0
cpu3->cpu3_DTLB PREFETCH REQUESTED:          0 ISSUED:          0 USEFUL:          0 USELESS:          0
cpu3->cpu3_DTLB AVERAGE MISS LATENCY: 120.9 cycles
cpu2->cpu2_STLB TOTAL        ACCESS:     530880 HIT:     275195 MISS:     255685 MSHR_MERGE:          0
cpu2->cpu2_STLB LOAD         ACCESS:     530880 HIT:     275195 MISS:     255685 MSHR_MERGE:          0
cpu2->cpu2_STLB RFO          ACCESS:          0 HIT:          0 MISS:          0 MSHR_MERGE:          0
cpu2->cpu2_STLB PREFETCH     ACCESS:          0 HIT:          0 MISS:          0 MSHR_MERGE:          0
cpu2->cpu2_STLB WRITE        ACCESS:          0 HIT:          0 MISS:          0 MSHR_MERGE:          0
cpu2->cpu2_STLB TRANSLATION  ACCESS:          0 HIT:          0 MISS:          0 MSHR_MERGE:          0
cpu2->cpu2_STLB PREFETCH REQUESTED:          0 ISSUED:          0 USEFUL:          0 USELESS:          0
cpu2->cpu2_STLB AVERAGE MISS LATENCY: 239.4 cycles
cpu2->cpu2_L2C TOTAL        ACCESS:    3124325 HIT:    1182761 MISS:    1941564 MSHR_MERGE:          0
cpu2->cpu2_L2C LOAD         ACCESS:    1924783 HIT:         16 MISS:    1924767 MSHR_MERGE:          0
cpu2->cpu2_L2C RFO          ACCESS:          0 HIT:          0 MISS:          0 MSHR_MERGE:          0
cpu2->cpu2_L2C PREFETCH     ACCESS:          0 HIT:          0 MISS:          0 MSHR_MERGE:          0
cpu2->cpu2_L2C WRITE        ACCESS:     971867 HIT:     971867 MISS:          0 MSHR_MERGE:          0
cpu2->cpu2_L2C TRANSLATION  ACCESS:     227675 HIT:     210878 MISS:      16797 MSHR_MERGE:          0
cpu2->cpu2_L2C PREFETCH REQUESTED:          0 ISSUED:          0 USEFUL:          0 USELESS:          0
cpu2->cpu2_L2C AVERAGE MISS LATENCY: 315.9 cycles
cpu2->cpu2_L1I TOTAL        ACCESS:   33276866 HIT:   33276866 MISS:          0 MSHR_MERGE:          0
cpu2->cpu2_L1I LOAD         ACCESS:   33276866 HIT:   33276866 MISS:          0 MSHR_MERGE:          0
cpu2->cpu2_L1I RFO          ACCESS:          0 HIT:          0 MISS:          0 MSHR_MERGE:          0
cpu2->cpu2_L1I PREFETCH     ACCESS:          0 HIT:          0 MISS:          0 MSHR_MERGE:          0
cpu2->cpu2_L1I WRITE        ACCESS:          0 HIT:          0 MISS:          0 MSHR_MERGE:          0
cpu2->cpu2_L1I TRANSLATION  ACCESS:          0 HIT:          0 MISS:          0 MSHR_MERGE:          0
cpu2->cpu2_L1I PREFETCH REQUESTED:          0 ISSUED:          0 USEFUL:          0 USELESS:          0
cpu2->cpu2_L1I AVERAGE MISS LATENCY: - cycles
cpu2->cpu2_L1D TOTAL        ACCESS:   55110954 HIT:   52152683 MISS:    2958271 MSHR_MERGE:     805813
cpu2->cpu2_L1D LOAD         ACCESS:   48440943 HIT:   45710349 MISS:    2730594 MSHR_MERGE:     805811
cpu2->cpu2_L1D RFO          ACCESS:          0 HIT:          0 MISS:          0 MSHR_MERGE:          0
cpu2->cpu2_L1D PREFETCH     ACCESS:          0 HIT:          0 MISS:          0 MSHR_MERGE:          0
cpu2->cpu2_L1D WRITE        ACCESS:    6413819 HIT:    6413819 MISS:          0 MSHR_MERGE:          0
cpu2->cpu2_L1D TRANSLATION  ACCESS:     256192 HIT:      28515 MISS:     227677 MSHR_MERGE:          2
cpu2->cpu2_L1D PREFETCH REQUESTED:          0 ISSUED:          0 USEFUL:          0 USELESS:          0
cpu2->cpu2_L1D AVERAGE MISS LATENCY: 293.9 cycles
cpu2->cpu2_ITLB TOTAL        ACCESS:   29715097 HIT:   29715097 MISS:          0 MSHR_MERGE:          0
cpu2->cpu2_ITLB LOAD         ACCESS:   29715097 HIT:   29715097 MISS:          0 MSHR_MERGE:          0
cpu2->cpu2_ITLB RFO          ACCESS:          0 HIT:          0 MISS:          0 MSHR_MERGE:          0
cpu2->cpu2_ITLB PREFETCH     ACCESS:          0 HIT:          0 MISS:          0 MSHR_MERGE:          0
cpu2->cpu2_ITLB WRITE        ACCESS:          0 HIT:          0 MISS:          0 MSHR_MERGE:          0
cpu2->cpu2_ITLB TRANSLATION  ACCESS:          0 HIT:          0 MISS:          0 MSHR_MERGE:          0
cpu2->cpu2_ITLB PREFETCH REQUESTED:          0 ISSUED:          0 USEFUL:          0 USELESS:          0
cpu2->cpu2_ITLB AVERAGE MISS LATENCY: - cycles
cpu2->cpu2_DTLB TOTAL        ACCESS:   53324607 HIT:   52696733 MISS:     627874 MSHR_MERGE:      96994
cpu2->cpu2_DTLB LOAD         ACCESS:   53324607 HIT:   52696733 MISS:     627874 MSHR_MERGE:      96994
cpu2->cpu2_DTLB RFO          ACCESS:          0 HIT:          0 MISS:          0 MSHR_MERGE:          0
cpu2->cpu2_DTLB PREFETCH     ACCESS:          0 HIT:          0 MISS:          0 MSHR_MERGE:          0
cpu2->cpu2_DTLB WRITE        ACCESS:          0 HIT:          0 MISS:          0 MSHR_MERGE:          0
cpu2->cpu2_DTLB TRANSLATION  ACCESS:          0 HIT:          0 MISS:          0 MSHR_MERGE:          0
cpu2->cpu2_DTLB PREFETCH REQUESTED:          0 ISSUED:          0 USEFUL:          0 USELESS:          0
cpu2->cpu2_DTLB AVERAGE MISS LATENCY: 120.8 cycles
cpu1->cpu1_STLB TOTAL        ACCESS:     532063 HIT:     276112 MISS:     255951 MSHR_MERGE:          0
cpu1->cpu1_STLB LOAD         ACCESS:     532063 HIT:     276112 MISS:     255951 MSHR_MERGE:          0
cpu1->cpu1_STLB RFO          ACCESS:          0 HIT:          0 MISS:          0 MSHR_MERGE:          0
cpu1->cpu1_STLB PREFETCH     ACCESS:          0 HIT:          0 MISS:          0 MSHR_MERGE:          0
cpu1->cpu1_STLB WRITE        ACCESS:          0 HIT:          0 MISS:          0 MSHR_MERGE:          0
cpu1->cpu1_STLB TRANSLATION  ACCESS:          0 HIT:          0 MISS:          0 MSHR_MERGE:          0
cpu1->cpu1_STLB PREFETCH REQUESTED:          0 ISSUED:          0 USEFUL:          0 USELESS:          0
cpu1->cpu1_STLB AVERAGE MISS LATENCY: 239.7 cycles
cpu1->cpu1_L2C TOTAL        ACCESS:    3127736 HIT:    1184006 MISS:    1943730 MSHR_MERGE:          0
cpu1->cpu1_L2C LOAD         ACCESS:    1926853 HIT:         22 MISS:    1926831 MSHR_MERGE:          0
cpu1->cpu1_L2C RFO          ACCESS:          0 HIT:          0 MISS:          0 MSHR_MERGE:          0
cpu1->cpu1_L2C PREFETCH     ACCESS:          0 HIT:          0 MISS:          0 MSHR_MERGE:          0
cpu1->cpu1_L2C WRITE        ACCESS:     972952 HIT:     972952 MISS:          0 MSHR_MERGE:          0
cpu1->cpu1_L2C TRANSLATION  ACCESS:     227931 HIT:     211032 MISS:      16899 MSHR_MERGE:          0
cpu1->cpu1_L2C PREFETCH REQUESTED:          0 ISSUED:          0 USEFUL:          0 USELESS:          0
cpu1->cpu1_L2C AVERAGE MISS LATENCY: 315.8 cycles
cpu1->cpu1_L1I TOTAL        ACCESS:   33305775 HIT:   33305775 MISS:          0 MSHR_MERGE:          0
cpu1->cpu1_L1I LOAD         ACCESS:   33305775 HIT:   33305775 MISS:          0 MSHR_MERGE:          0
cpu1->cpu1_L1I RFO          ACCESS:          0 HIT:          0 MISS:          0 MSHR_MERGE:          0
cpu1->cpu1_L1I PREFETCH     ACCESS:          0 HIT:          0 MISS:          0 MSHR_MERGE:          0
cpu1->cpu1_L1I WRITE        ACCESS:          0 HIT:          0 MISS:          0 MSHR_MERGE:          0
cpu1->cpu1_L1I TRANSLATION  ACCESS:          0 HIT:          0 MISS:          0 MSHR_MERGE:          0
cpu1->cpu1_L1I PREFETCH REQUESTED:          0 ISSUED:          0 USEFUL:          0 USELESS:          0
cpu1->cpu1_L1I AVERAGE MISS LATENCY: - cycles
cpu1->cpu1_L1D TOTAL        ACCESS:   55169009 HIT:   52208487 MISS:    2960522 MSHR_MERGE:     805738
cpu1->cpu1_L1D LOAD         ACCESS:   48491812 HIT:   45759222 MISS:    2732590 MSHR_MERGE:     805737
cpu1->cpu1_L1D RFO          ACCESS:          0 HIT:          0 MISS:          0 MSHR_MERGE:          0
cpu1->cpu1_L1D PREFETCH     ACCESS:          0 HIT:          0 MISS:          0 MSHR_MERGE:          0
cpu1->cpu1_L1D WRITE        ACCESS:    6420737 HIT:    6420737 MISS:          0 MSHR_MERGE:          0
cpu1->cpu1_L1D TRANSLATION  ACCESS:     256460 HIT:      28528 MISS:     227932 MSHR_MERGE:          1
cpu1->cpu1_L1D PREFETCH REQUESTED:          0 ISSUED:          0 USEFUL:          0 USELESS:          0
cpu1->cpu1_L1D AVERAGE MISS LATENCY: 293.8 cycles
cpu1->cpu1_ITLB TOTAL        ACCESS:   29741317 HIT:   29741317 MISS:          0 MSHR_MERGE:          0
cpu1->cpu1_ITLB LOAD         ACCESS:   29741317 HIT:   29741317 MISS:          0 MSHR_MERGE:          0
cpu1->cpu1_ITLB RFO          ACCESS:          0 HIT:          0 MISS:          0 MSHR_MERGE:          0
cpu1->cpu1_ITLB PREFETCH     ACCESS:          0 HIT:          0 MISS:          0 MSHR_MERGE:          0
cpu1->cpu1_ITLB WRITE        ACCESS:          0 HIT:          0 MISS:          0 MSHR_MERGE:          0
cpu1->cpu1_ITLB TRANSLATION  ACCESS:          0 HIT:          0 MISS:          0 MSHR_MERGE:          0
cpu1->cpu1_ITLB PREFETCH REQUESTED:          0 ISSUED:          0 USEFUL:          0 USELESS:          0
cpu1->cpu1_ITLB AVERAGE MISS LATENCY: - cycles
cpu1->cpu1_DTLB TOTAL        ACCESS:   53382034 HIT:   52752527 MISS:     629507 MSHR_MERGE:      97444
cpu1->cpu1_DTLB LOAD         ACCESS:   53382034 HIT:   52752527 MISS:     629507 MSHR_MERGE:      97444
cpu1->cpu1_DTLB RFO          ACCESS:          0 HIT:          0 MISS:          0 MSHR_MERGE:          0
cpu1->cpu1_DTLB PREFETCH     ACCESS:          0 HIT:          0 MISS:          0 MSHR_MERGE:          0
cpu1->cpu1_DTLB WRITE        ACCESS:          0 HIT:          0 MISS:          0 MSHR_MERGE:          0
cpu1->cpu1_DTLB TRANSLATION  ACCESS:          0 HIT:          0 MISS:          0 MSHR_MERGE:          0
cpu1->cpu1_DTLB PREFETCH REQUESTED:          0 ISSUED:          0 USEFUL:          0 USELESS:          0
cpu1->cpu1_DTLB AVERAGE MISS LATENCY: 120.8 cycles
cpu0->cpu0_STLB TOTAL        ACCESS:     531362 HIT:     275632 MISS:     255730 MSHR_MERGE:          0
cpu0->cpu0_STLB LOAD         ACCESS:     531362 HIT:     275632 MISS:     255730 MSHR_MERGE:          0
cpu0->cpu0_STLB RFO          ACCESS:          0 HIT:          0 MISS:          0 MSHR_MERGE:          0
cpu0->cpu0_STLB PREFETCH     ACCESS:          0 HIT:          0 MISS:          0 MSHR_MERGE:          0
cpu0->cpu0_STLB WRITE        ACCESS:          0 HIT:          0 MISS:          0 MSHR_MERGE:          0
cpu0->cpu0_STLB TRANSLATION  ACCESS:          0 HIT:          0 MISS:          0 MSHR_MERGE:          0
cpu0->cpu0_STLB PREFETCH REQUESTED:          0 ISSUED:          0 USEFUL:          0 USELESS:          0
cpu0->cpu0_STLB AVERAGE MISS LATENCY: 239.3 cycles
cpu0->cpu0_L2C TOTAL        ACCESS:    3124982 HIT:    1183009 MISS:    1941973 MSHR_MERGE:          0
cpu0->cpu0_L2C LOAD         ACCESS:    1925180 HIT:         22 MISS:    1925158 MSHR_MERGE:          0
cpu0->cpu0_L2C RFO          ACCESS:          0 HIT:          0 MISS:          0 MSHR_MERGE:          0
cpu0->cpu0_L2C PREFETCH     ACCESS:          0 HIT:          0 MISS:          0 MSHR_MERGE:          0
cpu0->cpu0_L2C WRITE        ACCESS:     972059 HIT:     972059 MISS:          0 MSHR_MERGE:          0
cpu0->cpu0_L2C TRANSLATION  ACCESS:     227743 HIT:     210928 MISS:      16815 MSHR_MERGE:          0
cpu0->cpu0_L2C PREFETCH REQUESTED:          0 ISSUED:          0 USEFUL:          0 USELESS:          0
cpu0->cpu0_L2C AVERAGE MISS LATENCY: 315.8 cycles
cpu0->cpu0_L1I TOTAL        ACCESS:   33282298 HIT:   33282298 MISS:          0 MSHR_MERGE:          0
cpu0->cpu0_L1I LOAD         ACCESS:   33282298 HIT:   33282298 MISS:          0 MSHR_MERGE:          0
cpu0->cpu0_L1I RFO          ACCESS:          0 HIT:          0 MISS:          0 MSHR_MERGE:          0
cpu0->cpu0_L1I PREFETCH     ACCESS:          0 HIT:          0 MISS:          0 MSHR_MERGE:          0
cpu0->cpu0_L1I WRITE        ACCESS:          0 HIT:          0 MISS:          0 MSHR_MERGE:          0
cpu0->cpu0_L1I TRANSLATION  ACCESS:          0 HIT:          0 MISS:          0 MSHR_MERGE:          0
cpu0->cpu0_L1I PREFETCH REQUESTED:          0 ISSUED:          0 USEFUL:          0 USELESS:          0
cpu0->cpu0_L1I AVERAGE MISS LATENCY: - cycles
cpu0->cpu0_L1D TOTAL        ACCESS:   55119971 HIT:   52161717 MISS:    2958254 MSHR_MERGE:     805331
cpu0->cpu0_L1D LOAD         ACCESS:   48448585 HIT:   45718075 MISS:    2730510 MSHR_MERGE:     805330
cpu0->cpu0_L1D RFO          ACCESS:          0 HIT:          0 MISS:          0 MSHR_MERGE:          0
cpu0->cpu0_L1D PREFETCH     ACCESS:          0 HIT:          0 MISS:          0 MSHR_MERGE:          0
cpu0->cpu0_L1D WRITE        ACCESS:    6415148 HIT:    6415148 MISS:          0 MSHR_MERGE:          0
cpu0->cpu0_L1D TRANSLATION  ACCESS:     256238 HIT:      28494 MISS:     227744 MSHR_MERGE:          1
cpu0->cpu0_L1D PREFETCH REQUESTED:          0 ISSUED:          0 USEFUL:          0 USELESS:          0
cpu0->cpu0_L1D AVERAGE MISS LATENCY: 293.8 cycles
cpu0->cpu0_ITLB TOTAL        ACCESS:   29719653 HIT:   29719653 MISS:          0 MSHR_MERGE:          0
cpu0->cpu0_ITLB LOAD         ACCESS:   29719653 HIT:   29719653 MISS:          0 MSHR_MERGE:          0
cpu0->cpu0_ITLB RFO          ACCESS:          0 HIT:          0 MISS:          0 MSHR_MERGE:          0
cpu0->cpu0_ITLB PREFETCH     ACCESS:          0 HIT:          0 MISS:          0 MSHR_MERGE:          0
cpu0->cpu0_ITLB WRITE        ACCESS:          0 HIT:          0 MISS:          0 MSHR_MERGE:          0
cpu0->cpu0_ITLB TRANSLATION  ACCESS:          0 HIT:          0 MISS:          0 MSHR_MERGE:          0
cpu0->cpu0_ITLB PREFETCH REQUESTED:          0 ISSUED:          0 USEFUL:          0 USELESS:          0
cpu0->cpu0_ITLB AVERAGE MISS LATENCY: - cycles
cpu0->cpu0_DTLB TOTAL        ACCESS:   53333369 HIT:   52705199 MISS:     628170 MSHR_MERGE:      96808
cpu0->cpu0_DTLB LOAD         ACCESS:   53333369 HIT:   52705199 MISS:     628170 MSHR_MERGE:      96808
cpu0->cpu0_DTLB RFO          ACCESS:          0 HIT:          0 MISS:          0 MSHR_MERGE:          0
cpu0->cpu0_DTLB PREFETCH     ACCESS:          0 HIT:          0 MISS:          0 MSHR_MERGE:          0
cpu0->cpu0_DTLB WRITE        ACCESS:          0 HIT:          0 MISS:          0 MSHR_MERGE:          0
cpu0->cpu0_DTLB TRANSLATION  ACCESS:          0 HIT:          0 MISS:          0 MSHR_MERGE:          0
cpu0->cpu0_DTLB PREFETCH REQUESTED:          0 ISSUED:          0 USEFUL:          0 USELESS:          0
cpu0->cpu0_DTLB AVERAGE MISS LATENCY: 120.6 cycles
cpu0->LLC TOTAL        ACCESS:    2914040 HIT:    1319783 MISS:    1594257 MSHR_MERGE:          0
cpu0->LLC LOAD         ACCESS:    1925158 HIT:     346927 MISS:    1578231 MSHR_MERGE:          0
cpu0->LLC RFO          ACCESS:          0 HIT:          0 MISS:          0 MSHR_MERGE:          0
cpu0->LLC PREFETCH     ACCESS:          0 HIT:          0 MISS:          0 MSHR_MERGE:          0
cpu0->LLC WRITE        ACCESS:     972067 HIT:     971882 MISS:        185 MSHR_MERGE:          0
cpu0->LLC TRANSLATION  ACCESS:      16815 HIT:        974 MISS:      15841 MSHR_MERGE:          0
cpu0->LLC PREFETCH REQUESTED:          0 ISSUED:          0 USEFUL:          0 USELESS:          0
cpu0->LLC AVERAGE MISS LATENCY: 2926 cycles
cpu1->LLC TOTAL        ACCESS:    2916651 HIT:    1320906 MISS:    1595745 MSHR_MERGE:          0
cpu1->LLC LOAD         ACCESS:    1926830 HIT:     347122 MISS:    1579708 MSHR_MERGE:          0
cpu1->LLC RFO          ACCESS:          0 HIT:          0 MISS:          0 MSHR_MERGE:          0
cpu1->LLC PREFETCH     ACCESS:          0 HIT:          0 MISS:          0 MSHR_MERGE:          0
cpu1->LLC WRITE        ACCESS:     972922 HIT:     972746 MISS:        176 MSHR_MERGE:          0
cpu1->LLC TRANSLATION  ACCESS:      16899 HIT:       1038 MISS:      15861 MSHR_MERGE:          0
cpu1->LLC PREFETCH REQUESTED:          0 ISSUED:          0 USEFUL:          0 USELESS:          0
cpu1->LLC AVERAGE MISS LATENCY: 2923 cycles
cpu2->LLC TOTAL        ACCESS:    2913349 HIT:    1318942 MISS:    1594407 MSHR_MERGE:          0
cpu2->LLC LOAD         ACCESS:    1924767 HIT:     346396 MISS:    1578371 MSHR_MERGE:          0
cpu2->LLC RFO          ACCESS:          0 HIT:          0 MISS:          0 MSHR_MERGE:          0
cpu2->LLC PREFETCH     ACCESS:          0 HIT:          0 MISS:          0 MSHR_MERGE:          0
cpu2->LLC WRITE        ACCESS:     971785 HIT:     971594 MISS:        191 MSHR_MERGE:          0
cpu2->LLC TRANSLATION  ACCESS:      16797 HIT:        952 MISS:      15845 MSHR_MERGE:          0
cpu2->LLC PREFETCH REQUESTED:          0 ISSUED:          0 USEFUL:          0 USELESS:          0
cpu2->LLC AVERAGE MISS LATENCY: 2926 cycles
cpu3->LLC TOTAL        ACCESS:    2914476 HIT:    1319550 MISS:    1594926 MSHR_MERGE:          0
cpu3->LLC LOAD         ACCESS:    1925414 HIT:     346498 MISS:    1578916 MSHR_MERGE:          0
cpu3->LLC RFO          ACCESS:          0 HIT:          0 MISS:          0 MSHR_MERGE:          0
cpu3->LLC PREFETCH     ACCESS:          0 HIT:          0 MISS:          0 MSHR_MERGE:          0
cpu3->LLC WRITE        ACCESS:     972249 HIT:     972071 MISS:        178 MSHR_MERGE:          0
cpu3->LLC TRANSLATION  ACCESS:      16813 HIT:        981 MISS:      15832 MSHR_MERGE:          0
cpu3->LLC PREFETCH REQUESTED:          0 ISSUED:          0 USEFUL:          0 USELESS:          0
cpu3->LLC AVERAGE MISS LATENCY: 2925 cycles
cpu4->LLC TOTAL        ACCESS:    2914475 HIT:    1319619 MISS:    1594856 MSHR_MERGE:          0
cpu4->LLC LOAD         ACCESS:    1925446 HIT:     346636 MISS:    1578810 MSHR_MERGE:          0
cpu4->LLC RFO          ACCESS:          0 HIT:          0 MISS:          0 MSHR_MERGE:          0
cpu4->LLC PREFETCH     ACCESS:          0 HIT:          0 MISS:          0 MSHR_MERGE:          0
cpu4->LLC WRITE        ACCESS:     972231 HIT:     972028 MISS:        203 MSHR_MERGE:          0
cpu4->LLC TRANSLATION  ACCESS:      16798 HIT:        955 MISS:      15843 MSHR_MERGE:          0
cpu4->LLC PREFETCH REQUESTED:          0 ISSUED:          0 USEFUL:          0 USELESS:          0
cpu4->LLC AVERAGE MISS LATENCY: 2925 cycles
cpu5->LLC TOTAL        ACCESS:    2912271 HIT:    1317561 MISS:    1594710 MSHR_MERGE:          0
cpu5->LLC LOAD         ACCESS:    1923993 HIT:     345316 MISS:    1578677 MSHR_MERGE:          0
cpu5->LLC RFO          ACCESS:          0 HIT:          0 MISS:          0 MSHR_MERGE:          0
cpu5->LLC PREFETCH     ACCESS:          0 HIT:          0 MISS:          0 MSHR_MERGE:          0
cpu5->LLC WRITE        ACCESS:     971517 HIT:     971301 MISS:        216 MSHR_MERGE:          0
cpu5->LLC TRANSLATION  ACCESS:      16761 HIT:        944 MISS:      15817 MSHR_MERGE:          0
cpu5->LLC PREFETCH REQUESTED:          0 ISSUED:          0 USEFUL:          0 USELESS:          0
cpu5->LLC AVERAGE MISS LATENCY: 2925 cycles
cpu6->LLC TOTAL        ACCESS:    2915128 HIT:    1319845 MISS:    1595283 MSHR_MERGE:          0
cpu6->LLC LOAD         ACCESS:    1925842 HIT:     346593 MISS:    1579249 MSHR_MERGE:          0
cpu6->LLC RFO          ACCESS:          0 HIT:          0 MISS:          0 MSHR_MERGE:          0
cpu6->LLC PREFETCH     ACCESS:          0 HIT:          0 MISS:          0 MSHR_MERGE:          0
cpu6->LLC WRITE        ACCESS:     972519 HIT:     972330 MISS:        189 MSHR_MERGE:          0
cpu6->LLC TRANSLATION  ACCESS:      16767 HIT:        922 MISS:      15845 MSHR_MERGE:          0
cpu6->LLC PREFETCH REQUESTED:          0 ISSUED:          0 USEFUL:          0 USELESS:          0
cpu6->LLC AVERAGE MISS LATENCY: 2924 cycles
cpu7->LLC TOTAL        ACCESS:    2915826 HIT:    1320881 MISS:    1594945 MSHR_MERGE:          0
cpu7->LLC LOAD         ACCESS:    1926336 HIT:     347420 MISS:    1578916 MSHR_MERGE:          0
cpu7->LLC RFO          ACCESS:          0 HIT:          0 MISS:          0 MSHR_MERGE:          0
cpu7->LLC PREFETCH     ACCESS:          0 HIT:          0 MISS:          0 MSHR_MERGE:          0
cpu7->LLC WRITE        ACCESS:     972699 HIT:     972532 MISS:        167 MSHR_MERGE:          0
cpu7->LLC TRANSLATION  ACCESS:      16791 HIT:        929 MISS:      15862 MSHR_MERGE:          0
cpu7->LLC PREFETCH REQUESTED:          0 ISSUED:          0 USEFUL:          0 USELESS:          0
cpu7->LLC AVERAGE MISS LATENCY: 2925 cycles

Region of Interest Statistics

CPU 7 cumulative IPC: 0.3538 instructions: 100000000 cycles: 282651466
CPU 7 Branch Prediction Accuracy: 99.99% MPKI: 0.00089 Average ROB Occupancy at Mispredict: 264.2
Branch type MPKI
BRANCH_DIRECT_JUMP: 0
BRANCH_INDIRECT: 0
BRANCH_CONDITIONAL: 0.00089
BRANCH_DIRECT_CALL: 0
BRANCH_INDIRECT_CALL: 0
BRANCH_RETURN: 0


CPU 6 cumulative IPC: 0.3537 instructions: 100000002 cycles: 282732064
CPU 6 Branch Prediction Accuracy: 99.99% MPKI: 0.00089 Average ROB Occupancy at Mispredict: 263.3
Branch type MPKI
BRANCH_DIRECT_JUMP: 0
BRANCH_INDIRECT: 0
BRANCH_CONDITIONAL: 0.00089
BRANCH_DIRECT_CALL: 0
BRANCH_INDIRECT_CALL: 0
BRANCH_RETURN: 0


CPU 5 cumulative IPC: 0.3533 instructions: 100000002 cycles: 283006914
CPU 5 Branch Prediction Accuracy: 99.99% MPKI: 0.00089 Average ROB Occupancy at Mispredict: 265.5
Branch type MPKI
BRANCH_DIRECT_JUMP: 0
BRANCH_INDIRECT: 0
BRANCH_CONDITIONAL: 0.00089
BRANCH_DIRECT_CALL: 0
BRANCH_INDIRECT_CALL: 0
BRANCH_RETURN: 0


CPU 4 cumulative IPC: 0.3536 instructions: 100000002 cycles: 282780025
CPU 4 Branch Prediction Accuracy: 99.99% MPKI: 0.00089 Average ROB Occupancy at Mispredict: 260
Branch type MPKI
BRANCH_DIRECT_JUMP: 0
BRANCH_INDIRECT: 0
BRANCH_CONDITIONAL: 0.00089
BRANCH_DIRECT_CALL: 0
BRANCH_INDIRECT_CALL: 0
BRANCH_RETURN: 0


CPU 3 cumulative IPC: 0.3536 instructions: 100000002 cycles: 282794993
CPU 3 Branch Prediction Accuracy: 99.99% MPKI: 0.00089 Average ROB Occupancy at Mispredict: 262.8
Branch type MPKI
BRANCH_DIRECT_JUMP: 0
BRANCH_INDIRECT: 0
BRANCH_CONDITIONAL: 0.00089
BRANCH_DIRECT_CALL: 0
BRANCH_INDIRECT_CALL: 0
BRANCH_RETURN: 0


CPU 2 cumulative IPC: 0.3535 instructions: 100000003 cycles: 282893913
CPU 2 Branch Prediction Accuracy: 99.99% MPKI: 0.00089 Average ROB Occupancy at Mispredict: 264
Branch type MPKI
BRANCH_DIRECT_JUMP: 0
BRANCH_INDIRECT: 0
BRANCH_CONDITIONAL: 0.00089
BRANCH_DIRECT_CALL: 0
BRANCH_INDIRECT_CALL: 0
BRANCH_RETURN: 0


CPU 1 cumulative IPC: 0.3539 instructions: 100000002 cycles: 282583363
CPU 1 Branch Prediction Accuracy: 99.99% MPKI: 0.00089 Average ROB Occupancy at Mispredict: 261.8
Branch type MPKI
BRANCH_DIRECT_JUMP: 0
BRANCH_INDIRECT: 0
BRANCH_CONDITIONAL: 0.00089
BRANCH_DIRECT_CALL: 0
BRANCH_INDIRECT_CALL: 0
BRANCH_RETURN: 0


CPU 0 cumulative IPC: 0.3536 instructions: 100000002 cycles: 282836990
CPU 0 Branch Prediction Accuracy: 99.99% MPKI: 0.00089 Average ROB Occupancy at Mispredict: 262.9
Branch type MPKI
BRANCH_DIRECT_JUMP: 0
BRANCH_INDIRECT: 0
BRANCH_CONDITIONAL: 0.00089
BRANCH_DIRECT_CALL: 0
BRANCH_INDIRECT_CALL: 0
BRANCH_RETURN: 0

cpu7->cpu7_STLB TOTAL        ACCESS:     531834 HIT:     275947 MISS:     255887 MSHR_MERGE:          0
cpu7->cpu7_STLB LOAD         ACCESS:     531834 HIT:     275947 MISS:     255887 MSHR_MERGE:          0
cpu7->cpu7_STLB RFO          ACCESS:          0 HIT:          0 MISS:          0 MSHR_MERGE:          0
cpu7->cpu7_STLB PREFETCH     ACCESS:          0 HIT:          0 MISS:          0 MSHR_MERGE:          0
cpu7->cpu7_STLB WRITE        ACCESS:          0 HIT:          0 MISS:          0 MSHR_MERGE:          0
cpu7->cpu7_STLB TRANSLATION  ACCESS:          0 HIT:          0 MISS:          0 MSHR_MERGE:          0
cpu7->cpu7_STLB PREFETCH REQUESTED:          0 ISSUED:          0 USEFUL:          0 USELESS:          0
cpu7->cpu7_STLB AVERAGE MISS LATENCY: 239.8 cycles
cpu7->cpu7_L2C TOTAL        ACCESS:    3126862 HIT:    1183733 MISS:    1943129 MSHR_MERGE:          0
cpu7->cpu7_L2C LOAD         ACCESS:    1926363 HIT:         25 MISS:    1926338 MSHR_MERGE:          0
cpu7->cpu7_L2C RFO          ACCESS:          0 HIT:          0 MISS:          0 MSHR_MERGE:          0
cpu7->cpu7_L2C PREFETCH     ACCESS:          0 HIT:          0 MISS:          0 MSHR_MERGE:          0
cpu7->cpu7_L2C WRITE        ACCESS:     972702 HIT:     972702 MISS:          0 MSHR_MERGE:          0
cpu7->cpu7_L2C TRANSLATION  ACCESS:     227797 HIT:     211006 MISS:      16791 MSHR_MERGE:          0
cpu7->cpu7_L2C PREFETCH REQUESTED:          0 ISSUED:          0 USEFUL:          0 USELESS:          0
cpu7->cpu7_L2C AVERAGE MISS LATENCY: 316.2 cycles
cpu7->cpu7_L1I TOTAL        ACCESS:   33304844 HIT:   33304844 MISS:          0 MSHR_MERGE:          0
cpu7->cpu7_L1I LOAD         ACCESS:   33304844 HIT:   33304844 MISS:          0 MSHR_MERGE:          0
cpu7->cpu7_L1I RFO          ACCESS:          0 HIT:          0 MISS:          0 MSHR_MERGE:          0
cpu7->cpu7_L1I PREFETCH     ACCESS:          0 HIT:          0 MISS:          0 MSHR_MERGE:          0
cpu7->cpu7_L1I WRITE        ACCESS:          0 HIT:          0 MISS:          0 MSHR_MERGE:          0
cpu7->cpu7_L1I TRANSLATION  ACCESS:          0 HIT:          0 MISS:          0 MSHR_MERGE:          0
cpu7->cpu7_L1I PREFETCH REQUESTED:          0 ISSUED:          0 USEFUL:          0 USELESS:          0
cpu7->cpu7_L1I AVERAGE MISS LATENCY: - cycles
cpu7->cpu7_L1D TOTAL        ACCESS:   55156670 HIT:   52196570 MISS:    2960100 MSHR_MERGE:     805939
cpu7->cpu7_L1D LOAD         ACCESS:   48481164 HIT:   45748863 MISS:    2732301 MSHR_MERGE:     805937
cpu7->cpu7_L1D RFO          ACCESS:          0 HIT:          0 MISS:          0 MSHR_MERGE:          0
cpu7->cpu7_L1D PREFETCH     ACCESS:          0 HIT:          0 MISS:          0 MSHR_MERGE:          0
cpu7->cpu7_L1D WRITE        ACCESS:    6419111 HIT:    6419111 MISS:          0 MSHR_MERGE:          0
cpu7->cpu7_L1D TRANSLATION  ACCESS:     256395 HIT:      28596 MISS:     227799 MSHR_MERGE:          2
cpu7->cpu7_L1D PREFETCH REQUESTED:          0 ISSUED:          0 USEFUL:          0 USELESS:          0
cpu7->cpu7_L1D AVERAGE MISS LATENCY: 294.2 cycles
cpu7->cpu7_ITLB TOTAL        ACCESS:   29738549 HIT:   29738549 MISS:          0 MSHR_MERGE:          0
cpu7->cpu7_ITLB LOAD         ACCESS:   29738549 HIT:   29738549 MISS:          0 MSHR_MERGE:          0
cpu7->cpu7_ITLB RFO          ACCESS:          0 HIT:          0 MISS:          0 MSHR_MERGE:          0
cpu7->cpu7_ITLB PREFETCH     ACCESS:          0 HIT:          0 MISS:          0 MSHR_MERGE:          0
cpu7->cpu7_ITLB WRITE        ACCESS:          0 HIT:          0 MISS:          0 MSHR_MERGE:          0
cpu7->cpu7_ITLB TRANSLATION  ACCESS:          0 HIT:          0 MISS:          0 MSHR_MERGE:          0
cpu7->cpu7_ITLB PREFETCH REQUESTED:          0 ISSUED:          0 USEFUL:          0 USELESS:          0
cpu7->cpu7_ITLB AVERAGE MISS LATENCY: - cycles
cpu7->cpu7_DTLB TOTAL        ACCESS:   53368520 HIT:   52739656 MISS:     628864 MSHR_MERGE:      97030
cpu7->cpu7_DTLB LOAD         ACCESS:   53368520 HIT:   52739656 MISS:     628864 MSHR_MERGE:      97030
cpu7->cpu7_DTLB RFO          ACCESS:          0 HIT:          0 MISS:          0 MSHR_MERGE:          0
cpu7->cpu7_DTLB PREFETCH     ACCESS:          0 HIT:          0 MISS:          0 MSHR_MERGE:          0
cpu7->cpu7_DTLB WRITE        ACCESS:          0 HIT:          0 MISS:          0 MSHR_MERGE:          0
cpu7->cpu7_DTLB TRANSLATION  ACCESS:          0 HIT:          0 MISS:          0 MSHR_MERGE:          0
cpu7->cpu7_DTLB PREFETCH REQUESTED:          0 ISSUED:          0 USEFUL:          0 USELESS:          0
cpu7->cpu7_DTLB AVERAGE MISS LATENCY: 120.9 cycles
cpu6->cpu6_STLB TOTAL        ACCESS:     531563 HIT:     275738 MISS:     255825 MSHR_MERGE:          0
cpu6->cpu6_STLB LOAD         ACCESS:     531563 HIT:     275738 MISS:     255825 MSHR_MERGE:          0
cpu6->cpu6_STLB RFO          ACCESS:          0 HIT:          0 MISS:          0 MSHR_MERGE:          0
cpu6->cpu6_STLB PREFETCH     ACCESS:          0 HIT:          0 MISS:          0 MSHR_MERGE:          0
cpu6->cpu6_STLB WRITE        ACCESS:          0 HIT:          0 MISS:          0 MSHR_MERGE:          0
cpu6->cpu6_STLB TRANSLATION  ACCESS:          0 HIT:          0 MISS:          0 MSHR_MERGE:          0
cpu6->cpu6_STLB PREFETCH REQUESTED:          0 ISSUED:          0 USEFUL:          0 USELESS:          0
cpu6->cpu6_STLB AVERAGE MISS LATENCY: 239.5 cycles
cpu6->cpu6_L2C TOTAL        ACCESS:    3126086 HIT:    1183477 MISS:    1942609 MSHR_MERGE:          0
cpu6->cpu6_L2C LOAD         ACCESS:    1925870 HIT:         28 MISS:    1925842 MSHR_MERGE:          0
cpu6->cpu6_L2C RFO          ACCESS:          0 HIT:          0 MISS:          0 MSHR_MERGE:          0
cpu6->cpu6_L2C PREFETCH     ACCESS:          0 HIT:          0 MISS:          0 MSHR_MERGE:          0
cpu6->cpu6_L2C WRITE        ACCESS:     972410 HIT:     972410 MISS:          0 MSHR_MERGE:          0
cpu6->cpu6_L2C TRANSLATION  ACCESS:     227806 HIT:     211039 MISS:      16767 MSHR_MERGE:          0
cpu6->cpu6_L2C PREFETCH REQUESTED:          0 ISSUED:          0 USEFUL:          0 USELESS:          0
cpu6->cpu6_L2C AVERAGE MISS LATENCY: 316.1 cycles
cpu6->cpu6_L1I TOTAL        ACCESS:   33288575 HIT:   33288575 MISS:          0 MSHR_MERGE:          0
cpu6->cpu6_L1I LOAD         ACCESS:   33288575 HIT:   33288575 MISS:          0 MSHR_MERGE:          0
cpu6->cpu6_L1I RFO          ACCESS:          0 HIT:          0 MISS:          0 MSHR_MERGE:          0
cpu6->cpu6_L1I PREFETCH     ACCESS:          0 HIT:          0 MISS:          0 MSHR_MERGE:          0
cpu6->cpu6_L1I WRITE        ACCESS:          0 HIT:          0 MISS:          0 MSHR_MERGE:          0
cpu6->cpu6_L1I TRANSLATION  ACCESS:          0 HIT:          0 MISS:          0 MSHR_MERGE:          0
cpu6->cpu6_L1I PREFETCH REQUESTED:          0 ISSUED:          0 USEFUL:          0 USELESS:          0
cpu6->cpu6_L1I AVERAGE MISS LATENCY: - cycles
cpu6->cpu6_L1D TOTAL        ACCESS:   55137144 HIT:   52178511 MISS:    2958633 MSHR_MERGE:     804957
cpu6->cpu6_L1D LOAD         ACCESS:   48463335 HIT:   45732509 MISS:    2730826 MSHR_MERGE:     804956
cpu6->cpu6_L1D RFO          ACCESS:          0 HIT:          0 MISS:          0 MSHR_MERGE:          0
cpu6->cpu6_L1D PREFETCH     ACCESS:          0 HIT:          0 MISS:          0 MSHR_MERGE:          0
cpu6->cpu6_L1D WRITE        ACCESS:    6417474 HIT:    6417474 MISS:          0 MSHR_MERGE:          0
cpu6->cpu6_L1D TRANSLATION  ACCESS:     256335 HIT:      28528 MISS:     227807 MSHR_MERGE:          1
cpu6->cpu6_L1D PREFETCH REQUESTED:          0 ISSUED:          0 USEFUL:          0 USELESS:          0
cpu6->cpu6_L1D AVERAGE MISS LATENCY: 294.1 cycles
cpu6->cpu6_ITLB TOTAL        ACCESS:   29726689 HIT:   29726689 MISS:          0 MSHR_MERGE:          0
cpu6->cpu6_ITLB LOAD         ACCESS:   29726689 HIT:   29726689 MISS:          0 MSHR_MERGE:          0
cpu6->cpu6_ITLB RFO          ACCESS:          0 HIT:          0 MISS:          0 MSHR_MERGE:          0
cpu6->cpu6_ITLB PREFETCH     ACCESS:          0 HIT:          0 MISS:          0 MSHR_MERGE:          0
cpu6->cpu6_ITLB WRITE        ACCESS:          0 HIT:          0 MISS:          0 MSHR_MERGE:          0
cpu6->cpu6_ITLB TRANSLATION  ACCESS:          0 HIT:          0 MISS:          0 MSHR_MERGE:          0
cpu6->cpu6_ITLB PREFETCH REQUESTED:          0 ISSUED:          0 USEFUL:          0 USELESS:          0
cpu6->cpu6_ITLB AVERAGE MISS LATENCY: - cycles
cpu6->cpu6_DTLB TOTAL        ACCESS:   53351312 HIT:   52722986 MISS:     628326 MSHR_MERGE:      96763
cpu6->cpu6_DTLB LOAD         ACCESS:   53351312 HIT:   52722986 MISS:     628326 MSHR_MERGE:      96763
cpu6->cpu6_DTLB RFO          ACCESS:          0 HIT:          0 MISS:          0 MSHR_MERGE:          0
cpu6->cpu6_DTLB PREFETCH     ACCESS:          0 HIT:          0 MISS:          0 MSHR_MERGE:          0
cpu6->cpu6_DTLB WRITE        ACCESS:          0 HIT:          0 MISS:          0 MSHR_MERGE:          0
cpu6->cpu6_DTLB TRANSLATION  ACCESS:          0 HIT:          0 MISS:          0 MSHR_MERGE:          0
cpu6->cpu6_DTLB PREFETCH REQUESTED:          0 ISSUED:          0 USEFUL:          0 USELESS:          0
cpu6->cpu6_DTLB AVERAGE MISS LATENCY: 120.7 cycles
cpu5->cpu5_STLB TOTAL        ACCESS:     530656 HIT:     275077 MISS:     255579 MSHR_MERGE:          0
cpu5->cpu5_STLB LOAD         ACCESS:     530656 HIT:     275077 MISS:     255579 MSHR_MERGE:          0
cpu5->cpu5_STLB RFO          ACCESS:          0 HIT:          0 MISS:          0 MSHR_MERGE:          0
cpu5->cpu5_STLB PREFETCH     ACCESS:          0 HIT:          0 MISS:          0 MSHR_MERGE:          0
cpu5->cpu5_STLB WRITE        ACCESS:          0 HIT:          0 MISS:          0 MSHR_MERGE:          0
cpu5->cpu5_STLB TRANSLATION  ACCESS:          0 HIT:          0 MISS:          0 MSHR_MERGE:          0
cpu5->cpu5_STLB PREFETCH REQUESTED:          0 ISSUED:          0 USEFUL:          0 USELESS:          0
cpu5->cpu5_STLB AVERAGE MISS LATENCY: 239.4 cycles
cpu5->cpu5_L2C TOTAL        ACCESS:    3123046 HIT:    1182292 MISS:    1940754 MSHR_MERGE:          0
cpu5->cpu5_L2C LOAD         ACCESS:    1924024 HIT:         31 MISS:    1923993 MSHR_MERGE:          0
cpu5->cpu5_L2C RFO          ACCESS:          0 HIT:          0 MISS:          0 MSHR_MERGE:          0
cpu5->cpu5_L2C PREFETCH     ACCESS:          0 HIT:          0 MISS:          0 MSHR_MERGE:          0
cpu5->cpu5_L2C WRITE        ACCESS:     971495 HIT:     971495 MISS:          0 MSHR_MERGE:          0
cpu5->cpu5_L2C TRANSLATION  ACCESS:     227527 HIT:     210766 MISS:      16761 MSHR_MERGE:          0
cpu5->cpu5_L2C PREFETCH REQUESTED:          0 ISSUED:          0 USEFUL:          0 USELESS:          0
cpu5->cpu5_L2C AVERAGE MISS LATENCY: 316.8 cycles
cpu5->cpu5_L1I TOTAL        ACCESS:   33262940 HIT:   33262940 MISS:          0 MSHR_MERGE:          0
cpu5->cpu5_L1I LOAD         ACCESS:   33262940 HIT:   33262940 MISS:          0 MSHR_MERGE:          0
cpu5->cpu5_L1I RFO          ACCESS:          0 HIT:          0 MISS:          0 MSHR_MERGE:          0
cpu5->cpu5_L1I PREFETCH     ACCESS:          0 HIT:          0 MISS:          0 MSHR_MERGE:          0
cpu5->cpu5_L1I WRITE        ACCESS:          0 HIT:          0 MISS:          0 MSHR_MERGE:          0
cpu5->cpu5_L1I TRANSLATION  ACCESS:          0 HIT:          0 MISS:          0 MSHR_MERGE:          0
cpu5->cpu5_L1I PREFETCH REQUESTED:          0 ISSUED:          0 USEFUL:          0 USELESS:          0
cpu5->cpu5_L1I AVERAGE MISS LATENCY: - cycles
cpu5->cpu5_L1D TOTAL        ACCESS:   55085214 HIT:   52128065 MISS:    2957149 MSHR_MERGE:     805598
cpu5->cpu5_L1D LOAD         ACCESS:   48417820 HIT:   45688199 MISS:    2729621 MSHR_MERGE:     805597
cpu5->cpu5_L1D RFO          ACCESS:          0 HIT:          0 MISS:          0 MSHR_MERGE:          0
cpu5->cpu5_L1D PREFETCH     ACCESS:          0 HIT:          0 MISS:          0 MSHR_MERGE:          0
cpu5->cpu5_L1D WRITE        ACCESS:    6411307 HIT:    6411307 MISS:          0 MSHR_MERGE:          0
cpu5->cpu5_L1D TRANSLATION  ACCESS:     256087 HIT:      28559 MISS:     227528 MSHR_MERGE:          1
cpu5->cpu5_L1D PREFETCH REQUESTED:          0 ISSUED:          0 USEFUL:          0 USELESS:          0
cpu5->cpu5_L1D AVERAGE MISS LATENCY: 294.7 cycles
cpu5->cpu5_ITLB TOTAL        ACCESS:   29702759 HIT:   29702759 MISS:          0 MSHR_MERGE:          0
cpu5->cpu5_ITLB LOAD         ACCESS:   29702759 HIT:   29702759 MISS:          0 MSHR_MERGE:          0
cpu5->cpu5_ITLB RFO          ACCESS:          0 HIT:          0 MISS:          0 MSHR_MERGE:          0
cpu5->cpu5_ITLB PREFETCH     ACCESS:          0 HIT:          0 MISS:          0 MSHR_MERGE:          0
cpu5->cpu5_ITLB WRITE        ACCESS:          0 HIT:          0 MISS:          0 MSHR_MERGE:          0
cpu5->cpu5_ITLB TRANSLATION  ACCESS:          0 HIT:          0 MISS:          0 MSHR_MERGE:          0
cpu5->cpu5_ITLB PREFETCH REQUESTED:          0 ISSUED:          0 USEFUL:          0 USELESS:          0
cpu5->cpu5_ITLB AVERAGE MISS LATENCY: - cycles
cpu5->cpu5_DTLB TOTAL        ACCESS:   53299779 HIT:   52672366 MISS:     627413 MSHR_MERGE:      96757
cpu5->cpu5_DTLB LOAD         ACCESS:   53299779 HIT:   52672366 MISS:     627413 MSHR_MERGE:      96757
cpu5->cpu5_DTLB RFO          ACCESS:          0 HIT:          0 MISS:          0 MSHR_MERGE:          0
cpu5->cpu5_DTLB PREFETCH     ACCESS:          0 HIT:          0 MISS:          0 MSHR_MERGE:          0
cpu5->cpu5_DTLB WRITE        ACCESS:          0 HIT:          0 MISS:          0 MSHR_MERGE:          0
cpu5->cpu5_DTLB TRANSLATION  ACCESS:          0 HIT:          0 MISS:          0 MSHR_MERGE:          0
cpu5->cpu5_DTLB PREFETCH REQUESTED:          0 ISSUED:          0 USEFUL:          0 USELESS:          0
cpu5->cpu5_DTLB AVERAGE MISS LATENCY: 120.8 cycles
cpu4->cpu4_STLB TOTAL        ACCESS:     531192 HIT:     275424 MISS:     255768 MSHR_MERGE:          0
cpu4->cpu4_STLB LOAD         ACCESS:     531192 HIT:     275424 MISS:     255768 MSHR_MERGE:          0
cpu4->cpu4_STLB RFO          ACCESS:          0 HIT:          0 MISS:          0 MSHR_MERGE:          0
cpu4->cpu4_STLB PREFETCH     ACCESS:          0 HIT:          0 MISS:          0 MSHR_MERGE:          0
cpu4->cpu4_STLB WRITE        ACCESS:          0 HIT:          0 MISS:          0 MSHR_MERGE:          0
cpu4->cpu4_STLB TRANSLATION  ACCESS:          0 HIT:          0 MISS:          0 MSHR_MERGE:          0
cpu4->cpu4_STLB PREFETCH REQUESTED:          0 ISSUED:          0 USEFUL:          0 USELESS:          0
cpu4->cpu4_STLB AVERAGE MISS LATENCY: 239.7 cycles
cpu4->cpu4_L2C TOTAL        ACCESS:    3125437 HIT:    1183193 MISS:    1942244 MSHR_MERGE:          0
cpu4->cpu4_L2C LOAD         ACCESS:    1925481 HIT:         35 MISS:    1925446 MSHR_MERGE:          0
cpu4->cpu4_L2C RFO          ACCESS:          0 HIT:          0 MISS:          0 MSHR_MERGE:          0
cpu4->cpu4_L2C PREFETCH     ACCESS:          0 HIT:          0 MISS:          0 MSHR_MERGE:          0
cpu4->cpu4_L2C WRITE        ACCESS:     972209 HIT:     972209 MISS:          0 MSHR_MERGE:          0
cpu4->cpu4_L2C TRANSLATION  ACCESS:     227747 HIT:     210949 MISS:      16798 MSHR_MERGE:          0
cpu4->cpu4_L2C PREFETCH REQUESTED:          0 ISSUED:          0 USEFUL:          0 USELESS:          0
cpu4->cpu4_L2C AVERAGE MISS LATENCY: 316.1 cycles
cpu4->cpu4_L1I TOTAL        ACCESS:   33285774 HIT:   33285774 MISS:          0 MSHR_MERGE:          0
cpu4->cpu4_L1I LOAD         ACCESS:   33285774 HIT:   33285774 MISS:          0 MSHR_MERGE:          0
cpu4->cpu4_L1I RFO          ACCESS:          0 HIT:          0 MISS:          0 MSHR_MERGE:          0
cpu4->cpu4_L1I PREFETCH     ACCESS:          0 HIT:          0 MISS:          0 MSHR_MERGE:          0
cpu4->cpu4_L1I WRITE        ACCESS:          0 HIT:          0 MISS:          0 MSHR_MERGE:          0
cpu4->cpu4_L1I TRANSLATION  ACCESS:          0 HIT:          0 MISS:          0 MSHR_MERGE:          0
cpu4->cpu4_L1I PREFETCH REQUESTED:          0 ISSUED:          0 USEFUL:          0 USELESS:          0
cpu4->cpu4_L1I AVERAGE MISS LATENCY: - cycles
cpu4->cpu4_L1D TOTAL        ACCESS:   55129200 HIT:   52170774 MISS:    2958426 MSHR_MERGE:     805198
cpu4->cpu4_L1D LOAD         ACCESS:   48456760 HIT:   45726082 MISS:    2730678 MSHR_MERGE:     805197
cpu4->cpu4_L1D RFO          ACCESS:          0 HIT:          0 MISS:          0 MSHR_MERGE:          0
cpu4->cpu4_L1D PREFETCH     ACCESS:          0 HIT:          0 MISS:          0 MSHR_MERGE:          0
cpu4->cpu4_L1D WRITE        ACCESS:    6416165 HIT:    6416165 MISS:          0 MSHR_MERGE:          0
cpu4->cpu4_L1D TRANSLATION  ACCESS:     256275 HIT:      28527 MISS:     227748 MSHR_MERGE:          1
cpu4->cpu4_L1D PREFETCH REQUESTED:          0 ISSUED:          0 USEFUL:          0 USELESS:          0
cpu4->cpu4_L1D AVERAGE MISS LATENCY: 294.1 cycles
cpu4->cpu4_ITLB TOTAL        ACCESS:   29724700 HIT:   29724700 MISS:          0 MSHR_MERGE:          0
cpu4->cpu4_ITLB LOAD         ACCESS:   29724700 HIT:   29724700 MISS:          0 MSHR_MERGE:          0
cpu4->cpu4_ITLB RFO          ACCESS:          0 HIT:          0 MISS:          0 MSHR_MERGE:          0
cpu4->cpu4_ITLB PREFETCH     ACCESS:          0 HIT:          0 MISS:          0 MSHR_MERGE:          0
cpu4->cpu4_ITLB WRITE        ACCESS:          0 HIT:          0 MISS:          0 MSHR_MERGE:          0
cpu4->cpu4_ITLB TRANSLATION  ACCESS:          0 HIT:          0 MISS:          0 MSHR_MERGE:          0
cpu4->cpu4_ITLB PREFETCH REQUESTED:          0 ISSUED:          0 USEFUL:          0 USELESS:          0
cpu4->cpu4_ITLB AVERAGE MISS LATENCY: - cycles
cpu4->cpu4_DTLB TOTAL        ACCESS:   53342069 HIT:   52714331 MISS:     627738 MSHR_MERGE:      96546
cpu4->cpu4_DTLB LOAD         ACCESS:   53342069 HIT:   52714331 MISS:     627738 MSHR_MERGE:      96546
cpu4->cpu4_DTLB RFO          ACCESS:          0 HIT:          0 MISS:          0 MSHR_MERGE:          0
cpu4->cpu4_DTLB PREFETCH     ACCESS:          0 HIT:          0 MISS:          0 MSHR_MERGE:          0
cpu4->cpu4_DTLB WRITE        ACCESS:          0 HIT:          0 MISS:          0 MSHR_MERGE:          0
cpu4->cpu4_DTLB TRANSLATION  ACCESS:          0 HIT:          0 MISS:          0 MSHR_MERGE:          0
cpu4->cpu4_DTLB PREFETCH REQUESTED:          0 ISSUED:          0 USEFUL:          0 USELESS:          0
cpu4->cpu4_DTLB AVERAGE MISS LATENCY: 120.9 cycles
cpu3->cpu3_STLB TOTAL        ACCESS:     531055 HIT:     275290 MISS:     255765 MSHR_MERGE:          0
cpu3->cpu3_STLB LOAD         ACCESS:     531055 HIT:     275290 MISS:     255765 MSHR_MERGE:          0
cpu3->cpu3_STLB RFO          ACCESS:          0 HIT:          0 MISS:          0 MSHR_MERGE:          0
cpu3->cpu3_STLB PREFETCH     ACCESS:          0 HIT:          0 MISS:          0 MSHR_MERGE:          0
cpu3->cpu3_STLB WRITE        ACCESS:          0 HIT:          0 MISS:          0 MSHR_MERGE:          0
cpu3->cpu3_STLB TRANSLATION  ACCESS:          0 HIT:          0 MISS:          0 MSHR_MERGE:          0
cpu3->cpu3_STLB PREFETCH REQUESTED:          0 ISSUED:          0 USEFUL:          0 USELESS:          0
cpu3->cpu3_STLB AVERAGE MISS LATENCY: 239.7 cycles
cpu3->cpu3_L2C TOTAL        ACCESS:    3125451 HIT:    1183224 MISS:    1942227 MSHR_MERGE:          0
cpu3->cpu3_L2C LOAD         ACCESS:    1925451 HIT:         37 MISS:    1925414 MSHR_MERGE:          0
cpu3->cpu3_L2C RFO          ACCESS:          0 HIT:          0 MISS:          0 MSHR_MERGE:          0
cpu3->cpu3_L2C PREFETCH     ACCESS:          0 HIT:          0 MISS:          0 MSHR_MERGE:          0
cpu3->cpu3_L2C WRITE        ACCESS:     972203 HIT:     972203 MISS:          0 MSHR_MERGE:          0
cpu3->cpu3_L2C TRANSLATION  ACCESS:     227797 HIT:     210984 MISS:      16813 MSHR_MERGE:          0
cpu3->cpu3_L2C PREFETCH REQUESTED:          0 ISSUED:          0 USEFUL:          0 USELESS:          0
cpu3->cpu3_L2C AVERAGE MISS LATENCY: 315.9 cycles
cpu3->cpu3_L1I TOTAL        ACCESS:   33286191 HIT:   33286191 MISS:          0 MSHR_MERGE:          0
cpu3->cpu3_L1I LOAD         ACCESS:   33286191 HIT:   33286191 MISS:          0 MSHR_MERGE:          0
cpu3->cpu3_L1I RFO          ACCESS:          0 HIT:          0 MISS:          0 MSHR_MERGE:          0
cpu3->cpu3_L1I PREFETCH     ACCESS:          0 HIT:          0 MISS:          0 MSHR_MERGE:          0
cpu3->cpu3_L1I WRITE        ACCESS:          0 HIT:          0 MISS:          0 MSHR_MERGE:          0
cpu3->cpu3_L1I TRANSLATION  ACCESS:          0 HIT:          0 MISS:          0 MSHR_MERGE:          0
cpu3->cpu3_L1I PREFETCH REQUESTED:          0 ISSUED:          0 USEFUL:          0 USELESS:          0
cpu3->cpu3_L1I AVERAGE MISS LATENCY: - cycles
cpu3->cpu3_L1D TOTAL        ACCESS:   55127384 HIT:   52168878 MISS:    2958506 MSHR_MERGE:     805258
cpu3->cpu3_L1D LOAD         ACCESS:   48455051 HIT:   45724344 MISS:    2730707 MSHR_MERGE:     805256
cpu3->cpu3_L1D RFO          ACCESS:          0 HIT:          0 MISS:          0 MSHR_MERGE:          0
cpu3->cpu3_L1D PREFETCH     ACCESS:          0 HIT:          0 MISS:          0 MSHR_MERGE:          0
cpu3->cpu3_L1D WRITE        ACCESS:    6416062 HIT:    6416062 MISS:          0 MSHR_MERGE:          0
cpu3->cpu3_L1D TRANSLATION  ACCESS:     256271 HIT:      28472 MISS:     227799 MSHR_MERGE:          2
cpu3->cpu3_L1D PREFETCH REQUESTED:          0 ISSUED:          0 USEFUL:          0 USELESS:          0
cpu3->cpu3_L1D AVERAGE MISS LATENCY: 293.9 cycles
cpu3->cpu3_ITLB TOTAL        ACCESS:   29723458 HIT:   29723458 MISS:          0 MSHR_MERGE:          0
cpu3->cpu3_ITLB LOAD         ACCESS:   29723458 HIT:   29723458 MISS:          0 MSHR_MERGE:          0
cpu3->cpu3_ITLB RFO          ACCESS:          0 HIT:          0 MISS:          0 MSHR_MERGE:          0
cpu3->cpu3_ITLB PREFETCH     ACCESS:          0 HIT:          0 MISS:          0 MSHR_MERGE:          0
cpu3->cpu3_ITLB WRITE        ACCESS:          0 HIT:          0 MISS:          0 MSHR_MERGE:          0
cpu3->cpu3_ITLB TRANSLATION  ACCESS:          0 HIT:          0 MISS:          0 MSHR_MERGE:          0
cpu3->cpu3_ITLB PREFETCH REQUESTED:          0 ISSUED:          0 USEFUL:          0 USELESS:          0
cpu3->cpu3_ITLB AVERAGE MISS LATENCY: - cycles
cpu3->cpu3_DTLB TOTAL        ACCESS:   53341951 HIT:   52713591 MISS:     628360 MSHR_MERGE:      97305
cpu3->cpu3_DTLB LOAD         ACCESS:   53341951 HIT:   52713591 MISS:     628360 MSHR_MERGE:      97305
cpu3->cpu3_DTLB RFO          ACCESS:          0 HIT:          0 MISS:          0 MSHR_MERGE:          0
cpu3->cpu3_DTLB PREFETCH     ACCESS:          0 HIT:          0 MISS:          0 MSHR_MERGE:          0
cpu3->cpu3_DTLB WRITE        ACCESS:          0 HIT:          0 MISS:          0 MSHR_MERGE:          0
cpu3->cpu3_DTLB TRANSLATION  ACCESS:          0 HIT:          0 MISS:          0 MSHR_MERGE:          0
cpu3->cpu3_DTLB PREFETCH REQUESTED:          0 ISSUED:          0 USEFUL:          0 USELESS:          0
cpu3->cpu3_DTLB AVERAGE MISS LATENCY: 120.9 cycles
cpu2->cpu2_STLB TOTAL        ACCESS:     530880 HIT:     275195 MISS:     255685 MSHR_MERGE:          0
cpu2->cpu2_STLB LOAD         ACCESS:     530880 HIT:     275195 MISS:     255685 MSHR_MERGE:          0
cpu2->cpu2_STLB RFO          ACCESS:          0 HIT:          0 MISS:          0 MSHR_MERGE:          0
cpu2->cpu2_STLB PREFETCH     ACCESS:          0 HIT:          0 MISS:          0 MSHR_MERGE:          0
cpu2->cpu2_STLB WRITE        ACCESS:          0 HIT:          0 MISS:          0 MSHR_MERGE:          0
cpu2->cpu2_STLB TRANSLATION  ACCESS:          0 HIT:          0 MISS:          0 MSHR_MERGE:          0
cpu2->cpu2_STLB PREFETCH REQUESTED:          0 ISSUED:          0 USEFUL:          0 USELESS:          0
cpu2->cpu2_STLB AVERAGE MISS LATENCY: 239.4 cycles
cpu2->cpu2_L2C TOTAL        ACCESS:    3124325 HIT:    1182761 MISS:    1941564 MSHR_MERGE:          0
cpu2->cpu2_L2C LOAD         ACCESS:    1924783 HIT:         16 MISS:    1924767 MSHR_MERGE:          0
cpu2->cpu2_L2C RFO          ACCESS:          0 HIT:          0 MISS:          0 MSHR_MERGE:          0
cpu2->cpu2_L2C PREFETCH     ACCESS:          0 HIT:          0 MISS:          0 MSHR_MERGE:          0
cpu2->cpu2_L2C WRITE        ACCESS:     971867 HIT:     971867 MISS:          0 MSHR_MERGE:          0
cpu2->cpu2_L2C TRANSLATION  ACCESS:     227675 HIT:     210878 MISS:      16797 MSHR_MERGE:          0
cpu2->cpu2_L2C PREFETCH REQUESTED:          0 ISSUED:          0 USEFUL:          0 USELESS:          0
cpu2->cpu2_L2C AVERAGE MISS LATENCY: 315.9 cycles
cpu2->cpu2_L1I TOTAL        ACCESS:   33276866 HIT:   33276866 MISS:          0 MSHR_MERGE:          0
cpu2->cpu2_L1I LOAD         ACCESS:   33276866 HIT:   33276866 MISS:          0 MSHR_MERGE:          0
cpu2->cpu2_L1I RFO          ACCESS:          0 HIT:          0 MISS:          0 MSHR_MERGE:          0
cpu2->cpu2_L1I PREFETCH     ACCESS:          0 HIT:          0 MISS:          0 MSHR_MERGE:          0
cpu2->cpu2_L1I WRITE        ACCESS:          0 HIT:          0 MISS:          0 MSHR_MERGE:          0
cpu2->cpu2_L1I TRANSLATION  ACCESS:          0 HIT:          0 MISS:          0 MSHR_MERGE:          0
cpu2->cpu2_L1I PREFETCH REQUESTED:          0 ISSUED:          0 USEFUL:          0 USELESS:          0
cpu2->cpu2_L1I AVERAGE MISS LATENCY: - cycles
cpu2->cpu2_L1D TOTAL        ACCESS:   55110954 HIT:   52152683 MISS:    2958271 MSHR_MERGE:     805813
cpu2->cpu2_L1D LOAD         ACCESS:   48440943 HIT:   45710349 MISS:    2730594 MSHR_MERGE:     805811
cpu2->cpu2_L1D RFO          ACCESS:          0 HIT:          0 MISS:          0 MSHR_MERGE:          0
cpu2->cpu2_L1D PREFETCH     ACCESS:          0 HIT:          0 MISS:          0 MSHR_MERGE:          0
cpu2->cpu2_L1D WRITE        ACCESS:    6413819 HIT:    6413819 MISS:          0 MSHR_MERGE:          0
cpu2->cpu2_L1D TRANSLATION  ACCESS:     256192 HIT:      28515 MISS:     227677 MSHR_MERGE:          2
cpu2->cpu2_L1D PREFETCH REQUESTED:          0 ISSUED:          0 USEFUL:          0 USELESS:          0
cpu2->cpu2_L1D AVERAGE MISS LATENCY: 293.9 cycles
cpu2->cpu2_ITLB TOTAL        ACCESS:   29715097 HIT:   29715097 MISS:          0 MSHR_MERGE:          0
cpu2->cpu2_ITLB LOAD         ACCESS:   29715097 HIT:   29715097 MISS:          0 MSHR_MERGE:          0
cpu2->cpu2_ITLB RFO          ACCESS:          0 HIT:          0 MISS:          0 MSHR_MERGE:          0
cpu2->cpu2_ITLB PREFETCH     ACCESS:          0 HIT:          0 MISS:          0 MSHR_MERGE:          0
cpu2->cpu2_ITLB WRITE        ACCESS:          0 HIT:          0 MISS:          0 MSHR_MERGE:          0
cpu2->cpu2_ITLB TRANSLATION  ACCESS:          0 HIT:          0 MISS:          0 MSHR_MERGE:          0
cpu2->cpu2_ITLB PREFETCH REQUESTED:          0 ISSUED:          0 USEFUL:          0 USELESS:          0
cpu2->cpu2_ITLB AVERAGE MISS LATENCY: - cycles
cpu2->cpu2_DTLB TOTAL        ACCESS:   53324607 HIT:   52696733 MISS:     627874 MSHR_MERGE:      96994
cpu2->cpu2_DTLB LOAD         ACCESS:   53324607 HIT:   52696733 MISS:     627874 MSHR_MERGE:      96994
cpu2->cpu2_DTLB RFO          ACCESS:          0 HIT:          0 MISS:          0 MSHR_MERGE:          0
cpu2->cpu2_DTLB PREFETCH     ACCESS:          0 HIT:          0 MISS:          0 MSHR_MERGE:          0
cpu2->cpu2_DTLB WRITE        ACCESS:          0 HIT:          0 MISS:          0 MSHR_MERGE:          0
cpu2->cpu2_DTLB TRANSLATION  ACCESS:          0 HIT:          0 MISS:          0 MSHR_MERGE:          0
cpu2->cpu2_DTLB PREFETCH REQUESTED:          0 ISSUED:          0 USEFUL:          0 USELESS:          0
cpu2->cpu2_DTLB AVERAGE MISS LATENCY: 120.8 cycles
cpu1->cpu1_STLB TOTAL        ACCESS:     532063 HIT:     276112 MISS:     255951 MSHR_MERGE:          0
cpu1->cpu1_STLB LOAD         ACCESS:     532063 HIT:     276112 MISS:     255951 MSHR_MERGE:          0
cpu1->cpu1_STLB RFO          ACCESS:          0 HIT:          0 MISS:          0 MSHR_MERGE:          0
cpu1->cpu1_STLB PREFETCH     ACCESS:          0 HIT:          0 MISS:          0 MSHR_MERGE:          0
cpu1->cpu1_STLB WRITE        ACCESS:          0 HIT:          0 MISS:          0 MSHR_MERGE:          0
cpu1->cpu1_STLB TRANSLATION  ACCESS:          0 HIT:          0 MISS:          0 MSHR_MERGE:          0
cpu1->cpu1_STLB PREFETCH REQUESTED:          0 ISSUED:          0 USEFUL:          0 USELESS:          0
cpu1->cpu1_STLB AVERAGE MISS LATENCY: 239.7 cycles
cpu1->cpu1_L2C TOTAL        ACCESS:    3127736 HIT:    1184006 MISS:    1943730 MSHR_MERGE:          0
cpu1->cpu1_L2C LOAD         ACCESS:    1926853 HIT:         22 MISS:    1926831 MSHR_MERGE:          0
cpu1->cpu1_L2C RFO          ACCESS:          0 HIT:          0 MISS:          0 MSHR_MERGE:          0
cpu1->cpu1_L2C PREFETCH     ACCESS:          0 HIT:          0 MISS:          0 MSHR_MERGE:          0
cpu1->cpu1_L2C WRITE        ACCESS:     972952 HIT:     972952 MISS:          0 MSHR_MERGE:          0
cpu1->cpu1_L2C TRANSLATION  ACCESS:     227931 HIT:     211032 MISS:      16899 MSHR_MERGE:          0
cpu1->cpu1_L2C PREFETCH REQUESTED:          0 ISSUED:          0 USEFUL:          0 USELESS:          0
cpu1->cpu1_L2C AVERAGE MISS LATENCY: 315.8 cycles
cpu1->cpu1_L1I TOTAL        ACCESS:   33305775 HIT:   33305775 MISS:          0 MSHR_MERGE:          0
cpu1->cpu1_L1I LOAD         ACCESS:   33305775 HIT:   33305775 MISS:          0 MSHR_MERGE:          0
cpu1->cpu1_L1I RFO          ACCESS:          0 HIT:          0 MISS:          0 MSHR_MERGE:          0
cpu1->cpu1_L1I PREFETCH     ACCESS:          0 HIT:          0 MISS:          0 MSHR_MERGE:          0
cpu1->cpu1_L1I WRITE        ACCESS:          0 HIT:          0 MISS:          0 MSHR_MERGE:          0
cpu1->cpu1_L1I TRANSLATION  ACCESS:          0 HIT:          0 MISS:          0 MSHR_MERGE:          0
cpu1->cpu1_L1I PREFETCH REQUESTED:          0 ISSUED:          0 USEFUL:          0 USELESS:          0
cpu1->cpu1_L1I AVERAGE MISS LATENCY: - cycles
cpu1->cpu1_L1D TOTAL        ACCESS:   55169009 HIT:   52208487 MISS:    2960522 MSHR_MERGE:     805738
cpu1->cpu1_L1D LOAD         ACCESS:   48491812 HIT:   45759222 MISS:    2732590 MSHR_MERGE:     805737
cpu1->cpu1_L1D RFO          ACCESS:          0 HIT:          0 MISS:          0 MSHR_MERGE:          0
cpu1->cpu1_L1D PREFETCH     ACCESS:          0 HIT:          0 MISS:          0 MSHR_MERGE:          0
cpu1->cpu1_L1D WRITE        ACCESS:    6420737 HIT:    6420737 MISS:          0 MSHR_MERGE:          0
cpu1->cpu1_L1D TRANSLATION  ACCESS:     256460 HIT:      28528 MISS:     227932 MSHR_MERGE:          1
cpu1->cpu1_L1D PREFETCH REQUESTED:          0 ISSUED:          0 USEFUL:          0 USELESS:          0
cpu1->cpu1_L1D AVERAGE MISS LATENCY: 293.8 cycles
cpu1->cpu1_ITLB TOTAL        ACCESS:   29741317 HIT:   29741317 MISS:          0 MSHR_MERGE:          0
cpu1->cpu1_ITLB LOAD         ACCESS:   29741317 HIT:   29741317 MISS:          0 MSHR_MERGE:          0
cpu1->cpu1_ITLB RFO          ACCESS:          0 HIT:          0 MISS:          0 MSHR_MERGE:          0
cpu1->cpu1_ITLB PREFETCH     ACCESS:          0 HIT:          0 MISS:          0 MSHR_MERGE:          0
cpu1->cpu1_ITLB WRITE        ACCESS:          0 HIT:          0 MISS:          0 MSHR_MERGE:          0
cpu1->cpu1_ITLB TRANSLATION  ACCESS:          0 HIT:          0 MISS:          0 MSHR_MERGE:          0
cpu1->cpu1_ITLB PREFETCH REQUESTED:          0 ISSUED:          0 USEFUL:          0 USELESS:          0
cpu1->cpu1_ITLB AVERAGE MISS LATENCY: - cycles
cpu1->cpu1_DTLB TOTAL        ACCESS:   53382034 HIT:   52752527 MISS:     629507 MSHR_MERGE:      97444
cpu1->cpu1_DTLB LOAD         ACCESS:   53382034 HIT:   52752527 MISS:     629507 MSHR_MERGE:      97444
cpu1->cpu1_DTLB RFO          ACCESS:          0 HIT:          0 MISS:          0 MSHR_MERGE:          0
cpu1->cpu1_DTLB PREFETCH     ACCESS:          0 HIT:          0 MISS:          0 MSHR_MERGE:          0
cpu1->cpu1_DTLB WRITE        ACCESS:          0 HIT:          0 MISS:          0 MSHR_MERGE:          0
cpu1->cpu1_DTLB TRANSLATION  ACCESS:          0 HIT:          0 MISS:          0 MSHR_MERGE:          0
cpu1->cpu1_DTLB PREFETCH REQUESTED:          0 ISSUED:          0 USEFUL:          0 USELESS:          0
cpu1->cpu1_DTLB AVERAGE MISS LATENCY: 120.8 cycles
cpu0->cpu0_STLB TOTAL        ACCESS:     531362 HIT:     275632 MISS:     255730 MSHR_MERGE:          0
cpu0->cpu0_STLB LOAD         ACCESS:     531362 HIT:     275632 MISS:     255730 MSHR_MERGE:          0
cpu0->cpu0_STLB RFO          ACCESS:          0 HIT:          0 MISS:          0 MSHR_MERGE:          0
cpu0->cpu0_STLB PREFETCH     ACCESS:          0 HIT:          0 MISS:          0 MSHR_MERGE:          0
cpu0->cpu0_STLB WRITE        ACCESS:          0 HIT:          0 MISS:          0 MSHR_MERGE:          0
cpu0->cpu0_STLB TRANSLATION  ACCESS:          0 HIT:          0 MISS:          0 MSHR_MERGE:          0
cpu0->cpu0_STLB PREFETCH REQUESTED:          0 ISSUED:          0 USEFUL:          0 USELESS:          0
cpu0->cpu0_STLB AVERAGE MISS LATENCY: 239.3 cycles
cpu0->cpu0_L2C TOTAL        ACCESS:    3124982 HIT:    1183009 MISS:    1941973 MSHR_MERGE:          0
cpu0->cpu0_L2C LOAD         ACCESS:    1925180 HIT:         22 MISS:    1925158 MSHR_MERGE:          0
cpu0->cpu0_L2C RFO          ACCESS:          0 HIT:          0 MISS:          0 MSHR_MERGE:          0
cpu0->cpu0_L2C PREFETCH     ACCESS:          0 HIT:          0 MISS:          0 MSHR_MERGE:          0
cpu0->cpu0_L2C WRITE        ACCESS:     972059 HIT:     972059 MISS:          0 MSHR_MERGE:          0
cpu0->cpu0_L2C TRANSLATION  ACCESS:     227743 HIT:     210928 MISS:      16815 MSHR_MERGE:          0
cpu0->cpu0_L2C PREFETCH REQUESTED:          0 ISSUED:          0 USEFUL:          0 USELESS:          0
cpu0->cpu0_L2C AVERAGE MISS LATENCY: 315.8 cycles
cpu0->cpu0_L1I TOTAL        ACCESS:   33282298 HIT:   33282298 MISS:          0 MSHR_MERGE:          0
cpu0->cpu0_L1I LOAD         ACCESS:   33282298 HIT:   33282298 MISS:          0 MSHR_MERGE:          0
cpu0->cpu0_L1I RFO          ACCESS:          0 HIT:          0 MISS:          0 MSHR_MERGE:          0
cpu0->cpu0_L1I PREFETCH     ACCESS:          0 HIT:          0 MISS:          0 MSHR_MERGE:          0
cpu0->cpu0_L1I WRITE        ACCESS:          0 HIT:          0 MISS:          0 MSHR_MERGE:          0
cpu0->cpu0_L1I TRANSLATION  ACCESS:          0 HIT:          0 MISS:          0 MSHR_MERGE:          0
cpu0->cpu0_L1I PREFETCH REQUESTED:          0 ISSUED:          0 USEFUL:          0 USELESS:          0
cpu0->cpu0_L1I AVERAGE MISS LATENCY: - cycles
cpu0->cpu0_L1D TOTAL        ACCESS:   55119971 HIT:   52161717 MISS:    2958254 MSHR_MERGE:     805331
cpu0->cpu0_L1D LOAD         ACCESS:   48448585 HIT:   45718075 MISS:    2730510 MSHR_MERGE:     805330
cpu0->cpu0_L1D RFO          ACCESS:          0 HIT:          0 MISS:          0 MSHR_MERGE:          0
cpu0->cpu0_L1D PREFETCH     ACCESS:          0 HIT:          0 MISS:          0 MSHR_MERGE:          0
cpu0->cpu0_L1D WRITE        ACCESS:    6415148 HIT:    6415148 MISS:          0 MSHR_MERGE:          0
cpu0->cpu0_L1D TRANSLATION  ACCESS:     256238 HIT:      28494 MISS:     227744 MSHR_MERGE:          1
cpu0->cpu0_L1D PREFETCH REQUESTED:          0 ISSUED:          0 USEFUL:          0 USELESS:          0
cpu0->cpu0_L1D AVERAGE MISS LATENCY: 293.8 cycles
cpu0->cpu0_ITLB TOTAL        ACCESS:   29719653 HIT:   29719653 MISS:          0 MSHR_MERGE:          0
cpu0->cpu0_ITLB LOAD         ACCESS:   29719653 HIT:   29719653 MISS:          0 MSHR_MERGE:          0
cpu0->cpu0_ITLB RFO          ACCESS:          0 HIT:          0 MISS:          0 MSHR_MERGE:          0
cpu0->cpu0_ITLB PREFETCH     ACCESS:          0 HIT:          0 MISS:          0 MSHR_MERGE:          0
cpu0->cpu0_ITLB WRITE        ACCESS:          0 HIT:          0 MISS:          0 MSHR_MERGE:          0
cpu0->cpu0_ITLB TRANSLATION  ACCESS:          0 HIT:          0 MISS:          0 MSHR_MERGE:          0
cpu0->cpu0_ITLB PREFETCH REQUESTED:          0 ISSUED:          0 USEFUL:          0 USELESS:          0
cpu0->cpu0_ITLB AVERAGE MISS LATENCY: - cycles
cpu0->cpu0_DTLB TOTAL        ACCESS:   53333369 HIT:   52705199 MISS:     628170 MSHR_MERGE:      96808
cpu0->cpu0_DTLB LOAD         ACCESS:   53333369 HIT:   52705199 MISS:     628170 MSHR_MERGE:      96808
cpu0->cpu0_DTLB RFO          ACCESS:          0 HIT:          0 MISS:          0 MSHR_MERGE:          0
cpu0->cpu0_DTLB PREFETCH     ACCESS:          0 HIT:          0 MISS:          0 MSHR_MERGE:          0
cpu0->cpu0_DTLB WRITE        ACCESS:          0 HIT:          0 MISS:          0 MSHR_MERGE:          0
cpu0->cpu0_DTLB TRANSLATION  ACCESS:          0 HIT:          0 MISS:          0 MSHR_MERGE:          0
cpu0->cpu0_DTLB PREFETCH REQUESTED:          0 ISSUED:          0 USEFUL:          0 USELESS:          0
cpu0->cpu0_DTLB AVERAGE MISS LATENCY: 120.6 cycles
cpu0->LLC TOTAL        ACCESS:    2914040 HIT:    1319783 MISS:    1594257 MSHR_MERGE:          0
cpu0->LLC LOAD         ACCESS:    1925158 HIT:     346927 MISS:    1578231 MSHR_MERGE:          0
cpu0->LLC RFO          ACCESS:          0 HIT:          0 MISS:          0 MSHR_MERGE:          0
cpu0->LLC PREFETCH     ACCESS:          0 HIT:          0 MISS:          0 MSHR_MERGE:          0
cpu0->LLC WRITE        ACCESS:     972067 HIT:     971882 MISS:        185 MSHR_MERGE:          0
cpu0->LLC TRANSLATION  ACCESS:      16815 HIT:        974 MISS:      15841 MSHR_MERGE:          0
cpu0->LLC PREFETCH REQUESTED:          0 ISSUED:          0 USEFUL:          0 USELESS:          0
cpu0->LLC AVERAGE MISS LATENCY: 2926 cycles
cpu1->LLC TOTAL        ACCESS:    2916651 HIT:    1320906 MISS:    1595745 MSHR_MERGE:          0
cpu1->LLC LOAD         ACCESS:    1926830 HIT:     347122 MISS:    1579708 MSHR_MERGE:          0
cpu1->LLC RFO          ACCESS:          0 HIT:          0 MISS:          0 MSHR_MERGE:          0
cpu1->LLC PREFETCH     ACCESS:          0 HIT:          0 MISS:          0 MSHR_MERGE:          0
cpu1->LLC WRITE        ACCESS:     972922 HIT:     972746 MISS:        176 MSHR_MERGE:          0
cpu1->LLC TRANSLATION  ACCESS:      16899 HIT:       1038 MISS:      15861 MSHR_MERGE:          0
cpu1->LLC PREFETCH REQUESTED:          0 ISSUED:          0 USEFUL:          0 USELESS:          0
cpu1->LLC AVERAGE MISS LATENCY: 2923 cycles
cpu2->LLC TOTAL        ACCESS:    2913349 HIT:    1318942 MISS:    1594407 MSHR_MERGE:          0
cpu2->LLC LOAD         ACCESS:    1924767 HIT:     346396 MISS:    1578371 MSHR_MERGE:          0
cpu2->LLC RFO          ACCESS:          0 HIT:          0 MISS:          0 MSHR_MERGE:          0
cpu2->LLC PREFETCH     ACCESS:          0 HIT:          0 MISS:          0 MSHR_MERGE:          0
cpu2->LLC WRITE        ACCESS:     971785 HIT:     971594 MISS:        191 MSHR_MERGE:          0
cpu2->LLC TRANSLATION  ACCESS:      16797 HIT:        952 MISS:      15845 MSHR_MERGE:          0
cpu2->LLC PREFETCH REQUESTED:          0 ISSUED:          0 USEFUL:          0 USELESS:          0
cpu2->LLC AVERAGE MISS LATENCY: 2926 cycles
cpu3->LLC TOTAL        ACCESS:    2914476 HIT:    1319550 MISS:    1594926 MSHR_MERGE:          0
cpu3->LLC LOAD         ACCESS:    1925414 HIT:     346498 MISS:    1578916 MSHR_MERGE:          0
cpu3->LLC RFO          ACCESS:          0 HIT:          0 MISS:          0 MSHR_MERGE:          0
cpu3->LLC PREFETCH     ACCESS:          0 HIT:          0 MISS:          0 MSHR_MERGE:          0
cpu3->LLC WRITE        ACCESS:     972249 HIT:     972071 MISS:        178 MSHR_MERGE:          0
cpu3->LLC TRANSLATION  ACCESS:      16813 HIT:        981 MISS:      15832 MSHR_MERGE:          0
cpu3->LLC PREFETCH REQUESTED:          0 ISSUED:          0 USEFUL:          0 USELESS:          0
cpu3->LLC AVERAGE MISS LATENCY: 2925 cycles
cpu4->LLC TOTAL        ACCESS:    2914475 HIT:    1319619 MISS:    1594856 MSHR_MERGE:          0
cpu4->LLC LOAD         ACCESS:    1925446 HIT:     346636 MISS:    1578810 MSHR_MERGE:          0
cpu4->LLC RFO          ACCESS:          0 HIT:          0 MISS:          0 MSHR_MERGE:          0
cpu4->LLC PREFETCH     ACCESS:          0 HIT:          0 MISS:          0 MSHR_MERGE:          0
cpu4->LLC WRITE        ACCESS:     972231 HIT:     972028 MISS:        203 MSHR_MERGE:          0
cpu4->LLC TRANSLATION  ACCESS:      16798 HIT:        955 MISS:      15843 MSHR_MERGE:          0
cpu4->LLC PREFETCH REQUESTED:          0 ISSUED:          0 USEFUL:          0 USELESS:          0
cpu4->LLC AVERAGE MISS LATENCY: 2925 cycles
cpu5->LLC TOTAL        ACCESS:    2912271 HIT:    1317561 MISS:    1594710 MSHR_MERGE:          0
cpu5->LLC LOAD         ACCESS:    1923993 HIT:     345316 MISS:    1578677 MSHR_MERGE:          0
cpu5->LLC RFO          ACCESS:          0 HIT:          0 MISS:          0 MSHR_MERGE:          0
cpu5->LLC PREFETCH     ACCESS:          0 HIT:          0 MISS:          0 MSHR_MERGE:          0
cpu5->LLC WRITE        ACCESS:     971517 HIT:     971301 MISS:        216 MSHR_MERGE:          0
cpu5->LLC TRANSLATION  ACCESS:      16761 HIT:        944 MISS:      15817 MSHR_MERGE:          0
cpu5->LLC PREFETCH REQUESTED:          0 ISSUED:          0 USEFUL:          0 USELESS:          0
cpu5->LLC AVERAGE MISS LATENCY: 2925 cycles
cpu6->LLC TOTAL        ACCESS:    2915128 HIT:    1319845 MISS:    1595283 MSHR_MERGE:          0
cpu6->LLC LOAD         ACCESS:    1925842 HIT:     346593 MISS:    1579249 MSHR_MERGE:          0
cpu6->LLC RFO          ACCESS:          0 HIT:          0 MISS:          0 MSHR_MERGE:          0
cpu6->LLC PREFETCH     ACCESS:          0 HIT:          0 MISS:          0 MSHR_MERGE:          0
cpu6->LLC WRITE        ACCESS:     972519 HIT:     972330 MISS:        189 MSHR_MERGE:          0
cpu6->LLC TRANSLATION  ACCESS:      16767 HIT:        922 MISS:      15845 MSHR_MERGE:          0
cpu6->LLC PREFETCH REQUESTED:          0 ISSUED:          0 USEFUL:          0 USELESS:          0
cpu6->LLC AVERAGE MISS LATENCY: 2924 cycles
cpu7->LLC TOTAL        ACCESS:    2915826 HIT:    1320881 MISS:    1594945 MSHR_MERGE:          0
cpu7->LLC LOAD         ACCESS:    1926336 HIT:     347420 MISS:    1578916 MSHR_MERGE:          0
cpu7->LLC RFO          ACCESS:          0 HIT:          0 MISS:          0 MSHR_MERGE:          0
cpu7->LLC PREFETCH     ACCESS:          0 HIT:          0 MISS:          0 MSHR_MERGE:          0
cpu7->LLC WRITE        ACCESS:     972699 HIT:     972532 MISS:        167 MSHR_MERGE:          0
cpu7->LLC TRANSLATION  ACCESS:      16791 HIT:        929 MISS:      15862 MSHR_MERGE:          0
cpu7->LLC PREFETCH REQUESTED:          0 ISSUED:          0 USEFUL:          0 USELESS:          0
cpu7->LLC AVERAGE MISS LATENCY: 2925 cycles

DRAM Statistics

Channel 0 READ REQS:    6379011	WRITE REQS:    3888988
  READS:    6379003	READ_HITS:      28096
  WRITES:    3888956	WRITE HITS:       7675
  ACTIVATES:   10232191	PRECHARGES:   10232164
  RQ FULL:          0	WQ FULL:       1708
  WRITE DRAINS:      94279	FORCED:      59344
  MEAN WRITE IMBALANCE: 2.4822601003404787
  READ OCCU PRE DRAIN: 4.480976675611748	POST DRAIN: 11.681944017225469
  READ LATENCY: 88.40315704507428

Channel 1 READ REQS:    6378613	WRITE REQS:    3889055
  READS:    6378611	READ_HITS:      30090
  WRITES:    3889031	WRITE HITS:       7992
  ACTIVATES:   10229560	PRECHARGES:   10229531
  RQ FULL:          0	WQ FULL:       1574
  WRITE DRAINS:      93895	FORCED:      59895
  MEAN WRITE IMBALANCE: 2.489163427232547
  READ OCCU PRE DRAIN: 4.478385430534107	POST DRAIN: 11.77092496938069
  READ LATENCY: 88.24940774723525
