---------------------------------------
Begin Slurm Prolog: Apr-08-2025 22:48:04
Job ID:    3678314
User ID:   svittal8
Account:   gts-mqureshi4-rg
Job name:  wrap
Partition: cpu-small
QOS:       inferno
---------------------------------------
[VMEM] WARNING: physical memory size is smaller than virtual memory size.

*** ChampSim Multicore Out-of-Order Simulator ***
Warmup Instructions: 25000000
Simulation Instructions: 100000000
Number of CPUs: 8
Page size: 2097152

initializing BARD -- num sampled sets: 64, modulus = 256
CL :	 16.64 ns
CWL :	 15.808 ns
tRP :	 16.224 ns
tRCD :	 16.224 ns
tRAS :	 32.032000000000004 ns
tRTP :	 7.904 ns
tWR :	 30.368000000000002 ns

tCCD_S :	 3.3280000000000003 ns
tCCD_S_WR :	 3.3280000000000003 ns
tCCD_S_WTR :	 22.048000000000002 ns
tCCD_L :	 5.408 ns
tCCD_L_WR :	 20.384 ns
tCCD_L_WTR :	 29.536 ns
tRRD_S :	 3.3280000000000003 ns
tRRD_L :	 5.408 ns
tFAW :	 13.728 ns
Address mapping (perm = 1) 	ch co bg bg bg ba ba co co co co co co ro ro ro ro ro ro ro ro ro ro ro ro ro ro ro 
dram queue size: R = 64 W = 48 (low:high is 8:48)
num evicts: 0, p: 0, s: 0 	 max proactive lookup: 16, max shadow lookup: 16
	evict counters: 128 128 128 128 128 128 128 128 128 128 128 128 128 128 128 128
	eager counters: 128 128 128 128 128 128 128 128 128 128 128 128 128 128 128 128
num evicts: 100000, p: 608, s: 0 	 max proactive lookup: 16, max shadow lookup: 16
	evict counters: 154 116 136 147 148 110 82 139 132 140 135 132 102 134 135 131
	eager counters: 129 128 128 128 128 128 128 128 128 128 128 128 128 128 128 128
num evicts: 200000, p: 964, s: 0 	 max proactive lookup: 16, max shadow lookup: 16
	evict counters: 182 151 94 168 161 101 100 119 105 151 112 137 110 81 111 106
	eager counters: 132 128 128 128 128 128 129 128 128 128 128 128 128 128 128 128
num evicts: 300000, p: 1340, s: 0 	 max proactive lookup: 16, max shadow lookup: 16
	evict counters: 202 172 109 184 182 111 115 95 113 121 124 141 117 88 87 110
	eager counters: 132 128 128 128 128 128 129 128 128 128 128 128 128 128 128 128
num evicts: 400000, p: 1727, s: 0 	 max proactive lookup: 16, max shadow lookup: 16
	evict counters: 228 194 100 163 199 93 81 82 91 104 130 88 125 16 92 113
	eager counters: 133 128 128 128 129 128 129 128 128 128 128 129 129 128 128 128
num evicts: 500000, p: 2174, s: 0 	 max proactive lookup: 16, max shadow lookup: 16
	evict counters: 255 214 120 184 229 111 92 100 105 90 138 100 131 23 80 121
	eager counters: 133 128 128 130 129 129 129 128 128 128 128 129 129 128 128 128
num evicts: 600000, p: 2605, s: 0 	 max proactive lookup: 16, max shadow lookup: 16
	evict counters: 255 233 139 207 251 130 104 121 122 105 114 113 134 32 68 124
	eager counters: 133 128 128 130 129 129 129 128 128 128 128 129 129 128 128 128
num evicts: 700000, p: 3143, s: 0 	 max proactive lookup: 16, max shadow lookup: 16
	evict counters: 255 255 169 238 198 150 122 141 109 91 125 123 84 33 60 97
	eager counters: 135 128 130 132 130 130 130 129 128 128 128 129 129 128 128 128
num evicts: 800000, p: 3627, s: 0 	 max proactive lookup: 16, max shadow lookup: 16
	evict counters: 255 255 189 255 165 176 134 156 119 85 138 138 92 40 68 107
	eager counters: 137 128 130 134 130 130 130 129 128 129 128 129 129 128 128 128
num evicts: 900000, p: 4184, s: 0 	 max proactive lookup: 16, max shadow lookup: 16
	evict counters: 255 255 206 255 182 186 156 125 128 75 55 146 103 46 60 66
	eager counters: 138 129 130 134 131 130 131 130 129 129 128 129 130 128 128 128
num evicts: 1000000, p: 4748, s: 0 	 max proactive lookup: 16, max shadow lookup: 16
	evict counters: 255 224 219 255 195 157 171 106 109 87 51 156 88 40 68 73
	eager counters: 138 129 130 134 131 131 131 130 129 129 128 129 130 128 128 128
num evicts: 1100000, p: 5283, s: 0 	 max proactive lookup: 16, max shadow lookup: 16
	evict counters: 255 252 235 255 219 135 186 90 43 99 59 172 59 49 76 65
	eager counters: 138 129 130 134 131 132 131 130 129 129 128 129 130 128 128 128
num evicts: 1200000, p: 5837, s: 0 	 max proactive lookup: 16, max shadow lookup: 16
	evict counters: 255 255 252 255 234 149 205 103 56 112 63 186 69 66 68 61
	eager counters: 138 129 131 135 131 133 132 130 129 129 128 129 130 128 128 128
num evicts: 1300000, p: 6380, s: 0 	 max proactive lookup: 16, max shadow lookup: 16
	evict counters: 255 255 255 206 251 167 227 114 66 127 75 200 82 81 78 74
	eager counters: 138 130 131 137 131 133 132 130 129 130 128 129 130 128 128 128
num evicts: 1400000, p: 6899, s: 0 	 max proactive lookup: 16, max shadow lookup: 16
	evict counters: 255 255 255 173 255 183 249 135 85 138 97 209 92 88 86 51
	eager counters: 138 131 131 137 131 133 132 130 129 130 128 129 130 128 128 128
num evicts: 1500000, p: 7466, s: 0 	 max proactive lookup: 16, max shadow lookup: 16
	evict counters: 255 255 255 153 255 203 255 153 99 89 112 225 107 101 99 60
	eager counters: 139 131 132 138 131 133 132 131 129 131 130 129 130 128 128 128
num evicts: 1600000, p: 7971, s: 0 	 max proactive lookup: 16, max shadow lookup: 16
	evict counters: 255 255 255 125 255 215 255 167 109 104 92 132 118 109 106 25
	eager counters: 139 132 134 138 132 133 132 131 129 131 131 130 130 128 128 128
num evicts: 1700000, p: 8585, s: 0 	 max proactive lookup: 16, max shadow lookup: 16
	evict counters: 255 255 204 110 197 227 255 184 118 115 63 145 125 94 119 29
	eager counters: 141 132 134 138 133 133 132 131 129 131 131 130 130 129 128 128
num evicts: 1800000, p: 9193, s: 0 	 max proactive lookup: 16, max shadow lookup: 16
	evict counters: 255 255 218 122 168 239 209 191 131 93 72 159 132 103 125 33
	eager counters: 142 132 134 138 133 133 132 131 129 131 131 130 130 129 128 128
num evicts: 1900000, p: 10001, s: 0 	 max proactive lookup: 16, max shadow lookup: 16
	evict counters: 255 255 233 144 180 252 214 200 146 108 86 168 139 113 142 40
	eager counters: 144 133 135 139 133 134 132 131 129 131 131 130 130 129 128 128
num evicts: 2000000, p: 10882, s: 0 	 max proactive lookup: 16, max shadow lookup: 16
	evict counters: 255 198 255 160 147 255 175 164 92 124 91 186 149 69 150 37
	eager counters: 145 133 138 139 135 135 133 131 129 131 132 131 130 129 128 128
num evicts: 2100000, p: 11576, s: 0 	 max proactive lookup: 16, max shadow lookup: 16
	evict counters: 255 217 255 185 168 255 187 138 108 136 106 200 115 83 154 37
	eager counters: 146 133 140 139 135 136 133 134 129 131 132 131 130 129 128 128
num evicts: 2200000, p: 11940, s: 0 	 max proactive lookup: 16, max shadow lookup: 16
	evict counters: 255 241 255 199 145 255 206 154 120 150 122 213 126 95 125 45
	eager counters: 147 134 140 140 135 138 133 134 129 131 132 131 130 129 128 128
num evicts: 2300000, p: 12279, s: 0 	 max proactive lookup: 16, max shadow lookup: 16
	evict counters: 255 255 255 224 167 255 231 170 143 166 106 231 84 80 80 53
	eager counters: 147 134 140 140 137 138 133 134 130 131 132 131 130 129 128 128
num evicts: 2400000, p: 12667, s: 0 	 max proactive lookup: 16, max shadow lookup: 16
	evict counters: 255 255 255 203 186 255 248 147 163 179 73 183 73 66 94 55
	eager counters: 147 134 140 140 137 138 134 134 130 131 132 131 130 129 128 128
num evicts: 2500000, p: 13108, s: 0 	 max proactive lookup: 16, max shadow lookup: 16
	evict counters: 255 255 150 220 151 199 255 121 181 115 65 188 86 45 86 60
	eager counters: 148 134 140 140 137 138 134 134 131 131 132 131 130 129 128 128
num evicts: 2600000, p: 13535, s: 0 	 max proactive lookup: 16, max shadow lookup: 16
	evict counters: 255 255 131 238 167 222 255 107 116 126 78 201 75 53 96 50
	eager counters: 150 135 140 140 137 138 134 134 131 131 132 131 130 129 128 128
num evicts: 2700000, p: 14044, s: 0 	 max proactive lookup: 16, max shadow lookup: 16
	evict counters: 255 255 147 153 192 237 198 118 133 136 96 157 65 67 103 44
	eager counters: 151 136 140 140 138 138 134 134 132 131 132 131 130 129 128 128
num evicts: 2800000, p: 14519, s: 0 	 max proactive lookup: 16, max shadow lookup: 16
	evict counters: 255 255 173 95 216 254 214 98 111 150 113 164 78 75 116 41
	eager counters: 151 136 142 140 139 138 135 134 133 131 132 131 130 129 129 128
num evicts: 2900000, p: 15001, s: 0 	 max proactive lookup: 16, max shadow lookup: 16
	evict counters: 255 255 193 110 232 255 226 79 68 158 73 103 54 60 121 45
	eager counters: 151 136 142 140 140 138 135 134 133 131 132 131 130 129 129 128
num evicts: 3000000, p: 15513, s: 0 	 max proactive lookup: 16, max shadow lookup: 16
	evict counters: 255 255 224 128 195 255 238 94 63 172 69 118 67 65 128 54
	eager counters: 151 136 144 142 142 139 135 135 133 131 132 131 131 129 129 128
num evicts: 3100000, p: 16058, s: 0 	 max proactive lookup: 16, max shadow lookup: 16
	evict counters: 255 255 254 117 163 157 254 103 60 142 81 129 60 44 107 64
	eager counters: 151 137 144 142 143 139 135 135 134 132 132 131 131 129 129 128
num evicts: 3200000, p: 16551, s: 0 	 max proactive lookup: 16, max shadow lookup: 16
	evict counters: 255 255 193 110 190 172 255 98 44 151 90 105 74 44 69 68
	eager counters: 151 139 144 143 144 139 135 135 136 132 133 131 131 129 129 128
num evicts: 3300000, p: 17012, s: 0 	 max proactive lookup: 16, max shadow lookup: 16
	evict counters: 255 255 218 126 202 196 117 113 46 161 74 114 65 30 74 75
	eager counters: 151 139 144 143 144 139 135 135 136 132 133 131 131 129 129 128
num evicts: 3400000, p: 17589, s: 0 	 max proactive lookup: 16, max shadow lookup: 16
	evict counters: 255 255 238 146 214 209 53 127 42 175 53 125 45 29 66 66
	eager counters: 151 140 146 143 144 139 136 136 138 132 133 131 131 129 129 128
num evicts: 3500000, p: 18159, s: 0 	 max proactive lookup: 16, max shadow lookup: 16
	evict counters: 255 255 198 167 223 228 56 108 47 138 46 133 65 38 59 61
	eager counters: 151 140 147 143 144 139 136 136 138 133 133 132 131 129 129 128
num evicts: 3600000, p: 18665, s: 0 	 max proactive lookup: 16, max shadow lookup: 16
	evict counters: 255 255 221 177 179 246 74 123 60 158 55 110 50 50 67 70
	eager counters: 151 140 149 143 144 139 136 137 138 133 134 133 131 129 129 128
num evicts: 3700000, p: 19212, s: 0 	 max proactive lookup: 16, max shadow lookup: 16
	evict counters: 255 255 237 154 202 255 50 103 77 127 67 97 59 55 59 59
	eager counters: 153 140 150 146 145 139 136 137 139 133 134 133 131 129 129 128
num evicts: 3800000, p: 19719, s: 0 	 max proactive lookup: 16, max shadow lookup: 16
	evict counters: 255 255 254 174 223 255 55 116 89 142 58 105 53 49 52 66
	eager counters: 154 141 151 149 146 140 137 138 140 135 136 134 131 129 129 128
num evicts: 3900000, p: 20246, s: 0 	 max proactive lookup: 16, max shadow lookup: 16
	evict counters: 255 255 255 205 235 255 75 106 105 90 40 117 65 52 60 55
	eager counters: 155 142 151 149 147 141 137 139 140 136 136 135 131 129 129 128
num evicts: 4000000, p: 20788, s: 0 	 max proactive lookup: 16, max shadow lookup: 16
	evict counters: 255 255 255 229 252 194 68 122 118 94 31 127 77 63 67 57
	eager counters: 156 142 153 150 148 142 138 139 140 136 136 135 132 129 129 128
Heartbeat CPU 0 instructions: 10000003 cycles: 4644701 heartbeat IPC: 2.153 cumulative IPC: 2.153 (Simulation time: 00 hr 10 min 37 sec)
Heartbeat CPU 1 instructions: 10000003 cycles: 4719215 heartbeat IPC: 2.119 cumulative IPC: 2.119 (Simulation time: 00 hr 10 min 47 sec)
num evicts: 4100000, p: 21381, s: 0 	 max proactive lookup: 16, max shadow lookup: 16
	evict counters: 255 255 255 255 255 222 79 106 134 109 41 138 70 72 43 42
	eager counters: 156 142 153 152 148 143 138 140 141 136 136 135 132 129 129 128
Heartbeat CPU 2 instructions: 10000003 cycles: 4757976 heartbeat IPC: 2.102 cumulative IPC: 2.102 (Simulation time: 00 hr 10 min 52 sec)
Heartbeat CPU 3 instructions: 10000002 cycles: 4791885 heartbeat IPC: 2.087 cumulative IPC: 2.087 (Simulation time: 00 hr 10 min 57 sec)
Heartbeat CPU 4 instructions: 10000003 cycles: 4809666 heartbeat IPC: 2.079 cumulative IPC: 2.079 (Simulation time: 00 hr 11 min 00 sec)
Heartbeat CPU 5 instructions: 10000004 cycles: 4834798 heartbeat IPC: 2.068 cumulative IPC: 2.068 (Simulation time: 00 hr 11 min 03 sec)
Heartbeat CPU 6 instructions: 10000003 cycles: 4847808 heartbeat IPC: 2.063 cumulative IPC: 2.063 (Simulation time: 00 hr 11 min 05 sec)
num evicts: 4200000, p: 21980, s: 0 	 max proactive lookup: 16, max shadow lookup: 16
	evict counters: 255 255 255 255 255 238 99 123 149 122 53 114 78 80 56 48
	eager counters: 156 142 154 152 148 143 138 140 141 136 136 135 132 129 129 128
Heartbeat CPU 7 instructions: 10000003 cycles: 4863731 heartbeat IPC: 2.056 cumulative IPC: 2.056 (Simulation time: 00 hr 11 min 07 sec)
num evicts: 4300000, p: 22677, s: 0 	 max proactive lookup: 16, max shadow lookup: 16
	evict counters: 255 255 255 255 255 255 83 142 161 141 62 95 51 98 56 56
	eager counters: 157 143 155 152 148 143 138 142 143 138 137 135 132 129 129 128
num evicts: 4400000, p: 23333, s: 0 	 max proactive lookup: 16, max shadow lookup: 16
	evict counters: 255 255 255 255 255 255 96 158 173 92 70 114 64 107 69 65
	eager counters: 157 144 156 154 149 143 138 142 144 138 138 135 132 129 129 129
num evicts: 4500000, p: 23875, s: 0 	 max proactive lookup: 16, max shadow lookup: 16
	evict counters: 255 255 255 192 255 199 85 132 192 84 78 124 59 118 79 74
	eager counters: 158 144 159 155 149 144 140 142 144 139 139 135 132 129 129 129
num evicts: 4600000, p: 24205, s: 0 	 max proactive lookup: 16, max shadow lookup: 16
	evict counters: 255 255 255 212 255 159 82 149 154 70 94 139 70 123 72 89
	eager counters: 159 144 160 156 149 144 141 142 144 139 139 135 132 129 129 129
num evicts: 4700000, p: 24526, s: 0 	 max proactive lookup: 16, max shadow lookup: 16
	evict counters: 255 255 255 177 255 177 80 165 170 87 107 151 63 134 82 72
	eager counters: 160 144 160 156 149 144 143 142 144 140 140 135 132 129 129 129
num evicts: 4800000, p: 24858, s: 0 	 max proactive lookup: 16, max shadow lookup: 16
	evict counters: 255 255 255 199 209 200 94 133 139 109 119 165 72 145 52 49
	eager counters: 163 144 160 156 149 144 143 142 144 140 140 135 132 129 129 129
num evicts: 4900000, p: 25208, s: 0 	 max proactive lookup: 16, max shadow lookup: 16
	evict counters: 255 255 255 220 229 210 102 115 152 120 141 177 47 121 36 45
	eager counters: 164 144 160 156 149 145 143 143 144 140 140 135 132 129 129 129
num evicts: 5000000, p: 25612, s: 0 	 max proactive lookup: 16, max shadow lookup: 16
	evict counters: 255 255 255 188 255 227 118 128 165 147 156 190 57 133 36 55
	eager counters: 165 144 161 156 149 145 143 144 144 140 140 135 132 129 129 129
num evicts: 5100000, p: 26061, s: 0 	 max proactive lookup: 16, max shadow lookup: 16
	evict counters: 255 255 255 208 255 246 138 90 182 164 168 201 69 141 46 64
	eager counters: 165 144 162 156 149 145 143 144 144 140 140 135 132 129 129 129
num evicts: 5200000, p: 26549, s: 0 	 max proactive lookup: 16, max shadow lookup: 16
	evict counters: 255 255 255 226 155 153 160 69 207 177 141 213 80 149 42 73
	eager counters: 165 145 164 156 149 145 144 145 144 140 142 135 132 129 129 129
num evicts: 5300000, p: 27057, s: 0 	 max proactive lookup: 16, max shadow lookup: 16
	evict counters: 255 255 255 142 179 99 179 85 166 121 154 220 59 161 41 81
	eager counters: 166 145 164 156 151 146 144 145 144 141 142 135 132 129 129 129
num evicts: 5400000, p: 27622, s: 0 	 max proactive lookup: 16, max shadow lookup: 16
	evict counters: 255 255 255 131 198 31 199 44 144 133 130 169 51 132 51 89
	eager counters: 166 145 164 157 152 146 145 145 144 142 142 135 132 129 129 129
num evicts: 5500000, p: 28231, s: 0 	 max proactive lookup: 16, max shadow lookup: 16
	evict counters: 255 255 152 154 175 35 127 64 91 109 140 184 60 63 66 100
	eager counters: 167 145 164 157 152 148 145 145 144 143 142 135 132 129 129 129
num evicts: 5600000, p: 28731, s: 0 	 max proactive lookup: 16, max shadow lookup: 16
	evict counters: 255 255 176 173 152 62 138 45 107 92 144 155 69 49 55 113
	eager counters: 168 146 165 157 153 149 146 145 145 143 143 135 132 129 129 129
num evicts: 5700000, p: 29290, s: 0 	 max proactive lookup: 16, max shadow lookup: 16
	evict counters: 255 255 197 191 184 82 156 62 122 87 168 161 79 17 68 119
	eager counters: 170 146 166 158 153 150 147 145 145 145 143 135 132 129 129 129
num evicts: 5800000, p: 29805, s: 0 	 max proactive lookup: 16, max shadow lookup: 16
	evict counters: 255 197 226 208 204 95 171 80 134 78 183 131 73 30 59 76
	eager counters: 170 147 167 158 154 151 148 145 145 145 143 135 132 129 129 129
num evicts: 5900000, p: 30336, s: 0 	 max proactive lookup: 16, max shadow lookup: 16
	evict counters: 255 216 252 223 222 112 182 96 107 90 197 148 81 35 45 85
	eager counters: 171 147 167 158 154 152 148 145 145 145 144 135 132 129 129 129
num evicts: 6000000, p: 30829, s: 0 	 max proactive lookup: 16, max shadow lookup: 16
	evict counters: 255 244 255 244 240 74 198 112 69 78 156 122 94 27 40 97
	eager counters: 171 148 167 159 155 152 149 145 146 145 144 135 132 129 129 129
num evicts: 6100000, p: 31184, s: 0 	 max proactive lookup: 16, max shadow lookup: 16
	evict counters: 255 255 255 255 254 68 166 132 83 65 128 134 78 38 47 61
	eager counters: 171 149 168 160 155 153 150 145 146 145 144 135 132 129 129 129
num evicts: 6200000, p: 31483, s: 0 	 max proactive lookup: 16, max shadow lookup: 16
	evict counters: 255 255 255 202 255 50 130 153 56 79 108 142 88 55 44 40
	eager counters: 173 150 168 160 156 153 150 145 146 146 144 135 132 129 130 129
num evicts: 6300000, p: 31780, s: 0 	 max proactive lookup: 16, max shadow lookup: 16
	evict counters: 255 255 255 226 255 69 140 170 62 89 87 156 98 63 49 36
	eager counters: 174 150 168 160 156 153 150 145 146 146 144 136 132 129 130 129
num evicts: 6400000, p: 32088, s: 0 	 max proactive lookup: 16, max shadow lookup: 16
	evict counters: 255 255 255 255 255 84 157 143 83 101 82 168 111 60 56 49
	eager counters: 175 150 169 161 156 153 150 145 146 146 144 136 132 129 130 129
num evicts: 6500000, p: 32456, s: 0 	 max proactive lookup: 16, max shadow lookup: 16
	evict counters: 255 255 255 255 199 94 178 154 105 110 93 180 124 72 52 46
	eager counters: 175 152 169 161 157 153 150 146 147 146 144 136 132 129 130 129
num evicts: 6600000, p: 32879, s: 0 	 max proactive lookup: 16, max shadow lookup: 16
	evict counters: 255 255 255 255 212 111 196 168 123 99 78 196 134 82 56 45
	eager counters: 175 152 170 162 158 155 151 146 148 146 144 136 132 129 130 130
num evicts: 6700000, p: 33395, s: 0 	 max proactive lookup: 16, max shadow lookup: 16
	evict counters: 255 255 255 255 107 131 209 176 110 118 66 206 106 96 65 51
	eager counters: 175 154 171 162 158 155 151 146 148 147 144 137 132 129 130 130
num evicts: 6800000, p: 34008, s: 0 	 max proactive lookup: 16, max shadow lookup: 16
	evict counters: 255 255 255 255 121 91 168 189 127 105 80 124 57 110 75 28
	eager counters: 175 154 173 163 161 155 151 148 148 147 144 137 132 129 130 130
num evicts: 6900000, p: 34560, s: 0 	 max proactive lookup: 16, max shadow lookup: 16
	evict counters: 255 255 255 255 139 113 106 205 87 84 94 102 65 52 62 26
	eager counters: 176 155 173 163 162 156 151 148 149 147 144 137 132 129 130 130
num evicts: 7000000, p: 34913, s: 0 	 max proactive lookup: 16, max shadow lookup: 16
	evict counters: 255 255 196 255 161 97 121 219 83 72 84 50 30 49 56 30
	eager counters: 177 156 173 163 163 156 151 149 150 147 144 137 132 129 130 130
num evicts: 7100000, p: 35239, s: 0 	 max proactive lookup: 16, max shadow lookup: 16
	evict counters: 255 255 218 255 140 112 136 235 78 66 94 49 39 58 50 31
	eager counters: 177 157 173 163 164 156 152 149 150 147 144 137 132 129 130 130
num evicts: 7200000, p: 35626, s: 0 	 max proactive lookup: 16, max shadow lookup: 16
	evict counters: 255 255 239 111 95 96 151 198 104 55 104 47 25 50 58 35
	eager counters: 177 157 173 163 164 156 152 149 150 147 144 137 132 129 130 130
num evicts: 7300000, p: 36042, s: 0 	 max proactive lookup: 16, max shadow lookup: 16
	evict counters: 255 255 255 129 96 114 132 214 67 69 121 44 19 63 68 27
	eager counters: 177 158 173 163 165 156 153 149 150 147 144 137 132 129 130 130
num evicts: 7400000, p: 36471, s: 0 	 max proactive lookup: 16, max shadow lookup: 16
	evict counters: 255 255 255 154 86 132 146 178 88 80 131 42 26 74 60 17
	eager counters: 177 162 174 163 167 157 155 151 151 147 145 137 132 129 130 130
num evicts: 7500000, p: 36923, s: 0 	 max proactive lookup: 16, max shadow lookup: 16
	evict counters: 255 255 255 126 104 141 131 199 83 71 141 40 35 89 69 27
	eager counters: 177 162 174 163 167 157 155 151 151 147 145 137 132 130 130 130
num evicts: 7600000, p: 37333, s: 0 	 max proactive lookup: 16, max shadow lookup: 16
	evict counters: 255 255 255 156 123 152 148 220 101 62 149 43 38 99 60 35
	eager counters: 177 163 175 163 167 157 155 151 151 147 145 137 132 130 130 130
num evicts: 7700000, p: 37765, s: 0 	 max proactive lookup: 16, max shadow lookup: 16
	evict counters: 255 255 255 180 140 167 160 240 112 77 161 53 53 110 73 40
	eager counters: 178 164 175 164 168 157 156 151 151 147 145 137 132 130 130 130
num evicts: 7800000, p: 38264, s: 0 	 max proactive lookup: 16, max shadow lookup: 16
	evict counters: 255 255 255 199 158 183 184 147 100 96 176 57 44 120 82 53
	eager counters: 179 166 178 164 169 159 156 151 152 150 146 137 132 130 131 130
num evicts: 7900000, p: 38743, s: 0 	 max proactive lookup: 16, max shadow lookup: 16
	evict counters: 255 255 255 220 184 195 153 157 112 85 144 69 42 130 46 47
	eager counters: 180 166 178 165 170 159 156 151 152 150 146 137 132 130 132 130
num evicts: 8000000, p: 39236, s: 0 	 max proactive lookup: 16, max shadow lookup: 16
	evict counters: 255 255 255 238 149 214 95 169 123 94 90 58 54 79 33 21
	eager counters: 180 167 178 165 172 159 156 152 154 150 146 137 132 130 132 130
num evicts: 8100000, p: 39692, s: 0 	 max proactive lookup: 16, max shadow lookup: 16
	evict counters: 255 255 255 254 169 226 56 137 135 106 73 68 50 84 40 28
	eager counters: 180 167 179 165 172 159 157 152 154 150 146 137 132 130 132 130
num evicts: 8200000, p: 40193, s: 0 	 max proactive lookup: 16, max shadow lookup: 16
	evict counters: 255 255 255 255 183 244 76 119 144 115 84 77 68 98 47 24
	eager counters: 180 167 180 165 173 159 157 152 154 150 146 137 132 130 132 130
num evicts: 8300000, p: 40695, s: 0 	 max proactive lookup: 16, max shadow lookup: 16
	evict counters: 255 255 255 255 160 255 94 131 156 132 89 93 65 105 48 32
	eager counters: 180 167 180 165 173 159 159 152 154 150 146 138 132 130 132 130
num evicts: 8400000, p: 41191, s: 0 	 max proactive lookup: 16, max shadow lookup: 16
	evict counters: 255 255 255 196 179 255 111 144 171 148 83 105 77 124 59 42
	eager counters: 181 168 181 166 175 159 160 152 154 151 147 138 132 130 132 130
num evicts: 8500000, p: 41694, s: 0 	 max proactive lookup: 16, max shadow lookup: 16
	evict counters: 255 255 255 215 149 255 100 160 181 162 76 117 89 107 67 49
	eager counters: 181 169 181 166 176 160 160 152 155 151 148 139 132 130 133 130
num evicts: 8600000, p: 42245, s: 0 	 max proactive lookup: 16, max shadow lookup: 16
	evict counters: 255 255 255 237 138 194 124 132 196 137 93 128 103 118 82 43
	eager counters: 181 170 181 166 176 160 161 153 155 153 150 139 132 130 133 130
num evicts: 8700000, p: 42871, s: 0 	 max proactive lookup: 16, max shadow lookup: 16
	evict counters: 255 255 216 193 124 223 140 115 156 147 113 112 116 128 92 40
	eager counters: 183 170 182 166 176 160 161 153 155 153 150 139 132 130 133 130
num evicts: 8800000, p: 43517, s: 0 	 max proactive lookup: 16, max shadow lookup: 16
	evict counters: 255 219 245 208 148 236 112 101 175 162 127 125 134 105 96 53
	eager counters: 184 170 183 166 176 162 162 153 155 156 152 139 132 130 133 130
Heartbeat CPU 0 instructions: 20000004 cycles: 9788917 heartbeat IPC: 1.944 cumulative IPC: 2.043 (Simulation time: 00 hr 22 min 05 sec)
Heartbeat CPU 1 instructions: 20000004 cycles: 9855191 heartbeat IPC: 1.947 cumulative IPC: 2.029 (Simulation time: 00 hr 22 min 14 sec)
num evicts: 8900000, p: 44215, s: 0 	 max proactive lookup: 16, max shadow lookup: 16
	evict counters: 255 244 206 238 165 197 124 116 185 178 139 136 113 118 81 46
	eager counters: 185 172 183 166 178 163 164 153 155 158 153 139 132 130 133 130
Heartbeat CPU 2 instructions: 20000004 cycles: 9910760 heartbeat IPC: 1.941 cumulative IPC: 2.018 (Simulation time: 00 hr 22 min 22 sec)
Heartbeat CPU 3 instructions: 20000003 cycles: 9952828 heartbeat IPC: 1.938 cumulative IPC: 2.009 (Simulation time: 00 hr 22 min 27 sec)
num evicts: 9000000, p: 44912, s: 0 	 max proactive lookup: 16, max shadow lookup: 16
	evict counters: 255 255 170 254 179 219 148 108 201 190 119 85 101 94 71 15
	eager counters: 185 172 184 167 179 163 165 154 156 159 154 139 132 130 133 130
Heartbeat CPU 4 instructions: 20000004 cycles: 9986434 heartbeat IPC: 1.932 cumulative IPC: 2.003 (Simulation time: 00 hr 22 min 32 sec)
Heartbeat CPU 5 instructions: 20000008 cycles: 10021269 heartbeat IPC: 1.928 cumulative IPC: 1.996 (Simulation time: 00 hr 22 min 37 sec)
Heartbeat CPU 6 instructions: 20000004 cycles: 10039699 heartbeat IPC: 1.926 cumulative IPC: 1.992 (Simulation time: 00 hr 22 min 39 sec)
Heartbeat CPU 7 instructions: 20000004 cycles: 10055412 heartbeat IPC: 1.926 cumulative IPC: 1.989 (Simulation time: 00 hr 22 min 41 sec)
num evicts: 9100000, p: 45500, s: 0 	 max proactive lookup: 16, max shadow lookup: 16
	evict counters: 255 255 189 153 148 232 102 94 213 201 102 102 81 78 56 12
	eager counters: 186 172 185 168 179 163 165 154 156 159 154 139 132 130 133 130
num evicts: 9200000, p: 45951, s: 0 	 max proactive lookup: 16, max shadow lookup: 16
	evict counters: 255 255 162 173 171 144 87 85 224 215 70 108 93 92 70 19
	eager counters: 186 172 186 168 180 164 165 154 156 159 155 139 132 130 133 130
num evicts: 9300000, p: 46281, s: 0 	 max proactive lookup: 16, max shadow lookup: 16
	evict counters: 255 255 178 151 143 84 115 78 236 231 83 69 100 102 90 29
	eager counters: 186 173 186 169 180 164 166 155 156 159 155 139 132 131 133 130
num evicts: 9400000, p: 46617, s: 0 	 max proactive lookup: 16, max shadow lookup: 16
	evict counters: 255 255 199 177 157 101 104 71 187 241 90 63 108 112 99 33
	eager counters: 186 173 187 169 180 164 166 155 156 159 155 139 132 131 133 130
num evicts: 9500000, p: 47005, s: 0 	 max proactive lookup: 16, max shadow lookup: 16
	evict counters: 255 255 227 193 177 117 119 85 153 191 107 44 119 95 103 31
	eager counters: 186 173 188 169 180 164 166 155 156 159 155 139 132 131 133 130
num evicts: 9600000, p: 47420, s: 0 	 max proactive lookup: 16, max shadow lookup: 16
	evict counters: 255 255 244 209 195 144 132 106 134 204 120 53 127 103 113 31
	eager counters: 186 173 188 170 180 164 166 156 156 159 155 139 132 131 133 130
num evicts: 9700000, p: 47884, s: 0 	 max proactive lookup: 16, max shadow lookup: 16
	evict counters: 255 255 204 230 215 126 144 122 150 161 134 61 137 111 118 37
	eager counters: 188 173 190 171 180 164 168 156 156 159 156 139 133 131 133 130
num evicts: 9800000, p: 48365, s: 0 	 max proactive lookup: 16, max shadow lookup: 16
	evict counters: 255 255 218 244 232 140 158 76 169 133 144 58 146 126 126 45
	eager counters: 188 173 192 171 181 164 168 157 156 159 157 139 133 131 134 130
num evicts: 9900000, p: 48927, s: 0 	 max proactive lookup: 16, max shadow lookup: 16
	evict counters: 255 255 177 255 255 164 169 87 136 149 153 70 155 136 139 55
	eager counters: 189 174 192 173 181 164 168 158 156 159 157 139 133 131 134 130
num evicts: 10000000, p: 49462, s: 0 	 max proactive lookup: 16, max shadow lookup: 16
	evict counters: 255 255 202 255 255 181 184 110 116 125 131 80 130 146 155 62
	eager counters: 191 174 192 174 182 164 168 158 156 159 157 139 133 131 134 130
num evicts: 10100000, p: 50001, s: 0 	 max proactive lookup: 16, max shadow lookup: 16
	evict counters: 255 255 227 255 255 118 155 118 100 84 111 88 103 124 167 42
	eager counters: 191 175 193 175 183 164 169 159 156 160 158 139 133 131 134 130
num evicts: 10200000, p: 50555, s: 0 	 max proactive lookup: 16, max shadow lookup: 16
	evict counters: 255 255 249 255 255 107 136 99 63 85 51 103 87 59 136 47
	eager counters: 192 175 194 175 184 164 170 160 156 160 158 140 133 131 134 130
num evicts: 10300000, p: 51082, s: 0 	 max proactive lookup: 16, max shadow lookup: 16
	evict counters: 255 255 255 126 193 120 157 92 76 65 29 87 59 60 144 43
	eager counters: 192 176 195 175 184 164 170 161 156 160 158 141 133 131 134 130
num evicts: 10400000, p: 51605, s: 0 	 max proactive lookup: 16, max shadow lookup: 16
	evict counters: 255 255 255 153 161 70 177 49 52 62 43 101 56 41 91 53
	eager counters: 193 177 198 176 185 164 170 162 156 161 159 141 133 131 134 130
num evicts: 10500000, p: 52157, s: 0 	 max proactive lookup: 16, max shadow lookup: 16
	evict counters: 255 255 150 171 176 69 191 33 70 57 27 83 71 25 94 62
	eager counters: 194 179 199 176 185 164 170 162 156 162 159 141 133 131 134 130
num evicts: 10600000, p: 52697, s: 0 	 max proactive lookup: 16, max shadow lookup: 16
	evict counters: 255 255 169 192 192 90 151 37 63 54 40 69 49 35 84 49
	eager counters: 196 180 199 176 186 164 170 162 156 162 159 142 133 131 134 130
num evicts: 10700000, p: 53255, s: 0 	 max proactive lookup: 16, max shadow lookup: 16
	evict counters: 255 255 198 203 218 109 97 52 74 67 49 37 49 47 97 53
	eager counters: 198 181 199 176 186 165 170 162 157 162 159 142 133 131 134 130
num evicts: 10800000, p: 53848, s: 0 	 max proactive lookup: 16, max shadow lookup: 16
	evict counters: 255 255 227 167 183 129 122 51 56 63 64 46 35 55 64 49
	eager counters: 198 182 200 176 187 166 170 162 158 162 159 142 134 131 134 130
num evicts: 10900000, p: 54494, s: 0 	 max proactive lookup: 16, max shadow lookup: 16
	evict counters: 255 255 249 192 206 141 144 53 43 81 75 65 22 61 58 27
	eager counters: 199 182 200 177 189 166 172 163 159 162 160 142 134 131 134 130
num evicts: 11000000, p: 55092, s: 0 	 max proactive lookup: 16, max shadow lookup: 16
	evict counters: 255 255 255 216 227 123 125 71 50 93 90 82 23 41 67 35
	eager counters: 199 184 200 178 189 168 172 163 159 162 160 142 134 131 134 130
num evicts: 11100000, p: 55731, s: 0 	 max proactive lookup: 16, max shadow lookup: 16
	evict counters: 255 255 255 234 242 133 142 86 63 80 95 95 39 50 81 36
	eager counters: 200 185 201 178 190 169 172 164 160 162 161 142 134 131 134 131
Warmup finished CPU 0 instructions: 25000000 cycles: 12212835 cumulative IPC: 2.047 (Simulation time: 00 hr 27 min 31 sec)
Warmup finished CPU 1 instructions: 25000001 cycles: 12257336 cumulative IPC: 2.04 (Simulation time: 00 hr 27 min 37 sec)
Warmup finished CPU 2 instructions: 25000000 cycles: 12301670 cumulative IPC: 2.032 (Simulation time: 00 hr 27 min 44 sec)
num evicts: 11200000, p: 56324, s: 0 	 max proactive lookup: 16, max shadow lookup: 16
	evict counters: 255 255 255 252 255 146 157 84 72 92 110 103 41 57 71 43
	eager counters: 201 186 202 178 190 169 175 164 161 163 162 143 134 132 134 131
Warmup finished CPU 3 instructions: 25000003 cycles: 12334886 cumulative IPC: 2.027 (Simulation time: 00 hr 27 min 49 sec)
Warmup finished CPU 4 instructions: 25000003 cycles: 12368729 cumulative IPC: 2.021 (Simulation time: 00 hr 27 min 54 sec)
Warmup finished CPU 5 instructions: 25000003 cycles: 12397649 cumulative IPC: 2.017 (Simulation time: 00 hr 27 min 58 sec)
num evicts: 11300000, p: 56805, s: 0 	 max proactive lookup: 16, max shadow lookup: 16
	evict counters: 255 202 255 255 255 162 171 97 85 106 118 109 36 64 80 28
	eager counters: 202 186 203 179 191 170 175 165 161 163 162 143 134 132 134 131
Warmup finished CPU 6 instructions: 25000003 cycles: 12427908 cumulative IPC: 2.012 (Simulation time: 00 hr 28 min 02 sec)
Warmup finished CPU 7 instructions: 25000002 cycles: 12452815 cumulative IPC: 2.008 (Simulation time: 00 hr 28 min 06 sec)
Warmup complete CPU 7 instructions: 25000002 cycles: 12452815 cumulative IPC: 2.008 (Simulation time: 00 hr 28 min 06 sec)
Warmup complete CPU 6 instructions: 25099631 cycles: 12452815 cumulative IPC: 2.016 (Simulation time: 00 hr 28 min 06 sec)
Warmup complete CPU 5 instructions: 25220667 cycles: 12452815 cumulative IPC: 2.025 (Simulation time: 00 hr 28 min 06 sec)
Warmup complete CPU 4 instructions: 25318224 cycles: 12452815 cumulative IPC: 2.033 (Simulation time: 00 hr 28 min 06 sec)
Warmup complete CPU 3 instructions: 25419954 cycles: 12452815 cumulative IPC: 2.041 (Simulation time: 00 hr 28 min 06 sec)
Warmup complete CPU 2 instructions: 25489729 cycles: 12452815 cumulative IPC: 2.047 (Simulation time: 00 hr 28 min 06 sec)
Warmup complete CPU 1 instructions: 25601599 cycles: 12452815 cumulative IPC: 2.056 (Simulation time: 00 hr 28 min 06 sec)
Warmup complete CPU 0 instructions: 25771087 cycles: 12452815 cumulative IPC: 2.069 (Simulation time: 00 hr 28 min 06 sec)
num evicts: 11400000, p: 57180, s: 0 	 max proactive lookup: 16, max shadow lookup: 16
	evict counters: 255 220 255 255 255 137 188 111 75 117 134 125 33 71 85 17
	eager counters: 203 186 203 179 191 171 176 165 161 163 162 143 134 132 134 131
num evicts: 11500000, p: 57590, s: 0 	 max proactive lookup: 16, max shadow lookup: 16
	evict counters: 255 187 255 255 255 159 199 103 84 97 150 129 33 83 87 25
	eager counters: 203 187 203 181 191 172 176 165 161 163 162 143 134 132 134 131
num evicts: 11600000, p: 58061, s: 0 	 max proactive lookup: 16, max shadow lookup: 16
	evict counters: 255 164 255 255 255 178 210 119 99 106 124 138 49 96 69 39
	eager counters: 205 190 205 182 191 173 176 165 162 163 162 143 134 132 134 131
num evicts: 11700000, p: 58571, s: 0 	 max proactive lookup: 16, max shadow lookup: 16
	evict counters: 255 188 255 255 255 195 222 100 113 115 109 108 49 101 82 45
	eager counters: 205 191 205 183 191 173 176 167 162 163 163 143 134 133 134 131
num evicts: 11800000, p: 59142, s: 0 	 max proactive lookup: 16, max shadow lookup: 16
	evict counters: 255 214 255 255 255 207 179 116 95 98 128 91 56 112 63 41
	eager counters: 205 191 205 183 191 174 176 167 162 163 163 144 134 133 135 131
num evicts: 11900000, p: 59651, s: 0 	 max proactive lookup: 16, max shadow lookup: 16
	evict counters: 255 239 255 255 255 173 195 134 113 85 153 103 66 95 77 55
	eager counters: 205 191 205 184 192 174 176 168 162 163 164 144 134 134 135 131
num evicts: 12000000, p: 60139, s: 0 	 max proactive lookup: 16, max shadow lookup: 16
	evict counters: 255 255 255 255 255 191 212 112 98 73 127 90 57 102 92 61
	eager counters: 206 191 205 184 193 175 177 169 162 163 164 144 134 134 135 131
num evicts: 12100000, p: 60702, s: 0 	 max proactive lookup: 16, max shadow lookup: 16
	evict counters: 255 215 255 255 255 95 226 126 109 89 131 98 69 115 102 64
	eager counters: 206 191 205 185 193 176 177 169 162 163 164 144 134 134 135 131
num evicts: 12200000, p: 61287, s: 0 	 max proactive lookup: 16, max shadow lookup: 16
	evict counters: 255 239 255 255 255 107 238 140 125 108 113 104 78 123 121 74
	eager counters: 206 192 205 186 194 177 177 169 162 163 165 144 134 134 135 131
num evicts: 12300000, p: 61876, s: 0 	 max proactive lookup: 16, max shadow lookup: 16
	evict counters: 255 255 255 255 255 128 255 157 109 122 131 115 92 135 128 83
	eager counters: 206 195 206 187 195 177 177 170 162 163 166 145 134 134 135 131
num evicts: 12400000, p: 62426, s: 0 	 max proactive lookup: 16, max shadow lookup: 16
	evict counters: 255 255 255 255 195 116 255 170 122 137 144 129 101 146 139 86
	eager counters: 207 195 206 187 195 177 177 171 162 163 167 145 134 134 135 131
num evicts: 12500000, p: 62992, s: 0 	 max proactive lookup: 16, max shadow lookup: 16
	evict counters: 255 255 255 255 209 112 255 177 143 147 88 139 83 158 156 96
	eager counters: 207 195 207 188 195 178 177 172 164 165 167 146 135 134 135 131
num evicts: 12600000, p: 63580, s: 0 	 max proactive lookup: 16, max shadow lookup: 16
	evict counters: 255 255 255 255 174 133 255 145 154 156 99 146 94 164 123 60
	eager counters: 208 195 209 189 196 178 178 172 164 165 168 147 135 134 135 131
num evicts: 12700000, p: 64211, s: 0 	 max proactive lookup: 16, max shadow lookup: 16
	evict counters: 255 255 255 255 191 154 195 164 165 95 90 155 81 170 103 67
	eager counters: 211 197 210 190 197 180 178 173 164 166 169 147 135 134 136 131
num evicts: 12800000, p: 64864, s: 0 	 max proactive lookup: 16, max shadow lookup: 16
	evict counters: 255 255 255 255 128 172 127 175 134 105 102 168 69 179 111 60
	eager counters: 213 197 211 192 199 180 179 174 164 166 170 148 135 134 137 131
num evicts: 12900000, p: 65514, s: 0 	 max proactive lookup: 16, max shadow lookup: 16
	evict counters: 255 255 255 255 91 190 137 191 142 89 117 135 67 146 77 65
	eager counters: 214 199 212 193 199 180 179 175 164 166 170 148 135 135 137 131
num evicts: 13000000, p: 66200, s: 0 	 max proactive lookup: 16, max shadow lookup: 16
	evict counters: 255 255 255 255 107 205 120 204 158 100 102 143 80 89 46 56
	eager counters: 216 200 213 193 199 180 181 175 165 166 170 148 135 135 137 131
num evicts: 13100000, p: 66977, s: 0 	 max proactive lookup: 16, max shadow lookup: 16
	evict counters: 255 255 255 255 135 175 137 219 171 92 85 117 95 97 58 63
	eager counters: 217 201 213 194 200 181 181 175 166 166 170 148 135 135 137 131
num evicts: 13200000, p: 67663, s: 0 	 max proactive lookup: 16, max shadow lookup: 16
	evict counters: 255 255 255 255 155 192 150 235 176 113 96 130 78 105 67 53
	eager counters: 220 202 213 194 200 181 181 176 166 166 171 148 135 135 137 131
Heartbeat CPU 0 instructions: 30000006 cycles: 27739197 heartbeat IPC: 0.5571 cumulative IPC: 0.2766 (Simulation time: 00 hr 44 min 13 sec)
Heartbeat CPU 1 instructions: 30000006 cycles: 28490817 heartbeat IPC: 0.5366 cumulative IPC: 0.2742 (Simulation time: 00 hr 45 min 00 sec)
num evicts: 13300000, p: 68241, s: 0 	 max proactive lookup: 16, max shadow lookup: 16
	evict counters: 255 255 255 255 177 208 173 255 188 124 106 112 85 114 80 49
	eager counters: 221 203 214 194 201 181 181 176 166 166 171 148 135 135 137 131
Heartbeat CPU 2 instructions: 30000006 cycles: 28968937 heartbeat IPC: 0.5247 cumulative IPC: 0.2731 (Simulation time: 00 hr 45 min 30 sec)
Heartbeat CPU 3 instructions: 30000006 cycles: 29194512 heartbeat IPC: 0.5197 cumulative IPC: 0.2736 (Simulation time: 00 hr 45 min 44 sec)
num evicts: 13400000, p: 68666, s: 0 	 max proactive lookup: 16, max shadow lookup: 16
	evict counters: 255 255 255 255 196 225 186 255 204 102 119 118 103 117 91 58
	eager counters: 221 206 214 194 201 182 181 177 167 166 171 148 135 135 137 131
Heartbeat CPU 4 instructions: 30000006 cycles: 29525349 heartbeat IPC: 0.5118 cumulative IPC: 0.2742 (Simulation time: 00 hr 46 min 05 sec)
Heartbeat CPU 5 instructions: 30000010 cycles: 29645957 heartbeat IPC: 0.5096 cumulative IPC: 0.278 (Simulation time: 00 hr 46 min 12 sec)
Heartbeat CPU 6 instructions: 30000008 cycles: 29869706 heartbeat IPC: 0.5043 cumulative IPC: 0.2814 (Simulation time: 00 hr 46 min 26 sec)
Heartbeat CPU 7 instructions: 30000006 cycles: 29990582 heartbeat IPC: 0.5016 cumulative IPC: 0.2851 (Simulation time: 00 hr 46 min 34 sec)
num evicts: 13500000, p: 69056, s: 0 	 max proactive lookup: 16, max shadow lookup: 16
	evict counters: 255 255 255 255 214 240 198 255 214 42 131 102 112 98 76 65
	eager counters: 221 207 214 194 202 183 181 178 167 167 171 148 135 135 137 131
num evicts: 13600000, p: 69537, s: 0 	 max proactive lookup: 16, max shadow lookup: 16
	evict counters: 255 255 255 255 228 196 158 150 224 40 81 109 124 111 64 73
	eager counters: 223 208 215 194 202 183 181 178 168 167 171 148 135 135 137 131
num evicts: 13700000, p: 70005, s: 0 	 max proactive lookup: 16, max shadow lookup: 16
	evict counters: 255 255 255 195 248 212 176 159 176 54 96 71 105 114 57 85
	eager counters: 223 208 215 194 202 184 181 178 169 167 171 148 135 135 137 131
num evicts: 13800000, p: 70561, s: 0 	 max proactive lookup: 16, max shadow lookup: 16
	evict counters: 255 255 255 207 255 225 146 170 149 54 107 61 113 116 67 69
	eager counters: 224 210 215 195 202 185 181 178 170 167 171 148 135 135 137 131
num evicts: 13900000, p: 71220, s: 0 	 max proactive lookup: 16, max shadow lookup: 16
	evict counters: 255 255 255 221 255 243 123 189 159 26 100 69 125 70 60 59
	eager counters: 226 210 216 195 203 187 182 178 170 167 172 148 135 135 137 131
num evicts: 14000000, p: 71867, s: 0 	 max proactive lookup: 16, max shadow lookup: 16
	evict counters: 255 255 255 243 202 255 138 197 169 17 109 79 135 74 61 37
	eager counters: 229 210 217 197 205 187 183 178 170 167 172 148 135 135 137 131
num evicts: 14100000, p: 72496, s: 0 	 max proactive lookup: 16, max shadow lookup: 16
	evict counters: 255 255 255 197 221 255 149 214 146 31 120 89 153 69 65 36
	eager counters: 229 212 220 197 207 188 183 179 170 169 173 150 135 135 137 131
num evicts: 14200000, p: 73189, s: 0 	 max proactive lookup: 16, max shadow lookup: 16
	evict counters: 255 255 255 214 244 255 162 236 160 53 99 105 128 80 70 47
	eager counters: 230 212 220 198 207 188 183 180 170 169 173 150 135 135 137 131
num evicts: 14300000, p: 73862, s: 0 	 max proactive lookup: 16, max shadow lookup: 16
	evict counters: 255 255 255 238 255 255 134 254 181 69 82 94 79 71 61 57
	eager counters: 233 212 220 199 209 189 184 180 170 169 173 150 135 135 137 131
num evicts: 14400000, p: 74549, s: 0 	 max proactive lookup: 16, max shadow lookup: 16
	evict counters: 255 255 255 255 255 255 147 255 200 84 34 103 99 90 50 71
	eager counters: 234 214 223 199 210 189 185 180 170 169 174 150 135 135 137 131
num evicts: 14500000, p: 75248, s: 0 	 max proactive lookup: 16, max shadow lookup: 16
	evict counters: 255 255 255 255 255 205 166 192 219 76 39 89 82 103 42 62
	eager counters: 235 215 225 200 210 189 185 181 171 169 174 150 135 135 137 131
num evicts: 14600000, p: 75905, s: 0 	 max proactive lookup: 16, max shadow lookup: 16
	evict counters: 255 255 198 255 255 233 140 211 233 72 49 77 77 109 53 72
	eager counters: 236 216 225 204 210 189 185 181 171 170 175 150 136 135 137 131
num evicts: 14700000, p: 76531, s: 0 	 max proactive lookup: 16, max shadow lookup: 16
	evict counters: 255 255 170 255 255 255 152 234 185 87 63 84 68 91 61 82
	eager counters: 237 216 225 205 210 189 186 181 172 171 175 150 136 135 137 131
num evicts: 14800000, p: 77091, s: 0 	 max proactive lookup: 16, max shadow lookup: 16
	evict counters: 255 255 143 255 255 255 164 247 199 59 77 79 61 106 51 72
	eager counters: 237 216 225 205 210 189 186 181 172 171 175 150 136 135 137 131
num evicts: 14900000, p: 77627, s: 0 	 max proactive lookup: 16, max shadow lookup: 16
	evict counters: 255 255 120 255 255 212 143 193 161 79 90 68 57 116 61 83
	eager counters: 239 216 225 205 211 189 186 181 172 171 175 150 136 135 137 131
num evicts: 15000000, p: 78132, s: 0 	 max proactive lookup: 16, max shadow lookup: 16
	evict counters: 255 255 150 202 196 233 163 208 134 68 99 76 69 123 54 71
	eager counters: 243 218 226 205 211 191 187 181 173 172 175 150 136 135 137 131
num evicts: 15100000, p: 78645, s: 0 	 max proactive lookup: 16, max shadow lookup: 16
	evict counters: 255 255 173 174 224 255 188 221 149 79 84 73 79 130 51 77
	eager counters: 244 218 226 206 213 192 187 181 174 172 176 150 136 135 137 131
num evicts: 15200000, p: 79128, s: 0 	 max proactive lookup: 16, max shadow lookup: 16
	evict counters: 255 255 197 200 190 255 159 238 58 56 73 86 60 149 66 87
	eager counters: 244 219 226 207 215 192 187 182 174 172 176 150 136 135 137 131
num evicts: 15300000, p: 79417, s: 0 	 max proactive lookup: 16, max shadow lookup: 16
	evict counters: 255 255 215 221 206 255 173 255 77 70 80 102 66 156 78 94
	eager counters: 244 219 228 207 217 193 187 183 175 172 176 150 136 135 137 131
num evicts: 15400000, p: 79739, s: 0 	 max proactive lookup: 16, max shadow lookup: 16
	evict counters: 255 255 234 241 172 204 144 196 68 81 54 87 79 174 64 107
	eager counters: 245 219 228 207 217 193 187 183 175 172 176 151 136 135 137 131
num evicts: 15500000, p: 80139, s: 0 	 max proactive lookup: 16, max shadow lookup: 16
	evict counters: 255 255 255 255 145 222 116 208 70 96 49 97 88 183 71 112
	eager counters: 246 219 229 208 218 194 187 184 177 172 176 151 136 135 137 131
num evicts: 15600000, p: 80606, s: 0 	 max proactive lookup: 16, max shadow lookup: 16
	evict counters: 255 255 255 255 161 241 103 220 89 84 56 108 91 189 79 92
	eager counters: 246 219 229 208 219 194 187 184 178 172 176 152 136 135 137 131
num evicts: 15700000, p: 81137, s: 0 	 max proactive lookup: 16, max shadow lookup: 16
	evict counters: 255 255 255 255 183 255 117 234 107 95 62 119 86 197 89 98
	eager counters: 247 219 229 208 219 194 189 184 179 173 176 153 136 135 137 131
num evicts: 15800000, p: 81665, s: 0 	 max proactive lookup: 16, max shadow lookup: 16
	evict counters: 255 255 255 255 211 193 133 249 120 113 73 130 95 206 100 106
	eager counters: 247 220 229 209 220 194 190 185 179 174 176 153 136 135 137 131
num evicts: 15900000, p: 82265, s: 0 	 max proactive lookup: 16, max shadow lookup: 16
	evict counters: 255 255 208 255 226 209 113 194 137 129 86 106 111 219 106 114
	eager counters: 248 221 232 209 220 195 190 185 179 174 176 153 137 135 137 131
num evicts: 16000000, p: 82864, s: 0 	 max proactive lookup: 16, max shadow lookup: 16
	evict counters: 255 255 229 159 251 231 125 124 113 109 105 67 124 234 52 93
	eager counters: 249 223 232 210 221 195 190 185 179 174 176 153 137 135 138 131
num evicts: 16100000, p: 83410, s: 0 	 max proactive lookup: 16, max shadow lookup: 16
	evict counters: 255 255 249 109 255 150 108 87 96 89 121 63 99 245 21 83
	eager counters: 249 224 232 210 221 195 190 185 179 174 176 153 137 135 138 131
num evicts: 16200000, p: 83958, s: 0 	 max proactive lookup: 16, max shadow lookup: 16
	evict counters: 255 255 255 105 255 164 102 61 82 79 74 73 111 255 27 72
	eager counters: 250 224 233 211 221 195 191 185 179 174 176 153 137 135 138 131
num evicts: 16300000, p: 84588, s: 0 	 max proactive lookup: 16, max shadow lookup: 16
	evict counters: 255 255 255 94 255 180 92 44 97 73 89 87 77 255 25 62
	eager counters: 250 225 234 211 223 195 191 185 179 174 177 153 137 135 138 131
num evicts: 16400000, p: 85314, s: 0 	 max proactive lookup: 16, max shadow lookup: 16
	evict counters: 255 255 255 84 255 194 107 53 91 88 98 106 98 255 29 73
	eager counters: 250 226 234 213 224 195 191 185 181 175 178 153 137 136 138 131
num evicts: 16500000, p: 86057, s: 0 	 max proactive lookup: 16, max shadow lookup: 16
	evict counters: 255 208 255 100 255 207 117 67 86 98 83 118 115 255 35 64
	eager counters: 250 226 234 213 224 195 191 186 181 175 179 154 137 136 138 131
num evicts: 16600000, p: 86793, s: 0 	 max proactive lookup: 16, max shadow lookup: 16
	evict counters: 255 239 255 113 148 168 99 90 77 115 94 124 127 255 44 62
	eager counters: 250 226 235 213 224 195 192 186 182 176 179 154 137 136 138 131
num evicts: 16700000, p: 87616, s: 0 	 max proactive lookup: 16, max shadow lookup: 16
	evict counters: 255 255 255 131 134 143 94 103 75 128 112 139 105 255 56 69
	eager counters: 252 227 235 215 227 196 193 186 182 176 179 155 137 136 139 131
num evicts: 16800000, p: 88449, s: 0 	 max proactive lookup: 16, max shadow lookup: 16
	evict counters: 255 255 255 147 148 132 106 84 72 144 131 112 88 255 66 70
	eager counters: 253 228 235 215 227 198 194 186 184 176 180 155 137 136 139 131
num evicts: 16900000, p: 89410, s: 0 	 max proactive lookup: 16, max shadow lookup: 16
	evict counters: 255 255 255 170 124 142 127 73 68 160 146 125 97 112 61 47
	eager counters: 255 229 238 216 228 199 196 186 186 176 181 155 137 136 140 131
num evicts: 17000000, p: 90164, s: 0 	 max proactive lookup: 16, max shadow lookup: 16
	evict counters: 255 255 255 186 147 165 140 71 85 139 158 135 109 96 53 12
	eager counters: 255 231 239 216 229 200 196 187 187 176 181 155 138 136 141 131
num evicts: 17100000, p: 90751, s: 0 	 max proactive lookup: 16, max shadow lookup: 16
	evict counters: 255 255 196 208 167 181 158 88 99 152 175 149 126 105 49 15
	eager counters: 255 232 241 216 229 200 198 187 188 176 181 155 138 136 141 131
num evicts: 17200000, p: 91201, s: 0 	 max proactive lookup: 16, max shadow lookup: 16
	evict counters: 255 255 221 132 182 202 131 66 112 171 183 155 102 118 53 26
	eager counters: 255 232 243 216 229 200 198 188 188 176 181 155 138 136 141 131
num evicts: 17300000, p: 91678, s: 0 	 max proactive lookup: 16, max shadow lookup: 16
	evict counters: 255 255 240 108 198 210 148 77 98 112 147 124 91 125 62 25
	eager counters: 255 232 245 217 229 200 198 188 189 177 181 155 138 136 141 131
num evicts: 17400000, p: 92148, s: 0 	 max proactive lookup: 16, max shadow lookup: 16
	evict counters: 255 255 255 124 207 228 71 73 115 126 154 136 101 142 67 19
	eager counters: 255 232 245 217 230 201 198 188 189 177 181 155 138 136 141 131
num evicts: 17500000, p: 92738, s: 0 	 max proactive lookup: 16, max shadow lookup: 16
	evict counters: 255 255 255 141 228 185 88 71 131 104 165 145 111 158 33 28
	eager counters: 255 233 248 217 230 201 199 189 189 177 181 155 138 136 141 131
num evicts: 17600000, p: 93403, s: 0 	 max proactive lookup: 16, max shadow lookup: 16
	evict counters: 255 255 255 166 251 199 102 82 147 113 175 155 119 97 38 37
	eager counters: 255 233 249 218 230 201 201 190 189 178 181 156 138 136 141 131
Heartbeat CPU 0 instructions: 40000006 cycles: 64119531 heartbeat IPC: 0.2749 cumulative IPC: 0.2754 (Simulation time: 01 hr 22 min 36 sec)
num evicts: 17700000, p: 94049, s: 0 	 max proactive lookup: 16, max shadow lookup: 16
	evict counters: 255 255 255 185 193 121 88 57 169 124 190 126 103 83 61 41
	eager counters: 255 234 249 218 231 201 201 191 189 178 182 156 138 136 141 131
Heartbeat CPU 1 instructions: 40000006 cycles: 64920600 heartbeat IPC: 0.2745 cumulative IPC: 0.2744 (Simulation time: 01 hr 23 min 26 sec)
num evicts: 17800000, p: 94750, s: 0 	 max proactive lookup: 16, max shadow lookup: 16
	evict counters: 255 255 255 197 210 137 111 72 187 90 119 83 118 93 74 40
	eager counters: 255 236 250 218 233 202 201 191 189 180 182 156 139 136 141 131
Heartbeat CPU 2 instructions: 40000007 cycles: 65497019 heartbeat IPC: 0.2738 cumulative IPC: 0.2736 (Simulation time: 01 hr 24 min 03 sec)
Heartbeat CPU 3 instructions: 40000007 cycles: 65551951 heartbeat IPC: 0.275 cumulative IPC: 0.2746 (Simulation time: 01 hr 24 min 06 sec)
Heartbeat CPU 5 instructions: 40000013 cycles: 65908414 heartbeat IPC: 0.2758 cumulative IPC: 0.2765 (Simulation time: 01 hr 24 min 29 sec)
Heartbeat CPU 4 instructions: 40000008 cycles: 65917048 heartbeat IPC: 0.2748 cumulative IPC: 0.2746 (Simulation time: 01 hr 24 min 30 sec)
num evicts: 17900000, p: 95533, s: 0 	 max proactive lookup: 16, max shadow lookup: 16
	evict counters: 255 255 255 175 238 160 117 86 160 82 134 77 130 64 83 39
	eager counters: 255 239 251 218 234 202 202 191 189 181 182 156 139 136 141 131
Heartbeat CPU 6 instructions: 40000008 cycles: 66343678 heartbeat IPC: 0.2742 cumulative IPC: 0.2765 (Simulation time: 01 hr 24 min 57 sec)
Heartbeat CPU 7 instructions: 40000007 cycles: 66446308 heartbeat IPC: 0.2743 cumulative IPC: 0.2778 (Simulation time: 01 hr 25 min 03 sec)
num evicts: 18000000, p: 96282, s: 0 	 max proactive lookup: 16, max shadow lookup: 16
	evict counters: 255 255 255 202 191 127 101 101 182 100 87 87 140 73 91 46
	eager counters: 255 241 251 219 234 202 202 192 189 181 182 156 139 136 141 131
num evicts: 18100000, p: 97105, s: 0 	 max proactive lookup: 16, max shadow lookup: 16
	evict counters: 255 194 255 221 152 91 117 66 201 115 61 80 113 88 99 40
	eager counters: 255 242 251 219 234 204 202 193 190 181 182 156 139 136 141 131
num evicts: 18200000, p: 97902, s: 0 	 max proactive lookup: 16, max shadow lookup: 16
	evict counters: 255 225 255 177 141 85 137 48 161 93 84 74 95 93 70 35
	eager counters: 255 242 251 219 236 205 202 194 190 181 182 157 139 136 141 131
num evicts: 18300000, p: 98830, s: 0 	 max proactive lookup: 16, max shadow lookup: 16
	evict counters: 255 251 209 202 158 77 118 68 178 100 95 52 109 82 42 44
	eager counters: 255 243 253 221 236 205 204 195 192 181 182 157 139 136 141 131
num evicts: 18400000, p: 99755, s: 0 	 max proactive lookup: 16, max shadow lookup: 16
	evict counters: 255 255 178 220 179 96 139 83 185 68 113 64 55 91 44 39
	eager counters: 255 243 254 221 238 206 204 195 192 181 182 158 139 136 141 131
num evicts: 18500000, p: 100772, s: 0 	 max proactive lookup: 16, max shadow lookup: 16
	evict counters: 255 255 148 134 198 81 157 107 199 81 130 58 53 82 60 40
	eager counters: 255 244 255 221 239 208 205 195 192 182 183 158 139 136 141 131
num evicts: 18600000, p: 101811, s: 0 	 max proactive lookup: 16, max shadow lookup: 16
	evict counters: 255 198 169 151 208 79 134 121 215 91 111 66 60 71 66 44
	eager counters: 255 245 255 221 240 208 207 195 193 182 185 158 139 136 141 131
num evicts: 18700000, p: 102551, s: 0 	 max proactive lookup: 16, max shadow lookup: 16
	evict counters: 255 218 188 128 222 97 152 111 230 99 123 78 75 60 73 54
	eager counters: 255 246 255 221 241 208 207 195 193 182 185 158 139 136 141 131
num evicts: 18800000, p: 103114, s: 0 	 max proactive lookup: 16, max shadow lookup: 16
	evict counters: 255 178 206 142 236 93 128 102 253 111 133 64 52 66 82 62
	eager counters: 255 247 255 222 242 209 207 195 193 182 185 158 140 136 141 131
num evicts: 18900000, p: 103613, s: 0 	 max proactive lookup: 16, max shadow lookup: 16
	evict counters: 255 210 227 125 255 91 136 123 199 97 147 46 60 74 88 78
	eager counters: 255 247 255 222 243 209 207 195 193 182 185 158 140 136 141 131
num evicts: 19000000, p: 104144, s: 0 	 max proactive lookup: 16, max shadow lookup: 16
	evict counters: 255 230 193 142 255 103 154 141 158 102 121 60 71 85 72 87
	eager counters: 255 247 255 222 244 209 208 195 193 182 186 158 140 136 141 131
num evicts: 19100000, p: 104738, s: 0 	 max proactive lookup: 16, max shadow lookup: 16
	evict counters: 255 252 123 156 255 119 168 115 177 67 127 69 80 69 74 94
	eager counters: 255 247 255 223 244 209 209 195 194 182 186 158 140 136 141 131
num evicts: 19200000, p: 105397, s: 0 	 max proactive lookup: 16, max shadow lookup: 16
	evict counters: 255 255 155 182 255 138 186 56 143 57 136 76 72 72 49 80
	eager counters: 255 248 255 223 244 209 209 195 194 182 186 158 140 136 142 131
num evicts: 19300000, p: 106081, s: 0 	 max proactive lookup: 16, max shadow lookup: 16
	evict counters: 255 255 181 198 200 116 156 46 158 49 147 92 82 82 58 66
	eager counters: 255 248 255 225 244 209 209 195 194 184 187 158 140 136 142 131
num evicts: 19400000, p: 106816, s: 0 	 max proactive lookup: 16, max shadow lookup: 16
	evict counters: 255 255 206 167 216 106 173 62 91 59 157 112 73 91 59 58
	eager counters: 255 248 255 226 245 212 209 196 194 185 188 158 141 137 143 131
num evicts: 19500000, p: 107544, s: 0 	 max proactive lookup: 16, max shadow lookup: 16
	evict counters: 255 255 227 184 235 126 194 74 107 42 164 94 89 105 68 66
	eager counters: 255 249 255 227 245 213 213 197 194 186 188 159 141 137 143 131
num evicts: 19600000, p: 108351, s: 0 	 max proactive lookup: 16, max shadow lookup: 16
	evict counters: 255 255 243 207 251 146 211 89 122 55 176 102 103 115 75 76
	eager counters: 255 249 255 229 245 214 213 197 194 186 189 159 142 137 143 131
num evicts: 19700000, p: 109117, s: 0 	 max proactive lookup: 16, max shadow lookup: 16
	evict counters: 255 255 255 225 192 157 229 106 131 65 192 117 117 95 85 84
	eager counters: 255 249 255 229 247 214 213 197 194 187 190 159 142 138 143 131
num evicts: 19800000, p: 109971, s: 0 	 max proactive lookup: 16, max shadow lookup: 16
	evict counters: 255 255 255 188 208 173 239 128 155 61 202 128 128 82 95 91
	eager counters: 255 253 255 230 247 214 213 199 194 189 192 160 142 139 143 131
num evicts: 19900000, p: 110857, s: 0 	 max proactive lookup: 16, max shadow lookup: 16
	evict counters: 255 255 255 209 227 147 255 113 168 79 217 146 140 93 79 55
	eager counters: 255 255 255 231 249 215 213 200 198 191 193 161 142 139 143 131
num evicts: 20000000, p: 111746, s: 0 	 max proactive lookup: 16, max shadow lookup: 16
	evict counters: 255 255 255 233 255 166 255 127 141 58 232 156 154 57 67 49
	eager counters: 255 255 255 232 249 216 213 201 198 192 193 161 142 139 144 131
num evicts: 20100000, p: 112708, s: 0 	 max proactive lookup: 16, max shadow lookup: 16
	evict counters: 255 255 255 255 197 185 255 139 152 59 239 165 162 52 60 41
	eager counters: 255 255 255 233 250 217 213 202 198 192 193 161 142 139 144 131
num evicts: 20200000, p: 113734, s: 0 	 max proactive lookup: 16, max shadow lookup: 16
	evict counters: 255 255 255 255 220 209 202 111 171 56 195 182 178 63 52 48
	eager counters: 255 255 255 233 252 217 213 202 199 193 193 161 142 139 144 131
num evicts: 20300000, p: 114555, s: 0 	 max proactive lookup: 16, max shadow lookup: 16
	evict counters: 255 255 255 193 136 227 164 123 181 65 123 146 186 68 70 58
	eager counters: 255 255 255 233 253 219 214 202 199 193 193 162 142 139 145 131
num evicts: 20400000, p: 115186, s: 0 	 max proactive lookup: 16, max shadow lookup: 16
	evict counters: 255 255 255 214 118 236 189 136 146 77 133 120 150 74 83 67
	eager counters: 255 255 255 237 253 219 216 202 199 193 194 162 142 139 145 131
num evicts: 20500000, p: 115657, s: 0 	 max proactive lookup: 16, max shadow lookup: 16
	evict counters: 255 255 255 176 133 146 115 146 119 91 143 127 119 65 93 76
	eager counters: 255 255 255 237 254 220 216 202 199 193 194 162 142 139 145 131
num evicts: 20600000, p: 116174, s: 0 	 max proactive lookup: 16, max shadow lookup: 16
	evict counters: 255 255 208 195 150 162 129 165 105 102 157 138 73 62 76 87
	eager counters: 255 255 255 237 254 220 216 202 199 193 194 162 142 139 145 131
num evicts: 20700000, p: 116742, s: 0 	 max proactive lookup: 16, max shadow lookup: 16
	evict counters: 255 255 233 216 167 181 136 180 119 118 169 117 67 72 88 94
	eager counters: 255 255 255 239 254 223 216 202 200 194 194 162 142 139 145 131
num evicts: 20800000, p: 117385, s: 0 	 max proactive lookup: 16, max shadow lookup: 16
	evict counters: 255 255 193 230 188 193 149 193 130 97 183 128 77 81 100 104
	eager counters: 255 255 255 239 254 223 216 202 200 194 194 162 142 139 145 131
num evicts: 20900000, p: 118014, s: 0 	 max proactive lookup: 16, max shadow lookup: 16
	evict counters: 255 255 216 247 203 208 159 204 145 114 194 139 92 91 59 84
	eager counters: 255 255 255 241 255 223 216 202 200 194 195 162 142 139 145 131
num evicts: 21000000, p: 118703, s: 0 	 max proactive lookup: 16, max shadow lookup: 16
	evict counters: 255 255 239 255 225 127 171 219 121 130 212 151 102 59 73 54
	eager counters: 255 255 255 242 255 225 216 204 200 194 196 162 142 139 145 131
num evicts: 21100000, p: 119441, s: 0 	 max proactive lookup: 16, max shadow lookup: 16
	evict counters: 255 255 255 208 248 151 192 175 137 105 168 165 111 66 89 61
	eager counters: 255 255 255 243 255 226 216 204 200 194 197 163 142 139 145 131
num evicts: 21200000, p: 120137, s: 0 	 max proactive lookup: 16, max shadow lookup: 16
	evict counters: 255 255 255 226 255 169 123 185 88 119 177 103 98 85 77 67
	eager counters: 255 255 255 244 255 227 217 204 201 194 197 163 142 140 145 131
num evicts: 21300000, p: 120860, s: 0 	 max proactive lookup: 16, max shadow lookup: 16
	evict counters: 255 255 255 243 255 186 134 202 50 134 189 112 108 98 83 78
	eager counters: 255 255 255 244 255 228 218 205 201 194 197 164 143 140 145 131
num evicts: 21400000, p: 121593, s: 0 	 max proactive lookup: 16, max shadow lookup: 16
	evict counters: 255 255 255 255 212 203 154 220 72 150 149 129 120 106 98 84
	eager counters: 255 255 255 244 255 228 220 206 201 197 197 164 144 140 145 131
num evicts: 21500000, p: 122471, s: 0 	 max proactive lookup: 16, max shadow lookup: 16
	evict counters: 255 255 255 255 232 227 169 183 66 163 90 104 129 121 122 91
	eager counters: 255 255 255 244 255 228 220 206 201 197 197 165 145 140 145 131
num evicts: 21600000, p: 123339, s: 0 	 max proactive lookup: 16, max shadow lookup: 16
	evict counters: 255 255 255 255 255 248 179 198 84 177 63 113 103 100 77 74
	eager counters: 255 255 255 245 255 228 221 206 202 199 198 166 145 140 145 131
num evicts: 21700000, p: 124323, s: 0 	 max proactive lookup: 16, max shadow lookup: 16
	evict counters: 255 255 255 255 255 255 153 209 57 143 60 122 66 64 70 81
	eager counters: 255 255 255 246 255 232 222 207 202 200 198 167 146 141 146 131
num evicts: 21800000, p: 125260, s: 0 	 max proactive lookup: 16, max shadow lookup: 16
	evict counters: 255 255 255 255 255 255 125 172 79 113 72 102 60 69 76 93
	eager counters: 255 255 255 247 255 233 224 207 202 200 199 168 147 141 146 131
num evicts: 21900000, p: 126248, s: 0 	 max proactive lookup: 16, max shadow lookup: 16
	evict counters: 255 255 206 255 255 255 135 144 89 129 84 109 72 78 93 79
	eager counters: 255 255 255 247 255 233 225 209 202 201 199 168 147 141 147 131
num evicts: 22000000, p: 127003, s: 0 	 max proactive lookup: 16, max shadow lookup: 16
	evict counters: 255 255 226 255 255 255 154 158 108 145 98 122 81 88 78 63
	eager counters: 255 255 255 248 255 234 226 210 203 201 199 168 147 142 147 131
Heartbeat CPU 0 instructions: 50000007 cycles: 100872858 heartbeat IPC: 0.2721 cumulative IPC: 0.274 (Simulation time: 02 hr 01 min 05 sec)
num evicts: 22100000, p: 127572, s: 0 	 max proactive lookup: 16, max shadow lookup: 16
	evict counters: 255 255 252 255 255 203 168 183 122 159 83 139 88 97 81 71
	eager counters: 255 255 255 248 255 236 226 210 203 201 199 168 147 142 147 131
num evicts: 22200000, p: 128040, s: 0 	 max proactive lookup: 16, max shadow lookup: 16
	evict counters: 255 255 255 255 198 219 187 192 133 101 94 117 104 105 93 82
	eager counters: 255 255 255 249 255 238 227 210 203 201 200 168 147 142 147 131
Heartbeat CPU 1 instructions: 50000007 cycles: 101745516 heartbeat IPC: 0.2716 cumulative IPC: 0.2732 (Simulation time: 02 hr 02 min 00 sec)
Heartbeat CPU 3 instructions: 50000007 cycles: 102479173 heartbeat IPC: 0.2708 cumulative IPC: 0.273 (Simulation time: 02 hr 02 min 46 sec)
Heartbeat CPU 2 instructions: 50000007 cycles: 102481289 heartbeat IPC: 0.2704 cumulative IPC: 0.2723 (Simulation time: 02 hr 02 min 46 sec)
num evicts: 22300000, p: 128544, s: 0 	 max proactive lookup: 16, max shadow lookup: 16
	evict counters: 255 255 255 255 215 237 154 206 119 115 106 102 87 114 104 90
	eager counters: 255 255 255 249 255 239 227 210 204 201 200 168 147 142 147 131
Heartbeat CPU 5 instructions: 50000015 cycles: 102792607 heartbeat IPC: 0.2711 cumulative IPC: 0.2743 (Simulation time: 02 hr 03 min 05 sec)
Heartbeat CPU 4 instructions: 50000012 cycles: 102976615 heartbeat IPC: 0.2698 cumulative IPC: 0.2727 (Simulation time: 02 hr 03 min 18 sec)
num evicts: 22400000, p: 129091, s: 0 	 max proactive lookup: 16, max shadow lookup: 16
	evict counters: 255 255 255 255 175 255 178 165 124 75 114 113 40 98 87 58
	eager counters: 255 255 255 249 255 240 227 210 204 201 201 168 147 142 147 131
Heartbeat CPU 6 instructions: 50000012 cycles: 103379299 heartbeat IPC: 0.27 cumulative IPC: 0.2739 (Simulation time: 02 hr 03 min 43 sec)
Heartbeat CPU 7 instructions: 50000007 cycles: 103548873 heartbeat IPC: 0.2695 cumulative IPC: 0.2744 (Simulation time: 02 hr 03 min 54 sec)
num evicts: 22500000, p: 129740, s: 0 	 max proactive lookup: 16, max shadow lookup: 16
	evict counters: 255 255 199 255 142 255 197 135 136 79 118 125 24 112 91 52
	eager counters: 255 255 255 249 255 241 227 210 204 201 201 168 148 142 147 131
num evicts: 22600000, p: 130414, s: 0 	 max proactive lookup: 16, max shadow lookup: 16
	evict counters: 255 255 222 255 123 196 212 153 152 89 133 139 31 121 103 61
	eager counters: 255 255 255 249 255 242 227 211 206 201 202 168 148 142 147 131
num evicts: 22700000, p: 131206, s: 0 	 max proactive lookup: 16, max shadow lookup: 16
	evict counters: 255 255 247 207 147 221 230 128 165 108 148 152 22 124 84 52
	eager counters: 255 255 255 250 255 242 227 211 206 201 203 168 148 142 147 131
num evicts: 22800000, p: 132031, s: 0 	 max proactive lookup: 16, max shadow lookup: 16
	evict counters: 255 255 255 226 167 183 251 141 187 122 129 165 35 139 36 66
	eager counters: 255 255 255 252 255 242 227 211 206 201 203 169 149 142 147 131
num evicts: 22900000, p: 132857, s: 0 	 max proactive lookup: 16, max shadow lookup: 16
	evict counters: 255 255 255 251 185 154 255 157 194 134 99 183 47 149 45 81
	eager counters: 255 255 255 252 255 242 227 211 206 201 205 169 149 142 147 131
num evicts: 23000000, p: 133669, s: 0 	 max proactive lookup: 16, max shadow lookup: 16
	evict counters: 255 255 255 255 201 171 154 176 162 143 64 195 65 71 39 52
	eager counters: 255 255 255 253 255 243 227 211 206 202 205 169 149 142 147 131
num evicts: 23100000, p: 134455, s: 0 	 max proactive lookup: 16, max shadow lookup: 16
	evict counters: 255 255 255 201 220 183 167 153 135 155 62 210 82 40 35 37
	eager counters: 255 255 255 254 255 244 227 212 208 203 206 170 152 142 147 131
num evicts: 23200000, p: 135227, s: 0 	 max proactive lookup: 16, max shadow lookup: 16
	evict counters: 255 255 255 224 240 195 144 167 152 174 69 228 99 53 42 45
	eager counters: 255 255 255 254 255 246 227 213 209 205 209 172 152 142 147 131
num evicts: 23300000, p: 136068, s: 0 	 max proactive lookup: 16, max shadow lookup: 16
	evict counters: 255 255 255 245 255 208 164 185 165 187 81 237 111 56 48 54
	eager counters: 255 255 255 255 255 246 228 215 209 205 210 172 153 142 147 131
num evicts: 23400000, p: 137171, s: 0 	 max proactive lookup: 16, max shadow lookup: 16
	evict counters: 255 255 255 255 255 231 182 198 182 202 94 246 127 64 62 60
	eager counters: 255 255 255 255 255 247 230 215 209 207 210 173 153 142 147 131
num evicts: 23500000, p: 138162, s: 0 	 max proactive lookup: 16, max shadow lookup: 16
	evict counters: 255 255 195 255 255 248 151 212 152 217 110 255 137 74 23 51
	eager counters: 255 255 255 255 255 248 230 216 209 208 212 174 153 142 147 131
num evicts: 23600000, p: 138931, s: 0 	 max proactive lookup: 16, max shadow lookup: 16
	evict counters: 255 255 218 255 255 255 170 175 162 229 98 255 144 87 37 37
	eager counters: 255 255 255 255 255 249 232 216 209 210 214 174 153 142 147 131
num evicts: 23700000, p: 139482, s: 0 	 max proactive lookup: 16, max shadow lookup: 16
	evict counters: 255 255 240 255 255 255 188 187 108 237 83 255 157 73 47 39
	eager counters: 255 255 255 255 255 249 233 218 210 211 214 174 153 142 147 131
num evicts: 23800000, p: 140004, s: 0 	 max proactive lookup: 16, max shadow lookup: 16
	evict counters: 255 255 255 255 255 255 198 151 128 249 95 255 167 82 58 52
	eager counters: 255 255 255 255 255 249 233 219 210 211 214 174 153 142 147 131
num evicts: 23900000, p: 140565, s: 0 	 max proactive lookup: 16, max shadow lookup: 16
	evict counters: 255 255 255 255 255 255 212 167 142 197 85 153 106 97 71 61
	eager counters: 255 255 255 255 255 249 235 219 210 211 214 174 153 142 147 131
num evicts: 24000000, p: 141154, s: 0 	 max proactive lookup: 16, max shadow lookup: 16
	evict counters: 255 255 208 255 200 255 231 178 155 210 96 162 92 113 61 68
	eager counters: 255 255 255 255 255 249 237 219 210 212 215 174 153 143 147 131
num evicts: 24100000, p: 141765, s: 0 	 max proactive lookup: 16, max shadow lookup: 16
	evict counters: 255 255 225 203 168 255 247 195 121 223 78 178 100 126 66 76
	eager counters: 255 255 255 255 255 249 237 219 210 212 215 174 153 143 147 131
num evicts: 24200000, p: 142361, s: 0 	 max proactive lookup: 16, max shadow lookup: 16
	evict counters: 255 255 242 174 183 255 255 213 136 235 90 139 111 137 78 86
	eager counters: 255 255 255 255 255 249 239 220 210 213 216 174 153 143 147 131
num evicts: 24300000, p: 142968, s: 0 	 max proactive lookup: 16, max shadow lookup: 16
	evict counters: 255 255 255 153 197 255 255 228 147 252 97 148 119 106 87 89
	eager counters: 255 255 255 255 255 249 240 220 211 213 216 174 154 144 147 131
num evicts: 24400000, p: 143532, s: 0 	 max proactive lookup: 16, max shadow lookup: 16
	evict counters: 255 255 255 177 160 255 255 188 160 255 81 119 73 66 92 100
	eager counters: 255 255 255 255 255 249 240 220 212 214 216 174 154 144 147 131
num evicts: 24500000, p: 144253, s: 0 	 max proactive lookup: 16, max shadow lookup: 16
	evict counters: 255 255 255 200 178 255 255 212 131 196 94 100 82 81 100 79
	eager counters: 255 255 255 255 255 250 241 221 212 216 217 174 154 144 147 131
num evicts: 24600000, p: 145092, s: 0 	 max proactive lookup: 16, max shadow lookup: 16
	evict counters: 255 255 255 219 199 255 210 176 110 94 58 90 54 73 106 72
	eager counters: 255 255 255 255 255 250 241 223 212 218 217 174 154 144 147 131
num evicts: 24700000, p: 145971, s: 0 	 max proactive lookup: 16, max shadow lookup: 16
	evict counters: 255 255 255 245 221 255 174 107 126 52 73 73 37 66 114 62
	eager counters: 255 255 255 255 255 251 241 223 213 218 217 175 154 145 147 131
num evicts: 24800000, p: 146896, s: 0 	 max proactive lookup: 16, max shadow lookup: 16
	evict counters: 255 194 193 197 183 255 147 120 113 51 85 82 21 59 93 67
	eager counters: 255 255 255 255 255 252 241 224 214 218 217 175 154 145 148 131
num evicts: 24900000, p: 147891, s: 0 	 max proactive lookup: 16, max shadow lookup: 16
	evict counters: 255 213 211 162 155 255 122 107 98 47 92 96 32 53 96 42
	eager counters: 255 255 255 255 255 254 243 224 216 218 217 176 154 146 148 131
num evicts: 25000000, p: 149036, s: 0 	 max proactive lookup: 16, max shadow lookup: 16
	evict counters: 255 232 233 136 166 255 140 89 103 62 81 107 40 49 85 46
	eager counters: 255 255 255 255 255 255 243 224 217 218 219 176 154 146 148 131
num evicts: 25100000, p: 149935, s: 0 	 max proactive lookup: 16, max shadow lookup: 16
	evict counters: 255 249 255 151 180 255 154 105 116 42 78 111 53 60 53 52
	eager counters: 255 255 255 255 255 255 243 227 219 219 219 177 154 146 148 131
num evicts: 25200000, p: 150644, s: 0 	 max proactive lookup: 16, max shadow lookup: 16
	evict counters: 255 255 255 175 189 202 94 119 119 47 93 122 69 70 67 57
	eager counters: 255 255 255 255 255 255 245 227 219 220 219 177 154 146 148 131
num evicts: 25300000, p: 151188, s: 0 	 max proactive lookup: 16, max shadow lookup: 16
	evict counters: 255 255 255 197 209 212 117 106 132 28 79 137 60 43 66 49
	eager counters: 255 255 255 255 255 255 247 227 219 220 219 177 154 146 148 131
num evicts: 25400000, p: 151688, s: 0 	 max proactive lookup: 16, max shadow lookup: 16
	evict counters: 255 255 255 216 228 173 82 89 146 30 98 118 68 51 60 47
	eager counters: 255 255 255 255 255 255 247 227 219 220 219 178 154 146 148 131
num evicts: 25500000, p: 152259, s: 0 	 max proactive lookup: 16, max shadow lookup: 16
	evict counters: 255 255 255 246 243 194 74 106 165 40 87 74 79 60 75 60
	eager counters: 255 255 255 255 255 255 248 227 219 220 219 178 154 146 148 131
num evicts: 25600000, p: 152924, s: 0 	 max proactive lookup: 16, max shadow lookup: 16
	evict counters: 255 255 255 255 255 166 73 119 111 43 104 68 69 57 48 66
	eager counters: 255 255 255 255 255 255 251 227 220 220 219 178 154 146 148 131
num evicts: 25700000, p: 153585, s: 0 	 max proactive lookup: 16, max shadow lookup: 16
	evict counters: 255 255 255 255 193 186 69 131 127 57 118 33 61 48 62 53
	eager counters: 255 255 255 255 255 255 251 227 220 220 219 178 154 146 148 131
num evicts: 25800000, p: 154184, s: 0 	 max proactive lookup: 16, max shadow lookup: 16
	evict counters: 255 255 198 255 159 153 82 139 139 71 129 44 73 44 34 42
	eager counters: 255 255 255 255 255 255 251 227 220 221 219 178 154 146 148 131
num evicts: 25900000, p: 154891, s: 0 	 max proactive lookup: 16, max shadow lookup: 16
	evict counters: 255 196 180 255 173 169 102 149 153 61 106 37 80 54 38 50
	eager counters: 255 255 255 255 255 255 252 227 220 221 219 178 154 146 148 131
num evicts: 26000000, p: 155680, s: 0 	 max proactive lookup: 16, max shadow lookup: 16
	evict counters: 255 213 196 255 185 147 118 95 168 62 123 40 66 37 16 56
	eager counters: 255 255 255 255 255 255 252 227 220 221 219 178 154 146 148 131
num evicts: 26100000, p: 156535, s: 0 	 max proactive lookup: 16, max shadow lookup: 16
	evict counters: 255 226 222 199 155 163 106 115 135 41 98 36 55 48 6 49
	eager counters: 255 255 255 255 255 255 253 227 220 221 219 179 154 146 148 131
num evicts: 26200000, p: 157467, s: 0 	 max proactive lookup: 16, max shadow lookup: 16
	evict counters: 255 243 183 165 130 182 93 127 146 38 109 35 64 36 7 52
	eager counters: 255 255 255 255 255 255 253 230 221 221 220 180 154 147 149 131
num evicts: 26300000, p: 158417, s: 0 	 max proactive lookup: 16, max shadow lookup: 16
	evict counters: 255 255 201 177 111 199 87 140 125 43 92 28 46 44 14 60
	eager counters: 255 255 255 255 255 255 255 231 221 221 221 180 154 148 149 131
num evicts: 26400000, p: 159242, s: 0 	 max proactive lookup: 16, max shadow lookup: 16
	evict counters: 255 255 218 117 73 171 81 91 104 55 83 17 56 35 10 56
	eager counters: 255 255 255 255 255 255 255 231 221 222 222 180 154 149 149 131
num evicts: 26500000, p: 160201, s: 0 	 max proactive lookup: 16, max shadow lookup: 16
	evict counters: 255 255 184 130 57 185 99 66 123 64 76 28 50 21 12 54
	eager counters: 255 255 255 255 255 255 255 233 221 222 224 181 154 149 149 131
num evicts: 26600000, p: 161190, s: 0 	 max proactive lookup: 16, max shadow lookup: 16
	evict counters: 255 255 207 153 79 153 84 86 84 75 87 23 57 19 21 36
	eager counters: 255 255 255 255 255 255 255 235 222 223 224 181 154 149 149 131
num evicts: 26700000, p: 162100, s: 0 	 max proactive lookup: 16, max shadow lookup: 16
	evict counters: 255 255 226 178 103 131 73 103 79 65 93 27 55 21 14 33
	eager counters: 255 255 255 255 255 255 255 236 222 223 224 181 154 149 149 131
Heartbeat CPU 0 instructions: 60000009 cycles: 139072582 heartbeat IPC: 0.2618 cumulative IPC: 0.2703 (Simulation time: 02 hr 40 min 57 sec)
num evicts: 26800000, p: 162731, s: 0 	 max proactive lookup: 16, max shadow lookup: 16
	evict counters: 255 204 245 204 121 69 63 124 93 76 79 29 49 32 19 35
	eager counters: 255 255 255 255 255 255 255 236 222 223 225 181 154 149 149 131
Heartbeat CPU 1 instructions: 60000009 cycles: 140021222 heartbeat IPC: 0.2613 cumulative IPC: 0.2696 (Simulation time: 02 hr 41 min 56 sec)
num evicts: 26900000, p: 163323, s: 0 	 max proactive lookup: 16, max shadow lookup: 16
	evict counters: 255 228 255 226 135 54 61 141 84 90 71 33 66 46 10 33
	eager counters: 255 255 255 255 255 255 255 238 222 223 225 181 154 149 149 131
Heartbeat CPU 3 instructions: 60000009 cycles: 140724420 heartbeat IPC: 0.2615 cumulative IPC: 0.2696 (Simulation time: 02 hr 42 min 40 sec)
Heartbeat CPU 2 instructions: 60000009 cycles: 140973504 heartbeat IPC: 0.2598 cumulative IPC: 0.2685 (Simulation time: 02 hr 42 min 55 sec)
Heartbeat CPU 5 instructions: 60000019 cycles: 141059865 heartbeat IPC: 0.2613 cumulative IPC: 0.2704 (Simulation time: 02 hr 43 min 01 sec)
num evicts: 27000000, p: 163840, s: 0 	 max proactive lookup: 16, max shadow lookup: 16
	evict counters: 255 247 255 192 157 53 64 160 68 102 83 38 43 54 16 43
	eager counters: 255 255 255 255 255 255 255 238 222 223 225 181 154 149 150 131
Heartbeat CPU 4 instructions: 60000014 cycles: 141442499 heartbeat IPC: 0.26 cumulative IPC: 0.2689 (Simulation time: 02 hr 43 min 25 sec)
Heartbeat CPU 6 instructions: 60000014 cycles: 141731077 heartbeat IPC: 0.2607 cumulative IPC: 0.27 (Simulation time: 02 hr 43 min 43 sec)
Heartbeat CPU 7 instructions: 60000009 cycles: 141931944 heartbeat IPC: 0.2605 cumulative IPC: 0.2703 (Simulation time: 02 hr 43 min 56 sec)
num evicts: 27100000, p: 164363, s: 0 	 max proactive lookup: 16, max shadow lookup: 16
	evict counters: 255 255 197 225 141 63 85 172 79 66 97 54 34 49 20 39
	eager counters: 255 255 255 255 255 255 255 238 222 223 226 181 154 149 150 131
num evicts: 27200000, p: 165080, s: 0 	 max proactive lookup: 16, max shadow lookup: 16
	evict counters: 255 255 213 246 97 86 72 187 92 61 60 66 32 60 27 12
	eager counters: 255 255 255 255 255 255 255 240 222 225 227 181 154 149 150 131
num evicts: 27300000, p: 166575, s: 0 	 max proactive lookup: 16, max shadow lookup: 16
	evict counters: 255 255 228 255 70 100 83 195 105 74 68 72 36 64 23 7
	eager counters: 255 255 255 255 255 255 255 240 222 225 227 182 154 149 150 131
num evicts: 27400000, p: 173676, s: 0 	 max proactive lookup: 16, max shadow lookup: 16
	evict counters: 255 255 250 255 90 116 100 210 116 91 81 74 34 59 19 1
	eager counters: 255 255 255 255 255 255 255 243 222 226 228 183 154 149 151 131
num evicts: 27500000, p: 189130, s: 0 	 max proactive lookup: 16, max shadow lookup: 16
	evict counters: 255 255 255 255 110 133 107 224 122 107 98 84 32 45 11 3
	eager counters: 255 255 255 255 255 255 255 249 223 233 236 188 155 149 152 131
num evicts: 27600000, p: 222189, s: 0 	 max proactive lookup: 16, max shadow lookup: 16
	evict counters: 255 255 255 255 128 152 133 238 141 118 106 93 35 46 0 2
	eager counters: 255 255 255 255 255 255 255 255 238 240 243 195 156 149 153 131
num evicts: 27700000, p: 258309, s: 0 	 max proactive lookup: 16, max shadow lookup: 16
	evict counters: 255 255 255 255 151 167 149 253 153 133 120 98 34 43 2 0
	eager counters: 255 255 255 255 255 255 255 255 247 255 255 201 158 155 155 131
num evicts: 27800000, p: 295165, s: 0 	 max proactive lookup: 16, max shadow lookup: 16
	evict counters: 255 255 255 255 173 193 165 255 167 144 129 102 39 41 1 1
	eager counters: 255 255 255 255 255 255 255 255 255 255 255 204 165 155 155 131
num evicts: 27900000, p: 330309, s: 0 	 max proactive lookup: 16, max shadow lookup: 16
	evict counters: 255 255 255 255 191 201 185 255 44 159 143 105 33 33 0 0
	eager counters: 255 255 255 255 255 255 255 255 255 255 255 207 170 155 157 131
num evicts: 28000000, p: 367031, s: 0 	 max proactive lookup: 16, max shadow lookup: 16
	evict counters: 255 255 255 255 210 219 204 255 29 170 151 113 35 32 1 1
	eager counters: 255 255 255 255 255 255 255 255 255 255 255 218 173 156 157 131
Heartbeat CPU 0 instructions: 70000009 cycles: 160092242 heartbeat IPC: 0.4757 cumulative IPC: 0.2996 (Simulation time: 03 hr 03 min 43 sec)
num evicts: 28100000, p: 403275, s: 0 	 max proactive lookup: 16, max shadow lookup: 16
	evict counters: 255 255 255 255 237 238 221 255 47 180 159 117 42 30 4 1
	eager counters: 255 255 255 255 255 255 255 255 255 255 255 226 180 159 157 131
Heartbeat CPU 1 instructions: 70000012 cycles: 160935705 heartbeat IPC: 0.4781 cumulative IPC: 0.299 (Simulation time: 03 hr 04 min 37 sec)
Heartbeat CPU 3 instructions: 70000009 cycles: 161365768 heartbeat IPC: 0.4845 cumulative IPC: 0.2994 (Simulation time: 03 hr 05 min 05 sec)
Heartbeat CPU 2 instructions: 70000012 cycles: 161685313 heartbeat IPC: 0.4828 cumulative IPC: 0.2983 (Simulation time: 03 hr 05 min 25 sec)
Heartbeat CPU 5 instructions: 70000022 cycles: 161913961 heartbeat IPC: 0.4795 cumulative IPC: 0.2996 (Simulation time: 03 hr 05 min 40 sec)
Heartbeat CPU 4 instructions: 70000017 cycles: 162339706 heartbeat IPC: 0.4785 cumulative IPC: 0.2981 (Simulation time: 03 hr 06 min 07 sec)
Heartbeat CPU 6 instructions: 70000017 cycles: 162606521 heartbeat IPC: 0.479 cumulative IPC: 0.299 (Simulation time: 03 hr 06 min 25 sec)
num evicts: 28200000, p: 441859, s: 0 	 max proactive lookup: 16, max shadow lookup: 16
	evict counters: 255 255 255 255 254 255 237 255 62 190 169 135 30 30 2 0
	eager counters: 255 255 255 255 255 255 255 255 255 255 255 242 184 164 157 131
Heartbeat CPU 7 instructions: 70000012 cycles: 163034271 heartbeat IPC: 0.4739 cumulative IPC: 0.2988 (Simulation time: 03 hr 06 min 52 sec)
num evicts: 28300000, p: 480100, s: 0 	 max proactive lookup: 16, max shadow lookup: 16
	evict counters: 255 255 255 255 255 255 255 255 78 200 178 150 32 28 0 0
	eager counters: 255 255 255 255 255 255 255 255 255 255 255 255 190 166 157 131
num evicts: 28400000, p: 516681, s: 0 	 max proactive lookup: 16, max shadow lookup: 16
	evict counters: 255 255 255 255 255 255 255 255 93 214 193 156 38 17 1 1
	eager counters: 255 255 255 255 255 255 255 255 255 255 255 255 199 169 157 131
num evicts: 28500000, p: 553094, s: 0 	 max proactive lookup: 16, max shadow lookup: 16
	evict counters: 255 255 255 255 255 255 255 255 106 221 204 167 43 24 3 0
	eager counters: 255 255 255 255 255 255 255 255 255 255 255 255 207 171 157 131
num evicts: 28600000, p: 587687, s: 0 	 max proactive lookup: 16, max shadow lookup: 16
	evict counters: 255 255 255 255 255 255 255 255 119 231 220 177 45 17 2 0
	eager counters: 255 255 255 255 255 255 255 255 255 255 255 255 209 173 157 131
num evicts: 28700000, p: 624818, s: 0 	 max proactive lookup: 16, max shadow lookup: 16
	evict counters: 255 255 255 255 255 255 255 255 133 237 233 181 47 2 0 2
	eager counters: 255 255 255 255 255 255 255 255 255 255 255 255 215 174 157 131
num evicts: 28800000, p: 659970, s: 0 	 max proactive lookup: 16, max shadow lookup: 16
	evict counters: 255 255 255 255 255 255 255 255 152 250 238 193 47 5 2 2
	eager counters: 255 255 255 255 255 255 255 255 255 255 255 255 223 177 157 131
num evicts: 28900000, p: 694113, s: 0 	 max proactive lookup: 16, max shadow lookup: 16
	evict counters: 255 255 255 255 255 255 255 255 167 255 254 203 51 2 1 0
	eager counters: 255 255 255 255 255 255 255 255 255 255 255 255 230 180 157 131
num evicts: 29000000, p: 731772, s: 0 	 max proactive lookup: 16, max shadow lookup: 16
	evict counters: 255 255 255 255 255 255 255 255 180 255 255 213 59 1 1 1
	eager counters: 255 255 255 255 255 255 255 255 255 255 255 255 239 183 157 131
num evicts: 29100000, p: 767071, s: 0 	 max proactive lookup: 16, max shadow lookup: 16
	evict counters: 255 255 255 255 255 255 255 255 197 255 255 235 59 4 0 3
	eager counters: 255 255 255 255 255 255 255 255 255 255 255 255 244 186 157 131
Heartbeat CPU 0 instructions: 80000010 cycles: 182296571 heartbeat IPC: 0.4504 cumulative IPC: 0.3193 (Simulation time: 03 hr 27 min 27 sec)
Heartbeat CPU 1 instructions: 80000012 cycles: 183036293 heartbeat IPC: 0.4525 cumulative IPC: 0.3189 (Simulation time: 03 hr 28 min 15 sec)
Heartbeat CPU 3 instructions: 80000012 cycles: 183522826 heartbeat IPC: 0.4513 cumulative IPC: 0.3191 (Simulation time: 03 hr 28 min 46 sec)
Heartbeat CPU 2 instructions: 80000012 cycles: 183716702 heartbeat IPC: 0.4539 cumulative IPC: 0.3183 (Simulation time: 03 hr 28 min 58 sec)
Heartbeat CPU 5 instructions: 80000025 cycles: 183898345 heartbeat IPC: 0.4549 cumulative IPC: 0.3195 (Simulation time: 03 hr 29 min 10 sec)
num evicts: 29200000, p: 803363, s: 0 	 max proactive lookup: 16, max shadow lookup: 16
	evict counters: 255 255 255 255 255 255 255 255 206 255 255 240 68 2 1 1
	eager counters: 255 255 255 255 255 255 255 255 255 255 255 255 251 187 157 131
Heartbeat CPU 4 instructions: 80000017 cycles: 184527225 heartbeat IPC: 0.4507 cumulative IPC: 0.3178 (Simulation time: 03 hr 29 min 50 sec)
Heartbeat CPU 6 instructions: 80000020 cycles: 184696846 heartbeat IPC: 0.4527 cumulative IPC: 0.3187 (Simulation time: 03 hr 30 min 01 sec)
Heartbeat CPU 7 instructions: 80000015 cycles: 185165409 heartbeat IPC: 0.4519 cumulative IPC: 0.3184 (Simulation time: 03 hr 30 min 31 sec)
num evicts: 29300000, p: 840986, s: 0 	 max proactive lookup: 16, max shadow lookup: 16
	evict counters: 255 255 255 255 255 255 255 255 216 255 255 250 65 0 0 1
	eager counters: 255 255 255 255 255 255 255 255 255 255 255 255 255 189 157 131
num evicts: 29400000, p: 878041, s: 0 	 max proactive lookup: 16, max shadow lookup: 16
	evict counters: 255 255 255 255 255 255 255 255 230 255 255 255 14 3 0 0
	eager counters: 255 255 255 255 255 255 255 255 255 255 255 255 255 191 157 131
num evicts: 29500000, p: 915508, s: 0 	 max proactive lookup: 16, max shadow lookup: 16
	evict counters: 255 255 255 255 255 255 255 255 252 255 255 255 16 2 0 2
	eager counters: 255 255 255 255 255 255 255 255 255 255 255 255 255 193 157 131
num evicts: 29600000, p: 953243, s: 0 	 max proactive lookup: 16, max shadow lookup: 16
	evict counters: 255 255 255 255 255 255 255 255 255 255 255 255 19 0 0 0
	eager counters: 255 255 255 255 255 255 255 255 255 255 255 255 255 195 157 131
num evicts: 29700000, p: 991682, s: 0 	 max proactive lookup: 16, max shadow lookup: 16
	evict counters: 255 255 255 255 255 255 255 255 255 255 255 255 7 0 2 0
	eager counters: 255 255 255 255 255 255 255 255 255 255 255 255 255 196 157 131
num evicts: 29800000, p: 1029363, s: 0 	 max proactive lookup: 16, max shadow lookup: 16
	evict counters: 255 255 255 255 255 255 255 255 255 255 255 255 3 0 0 0
	eager counters: 255 255 255 255 255 255 255 255 255 255 255 255 255 197 157 131
num evicts: 29900000, p: 1067754, s: 0 	 max proactive lookup: 16, max shadow lookup: 16
	evict counters: 255 255 255 255 255 255 255 255 255 255 255 255 13 0 0 6
	eager counters: 255 255 255 255 255 255 255 255 255 255 255 255 255 201 157 131
num evicts: 30000000, p: 1105408, s: 0 	 max proactive lookup: 16, max shadow lookup: 16
	evict counters: 255 255 255 255 255 255 255 255 255 254 255 254 6 1 1 0
	eager counters: 255 255 255 255 255 255 255 255 255 255 255 255 255 204 157 131
num evicts: 30100000, p: 1140894, s: 0 	 max proactive lookup: 16, max shadow lookup: 16
	evict counters: 255 255 255 255 255 255 255 255 255 255 255 254 11 1 0 0
	eager counters: 255 255 255 255 255 255 255 255 255 255 255 255 255 206 157 131
Heartbeat CPU 0 instructions: 90000013 cycles: 204399671 heartbeat IPC: 0.4524 cumulative IPC: 0.3346 (Simulation time: 03 hr 51 min 05 sec)
Heartbeat CPU 1 instructions: 90000013 cycles: 205063413 heartbeat IPC: 0.454 cumulative IPC: 0.3343 (Simulation time: 03 hr 51 min 48 sec)
Heartbeat CPU 3 instructions: 90000013 cycles: 205650140 heartbeat IPC: 0.4519 cumulative IPC: 0.3343 (Simulation time: 03 hr 52 min 26 sec)
Heartbeat CPU 2 instructions: 90000013 cycles: 205770242 heartbeat IPC: 0.4534 cumulative IPC: 0.3337 (Simulation time: 03 hr 52 min 34 sec)
num evicts: 30200000, p: 1178497, s: 0 	 max proactive lookup: 16, max shadow lookup: 16
	evict counters: 255 255 255 255 255 255 255 255 255 255 255 255 10 1 0 2
	eager counters: 255 255 255 255 255 255 255 255 255 255 255 255 255 209 157 131
Heartbeat CPU 5 instructions: 90000028 cycles: 205968338 heartbeat IPC: 0.4531 cumulative IPC: 0.3348 (Simulation time: 03 hr 52 min 46 sec)
Heartbeat CPU 4 instructions: 90000021 cycles: 206622205 heartbeat IPC: 0.4526 cumulative IPC: 0.3331 (Simulation time: 03 hr 53 min 28 sec)
Heartbeat CPU 6 instructions: 90000021 cycles: 206786552 heartbeat IPC: 0.4527 cumulative IPC: 0.334 (Simulation time: 03 hr 53 min 39 sec)
Heartbeat CPU 7 instructions: 90000015 cycles: 207335796 heartbeat IPC: 0.4511 cumulative IPC: 0.3335 (Simulation time: 03 hr 54 min 14 sec)
num evicts: 30300000, p: 1213525, s: 0 	 max proactive lookup: 16, max shadow lookup: 16
	evict counters: 255 255 255 255 255 255 255 255 255 255 255 255 17 3 0 3
	eager counters: 255 255 255 255 255 255 255 255 255 255 255 255 255 209 157 131
num evicts: 30400000, p: 1249476, s: 0 	 max proactive lookup: 16, max shadow lookup: 16
	evict counters: 255 255 255 255 255 255 255 255 255 255 255 255 16 0 0 0
	eager counters: 255 255 255 255 255 255 255 255 255 255 255 255 255 210 157 131
num evicts: 30500000, p: 1286807, s: 0 	 max proactive lookup: 16, max shadow lookup: 16
	evict counters: 255 255 255 255 255 255 255 255 255 255 255 255 32 3 1 0
	eager counters: 255 255 255 255 255 255 255 255 255 255 255 255 255 211 157 131
num evicts: 30600000, p: 1323034, s: 0 	 max proactive lookup: 16, max shadow lookup: 16
	evict counters: 255 255 255 255 255 255 255 255 255 255 255 255 42 2 0 0
	eager counters: 255 255 255 255 255 255 255 255 255 255 255 255 255 212 157 131
num evicts: 30700000, p: 1359174, s: 0 	 max proactive lookup: 16, max shadow lookup: 16
	evict counters: 255 255 255 255 255 255 255 255 255 255 255 255 46 1 0 3
	eager counters: 255 255 255 255 255 255 255 255 255 255 255 255 255 213 157 131
num evicts: 30800000, p: 1395992, s: 0 	 max proactive lookup: 16, max shadow lookup: 16
	evict counters: 255 255 255 255 255 255 255 255 255 255 255 255 50 1 1 0
	eager counters: 255 255 255 255 255 255 255 255 255 255 255 255 255 215 157 131
num evicts: 30900000, p: 1431212, s: 0 	 max proactive lookup: 16, max shadow lookup: 16
	evict counters: 255 255 255 255 255 255 255 255 255 254 255 255 59 0 1 2
	eager counters: 255 255 255 255 255 255 255 255 255 255 255 255 255 218 157 131
num evicts: 31000000, p: 1466341, s: 0 	 max proactive lookup: 16, max shadow lookup: 16
	evict counters: 255 255 255 255 255 255 255 255 255 255 254 255 65 0 1 1
	eager counters: 255 255 255 255 255 255 255 255 255 255 255 255 255 220 157 131
num evicts: 31100000, p: 1501245, s: 0 	 max proactive lookup: 16, max shadow lookup: 16
	evict counters: 255 255 255 255 255 255 255 255 255 255 255 255 71 0 0 0
	eager counters: 255 255 255 255 255 255 255 255 255 255 255 255 255 224 157 131
Heartbeat CPU 0 instructions: 100000014 cycles: 226603739 heartbeat IPC: 0.4504 cumulative IPC: 0.3466 (Simulation time: 04 hr 14 min 50 sec)
Heartbeat CPU 1 instructions: 100000014 cycles: 227203412 heartbeat IPC: 0.4517 cumulative IPC: 0.3464 (Simulation time: 04 hr 15 min 28 sec)
num evicts: 31200000, p: 1536004, s: 0 	 max proactive lookup: 16, max shadow lookup: 16
	evict counters: 255 255 255 255 255 255 255 255 255 255 255 255 69 0 0 1
	eager counters: 255 255 255 255 255 255 255 255 255 255 255 255 255 224 157 131
Heartbeat CPU 3 instructions: 100000014 cycles: 227724339 heartbeat IPC: 0.453 cumulative IPC: 0.3464 (Simulation time: 04 hr 16 min 02 sec)
Heartbeat CPU 2 instructions: 100000014 cycles: 227922614 heartbeat IPC: 0.4514 cumulative IPC: 0.3458 (Simulation time: 04 hr 16 min 14 sec)
Heartbeat CPU 5 instructions: 100000028 cycles: 228119761 heartbeat IPC: 0.4514 cumulative IPC: 0.3467 (Simulation time: 04 hr 16 min 27 sec)
Heartbeat CPU 4 instructions: 100000022 cycles: 228874100 heartbeat IPC: 0.4494 cumulative IPC: 0.3451 (Simulation time: 04 hr 17 min 15 sec)
Heartbeat CPU 6 instructions: 100000021 cycles: 228909188 heartbeat IPC: 0.452 cumulative IPC: 0.346 (Simulation time: 04 hr 17 min 18 sec)
Heartbeat CPU 7 instructions: 100000019 cycles: 229625485 heartbeat IPC: 0.4486 cumulative IPC: 0.3453 (Simulation time: 04 hr 18 min 04 sec)
num evicts: 31300000, p: 1570926, s: 0 	 max proactive lookup: 16, max shadow lookup: 16
	evict counters: 255 255 255 255 255 255 255 255 255 255 254 254 74 2 4 0
	eager counters: 255 255 255 255 255 255 255 255 255 255 255 255 255 226 157 131
num evicts: 31400000, p: 1608144, s: 0 	 max proactive lookup: 16, max shadow lookup: 16
	evict counters: 255 255 255 255 255 255 255 255 255 255 255 255 83 1 1 0
	eager counters: 255 255 255 255 255 255 255 255 255 255 255 255 255 228 157 131
num evicts: 31500000, p: 1646002, s: 0 	 max proactive lookup: 16, max shadow lookup: 16
	evict counters: 255 255 255 255 255 255 255 255 255 255 255 255 87 2 0 5
	eager counters: 255 255 255 255 255 255 255 255 255 255 255 255 255 231 157 131
num evicts: 31600000, p: 1683284, s: 0 	 max proactive lookup: 16, max shadow lookup: 16
	evict counters: 255 255 255 255 255 255 255 255 255 255 255 255 89 0 1 1
	eager counters: 255 255 255 255 255 255 255 255 255 255 255 255 255 231 157 131
num evicts: 31700000, p: 1722827, s: 0 	 max proactive lookup: 16, max shadow lookup: 16
	evict counters: 255 255 255 255 255 255 255 255 255 255 255 255 84 2 0 3
	eager counters: 255 255 255 255 255 255 255 255 255 255 255 255 255 237 157 131
num evicts: 31800000, p: 1759688, s: 0 	 max proactive lookup: 16, max shadow lookup: 16
	evict counters: 255 255 255 255 255 255 255 255 255 255 253 255 79 2 0 0
	eager counters: 255 255 255 255 255 255 255 255 255 255 255 255 255 238 157 131
num evicts: 31900000, p: 1795621, s: 0 	 max proactive lookup: 16, max shadow lookup: 16
	evict counters: 255 255 255 255 255 255 255 255 255 255 254 254 87 0 1 2
	eager counters: 255 255 255 255 255 255 255 255 255 255 255 255 255 239 157 131
num evicts: 32000000, p: 1821370, s: 0 	 max proactive lookup: 16, max shadow lookup: 16
	evict counters: 255 255 255 255 255 255 255 255 255 255 255 255 87 5 3 1
	eager counters: 255 255 255 255 255 255 255 255 255 255 255 255 255 239 157 131
num evicts: 32100000, p: 1837617, s: 0 	 max proactive lookup: 16, max shadow lookup: 16
	evict counters: 255 255 255 255 255 255 255 255 255 255 255 255 88 12 6 0
	eager counters: 255 255 255 255 255 255 255 255 255 255 255 255 255 239 158 131
num evicts: 32200000, p: 1852555, s: 0 	 max proactive lookup: 16, max shadow lookup: 16
	evict counters: 255 255 255 255 255 255 255 255 255 255 255 255 94 4 12 1
	eager counters: 255 255 255 255 255 255 255 255 255 255 255 255 255 239 158 131
num evicts: 32300000, p: 1867614, s: 0 	 max proactive lookup: 16, max shadow lookup: 16
	evict counters: 255 255 255 255 255 255 255 255 255 255 255 255 90 4 8 1
	eager counters: 255 255 255 255 255 255 255 255 255 255 255 255 255 239 158 131
num evicts: 32400000, p: 1882711, s: 0 	 max proactive lookup: 16, max shadow lookup: 16
	evict counters: 255 255 255 255 255 255 255 255 255 255 255 255 97 3 1 0
	eager counters: 255 255 255 255 255 255 255 255 255 255 255 255 255 239 158 131
num evicts: 32500000, p: 1898434, s: 0 	 max proactive lookup: 16, max shadow lookup: 16
	evict counters: 255 255 255 255 255 255 255 255 255 255 255 254 111 4 0 3
	eager counters: 255 255 255 255 255 255 255 255 255 255 255 255 255 239 158 131
num evicts: 32600000, p: 1914162, s: 0 	 max proactive lookup: 16, max shadow lookup: 16
	evict counters: 255 255 255 255 255 255 255 255 255 255 255 255 117 5 1 1
	eager counters: 255 255 255 255 255 255 255 255 255 255 255 255 255 239 158 131
num evicts: 32700000, p: 1929956, s: 0 	 max proactive lookup: 16, max shadow lookup: 16
	evict counters: 255 255 255 255 255 255 255 255 255 255 255 255 128 2 3 5
	eager counters: 255 255 255 255 255 255 255 255 255 255 255 255 255 239 158 131
num evicts: 32800000, p: 1946497, s: 0 	 max proactive lookup: 16, max shadow lookup: 16
	evict counters: 255 255 255 255 255 255 255 255 255 255 255 255 135 0 7 7
	eager counters: 255 255 255 255 255 255 255 255 255 255 255 255 255 239 158 131
num evicts: 32900000, p: 1963690, s: 0 	 max proactive lookup: 16, max shadow lookup: 16
	evict counters: 255 255 255 255 255 255 255 255 255 255 255 255 145 2 1 5
	eager counters: 255 255 255 255 255 255 255 255 255 255 255 255 255 239 158 131
num evicts: 33000000, p: 1980696, s: 0 	 max proactive lookup: 16, max shadow lookup: 16
	evict counters: 255 255 255 255 255 255 255 255 255 255 255 255 149 12 4 7
	eager counters: 255 255 255 255 255 255 255 255 255 255 255 255 255 239 158 131
num evicts: 33100000, p: 1998792, s: 0 	 max proactive lookup: 16, max shadow lookup: 16
	evict counters: 255 255 255 255 255 255 255 255 255 255 255 255 152 10 8 6
	eager counters: 255 255 255 255 255 255 255 255 255 255 255 255 255 239 158 131
num evicts: 33200000, p: 2016534, s: 0 	 max proactive lookup: 16, max shadow lookup: 16
	evict counters: 255 255 255 255 255 255 255 255 255 255 255 255 152 10 7 2
	eager counters: 255 255 255 255 255 255 255 255 255 255 255 255 255 239 158 131
num evicts: 33300000, p: 2034382, s: 0 	 max proactive lookup: 16, max shadow lookup: 16
	evict counters: 255 255 255 255 255 255 255 255 255 255 255 255 155 0 13 0
	eager counters: 255 255 255 255 255 255 255 255 255 255 255 255 255 239 158 131
num evicts: 33400000, p: 2051131, s: 0 	 max proactive lookup: 16, max shadow lookup: 16
	evict counters: 255 255 255 255 255 255 255 255 255 255 255 255 154 7 14 3
	eager counters: 255 255 255 255 255 255 255 255 255 255 255 255 255 239 158 131
num evicts: 33500000, p: 2067939, s: 0 	 max proactive lookup: 16, max shadow lookup: 16
	evict counters: 255 255 255 255 255 255 255 255 255 255 255 255 157 9 15 3
	eager counters: 255 255 255 255 255 255 255 255 255 255 255 255 255 239 158 131
num evicts: 33600000, p: 2083566, s: 0 	 max proactive lookup: 16, max shadow lookup: 16
	evict counters: 255 255 255 255 255 255 255 255 255 255 255 255 161 9 18 10
	eager counters: 255 255 255 255 255 255 255 255 255 255 255 255 255 239 158 131
num evicts: 33700000, p: 2099055, s: 0 	 max proactive lookup: 16, max shadow lookup: 16
	evict counters: 255 255 255 255 255 255 255 255 255 255 255 255 157 15 13 7
	eager counters: 255 255 255 255 255 255 255 255 255 255 255 255 255 239 158 131
num evicts: 33800000, p: 2115195, s: 0 	 max proactive lookup: 16, max shadow lookup: 16
	evict counters: 255 255 255 255 255 255 255 255 255 255 255 255 151 8 15 2
	eager counters: 255 255 255 255 255 255 255 255 255 255 255 255 255 239 158 131
Heartbeat CPU 0 instructions: 110000014 cycles: 267196372 heartbeat IPC: 0.2464 cumulative IPC: 0.3306 (Simulation time: 04 hr 56 min 22 sec)
num evicts: 33900000, p: 2131967, s: 0 	 max proactive lookup: 16, max shadow lookup: 16
	evict counters: 255 255 255 255 255 255 255 255 255 255 255 255 153 0 18 6
	eager counters: 255 255 255 255 255 255 255 255 255 255 255 255 255 239 158 131
Heartbeat CPU 1 instructions: 110000016 cycles: 268208303 heartbeat IPC: 0.2439 cumulative IPC: 0.33 (Simulation time: 04 hr 57 min 23 sec)
Heartbeat CPU 3 instructions: 110000014 cycles: 268474209 heartbeat IPC: 0.2454 cumulative IPC: 0.3304 (Simulation time: 04 hr 57 min 39 sec)
Heartbeat CPU 2 instructions: 110000014 cycles: 268749524 heartbeat IPC: 0.2449 cumulative IPC: 0.3297 (Simulation time: 04 hr 57 min 56 sec)
num evicts: 34000000, p: 2149455, s: 0 	 max proactive lookup: 16, max shadow lookup: 16
	evict counters: 255 255 255 255 255 255 255 255 255 255 255 255 157 3 16 7
	eager counters: 255 255 255 255 255 255 255 255 255 255 255 255 255 239 158 131
Heartbeat CPU 5 instructions: 110000028 cycles: 269063570 heartbeat IPC: 0.2442 cumulative IPC: 0.3304 (Simulation time: 04 hr 58 min 15 sec)
Heartbeat CPU 6 instructions: 110000024 cycles: 270015737 heartbeat IPC: 0.2433 cumulative IPC: 0.3296 (Simulation time: 04 hr 59 min 16 sec)
Heartbeat CPU 4 instructions: 110000024 cycles: 270114080 heartbeat IPC: 0.2425 cumulative IPC: 0.3287 (Simulation time: 04 hr 59 min 23 sec)
num evicts: 34100000, p: 2166349, s: 0 	 max proactive lookup: 16, max shadow lookup: 16
	evict counters: 255 255 255 255 255 255 255 255 255 255 255 255 158 0 15 8
	eager counters: 255 255 255 255 255 255 255 255 255 255 255 255 255 239 158 131
Heartbeat CPU 7 instructions: 110000019 cycles: 271212848 heartbeat IPC: 0.2405 cumulative IPC: 0.3285 (Simulation time: 05 hr 00 min 29 sec)
num evicts: 34200000, p: 2183915, s: 0 	 max proactive lookup: 16, max shadow lookup: 16
	evict counters: 255 255 255 255 255 255 255 255 255 255 255 255 165 0 15 7
	eager counters: 255 255 255 255 255 255 255 255 255 255 255 255 255 239 158 131
num evicts: 34300000, p: 2201302, s: 0 	 max proactive lookup: 16, max shadow lookup: 16
	evict counters: 255 255 255 255 255 255 255 255 255 255 255 255 165 3 12 11
	eager counters: 255 255 255 255 255 255 255 255 255 255 255 255 255 239 158 131
num evicts: 34400000, p: 2219308, s: 0 	 max proactive lookup: 16, max shadow lookup: 16
	evict counters: 255 255 255 255 255 255 255 255 255 255 255 255 168 10 7 8
	eager counters: 255 255 255 255 255 255 255 255 255 255 255 255 255 239 158 131
num evicts: 34500000, p: 2236766, s: 0 	 max proactive lookup: 16, max shadow lookup: 16
	evict counters: 255 255 255 255 255 255 255 255 255 255 255 253 170 7 3 11
	eager counters: 255 255 255 255 255 255 255 255 255 255 255 255 255 239 158 131
num evicts: 34600000, p: 2253283, s: 0 	 max proactive lookup: 16, max shadow lookup: 16
	evict counters: 255 255 255 255 255 255 255 255 255 255 255 255 172 9 8 1
	eager counters: 255 255 255 255 255 255 255 255 255 255 255 255 255 239 158 131
num evicts: 34700000, p: 2269443, s: 0 	 max proactive lookup: 16, max shadow lookup: 16
	evict counters: 255 255 255 255 255 255 255 255 255 255 255 255 178 11 9 0
	eager counters: 255 255 255 255 255 255 255 255 255 255 255 255 255 239 158 131
num evicts: 34800000, p: 2285542, s: 0 	 max proactive lookup: 16, max shadow lookup: 16
	evict counters: 255 255 255 255 255 255 255 255 255 255 255 255 186 12 10 3
	eager counters: 255 255 255 255 255 255 255 255 255 255 255 255 255 239 158 131
num evicts: 34900000, p: 2301675, s: 0 	 max proactive lookup: 16, max shadow lookup: 16
	evict counters: 255 255 255 255 255 255 255 255 255 255 253 255 188 10 10 5
	eager counters: 255 255 255 255 255 255 255 255 255 255 255 255 255 239 158 131
num evicts: 35000000, p: 2319297, s: 0 	 max proactive lookup: 16, max shadow lookup: 16
	evict counters: 255 255 255 255 255 255 255 255 255 255 255 252 186 6 6 2
	eager counters: 255 255 255 255 255 255 255 255 255 255 255 255 255 239 158 131
num evicts: 35100000, p: 2338176, s: 0 	 max proactive lookup: 16, max shadow lookup: 16
	evict counters: 255 255 255 255 255 255 255 255 255 255 255 255 187 10 0 7
	eager counters: 255 255 255 255 255 255 255 255 255 255 255 255 255 239 158 131
num evicts: 35200000, p: 2356482, s: 0 	 max proactive lookup: 16, max shadow lookup: 16
	evict counters: 255 255 255 255 255 255 255 255 255 255 255 254 186 18 4 3
	eager counters: 255 255 255 255 255 255 255 255 255 255 255 255 255 239 158 131
num evicts: 35300000, p: 2374898, s: 0 	 max proactive lookup: 16, max shadow lookup: 16
	evict counters: 255 255 255 255 255 255 255 255 255 255 255 255 186 18 0 5
	eager counters: 255 255 255 255 255 255 255 255 255 255 255 255 255 239 158 131
num evicts: 35400000, p: 2392289, s: 0 	 max proactive lookup: 16, max shadow lookup: 16
	evict counters: 255 255 255 255 255 255 255 255 255 255 255 255 189 21 0 2
	eager counters: 255 255 255 255 255 255 255 255 255 255 255 255 255 239 158 131
num evicts: 35500000, p: 2408671, s: 0 	 max proactive lookup: 16, max shadow lookup: 16
	evict counters: 255 255 255 255 255 255 255 255 255 255 255 254 191 21 2 4
	eager counters: 255 255 255 255 255 255 255 255 255 255 255 255 255 239 158 131
num evicts: 35600000, p: 2423658, s: 0 	 max proactive lookup: 16, max shadow lookup: 16
	evict counters: 255 255 255 255 255 255 255 255 255 255 254 254 198 21 4 8
	eager counters: 255 255 255 255 255 255 255 255 255 255 255 255 255 239 158 131
num evicts: 35700000, p: 2438334, s: 0 	 max proactive lookup: 16, max shadow lookup: 16
	evict counters: 255 255 255 255 255 255 255 255 255 255 255 255 198 14 9 6
	eager counters: 255 255 255 255 255 255 255 255 255 255 255 255 255 239 158 131
num evicts: 35800000, p: 2453358, s: 0 	 max proactive lookup: 16, max shadow lookup: 16
	evict counters: 255 255 255 255 255 255 255 255 255 255 255 255 192 18 8 1
	eager counters: 255 255 255 255 255 255 255 255 255 255 255 255 255 239 158 131
num evicts: 35900000, p: 2468834, s: 0 	 max proactive lookup: 16, max shadow lookup: 16
	evict counters: 255 255 255 255 255 255 255 255 255 255 255 255 198 11 4 7
	eager counters: 255 255 255 255 255 255 255 255 255 255 255 255 255 239 158 131
num evicts: 36000000, p: 2485388, s: 0 	 max proactive lookup: 16, max shadow lookup: 16
	evict counters: 255 255 255 255 255 255 255 255 255 255 255 255 202 10 0 8
	eager counters: 255 255 255 255 255 255 255 255 255 255 255 255 255 239 158 131
num evicts: 36100000, p: 2502570, s: 0 	 max proactive lookup: 16, max shadow lookup: 16
	evict counters: 255 255 255 255 255 255 255 255 255 255 255 255 211 10 3 5
	eager counters: 255 255 255 255 255 255 255 255 255 255 255 255 255 240 158 131
num evicts: 36200000, p: 2520055, s: 0 	 max proactive lookup: 16, max shadow lookup: 16
	evict counters: 255 255 255 255 255 255 255 255 255 255 255 255 212 6 6 4
	eager counters: 255 255 255 255 255 255 255 255 255 255 255 255 255 240 158 131
num evicts: 36300000, p: 2536807, s: 0 	 max proactive lookup: 16, max shadow lookup: 16
	evict counters: 255 255 255 255 255 255 255 255 255 255 255 255 209 11 7 3
	eager counters: 255 255 255 255 255 255 255 255 255 255 255 255 255 240 158 131
num evicts: 36400000, p: 2553749, s: 0 	 max proactive lookup: 16, max shadow lookup: 16
	evict counters: 255 255 255 255 255 255 255 255 255 255 255 255 205 15 10 6
	eager counters: 255 255 255 255 255 255 255 255 255 255 255 255 255 240 158 131
num evicts: 36500000, p: 2571766, s: 0 	 max proactive lookup: 16, max shadow lookup: 16
	evict counters: 255 255 255 255 255 255 255 255 255 255 254 255 210 10 11 4
	eager counters: 255 255 255 255 255 255 255 255 255 255 255 255 255 240 158 131
num evicts: 36600000, p: 2589474, s: 0 	 max proactive lookup: 16, max shadow lookup: 16
	evict counters: 255 255 255 255 255 255 255 255 255 255 255 254 211 6 3 8
	eager counters: 255 255 255 255 255 255 255 255 255 255 255 255 255 241 158 131
num evicts: 36700000, p: 2607107, s: 0 	 max proactive lookup: 16, max shadow lookup: 16
	evict counters: 255 255 255 255 255 255 255 255 255 255 255 254 213 8 1 4
	eager counters: 255 255 255 255 255 255 255 255 255 255 255 255 255 243 158 131
num evicts: 36800000, p: 2624670, s: 0 	 max proactive lookup: 16, max shadow lookup: 16
	evict counters: 255 255 255 255 255 255 255 255 255 255 255 255 227 13 5 0
	eager counters: 255 255 255 255 255 255 255 255 255 255 255 255 255 243 158 131
num evicts: 36900000, p: 2641687, s: 0 	 max proactive lookup: 16, max shadow lookup: 16
	evict counters: 255 255 255 255 255 255 255 255 255 255 255 255 223 19 3 0
	eager counters: 255 255 255 255 255 255 255 255 255 255 255 255 255 244 158 131
num evicts: 37000000, p: 2658708, s: 0 	 max proactive lookup: 16, max shadow lookup: 16
	evict counters: 255 255 255 255 255 255 255 255 255 255 255 254 218 14 5 3
	eager counters: 255 255 255 255 255 255 255 255 255 255 255 255 255 245 158 131
num evicts: 37100000, p: 2673717, s: 0 	 max proactive lookup: 16, max shadow lookup: 16
	evict counters: 255 255 255 255 255 255 255 255 255 255 255 255 224 15 10 4
	eager counters: 255 255 255 255 255 255 255 255 255 255 255 255 255 245 158 131
num evicts: 37200000, p: 2688932, s: 0 	 max proactive lookup: 16, max shadow lookup: 16
	evict counters: 255 255 255 255 255 255 255 255 255 255 255 253 233 13 15 3
	eager counters: 255 255 255 255 255 255 255 255 255 255 255 255 255 245 158 131
num evicts: 37300000, p: 2703232, s: 0 	 max proactive lookup: 16, max shadow lookup: 16
	evict counters: 255 255 255 255 255 255 255 255 255 255 253 255 234 13 14 5
	eager counters: 255 255 255 255 255 255 255 255 255 255 255 255 255 245 158 131
num evicts: 37400000, p: 2717499, s: 0 	 max proactive lookup: 16, max shadow lookup: 16
	evict counters: 255 255 255 255 255 255 255 255 255 255 255 255 236 13 4 1
	eager counters: 255 255 255 255 255 255 255 255 255 255 255 255 255 246 158 131
num evicts: 37500000, p: 2732016, s: 0 	 max proactive lookup: 16, max shadow lookup: 16
	evict counters: 255 255 255 255 255 255 255 255 255 255 255 255 233 5 4 2
	eager counters: 255 255 255 255 255 255 255 255 255 255 255 255 255 246 158 131
num evicts: 37600000, p: 2748832, s: 0 	 max proactive lookup: 16, max shadow lookup: 16
	evict counters: 255 255 255 255 255 255 255 255 255 255 255 255 235 3 10 3
	eager counters: 255 255 255 255 255 255 255 255 255 255 255 255 255 246 158 131
num evicts: 37700000, p: 2767545, s: 0 	 max proactive lookup: 16, max shadow lookup: 16
	evict counters: 255 255 255 255 255 255 255 255 255 255 254 254 237 9 19 5
	eager counters: 255 255 255 255 255 255 255 255 255 255 255 255 255 246 158 131
num evicts: 37800000, p: 2785491, s: 0 	 max proactive lookup: 16, max shadow lookup: 16
	evict counters: 255 255 255 255 255 255 255 255 255 255 255 254 232 15 17 8
	eager counters: 255 255 255 255 255 255 255 255 255 255 255 255 255 248 158 131
num evicts: 37900000, p: 2803646, s: 0 	 max proactive lookup: 16, max shadow lookup: 16
	evict counters: 255 255 255 255 255 255 255 255 255 255 255 255 241 14 17 8
	eager counters: 255 255 255 255 255 255 255 255 255 255 255 255 255 249 158 131
num evicts: 38000000, p: 2821213, s: 0 	 max proactive lookup: 16, max shadow lookup: 16
	evict counters: 255 255 255 255 255 255 255 255 255 255 255 255 242 13 23 8
	eager counters: 255 255 255 255 255 255 255 255 255 255 255 255 255 250 158 131
num evicts: 38100000, p: 2838061, s: 0 	 max proactive lookup: 16, max shadow lookup: 16
	evict counters: 255 255 255 255 255 255 255 255 255 255 255 254 245 17 22 10
	eager counters: 255 255 255 255 255 255 255 255 255 255 255 255 255 250 158 131
num evicts: 38200000, p: 2854509, s: 0 	 max proactive lookup: 16, max shadow lookup: 16
	evict counters: 255 255 255 255 255 255 255 255 255 255 255 254 242 20 21 18
	eager counters: 255 255 255 255 255 255 255 255 255 255 255 255 255 250 158 131
num evicts: 38300000, p: 2870380, s: 0 	 max proactive lookup: 16, max shadow lookup: 16
	evict counters: 255 255 255 255 255 255 255 255 255 255 255 255 244 27 18 15
	eager counters: 255 255 255 255 255 255 255 255 255 255 255 255 255 252 158 131
Heartbeat CPU 0 instructions: 120000016 cycles: 324444850 heartbeat IPC: 0.1747 cumulative IPC: 0.302 (Simulation time: 05 hr 54 min 10 sec)
Heartbeat CPU 3 instructions: 120000015 cycles: 325246693 heartbeat IPC: 0.1761 cumulative IPC: 0.3024 (Simulation time: 05 hr 54 min 59 sec)
Heartbeat CPU 1 instructions: 120000019 cycles: 325300330 heartbeat IPC: 0.1752 cumulative IPC: 0.3017 (Simulation time: 05 hr 55 min 02 sec)
num evicts: 38400000, p: 2885416, s: 0 	 max proactive lookup: 16, max shadow lookup: 16
	evict counters: 255 255 255 255 255 255 255 255 255 255 255 252 249 24 31 11
	eager counters: 255 255 255 255 255 255 255 255 255 255 255 255 255 253 158 131
Heartbeat CPU 2 instructions: 120000014 cycles: 325499669 heartbeat IPC: 0.1762 cumulative IPC: 0.3019 (Simulation time: 05 hr 55 min 14 sec)
Heartbeat CPU 5 instructions: 120000031 cycles: 326111426 heartbeat IPC: 0.1753 cumulative IPC: 0.3022 (Simulation time: 05 hr 55 min 51 sec)
num evicts: 38500000, p: 2900159, s: 0 	 max proactive lookup: 16, max shadow lookup: 16
	evict counters: 255 255 255 255 255 255 255 255 255 255 255 254 250 21 37 12
	eager counters: 255 255 255 255 255 255 255 255 255 255 255 255 255 255 158 131
Heartbeat CPU 6 instructions: 120000024 cycles: 327157980 heartbeat IPC: 0.175 cumulative IPC: 0.3016 (Simulation time: 05 hr 56 min 54 sec)
Heartbeat CPU 4 instructions: 120000025 cycles: 327229226 heartbeat IPC: 0.1751 cumulative IPC: 0.3008 (Simulation time: 05 hr 56 min 58 sec)
num evicts: 38600000, p: 2915833, s: 0 	 max proactive lookup: 16, max shadow lookup: 16
	evict counters: 255 255 255 255 255 255 255 255 255 255 255 254 253 23 29 11
	eager counters: 255 255 255 255 255 255 255 255 255 255 255 255 255 255 158 131
Heartbeat CPU 7 instructions: 120000019 cycles: 328071162 heartbeat IPC: 0.1759 cumulative IPC: 0.301 (Simulation time: 05 hr 57 min 49 sec)
num evicts: 38700000, p: 2932681, s: 0 	 max proactive lookup: 16, max shadow lookup: 16
	evict counters: 255 255 255 255 255 255 255 255 255 255 255 253 255 23 26 20
	eager counters: 255 255 255 255 255 255 255 255 255 255 255 255 255 255 158 131
num evicts: 38800000, p: 2949644, s: 0 	 max proactive lookup: 16, max shadow lookup: 16
	evict counters: 255 255 255 255 255 255 255 255 255 255 253 255 255 21 22 17
	eager counters: 255 255 255 255 255 255 255 255 255 255 255 255 255 255 158 131
num evicts: 38900000, p: 2966480, s: 0 	 max proactive lookup: 16, max shadow lookup: 16
	evict counters: 255 255 255 255 255 255 255 255 255 255 255 255 248 20 24 11
	eager counters: 255 255 255 255 255 255 255 255 255 255 255 255 255 255 158 131
num evicts: 39000000, p: 2983777, s: 0 	 max proactive lookup: 16, max shadow lookup: 16
	evict counters: 255 255 255 255 255 255 255 255 255 255 254 255 249 16 22 13
	eager counters: 255 255 255 255 255 255 255 255 255 255 255 255 255 255 158 131
num evicts: 39100000, p: 3001515, s: 0 	 max proactive lookup: 16, max shadow lookup: 16
	evict counters: 255 255 255 255 255 255 255 255 255 255 255 249 252 21 29 15
	eager counters: 255 255 255 255 255 255 255 255 255 255 255 255 255 255 158 131
num evicts: 39200000, p: 3018542, s: 0 	 max proactive lookup: 16, max shadow lookup: 16
	evict counters: 255 255 255 255 255 255 255 255 255 255 255 251 250 26 28 10
	eager counters: 255 255 255 255 255 255 255 255 255 255 255 255 255 255 158 131
num evicts: 39300000, p: 3035141, s: 0 	 max proactive lookup: 16, max shadow lookup: 16
	evict counters: 255 255 255 255 255 255 255 255 255 255 255 255 246 26 34 9
	eager counters: 255 255 255 255 255 255 255 255 255 255 255 255 255 255 158 131
num evicts: 39400000, p: 3052668, s: 0 	 max proactive lookup: 16, max shadow lookup: 16
	evict counters: 255 255 255 255 255 255 255 255 255 255 255 253 250 36 42 13
	eager counters: 255 255 255 255 255 255 255 255 255 255 255 255 255 255 158 131
num evicts: 39500000, p: 3069402, s: 0 	 max proactive lookup: 16, max shadow lookup: 16
	evict counters: 255 255 255 255 255 255 255 255 255 255 255 253 250 31 40 13
	eager counters: 255 255 255 255 255 255 255 255 255 255 255 255 255 255 158 131
num evicts: 39600000, p: 3087014, s: 0 	 max proactive lookup: 16, max shadow lookup: 16
	evict counters: 255 255 255 255 255 255 255 255 255 255 255 253 255 32 40 9
	eager counters: 255 255 255 255 255 255 255 255 255 255 255 255 255 255 158 131
num evicts: 39700000, p: 3103981, s: 0 	 max proactive lookup: 16, max shadow lookup: 16
	evict counters: 255 255 255 255 255 255 255 255 255 255 255 254 253 38 36 5
	eager counters: 255 255 255 255 255 255 255 255 255 255 255 255 255 255 158 131
num evicts: 39800000, p: 3122566, s: 0 	 max proactive lookup: 16, max shadow lookup: 16
	evict counters: 255 255 255 255 255 255 255 255 255 255 255 255 253 39 41 8
	eager counters: 255 255 255 255 255 255 255 255 255 255 255 255 255 255 158 131
num evicts: 39900000, p: 3138085, s: 0 	 max proactive lookup: 16, max shadow lookup: 16
	evict counters: 255 255 255 254 255 255 255 255 255 254 255 255 255 46 46 16
	eager counters: 255 255 255 255 255 255 255 255 255 255 255 255 255 255 158 131
num evicts: 40000000, p: 3146588, s: 0 	 max proactive lookup: 16, max shadow lookup: 16
	evict counters: 255 255 255 255 255 255 255 255 255 255 255 255 255 59 60 25
	eager counters: 255 255 255 255 255 255 255 255 255 255 255 255 255 255 158 131
num evicts: 40100000, p: 3150721, s: 0 	 max proactive lookup: 16, max shadow lookup: 16
	evict counters: 255 255 255 255 255 255 255 255 255 255 255 255 255 70 73 36
	eager counters: 255 255 255 255 255 255 255 255 255 255 255 255 255 255 161 131
num evicts: 40200000, p: 3150751, s: 0 	 max proactive lookup: 16, max shadow lookup: 16
	evict counters: 255 255 255 255 255 255 255 255 255 255 255 255 255 81 86 45
	eager counters: 255 255 255 255 255 255 255 255 255 255 255 255 255 255 161 131
num evicts: 40300000, p: 3150784, s: 0 	 max proactive lookup: 16, max shadow lookup: 16
	evict counters: 255 255 255 255 255 255 255 255 255 255 255 255 255 95 96 54
	eager counters: 255 255 255 255 255 255 255 255 255 255 255 255 255 255 161 131
Simulation finished CPU 7 instructions: 100000003 cycles: 346496608 cumulative IPC: 0.2886 (Simulation time: 06 hr 27 min 05 sec)
Simulation finished CPU 6 instructions: 100000002 cycles: 346787182 cumulative IPC: 0.2884 (Simulation time: 06 hr 27 min 20 sec)
Simulation finished CPU 5 instructions: 100000000 cycles: 347199198 cumulative IPC: 0.288 (Simulation time: 06 hr 27 min 42 sec)
Simulation finished CPU 3 instructions: 100000003 cycles: 348132280 cumulative IPC: 0.2872 (Simulation time: 06 hr 28 min 32 sec)
Simulation finished CPU 4 instructions: 100000003 cycles: 348326538 cumulative IPC: 0.2871 (Simulation time: 06 hr 28 min 43 sec)
num evicts: 40400000, p: 3150794, s: 0 	 max proactive lookup: 16, max shadow lookup: 16
	evict counters: 255 255 255 255 255 255 255 255 255 255 255 255 255 103 105 60
	eager counters: 255 255 255 255 255 255 255 255 255 255 255 255 255 255 161 131
Simulation finished CPU 2 instructions: 100000002 cycles: 348721940 cumulative IPC: 0.2868 (Simulation time: 06 hr 29 min 04 sec)
Simulation finished CPU 1 instructions: 100000002 cycles: 349409649 cumulative IPC: 0.2862 (Simulation time: 06 hr 29 min 41 sec)
Simulation finished CPU 0 instructions: 100000002 cycles: 350147865 cumulative IPC: 0.2856 (Simulation time: 06 hr 30 min 20 sec)
Simulation complete CPU 7 instructions: 100530581 cycles: 350147865 cumulative IPC: 0.2871 (Simulation time: 06 hr 30 min 20 sec)
Simulation complete CPU 6 instructions: 100488932 cycles: 350147865 cumulative IPC: 0.287 (Simulation time: 06 hr 30 min 20 sec)
Simulation complete CPU 5 instructions: 100428174 cycles: 350147865 cumulative IPC: 0.2868 (Simulation time: 06 hr 30 min 20 sec)
Simulation complete CPU 4 instructions: 100264377 cycles: 350147865 cumulative IPC: 0.2863 (Simulation time: 06 hr 30 min 20 sec)
Simulation complete CPU 3 instructions: 100293751 cycles: 350147865 cumulative IPC: 0.2864 (Simulation time: 06 hr 30 min 20 sec)
Simulation complete CPU 2 instructions: 100207154 cycles: 350147865 cumulative IPC: 0.2862 (Simulation time: 06 hr 30 min 20 sec)
Simulation complete CPU 1 instructions: 100107190 cycles: 350147865 cumulative IPC: 0.2859 (Simulation time: 06 hr 30 min 20 sec)
Simulation complete CPU 0 instructions: 100000002 cycles: 350147865 cumulative IPC: 0.2856 (Simulation time: 06 hr 30 min 20 sec)

ChampSim completed all CPUs

=== Simulation ===
CPU 0 runs TRACES/ctf/ligra/ligra_PageRank.com-lj.ungraph.gcc_6.3.0_O3.drop_60750M.length_250M.champsimtrace.xz
CPU 1 runs TRACES/ctf/ligra/ligra_PageRank.com-lj.ungraph.gcc_6.3.0_O3.drop_60750M.length_250M.champsimtrace.xz
CPU 2 runs TRACES/ctf/ligra/ligra_PageRank.com-lj.ungraph.gcc_6.3.0_O3.drop_60750M.length_250M.champsimtrace.xz
CPU 3 runs TRACES/ctf/ligra/ligra_PageRank.com-lj.ungraph.gcc_6.3.0_O3.drop_60750M.length_250M.champsimtrace.xz
CPU 4 runs TRACES/ctf/ligra/ligra_PageRank.com-lj.ungraph.gcc_6.3.0_O3.drop_60750M.length_250M.champsimtrace.xz
CPU 5 runs TRACES/ctf/ligra/ligra_PageRank.com-lj.ungraph.gcc_6.3.0_O3.drop_60750M.length_250M.champsimtrace.xz
CPU 6 runs TRACES/ctf/ligra/ligra_PageRank.com-lj.ungraph.gcc_6.3.0_O3.drop_60750M.length_250M.champsimtrace.xz
CPU 7 runs TRACES/ctf/ligra/ligra_PageRank.com-lj.ungraph.gcc_6.3.0_O3.drop_60750M.length_250M.champsimtrace.xz

Total Simulation Statistics (not including warmup)

CPU 7 cumulative IPC: 0.2871 instructions: 100530581 cycles: 350147865
CPU 7 Branch Prediction Accuracy: 100% MPKI: 0 Average ROB Occupancy at Mispredict: -
Branch type MPKI
BRANCH_DIRECT_JUMP: 0
BRANCH_INDIRECT: 0
BRANCH_CONDITIONAL: 0
BRANCH_DIRECT_CALL: 0
BRANCH_INDIRECT_CALL: 0
BRANCH_RETURN: 0


CPU 6 cumulative IPC: 0.287 instructions: 100488932 cycles: 350147865
CPU 6 Branch Prediction Accuracy: 100% MPKI: 0 Average ROB Occupancy at Mispredict: -
Branch type MPKI
BRANCH_DIRECT_JUMP: 0
BRANCH_INDIRECT: 0
BRANCH_CONDITIONAL: 0
BRANCH_DIRECT_CALL: 0
BRANCH_INDIRECT_CALL: 0
BRANCH_RETURN: 0


CPU 5 cumulative IPC: 0.2868 instructions: 100428174 cycles: 350147865
CPU 5 Branch Prediction Accuracy: 100% MPKI: 0 Average ROB Occupancy at Mispredict: -
Branch type MPKI
BRANCH_DIRECT_JUMP: 0
BRANCH_INDIRECT: 0
BRANCH_CONDITIONAL: 0
BRANCH_DIRECT_CALL: 0
BRANCH_INDIRECT_CALL: 0
BRANCH_RETURN: 0


CPU 4 cumulative IPC: 0.2863 instructions: 100264377 cycles: 350147865
CPU 4 Branch Prediction Accuracy: 100% MPKI: 0 Average ROB Occupancy at Mispredict: -
Branch type MPKI
BRANCH_DIRECT_JUMP: 0
BRANCH_INDIRECT: 0
BRANCH_CONDITIONAL: 0
BRANCH_DIRECT_CALL: 0
BRANCH_INDIRECT_CALL: 0
BRANCH_RETURN: 0


CPU 3 cumulative IPC: 0.2864 instructions: 100293751 cycles: 350147865
CPU 3 Branch Prediction Accuracy: 100% MPKI: 0 Average ROB Occupancy at Mispredict: -
Branch type MPKI
BRANCH_DIRECT_JUMP: 0
BRANCH_INDIRECT: 0
BRANCH_CONDITIONAL: 0
BRANCH_DIRECT_CALL: 0
BRANCH_INDIRECT_CALL: 0
BRANCH_RETURN: 0


CPU 2 cumulative IPC: 0.2862 instructions: 100207154 cycles: 350147865
CPU 2 Branch Prediction Accuracy: 100% MPKI: 0 Average ROB Occupancy at Mispredict: -
Branch type MPKI
BRANCH_DIRECT_JUMP: 0
BRANCH_INDIRECT: 0
BRANCH_CONDITIONAL: 0
BRANCH_DIRECT_CALL: 0
BRANCH_INDIRECT_CALL: 0
BRANCH_RETURN: 0


CPU 1 cumulative IPC: 0.2859 instructions: 100107190 cycles: 350147865
CPU 1 Branch Prediction Accuracy: 100% MPKI: 0 Average ROB Occupancy at Mispredict: -
Branch type MPKI
BRANCH_DIRECT_JUMP: 0
BRANCH_INDIRECT: 0
BRANCH_CONDITIONAL: 0
BRANCH_DIRECT_CALL: 0
BRANCH_INDIRECT_CALL: 0
BRANCH_RETURN: 0


CPU 0 cumulative IPC: 0.2856 instructions: 100000002 cycles: 350147865
CPU 0 Branch Prediction Accuracy: 100% MPKI: 0 Average ROB Occupancy at Mispredict: -
Branch type MPKI
BRANCH_DIRECT_JUMP: 0
BRANCH_INDIRECT: 0
BRANCH_CONDITIONAL: 0
BRANCH_DIRECT_CALL: 0
BRANCH_INDIRECT_CALL: 0
BRANCH_RETURN: 0

cpu7->cpu7_STLB TOTAL        ACCESS:      34978 HIT:      34947 MISS:         31 MSHR_MERGE:          0
cpu7->cpu7_STLB LOAD         ACCESS:      34978 HIT:      34947 MISS:         31 MSHR_MERGE:          0
cpu7->cpu7_STLB RFO          ACCESS:          0 HIT:          0 MISS:          0 MSHR_MERGE:          0
cpu7->cpu7_STLB PREFETCH     ACCESS:          0 HIT:          0 MISS:          0 MSHR_MERGE:          0
cpu7->cpu7_STLB WRITE        ACCESS:          0 HIT:          0 MISS:          0 MSHR_MERGE:          0
cpu7->cpu7_STLB TRANSLATION  ACCESS:          0 HIT:          0 MISS:          0 MSHR_MERGE:          0
cpu7->cpu7_STLB PREFETCH REQUESTED:          0 ISSUED:          0 USEFUL:          0 USELESS:          0
cpu7->cpu7_STLB AVERAGE MISS LATENCY: 231.6 cycles
cpu7->cpu7_L2C TOTAL        ACCESS:    4853952 HIT:    1134580 MISS:    3719372 MSHR_MERGE:          0
cpu7->cpu7_L2C LOAD         ACCESS:    3767865 HIT:      48609 MISS:    3719256 MSHR_MERGE:          0
cpu7->cpu7_L2C RFO          ACCESS:        194 HIT:        109 MISS:         85 MSHR_MERGE:          0
cpu7->cpu7_L2C PREFETCH     ACCESS:          0 HIT:          0 MISS:          0 MSHR_MERGE:          0
cpu7->cpu7_L2C WRITE        ACCESS:    1085863 HIT:    1085862 MISS:          1 MSHR_MERGE:          0
cpu7->cpu7_L2C TRANSLATION  ACCESS:         30 HIT:          0 MISS:         30 MSHR_MERGE:          0
cpu7->cpu7_L2C PREFETCH REQUESTED:          0 ISSUED:          0 USEFUL:          0 USELESS:          0
cpu7->cpu7_L2C AVERAGE MISS LATENCY: 320.8 cycles
cpu7->cpu7_L1I TOTAL        ACCESS:   16897087 HIT:   16896987 MISS:        100 MSHR_MERGE:         55
cpu7->cpu7_L1I LOAD         ACCESS:   16897087 HIT:   16896987 MISS:        100 MSHR_MERGE:         55
cpu7->cpu7_L1I RFO          ACCESS:          0 HIT:          0 MISS:          0 MSHR_MERGE:          0
cpu7->cpu7_L1I PREFETCH     ACCESS:          0 HIT:          0 MISS:          0 MSHR_MERGE:          0
cpu7->cpu7_L1I WRITE        ACCESS:          0 HIT:          0 MISS:          0 MSHR_MERGE:          0
cpu7->cpu7_L1I TRANSLATION  ACCESS:          0 HIT:          0 MISS:          0 MSHR_MERGE:          0
cpu7->cpu7_L1I PREFETCH REQUESTED:          0 ISSUED:          0 USEFUL:          0 USELESS:          0
cpu7->cpu7_L1I AVERAGE MISS LATENCY: 322.4 cycles
cpu7->cpu7_L1D TOTAL        ACCESS:   28546777 HIT:   19016492 MISS:    9530285 MSHR_MERGE:    5762240
cpu7->cpu7_L1D LOAD         ACCESS:   21068340 HIT:   11538317 MISS:    9530023 MSHR_MERGE:    5762203
cpu7->cpu7_L1D RFO          ACCESS:          0 HIT:          0 MISS:          0 MSHR_MERGE:          0
cpu7->cpu7_L1D PREFETCH     ACCESS:          0 HIT:          0 MISS:          0 MSHR_MERGE:          0
cpu7->cpu7_L1D WRITE        ACCESS:    7478406 HIT:    7478174 MISS:        232 MSHR_MERGE:         37
cpu7->cpu7_L1D TRANSLATION  ACCESS:         31 HIT:          1 MISS:         30 MSHR_MERGE:          0
cpu7->cpu7_L1D PREFETCH REQUESTED:          0 ISSUED:          0 USEFUL:          0 USELESS:          0
cpu7->cpu7_L1D AVERAGE MISS LATENCY: 325.6 cycles
cpu7->cpu7_ITLB TOTAL        ACCESS:   14841731 HIT:   14841723 MISS:          8 MSHR_MERGE:          7
cpu7->cpu7_ITLB LOAD         ACCESS:   14841731 HIT:   14841723 MISS:          8 MSHR_MERGE:          7
cpu7->cpu7_ITLB RFO          ACCESS:          0 HIT:          0 MISS:          0 MSHR_MERGE:          0
cpu7->cpu7_ITLB PREFETCH     ACCESS:          0 HIT:          0 MISS:          0 MSHR_MERGE:          0
cpu7->cpu7_ITLB WRITE        ACCESS:          0 HIT:          0 MISS:          0 MSHR_MERGE:          0
cpu7->cpu7_ITLB TRANSLATION  ACCESS:          0 HIT:          0 MISS:          0 MSHR_MERGE:          0
cpu7->cpu7_ITLB PREFETCH REQUESTED:          0 ISSUED:          0 USEFUL:          0 USELESS:          0
cpu7->cpu7_ITLB AVERAGE MISS LATENCY: 238 cycles
cpu7->cpu7_DTLB TOTAL        ACCESS:   26839233 HIT:   26802653 MISS:      36580 MSHR_MERGE:       1603
cpu7->cpu7_DTLB LOAD         ACCESS:   26839233 HIT:   26802653 MISS:      36580 MSHR_MERGE:       1603
cpu7->cpu7_DTLB RFO          ACCESS:          0 HIT:          0 MISS:          0 MSHR_MERGE:          0
cpu7->cpu7_DTLB PREFETCH     ACCESS:          0 HIT:          0 MISS:          0 MSHR_MERGE:          0
cpu7->cpu7_DTLB WRITE        ACCESS:          0 HIT:          0 MISS:          0 MSHR_MERGE:          0
cpu7->cpu7_DTLB TRANSLATION  ACCESS:          0 HIT:          0 MISS:          0 MSHR_MERGE:          0
cpu7->cpu7_DTLB PREFETCH REQUESTED:          0 ISSUED:          0 USEFUL:          0 USELESS:          0
cpu7->cpu7_DTLB AVERAGE MISS LATENCY: 5.2 cycles
cpu6->cpu6_STLB TOTAL        ACCESS:      34980 HIT:      34949 MISS:         31 MSHR_MERGE:          0
cpu6->cpu6_STLB LOAD         ACCESS:      34980 HIT:      34949 MISS:         31 MSHR_MERGE:          0
cpu6->cpu6_STLB RFO          ACCESS:          0 HIT:          0 MISS:          0 MSHR_MERGE:          0
cpu6->cpu6_STLB PREFETCH     ACCESS:          0 HIT:          0 MISS:          0 MSHR_MERGE:          0
cpu6->cpu6_STLB WRITE        ACCESS:          0 HIT:          0 MISS:          0 MSHR_MERGE:          0
cpu6->cpu6_STLB TRANSLATION  ACCESS:          0 HIT:          0 MISS:          0 MSHR_MERGE:          0
cpu6->cpu6_STLB PREFETCH REQUESTED:          0 ISSUED:          0 USEFUL:          0 USELESS:          0
cpu6->cpu6_STLB AVERAGE MISS LATENCY: 231.5 cycles
cpu6->cpu6_L2C TOTAL        ACCESS:    4855403 HIT:    1134594 MISS:    3720809 MSHR_MERGE:          0
cpu6->cpu6_L2C LOAD         ACCESS:    3769317 HIT:      48626 MISS:    3720691 MSHR_MERGE:          0
cpu6->cpu6_L2C RFO          ACCESS:        200 HIT:        113 MISS:         87 MSHR_MERGE:          0
cpu6->cpu6_L2C PREFETCH     ACCESS:          0 HIT:          0 MISS:          0 MSHR_MERGE:          0
cpu6->cpu6_L2C WRITE        ACCESS:    1085856 HIT:    1085855 MISS:          1 MSHR_MERGE:          0
cpu6->cpu6_L2C TRANSLATION  ACCESS:         30 HIT:          0 MISS:         30 MSHR_MERGE:          0
cpu6->cpu6_L2C PREFETCH REQUESTED:          0 ISSUED:          0 USEFUL:          0 USELESS:          0
cpu6->cpu6_L2C AVERAGE MISS LATENCY: 321.2 cycles
cpu6->cpu6_L1I TOTAL        ACCESS:   16890546 HIT:   16890450 MISS:         96 MSHR_MERGE:         51
cpu6->cpu6_L1I LOAD         ACCESS:   16890546 HIT:   16890450 MISS:         96 MSHR_MERGE:         51
cpu6->cpu6_L1I RFO          ACCESS:          0 HIT:          0 MISS:          0 MSHR_MERGE:          0
cpu6->cpu6_L1I PREFETCH     ACCESS:          0 HIT:          0 MISS:          0 MSHR_MERGE:          0
cpu6->cpu6_L1I WRITE        ACCESS:          0 HIT:          0 MISS:          0 MSHR_MERGE:          0
cpu6->cpu6_L1I TRANSLATION  ACCESS:          0 HIT:          0 MISS:          0 MSHR_MERGE:          0
cpu6->cpu6_L1I PREFETCH REQUESTED:          0 ISSUED:          0 USEFUL:          0 USELESS:          0
cpu6->cpu6_L1I AVERAGE MISS LATENCY: 280 cycles
cpu6->cpu6_L1D TOTAL        ACCESS:   28547249 HIT:   19010178 MISS:    9537071 MSHR_MERGE:    5767569
cpu6->cpu6_L1D LOAD         ACCESS:   21074005 HIT:   11537211 MISS:    9536794 MSHR_MERGE:    5767522
cpu6->cpu6_L1D RFO          ACCESS:          0 HIT:          0 MISS:          0 MSHR_MERGE:          0
cpu6->cpu6_L1D PREFETCH     ACCESS:          0 HIT:          0 MISS:          0 MSHR_MERGE:          0
cpu6->cpu6_L1D WRITE        ACCESS:    7473213 HIT:    7472966 MISS:        247 MSHR_MERGE:         47
cpu6->cpu6_L1D TRANSLATION  ACCESS:         31 HIT:          1 MISS:         30 MSHR_MERGE:          0
cpu6->cpu6_L1D PREFETCH REQUESTED:          0 ISSUED:          0 USEFUL:          0 USELESS:          0
cpu6->cpu6_L1D AVERAGE MISS LATENCY: 326 cycles
cpu6->cpu6_ITLB TOTAL        ACCESS:   14842037 HIT:   14842030 MISS:          7 MSHR_MERGE:          6
cpu6->cpu6_ITLB LOAD         ACCESS:   14842037 HIT:   14842030 MISS:          7 MSHR_MERGE:          6
cpu6->cpu6_ITLB RFO          ACCESS:          0 HIT:          0 MISS:          0 MSHR_MERGE:          0
cpu6->cpu6_ITLB PREFETCH     ACCESS:          0 HIT:          0 MISS:          0 MSHR_MERGE:          0
cpu6->cpu6_ITLB WRITE        ACCESS:          0 HIT:          0 MISS:          0 MSHR_MERGE:          0
cpu6->cpu6_ITLB TRANSLATION  ACCESS:          0 HIT:          0 MISS:          0 MSHR_MERGE:          0
cpu6->cpu6_ITLB PREFETCH REQUESTED:          0 ISSUED:          0 USEFUL:          0 USELESS:          0
cpu6->cpu6_ITLB AVERAGE MISS LATENCY: 238 cycles
cpu6->cpu6_DTLB TOTAL        ACCESS:   26856866 HIT:   26820226 MISS:      36640 MSHR_MERGE:       1661
cpu6->cpu6_DTLB LOAD         ACCESS:   26856866 HIT:   26820226 MISS:      36640 MSHR_MERGE:       1661
cpu6->cpu6_DTLB RFO          ACCESS:          0 HIT:          0 MISS:          0 MSHR_MERGE:          0
cpu6->cpu6_DTLB PREFETCH     ACCESS:          0 HIT:          0 MISS:          0 MSHR_MERGE:          0
cpu6->cpu6_DTLB WRITE        ACCESS:          0 HIT:          0 MISS:          0 MSHR_MERGE:          0
cpu6->cpu6_DTLB TRANSLATION  ACCESS:          0 HIT:          0 MISS:          0 MSHR_MERGE:          0
cpu6->cpu6_DTLB PREFETCH REQUESTED:          0 ISSUED:          0 USEFUL:          0 USELESS:          0
cpu6->cpu6_DTLB AVERAGE MISS LATENCY: 5.2 cycles
cpu5->cpu5_STLB TOTAL        ACCESS:      34992 HIT:      34961 MISS:         31 MSHR_MERGE:          0
cpu5->cpu5_STLB LOAD         ACCESS:      34992 HIT:      34961 MISS:         31 MSHR_MERGE:          0
cpu5->cpu5_STLB RFO          ACCESS:          0 HIT:          0 MISS:          0 MSHR_MERGE:          0
cpu5->cpu5_STLB PREFETCH     ACCESS:          0 HIT:          0 MISS:          0 MSHR_MERGE:          0
cpu5->cpu5_STLB WRITE        ACCESS:          0 HIT:          0 MISS:          0 MSHR_MERGE:          0
cpu5->cpu5_STLB TRANSLATION  ACCESS:          0 HIT:          0 MISS:          0 MSHR_MERGE:          0
cpu5->cpu5_STLB PREFETCH REQUESTED:          0 ISSUED:          0 USEFUL:          0 USELESS:          0
cpu5->cpu5_STLB AVERAGE MISS LATENCY: 231.4 cycles
cpu5->cpu5_L2C TOTAL        ACCESS:    4856837 HIT:    1134561 MISS:    3722276 MSHR_MERGE:          0
cpu5->cpu5_L2C LOAD         ACCESS:    3770761 HIT:      48605 MISS:    3722156 MSHR_MERGE:          0
cpu5->cpu5_L2C RFO          ACCESS:        204 HIT:        115 MISS:         89 MSHR_MERGE:          0
cpu5->cpu5_L2C PREFETCH     ACCESS:          0 HIT:          0 MISS:          0 MSHR_MERGE:          0
cpu5->cpu5_L2C WRITE        ACCESS:    1085842 HIT:    1085841 MISS:          1 MSHR_MERGE:          0
cpu5->cpu5_L2C TRANSLATION  ACCESS:         30 HIT:          0 MISS:         30 MSHR_MERGE:          0
cpu5->cpu5_L2C PREFETCH REQUESTED:          0 ISSUED:          0 USEFUL:          0 USELESS:          0
cpu5->cpu5_L2C AVERAGE MISS LATENCY: 321.7 cycles
cpu5->cpu5_L1I TOTAL        ACCESS:   16880723 HIT:   16880628 MISS:         95 MSHR_MERGE:         50
cpu5->cpu5_L1I LOAD         ACCESS:   16880723 HIT:   16880628 MISS:         95 MSHR_MERGE:         50
cpu5->cpu5_L1I RFO          ACCESS:          0 HIT:          0 MISS:          0 MSHR_MERGE:          0
cpu5->cpu5_L1I PREFETCH     ACCESS:          0 HIT:          0 MISS:          0 MSHR_MERGE:          0
cpu5->cpu5_L1I WRITE        ACCESS:          0 HIT:          0 MISS:          0 MSHR_MERGE:          0
cpu5->cpu5_L1I TRANSLATION  ACCESS:          0 HIT:          0 MISS:          0 MSHR_MERGE:          0
cpu5->cpu5_L1I PREFETCH REQUESTED:          0 ISSUED:          0 USEFUL:          0 USELESS:          0
cpu5->cpu5_L1I AVERAGE MISS LATENCY: 469.1 cycles
cpu5->cpu5_L1D TOTAL        ACCESS:   28531716 HIT:   19007874 MISS:    9523842 MSHR_MERGE:    5752892
cpu5->cpu5_L1D LOAD         ACCESS:   21064831 HIT:   11541273 MISS:    9523558 MSHR_MERGE:    5752842
cpu5->cpu5_L1D RFO          ACCESS:          0 HIT:          0 MISS:          0 MSHR_MERGE:          0
cpu5->cpu5_L1D PREFETCH     ACCESS:          0 HIT:          0 MISS:          0 MSHR_MERGE:          0
cpu5->cpu5_L1D WRITE        ACCESS:    7466854 HIT:    7466600 MISS:        254 MSHR_MERGE:         50
cpu5->cpu5_L1D TRANSLATION  ACCESS:         31 HIT:          1 MISS:         30 MSHR_MERGE:          0
cpu5->cpu5_L1D PREFETCH REQUESTED:          0 ISSUED:          0 USEFUL:          0 USELESS:          0
cpu5->cpu5_L1D AVERAGE MISS LATENCY: 326.5 cycles
cpu5->cpu5_ITLB TOTAL        ACCESS:   14833860 HIT:   14833853 MISS:          7 MSHR_MERGE:          6
cpu5->cpu5_ITLB LOAD         ACCESS:   14833860 HIT:   14833853 MISS:          7 MSHR_MERGE:          6
cpu5->cpu5_ITLB RFO          ACCESS:          0 HIT:          0 MISS:          0 MSHR_MERGE:          0
cpu5->cpu5_ITLB PREFETCH     ACCESS:          0 HIT:          0 MISS:          0 MSHR_MERGE:          0
cpu5->cpu5_ITLB WRITE        ACCESS:          0 HIT:          0 MISS:          0 MSHR_MERGE:          0
cpu5->cpu5_ITLB TRANSLATION  ACCESS:          0 HIT:          0 MISS:          0 MSHR_MERGE:          0
cpu5->cpu5_ITLB PREFETCH REQUESTED:          0 ISSUED:          0 USEFUL:          0 USELESS:          0
cpu5->cpu5_ITLB AVERAGE MISS LATENCY: 238 cycles
cpu5->cpu5_DTLB TOTAL        ACCESS:   26838242 HIT:   26801630 MISS:      36612 MSHR_MERGE:       1621
cpu5->cpu5_DTLB LOAD         ACCESS:   26838242 HIT:   26801630 MISS:      36612 MSHR_MERGE:       1621
cpu5->cpu5_DTLB RFO          ACCESS:          0 HIT:          0 MISS:          0 MSHR_MERGE:          0
cpu5->cpu5_DTLB PREFETCH     ACCESS:          0 HIT:          0 MISS:          0 MSHR_MERGE:          0
cpu5->cpu5_DTLB WRITE        ACCESS:          0 HIT:          0 MISS:          0 MSHR_MERGE:          0
cpu5->cpu5_DTLB TRANSLATION  ACCESS:          0 HIT:          0 MISS:          0 MSHR_MERGE:          0
cpu5->cpu5_DTLB PREFETCH REQUESTED:          0 ISSUED:          0 USEFUL:          0 USELESS:          0
cpu5->cpu5_DTLB AVERAGE MISS LATENCY: 5.201 cycles
cpu4->cpu4_STLB TOTAL        ACCESS:      34941 HIT:      34910 MISS:         31 MSHR_MERGE:          0
cpu4->cpu4_STLB LOAD         ACCESS:      34941 HIT:      34910 MISS:         31 MSHR_MERGE:          0
cpu4->cpu4_STLB RFO          ACCESS:          0 HIT:          0 MISS:          0 MSHR_MERGE:          0
cpu4->cpu4_STLB PREFETCH     ACCESS:          0 HIT:          0 MISS:          0 MSHR_MERGE:          0
cpu4->cpu4_STLB WRITE        ACCESS:          0 HIT:          0 MISS:          0 MSHR_MERGE:          0
cpu4->cpu4_STLB TRANSLATION  ACCESS:          0 HIT:          0 MISS:          0 MSHR_MERGE:          0
cpu4->cpu4_STLB PREFETCH REQUESTED:          0 ISSUED:          0 USEFUL:          0 USELESS:          0
cpu4->cpu4_STLB AVERAGE MISS LATENCY: 231.5 cycles
cpu4->cpu4_L2C TOTAL        ACCESS:    4853472 HIT:    1134504 MISS:    3718968 MSHR_MERGE:          0
cpu4->cpu4_L2C LOAD         ACCESS:    3767424 HIT:      48574 MISS:    3718850 MSHR_MERGE:          0
cpu4->cpu4_L2C RFO          ACCESS:        199 HIT:        112 MISS:         87 MSHR_MERGE:          0
cpu4->cpu4_L2C PREFETCH     ACCESS:          0 HIT:          0 MISS:          0 MSHR_MERGE:          0
cpu4->cpu4_L2C WRITE        ACCESS:    1085819 HIT:    1085818 MISS:          1 MSHR_MERGE:          0
cpu4->cpu4_L2C TRANSLATION  ACCESS:         30 HIT:          0 MISS:         30 MSHR_MERGE:          0
cpu4->cpu4_L2C PREFETCH REQUESTED:          0 ISSUED:          0 USEFUL:          0 USELESS:          0
cpu4->cpu4_L2C AVERAGE MISS LATENCY: 321.5 cycles
cpu4->cpu4_L1I TOTAL        ACCESS:   16856025 HIT:   16855927 MISS:         98 MSHR_MERGE:         53
cpu4->cpu4_L1I LOAD         ACCESS:   16856025 HIT:   16855927 MISS:         98 MSHR_MERGE:         53
cpu4->cpu4_L1I RFO          ACCESS:          0 HIT:          0 MISS:          0 MSHR_MERGE:          0
cpu4->cpu4_L1I PREFETCH     ACCESS:          0 HIT:          0 MISS:          0 MSHR_MERGE:          0
cpu4->cpu4_L1I WRITE        ACCESS:          0 HIT:          0 MISS:          0 MSHR_MERGE:          0
cpu4->cpu4_L1I TRANSLATION  ACCESS:          0 HIT:          0 MISS:          0 MSHR_MERGE:          0
cpu4->cpu4_L1I PREFETCH REQUESTED:          0 ISSUED:          0 USEFUL:          0 USELESS:          0
cpu4->cpu4_L1I AVERAGE MISS LATENCY: 246.6 cycles
cpu4->cpu4_L1D TOTAL        ACCESS:   28475847 HIT:   18953857 MISS:    9521990 MSHR_MERGE:    5754382
cpu4->cpu4_L1D LOAD         ACCESS:   21013922 HIT:   11492201 MISS:    9521721 MSHR_MERGE:    5754342
cpu4->cpu4_L1D RFO          ACCESS:          0 HIT:          0 MISS:          0 MSHR_MERGE:          0
cpu4->cpu4_L1D PREFETCH     ACCESS:          0 HIT:          0 MISS:          0 MSHR_MERGE:          0
cpu4->cpu4_L1D WRITE        ACCESS:    7461894 HIT:    7461655 MISS:        239 MSHR_MERGE:         40
cpu4->cpu4_L1D TRANSLATION  ACCESS:         31 HIT:          1 MISS:         30 MSHR_MERGE:          0
cpu4->cpu4_L1D PREFETCH REQUESTED:          0 ISSUED:          0 USEFUL:          0 USELESS:          0
cpu4->cpu4_L1D AVERAGE MISS LATENCY: 326.4 cycles
cpu4->cpu4_ITLB TOTAL        ACCESS:   14809796 HIT:   14809789 MISS:          7 MSHR_MERGE:          6
cpu4->cpu4_ITLB LOAD         ACCESS:   14809796 HIT:   14809789 MISS:          7 MSHR_MERGE:          6
cpu4->cpu4_ITLB RFO          ACCESS:          0 HIT:          0 MISS:          0 MSHR_MERGE:          0
cpu4->cpu4_ITLB PREFETCH     ACCESS:          0 HIT:          0 MISS:          0 MSHR_MERGE:          0
cpu4->cpu4_ITLB WRITE        ACCESS:          0 HIT:          0 MISS:          0 MSHR_MERGE:          0
cpu4->cpu4_ITLB TRANSLATION  ACCESS:          0 HIT:          0 MISS:          0 MSHR_MERGE:          0
cpu4->cpu4_ITLB PREFETCH REQUESTED:          0 ISSUED:          0 USEFUL:          0 USELESS:          0
cpu4->cpu4_ITLB AVERAGE MISS LATENCY: 238 cycles
cpu4->cpu4_DTLB TOTAL        ACCESS:   26768026 HIT:   26731496 MISS:      36530 MSHR_MERGE:       1590
cpu4->cpu4_DTLB LOAD         ACCESS:   26768026 HIT:   26731496 MISS:      36530 MSHR_MERGE:       1590
cpu4->cpu4_DTLB RFO          ACCESS:          0 HIT:          0 MISS:          0 MSHR_MERGE:          0
cpu4->cpu4_DTLB PREFETCH     ACCESS:          0 HIT:          0 MISS:          0 MSHR_MERGE:          0
cpu4->cpu4_DTLB WRITE        ACCESS:          0 HIT:          0 MISS:          0 MSHR_MERGE:          0
cpu4->cpu4_DTLB TRANSLATION  ACCESS:          0 HIT:          0 MISS:          0 MSHR_MERGE:          0
cpu4->cpu4_DTLB PREFETCH REQUESTED:          0 ISSUED:          0 USEFUL:          0 USELESS:          0
cpu4->cpu4_DTLB AVERAGE MISS LATENCY: 5.201 cycles
cpu3->cpu3_STLB TOTAL        ACCESS:      34890 HIT:      34860 MISS:         30 MSHR_MERGE:          0
cpu3->cpu3_STLB LOAD         ACCESS:      34890 HIT:      34860 MISS:         30 MSHR_MERGE:          0
cpu3->cpu3_STLB RFO          ACCESS:          0 HIT:          0 MISS:          0 MSHR_MERGE:          0
cpu3->cpu3_STLB PREFETCH     ACCESS:          0 HIT:          0 MISS:          0 MSHR_MERGE:          0
cpu3->cpu3_STLB WRITE        ACCESS:          0 HIT:          0 MISS:          0 MSHR_MERGE:          0
cpu3->cpu3_STLB TRANSLATION  ACCESS:          0 HIT:          0 MISS:          0 MSHR_MERGE:          0
cpu3->cpu3_STLB PREFETCH REQUESTED:          0 ISSUED:          0 USEFUL:          0 USELESS:          0
cpu3->cpu3_STLB AVERAGE MISS LATENCY: 231.6 cycles
cpu3->cpu3_L2C TOTAL        ACCESS:    4854157 HIT:    1134377 MISS:    3719780 MSHR_MERGE:          0
cpu3->cpu3_L2C LOAD         ACCESS:    3768206 HIT:      48547 MISS:    3719659 MSHR_MERGE:          0
cpu3->cpu3_L2C RFO          ACCESS:        208 HIT:        117 MISS:         91 MSHR_MERGE:          0
cpu3->cpu3_L2C PREFETCH     ACCESS:          0 HIT:          0 MISS:          0 MSHR_MERGE:          0
cpu3->cpu3_L2C WRITE        ACCESS:    1085714 HIT:    1085713 MISS:          1 MSHR_MERGE:          0
cpu3->cpu3_L2C TRANSLATION  ACCESS:         29 HIT:          0 MISS:         29 MSHR_MERGE:          0
cpu3->cpu3_L2C PREFETCH REQUESTED:          0 ISSUED:          0 USEFUL:          0 USELESS:          0
cpu3->cpu3_L2C AVERAGE MISS LATENCY: 321.5 cycles
cpu3->cpu3_L1I TOTAL        ACCESS:   16865418 HIT:   16865327 MISS:         91 MSHR_MERGE:         46
cpu3->cpu3_L1I LOAD         ACCESS:   16865418 HIT:   16865327 MISS:         91 MSHR_MERGE:         46
cpu3->cpu3_L1I RFO          ACCESS:          0 HIT:          0 MISS:          0 MSHR_MERGE:          0
cpu3->cpu3_L1I PREFETCH     ACCESS:          0 HIT:          0 MISS:          0 MSHR_MERGE:          0
cpu3->cpu3_L1I WRITE        ACCESS:          0 HIT:          0 MISS:          0 MSHR_MERGE:          0
cpu3->cpu3_L1I TRANSLATION  ACCESS:          0 HIT:          0 MISS:          0 MSHR_MERGE:          0
cpu3->cpu3_L1I PREFETCH REQUESTED:          0 ISSUED:          0 USEFUL:          0 USELESS:          0
cpu3->cpu3_L1I AVERAGE MISS LATENCY: 306.3 cycles
cpu3->cpu3_L1D TOTAL        ACCESS:   28516848 HIT:   18985841 MISS:    9531007 MSHR_MERGE:    5762609
cpu3->cpu3_L1D LOAD         ACCESS:   21059540 HIT:   11528811 MISS:    9530729 MSHR_MERGE:    5762568
cpu3->cpu3_L1D RFO          ACCESS:          0 HIT:          0 MISS:          0 MSHR_MERGE:          0
cpu3->cpu3_L1D PREFETCH     ACCESS:          0 HIT:          0 MISS:          0 MSHR_MERGE:          0
cpu3->cpu3_L1D WRITE        ACCESS:    7457278 HIT:    7457029 MISS:        249 MSHR_MERGE:         41
cpu3->cpu3_L1D TRANSLATION  ACCESS:         30 HIT:          1 MISS:         29 MSHR_MERGE:          0
cpu3->cpu3_L1D PREFETCH REQUESTED:          0 ISSUED:          0 USEFUL:          0 USELESS:          0
cpu3->cpu3_L1D AVERAGE MISS LATENCY: 326.4 cycles
cpu3->cpu3_ITLB TOTAL        ACCESS:   14828866 HIT:   14828859 MISS:          7 MSHR_MERGE:          6
cpu3->cpu3_ITLB LOAD         ACCESS:   14828866 HIT:   14828859 MISS:          7 MSHR_MERGE:          6
cpu3->cpu3_ITLB RFO          ACCESS:          0 HIT:          0 MISS:          0 MSHR_MERGE:          0
cpu3->cpu3_ITLB PREFETCH     ACCESS:          0 HIT:          0 MISS:          0 MSHR_MERGE:          0
cpu3->cpu3_ITLB WRITE        ACCESS:          0 HIT:          0 MISS:          0 MSHR_MERGE:          0
cpu3->cpu3_ITLB TRANSLATION  ACCESS:          0 HIT:          0 MISS:          0 MSHR_MERGE:          0
cpu3->cpu3_ITLB PREFETCH REQUESTED:          0 ISSUED:          0 USEFUL:          0 USELESS:          0
cpu3->cpu3_ITLB AVERAGE MISS LATENCY: 238 cycles
cpu3->cpu3_DTLB TOTAL        ACCESS:   26849255 HIT:   26812729 MISS:      36526 MSHR_MERGE:       1637
cpu3->cpu3_DTLB LOAD         ACCESS:   26849255 HIT:   26812729 MISS:      36526 MSHR_MERGE:       1637
cpu3->cpu3_DTLB RFO          ACCESS:          0 HIT:          0 MISS:          0 MSHR_MERGE:          0
cpu3->cpu3_DTLB PREFETCH     ACCESS:          0 HIT:          0 MISS:          0 MSHR_MERGE:          0
cpu3->cpu3_DTLB WRITE        ACCESS:          0 HIT:          0 MISS:          0 MSHR_MERGE:          0
cpu3->cpu3_DTLB TRANSLATION  ACCESS:          0 HIT:          0 MISS:          0 MSHR_MERGE:          0
cpu3->cpu3_DTLB PREFETCH REQUESTED:          0 ISSUED:          0 USEFUL:          0 USELESS:          0
cpu3->cpu3_DTLB AVERAGE MISS LATENCY: 5.194 cycles
cpu2->cpu2_STLB TOTAL        ACCESS:      34796 HIT:      34766 MISS:         30 MSHR_MERGE:          0
cpu2->cpu2_STLB LOAD         ACCESS:      34796 HIT:      34766 MISS:         30 MSHR_MERGE:          0
cpu2->cpu2_STLB RFO          ACCESS:          0 HIT:          0 MISS:          0 MSHR_MERGE:          0
cpu2->cpu2_STLB PREFETCH     ACCESS:          0 HIT:          0 MISS:          0 MSHR_MERGE:          0
cpu2->cpu2_STLB WRITE        ACCESS:          0 HIT:          0 MISS:          0 MSHR_MERGE:          0
cpu2->cpu2_STLB TRANSLATION  ACCESS:          0 HIT:          0 MISS:          0 MSHR_MERGE:          0
cpu2->cpu2_STLB PREFETCH REQUESTED:          0 ISSUED:          0 USEFUL:          0 USELESS:          0
cpu2->cpu2_STLB AVERAGE MISS LATENCY: 231.5 cycles
cpu2->cpu2_L2C TOTAL        ACCESS:    4848449 HIT:    1134184 MISS:    3714265 MSHR_MERGE:          0
cpu2->cpu2_L2C LOAD         ACCESS:    3762648 HIT:      48503 MISS:    3714145 MSHR_MERGE:          0
cpu2->cpu2_L2C RFO          ACCESS:        205 HIT:        115 MISS:         90 MSHR_MERGE:          0
cpu2->cpu2_L2C PREFETCH     ACCESS:          0 HIT:          0 MISS:          0 MSHR_MERGE:          0
cpu2->cpu2_L2C WRITE        ACCESS:    1085567 HIT:    1085566 MISS:          1 MSHR_MERGE:          0
cpu2->cpu2_L2C TRANSLATION  ACCESS:         29 HIT:          0 MISS:         29 MSHR_MERGE:          0
cpu2->cpu2_L2C PREFETCH REQUESTED:          0 ISSUED:          0 USEFUL:          0 USELESS:          0
cpu2->cpu2_L2C AVERAGE MISS LATENCY: 321.6 cycles
cpu2->cpu2_L1I TOTAL        ACCESS:   16859151 HIT:   16859057 MISS:         94 MSHR_MERGE:         49
cpu2->cpu2_L1I LOAD         ACCESS:   16859151 HIT:   16859057 MISS:         94 MSHR_MERGE:         49
cpu2->cpu2_L1I RFO          ACCESS:          0 HIT:          0 MISS:          0 MSHR_MERGE:          0
cpu2->cpu2_L1I PREFETCH     ACCESS:          0 HIT:          0 MISS:          0 MSHR_MERGE:          0
cpu2->cpu2_L1I WRITE        ACCESS:          0 HIT:          0 MISS:          0 MSHR_MERGE:          0
cpu2->cpu2_L1I TRANSLATION  ACCESS:          0 HIT:          0 MISS:          0 MSHR_MERGE:          0
cpu2->cpu2_L1I PREFETCH REQUESTED:          0 ISSUED:          0 USEFUL:          0 USELESS:          0
cpu2->cpu2_L1I AVERAGE MISS LATENCY: 383.9 cycles
cpu2->cpu2_L1D TOTAL        ACCESS:   28456116 HIT:   18941130 MISS:    9514986 MSHR_MERGE:    5752149
cpu2->cpu2_L1D LOAD         ACCESS:   21001679 HIT:   11486957 MISS:    9514722 MSHR_MERGE:    5752119
cpu2->cpu2_L1D RFO          ACCESS:          0 HIT:          0 MISS:          0 MSHR_MERGE:          0
cpu2->cpu2_L1D PREFETCH     ACCESS:          0 HIT:          0 MISS:          0 MSHR_MERGE:          0
cpu2->cpu2_L1D WRITE        ACCESS:    7454407 HIT:    7454172 MISS:        235 MSHR_MERGE:         30
cpu2->cpu2_L1D TRANSLATION  ACCESS:         30 HIT:          1 MISS:         29 MSHR_MERGE:          0
cpu2->cpu2_L1D PREFETCH REQUESTED:          0 ISSUED:          0 USEFUL:          0 USELESS:          0
cpu2->cpu2_L1D AVERAGE MISS LATENCY: 326.5 cycles
cpu2->cpu2_ITLB TOTAL        ACCESS:   14815610 HIT:   14815603 MISS:          7 MSHR_MERGE:          6
cpu2->cpu2_ITLB LOAD         ACCESS:   14815610 HIT:   14815603 MISS:          7 MSHR_MERGE:          6
cpu2->cpu2_ITLB RFO          ACCESS:          0 HIT:          0 MISS:          0 MSHR_MERGE:          0
cpu2->cpu2_ITLB PREFETCH     ACCESS:          0 HIT:          0 MISS:          0 MSHR_MERGE:          0
cpu2->cpu2_ITLB WRITE        ACCESS:          0 HIT:          0 MISS:          0 MSHR_MERGE:          0
cpu2->cpu2_ITLB TRANSLATION  ACCESS:          0 HIT:          0 MISS:          0 MSHR_MERGE:          0
cpu2->cpu2_ITLB PREFETCH REQUESTED:          0 ISSUED:          0 USEFUL:          0 USELESS:          0
cpu2->cpu2_ITLB AVERAGE MISS LATENCY: 238 cycles
cpu2->cpu2_DTLB TOTAL        ACCESS:   26752821 HIT:   26716419 MISS:      36402 MSHR_MERGE:       1607
cpu2->cpu2_DTLB LOAD         ACCESS:   26752821 HIT:   26716419 MISS:      36402 MSHR_MERGE:       1607
cpu2->cpu2_DTLB RFO          ACCESS:          0 HIT:          0 MISS:          0 MSHR_MERGE:          0
cpu2->cpu2_DTLB PREFETCH     ACCESS:          0 HIT:          0 MISS:          0 MSHR_MERGE:          0
cpu2->cpu2_DTLB WRITE        ACCESS:          0 HIT:          0 MISS:          0 MSHR_MERGE:          0
cpu2->cpu2_DTLB TRANSLATION  ACCESS:          0 HIT:          0 MISS:          0 MSHR_MERGE:          0
cpu2->cpu2_DTLB PREFETCH REQUESTED:          0 ISSUED:          0 USEFUL:          0 USELESS:          0
cpu2->cpu2_DTLB AVERAGE MISS LATENCY: 5.195 cycles
cpu1->cpu1_STLB TOTAL        ACCESS:      34668 HIT:      34638 MISS:         30 MSHR_MERGE:          0
cpu1->cpu1_STLB LOAD         ACCESS:      34668 HIT:      34638 MISS:         30 MSHR_MERGE:          0
cpu1->cpu1_STLB RFO          ACCESS:          0 HIT:          0 MISS:          0 MSHR_MERGE:          0
cpu1->cpu1_STLB PREFETCH     ACCESS:          0 HIT:          0 MISS:          0 MSHR_MERGE:          0
cpu1->cpu1_STLB WRITE        ACCESS:          0 HIT:          0 MISS:          0 MSHR_MERGE:          0
cpu1->cpu1_STLB TRANSLATION  ACCESS:          0 HIT:          0 MISS:          0 MSHR_MERGE:          0
cpu1->cpu1_STLB PREFETCH REQUESTED:          0 ISSUED:          0 USEFUL:          0 USELESS:          0
cpu1->cpu1_STLB AVERAGE MISS LATENCY: 231.5 cycles
cpu1->cpu1_L2C TOTAL        ACCESS:    4841746 HIT:    1133873 MISS:    3707873 MSHR_MERGE:          0
cpu1->cpu1_L2C LOAD         ACCESS:    3756155 HIT:      48402 MISS:    3707753 MSHR_MERGE:          0
cpu1->cpu1_L2C RFO          ACCESS:        207 HIT:        117 MISS:         90 MSHR_MERGE:          0
cpu1->cpu1_L2C PREFETCH     ACCESS:          0 HIT:          0 MISS:          0 MSHR_MERGE:          0
cpu1->cpu1_L2C WRITE        ACCESS:    1085355 HIT:    1085354 MISS:          1 MSHR_MERGE:          0
cpu1->cpu1_L2C TRANSLATION  ACCESS:         29 HIT:          0 MISS:         29 MSHR_MERGE:          0
cpu1->cpu1_L2C PREFETCH REQUESTED:          0 ISSUED:          0 USEFUL:          0 USELESS:          0
cpu1->cpu1_L2C AVERAGE MISS LATENCY: 321.9 cycles
cpu1->cpu1_L1I TOTAL        ACCESS:   16828206 HIT:   16828108 MISS:         98 MSHR_MERGE:         53
cpu1->cpu1_L1I LOAD         ACCESS:   16828206 HIT:   16828108 MISS:         98 MSHR_MERGE:         53
cpu1->cpu1_L1I RFO          ACCESS:          0 HIT:          0 MISS:          0 MSHR_MERGE:          0
cpu1->cpu1_L1I PREFETCH     ACCESS:          0 HIT:          0 MISS:          0 MSHR_MERGE:          0
cpu1->cpu1_L1I WRITE        ACCESS:          0 HIT:          0 MISS:          0 MSHR_MERGE:          0
cpu1->cpu1_L1I TRANSLATION  ACCESS:          0 HIT:          0 MISS:          0 MSHR_MERGE:          0
cpu1->cpu1_L1I PREFETCH REQUESTED:          0 ISSUED:          0 USEFUL:          0 USELESS:          0
cpu1->cpu1_L1I AVERAGE MISS LATENCY: 401.1 cycles
cpu1->cpu1_L1D TOTAL        ACCESS:   28428206 HIT:   18929210 MISS:    9498996 MSHR_MERGE:    5742650
cpu1->cpu1_L1D LOAD         ACCESS:   20978303 HIT:   11479596 MISS:    9498707 MSHR_MERGE:    5742597
cpu1->cpu1_L1D RFO          ACCESS:          0 HIT:          0 MISS:          0 MSHR_MERGE:          0
cpu1->cpu1_L1D PREFETCH     ACCESS:          0 HIT:          0 MISS:          0 MSHR_MERGE:          0
cpu1->cpu1_L1D WRITE        ACCESS:    7449873 HIT:    7449613 MISS:        260 MSHR_MERGE:         53
cpu1->cpu1_L1D TRANSLATION  ACCESS:         30 HIT:          1 MISS:         29 MSHR_MERGE:          0
cpu1->cpu1_L1D PREFETCH REQUESTED:          0 ISSUED:          0 USEFUL:          0 USELESS:          0
cpu1->cpu1_L1D AVERAGE MISS LATENCY: 326.7 cycles
cpu1->cpu1_ITLB TOTAL        ACCESS:   14793468 HIT:   14793461 MISS:          7 MSHR_MERGE:          6
cpu1->cpu1_ITLB LOAD         ACCESS:   14793468 HIT:   14793461 MISS:          7 MSHR_MERGE:          6
cpu1->cpu1_ITLB RFO          ACCESS:          0 HIT:          0 MISS:          0 MSHR_MERGE:          0
cpu1->cpu1_ITLB PREFETCH     ACCESS:          0 HIT:          0 MISS:          0 MSHR_MERGE:          0
cpu1->cpu1_ITLB WRITE        ACCESS:          0 HIT:          0 MISS:          0 MSHR_MERGE:          0
cpu1->cpu1_ITLB TRANSLATION  ACCESS:          0 HIT:          0 MISS:          0 MSHR_MERGE:          0
cpu1->cpu1_ITLB PREFETCH REQUESTED:          0 ISSUED:          0 USEFUL:          0 USELESS:          0
cpu1->cpu1_ITLB AVERAGE MISS LATENCY: 239 cycles
cpu1->cpu1_DTLB TOTAL        ACCESS:   26734478 HIT:   26698195 MISS:      36283 MSHR_MERGE:       1616
cpu1->cpu1_DTLB LOAD         ACCESS:   26734478 HIT:   26698195 MISS:      36283 MSHR_MERGE:       1616
cpu1->cpu1_DTLB RFO          ACCESS:          0 HIT:          0 MISS:          0 MSHR_MERGE:          0
cpu1->cpu1_DTLB PREFETCH     ACCESS:          0 HIT:          0 MISS:          0 MSHR_MERGE:          0
cpu1->cpu1_DTLB WRITE        ACCESS:          0 HIT:          0 MISS:          0 MSHR_MERGE:          0
cpu1->cpu1_DTLB TRANSLATION  ACCESS:          0 HIT:          0 MISS:          0 MSHR_MERGE:          0
cpu1->cpu1_DTLB PREFETCH REQUESTED:          0 ISSUED:          0 USEFUL:          0 USELESS:          0
cpu1->cpu1_DTLB AVERAGE MISS LATENCY: 5.196 cycles
cpu0->cpu0_STLB TOTAL        ACCESS:      34343 HIT:      34313 MISS:         30 MSHR_MERGE:          0
cpu0->cpu0_STLB LOAD         ACCESS:      34343 HIT:      34313 MISS:         30 MSHR_MERGE:          0
cpu0->cpu0_STLB RFO          ACCESS:          0 HIT:          0 MISS:          0 MSHR_MERGE:          0
cpu0->cpu0_STLB PREFETCH     ACCESS:          0 HIT:          0 MISS:          0 MSHR_MERGE:          0
cpu0->cpu0_STLB WRITE        ACCESS:          0 HIT:          0 MISS:          0 MSHR_MERGE:          0
cpu0->cpu0_STLB TRANSLATION  ACCESS:          0 HIT:          0 MISS:          0 MSHR_MERGE:          0
cpu0->cpu0_STLB PREFETCH REQUESTED:          0 ISSUED:          0 USEFUL:          0 USELESS:          0
cpu0->cpu0_STLB AVERAGE MISS LATENCY: 334.1 cycles
cpu0->cpu0_L2C TOTAL        ACCESS:    4830489 HIT:    1133300 MISS:    3697189 MSHR_MERGE:          0
cpu0->cpu0_L2C LOAD         ACCESS:    3745278 HIT:      48211 MISS:    3697067 MSHR_MERGE:          0
cpu0->cpu0_L2C RFO          ACCESS:        210 HIT:        118 MISS:         92 MSHR_MERGE:          0
cpu0->cpu0_L2C PREFETCH     ACCESS:          0 HIT:          0 MISS:          0 MSHR_MERGE:          0
cpu0->cpu0_L2C WRITE        ACCESS:    1084972 HIT:    1084971 MISS:          1 MSHR_MERGE:          0
cpu0->cpu0_L2C TRANSLATION  ACCESS:         29 HIT:          0 MISS:         29 MSHR_MERGE:          0
cpu0->cpu0_L2C PREFETCH REQUESTED:          0 ISSUED:          0 USEFUL:          0 USELESS:          0
cpu0->cpu0_L2C AVERAGE MISS LATENCY: 321 cycles
cpu0->cpu0_L1I TOTAL        ACCESS:   16812466 HIT:   16812372 MISS:         94 MSHR_MERGE:         49
cpu0->cpu0_L1I LOAD         ACCESS:   16812466 HIT:   16812372 MISS:         94 MSHR_MERGE:         49
cpu0->cpu0_L1I RFO          ACCESS:          0 HIT:          0 MISS:          0 MSHR_MERGE:          0
cpu0->cpu0_L1I PREFETCH     ACCESS:          0 HIT:          0 MISS:          0 MSHR_MERGE:          0
cpu0->cpu0_L1I WRITE        ACCESS:          0 HIT:          0 MISS:          0 MSHR_MERGE:          0
cpu0->cpu0_L1I TRANSLATION  ACCESS:          0 HIT:          0 MISS:          0 MSHR_MERGE:          0
cpu0->cpu0_L1I PREFETCH REQUESTED:          0 ISSUED:          0 USEFUL:          0 USELESS:          0
cpu0->cpu0_L1I AVERAGE MISS LATENCY: 503.6 cycles
cpu0->cpu0_L1D TOTAL        ACCESS:   28420114 HIT:   18924072 MISS:    9496042 MSHR_MERGE:    5750571
cpu0->cpu0_L1D LOAD         ACCESS:   20976883 HIT:   11481124 MISS:    9495759 MSHR_MERGE:    5750527
cpu0->cpu0_L1D RFO          ACCESS:          0 HIT:          0 MISS:          0 MSHR_MERGE:          0
cpu0->cpu0_L1D PREFETCH     ACCESS:          0 HIT:          0 MISS:          0 MSHR_MERGE:          0
cpu0->cpu0_L1D WRITE        ACCESS:    7443201 HIT:    7442947 MISS:        254 MSHR_MERGE:         44
cpu0->cpu0_L1D TRANSLATION  ACCESS:         30 HIT:          1 MISS:         29 MSHR_MERGE:          0
cpu0->cpu0_L1D PREFETCH REQUESTED:          0 ISSUED:          0 USEFUL:          0 USELESS:          0
cpu0->cpu0_L1D AVERAGE MISS LATENCY: 325.8 cycles
cpu0->cpu0_ITLB TOTAL        ACCESS:   14778207 HIT:   14778200 MISS:          7 MSHR_MERGE:          6
cpu0->cpu0_ITLB LOAD         ACCESS:   14778207 HIT:   14778200 MISS:          7 MSHR_MERGE:          6
cpu0->cpu0_ITLB RFO          ACCESS:          0 HIT:          0 MISS:          0 MSHR_MERGE:          0
cpu0->cpu0_ITLB PREFETCH     ACCESS:          0 HIT:          0 MISS:          0 MSHR_MERGE:          0
cpu0->cpu0_ITLB WRITE        ACCESS:          0 HIT:          0 MISS:          0 MSHR_MERGE:          0
cpu0->cpu0_ITLB TRANSLATION  ACCESS:          0 HIT:          0 MISS:          0 MSHR_MERGE:          0
cpu0->cpu0_ITLB PREFETCH REQUESTED:          0 ISSUED:          0 USEFUL:          0 USELESS:          0
cpu0->cpu0_ITLB AVERAGE MISS LATENCY: 501 cycles
cpu0->cpu0_DTLB TOTAL        ACCESS:   26752135 HIT:   26716169 MISS:      35966 MSHR_MERGE:       1624
cpu0->cpu0_DTLB LOAD         ACCESS:   26752135 HIT:   26716169 MISS:      35966 MSHR_MERGE:       1624
cpu0->cpu0_DTLB RFO          ACCESS:          0 HIT:          0 MISS:          0 MSHR_MERGE:          0
cpu0->cpu0_DTLB PREFETCH     ACCESS:          0 HIT:          0 MISS:          0 MSHR_MERGE:          0
cpu0->cpu0_DTLB WRITE        ACCESS:          0 HIT:          0 MISS:          0 MSHR_MERGE:          0
cpu0->cpu0_DTLB TRANSLATION  ACCESS:          0 HIT:          0 MISS:          0 MSHR_MERGE:          0
cpu0->cpu0_DTLB PREFETCH REQUESTED:          0 ISSUED:          0 USEFUL:          0 USELESS:          0
cpu0->cpu0_DTLB AVERAGE MISS LATENCY: 5.279 cycles
cpu0->LLC TOTAL        ACCESS:    4782256 HIT:    1168153 MISS:    3614103 MSHR_MERGE:          0
cpu0->LLC LOAD         ACCESS:    3697071 HIT:      85137 MISS:    3611934 MSHR_MERGE:          0
cpu0->LLC RFO          ACCESS:         92 HIT:          0 MISS:         92 MSHR_MERGE:          0
cpu0->LLC PREFETCH     ACCESS:          0 HIT:          0 MISS:          0 MSHR_MERGE:          0
cpu0->LLC WRITE        ACCESS:    1085064 HIT:    1083000 MISS:       2064 MSHR_MERGE:          0
cpu0->LLC TRANSLATION  ACCESS:         29 HIT:         16 MISS:         13 MSHR_MERGE:          0
cpu0->LLC PREFETCH REQUESTED:          0 ISSUED:          0 USEFUL:          0 USELESS:          0
cpu0->LLC AVERAGE MISS LATENCY: 2511 cycles
cpu1->LLC TOTAL        ACCESS:    4793365 HIT:    1158503 MISS:    3634862 MSHR_MERGE:          0
cpu1->LLC LOAD         ACCESS:    3707767 HIT:      74791 MISS:    3632976 MSHR_MERGE:          0
cpu1->LLC RFO          ACCESS:         90 HIT:          0 MISS:         90 MSHR_MERGE:          0
cpu1->LLC PREFETCH     ACCESS:          0 HIT:          0 MISS:          0 MSHR_MERGE:          0
cpu1->LLC WRITE        ACCESS:    1085479 HIT:    1083683 MISS:       1796 MSHR_MERGE:          0
cpu1->LLC TRANSLATION  ACCESS:         29 HIT:         29 MISS:          0 MSHR_MERGE:          0
cpu1->LLC PREFETCH REQUESTED:          0 ISSUED:          0 USEFUL:          0 USELESS:          0
cpu1->LLC AVERAGE MISS LATENCY: 2496 cycles
cpu2->LLC TOTAL        ACCESS:    4799962 HIT:    1155631 MISS:    3644331 MSHR_MERGE:          0
cpu2->LLC LOAD         ACCESS:    3714161 HIT:      70893 MISS:    3643268 MSHR_MERGE:          0
cpu2->LLC RFO          ACCESS:         90 HIT:          0 MISS:         90 MSHR_MERGE:          0
cpu2->LLC PREFETCH     ACCESS:          0 HIT:          0 MISS:          0 MSHR_MERGE:          0
cpu2->LLC WRITE        ACCESS:    1085682 HIT:    1084709 MISS:        973 MSHR_MERGE:          0
cpu2->LLC TRANSLATION  ACCESS:         29 HIT:         29 MISS:          0 MSHR_MERGE:          0
cpu2->LLC PREFETCH REQUESTED:          0 ISSUED:          0 USEFUL:          0 USELESS:          0
cpu2->LLC AVERAGE MISS LATENCY: 2490 cycles
cpu3->LLC TOTAL        ACCESS:    4805627 HIT:    1155999 MISS:    3649628 MSHR_MERGE:          0
cpu3->LLC LOAD         ACCESS:    3719664 HIT:      71321 MISS:    3648343 MSHR_MERGE:          0
cpu3->LLC RFO          ACCESS:         91 HIT:          0 MISS:         91 MSHR_MERGE:          0
cpu3->LLC PREFETCH     ACCESS:          0 HIT:          0 MISS:          0 MSHR_MERGE:          0
cpu3->LLC WRITE        ACCESS:    1085843 HIT:    1084649 MISS:       1194 MSHR_MERGE:          0
cpu3->LLC TRANSLATION  ACCESS:         29 HIT:         29 MISS:          0 MSHR_MERGE:          0
cpu3->LLC PREFETCH REQUESTED:          0 ISSUED:          0 USEFUL:          0 USELESS:          0
cpu3->LLC AVERAGE MISS LATENCY: 2486 cycles
cpu4->LLC TOTAL        ACCESS:    4804940 HIT:    1157102 MISS:    3647838 MSHR_MERGE:          0
cpu4->LLC LOAD         ACCESS:    3718866 HIT:      71914 MISS:    3646952 MSHR_MERGE:          0
cpu4->LLC RFO          ACCESS:         87 HIT:          0 MISS:         87 MSHR_MERGE:          0
cpu4->LLC PREFETCH     ACCESS:          0 HIT:          0 MISS:          0 MSHR_MERGE:          0
cpu4->LLC WRITE        ACCESS:    1085957 HIT:    1085158 MISS:        799 MSHR_MERGE:          0
cpu4->LLC TRANSLATION  ACCESS:         30 HIT:         30 MISS:          0 MSHR_MERGE:          0
cpu4->LLC PREFETCH REQUESTED:          0 ISSUED:          0 USEFUL:          0 USELESS:          0
cpu4->LLC AVERAGE MISS LATENCY: 2488 cycles
cpu5->LLC TOTAL        ACCESS:    4808258 HIT:    1157357 MISS:    3650901 MSHR_MERGE:          0
cpu5->LLC LOAD         ACCESS:    3722156 HIT:      72097 MISS:    3650059 MSHR_MERGE:          0
cpu5->LLC RFO          ACCESS:         89 HIT:          0 MISS:         89 MSHR_MERGE:          0
cpu5->LLC PREFETCH     ACCESS:          0 HIT:          0 MISS:          0 MSHR_MERGE:          0
cpu5->LLC WRITE        ACCESS:    1085983 HIT:    1085230 MISS:        753 MSHR_MERGE:          0
cpu5->LLC TRANSLATION  ACCESS:         30 HIT:         30 MISS:          0 MSHR_MERGE:          0
cpu5->LLC PREFETCH REQUESTED:          0 ISSUED:          0 USEFUL:          0 USELESS:          0
cpu5->LLC AVERAGE MISS LATENCY: 2485 cycles
cpu6->LLC TOTAL        ACCESS:    4806795 HIT:    1160750 MISS:    3646045 MSHR_MERGE:          0
cpu6->LLC LOAD         ACCESS:    3720691 HIT:      75262 MISS:    3645429 MSHR_MERGE:          0
cpu6->LLC RFO          ACCESS:         87 HIT:          0 MISS:         87 MSHR_MERGE:          0
cpu6->LLC PREFETCH     ACCESS:          0 HIT:          0 MISS:          0 MSHR_MERGE:          0
cpu6->LLC WRITE        ACCESS:    1085987 HIT:    1085458 MISS:        529 MSHR_MERGE:          0
cpu6->LLC TRANSLATION  ACCESS:         30 HIT:         30 MISS:          0 MSHR_MERGE:          0
cpu6->LLC PREFETCH REQUESTED:          0 ISSUED:          0 USEFUL:          0 USELESS:          0
cpu6->LLC AVERAGE MISS LATENCY: 2489 cycles
cpu7->LLC TOTAL        ACCESS:    4805376 HIT:    1162492 MISS:    3642884 MSHR_MERGE:          0
cpu7->LLC LOAD         ACCESS:    3719256 HIT:      76890 MISS:    3642366 MSHR_MERGE:          0
cpu7->LLC RFO          ACCESS:         85 HIT:          0 MISS:         85 MSHR_MERGE:          0
cpu7->LLC PREFETCH     ACCESS:          0 HIT:          0 MISS:          0 MSHR_MERGE:          0
cpu7->LLC WRITE        ACCESS:    1086005 HIT:    1085572 MISS:        433 MSHR_MERGE:          0
cpu7->LLC TRANSLATION  ACCESS:         30 HIT:         30 MISS:          0 MSHR_MERGE:          0
cpu7->LLC PREFETCH REQUESTED:          0 ISSUED:          0 USEFUL:          0 USELESS:          0
cpu7->LLC AVERAGE MISS LATENCY: 2491 cycles

Region of Interest Statistics

CPU 7 cumulative IPC: 0.2886 instructions: 100000003 cycles: 346496608
CPU 7 Branch Prediction Accuracy: 100% MPKI: 0 Average ROB Occupancy at Mispredict: -
Branch type MPKI
BRANCH_DIRECT_JUMP: 0
BRANCH_INDIRECT: 0
BRANCH_CONDITIONAL: 0
BRANCH_DIRECT_CALL: 0
BRANCH_INDIRECT_CALL: 0
BRANCH_RETURN: 0


CPU 6 cumulative IPC: 0.2884 instructions: 100000002 cycles: 346787182
CPU 6 Branch Prediction Accuracy: 100% MPKI: 0 Average ROB Occupancy at Mispredict: -
Branch type MPKI
BRANCH_DIRECT_JUMP: 0
BRANCH_INDIRECT: 0
BRANCH_CONDITIONAL: 0
BRANCH_DIRECT_CALL: 0
BRANCH_INDIRECT_CALL: 0
BRANCH_RETURN: 0


CPU 5 cumulative IPC: 0.288 instructions: 100000000 cycles: 347199198
CPU 5 Branch Prediction Accuracy: 100% MPKI: 0 Average ROB Occupancy at Mispredict: -
Branch type MPKI
BRANCH_DIRECT_JUMP: 0
BRANCH_INDIRECT: 0
BRANCH_CONDITIONAL: 0
BRANCH_DIRECT_CALL: 0
BRANCH_INDIRECT_CALL: 0
BRANCH_RETURN: 0


CPU 4 cumulative IPC: 0.2871 instructions: 100000003 cycles: 348326538
CPU 4 Branch Prediction Accuracy: 100% MPKI: 0 Average ROB Occupancy at Mispredict: -
Branch type MPKI
BRANCH_DIRECT_JUMP: 0
BRANCH_INDIRECT: 0
BRANCH_CONDITIONAL: 0
BRANCH_DIRECT_CALL: 0
BRANCH_INDIRECT_CALL: 0
BRANCH_RETURN: 0


CPU 3 cumulative IPC: 0.2872 instructions: 100000003 cycles: 348132280
CPU 3 Branch Prediction Accuracy: 100% MPKI: 0 Average ROB Occupancy at Mispredict: -
Branch type MPKI
BRANCH_DIRECT_JUMP: 0
BRANCH_INDIRECT: 0
BRANCH_CONDITIONAL: 0
BRANCH_DIRECT_CALL: 0
BRANCH_INDIRECT_CALL: 0
BRANCH_RETURN: 0


CPU 2 cumulative IPC: 0.2868 instructions: 100000002 cycles: 348721940
CPU 2 Branch Prediction Accuracy: 100% MPKI: 0 Average ROB Occupancy at Mispredict: -
Branch type MPKI
BRANCH_DIRECT_JUMP: 0
BRANCH_INDIRECT: 0
BRANCH_CONDITIONAL: 0
BRANCH_DIRECT_CALL: 0
BRANCH_INDIRECT_CALL: 0
BRANCH_RETURN: 0


CPU 1 cumulative IPC: 0.2862 instructions: 100000002 cycles: 349409649
CPU 1 Branch Prediction Accuracy: 100% MPKI: 0 Average ROB Occupancy at Mispredict: -
Branch type MPKI
BRANCH_DIRECT_JUMP: 0
BRANCH_INDIRECT: 0
BRANCH_CONDITIONAL: 0
BRANCH_DIRECT_CALL: 0
BRANCH_INDIRECT_CALL: 0
BRANCH_RETURN: 0


CPU 0 cumulative IPC: 0.2856 instructions: 100000002 cycles: 350147865
CPU 0 Branch Prediction Accuracy: 100% MPKI: 0 Average ROB Occupancy at Mispredict: -
Branch type MPKI
BRANCH_DIRECT_JUMP: 0
BRANCH_INDIRECT: 0
BRANCH_CONDITIONAL: 0
BRANCH_DIRECT_CALL: 0
BRANCH_INDIRECT_CALL: 0
BRANCH_RETURN: 0

cpu7->cpu7_STLB TOTAL        ACCESS:      34978 HIT:      34947 MISS:         31 MSHR_MERGE:          0
cpu7->cpu7_STLB LOAD         ACCESS:      34978 HIT:      34947 MISS:         31 MSHR_MERGE:          0
cpu7->cpu7_STLB RFO          ACCESS:          0 HIT:          0 MISS:          0 MSHR_MERGE:          0
cpu7->cpu7_STLB PREFETCH     ACCESS:          0 HIT:          0 MISS:          0 MSHR_MERGE:          0
cpu7->cpu7_STLB WRITE        ACCESS:          0 HIT:          0 MISS:          0 MSHR_MERGE:          0
cpu7->cpu7_STLB TRANSLATION  ACCESS:          0 HIT:          0 MISS:          0 MSHR_MERGE:          0
cpu7->cpu7_STLB PREFETCH REQUESTED:          0 ISSUED:          0 USEFUL:          0 USELESS:          0
cpu7->cpu7_STLB AVERAGE MISS LATENCY: 231.6 cycles
cpu7->cpu7_L2C TOTAL        ACCESS:    4853952 HIT:    1134580 MISS:    3719372 MSHR_MERGE:          0
cpu7->cpu7_L2C LOAD         ACCESS:    3767865 HIT:      48609 MISS:    3719256 MSHR_MERGE:          0
cpu7->cpu7_L2C RFO          ACCESS:        194 HIT:        109 MISS:         85 MSHR_MERGE:          0
cpu7->cpu7_L2C PREFETCH     ACCESS:          0 HIT:          0 MISS:          0 MSHR_MERGE:          0
cpu7->cpu7_L2C WRITE        ACCESS:    1085863 HIT:    1085862 MISS:          1 MSHR_MERGE:          0
cpu7->cpu7_L2C TRANSLATION  ACCESS:         30 HIT:          0 MISS:         30 MSHR_MERGE:          0
cpu7->cpu7_L2C PREFETCH REQUESTED:          0 ISSUED:          0 USEFUL:          0 USELESS:          0
cpu7->cpu7_L2C AVERAGE MISS LATENCY: 320.8 cycles
cpu7->cpu7_L1I TOTAL        ACCESS:   16897087 HIT:   16896987 MISS:        100 MSHR_MERGE:         55
cpu7->cpu7_L1I LOAD         ACCESS:   16897087 HIT:   16896987 MISS:        100 MSHR_MERGE:         55
cpu7->cpu7_L1I RFO          ACCESS:          0 HIT:          0 MISS:          0 MSHR_MERGE:          0
cpu7->cpu7_L1I PREFETCH     ACCESS:          0 HIT:          0 MISS:          0 MSHR_MERGE:          0
cpu7->cpu7_L1I WRITE        ACCESS:          0 HIT:          0 MISS:          0 MSHR_MERGE:          0
cpu7->cpu7_L1I TRANSLATION  ACCESS:          0 HIT:          0 MISS:          0 MSHR_MERGE:          0
cpu7->cpu7_L1I PREFETCH REQUESTED:          0 ISSUED:          0 USEFUL:          0 USELESS:          0
cpu7->cpu7_L1I AVERAGE MISS LATENCY: 322.4 cycles
cpu7->cpu7_L1D TOTAL        ACCESS:   28546777 HIT:   19016492 MISS:    9530285 MSHR_MERGE:    5762240
cpu7->cpu7_L1D LOAD         ACCESS:   21068340 HIT:   11538317 MISS:    9530023 MSHR_MERGE:    5762203
cpu7->cpu7_L1D RFO          ACCESS:          0 HIT:          0 MISS:          0 MSHR_MERGE:          0
cpu7->cpu7_L1D PREFETCH     ACCESS:          0 HIT:          0 MISS:          0 MSHR_MERGE:          0
cpu7->cpu7_L1D WRITE        ACCESS:    7478406 HIT:    7478174 MISS:        232 MSHR_MERGE:         37
cpu7->cpu7_L1D TRANSLATION  ACCESS:         31 HIT:          1 MISS:         30 MSHR_MERGE:          0
cpu7->cpu7_L1D PREFETCH REQUESTED:          0 ISSUED:          0 USEFUL:          0 USELESS:          0
cpu7->cpu7_L1D AVERAGE MISS LATENCY: 325.6 cycles
cpu7->cpu7_ITLB TOTAL        ACCESS:   14841731 HIT:   14841723 MISS:          8 MSHR_MERGE:          7
cpu7->cpu7_ITLB LOAD         ACCESS:   14841731 HIT:   14841723 MISS:          8 MSHR_MERGE:          7
cpu7->cpu7_ITLB RFO          ACCESS:          0 HIT:          0 MISS:          0 MSHR_MERGE:          0
cpu7->cpu7_ITLB PREFETCH     ACCESS:          0 HIT:          0 MISS:          0 MSHR_MERGE:          0
cpu7->cpu7_ITLB WRITE        ACCESS:          0 HIT:          0 MISS:          0 MSHR_MERGE:          0
cpu7->cpu7_ITLB TRANSLATION  ACCESS:          0 HIT:          0 MISS:          0 MSHR_MERGE:          0
cpu7->cpu7_ITLB PREFETCH REQUESTED:          0 ISSUED:          0 USEFUL:          0 USELESS:          0
cpu7->cpu7_ITLB AVERAGE MISS LATENCY: 238 cycles
cpu7->cpu7_DTLB TOTAL        ACCESS:   26839233 HIT:   26802653 MISS:      36580 MSHR_MERGE:       1603
cpu7->cpu7_DTLB LOAD         ACCESS:   26839233 HIT:   26802653 MISS:      36580 MSHR_MERGE:       1603
cpu7->cpu7_DTLB RFO          ACCESS:          0 HIT:          0 MISS:          0 MSHR_MERGE:          0
cpu7->cpu7_DTLB PREFETCH     ACCESS:          0 HIT:          0 MISS:          0 MSHR_MERGE:          0
cpu7->cpu7_DTLB WRITE        ACCESS:          0 HIT:          0 MISS:          0 MSHR_MERGE:          0
cpu7->cpu7_DTLB TRANSLATION  ACCESS:          0 HIT:          0 MISS:          0 MSHR_MERGE:          0
cpu7->cpu7_DTLB PREFETCH REQUESTED:          0 ISSUED:          0 USEFUL:          0 USELESS:          0
cpu7->cpu7_DTLB AVERAGE MISS LATENCY: 5.2 cycles
cpu6->cpu6_STLB TOTAL        ACCESS:      34980 HIT:      34949 MISS:         31 MSHR_MERGE:          0
cpu6->cpu6_STLB LOAD         ACCESS:      34980 HIT:      34949 MISS:         31 MSHR_MERGE:          0
cpu6->cpu6_STLB RFO          ACCESS:          0 HIT:          0 MISS:          0 MSHR_MERGE:          0
cpu6->cpu6_STLB PREFETCH     ACCESS:          0 HIT:          0 MISS:          0 MSHR_MERGE:          0
cpu6->cpu6_STLB WRITE        ACCESS:          0 HIT:          0 MISS:          0 MSHR_MERGE:          0
cpu6->cpu6_STLB TRANSLATION  ACCESS:          0 HIT:          0 MISS:          0 MSHR_MERGE:          0
cpu6->cpu6_STLB PREFETCH REQUESTED:          0 ISSUED:          0 USEFUL:          0 USELESS:          0
cpu6->cpu6_STLB AVERAGE MISS LATENCY: 231.5 cycles
cpu6->cpu6_L2C TOTAL        ACCESS:    4855403 HIT:    1134594 MISS:    3720809 MSHR_MERGE:          0
cpu6->cpu6_L2C LOAD         ACCESS:    3769317 HIT:      48626 MISS:    3720691 MSHR_MERGE:          0
cpu6->cpu6_L2C RFO          ACCESS:        200 HIT:        113 MISS:         87 MSHR_MERGE:          0
cpu6->cpu6_L2C PREFETCH     ACCESS:          0 HIT:          0 MISS:          0 MSHR_MERGE:          0
cpu6->cpu6_L2C WRITE        ACCESS:    1085856 HIT:    1085855 MISS:          1 MSHR_MERGE:          0
cpu6->cpu6_L2C TRANSLATION  ACCESS:         30 HIT:          0 MISS:         30 MSHR_MERGE:          0
cpu6->cpu6_L2C PREFETCH REQUESTED:          0 ISSUED:          0 USEFUL:          0 USELESS:          0
cpu6->cpu6_L2C AVERAGE MISS LATENCY: 321.2 cycles
cpu6->cpu6_L1I TOTAL        ACCESS:   16890546 HIT:   16890450 MISS:         96 MSHR_MERGE:         51
cpu6->cpu6_L1I LOAD         ACCESS:   16890546 HIT:   16890450 MISS:         96 MSHR_MERGE:         51
cpu6->cpu6_L1I RFO          ACCESS:          0 HIT:          0 MISS:          0 MSHR_MERGE:          0
cpu6->cpu6_L1I PREFETCH     ACCESS:          0 HIT:          0 MISS:          0 MSHR_MERGE:          0
cpu6->cpu6_L1I WRITE        ACCESS:          0 HIT:          0 MISS:          0 MSHR_MERGE:          0
cpu6->cpu6_L1I TRANSLATION  ACCESS:          0 HIT:          0 MISS:          0 MSHR_MERGE:          0
cpu6->cpu6_L1I PREFETCH REQUESTED:          0 ISSUED:          0 USEFUL:          0 USELESS:          0
cpu6->cpu6_L1I AVERAGE MISS LATENCY: 280 cycles
cpu6->cpu6_L1D TOTAL        ACCESS:   28547249 HIT:   19010178 MISS:    9537071 MSHR_MERGE:    5767569
cpu6->cpu6_L1D LOAD         ACCESS:   21074005 HIT:   11537211 MISS:    9536794 MSHR_MERGE:    5767522
cpu6->cpu6_L1D RFO          ACCESS:          0 HIT:          0 MISS:          0 MSHR_MERGE:          0
cpu6->cpu6_L1D PREFETCH     ACCESS:          0 HIT:          0 MISS:          0 MSHR_MERGE:          0
cpu6->cpu6_L1D WRITE        ACCESS:    7473213 HIT:    7472966 MISS:        247 MSHR_MERGE:         47
cpu6->cpu6_L1D TRANSLATION  ACCESS:         31 HIT:          1 MISS:         30 MSHR_MERGE:          0
cpu6->cpu6_L1D PREFETCH REQUESTED:          0 ISSUED:          0 USEFUL:          0 USELESS:          0
cpu6->cpu6_L1D AVERAGE MISS LATENCY: 326 cycles
cpu6->cpu6_ITLB TOTAL        ACCESS:   14842037 HIT:   14842030 MISS:          7 MSHR_MERGE:          6
cpu6->cpu6_ITLB LOAD         ACCESS:   14842037 HIT:   14842030 MISS:          7 MSHR_MERGE:          6
cpu6->cpu6_ITLB RFO          ACCESS:          0 HIT:          0 MISS:          0 MSHR_MERGE:          0
cpu6->cpu6_ITLB PREFETCH     ACCESS:          0 HIT:          0 MISS:          0 MSHR_MERGE:          0
cpu6->cpu6_ITLB WRITE        ACCESS:          0 HIT:          0 MISS:          0 MSHR_MERGE:          0
cpu6->cpu6_ITLB TRANSLATION  ACCESS:          0 HIT:          0 MISS:          0 MSHR_MERGE:          0
cpu6->cpu6_ITLB PREFETCH REQUESTED:          0 ISSUED:          0 USEFUL:          0 USELESS:          0
cpu6->cpu6_ITLB AVERAGE MISS LATENCY: 238 cycles
cpu6->cpu6_DTLB TOTAL        ACCESS:   26856866 HIT:   26820226 MISS:      36640 MSHR_MERGE:       1661
cpu6->cpu6_DTLB LOAD         ACCESS:   26856866 HIT:   26820226 MISS:      36640 MSHR_MERGE:       1661
cpu6->cpu6_DTLB RFO          ACCESS:          0 HIT:          0 MISS:          0 MSHR_MERGE:          0
cpu6->cpu6_DTLB PREFETCH     ACCESS:          0 HIT:          0 MISS:          0 MSHR_MERGE:          0
cpu6->cpu6_DTLB WRITE        ACCESS:          0 HIT:          0 MISS:          0 MSHR_MERGE:          0
cpu6->cpu6_DTLB TRANSLATION  ACCESS:          0 HIT:          0 MISS:          0 MSHR_MERGE:          0
cpu6->cpu6_DTLB PREFETCH REQUESTED:          0 ISSUED:          0 USEFUL:          0 USELESS:          0
cpu6->cpu6_DTLB AVERAGE MISS LATENCY: 5.2 cycles
cpu5->cpu5_STLB TOTAL        ACCESS:      34992 HIT:      34961 MISS:         31 MSHR_MERGE:          0
cpu5->cpu5_STLB LOAD         ACCESS:      34992 HIT:      34961 MISS:         31 MSHR_MERGE:          0
cpu5->cpu5_STLB RFO          ACCESS:          0 HIT:          0 MISS:          0 MSHR_MERGE:          0
cpu5->cpu5_STLB PREFETCH     ACCESS:          0 HIT:          0 MISS:          0 MSHR_MERGE:          0
cpu5->cpu5_STLB WRITE        ACCESS:          0 HIT:          0 MISS:          0 MSHR_MERGE:          0
cpu5->cpu5_STLB TRANSLATION  ACCESS:          0 HIT:          0 MISS:          0 MSHR_MERGE:          0
cpu5->cpu5_STLB PREFETCH REQUESTED:          0 ISSUED:          0 USEFUL:          0 USELESS:          0
cpu5->cpu5_STLB AVERAGE MISS LATENCY: 231.4 cycles
cpu5->cpu5_L2C TOTAL        ACCESS:    4856837 HIT:    1134561 MISS:    3722276 MSHR_MERGE:          0
cpu5->cpu5_L2C LOAD         ACCESS:    3770761 HIT:      48605 MISS:    3722156 MSHR_MERGE:          0
cpu5->cpu5_L2C RFO          ACCESS:        204 HIT:        115 MISS:         89 MSHR_MERGE:          0
cpu5->cpu5_L2C PREFETCH     ACCESS:          0 HIT:          0 MISS:          0 MSHR_MERGE:          0
cpu5->cpu5_L2C WRITE        ACCESS:    1085842 HIT:    1085841 MISS:          1 MSHR_MERGE:          0
cpu5->cpu5_L2C TRANSLATION  ACCESS:         30 HIT:          0 MISS:         30 MSHR_MERGE:          0
cpu5->cpu5_L2C PREFETCH REQUESTED:          0 ISSUED:          0 USEFUL:          0 USELESS:          0
cpu5->cpu5_L2C AVERAGE MISS LATENCY: 321.7 cycles
cpu5->cpu5_L1I TOTAL        ACCESS:   16880723 HIT:   16880628 MISS:         95 MSHR_MERGE:         50
cpu5->cpu5_L1I LOAD         ACCESS:   16880723 HIT:   16880628 MISS:         95 MSHR_MERGE:         50
cpu5->cpu5_L1I RFO          ACCESS:          0 HIT:          0 MISS:          0 MSHR_MERGE:          0
cpu5->cpu5_L1I PREFETCH     ACCESS:          0 HIT:          0 MISS:          0 MSHR_MERGE:          0
cpu5->cpu5_L1I WRITE        ACCESS:          0 HIT:          0 MISS:          0 MSHR_MERGE:          0
cpu5->cpu5_L1I TRANSLATION  ACCESS:          0 HIT:          0 MISS:          0 MSHR_MERGE:          0
cpu5->cpu5_L1I PREFETCH REQUESTED:          0 ISSUED:          0 USEFUL:          0 USELESS:          0
cpu5->cpu5_L1I AVERAGE MISS LATENCY: 469.1 cycles
cpu5->cpu5_L1D TOTAL        ACCESS:   28531716 HIT:   19007874 MISS:    9523842 MSHR_MERGE:    5752892
cpu5->cpu5_L1D LOAD         ACCESS:   21064831 HIT:   11541273 MISS:    9523558 MSHR_MERGE:    5752842
cpu5->cpu5_L1D RFO          ACCESS:          0 HIT:          0 MISS:          0 MSHR_MERGE:          0
cpu5->cpu5_L1D PREFETCH     ACCESS:          0 HIT:          0 MISS:          0 MSHR_MERGE:          0
cpu5->cpu5_L1D WRITE        ACCESS:    7466854 HIT:    7466600 MISS:        254 MSHR_MERGE:         50
cpu5->cpu5_L1D TRANSLATION  ACCESS:         31 HIT:          1 MISS:         30 MSHR_MERGE:          0
cpu5->cpu5_L1D PREFETCH REQUESTED:          0 ISSUED:          0 USEFUL:          0 USELESS:          0
cpu5->cpu5_L1D AVERAGE MISS LATENCY: 326.5 cycles
cpu5->cpu5_ITLB TOTAL        ACCESS:   14833860 HIT:   14833853 MISS:          7 MSHR_MERGE:          6
cpu5->cpu5_ITLB LOAD         ACCESS:   14833860 HIT:   14833853 MISS:          7 MSHR_MERGE:          6
cpu5->cpu5_ITLB RFO          ACCESS:          0 HIT:          0 MISS:          0 MSHR_MERGE:          0
cpu5->cpu5_ITLB PREFETCH     ACCESS:          0 HIT:          0 MISS:          0 MSHR_MERGE:          0
cpu5->cpu5_ITLB WRITE        ACCESS:          0 HIT:          0 MISS:          0 MSHR_MERGE:          0
cpu5->cpu5_ITLB TRANSLATION  ACCESS:          0 HIT:          0 MISS:          0 MSHR_MERGE:          0
cpu5->cpu5_ITLB PREFETCH REQUESTED:          0 ISSUED:          0 USEFUL:          0 USELESS:          0
cpu5->cpu5_ITLB AVERAGE MISS LATENCY: 238 cycles
cpu5->cpu5_DTLB TOTAL        ACCESS:   26838242 HIT:   26801630 MISS:      36612 MSHR_MERGE:       1621
cpu5->cpu5_DTLB LOAD         ACCESS:   26838242 HIT:   26801630 MISS:      36612 MSHR_MERGE:       1621
cpu5->cpu5_DTLB RFO          ACCESS:          0 HIT:          0 MISS:          0 MSHR_MERGE:          0
cpu5->cpu5_DTLB PREFETCH     ACCESS:          0 HIT:          0 MISS:          0 MSHR_MERGE:          0
cpu5->cpu5_DTLB WRITE        ACCESS:          0 HIT:          0 MISS:          0 MSHR_MERGE:          0
cpu5->cpu5_DTLB TRANSLATION  ACCESS:          0 HIT:          0 MISS:          0 MSHR_MERGE:          0
cpu5->cpu5_DTLB PREFETCH REQUESTED:          0 ISSUED:          0 USEFUL:          0 USELESS:          0
cpu5->cpu5_DTLB AVERAGE MISS LATENCY: 5.201 cycles
cpu4->cpu4_STLB TOTAL        ACCESS:      34941 HIT:      34910 MISS:         31 MSHR_MERGE:          0
cpu4->cpu4_STLB LOAD         ACCESS:      34941 HIT:      34910 MISS:         31 MSHR_MERGE:          0
cpu4->cpu4_STLB RFO          ACCESS:          0 HIT:          0 MISS:          0 MSHR_MERGE:          0
cpu4->cpu4_STLB PREFETCH     ACCESS:          0 HIT:          0 MISS:          0 MSHR_MERGE:          0
cpu4->cpu4_STLB WRITE        ACCESS:          0 HIT:          0 MISS:          0 MSHR_MERGE:          0
cpu4->cpu4_STLB TRANSLATION  ACCESS:          0 HIT:          0 MISS:          0 MSHR_MERGE:          0
cpu4->cpu4_STLB PREFETCH REQUESTED:          0 ISSUED:          0 USEFUL:          0 USELESS:          0
cpu4->cpu4_STLB AVERAGE MISS LATENCY: 231.5 cycles
cpu4->cpu4_L2C TOTAL        ACCESS:    4853472 HIT:    1134504 MISS:    3718968 MSHR_MERGE:          0
cpu4->cpu4_L2C LOAD         ACCESS:    3767424 HIT:      48574 MISS:    3718850 MSHR_MERGE:          0
cpu4->cpu4_L2C RFO          ACCESS:        199 HIT:        112 MISS:         87 MSHR_MERGE:          0
cpu4->cpu4_L2C PREFETCH     ACCESS:          0 HIT:          0 MISS:          0 MSHR_MERGE:          0
cpu4->cpu4_L2C WRITE        ACCESS:    1085819 HIT:    1085818 MISS:          1 MSHR_MERGE:          0
cpu4->cpu4_L2C TRANSLATION  ACCESS:         30 HIT:          0 MISS:         30 MSHR_MERGE:          0
cpu4->cpu4_L2C PREFETCH REQUESTED:          0 ISSUED:          0 USEFUL:          0 USELESS:          0
cpu4->cpu4_L2C AVERAGE MISS LATENCY: 321.5 cycles
cpu4->cpu4_L1I TOTAL        ACCESS:   16856025 HIT:   16855927 MISS:         98 MSHR_MERGE:         53
cpu4->cpu4_L1I LOAD         ACCESS:   16856025 HIT:   16855927 MISS:         98 MSHR_MERGE:         53
cpu4->cpu4_L1I RFO          ACCESS:          0 HIT:          0 MISS:          0 MSHR_MERGE:          0
cpu4->cpu4_L1I PREFETCH     ACCESS:          0 HIT:          0 MISS:          0 MSHR_MERGE:          0
cpu4->cpu4_L1I WRITE        ACCESS:          0 HIT:          0 MISS:          0 MSHR_MERGE:          0
cpu4->cpu4_L1I TRANSLATION  ACCESS:          0 HIT:          0 MISS:          0 MSHR_MERGE:          0
cpu4->cpu4_L1I PREFETCH REQUESTED:          0 ISSUED:          0 USEFUL:          0 USELESS:          0
cpu4->cpu4_L1I AVERAGE MISS LATENCY: 246.6 cycles
cpu4->cpu4_L1D TOTAL        ACCESS:   28475847 HIT:   18953857 MISS:    9521990 MSHR_MERGE:    5754382
cpu4->cpu4_L1D LOAD         ACCESS:   21013922 HIT:   11492201 MISS:    9521721 MSHR_MERGE:    5754342
cpu4->cpu4_L1D RFO          ACCESS:          0 HIT:          0 MISS:          0 MSHR_MERGE:          0
cpu4->cpu4_L1D PREFETCH     ACCESS:          0 HIT:          0 MISS:          0 MSHR_MERGE:          0
cpu4->cpu4_L1D WRITE        ACCESS:    7461894 HIT:    7461655 MISS:        239 MSHR_MERGE:         40
cpu4->cpu4_L1D TRANSLATION  ACCESS:         31 HIT:          1 MISS:         30 MSHR_MERGE:          0
cpu4->cpu4_L1D PREFETCH REQUESTED:          0 ISSUED:          0 USEFUL:          0 USELESS:          0
cpu4->cpu4_L1D AVERAGE MISS LATENCY: 326.4 cycles
cpu4->cpu4_ITLB TOTAL        ACCESS:   14809796 HIT:   14809789 MISS:          7 MSHR_MERGE:          6
cpu4->cpu4_ITLB LOAD         ACCESS:   14809796 HIT:   14809789 MISS:          7 MSHR_MERGE:          6
cpu4->cpu4_ITLB RFO          ACCESS:          0 HIT:          0 MISS:          0 MSHR_MERGE:          0
cpu4->cpu4_ITLB PREFETCH     ACCESS:          0 HIT:          0 MISS:          0 MSHR_MERGE:          0
cpu4->cpu4_ITLB WRITE        ACCESS:          0 HIT:          0 MISS:          0 MSHR_MERGE:          0
cpu4->cpu4_ITLB TRANSLATION  ACCESS:          0 HIT:          0 MISS:          0 MSHR_MERGE:          0
cpu4->cpu4_ITLB PREFETCH REQUESTED:          0 ISSUED:          0 USEFUL:          0 USELESS:          0
cpu4->cpu4_ITLB AVERAGE MISS LATENCY: 238 cycles
cpu4->cpu4_DTLB TOTAL        ACCESS:   26768026 HIT:   26731496 MISS:      36530 MSHR_MERGE:       1590
cpu4->cpu4_DTLB LOAD         ACCESS:   26768026 HIT:   26731496 MISS:      36530 MSHR_MERGE:       1590
cpu4->cpu4_DTLB RFO          ACCESS:          0 HIT:          0 MISS:          0 MSHR_MERGE:          0
cpu4->cpu4_DTLB PREFETCH     ACCESS:          0 HIT:          0 MISS:          0 MSHR_MERGE:          0
cpu4->cpu4_DTLB WRITE        ACCESS:          0 HIT:          0 MISS:          0 MSHR_MERGE:          0
cpu4->cpu4_DTLB TRANSLATION  ACCESS:          0 HIT:          0 MISS:          0 MSHR_MERGE:          0
cpu4->cpu4_DTLB PREFETCH REQUESTED:          0 ISSUED:          0 USEFUL:          0 USELESS:          0
cpu4->cpu4_DTLB AVERAGE MISS LATENCY: 5.201 cycles
cpu3->cpu3_STLB TOTAL        ACCESS:      34890 HIT:      34860 MISS:         30 MSHR_MERGE:          0
cpu3->cpu3_STLB LOAD         ACCESS:      34890 HIT:      34860 MISS:         30 MSHR_MERGE:          0
cpu3->cpu3_STLB RFO          ACCESS:          0 HIT:          0 MISS:          0 MSHR_MERGE:          0
cpu3->cpu3_STLB PREFETCH     ACCESS:          0 HIT:          0 MISS:          0 MSHR_MERGE:          0
cpu3->cpu3_STLB WRITE        ACCESS:          0 HIT:          0 MISS:          0 MSHR_MERGE:          0
cpu3->cpu3_STLB TRANSLATION  ACCESS:          0 HIT:          0 MISS:          0 MSHR_MERGE:          0
cpu3->cpu3_STLB PREFETCH REQUESTED:          0 ISSUED:          0 USEFUL:          0 USELESS:          0
cpu3->cpu3_STLB AVERAGE MISS LATENCY: 231.6 cycles
cpu3->cpu3_L2C TOTAL        ACCESS:    4854157 HIT:    1134377 MISS:    3719780 MSHR_MERGE:          0
cpu3->cpu3_L2C LOAD         ACCESS:    3768206 HIT:      48547 MISS:    3719659 MSHR_MERGE:          0
cpu3->cpu3_L2C RFO          ACCESS:        208 HIT:        117 MISS:         91 MSHR_MERGE:          0
cpu3->cpu3_L2C PREFETCH     ACCESS:          0 HIT:          0 MISS:          0 MSHR_MERGE:          0
cpu3->cpu3_L2C WRITE        ACCESS:    1085714 HIT:    1085713 MISS:          1 MSHR_MERGE:          0
cpu3->cpu3_L2C TRANSLATION  ACCESS:         29 HIT:          0 MISS:         29 MSHR_MERGE:          0
cpu3->cpu3_L2C PREFETCH REQUESTED:          0 ISSUED:          0 USEFUL:          0 USELESS:          0
cpu3->cpu3_L2C AVERAGE MISS LATENCY: 321.5 cycles
cpu3->cpu3_L1I TOTAL        ACCESS:   16865418 HIT:   16865327 MISS:         91 MSHR_MERGE:         46
cpu3->cpu3_L1I LOAD         ACCESS:   16865418 HIT:   16865327 MISS:         91 MSHR_MERGE:         46
cpu3->cpu3_L1I RFO          ACCESS:          0 HIT:          0 MISS:          0 MSHR_MERGE:          0
cpu3->cpu3_L1I PREFETCH     ACCESS:          0 HIT:          0 MISS:          0 MSHR_MERGE:          0
cpu3->cpu3_L1I WRITE        ACCESS:          0 HIT:          0 MISS:          0 MSHR_MERGE:          0
cpu3->cpu3_L1I TRANSLATION  ACCESS:          0 HIT:          0 MISS:          0 MSHR_MERGE:          0
cpu3->cpu3_L1I PREFETCH REQUESTED:          0 ISSUED:          0 USEFUL:          0 USELESS:          0
cpu3->cpu3_L1I AVERAGE MISS LATENCY: 306.3 cycles
cpu3->cpu3_L1D TOTAL        ACCESS:   28516848 HIT:   18985841 MISS:    9531007 MSHR_MERGE:    5762609
cpu3->cpu3_L1D LOAD         ACCESS:   21059540 HIT:   11528811 MISS:    9530729 MSHR_MERGE:    5762568
cpu3->cpu3_L1D RFO          ACCESS:          0 HIT:          0 MISS:          0 MSHR_MERGE:          0
cpu3->cpu3_L1D PREFETCH     ACCESS:          0 HIT:          0 MISS:          0 MSHR_MERGE:          0
cpu3->cpu3_L1D WRITE        ACCESS:    7457278 HIT:    7457029 MISS:        249 MSHR_MERGE:         41
cpu3->cpu3_L1D TRANSLATION  ACCESS:         30 HIT:          1 MISS:         29 MSHR_MERGE:          0
cpu3->cpu3_L1D PREFETCH REQUESTED:          0 ISSUED:          0 USEFUL:          0 USELESS:          0
cpu3->cpu3_L1D AVERAGE MISS LATENCY: 326.4 cycles
cpu3->cpu3_ITLB TOTAL        ACCESS:   14828866 HIT:   14828859 MISS:          7 MSHR_MERGE:          6
cpu3->cpu3_ITLB LOAD         ACCESS:   14828866 HIT:   14828859 MISS:          7 MSHR_MERGE:          6
cpu3->cpu3_ITLB RFO          ACCESS:          0 HIT:          0 MISS:          0 MSHR_MERGE:          0
cpu3->cpu3_ITLB PREFETCH     ACCESS:          0 HIT:          0 MISS:          0 MSHR_MERGE:          0
cpu3->cpu3_ITLB WRITE        ACCESS:          0 HIT:          0 MISS:          0 MSHR_MERGE:          0
cpu3->cpu3_ITLB TRANSLATION  ACCESS:          0 HIT:          0 MISS:          0 MSHR_MERGE:          0
cpu3->cpu3_ITLB PREFETCH REQUESTED:          0 ISSUED:          0 USEFUL:          0 USELESS:          0
cpu3->cpu3_ITLB AVERAGE MISS LATENCY: 238 cycles
cpu3->cpu3_DTLB TOTAL        ACCESS:   26849255 HIT:   26812729 MISS:      36526 MSHR_MERGE:       1637
cpu3->cpu3_DTLB LOAD         ACCESS:   26849255 HIT:   26812729 MISS:      36526 MSHR_MERGE:       1637
cpu3->cpu3_DTLB RFO          ACCESS:          0 HIT:          0 MISS:          0 MSHR_MERGE:          0
cpu3->cpu3_DTLB PREFETCH     ACCESS:          0 HIT:          0 MISS:          0 MSHR_MERGE:          0
cpu3->cpu3_DTLB WRITE        ACCESS:          0 HIT:          0 MISS:          0 MSHR_MERGE:          0
cpu3->cpu3_DTLB TRANSLATION  ACCESS:          0 HIT:          0 MISS:          0 MSHR_MERGE:          0
cpu3->cpu3_DTLB PREFETCH REQUESTED:          0 ISSUED:          0 USEFUL:          0 USELESS:          0
cpu3->cpu3_DTLB AVERAGE MISS LATENCY: 5.194 cycles
cpu2->cpu2_STLB TOTAL        ACCESS:      34796 HIT:      34766 MISS:         30 MSHR_MERGE:          0
cpu2->cpu2_STLB LOAD         ACCESS:      34796 HIT:      34766 MISS:         30 MSHR_MERGE:          0
cpu2->cpu2_STLB RFO          ACCESS:          0 HIT:          0 MISS:          0 MSHR_MERGE:          0
cpu2->cpu2_STLB PREFETCH     ACCESS:          0 HIT:          0 MISS:          0 MSHR_MERGE:          0
cpu2->cpu2_STLB WRITE        ACCESS:          0 HIT:          0 MISS:          0 MSHR_MERGE:          0
cpu2->cpu2_STLB TRANSLATION  ACCESS:          0 HIT:          0 MISS:          0 MSHR_MERGE:          0
cpu2->cpu2_STLB PREFETCH REQUESTED:          0 ISSUED:          0 USEFUL:          0 USELESS:          0
cpu2->cpu2_STLB AVERAGE MISS LATENCY: 231.5 cycles
cpu2->cpu2_L2C TOTAL        ACCESS:    4848449 HIT:    1134184 MISS:    3714265 MSHR_MERGE:          0
cpu2->cpu2_L2C LOAD         ACCESS:    3762648 HIT:      48503 MISS:    3714145 MSHR_MERGE:          0
cpu2->cpu2_L2C RFO          ACCESS:        205 HIT:        115 MISS:         90 MSHR_MERGE:          0
cpu2->cpu2_L2C PREFETCH     ACCESS:          0 HIT:          0 MISS:          0 MSHR_MERGE:          0
cpu2->cpu2_L2C WRITE        ACCESS:    1085567 HIT:    1085566 MISS:          1 MSHR_MERGE:          0
cpu2->cpu2_L2C TRANSLATION  ACCESS:         29 HIT:          0 MISS:         29 MSHR_MERGE:          0
cpu2->cpu2_L2C PREFETCH REQUESTED:          0 ISSUED:          0 USEFUL:          0 USELESS:          0
cpu2->cpu2_L2C AVERAGE MISS LATENCY: 321.6 cycles
cpu2->cpu2_L1I TOTAL        ACCESS:   16859151 HIT:   16859057 MISS:         94 MSHR_MERGE:         49
cpu2->cpu2_L1I LOAD         ACCESS:   16859151 HIT:   16859057 MISS:         94 MSHR_MERGE:         49
cpu2->cpu2_L1I RFO          ACCESS:          0 HIT:          0 MISS:          0 MSHR_MERGE:          0
cpu2->cpu2_L1I PREFETCH     ACCESS:          0 HIT:          0 MISS:          0 MSHR_MERGE:          0
cpu2->cpu2_L1I WRITE        ACCESS:          0 HIT:          0 MISS:          0 MSHR_MERGE:          0
cpu2->cpu2_L1I TRANSLATION  ACCESS:          0 HIT:          0 MISS:          0 MSHR_MERGE:          0
cpu2->cpu2_L1I PREFETCH REQUESTED:          0 ISSUED:          0 USEFUL:          0 USELESS:          0
cpu2->cpu2_L1I AVERAGE MISS LATENCY: 383.9 cycles
cpu2->cpu2_L1D TOTAL        ACCESS:   28456116 HIT:   18941130 MISS:    9514986 MSHR_MERGE:    5752149
cpu2->cpu2_L1D LOAD         ACCESS:   21001679 HIT:   11486957 MISS:    9514722 MSHR_MERGE:    5752119
cpu2->cpu2_L1D RFO          ACCESS:          0 HIT:          0 MISS:          0 MSHR_MERGE:          0
cpu2->cpu2_L1D PREFETCH     ACCESS:          0 HIT:          0 MISS:          0 MSHR_MERGE:          0
cpu2->cpu2_L1D WRITE        ACCESS:    7454407 HIT:    7454172 MISS:        235 MSHR_MERGE:         30
cpu2->cpu2_L1D TRANSLATION  ACCESS:         30 HIT:          1 MISS:         29 MSHR_MERGE:          0
cpu2->cpu2_L1D PREFETCH REQUESTED:          0 ISSUED:          0 USEFUL:          0 USELESS:          0
cpu2->cpu2_L1D AVERAGE MISS LATENCY: 326.5 cycles
cpu2->cpu2_ITLB TOTAL        ACCESS:   14815610 HIT:   14815603 MISS:          7 MSHR_MERGE:          6
cpu2->cpu2_ITLB LOAD         ACCESS:   14815610 HIT:   14815603 MISS:          7 MSHR_MERGE:          6
cpu2->cpu2_ITLB RFO          ACCESS:          0 HIT:          0 MISS:          0 MSHR_MERGE:          0
cpu2->cpu2_ITLB PREFETCH     ACCESS:          0 HIT:          0 MISS:          0 MSHR_MERGE:          0
cpu2->cpu2_ITLB WRITE        ACCESS:          0 HIT:          0 MISS:          0 MSHR_MERGE:          0
cpu2->cpu2_ITLB TRANSLATION  ACCESS:          0 HIT:          0 MISS:          0 MSHR_MERGE:          0
cpu2->cpu2_ITLB PREFETCH REQUESTED:          0 ISSUED:          0 USEFUL:          0 USELESS:          0
cpu2->cpu2_ITLB AVERAGE MISS LATENCY: 238 cycles
cpu2->cpu2_DTLB TOTAL        ACCESS:   26752821 HIT:   26716419 MISS:      36402 MSHR_MERGE:       1607
cpu2->cpu2_DTLB LOAD         ACCESS:   26752821 HIT:   26716419 MISS:      36402 MSHR_MERGE:       1607
cpu2->cpu2_DTLB RFO          ACCESS:          0 HIT:          0 MISS:          0 MSHR_MERGE:          0
cpu2->cpu2_DTLB PREFETCH     ACCESS:          0 HIT:          0 MISS:          0 MSHR_MERGE:          0
cpu2->cpu2_DTLB WRITE        ACCESS:          0 HIT:          0 MISS:          0 MSHR_MERGE:          0
cpu2->cpu2_DTLB TRANSLATION  ACCESS:          0 HIT:          0 MISS:          0 MSHR_MERGE:          0
cpu2->cpu2_DTLB PREFETCH REQUESTED:          0 ISSUED:          0 USEFUL:          0 USELESS:          0
cpu2->cpu2_DTLB AVERAGE MISS LATENCY: 5.195 cycles
cpu1->cpu1_STLB TOTAL        ACCESS:      34668 HIT:      34638 MISS:         30 MSHR_MERGE:          0
cpu1->cpu1_STLB LOAD         ACCESS:      34668 HIT:      34638 MISS:         30 MSHR_MERGE:          0
cpu1->cpu1_STLB RFO          ACCESS:          0 HIT:          0 MISS:          0 MSHR_MERGE:          0
cpu1->cpu1_STLB PREFETCH     ACCESS:          0 HIT:          0 MISS:          0 MSHR_MERGE:          0
cpu1->cpu1_STLB WRITE        ACCESS:          0 HIT:          0 MISS:          0 MSHR_MERGE:          0
cpu1->cpu1_STLB TRANSLATION  ACCESS:          0 HIT:          0 MISS:          0 MSHR_MERGE:          0
cpu1->cpu1_STLB PREFETCH REQUESTED:          0 ISSUED:          0 USEFUL:          0 USELESS:          0
cpu1->cpu1_STLB AVERAGE MISS LATENCY: 231.5 cycles
cpu1->cpu1_L2C TOTAL        ACCESS:    4841746 HIT:    1133873 MISS:    3707873 MSHR_MERGE:          0
cpu1->cpu1_L2C LOAD         ACCESS:    3756155 HIT:      48402 MISS:    3707753 MSHR_MERGE:          0
cpu1->cpu1_L2C RFO          ACCESS:        207 HIT:        117 MISS:         90 MSHR_MERGE:          0
cpu1->cpu1_L2C PREFETCH     ACCESS:          0 HIT:          0 MISS:          0 MSHR_MERGE:          0
cpu1->cpu1_L2C WRITE        ACCESS:    1085355 HIT:    1085354 MISS:          1 MSHR_MERGE:          0
cpu1->cpu1_L2C TRANSLATION  ACCESS:         29 HIT:          0 MISS:         29 MSHR_MERGE:          0
cpu1->cpu1_L2C PREFETCH REQUESTED:          0 ISSUED:          0 USEFUL:          0 USELESS:          0
cpu1->cpu1_L2C AVERAGE MISS LATENCY: 321.9 cycles
cpu1->cpu1_L1I TOTAL        ACCESS:   16828206 HIT:   16828108 MISS:         98 MSHR_MERGE:         53
cpu1->cpu1_L1I LOAD         ACCESS:   16828206 HIT:   16828108 MISS:         98 MSHR_MERGE:         53
cpu1->cpu1_L1I RFO          ACCESS:          0 HIT:          0 MISS:          0 MSHR_MERGE:          0
cpu1->cpu1_L1I PREFETCH     ACCESS:          0 HIT:          0 MISS:          0 MSHR_MERGE:          0
cpu1->cpu1_L1I WRITE        ACCESS:          0 HIT:          0 MISS:          0 MSHR_MERGE:          0
cpu1->cpu1_L1I TRANSLATION  ACCESS:          0 HIT:          0 MISS:          0 MSHR_MERGE:          0
cpu1->cpu1_L1I PREFETCH REQUESTED:          0 ISSUED:          0 USEFUL:          0 USELESS:          0
cpu1->cpu1_L1I AVERAGE MISS LATENCY: 401.1 cycles
cpu1->cpu1_L1D TOTAL        ACCESS:   28428206 HIT:   18929210 MISS:    9498996 MSHR_MERGE:    5742650
cpu1->cpu1_L1D LOAD         ACCESS:   20978303 HIT:   11479596 MISS:    9498707 MSHR_MERGE:    5742597
cpu1->cpu1_L1D RFO          ACCESS:          0 HIT:          0 MISS:          0 MSHR_MERGE:          0
cpu1->cpu1_L1D PREFETCH     ACCESS:          0 HIT:          0 MISS:          0 MSHR_MERGE:          0
cpu1->cpu1_L1D WRITE        ACCESS:    7449873 HIT:    7449613 MISS:        260 MSHR_MERGE:         53
cpu1->cpu1_L1D TRANSLATION  ACCESS:         30 HIT:          1 MISS:         29 MSHR_MERGE:          0
cpu1->cpu1_L1D PREFETCH REQUESTED:          0 ISSUED:          0 USEFUL:          0 USELESS:          0
cpu1->cpu1_L1D AVERAGE MISS LATENCY: 326.7 cycles
cpu1->cpu1_ITLB TOTAL        ACCESS:   14793468 HIT:   14793461 MISS:          7 MSHR_MERGE:          6
cpu1->cpu1_ITLB LOAD         ACCESS:   14793468 HIT:   14793461 MISS:          7 MSHR_MERGE:          6
cpu1->cpu1_ITLB RFO          ACCESS:          0 HIT:          0 MISS:          0 MSHR_MERGE:          0
cpu1->cpu1_ITLB PREFETCH     ACCESS:          0 HIT:          0 MISS:          0 MSHR_MERGE:          0
cpu1->cpu1_ITLB WRITE        ACCESS:          0 HIT:          0 MISS:          0 MSHR_MERGE:          0
cpu1->cpu1_ITLB TRANSLATION  ACCESS:          0 HIT:          0 MISS:          0 MSHR_MERGE:          0
cpu1->cpu1_ITLB PREFETCH REQUESTED:          0 ISSUED:          0 USEFUL:          0 USELESS:          0
cpu1->cpu1_ITLB AVERAGE MISS LATENCY: 239 cycles
cpu1->cpu1_DTLB TOTAL        ACCESS:   26734478 HIT:   26698195 MISS:      36283 MSHR_MERGE:       1616
cpu1->cpu1_DTLB LOAD         ACCESS:   26734478 HIT:   26698195 MISS:      36283 MSHR_MERGE:       1616
cpu1->cpu1_DTLB RFO          ACCESS:          0 HIT:          0 MISS:          0 MSHR_MERGE:          0
cpu1->cpu1_DTLB PREFETCH     ACCESS:          0 HIT:          0 MISS:          0 MSHR_MERGE:          0
cpu1->cpu1_DTLB WRITE        ACCESS:          0 HIT:          0 MISS:          0 MSHR_MERGE:          0
cpu1->cpu1_DTLB TRANSLATION  ACCESS:          0 HIT:          0 MISS:          0 MSHR_MERGE:          0
cpu1->cpu1_DTLB PREFETCH REQUESTED:          0 ISSUED:          0 USEFUL:          0 USELESS:          0
cpu1->cpu1_DTLB AVERAGE MISS LATENCY: 5.196 cycles
cpu0->cpu0_STLB TOTAL        ACCESS:      34343 HIT:      34313 MISS:         30 MSHR_MERGE:          0
cpu0->cpu0_STLB LOAD         ACCESS:      34343 HIT:      34313 MISS:         30 MSHR_MERGE:          0
cpu0->cpu0_STLB RFO          ACCESS:          0 HIT:          0 MISS:          0 MSHR_MERGE:          0
cpu0->cpu0_STLB PREFETCH     ACCESS:          0 HIT:          0 MISS:          0 MSHR_MERGE:          0
cpu0->cpu0_STLB WRITE        ACCESS:          0 HIT:          0 MISS:          0 MSHR_MERGE:          0
cpu0->cpu0_STLB TRANSLATION  ACCESS:          0 HIT:          0 MISS:          0 MSHR_MERGE:          0
cpu0->cpu0_STLB PREFETCH REQUESTED:          0 ISSUED:          0 USEFUL:          0 USELESS:          0
cpu0->cpu0_STLB AVERAGE MISS LATENCY: 334.1 cycles
cpu0->cpu0_L2C TOTAL        ACCESS:    4830489 HIT:    1133300 MISS:    3697189 MSHR_MERGE:          0
cpu0->cpu0_L2C LOAD         ACCESS:    3745278 HIT:      48211 MISS:    3697067 MSHR_MERGE:          0
cpu0->cpu0_L2C RFO          ACCESS:        210 HIT:        118 MISS:         92 MSHR_MERGE:          0
cpu0->cpu0_L2C PREFETCH     ACCESS:          0 HIT:          0 MISS:          0 MSHR_MERGE:          0
cpu0->cpu0_L2C WRITE        ACCESS:    1084972 HIT:    1084971 MISS:          1 MSHR_MERGE:          0
cpu0->cpu0_L2C TRANSLATION  ACCESS:         29 HIT:          0 MISS:         29 MSHR_MERGE:          0
cpu0->cpu0_L2C PREFETCH REQUESTED:          0 ISSUED:          0 USEFUL:          0 USELESS:          0
cpu0->cpu0_L2C AVERAGE MISS LATENCY: 321 cycles
cpu0->cpu0_L1I TOTAL        ACCESS:   16812466 HIT:   16812372 MISS:         94 MSHR_MERGE:         49
cpu0->cpu0_L1I LOAD         ACCESS:   16812466 HIT:   16812372 MISS:         94 MSHR_MERGE:         49
cpu0->cpu0_L1I RFO          ACCESS:          0 HIT:          0 MISS:          0 MSHR_MERGE:          0
cpu0->cpu0_L1I PREFETCH     ACCESS:          0 HIT:          0 MISS:          0 MSHR_MERGE:          0
cpu0->cpu0_L1I WRITE        ACCESS:          0 HIT:          0 MISS:          0 MSHR_MERGE:          0
cpu0->cpu0_L1I TRANSLATION  ACCESS:          0 HIT:          0 MISS:          0 MSHR_MERGE:          0
cpu0->cpu0_L1I PREFETCH REQUESTED:          0 ISSUED:          0 USEFUL:          0 USELESS:          0
cpu0->cpu0_L1I AVERAGE MISS LATENCY: 503.6 cycles
cpu0->cpu0_L1D TOTAL        ACCESS:   28420114 HIT:   18924072 MISS:    9496042 MSHR_MERGE:    5750571
cpu0->cpu0_L1D LOAD         ACCESS:   20976883 HIT:   11481124 MISS:    9495759 MSHR_MERGE:    5750527
cpu0->cpu0_L1D RFO          ACCESS:          0 HIT:          0 MISS:          0 MSHR_MERGE:          0
cpu0->cpu0_L1D PREFETCH     ACCESS:          0 HIT:          0 MISS:          0 MSHR_MERGE:          0
cpu0->cpu0_L1D WRITE        ACCESS:    7443201 HIT:    7442947 MISS:        254 MSHR_MERGE:         44
cpu0->cpu0_L1D TRANSLATION  ACCESS:         30 HIT:          1 MISS:         29 MSHR_MERGE:          0
cpu0->cpu0_L1D PREFETCH REQUESTED:          0 ISSUED:          0 USEFUL:          0 USELESS:          0
cpu0->cpu0_L1D AVERAGE MISS LATENCY: 325.8 cycles
cpu0->cpu0_ITLB TOTAL        ACCESS:   14778207 HIT:   14778200 MISS:          7 MSHR_MERGE:          6
cpu0->cpu0_ITLB LOAD         ACCESS:   14778207 HIT:   14778200 MISS:          7 MSHR_MERGE:          6
cpu0->cpu0_ITLB RFO          ACCESS:          0 HIT:          0 MISS:          0 MSHR_MERGE:          0
cpu0->cpu0_ITLB PREFETCH     ACCESS:          0 HIT:          0 MISS:          0 MSHR_MERGE:          0
cpu0->cpu0_ITLB WRITE        ACCESS:          0 HIT:          0 MISS:          0 MSHR_MERGE:          0
cpu0->cpu0_ITLB TRANSLATION  ACCESS:          0 HIT:          0 MISS:          0 MSHR_MERGE:          0
cpu0->cpu0_ITLB PREFETCH REQUESTED:          0 ISSUED:          0 USEFUL:          0 USELESS:          0
cpu0->cpu0_ITLB AVERAGE MISS LATENCY: 501 cycles
cpu0->cpu0_DTLB TOTAL        ACCESS:   26752135 HIT:   26716169 MISS:      35966 MSHR_MERGE:       1624
cpu0->cpu0_DTLB LOAD         ACCESS:   26752135 HIT:   26716169 MISS:      35966 MSHR_MERGE:       1624
cpu0->cpu0_DTLB RFO          ACCESS:          0 HIT:          0 MISS:          0 MSHR_MERGE:          0
cpu0->cpu0_DTLB PREFETCH     ACCESS:          0 HIT:          0 MISS:          0 MSHR_MERGE:          0
cpu0->cpu0_DTLB WRITE        ACCESS:          0 HIT:          0 MISS:          0 MSHR_MERGE:          0
cpu0->cpu0_DTLB TRANSLATION  ACCESS:          0 HIT:          0 MISS:          0 MSHR_MERGE:          0
cpu0->cpu0_DTLB PREFETCH REQUESTED:          0 ISSUED:          0 USEFUL:          0 USELESS:          0
cpu0->cpu0_DTLB AVERAGE MISS LATENCY: 5.279 cycles
cpu0->LLC TOTAL        ACCESS:    4782256 HIT:    1168153 MISS:    3614103 MSHR_MERGE:          0
cpu0->LLC LOAD         ACCESS:    3697071 HIT:      85137 MISS:    3611934 MSHR_MERGE:          0
cpu0->LLC RFO          ACCESS:         92 HIT:          0 MISS:         92 MSHR_MERGE:          0
cpu0->LLC PREFETCH     ACCESS:          0 HIT:          0 MISS:          0 MSHR_MERGE:          0
cpu0->LLC WRITE        ACCESS:    1085064 HIT:    1083000 MISS:       2064 MSHR_MERGE:          0
cpu0->LLC TRANSLATION  ACCESS:         29 HIT:         16 MISS:         13 MSHR_MERGE:          0
cpu0->LLC PREFETCH REQUESTED:          0 ISSUED:          0 USEFUL:          0 USELESS:          0
cpu0->LLC AVERAGE MISS LATENCY: 2511 cycles
cpu1->LLC TOTAL        ACCESS:    4793365 HIT:    1158503 MISS:    3634862 MSHR_MERGE:          0
cpu1->LLC LOAD         ACCESS:    3707767 HIT:      74791 MISS:    3632976 MSHR_MERGE:          0
cpu1->LLC RFO          ACCESS:         90 HIT:          0 MISS:         90 MSHR_MERGE:          0
cpu1->LLC PREFETCH     ACCESS:          0 HIT:          0 MISS:          0 MSHR_MERGE:          0
cpu1->LLC WRITE        ACCESS:    1085479 HIT:    1083683 MISS:       1796 MSHR_MERGE:          0
cpu1->LLC TRANSLATION  ACCESS:         29 HIT:         29 MISS:          0 MSHR_MERGE:          0
cpu1->LLC PREFETCH REQUESTED:          0 ISSUED:          0 USEFUL:          0 USELESS:          0
cpu1->LLC AVERAGE MISS LATENCY: 2496 cycles
cpu2->LLC TOTAL        ACCESS:    4799962 HIT:    1155631 MISS:    3644331 MSHR_MERGE:          0
cpu2->LLC LOAD         ACCESS:    3714161 HIT:      70893 MISS:    3643268 MSHR_MERGE:          0
cpu2->LLC RFO          ACCESS:         90 HIT:          0 MISS:         90 MSHR_MERGE:          0
cpu2->LLC PREFETCH     ACCESS:          0 HIT:          0 MISS:          0 MSHR_MERGE:          0
cpu2->LLC WRITE        ACCESS:    1085682 HIT:    1084709 MISS:        973 MSHR_MERGE:          0
cpu2->LLC TRANSLATION  ACCESS:         29 HIT:         29 MISS:          0 MSHR_MERGE:          0
cpu2->LLC PREFETCH REQUESTED:          0 ISSUED:          0 USEFUL:          0 USELESS:          0
cpu2->LLC AVERAGE MISS LATENCY: 2490 cycles
cpu3->LLC TOTAL        ACCESS:    4805627 HIT:    1155999 MISS:    3649628 MSHR_MERGE:          0
cpu3->LLC LOAD         ACCESS:    3719664 HIT:      71321 MISS:    3648343 MSHR_MERGE:          0
cpu3->LLC RFO          ACCESS:         91 HIT:          0 MISS:         91 MSHR_MERGE:          0
cpu3->LLC PREFETCH     ACCESS:          0 HIT:          0 MISS:          0 MSHR_MERGE:          0
cpu3->LLC WRITE        ACCESS:    1085843 HIT:    1084649 MISS:       1194 MSHR_MERGE:          0
cpu3->LLC TRANSLATION  ACCESS:         29 HIT:         29 MISS:          0 MSHR_MERGE:          0
cpu3->LLC PREFETCH REQUESTED:          0 ISSUED:          0 USEFUL:          0 USELESS:          0
cpu3->LLC AVERAGE MISS LATENCY: 2486 cycles
cpu4->LLC TOTAL        ACCESS:    4804940 HIT:    1157102 MISS:    3647838 MSHR_MERGE:          0
cpu4->LLC LOAD         ACCESS:    3718866 HIT:      71914 MISS:    3646952 MSHR_MERGE:          0
cpu4->LLC RFO          ACCESS:         87 HIT:          0 MISS:         87 MSHR_MERGE:          0
cpu4->LLC PREFETCH     ACCESS:          0 HIT:          0 MISS:          0 MSHR_MERGE:          0
cpu4->LLC WRITE        ACCESS:    1085957 HIT:    1085158 MISS:        799 MSHR_MERGE:          0
cpu4->LLC TRANSLATION  ACCESS:         30 HIT:         30 MISS:          0 MSHR_MERGE:          0
cpu4->LLC PREFETCH REQUESTED:          0 ISSUED:          0 USEFUL:          0 USELESS:          0
cpu4->LLC AVERAGE MISS LATENCY: 2488 cycles
cpu5->LLC TOTAL        ACCESS:    4808258 HIT:    1157357 MISS:    3650901 MSHR_MERGE:          0
cpu5->LLC LOAD         ACCESS:    3722156 HIT:      72097 MISS:    3650059 MSHR_MERGE:          0
cpu5->LLC RFO          ACCESS:         89 HIT:          0 MISS:         89 MSHR_MERGE:          0
cpu5->LLC PREFETCH     ACCESS:          0 HIT:          0 MISS:          0 MSHR_MERGE:          0
cpu5->LLC WRITE        ACCESS:    1085983 HIT:    1085230 MISS:        753 MSHR_MERGE:          0
cpu5->LLC TRANSLATION  ACCESS:         30 HIT:         30 MISS:          0 MSHR_MERGE:          0
cpu5->LLC PREFETCH REQUESTED:          0 ISSUED:          0 USEFUL:          0 USELESS:          0
cpu5->LLC AVERAGE MISS LATENCY: 2485 cycles
cpu6->LLC TOTAL        ACCESS:    4806795 HIT:    1160750 MISS:    3646045 MSHR_MERGE:          0
cpu6->LLC LOAD         ACCESS:    3720691 HIT:      75262 MISS:    3645429 MSHR_MERGE:          0
cpu6->LLC RFO          ACCESS:         87 HIT:          0 MISS:         87 MSHR_MERGE:          0
cpu6->LLC PREFETCH     ACCESS:          0 HIT:          0 MISS:          0 MSHR_MERGE:          0
cpu6->LLC WRITE        ACCESS:    1085987 HIT:    1085458 MISS:        529 MSHR_MERGE:          0
cpu6->LLC TRANSLATION  ACCESS:         30 HIT:         30 MISS:          0 MSHR_MERGE:          0
cpu6->LLC PREFETCH REQUESTED:          0 ISSUED:          0 USEFUL:          0 USELESS:          0
cpu6->LLC AVERAGE MISS LATENCY: 2489 cycles
cpu7->LLC TOTAL        ACCESS:    4805376 HIT:    1162492 MISS:    3642884 MSHR_MERGE:          0
cpu7->LLC LOAD         ACCESS:    3719256 HIT:      76890 MISS:    3642366 MSHR_MERGE:          0
cpu7->LLC RFO          ACCESS:         85 HIT:          0 MISS:         85 MSHR_MERGE:          0
cpu7->LLC PREFETCH     ACCESS:          0 HIT:          0 MISS:          0 MSHR_MERGE:          0
cpu7->LLC WRITE        ACCESS:    1086005 HIT:    1085572 MISS:        433 MSHR_MERGE:          0
cpu7->LLC TRANSLATION  ACCESS:         30 HIT:         30 MISS:          0 MSHR_MERGE:          0
cpu7->LLC PREFETCH REQUESTED:          0 ISSUED:          0 USEFUL:          0 USELESS:          0
cpu7->LLC AVERAGE MISS LATENCY: 2491 cycles

DRAM Statistics

Channel 0 READ REQS:   14552267	WRITE REQS:    4345351
  READS:   14552267	READ_HITS:          0
  WRITES:    4345351	WRITE HITS:          0
  ACTIVATES:   18897618	PRECHARGES:   18897618
  RQ FULL:          0	WQ FULL:    8218570
  WRITE DRAINS:      98592	FORCED:      79424
  MEAN WRITE IMBALANCE: 2.4226306394027914
  READ OCCU PRE DRAIN: 7.910499837715028	POST DRAIN: 10.734694498539435
  MEAN BLP: 26.950574083089904	BGLP: 7.52380517689062
  READ LATENCY: 74.0680858865495
  TIME IN WRITE MODE: 19210551776

Channel 1 READ REQS:   14569785	WRITE REQS:    4345590
  READS:   14569783	READ_HITS:          0
  WRITES:    4345590	WRITE HITS:          0
  ACTIVATES:   18915375	PRECHARGES:   18915373
  RQ FULL:          0	WQ FULL:    8315858
  WRITE DRAINS:      98968	FORCED:      81003
  MEAN WRITE IMBALANCE: 2.4194891277988844
  READ OCCU PRE DRAIN: 8.037294883194567	POST DRAIN: 11.616805432058847
  MEAN BLP: 26.851709643521136	BGLP: 7.493007840918277
  READ LATENCY: 75.62217062532778
  TIME IN WRITE MODE: 19218122560
BARD NON LRU EVICTS: 3150815	TOTAL EVICTS: 40454156	EAGER WB: 0
---------------------------------------
Begin Slurm Epilog: Apr-09-2025 05:18:25
Job ID:        3678314
User ID:       svittal8
Account:       gts-mqureshi4-rg
Job name:      wrap
Resources:     cpu=1,mem=4G,node=1
Rsrc Used:     cput=06:30:22,vmem=0,walltime=06:30:22,mem=178168K,energy_used=0
Partition:     cpu-small
QOS:           inferno
Nodes:         atl1-1-02-017-20-2
---------------------------------------
