[VMEM] WARNING: physical memory size is smaller than virtual memory size.

*** ChampSim Multicore Out-of-Order Simulator ***
Warmup Instructions: 25000000
Simulation Instructions: 25000000
Number of CPUs: 8
Page size: 2097152

initializing BARD -- num sampled sets: 64, modulus = 256
CL :	 16.64 ns
CWL :	 15.808 ns
tRP :	 16.224 ns
tRCD :	 16.224 ns
tRAS :	 32.032000000000004 ns
tRTP :	 7.904 ns
tWR :	 30.368000000000002 ns

tCCD_S :	 3.3280000000000003 ns
tCCD_S_WR :	 3.3280000000000003 ns
tCCD_S_WTR :	 22.048000000000002 ns
tCCD_L :	 5.408 ns
tCCD_L_WR :	 20.384 ns
tCCD_L_WTR :	 29.536 ns
tRRD_S :	 3.3280000000000003 ns
tRRD_L :	 5.408 ns
tFAW :	 13.728 ns
Address mapping (perm = 1) 	ch co bg bg bg ba ba co co co co co co ro ro ro ro ro ro ro ro ro ro ro ro ro ro ro 
dram queue size: R = 64 W = 48 (low:high is 9:39)
num evicts: 0, p: 0, s: 0 	 max proactive lookup: 16, max shadow lookup: 16
current cycle = 755749, last update cycle = 0, delta = 755749
	load umon |	misses = 114, hits= 1 0 0 0 0 0 0 0 0 0 0 0 0 0 0 5
	write umon |	misses = 0, hits= 0 0 0 0 0 0 0 0 0 0 0 0 0 0 0 0
Heartbeat CPU 0 instructions: 10000002 cycles: 2501763 heartbeat IPC: 3.997 cumulative IPC: 3.997 (Simulation time: 00 hr 12 min 30 sec)
Heartbeat CPU 3 instructions: 10000001 cycles: 2501831 heartbeat IPC: 3.997 cumulative IPC: 3.997 (Simulation time: 00 hr 12 min 30 sec)
Heartbeat CPU 6 instructions: 10000001 cycles: 2501857 heartbeat IPC: 3.997 cumulative IPC: 3.997 (Simulation time: 00 hr 12 min 30 sec)
Heartbeat CPU 7 instructions: 10000000 cycles: 2517521 heartbeat IPC: 3.972 cumulative IPC: 3.972 (Simulation time: 00 hr 12 min 35 sec)
Heartbeat CPU 4 instructions: 10000001 cycles: 2523076 heartbeat IPC: 3.963 cumulative IPC: 3.963 (Simulation time: 00 hr 12 min 37 sec)
Heartbeat CPU 1 instructions: 10000004 cycles: 2523354 heartbeat IPC: 3.963 cumulative IPC: 3.963 (Simulation time: 00 hr 12 min 37 sec)
Heartbeat CPU 5 instructions: 10000004 cycles: 2525525 heartbeat IPC: 3.96 cumulative IPC: 3.96 (Simulation time: 00 hr 12 min 38 sec)
Heartbeat CPU 2 instructions: 10000000 cycles: 2527925 heartbeat IPC: 3.956 cumulative IPC: 3.956 (Simulation time: 00 hr 12 min 38 sec)
Heartbeat CPU 0 instructions: 20000002 cycles: 5001763 heartbeat IPC: 4 cumulative IPC: 3.999 (Simulation time: 00 hr 25 min 04 sec)
Heartbeat CPU 3 instructions: 20000001 cycles: 5001831 heartbeat IPC: 4 cumulative IPC: 3.999 (Simulation time: 00 hr 25 min 04 sec)
Heartbeat CPU 6 instructions: 20000001 cycles: 5001857 heartbeat IPC: 4 cumulative IPC: 3.999 (Simulation time: 00 hr 25 min 04 sec)
Heartbeat CPU 7 instructions: 20000001 cycles: 5043064 heartbeat IPC: 3.96 cumulative IPC: 3.966 (Simulation time: 00 hr 25 min 16 sec)
Heartbeat CPU 1 instructions: 20000007 cycles: 5043977 heartbeat IPC: 3.967 cumulative IPC: 3.965 (Simulation time: 00 hr 25 min 17 sec)
Heartbeat CPU 4 instructions: 20000001 cycles: 5044437 heartbeat IPC: 3.966 cumulative IPC: 3.965 (Simulation time: 00 hr 25 min 17 sec)
Heartbeat CPU 2 instructions: 20000001 cycles: 5053810 heartbeat IPC: 3.959 cumulative IPC: 3.957 (Simulation time: 00 hr 25 min 20 sec)
Heartbeat CPU 5 instructions: 20000007 cycles: 5053840 heartbeat IPC: 3.955 cumulative IPC: 3.957 (Simulation time: 00 hr 25 min 20 sec)
Warmup finished CPU 0 instructions: 25000002 cycles: 6251763 cumulative IPC: 3.999 (Simulation time: 00 hr 31 min 21 sec)
Warmup finished CPU 3 instructions: 25000001 cycles: 6251831 cumulative IPC: 3.999 (Simulation time: 00 hr 31 min 21 sec)
Warmup finished CPU 6 instructions: 25000001 cycles: 6251857 cumulative IPC: 3.999 (Simulation time: 00 hr 31 min 21 sec)
Warmup finished CPU 4 instructions: 25000000 cycles: 6302026 cumulative IPC: 3.967 (Simulation time: 00 hr 31 min 36 sec)
Warmup finished CPU 7 instructions: 25000004 cycles: 6303215 cumulative IPC: 3.966 (Simulation time: 00 hr 31 min 37 sec)
Warmup finished CPU 1 instructions: 25000003 cycles: 6307585 cumulative IPC: 3.963 (Simulation time: 00 hr 31 min 38 sec)
Warmup finished CPU 5 instructions: 25000003 cycles: 6314429 cumulative IPC: 3.959 (Simulation time: 00 hr 31 min 40 sec)
Warmup finished CPU 2 instructions: 25000003 cycles: 6315357 cumulative IPC: 3.959 (Simulation time: 00 hr 31 min 40 sec)
Warmup complete CPU 7 instructions: 25048568 cycles: 6315357 cumulative IPC: 3.966 (Simulation time: 00 hr 31 min 40 sec)
Warmup complete CPU 6 instructions: 25254001 cycles: 6315357 cumulative IPC: 3.999 (Simulation time: 00 hr 31 min 40 sec)
Warmup complete CPU 5 instructions: 25003707 cycles: 6315357 cumulative IPC: 3.959 (Simulation time: 00 hr 31 min 40 sec)
Warmup complete CPU 4 instructions: 25050609 cycles: 6315357 cumulative IPC: 3.967 (Simulation time: 00 hr 31 min 40 sec)
Warmup complete CPU 3 instructions: 25254105 cycles: 6315357 cumulative IPC: 3.999 (Simulation time: 00 hr 31 min 40 sec)
Warmup complete CPU 2 instructions: 25000003 cycles: 6315357 cumulative IPC: 3.959 (Simulation time: 00 hr 31 min 40 sec)
Warmup complete CPU 1 instructions: 25031095 cycles: 6315357 cumulative IPC: 3.964 (Simulation time: 00 hr 31 min 40 sec)
Warmup complete CPU 0 instructions: 25254378 cycles: 6315357 cumulative IPC: 3.999 (Simulation time: 00 hr 31 min 40 sec)
Heartbeat CPU 6 instructions: 30000001 cycles: 9116018 heartbeat IPC: 2.431 cumulative IPC: 1.695 (Simulation time: 00 hr 41 min 17 sec)
Heartbeat CPU 0 instructions: 30000002 cycles: 9117886 heartbeat IPC: 2.429 cumulative IPC: 1.693 (Simulation time: 00 hr 41 min 17 sec)
Heartbeat CPU 3 instructions: 30000001 cycles: 9119089 heartbeat IPC: 2.429 cumulative IPC: 1.693 (Simulation time: 00 hr 41 min 18 sec)
Heartbeat CPU 7 instructions: 30000001 cycles: 9242628 heartbeat IPC: 2.381 cumulative IPC: 1.691 (Simulation time: 00 hr 41 min 42 sec)
Heartbeat CPU 4 instructions: 30000001 cycles: 9242655 heartbeat IPC: 2.382 cumulative IPC: 1.691 (Simulation time: 00 hr 41 min 42 sec)
Heartbeat CPU 1 instructions: 30000011 cycles: 9252072 heartbeat IPC: 2.376 cumulative IPC: 1.692 (Simulation time: 00 hr 41 min 44 sec)
Heartbeat CPU 5 instructions: 30000011 cycles: 9270361 heartbeat IPC: 2.372 cumulative IPC: 1.691 (Simulation time: 00 hr 41 min 48 sec)
Heartbeat CPU 2 instructions: 30000001 cycles: 9278441 heartbeat IPC: 2.367 cumulative IPC: 1.687 (Simulation time: 00 hr 41 min 50 sec)
num evicts: 100000, p: 6394, s: 13191 	 max proactive lookup: 16, max shadow lookup: 16
current cycle = 11639023, last update cycle = 10000199, delta = 1638824
	load umon |	misses = 586, hits= 0 0 0 0 0 0 0 0 0 0 0 0 0 1 1 2
	write umon |	misses = 68, hits= 0 0 0 0 0 0 0 0 0 0 0 0 0 0 0 0
Heartbeat CPU 0 instructions: 40000005 cycles: 15085474 heartbeat IPC: 1.676 cumulative IPC: 1.681 (Simulation time: 01 hr 00 min 44 sec)
Heartbeat CPU 6 instructions: 40000005 cycles: 15090354 heartbeat IPC: 1.674 cumulative IPC: 1.68 (Simulation time: 01 hr 00 min 44 sec)
Heartbeat CPU 3 instructions: 40000005 cycles: 15102467 heartbeat IPC: 1.671 cumulative IPC: 1.678 (Simulation time: 01 hr 00 min 47 sec)
Heartbeat CPU 4 instructions: 40000005 cycles: 15222927 heartbeat IPC: 1.672 cumulative IPC: 1.678 (Simulation time: 01 hr 01 min 10 sec)
Heartbeat CPU 7 instructions: 40000005 cycles: 15223046 heartbeat IPC: 1.672 cumulative IPC: 1.678 (Simulation time: 01 hr 01 min 10 sec)
Heartbeat CPU 1 instructions: 40000013 cycles: 15234040 heartbeat IPC: 1.672 cumulative IPC: 1.678 (Simulation time: 01 hr 01 min 12 sec)
Heartbeat CPU 5 instructions: 40000013 cycles: 15250291 heartbeat IPC: 1.672 cumulative IPC: 1.678 (Simulation time: 01 hr 01 min 15 sec)
Heartbeat CPU 2 instructions: 40000005 cycles: 15275118 heartbeat IPC: 1.668 cumulative IPC: 1.674 (Simulation time: 01 hr 01 min 20 sec)
num evicts: 200000, p: 10817, s: 40495 	 max proactive lookup: 16, max shadow lookup: 16
current cycle = 17288274, last update cycle = 15000396, delta = 2287878
	load umon |	misses = 728, hits= 0 0 0 0 0 0 0 0 0 0 0 0 0 0 4 1
	write umon |	misses = 182, hits= 0 0 0 0 0 0 0 0 0 0 0 0 0 0 0 0
num evicts: 300000, p: 12200, s: 73269 	 max proactive lookup: 16, max shadow lookup: 16
current cycle = 18793738, last update cycle = 15000396, delta = 3793342
	load umon |	misses = 1069, hits= 0 0 0 0 0 0 0 0 0 0 1 1 0 0 4 7
	write umon |	misses = 308, hits= 0 0 0 0 0 0 0 0 0 0 0 0 0 0 0 0
num evicts: 400000, p: 14037, s: 98423 	 max proactive lookup: 16, max shadow lookup: 16
current cycle = 20196818, last update cycle = 20000401, delta = 196417
	load umon |	misses = 724, hits= 0 0 0 0 0 0 0 0 0 0 0 0 0 0 2 3
	write umon |	misses = 261, hits= 0 0 0 0 0 0 0 0 0 0 0 0 0 0 0 0
num evicts: 500000, p: 16220, s: 120057 	 max proactive lookup: 16, max shadow lookup: 16
current cycle = 21545405, last update cycle = 20000401, delta = 1545004
	load umon |	misses = 955, hits= 0 0 0 0 0 0 0 0 0 0 0 0 0 0 2 3
	write umon |	misses = 335, hits= 0 0 0 0 0 0 0 0 0 0 0 0 0 0 0 0
num evicts: 600000, p: 20033, s: 141869 	 max proactive lookup: 16, max shadow lookup: 16
current cycle = 22907937, last update cycle = 20000401, delta = 2907536
	load umon |	misses = 1118, hits= 0 0 0 0 0 0 0 0 0 0 0 0 0 0 2 3
	write umon |	misses = 357, hits= 0 0 0 0 0 0 0 0 0 0 0 0 0 0 0 0
num evicts: 700000, p: 26366, s: 164894 	 max proactive lookup: 16, max shadow lookup: 16
current cycle = 24365744, last update cycle = 20000401, delta = 4365343
	load umon |	misses = 1284, hits= 0 0 0 0 0 0 0 0 0 0 0 0 0 0 2 11
	write umon |	misses = 397, hits= 0 0 0 0 0 0 0 0 0 0 0 0 0 0 0 0
num evicts: 800000, p: 32164, s: 181390 	 max proactive lookup: 16, max shadow lookup: 16
current cycle = 25794609, last update cycle = 25000427, delta = 794182
	load umon |	misses = 832, hits= 0 0 0 0 0 0 0 0 0 0 0 0 0 0 1 5
	write umon |	misses = 265, hits= 0 0 0 0 0 0 0 0 0 0 0 0 0 0 0 0
num evicts: 900000, p: 35129, s: 196672 	 max proactive lookup: 16, max shadow lookup: 16
current cycle = 27106450, last update cycle = 25000427, delta = 2106023
	load umon |	misses = 1290, hits= 0 0 0 0 0 0 0 1 0 0 0 0 0 0 8 5
	write umon |	misses = 315, hits= 0 0 0 0 0 0 0 0 0 0 0 0 0 0 0 0
num evicts: 1000000, p: 39351, s: 216153 	 max proactive lookup: 16, max shadow lookup: 16
current cycle = 28449117, last update cycle = 25000427, delta = 3448690
	load umon |	misses = 1836, hits= 0 0 0 0 0 0 0 1 0 0 0 0 0 0 16 5
	write umon |	misses = 374, hits= 0 0 0 0 0 0 0 0 0 0 0 0 0 0 0 0
num evicts: 1100000, p: 44790, s: 238705 	 max proactive lookup: 16, max shadow lookup: 16
current cycle = 29877343, last update cycle = 25000427, delta = 4876916
	load umon |	misses = 2406, hits= 0 0 0 0 0 0 0 1 0 0 0 0 0 0 24 5
	write umon |	misses = 455, hits= 0 0 0 0 0 0 0 0 0 0 0 0 0 0 0 0
num evicts: 1200000, p: 50740, s: 252652 	 max proactive lookup: 16, max shadow lookup: 16
current cycle = 31278599, last update cycle = 30000436, delta = 1278163
	load umon |	misses = 1420, hits= 0 0 0 0 0 0 0 0 0 0 0 0 0 0 12 2
	write umon |	misses = 281, hits= 0 0 0 0 0 0 0 0 0 0 0 0 0 0 0 0
num evicts: 1300000, p: 53796, s: 265769 	 max proactive lookup: 16, max shadow lookup: 16
current cycle = 32585019, last update cycle = 30000436, delta = 2584583
	load umon |	misses = 1777, hits= 0 0 0 0 0 0 0 0 0 0 0 0 0 2 12 2
	write umon |	misses = 364, hits= 0 0 0 0 0 0 0 0 0 0 0 0 0 0 0 0
num evicts: 1400000, p: 57519, s: 284293 	 max proactive lookup: 16, max shadow lookup: 16
current cycle = 33918007, last update cycle = 30000436, delta = 3917571
	load umon |	misses = 2390, hits= 0 0 0 0 0 0 0 0 0 0 0 0 1 7 19 2
	write umon |	misses = 601, hits= 0 0 0 0 0 0 0 0 0 0 0 0 0 0 0 0
num evicts: 1500000, p: 62762, s: 306215 	 max proactive lookup: 16, max shadow lookup: 16
current cycle = 35333790, last update cycle = 35000444, delta = 333346
	load umon |	misses = 1501, hits= 0 0 0 0 0 0 0 0 0 0 0 0 1 3 10 3
	write umon |	misses = 416, hits= 0 0 0 0 0 0 0 0 0 0 0 0 0 0 0 0
num evicts: 1600000, p: 68733, s: 320942 	 max proactive lookup: 16, max shadow lookup: 16
current cycle = 36742824, last update cycle = 35000444, delta = 1742380
	load umon |	misses = 1966, hits= 0 0 0 0 0 0 0 0 0 0 0 0 1 3 10 11
	write umon |	misses = 550, hits= 0 0 0 0 0 0 0 0 0 0 0 0 0 0 0 0
num evicts: 1700000, p: 71658, s: 332699 	 max proactive lookup: 16, max shadow lookup: 16
current cycle = 38049882, last update cycle = 35000444, delta = 3049438
	load umon |	misses = 2208, hits= 0 0 0 0 0 0 0 0 0 0 0 0 1 3 17 12
	write umon |	misses = 679, hits= 0 0 0 0 0 0 0 0 0 0 0 0 0 0 0 0
num evicts: 1800000, p: 74839, s: 350968 	 max proactive lookup: 16, max shadow lookup: 16
current cycle = 39382254, last update cycle = 35000444, delta = 4381810
	load umon |	misses = 2664, hits= 0 0 0 0 0 0 0 0 0 0 0 0 1 3 17 12
	write umon |	misses = 941, hits= 0 0 0 0 0 0 0 0 0 0 0 0 0 0 0 0
num evicts: 1900000, p: 79755, s: 372292 	 max proactive lookup: 16, max shadow lookup: 16
current cycle = 40787365, last update cycle = 40000460, delta = 786905
	load umon |	misses = 1715, hits= 0 0 0 0 0 0 0 0 0 0 0 0 0 1 8 6
	write umon |	misses = 787, hits= 0 0 0 0 0 0 0 0 0 0 0 0 0 0 0 0
Heartbeat CPU 3 instructions: 50000005 cycles: 42048483 heartbeat IPC: 0.3711 cumulative IPC: 0.6925 (Simulation time: 01 hr 52 min 03 sec)
Heartbeat CPU 0 instructions: 50000005 cycles: 42121424 heartbeat IPC: 0.3699 cumulative IPC: 0.6911 (Simulation time: 01 hr 52 min 11 sec)
Heartbeat CPU 5 instructions: 50000015 cycles: 42187991 heartbeat IPC: 0.3712 cumulative IPC: 0.6968 (Simulation time: 01 hr 52 min 18 sec)
Heartbeat CPU 6 instructions: 50000005 cycles: 42190979 heartbeat IPC: 0.369 cumulative IPC: 0.6898 (Simulation time: 01 hr 52 min 18 sec)
Simulation finished CPU 5 instructions: 25000004 cycles: 35887261 cumulative IPC: 0.6966 (Simulation time: 01 hr 52 min 19 sec)
num evicts: 2000000, p: 85588, s: 386944 	 max proactive lookup: 16, max shadow lookup: 16
current cycle = 42207390, last update cycle = 40000460, delta = 2206930
	load umon |	misses = 2050, hits= 0 0 0 0 0 0 0 0 0 0 0 0 0 1 9 13
	write umon |	misses = 1059, hits= 0 0 0 0 0 0 0 0 0 0 0 0 0 0 0 0
Heartbeat CPU 7 instructions: 50000005 cycles: 42228038 heartbeat IPC: 0.3703 cumulative IPC: 0.6948 (Simulation time: 01 hr 52 min 22 sec)
Heartbeat CPU 1 instructions: 50000015 cycles: 42259220 heartbeat IPC: 0.37 cumulative IPC: 0.6947 (Simulation time: 01 hr 52 min 25 sec)
Heartbeat CPU 4 instructions: 50000005 cycles: 42280465 heartbeat IPC: 0.3696 cumulative IPC: 0.6937 (Simulation time: 01 hr 52 min 27 sec)
Heartbeat CPU 2 instructions: 50000005 cycles: 42343989 heartbeat IPC: 0.3694 cumulative IPC: 0.6939 (Simulation time: 01 hr 52 min 33 sec)
Simulation finished CPU 2 instructions: 25000002 cycles: 36028632 cumulative IPC: 0.6939 (Simulation time: 01 hr 52 min 33 sec)
Simulation finished CPU 1 instructions: 25000003 cycles: 36063426 cumulative IPC: 0.6932 (Simulation time: 01 hr 52 min 37 sec)
Simulation finished CPU 7 instructions: 25000000 cycles: 36096321 cumulative IPC: 0.6926 (Simulation time: 01 hr 52 min 40 sec)
Simulation finished CPU 4 instructions: 25000004 cycles: 36151167 cumulative IPC: 0.6915 (Simulation time: 01 hr 52 min 46 sec)
Simulation finished CPU 3 instructions: 25000001 cycles: 36657261 cumulative IPC: 0.682 (Simulation time: 01 hr 53 min 37 sec)
Simulation finished CPU 0 instructions: 25000004 cycles: 36728642 cumulative IPC: 0.6807 (Simulation time: 01 hr 53 min 44 sec)
Simulation finished CPU 6 instructions: 25000003 cycles: 36808047 cumulative IPC: 0.6792 (Simulation time: 01 hr 53 min 52 sec)
Simulation complete CPU 7 instructions: 25196116 cycles: 36808047 cumulative IPC: 0.6845 (Simulation time: 01 hr 53 min 52 sec)
Simulation complete CPU 6 instructions: 25000003 cycles: 36808047 cumulative IPC: 0.6792 (Simulation time: 01 hr 53 min 52 sec)
Simulation complete CPU 5 instructions: 25250704 cycles: 36808047 cumulative IPC: 0.686 (Simulation time: 01 hr 53 min 52 sec)
Simulation complete CPU 4 instructions: 25180563 cycles: 36808047 cumulative IPC: 0.6841 (Simulation time: 01 hr 53 min 52 sec)
Simulation complete CPU 3 instructions: 25042229 cycles: 36808047 cumulative IPC: 0.6803 (Simulation time: 01 hr 53 min 52 sec)
Simulation complete CPU 2 instructions: 25216860 cycles: 36808047 cumulative IPC: 0.6851 (Simulation time: 01 hr 53 min 52 sec)
Simulation complete CPU 1 instructions: 25203035 cycles: 36808047 cumulative IPC: 0.6847 (Simulation time: 01 hr 53 min 52 sec)
Simulation complete CPU 0 instructions: 25022526 cycles: 36808047 cumulative IPC: 0.6798 (Simulation time: 01 hr 53 min 52 sec)

ChampSim completed all CPUs

=== Simulation ===
CPU 0 runs TRACES/ctf/spec2017/654.roms_s-1007B.champsimtrace.xz
CPU 1 runs TRACES/ctf/spec2017/654.roms_s-1007B.champsimtrace.xz
CPU 2 runs TRACES/ctf/spec2017/654.roms_s-1007B.champsimtrace.xz
CPU 3 runs TRACES/ctf/spec2017/654.roms_s-1007B.champsimtrace.xz
CPU 4 runs TRACES/ctf/spec2017/654.roms_s-1007B.champsimtrace.xz
CPU 5 runs TRACES/ctf/spec2017/654.roms_s-1007B.champsimtrace.xz
CPU 6 runs TRACES/ctf/spec2017/654.roms_s-1007B.champsimtrace.xz
CPU 7 runs TRACES/ctf/spec2017/654.roms_s-1007B.champsimtrace.xz

Total Simulation Statistics (not including warmup)

CPU 7 cumulative IPC: 0.6845 instructions: 25196116 cycles: 36808047
CPU 7 Branch Prediction Accuracy: 100% MPKI: 0 Average ROB Occupancy at Mispredict: -
Branch type MPKI
BRANCH_DIRECT_JUMP: 0
BRANCH_INDIRECT: 0
BRANCH_CONDITIONAL: 0
BRANCH_DIRECT_CALL: 0
BRANCH_INDIRECT_CALL: 0
BRANCH_RETURN: 0


CPU 6 cumulative IPC: 0.6792 instructions: 25000003 cycles: 36808047
CPU 6 Branch Prediction Accuracy: 100% MPKI: 0 Average ROB Occupancy at Mispredict: -
Branch type MPKI
BRANCH_DIRECT_JUMP: 0
BRANCH_INDIRECT: 0
BRANCH_CONDITIONAL: 0
BRANCH_DIRECT_CALL: 0
BRANCH_INDIRECT_CALL: 0
BRANCH_RETURN: 0


CPU 5 cumulative IPC: 0.686 instructions: 25250704 cycles: 36808047
CPU 5 Branch Prediction Accuracy: 100% MPKI: 0 Average ROB Occupancy at Mispredict: -
Branch type MPKI
BRANCH_DIRECT_JUMP: 0
BRANCH_INDIRECT: 0
BRANCH_CONDITIONAL: 0
BRANCH_DIRECT_CALL: 0
BRANCH_INDIRECT_CALL: 0
BRANCH_RETURN: 0


CPU 4 cumulative IPC: 0.6841 instructions: 25180563 cycles: 36808047
CPU 4 Branch Prediction Accuracy: 100% MPKI: 0 Average ROB Occupancy at Mispredict: -
Branch type MPKI
BRANCH_DIRECT_JUMP: 0
BRANCH_INDIRECT: 0
BRANCH_CONDITIONAL: 0
BRANCH_DIRECT_CALL: 0
BRANCH_INDIRECT_CALL: 0
BRANCH_RETURN: 0


CPU 3 cumulative IPC: 0.6803 instructions: 25042229 cycles: 36808047
CPU 3 Branch Prediction Accuracy: 100% MPKI: 0 Average ROB Occupancy at Mispredict: -
Branch type MPKI
BRANCH_DIRECT_JUMP: 0
BRANCH_INDIRECT: 0
BRANCH_CONDITIONAL: 0
BRANCH_DIRECT_CALL: 0
BRANCH_INDIRECT_CALL: 0
BRANCH_RETURN: 0


CPU 2 cumulative IPC: 0.6851 instructions: 25216860 cycles: 36808047
CPU 2 Branch Prediction Accuracy: 100% MPKI: 0 Average ROB Occupancy at Mispredict: -
Branch type MPKI
BRANCH_DIRECT_JUMP: 0
BRANCH_INDIRECT: 0
BRANCH_CONDITIONAL: 0
BRANCH_DIRECT_CALL: 0
BRANCH_INDIRECT_CALL: 0
BRANCH_RETURN: 0


CPU 1 cumulative IPC: 0.6847 instructions: 25203035 cycles: 36808047
CPU 1 Branch Prediction Accuracy: 100% MPKI: 0 Average ROB Occupancy at Mispredict: -
Branch type MPKI
BRANCH_DIRECT_JUMP: 0
BRANCH_INDIRECT: 0
BRANCH_CONDITIONAL: 0
BRANCH_DIRECT_CALL: 0
BRANCH_INDIRECT_CALL: 0
BRANCH_RETURN: 0


CPU 0 cumulative IPC: 0.6798 instructions: 25022526 cycles: 36808047
CPU 0 Branch Prediction Accuracy: 100% MPKI: 0 Average ROB Occupancy at Mispredict: -
Branch type MPKI
BRANCH_DIRECT_JUMP: 0
BRANCH_INDIRECT: 0
BRANCH_CONDITIONAL: 0
BRANCH_DIRECT_CALL: 0
BRANCH_INDIRECT_CALL: 0
BRANCH_RETURN: 0

cpu7->cpu7_STLB TOTAL        ACCESS:         28 HIT:          0 MISS:         28 MSHR_MERGE:          0
cpu7->cpu7_STLB LOAD         ACCESS:         28 HIT:          0 MISS:         28 MSHR_MERGE:          0
cpu7->cpu7_STLB RFO          ACCESS:          0 HIT:          0 MISS:          0 MSHR_MERGE:          0
cpu7->cpu7_STLB PREFETCH     ACCESS:          0 HIT:          0 MISS:          0 MSHR_MERGE:          0
cpu7->cpu7_STLB WRITE        ACCESS:          0 HIT:          0 MISS:          0 MSHR_MERGE:          0
cpu7->cpu7_STLB TRANSLATION  ACCESS:          0 HIT:          0 MISS:          0 MSHR_MERGE:          0
cpu7->cpu7_STLB PREFETCH REQUESTED:          0 ISSUED:          0 USEFUL:          0 USELESS:          0
cpu7->cpu7_STLB AVERAGE MISS LATENCY: 270.7 cycles
cpu7->cpu7_L2C TOTAL        ACCESS:     335941 HIT:      85286 MISS:     250655 MSHR_MERGE:          0
cpu7->cpu7_L2C LOAD         ACCESS:     165325 HIT:          3 MISS:     165322 MSHR_MERGE:          0
cpu7->cpu7_L2C RFO          ACCESS:      85207 HIT:         99 MISS:      85108 MSHR_MERGE:          0
cpu7->cpu7_L2C PREFETCH     ACCESS:          0 HIT:          0 MISS:          0 MSHR_MERGE:          0
cpu7->cpu7_L2C WRITE        ACCESS:      85378 HIT:      85178 MISS:        200 MSHR_MERGE:          0
cpu7->cpu7_L2C TRANSLATION  ACCESS:         31 HIT:          6 MISS:         25 MSHR_MERGE:          0
cpu7->cpu7_L2C PREFETCH REQUESTED:          0 ISSUED:          0 USEFUL:          0 USELESS:          0
cpu7->cpu7_L2C AVERAGE MISS LATENCY: 317 cycles
cpu7->cpu7_L1I TOTAL        ACCESS:    5199614 HIT:    5199566 MISS:         48 MSHR_MERGE:         21
cpu7->cpu7_L1I LOAD         ACCESS:    5199614 HIT:    5199566 MISS:         48 MSHR_MERGE:         21
cpu7->cpu7_L1I RFO          ACCESS:          0 HIT:          0 MISS:          0 MSHR_MERGE:          0
cpu7->cpu7_L1I PREFETCH     ACCESS:          0 HIT:          0 MISS:          0 MSHR_MERGE:          0
cpu7->cpu7_L1I WRITE        ACCESS:          0 HIT:          0 MISS:          0 MSHR_MERGE:          0
cpu7->cpu7_L1I TRANSLATION  ACCESS:          0 HIT:          0 MISS:          0 MSHR_MERGE:          0
cpu7->cpu7_L1I PREFETCH REQUESTED:          0 ISSUED:          0 USEFUL:          0 USELESS:          0
cpu7->cpu7_L1I AVERAGE MISS LATENCY: 359.3 cycles
cpu7->cpu7_L1D TOTAL        ACCESS:    6971676 HIT:    6308492 MISS:     663184 MSHR_MERGE:     412643
cpu7->cpu7_L1D LOAD         ACCESS:    4185621 HIT:    3817201 MISS:     368420 MSHR_MERGE:     203122
cpu7->cpu7_L1D RFO          ACCESS:          0 HIT:          0 MISS:          0 MSHR_MERGE:          0
cpu7->cpu7_L1D PREFETCH     ACCESS:          0 HIT:          0 MISS:          0 MSHR_MERGE:          0
cpu7->cpu7_L1D WRITE        ACCESS:    2786024 HIT:    2491291 MISS:     294733 MSHR_MERGE:     209521
cpu7->cpu7_L1D TRANSLATION  ACCESS:         31 HIT:          0 MISS:         31 MSHR_MERGE:          0
cpu7->cpu7_L1D PREFETCH REQUESTED:          0 ISSUED:          0 USEFUL:          0 USELESS:          0
cpu7->cpu7_L1D AVERAGE MISS LATENCY: 326.1 cycles
cpu7->cpu7_ITLB TOTAL        ACCESS:    4829778 HIT:    4829778 MISS:          0 MSHR_MERGE:          0
cpu7->cpu7_ITLB LOAD         ACCESS:    4829778 HIT:    4829778 MISS:          0 MSHR_MERGE:          0
cpu7->cpu7_ITLB RFO          ACCESS:          0 HIT:          0 MISS:          0 MSHR_MERGE:          0
cpu7->cpu7_ITLB PREFETCH     ACCESS:          0 HIT:          0 MISS:          0 MSHR_MERGE:          0
cpu7->cpu7_ITLB WRITE        ACCESS:          0 HIT:          0 MISS:          0 MSHR_MERGE:          0
cpu7->cpu7_ITLB TRANSLATION  ACCESS:          0 HIT:          0 MISS:          0 MSHR_MERGE:          0
cpu7->cpu7_ITLB PREFETCH REQUESTED:          0 ISSUED:          0 USEFUL:          0 USELESS:          0
cpu7->cpu7_ITLB AVERAGE MISS LATENCY: - cycles
cpu7->cpu7_DTLB TOTAL        ACCESS:    6531822 HIT:    6531755 MISS:         67 MSHR_MERGE:         39
cpu7->cpu7_DTLB LOAD         ACCESS:    6531822 HIT:    6531755 MISS:         67 MSHR_MERGE:         39
cpu7->cpu7_DTLB RFO          ACCESS:          0 HIT:          0 MISS:          0 MSHR_MERGE:          0
cpu7->cpu7_DTLB PREFETCH     ACCESS:          0 HIT:          0 MISS:          0 MSHR_MERGE:          0
cpu7->cpu7_DTLB WRITE        ACCESS:          0 HIT:          0 MISS:          0 MSHR_MERGE:          0
cpu7->cpu7_DTLB TRANSLATION  ACCESS:          0 HIT:          0 MISS:          0 MSHR_MERGE:          0
cpu7->cpu7_DTLB PREFETCH REQUESTED:          0 ISSUED:          0 USEFUL:          0 USELESS:          0
cpu7->cpu7_DTLB AVERAGE MISS LATENCY: 276.7 cycles
cpu6->cpu6_STLB TOTAL        ACCESS:         28 HIT:          0 MISS:         28 MSHR_MERGE:          0
cpu6->cpu6_STLB LOAD         ACCESS:         28 HIT:          0 MISS:         28 MSHR_MERGE:          0
cpu6->cpu6_STLB RFO          ACCESS:          0 HIT:          0 MISS:          0 MSHR_MERGE:          0
cpu6->cpu6_STLB PREFETCH     ACCESS:          0 HIT:          0 MISS:          0 MSHR_MERGE:          0
cpu6->cpu6_STLB WRITE        ACCESS:          0 HIT:          0 MISS:          0 MSHR_MERGE:          0
cpu6->cpu6_STLB TRANSLATION  ACCESS:          0 HIT:          0 MISS:          0 MSHR_MERGE:          0
cpu6->cpu6_STLB PREFETCH REQUESTED:          0 ISSUED:          0 USEFUL:          0 USELESS:          0
cpu6->cpu6_STLB AVERAGE MISS LATENCY: 276.8 cycles
cpu6->cpu6_L2C TOTAL        ACCESS:     336013 HIT:      85291 MISS:     250722 MSHR_MERGE:          0
cpu6->cpu6_L2C LOAD         ACCESS:     165394 HIT:          2 MISS:     165392 MSHR_MERGE:          0
cpu6->cpu6_L2C RFO          ACCESS:      85206 HIT:        100 MISS:      85106 MSHR_MERGE:          0
cpu6->cpu6_L2C PREFETCH     ACCESS:          0 HIT:          0 MISS:          0 MSHR_MERGE:          0
cpu6->cpu6_L2C WRITE        ACCESS:      85382 HIT:      85183 MISS:        199 MSHR_MERGE:          0
cpu6->cpu6_L2C TRANSLATION  ACCESS:         31 HIT:          6 MISS:         25 MSHR_MERGE:          0
cpu6->cpu6_L2C PREFETCH REQUESTED:          0 ISSUED:          0 USEFUL:          0 USELESS:          0
cpu6->cpu6_L2C AVERAGE MISS LATENCY: 318 cycles
cpu6->cpu6_L1I TOTAL        ACCESS:    5157389 HIT:    5157341 MISS:         48 MSHR_MERGE:         21
cpu6->cpu6_L1I LOAD         ACCESS:    5157389 HIT:    5157341 MISS:         48 MSHR_MERGE:         21
cpu6->cpu6_L1I RFO          ACCESS:          0 HIT:          0 MISS:          0 MSHR_MERGE:          0
cpu6->cpu6_L1I PREFETCH     ACCESS:          0 HIT:          0 MISS:          0 MSHR_MERGE:          0
cpu6->cpu6_L1I WRITE        ACCESS:          0 HIT:          0 MISS:          0 MSHR_MERGE:          0
cpu6->cpu6_L1I TRANSLATION  ACCESS:          0 HIT:          0 MISS:          0 MSHR_MERGE:          0
cpu6->cpu6_L1I PREFETCH REQUESTED:          0 ISSUED:          0 USEFUL:          0 USELESS:          0
cpu6->cpu6_L1I AVERAGE MISS LATENCY: 240.9 cycles
cpu6->cpu6_L1D TOTAL        ACCESS:    6926130 HIT:    6267296 MISS:     658834 MSHR_MERGE:     408227
cpu6->cpu6_L1D LOAD         ACCESS:    4156681 HIT:    3793744 MISS:     362937 MSHR_MERGE:     197569
cpu6->cpu6_L1D RFO          ACCESS:          0 HIT:          0 MISS:          0 MSHR_MERGE:          0
cpu6->cpu6_L1D PREFETCH     ACCESS:          0 HIT:          0 MISS:          0 MSHR_MERGE:          0
cpu6->cpu6_L1D WRITE        ACCESS:    2769418 HIT:    2473552 MISS:     295866 MSHR_MERGE:     210658
cpu6->cpu6_L1D TRANSLATION  ACCESS:         31 HIT:          0 MISS:         31 MSHR_MERGE:          0
cpu6->cpu6_L1D PREFETCH REQUESTED:          0 ISSUED:          0 USEFUL:          0 USELESS:          0
cpu6->cpu6_L1D AVERAGE MISS LATENCY: 327.1 cycles
cpu6->cpu6_ITLB TOTAL        ACCESS:    4798377 HIT:    4798377 MISS:          0 MSHR_MERGE:          0
cpu6->cpu6_ITLB LOAD         ACCESS:    4798377 HIT:    4798377 MISS:          0 MSHR_MERGE:          0
cpu6->cpu6_ITLB RFO          ACCESS:          0 HIT:          0 MISS:          0 MSHR_MERGE:          0
cpu6->cpu6_ITLB PREFETCH     ACCESS:          0 HIT:          0 MISS:          0 MSHR_MERGE:          0
cpu6->cpu6_ITLB WRITE        ACCESS:          0 HIT:          0 MISS:          0 MSHR_MERGE:          0
cpu6->cpu6_ITLB TRANSLATION  ACCESS:          0 HIT:          0 MISS:          0 MSHR_MERGE:          0
cpu6->cpu6_ITLB PREFETCH REQUESTED:          0 ISSUED:          0 USEFUL:          0 USELESS:          0
cpu6->cpu6_ITLB AVERAGE MISS LATENCY: - cycles
cpu6->cpu6_DTLB TOTAL        ACCESS:    6492729 HIT:    6492664 MISS:         65 MSHR_MERGE:         37
cpu6->cpu6_DTLB LOAD         ACCESS:    6492729 HIT:    6492664 MISS:         65 MSHR_MERGE:         37
cpu6->cpu6_DTLB RFO          ACCESS:          0 HIT:          0 MISS:          0 MSHR_MERGE:          0
cpu6->cpu6_DTLB PREFETCH     ACCESS:          0 HIT:          0 MISS:          0 MSHR_MERGE:          0
cpu6->cpu6_DTLB WRITE        ACCESS:          0 HIT:          0 MISS:          0 MSHR_MERGE:          0
cpu6->cpu6_DTLB TRANSLATION  ACCESS:          0 HIT:          0 MISS:          0 MSHR_MERGE:          0
cpu6->cpu6_DTLB PREFETCH REQUESTED:          0 ISSUED:          0 USEFUL:          0 USELESS:          0
cpu6->cpu6_DTLB AVERAGE MISS LATENCY: 282.8 cycles
cpu5->cpu5_STLB TOTAL        ACCESS:         28 HIT:          0 MISS:         28 MSHR_MERGE:          0
cpu5->cpu5_STLB LOAD         ACCESS:         28 HIT:          0 MISS:         28 MSHR_MERGE:          0
cpu5->cpu5_STLB RFO          ACCESS:          0 HIT:          0 MISS:          0 MSHR_MERGE:          0
cpu5->cpu5_STLB PREFETCH     ACCESS:          0 HIT:          0 MISS:          0 MSHR_MERGE:          0
cpu5->cpu5_STLB WRITE        ACCESS:          0 HIT:          0 MISS:          0 MSHR_MERGE:          0
cpu5->cpu5_STLB TRANSLATION  ACCESS:          0 HIT:          0 MISS:          0 MSHR_MERGE:          0
cpu5->cpu5_STLB PREFETCH REQUESTED:          0 ISSUED:          0 USEFUL:          0 USELESS:          0
cpu5->cpu5_STLB AVERAGE MISS LATENCY: 273.7 cycles
cpu5->cpu5_L2C TOTAL        ACCESS:     336506 HIT:      85435 MISS:     251071 MSHR_MERGE:          0
cpu5->cpu5_L2C LOAD         ACCESS:     165606 HIT:          2 MISS:     165604 MSHR_MERGE:          0
cpu5->cpu5_L2C RFO          ACCESS:      85345 HIT:        102 MISS:      85243 MSHR_MERGE:          0
cpu5->cpu5_L2C PREFETCH     ACCESS:          0 HIT:          0 MISS:          0 MSHR_MERGE:          0
cpu5->cpu5_L2C WRITE        ACCESS:      85524 HIT:      85325 MISS:        199 MSHR_MERGE:          0
cpu5->cpu5_L2C TRANSLATION  ACCESS:         31 HIT:          6 MISS:         25 MSHR_MERGE:          0
cpu5->cpu5_L2C PREFETCH REQUESTED:          0 ISSUED:          0 USEFUL:          0 USELESS:          0
cpu5->cpu5_L2C AVERAGE MISS LATENCY: 315.8 cycles
cpu5->cpu5_L1I TOTAL        ACCESS:    5213166 HIT:    5213121 MISS:         45 MSHR_MERGE:         18
cpu5->cpu5_L1I LOAD         ACCESS:    5213166 HIT:    5213121 MISS:         45 MSHR_MERGE:         18
cpu5->cpu5_L1I RFO          ACCESS:          0 HIT:          0 MISS:          0 MSHR_MERGE:          0
cpu5->cpu5_L1I PREFETCH     ACCESS:          0 HIT:          0 MISS:          0 MSHR_MERGE:          0
cpu5->cpu5_L1I WRITE        ACCESS:          0 HIT:          0 MISS:          0 MSHR_MERGE:          0
cpu5->cpu5_L1I TRANSLATION  ACCESS:          0 HIT:          0 MISS:          0 MSHR_MERGE:          0
cpu5->cpu5_L1I PREFETCH REQUESTED:          0 ISSUED:          0 USEFUL:          0 USELESS:          0
cpu5->cpu5_L1I AVERAGE MISS LATENCY: 367.5 cycles
cpu5->cpu5_L1D TOTAL        ACCESS:    6987356 HIT:    6325576 MISS:     661780 MSHR_MERGE:     410823
cpu5->cpu5_L1D LOAD         ACCESS:    4189287 HIT:    3822019 MISS:     367268 MSHR_MERGE:     201689
cpu5->cpu5_L1D RFO          ACCESS:          0 HIT:          0 MISS:          0 MSHR_MERGE:          0
cpu5->cpu5_L1D PREFETCH     ACCESS:          0 HIT:          0 MISS:          0 MSHR_MERGE:          0
cpu5->cpu5_L1D WRITE        ACCESS:    2798038 HIT:    2503557 MISS:     294481 MSHR_MERGE:     209134
cpu5->cpu5_L1D TRANSLATION  ACCESS:         31 HIT:          0 MISS:         31 MSHR_MERGE:          0
cpu5->cpu5_L1D PREFETCH REQUESTED:          0 ISSUED:          0 USEFUL:          0 USELESS:          0
cpu5->cpu5_L1D AVERAGE MISS LATENCY: 324.9 cycles
cpu5->cpu5_ITLB TOTAL        ACCESS:    4850021 HIT:    4850021 MISS:          0 MSHR_MERGE:          0
cpu5->cpu5_ITLB LOAD         ACCESS:    4850021 HIT:    4850021 MISS:          0 MSHR_MERGE:          0
cpu5->cpu5_ITLB RFO          ACCESS:          0 HIT:          0 MISS:          0 MSHR_MERGE:          0
cpu5->cpu5_ITLB PREFETCH     ACCESS:          0 HIT:          0 MISS:          0 MSHR_MERGE:          0
cpu5->cpu5_ITLB WRITE        ACCESS:          0 HIT:          0 MISS:          0 MSHR_MERGE:          0
cpu5->cpu5_ITLB TRANSLATION  ACCESS:          0 HIT:          0 MISS:          0 MSHR_MERGE:          0
cpu5->cpu5_ITLB PREFETCH REQUESTED:          0 ISSUED:          0 USEFUL:          0 USELESS:          0
cpu5->cpu5_ITLB AVERAGE MISS LATENCY: - cycles
cpu5->cpu5_DTLB TOTAL        ACCESS:    6542742 HIT:    6542668 MISS:         74 MSHR_MERGE:         46
cpu5->cpu5_DTLB LOAD         ACCESS:    6542742 HIT:    6542668 MISS:         74 MSHR_MERGE:         46
cpu5->cpu5_DTLB RFO          ACCESS:          0 HIT:          0 MISS:          0 MSHR_MERGE:          0
cpu5->cpu5_DTLB PREFETCH     ACCESS:          0 HIT:          0 MISS:          0 MSHR_MERGE:          0
cpu5->cpu5_DTLB WRITE        ACCESS:          0 HIT:          0 MISS:          0 MSHR_MERGE:          0
cpu5->cpu5_DTLB TRANSLATION  ACCESS:          0 HIT:          0 MISS:          0 MSHR_MERGE:          0
cpu5->cpu5_DTLB PREFETCH REQUESTED:          0 ISSUED:          0 USEFUL:          0 USELESS:          0
cpu5->cpu5_DTLB AVERAGE MISS LATENCY: 279.7 cycles
cpu4->cpu4_STLB TOTAL        ACCESS:         28 HIT:          0 MISS:         28 MSHR_MERGE:          0
cpu4->cpu4_STLB LOAD         ACCESS:         28 HIT:          0 MISS:         28 MSHR_MERGE:          0
cpu4->cpu4_STLB RFO          ACCESS:          0 HIT:          0 MISS:          0 MSHR_MERGE:          0
cpu4->cpu4_STLB PREFETCH     ACCESS:          0 HIT:          0 MISS:          0 MSHR_MERGE:          0
cpu4->cpu4_STLB WRITE        ACCESS:          0 HIT:          0 MISS:          0 MSHR_MERGE:          0
cpu4->cpu4_STLB TRANSLATION  ACCESS:          0 HIT:          0 MISS:          0 MSHR_MERGE:          0
cpu4->cpu4_STLB PREFETCH REQUESTED:          0 ISSUED:          0 USEFUL:          0 USELESS:          0
cpu4->cpu4_STLB AVERAGE MISS LATENCY: 270.6 cycles
cpu4->cpu4_L2C TOTAL        ACCESS:     335315 HIT:      85132 MISS:     250183 MSHR_MERGE:          0
cpu4->cpu4_L2C LOAD         ACCESS:     165010 HIT:          3 MISS:     165007 MSHR_MERGE:          0
cpu4->cpu4_L2C RFO          ACCESS:      85054 HIT:        103 MISS:      84951 MSHR_MERGE:          0
cpu4->cpu4_L2C PREFETCH     ACCESS:          0 HIT:          0 MISS:          0 MSHR_MERGE:          0
cpu4->cpu4_L2C WRITE        ACCESS:      85220 HIT:      85020 MISS:        200 MSHR_MERGE:          0
cpu4->cpu4_L2C TRANSLATION  ACCESS:         31 HIT:          6 MISS:         25 MSHR_MERGE:          0
cpu4->cpu4_L2C PREFETCH REQUESTED:          0 ISSUED:          0 USEFUL:          0 USELESS:          0
cpu4->cpu4_L2C AVERAGE MISS LATENCY: 317.8 cycles
cpu4->cpu4_L1I TOTAL        ACCESS:    5198223 HIT:    5198175 MISS:         48 MSHR_MERGE:         21
cpu4->cpu4_L1I LOAD         ACCESS:    5198223 HIT:    5198175 MISS:         48 MSHR_MERGE:         21
cpu4->cpu4_L1I RFO          ACCESS:          0 HIT:          0 MISS:          0 MSHR_MERGE:          0
cpu4->cpu4_L1I PREFETCH     ACCESS:          0 HIT:          0 MISS:          0 MSHR_MERGE:          0
cpu4->cpu4_L1I WRITE        ACCESS:          0 HIT:          0 MISS:          0 MSHR_MERGE:          0
cpu4->cpu4_L1I TRANSLATION  ACCESS:          0 HIT:          0 MISS:          0 MSHR_MERGE:          0
cpu4->cpu4_L1I PREFETCH REQUESTED:          0 ISSUED:          0 USEFUL:          0 USELESS:          0
cpu4->cpu4_L1I AVERAGE MISS LATENCY: 216.9 cycles
cpu4->cpu4_L1D TOTAL        ACCESS:    6967038 HIT:    6310912 MISS:     656126 MSHR_MERGE:     406057
cpu4->cpu4_L1D LOAD         ACCESS:    4177560 HIT:    3813680 MISS:     363880 MSHR_MERGE:     198897
cpu4->cpu4_L1D RFO          ACCESS:          0 HIT:          0 MISS:          0 MSHR_MERGE:          0
cpu4->cpu4_L1D PREFETCH     ACCESS:          0 HIT:          0 MISS:          0 MSHR_MERGE:          0
cpu4->cpu4_L1D WRITE        ACCESS:    2789447 HIT:    2497232 MISS:     292215 MSHR_MERGE:     207160
cpu4->cpu4_L1D TRANSLATION  ACCESS:         31 HIT:          0 MISS:         31 MSHR_MERGE:          0
cpu4->cpu4_L1D PREFETCH REQUESTED:          0 ISSUED:          0 USEFUL:          0 USELESS:          0
cpu4->cpu4_L1D AVERAGE MISS LATENCY: 326.9 cycles
cpu4->cpu4_ITLB TOTAL        ACCESS:    4836563 HIT:    4836563 MISS:          0 MSHR_MERGE:          0
cpu4->cpu4_ITLB LOAD         ACCESS:    4836563 HIT:    4836563 MISS:          0 MSHR_MERGE:          0
cpu4->cpu4_ITLB RFO          ACCESS:          0 HIT:          0 MISS:          0 MSHR_MERGE:          0
cpu4->cpu4_ITLB PREFETCH     ACCESS:          0 HIT:          0 MISS:          0 MSHR_MERGE:          0
cpu4->cpu4_ITLB WRITE        ACCESS:          0 HIT:          0 MISS:          0 MSHR_MERGE:          0
cpu4->cpu4_ITLB TRANSLATION  ACCESS:          0 HIT:          0 MISS:          0 MSHR_MERGE:          0
cpu4->cpu4_ITLB PREFETCH REQUESTED:          0 ISSUED:          0 USEFUL:          0 USELESS:          0
cpu4->cpu4_ITLB AVERAGE MISS LATENCY: - cycles
cpu4->cpu4_DTLB TOTAL        ACCESS:    6522672 HIT:    6522602 MISS:         70 MSHR_MERGE:         42
cpu4->cpu4_DTLB LOAD         ACCESS:    6522672 HIT:    6522602 MISS:         70 MSHR_MERGE:         42
cpu4->cpu4_DTLB RFO          ACCESS:          0 HIT:          0 MISS:          0 MSHR_MERGE:          0
cpu4->cpu4_DTLB PREFETCH     ACCESS:          0 HIT:          0 MISS:          0 MSHR_MERGE:          0
cpu4->cpu4_DTLB WRITE        ACCESS:          0 HIT:          0 MISS:          0 MSHR_MERGE:          0
cpu4->cpu4_DTLB TRANSLATION  ACCESS:          0 HIT:          0 MISS:          0 MSHR_MERGE:          0
cpu4->cpu4_DTLB PREFETCH REQUESTED:          0 ISSUED:          0 USEFUL:          0 USELESS:          0
cpu4->cpu4_DTLB AVERAGE MISS LATENCY: 276.6 cycles
cpu3->cpu3_STLB TOTAL        ACCESS:         28 HIT:          0 MISS:         28 MSHR_MERGE:          0
cpu3->cpu3_STLB LOAD         ACCESS:         28 HIT:          0 MISS:         28 MSHR_MERGE:          0
cpu3->cpu3_STLB RFO          ACCESS:          0 HIT:          0 MISS:          0 MSHR_MERGE:          0
cpu3->cpu3_STLB PREFETCH     ACCESS:          0 HIT:          0 MISS:          0 MSHR_MERGE:          0
cpu3->cpu3_STLB WRITE        ACCESS:          0 HIT:          0 MISS:          0 MSHR_MERGE:          0
cpu3->cpu3_STLB TRANSLATION  ACCESS:          0 HIT:          0 MISS:          0 MSHR_MERGE:          0
cpu3->cpu3_STLB PREFETCH REQUESTED:          0 ISSUED:          0 USEFUL:          0 USELESS:          0
cpu3->cpu3_STLB AVERAGE MISS LATENCY: 288.5 cycles
cpu3->cpu3_L2C TOTAL        ACCESS:     337956 HIT:      85775 MISS:     252181 MSHR_MERGE:          0
cpu3->cpu3_L2C LOAD         ACCESS:     166367 HIT:          3 MISS:     166364 MSHR_MERGE:          0
cpu3->cpu3_L2C RFO          ACCESS:      85691 HIT:         99 MISS:      85592 MSHR_MERGE:          0
cpu3->cpu3_L2C PREFETCH     ACCESS:          0 HIT:          0 MISS:          0 MSHR_MERGE:          0
cpu3->cpu3_L2C WRITE        ACCESS:      85867 HIT:      85667 MISS:        200 MSHR_MERGE:          0
cpu3->cpu3_L2C TRANSLATION  ACCESS:         31 HIT:          6 MISS:         25 MSHR_MERGE:          0
cpu3->cpu3_L2C PREFETCH REQUESTED:          0 ISSUED:          0 USEFUL:          0 USELESS:          0
cpu3->cpu3_L2C AVERAGE MISS LATENCY: 316.3 cycles
cpu3->cpu3_L1I TOTAL        ACCESS:    5170189 HIT:    5170147 MISS:         42 MSHR_MERGE:         15
cpu3->cpu3_L1I LOAD         ACCESS:    5170189 HIT:    5170147 MISS:         42 MSHR_MERGE:         15
cpu3->cpu3_L1I RFO          ACCESS:          0 HIT:          0 MISS:          0 MSHR_MERGE:          0
cpu3->cpu3_L1I PREFETCH     ACCESS:          0 HIT:          0 MISS:          0 MSHR_MERGE:          0
cpu3->cpu3_L1I WRITE        ACCESS:          0 HIT:          0 MISS:          0 MSHR_MERGE:          0
cpu3->cpu3_L1I TRANSLATION  ACCESS:          0 HIT:          0 MISS:          0 MSHR_MERGE:          0
cpu3->cpu3_L1I PREFETCH REQUESTED:          0 ISSUED:          0 USEFUL:          0 USELESS:          0
cpu3->cpu3_L1I AVERAGE MISS LATENCY: 236.8 cycles
cpu3->cpu3_L1D TOTAL        ACCESS:    6934674 HIT:    6268782 MISS:     665892 MSHR_MERGE:     413827
cpu3->cpu3_L1D LOAD         ACCESS:    4163267 HIT:    3794712 MISS:     368555 MSHR_MERGE:     202215
cpu3->cpu3_L1D RFO          ACCESS:          0 HIT:          0 MISS:          0 MSHR_MERGE:          0
cpu3->cpu3_L1D PREFETCH     ACCESS:          0 HIT:          0 MISS:          0 MSHR_MERGE:          0
cpu3->cpu3_L1D WRITE        ACCESS:    2771376 HIT:    2474070 MISS:     297306 MSHR_MERGE:     211612
cpu3->cpu3_L1D TRANSLATION  ACCESS:         31 HIT:          0 MISS:         31 MSHR_MERGE:          0
cpu3->cpu3_L1D PREFETCH REQUESTED:          0 ISSUED:          0 USEFUL:          0 USELESS:          0
cpu3->cpu3_L1D AVERAGE MISS LATENCY: 325.4 cycles
cpu3->cpu3_ITLB TOTAL        ACCESS:    4821690 HIT:    4821690 MISS:          0 MSHR_MERGE:          0
cpu3->cpu3_ITLB LOAD         ACCESS:    4821690 HIT:    4821690 MISS:          0 MSHR_MERGE:          0
cpu3->cpu3_ITLB RFO          ACCESS:          0 HIT:          0 MISS:          0 MSHR_MERGE:          0
cpu3->cpu3_ITLB PREFETCH     ACCESS:          0 HIT:          0 MISS:          0 MSHR_MERGE:          0
cpu3->cpu3_ITLB WRITE        ACCESS:          0 HIT:          0 MISS:          0 MSHR_MERGE:          0
cpu3->cpu3_ITLB TRANSLATION  ACCESS:          0 HIT:          0 MISS:          0 MSHR_MERGE:          0
cpu3->cpu3_ITLB PREFETCH REQUESTED:          0 ISSUED:          0 USEFUL:          0 USELESS:          0
cpu3->cpu3_ITLB AVERAGE MISS LATENCY: - cycles
cpu3->cpu3_DTLB TOTAL        ACCESS:    6505976 HIT:    6505902 MISS:         74 MSHR_MERGE:         46
cpu3->cpu3_DTLB LOAD         ACCESS:    6505976 HIT:    6505902 MISS:         74 MSHR_MERGE:         46
cpu3->cpu3_DTLB RFO          ACCESS:          0 HIT:          0 MISS:          0 MSHR_MERGE:          0
cpu3->cpu3_DTLB PREFETCH     ACCESS:          0 HIT:          0 MISS:          0 MSHR_MERGE:          0
cpu3->cpu3_DTLB WRITE        ACCESS:          0 HIT:          0 MISS:          0 MSHR_MERGE:          0
cpu3->cpu3_DTLB TRANSLATION  ACCESS:          0 HIT:          0 MISS:          0 MSHR_MERGE:          0
cpu3->cpu3_DTLB PREFETCH REQUESTED:          0 ISSUED:          0 USEFUL:          0 USELESS:          0
cpu3->cpu3_DTLB AVERAGE MISS LATENCY: 294.5 cycles
cpu2->cpu2_STLB TOTAL        ACCESS:         27 HIT:          0 MISS:         27 MSHR_MERGE:          0
cpu2->cpu2_STLB LOAD         ACCESS:         27 HIT:          0 MISS:         27 MSHR_MERGE:          0
cpu2->cpu2_STLB RFO          ACCESS:          0 HIT:          0 MISS:          0 MSHR_MERGE:          0
cpu2->cpu2_STLB PREFETCH     ACCESS:          0 HIT:          0 MISS:          0 MSHR_MERGE:          0
cpu2->cpu2_STLB WRITE        ACCESS:          0 HIT:          0 MISS:          0 MSHR_MERGE:          0
cpu2->cpu2_STLB TRANSLATION  ACCESS:          0 HIT:          0 MISS:          0 MSHR_MERGE:          0
cpu2->cpu2_STLB PREFETCH REQUESTED:          0 ISSUED:          0 USEFUL:          0 USELESS:          0
cpu2->cpu2_STLB AVERAGE MISS LATENCY: 302.2 cycles
cpu2->cpu2_L2C TOTAL        ACCESS:     334772 HIT:      85003 MISS:     249769 MSHR_MERGE:          0
cpu2->cpu2_L2C LOAD         ACCESS:     164737 HIT:          1 MISS:     164736 MSHR_MERGE:          0
cpu2->cpu2_L2C RFO          ACCESS:      84915 HIT:        104 MISS:      84811 MSHR_MERGE:          0
cpu2->cpu2_L2C PREFETCH     ACCESS:          0 HIT:          0 MISS:          0 MSHR_MERGE:          0
cpu2->cpu2_L2C WRITE        ACCESS:      85090 HIT:      84892 MISS:        198 MSHR_MERGE:          0
cpu2->cpu2_L2C TRANSLATION  ACCESS:         30 HIT:          6 MISS:         24 MSHR_MERGE:          0
cpu2->cpu2_L2C PREFETCH REQUESTED:          0 ISSUED:          0 USEFUL:          0 USELESS:          0
cpu2->cpu2_L2C AVERAGE MISS LATENCY: 319.2 cycles
cpu2->cpu2_L1I TOTAL        ACCESS:    5206355 HIT:    5206311 MISS:         44 MSHR_MERGE:         17
cpu2->cpu2_L1I LOAD         ACCESS:    5206355 HIT:    5206311 MISS:         44 MSHR_MERGE:         17
cpu2->cpu2_L1I RFO          ACCESS:          0 HIT:          0 MISS:          0 MSHR_MERGE:          0
cpu2->cpu2_L1I PREFETCH     ACCESS:          0 HIT:          0 MISS:          0 MSHR_MERGE:          0
cpu2->cpu2_L1I WRITE        ACCESS:          0 HIT:          0 MISS:          0 MSHR_MERGE:          0
cpu2->cpu2_L1I TRANSLATION  ACCESS:          0 HIT:          0 MISS:          0 MSHR_MERGE:          0
cpu2->cpu2_L1I PREFETCH REQUESTED:          0 ISSUED:          0 USEFUL:          0 USELESS:          0
cpu2->cpu2_L1I AVERAGE MISS LATENCY: 378.5 cycles
cpu2->cpu2_L1D TOTAL        ACCESS:    6972077 HIT:    6312551 MISS:     659526 MSHR_MERGE:     409871
cpu2->cpu2_L1D LOAD         ACCESS:    4179070 HIT:    3813635 MISS:     365435 MSHR_MERGE:     200725
cpu2->cpu2_L1D RFO          ACCESS:          0 HIT:          0 MISS:          0 MSHR_MERGE:          0
cpu2->cpu2_L1D PREFETCH     ACCESS:          0 HIT:          0 MISS:          0 MSHR_MERGE:          0
cpu2->cpu2_L1D WRITE        ACCESS:    2792977 HIT:    2498916 MISS:     294061 MSHR_MERGE:     209146
cpu2->cpu2_L1D TRANSLATION  ACCESS:         30 HIT:          0 MISS:         30 MSHR_MERGE:          0
cpu2->cpu2_L1D PREFETCH REQUESTED:          0 ISSUED:          0 USEFUL:          0 USELESS:          0
cpu2->cpu2_L1D AVERAGE MISS LATENCY: 328.3 cycles
cpu2->cpu2_ITLB TOTAL        ACCESS:    4843103 HIT:    4843103 MISS:          0 MSHR_MERGE:          0
cpu2->cpu2_ITLB LOAD         ACCESS:    4843103 HIT:    4843103 MISS:          0 MSHR_MERGE:          0
cpu2->cpu2_ITLB RFO          ACCESS:          0 HIT:          0 MISS:          0 MSHR_MERGE:          0
cpu2->cpu2_ITLB PREFETCH     ACCESS:          0 HIT:          0 MISS:          0 MSHR_MERGE:          0
cpu2->cpu2_ITLB WRITE        ACCESS:          0 HIT:          0 MISS:          0 MSHR_MERGE:          0
cpu2->cpu2_ITLB TRANSLATION  ACCESS:          0 HIT:          0 MISS:          0 MSHR_MERGE:          0
cpu2->cpu2_ITLB PREFETCH REQUESTED:          0 ISSUED:          0 USEFUL:          0 USELESS:          0
cpu2->cpu2_ITLB AVERAGE MISS LATENCY: - cycles
cpu2->cpu2_DTLB TOTAL        ACCESS:    6529066 HIT:    6528999 MISS:         67 MSHR_MERGE:         40
cpu2->cpu2_DTLB LOAD         ACCESS:    6529066 HIT:    6528999 MISS:         67 MSHR_MERGE:         40
cpu2->cpu2_DTLB RFO          ACCESS:          0 HIT:          0 MISS:          0 MSHR_MERGE:          0
cpu2->cpu2_DTLB PREFETCH     ACCESS:          0 HIT:          0 MISS:          0 MSHR_MERGE:          0
cpu2->cpu2_DTLB WRITE        ACCESS:          0 HIT:          0 MISS:          0 MSHR_MERGE:          0
cpu2->cpu2_DTLB TRANSLATION  ACCESS:          0 HIT:          0 MISS:          0 MSHR_MERGE:          0
cpu2->cpu2_DTLB PREFETCH REQUESTED:          0 ISSUED:          0 USEFUL:          0 USELESS:          0
cpu2->cpu2_DTLB AVERAGE MISS LATENCY: 308.2 cycles
cpu1->cpu1_STLB TOTAL        ACCESS:         28 HIT:          0 MISS:         28 MSHR_MERGE:          0
cpu1->cpu1_STLB LOAD         ACCESS:         28 HIT:          0 MISS:         28 MSHR_MERGE:          0
cpu1->cpu1_STLB RFO          ACCESS:          0 HIT:          0 MISS:          0 MSHR_MERGE:          0
cpu1->cpu1_STLB PREFETCH     ACCESS:          0 HIT:          0 MISS:          0 MSHR_MERGE:          0
cpu1->cpu1_STLB WRITE        ACCESS:          0 HIT:          0 MISS:          0 MSHR_MERGE:          0
cpu1->cpu1_STLB TRANSLATION  ACCESS:          0 HIT:          0 MISS:          0 MSHR_MERGE:          0
cpu1->cpu1_STLB PREFETCH REQUESTED:          0 ISSUED:          0 USEFUL:          0 USELESS:          0
cpu1->cpu1_STLB AVERAGE MISS LATENCY: 310 cycles
cpu1->cpu1_L2C TOTAL        ACCESS:     335478 HIT:      85172 MISS:     250306 MSHR_MERGE:          0
cpu1->cpu1_L2C LOAD         ACCESS:     165088 HIT:          3 MISS:     165085 MSHR_MERGE:          0
cpu1->cpu1_L2C RFO          ACCESS:      85094 HIT:         98 MISS:      84996 MSHR_MERGE:          0
cpu1->cpu1_L2C PREFETCH     ACCESS:          0 HIT:          0 MISS:          0 MSHR_MERGE:          0
cpu1->cpu1_L2C WRITE        ACCESS:      85265 HIT:      85065 MISS:        200 MSHR_MERGE:          0
cpu1->cpu1_L2C TRANSLATION  ACCESS:         31 HIT:          6 MISS:         25 MSHR_MERGE:          0
cpu1->cpu1_L2C PREFETCH REQUESTED:          0 ISSUED:          0 USEFUL:          0 USELESS:          0
cpu1->cpu1_L2C AVERAGE MISS LATENCY: 320.2 cycles
cpu1->cpu1_L1I TOTAL        ACCESS:    5203480 HIT:    5203438 MISS:         42 MSHR_MERGE:         15
cpu1->cpu1_L1I LOAD         ACCESS:    5203480 HIT:    5203438 MISS:         42 MSHR_MERGE:         15
cpu1->cpu1_L1I RFO          ACCESS:          0 HIT:          0 MISS:          0 MSHR_MERGE:          0
cpu1->cpu1_L1I PREFETCH     ACCESS:          0 HIT:          0 MISS:          0 MSHR_MERGE:          0
cpu1->cpu1_L1I WRITE        ACCESS:          0 HIT:          0 MISS:          0 MSHR_MERGE:          0
cpu1->cpu1_L1I TRANSLATION  ACCESS:          0 HIT:          0 MISS:          0 MSHR_MERGE:          0
cpu1->cpu1_L1I PREFETCH REQUESTED:          0 ISSUED:          0 USEFUL:          0 USELESS:          0
cpu1->cpu1_L1I AVERAGE MISS LATENCY: 335.5 cycles
cpu1->cpu1_L1D TOTAL        ACCESS:    6972517 HIT:    6307196 MISS:     665321 MSHR_MERGE:     415129
cpu1->cpu1_L1D LOAD         ACCESS:    4181317 HIT:    3811325 MISS:     369992 MSHR_MERGE:     204931
cpu1->cpu1_L1D RFO          ACCESS:          0 HIT:          0 MISS:          0 MSHR_MERGE:          0
cpu1->cpu1_L1D PREFETCH     ACCESS:          0 HIT:          0 MISS:          0 MSHR_MERGE:          0
cpu1->cpu1_L1D WRITE        ACCESS:    2791169 HIT:    2495871 MISS:     295298 MSHR_MERGE:     210198
cpu1->cpu1_L1D TRANSLATION  ACCESS:         31 HIT:          0 MISS:         31 MSHR_MERGE:          0
cpu1->cpu1_L1D PREFETCH REQUESTED:          0 ISSUED:          0 USEFUL:          0 USELESS:          0
cpu1->cpu1_L1D AVERAGE MISS LATENCY: 329.3 cycles
cpu1->cpu1_ITLB TOTAL        ACCESS:    4845721 HIT:    4845721 MISS:          0 MSHR_MERGE:          0
cpu1->cpu1_ITLB LOAD         ACCESS:    4845721 HIT:    4845721 MISS:          0 MSHR_MERGE:          0
cpu1->cpu1_ITLB RFO          ACCESS:          0 HIT:          0 MISS:          0 MSHR_MERGE:          0
cpu1->cpu1_ITLB PREFETCH     ACCESS:          0 HIT:          0 MISS:          0 MSHR_MERGE:          0
cpu1->cpu1_ITLB WRITE        ACCESS:          0 HIT:          0 MISS:          0 MSHR_MERGE:          0
cpu1->cpu1_ITLB TRANSLATION  ACCESS:          0 HIT:          0 MISS:          0 MSHR_MERGE:          0
cpu1->cpu1_ITLB PREFETCH REQUESTED:          0 ISSUED:          0 USEFUL:          0 USELESS:          0
cpu1->cpu1_ITLB AVERAGE MISS LATENCY: - cycles
cpu1->cpu1_DTLB TOTAL        ACCESS:    6533841 HIT:    6533774 MISS:         67 MSHR_MERGE:         39
cpu1->cpu1_DTLB LOAD         ACCESS:    6533841 HIT:    6533774 MISS:         67 MSHR_MERGE:         39
cpu1->cpu1_DTLB RFO          ACCESS:          0 HIT:          0 MISS:          0 MSHR_MERGE:          0
cpu1->cpu1_DTLB PREFETCH     ACCESS:          0 HIT:          0 MISS:          0 MSHR_MERGE:          0
cpu1->cpu1_DTLB WRITE        ACCESS:          0 HIT:          0 MISS:          0 MSHR_MERGE:          0
cpu1->cpu1_DTLB TRANSLATION  ACCESS:          0 HIT:          0 MISS:          0 MSHR_MERGE:          0
cpu1->cpu1_DTLB PREFETCH REQUESTED:          0 ISSUED:          0 USEFUL:          0 USELESS:          0
cpu1->cpu1_DTLB AVERAGE MISS LATENCY: 316 cycles
cpu0->cpu0_STLB TOTAL        ACCESS:         28 HIT:          0 MISS:         28 MSHR_MERGE:          0
cpu0->cpu0_STLB LOAD         ACCESS:         28 HIT:          0 MISS:         28 MSHR_MERGE:          0
cpu0->cpu0_STLB RFO          ACCESS:          0 HIT:          0 MISS:          0 MSHR_MERGE:          0
cpu0->cpu0_STLB PREFETCH     ACCESS:          0 HIT:          0 MISS:          0 MSHR_MERGE:          0
cpu0->cpu0_STLB WRITE        ACCESS:          0 HIT:          0 MISS:          0 MSHR_MERGE:          0
cpu0->cpu0_STLB TRANSLATION  ACCESS:          0 HIT:          0 MISS:          0 MSHR_MERGE:          0
cpu0->cpu0_STLB PREFETCH REQUESTED:          0 ISSUED:          0 USEFUL:          0 USELESS:          0
cpu0->cpu0_STLB AVERAGE MISS LATENCY: 336.2 cycles
cpu0->cpu0_L2C TOTAL        ACCESS:     337067 HIT:      85555 MISS:     251512 MSHR_MERGE:          0
cpu0->cpu0_L2C LOAD         ACCESS:     165922 HIT:          3 MISS:     165919 MSHR_MERGE:          0
cpu0->cpu0_L2C RFO          ACCESS:      85469 HIT:        101 MISS:      85368 MSHR_MERGE:          0
cpu0->cpu0_L2C PREFETCH     ACCESS:          0 HIT:          0 MISS:          0 MSHR_MERGE:          0
cpu0->cpu0_L2C WRITE        ACCESS:      85645 HIT:      85445 MISS:        200 MSHR_MERGE:          0
cpu0->cpu0_L2C TRANSLATION  ACCESS:         31 HIT:          6 MISS:         25 MSHR_MERGE:          0
cpu0->cpu0_L2C PREFETCH REQUESTED:          0 ISSUED:          0 USEFUL:          0 USELESS:          0
cpu0->cpu0_L2C AVERAGE MISS LATENCY: 317.3 cycles
cpu0->cpu0_L1I TOTAL        ACCESS:    5165589 HIT:    5165546 MISS:         43 MSHR_MERGE:         16
cpu0->cpu0_L1I LOAD         ACCESS:    5165589 HIT:    5165546 MISS:         43 MSHR_MERGE:         16
cpu0->cpu0_L1I RFO          ACCESS:          0 HIT:          0 MISS:          0 MSHR_MERGE:          0
cpu0->cpu0_L1I PREFETCH     ACCESS:          0 HIT:          0 MISS:          0 MSHR_MERGE:          0
cpu0->cpu0_L1I WRITE        ACCESS:          0 HIT:          0 MISS:          0 MSHR_MERGE:          0
cpu0->cpu0_L1I TRANSLATION  ACCESS:          0 HIT:          0 MISS:          0 MSHR_MERGE:          0
cpu0->cpu0_L1I PREFETCH REQUESTED:          0 ISSUED:          0 USEFUL:          0 USELESS:          0
cpu0->cpu0_L1I AVERAGE MISS LATENCY: 239.7 cycles
cpu0->cpu0_L1D TOTAL        ACCESS:    6935222 HIT:    6272341 MISS:     662881 MSHR_MERGE:     411485
cpu0->cpu0_L1D LOAD         ACCESS:    4164768 HIT:    3795223 MISS:     369545 MSHR_MERGE:     203650
cpu0->cpu0_L1D RFO          ACCESS:          0 HIT:          0 MISS:          0 MSHR_MERGE:          0
cpu0->cpu0_L1D PREFETCH     ACCESS:          0 HIT:          0 MISS:          0 MSHR_MERGE:          0
cpu0->cpu0_L1D WRITE        ACCESS:    2770423 HIT:    2477118 MISS:     293305 MSHR_MERGE:     207835
cpu0->cpu0_L1D TRANSLATION  ACCESS:         31 HIT:          0 MISS:         31 MSHR_MERGE:          0
cpu0->cpu0_L1D PREFETCH REQUESTED:          0 ISSUED:          0 USEFUL:          0 USELESS:          0
cpu0->cpu0_L1D AVERAGE MISS LATENCY: 326.4 cycles
cpu0->cpu0_ITLB TOTAL        ACCESS:    4815798 HIT:    4815798 MISS:          0 MSHR_MERGE:          0
cpu0->cpu0_ITLB LOAD         ACCESS:    4815798 HIT:    4815798 MISS:          0 MSHR_MERGE:          0
cpu0->cpu0_ITLB RFO          ACCESS:          0 HIT:          0 MISS:          0 MSHR_MERGE:          0
cpu0->cpu0_ITLB PREFETCH     ACCESS:          0 HIT:          0 MISS:          0 MSHR_MERGE:          0
cpu0->cpu0_ITLB WRITE        ACCESS:          0 HIT:          0 MISS:          0 MSHR_MERGE:          0
cpu0->cpu0_ITLB TRANSLATION  ACCESS:          0 HIT:          0 MISS:          0 MSHR_MERGE:          0
cpu0->cpu0_ITLB PREFETCH REQUESTED:          0 ISSUED:          0 USEFUL:          0 USELESS:          0
cpu0->cpu0_ITLB AVERAGE MISS LATENCY: - cycles
cpu0->cpu0_DTLB TOTAL        ACCESS:    6504473 HIT:    6504403 MISS:         70 MSHR_MERGE:         42
cpu0->cpu0_DTLB LOAD         ACCESS:    6504473 HIT:    6504403 MISS:         70 MSHR_MERGE:         42
cpu0->cpu0_DTLB RFO          ACCESS:          0 HIT:          0 MISS:          0 MSHR_MERGE:          0
cpu0->cpu0_DTLB PREFETCH     ACCESS:          0 HIT:          0 MISS:          0 MSHR_MERGE:          0
cpu0->cpu0_DTLB WRITE        ACCESS:          0 HIT:          0 MISS:          0 MSHR_MERGE:          0
cpu0->cpu0_DTLB TRANSLATION  ACCESS:          0 HIT:          0 MISS:          0 MSHR_MERGE:          0
cpu0->cpu0_DTLB PREFETCH REQUESTED:          0 ISSUED:          0 USEFUL:          0 USELESS:          0
cpu0->cpu0_DTLB AVERAGE MISS LATENCY: 342.2 cycles
cpu0->LLC TOTAL        ACCESS:     337725 HIT:      78954 MISS:     258771 MSHR_MERGE:          0
cpu0->LLC LOAD         ACCESS:     165919 HIT:          0 MISS:     165919 MSHR_MERGE:          0
cpu0->LLC RFO          ACCESS:      85368 HIT:          0 MISS:      85368 MSHR_MERGE:          0
cpu0->LLC PREFETCH     ACCESS:          0 HIT:          0 MISS:          0 MSHR_MERGE:          0
cpu0->LLC WRITE        ACCESS:      86413 HIT:      78940 MISS:       7473 MSHR_MERGE:          0
cpu0->LLC TRANSLATION  ACCESS:         25 HIT:         14 MISS:         11 MSHR_MERGE:          0
cpu0->LLC PREFETCH REQUESTED:          0 ISSUED:          0 USEFUL:          0 USELESS:          0
cpu0->LLC AVERAGE MISS LATENCY: 2341 cycles
cpu1->LLC TOTAL        ACCESS:     336190 HIT:      78543 MISS:     257647 MSHR_MERGE:          0
cpu1->LLC LOAD         ACCESS:     165085 HIT:          0 MISS:     165085 MSHR_MERGE:          0
cpu1->LLC RFO          ACCESS:      84996 HIT:          0 MISS:      84996 MSHR_MERGE:          0
cpu1->LLC PREFETCH     ACCESS:          0 HIT:          0 MISS:          0 MSHR_MERGE:          0
cpu1->LLC WRITE        ACCESS:      86084 HIT:      78521 MISS:       7563 MSHR_MERGE:          0
cpu1->LLC TRANSLATION  ACCESS:         25 HIT:         22 MISS:          3 MSHR_MERGE:          0
cpu1->LLC PREFETCH REQUESTED:          0 ISSUED:          0 USEFUL:          0 USELESS:          0
cpu1->LLC AVERAGE MISS LATENCY: 2351 cycles
cpu2->LLC TOTAL        ACCESS:     335417 HIT:      78799 MISS:     256618 MSHR_MERGE:          0
cpu2->LLC LOAD         ACCESS:     164736 HIT:          0 MISS:     164736 MSHR_MERGE:          0
cpu2->LLC RFO          ACCESS:      84811 HIT:          0 MISS:      84811 MSHR_MERGE:          0
cpu2->LLC PREFETCH     ACCESS:          0 HIT:          0 MISS:          0 MSHR_MERGE:          0
cpu2->LLC WRITE        ACCESS:      85846 HIT:      78778 MISS:       7068 MSHR_MERGE:          0
cpu2->LLC TRANSLATION  ACCESS:         24 HIT:         21 MISS:          3 MSHR_MERGE:          0
cpu2->LLC PREFETCH REQUESTED:          0 ISSUED:          0 USEFUL:          0 USELESS:          0
cpu2->LLC AVERAGE MISS LATENCY: 2361 cycles
cpu3->LLC TOTAL        ACCESS:     338654 HIT:      79477 MISS:     259177 MSHR_MERGE:          0
cpu3->LLC LOAD         ACCESS:     166364 HIT:          0 MISS:     166364 MSHR_MERGE:          0
cpu3->LLC RFO          ACCESS:      85592 HIT:          0 MISS:      85592 MSHR_MERGE:          0
cpu3->LLC PREFETCH     ACCESS:          0 HIT:          0 MISS:          0 MSHR_MERGE:          0
cpu3->LLC WRITE        ACCESS:      86673 HIT:      79456 MISS:       7217 MSHR_MERGE:          0
cpu3->LLC TRANSLATION  ACCESS:         25 HIT:         21 MISS:          4 MSHR_MERGE:          0
cpu3->LLC PREFETCH REQUESTED:          0 ISSUED:          0 USEFUL:          0 USELESS:          0
cpu3->LLC AVERAGE MISS LATENCY: 2337 cycles
cpu4->LLC TOTAL        ACCESS:     336017 HIT:      78650 MISS:     257367 MSHR_MERGE:          0
cpu4->LLC LOAD         ACCESS:     165007 HIT:          0 MISS:     165007 MSHR_MERGE:          0
cpu4->LLC RFO          ACCESS:      84951 HIT:          0 MISS:      84951 MSHR_MERGE:          0
cpu4->LLC PREFETCH     ACCESS:          0 HIT:          0 MISS:          0 MSHR_MERGE:          0
cpu4->LLC WRITE        ACCESS:      86034 HIT:      78628 MISS:       7406 MSHR_MERGE:          0
cpu4->LLC TRANSLATION  ACCESS:         25 HIT:         22 MISS:          3 MSHR_MERGE:          0
cpu4->LLC PREFETCH REQUESTED:          0 ISSUED:          0 USEFUL:          0 USELESS:          0
cpu4->LLC AVERAGE MISS LATENCY: 2354 cycles
cpu5->LLC TOTAL        ACCESS:     337212 HIT:      78884 MISS:     258328 MSHR_MERGE:          0
cpu5->LLC LOAD         ACCESS:     165604 HIT:          0 MISS:     165604 MSHR_MERGE:          0
cpu5->LLC RFO          ACCESS:      85243 HIT:          0 MISS:      85243 MSHR_MERGE:          0
cpu5->LLC PREFETCH     ACCESS:          0 HIT:          0 MISS:          0 MSHR_MERGE:          0
cpu5->LLC WRITE        ACCESS:      86340 HIT:      78862 MISS:       7478 MSHR_MERGE:          0
cpu5->LLC TRANSLATION  ACCESS:         25 HIT:         22 MISS:          3 MSHR_MERGE:          0
cpu5->LLC PREFETCH REQUESTED:          0 ISSUED:          0 USEFUL:          0 USELESS:          0
cpu5->LLC AVERAGE MISS LATENCY: 2345 cycles
cpu6->LLC TOTAL        ACCESS:     336741 HIT:      78642 MISS:     258099 MSHR_MERGE:          0
cpu6->LLC LOAD         ACCESS:     165392 HIT:          0 MISS:     165392 MSHR_MERGE:          0
cpu6->LLC RFO          ACCESS:      85106 HIT:          0 MISS:      85106 MSHR_MERGE:          0
cpu6->LLC PREFETCH     ACCESS:          0 HIT:          0 MISS:          0 MSHR_MERGE:          0
cpu6->LLC WRITE        ACCESS:      86218 HIT:      78621 MISS:       7597 MSHR_MERGE:          0
cpu6->LLC TRANSLATION  ACCESS:         25 HIT:         21 MISS:          4 MSHR_MERGE:          0
cpu6->LLC PREFETCH REQUESTED:          0 ISSUED:          0 USEFUL:          0 USELESS:          0
cpu6->LLC AVERAGE MISS LATENCY: 2347 cycles
cpu7->LLC TOTAL        ACCESS:     336648 HIT:      78605 MISS:     258043 MSHR_MERGE:          0
cpu7->LLC LOAD         ACCESS:     165322 HIT:          0 MISS:     165322 MSHR_MERGE:          0
cpu7->LLC RFO          ACCESS:      85108 HIT:          0 MISS:      85108 MSHR_MERGE:          0
cpu7->LLC PREFETCH     ACCESS:          0 HIT:          0 MISS:          0 MSHR_MERGE:          0
cpu7->LLC WRITE        ACCESS:      86193 HIT:      78583 MISS:       7610 MSHR_MERGE:          0
cpu7->LLC TRANSLATION  ACCESS:         25 HIT:         22 MISS:          3 MSHR_MERGE:          0
cpu7->LLC PREFETCH REQUESTED:          0 ISSUED:          0 USEFUL:          0 USELESS:          0
cpu7->LLC AVERAGE MISS LATENCY: 2348 cycles

Region of Interest Statistics

CPU 7 cumulative IPC: 0.6926 instructions: 25000000 cycles: 36096321
CPU 7 Branch Prediction Accuracy: 100% MPKI: 0 Average ROB Occupancy at Mispredict: -
Branch type MPKI
BRANCH_DIRECT_JUMP: 0
BRANCH_INDIRECT: 0
BRANCH_CONDITIONAL: 0
BRANCH_DIRECT_CALL: 0
BRANCH_INDIRECT_CALL: 0
BRANCH_RETURN: 0


CPU 6 cumulative IPC: 0.6792 instructions: 25000003 cycles: 36808047
CPU 6 Branch Prediction Accuracy: 100% MPKI: 0 Average ROB Occupancy at Mispredict: -
Branch type MPKI
BRANCH_DIRECT_JUMP: 0
BRANCH_INDIRECT: 0
BRANCH_CONDITIONAL: 0
BRANCH_DIRECT_CALL: 0
BRANCH_INDIRECT_CALL: 0
BRANCH_RETURN: 0


CPU 5 cumulative IPC: 0.6966 instructions: 25000004 cycles: 35887261
CPU 5 Branch Prediction Accuracy: 100% MPKI: 0 Average ROB Occupancy at Mispredict: -
Branch type MPKI
BRANCH_DIRECT_JUMP: 0
BRANCH_INDIRECT: 0
BRANCH_CONDITIONAL: 0
BRANCH_DIRECT_CALL: 0
BRANCH_INDIRECT_CALL: 0
BRANCH_RETURN: 0


CPU 4 cumulative IPC: 0.6915 instructions: 25000004 cycles: 36151167
CPU 4 Branch Prediction Accuracy: 100% MPKI: 0 Average ROB Occupancy at Mispredict: -
Branch type MPKI
BRANCH_DIRECT_JUMP: 0
BRANCH_INDIRECT: 0
BRANCH_CONDITIONAL: 0
BRANCH_DIRECT_CALL: 0
BRANCH_INDIRECT_CALL: 0
BRANCH_RETURN: 0


CPU 3 cumulative IPC: 0.682 instructions: 25000001 cycles: 36657261
CPU 3 Branch Prediction Accuracy: 100% MPKI: 0 Average ROB Occupancy at Mispredict: -
Branch type MPKI
BRANCH_DIRECT_JUMP: 0
BRANCH_INDIRECT: 0
BRANCH_CONDITIONAL: 0
BRANCH_DIRECT_CALL: 0
BRANCH_INDIRECT_CALL: 0
BRANCH_RETURN: 0


CPU 2 cumulative IPC: 0.6939 instructions: 25000002 cycles: 36028632
CPU 2 Branch Prediction Accuracy: 100% MPKI: 0 Average ROB Occupancy at Mispredict: -
Branch type MPKI
BRANCH_DIRECT_JUMP: 0
BRANCH_INDIRECT: 0
BRANCH_CONDITIONAL: 0
BRANCH_DIRECT_CALL: 0
BRANCH_INDIRECT_CALL: 0
BRANCH_RETURN: 0


CPU 1 cumulative IPC: 0.6932 instructions: 25000003 cycles: 36063426
CPU 1 Branch Prediction Accuracy: 100% MPKI: 0 Average ROB Occupancy at Mispredict: -
Branch type MPKI
BRANCH_DIRECT_JUMP: 0
BRANCH_INDIRECT: 0
BRANCH_CONDITIONAL: 0
BRANCH_DIRECT_CALL: 0
BRANCH_INDIRECT_CALL: 0
BRANCH_RETURN: 0


CPU 0 cumulative IPC: 0.6807 instructions: 25000004 cycles: 36728642
CPU 0 Branch Prediction Accuracy: 100% MPKI: 0 Average ROB Occupancy at Mispredict: -
Branch type MPKI
BRANCH_DIRECT_JUMP: 0
BRANCH_INDIRECT: 0
BRANCH_CONDITIONAL: 0
BRANCH_DIRECT_CALL: 0
BRANCH_INDIRECT_CALL: 0
BRANCH_RETURN: 0

cpu7->cpu7_STLB TOTAL        ACCESS:         28 HIT:          0 MISS:         28 MSHR_MERGE:          0
cpu7->cpu7_STLB LOAD         ACCESS:         28 HIT:          0 MISS:         28 MSHR_MERGE:          0
cpu7->cpu7_STLB RFO          ACCESS:          0 HIT:          0 MISS:          0 MSHR_MERGE:          0
cpu7->cpu7_STLB PREFETCH     ACCESS:          0 HIT:          0 MISS:          0 MSHR_MERGE:          0
cpu7->cpu7_STLB WRITE        ACCESS:          0 HIT:          0 MISS:          0 MSHR_MERGE:          0
cpu7->cpu7_STLB TRANSLATION  ACCESS:          0 HIT:          0 MISS:          0 MSHR_MERGE:          0
cpu7->cpu7_STLB PREFETCH REQUESTED:          0 ISSUED:          0 USEFUL:          0 USELESS:          0
cpu7->cpu7_STLB AVERAGE MISS LATENCY: 270.7 cycles
cpu7->cpu7_L2C TOTAL        ACCESS:     335941 HIT:      85286 MISS:     250655 MSHR_MERGE:          0
cpu7->cpu7_L2C LOAD         ACCESS:     165325 HIT:          3 MISS:     165322 MSHR_MERGE:          0
cpu7->cpu7_L2C RFO          ACCESS:      85207 HIT:         99 MISS:      85108 MSHR_MERGE:          0
cpu7->cpu7_L2C PREFETCH     ACCESS:          0 HIT:          0 MISS:          0 MSHR_MERGE:          0
cpu7->cpu7_L2C WRITE        ACCESS:      85378 HIT:      85178 MISS:        200 MSHR_MERGE:          0
cpu7->cpu7_L2C TRANSLATION  ACCESS:         31 HIT:          6 MISS:         25 MSHR_MERGE:          0
cpu7->cpu7_L2C PREFETCH REQUESTED:          0 ISSUED:          0 USEFUL:          0 USELESS:          0
cpu7->cpu7_L2C AVERAGE MISS LATENCY: 317 cycles
cpu7->cpu7_L1I TOTAL        ACCESS:    5199614 HIT:    5199566 MISS:         48 MSHR_MERGE:         21
cpu7->cpu7_L1I LOAD         ACCESS:    5199614 HIT:    5199566 MISS:         48 MSHR_MERGE:         21
cpu7->cpu7_L1I RFO          ACCESS:          0 HIT:          0 MISS:          0 MSHR_MERGE:          0
cpu7->cpu7_L1I PREFETCH     ACCESS:          0 HIT:          0 MISS:          0 MSHR_MERGE:          0
cpu7->cpu7_L1I WRITE        ACCESS:          0 HIT:          0 MISS:          0 MSHR_MERGE:          0
cpu7->cpu7_L1I TRANSLATION  ACCESS:          0 HIT:          0 MISS:          0 MSHR_MERGE:          0
cpu7->cpu7_L1I PREFETCH REQUESTED:          0 ISSUED:          0 USEFUL:          0 USELESS:          0
cpu7->cpu7_L1I AVERAGE MISS LATENCY: 359.3 cycles
cpu7->cpu7_L1D TOTAL        ACCESS:    6971676 HIT:    6308492 MISS:     663184 MSHR_MERGE:     412643
cpu7->cpu7_L1D LOAD         ACCESS:    4185621 HIT:    3817201 MISS:     368420 MSHR_MERGE:     203122
cpu7->cpu7_L1D RFO          ACCESS:          0 HIT:          0 MISS:          0 MSHR_MERGE:          0
cpu7->cpu7_L1D PREFETCH     ACCESS:          0 HIT:          0 MISS:          0 MSHR_MERGE:          0
cpu7->cpu7_L1D WRITE        ACCESS:    2786024 HIT:    2491291 MISS:     294733 MSHR_MERGE:     209521
cpu7->cpu7_L1D TRANSLATION  ACCESS:         31 HIT:          0 MISS:         31 MSHR_MERGE:          0
cpu7->cpu7_L1D PREFETCH REQUESTED:          0 ISSUED:          0 USEFUL:          0 USELESS:          0
cpu7->cpu7_L1D AVERAGE MISS LATENCY: 326.1 cycles
cpu7->cpu7_ITLB TOTAL        ACCESS:    4829778 HIT:    4829778 MISS:          0 MSHR_MERGE:          0
cpu7->cpu7_ITLB LOAD         ACCESS:    4829778 HIT:    4829778 MISS:          0 MSHR_MERGE:          0
cpu7->cpu7_ITLB RFO          ACCESS:          0 HIT:          0 MISS:          0 MSHR_MERGE:          0
cpu7->cpu7_ITLB PREFETCH     ACCESS:          0 HIT:          0 MISS:          0 MSHR_MERGE:          0
cpu7->cpu7_ITLB WRITE        ACCESS:          0 HIT:          0 MISS:          0 MSHR_MERGE:          0
cpu7->cpu7_ITLB TRANSLATION  ACCESS:          0 HIT:          0 MISS:          0 MSHR_MERGE:          0
cpu7->cpu7_ITLB PREFETCH REQUESTED:          0 ISSUED:          0 USEFUL:          0 USELESS:          0
cpu7->cpu7_ITLB AVERAGE MISS LATENCY: - cycles
cpu7->cpu7_DTLB TOTAL        ACCESS:    6531822 HIT:    6531755 MISS:         67 MSHR_MERGE:         39
cpu7->cpu7_DTLB LOAD         ACCESS:    6531822 HIT:    6531755 MISS:         67 MSHR_MERGE:         39
cpu7->cpu7_DTLB RFO          ACCESS:          0 HIT:          0 MISS:          0 MSHR_MERGE:          0
cpu7->cpu7_DTLB PREFETCH     ACCESS:          0 HIT:          0 MISS:          0 MSHR_MERGE:          0
cpu7->cpu7_DTLB WRITE        ACCESS:          0 HIT:          0 MISS:          0 MSHR_MERGE:          0
cpu7->cpu7_DTLB TRANSLATION  ACCESS:          0 HIT:          0 MISS:          0 MSHR_MERGE:          0
cpu7->cpu7_DTLB PREFETCH REQUESTED:          0 ISSUED:          0 USEFUL:          0 USELESS:          0
cpu7->cpu7_DTLB AVERAGE MISS LATENCY: 276.7 cycles
cpu6->cpu6_STLB TOTAL        ACCESS:         28 HIT:          0 MISS:         28 MSHR_MERGE:          0
cpu6->cpu6_STLB LOAD         ACCESS:         28 HIT:          0 MISS:         28 MSHR_MERGE:          0
cpu6->cpu6_STLB RFO          ACCESS:          0 HIT:          0 MISS:          0 MSHR_MERGE:          0
cpu6->cpu6_STLB PREFETCH     ACCESS:          0 HIT:          0 MISS:          0 MSHR_MERGE:          0
cpu6->cpu6_STLB WRITE        ACCESS:          0 HIT:          0 MISS:          0 MSHR_MERGE:          0
cpu6->cpu6_STLB TRANSLATION  ACCESS:          0 HIT:          0 MISS:          0 MSHR_MERGE:          0
cpu6->cpu6_STLB PREFETCH REQUESTED:          0 ISSUED:          0 USEFUL:          0 USELESS:          0
cpu6->cpu6_STLB AVERAGE MISS LATENCY: 276.8 cycles
cpu6->cpu6_L2C TOTAL        ACCESS:     336013 HIT:      85291 MISS:     250722 MSHR_MERGE:          0
cpu6->cpu6_L2C LOAD         ACCESS:     165394 HIT:          2 MISS:     165392 MSHR_MERGE:          0
cpu6->cpu6_L2C RFO          ACCESS:      85206 HIT:        100 MISS:      85106 MSHR_MERGE:          0
cpu6->cpu6_L2C PREFETCH     ACCESS:          0 HIT:          0 MISS:          0 MSHR_MERGE:          0
cpu6->cpu6_L2C WRITE        ACCESS:      85382 HIT:      85183 MISS:        199 MSHR_MERGE:          0
cpu6->cpu6_L2C TRANSLATION  ACCESS:         31 HIT:          6 MISS:         25 MSHR_MERGE:          0
cpu6->cpu6_L2C PREFETCH REQUESTED:          0 ISSUED:          0 USEFUL:          0 USELESS:          0
cpu6->cpu6_L2C AVERAGE MISS LATENCY: 318 cycles
cpu6->cpu6_L1I TOTAL        ACCESS:    5157389 HIT:    5157341 MISS:         48 MSHR_MERGE:         21
cpu6->cpu6_L1I LOAD         ACCESS:    5157389 HIT:    5157341 MISS:         48 MSHR_MERGE:         21
cpu6->cpu6_L1I RFO          ACCESS:          0 HIT:          0 MISS:          0 MSHR_MERGE:          0
cpu6->cpu6_L1I PREFETCH     ACCESS:          0 HIT:          0 MISS:          0 MSHR_MERGE:          0
cpu6->cpu6_L1I WRITE        ACCESS:          0 HIT:          0 MISS:          0 MSHR_MERGE:          0
cpu6->cpu6_L1I TRANSLATION  ACCESS:          0 HIT:          0 MISS:          0 MSHR_MERGE:          0
cpu6->cpu6_L1I PREFETCH REQUESTED:          0 ISSUED:          0 USEFUL:          0 USELESS:          0
cpu6->cpu6_L1I AVERAGE MISS LATENCY: 240.9 cycles
cpu6->cpu6_L1D TOTAL        ACCESS:    6926130 HIT:    6267296 MISS:     658834 MSHR_MERGE:     408227
cpu6->cpu6_L1D LOAD         ACCESS:    4156681 HIT:    3793744 MISS:     362937 MSHR_MERGE:     197569
cpu6->cpu6_L1D RFO          ACCESS:          0 HIT:          0 MISS:          0 MSHR_MERGE:          0
cpu6->cpu6_L1D PREFETCH     ACCESS:          0 HIT:          0 MISS:          0 MSHR_MERGE:          0
cpu6->cpu6_L1D WRITE        ACCESS:    2769418 HIT:    2473552 MISS:     295866 MSHR_MERGE:     210658
cpu6->cpu6_L1D TRANSLATION  ACCESS:         31 HIT:          0 MISS:         31 MSHR_MERGE:          0
cpu6->cpu6_L1D PREFETCH REQUESTED:          0 ISSUED:          0 USEFUL:          0 USELESS:          0
cpu6->cpu6_L1D AVERAGE MISS LATENCY: 327.1 cycles
cpu6->cpu6_ITLB TOTAL        ACCESS:    4798377 HIT:    4798377 MISS:          0 MSHR_MERGE:          0
cpu6->cpu6_ITLB LOAD         ACCESS:    4798377 HIT:    4798377 MISS:          0 MSHR_MERGE:          0
cpu6->cpu6_ITLB RFO          ACCESS:          0 HIT:          0 MISS:          0 MSHR_MERGE:          0
cpu6->cpu6_ITLB PREFETCH     ACCESS:          0 HIT:          0 MISS:          0 MSHR_MERGE:          0
cpu6->cpu6_ITLB WRITE        ACCESS:          0 HIT:          0 MISS:          0 MSHR_MERGE:          0
cpu6->cpu6_ITLB TRANSLATION  ACCESS:          0 HIT:          0 MISS:          0 MSHR_MERGE:          0
cpu6->cpu6_ITLB PREFETCH REQUESTED:          0 ISSUED:          0 USEFUL:          0 USELESS:          0
cpu6->cpu6_ITLB AVERAGE MISS LATENCY: - cycles
cpu6->cpu6_DTLB TOTAL        ACCESS:    6492729 HIT:    6492664 MISS:         65 MSHR_MERGE:         37
cpu6->cpu6_DTLB LOAD         ACCESS:    6492729 HIT:    6492664 MISS:         65 MSHR_MERGE:         37
cpu6->cpu6_DTLB RFO          ACCESS:          0 HIT:          0 MISS:          0 MSHR_MERGE:          0
cpu6->cpu6_DTLB PREFETCH     ACCESS:          0 HIT:          0 MISS:          0 MSHR_MERGE:          0
cpu6->cpu6_DTLB WRITE        ACCESS:          0 HIT:          0 MISS:          0 MSHR_MERGE:          0
cpu6->cpu6_DTLB TRANSLATION  ACCESS:          0 HIT:          0 MISS:          0 MSHR_MERGE:          0
cpu6->cpu6_DTLB PREFETCH REQUESTED:          0 ISSUED:          0 USEFUL:          0 USELESS:          0
cpu6->cpu6_DTLB AVERAGE MISS LATENCY: 282.8 cycles
cpu5->cpu5_STLB TOTAL        ACCESS:         28 HIT:          0 MISS:         28 MSHR_MERGE:          0
cpu5->cpu5_STLB LOAD         ACCESS:         28 HIT:          0 MISS:         28 MSHR_MERGE:          0
cpu5->cpu5_STLB RFO          ACCESS:          0 HIT:          0 MISS:          0 MSHR_MERGE:          0
cpu5->cpu5_STLB PREFETCH     ACCESS:          0 HIT:          0 MISS:          0 MSHR_MERGE:          0
cpu5->cpu5_STLB WRITE        ACCESS:          0 HIT:          0 MISS:          0 MSHR_MERGE:          0
cpu5->cpu5_STLB TRANSLATION  ACCESS:          0 HIT:          0 MISS:          0 MSHR_MERGE:          0
cpu5->cpu5_STLB PREFETCH REQUESTED:          0 ISSUED:          0 USEFUL:          0 USELESS:          0
cpu5->cpu5_STLB AVERAGE MISS LATENCY: 273.7 cycles
cpu5->cpu5_L2C TOTAL        ACCESS:     336506 HIT:      85435 MISS:     251071 MSHR_MERGE:          0
cpu5->cpu5_L2C LOAD         ACCESS:     165606 HIT:          2 MISS:     165604 MSHR_MERGE:          0
cpu5->cpu5_L2C RFO          ACCESS:      85345 HIT:        102 MISS:      85243 MSHR_MERGE:          0
cpu5->cpu5_L2C PREFETCH     ACCESS:          0 HIT:          0 MISS:          0 MSHR_MERGE:          0
cpu5->cpu5_L2C WRITE        ACCESS:      85524 HIT:      85325 MISS:        199 MSHR_MERGE:          0
cpu5->cpu5_L2C TRANSLATION  ACCESS:         31 HIT:          6 MISS:         25 MSHR_MERGE:          0
cpu5->cpu5_L2C PREFETCH REQUESTED:          0 ISSUED:          0 USEFUL:          0 USELESS:          0
cpu5->cpu5_L2C AVERAGE MISS LATENCY: 315.8 cycles
cpu5->cpu5_L1I TOTAL        ACCESS:    5213166 HIT:    5213121 MISS:         45 MSHR_MERGE:         18
cpu5->cpu5_L1I LOAD         ACCESS:    5213166 HIT:    5213121 MISS:         45 MSHR_MERGE:         18
cpu5->cpu5_L1I RFO          ACCESS:          0 HIT:          0 MISS:          0 MSHR_MERGE:          0
cpu5->cpu5_L1I PREFETCH     ACCESS:          0 HIT:          0 MISS:          0 MSHR_MERGE:          0
cpu5->cpu5_L1I WRITE        ACCESS:          0 HIT:          0 MISS:          0 MSHR_MERGE:          0
cpu5->cpu5_L1I TRANSLATION  ACCESS:          0 HIT:          0 MISS:          0 MSHR_MERGE:          0
cpu5->cpu5_L1I PREFETCH REQUESTED:          0 ISSUED:          0 USEFUL:          0 USELESS:          0
cpu5->cpu5_L1I AVERAGE MISS LATENCY: 367.5 cycles
cpu5->cpu5_L1D TOTAL        ACCESS:    6987356 HIT:    6325576 MISS:     661780 MSHR_MERGE:     410823
cpu5->cpu5_L1D LOAD         ACCESS:    4189287 HIT:    3822019 MISS:     367268 MSHR_MERGE:     201689
cpu5->cpu5_L1D RFO          ACCESS:          0 HIT:          0 MISS:          0 MSHR_MERGE:          0
cpu5->cpu5_L1D PREFETCH     ACCESS:          0 HIT:          0 MISS:          0 MSHR_MERGE:          0
cpu5->cpu5_L1D WRITE        ACCESS:    2798038 HIT:    2503557 MISS:     294481 MSHR_MERGE:     209134
cpu5->cpu5_L1D TRANSLATION  ACCESS:         31 HIT:          0 MISS:         31 MSHR_MERGE:          0
cpu5->cpu5_L1D PREFETCH REQUESTED:          0 ISSUED:          0 USEFUL:          0 USELESS:          0
cpu5->cpu5_L1D AVERAGE MISS LATENCY: 324.9 cycles
cpu5->cpu5_ITLB TOTAL        ACCESS:    4850021 HIT:    4850021 MISS:          0 MSHR_MERGE:          0
cpu5->cpu5_ITLB LOAD         ACCESS:    4850021 HIT:    4850021 MISS:          0 MSHR_MERGE:          0
cpu5->cpu5_ITLB RFO          ACCESS:          0 HIT:          0 MISS:          0 MSHR_MERGE:          0
cpu5->cpu5_ITLB PREFETCH     ACCESS:          0 HIT:          0 MISS:          0 MSHR_MERGE:          0
cpu5->cpu5_ITLB WRITE        ACCESS:          0 HIT:          0 MISS:          0 MSHR_MERGE:          0
cpu5->cpu5_ITLB TRANSLATION  ACCESS:          0 HIT:          0 MISS:          0 MSHR_MERGE:          0
cpu5->cpu5_ITLB PREFETCH REQUESTED:          0 ISSUED:          0 USEFUL:          0 USELESS:          0
cpu5->cpu5_ITLB AVERAGE MISS LATENCY: - cycles
cpu5->cpu5_DTLB TOTAL        ACCESS:    6542742 HIT:    6542668 MISS:         74 MSHR_MERGE:         46
cpu5->cpu5_DTLB LOAD         ACCESS:    6542742 HIT:    6542668 MISS:         74 MSHR_MERGE:         46
cpu5->cpu5_DTLB RFO          ACCESS:          0 HIT:          0 MISS:          0 MSHR_MERGE:          0
cpu5->cpu5_DTLB PREFETCH     ACCESS:          0 HIT:          0 MISS:          0 MSHR_MERGE:          0
cpu5->cpu5_DTLB WRITE        ACCESS:          0 HIT:          0 MISS:          0 MSHR_MERGE:          0
cpu5->cpu5_DTLB TRANSLATION  ACCESS:          0 HIT:          0 MISS:          0 MSHR_MERGE:          0
cpu5->cpu5_DTLB PREFETCH REQUESTED:          0 ISSUED:          0 USEFUL:          0 USELESS:          0
cpu5->cpu5_DTLB AVERAGE MISS LATENCY: 279.7 cycles
cpu4->cpu4_STLB TOTAL        ACCESS:         28 HIT:          0 MISS:         28 MSHR_MERGE:          0
cpu4->cpu4_STLB LOAD         ACCESS:         28 HIT:          0 MISS:         28 MSHR_MERGE:          0
cpu4->cpu4_STLB RFO          ACCESS:          0 HIT:          0 MISS:          0 MSHR_MERGE:          0
cpu4->cpu4_STLB PREFETCH     ACCESS:          0 HIT:          0 MISS:          0 MSHR_MERGE:          0
cpu4->cpu4_STLB WRITE        ACCESS:          0 HIT:          0 MISS:          0 MSHR_MERGE:          0
cpu4->cpu4_STLB TRANSLATION  ACCESS:          0 HIT:          0 MISS:          0 MSHR_MERGE:          0
cpu4->cpu4_STLB PREFETCH REQUESTED:          0 ISSUED:          0 USEFUL:          0 USELESS:          0
cpu4->cpu4_STLB AVERAGE MISS LATENCY: 270.6 cycles
cpu4->cpu4_L2C TOTAL        ACCESS:     335315 HIT:      85132 MISS:     250183 MSHR_MERGE:          0
cpu4->cpu4_L2C LOAD         ACCESS:     165010 HIT:          3 MISS:     165007 MSHR_MERGE:          0
cpu4->cpu4_L2C RFO          ACCESS:      85054 HIT:        103 MISS:      84951 MSHR_MERGE:          0
cpu4->cpu4_L2C PREFETCH     ACCESS:          0 HIT:          0 MISS:          0 MSHR_MERGE:          0
cpu4->cpu4_L2C WRITE        ACCESS:      85220 HIT:      85020 MISS:        200 MSHR_MERGE:          0
cpu4->cpu4_L2C TRANSLATION  ACCESS:         31 HIT:          6 MISS:         25 MSHR_MERGE:          0
cpu4->cpu4_L2C PREFETCH REQUESTED:          0 ISSUED:          0 USEFUL:          0 USELESS:          0
cpu4->cpu4_L2C AVERAGE MISS LATENCY: 317.8 cycles
cpu4->cpu4_L1I TOTAL        ACCESS:    5198223 HIT:    5198175 MISS:         48 MSHR_MERGE:         21
cpu4->cpu4_L1I LOAD         ACCESS:    5198223 HIT:    5198175 MISS:         48 MSHR_MERGE:         21
cpu4->cpu4_L1I RFO          ACCESS:          0 HIT:          0 MISS:          0 MSHR_MERGE:          0
cpu4->cpu4_L1I PREFETCH     ACCESS:          0 HIT:          0 MISS:          0 MSHR_MERGE:          0
cpu4->cpu4_L1I WRITE        ACCESS:          0 HIT:          0 MISS:          0 MSHR_MERGE:          0
cpu4->cpu4_L1I TRANSLATION  ACCESS:          0 HIT:          0 MISS:          0 MSHR_MERGE:          0
cpu4->cpu4_L1I PREFETCH REQUESTED:          0 ISSUED:          0 USEFUL:          0 USELESS:          0
cpu4->cpu4_L1I AVERAGE MISS LATENCY: 216.9 cycles
cpu4->cpu4_L1D TOTAL        ACCESS:    6967038 HIT:    6310912 MISS:     656126 MSHR_MERGE:     406057
cpu4->cpu4_L1D LOAD         ACCESS:    4177560 HIT:    3813680 MISS:     363880 MSHR_MERGE:     198897
cpu4->cpu4_L1D RFO          ACCESS:          0 HIT:          0 MISS:          0 MSHR_MERGE:          0
cpu4->cpu4_L1D PREFETCH     ACCESS:          0 HIT:          0 MISS:          0 MSHR_MERGE:          0
cpu4->cpu4_L1D WRITE        ACCESS:    2789447 HIT:    2497232 MISS:     292215 MSHR_MERGE:     207160
cpu4->cpu4_L1D TRANSLATION  ACCESS:         31 HIT:          0 MISS:         31 MSHR_MERGE:          0
cpu4->cpu4_L1D PREFETCH REQUESTED:          0 ISSUED:          0 USEFUL:          0 USELESS:          0
cpu4->cpu4_L1D AVERAGE MISS LATENCY: 326.9 cycles
cpu4->cpu4_ITLB TOTAL        ACCESS:    4836563 HIT:    4836563 MISS:          0 MSHR_MERGE:          0
cpu4->cpu4_ITLB LOAD         ACCESS:    4836563 HIT:    4836563 MISS:          0 MSHR_MERGE:          0
cpu4->cpu4_ITLB RFO          ACCESS:          0 HIT:          0 MISS:          0 MSHR_MERGE:          0
cpu4->cpu4_ITLB PREFETCH     ACCESS:          0 HIT:          0 MISS:          0 MSHR_MERGE:          0
cpu4->cpu4_ITLB WRITE        ACCESS:          0 HIT:          0 MISS:          0 MSHR_MERGE:          0
cpu4->cpu4_ITLB TRANSLATION  ACCESS:          0 HIT:          0 MISS:          0 MSHR_MERGE:          0
cpu4->cpu4_ITLB PREFETCH REQUESTED:          0 ISSUED:          0 USEFUL:          0 USELESS:          0
cpu4->cpu4_ITLB AVERAGE MISS LATENCY: - cycles
cpu4->cpu4_DTLB TOTAL        ACCESS:    6522672 HIT:    6522602 MISS:         70 MSHR_MERGE:         42
cpu4->cpu4_DTLB LOAD         ACCESS:    6522672 HIT:    6522602 MISS:         70 MSHR_MERGE:         42
cpu4->cpu4_DTLB RFO          ACCESS:          0 HIT:          0 MISS:          0 MSHR_MERGE:          0
cpu4->cpu4_DTLB PREFETCH     ACCESS:          0 HIT:          0 MISS:          0 MSHR_MERGE:          0
cpu4->cpu4_DTLB WRITE        ACCESS:          0 HIT:          0 MISS:          0 MSHR_MERGE:          0
cpu4->cpu4_DTLB TRANSLATION  ACCESS:          0 HIT:          0 MISS:          0 MSHR_MERGE:          0
cpu4->cpu4_DTLB PREFETCH REQUESTED:          0 ISSUED:          0 USEFUL:          0 USELESS:          0
cpu4->cpu4_DTLB AVERAGE MISS LATENCY: 276.6 cycles
cpu3->cpu3_STLB TOTAL        ACCESS:         28 HIT:          0 MISS:         28 MSHR_MERGE:          0
cpu3->cpu3_STLB LOAD         ACCESS:         28 HIT:          0 MISS:         28 MSHR_MERGE:          0
cpu3->cpu3_STLB RFO          ACCESS:          0 HIT:          0 MISS:          0 MSHR_MERGE:          0
cpu3->cpu3_STLB PREFETCH     ACCESS:          0 HIT:          0 MISS:          0 MSHR_MERGE:          0
cpu3->cpu3_STLB WRITE        ACCESS:          0 HIT:          0 MISS:          0 MSHR_MERGE:          0
cpu3->cpu3_STLB TRANSLATION  ACCESS:          0 HIT:          0 MISS:          0 MSHR_MERGE:          0
cpu3->cpu3_STLB PREFETCH REQUESTED:          0 ISSUED:          0 USEFUL:          0 USELESS:          0
cpu3->cpu3_STLB AVERAGE MISS LATENCY: 288.5 cycles
cpu3->cpu3_L2C TOTAL        ACCESS:     337956 HIT:      85775 MISS:     252181 MSHR_MERGE:          0
cpu3->cpu3_L2C LOAD         ACCESS:     166367 HIT:          3 MISS:     166364 MSHR_MERGE:          0
cpu3->cpu3_L2C RFO          ACCESS:      85691 HIT:         99 MISS:      85592 MSHR_MERGE:          0
cpu3->cpu3_L2C PREFETCH     ACCESS:          0 HIT:          0 MISS:          0 MSHR_MERGE:          0
cpu3->cpu3_L2C WRITE        ACCESS:      85867 HIT:      85667 MISS:        200 MSHR_MERGE:          0
cpu3->cpu3_L2C TRANSLATION  ACCESS:         31 HIT:          6 MISS:         25 MSHR_MERGE:          0
cpu3->cpu3_L2C PREFETCH REQUESTED:          0 ISSUED:          0 USEFUL:          0 USELESS:          0
cpu3->cpu3_L2C AVERAGE MISS LATENCY: 316.3 cycles
cpu3->cpu3_L1I TOTAL        ACCESS:    5170189 HIT:    5170147 MISS:         42 MSHR_MERGE:         15
cpu3->cpu3_L1I LOAD         ACCESS:    5170189 HIT:    5170147 MISS:         42 MSHR_MERGE:         15
cpu3->cpu3_L1I RFO          ACCESS:          0 HIT:          0 MISS:          0 MSHR_MERGE:          0
cpu3->cpu3_L1I PREFETCH     ACCESS:          0 HIT:          0 MISS:          0 MSHR_MERGE:          0
cpu3->cpu3_L1I WRITE        ACCESS:          0 HIT:          0 MISS:          0 MSHR_MERGE:          0
cpu3->cpu3_L1I TRANSLATION  ACCESS:          0 HIT:          0 MISS:          0 MSHR_MERGE:          0
cpu3->cpu3_L1I PREFETCH REQUESTED:          0 ISSUED:          0 USEFUL:          0 USELESS:          0
cpu3->cpu3_L1I AVERAGE MISS LATENCY: 236.8 cycles
cpu3->cpu3_L1D TOTAL        ACCESS:    6934674 HIT:    6268782 MISS:     665892 MSHR_MERGE:     413827
cpu3->cpu3_L1D LOAD         ACCESS:    4163267 HIT:    3794712 MISS:     368555 MSHR_MERGE:     202215
cpu3->cpu3_L1D RFO          ACCESS:          0 HIT:          0 MISS:          0 MSHR_MERGE:          0
cpu3->cpu3_L1D PREFETCH     ACCESS:          0 HIT:          0 MISS:          0 MSHR_MERGE:          0
cpu3->cpu3_L1D WRITE        ACCESS:    2771376 HIT:    2474070 MISS:     297306 MSHR_MERGE:     211612
cpu3->cpu3_L1D TRANSLATION  ACCESS:         31 HIT:          0 MISS:         31 MSHR_MERGE:          0
cpu3->cpu3_L1D PREFETCH REQUESTED:          0 ISSUED:          0 USEFUL:          0 USELESS:          0
cpu3->cpu3_L1D AVERAGE MISS LATENCY: 325.4 cycles
cpu3->cpu3_ITLB TOTAL        ACCESS:    4821690 HIT:    4821690 MISS:          0 MSHR_MERGE:          0
cpu3->cpu3_ITLB LOAD         ACCESS:    4821690 HIT:    4821690 MISS:          0 MSHR_MERGE:          0
cpu3->cpu3_ITLB RFO          ACCESS:          0 HIT:          0 MISS:          0 MSHR_MERGE:          0
cpu3->cpu3_ITLB PREFETCH     ACCESS:          0 HIT:          0 MISS:          0 MSHR_MERGE:          0
cpu3->cpu3_ITLB WRITE        ACCESS:          0 HIT:          0 MISS:          0 MSHR_MERGE:          0
cpu3->cpu3_ITLB TRANSLATION  ACCESS:          0 HIT:          0 MISS:          0 MSHR_MERGE:          0
cpu3->cpu3_ITLB PREFETCH REQUESTED:          0 ISSUED:          0 USEFUL:          0 USELESS:          0
cpu3->cpu3_ITLB AVERAGE MISS LATENCY: - cycles
cpu3->cpu3_DTLB TOTAL        ACCESS:    6505976 HIT:    6505902 MISS:         74 MSHR_MERGE:         46
cpu3->cpu3_DTLB LOAD         ACCESS:    6505976 HIT:    6505902 MISS:         74 MSHR_MERGE:         46
cpu3->cpu3_DTLB RFO          ACCESS:          0 HIT:          0 MISS:          0 MSHR_MERGE:          0
cpu3->cpu3_DTLB PREFETCH     ACCESS:          0 HIT:          0 MISS:          0 MSHR_MERGE:          0
cpu3->cpu3_DTLB WRITE        ACCESS:          0 HIT:          0 MISS:          0 MSHR_MERGE:          0
cpu3->cpu3_DTLB TRANSLATION  ACCESS:          0 HIT:          0 MISS:          0 MSHR_MERGE:          0
cpu3->cpu3_DTLB PREFETCH REQUESTED:          0 ISSUED:          0 USEFUL:          0 USELESS:          0
cpu3->cpu3_DTLB AVERAGE MISS LATENCY: 294.5 cycles
cpu2->cpu2_STLB TOTAL        ACCESS:         27 HIT:          0 MISS:         27 MSHR_MERGE:          0
cpu2->cpu2_STLB LOAD         ACCESS:         27 HIT:          0 MISS:         27 MSHR_MERGE:          0
cpu2->cpu2_STLB RFO          ACCESS:          0 HIT:          0 MISS:          0 MSHR_MERGE:          0
cpu2->cpu2_STLB PREFETCH     ACCESS:          0 HIT:          0 MISS:          0 MSHR_MERGE:          0
cpu2->cpu2_STLB WRITE        ACCESS:          0 HIT:          0 MISS:          0 MSHR_MERGE:          0
cpu2->cpu2_STLB TRANSLATION  ACCESS:          0 HIT:          0 MISS:          0 MSHR_MERGE:          0
cpu2->cpu2_STLB PREFETCH REQUESTED:          0 ISSUED:          0 USEFUL:          0 USELESS:          0
cpu2->cpu2_STLB AVERAGE MISS LATENCY: 302.2 cycles
cpu2->cpu2_L2C TOTAL        ACCESS:     334772 HIT:      85003 MISS:     249769 MSHR_MERGE:          0
cpu2->cpu2_L2C LOAD         ACCESS:     164737 HIT:          1 MISS:     164736 MSHR_MERGE:          0
cpu2->cpu2_L2C RFO          ACCESS:      84915 HIT:        104 MISS:      84811 MSHR_MERGE:          0
cpu2->cpu2_L2C PREFETCH     ACCESS:          0 HIT:          0 MISS:          0 MSHR_MERGE:          0
cpu2->cpu2_L2C WRITE        ACCESS:      85090 HIT:      84892 MISS:        198 MSHR_MERGE:          0
cpu2->cpu2_L2C TRANSLATION  ACCESS:         30 HIT:          6 MISS:         24 MSHR_MERGE:          0
cpu2->cpu2_L2C PREFETCH REQUESTED:          0 ISSUED:          0 USEFUL:          0 USELESS:          0
cpu2->cpu2_L2C AVERAGE MISS LATENCY: 319.2 cycles
cpu2->cpu2_L1I TOTAL        ACCESS:    5206355 HIT:    5206311 MISS:         44 MSHR_MERGE:         17
cpu2->cpu2_L1I LOAD         ACCESS:    5206355 HIT:    5206311 MISS:         44 MSHR_MERGE:         17
cpu2->cpu2_L1I RFO          ACCESS:          0 HIT:          0 MISS:          0 MSHR_MERGE:          0
cpu2->cpu2_L1I PREFETCH     ACCESS:          0 HIT:          0 MISS:          0 MSHR_MERGE:          0
cpu2->cpu2_L1I WRITE        ACCESS:          0 HIT:          0 MISS:          0 MSHR_MERGE:          0
cpu2->cpu2_L1I TRANSLATION  ACCESS:          0 HIT:          0 MISS:          0 MSHR_MERGE:          0
cpu2->cpu2_L1I PREFETCH REQUESTED:          0 ISSUED:          0 USEFUL:          0 USELESS:          0
cpu2->cpu2_L1I AVERAGE MISS LATENCY: 378.5 cycles
cpu2->cpu2_L1D TOTAL        ACCESS:    6972077 HIT:    6312551 MISS:     659526 MSHR_MERGE:     409871
cpu2->cpu2_L1D LOAD         ACCESS:    4179070 HIT:    3813635 MISS:     365435 MSHR_MERGE:     200725
cpu2->cpu2_L1D RFO          ACCESS:          0 HIT:          0 MISS:          0 MSHR_MERGE:          0
cpu2->cpu2_L1D PREFETCH     ACCESS:          0 HIT:          0 MISS:          0 MSHR_MERGE:          0
cpu2->cpu2_L1D WRITE        ACCESS:    2792977 HIT:    2498916 MISS:     294061 MSHR_MERGE:     209146
cpu2->cpu2_L1D TRANSLATION  ACCESS:         30 HIT:          0 MISS:         30 MSHR_MERGE:          0
cpu2->cpu2_L1D PREFETCH REQUESTED:          0 ISSUED:          0 USEFUL:          0 USELESS:          0
cpu2->cpu2_L1D AVERAGE MISS LATENCY: 328.3 cycles
cpu2->cpu2_ITLB TOTAL        ACCESS:    4843103 HIT:    4843103 MISS:          0 MSHR_MERGE:          0
cpu2->cpu2_ITLB LOAD         ACCESS:    4843103 HIT:    4843103 MISS:          0 MSHR_MERGE:          0
cpu2->cpu2_ITLB RFO          ACCESS:          0 HIT:          0 MISS:          0 MSHR_MERGE:          0
cpu2->cpu2_ITLB PREFETCH     ACCESS:          0 HIT:          0 MISS:          0 MSHR_MERGE:          0
cpu2->cpu2_ITLB WRITE        ACCESS:          0 HIT:          0 MISS:          0 MSHR_MERGE:          0
cpu2->cpu2_ITLB TRANSLATION  ACCESS:          0 HIT:          0 MISS:          0 MSHR_MERGE:          0
cpu2->cpu2_ITLB PREFETCH REQUESTED:          0 ISSUED:          0 USEFUL:          0 USELESS:          0
cpu2->cpu2_ITLB AVERAGE MISS LATENCY: - cycles
cpu2->cpu2_DTLB TOTAL        ACCESS:    6529066 HIT:    6528999 MISS:         67 MSHR_MERGE:         40
cpu2->cpu2_DTLB LOAD         ACCESS:    6529066 HIT:    6528999 MISS:         67 MSHR_MERGE:         40
cpu2->cpu2_DTLB RFO          ACCESS:          0 HIT:          0 MISS:          0 MSHR_MERGE:          0
cpu2->cpu2_DTLB PREFETCH     ACCESS:          0 HIT:          0 MISS:          0 MSHR_MERGE:          0
cpu2->cpu2_DTLB WRITE        ACCESS:          0 HIT:          0 MISS:          0 MSHR_MERGE:          0
cpu2->cpu2_DTLB TRANSLATION  ACCESS:          0 HIT:          0 MISS:          0 MSHR_MERGE:          0
cpu2->cpu2_DTLB PREFETCH REQUESTED:          0 ISSUED:          0 USEFUL:          0 USELESS:          0
cpu2->cpu2_DTLB AVERAGE MISS LATENCY: 308.2 cycles
cpu1->cpu1_STLB TOTAL        ACCESS:         28 HIT:          0 MISS:         28 MSHR_MERGE:          0
cpu1->cpu1_STLB LOAD         ACCESS:         28 HIT:          0 MISS:         28 MSHR_MERGE:          0
cpu1->cpu1_STLB RFO          ACCESS:          0 HIT:          0 MISS:          0 MSHR_MERGE:          0
cpu1->cpu1_STLB PREFETCH     ACCESS:          0 HIT:          0 MISS:          0 MSHR_MERGE:          0
cpu1->cpu1_STLB WRITE        ACCESS:          0 HIT:          0 MISS:          0 MSHR_MERGE:          0
cpu1->cpu1_STLB TRANSLATION  ACCESS:          0 HIT:          0 MISS:          0 MSHR_MERGE:          0
cpu1->cpu1_STLB PREFETCH REQUESTED:          0 ISSUED:          0 USEFUL:          0 USELESS:          0
cpu1->cpu1_STLB AVERAGE MISS LATENCY: 310 cycles
cpu1->cpu1_L2C TOTAL        ACCESS:     335478 HIT:      85172 MISS:     250306 MSHR_MERGE:          0
cpu1->cpu1_L2C LOAD         ACCESS:     165088 HIT:          3 MISS:     165085 MSHR_MERGE:          0
cpu1->cpu1_L2C RFO          ACCESS:      85094 HIT:         98 MISS:      84996 MSHR_MERGE:          0
cpu1->cpu1_L2C PREFETCH     ACCESS:          0 HIT:          0 MISS:          0 MSHR_MERGE:          0
cpu1->cpu1_L2C WRITE        ACCESS:      85265 HIT:      85065 MISS:        200 MSHR_MERGE:          0
cpu1->cpu1_L2C TRANSLATION  ACCESS:         31 HIT:          6 MISS:         25 MSHR_MERGE:          0
cpu1->cpu1_L2C PREFETCH REQUESTED:          0 ISSUED:          0 USEFUL:          0 USELESS:          0
cpu1->cpu1_L2C AVERAGE MISS LATENCY: 320.2 cycles
cpu1->cpu1_L1I TOTAL        ACCESS:    5203480 HIT:    5203438 MISS:         42 MSHR_MERGE:         15
cpu1->cpu1_L1I LOAD         ACCESS:    5203480 HIT:    5203438 MISS:         42 MSHR_MERGE:         15
cpu1->cpu1_L1I RFO          ACCESS:          0 HIT:          0 MISS:          0 MSHR_MERGE:          0
cpu1->cpu1_L1I PREFETCH     ACCESS:          0 HIT:          0 MISS:          0 MSHR_MERGE:          0
cpu1->cpu1_L1I WRITE        ACCESS:          0 HIT:          0 MISS:          0 MSHR_MERGE:          0
cpu1->cpu1_L1I TRANSLATION  ACCESS:          0 HIT:          0 MISS:          0 MSHR_MERGE:          0
cpu1->cpu1_L1I PREFETCH REQUESTED:          0 ISSUED:          0 USEFUL:          0 USELESS:          0
cpu1->cpu1_L1I AVERAGE MISS LATENCY: 335.5 cycles
cpu1->cpu1_L1D TOTAL        ACCESS:    6972517 HIT:    6307196 MISS:     665321 MSHR_MERGE:     415129
cpu1->cpu1_L1D LOAD         ACCESS:    4181317 HIT:    3811325 MISS:     369992 MSHR_MERGE:     204931
cpu1->cpu1_L1D RFO          ACCESS:          0 HIT:          0 MISS:          0 MSHR_MERGE:          0
cpu1->cpu1_L1D PREFETCH     ACCESS:          0 HIT:          0 MISS:          0 MSHR_MERGE:          0
cpu1->cpu1_L1D WRITE        ACCESS:    2791169 HIT:    2495871 MISS:     295298 MSHR_MERGE:     210198
cpu1->cpu1_L1D TRANSLATION  ACCESS:         31 HIT:          0 MISS:         31 MSHR_MERGE:          0
cpu1->cpu1_L1D PREFETCH REQUESTED:          0 ISSUED:          0 USEFUL:          0 USELESS:          0
cpu1->cpu1_L1D AVERAGE MISS LATENCY: 329.3 cycles
cpu1->cpu1_ITLB TOTAL        ACCESS:    4845721 HIT:    4845721 MISS:          0 MSHR_MERGE:          0
cpu1->cpu1_ITLB LOAD         ACCESS:    4845721 HIT:    4845721 MISS:          0 MSHR_MERGE:          0
cpu1->cpu1_ITLB RFO          ACCESS:          0 HIT:          0 MISS:          0 MSHR_MERGE:          0
cpu1->cpu1_ITLB PREFETCH     ACCESS:          0 HIT:          0 MISS:          0 MSHR_MERGE:          0
cpu1->cpu1_ITLB WRITE        ACCESS:          0 HIT:          0 MISS:          0 MSHR_MERGE:          0
cpu1->cpu1_ITLB TRANSLATION  ACCESS:          0 HIT:          0 MISS:          0 MSHR_MERGE:          0
cpu1->cpu1_ITLB PREFETCH REQUESTED:          0 ISSUED:          0 USEFUL:          0 USELESS:          0
cpu1->cpu1_ITLB AVERAGE MISS LATENCY: - cycles
cpu1->cpu1_DTLB TOTAL        ACCESS:    6533841 HIT:    6533774 MISS:         67 MSHR_MERGE:         39
cpu1->cpu1_DTLB LOAD         ACCESS:    6533841 HIT:    6533774 MISS:         67 MSHR_MERGE:         39
cpu1->cpu1_DTLB RFO          ACCESS:          0 HIT:          0 MISS:          0 MSHR_MERGE:          0
cpu1->cpu1_DTLB PREFETCH     ACCESS:          0 HIT:          0 MISS:          0 MSHR_MERGE:          0
cpu1->cpu1_DTLB WRITE        ACCESS:          0 HIT:          0 MISS:          0 MSHR_MERGE:          0
cpu1->cpu1_DTLB TRANSLATION  ACCESS:          0 HIT:          0 MISS:          0 MSHR_MERGE:          0
cpu1->cpu1_DTLB PREFETCH REQUESTED:          0 ISSUED:          0 USEFUL:          0 USELESS:          0
cpu1->cpu1_DTLB AVERAGE MISS LATENCY: 316 cycles
cpu0->cpu0_STLB TOTAL        ACCESS:         28 HIT:          0 MISS:         28 MSHR_MERGE:          0
cpu0->cpu0_STLB LOAD         ACCESS:         28 HIT:          0 MISS:         28 MSHR_MERGE:          0
cpu0->cpu0_STLB RFO          ACCESS:          0 HIT:          0 MISS:          0 MSHR_MERGE:          0
cpu0->cpu0_STLB PREFETCH     ACCESS:          0 HIT:          0 MISS:          0 MSHR_MERGE:          0
cpu0->cpu0_STLB WRITE        ACCESS:          0 HIT:          0 MISS:          0 MSHR_MERGE:          0
cpu0->cpu0_STLB TRANSLATION  ACCESS:          0 HIT:          0 MISS:          0 MSHR_MERGE:          0
cpu0->cpu0_STLB PREFETCH REQUESTED:          0 ISSUED:          0 USEFUL:          0 USELESS:          0
cpu0->cpu0_STLB AVERAGE MISS LATENCY: 336.2 cycles
cpu0->cpu0_L2C TOTAL        ACCESS:     337067 HIT:      85555 MISS:     251512 MSHR_MERGE:          0
cpu0->cpu0_L2C LOAD         ACCESS:     165922 HIT:          3 MISS:     165919 MSHR_MERGE:          0
cpu0->cpu0_L2C RFO          ACCESS:      85469 HIT:        101 MISS:      85368 MSHR_MERGE:          0
cpu0->cpu0_L2C PREFETCH     ACCESS:          0 HIT:          0 MISS:          0 MSHR_MERGE:          0
cpu0->cpu0_L2C WRITE        ACCESS:      85645 HIT:      85445 MISS:        200 MSHR_MERGE:          0
cpu0->cpu0_L2C TRANSLATION  ACCESS:         31 HIT:          6 MISS:         25 MSHR_MERGE:          0
cpu0->cpu0_L2C PREFETCH REQUESTED:          0 ISSUED:          0 USEFUL:          0 USELESS:          0
cpu0->cpu0_L2C AVERAGE MISS LATENCY: 317.3 cycles
cpu0->cpu0_L1I TOTAL        ACCESS:    5165589 HIT:    5165546 MISS:         43 MSHR_MERGE:         16
cpu0->cpu0_L1I LOAD         ACCESS:    5165589 HIT:    5165546 MISS:         43 MSHR_MERGE:         16
cpu0->cpu0_L1I RFO          ACCESS:          0 HIT:          0 MISS:          0 MSHR_MERGE:          0
cpu0->cpu0_L1I PREFETCH     ACCESS:          0 HIT:          0 MISS:          0 MSHR_MERGE:          0
cpu0->cpu0_L1I WRITE        ACCESS:          0 HIT:          0 MISS:          0 MSHR_MERGE:          0
cpu0->cpu0_L1I TRANSLATION  ACCESS:          0 HIT:          0 MISS:          0 MSHR_MERGE:          0
cpu0->cpu0_L1I PREFETCH REQUESTED:          0 ISSUED:          0 USEFUL:          0 USELESS:          0
cpu0->cpu0_L1I AVERAGE MISS LATENCY: 239.7 cycles
cpu0->cpu0_L1D TOTAL        ACCESS:    6935222 HIT:    6272341 MISS:     662881 MSHR_MERGE:     411485
cpu0->cpu0_L1D LOAD         ACCESS:    4164768 HIT:    3795223 MISS:     369545 MSHR_MERGE:     203650
cpu0->cpu0_L1D RFO          ACCESS:          0 HIT:          0 MISS:          0 MSHR_MERGE:          0
cpu0->cpu0_L1D PREFETCH     ACCESS:          0 HIT:          0 MISS:          0 MSHR_MERGE:          0
cpu0->cpu0_L1D WRITE        ACCESS:    2770423 HIT:    2477118 MISS:     293305 MSHR_MERGE:     207835
cpu0->cpu0_L1D TRANSLATION  ACCESS:         31 HIT:          0 MISS:         31 MSHR_MERGE:          0
cpu0->cpu0_L1D PREFETCH REQUESTED:          0 ISSUED:          0 USEFUL:          0 USELESS:          0
cpu0->cpu0_L1D AVERAGE MISS LATENCY: 326.4 cycles
cpu0->cpu0_ITLB TOTAL        ACCESS:    4815798 HIT:    4815798 MISS:          0 MSHR_MERGE:          0
cpu0->cpu0_ITLB LOAD         ACCESS:    4815798 HIT:    4815798 MISS:          0 MSHR_MERGE:          0
cpu0->cpu0_ITLB RFO          ACCESS:          0 HIT:          0 MISS:          0 MSHR_MERGE:          0
cpu0->cpu0_ITLB PREFETCH     ACCESS:          0 HIT:          0 MISS:          0 MSHR_MERGE:          0
cpu0->cpu0_ITLB WRITE        ACCESS:          0 HIT:          0 MISS:          0 MSHR_MERGE:          0
cpu0->cpu0_ITLB TRANSLATION  ACCESS:          0 HIT:          0 MISS:          0 MSHR_MERGE:          0
cpu0->cpu0_ITLB PREFETCH REQUESTED:          0 ISSUED:          0 USEFUL:          0 USELESS:          0
cpu0->cpu0_ITLB AVERAGE MISS LATENCY: - cycles
cpu0->cpu0_DTLB TOTAL        ACCESS:    6504473 HIT:    6504403 MISS:         70 MSHR_MERGE:         42
cpu0->cpu0_DTLB LOAD         ACCESS:    6504473 HIT:    6504403 MISS:         70 MSHR_MERGE:         42
cpu0->cpu0_DTLB RFO          ACCESS:          0 HIT:          0 MISS:          0 MSHR_MERGE:          0
cpu0->cpu0_DTLB PREFETCH     ACCESS:          0 HIT:          0 MISS:          0 MSHR_MERGE:          0
cpu0->cpu0_DTLB WRITE        ACCESS:          0 HIT:          0 MISS:          0 MSHR_MERGE:          0
cpu0->cpu0_DTLB TRANSLATION  ACCESS:          0 HIT:          0 MISS:          0 MSHR_MERGE:          0
cpu0->cpu0_DTLB PREFETCH REQUESTED:          0 ISSUED:          0 USEFUL:          0 USELESS:          0
cpu0->cpu0_DTLB AVERAGE MISS LATENCY: 342.2 cycles
cpu0->LLC TOTAL        ACCESS:     337725 HIT:      78954 MISS:     258771 MSHR_MERGE:          0
cpu0->LLC LOAD         ACCESS:     165919 HIT:          0 MISS:     165919 MSHR_MERGE:          0
cpu0->LLC RFO          ACCESS:      85368 HIT:          0 MISS:      85368 MSHR_MERGE:          0
cpu0->LLC PREFETCH     ACCESS:          0 HIT:          0 MISS:          0 MSHR_MERGE:          0
cpu0->LLC WRITE        ACCESS:      86413 HIT:      78940 MISS:       7473 MSHR_MERGE:          0
cpu0->LLC TRANSLATION  ACCESS:         25 HIT:         14 MISS:         11 MSHR_MERGE:          0
cpu0->LLC PREFETCH REQUESTED:          0 ISSUED:          0 USEFUL:          0 USELESS:          0
cpu0->LLC AVERAGE MISS LATENCY: 2341 cycles
cpu1->LLC TOTAL        ACCESS:     336190 HIT:      78543 MISS:     257647 MSHR_MERGE:          0
cpu1->LLC LOAD         ACCESS:     165085 HIT:          0 MISS:     165085 MSHR_MERGE:          0
cpu1->LLC RFO          ACCESS:      84996 HIT:          0 MISS:      84996 MSHR_MERGE:          0
cpu1->LLC PREFETCH     ACCESS:          0 HIT:          0 MISS:          0 MSHR_MERGE:          0
cpu1->LLC WRITE        ACCESS:      86084 HIT:      78521 MISS:       7563 MSHR_MERGE:          0
cpu1->LLC TRANSLATION  ACCESS:         25 HIT:         22 MISS:          3 MSHR_MERGE:          0
cpu1->LLC PREFETCH REQUESTED:          0 ISSUED:          0 USEFUL:          0 USELESS:          0
cpu1->LLC AVERAGE MISS LATENCY: 2351 cycles
cpu2->LLC TOTAL        ACCESS:     335417 HIT:      78799 MISS:     256618 MSHR_MERGE:          0
cpu2->LLC LOAD         ACCESS:     164736 HIT:          0 MISS:     164736 MSHR_MERGE:          0
cpu2->LLC RFO          ACCESS:      84811 HIT:          0 MISS:      84811 MSHR_MERGE:          0
cpu2->LLC PREFETCH     ACCESS:          0 HIT:          0 MISS:          0 MSHR_MERGE:          0
cpu2->LLC WRITE        ACCESS:      85846 HIT:      78778 MISS:       7068 MSHR_MERGE:          0
cpu2->LLC TRANSLATION  ACCESS:         24 HIT:         21 MISS:          3 MSHR_MERGE:          0
cpu2->LLC PREFETCH REQUESTED:          0 ISSUED:          0 USEFUL:          0 USELESS:          0
cpu2->LLC AVERAGE MISS LATENCY: 2361 cycles
cpu3->LLC TOTAL        ACCESS:     338654 HIT:      79477 MISS:     259177 MSHR_MERGE:          0
cpu3->LLC LOAD         ACCESS:     166364 HIT:          0 MISS:     166364 MSHR_MERGE:          0
cpu3->LLC RFO          ACCESS:      85592 HIT:          0 MISS:      85592 MSHR_MERGE:          0
cpu3->LLC PREFETCH     ACCESS:          0 HIT:          0 MISS:          0 MSHR_MERGE:          0
cpu3->LLC WRITE        ACCESS:      86673 HIT:      79456 MISS:       7217 MSHR_MERGE:          0
cpu3->LLC TRANSLATION  ACCESS:         25 HIT:         21 MISS:          4 MSHR_MERGE:          0
cpu3->LLC PREFETCH REQUESTED:          0 ISSUED:          0 USEFUL:          0 USELESS:          0
cpu3->LLC AVERAGE MISS LATENCY: 2337 cycles
cpu4->LLC TOTAL        ACCESS:     336017 HIT:      78650 MISS:     257367 MSHR_MERGE:          0
cpu4->LLC LOAD         ACCESS:     165007 HIT:          0 MISS:     165007 MSHR_MERGE:          0
cpu4->LLC RFO          ACCESS:      84951 HIT:          0 MISS:      84951 MSHR_MERGE:          0
cpu4->LLC PREFETCH     ACCESS:          0 HIT:          0 MISS:          0 MSHR_MERGE:          0
cpu4->LLC WRITE        ACCESS:      86034 HIT:      78628 MISS:       7406 MSHR_MERGE:          0
cpu4->LLC TRANSLATION  ACCESS:         25 HIT:         22 MISS:          3 MSHR_MERGE:          0
cpu4->LLC PREFETCH REQUESTED:          0 ISSUED:          0 USEFUL:          0 USELESS:          0
cpu4->LLC AVERAGE MISS LATENCY: 2354 cycles
cpu5->LLC TOTAL        ACCESS:     337212 HIT:      78884 MISS:     258328 MSHR_MERGE:          0
cpu5->LLC LOAD         ACCESS:     165604 HIT:          0 MISS:     165604 MSHR_MERGE:          0
cpu5->LLC RFO          ACCESS:      85243 HIT:          0 MISS:      85243 MSHR_MERGE:          0
cpu5->LLC PREFETCH     ACCESS:          0 HIT:          0 MISS:          0 MSHR_MERGE:          0
cpu5->LLC WRITE        ACCESS:      86340 HIT:      78862 MISS:       7478 MSHR_MERGE:          0
cpu5->LLC TRANSLATION  ACCESS:         25 HIT:         22 MISS:          3 MSHR_MERGE:          0
cpu5->LLC PREFETCH REQUESTED:          0 ISSUED:          0 USEFUL:          0 USELESS:          0
cpu5->LLC AVERAGE MISS LATENCY: 2345 cycles
cpu6->LLC TOTAL        ACCESS:     336741 HIT:      78642 MISS:     258099 MSHR_MERGE:          0
cpu6->LLC LOAD         ACCESS:     165392 HIT:          0 MISS:     165392 MSHR_MERGE:          0
cpu6->LLC RFO          ACCESS:      85106 HIT:          0 MISS:      85106 MSHR_MERGE:          0
cpu6->LLC PREFETCH     ACCESS:          0 HIT:          0 MISS:          0 MSHR_MERGE:          0
cpu6->LLC WRITE        ACCESS:      86218 HIT:      78621 MISS:       7597 MSHR_MERGE:          0
cpu6->LLC TRANSLATION  ACCESS:         25 HIT:         21 MISS:          4 MSHR_MERGE:          0
cpu6->LLC PREFETCH REQUESTED:          0 ISSUED:          0 USEFUL:          0 USELESS:          0
cpu6->LLC AVERAGE MISS LATENCY: 2347 cycles
cpu7->LLC TOTAL        ACCESS:     336648 HIT:      78605 MISS:     258043 MSHR_MERGE:          0
cpu7->LLC LOAD         ACCESS:     165322 HIT:          0 MISS:     165322 MSHR_MERGE:          0
cpu7->LLC RFO          ACCESS:      85108 HIT:          0 MISS:      85108 MSHR_MERGE:          0
cpu7->LLC PREFETCH     ACCESS:          0 HIT:          0 MISS:          0 MSHR_MERGE:          0
cpu7->LLC WRITE        ACCESS:      86193 HIT:      78583 MISS:       7610 MSHR_MERGE:          0
cpu7->LLC TRANSLATION  ACCESS:         25 HIT:         22 MISS:          3 MSHR_MERGE:          0
cpu7->LLC PREFETCH REQUESTED:          0 ISSUED:          0 USEFUL:          0 USELESS:          0
cpu7->LLC AVERAGE MISS LATENCY: 2348 cycles

DRAM Statistics

Channel 0 READ REQS:    1002282	WRITE REQS:     356345
  READS:    1002280	READ_HITS:          0
  WRITES:     356335	WRITE HITS:          0
  ACTIVATES:    1358616	PRECHARGES:    1358615
  RQ FULL:          0	WQ FULL:         64
  WRITE DRAINS:      21974	FORCED:       4584
  MEAN WRITE IMBALANCE: 1.3496859925366342
  READ OCCU PRE DRAIN: 2.139574042049695	POST DRAIN: 6.535041412578502
  MEAN WLP: 12.304951306089015
  READ LATENCY: 73.03165582471964
  TIME IN WRITE MODE: 1937975104

Channel 1 READ REQS:    1002356	WRITE REQS:     356440
  READS:    1002341	READ_HITS:          0
  WRITES:     356438	WRITE HITS:          0
  ACTIVATES:    1358784	PRECHARGES:    1358779
  RQ FULL:          0	WQ FULL:         43
  WRITE DRAINS:      22095	FORCED:       4419
  MEAN WRITE IMBALANCE: 1.3500339443312968
  READ OCCU PRE DRAIN: 2.034306404163838	POST DRAIN: 6.287712152070604
  MEAN WLP: 12.255170853134194
  READ LATENCY: 71.91302560705388
  TIME IN WRITE MODE: 1943426784
BARD NON LRU EVICTS: 88006	TOTAL EVICTS: 2069380	EAGER WB: 393825
