---------------------------------------
Begin Slurm Prolog: Apr-10-2025 03:06:46
Job ID:    3743167
User ID:   svittal8
Account:   gts-mqureshi4-rg
Job name:  wrap
Partition: cpu-small
QOS:       inferno
---------------------------------------
[VMEM] WARNING: physical memory size is smaller than virtual memory size.

*** ChampSim Multicore Out-of-Order Simulator ***
Warmup Instructions: 25000000
Simulation Instructions: 100000000
Number of CPUs: 8
Page size: 2097152

initializing BARD -- num sampled sets: 64, modulus = 256
CL :	 16.64 ns
CWL :	 15.808 ns
tRP :	 16.224 ns
tRCD :	 16.224 ns
tRAS :	 32.032000000000004 ns
tRTP :	 7.904 ns
tWR :	 30.368000000000002 ns

tCCD_S :	 3.3280000000000003 ns
tCCD_S_WR :	 3.3280000000000003 ns
tCCD_S_WTR :	 22.048000000000002 ns
tCCD_L :	 5.408 ns
tCCD_L_WR :	 20.384 ns
tCCD_L_WTR :	 29.536 ns
tRRD_S :	 3.3280000000000003 ns
tRRD_L :	 5.408 ns
tFAW :	 13.728 ns
Address mapping (perm = 1) 	ch co bg bg bg ba ba co co co co co co ro ro ro ro ro ro ro ro ro ro ro ro ro ro ro 
dram queue size: R = 64 W = 48 (low:high is 8:40)
num evicts: 0, p: 0, s: 0 	 max proactive lookup: 16, max shadow lookup: 16
	evict counters: 128 128 128 128 128 128 128 128 128 128 128 128 128 128 128 128
	eager counters: 128 128 128 128 128 128 128 128 128 128 128 128 128 128 128 128
num evicts: 100000, p: 1145, s: 7395 	 max proactive lookup: 16, max shadow lookup: 16
	evict counters: 128 128 128 128 128 128 128 128 128 128 128 128 128 128 128 128
	eager counters: 128 128 128 128 128 128 128 128 128 128 128 128 128 128 128 128
num evicts: 200000, p: 4026, s: 23387 	 max proactive lookup: 16, max shadow lookup: 16
	evict counters: 128 128 128 128 128 128 128 128 128 128 128 128 128 128 128 128
	eager counters: 128 128 128 128 128 128 128 128 128 128 128 128 128 128 128 128
num evicts: 300000, p: 6226, s: 41299 	 max proactive lookup: 16, max shadow lookup: 16
	evict counters: 128 128 128 128 128 128 128 128 128 128 128 128 128 128 128 128
	eager counters: 128 128 128 128 128 128 128 128 128 128 128 128 128 128 128 128
num evicts: 400000, p: 8083, s: 57335 	 max proactive lookup: 16, max shadow lookup: 16
	evict counters: 128 128 128 128 128 128 128 128 128 128 128 128 128 128 128 128
	eager counters: 128 128 128 128 128 128 128 128 128 128 128 128 128 128 128 128
num evicts: 500000, p: 9816, s: 75061 	 max proactive lookup: 16, max shadow lookup: 16
	evict counters: 128 128 128 128 128 128 128 128 128 128 128 128 128 128 128 128
	eager counters: 128 128 128 128 128 128 128 128 128 128 128 128 128 128 128 128
num evicts: 600000, p: 11637, s: 95487 	 max proactive lookup: 16, max shadow lookup: 16
	evict counters: 128 128 128 128 128 128 128 128 128 128 128 128 128 128 128 128
	eager counters: 128 128 128 128 128 128 128 128 128 128 128 128 128 128 128 128
num evicts: 700000, p: 13508, s: 113665 	 max proactive lookup: 16, max shadow lookup: 16
	evict counters: 128 128 128 128 128 128 128 128 128 128 128 128 128 128 128 128
	eager counters: 128 128 128 128 128 128 128 128 128 128 128 128 128 128 128 128
num evicts: 800000, p: 14889, s: 127925 	 max proactive lookup: 16, max shadow lookup: 16
	evict counters: 128 128 128 128 128 128 128 128 128 128 128 128 128 128 128 128
	eager counters: 128 128 128 128 128 128 128 128 128 128 128 128 128 128 128 128
num evicts: 900000, p: 16246, s: 140821 	 max proactive lookup: 16, max shadow lookup: 16
	evict counters: 128 128 128 128 128 128 128 128 128 128 128 128 128 128 128 128
	eager counters: 128 128 128 128 128 128 128 128 128 128 128 128 128 128 128 128
num evicts: 1000000, p: 17658, s: 155535 	 max proactive lookup: 16, max shadow lookup: 16
	evict counters: 128 128 128 128 128 128 128 128 128 128 128 128 128 128 128 128
	eager counters: 128 128 128 128 128 128 128 128 128 128 128 128 128 128 128 128
Heartbeat CPU 0 instructions: 10000001 cycles: 2555154 heartbeat IPC: 3.914 cumulative IPC: 3.914 (Simulation time: 00 hr 06 min 23 sec)
Heartbeat CPU 1 instructions: 10000000 cycles: 2555754 heartbeat IPC: 3.913 cumulative IPC: 3.913 (Simulation time: 00 hr 06 min 23 sec)
Heartbeat CPU 2 instructions: 10000003 cycles: 2556909 heartbeat IPC: 3.911 cumulative IPC: 3.911 (Simulation time: 00 hr 06 min 23 sec)
Heartbeat CPU 3 instructions: 10000002 cycles: 2557683 heartbeat IPC: 3.91 cumulative IPC: 3.91 (Simulation time: 00 hr 06 min 23 sec)
Heartbeat CPU 4 instructions: 10000001 cycles: 2558635 heartbeat IPC: 3.908 cumulative IPC: 3.908 (Simulation time: 00 hr 06 min 23 sec)
Heartbeat CPU 5 instructions: 10000000 cycles: 2559464 heartbeat IPC: 3.907 cumulative IPC: 3.907 (Simulation time: 00 hr 06 min 23 sec)
Heartbeat CPU 6 instructions: 10000002 cycles: 2560381 heartbeat IPC: 3.906 cumulative IPC: 3.906 (Simulation time: 00 hr 06 min 23 sec)
Heartbeat CPU 7 instructions: 10000002 cycles: 2560975 heartbeat IPC: 3.905 cumulative IPC: 3.905 (Simulation time: 00 hr 06 min 23 sec)
num evicts: 1100000, p: 19510, s: 173387 	 max proactive lookup: 16, max shadow lookup: 16
	evict counters: 128 128 128 128 128 128 128 128 128 128 128 128 128 128 128 128
	eager counters: 128 128 128 128 128 128 128 128 128 128 128 128 128 128 128 128
num evicts: 1200000, p: 21090, s: 190217 	 max proactive lookup: 16, max shadow lookup: 16
	evict counters: 128 128 128 128 128 128 128 128 128 128 128 128 128 128 128 128
	eager counters: 128 128 128 128 128 128 128 128 128 128 128 128 128 128 128 128
num evicts: 1300000, p: 22466, s: 206833 	 max proactive lookup: 16, max shadow lookup: 16
	evict counters: 128 128 128 128 128 128 128 128 128 128 128 128 128 128 128 128
	eager counters: 128 128 128 128 128 128 128 128 128 128 128 128 128 128 128 128
num evicts: 1400000, p: 23872, s: 222025 	 max proactive lookup: 16, max shadow lookup: 16
	evict counters: 128 128 128 128 128 128 128 128 128 128 128 128 128 128 128 128
	eager counters: 128 128 128 128 128 128 128 128 128 128 128 128 128 128 128 128
num evicts: 1500000, p: 25449, s: 240867 	 max proactive lookup: 16, max shadow lookup: 16
	evict counters: 128 128 128 128 128 128 128 128 128 128 128 128 128 128 128 128
	eager counters: 128 128 128 128 128 128 128 128 128 128 128 128 128 128 128 128
num evicts: 1600000, p: 27097, s: 261413 	 max proactive lookup: 16, max shadow lookup: 16
	evict counters: 128 128 128 128 128 128 128 128 128 128 128 128 128 128 128 128
	eager counters: 128 128 128 128 128 128 128 128 128 128 128 128 128 128 128 128
num evicts: 1700000, p: 28732, s: 275049 	 max proactive lookup: 16, max shadow lookup: 16
	evict counters: 128 128 128 128 128 128 128 128 128 128 128 128 128 128 128 128
	eager counters: 128 128 128 128 128 128 128 128 128 128 128 128 128 128 128 128
num evicts: 1800000, p: 30434, s: 299398 	 max proactive lookup: 16, max shadow lookup: 16
	evict counters: 128 128 128 128 128 128 128 128 128 128 128 128 128 128 128 128
	eager counters: 128 128 128 128 128 128 128 128 128 128 128 128 128 128 128 128
num evicts: 1900000, p: 50879, s: 310610 	 max proactive lookup: 16, max shadow lookup: 16
	evict counters: 128 128 128 128 128 128 128 128 128 128 128 128 128 128 128 128
	eager counters: 128 128 128 128 128 128 128 128 128 128 128 128 128 128 128 128
num evicts: 2000000, p: 85875, s: 310832 	 max proactive lookup: 16, max shadow lookup: 16
	evict counters: 128 128 128 128 128 128 128 128 128 128 128 128 128 128 128 128
	eager counters: 128 128 128 128 128 128 128 128 128 128 128 128 128 128 128 128
num evicts: 2100000, p: 116929, s: 310838 	 max proactive lookup: 16, max shadow lookup: 16
	evict counters: 128 128 128 128 128 128 128 128 128 128 128 128 128 128 128 128
	eager counters: 128 128 128 128 128 128 128 128 128 128 128 128 128 128 128 128
num evicts: 2200000, p: 146148, s: 311075 	 max proactive lookup: 16, max shadow lookup: 16
	evict counters: 128 128 128 128 128 128 128 128 128 128 128 128 128 128 128 128
	eager counters: 128 128 128 128 128 128 128 128 128 128 128 128 128 128 128 128
num evicts: 2300000, p: 176559, s: 311189 	 max proactive lookup: 16, max shadow lookup: 16
	evict counters: 128 128 128 128 128 128 128 128 128 128 128 128 128 128 128 128
	eager counters: 128 128 128 128 128 128 128 128 128 128 128 128 128 128 128 128
Heartbeat CPU 0 instructions: 20000001 cycles: 5093293 heartbeat IPC: 3.94 cumulative IPC: 3.927 (Simulation time: 00 hr 13 min 07 sec)
Heartbeat CPU 1 instructions: 20000001 cycles: 5094327 heartbeat IPC: 3.939 cumulative IPC: 3.926 (Simulation time: 00 hr 13 min 07 sec)
Heartbeat CPU 2 instructions: 20000006 cycles: 5094872 heartbeat IPC: 3.94 cumulative IPC: 3.926 (Simulation time: 00 hr 13 min 07 sec)
Heartbeat CPU 3 instructions: 20000006 cycles: 5095698 heartbeat IPC: 3.94 cumulative IPC: 3.925 (Simulation time: 00 hr 13 min 07 sec)
Heartbeat CPU 4 instructions: 20000001 cycles: 5097153 heartbeat IPC: 3.939 cumulative IPC: 3.924 (Simulation time: 00 hr 13 min 08 sec)
Heartbeat CPU 5 instructions: 20000001 cycles: 5098339 heartbeat IPC: 3.939 cumulative IPC: 3.923 (Simulation time: 00 hr 13 min 08 sec)
Heartbeat CPU 6 instructions: 20000006 cycles: 5098459 heartbeat IPC: 3.94 cumulative IPC: 3.923 (Simulation time: 00 hr 13 min 08 sec)
Heartbeat CPU 7 instructions: 20000006 cycles: 5099805 heartbeat IPC: 3.939 cumulative IPC: 3.922 (Simulation time: 00 hr 13 min 08 sec)
num evicts: 2400000, p: 205396, s: 311276 	 max proactive lookup: 16, max shadow lookup: 16
	evict counters: 128 128 128 128 128 128 128 128 128 128 128 128 128 128 128 128
	eager counters: 128 128 128 128 128 128 128 128 128 128 128 128 128 128 128 128
num evicts: 2500000, p: 235128, s: 311552 	 max proactive lookup: 16, max shadow lookup: 16
	evict counters: 128 128 128 128 128 128 128 128 128 128 128 128 128 128 128 128
	eager counters: 128 128 128 128 128 128 128 128 128 128 128 128 128 128 128 128
num evicts: 2600000, p: 265939, s: 311559 	 max proactive lookup: 16, max shadow lookup: 16
	evict counters: 128 128 128 128 128 128 128 128 128 128 128 128 128 128 128 128
	eager counters: 128 128 128 128 128 128 128 128 128 128 128 128 128 128 128 128
num evicts: 2700000, p: 296363, s: 311671 	 max proactive lookup: 16, max shadow lookup: 16
	evict counters: 128 128 128 128 128 128 128 128 128 128 128 128 128 128 128 128
	eager counters: 128 128 128 128 128 128 128 128 128 128 128 128 128 128 128 128
num evicts: 2800000, p: 327320, s: 311911 	 max proactive lookup: 16, max shadow lookup: 16
	evict counters: 128 128 128 128 128 128 128 128 128 128 128 128 128 128 128 128
	eager counters: 128 128 128 128 128 128 128 128 128 128 128 128 128 128 128 128
num evicts: 2900000, p: 358332, s: 311919 	 max proactive lookup: 16, max shadow lookup: 16
	evict counters: 128 128 128 128 128 128 128 128 128 128 128 128 128 128 128 128
	eager counters: 128 128 128 128 128 128 128 128 128 128 128 128 128 128 128 128
Warmup finished CPU 0 instructions: 25000002 cycles: 6377401 cumulative IPC: 3.92 (Simulation time: 00 hr 16 min 42 sec)
Warmup finished CPU 1 instructions: 25000002 cycles: 6378387 cumulative IPC: 3.919 (Simulation time: 00 hr 16 min 42 sec)
Warmup finished CPU 2 instructions: 25000002 cycles: 6378893 cumulative IPC: 3.919 (Simulation time: 00 hr 16 min 42 sec)
Warmup finished CPU 3 instructions: 25000002 cycles: 6379782 cumulative IPC: 3.919 (Simulation time: 00 hr 16 min 42 sec)
Warmup finished CPU 4 instructions: 25000002 cycles: 6381238 cumulative IPC: 3.918 (Simulation time: 00 hr 16 min 43 sec)
Warmup finished CPU 5 instructions: 25000002 cycles: 6382439 cumulative IPC: 3.917 (Simulation time: 00 hr 16 min 43 sec)
Warmup finished CPU 6 instructions: 25000002 cycles: 6382543 cumulative IPC: 3.917 (Simulation time: 00 hr 16 min 43 sec)
Warmup finished CPU 7 instructions: 25000002 cycles: 6383872 cumulative IPC: 3.916 (Simulation time: 00 hr 16 min 43 sec)
Warmup complete CPU 7 instructions: 25000002 cycles: 6383872 cumulative IPC: 3.916 (Simulation time: 00 hr 16 min 43 sec)
Warmup complete CPU 6 instructions: 25005131 cycles: 6383872 cumulative IPC: 3.917 (Simulation time: 00 hr 16 min 43 sec)
Warmup complete CPU 5 instructions: 25005543 cycles: 6383872 cumulative IPC: 3.917 (Simulation time: 00 hr 16 min 43 sec)
Warmup complete CPU 4 instructions: 25010208 cycles: 6383872 cumulative IPC: 3.918 (Simulation time: 00 hr 16 min 43 sec)
Warmup complete CPU 3 instructions: 25016069 cycles: 6383872 cumulative IPC: 3.919 (Simulation time: 00 hr 16 min 43 sec)
Warmup complete CPU 2 instructions: 25019538 cycles: 6383872 cumulative IPC: 3.919 (Simulation time: 00 hr 16 min 43 sec)
Warmup complete CPU 1 instructions: 25021440 cycles: 6383872 cumulative IPC: 3.919 (Simulation time: 00 hr 16 min 43 sec)
Warmup complete CPU 0 instructions: 25025284 cycles: 6383872 cumulative IPC: 3.92 (Simulation time: 00 hr 16 min 43 sec)
num evicts: 3000000, p: 389038, s: 312149 	 max proactive lookup: 16, max shadow lookup: 16
	evict counters: 128 128 128 128 128 128 128 128 128 128 128 128 128 128 128 128
	eager counters: 128 128 128 128 128 128 128 128 128 128 128 128 128 128 128 128
num evicts: 3100000, p: 422150, s: 312266 	 max proactive lookup: 16, max shadow lookup: 16
	evict counters: 128 128 128 128 128 128 128 128 128 128 128 128 128 128 128 128
	eager counters: 128 128 128 128 128 128 128 128 128 128 128 128 128 128 128 128
num evicts: 3200000, p: 452679, s: 312347 	 max proactive lookup: 16, max shadow lookup: 16
	evict counters: 128 128 128 128 128 128 128 128 128 128 128 128 128 128 128 128
	eager counters: 128 128 128 128 128 128 128 128 128 128 128 128 128 128 128 128
num evicts: 3300000, p: 482643, s: 312601 	 max proactive lookup: 16, max shadow lookup: 16
	evict counters: 128 128 128 128 128 128 128 128 128 128 128 128 128 128 128 128
	eager counters: 128 128 128 128 128 128 128 128 128 128 128 128 128 128 128 128
num evicts: 3400000, p: 513647, s: 312604 	 max proactive lookup: 16, max shadow lookup: 16
	evict counters: 128 128 128 128 128 128 128 128 128 128 128 128 128 128 128 128
	eager counters: 128 128 128 128 128 128 128 128 128 128 128 128 128 128 128 128
num evicts: 3500000, p: 544102, s: 312742 	 max proactive lookup: 16, max shadow lookup: 16
	evict counters: 128 128 128 128 128 128 128 128 128 128 128 128 128 128 128 128
	eager counters: 128 128 128 128 128 128 128 128 128 128 128 128 128 128 128 128
num evicts: 3600000, p: 575266, s: 312978 	 max proactive lookup: 16, max shadow lookup: 16
	evict counters: 128 128 128 128 128 128 128 128 128 128 128 128 128 128 128 128
	eager counters: 128 128 128 128 128 128 128 128 128 128 128 128 128 128 128 128
Heartbeat CPU 3 instructions: 30000010 cycles: 21829527 heartbeat IPC: 0.5976 cumulative IPC: 0.3227 (Simulation time: 00 hr 32 min 46 sec)
Heartbeat CPU 1 instructions: 30000005 cycles: 21855934 heartbeat IPC: 0.5966 cumulative IPC: 0.3218 (Simulation time: 00 hr 32 min 48 sec)
Heartbeat CPU 0 instructions: 30000005 cycles: 21874108 heartbeat IPC: 0.5959 cumulative IPC: 0.3212 (Simulation time: 00 hr 32 min 49 sec)
Heartbeat CPU 4 instructions: 30000005 cycles: 21958017 heartbeat IPC: 0.5931 cumulative IPC: 0.3204 (Simulation time: 00 hr 32 min 54 sec)
Heartbeat CPU 6 instructions: 30000010 cycles: 22012515 heartbeat IPC: 0.5912 cumulative IPC: 0.3196 (Simulation time: 00 hr 32 min 57 sec)
Heartbeat CPU 7 instructions: 30000010 cycles: 22035479 heartbeat IPC: 0.5905 cumulative IPC: 0.3195 (Simulation time: 00 hr 32 min 58 sec)
Heartbeat CPU 5 instructions: 30000005 cycles: 22068636 heartbeat IPC: 0.5893 cumulative IPC: 0.3184 (Simulation time: 00 hr 33 min 00 sec)
Heartbeat CPU 2 instructions: 30000010 cycles: 22119902 heartbeat IPC: 0.5874 cumulative IPC: 0.3165 (Simulation time: 00 hr 33 min 04 sec)
num evicts: 3700000, p: 606777, s: 312980 	 max proactive lookup: 16, max shadow lookup: 16
	evict counters: 128 128 128 128 128 128 128 128 128 128 128 128 128 128 128 128
	eager counters: 128 128 128 128 128 128 128 128 128 128 128 128 128 128 128 128
num evicts: 3800000, p: 637851, s: 313266 	 max proactive lookup: 16, max shadow lookup: 16
	evict counters: 128 128 128 128 128 128 128 128 128 128 128 128 128 128 128 128
	eager counters: 128 128 128 128 128 128 128 128 128 128 128 128 128 128 128 128
num evicts: 3900000, p: 669240, s: 313350 	 max proactive lookup: 16, max shadow lookup: 16
	evict counters: 128 128 128 128 128 128 128 128 128 128 128 128 128 128 128 128
	eager counters: 128 128 128 128 128 128 128 128 128 128 128 128 128 128 128 128
num evicts: 4000000, p: 700125, s: 313457 	 max proactive lookup: 16, max shadow lookup: 16
	evict counters: 128 128 128 128 128 128 128 128 128 128 128 128 128 128 128 128
	eager counters: 128 128 128 128 128 128 128 128 128 128 128 128 128 128 128 128
num evicts: 4100000, p: 730432, s: 313720 	 max proactive lookup: 16, max shadow lookup: 16
	evict counters: 128 128 128 128 128 128 128 128 128 128 128 128 128 128 128 128
	eager counters: 128 128 128 128 128 128 128 128 128 128 128 128 128 128 128 128
num evicts: 4200000, p: 761607, s: 313724 	 max proactive lookup: 16, max shadow lookup: 16
	evict counters: 128 128 128 128 128 128 128 128 128 128 128 128 128 128 128 128
	eager counters: 128 128 128 128 128 128 128 128 128 128 128 128 128 128 128 128
num evicts: 4300000, p: 792108, s: 313894 	 max proactive lookup: 16, max shadow lookup: 16
	evict counters: 128 128 128 128 128 128 128 128 128 128 128 128 128 128 128 128
	eager counters: 128 128 128 128 128 128 128 128 128 128 128 128 128 128 128 128
num evicts: 4400000, p: 822502, s: 314090 	 max proactive lookup: 16, max shadow lookup: 16
	evict counters: 128 128 128 128 128 128 128 128 128 128 128 128 128 128 128 128
	eager counters: 128 128 128 128 128 128 128 128 128 128 128 128 128 128 128 128
num evicts: 4500000, p: 853230, s: 314099 	 max proactive lookup: 16, max shadow lookup: 16
	evict counters: 128 128 128 128 128 128 128 128 128 128 128 128 128 128 128 128
	eager counters: 128 128 128 128 128 128 128 128 128 128 128 128 128 128 128 128
num evicts: 4600000, p: 883730, s: 314443 	 max proactive lookup: 16, max shadow lookup: 16
	evict counters: 128 128 128 128 128 128 128 128 128 128 128 128 128 128 128 128
	eager counters: 128 128 128 128 128 128 128 128 128 128 128 128 128 128 128 128
num evicts: 4700000, p: 916062, s: 314514 	 max proactive lookup: 16, max shadow lookup: 16
	evict counters: 128 128 128 128 128 128 128 128 128 128 128 128 128 128 128 128
	eager counters: 128 128 128 128 128 128 128 128 128 128 128 128 128 128 128 128
num evicts: 4800000, p: 949818, s: 314621 	 max proactive lookup: 16, max shadow lookup: 16
	evict counters: 128 128 128 128 128 128 128 128 128 128 128 128 128 128 128 128
	eager counters: 128 128 128 128 128 128 128 128 128 128 128 128 128 128 128 128
num evicts: 4900000, p: 983998, s: 314880 	 max proactive lookup: 16, max shadow lookup: 16
	evict counters: 128 128 128 128 128 128 128 128 128 128 128 128 128 128 128 128
	eager counters: 128 128 128 128 128 128 128 128 128 128 128 128 128 128 128 128
Heartbeat CPU 3 instructions: 40000012 cycles: 53029029 heartbeat IPC: 0.3205 cumulative IPC: 0.3212 (Simulation time: 01 hr 04 min 27 sec)
Heartbeat CPU 0 instructions: 40000007 cycles: 53096997 heartbeat IPC: 0.3203 cumulative IPC: 0.3206 (Simulation time: 01 hr 04 min 31 sec)
Heartbeat CPU 1 instructions: 40000007 cycles: 53105006 heartbeat IPC: 0.32 cumulative IPC: 0.3206 (Simulation time: 01 hr 04 min 32 sec)
Heartbeat CPU 4 instructions: 40000007 cycles: 53161401 heartbeat IPC: 0.3205 cumulative IPC: 0.3204 (Simulation time: 01 hr 04 min 35 sec)
Heartbeat CPU 6 instructions: 40000012 cycles: 53293944 heartbeat IPC: 0.3197 cumulative IPC: 0.3197 (Simulation time: 01 hr 04 min 43 sec)
Heartbeat CPU 7 instructions: 40000012 cycles: 53328392 heartbeat IPC: 0.3196 cumulative IPC: 0.3195 (Simulation time: 01 hr 04 min 45 sec)
Heartbeat CPU 2 instructions: 40000012 cycles: 53349610 heartbeat IPC: 0.3202 cumulative IPC: 0.319 (Simulation time: 01 hr 04 min 47 sec)
Heartbeat CPU 5 instructions: 40000007 cycles: 53400074 heartbeat IPC: 0.3192 cumulative IPC: 0.3189 (Simulation time: 01 hr 04 min 50 sec)
num evicts: 5000000, p: 1018401, s: 314881 	 max proactive lookup: 16, max shadow lookup: 16
	evict counters: 128 128 128 128 128 128 128 128 128 128 128 128 128 128 128 128
	eager counters: 128 128 128 128 128 128 128 128 128 128 128 128 128 128 128 128
num evicts: 5100000, p: 1051544, s: 315040 	 max proactive lookup: 16, max shadow lookup: 16
	evict counters: 128 128 128 128 128 128 128 128 128 128 128 128 128 128 128 128
	eager counters: 128 128 128 128 128 128 128 128 128 128 128 128 128 128 128 128
num evicts: 5200000, p: 1085517, s: 315236 	 max proactive lookup: 16, max shadow lookup: 16
	evict counters: 128 128 128 128 128 128 128 128 128 128 128 128 128 128 128 128
	eager counters: 128 128 128 128 128 128 128 128 128 128 128 128 128 128 128 128
num evicts: 5300000, p: 1116337, s: 315236 	 max proactive lookup: 16, max shadow lookup: 16
	evict counters: 128 128 128 128 128 128 128 128 128 128 128 128 128 128 128 128
	eager counters: 128 128 128 128 128 128 128 128 128 128 128 128 128 128 128 128
num evicts: 5400000, p: 1146184, s: 315603 	 max proactive lookup: 16, max shadow lookup: 16
	evict counters: 128 128 128 128 128 128 128 128 128 128 128 128 128 128 128 128
	eager counters: 128 128 128 128 128 128 128 128 128 128 128 128 128 128 128 128
num evicts: 5500000, p: 1176018, s: 315619 	 max proactive lookup: 16, max shadow lookup: 16
	evict counters: 128 128 128 128 128 128 128 128 128 128 128 128 128 128 128 128
	eager counters: 128 128 128 128 128 128 128 128 128 128 128 128 128 128 128 128
num evicts: 5600000, p: 1205645, s: 315761 	 max proactive lookup: 16, max shadow lookup: 16
	evict counters: 128 128 128 128 128 128 128 128 128 128 128 128 128 128 128 128
	eager counters: 128 128 128 128 128 128 128 128 128 128 128 128 128 128 128 128
num evicts: 5700000, p: 1235239, s: 316004 	 max proactive lookup: 16, max shadow lookup: 16
	evict counters: 128 128 128 128 128 128 128 128 128 128 128 128 128 128 128 128
	eager counters: 128 128 128 128 128 128 128 128 128 128 128 128 128 128 128 128
num evicts: 5800000, p: 1268001, s: 316005 	 max proactive lookup: 16, max shadow lookup: 16
	evict counters: 128 128 128 128 128 128 128 128 128 128 128 128 128 128 128 128
	eager counters: 128 128 128 128 128 128 128 128 128 128 128 128 128 128 128 128
num evicts: 5900000, p: 1298881, s: 316228 	 max proactive lookup: 16, max shadow lookup: 16
	evict counters: 128 128 128 128 128 128 128 128 128 128 128 128 128 128 128 128
	eager counters: 128 128 128 128 128 128 128 128 128 128 128 128 128 128 128 128
num evicts: 6000000, p: 1330896, s: 316397 	 max proactive lookup: 16, max shadow lookup: 16
	evict counters: 128 128 128 128 128 128 128 128 128 128 128 128 128 128 128 128
	eager counters: 128 128 128 128 128 128 128 128 128 128 128 128 128 128 128 128
num evicts: 6100000, p: 1363657, s: 316432 	 max proactive lookup: 16, max shadow lookup: 16
	evict counters: 128 128 128 128 128 128 128 128 128 128 128 128 128 128 128 128
	eager counters: 128 128 128 128 128 128 128 128 128 128 128 128 128 128 128 128
Heartbeat CPU 3 instructions: 50000014 cycles: 84307428 heartbeat IPC: 0.3197 cumulative IPC: 0.3206 (Simulation time: 01 hr 36 min 07 sec)
Heartbeat CPU 0 instructions: 50000009 cycles: 84309391 heartbeat IPC: 0.3204 cumulative IPC: 0.3205 (Simulation time: 01 hr 36 min 07 sec)
Heartbeat CPU 1 instructions: 50000009 cycles: 84402082 heartbeat IPC: 0.3195 cumulative IPC: 0.3202 (Simulation time: 01 hr 36 min 13 sec)
Heartbeat CPU 4 instructions: 50000009 cycles: 84435393 heartbeat IPC: 0.3198 cumulative IPC: 0.3202 (Simulation time: 01 hr 36 min 15 sec)
Heartbeat CPU 2 instructions: 50000014 cycles: 84539899 heartbeat IPC: 0.3206 cumulative IPC: 0.3196 (Simulation time: 01 hr 36 min 21 sec)
Heartbeat CPU 7 instructions: 50000014 cycles: 84550907 heartbeat IPC: 0.3203 cumulative IPC: 0.3198 (Simulation time: 01 hr 36 min 22 sec)
num evicts: 6200000, p: 1395095, s: 316766 	 max proactive lookup: 16, max shadow lookup: 16
	evict counters: 128 128 128 128 128 128 128 128 128 128 128 128 128 128 128 128
	eager counters: 128 128 128 128 128 128 128 128 128 128 128 128 128 128 128 128
Heartbeat CPU 5 instructions: 50000009 cycles: 84800447 heartbeat IPC: 0.3185 cumulative IPC: 0.3187 (Simulation time: 01 hr 36 min 37 sec)
Heartbeat CPU 6 instructions: 50000014 cycles: 84809531 heartbeat IPC: 0.3173 cumulative IPC: 0.3187 (Simulation time: 01 hr 36 min 37 sec)
num evicts: 6300000, p: 1428087, s: 316794 	 max proactive lookup: 16, max shadow lookup: 16
	evict counters: 128 128 128 128 128 128 128 128 128 128 128 128 128 128 128 128
	eager counters: 128 128 128 128 128 128 128 128 128 128 128 128 128 128 128 128
num evicts: 6400000, p: 1461211, s: 316935 	 max proactive lookup: 16, max shadow lookup: 16
	evict counters: 128 128 128 128 128 128 128 128 128 128 128 128 128 128 128 128
	eager counters: 128 128 128 128 128 128 128 128 128 128 128 128 128 128 128 128
num evicts: 6500000, p: 1494503, s: 317188 	 max proactive lookup: 16, max shadow lookup: 16
	evict counters: 128 128 128 128 128 128 128 128 128 128 128 128 128 128 128 128
	eager counters: 128 128 128 128 128 128 128 128 128 128 128 128 128 128 128 128
num evicts: 6600000, p: 1527734, s: 317191 	 max proactive lookup: 16, max shadow lookup: 16
	evict counters: 128 128 128 128 128 128 128 128 128 128 128 128 128 128 128 128
	eager counters: 128 128 128 128 128 128 128 128 128 128 128 128 128 128 128 128
num evicts: 6700000, p: 1561695, s: 317430 	 max proactive lookup: 16, max shadow lookup: 16
	evict counters: 128 128 128 128 128 128 128 128 128 128 128 128 128 128 128 128
	eager counters: 128 128 128 128 128 128 128 128 128 128 128 128 128 128 128 128
num evicts: 6800000, p: 1594401, s: 317584 	 max proactive lookup: 16, max shadow lookup: 16
	evict counters: 128 128 128 128 128 128 128 128 128 128 128 128 128 128 128 128
	eager counters: 128 128 128 128 128 128 128 128 128 128 128 128 128 128 128 128
num evicts: 6900000, p: 1625605, s: 317653 	 max proactive lookup: 16, max shadow lookup: 16
	evict counters: 128 128 128 128 128 128 128 128 128 128 128 128 128 128 128 128
	eager counters: 128 128 128 128 128 128 128 128 128 128 128 128 128 128 128 128
num evicts: 7000000, p: 1656343, s: 317978 	 max proactive lookup: 16, max shadow lookup: 16
	evict counters: 128 128 128 128 128 128 128 128 128 128 128 128 128 128 128 128
	eager counters: 128 128 128 128 128 128 128 128 128 128 128 128 128 128 128 128
num evicts: 7100000, p: 1688498, s: 317978 	 max proactive lookup: 16, max shadow lookup: 16
	evict counters: 128 128 128 128 128 128 128 128 128 128 128 128 128 128 128 128
	eager counters: 128 128 128 128 128 128 128 128 128 128 128 128 128 128 128 128
num evicts: 7200000, p: 1719388, s: 318121 	 max proactive lookup: 16, max shadow lookup: 16
	evict counters: 128 128 128 128 128 128 128 128 128 128 128 128 128 128 128 128
	eager counters: 128 128 128 128 128 128 128 128 128 128 128 128 128 128 128 128
num evicts: 7300000, p: 1751217, s: 318400 	 max proactive lookup: 16, max shadow lookup: 16
	evict counters: 128 128 128 128 128 128 128 128 128 128 128 128 128 128 128 128
	eager counters: 128 128 128 128 128 128 128 128 128 128 128 128 128 128 128 128
num evicts: 7400000, p: 1781161, s: 318401 	 max proactive lookup: 16, max shadow lookup: 16
	evict counters: 128 128 128 128 128 128 128 128 128 128 128 128 128 128 128 128
	eager counters: 128 128 128 128 128 128 128 128 128 128 128 128 128 128 128 128
Heartbeat CPU 3 instructions: 60000018 cycles: 115339374 heartbeat IPC: 0.3222 cumulative IPC: 0.3211 (Simulation time: 02 hr 07 min 38 sec)
Heartbeat CPU 0 instructions: 60000013 cycles: 115555335 heartbeat IPC: 0.32 cumulative IPC: 0.3204 (Simulation time: 02 hr 07 min 51 sec)
Heartbeat CPU 1 instructions: 60000013 cycles: 115609452 heartbeat IPC: 0.3204 cumulative IPC: 0.3202 (Simulation time: 02 hr 07 min 54 sec)
Heartbeat CPU 2 instructions: 60000014 cycles: 115612972 heartbeat IPC: 0.3218 cumulative IPC: 0.3202 (Simulation time: 02 hr 07 min 55 sec)
Heartbeat CPU 4 instructions: 60000013 cycles: 115621017 heartbeat IPC: 0.3207 cumulative IPC: 0.3203 (Simulation time: 02 hr 07 min 55 sec)
Heartbeat CPU 7 instructions: 60000018 cycles: 115661276 heartbeat IPC: 0.3214 cumulative IPC: 0.3203 (Simulation time: 02 hr 07 min 58 sec)
Heartbeat CPU 5 instructions: 60000013 cycles: 115890958 heartbeat IPC: 0.3216 cumulative IPC: 0.3196 (Simulation time: 02 hr 08 min 12 sec)
Heartbeat CPU 6 instructions: 60000014 cycles: 115978928 heartbeat IPC: 0.3208 cumulative IPC: 0.3193 (Simulation time: 02 hr 08 min 17 sec)
num evicts: 7500000, p: 1810794, s: 318654 	 max proactive lookup: 16, max shadow lookup: 16
	evict counters: 128 128 128 128 128 128 128 128 128 128 128 128 128 128 128 128
	eager counters: 128 128 128 128 128 128 128 128 128 128 128 128 128 128 128 128
num evicts: 7600000, p: 1840758, s: 318795 	 max proactive lookup: 16, max shadow lookup: 16
	evict counters: 128 128 128 128 128 128 128 128 128 128 128 128 128 128 128 128
	eager counters: 128 128 128 128 128 128 128 128 128 128 128 128 128 128 128 128
num evicts: 7700000, p: 1870123, s: 318870 	 max proactive lookup: 16, max shadow lookup: 16
	evict counters: 128 128 128 128 128 128 128 128 128 128 128 128 128 128 128 128
	eager counters: 128 128 128 128 128 128 128 128 128 128 128 128 128 128 128 128
num evicts: 7800000, p: 1900506, s: 319173 	 max proactive lookup: 16, max shadow lookup: 16
	evict counters: 128 128 128 128 128 128 128 128 128 128 128 128 128 128 128 128
	eager counters: 128 128 128 128 128 128 128 128 128 128 128 128 128 128 128 128
num evicts: 7900000, p: 1931814, s: 319175 	 max proactive lookup: 16, max shadow lookup: 16
	evict counters: 128 128 128 128 128 128 128 128 128 128 128 128 128 128 128 128
	eager counters: 128 128 128 128 128 128 128 128 128 128 128 128 128 128 128 128
num evicts: 8000000, p: 1962558, s: 319338 	 max proactive lookup: 16, max shadow lookup: 16
	evict counters: 128 128 128 128 128 128 128 128 128 128 128 128 128 128 128 128
	eager counters: 128 128 128 128 128 128 128 128 128 128 128 128 128 128 128 128
num evicts: 8100000, p: 1992864, s: 319608 	 max proactive lookup: 16, max shadow lookup: 16
	evict counters: 128 128 128 128 128 128 128 128 128 128 128 128 128 128 128 128
	eager counters: 128 128 128 128 128 128 128 128 128 128 128 128 128 128 128 128
num evicts: 8200000, p: 2023546, s: 319608 	 max proactive lookup: 16, max shadow lookup: 16
	evict counters: 128 128 128 128 128 128 128 128 128 128 128 128 128 128 128 128
	eager counters: 128 128 128 128 128 128 128 128 128 128 128 128 128 128 128 128
num evicts: 8300000, p: 2053689, s: 319909 	 max proactive lookup: 16, max shadow lookup: 16
	evict counters: 128 128 128 128 128 128 128 128 128 128 128 128 128 128 128 128
	eager counters: 128 128 128 128 128 128 128 128 128 128 128 128 128 128 128 128
num evicts: 8400000, p: 2086513, s: 320005 	 max proactive lookup: 16, max shadow lookup: 16
	evict counters: 128 128 128 128 128 128 128 128 128 128 128 128 128 128 128 128
	eager counters: 128 128 128 128 128 128 128 128 128 128 128 128 128 128 128 128
num evicts: 8500000, p: 2119986, s: 320113 	 max proactive lookup: 16, max shadow lookup: 16
	evict counters: 128 128 128 128 128 128 128 128 128 128 128 128 128 128 128 128
	eager counters: 128 128 128 128 128 128 128 128 128 128 128 128 128 128 128 128
num evicts: 8600000, p: 2153211, s: 320398 	 max proactive lookup: 16, max shadow lookup: 16
	evict counters: 128 128 128 128 128 128 128 128 128 128 128 128 128 128 128 128
	eager counters: 128 128 128 128 128 128 128 128 128 128 128 128 128 128 128 128
num evicts: 8700000, p: 2186837, s: 320403 	 max proactive lookup: 16, max shadow lookup: 16
	evict counters: 128 128 128 128 128 128 128 128 128 128 128 128 128 128 128 128
	eager counters: 128 128 128 128 128 128 128 128 128 128 128 128 128 128 128 128
Heartbeat CPU 3 instructions: 70000020 cycles: 146677201 heartbeat IPC: 0.3191 cumulative IPC: 0.3206 (Simulation time: 02 hr 39 min 22 sec)
Heartbeat CPU 0 instructions: 70000015 cycles: 146709021 heartbeat IPC: 0.321 cumulative IPC: 0.3205 (Simulation time: 02 hr 39 min 24 sec)
Heartbeat CPU 7 instructions: 70000020 cycles: 146912950 heartbeat IPC: 0.32 cumulative IPC: 0.3202 (Simulation time: 02 hr 39 min 37 sec)
Heartbeat CPU 4 instructions: 70000015 cycles: 146932499 heartbeat IPC: 0.3194 cumulative IPC: 0.3201 (Simulation time: 02 hr 39 min 38 sec)
Heartbeat CPU 1 instructions: 70000015 cycles: 146992920 heartbeat IPC: 0.3186 cumulative IPC: 0.3199 (Simulation time: 02 hr 39 min 41 sec)
Heartbeat CPU 2 instructions: 70000015 cycles: 147026968 heartbeat IPC: 0.3183 cumulative IPC: 0.3198 (Simulation time: 02 hr 39 min 43 sec)
Heartbeat CPU 5 instructions: 70000015 cycles: 147112805 heartbeat IPC: 0.3203 cumulative IPC: 0.3197 (Simulation time: 02 hr 39 min 49 sec)
Heartbeat CPU 6 instructions: 70000015 cycles: 147430188 heartbeat IPC: 0.318 cumulative IPC: 0.319 (Simulation time: 02 hr 40 min 08 sec)
num evicts: 8800000, p: 2219764, s: 320588 	 max proactive lookup: 16, max shadow lookup: 16
	evict counters: 128 128 128 128 128 128 128 128 128 128 128 128 128 128 128 128
	eager counters: 128 128 128 128 128 128 128 128 128 128 128 128 128 128 128 128
num evicts: 8900000, p: 2253324, s: 320868 	 max proactive lookup: 16, max shadow lookup: 16
	evict counters: 128 128 128 128 128 128 128 128 128 128 128 128 128 128 128 128
	eager counters: 128 128 128 128 128 128 128 128 128 128 128 128 128 128 128 128
num evicts: 9000000, p: 2283806, s: 320868 	 max proactive lookup: 16, max shadow lookup: 16
	evict counters: 128 128 128 128 128 128 128 128 128 128 128 128 128 128 128 128
	eager counters: 128 128 128 128 128 128 128 128 128 128 128 128 128 128 128 128
num evicts: 9100000, p: 2313771, s: 321191 	 max proactive lookup: 16, max shadow lookup: 16
	evict counters: 128 128 128 128 128 128 128 128 128 128 128 128 128 128 128 128
	eager counters: 128 128 128 128 128 128 128 128 128 128 128 128 128 128 128 128
num evicts: 9200000, p: 2344808, s: 321295 	 max proactive lookup: 16, max shadow lookup: 16
	evict counters: 128 128 128 128 128 128 128 128 128 128 128 128 128 128 128 128
	eager counters: 128 128 128 128 128 128 128 128 128 128 128 128 128 128 128 128
num evicts: 9300000, p: 2375250, s: 321405 	 max proactive lookup: 16, max shadow lookup: 16
	evict counters: 128 128 128 128 128 128 128 128 128 128 128 128 128 128 128 128
	eager counters: 128 128 128 128 128 128 128 128 128 128 128 128 128 128 128 128
num evicts: 9400000, p: 2405923, s: 321720 	 max proactive lookup: 16, max shadow lookup: 16
	evict counters: 128 128 128 128 128 128 128 128 128 128 128 128 128 128 128 128
	eager counters: 128 128 128 128 128 128 128 128 128 128 128 128 128 128 128 128
num evicts: 9500000, p: 2439487, s: 321721 	 max proactive lookup: 16, max shadow lookup: 16
	evict counters: 128 128 128 128 128 128 128 128 128 128 128 128 128 128 128 128
	eager counters: 128 128 128 128 128 128 128 128 128 128 128 128 128 128 128 128
num evicts: 9600000, p: 2473299, s: 321921 	 max proactive lookup: 16, max shadow lookup: 16
	evict counters: 128 128 128 128 128 128 128 128 128 128 128 128 128 128 128 128
	eager counters: 128 128 128 128 128 128 128 128 128 128 128 128 128 128 128 128
num evicts: 9700000, p: 2507241, s: 322167 	 max proactive lookup: 16, max shadow lookup: 16
	evict counters: 128 128 128 128 128 128 128 128 128 128 128 128 128 128 128 128
	eager counters: 128 128 128 128 128 128 128 128 128 128 128 128 128 128 128 128
num evicts: 9800000, p: 2540831, s: 322180 	 max proactive lookup: 16, max shadow lookup: 16
	evict counters: 128 128 128 128 128 128 128 128 128 128 128 128 128 128 128 128
	eager counters: 128 128 128 128 128 128 128 128 128 128 128 128 128 128 128 128
num evicts: 9900000, p: 2574361, s: 322531 	 max proactive lookup: 16, max shadow lookup: 16
	evict counters: 128 128 128 128 128 128 128 128 128 128 128 128 128 128 128 128
	eager counters: 128 128 128 128 128 128 128 128 128 128 128 128 128 128 128 128
num evicts: 10000000, p: 2607715, s: 322574 	 max proactive lookup: 16, max shadow lookup: 16
	evict counters: 128 128 128 128 128 128 128 128 128 128 128 128 128 128 128 128
	eager counters: 128 128 128 128 128 128 128 128 128 128 128 128 128 128 128 128
Heartbeat CPU 3 instructions: 80000022 cycles: 177713684 heartbeat IPC: 0.3222 cumulative IPC: 0.3209 (Simulation time: 03 hr 10 min 51 sec)
Heartbeat CPU 0 instructions: 80000017 cycles: 177826062 heartbeat IPC: 0.3214 cumulative IPC: 0.3207 (Simulation time: 03 hr 10 min 58 sec)
Heartbeat CPU 7 instructions: 80000022 cycles: 177949097 heartbeat IPC: 0.3222 cumulative IPC: 0.3206 (Simulation time: 03 hr 11 min 05 sec)
Heartbeat CPU 4 instructions: 80000017 cycles: 177958653 heartbeat IPC: 0.3223 cumulative IPC: 0.3205 (Simulation time: 03 hr 11 min 06 sec)
Heartbeat CPU 1 instructions: 80000017 cycles: 178089109 heartbeat IPC: 0.3216 cumulative IPC: 0.3202 (Simulation time: 03 hr 11 min 14 sec)
Heartbeat CPU 2 instructions: 80000017 cycles: 178242386 heartbeat IPC: 0.3204 cumulative IPC: 0.3199 (Simulation time: 03 hr 11 min 23 sec)
Heartbeat CPU 5 instructions: 80000017 cycles: 178309393 heartbeat IPC: 0.3205 cumulative IPC: 0.3199 (Simulation time: 03 hr 11 min 27 sec)
Heartbeat CPU 6 instructions: 80000017 cycles: 178667023 heartbeat IPC: 0.3201 cumulative IPC: 0.3192 (Simulation time: 03 hr 11 min 49 sec)
num evicts: 10100000, p: 2640335, s: 322733 	 max proactive lookup: 16, max shadow lookup: 16
	evict counters: 128 128 128 128 128 128 128 128 128 128 128 128 128 128 128 128
	eager counters: 128 128 128 128 128 128 128 128 128 128 128 128 128 128 128 128
num evicts: 10200000, p: 2672992, s: 323009 	 max proactive lookup: 16, max shadow lookup: 16
	evict counters: 128 128 128 128 128 128 128 128 128 128 128 128 128 128 128 128
	eager counters: 128 128 128 128 128 128 128 128 128 128 128 128 128 128 128 128
num evicts: 10300000, p: 2705800, s: 323009 	 max proactive lookup: 16, max shadow lookup: 16
	evict counters: 128 128 128 128 128 128 128 128 128 128 128 128 128 128 128 128
	eager counters: 128 128 128 128 128 128 128 128 128 128 128 128 128 128 128 128
num evicts: 10400000, p: 2738261, s: 323233 	 max proactive lookup: 16, max shadow lookup: 16
	evict counters: 128 128 128 128 128 128 128 128 128 128 128 128 128 128 128 128
	eager counters: 128 128 128 128 128 128 128 128 128 128 128 128 128 128 128 128
num evicts: 10500000, p: 2771147, s: 323440 	 max proactive lookup: 16, max shadow lookup: 16
	evict counters: 128 128 128 128 128 128 128 128 128 128 128 128 128 128 128 128
	eager counters: 128 128 128 128 128 128 128 128 128 128 128 128 128 128 128 128
num evicts: 10600000, p: 2803587, s: 323464 	 max proactive lookup: 16, max shadow lookup: 16
	evict counters: 128 128 128 128 128 128 128 128 128 128 128 128 128 128 128 128
	eager counters: 128 128 128 128 128 128 128 128 128 128 128 128 128 128 128 128
num evicts: 10700000, p: 2836174, s: 323815 	 max proactive lookup: 16, max shadow lookup: 16
	evict counters: 128 128 128 128 128 128 128 128 128 128 128 128 128 128 128 128
	eager counters: 128 128 128 128 128 128 128 128 128 128 128 128 128 128 128 128
num evicts: 10800000, p: 2868996, s: 323854 	 max proactive lookup: 16, max shadow lookup: 16
	evict counters: 128 128 128 128 128 128 128 128 128 128 128 128 128 128 128 128
	eager counters: 128 128 128 128 128 128 128 128 128 128 128 128 128 128 128 128
num evicts: 10900000, p: 2900968, s: 324023 	 max proactive lookup: 16, max shadow lookup: 16
	evict counters: 128 128 128 128 128 128 128 128 128 128 128 128 128 128 128 128
	eager counters: 128 128 128 128 128 128 128 128 128 128 128 128 128 128 128 128
num evicts: 11000000, p: 2933427, s: 324277 	 max proactive lookup: 16, max shadow lookup: 16
	evict counters: 128 128 128 128 128 128 128 128 128 128 128 128 128 128 128 128
	eager counters: 128 128 128 128 128 128 128 128 128 128 128 128 128 128 128 128
num evicts: 11100000, p: 2961904, s: 324277 	 max proactive lookup: 16, max shadow lookup: 16
	evict counters: 128 128 128 128 128 128 128 128 128 128 128 128 128 128 128 128
	eager counters: 128 128 128 128 128 128 128 128 128 128 128 128 128 128 128 128
num evicts: 11200000, p: 2990209, s: 324542 	 max proactive lookup: 16, max shadow lookup: 16
	evict counters: 128 128 128 128 128 128 128 128 128 128 128 128 128 128 128 128
	eager counters: 128 128 128 128 128 128 128 128 128 128 128 128 128 128 128 128
num evicts: 11300000, p: 3018886, s: 324723 	 max proactive lookup: 16, max shadow lookup: 16
	evict counters: 128 128 128 128 128 128 128 128 128 128 128 128 128 128 128 128
	eager counters: 128 128 128 128 128 128 128 128 128 128 128 128 128 128 128 128
Heartbeat CPU 0 instructions: 90000019 cycles: 208967676 heartbeat IPC: 0.3211 cumulative IPC: 0.3207 (Simulation time: 03 hr 42 min 28 sec)
Heartbeat CPU 3 instructions: 90000024 cycles: 209035861 heartbeat IPC: 0.3193 cumulative IPC: 0.3207 (Simulation time: 03 hr 42 min 32 sec)
Heartbeat CPU 7 instructions: 90000024 cycles: 209144631 heartbeat IPC: 0.3206 cumulative IPC: 0.3206 (Simulation time: 03 hr 42 min 39 sec)
Heartbeat CPU 1 instructions: 90000019 cycles: 209299890 heartbeat IPC: 0.3204 cumulative IPC: 0.3202 (Simulation time: 03 hr 42 min 48 sec)
Heartbeat CPU 4 instructions: 90000019 cycles: 209339626 heartbeat IPC: 0.3187 cumulative IPC: 0.3202 (Simulation time: 03 hr 42 min 51 sec)
Heartbeat CPU 2 instructions: 90000019 cycles: 209463418 heartbeat IPC: 0.3203 cumulative IPC: 0.32 (Simulation time: 03 hr 42 min 58 sec)
Heartbeat CPU 5 instructions: 90000019 cycles: 209611473 heartbeat IPC: 0.3195 cumulative IPC: 0.3198 (Simulation time: 03 hr 43 min 07 sec)
Heartbeat CPU 6 instructions: 90000018 cycles: 209950904 heartbeat IPC: 0.3197 cumulative IPC: 0.3193 (Simulation time: 03 hr 43 min 28 sec)
num evicts: 11400000, p: 3047540, s: 324765 	 max proactive lookup: 16, max shadow lookup: 16
	evict counters: 128 128 128 128 128 128 128 128 128 128 128 128 128 128 128 128
	eager counters: 128 128 128 128 128 128 128 128 128 128 128 128 128 128 128 128
num evicts: 11500000, p: 3076226, s: 325138 	 max proactive lookup: 16, max shadow lookup: 16
	evict counters: 128 128 128 128 128 128 128 128 128 128 128 128 128 128 128 128
	eager counters: 128 128 128 128 128 128 128 128 128 128 128 128 128 128 128 128
num evicts: 11600000, p: 3106786, s: 325153 	 max proactive lookup: 16, max shadow lookup: 16
	evict counters: 128 128 128 128 128 128 128 128 128 128 128 128 128 128 128 128
	eager counters: 128 128 128 128 128 128 128 128 128 128 128 128 128 128 128 128
num evicts: 11700000, p: 3137422, s: 325312 	 max proactive lookup: 16, max shadow lookup: 16
	evict counters: 128 128 128 128 128 128 128 128 128 128 128 128 128 128 128 128
	eager counters: 128 128 128 128 128 128 128 128 128 128 128 128 128 128 128 128
num evicts: 11800000, p: 3168317, s: 325580 	 max proactive lookup: 16, max shadow lookup: 16
	evict counters: 128 128 128 128 128 128 128 128 128 128 128 128 128 128 128 128
	eager counters: 128 128 128 128 128 128 128 128 128 128 128 128 128 128 128 128
num evicts: 11900000, p: 3198874, s: 325580 	 max proactive lookup: 16, max shadow lookup: 16
	evict counters: 128 128 128 128 128 128 128 128 128 128 128 128 128 128 128 128
	eager counters: 128 128 128 128 128 128 128 128 128 128 128 128 128 128 128 128
num evicts: 12000000, p: 3229025, s: 325848 	 max proactive lookup: 16, max shadow lookup: 16
	evict counters: 128 128 128 128 128 128 128 128 128 128 128 128 128 128 128 128
	eager counters: 128 128 128 128 128 128 128 128 128 128 128 128 128 128 128 128
num evicts: 12100000, p: 3262299, s: 326010 	 max proactive lookup: 16, max shadow lookup: 16
	evict counters: 128 128 128 128 128 128 128 128 128 128 128 128 128 128 128 128
	eager counters: 128 128 128 128 128 128 128 128 128 128 128 128 128 128 128 128
num evicts: 12200000, p: 3296489, s: 326053 	 max proactive lookup: 16, max shadow lookup: 16
	evict counters: 128 128 128 128 128 128 128 128 128 128 128 128 128 128 128 128
	eager counters: 128 128 128 128 128 128 128 128 128 128 128 128 128 128 128 128
num evicts: 12300000, p: 3329948, s: 326434 	 max proactive lookup: 16, max shadow lookup: 16
	evict counters: 128 128 128 128 128 128 128 128 128 128 128 128 128 128 128 128
	eager counters: 128 128 128 128 128 128 128 128 128 128 128 128 128 128 128 128
num evicts: 12400000, p: 3362830, s: 326442 	 max proactive lookup: 16, max shadow lookup: 16
	evict counters: 128 128 128 128 128 128 128 128 128 128 128 128 128 128 128 128
	eager counters: 128 128 128 128 128 128 128 128 128 128 128 128 128 128 128 128
num evicts: 12500000, p: 3395925, s: 326595 	 max proactive lookup: 16, max shadow lookup: 16
	evict counters: 128 128 128 128 128 128 128 128 128 128 128 128 128 128 128 128
	eager counters: 128 128 128 128 128 128 128 128 128 128 128 128 128 128 128 128
num evicts: 12600000, p: 3428315, s: 326822 	 max proactive lookup: 16, max shadow lookup: 16
	evict counters: 128 128 128 128 128 128 128 128 128 128 128 128 128 128 128 128
	eager counters: 128 128 128 128 128 128 128 128 128 128 128 128 128 128 128 128
Heartbeat CPU 0 instructions: 100000023 cycles: 240228090 heartbeat IPC: 0.3199 cumulative IPC: 0.3206 (Simulation time: 04 hr 13 min 56 sec)
Heartbeat CPU 3 instructions: 100000028 cycles: 240337209 heartbeat IPC: 0.3195 cumulative IPC: 0.3205 (Simulation time: 04 hr 14 min 02 sec)
Heartbeat CPU 7 instructions: 100000028 cycles: 240350410 heartbeat IPC: 0.3205 cumulative IPC: 0.3206 (Simulation time: 04 hr 14 min 03 sec)
Heartbeat CPU 4 instructions: 100000023 cycles: 240653606 heartbeat IPC: 0.3193 cumulative IPC: 0.3201 (Simulation time: 04 hr 14 min 21 sec)
Heartbeat CPU 1 instructions: 100000023 cycles: 240679070 heartbeat IPC: 0.3187 cumulative IPC: 0.32 (Simulation time: 04 hr 14 min 23 sec)
Heartbeat CPU 2 instructions: 100000023 cycles: 240792620 heartbeat IPC: 0.3192 cumulative IPC: 0.3199 (Simulation time: 04 hr 14 min 30 sec)
Heartbeat CPU 5 instructions: 100000023 cycles: 240978458 heartbeat IPC: 0.3188 cumulative IPC: 0.3197 (Simulation time: 04 hr 14 min 41 sec)
Heartbeat CPU 6 instructions: 100000018 cycles: 241358121 heartbeat IPC: 0.3184 cumulative IPC: 0.3192 (Simulation time: 04 hr 15 min 04 sec)
num evicts: 12700000, p: 3459766, s: 326822 	 max proactive lookup: 16, max shadow lookup: 16
	evict counters: 128 128 128 128 128 128 128 128 128 128 128 128 128 128 128 128
	eager counters: 128 128 128 128 128 128 128 128 128 128 128 128 128 128 128 128
num evicts: 12800000, p: 3490152, s: 327143 	 max proactive lookup: 16, max shadow lookup: 16
	evict counters: 128 128 128 128 128 128 128 128 128 128 128 128 128 128 128 128
	eager counters: 128 128 128 128 128 128 128 128 128 128 128 128 128 128 128 128
num evicts: 12900000, p: 3521936, s: 327283 	 max proactive lookup: 16, max shadow lookup: 16
	evict counters: 128 128 128 128 128 128 128 128 128 128 128 128 128 128 128 128
	eager counters: 128 128 128 128 128 128 128 128 128 128 128 128 128 128 128 128
num evicts: 13000000, p: 3552639, s: 327375 	 max proactive lookup: 16, max shadow lookup: 16
	evict counters: 128 128 128 128 128 128 128 128 128 128 128 128 128 128 128 128
	eager counters: 128 128 128 128 128 128 128 128 128 128 128 128 128 128 128 128
num evicts: 13100000, p: 3583705, s: 327703 	 max proactive lookup: 16, max shadow lookup: 16
	evict counters: 128 128 128 128 128 128 128 128 128 128 128 128 128 128 128 128
	eager counters: 128 128 128 128 128 128 128 128 128 128 128 128 128 128 128 128
num evicts: 13200000, p: 3614021, s: 327709 	 max proactive lookup: 16, max shadow lookup: 16
	evict counters: 128 128 128 128 128 128 128 128 128 128 128 128 128 128 128 128
	eager counters: 128 128 128 128 128 128 128 128 128 128 128 128 128 128 128 128
num evicts: 13300000, p: 3644151, s: 327908 	 max proactive lookup: 16, max shadow lookup: 16
	evict counters: 128 128 128 128 128 128 128 128 128 128 128 128 128 128 128 128
	eager counters: 128 128 128 128 128 128 128 128 128 128 128 128 128 128 128 128
num evicts: 13400000, p: 3674747, s: 328147 	 max proactive lookup: 16, max shadow lookup: 16
	evict counters: 128 128 128 128 128 128 128 128 128 128 128 128 128 128 128 128
	eager counters: 128 128 128 128 128 128 128 128 128 128 128 128 128 128 128 128
num evicts: 13500000, p: 3706109, s: 328147 	 max proactive lookup: 16, max shadow lookup: 16
	evict counters: 128 128 128 128 128 128 128 128 128 128 128 128 128 128 128 128
	eager counters: 128 128 128 128 128 128 128 128 128 128 128 128 128 128 128 128
num evicts: 13600000, p: 3736289, s: 328499 	 max proactive lookup: 16, max shadow lookup: 16
	evict counters: 128 128 128 128 128 128 128 128 128 128 128 128 128 128 128 128
	eager counters: 128 128 128 128 128 128 128 128 128 128 128 128 128 128 128 128
num evicts: 13700000, p: 3768239, s: 328590 	 max proactive lookup: 16, max shadow lookup: 16
	evict counters: 128 128 128 128 128 128 128 128 128 128 128 128 128 128 128 128
	eager counters: 128 128 128 128 128 128 128 128 128 128 128 128 128 128 128 128
num evicts: 13800000, p: 3800305, s: 328727 	 max proactive lookup: 16, max shadow lookup: 16
	evict counters: 128 128 128 128 128 128 128 128 128 128 128 128 128 128 128 128
	eager counters: 128 128 128 128 128 128 128 128 128 128 128 128 128 128 128 128
num evicts: 13900000, p: 3833080, s: 329022 	 max proactive lookup: 16, max shadow lookup: 16
	evict counters: 128 128 128 128 128 128 128 128 128 128 128 128 128 128 128 128
	eager counters: 128 128 128 128 128 128 128 128 128 128 128 128 128 128 128 128
Heartbeat CPU 0 instructions: 110000025 cycles: 271442499 heartbeat IPC: 0.3204 cumulative IPC: 0.3206 (Simulation time: 04 hr 45 min 22 sec)
Heartbeat CPU 7 instructions: 110000030 cycles: 271485591 heartbeat IPC: 0.3212 cumulative IPC: 0.3206 (Simulation time: 04 hr 45 min 24 sec)
Heartbeat CPU 3 instructions: 110000030 cycles: 271542826 heartbeat IPC: 0.3205 cumulative IPC: 0.3205 (Simulation time: 04 hr 45 min 28 sec)
Heartbeat CPU 4 instructions: 110000025 cycles: 271876389 heartbeat IPC: 0.3203 cumulative IPC: 0.3201 (Simulation time: 04 hr 45 min 48 sec)
Heartbeat CPU 1 instructions: 110000025 cycles: 271928995 heartbeat IPC: 0.32 cumulative IPC: 0.32 (Simulation time: 04 hr 45 min 51 sec)
Heartbeat CPU 2 instructions: 110000025 cycles: 272052669 heartbeat IPC: 0.3199 cumulative IPC: 0.3199 (Simulation time: 04 hr 45 min 58 sec)
Heartbeat CPU 5 instructions: 110000025 cycles: 272152452 heartbeat IPC: 0.3208 cumulative IPC: 0.3198 (Simulation time: 04 hr 46 min 04 sec)
Heartbeat CPU 6 instructions: 110000020 cycles: 272541977 heartbeat IPC: 0.3207 cumulative IPC: 0.3193 (Simulation time: 04 hr 46 min 28 sec)
num evicts: 14000000, p: 3866128, s: 329026 	 max proactive lookup: 16, max shadow lookup: 16
	evict counters: 128 128 128 128 128 128 128 128 128 128 128 128 128 128 128 128
	eager counters: 128 128 128 128 128 128 128 128 128 128 128 128 128 128 128 128
num evicts: 14100000, p: 3897956, s: 329224 	 max proactive lookup: 16, max shadow lookup: 16
	evict counters: 128 128 128 128 128 128 128 128 128 128 128 128 128 128 128 128
	eager counters: 128 128 128 128 128 128 128 128 128 128 128 128 128 128 128 128
num evicts: 14200000, p: 3930907, s: 329465 	 max proactive lookup: 16, max shadow lookup: 16
	evict counters: 128 128 128 128 128 128 128 128 128 128 128 128 128 128 128 128
	eager counters: 128 128 128 128 128 128 128 128 128 128 128 128 128 128 128 128
num evicts: 14300000, p: 3963882, s: 329465 	 max proactive lookup: 16, max shadow lookup: 16
	evict counters: 128 128 128 128 128 128 128 128 128 128 128 128 128 128 128 128
	eager counters: 128 128 128 128 128 128 128 128 128 128 128 128 128 128 128 128
num evicts: 14400000, p: 3997294, s: 329849 	 max proactive lookup: 16, max shadow lookup: 16
	evict counters: 128 128 128 128 128 128 128 128 128 128 128 128 128 128 128 128
	eager counters: 128 128 128 128 128 128 128 128 128 128 128 128 128 128 128 128
num evicts: 14500000, p: 4030809, s: 329933 	 max proactive lookup: 16, max shadow lookup: 16
	evict counters: 128 128 128 128 128 128 128 128 128 128 128 128 128 128 128 128
	eager counters: 128 128 128 128 128 128 128 128 128 128 128 128 128 128 128 128
num evicts: 14600000, p: 4063751, s: 330047 	 max proactive lookup: 16, max shadow lookup: 16
	evict counters: 128 128 128 128 128 128 128 128 128 128 128 128 128 128 128 128
	eager counters: 128 128 128 128 128 128 128 128 128 128 128 128 128 128 128 128
num evicts: 14700000, p: 4096319, s: 330361 	 max proactive lookup: 16, max shadow lookup: 16
	evict counters: 128 128 128 128 128 128 128 128 128 128 128 128 128 128 128 128
	eager counters: 128 128 128 128 128 128 128 128 128 128 128 128 128 128 128 128
num evicts: 14800000, p: 4127960, s: 330361 	 max proactive lookup: 16, max shadow lookup: 16
	evict counters: 128 128 128 128 128 128 128 128 128 128 128 128 128 128 128 128
	eager counters: 128 128 128 128 128 128 128 128 128 128 128 128 128 128 128 128
num evicts: 14900000, p: 4159160, s: 330561 	 max proactive lookup: 16, max shadow lookup: 16
	evict counters: 128 128 128 128 128 128 128 128 128 128 128 128 128 128 128 128
	eager counters: 128 128 128 128 128 128 128 128 128 128 128 128 128 128 128 128
num evicts: 15000000, p: 4191093, s: 330787 	 max proactive lookup: 16, max shadow lookup: 16
	evict counters: 128 128 128 128 128 128 128 128 128 128 128 128 128 128 128 128
	eager counters: 128 128 128 128 128 128 128 128 128 128 128 128 128 128 128 128
num evicts: 15100000, p: 4223698, s: 330819 	 max proactive lookup: 16, max shadow lookup: 16
	evict counters: 128 128 128 128 128 128 128 128 128 128 128 128 128 128 128 128
	eager counters: 128 128 128 128 128 128 128 128 128 128 128 128 128 128 128 128
Heartbeat CPU 7 instructions: 120000032 cycles: 302631129 heartbeat IPC: 0.3211 cumulative IPC: 0.3207 (Simulation time: 05 hr 16 min 48 sec)
Heartbeat CPU 0 instructions: 120000027 cycles: 302675929 heartbeat IPC: 0.3202 cumulative IPC: 0.3205 (Simulation time: 05 hr 16 min 50 sec)
num evicts: 15200000, p: 4255866, s: 331175 	 max proactive lookup: 16, max shadow lookup: 16
	evict counters: 128 128 128 128 128 128 128 128 128 128 128 128 128 128 128 128
	eager counters: 128 128 128 128 128 128 128 128 128 128 128 128 128 128 128 128
Heartbeat CPU 3 instructions: 120000032 cycles: 302861328 heartbeat IPC: 0.3193 cumulative IPC: 0.3204 (Simulation time: 05 hr 17 min 02 sec)
Heartbeat CPU 4 instructions: 120000027 cycles: 302994565 heartbeat IPC: 0.3214 cumulative IPC: 0.3203 (Simulation time: 05 hr 17 min 10 sec)
Heartbeat CPU 1 instructions: 120000027 cycles: 303184633 heartbeat IPC: 0.3199 cumulative IPC: 0.32 (Simulation time: 05 hr 17 min 21 sec)
Heartbeat CPU 5 instructions: 120000027 cycles: 303301072 heartbeat IPC: 0.321 cumulative IPC: 0.3199 (Simulation time: 05 hr 17 min 28 sec)
Heartbeat CPU 2 instructions: 120000027 cycles: 303326291 heartbeat IPC: 0.3198 cumulative IPC: 0.3199 (Simulation time: 05 hr 17 min 30 sec)
Heartbeat CPU 6 instructions: 120000022 cycles: 303733401 heartbeat IPC: 0.3206 cumulative IPC: 0.3195 (Simulation time: 05 hr 17 min 55 sec)
num evicts: 15300000, p: 4286997, s: 331239 	 max proactive lookup: 16, max shadow lookup: 16
	evict counters: 128 128 128 128 128 128 128 128 128 128 128 128 128 128 128 128
	eager counters: 128 128 128 128 128 128 128 128 128 128 128 128 128 128 128 128
num evicts: 15400000, p: 4318927, s: 331367 	 max proactive lookup: 16, max shadow lookup: 16
	evict counters: 128 128 128 128 128 128 128 128 128 128 128 128 128 128 128 128
	eager counters: 128 128 128 128 128 128 128 128 128 128 128 128 128 128 128 128
num evicts: 15500000, p: 4350997, s: 331692 	 max proactive lookup: 16, max shadow lookup: 16
	evict counters: 128 128 128 128 128 128 128 128 128 128 128 128 128 128 128 128
	eager counters: 128 128 128 128 128 128 128 128 128 128 128 128 128 128 128 128
num evicts: 15600000, p: 4383584, s: 331692 	 max proactive lookup: 16, max shadow lookup: 16
	evict counters: 128 128 128 128 128 128 128 128 128 128 128 128 128 128 128 128
	eager counters: 128 128 128 128 128 128 128 128 128 128 128 128 128 128 128 128
num evicts: 15700000, p: 4415744, s: 332096 	 max proactive lookup: 16, max shadow lookup: 16
	evict counters: 128 128 128 128 128 128 128 128 128 128 128 128 128 128 128 128
	eager counters: 128 128 128 128 128 128 128 128 128 128 128 128 128 128 128 128
num evicts: 15800000, p: 4448311, s: 332314 	 max proactive lookup: 16, max shadow lookup: 16
	evict counters: 128 128 128 128 128 128 128 128 128 128 128 128 128 128 128 128
	eager counters: 128 128 128 128 128 128 128 128 128 128 128 128 128 128 128 128
Simulation finished CPU 7 instructions: 100000002 cycles: 311853921 cumulative IPC: 0.3207 (Simulation time: 05 hr 32 min 33 sec)
Simulation finished CPU 0 instructions: 100000002 cycles: 311990449 cumulative IPC: 0.3205 (Simulation time: 05 hr 32 min 41 sec)
Simulation finished CPU 3 instructions: 100000002 cycles: 312263979 cumulative IPC: 0.3202 (Simulation time: 05 hr 32 min 58 sec)
Simulation finished CPU 4 instructions: 100000002 cycles: 312322214 cumulative IPC: 0.3202 (Simulation time: 05 hr 33 min 01 sec)
Simulation finished CPU 1 instructions: 100000002 cycles: 312492872 cumulative IPC: 0.32 (Simulation time: 05 hr 33 min 12 sec)
Simulation finished CPU 5 instructions: 100000000 cycles: 312496532 cumulative IPC: 0.32 (Simulation time: 05 hr 33 min 12 sec)
Simulation finished CPU 2 instructions: 100000000 cycles: 312708342 cumulative IPC: 0.3198 (Simulation time: 05 hr 33 min 25 sec)
Simulation finished CPU 6 instructions: 100000000 cycles: 313055560 cumulative IPC: 0.3194 (Simulation time: 05 hr 33 min 46 sec)
Simulation complete CPU 7 instructions: 100382079 cycles: 313055560 cumulative IPC: 0.3207 (Simulation time: 05 hr 33 min 46 sec)
Simulation complete CPU 6 instructions: 100000000 cycles: 313055560 cumulative IPC: 0.3194 (Simulation time: 05 hr 33 min 46 sec)
Simulation complete CPU 5 instructions: 100175982 cycles: 313055560 cumulative IPC: 0.32 (Simulation time: 05 hr 33 min 46 sec)
Simulation complete CPU 4 instructions: 100227862 cycles: 313055560 cumulative IPC: 0.3202 (Simulation time: 05 hr 33 min 46 sec)
Simulation complete CPU 3 instructions: 100249843 cycles: 313055560 cumulative IPC: 0.3202 (Simulation time: 05 hr 33 min 46 sec)
Simulation complete CPU 2 instructions: 100112187 cycles: 313055560 cumulative IPC: 0.3198 (Simulation time: 05 hr 33 min 46 sec)
Simulation complete CPU 1 instructions: 100175181 cycles: 313055560 cumulative IPC: 0.32 (Simulation time: 05 hr 33 min 46 sec)
Simulation complete CPU 0 instructions: 100341065 cycles: 313055560 cumulative IPC: 0.3205 (Simulation time: 05 hr 33 min 46 sec)

ChampSim completed all CPUs

=== Simulation ===
CPU 0 runs TRACES/ctf/ligra/ligra_CF.com-lj.ungraph.gcc_6.3.0_O3.drop_154750M.length_250M.champsimtrace.xz
CPU 1 runs TRACES/ctf/ligra/ligra_CF.com-lj.ungraph.gcc_6.3.0_O3.drop_154750M.length_250M.champsimtrace.xz
CPU 2 runs TRACES/ctf/ligra/ligra_CF.com-lj.ungraph.gcc_6.3.0_O3.drop_154750M.length_250M.champsimtrace.xz
CPU 3 runs TRACES/ctf/ligra/ligra_CF.com-lj.ungraph.gcc_6.3.0_O3.drop_154750M.length_250M.champsimtrace.xz
CPU 4 runs TRACES/ctf/ligra/ligra_CF.com-lj.ungraph.gcc_6.3.0_O3.drop_154750M.length_250M.champsimtrace.xz
CPU 5 runs TRACES/ctf/ligra/ligra_CF.com-lj.ungraph.gcc_6.3.0_O3.drop_154750M.length_250M.champsimtrace.xz
CPU 6 runs TRACES/ctf/ligra/ligra_CF.com-lj.ungraph.gcc_6.3.0_O3.drop_154750M.length_250M.champsimtrace.xz
CPU 7 runs TRACES/ctf/ligra/ligra_CF.com-lj.ungraph.gcc_6.3.0_O3.drop_154750M.length_250M.champsimtrace.xz

Total Simulation Statistics (not including warmup)

CPU 7 cumulative IPC: 0.3207 instructions: 100382079 cycles: 313055560
CPU 7 Branch Prediction Accuracy: 100% MPKI: 0 Average ROB Occupancy at Mispredict: -
Branch type MPKI
BRANCH_DIRECT_JUMP: 0
BRANCH_INDIRECT: 0
BRANCH_CONDITIONAL: 0
BRANCH_DIRECT_CALL: 0
BRANCH_INDIRECT_CALL: 0
BRANCH_RETURN: 0


CPU 6 cumulative IPC: 0.3194 instructions: 100000000 cycles: 313055560
CPU 6 Branch Prediction Accuracy: 100% MPKI: 0 Average ROB Occupancy at Mispredict: -
Branch type MPKI
BRANCH_DIRECT_JUMP: 0
BRANCH_INDIRECT: 0
BRANCH_CONDITIONAL: 0
BRANCH_DIRECT_CALL: 0
BRANCH_INDIRECT_CALL: 0
BRANCH_RETURN: 0


CPU 5 cumulative IPC: 0.32 instructions: 100175982 cycles: 313055560
CPU 5 Branch Prediction Accuracy: 100% MPKI: 0 Average ROB Occupancy at Mispredict: -
Branch type MPKI
BRANCH_DIRECT_JUMP: 0
BRANCH_INDIRECT: 0
BRANCH_CONDITIONAL: 0
BRANCH_DIRECT_CALL: 0
BRANCH_INDIRECT_CALL: 0
BRANCH_RETURN: 0


CPU 4 cumulative IPC: 0.3202 instructions: 100227862 cycles: 313055560
CPU 4 Branch Prediction Accuracy: 100% MPKI: 0 Average ROB Occupancy at Mispredict: -
Branch type MPKI
BRANCH_DIRECT_JUMP: 0
BRANCH_INDIRECT: 0
BRANCH_CONDITIONAL: 0
BRANCH_DIRECT_CALL: 0
BRANCH_INDIRECT_CALL: 0
BRANCH_RETURN: 0


CPU 3 cumulative IPC: 0.3202 instructions: 100249843 cycles: 313055560
CPU 3 Branch Prediction Accuracy: 100% MPKI: 0 Average ROB Occupancy at Mispredict: -
Branch type MPKI
BRANCH_DIRECT_JUMP: 0
BRANCH_INDIRECT: 0
BRANCH_CONDITIONAL: 0
BRANCH_DIRECT_CALL: 0
BRANCH_INDIRECT_CALL: 0
BRANCH_RETURN: 0


CPU 2 cumulative IPC: 0.3198 instructions: 100112187 cycles: 313055560
CPU 2 Branch Prediction Accuracy: 100% MPKI: 0 Average ROB Occupancy at Mispredict: -
Branch type MPKI
BRANCH_DIRECT_JUMP: 0
BRANCH_INDIRECT: 0
BRANCH_CONDITIONAL: 0
BRANCH_DIRECT_CALL: 0
BRANCH_INDIRECT_CALL: 0
BRANCH_RETURN: 0


CPU 1 cumulative IPC: 0.32 instructions: 100175181 cycles: 313055560
CPU 1 Branch Prediction Accuracy: 100% MPKI: 0 Average ROB Occupancy at Mispredict: -
Branch type MPKI
BRANCH_DIRECT_JUMP: 0
BRANCH_INDIRECT: 0
BRANCH_CONDITIONAL: 0
BRANCH_DIRECT_CALL: 0
BRANCH_INDIRECT_CALL: 0
BRANCH_RETURN: 0


CPU 0 cumulative IPC: 0.3205 instructions: 100341065 cycles: 313055560
CPU 0 Branch Prediction Accuracy: 100% MPKI: 0 Average ROB Occupancy at Mispredict: -
Branch type MPKI
BRANCH_DIRECT_JUMP: 0
BRANCH_INDIRECT: 0
BRANCH_CONDITIONAL: 0
BRANCH_DIRECT_CALL: 0
BRANCH_INDIRECT_CALL: 0
BRANCH_RETURN: 0

cpu7->cpu7_STLB TOTAL        ACCESS:         47 HIT:         23 MISS:         24 MSHR_MERGE:          0
cpu7->cpu7_STLB LOAD         ACCESS:         47 HIT:         23 MISS:         24 MSHR_MERGE:          0
cpu7->cpu7_STLB RFO          ACCESS:          0 HIT:          0 MISS:          0 MSHR_MERGE:          0
cpu7->cpu7_STLB PREFETCH     ACCESS:          0 HIT:          0 MISS:          0 MSHR_MERGE:          0
cpu7->cpu7_STLB WRITE        ACCESS:          0 HIT:          0 MISS:          0 MSHR_MERGE:          0
cpu7->cpu7_STLB TRANSLATION  ACCESS:          0 HIT:          0 MISS:          0 MSHR_MERGE:          0
cpu7->cpu7_STLB PREFETCH REQUESTED:          0 ISSUED:          0 USEFUL:          0 USELESS:          0
cpu7->cpu7_STLB AVERAGE MISS LATENCY: 276.2 cycles
cpu7->cpu7_L2C TOTAL        ACCESS:    3222423 HIT:    1608687 MISS:    1613736 MSHR_MERGE:          0
cpu7->cpu7_L2C LOAD         ACCESS:    1613712 HIT:          0 MISS:    1613712 MSHR_MERGE:          0
cpu7->cpu7_L2C RFO          ACCESS:          0 HIT:          0 MISS:          0 MSHR_MERGE:          0
cpu7->cpu7_L2C PREFETCH     ACCESS:          0 HIT:          0 MISS:          0 MSHR_MERGE:          0
cpu7->cpu7_L2C WRITE        ACCESS:    1608687 HIT:    1608687 MISS:          0 MSHR_MERGE:          0
cpu7->cpu7_L2C TRANSLATION  ACCESS:         24 HIT:          0 MISS:         24 MSHR_MERGE:          0
cpu7->cpu7_L2C PREFETCH REQUESTED:          0 ISSUED:          0 USEFUL:          0 USELESS:          0
cpu7->cpu7_L2C AVERAGE MISS LATENCY: 283.7 cycles
cpu7->cpu7_L1I TOTAL        ACCESS:   21495792 HIT:   21495792 MISS:          0 MSHR_MERGE:          0
cpu7->cpu7_L1I LOAD         ACCESS:   21495792 HIT:   21495792 MISS:          0 MSHR_MERGE:          0
cpu7->cpu7_L1I RFO          ACCESS:          0 HIT:          0 MISS:          0 MSHR_MERGE:          0
cpu7->cpu7_L1I PREFETCH     ACCESS:          0 HIT:          0 MISS:          0 MSHR_MERGE:          0
cpu7->cpu7_L1I WRITE        ACCESS:          0 HIT:          0 MISS:          0 MSHR_MERGE:          0
cpu7->cpu7_L1I TRANSLATION  ACCESS:          0 HIT:          0 MISS:          0 MSHR_MERGE:          0
cpu7->cpu7_L1I PREFETCH REQUESTED:          0 ISSUED:          0 USEFUL:          0 USELESS:          0
cpu7->cpu7_L1I AVERAGE MISS LATENCY: - cycles
cpu7->cpu7_L1D TOTAL        ACCESS:   23411997 HIT:   17760662 MISS:    5651335 MSHR_MERGE:    4037600
cpu7->cpu7_L1D LOAD         ACCESS:   10542475 HIT:    4891164 MISS:    5651311 MSHR_MERGE:    4037600
cpu7->cpu7_L1D RFO          ACCESS:          0 HIT:          0 MISS:          0 MSHR_MERGE:          0
cpu7->cpu7_L1D PREFETCH     ACCESS:          0 HIT:          0 MISS:          0 MSHR_MERGE:          0
cpu7->cpu7_L1D WRITE        ACCESS:   12869498 HIT:   12869498 MISS:          0 MSHR_MERGE:          0
cpu7->cpu7_L1D TRANSLATION  ACCESS:         24 HIT:          0 MISS:         24 MSHR_MERGE:          0
cpu7->cpu7_L1D PREFETCH REQUESTED:          0 ISSUED:          0 USEFUL:          0 USELESS:          0
cpu7->cpu7_L1D AVERAGE MISS LATENCY: 292.7 cycles
cpu7->cpu7_ITLB TOTAL        ACCESS:   15748604 HIT:   15748604 MISS:          0 MSHR_MERGE:          0
cpu7->cpu7_ITLB LOAD         ACCESS:   15748604 HIT:   15748604 MISS:          0 MSHR_MERGE:          0
cpu7->cpu7_ITLB RFO          ACCESS:          0 HIT:          0 MISS:          0 MSHR_MERGE:          0
cpu7->cpu7_ITLB PREFETCH     ACCESS:          0 HIT:          0 MISS:          0 MSHR_MERGE:          0
cpu7->cpu7_ITLB WRITE        ACCESS:          0 HIT:          0 MISS:          0 MSHR_MERGE:          0
cpu7->cpu7_ITLB TRANSLATION  ACCESS:          0 HIT:          0 MISS:          0 MSHR_MERGE:          0
cpu7->cpu7_ITLB PREFETCH REQUESTED:          0 ISSUED:          0 USEFUL:          0 USELESS:          0
cpu7->cpu7_ITLB AVERAGE MISS LATENCY: - cycles
cpu7->cpu7_DTLB TOTAL        ACCESS:   20010618 HIT:   20010476 MISS:        142 MSHR_MERGE:         95
cpu7->cpu7_DTLB LOAD         ACCESS:   20010618 HIT:   20010476 MISS:        142 MSHR_MERGE:         95
cpu7->cpu7_DTLB RFO          ACCESS:          0 HIT:          0 MISS:          0 MSHR_MERGE:          0
cpu7->cpu7_DTLB PREFETCH     ACCESS:          0 HIT:          0 MISS:          0 MSHR_MERGE:          0
cpu7->cpu7_DTLB WRITE        ACCESS:          0 HIT:          0 MISS:          0 MSHR_MERGE:          0
cpu7->cpu7_DTLB TRANSLATION  ACCESS:          0 HIT:          0 MISS:          0 MSHR_MERGE:          0
cpu7->cpu7_DTLB PREFETCH REQUESTED:          0 ISSUED:          0 USEFUL:          0 USELESS:          0
cpu7->cpu7_DTLB AVERAGE MISS LATENCY: 146.6 cycles
cpu6->cpu6_STLB TOTAL        ACCESS:         47 HIT:         23 MISS:         24 MSHR_MERGE:          0
cpu6->cpu6_STLB LOAD         ACCESS:         47 HIT:         23 MISS:         24 MSHR_MERGE:          0
cpu6->cpu6_STLB RFO          ACCESS:          0 HIT:          0 MISS:          0 MSHR_MERGE:          0
cpu6->cpu6_STLB PREFETCH     ACCESS:          0 HIT:          0 MISS:          0 MSHR_MERGE:          0
cpu6->cpu6_STLB WRITE        ACCESS:          0 HIT:          0 MISS:          0 MSHR_MERGE:          0
cpu6->cpu6_STLB TRANSLATION  ACCESS:          0 HIT:          0 MISS:          0 MSHR_MERGE:          0
cpu6->cpu6_STLB PREFETCH REQUESTED:          0 ISSUED:          0 USEFUL:          0 USELESS:          0
cpu6->cpu6_STLB AVERAGE MISS LATENCY: 232.1 cycles
cpu6->cpu6_L2C TOTAL        ACCESS:    3210156 HIT:    1602565 MISS:    1607591 MSHR_MERGE:          0
cpu6->cpu6_L2C LOAD         ACCESS:    1607567 HIT:          0 MISS:    1607567 MSHR_MERGE:          0
cpu6->cpu6_L2C RFO          ACCESS:          0 HIT:          0 MISS:          0 MSHR_MERGE:          0
cpu6->cpu6_L2C PREFETCH     ACCESS:          0 HIT:          0 MISS:          0 MSHR_MERGE:          0
cpu6->cpu6_L2C WRITE        ACCESS:    1602565 HIT:    1602565 MISS:          0 MSHR_MERGE:          0
cpu6->cpu6_L2C TRANSLATION  ACCESS:         24 HIT:          0 MISS:         24 MSHR_MERGE:          0
cpu6->cpu6_L2C PREFETCH REQUESTED:          0 ISSUED:          0 USEFUL:          0 USELESS:          0
cpu6->cpu6_L2C AVERAGE MISS LATENCY: 284.8 cycles
cpu6->cpu6_L1I TOTAL        ACCESS:   21411395 HIT:   21411395 MISS:          0 MSHR_MERGE:          0
cpu6->cpu6_L1I LOAD         ACCESS:   21411395 HIT:   21411395 MISS:          0 MSHR_MERGE:          0
cpu6->cpu6_L1I RFO          ACCESS:          0 HIT:          0 MISS:          0 MSHR_MERGE:          0
cpu6->cpu6_L1I PREFETCH     ACCESS:          0 HIT:          0 MISS:          0 MSHR_MERGE:          0
cpu6->cpu6_L1I WRITE        ACCESS:          0 HIT:          0 MISS:          0 MSHR_MERGE:          0
cpu6->cpu6_L1I TRANSLATION  ACCESS:          0 HIT:          0 MISS:          0 MSHR_MERGE:          0
cpu6->cpu6_L1I PREFETCH REQUESTED:          0 ISSUED:          0 USEFUL:          0 USELESS:          0
cpu6->cpu6_L1I AVERAGE MISS LATENCY: - cycles
cpu6->cpu6_L1D TOTAL        ACCESS:   23329881 HIT:   17688675 MISS:    5641206 MSHR_MERGE:    4033615
cpu6->cpu6_L1D LOAD         ACCESS:   10509344 HIT:    4868162 MISS:    5641182 MSHR_MERGE:    4033615
cpu6->cpu6_L1D RFO          ACCESS:          0 HIT:          0 MISS:          0 MSHR_MERGE:          0
cpu6->cpu6_L1D PREFETCH     ACCESS:          0 HIT:          0 MISS:          0 MSHR_MERGE:          0
cpu6->cpu6_L1D WRITE        ACCESS:   12820513 HIT:   12820513 MISS:          0 MSHR_MERGE:          0
cpu6->cpu6_L1D TRANSLATION  ACCESS:         24 HIT:          0 MISS:         24 MSHR_MERGE:          0
cpu6->cpu6_L1D PREFETCH REQUESTED:          0 ISSUED:          0 USEFUL:          0 USELESS:          0
cpu6->cpu6_L1D AVERAGE MISS LATENCY: 293.8 cycles
cpu6->cpu6_ITLB TOTAL        ACCESS:   15687719 HIT:   15687719 MISS:          0 MSHR_MERGE:          0
cpu6->cpu6_ITLB LOAD         ACCESS:   15687719 HIT:   15687719 MISS:          0 MSHR_MERGE:          0
cpu6->cpu6_ITLB RFO          ACCESS:          0 HIT:          0 MISS:          0 MSHR_MERGE:          0
cpu6->cpu6_ITLB PREFETCH     ACCESS:          0 HIT:          0 MISS:          0 MSHR_MERGE:          0
cpu6->cpu6_ITLB WRITE        ACCESS:          0 HIT:          0 MISS:          0 MSHR_MERGE:          0
cpu6->cpu6_ITLB TRANSLATION  ACCESS:          0 HIT:          0 MISS:          0 MSHR_MERGE:          0
cpu6->cpu6_ITLB PREFETCH REQUESTED:          0 ISSUED:          0 USEFUL:          0 USELESS:          0
cpu6->cpu6_ITLB AVERAGE MISS LATENCY: - cycles
cpu6->cpu6_DTLB TOTAL        ACCESS:   19953082 HIT:   19952939 MISS:        143 MSHR_MERGE:         96
cpu6->cpu6_DTLB LOAD         ACCESS:   19953082 HIT:   19952939 MISS:        143 MSHR_MERGE:         96
cpu6->cpu6_DTLB RFO          ACCESS:          0 HIT:          0 MISS:          0 MSHR_MERGE:          0
cpu6->cpu6_DTLB PREFETCH     ACCESS:          0 HIT:          0 MISS:          0 MSHR_MERGE:          0
cpu6->cpu6_DTLB WRITE        ACCESS:          0 HIT:          0 MISS:          0 MSHR_MERGE:          0
cpu6->cpu6_DTLB TRANSLATION  ACCESS:          0 HIT:          0 MISS:          0 MSHR_MERGE:          0
cpu6->cpu6_DTLB PREFETCH REQUESTED:          0 ISSUED:          0 USEFUL:          0 USELESS:          0
cpu6->cpu6_DTLB AVERAGE MISS LATENCY: 124 cycles
cpu5->cpu5_STLB TOTAL        ACCESS:         47 HIT:         23 MISS:         24 MSHR_MERGE:          0
cpu5->cpu5_STLB LOAD         ACCESS:         47 HIT:         23 MISS:         24 MSHR_MERGE:          0
cpu5->cpu5_STLB RFO          ACCESS:          0 HIT:          0 MISS:          0 MSHR_MERGE:          0
cpu5->cpu5_STLB PREFETCH     ACCESS:          0 HIT:          0 MISS:          0 MSHR_MERGE:          0
cpu5->cpu5_STLB WRITE        ACCESS:          0 HIT:          0 MISS:          0 MSHR_MERGE:          0
cpu5->cpu5_STLB TRANSLATION  ACCESS:          0 HIT:          0 MISS:          0 MSHR_MERGE:          0
cpu5->cpu5_STLB PREFETCH REQUESTED:          0 ISSUED:          0 USEFUL:          0 USELESS:          0
cpu5->cpu5_STLB AVERAGE MISS LATENCY: 232.2 cycles
cpu5->cpu5_L2C TOTAL        ACCESS:    3215806 HIT:    1605384 MISS:    1610422 MSHR_MERGE:          0
cpu5->cpu5_L2C LOAD         ACCESS:    1610398 HIT:          0 MISS:    1610398 MSHR_MERGE:          0
cpu5->cpu5_L2C RFO          ACCESS:          0 HIT:          0 MISS:          0 MSHR_MERGE:          0
cpu5->cpu5_L2C PREFETCH     ACCESS:          0 HIT:          0 MISS:          0 MSHR_MERGE:          0
cpu5->cpu5_L2C WRITE        ACCESS:    1605384 HIT:    1605384 MISS:          0 MSHR_MERGE:          0
cpu5->cpu5_L2C TRANSLATION  ACCESS:         24 HIT:          0 MISS:         24 MSHR_MERGE:          0
cpu5->cpu5_L2C PREFETCH REQUESTED:          0 ISSUED:          0 USEFUL:          0 USELESS:          0
cpu5->cpu5_L2C AVERAGE MISS LATENCY: 284.2 cycles
cpu5->cpu5_L1I TOTAL        ACCESS:   21482635 HIT:   21482635 MISS:          0 MSHR_MERGE:          0
cpu5->cpu5_L1I LOAD         ACCESS:   21482635 HIT:   21482635 MISS:          0 MSHR_MERGE:          0
cpu5->cpu5_L1I RFO          ACCESS:          0 HIT:          0 MISS:          0 MSHR_MERGE:          0
cpu5->cpu5_L1I PREFETCH     ACCESS:          0 HIT:          0 MISS:          0 MSHR_MERGE:          0
cpu5->cpu5_L1I WRITE        ACCESS:          0 HIT:          0 MISS:          0 MSHR_MERGE:          0
cpu5->cpu5_L1I TRANSLATION  ACCESS:          0 HIT:          0 MISS:          0 MSHR_MERGE:          0
cpu5->cpu5_L1I PREFETCH REQUESTED:          0 ISSUED:          0 USEFUL:          0 USELESS:          0
cpu5->cpu5_L1I AVERAGE MISS LATENCY: - cycles
cpu5->cpu5_L1D TOTAL        ACCESS:   23369044 HIT:   17724580 MISS:    5644464 MSHR_MERGE:    4034042
cpu5->cpu5_L1D LOAD         ACCESS:   10525945 HIT:    4881505 MISS:    5644440 MSHR_MERGE:    4034042
cpu5->cpu5_L1D RFO          ACCESS:          0 HIT:          0 MISS:          0 MSHR_MERGE:          0
cpu5->cpu5_L1D PREFETCH     ACCESS:          0 HIT:          0 MISS:          0 MSHR_MERGE:          0
cpu5->cpu5_L1D WRITE        ACCESS:   12843075 HIT:   12843075 MISS:          0 MSHR_MERGE:          0
cpu5->cpu5_L1D TRANSLATION  ACCESS:         24 HIT:          0 MISS:         24 MSHR_MERGE:          0
cpu5->cpu5_L1D PREFETCH REQUESTED:          0 ISSUED:          0 USEFUL:          0 USELESS:          0
cpu5->cpu5_L1D AVERAGE MISS LATENCY: 293.2 cycles
cpu5->cpu5_ITLB TOTAL        ACCESS:   15708652 HIT:   15708652 MISS:          0 MSHR_MERGE:          0
cpu5->cpu5_ITLB LOAD         ACCESS:   15708652 HIT:   15708652 MISS:          0 MSHR_MERGE:          0
cpu5->cpu5_ITLB RFO          ACCESS:          0 HIT:          0 MISS:          0 MSHR_MERGE:          0
cpu5->cpu5_ITLB PREFETCH     ACCESS:          0 HIT:          0 MISS:          0 MSHR_MERGE:          0
cpu5->cpu5_ITLB WRITE        ACCESS:          0 HIT:          0 MISS:          0 MSHR_MERGE:          0
cpu5->cpu5_ITLB TRANSLATION  ACCESS:          0 HIT:          0 MISS:          0 MSHR_MERGE:          0
cpu5->cpu5_ITLB PREFETCH REQUESTED:          0 ISSUED:          0 USEFUL:          0 USELESS:          0
cpu5->cpu5_ITLB AVERAGE MISS LATENCY: - cycles
cpu5->cpu5_DTLB TOTAL        ACCESS:   19977055 HIT:   19976916 MISS:        139 MSHR_MERGE:         92
cpu5->cpu5_DTLB LOAD         ACCESS:   19977055 HIT:   19976916 MISS:        139 MSHR_MERGE:         92
cpu5->cpu5_DTLB RFO          ACCESS:          0 HIT:          0 MISS:          0 MSHR_MERGE:          0
cpu5->cpu5_DTLB PREFETCH     ACCESS:          0 HIT:          0 MISS:          0 MSHR_MERGE:          0
cpu5->cpu5_DTLB WRITE        ACCESS:          0 HIT:          0 MISS:          0 MSHR_MERGE:          0
cpu5->cpu5_DTLB TRANSLATION  ACCESS:          0 HIT:          0 MISS:          0 MSHR_MERGE:          0
cpu5->cpu5_DTLB PREFETCH REQUESTED:          0 ISSUED:          0 USEFUL:          0 USELESS:          0
cpu5->cpu5_DTLB AVERAGE MISS LATENCY: 124.1 cycles
cpu4->cpu4_STLB TOTAL        ACCESS:         47 HIT:         23 MISS:         24 MSHR_MERGE:          0
cpu4->cpu4_STLB LOAD         ACCESS:         47 HIT:         23 MISS:         24 MSHR_MERGE:          0
cpu4->cpu4_STLB RFO          ACCESS:          0 HIT:          0 MISS:          0 MSHR_MERGE:          0
cpu4->cpu4_STLB PREFETCH     ACCESS:          0 HIT:          0 MISS:          0 MSHR_MERGE:          0
cpu4->cpu4_STLB WRITE        ACCESS:          0 HIT:          0 MISS:          0 MSHR_MERGE:          0
cpu4->cpu4_STLB TRANSLATION  ACCESS:          0 HIT:          0 MISS:          0 MSHR_MERGE:          0
cpu4->cpu4_STLB PREFETCH REQUESTED:          0 ISSUED:          0 USEFUL:          0 USELESS:          0
cpu4->cpu4_STLB AVERAGE MISS LATENCY: 232.3 cycles
cpu4->cpu4_L2C TOTAL        ACCESS:    3217471 HIT:    1606216 MISS:    1611255 MSHR_MERGE:          0
cpu4->cpu4_L2C LOAD         ACCESS:    1611231 HIT:          0 MISS:    1611231 MSHR_MERGE:          0
cpu4->cpu4_L2C RFO          ACCESS:          0 HIT:          0 MISS:          0 MSHR_MERGE:          0
cpu4->cpu4_L2C PREFETCH     ACCESS:          0 HIT:          0 MISS:          0 MSHR_MERGE:          0
cpu4->cpu4_L2C WRITE        ACCESS:    1606216 HIT:    1606216 MISS:          0 MSHR_MERGE:          0
cpu4->cpu4_L2C TRANSLATION  ACCESS:         24 HIT:          0 MISS:         24 MSHR_MERGE:          0
cpu4->cpu4_L2C PREFETCH REQUESTED:          0 ISSUED:          0 USEFUL:          0 USELESS:          0
cpu4->cpu4_L2C AVERAGE MISS LATENCY: 284.1 cycles
cpu4->cpu4_L1I TOTAL        ACCESS:   21486877 HIT:   21486877 MISS:          0 MSHR_MERGE:          0
cpu4->cpu4_L1I LOAD         ACCESS:   21486877 HIT:   21486877 MISS:          0 MSHR_MERGE:          0
cpu4->cpu4_L1I RFO          ACCESS:          0 HIT:          0 MISS:          0 MSHR_MERGE:          0
cpu4->cpu4_L1I PREFETCH     ACCESS:          0 HIT:          0 MISS:          0 MSHR_MERGE:          0
cpu4->cpu4_L1I WRITE        ACCESS:          0 HIT:          0 MISS:          0 MSHR_MERGE:          0
cpu4->cpu4_L1I TRANSLATION  ACCESS:          0 HIT:          0 MISS:          0 MSHR_MERGE:          0
cpu4->cpu4_L1I PREFETCH REQUESTED:          0 ISSUED:          0 USEFUL:          0 USELESS:          0
cpu4->cpu4_L1I AVERAGE MISS LATENCY: - cycles
cpu4->cpu4_L1D TOTAL        ACCESS:   23380803 HIT:   17735822 MISS:    5644981 MSHR_MERGE:    4033726
cpu4->cpu4_L1D LOAD         ACCESS:   10531054 HIT:    4886097 MISS:    5644957 MSHR_MERGE:    4033726
cpu4->cpu4_L1D RFO          ACCESS:          0 HIT:          0 MISS:          0 MSHR_MERGE:          0
cpu4->cpu4_L1D PREFETCH     ACCESS:          0 HIT:          0 MISS:          0 MSHR_MERGE:          0
cpu4->cpu4_L1D WRITE        ACCESS:   12849725 HIT:   12849725 MISS:          0 MSHR_MERGE:          0
cpu4->cpu4_L1D TRANSLATION  ACCESS:         24 HIT:          0 MISS:         24 MSHR_MERGE:          0
cpu4->cpu4_L1D PREFETCH REQUESTED:          0 ISSUED:          0 USEFUL:          0 USELESS:          0
cpu4->cpu4_L1D AVERAGE MISS LATENCY: 293.1 cycles
cpu4->cpu4_ITLB TOTAL        ACCESS:   15708949 HIT:   15708949 MISS:          0 MSHR_MERGE:          0
cpu4->cpu4_ITLB LOAD         ACCESS:   15708949 HIT:   15708949 MISS:          0 MSHR_MERGE:          0
cpu4->cpu4_ITLB RFO          ACCESS:          0 HIT:          0 MISS:          0 MSHR_MERGE:          0
cpu4->cpu4_ITLB PREFETCH     ACCESS:          0 HIT:          0 MISS:          0 MSHR_MERGE:          0
cpu4->cpu4_ITLB WRITE        ACCESS:          0 HIT:          0 MISS:          0 MSHR_MERGE:          0
cpu4->cpu4_ITLB TRANSLATION  ACCESS:          0 HIT:          0 MISS:          0 MSHR_MERGE:          0
cpu4->cpu4_ITLB PREFETCH REQUESTED:          0 ISSUED:          0 USEFUL:          0 USELESS:          0
cpu4->cpu4_ITLB AVERAGE MISS LATENCY: - cycles
cpu4->cpu4_DTLB TOTAL        ACCESS:   19985330 HIT:   19985192 MISS:        138 MSHR_MERGE:         91
cpu4->cpu4_DTLB LOAD         ACCESS:   19985330 HIT:   19985192 MISS:        138 MSHR_MERGE:         91
cpu4->cpu4_DTLB RFO          ACCESS:          0 HIT:          0 MISS:          0 MSHR_MERGE:          0
cpu4->cpu4_DTLB PREFETCH     ACCESS:          0 HIT:          0 MISS:          0 MSHR_MERGE:          0
cpu4->cpu4_DTLB WRITE        ACCESS:          0 HIT:          0 MISS:          0 MSHR_MERGE:          0
cpu4->cpu4_DTLB TRANSLATION  ACCESS:          0 HIT:          0 MISS:          0 MSHR_MERGE:          0
cpu4->cpu4_DTLB PREFETCH REQUESTED:          0 ISSUED:          0 USEFUL:          0 USELESS:          0
cpu4->cpu4_DTLB AVERAGE MISS LATENCY: 124.1 cycles
cpu3->cpu3_STLB TOTAL        ACCESS:         47 HIT:         23 MISS:         24 MSHR_MERGE:          0
cpu3->cpu3_STLB LOAD         ACCESS:         47 HIT:         23 MISS:         24 MSHR_MERGE:          0
cpu3->cpu3_STLB RFO          ACCESS:          0 HIT:          0 MISS:          0 MSHR_MERGE:          0
cpu3->cpu3_STLB PREFETCH     ACCESS:          0 HIT:          0 MISS:          0 MSHR_MERGE:          0
cpu3->cpu3_STLB WRITE        ACCESS:          0 HIT:          0 MISS:          0 MSHR_MERGE:          0
cpu3->cpu3_STLB TRANSLATION  ACCESS:          0 HIT:          0 MISS:          0 MSHR_MERGE:          0
cpu3->cpu3_STLB PREFETCH REQUESTED:          0 ISSUED:          0 USEFUL:          0 USELESS:          0
cpu3->cpu3_STLB AVERAGE MISS LATENCY: 362.4 cycles
cpu3->cpu3_L2C TOTAL        ACCESS:    3218179 HIT:    1606568 MISS:    1611611 MSHR_MERGE:          0
cpu3->cpu3_L2C LOAD         ACCESS:    1611587 HIT:          0 MISS:    1611587 MSHR_MERGE:          0
cpu3->cpu3_L2C RFO          ACCESS:          0 HIT:          0 MISS:          0 MSHR_MERGE:          0
cpu3->cpu3_L2C PREFETCH     ACCESS:          0 HIT:          0 MISS:          0 MSHR_MERGE:          0
cpu3->cpu3_L2C WRITE        ACCESS:    1606568 HIT:    1606568 MISS:          0 MSHR_MERGE:          0
cpu3->cpu3_L2C TRANSLATION  ACCESS:         24 HIT:          0 MISS:         24 MSHR_MERGE:          0
cpu3->cpu3_L2C PREFETCH REQUESTED:          0 ISSUED:          0 USEFUL:          0 USELESS:          0
cpu3->cpu3_L2C AVERAGE MISS LATENCY: 284.2 cycles
cpu3->cpu3_L1I TOTAL        ACCESS:   21525283 HIT:   21525283 MISS:          0 MSHR_MERGE:          0
cpu3->cpu3_L1I LOAD         ACCESS:   21525283 HIT:   21525283 MISS:          0 MSHR_MERGE:          0
cpu3->cpu3_L1I RFO          ACCESS:          0 HIT:          0 MISS:          0 MSHR_MERGE:          0
cpu3->cpu3_L1I PREFETCH     ACCESS:          0 HIT:          0 MISS:          0 MSHR_MERGE:          0
cpu3->cpu3_L1I WRITE        ACCESS:          0 HIT:          0 MISS:          0 MSHR_MERGE:          0
cpu3->cpu3_L1I TRANSLATION  ACCESS:          0 HIT:          0 MISS:          0 MSHR_MERGE:          0
cpu3->cpu3_L1I PREFETCH REQUESTED:          0 ISSUED:          0 USEFUL:          0 USELESS:          0
cpu3->cpu3_L1I AVERAGE MISS LATENCY: - cycles
cpu3->cpu3_L1D TOTAL        ACCESS:   23376887 HIT:   17717333 MISS:    5659554 MSHR_MERGE:    4047943
cpu3->cpu3_L1D LOAD         ACCESS:   10524317 HIT:    4864787 MISS:    5659530 MSHR_MERGE:    4047943
cpu3->cpu3_L1D RFO          ACCESS:          0 HIT:          0 MISS:          0 MSHR_MERGE:          0
cpu3->cpu3_L1D PREFETCH     ACCESS:          0 HIT:          0 MISS:          0 MSHR_MERGE:          0
cpu3->cpu3_L1D WRITE        ACCESS:   12852546 HIT:   12852546 MISS:          0 MSHR_MERGE:          0
cpu3->cpu3_L1D TRANSLATION  ACCESS:         24 HIT:          0 MISS:         24 MSHR_MERGE:          0
cpu3->cpu3_L1D PREFETCH REQUESTED:          0 ISSUED:          0 USEFUL:          0 USELESS:          0
cpu3->cpu3_L1D AVERAGE MISS LATENCY: 293.2 cycles
cpu3->cpu3_ITLB TOTAL        ACCESS:   15764133 HIT:   15764133 MISS:          0 MSHR_MERGE:          0
cpu3->cpu3_ITLB LOAD         ACCESS:   15764133 HIT:   15764133 MISS:          0 MSHR_MERGE:          0
cpu3->cpu3_ITLB RFO          ACCESS:          0 HIT:          0 MISS:          0 MSHR_MERGE:          0
cpu3->cpu3_ITLB PREFETCH     ACCESS:          0 HIT:          0 MISS:          0 MSHR_MERGE:          0
cpu3->cpu3_ITLB WRITE        ACCESS:          0 HIT:          0 MISS:          0 MSHR_MERGE:          0
cpu3->cpu3_ITLB TRANSLATION  ACCESS:          0 HIT:          0 MISS:          0 MSHR_MERGE:          0
cpu3->cpu3_ITLB PREFETCH REQUESTED:          0 ISSUED:          0 USEFUL:          0 USELESS:          0
cpu3->cpu3_ITLB AVERAGE MISS LATENCY: - cycles
cpu3->cpu3_DTLB TOTAL        ACCESS:   19994581 HIT:   19994436 MISS:        145 MSHR_MERGE:         98
cpu3->cpu3_DTLB LOAD         ACCESS:   19994581 HIT:   19994436 MISS:        145 MSHR_MERGE:         98
cpu3->cpu3_DTLB RFO          ACCESS:          0 HIT:          0 MISS:          0 MSHR_MERGE:          0
cpu3->cpu3_DTLB PREFETCH     ACCESS:          0 HIT:          0 MISS:          0 MSHR_MERGE:          0
cpu3->cpu3_DTLB WRITE        ACCESS:          0 HIT:          0 MISS:          0 MSHR_MERGE:          0
cpu3->cpu3_DTLB TRANSLATION  ACCESS:          0 HIT:          0 MISS:          0 MSHR_MERGE:          0
cpu3->cpu3_DTLB PREFETCH REQUESTED:          0 ISSUED:          0 USEFUL:          0 USELESS:          0
cpu3->cpu3_DTLB AVERAGE MISS LATENCY: 190.6 cycles
cpu2->cpu2_STLB TOTAL        ACCESS:         47 HIT:         23 MISS:         24 MSHR_MERGE:          0
cpu2->cpu2_STLB LOAD         ACCESS:         47 HIT:         23 MISS:         24 MSHR_MERGE:          0
cpu2->cpu2_STLB RFO          ACCESS:          0 HIT:          0 MISS:          0 MSHR_MERGE:          0
cpu2->cpu2_STLB PREFETCH     ACCESS:          0 HIT:          0 MISS:          0 MSHR_MERGE:          0
cpu2->cpu2_STLB WRITE        ACCESS:          0 HIT:          0 MISS:          0 MSHR_MERGE:          0
cpu2->cpu2_STLB TRANSLATION  ACCESS:          0 HIT:          0 MISS:          0 MSHR_MERGE:          0
cpu2->cpu2_STLB PREFETCH REQUESTED:          0 ISSUED:          0 USEFUL:          0 USELESS:          0
cpu2->cpu2_STLB AVERAGE MISS LATENCY: 232 cycles
cpu2->cpu2_L2C TOTAL        ACCESS:    3213759 HIT:    1604361 MISS:    1609398 MSHR_MERGE:          0
cpu2->cpu2_L2C LOAD         ACCESS:    1609374 HIT:          0 MISS:    1609374 MSHR_MERGE:          0
cpu2->cpu2_L2C RFO          ACCESS:          0 HIT:          0 MISS:          0 MSHR_MERGE:          0
cpu2->cpu2_L2C PREFETCH     ACCESS:          0 HIT:          0 MISS:          0 MSHR_MERGE:          0
cpu2->cpu2_L2C WRITE        ACCESS:    1604361 HIT:    1604361 MISS:          0 MSHR_MERGE:          0
cpu2->cpu2_L2C TRANSLATION  ACCESS:         24 HIT:          0 MISS:         24 MSHR_MERGE:          0
cpu2->cpu2_L2C PREFETCH REQUESTED:          0 ISSUED:          0 USEFUL:          0 USELESS:          0
cpu2->cpu2_L2C AVERAGE MISS LATENCY: 284.5 cycles
cpu2->cpu2_L1I TOTAL        ACCESS:   21443361 HIT:   21443361 MISS:          0 MSHR_MERGE:          0
cpu2->cpu2_L1I LOAD         ACCESS:   21443361 HIT:   21443361 MISS:          0 MSHR_MERGE:          0
cpu2->cpu2_L1I RFO          ACCESS:          0 HIT:          0 MISS:          0 MSHR_MERGE:          0
cpu2->cpu2_L1I PREFETCH     ACCESS:          0 HIT:          0 MISS:          0 MSHR_MERGE:          0
cpu2->cpu2_L1I WRITE        ACCESS:          0 HIT:          0 MISS:          0 MSHR_MERGE:          0
cpu2->cpu2_L1I TRANSLATION  ACCESS:          0 HIT:          0 MISS:          0 MSHR_MERGE:          0
cpu2->cpu2_L1I PREFETCH REQUESTED:          0 ISSUED:          0 USEFUL:          0 USELESS:          0
cpu2->cpu2_L1I AVERAGE MISS LATENCY: - cycles
cpu2->cpu2_L1D TOTAL        ACCESS:   23352080 HIT:   17717818 MISS:    5634262 MSHR_MERGE:    4024864
cpu2->cpu2_L1D LOAD         ACCESS:   10517155 HIT:    4882917 MISS:    5634238 MSHR_MERGE:    4024864
cpu2->cpu2_L1D RFO          ACCESS:          0 HIT:          0 MISS:          0 MSHR_MERGE:          0
cpu2->cpu2_L1D PREFETCH     ACCESS:          0 HIT:          0 MISS:          0 MSHR_MERGE:          0
cpu2->cpu2_L1D WRITE        ACCESS:   12834901 HIT:   12834901 MISS:          0 MSHR_MERGE:          0
cpu2->cpu2_L1D TRANSLATION  ACCESS:         24 HIT:          0 MISS:         24 MSHR_MERGE:          0
cpu2->cpu2_L1D PREFETCH REQUESTED:          0 ISSUED:          0 USEFUL:          0 USELESS:          0
cpu2->cpu2_L1D AVERAGE MISS LATENCY: 293.5 cycles
cpu2->cpu2_ITLB TOTAL        ACCESS:   15696745 HIT:   15696745 MISS:          0 MSHR_MERGE:          0
cpu2->cpu2_ITLB LOAD         ACCESS:   15696745 HIT:   15696745 MISS:          0 MSHR_MERGE:          0
cpu2->cpu2_ITLB RFO          ACCESS:          0 HIT:          0 MISS:          0 MSHR_MERGE:          0
cpu2->cpu2_ITLB PREFETCH     ACCESS:          0 HIT:          0 MISS:          0 MSHR_MERGE:          0
cpu2->cpu2_ITLB WRITE        ACCESS:          0 HIT:          0 MISS:          0 MSHR_MERGE:          0
cpu2->cpu2_ITLB TRANSLATION  ACCESS:          0 HIT:          0 MISS:          0 MSHR_MERGE:          0
cpu2->cpu2_ITLB PREFETCH REQUESTED:          0 ISSUED:          0 USEFUL:          0 USELESS:          0
cpu2->cpu2_ITLB AVERAGE MISS LATENCY: - cycles
cpu2->cpu2_DTLB TOTAL        ACCESS:   19957556 HIT:   19957408 MISS:        148 MSHR_MERGE:        101
cpu2->cpu2_DTLB LOAD         ACCESS:   19957556 HIT:   19957408 MISS:        148 MSHR_MERGE:        101
cpu2->cpu2_DTLB RFO          ACCESS:          0 HIT:          0 MISS:          0 MSHR_MERGE:          0
cpu2->cpu2_DTLB PREFETCH     ACCESS:          0 HIT:          0 MISS:          0 MSHR_MERGE:          0
cpu2->cpu2_DTLB WRITE        ACCESS:          0 HIT:          0 MISS:          0 MSHR_MERGE:          0
cpu2->cpu2_DTLB TRANSLATION  ACCESS:          0 HIT:          0 MISS:          0 MSHR_MERGE:          0
cpu2->cpu2_DTLB PREFETCH REQUESTED:          0 ISSUED:          0 USEFUL:          0 USELESS:          0
cpu2->cpu2_DTLB AVERAGE MISS LATENCY: 124 cycles
cpu1->cpu1_STLB TOTAL        ACCESS:         47 HIT:         23 MISS:         24 MSHR_MERGE:          0
cpu1->cpu1_STLB LOAD         ACCESS:         47 HIT:         23 MISS:         24 MSHR_MERGE:          0
cpu1->cpu1_STLB RFO          ACCESS:          0 HIT:          0 MISS:          0 MSHR_MERGE:          0
cpu1->cpu1_STLB PREFETCH     ACCESS:          0 HIT:          0 MISS:          0 MSHR_MERGE:          0
cpu1->cpu1_STLB WRITE        ACCESS:          0 HIT:          0 MISS:          0 MSHR_MERGE:          0
cpu1->cpu1_STLB TRANSLATION  ACCESS:          0 HIT:          0 MISS:          0 MSHR_MERGE:          0
cpu1->cpu1_STLB PREFETCH REQUESTED:          0 ISSUED:          0 USEFUL:          0 USELESS:          0
cpu1->cpu1_STLB AVERAGE MISS LATENCY: 242 cycles
cpu1->cpu1_L2C TOTAL        ACCESS:    3215778 HIT:    1605370 MISS:    1610408 MSHR_MERGE:          0
cpu1->cpu1_L2C LOAD         ACCESS:    1610384 HIT:          0 MISS:    1610384 MSHR_MERGE:          0
cpu1->cpu1_L2C RFO          ACCESS:          0 HIT:          0 MISS:          0 MSHR_MERGE:          0
cpu1->cpu1_L2C PREFETCH     ACCESS:          0 HIT:          0 MISS:          0 MSHR_MERGE:          0
cpu1->cpu1_L2C WRITE        ACCESS:    1605370 HIT:    1605370 MISS:          0 MSHR_MERGE:          0
cpu1->cpu1_L2C TRANSLATION  ACCESS:         24 HIT:          0 MISS:         24 MSHR_MERGE:          0
cpu1->cpu1_L2C PREFETCH REQUESTED:          0 ISSUED:          0 USEFUL:          0 USELESS:          0
cpu1->cpu1_L2C AVERAGE MISS LATENCY: 284.3 cycles
cpu1->cpu1_L1I TOTAL        ACCESS:   21481680 HIT:   21481680 MISS:          0 MSHR_MERGE:          0
cpu1->cpu1_L1I LOAD         ACCESS:   21481680 HIT:   21481680 MISS:          0 MSHR_MERGE:          0
cpu1->cpu1_L1I RFO          ACCESS:          0 HIT:          0 MISS:          0 MSHR_MERGE:          0
cpu1->cpu1_L1I PREFETCH     ACCESS:          0 HIT:          0 MISS:          0 MSHR_MERGE:          0
cpu1->cpu1_L1I WRITE        ACCESS:          0 HIT:          0 MISS:          0 MSHR_MERGE:          0
cpu1->cpu1_L1I TRANSLATION  ACCESS:          0 HIT:          0 MISS:          0 MSHR_MERGE:          0
cpu1->cpu1_L1I PREFETCH REQUESTED:          0 ISSUED:          0 USEFUL:          0 USELESS:          0
cpu1->cpu1_L1I AVERAGE MISS LATENCY: - cycles
cpu1->cpu1_L1D TOTAL        ACCESS:   23362115 HIT:   17725138 MISS:    5636977 MSHR_MERGE:    4026569
cpu1->cpu1_L1D LOAD         ACCESS:   10519115 HIT:    4882162 MISS:    5636953 MSHR_MERGE:    4026569
cpu1->cpu1_L1D RFO          ACCESS:          0 HIT:          0 MISS:          0 MSHR_MERGE:          0
cpu1->cpu1_L1D PREFETCH     ACCESS:          0 HIT:          0 MISS:          0 MSHR_MERGE:          0
cpu1->cpu1_L1D WRITE        ACCESS:   12842976 HIT:   12842976 MISS:          0 MSHR_MERGE:          0
cpu1->cpu1_L1D TRANSLATION  ACCESS:         24 HIT:          0 MISS:         24 MSHR_MERGE:          0
cpu1->cpu1_L1D PREFETCH REQUESTED:          0 ISSUED:          0 USEFUL:          0 USELESS:          0
cpu1->cpu1_L1D AVERAGE MISS LATENCY: 293.3 cycles
cpu1->cpu1_ITLB TOTAL        ACCESS:   15729958 HIT:   15729958 MISS:          0 MSHR_MERGE:          0
cpu1->cpu1_ITLB LOAD         ACCESS:   15729958 HIT:   15729958 MISS:          0 MSHR_MERGE:          0
cpu1->cpu1_ITLB RFO          ACCESS:          0 HIT:          0 MISS:          0 MSHR_MERGE:          0
cpu1->cpu1_ITLB PREFETCH     ACCESS:          0 HIT:          0 MISS:          0 MSHR_MERGE:          0
cpu1->cpu1_ITLB WRITE        ACCESS:          0 HIT:          0 MISS:          0 MSHR_MERGE:          0
cpu1->cpu1_ITLB TRANSLATION  ACCESS:          0 HIT:          0 MISS:          0 MSHR_MERGE:          0
cpu1->cpu1_ITLB PREFETCH REQUESTED:          0 ISSUED:          0 USEFUL:          0 USELESS:          0
cpu1->cpu1_ITLB AVERAGE MISS LATENCY: - cycles
cpu1->cpu1_DTLB TOTAL        ACCESS:   19967445 HIT:   19967306 MISS:        139 MSHR_MERGE:         92
cpu1->cpu1_DTLB LOAD         ACCESS:   19967445 HIT:   19967306 MISS:        139 MSHR_MERGE:         92
cpu1->cpu1_DTLB RFO          ACCESS:          0 HIT:          0 MISS:          0 MSHR_MERGE:          0
cpu1->cpu1_DTLB PREFETCH     ACCESS:          0 HIT:          0 MISS:          0 MSHR_MERGE:          0
cpu1->cpu1_DTLB WRITE        ACCESS:          0 HIT:          0 MISS:          0 MSHR_MERGE:          0
cpu1->cpu1_DTLB TRANSLATION  ACCESS:          0 HIT:          0 MISS:          0 MSHR_MERGE:          0
cpu1->cpu1_DTLB PREFETCH REQUESTED:          0 ISSUED:          0 USEFUL:          0 USELESS:          0
cpu1->cpu1_DTLB AVERAGE MISS LATENCY: 129.1 cycles
cpu0->cpu0_STLB TOTAL        ACCESS:         47 HIT:         23 MISS:         24 MSHR_MERGE:          0
cpu0->cpu0_STLB LOAD         ACCESS:         47 HIT:         23 MISS:         24 MSHR_MERGE:          0
cpu0->cpu0_STLB RFO          ACCESS:          0 HIT:          0 MISS:          0 MSHR_MERGE:          0
cpu0->cpu0_STLB PREFETCH     ACCESS:          0 HIT:          0 MISS:          0 MSHR_MERGE:          0
cpu0->cpu0_STLB WRITE        ACCESS:          0 HIT:          0 MISS:          0 MSHR_MERGE:          0
cpu0->cpu0_STLB TRANSLATION  ACCESS:          0 HIT:          0 MISS:          0 MSHR_MERGE:          0
cpu0->cpu0_STLB PREFETCH REQUESTED:          0 ISSUED:          0 USEFUL:          0 USELESS:          0
cpu0->cpu0_STLB AVERAGE MISS LATENCY: 292.2 cycles
cpu0->cpu0_L2C TOTAL        ACCESS:    3221105 HIT:    1608030 MISS:    1613075 MSHR_MERGE:          0
cpu0->cpu0_L2C LOAD         ACCESS:    1613051 HIT:          0 MISS:    1613051 MSHR_MERGE:          0
cpu0->cpu0_L2C RFO          ACCESS:          0 HIT:          0 MISS:          0 MSHR_MERGE:          0
cpu0->cpu0_L2C PREFETCH     ACCESS:          0 HIT:          0 MISS:          0 MSHR_MERGE:          0
cpu0->cpu0_L2C WRITE        ACCESS:    1608030 HIT:    1608030 MISS:          0 MSHR_MERGE:          0
cpu0->cpu0_L2C TRANSLATION  ACCESS:         24 HIT:          0 MISS:         24 MSHR_MERGE:          0
cpu0->cpu0_L2C PREFETCH REQUESTED:          0 ISSUED:          0 USEFUL:          0 USELESS:          0
cpu0->cpu0_L2C AVERAGE MISS LATENCY: 283.8 cycles
cpu0->cpu0_L1I TOTAL        ACCESS:   21514384 HIT:   21514384 MISS:          0 MSHR_MERGE:          0
cpu0->cpu0_L1I LOAD         ACCESS:   21514384 HIT:   21514384 MISS:          0 MSHR_MERGE:          0
cpu0->cpu0_L1I RFO          ACCESS:          0 HIT:          0 MISS:          0 MSHR_MERGE:          0
cpu0->cpu0_L1I PREFETCH     ACCESS:          0 HIT:          0 MISS:          0 MSHR_MERGE:          0
cpu0->cpu0_L1I WRITE        ACCESS:          0 HIT:          0 MISS:          0 MSHR_MERGE:          0
cpu0->cpu0_L1I TRANSLATION  ACCESS:          0 HIT:          0 MISS:          0 MSHR_MERGE:          0
cpu0->cpu0_L1I PREFETCH REQUESTED:          0 ISSUED:          0 USEFUL:          0 USELESS:          0
cpu0->cpu0_L1I AVERAGE MISS LATENCY: - cycles
cpu0->cpu0_L1D TOTAL        ACCESS:   23415373 HIT:   17757961 MISS:    5657412 MSHR_MERGE:    4044337
cpu0->cpu0_L1D LOAD         ACCESS:   10551106 HIT:    4893718 MISS:    5657388 MSHR_MERGE:    4044337
cpu0->cpu0_L1D RFO          ACCESS:          0 HIT:          0 MISS:          0 MSHR_MERGE:          0
cpu0->cpu0_L1D PREFETCH     ACCESS:          0 HIT:          0 MISS:          0 MSHR_MERGE:          0
cpu0->cpu0_L1D WRITE        ACCESS:   12864243 HIT:   12864243 MISS:          0 MSHR_MERGE:          0
cpu0->cpu0_L1D TRANSLATION  ACCESS:         24 HIT:          0 MISS:         24 MSHR_MERGE:          0
cpu0->cpu0_L1D PREFETCH REQUESTED:          0 ISSUED:          0 USEFUL:          0 USELESS:          0
cpu0->cpu0_L1D AVERAGE MISS LATENCY: 292.8 cycles
cpu0->cpu0_ITLB TOTAL        ACCESS:   15747811 HIT:   15747811 MISS:          0 MSHR_MERGE:          0
cpu0->cpu0_ITLB LOAD         ACCESS:   15747811 HIT:   15747811 MISS:          0 MSHR_MERGE:          0
cpu0->cpu0_ITLB RFO          ACCESS:          0 HIT:          0 MISS:          0 MSHR_MERGE:          0
cpu0->cpu0_ITLB PREFETCH     ACCESS:          0 HIT:          0 MISS:          0 MSHR_MERGE:          0
cpu0->cpu0_ITLB WRITE        ACCESS:          0 HIT:          0 MISS:          0 MSHR_MERGE:          0
cpu0->cpu0_ITLB TRANSLATION  ACCESS:          0 HIT:          0 MISS:          0 MSHR_MERGE:          0
cpu0->cpu0_ITLB PREFETCH REQUESTED:          0 ISSUED:          0 USEFUL:          0 USELESS:          0
cpu0->cpu0_ITLB AVERAGE MISS LATENCY: - cycles
cpu0->cpu0_DTLB TOTAL        ACCESS:   20025501 HIT:   20025356 MISS:        145 MSHR_MERGE:         98
cpu0->cpu0_DTLB LOAD         ACCESS:   20025501 HIT:   20025356 MISS:        145 MSHR_MERGE:         98
cpu0->cpu0_DTLB RFO          ACCESS:          0 HIT:          0 MISS:          0 MSHR_MERGE:          0
cpu0->cpu0_DTLB PREFETCH     ACCESS:          0 HIT:          0 MISS:          0 MSHR_MERGE:          0
cpu0->cpu0_DTLB WRITE        ACCESS:          0 HIT:          0 MISS:          0 MSHR_MERGE:          0
cpu0->cpu0_DTLB TRANSLATION  ACCESS:          0 HIT:          0 MISS:          0 MSHR_MERGE:          0
cpu0->cpu0_DTLB PREFETCH REQUESTED:          0 ISSUED:          0 USEFUL:          0 USELESS:          0
cpu0->cpu0_DTLB AVERAGE MISS LATENCY: 154.7 cycles
cpu0->LLC TOTAL        ACCESS:    3221112 HIT:    1604920 MISS:    1616192 MSHR_MERGE:          0
cpu0->LLC LOAD         ACCESS:    1613056 HIT:          0 MISS:    1613056 MSHR_MERGE:          0
cpu0->LLC RFO          ACCESS:          0 HIT:          0 MISS:          0 MSHR_MERGE:          0
cpu0->LLC PREFETCH     ACCESS:          0 HIT:          0 MISS:          0 MSHR_MERGE:          0
cpu0->LLC WRITE        ACCESS:    1608032 HIT:    1604905 MISS:       3127 MSHR_MERGE:          0
cpu0->LLC TRANSLATION  ACCESS:         24 HIT:         15 MISS:          9 MSHR_MERGE:          0
cpu0->LLC PREFETCH REQUESTED:          0 ISSUED:          0 USEFUL:          0 USELESS:          0
cpu0->LLC AVERAGE MISS LATENCY: 2138 cycles
cpu1->LLC TOTAL        ACCESS:    3215783 HIT:    1602659 MISS:    1613124 MSHR_MERGE:          0
cpu1->LLC LOAD         ACCESS:    1610389 HIT:          0 MISS:    1610389 MSHR_MERGE:          0
cpu1->LLC RFO          ACCESS:          0 HIT:          0 MISS:          0 MSHR_MERGE:          0
cpu1->LLC PREFETCH     ACCESS:          0 HIT:          0 MISS:          0 MSHR_MERGE:          0
cpu1->LLC WRITE        ACCESS:    1605370 HIT:    1602636 MISS:       2734 MSHR_MERGE:          0
cpu1->LLC TRANSLATION  ACCESS:         24 HIT:         23 MISS:          1 MSHR_MERGE:          0
cpu1->LLC PREFETCH REQUESTED:          0 ISSUED:          0 USEFUL:          0 USELESS:          0
cpu1->LLC AVERAGE MISS LATENCY: 2142 cycles
cpu2->LLC TOTAL        ACCESS:    3213766 HIT:    1601926 MISS:    1611840 MSHR_MERGE:          0
cpu2->LLC LOAD         ACCESS:    1609376 HIT:          0 MISS:    1609376 MSHR_MERGE:          0
cpu2->LLC RFO          ACCESS:          0 HIT:          0 MISS:          0 MSHR_MERGE:          0
cpu2->LLC PREFETCH     ACCESS:          0 HIT:          0 MISS:          0 MSHR_MERGE:          0
cpu2->LLC WRITE        ACCESS:    1604366 HIT:    1601902 MISS:       2464 MSHR_MERGE:          0
cpu2->LLC TRANSLATION  ACCESS:         24 HIT:         24 MISS:          0 MSHR_MERGE:          0
cpu2->LLC PREFETCH REQUESTED:          0 ISSUED:          0 USEFUL:          0 USELESS:          0
cpu2->LLC AVERAGE MISS LATENCY: 2144 cycles
cpu3->LLC TOTAL        ACCESS:    3218186 HIT:    1603378 MISS:    1614808 MSHR_MERGE:          0
cpu3->LLC LOAD         ACCESS:    1611590 HIT:          0 MISS:    1611590 MSHR_MERGE:          0
cpu3->LLC RFO          ACCESS:          0 HIT:          0 MISS:          0 MSHR_MERGE:          0
cpu3->LLC PREFETCH     ACCESS:          0 HIT:          0 MISS:          0 MSHR_MERGE:          0
cpu3->LLC WRITE        ACCESS:    1606572 HIT:    1603366 MISS:       3206 MSHR_MERGE:          0
cpu3->LLC TRANSLATION  ACCESS:         24 HIT:         12 MISS:         12 MSHR_MERGE:          0
cpu3->LLC PREFETCH REQUESTED:          0 ISSUED:          0 USEFUL:          0 USELESS:          0
cpu3->LLC AVERAGE MISS LATENCY: 2140 cycles
cpu4->LLC TOTAL        ACCESS:    3217473 HIT:    1603402 MISS:    1614071 MSHR_MERGE:          0
cpu4->LLC LOAD         ACCESS:    1611235 HIT:          0 MISS:    1611235 MSHR_MERGE:          0
cpu4->LLC RFO          ACCESS:          0 HIT:          0 MISS:          0 MSHR_MERGE:          0
cpu4->LLC PREFETCH     ACCESS:          0 HIT:          0 MISS:          0 MSHR_MERGE:          0
cpu4->LLC WRITE        ACCESS:    1606214 HIT:    1603378 MISS:       2836 MSHR_MERGE:          0
cpu4->LLC TRANSLATION  ACCESS:         24 HIT:         24 MISS:          0 MSHR_MERGE:          0
cpu4->LLC PREFETCH REQUESTED:          0 ISSUED:          0 USEFUL:          0 USELESS:          0
cpu4->LLC AVERAGE MISS LATENCY: 2141 cycles
cpu5->LLC TOTAL        ACCESS:    3215810 HIT:    1603175 MISS:    1612635 MSHR_MERGE:          0
cpu5->LLC LOAD         ACCESS:    1610402 HIT:          0 MISS:    1610402 MSHR_MERGE:          0
cpu5->LLC RFO          ACCESS:          0 HIT:          0 MISS:          0 MSHR_MERGE:          0
cpu5->LLC PREFETCH     ACCESS:          0 HIT:          0 MISS:          0 MSHR_MERGE:          0
cpu5->LLC WRITE        ACCESS:    1605384 HIT:    1603151 MISS:       2233 MSHR_MERGE:          0
cpu5->LLC TRANSLATION  ACCESS:         24 HIT:         24 MISS:          0 MSHR_MERGE:          0
cpu5->LLC PREFETCH REQUESTED:          0 ISSUED:          0 USEFUL:          0 USELESS:          0
cpu5->LLC AVERAGE MISS LATENCY: 2143 cycles
cpu6->LLC TOTAL        ACCESS:    3210159 HIT:    1600930 MISS:    1609229 MSHR_MERGE:          0
cpu6->LLC LOAD         ACCESS:    1607572 HIT:          0 MISS:    1607572 MSHR_MERGE:          0
cpu6->LLC RFO          ACCESS:          0 HIT:          0 MISS:          0 MSHR_MERGE:          0
cpu6->LLC PREFETCH     ACCESS:          0 HIT:          0 MISS:          0 MSHR_MERGE:          0
cpu6->LLC WRITE        ACCESS:    1602563 HIT:    1600906 MISS:       1657 MSHR_MERGE:          0
cpu6->LLC TRANSLATION  ACCESS:         24 HIT:         24 MISS:          0 MSHR_MERGE:          0
cpu6->LLC PREFETCH REQUESTED:          0 ISSUED:          0 USEFUL:          0 USELESS:          0
cpu6->LLC AVERAGE MISS LATENCY: 2148 cycles
cpu7->LLC TOTAL        ACCESS:    3222426 HIT:    1605774 MISS:    1616652 MSHR_MERGE:          0
cpu7->LLC LOAD         ACCESS:    1613716 HIT:          0 MISS:    1613716 MSHR_MERGE:          0
cpu7->LLC RFO          ACCESS:          0 HIT:          0 MISS:          0 MSHR_MERGE:          0
cpu7->LLC PREFETCH     ACCESS:          0 HIT:          0 MISS:          0 MSHR_MERGE:          0
cpu7->LLC WRITE        ACCESS:    1608686 HIT:    1605752 MISS:       2934 MSHR_MERGE:          0
cpu7->LLC TRANSLATION  ACCESS:         24 HIT:         22 MISS:          2 MSHR_MERGE:          0
cpu7->LLC PREFETCH REQUESTED:          0 ISSUED:          0 USEFUL:          0 USELESS:          0
cpu7->LLC AVERAGE MISS LATENCY: 2138 cycles

Region of Interest Statistics

CPU 7 cumulative IPC: 0.3207 instructions: 100000002 cycles: 311853921
CPU 7 Branch Prediction Accuracy: 100% MPKI: 0 Average ROB Occupancy at Mispredict: -
Branch type MPKI
BRANCH_DIRECT_JUMP: 0
BRANCH_INDIRECT: 0
BRANCH_CONDITIONAL: 0
BRANCH_DIRECT_CALL: 0
BRANCH_INDIRECT_CALL: 0
BRANCH_RETURN: 0


CPU 6 cumulative IPC: 0.3194 instructions: 100000000 cycles: 313055560
CPU 6 Branch Prediction Accuracy: 100% MPKI: 0 Average ROB Occupancy at Mispredict: -
Branch type MPKI
BRANCH_DIRECT_JUMP: 0
BRANCH_INDIRECT: 0
BRANCH_CONDITIONAL: 0
BRANCH_DIRECT_CALL: 0
BRANCH_INDIRECT_CALL: 0
BRANCH_RETURN: 0


CPU 5 cumulative IPC: 0.32 instructions: 100000000 cycles: 312496532
CPU 5 Branch Prediction Accuracy: 100% MPKI: 0 Average ROB Occupancy at Mispredict: -
Branch type MPKI
BRANCH_DIRECT_JUMP: 0
BRANCH_INDIRECT: 0
BRANCH_CONDITIONAL: 0
BRANCH_DIRECT_CALL: 0
BRANCH_INDIRECT_CALL: 0
BRANCH_RETURN: 0


CPU 4 cumulative IPC: 0.3202 instructions: 100000002 cycles: 312322214
CPU 4 Branch Prediction Accuracy: 100% MPKI: 0 Average ROB Occupancy at Mispredict: -
Branch type MPKI
BRANCH_DIRECT_JUMP: 0
BRANCH_INDIRECT: 0
BRANCH_CONDITIONAL: 0
BRANCH_DIRECT_CALL: 0
BRANCH_INDIRECT_CALL: 0
BRANCH_RETURN: 0


CPU 3 cumulative IPC: 0.3202 instructions: 100000002 cycles: 312263979
CPU 3 Branch Prediction Accuracy: 100% MPKI: 0 Average ROB Occupancy at Mispredict: -
Branch type MPKI
BRANCH_DIRECT_JUMP: 0
BRANCH_INDIRECT: 0
BRANCH_CONDITIONAL: 0
BRANCH_DIRECT_CALL: 0
BRANCH_INDIRECT_CALL: 0
BRANCH_RETURN: 0


CPU 2 cumulative IPC: 0.3198 instructions: 100000000 cycles: 312708342
CPU 2 Branch Prediction Accuracy: 100% MPKI: 0 Average ROB Occupancy at Mispredict: -
Branch type MPKI
BRANCH_DIRECT_JUMP: 0
BRANCH_INDIRECT: 0
BRANCH_CONDITIONAL: 0
BRANCH_DIRECT_CALL: 0
BRANCH_INDIRECT_CALL: 0
BRANCH_RETURN: 0


CPU 1 cumulative IPC: 0.32 instructions: 100000002 cycles: 312492872
CPU 1 Branch Prediction Accuracy: 100% MPKI: 0 Average ROB Occupancy at Mispredict: -
Branch type MPKI
BRANCH_DIRECT_JUMP: 0
BRANCH_INDIRECT: 0
BRANCH_CONDITIONAL: 0
BRANCH_DIRECT_CALL: 0
BRANCH_INDIRECT_CALL: 0
BRANCH_RETURN: 0


CPU 0 cumulative IPC: 0.3205 instructions: 100000002 cycles: 311990449
CPU 0 Branch Prediction Accuracy: 100% MPKI: 0 Average ROB Occupancy at Mispredict: -
Branch type MPKI
BRANCH_DIRECT_JUMP: 0
BRANCH_INDIRECT: 0
BRANCH_CONDITIONAL: 0
BRANCH_DIRECT_CALL: 0
BRANCH_INDIRECT_CALL: 0
BRANCH_RETURN: 0

cpu7->cpu7_STLB TOTAL        ACCESS:         47 HIT:         23 MISS:         24 MSHR_MERGE:          0
cpu7->cpu7_STLB LOAD         ACCESS:         47 HIT:         23 MISS:         24 MSHR_MERGE:          0
cpu7->cpu7_STLB RFO          ACCESS:          0 HIT:          0 MISS:          0 MSHR_MERGE:          0
cpu7->cpu7_STLB PREFETCH     ACCESS:          0 HIT:          0 MISS:          0 MSHR_MERGE:          0
cpu7->cpu7_STLB WRITE        ACCESS:          0 HIT:          0 MISS:          0 MSHR_MERGE:          0
cpu7->cpu7_STLB TRANSLATION  ACCESS:          0 HIT:          0 MISS:          0 MSHR_MERGE:          0
cpu7->cpu7_STLB PREFETCH REQUESTED:          0 ISSUED:          0 USEFUL:          0 USELESS:          0
cpu7->cpu7_STLB AVERAGE MISS LATENCY: 276.2 cycles
cpu7->cpu7_L2C TOTAL        ACCESS:    3222423 HIT:    1608687 MISS:    1613736 MSHR_MERGE:          0
cpu7->cpu7_L2C LOAD         ACCESS:    1613712 HIT:          0 MISS:    1613712 MSHR_MERGE:          0
cpu7->cpu7_L2C RFO          ACCESS:          0 HIT:          0 MISS:          0 MSHR_MERGE:          0
cpu7->cpu7_L2C PREFETCH     ACCESS:          0 HIT:          0 MISS:          0 MSHR_MERGE:          0
cpu7->cpu7_L2C WRITE        ACCESS:    1608687 HIT:    1608687 MISS:          0 MSHR_MERGE:          0
cpu7->cpu7_L2C TRANSLATION  ACCESS:         24 HIT:          0 MISS:         24 MSHR_MERGE:          0
cpu7->cpu7_L2C PREFETCH REQUESTED:          0 ISSUED:          0 USEFUL:          0 USELESS:          0
cpu7->cpu7_L2C AVERAGE MISS LATENCY: 283.7 cycles
cpu7->cpu7_L1I TOTAL        ACCESS:   21495792 HIT:   21495792 MISS:          0 MSHR_MERGE:          0
cpu7->cpu7_L1I LOAD         ACCESS:   21495792 HIT:   21495792 MISS:          0 MSHR_MERGE:          0
cpu7->cpu7_L1I RFO          ACCESS:          0 HIT:          0 MISS:          0 MSHR_MERGE:          0
cpu7->cpu7_L1I PREFETCH     ACCESS:          0 HIT:          0 MISS:          0 MSHR_MERGE:          0
cpu7->cpu7_L1I WRITE        ACCESS:          0 HIT:          0 MISS:          0 MSHR_MERGE:          0
cpu7->cpu7_L1I TRANSLATION  ACCESS:          0 HIT:          0 MISS:          0 MSHR_MERGE:          0
cpu7->cpu7_L1I PREFETCH REQUESTED:          0 ISSUED:          0 USEFUL:          0 USELESS:          0
cpu7->cpu7_L1I AVERAGE MISS LATENCY: - cycles
cpu7->cpu7_L1D TOTAL        ACCESS:   23411997 HIT:   17760662 MISS:    5651335 MSHR_MERGE:    4037600
cpu7->cpu7_L1D LOAD         ACCESS:   10542475 HIT:    4891164 MISS:    5651311 MSHR_MERGE:    4037600
cpu7->cpu7_L1D RFO          ACCESS:          0 HIT:          0 MISS:          0 MSHR_MERGE:          0
cpu7->cpu7_L1D PREFETCH     ACCESS:          0 HIT:          0 MISS:          0 MSHR_MERGE:          0
cpu7->cpu7_L1D WRITE        ACCESS:   12869498 HIT:   12869498 MISS:          0 MSHR_MERGE:          0
cpu7->cpu7_L1D TRANSLATION  ACCESS:         24 HIT:          0 MISS:         24 MSHR_MERGE:          0
cpu7->cpu7_L1D PREFETCH REQUESTED:          0 ISSUED:          0 USEFUL:          0 USELESS:          0
cpu7->cpu7_L1D AVERAGE MISS LATENCY: 292.7 cycles
cpu7->cpu7_ITLB TOTAL        ACCESS:   15748604 HIT:   15748604 MISS:          0 MSHR_MERGE:          0
cpu7->cpu7_ITLB LOAD         ACCESS:   15748604 HIT:   15748604 MISS:          0 MSHR_MERGE:          0
cpu7->cpu7_ITLB RFO          ACCESS:          0 HIT:          0 MISS:          0 MSHR_MERGE:          0
cpu7->cpu7_ITLB PREFETCH     ACCESS:          0 HIT:          0 MISS:          0 MSHR_MERGE:          0
cpu7->cpu7_ITLB WRITE        ACCESS:          0 HIT:          0 MISS:          0 MSHR_MERGE:          0
cpu7->cpu7_ITLB TRANSLATION  ACCESS:          0 HIT:          0 MISS:          0 MSHR_MERGE:          0
cpu7->cpu7_ITLB PREFETCH REQUESTED:          0 ISSUED:          0 USEFUL:          0 USELESS:          0
cpu7->cpu7_ITLB AVERAGE MISS LATENCY: - cycles
cpu7->cpu7_DTLB TOTAL        ACCESS:   20010618 HIT:   20010476 MISS:        142 MSHR_MERGE:         95
cpu7->cpu7_DTLB LOAD         ACCESS:   20010618 HIT:   20010476 MISS:        142 MSHR_MERGE:         95
cpu7->cpu7_DTLB RFO          ACCESS:          0 HIT:          0 MISS:          0 MSHR_MERGE:          0
cpu7->cpu7_DTLB PREFETCH     ACCESS:          0 HIT:          0 MISS:          0 MSHR_MERGE:          0
cpu7->cpu7_DTLB WRITE        ACCESS:          0 HIT:          0 MISS:          0 MSHR_MERGE:          0
cpu7->cpu7_DTLB TRANSLATION  ACCESS:          0 HIT:          0 MISS:          0 MSHR_MERGE:          0
cpu7->cpu7_DTLB PREFETCH REQUESTED:          0 ISSUED:          0 USEFUL:          0 USELESS:          0
cpu7->cpu7_DTLB AVERAGE MISS LATENCY: 146.6 cycles
cpu6->cpu6_STLB TOTAL        ACCESS:         47 HIT:         23 MISS:         24 MSHR_MERGE:          0
cpu6->cpu6_STLB LOAD         ACCESS:         47 HIT:         23 MISS:         24 MSHR_MERGE:          0
cpu6->cpu6_STLB RFO          ACCESS:          0 HIT:          0 MISS:          0 MSHR_MERGE:          0
cpu6->cpu6_STLB PREFETCH     ACCESS:          0 HIT:          0 MISS:          0 MSHR_MERGE:          0
cpu6->cpu6_STLB WRITE        ACCESS:          0 HIT:          0 MISS:          0 MSHR_MERGE:          0
cpu6->cpu6_STLB TRANSLATION  ACCESS:          0 HIT:          0 MISS:          0 MSHR_MERGE:          0
cpu6->cpu6_STLB PREFETCH REQUESTED:          0 ISSUED:          0 USEFUL:          0 USELESS:          0
cpu6->cpu6_STLB AVERAGE MISS LATENCY: 232.1 cycles
cpu6->cpu6_L2C TOTAL        ACCESS:    3210156 HIT:    1602565 MISS:    1607591 MSHR_MERGE:          0
cpu6->cpu6_L2C LOAD         ACCESS:    1607567 HIT:          0 MISS:    1607567 MSHR_MERGE:          0
cpu6->cpu6_L2C RFO          ACCESS:          0 HIT:          0 MISS:          0 MSHR_MERGE:          0
cpu6->cpu6_L2C PREFETCH     ACCESS:          0 HIT:          0 MISS:          0 MSHR_MERGE:          0
cpu6->cpu6_L2C WRITE        ACCESS:    1602565 HIT:    1602565 MISS:          0 MSHR_MERGE:          0
cpu6->cpu6_L2C TRANSLATION  ACCESS:         24 HIT:          0 MISS:         24 MSHR_MERGE:          0
cpu6->cpu6_L2C PREFETCH REQUESTED:          0 ISSUED:          0 USEFUL:          0 USELESS:          0
cpu6->cpu6_L2C AVERAGE MISS LATENCY: 284.8 cycles
cpu6->cpu6_L1I TOTAL        ACCESS:   21411395 HIT:   21411395 MISS:          0 MSHR_MERGE:          0
cpu6->cpu6_L1I LOAD         ACCESS:   21411395 HIT:   21411395 MISS:          0 MSHR_MERGE:          0
cpu6->cpu6_L1I RFO          ACCESS:          0 HIT:          0 MISS:          0 MSHR_MERGE:          0
cpu6->cpu6_L1I PREFETCH     ACCESS:          0 HIT:          0 MISS:          0 MSHR_MERGE:          0
cpu6->cpu6_L1I WRITE        ACCESS:          0 HIT:          0 MISS:          0 MSHR_MERGE:          0
cpu6->cpu6_L1I TRANSLATION  ACCESS:          0 HIT:          0 MISS:          0 MSHR_MERGE:          0
cpu6->cpu6_L1I PREFETCH REQUESTED:          0 ISSUED:          0 USEFUL:          0 USELESS:          0
cpu6->cpu6_L1I AVERAGE MISS LATENCY: - cycles
cpu6->cpu6_L1D TOTAL        ACCESS:   23329881 HIT:   17688675 MISS:    5641206 MSHR_MERGE:    4033615
cpu6->cpu6_L1D LOAD         ACCESS:   10509344 HIT:    4868162 MISS:    5641182 MSHR_MERGE:    4033615
cpu6->cpu6_L1D RFO          ACCESS:          0 HIT:          0 MISS:          0 MSHR_MERGE:          0
cpu6->cpu6_L1D PREFETCH     ACCESS:          0 HIT:          0 MISS:          0 MSHR_MERGE:          0
cpu6->cpu6_L1D WRITE        ACCESS:   12820513 HIT:   12820513 MISS:          0 MSHR_MERGE:          0
cpu6->cpu6_L1D TRANSLATION  ACCESS:         24 HIT:          0 MISS:         24 MSHR_MERGE:          0
cpu6->cpu6_L1D PREFETCH REQUESTED:          0 ISSUED:          0 USEFUL:          0 USELESS:          0
cpu6->cpu6_L1D AVERAGE MISS LATENCY: 293.8 cycles
cpu6->cpu6_ITLB TOTAL        ACCESS:   15687719 HIT:   15687719 MISS:          0 MSHR_MERGE:          0
cpu6->cpu6_ITLB LOAD         ACCESS:   15687719 HIT:   15687719 MISS:          0 MSHR_MERGE:          0
cpu6->cpu6_ITLB RFO          ACCESS:          0 HIT:          0 MISS:          0 MSHR_MERGE:          0
cpu6->cpu6_ITLB PREFETCH     ACCESS:          0 HIT:          0 MISS:          0 MSHR_MERGE:          0
cpu6->cpu6_ITLB WRITE        ACCESS:          0 HIT:          0 MISS:          0 MSHR_MERGE:          0
cpu6->cpu6_ITLB TRANSLATION  ACCESS:          0 HIT:          0 MISS:          0 MSHR_MERGE:          0
cpu6->cpu6_ITLB PREFETCH REQUESTED:          0 ISSUED:          0 USEFUL:          0 USELESS:          0
cpu6->cpu6_ITLB AVERAGE MISS LATENCY: - cycles
cpu6->cpu6_DTLB TOTAL        ACCESS:   19953082 HIT:   19952939 MISS:        143 MSHR_MERGE:         96
cpu6->cpu6_DTLB LOAD         ACCESS:   19953082 HIT:   19952939 MISS:        143 MSHR_MERGE:         96
cpu6->cpu6_DTLB RFO          ACCESS:          0 HIT:          0 MISS:          0 MSHR_MERGE:          0
cpu6->cpu6_DTLB PREFETCH     ACCESS:          0 HIT:          0 MISS:          0 MSHR_MERGE:          0
cpu6->cpu6_DTLB WRITE        ACCESS:          0 HIT:          0 MISS:          0 MSHR_MERGE:          0
cpu6->cpu6_DTLB TRANSLATION  ACCESS:          0 HIT:          0 MISS:          0 MSHR_MERGE:          0
cpu6->cpu6_DTLB PREFETCH REQUESTED:          0 ISSUED:          0 USEFUL:          0 USELESS:          0
cpu6->cpu6_DTLB AVERAGE MISS LATENCY: 124 cycles
cpu5->cpu5_STLB TOTAL        ACCESS:         47 HIT:         23 MISS:         24 MSHR_MERGE:          0
cpu5->cpu5_STLB LOAD         ACCESS:         47 HIT:         23 MISS:         24 MSHR_MERGE:          0
cpu5->cpu5_STLB RFO          ACCESS:          0 HIT:          0 MISS:          0 MSHR_MERGE:          0
cpu5->cpu5_STLB PREFETCH     ACCESS:          0 HIT:          0 MISS:          0 MSHR_MERGE:          0
cpu5->cpu5_STLB WRITE        ACCESS:          0 HIT:          0 MISS:          0 MSHR_MERGE:          0
cpu5->cpu5_STLB TRANSLATION  ACCESS:          0 HIT:          0 MISS:          0 MSHR_MERGE:          0
cpu5->cpu5_STLB PREFETCH REQUESTED:          0 ISSUED:          0 USEFUL:          0 USELESS:          0
cpu5->cpu5_STLB AVERAGE MISS LATENCY: 232.2 cycles
cpu5->cpu5_L2C TOTAL        ACCESS:    3215806 HIT:    1605384 MISS:    1610422 MSHR_MERGE:          0
cpu5->cpu5_L2C LOAD         ACCESS:    1610398 HIT:          0 MISS:    1610398 MSHR_MERGE:          0
cpu5->cpu5_L2C RFO          ACCESS:          0 HIT:          0 MISS:          0 MSHR_MERGE:          0
cpu5->cpu5_L2C PREFETCH     ACCESS:          0 HIT:          0 MISS:          0 MSHR_MERGE:          0
cpu5->cpu5_L2C WRITE        ACCESS:    1605384 HIT:    1605384 MISS:          0 MSHR_MERGE:          0
cpu5->cpu5_L2C TRANSLATION  ACCESS:         24 HIT:          0 MISS:         24 MSHR_MERGE:          0
cpu5->cpu5_L2C PREFETCH REQUESTED:          0 ISSUED:          0 USEFUL:          0 USELESS:          0
cpu5->cpu5_L2C AVERAGE MISS LATENCY: 284.2 cycles
cpu5->cpu5_L1I TOTAL        ACCESS:   21482635 HIT:   21482635 MISS:          0 MSHR_MERGE:          0
cpu5->cpu5_L1I LOAD         ACCESS:   21482635 HIT:   21482635 MISS:          0 MSHR_MERGE:          0
cpu5->cpu5_L1I RFO          ACCESS:          0 HIT:          0 MISS:          0 MSHR_MERGE:          0
cpu5->cpu5_L1I PREFETCH     ACCESS:          0 HIT:          0 MISS:          0 MSHR_MERGE:          0
cpu5->cpu5_L1I WRITE        ACCESS:          0 HIT:          0 MISS:          0 MSHR_MERGE:          0
cpu5->cpu5_L1I TRANSLATION  ACCESS:          0 HIT:          0 MISS:          0 MSHR_MERGE:          0
cpu5->cpu5_L1I PREFETCH REQUESTED:          0 ISSUED:          0 USEFUL:          0 USELESS:          0
cpu5->cpu5_L1I AVERAGE MISS LATENCY: - cycles
cpu5->cpu5_L1D TOTAL        ACCESS:   23369044 HIT:   17724580 MISS:    5644464 MSHR_MERGE:    4034042
cpu5->cpu5_L1D LOAD         ACCESS:   10525945 HIT:    4881505 MISS:    5644440 MSHR_MERGE:    4034042
cpu5->cpu5_L1D RFO          ACCESS:          0 HIT:          0 MISS:          0 MSHR_MERGE:          0
cpu5->cpu5_L1D PREFETCH     ACCESS:          0 HIT:          0 MISS:          0 MSHR_MERGE:          0
cpu5->cpu5_L1D WRITE        ACCESS:   12843075 HIT:   12843075 MISS:          0 MSHR_MERGE:          0
cpu5->cpu5_L1D TRANSLATION  ACCESS:         24 HIT:          0 MISS:         24 MSHR_MERGE:          0
cpu5->cpu5_L1D PREFETCH REQUESTED:          0 ISSUED:          0 USEFUL:          0 USELESS:          0
cpu5->cpu5_L1D AVERAGE MISS LATENCY: 293.2 cycles
cpu5->cpu5_ITLB TOTAL        ACCESS:   15708652 HIT:   15708652 MISS:          0 MSHR_MERGE:          0
cpu5->cpu5_ITLB LOAD         ACCESS:   15708652 HIT:   15708652 MISS:          0 MSHR_MERGE:          0
cpu5->cpu5_ITLB RFO          ACCESS:          0 HIT:          0 MISS:          0 MSHR_MERGE:          0
cpu5->cpu5_ITLB PREFETCH     ACCESS:          0 HIT:          0 MISS:          0 MSHR_MERGE:          0
cpu5->cpu5_ITLB WRITE        ACCESS:          0 HIT:          0 MISS:          0 MSHR_MERGE:          0
cpu5->cpu5_ITLB TRANSLATION  ACCESS:          0 HIT:          0 MISS:          0 MSHR_MERGE:          0
cpu5->cpu5_ITLB PREFETCH REQUESTED:          0 ISSUED:          0 USEFUL:          0 USELESS:          0
cpu5->cpu5_ITLB AVERAGE MISS LATENCY: - cycles
cpu5->cpu5_DTLB TOTAL        ACCESS:   19977055 HIT:   19976916 MISS:        139 MSHR_MERGE:         92
cpu5->cpu5_DTLB LOAD         ACCESS:   19977055 HIT:   19976916 MISS:        139 MSHR_MERGE:         92
cpu5->cpu5_DTLB RFO          ACCESS:          0 HIT:          0 MISS:          0 MSHR_MERGE:          0
cpu5->cpu5_DTLB PREFETCH     ACCESS:          0 HIT:          0 MISS:          0 MSHR_MERGE:          0
cpu5->cpu5_DTLB WRITE        ACCESS:          0 HIT:          0 MISS:          0 MSHR_MERGE:          0
cpu5->cpu5_DTLB TRANSLATION  ACCESS:          0 HIT:          0 MISS:          0 MSHR_MERGE:          0
cpu5->cpu5_DTLB PREFETCH REQUESTED:          0 ISSUED:          0 USEFUL:          0 USELESS:          0
cpu5->cpu5_DTLB AVERAGE MISS LATENCY: 124.1 cycles
cpu4->cpu4_STLB TOTAL        ACCESS:         47 HIT:         23 MISS:         24 MSHR_MERGE:          0
cpu4->cpu4_STLB LOAD         ACCESS:         47 HIT:         23 MISS:         24 MSHR_MERGE:          0
cpu4->cpu4_STLB RFO          ACCESS:          0 HIT:          0 MISS:          0 MSHR_MERGE:          0
cpu4->cpu4_STLB PREFETCH     ACCESS:          0 HIT:          0 MISS:          0 MSHR_MERGE:          0
cpu4->cpu4_STLB WRITE        ACCESS:          0 HIT:          0 MISS:          0 MSHR_MERGE:          0
cpu4->cpu4_STLB TRANSLATION  ACCESS:          0 HIT:          0 MISS:          0 MSHR_MERGE:          0
cpu4->cpu4_STLB PREFETCH REQUESTED:          0 ISSUED:          0 USEFUL:          0 USELESS:          0
cpu4->cpu4_STLB AVERAGE MISS LATENCY: 232.3 cycles
cpu4->cpu4_L2C TOTAL        ACCESS:    3217471 HIT:    1606216 MISS:    1611255 MSHR_MERGE:          0
cpu4->cpu4_L2C LOAD         ACCESS:    1611231 HIT:          0 MISS:    1611231 MSHR_MERGE:          0
cpu4->cpu4_L2C RFO          ACCESS:          0 HIT:          0 MISS:          0 MSHR_MERGE:          0
cpu4->cpu4_L2C PREFETCH     ACCESS:          0 HIT:          0 MISS:          0 MSHR_MERGE:          0
cpu4->cpu4_L2C WRITE        ACCESS:    1606216 HIT:    1606216 MISS:          0 MSHR_MERGE:          0
cpu4->cpu4_L2C TRANSLATION  ACCESS:         24 HIT:          0 MISS:         24 MSHR_MERGE:          0
cpu4->cpu4_L2C PREFETCH REQUESTED:          0 ISSUED:          0 USEFUL:          0 USELESS:          0
cpu4->cpu4_L2C AVERAGE MISS LATENCY: 284.1 cycles
cpu4->cpu4_L1I TOTAL        ACCESS:   21486877 HIT:   21486877 MISS:          0 MSHR_MERGE:          0
cpu4->cpu4_L1I LOAD         ACCESS:   21486877 HIT:   21486877 MISS:          0 MSHR_MERGE:          0
cpu4->cpu4_L1I RFO          ACCESS:          0 HIT:          0 MISS:          0 MSHR_MERGE:          0
cpu4->cpu4_L1I PREFETCH     ACCESS:          0 HIT:          0 MISS:          0 MSHR_MERGE:          0
cpu4->cpu4_L1I WRITE        ACCESS:          0 HIT:          0 MISS:          0 MSHR_MERGE:          0
cpu4->cpu4_L1I TRANSLATION  ACCESS:          0 HIT:          0 MISS:          0 MSHR_MERGE:          0
cpu4->cpu4_L1I PREFETCH REQUESTED:          0 ISSUED:          0 USEFUL:          0 USELESS:          0
cpu4->cpu4_L1I AVERAGE MISS LATENCY: - cycles
cpu4->cpu4_L1D TOTAL        ACCESS:   23380803 HIT:   17735822 MISS:    5644981 MSHR_MERGE:    4033726
cpu4->cpu4_L1D LOAD         ACCESS:   10531054 HIT:    4886097 MISS:    5644957 MSHR_MERGE:    4033726
cpu4->cpu4_L1D RFO          ACCESS:          0 HIT:          0 MISS:          0 MSHR_MERGE:          0
cpu4->cpu4_L1D PREFETCH     ACCESS:          0 HIT:          0 MISS:          0 MSHR_MERGE:          0
cpu4->cpu4_L1D WRITE        ACCESS:   12849725 HIT:   12849725 MISS:          0 MSHR_MERGE:          0
cpu4->cpu4_L1D TRANSLATION  ACCESS:         24 HIT:          0 MISS:         24 MSHR_MERGE:          0
cpu4->cpu4_L1D PREFETCH REQUESTED:          0 ISSUED:          0 USEFUL:          0 USELESS:          0
cpu4->cpu4_L1D AVERAGE MISS LATENCY: 293.1 cycles
cpu4->cpu4_ITLB TOTAL        ACCESS:   15708949 HIT:   15708949 MISS:          0 MSHR_MERGE:          0
cpu4->cpu4_ITLB LOAD         ACCESS:   15708949 HIT:   15708949 MISS:          0 MSHR_MERGE:          0
cpu4->cpu4_ITLB RFO          ACCESS:          0 HIT:          0 MISS:          0 MSHR_MERGE:          0
cpu4->cpu4_ITLB PREFETCH     ACCESS:          0 HIT:          0 MISS:          0 MSHR_MERGE:          0
cpu4->cpu4_ITLB WRITE        ACCESS:          0 HIT:          0 MISS:          0 MSHR_MERGE:          0
cpu4->cpu4_ITLB TRANSLATION  ACCESS:          0 HIT:          0 MISS:          0 MSHR_MERGE:          0
cpu4->cpu4_ITLB PREFETCH REQUESTED:          0 ISSUED:          0 USEFUL:          0 USELESS:          0
cpu4->cpu4_ITLB AVERAGE MISS LATENCY: - cycles
cpu4->cpu4_DTLB TOTAL        ACCESS:   19985330 HIT:   19985192 MISS:        138 MSHR_MERGE:         91
cpu4->cpu4_DTLB LOAD         ACCESS:   19985330 HIT:   19985192 MISS:        138 MSHR_MERGE:         91
cpu4->cpu4_DTLB RFO          ACCESS:          0 HIT:          0 MISS:          0 MSHR_MERGE:          0
cpu4->cpu4_DTLB PREFETCH     ACCESS:          0 HIT:          0 MISS:          0 MSHR_MERGE:          0
cpu4->cpu4_DTLB WRITE        ACCESS:          0 HIT:          0 MISS:          0 MSHR_MERGE:          0
cpu4->cpu4_DTLB TRANSLATION  ACCESS:          0 HIT:          0 MISS:          0 MSHR_MERGE:          0
cpu4->cpu4_DTLB PREFETCH REQUESTED:          0 ISSUED:          0 USEFUL:          0 USELESS:          0
cpu4->cpu4_DTLB AVERAGE MISS LATENCY: 124.1 cycles
cpu3->cpu3_STLB TOTAL        ACCESS:         47 HIT:         23 MISS:         24 MSHR_MERGE:          0
cpu3->cpu3_STLB LOAD         ACCESS:         47 HIT:         23 MISS:         24 MSHR_MERGE:          0
cpu3->cpu3_STLB RFO          ACCESS:          0 HIT:          0 MISS:          0 MSHR_MERGE:          0
cpu3->cpu3_STLB PREFETCH     ACCESS:          0 HIT:          0 MISS:          0 MSHR_MERGE:          0
cpu3->cpu3_STLB WRITE        ACCESS:          0 HIT:          0 MISS:          0 MSHR_MERGE:          0
cpu3->cpu3_STLB TRANSLATION  ACCESS:          0 HIT:          0 MISS:          0 MSHR_MERGE:          0
cpu3->cpu3_STLB PREFETCH REQUESTED:          0 ISSUED:          0 USEFUL:          0 USELESS:          0
cpu3->cpu3_STLB AVERAGE MISS LATENCY: 362.4 cycles
cpu3->cpu3_L2C TOTAL        ACCESS:    3218179 HIT:    1606568 MISS:    1611611 MSHR_MERGE:          0
cpu3->cpu3_L2C LOAD         ACCESS:    1611587 HIT:          0 MISS:    1611587 MSHR_MERGE:          0
cpu3->cpu3_L2C RFO          ACCESS:          0 HIT:          0 MISS:          0 MSHR_MERGE:          0
cpu3->cpu3_L2C PREFETCH     ACCESS:          0 HIT:          0 MISS:          0 MSHR_MERGE:          0
cpu3->cpu3_L2C WRITE        ACCESS:    1606568 HIT:    1606568 MISS:          0 MSHR_MERGE:          0
cpu3->cpu3_L2C TRANSLATION  ACCESS:         24 HIT:          0 MISS:         24 MSHR_MERGE:          0
cpu3->cpu3_L2C PREFETCH REQUESTED:          0 ISSUED:          0 USEFUL:          0 USELESS:          0
cpu3->cpu3_L2C AVERAGE MISS LATENCY: 284.2 cycles
cpu3->cpu3_L1I TOTAL        ACCESS:   21525283 HIT:   21525283 MISS:          0 MSHR_MERGE:          0
cpu3->cpu3_L1I LOAD         ACCESS:   21525283 HIT:   21525283 MISS:          0 MSHR_MERGE:          0
cpu3->cpu3_L1I RFO          ACCESS:          0 HIT:          0 MISS:          0 MSHR_MERGE:          0
cpu3->cpu3_L1I PREFETCH     ACCESS:          0 HIT:          0 MISS:          0 MSHR_MERGE:          0
cpu3->cpu3_L1I WRITE        ACCESS:          0 HIT:          0 MISS:          0 MSHR_MERGE:          0
cpu3->cpu3_L1I TRANSLATION  ACCESS:          0 HIT:          0 MISS:          0 MSHR_MERGE:          0
cpu3->cpu3_L1I PREFETCH REQUESTED:          0 ISSUED:          0 USEFUL:          0 USELESS:          0
cpu3->cpu3_L1I AVERAGE MISS LATENCY: - cycles
cpu3->cpu3_L1D TOTAL        ACCESS:   23376887 HIT:   17717333 MISS:    5659554 MSHR_MERGE:    4047943
cpu3->cpu3_L1D LOAD         ACCESS:   10524317 HIT:    4864787 MISS:    5659530 MSHR_MERGE:    4047943
cpu3->cpu3_L1D RFO          ACCESS:          0 HIT:          0 MISS:          0 MSHR_MERGE:          0
cpu3->cpu3_L1D PREFETCH     ACCESS:          0 HIT:          0 MISS:          0 MSHR_MERGE:          0
cpu3->cpu3_L1D WRITE        ACCESS:   12852546 HIT:   12852546 MISS:          0 MSHR_MERGE:          0
cpu3->cpu3_L1D TRANSLATION  ACCESS:         24 HIT:          0 MISS:         24 MSHR_MERGE:          0
cpu3->cpu3_L1D PREFETCH REQUESTED:          0 ISSUED:          0 USEFUL:          0 USELESS:          0
cpu3->cpu3_L1D AVERAGE MISS LATENCY: 293.2 cycles
cpu3->cpu3_ITLB TOTAL        ACCESS:   15764133 HIT:   15764133 MISS:          0 MSHR_MERGE:          0
cpu3->cpu3_ITLB LOAD         ACCESS:   15764133 HIT:   15764133 MISS:          0 MSHR_MERGE:          0
cpu3->cpu3_ITLB RFO          ACCESS:          0 HIT:          0 MISS:          0 MSHR_MERGE:          0
cpu3->cpu3_ITLB PREFETCH     ACCESS:          0 HIT:          0 MISS:          0 MSHR_MERGE:          0
cpu3->cpu3_ITLB WRITE        ACCESS:          0 HIT:          0 MISS:          0 MSHR_MERGE:          0
cpu3->cpu3_ITLB TRANSLATION  ACCESS:          0 HIT:          0 MISS:          0 MSHR_MERGE:          0
cpu3->cpu3_ITLB PREFETCH REQUESTED:          0 ISSUED:          0 USEFUL:          0 USELESS:          0
cpu3->cpu3_ITLB AVERAGE MISS LATENCY: - cycles
cpu3->cpu3_DTLB TOTAL        ACCESS:   19994581 HIT:   19994436 MISS:        145 MSHR_MERGE:         98
cpu3->cpu3_DTLB LOAD         ACCESS:   19994581 HIT:   19994436 MISS:        145 MSHR_MERGE:         98
cpu3->cpu3_DTLB RFO          ACCESS:          0 HIT:          0 MISS:          0 MSHR_MERGE:          0
cpu3->cpu3_DTLB PREFETCH     ACCESS:          0 HIT:          0 MISS:          0 MSHR_MERGE:          0
cpu3->cpu3_DTLB WRITE        ACCESS:          0 HIT:          0 MISS:          0 MSHR_MERGE:          0
cpu3->cpu3_DTLB TRANSLATION  ACCESS:          0 HIT:          0 MISS:          0 MSHR_MERGE:          0
cpu3->cpu3_DTLB PREFETCH REQUESTED:          0 ISSUED:          0 USEFUL:          0 USELESS:          0
cpu3->cpu3_DTLB AVERAGE MISS LATENCY: 190.6 cycles
cpu2->cpu2_STLB TOTAL        ACCESS:         47 HIT:         23 MISS:         24 MSHR_MERGE:          0
cpu2->cpu2_STLB LOAD         ACCESS:         47 HIT:         23 MISS:         24 MSHR_MERGE:          0
cpu2->cpu2_STLB RFO          ACCESS:          0 HIT:          0 MISS:          0 MSHR_MERGE:          0
cpu2->cpu2_STLB PREFETCH     ACCESS:          0 HIT:          0 MISS:          0 MSHR_MERGE:          0
cpu2->cpu2_STLB WRITE        ACCESS:          0 HIT:          0 MISS:          0 MSHR_MERGE:          0
cpu2->cpu2_STLB TRANSLATION  ACCESS:          0 HIT:          0 MISS:          0 MSHR_MERGE:          0
cpu2->cpu2_STLB PREFETCH REQUESTED:          0 ISSUED:          0 USEFUL:          0 USELESS:          0
cpu2->cpu2_STLB AVERAGE MISS LATENCY: 232 cycles
cpu2->cpu2_L2C TOTAL        ACCESS:    3213759 HIT:    1604361 MISS:    1609398 MSHR_MERGE:          0
cpu2->cpu2_L2C LOAD         ACCESS:    1609374 HIT:          0 MISS:    1609374 MSHR_MERGE:          0
cpu2->cpu2_L2C RFO          ACCESS:          0 HIT:          0 MISS:          0 MSHR_MERGE:          0
cpu2->cpu2_L2C PREFETCH     ACCESS:          0 HIT:          0 MISS:          0 MSHR_MERGE:          0
cpu2->cpu2_L2C WRITE        ACCESS:    1604361 HIT:    1604361 MISS:          0 MSHR_MERGE:          0
cpu2->cpu2_L2C TRANSLATION  ACCESS:         24 HIT:          0 MISS:         24 MSHR_MERGE:          0
cpu2->cpu2_L2C PREFETCH REQUESTED:          0 ISSUED:          0 USEFUL:          0 USELESS:          0
cpu2->cpu2_L2C AVERAGE MISS LATENCY: 284.5 cycles
cpu2->cpu2_L1I TOTAL        ACCESS:   21443361 HIT:   21443361 MISS:          0 MSHR_MERGE:          0
cpu2->cpu2_L1I LOAD         ACCESS:   21443361 HIT:   21443361 MISS:          0 MSHR_MERGE:          0
cpu2->cpu2_L1I RFO          ACCESS:          0 HIT:          0 MISS:          0 MSHR_MERGE:          0
cpu2->cpu2_L1I PREFETCH     ACCESS:          0 HIT:          0 MISS:          0 MSHR_MERGE:          0
cpu2->cpu2_L1I WRITE        ACCESS:          0 HIT:          0 MISS:          0 MSHR_MERGE:          0
cpu2->cpu2_L1I TRANSLATION  ACCESS:          0 HIT:          0 MISS:          0 MSHR_MERGE:          0
cpu2->cpu2_L1I PREFETCH REQUESTED:          0 ISSUED:          0 USEFUL:          0 USELESS:          0
cpu2->cpu2_L1I AVERAGE MISS LATENCY: - cycles
cpu2->cpu2_L1D TOTAL        ACCESS:   23352080 HIT:   17717818 MISS:    5634262 MSHR_MERGE:    4024864
cpu2->cpu2_L1D LOAD         ACCESS:   10517155 HIT:    4882917 MISS:    5634238 MSHR_MERGE:    4024864
cpu2->cpu2_L1D RFO          ACCESS:          0 HIT:          0 MISS:          0 MSHR_MERGE:          0
cpu2->cpu2_L1D PREFETCH     ACCESS:          0 HIT:          0 MISS:          0 MSHR_MERGE:          0
cpu2->cpu2_L1D WRITE        ACCESS:   12834901 HIT:   12834901 MISS:          0 MSHR_MERGE:          0
cpu2->cpu2_L1D TRANSLATION  ACCESS:         24 HIT:          0 MISS:         24 MSHR_MERGE:          0
cpu2->cpu2_L1D PREFETCH REQUESTED:          0 ISSUED:          0 USEFUL:          0 USELESS:          0
cpu2->cpu2_L1D AVERAGE MISS LATENCY: 293.5 cycles
cpu2->cpu2_ITLB TOTAL        ACCESS:   15696745 HIT:   15696745 MISS:          0 MSHR_MERGE:          0
cpu2->cpu2_ITLB LOAD         ACCESS:   15696745 HIT:   15696745 MISS:          0 MSHR_MERGE:          0
cpu2->cpu2_ITLB RFO          ACCESS:          0 HIT:          0 MISS:          0 MSHR_MERGE:          0
cpu2->cpu2_ITLB PREFETCH     ACCESS:          0 HIT:          0 MISS:          0 MSHR_MERGE:          0
cpu2->cpu2_ITLB WRITE        ACCESS:          0 HIT:          0 MISS:          0 MSHR_MERGE:          0
cpu2->cpu2_ITLB TRANSLATION  ACCESS:          0 HIT:          0 MISS:          0 MSHR_MERGE:          0
cpu2->cpu2_ITLB PREFETCH REQUESTED:          0 ISSUED:          0 USEFUL:          0 USELESS:          0
cpu2->cpu2_ITLB AVERAGE MISS LATENCY: - cycles
cpu2->cpu2_DTLB TOTAL        ACCESS:   19957556 HIT:   19957408 MISS:        148 MSHR_MERGE:        101
cpu2->cpu2_DTLB LOAD         ACCESS:   19957556 HIT:   19957408 MISS:        148 MSHR_MERGE:        101
cpu2->cpu2_DTLB RFO          ACCESS:          0 HIT:          0 MISS:          0 MSHR_MERGE:          0
cpu2->cpu2_DTLB PREFETCH     ACCESS:          0 HIT:          0 MISS:          0 MSHR_MERGE:          0
cpu2->cpu2_DTLB WRITE        ACCESS:          0 HIT:          0 MISS:          0 MSHR_MERGE:          0
cpu2->cpu2_DTLB TRANSLATION  ACCESS:          0 HIT:          0 MISS:          0 MSHR_MERGE:          0
cpu2->cpu2_DTLB PREFETCH REQUESTED:          0 ISSUED:          0 USEFUL:          0 USELESS:          0
cpu2->cpu2_DTLB AVERAGE MISS LATENCY: 124 cycles
cpu1->cpu1_STLB TOTAL        ACCESS:         47 HIT:         23 MISS:         24 MSHR_MERGE:          0
cpu1->cpu1_STLB LOAD         ACCESS:         47 HIT:         23 MISS:         24 MSHR_MERGE:          0
cpu1->cpu1_STLB RFO          ACCESS:          0 HIT:          0 MISS:          0 MSHR_MERGE:          0
cpu1->cpu1_STLB PREFETCH     ACCESS:          0 HIT:          0 MISS:          0 MSHR_MERGE:          0
cpu1->cpu1_STLB WRITE        ACCESS:          0 HIT:          0 MISS:          0 MSHR_MERGE:          0
cpu1->cpu1_STLB TRANSLATION  ACCESS:          0 HIT:          0 MISS:          0 MSHR_MERGE:          0
cpu1->cpu1_STLB PREFETCH REQUESTED:          0 ISSUED:          0 USEFUL:          0 USELESS:          0
cpu1->cpu1_STLB AVERAGE MISS LATENCY: 242 cycles
cpu1->cpu1_L2C TOTAL        ACCESS:    3215778 HIT:    1605370 MISS:    1610408 MSHR_MERGE:          0
cpu1->cpu1_L2C LOAD         ACCESS:    1610384 HIT:          0 MISS:    1610384 MSHR_MERGE:          0
cpu1->cpu1_L2C RFO          ACCESS:          0 HIT:          0 MISS:          0 MSHR_MERGE:          0
cpu1->cpu1_L2C PREFETCH     ACCESS:          0 HIT:          0 MISS:          0 MSHR_MERGE:          0
cpu1->cpu1_L2C WRITE        ACCESS:    1605370 HIT:    1605370 MISS:          0 MSHR_MERGE:          0
cpu1->cpu1_L2C TRANSLATION  ACCESS:         24 HIT:          0 MISS:         24 MSHR_MERGE:          0
cpu1->cpu1_L2C PREFETCH REQUESTED:          0 ISSUED:          0 USEFUL:          0 USELESS:          0
cpu1->cpu1_L2C AVERAGE MISS LATENCY: 284.3 cycles
cpu1->cpu1_L1I TOTAL        ACCESS:   21481680 HIT:   21481680 MISS:          0 MSHR_MERGE:          0
cpu1->cpu1_L1I LOAD         ACCESS:   21481680 HIT:   21481680 MISS:          0 MSHR_MERGE:          0
cpu1->cpu1_L1I RFO          ACCESS:          0 HIT:          0 MISS:          0 MSHR_MERGE:          0
cpu1->cpu1_L1I PREFETCH     ACCESS:          0 HIT:          0 MISS:          0 MSHR_MERGE:          0
cpu1->cpu1_L1I WRITE        ACCESS:          0 HIT:          0 MISS:          0 MSHR_MERGE:          0
cpu1->cpu1_L1I TRANSLATION  ACCESS:          0 HIT:          0 MISS:          0 MSHR_MERGE:          0
cpu1->cpu1_L1I PREFETCH REQUESTED:          0 ISSUED:          0 USEFUL:          0 USELESS:          0
cpu1->cpu1_L1I AVERAGE MISS LATENCY: - cycles
cpu1->cpu1_L1D TOTAL        ACCESS:   23362115 HIT:   17725138 MISS:    5636977 MSHR_MERGE:    4026569
cpu1->cpu1_L1D LOAD         ACCESS:   10519115 HIT:    4882162 MISS:    5636953 MSHR_MERGE:    4026569
cpu1->cpu1_L1D RFO          ACCESS:          0 HIT:          0 MISS:          0 MSHR_MERGE:          0
cpu1->cpu1_L1D PREFETCH     ACCESS:          0 HIT:          0 MISS:          0 MSHR_MERGE:          0
cpu1->cpu1_L1D WRITE        ACCESS:   12842976 HIT:   12842976 MISS:          0 MSHR_MERGE:          0
cpu1->cpu1_L1D TRANSLATION  ACCESS:         24 HIT:          0 MISS:         24 MSHR_MERGE:          0
cpu1->cpu1_L1D PREFETCH REQUESTED:          0 ISSUED:          0 USEFUL:          0 USELESS:          0
cpu1->cpu1_L1D AVERAGE MISS LATENCY: 293.3 cycles
cpu1->cpu1_ITLB TOTAL        ACCESS:   15729958 HIT:   15729958 MISS:          0 MSHR_MERGE:          0
cpu1->cpu1_ITLB LOAD         ACCESS:   15729958 HIT:   15729958 MISS:          0 MSHR_MERGE:          0
cpu1->cpu1_ITLB RFO          ACCESS:          0 HIT:          0 MISS:          0 MSHR_MERGE:          0
cpu1->cpu1_ITLB PREFETCH     ACCESS:          0 HIT:          0 MISS:          0 MSHR_MERGE:          0
cpu1->cpu1_ITLB WRITE        ACCESS:          0 HIT:          0 MISS:          0 MSHR_MERGE:          0
cpu1->cpu1_ITLB TRANSLATION  ACCESS:          0 HIT:          0 MISS:          0 MSHR_MERGE:          0
cpu1->cpu1_ITLB PREFETCH REQUESTED:          0 ISSUED:          0 USEFUL:          0 USELESS:          0
cpu1->cpu1_ITLB AVERAGE MISS LATENCY: - cycles
cpu1->cpu1_DTLB TOTAL        ACCESS:   19967445 HIT:   19967306 MISS:        139 MSHR_MERGE:         92
cpu1->cpu1_DTLB LOAD         ACCESS:   19967445 HIT:   19967306 MISS:        139 MSHR_MERGE:         92
cpu1->cpu1_DTLB RFO          ACCESS:          0 HIT:          0 MISS:          0 MSHR_MERGE:          0
cpu1->cpu1_DTLB PREFETCH     ACCESS:          0 HIT:          0 MISS:          0 MSHR_MERGE:          0
cpu1->cpu1_DTLB WRITE        ACCESS:          0 HIT:          0 MISS:          0 MSHR_MERGE:          0
cpu1->cpu1_DTLB TRANSLATION  ACCESS:          0 HIT:          0 MISS:          0 MSHR_MERGE:          0
cpu1->cpu1_DTLB PREFETCH REQUESTED:          0 ISSUED:          0 USEFUL:          0 USELESS:          0
cpu1->cpu1_DTLB AVERAGE MISS LATENCY: 129.1 cycles
cpu0->cpu0_STLB TOTAL        ACCESS:         47 HIT:         23 MISS:         24 MSHR_MERGE:          0
cpu0->cpu0_STLB LOAD         ACCESS:         47 HIT:         23 MISS:         24 MSHR_MERGE:          0
cpu0->cpu0_STLB RFO          ACCESS:          0 HIT:          0 MISS:          0 MSHR_MERGE:          0
cpu0->cpu0_STLB PREFETCH     ACCESS:          0 HIT:          0 MISS:          0 MSHR_MERGE:          0
cpu0->cpu0_STLB WRITE        ACCESS:          0 HIT:          0 MISS:          0 MSHR_MERGE:          0
cpu0->cpu0_STLB TRANSLATION  ACCESS:          0 HIT:          0 MISS:          0 MSHR_MERGE:          0
cpu0->cpu0_STLB PREFETCH REQUESTED:          0 ISSUED:          0 USEFUL:          0 USELESS:          0
cpu0->cpu0_STLB AVERAGE MISS LATENCY: 292.2 cycles
cpu0->cpu0_L2C TOTAL        ACCESS:    3221105 HIT:    1608030 MISS:    1613075 MSHR_MERGE:          0
cpu0->cpu0_L2C LOAD         ACCESS:    1613051 HIT:          0 MISS:    1613051 MSHR_MERGE:          0
cpu0->cpu0_L2C RFO          ACCESS:          0 HIT:          0 MISS:          0 MSHR_MERGE:          0
cpu0->cpu0_L2C PREFETCH     ACCESS:          0 HIT:          0 MISS:          0 MSHR_MERGE:          0
cpu0->cpu0_L2C WRITE        ACCESS:    1608030 HIT:    1608030 MISS:          0 MSHR_MERGE:          0
cpu0->cpu0_L2C TRANSLATION  ACCESS:         24 HIT:          0 MISS:         24 MSHR_MERGE:          0
cpu0->cpu0_L2C PREFETCH REQUESTED:          0 ISSUED:          0 USEFUL:          0 USELESS:          0
cpu0->cpu0_L2C AVERAGE MISS LATENCY: 283.8 cycles
cpu0->cpu0_L1I TOTAL        ACCESS:   21514384 HIT:   21514384 MISS:          0 MSHR_MERGE:          0
cpu0->cpu0_L1I LOAD         ACCESS:   21514384 HIT:   21514384 MISS:          0 MSHR_MERGE:          0
cpu0->cpu0_L1I RFO          ACCESS:          0 HIT:          0 MISS:          0 MSHR_MERGE:          0
cpu0->cpu0_L1I PREFETCH     ACCESS:          0 HIT:          0 MISS:          0 MSHR_MERGE:          0
cpu0->cpu0_L1I WRITE        ACCESS:          0 HIT:          0 MISS:          0 MSHR_MERGE:          0
cpu0->cpu0_L1I TRANSLATION  ACCESS:          0 HIT:          0 MISS:          0 MSHR_MERGE:          0
cpu0->cpu0_L1I PREFETCH REQUESTED:          0 ISSUED:          0 USEFUL:          0 USELESS:          0
cpu0->cpu0_L1I AVERAGE MISS LATENCY: - cycles
cpu0->cpu0_L1D TOTAL        ACCESS:   23415373 HIT:   17757961 MISS:    5657412 MSHR_MERGE:    4044337
cpu0->cpu0_L1D LOAD         ACCESS:   10551106 HIT:    4893718 MISS:    5657388 MSHR_MERGE:    4044337
cpu0->cpu0_L1D RFO          ACCESS:          0 HIT:          0 MISS:          0 MSHR_MERGE:          0
cpu0->cpu0_L1D PREFETCH     ACCESS:          0 HIT:          0 MISS:          0 MSHR_MERGE:          0
cpu0->cpu0_L1D WRITE        ACCESS:   12864243 HIT:   12864243 MISS:          0 MSHR_MERGE:          0
cpu0->cpu0_L1D TRANSLATION  ACCESS:         24 HIT:          0 MISS:         24 MSHR_MERGE:          0
cpu0->cpu0_L1D PREFETCH REQUESTED:          0 ISSUED:          0 USEFUL:          0 USELESS:          0
cpu0->cpu0_L1D AVERAGE MISS LATENCY: 292.8 cycles
cpu0->cpu0_ITLB TOTAL        ACCESS:   15747811 HIT:   15747811 MISS:          0 MSHR_MERGE:          0
cpu0->cpu0_ITLB LOAD         ACCESS:   15747811 HIT:   15747811 MISS:          0 MSHR_MERGE:          0
cpu0->cpu0_ITLB RFO          ACCESS:          0 HIT:          0 MISS:          0 MSHR_MERGE:          0
cpu0->cpu0_ITLB PREFETCH     ACCESS:          0 HIT:          0 MISS:          0 MSHR_MERGE:          0
cpu0->cpu0_ITLB WRITE        ACCESS:          0 HIT:          0 MISS:          0 MSHR_MERGE:          0
cpu0->cpu0_ITLB TRANSLATION  ACCESS:          0 HIT:          0 MISS:          0 MSHR_MERGE:          0
cpu0->cpu0_ITLB PREFETCH REQUESTED:          0 ISSUED:          0 USEFUL:          0 USELESS:          0
cpu0->cpu0_ITLB AVERAGE MISS LATENCY: - cycles
cpu0->cpu0_DTLB TOTAL        ACCESS:   20025501 HIT:   20025356 MISS:        145 MSHR_MERGE:         98
cpu0->cpu0_DTLB LOAD         ACCESS:   20025501 HIT:   20025356 MISS:        145 MSHR_MERGE:         98
cpu0->cpu0_DTLB RFO          ACCESS:          0 HIT:          0 MISS:          0 MSHR_MERGE:          0
cpu0->cpu0_DTLB PREFETCH     ACCESS:          0 HIT:          0 MISS:          0 MSHR_MERGE:          0
cpu0->cpu0_DTLB WRITE        ACCESS:          0 HIT:          0 MISS:          0 MSHR_MERGE:          0
cpu0->cpu0_DTLB TRANSLATION  ACCESS:          0 HIT:          0 MISS:          0 MSHR_MERGE:          0
cpu0->cpu0_DTLB PREFETCH REQUESTED:          0 ISSUED:          0 USEFUL:          0 USELESS:          0
cpu0->cpu0_DTLB AVERAGE MISS LATENCY: 154.7 cycles
cpu0->LLC TOTAL        ACCESS:    3221112 HIT:    1604920 MISS:    1616192 MSHR_MERGE:          0
cpu0->LLC LOAD         ACCESS:    1613056 HIT:          0 MISS:    1613056 MSHR_MERGE:          0
cpu0->LLC RFO          ACCESS:          0 HIT:          0 MISS:          0 MSHR_MERGE:          0
cpu0->LLC PREFETCH     ACCESS:          0 HIT:          0 MISS:          0 MSHR_MERGE:          0
cpu0->LLC WRITE        ACCESS:    1608032 HIT:    1604905 MISS:       3127 MSHR_MERGE:          0
cpu0->LLC TRANSLATION  ACCESS:         24 HIT:         15 MISS:          9 MSHR_MERGE:          0
cpu0->LLC PREFETCH REQUESTED:          0 ISSUED:          0 USEFUL:          0 USELESS:          0
cpu0->LLC AVERAGE MISS LATENCY: 2138 cycles
cpu1->LLC TOTAL        ACCESS:    3215783 HIT:    1602659 MISS:    1613124 MSHR_MERGE:          0
cpu1->LLC LOAD         ACCESS:    1610389 HIT:          0 MISS:    1610389 MSHR_MERGE:          0
cpu1->LLC RFO          ACCESS:          0 HIT:          0 MISS:          0 MSHR_MERGE:          0
cpu1->LLC PREFETCH     ACCESS:          0 HIT:          0 MISS:          0 MSHR_MERGE:          0
cpu1->LLC WRITE        ACCESS:    1605370 HIT:    1602636 MISS:       2734 MSHR_MERGE:          0
cpu1->LLC TRANSLATION  ACCESS:         24 HIT:         23 MISS:          1 MSHR_MERGE:          0
cpu1->LLC PREFETCH REQUESTED:          0 ISSUED:          0 USEFUL:          0 USELESS:          0
cpu1->LLC AVERAGE MISS LATENCY: 2142 cycles
cpu2->LLC TOTAL        ACCESS:    3213766 HIT:    1601926 MISS:    1611840 MSHR_MERGE:          0
cpu2->LLC LOAD         ACCESS:    1609376 HIT:          0 MISS:    1609376 MSHR_MERGE:          0
cpu2->LLC RFO          ACCESS:          0 HIT:          0 MISS:          0 MSHR_MERGE:          0
cpu2->LLC PREFETCH     ACCESS:          0 HIT:          0 MISS:          0 MSHR_MERGE:          0
cpu2->LLC WRITE        ACCESS:    1604366 HIT:    1601902 MISS:       2464 MSHR_MERGE:          0
cpu2->LLC TRANSLATION  ACCESS:         24 HIT:         24 MISS:          0 MSHR_MERGE:          0
cpu2->LLC PREFETCH REQUESTED:          0 ISSUED:          0 USEFUL:          0 USELESS:          0
cpu2->LLC AVERAGE MISS LATENCY: 2144 cycles
cpu3->LLC TOTAL        ACCESS:    3218186 HIT:    1603378 MISS:    1614808 MSHR_MERGE:          0
cpu3->LLC LOAD         ACCESS:    1611590 HIT:          0 MISS:    1611590 MSHR_MERGE:          0
cpu3->LLC RFO          ACCESS:          0 HIT:          0 MISS:          0 MSHR_MERGE:          0
cpu3->LLC PREFETCH     ACCESS:          0 HIT:          0 MISS:          0 MSHR_MERGE:          0
cpu3->LLC WRITE        ACCESS:    1606572 HIT:    1603366 MISS:       3206 MSHR_MERGE:          0
cpu3->LLC TRANSLATION  ACCESS:         24 HIT:         12 MISS:         12 MSHR_MERGE:          0
cpu3->LLC PREFETCH REQUESTED:          0 ISSUED:          0 USEFUL:          0 USELESS:          0
cpu3->LLC AVERAGE MISS LATENCY: 2140 cycles
cpu4->LLC TOTAL        ACCESS:    3217473 HIT:    1603402 MISS:    1614071 MSHR_MERGE:          0
cpu4->LLC LOAD         ACCESS:    1611235 HIT:          0 MISS:    1611235 MSHR_MERGE:          0
cpu4->LLC RFO          ACCESS:          0 HIT:          0 MISS:          0 MSHR_MERGE:          0
cpu4->LLC PREFETCH     ACCESS:          0 HIT:          0 MISS:          0 MSHR_MERGE:          0
cpu4->LLC WRITE        ACCESS:    1606214 HIT:    1603378 MISS:       2836 MSHR_MERGE:          0
cpu4->LLC TRANSLATION  ACCESS:         24 HIT:         24 MISS:          0 MSHR_MERGE:          0
cpu4->LLC PREFETCH REQUESTED:          0 ISSUED:          0 USEFUL:          0 USELESS:          0
cpu4->LLC AVERAGE MISS LATENCY: 2141 cycles
cpu5->LLC TOTAL        ACCESS:    3215810 HIT:    1603175 MISS:    1612635 MSHR_MERGE:          0
cpu5->LLC LOAD         ACCESS:    1610402 HIT:          0 MISS:    1610402 MSHR_MERGE:          0
cpu5->LLC RFO          ACCESS:          0 HIT:          0 MISS:          0 MSHR_MERGE:          0
cpu5->LLC PREFETCH     ACCESS:          0 HIT:          0 MISS:          0 MSHR_MERGE:          0
cpu5->LLC WRITE        ACCESS:    1605384 HIT:    1603151 MISS:       2233 MSHR_MERGE:          0
cpu5->LLC TRANSLATION  ACCESS:         24 HIT:         24 MISS:          0 MSHR_MERGE:          0
cpu5->LLC PREFETCH REQUESTED:          0 ISSUED:          0 USEFUL:          0 USELESS:          0
cpu5->LLC AVERAGE MISS LATENCY: 2143 cycles
cpu6->LLC TOTAL        ACCESS:    3210159 HIT:    1600930 MISS:    1609229 MSHR_MERGE:          0
cpu6->LLC LOAD         ACCESS:    1607572 HIT:          0 MISS:    1607572 MSHR_MERGE:          0
cpu6->LLC RFO          ACCESS:          0 HIT:          0 MISS:          0 MSHR_MERGE:          0
cpu6->LLC PREFETCH     ACCESS:          0 HIT:          0 MISS:          0 MSHR_MERGE:          0
cpu6->LLC WRITE        ACCESS:    1602563 HIT:    1600906 MISS:       1657 MSHR_MERGE:          0
cpu6->LLC TRANSLATION  ACCESS:         24 HIT:         24 MISS:          0 MSHR_MERGE:          0
cpu6->LLC PREFETCH REQUESTED:          0 ISSUED:          0 USEFUL:          0 USELESS:          0
cpu6->LLC AVERAGE MISS LATENCY: 2148 cycles
cpu7->LLC TOTAL        ACCESS:    3222426 HIT:    1605774 MISS:    1616652 MSHR_MERGE:          0
cpu7->LLC LOAD         ACCESS:    1613716 HIT:          0 MISS:    1613716 MSHR_MERGE:          0
cpu7->LLC RFO          ACCESS:          0 HIT:          0 MISS:          0 MSHR_MERGE:          0
cpu7->LLC PREFETCH     ACCESS:          0 HIT:          0 MISS:          0 MSHR_MERGE:          0
cpu7->LLC WRITE        ACCESS:    1608686 HIT:    1605752 MISS:       2934 MSHR_MERGE:          0
cpu7->LLC TRANSLATION  ACCESS:         24 HIT:         22 MISS:          2 MSHR_MERGE:          0
cpu7->LLC PREFETCH REQUESTED:          0 ISSUED:          0 USEFUL:          0 USELESS:          0
cpu7->LLC AVERAGE MISS LATENCY: 2138 cycles

DRAM Statistics

Channel 0 READ REQS:    6443689	WRITE REQS:    6424011
  READS:    6443687	READ_HITS:          0
  WRITES:    6423991	WRITE HITS:          0
  ACTIVATES:   12867680	PRECHARGES:   12867678
  RQ FULL:          0	WQ FULL:          6
  WRITE DRAINS:     177242	FORCED:     140072
  MEAN WRITE IMBALANCE: 1.9525958858509833
  READ OCCU PRE DRAIN: 4.056905248191738	POST DRAIN: 6.573148576522494
  MEAN BLP: 25.244236693334535	BGLP: 7.880632130082034
  READ LATENCY: 69.09668315670827
  TIME IN WRITE MODE: 29145022400

Channel 1 READ REQS:    6443671	WRITE REQS:    6424004
  READS:    6443668	READ_HITS:          0
  WRITES:    6423995	WRITE HITS:          0
  ACTIVATES:   12867665	PRECHARGES:   12867663
  RQ FULL:          0	WQ FULL:         31
  WRITE DRAINS:     178410	FORCED:     138595
  MEAN WRITE IMBALANCE: 1.975987893055322
  READ OCCU PRE DRAIN: 3.5998150327896417	POST DRAIN: 5.0573342301440505
  MEAN BLP: 25.091048708032062	BGLP: 7.864609607084804
  READ LATENCY: 59.08472860488777
  TIME IN WRITE MODE: 29435782688
BARD NON LRU EVICTS: 4476105	TOTAL EVICTS: 15886385	EAGER WB: 332314
---------------------------------------
Begin Slurm Epilog: Apr-10-2025 08:40:33
Job ID:        3743167
User ID:       svittal8
Account:       gts-mqureshi4-rg
Job name:      wrap
Resources:     cpu=1,mem=4G,node=1
Rsrc Used:     cput=05:33:48,vmem=0,walltime=05:33:48,mem=168908K,energy_used=0
Partition:     cpu-small
QOS:           inferno
Nodes:         atl1-1-02-007-12-2
---------------------------------------
