[VMEM] WARNING: physical memory size is smaller than virtual memory size.
dram page policy: is open = 0	is close = 0	is soft close = 1	cmd arg = 2

*** ChampSim Multicore Out-of-Order Simulator ***
Warmup Instructions: 25000000
Simulation Instructions: 100000000
Number of CPUs: 8
Page size: 2097152

CL :	 16.64 ns
CWL :	 15.808 ns
tRP :	 16.224 ns
tRCD :	 16.224 ns
tRAS :	 32.032000000000004 ns
tRTP :	 7.904 ns
tWR :	 30.368000000000002 ns

tCCD_S :	 3.3280000000000003 ns
tCCD_S_WR :	 3.3280000000000003 ns
tCCD_S_WTR :	 22.048000000000002 ns
tCCD_L :	 5.408 ns
tCCD_L_WR :	 20.384 ns
tCCD_L_WTR :	 29.536 ns
tRRD_S :	 3.3280000000000003 ns
tRRD_L :	 5.408 ns
tFAW :	 13.728 ns
Address mapping (perm = 1) 	ch co bg bg bg ba ba co co co co co co ro ro ro ro ro ro ro ro ro ro ro ro ro ro ro 
dram queue size: R = 64 W = 64 (low:high is 16:48)
max lookup for evict 0	evict = 16, eager = 16
max lookup for evict 100000	evict = 1, eager = 16
max lookup for evict 200000	evict = 2, eager = 16
max lookup for evict 300000	evict = 1, eager = 16
max lookup for evict 400000	evict = 1, eager = 16
max lookup for evict 500000	evict = 1, eager = 16
max lookup for evict 600000	evict = 1, eager = 16
max lookup for evict 700000	evict = 1, eager = 16
max lookup for evict 800000	evict = 1, eager = 16
max lookup for evict 900000	evict = 1, eager = 16
max lookup for evict 1000000	evict = 1, eager = 16
max lookup for evict 1100000	evict = 1, eager = 16
max lookup for evict 1200000	evict = 1, eager = 16
max lookup for evict 1300000	evict = 1, eager = 16
max lookup for evict 1400000	evict = 1, eager = 16
max lookup for evict 1500000	evict = 1, eager = 16
max lookup for evict 1600000	evict = 1, eager = 16
max lookup for evict 1700000	evict = 1, eager = 16
max lookup for evict 1800000	evict = 1, eager = 16
max lookup for evict 1900000	evict = 1, eager = 16
max lookup for evict 2000000	evict = 1, eager = 16
max lookup for evict 2100000	evict = 1, eager = 16
max lookup for evict 2200000	evict = 1, eager = 16
Heartbeat CPU 0 instructions: 10000004 cycles: 4315630 heartbeat IPC: 2.317 cumulative IPC: 2.317 (Simulation time: 00 hr 12 min 23 sec)
Heartbeat CPU 1 instructions: 10000004 cycles: 4344446 heartbeat IPC: 2.302 cumulative IPC: 2.302 (Simulation time: 00 hr 12 min 28 sec)
Heartbeat CPU 2 instructions: 10000000 cycles: 4386574 heartbeat IPC: 2.28 cumulative IPC: 2.28 (Simulation time: 00 hr 12 min 35 sec)
Heartbeat CPU 3 instructions: 10000000 cycles: 4412581 heartbeat IPC: 2.266 cumulative IPC: 2.266 (Simulation time: 00 hr 12 min 40 sec)
Heartbeat CPU 4 instructions: 10000000 cycles: 4428736 heartbeat IPC: 2.258 cumulative IPC: 2.258 (Simulation time: 00 hr 12 min 43 sec)
Heartbeat CPU 5 instructions: 10000004 cycles: 4436243 heartbeat IPC: 2.254 cumulative IPC: 2.254 (Simulation time: 00 hr 12 min 44 sec)
Heartbeat CPU 6 instructions: 10000000 cycles: 4439721 heartbeat IPC: 2.252 cumulative IPC: 2.252 (Simulation time: 00 hr 12 min 45 sec)
Heartbeat CPU 7 instructions: 10000000 cycles: 4443618 heartbeat IPC: 2.25 cumulative IPC: 2.25 (Simulation time: 00 hr 12 min 45 sec)
max lookup for evict 2300000	evict = 1, eager = 16
max lookup for evict 2400000	evict = 1, eager = 16
max lookup for evict 2500000	evict = 1, eager = 16
max lookup for evict 2600000	evict = 1, eager = 16
max lookup for evict 2700000	evict = 1, eager = 16
max lookup for evict 2800000	evict = 1, eager = 16
max lookup for evict 2900000	evict = 1, eager = 16
max lookup for evict 3000000	evict = 1, eager = 16
max lookup for evict 3100000	evict = 1, eager = 16
max lookup for evict 3200000	evict = 1, eager = 16
max lookup for evict 3300000	evict = 1, eager = 16
max lookup for evict 3400000	evict = 1, eager = 16
max lookup for evict 3500000	evict = 1, eager = 16
max lookup for evict 3600000	evict = 1, eager = 16
max lookup for evict 3700000	evict = 1, eager = 16
max lookup for evict 3800000	evict = 1, eager = 16
max lookup for evict 3900000	evict = 1, eager = 16
max lookup for evict 4000000	evict = 1, eager = 16
max lookup for evict 4100000	evict = 1, eager = 16
max lookup for evict 4200000	evict = 1, eager = 16
max lookup for evict 4300000	evict = 1, eager = 16
max lookup for evict 4400000	evict = 1, eager = 16
max lookup for evict 4500000	evict = 1, eager = 16
max lookup for evict 4600000	evict = 1, eager = 16
max lookup for evict 4700000	evict = 1, eager = 16
max lookup for evict 4800000	evict = 1, eager = 16
max lookup for evict 4900000	evict = 1, eager = 16
Heartbeat CPU 0 instructions: 20000004 cycles: 8994206 heartbeat IPC: 2.137 cumulative IPC: 2.224 (Simulation time: 00 hr 25 min 37 sec)
Heartbeat CPU 1 instructions: 20000004 cycles: 9066343 heartbeat IPC: 2.118 cumulative IPC: 2.206 (Simulation time: 00 hr 25 min 49 sec)
max lookup for evict 5000000	evict = 1, eager = 16
Heartbeat CPU 2 instructions: 20000004 cycles: 9126615 heartbeat IPC: 2.11 cumulative IPC: 2.191 (Simulation time: 00 hr 25 min 59 sec)
Heartbeat CPU 3 instructions: 20000004 cycles: 9160561 heartbeat IPC: 2.106 cumulative IPC: 2.183 (Simulation time: 00 hr 26 min 05 sec)
Heartbeat CPU 4 instructions: 20000004 cycles: 9178714 heartbeat IPC: 2.105 cumulative IPC: 2.179 (Simulation time: 00 hr 26 min 08 sec)
Heartbeat CPU 5 instructions: 20000004 cycles: 9189499 heartbeat IPC: 2.104 cumulative IPC: 2.176 (Simulation time: 00 hr 26 min 10 sec)
Heartbeat CPU 6 instructions: 20000004 cycles: 9198006 heartbeat IPC: 2.102 cumulative IPC: 2.174 (Simulation time: 00 hr 26 min 12 sec)
Heartbeat CPU 7 instructions: 20000004 cycles: 9203828 heartbeat IPC: 2.101 cumulative IPC: 2.173 (Simulation time: 00 hr 26 min 13 sec)
max lookup for evict 5100000	evict = 1, eager = 16
max lookup for evict 5200000	evict = 1, eager = 16
max lookup for evict 5300000	evict = 1, eager = 16
max lookup for evict 5400000	evict = 1, eager = 16
max lookup for evict 5500000	evict = 1, eager = 16
max lookup for evict 5600000	evict = 1, eager = 16
max lookup for evict 5700000	evict = 1, eager = 16
max lookup for evict 5800000	evict = 1, eager = 16
max lookup for evict 5900000	evict = 1, eager = 16
max lookup for evict 6000000	evict = 1, eager = 16
max lookup for evict 6100000	evict = 1, eager = 16
max lookup for evict 6200000	evict = 1, eager = 16
max lookup for evict 6300000	evict = 1, eager = 16
Warmup finished CPU 0 instructions: 25000001 cycles: 11199804 cumulative IPC: 2.232 (Simulation time: 00 hr 31 min 45 sec)
Warmup finished CPU 1 instructions: 25000001 cycles: 11285230 cumulative IPC: 2.215 (Simulation time: 00 hr 31 min 59 sec)
max lookup for evict 6400000	evict = 1, eager = 16
Warmup finished CPU 2 instructions: 25000001 cycles: 11356199 cumulative IPC: 2.201 (Simulation time: 00 hr 32 min 11 sec)
Warmup finished CPU 3 instructions: 25000001 cycles: 11401112 cumulative IPC: 2.193 (Simulation time: 00 hr 32 min 18 sec)
Warmup finished CPU 4 instructions: 25000001 cycles: 11437641 cumulative IPC: 2.186 (Simulation time: 00 hr 32 min 24 sec)
Warmup finished CPU 5 instructions: 25000001 cycles: 11453658 cumulative IPC: 2.183 (Simulation time: 00 hr 32 min 27 sec)
Warmup finished CPU 6 instructions: 25000001 cycles: 11465914 cumulative IPC: 2.18 (Simulation time: 00 hr 32 min 29 sec)
Warmup finished CPU 7 instructions: 25000001 cycles: 11470323 cumulative IPC: 2.18 (Simulation time: 00 hr 32 min 29 sec)
Warmup complete CPU 7 instructions: 25000001 cycles: 11470323 cumulative IPC: 2.18 (Simulation time: 00 hr 32 min 29 sec)
Warmup complete CPU 6 instructions: 25007273 cycles: 11470323 cumulative IPC: 2.18 (Simulation time: 00 hr 32 min 29 sec)
Warmup complete CPU 5 instructions: 25029953 cycles: 11470323 cumulative IPC: 2.182 (Simulation time: 00 hr 32 min 29 sec)
Warmup complete CPU 4 instructions: 25056281 cycles: 11470323 cumulative IPC: 2.184 (Simulation time: 00 hr 32 min 29 sec)
Warmup complete CPU 3 instructions: 25113461 cycles: 11470323 cumulative IPC: 2.189 (Simulation time: 00 hr 32 min 29 sec)
Warmup complete CPU 2 instructions: 25202309 cycles: 11470323 cumulative IPC: 2.197 (Simulation time: 00 hr 32 min 29 sec)
Warmup complete CPU 1 instructions: 25324521 cycles: 11470323 cumulative IPC: 2.208 (Simulation time: 00 hr 32 min 29 sec)
Warmup complete CPU 0 instructions: 25492825 cycles: 11470323 cumulative IPC: 2.223 (Simulation time: 00 hr 32 min 29 sec)
max lookup for evict 6500000	evict = 1, eager = 16
max lookup for evict 6600000	evict = 1, eager = 16
max lookup for evict 6700000	evict = 1, eager = 16
max lookup for evict 6800000	evict = 1, eager = 16
max lookup for evict 6900000	evict = 1, eager = 16
max lookup for evict 7000000	evict = 1, eager = 16
max lookup for evict 7100000	evict = 1, eager = 16
max lookup for evict 7200000	evict = 1, eager = 16
max lookup for evict 7300000	evict = 1, eager = 16
max lookup for evict 7400000	evict = 1, eager = 16
max lookup for evict 7500000	evict = 1, eager = 16
max lookup for evict 7600000	evict = 1, eager = 16
Heartbeat CPU 0 instructions: 30000006 cycles: 21956649 heartbeat IPC: 0.7715 cumulative IPC: 0.4298 (Simulation time: 00 hr 44 min 55 sec)
max lookup for evict 7700000	evict = 1, eager = 16
Heartbeat CPU 1 instructions: 30000006 cycles: 22457186 heartbeat IPC: 0.7468 cumulative IPC: 0.4256 (Simulation time: 00 hr 45 min 30 sec)
Heartbeat CPU 2 instructions: 30000007 cycles: 22789607 heartbeat IPC: 0.7319 cumulative IPC: 0.4239 (Simulation time: 00 hr 45 min 54 sec)
Heartbeat CPU 3 instructions: 30000006 cycles: 23002193 heartbeat IPC: 0.7225 cumulative IPC: 0.4237 (Simulation time: 00 hr 46 min 09 sec)
Heartbeat CPU 4 instructions: 30000006 cycles: 23176700 heartbeat IPC: 0.7144 cumulative IPC: 0.4223 (Simulation time: 00 hr 46 min 21 sec)
Heartbeat CPU 5 instructions: 30000007 cycles: 23228943 heartbeat IPC: 0.7123 cumulative IPC: 0.4227 (Simulation time: 00 hr 46 min 25 sec)
max lookup for evict 7800000	evict = 1, eager = 16
Heartbeat CPU 6 instructions: 30000006 cycles: 23297066 heartbeat IPC: 0.7093 cumulative IPC: 0.4222 (Simulation time: 00 hr 46 min 30 sec)
Heartbeat CPU 7 instructions: 30000007 cycles: 23326426 heartbeat IPC: 0.7081 cumulative IPC: 0.4217 (Simulation time: 00 hr 46 min 32 sec)
max lookup for evict 7900000	evict = 1, eager = 16
max lookup for evict 8000000	evict = 1, eager = 16
max lookup for evict 8100000	evict = 1, eager = 16
max lookup for evict 8200000	evict = 1, eager = 16
max lookup for evict 8300000	evict = 1, eager = 16
max lookup for evict 8400000	evict = 1, eager = 16
max lookup for evict 8500000	evict = 1, eager = 16
max lookup for evict 8600000	evict = 1, eager = 16
max lookup for evict 8700000	evict = 1, eager = 16
max lookup for evict 8800000	evict = 1, eager = 16
max lookup for evict 8900000	evict = 1, eager = 16
max lookup for evict 9000000	evict = 1, eager = 16
max lookup for evict 9100000	evict = 1, eager = 16
max lookup for evict 9200000	evict = 1, eager = 16
max lookup for evict 9300000	evict = 1, eager = 16
max lookup for evict 9400000	evict = 1, eager = 16
max lookup for evict 9500000	evict = 1, eager = 16
max lookup for evict 9600000	evict = 1, eager = 16
max lookup for evict 9700000	evict = 1, eager = 16
max lookup for evict 9800000	evict = 1, eager = 16
max lookup for evict 9900000	evict = 1, eager = 16
max lookup for evict 10000000	evict = 1, eager = 16
max lookup for evict 10100000	evict = 1, eager = 16
Heartbeat CPU 0 instructions: 40000006 cycles: 44550788 heartbeat IPC: 0.4426 cumulative IPC: 0.4385 (Simulation time: 01 hr 11 min 49 sec)
max lookup for evict 10200000	evict = 1, eager = 16
Heartbeat CPU 1 instructions: 40000008 cycles: 45343649 heartbeat IPC: 0.4369 cumulative IPC: 0.4332 (Simulation time: 01 hr 12 min 44 sec)
max lookup for evict 10300000	evict = 1, eager = 16
Heartbeat CPU 2 instructions: 40000008 cycles: 45861201 heartbeat IPC: 0.4334 cumulative IPC: 0.4303 (Simulation time: 01 hr 13 min 19 sec)
Heartbeat CPU 3 instructions: 40000008 cycles: 46040305 heartbeat IPC: 0.4341 cumulative IPC: 0.4306 (Simulation time: 01 hr 13 min 31 sec)
Heartbeat CPU 4 instructions: 40000006 cycles: 46237965 heartbeat IPC: 0.4336 cumulative IPC: 0.4298 (Simulation time: 01 hr 13 min 45 sec)
Heartbeat CPU 5 instructions: 40000008 cycles: 46255251 heartbeat IPC: 0.4343 cumulative IPC: 0.4304 (Simulation time: 01 hr 13 min 47 sec)
Heartbeat CPU 6 instructions: 40000008 cycles: 46271571 heartbeat IPC: 0.4353 cumulative IPC: 0.4308 (Simulation time: 01 hr 13 min 48 sec)
Heartbeat CPU 7 instructions: 40000011 cycles: 46316847 heartbeat IPC: 0.435 cumulative IPC: 0.4305 (Simulation time: 01 hr 13 min 51 sec)
max lookup for evict 10400000	evict = 1, eager = 16
max lookup for evict 10500000	evict = 1, eager = 16
max lookup for evict 10600000	evict = 1, eager = 16
max lookup for evict 10700000	evict = 1, eager = 16
max lookup for evict 10800000	evict = 1, eager = 16
max lookup for evict 10900000	evict = 1, eager = 16
max lookup for evict 11000000	evict = 1, eager = 16
max lookup for evict 11100000	evict = 1, eager = 16
max lookup for evict 11200000	evict = 1, eager = 16
max lookup for evict 11300000	evict = 1, eager = 16
max lookup for evict 11400000	evict = 1, eager = 16
max lookup for evict 11500000	evict = 1, eager = 16
max lookup for evict 11600000	evict = 1, eager = 16
max lookup for evict 11700000	evict = 1, eager = 16
max lookup for evict 11800000	evict = 1, eager = 16
max lookup for evict 11900000	evict = 1, eager = 16
max lookup for evict 12000000	evict = 2, eager = 16
max lookup for evict 12000000	evict = 2, eager = 16
max lookup for evict 12100000	evict = 1, eager = 16
max lookup for evict 12200000	evict = 1, eager = 16
max lookup for evict 12300000	evict = 1, eager = 16
max lookup for evict 12400000	evict = 1, eager = 16
max lookup for evict 12500000	evict = 1, eager = 16
max lookup for evict 12600000	evict = 1, eager = 16
max lookup for evict 12700000	evict = 1, eager = 16
max lookup for evict 12800000	evict = 1, eager = 16
max lookup for evict 12900000	evict = 1, eager = 16
Heartbeat CPU 0 instructions: 50000007 cycles: 68709250 heartbeat IPC: 0.4139 cumulative IPC: 0.4282 (Simulation time: 01 hr 40 min 09 sec)
max lookup for evict 13000000	evict = 1, eager = 16
Heartbeat CPU 1 instructions: 50000009 cycles: 69721148 heartbeat IPC: 0.4102 cumulative IPC: 0.4236 (Simulation time: 01 hr 41 min 20 sec)
max lookup for evict 13100000	evict = 1, eager = 16
Heartbeat CPU 2 instructions: 50000009 cycles: 70252792 heartbeat IPC: 0.41 cumulative IPC: 0.4219 (Simulation time: 01 hr 41 min 58 sec)
Heartbeat CPU 3 instructions: 50000009 cycles: 70412245 heartbeat IPC: 0.4103 cumulative IPC: 0.4222 (Simulation time: 01 hr 42 min 09 sec)
Heartbeat CPU 4 instructions: 50000009 cycles: 70596607 heartbeat IPC: 0.4105 cumulative IPC: 0.4219 (Simulation time: 01 hr 42 min 22 sec)
Heartbeat CPU 6 instructions: 50000009 cycles: 70608112 heartbeat IPC: 0.4109 cumulative IPC: 0.4226 (Simulation time: 01 hr 42 min 23 sec)
Heartbeat CPU 7 instructions: 50000013 cycles: 70634532 heartbeat IPC: 0.4112 cumulative IPC: 0.4226 (Simulation time: 01 hr 42 min 25 sec)
Heartbeat CPU 5 instructions: 50000009 cycles: 70643072 heartbeat IPC: 0.41 cumulative IPC: 0.422 (Simulation time: 01 hr 42 min 25 sec)
max lookup for evict 13200000	evict = 1, eager = 16
max lookup for evict 13300000	evict = 1, eager = 16
max lookup for evict 13400000	evict = 1, eager = 16
max lookup for evict 13500000	evict = 1, eager = 16
max lookup for evict 13600000	evict = 1, eager = 16
max lookup for evict 13700000	evict = 1, eager = 16
max lookup for evict 13800000	evict = 1, eager = 16
max lookup for evict 13900000	evict = 1, eager = 16
max lookup for evict 14000000	evict = 1, eager = 16
max lookup for evict 14100000	evict = 1, eager = 16
max lookup for evict 14200000	evict = 1, eager = 16
max lookup for evict 14300000	evict = 1, eager = 16
max lookup for evict 14400000	evict = 1, eager = 16
max lookup for evict 14500000	evict = 1, eager = 16
max lookup for evict 14600000	evict = 1, eager = 16
max lookup for evict 14700000	evict = 2, eager = 16
max lookup for evict 14800000	evict = 1, eager = 16
max lookup for evict 14900000	evict = 1, eager = 16
max lookup for evict 15000000	evict = 1, eager = 16
max lookup for evict 15100000	evict = 1, eager = 16
max lookup for evict 15200000	evict = 1, eager = 16
max lookup for evict 15300000	evict = 1, eager = 16
max lookup for evict 15400000	evict = 1, eager = 16
max lookup for evict 15500000	evict = 1, eager = 16
max lookup for evict 15600000	evict = 1, eager = 16
max lookup for evict 15700000	evict = 1, eager = 16
Heartbeat CPU 0 instructions: 60000009 cycles: 93246465 heartbeat IPC: 0.4075 cumulative IPC: 0.422 (Simulation time: 02 hr 08 min 48 sec)
max lookup for evict 15800000	evict = 1, eager = 16
max lookup for evict 15900000	evict = 1, eager = 16
Heartbeat CPU 1 instructions: 60000009 cycles: 94609453 heartbeat IPC: 0.4018 cumulative IPC: 0.4171 (Simulation time: 02 hr 10 min 22 sec)
max lookup for evict 16000000	evict = 1, eager = 16
Heartbeat CPU 2 instructions: 60000009 cycles: 95370205 heartbeat IPC: 0.3981 cumulative IPC: 0.4148 (Simulation time: 02 hr 11 min 14 sec)
Heartbeat CPU 3 instructions: 60000009 cycles: 95543032 heartbeat IPC: 0.3979 cumulative IPC: 0.415 (Simulation time: 02 hr 11 min 26 sec)
Heartbeat CPU 6 instructions: 60000009 cycles: 95692126 heartbeat IPC: 0.3987 cumulative IPC: 0.4155 (Simulation time: 02 hr 11 min 36 sec)
Heartbeat CPU 4 instructions: 60000009 cycles: 95713296 heartbeat IPC: 0.3981 cumulative IPC: 0.4148 (Simulation time: 02 hr 11 min 37 sec)
Heartbeat CPU 7 instructions: 60000013 cycles: 95746099 heartbeat IPC: 0.3982 cumulative IPC: 0.4153 (Simulation time: 02 hr 11 min 39 sec)
Heartbeat CPU 5 instructions: 60000009 cycles: 95791438 heartbeat IPC: 0.3976 cumulative IPC: 0.4147 (Simulation time: 02 hr 11 min 42 sec)
max lookup for evict 16100000	evict = 1, eager = 16
max lookup for evict 16200000	evict = 1, eager = 16
max lookup for evict 16300000	evict = 1, eager = 16
max lookup for evict 16400000	evict = 1, eager = 16
max lookup for evict 16500000	evict = 1, eager = 16
max lookup for evict 16600000	evict = 2, eager = 16
max lookup for evict 16700000	evict = 1, eager = 16
max lookup for evict 16800000	evict = 1, eager = 16
max lookup for evict 16900000	evict = 1, eager = 16
max lookup for evict 17000000	evict = 1, eager = 16
max lookup for evict 17100000	evict = 1, eager = 16
max lookup for evict 17200000	evict = 1, eager = 16
max lookup for evict 17300000	evict = 1, eager = 16
max lookup for evict 17400000	evict = 1, eager = 16
max lookup for evict 17500000	evict = 1, eager = 16
max lookup for evict 17600000	evict = 1, eager = 16
max lookup for evict 17700000	evict = 1, eager = 16
max lookup for evict 17800000	evict = 2, eager = 16
max lookup for evict 17900000	evict = 2, eager = 16
max lookup for evict 18000000	evict = 2, eager = 16
max lookup for evict 18100000	evict = 2, eager = 16
max lookup for evict 18200000	evict = 2, eager = 16
max lookup for evict 18300000	evict = 2, eager = 16
max lookup for evict 18400000	evict = 2, eager = 16
max lookup for evict 18500000	evict = 2, eager = 16
max lookup for evict 18600000	evict = 2, eager = 16
max lookup for evict 18700000	evict = 2, eager = 16
max lookup for evict 18800000	evict = 2, eager = 16
max lookup for evict 18900000	evict = 2, eager = 16
max lookup for evict 18900000	evict = 2, eager = 16
max lookup for evict 19000000	evict = 2, eager = 16
max lookup for evict 19100000	evict = 2, eager = 16
Heartbeat CPU 0 instructions: 70000010 cycles: 120745986 heartbeat IPC: 0.3636 cumulative IPC: 0.4073 (Simulation time: 02 hr 39 min 59 sec)
max lookup for evict 19200000	evict = 2, eager = 16
max lookup for evict 19300000	evict = 1, eager = 16
Heartbeat CPU 1 instructions: 70000010 cycles: 122458304 heartbeat IPC: 0.3591 cumulative IPC: 0.4025 (Simulation time: 02 hr 41 min 55 sec)
max lookup for evict 19400000	evict = 1, eager = 16
Heartbeat CPU 2 instructions: 70000010 cycles: 123453102 heartbeat IPC: 0.3561 cumulative IPC: 0.4 (Simulation time: 02 hr 43 min 03 sec)
max lookup for evict 19500000	evict = 2, eager = 16
Heartbeat CPU 3 instructions: 70000010 cycles: 123629747 heartbeat IPC: 0.356 cumulative IPC: 0.4002 (Simulation time: 02 hr 43 min 15 sec)
Heartbeat CPU 6 instructions: 70000010 cycles: 123758847 heartbeat IPC: 0.3563 cumulative IPC: 0.4007 (Simulation time: 02 hr 43 min 24 sec)
Heartbeat CPU 4 instructions: 70000010 cycles: 123771385 heartbeat IPC: 0.3564 cumulative IPC: 0.4002 (Simulation time: 02 hr 43 min 25 sec)
Heartbeat CPU 5 instructions: 70000010 cycles: 123802007 heartbeat IPC: 0.357 cumulative IPC: 0.4003 (Simulation time: 02 hr 43 min 27 sec)
Heartbeat CPU 7 instructions: 70000015 cycles: 123828821 heartbeat IPC: 0.3561 cumulative IPC: 0.4005 (Simulation time: 02 hr 43 min 29 sec)
max lookup for evict 19600000	evict = 2, eager = 16
max lookup for evict 19700000	evict = 2, eager = 16
max lookup for evict 19800000	evict = 1, eager = 16
max lookup for evict 19900000	evict = 1, eager = 16
max lookup for evict 20000000	evict = 1, eager = 16
max lookup for evict 20100000	evict = 1, eager = 16
max lookup for evict 20200000	evict = 1, eager = 16
max lookup for evict 20300000	evict = 1, eager = 16
max lookup for evict 20400000	evict = 2, eager = 16
max lookup for evict 20500000	evict = 2, eager = 16
max lookup for evict 20600000	evict = 1, eager = 16
max lookup for evict 20700000	evict = 1, eager = 16
max lookup for evict 20800000	evict = 2, eager = 16
max lookup for evict 20900000	evict = 2, eager = 16
max lookup for evict 21000000	evict = 1, eager = 16
max lookup for evict 21100000	evict = 1, eager = 16
max lookup for evict 21200000	evict = 1, eager = 16
max lookup for evict 21300000	evict = 2, eager = 16
max lookup for evict 21400000	evict = 1, eager = 16
max lookup for evict 21500000	evict = 1, eager = 16
max lookup for evict 21600000	evict = 1, eager = 16
max lookup for evict 21700000	evict = 2, eager = 16
max lookup for evict 21800000	evict = 1, eager = 16
max lookup for evict 21900000	evict = 1, eager = 16
max lookup for evict 22000000	evict = 1, eager = 16
Heartbeat CPU 0 instructions: 80000011 cycles: 145259296 heartbeat IPC: 0.4079 cumulative IPC: 0.4074 (Simulation time: 03 hr 08 min 12 sec)
max lookup for evict 22100000	evict = 1, eager = 16
max lookup for evict 22200000	evict = 1, eager = 16
Heartbeat CPU 1 instructions: 80000011 cycles: 147017963 heartbeat IPC: 0.4072 cumulative IPC: 0.4034 (Simulation time: 03 hr 10 min 13 sec)
max lookup for evict 22300000	evict = 1, eager = 16
Heartbeat CPU 2 instructions: 80000011 cycles: 148292118 heartbeat IPC: 0.4026 cumulative IPC: 0.4005 (Simulation time: 03 hr 11 min 39 sec)
max lookup for evict 22400000	evict = 1, eager = 16
Heartbeat CPU 3 instructions: 80000011 cycles: 148483408 heartbeat IPC: 0.4024 cumulative IPC: 0.4006 (Simulation time: 03 hr 11 min 52 sec)
Heartbeat CPU 6 instructions: 80000011 cycles: 148578300 heartbeat IPC: 0.4029 cumulative IPC: 0.4011 (Simulation time: 03 hr 11 min 58 sec)
Heartbeat CPU 4 instructions: 80000011 cycles: 148596353 heartbeat IPC: 0.4028 cumulative IPC: 0.4007 (Simulation time: 03 hr 11 min 59 sec)
Heartbeat CPU 5 instructions: 80000011 cycles: 148707158 heartbeat IPC: 0.4015 cumulative IPC: 0.4005 (Simulation time: 03 hr 12 min 07 sec)
Heartbeat CPU 7 instructions: 80000016 cycles: 148731237 heartbeat IPC: 0.4016 cumulative IPC: 0.4007 (Simulation time: 03 hr 12 min 08 sec)
max lookup for evict 22500000	evict = 1, eager = 16
max lookup for evict 22600000	evict = 1, eager = 16
max lookup for evict 22700000	evict = 1, eager = 16
max lookup for evict 22800000	evict = 1, eager = 16
max lookup for evict 22900000	evict = 1, eager = 16
max lookup for evict 23000000	evict = 1, eager = 16
max lookup for evict 23100000	evict = 1, eager = 16
max lookup for evict 23200000	evict = 2, eager = 16
max lookup for evict 23300000	evict = 1, eager = 16
max lookup for evict 23400000	evict = 1, eager = 16
max lookup for evict 23500000	evict = 1, eager = 16
max lookup for evict 23600000	evict = 1, eager = 16
max lookup for evict 23700000	evict = 1, eager = 16
max lookup for evict 23800000	evict = 1, eager = 16
max lookup for evict 23900000	evict = 1, eager = 16
max lookup for evict 24000000	evict = 1, eager = 16
max lookup for evict 24100000	evict = 1, eager = 16
max lookup for evict 24200000	evict = 1, eager = 16
max lookup for evict 24300000	evict = 2, eager = 16
max lookup for evict 24400000	evict = 2, eager = 16
max lookup for evict 24500000	evict = 2, eager = 16
max lookup for evict 24600000	evict = 2, eager = 16
max lookup for evict 24700000	evict = 2, eager = 16
max lookup for evict 24800000	evict = 2, eager = 16
max lookup for evict 24900000	evict = 2, eager = 16
max lookup for evict 25000000	evict = 2, eager = 16
max lookup for evict 25100000	evict = 2, eager = 16
max lookup for evict 25200000	evict = 1, eager = 16
max lookup for evict 25300000	evict = 1, eager = 16
Heartbeat CPU 0 instructions: 90000013 cycles: 172621309 heartbeat IPC: 0.3655 cumulative IPC: 0.4003 (Simulation time: 03 hr 38 min 35 sec)
max lookup for evict 25400000	evict = 1, eager = 16
max lookup for evict 25500000	evict = 1, eager = 16
max lookup for evict 25600000	evict = 1, eager = 16
Heartbeat CPU 1 instructions: 90000013 cycles: 174734148 heartbeat IPC: 0.3608 cumulative IPC: 0.3961 (Simulation time: 03 hr 40 min 52 sec)
max lookup for evict 25700000	evict = 1, eager = 16
max lookup for evict 25800000	evict = 1, eager = 16
Heartbeat CPU 2 instructions: 90000013 cycles: 176350503 heartbeat IPC: 0.3564 cumulative IPC: 0.393 (Simulation time: 03 hr 42 min 35 sec)
Heartbeat CPU 3 instructions: 90000013 cycles: 176508504 heartbeat IPC: 0.3568 cumulative IPC: 0.3932 (Simulation time: 03 hr 42 min 45 sec)
Heartbeat CPU 4 instructions: 90000014 cycles: 176628587 heartbeat IPC: 0.3567 cumulative IPC: 0.3932 (Simulation time: 03 hr 42 min 53 sec)
Heartbeat CPU 6 instructions: 90000013 cycles: 176665080 heartbeat IPC: 0.356 cumulative IPC: 0.3934 (Simulation time: 03 hr 42 min 55 sec)
Heartbeat CPU 5 instructions: 90000013 cycles: 176779126 heartbeat IPC: 0.3562 cumulative IPC: 0.393 (Simulation time: 03 hr 43 min 03 sec)
Heartbeat CPU 7 instructions: 90000016 cycles: 176848853 heartbeat IPC: 0.3556 cumulative IPC: 0.393 (Simulation time: 03 hr 43 min 07 sec)
max lookup for evict 25900000	evict = 1, eager = 16
max lookup for evict 26000000	evict = 1, eager = 16
max lookup for evict 26100000	evict = 1, eager = 16
max lookup for evict 26200000	evict = 2, eager = 16
max lookup for evict 26300000	evict = 2, eager = 16
max lookup for evict 26400000	evict = 2, eager = 16
max lookup for evict 26500000	evict = 2, eager = 16
max lookup for evict 26600000	evict = 2, eager = 16
max lookup for evict 26700000	evict = 2, eager = 16
max lookup for evict 26800000	evict = 2, eager = 16
max lookup for evict 26900000	evict = 2, eager = 16
max lookup for evict 27000000	evict = 2, eager = 16
max lookup for evict 27100000	evict = 2, eager = 16
max lookup for evict 27200000	evict = 2, eager = 16
max lookup for evict 27300000	evict = 2, eager = 16
max lookup for evict 27400000	evict = 1, eager = 16
max lookup for evict 27500000	evict = 1, eager = 16
max lookup for evict 27600000	evict = 1, eager = 16
max lookup for evict 27700000	evict = 2, eager = 16
max lookup for evict 27800000	evict = 1, eager = 16
max lookup for evict 27900000	evict = 1, eager = 16
max lookup for evict 28000000	evict = 1, eager = 16
max lookup for evict 28100000	evict = 1, eager = 16
max lookup for evict 28200000	evict = 1, eager = 16
max lookup for evict 28300000	evict = 1, eager = 16
max lookup for evict 28400000	evict = 1, eager = 16
max lookup for evict 28500000	evict = 1, eager = 16
max lookup for evict 28600000	evict = 1, eager = 16
max lookup for evict 28700000	evict = 1, eager = 16
max lookup for evict 28800000	evict = 1, eager = 16
max lookup for evict 28900000	evict = 1, eager = 16
Heartbeat CPU 0 instructions: 100000013 cycles: 201211119 heartbeat IPC: 0.3498 cumulative IPC: 0.3927 (Simulation time: 04 hr 09 min 03 sec)
max lookup for evict 29000000	evict = 2, eager = 16
max lookup for evict 29100000	evict = 2, eager = 16
Heartbeat CPU 1 instructions: 100000016 cycles: 203449439 heartbeat IPC: 0.3482 cumulative IPC: 0.389 (Simulation time: 04 hr 11 min 26 sec)
max lookup for evict 29200000	evict = 2, eager = 16
max lookup for evict 29300000	evict = 1, eager = 16
max lookup for evict 29400000	evict = 2, eager = 16
Heartbeat CPU 2 instructions: 100000013 cycles: 205510873 heartbeat IPC: 0.3429 cumulative IPC: 0.3855 (Simulation time: 04 hr 13 min 35 sec)
Heartbeat CPU 3 instructions: 100000013 cycles: 205662498 heartbeat IPC: 0.343 cumulative IPC: 0.3856 (Simulation time: 04 hr 13 min 45 sec)
max lookup for evict 29500000	evict = 2, eager = 16
Heartbeat CPU 4 instructions: 100000017 cycles: 205854279 heartbeat IPC: 0.3422 cumulative IPC: 0.3855 (Simulation time: 04 hr 13 min 57 sec)
Heartbeat CPU 6 instructions: 100000013 cycles: 205888344 heartbeat IPC: 0.3422 cumulative IPC: 0.3857 (Simulation time: 04 hr 13 min 59 sec)
Heartbeat CPU 5 instructions: 100000013 cycles: 205988031 heartbeat IPC: 0.3424 cumulative IPC: 0.3854 (Simulation time: 04 hr 14 min 05 sec)
Heartbeat CPU 7 instructions: 100000017 cycles: 206046622 heartbeat IPC: 0.3425 cumulative IPC: 0.3855 (Simulation time: 04 hr 14 min 09 sec)
max lookup for evict 29600000	evict = 2, eager = 16
max lookup for evict 29700000	evict = 2, eager = 16
max lookup for evict 29800000	evict = 1, eager = 16
max lookup for evict 29900000	evict = 2, eager = 16
max lookup for evict 30000000	evict = 2, eager = 16
max lookup for evict 30100000	evict = 2, eager = 16
max lookup for evict 30200000	evict = 2, eager = 16
max lookup for evict 30300000	evict = 2, eager = 16
max lookup for evict 30400000	evict = 1, eager = 16
max lookup for evict 30500000	evict = 1, eager = 16
max lookup for evict 30600000	evict = 1, eager = 16
max lookup for evict 30700000	evict = 1, eager = 16
max lookup for evict 30800000	evict = 1, eager = 16
max lookup for evict 30900000	evict = 1, eager = 16
max lookup for evict 31000000	evict = 1, eager = 16
max lookup for evict 31100000	evict = 1, eager = 16
max lookup for evict 31200000	evict = 1, eager = 16
max lookup for evict 31300000	evict = 1, eager = 16
max lookup for evict 31400000	evict = 1, eager = 16
max lookup for evict 31500000	evict = 1, eager = 16
max lookup for evict 31600000	evict = 2, eager = 16
max lookup for evict 31700000	evict = 2, eager = 16
max lookup for evict 31800000	evict = 2, eager = 16
max lookup for evict 31900000	evict = 2, eager = 16
max lookup for evict 32000000	evict = 1, eager = 16
max lookup for evict 32100000	evict = 1, eager = 16
max lookup for evict 32200000	evict = 2, eager = 16
max lookup for evict 32300000	evict = 1, eager = 16
max lookup for evict 32400000	evict = 1, eager = 16
max lookup for evict 32500000	evict = 1, eager = 16
Heartbeat CPU 0 instructions: 110000015 cycles: 230178900 heartbeat IPC: 0.3452 cumulative IPC: 0.3864 (Simulation time: 04 hr 39 min 40 sec)
max lookup for evict 32600000	evict = 1, eager = 16
max lookup for evict 32700000	evict = 1, eager = 16
max lookup for evict 32800000	evict = 1, eager = 16
Heartbeat CPU 1 instructions: 110000020 cycles: 232462733 heartbeat IPC: 0.3447 cumulative IPC: 0.3832 (Simulation time: 04 hr 42 min 05 sec)
max lookup for evict 32900000	evict = 1, eager = 16
max lookup for evict 33000000	evict = 1, eager = 16
max lookup for evict 33100000	evict = 1, eager = 16
Heartbeat CPU 2 instructions: 110000017 cycles: 234778503 heartbeat IPC: 0.3417 cumulative IPC: 0.3797 (Simulation time: 04 hr 44 min 32 sec)
Heartbeat CPU 3 instructions: 110000015 cycles: 234925596 heartbeat IPC: 0.3417 cumulative IPC: 0.3799 (Simulation time: 04 hr 44 min 41 sec)
Heartbeat CPU 4 instructions: 110000019 cycles: 235122064 heartbeat IPC: 0.3417 cumulative IPC: 0.3798 (Simulation time: 04 hr 44 min 54 sec)
Heartbeat CPU 6 instructions: 110000015 cycles: 235142799 heartbeat IPC: 0.3418 cumulative IPC: 0.38 (Simulation time: 04 hr 44 min 55 sec)
Heartbeat CPU 5 instructions: 110000015 cycles: 235233357 heartbeat IPC: 0.3419 cumulative IPC: 0.3797 (Simulation time: 04 hr 45 min 01 sec)
Heartbeat CPU 7 instructions: 110000017 cycles: 235250041 heartbeat IPC: 0.3424 cumulative IPC: 0.3798 (Simulation time: 04 hr 45 min 02 sec)
max lookup for evict 33200000	evict = 1, eager = 16
max lookup for evict 33300000	evict = 1, eager = 16
max lookup for evict 33400000	evict = 2, eager = 16
max lookup for evict 33500000	evict = 1, eager = 16
max lookup for evict 33600000	evict = 1, eager = 16
max lookup for evict 33700000	evict = 1, eager = 16
max lookup for evict 33800000	evict = 1, eager = 16
max lookup for evict 33900000	evict = 2, eager = 16
max lookup for evict 34000000	evict = 1, eager = 16
max lookup for evict 34100000	evict = 1, eager = 16
max lookup for evict 34200000	evict = 1, eager = 16
max lookup for evict 34300000	evict = 2, eager = 16
max lookup for evict 34400000	evict = 2, eager = 16
max lookup for evict 34500000	evict = 2, eager = 16
max lookup for evict 34600000	evict = 1, eager = 16
max lookup for evict 34700000	evict = 2, eager = 16
max lookup for evict 34800000	evict = 2, eager = 16
max lookup for evict 34900000	evict = 2, eager = 16
max lookup for evict 35000000	evict = 2, eager = 16
max lookup for evict 35100000	evict = 2, eager = 16
max lookup for evict 35200000	evict = 2, eager = 16
max lookup for evict 35300000	evict = 2, eager = 16
max lookup for evict 35400000	evict = 2, eager = 16
max lookup for evict 35500000	evict = 2, eager = 16
max lookup for evict 35600000	evict = 2, eager = 16
max lookup for evict 35700000	evict = 2, eager = 16
max lookup for evict 35700000	evict = 2, eager = 16
max lookup for evict 35800000	evict = 2, eager = 16
max lookup for evict 35900000	evict = 2, eager = 16
max lookup for evict 36000000	evict = 2, eager = 16
max lookup for evict 36100000	evict = 2, eager = 16
Heartbeat CPU 0 instructions: 120000017 cycles: 258861822 heartbeat IPC: 0.3486 cumulative IPC: 0.382 (Simulation time: 05 hr 09 min 53 sec)
max lookup for evict 36200000	evict = 2, eager = 16
max lookup for evict 36300000	evict = 2, eager = 16
max lookup for evict 36400000	evict = 2, eager = 16
Heartbeat CPU 1 instructions: 120000020 cycles: 261401406 heartbeat IPC: 0.3456 cumulative IPC: 0.3788 (Simulation time: 05 hr 12 min 29 sec)
max lookup for evict 36500000	evict = 1, eager = 16
max lookup for evict 36600000	evict = 1, eager = 16
max lookup for evict 36700000	evict = 2, eager = 16
max lookup for evict 36800000	evict = 2, eager = 16
Heartbeat CPU 2 instructions: 120000017 cycles: 264230780 heartbeat IPC: 0.3395 cumulative IPC: 0.375 (Simulation time: 05 hr 15 min 23 sec)
Heartbeat CPU 3 instructions: 120000017 cycles: 264309464 heartbeat IPC: 0.3403 cumulative IPC: 0.3753 (Simulation time: 05 hr 15 min 28 sec)
Heartbeat CPU 4 instructions: 120000020 cycles: 264541480 heartbeat IPC: 0.3399 cumulative IPC: 0.3752 (Simulation time: 05 hr 15 min 42 sec)
Heartbeat CPU 6 instructions: 120000017 cycles: 264583960 heartbeat IPC: 0.3397 cumulative IPC: 0.3753 (Simulation time: 05 hr 15 min 45 sec)
Heartbeat CPU 7 instructions: 120000017 cycles: 264675236 heartbeat IPC: 0.3398 cumulative IPC: 0.3752 (Simulation time: 05 hr 15 min 51 sec)
Heartbeat CPU 5 instructions: 120000017 cycles: 264695596 heartbeat IPC: 0.3394 cumulative IPC: 0.375 (Simulation time: 05 hr 15 min 52 sec)
max lookup for evict 36900000	evict = 2, eager = 16
max lookup for evict 37000000	evict = 2, eager = 16
max lookup for evict 37100000	evict = 1, eager = 16
max lookup for evict 37200000	evict = 1, eager = 16
max lookup for evict 37300000	evict = 1, eager = 16
max lookup for evict 37400000	evict = 2, eager = 16
max lookup for evict 37500000	evict = 1, eager = 16
max lookup for evict 37600000	evict = 2, eager = 16
max lookup for evict 37700000	evict = 2, eager = 16
max lookup for evict 37800000	evict = 2, eager = 16
max lookup for evict 37900000	evict = 2, eager = 16
max lookup for evict 38000000	evict = 2, eager = 16
max lookup for evict 38100000	evict = 2, eager = 16
Simulation finished CPU 0 instructions: 100000000 cycles: 263619957 cumulative IPC: 0.3793 (Simulation time: 05 hr 26 min 27 sec)
max lookup for evict 38200000	evict = 2, eager = 16
max lookup for evict 38300000	evict = 2, eager = 16
max lookup for evict 38400000	evict = 2, eager = 16
Simulation finished CPU 1 instructions: 100000001 cycles: 265568622 cumulative IPC: 0.3766 (Simulation time: 05 hr 28 min 28 sec)
max lookup for evict 38500000	evict = 2, eager = 16
max lookup for evict 38600000	evict = 2, eager = 16
max lookup for evict 38700000	evict = 1, eager = 16
Simulation finished CPU 6 instructions: 100000002 cycles: 267895436 cumulative IPC: 0.3733 (Simulation time: 05 hr 30 min 52 sec)
Simulation finished CPU 7 instructions: 100000000 cycles: 267975372 cumulative IPC: 0.3732 (Simulation time: 05 hr 30 min 57 sec)
Simulation finished CPU 3 instructions: 100000002 cycles: 268002302 cumulative IPC: 0.3731 (Simulation time: 05 hr 30 min 58 sec)
Simulation finished CPU 4 instructions: 100000001 cycles: 268045301 cumulative IPC: 0.3731 (Simulation time: 05 hr 31 min 01 sec)
Simulation finished CPU 5 instructions: 100000002 cycles: 268105789 cumulative IPC: 0.373 (Simulation time: 05 hr 31 min 05 sec)
Simulation finished CPU 2 instructions: 100000004 cycles: 268198003 cumulative IPC: 0.3729 (Simulation time: 05 hr 31 min 10 sec)
Simulation complete CPU 7 instructions: 100065720 cycles: 268198003 cumulative IPC: 0.3731 (Simulation time: 05 hr 31 min 10 sec)
Simulation complete CPU 6 instructions: 100087308 cycles: 268198003 cumulative IPC: 0.3732 (Simulation time: 05 hr 31 min 10 sec)
Simulation complete CPU 5 instructions: 100027232 cycles: 268198003 cumulative IPC: 0.373 (Simulation time: 05 hr 31 min 10 sec)
Simulation complete CPU 4 instructions: 100045535 cycles: 268198003 cumulative IPC: 0.373 (Simulation time: 05 hr 31 min 10 sec)
Simulation complete CPU 3 instructions: 100059468 cycles: 268198003 cumulative IPC: 0.3731 (Simulation time: 05 hr 31 min 10 sec)
Simulation complete CPU 2 instructions: 100000004 cycles: 268198003 cumulative IPC: 0.3729 (Simulation time: 05 hr 31 min 10 sec)
Simulation complete CPU 1 instructions: 100903538 cycles: 268198003 cumulative IPC: 0.3762 (Simulation time: 05 hr 31 min 10 sec)
Simulation complete CPU 0 instructions: 101574602 cycles: 268198003 cumulative IPC: 0.3787 (Simulation time: 05 hr 31 min 10 sec)

ChampSim completed all CPUs

=== Simulation ===
CPU 0 runs ../frost/TRACES/ctf/ligra/ligra_Components.com-lj.ungraph.gcc_6.3.0_O3.drop_22750M.length_250M.champsimtrace.xz
CPU 1 runs ../frost/TRACES/ctf/ligra/ligra_Components.com-lj.ungraph.gcc_6.3.0_O3.drop_22750M.length_250M.champsimtrace.xz
CPU 2 runs ../frost/TRACES/ctf/ligra/ligra_Components.com-lj.ungraph.gcc_6.3.0_O3.drop_22750M.length_250M.champsimtrace.xz
CPU 3 runs ../frost/TRACES/ctf/ligra/ligra_Components.com-lj.ungraph.gcc_6.3.0_O3.drop_22750M.length_250M.champsimtrace.xz
CPU 4 runs ../frost/TRACES/ctf/ligra/ligra_Components.com-lj.ungraph.gcc_6.3.0_O3.drop_22750M.length_250M.champsimtrace.xz
CPU 5 runs ../frost/TRACES/ctf/ligra/ligra_Components.com-lj.ungraph.gcc_6.3.0_O3.drop_22750M.length_250M.champsimtrace.xz
CPU 6 runs ../frost/TRACES/ctf/ligra/ligra_Components.com-lj.ungraph.gcc_6.3.0_O3.drop_22750M.length_250M.champsimtrace.xz
CPU 7 runs ../frost/TRACES/ctf/ligra/ligra_Components.com-lj.ungraph.gcc_6.3.0_O3.drop_22750M.length_250M.champsimtrace.xz

Total Simulation Statistics (not including warmup)

CPU 7 cumulative IPC: 0.3731 instructions: 100065720 cycles: 268198003
CPU 7 Branch Prediction Accuracy: 100% MPKI: 0 Average ROB Occupancy at Mispredict: -
Branch type MPKI
BRANCH_DIRECT_JUMP: 0
BRANCH_INDIRECT: 0
BRANCH_CONDITIONAL: 0
BRANCH_DIRECT_CALL: 0
BRANCH_INDIRECT_CALL: 0
BRANCH_RETURN: 0


CPU 6 cumulative IPC: 0.3732 instructions: 100087308 cycles: 268198003
CPU 6 Branch Prediction Accuracy: 100% MPKI: 0 Average ROB Occupancy at Mispredict: -
Branch type MPKI
BRANCH_DIRECT_JUMP: 0
BRANCH_INDIRECT: 0
BRANCH_CONDITIONAL: 0
BRANCH_DIRECT_CALL: 0
BRANCH_INDIRECT_CALL: 0
BRANCH_RETURN: 0


CPU 5 cumulative IPC: 0.373 instructions: 100027232 cycles: 268198003
CPU 5 Branch Prediction Accuracy: 100% MPKI: 0 Average ROB Occupancy at Mispredict: -
Branch type MPKI
BRANCH_DIRECT_JUMP: 0
BRANCH_INDIRECT: 0
BRANCH_CONDITIONAL: 0
BRANCH_DIRECT_CALL: 0
BRANCH_INDIRECT_CALL: 0
BRANCH_RETURN: 0


CPU 4 cumulative IPC: 0.373 instructions: 100045535 cycles: 268198003
CPU 4 Branch Prediction Accuracy: 100% MPKI: 0 Average ROB Occupancy at Mispredict: -
Branch type MPKI
BRANCH_DIRECT_JUMP: 0
BRANCH_INDIRECT: 0
BRANCH_CONDITIONAL: 0
BRANCH_DIRECT_CALL: 0
BRANCH_INDIRECT_CALL: 0
BRANCH_RETURN: 0


CPU 3 cumulative IPC: 0.3731 instructions: 100059468 cycles: 268198003
CPU 3 Branch Prediction Accuracy: 100% MPKI: 0 Average ROB Occupancy at Mispredict: -
Branch type MPKI
BRANCH_DIRECT_JUMP: 0
BRANCH_INDIRECT: 0
BRANCH_CONDITIONAL: 0
BRANCH_DIRECT_CALL: 0
BRANCH_INDIRECT_CALL: 0
BRANCH_RETURN: 0


CPU 2 cumulative IPC: 0.3729 instructions: 100000004 cycles: 268198003
CPU 2 Branch Prediction Accuracy: 100% MPKI: 0 Average ROB Occupancy at Mispredict: -
Branch type MPKI
BRANCH_DIRECT_JUMP: 0
BRANCH_INDIRECT: 0
BRANCH_CONDITIONAL: 0
BRANCH_DIRECT_CALL: 0
BRANCH_INDIRECT_CALL: 0
BRANCH_RETURN: 0


CPU 1 cumulative IPC: 0.3762 instructions: 100903538 cycles: 268198003
CPU 1 Branch Prediction Accuracy: 100% MPKI: 0 Average ROB Occupancy at Mispredict: -
Branch type MPKI
BRANCH_DIRECT_JUMP: 0
BRANCH_INDIRECT: 0
BRANCH_CONDITIONAL: 0
BRANCH_DIRECT_CALL: 0
BRANCH_INDIRECT_CALL: 0
BRANCH_RETURN: 0


CPU 0 cumulative IPC: 0.3787 instructions: 101574602 cycles: 268198003
CPU 0 Branch Prediction Accuracy: 100% MPKI: 0 Average ROB Occupancy at Mispredict: -
Branch type MPKI
BRANCH_DIRECT_JUMP: 0
BRANCH_INDIRECT: 0
BRANCH_CONDITIONAL: 0
BRANCH_DIRECT_CALL: 0
BRANCH_INDIRECT_CALL: 0
BRANCH_RETURN: 0

cpu7->cpu7_STLB TOTAL        ACCESS:         23 HIT:          0 MISS:         23 MSHR_MERGE:          0
cpu7->cpu7_STLB LOAD         ACCESS:         23 HIT:          0 MISS:         23 MSHR_MERGE:          0
cpu7->cpu7_STLB RFO          ACCESS:          0 HIT:          0 MISS:          0 MSHR_MERGE:          0
cpu7->cpu7_STLB PREFETCH     ACCESS:          0 HIT:          0 MISS:          0 MSHR_MERGE:          0
cpu7->cpu7_STLB WRITE        ACCESS:          0 HIT:          0 MISS:          0 MSHR_MERGE:          0
cpu7->cpu7_STLB TRANSLATION  ACCESS:          0 HIT:          0 MISS:          0 MSHR_MERGE:          0
cpu7->cpu7_STLB PREFETCH REQUESTED:          0 ISSUED:          0 USEFUL:          0 USELESS:          0
cpu7->cpu7_STLB AVERAGE MISS LATENCY: 231.1 cycles
cpu7->cpu7_L2C TOTAL        ACCESS:    7539188 HIT:    1796255 MISS:    5742933 MSHR_MERGE:          0
cpu7->cpu7_L2C LOAD         ACCESS:    7507203 HIT:    1775500 MISS:    5731703 MSHR_MERGE:          0
cpu7->cpu7_L2C RFO          ACCESS:      15975 HIT:       4767 MISS:      11208 MSHR_MERGE:          0
cpu7->cpu7_L2C PREFETCH     ACCESS:          0 HIT:          0 MISS:          0 MSHR_MERGE:          0
cpu7->cpu7_L2C WRITE        ACCESS:      15988 HIT:      15988 MISS:          0 MSHR_MERGE:          0
cpu7->cpu7_L2C TRANSLATION  ACCESS:         22 HIT:          0 MISS:         22 MSHR_MERGE:          0
cpu7->cpu7_L2C PREFETCH REQUESTED:          0 ISSUED:          0 USEFUL:          0 USELESS:          0
cpu7->cpu7_L2C AVERAGE MISS LATENCY: 194.5 cycles
cpu7->cpu7_L1I TOTAL        ACCESS:   19063137 HIT:   19063137 MISS:          0 MSHR_MERGE:          0
cpu7->cpu7_L1I LOAD         ACCESS:   19063137 HIT:   19063137 MISS:          0 MSHR_MERGE:          0
cpu7->cpu7_L1I RFO          ACCESS:          0 HIT:          0 MISS:          0 MSHR_MERGE:          0
cpu7->cpu7_L1I PREFETCH     ACCESS:          0 HIT:          0 MISS:          0 MSHR_MERGE:          0
cpu7->cpu7_L1I WRITE        ACCESS:          0 HIT:          0 MISS:          0 MSHR_MERGE:          0
cpu7->cpu7_L1I TRANSLATION  ACCESS:          0 HIT:          0 MISS:          0 MSHR_MERGE:          0
cpu7->cpu7_L1I PREFETCH REQUESTED:          0 ISSUED:          0 USEFUL:          0 USELESS:          0
cpu7->cpu7_L1I AVERAGE MISS LATENCY: - cycles
cpu7->cpu7_L1D TOTAL        ACCESS:   32847107 HIT:   22951869 MISS:    9895238 MSHR_MERGE:    2372026
cpu7->cpu7_L1D LOAD         ACCESS:   32129787 HIT:   22259026 MISS:    9870761 MSHR_MERGE:    2363558
cpu7->cpu7_L1D RFO          ACCESS:          0 HIT:          0 MISS:          0 MSHR_MERGE:          0
cpu7->cpu7_L1D PREFETCH     ACCESS:          0 HIT:          0 MISS:          0 MSHR_MERGE:          0
cpu7->cpu7_L1D WRITE        ACCESS:     717297 HIT:     692842 MISS:      24455 MSHR_MERGE:       8468
cpu7->cpu7_L1D TRANSLATION  ACCESS:         23 HIT:          1 MISS:         22 MSHR_MERGE:          0
cpu7->cpu7_L1D PREFETCH REQUESTED:          0 ISSUED:          0 USEFUL:          0 USELESS:          0
cpu7->cpu7_L1D AVERAGE MISS LATENCY: 157.3 cycles
cpu7->cpu7_ITLB TOTAL        ACCESS:   19027888 HIT:   19027888 MISS:          0 MSHR_MERGE:          0
cpu7->cpu7_ITLB LOAD         ACCESS:   19027888 HIT:   19027888 MISS:          0 MSHR_MERGE:          0
cpu7->cpu7_ITLB RFO          ACCESS:          0 HIT:          0 MISS:          0 MSHR_MERGE:          0
cpu7->cpu7_ITLB PREFETCH     ACCESS:          0 HIT:          0 MISS:          0 MSHR_MERGE:          0
cpu7->cpu7_ITLB WRITE        ACCESS:          0 HIT:          0 MISS:          0 MSHR_MERGE:          0
cpu7->cpu7_ITLB TRANSLATION  ACCESS:          0 HIT:          0 MISS:          0 MSHR_MERGE:          0
cpu7->cpu7_ITLB PREFETCH REQUESTED:          0 ISSUED:          0 USEFUL:          0 USELESS:          0
cpu7->cpu7_ITLB AVERAGE MISS LATENCY: - cycles
cpu7->cpu7_DTLB TOTAL        ACCESS:   32614806 HIT:   32614743 MISS:         63 MSHR_MERGE:         40
cpu7->cpu7_DTLB LOAD         ACCESS:   32614806 HIT:   32614743 MISS:         63 MSHR_MERGE:         40
cpu7->cpu7_DTLB RFO          ACCESS:          0 HIT:          0 MISS:          0 MSHR_MERGE:          0
cpu7->cpu7_DTLB PREFETCH     ACCESS:          0 HIT:          0 MISS:          0 MSHR_MERGE:          0
cpu7->cpu7_DTLB WRITE        ACCESS:          0 HIT:          0 MISS:          0 MSHR_MERGE:          0
cpu7->cpu7_DTLB TRANSLATION  ACCESS:          0 HIT:          0 MISS:          0 MSHR_MERGE:          0
cpu7->cpu7_DTLB PREFETCH REQUESTED:          0 ISSUED:          0 USEFUL:          0 USELESS:          0
cpu7->cpu7_DTLB AVERAGE MISS LATENCY: 237.1 cycles
cpu6->cpu6_STLB TOTAL        ACCESS:         23 HIT:          0 MISS:         23 MSHR_MERGE:          0
cpu6->cpu6_STLB LOAD         ACCESS:         23 HIT:          0 MISS:         23 MSHR_MERGE:          0
cpu6->cpu6_STLB RFO          ACCESS:          0 HIT:          0 MISS:          0 MSHR_MERGE:          0
cpu6->cpu6_STLB PREFETCH     ACCESS:          0 HIT:          0 MISS:          0 MSHR_MERGE:          0
cpu6->cpu6_STLB WRITE        ACCESS:          0 HIT:          0 MISS:          0 MSHR_MERGE:          0
cpu6->cpu6_STLB TRANSLATION  ACCESS:          0 HIT:          0 MISS:          0 MSHR_MERGE:          0
cpu6->cpu6_STLB PREFETCH REQUESTED:          0 ISSUED:          0 USEFUL:          0 USELESS:          0
cpu6->cpu6_STLB AVERAGE MISS LATENCY: 231.2 cycles
cpu6->cpu6_L2C TOTAL        ACCESS:    7541182 HIT:    1796415 MISS:    5744767 MSHR_MERGE:          0
cpu6->cpu6_L2C LOAD         ACCESS:    7509184 HIT:    1775650 MISS:    5733534 MSHR_MERGE:          0
cpu6->cpu6_L2C RFO          ACCESS:      15983 HIT:       4772 MISS:      11211 MSHR_MERGE:          0
cpu6->cpu6_L2C PREFETCH     ACCESS:          0 HIT:          0 MISS:          0 MSHR_MERGE:          0
cpu6->cpu6_L2C WRITE        ACCESS:      15993 HIT:      15993 MISS:          0 MSHR_MERGE:          0
cpu6->cpu6_L2C TRANSLATION  ACCESS:         22 HIT:          0 MISS:         22 MSHR_MERGE:          0
cpu6->cpu6_L2C PREFETCH REQUESTED:          0 ISSUED:          0 USEFUL:          0 USELESS:          0
cpu6->cpu6_L2C AVERAGE MISS LATENCY: 194.8 cycles
cpu6->cpu6_L1I TOTAL        ACCESS:   19064610 HIT:   19064610 MISS:          0 MSHR_MERGE:          0
cpu6->cpu6_L1I LOAD         ACCESS:   19064610 HIT:   19064610 MISS:          0 MSHR_MERGE:          0
cpu6->cpu6_L1I RFO          ACCESS:          0 HIT:          0 MISS:          0 MSHR_MERGE:          0
cpu6->cpu6_L1I PREFETCH     ACCESS:          0 HIT:          0 MISS:          0 MSHR_MERGE:          0
cpu6->cpu6_L1I WRITE        ACCESS:          0 HIT:          0 MISS:          0 MSHR_MERGE:          0
cpu6->cpu6_L1I TRANSLATION  ACCESS:          0 HIT:          0 MISS:          0 MSHR_MERGE:          0
cpu6->cpu6_L1I PREFETCH REQUESTED:          0 ISSUED:          0 USEFUL:          0 USELESS:          0
cpu6->cpu6_L1I AVERAGE MISS LATENCY: - cycles
cpu6->cpu6_L1D TOTAL        ACCESS:   32868970 HIT:   22969065 MISS:    9899905 MSHR_MERGE:    2374707
cpu6->cpu6_L1D LOAD         ACCESS:   32151450 HIT:   22275996 MISS:    9875454 MSHR_MERGE:    2366271
cpu6->cpu6_L1D RFO          ACCESS:          0 HIT:          0 MISS:          0 MSHR_MERGE:          0
cpu6->cpu6_L1D PREFETCH     ACCESS:          0 HIT:          0 MISS:          0 MSHR_MERGE:          0
cpu6->cpu6_L1D WRITE        ACCESS:     717497 HIT:     693068 MISS:      24429 MSHR_MERGE:       8436
cpu6->cpu6_L1D TRANSLATION  ACCESS:         23 HIT:          1 MISS:         22 MSHR_MERGE:          0
cpu6->cpu6_L1D PREFETCH REQUESTED:          0 ISSUED:          0 USEFUL:          0 USELESS:          0
cpu6->cpu6_L1D AVERAGE MISS LATENCY: 157.4 cycles
cpu6->cpu6_ITLB TOTAL        ACCESS:   19033048 HIT:   19033048 MISS:          0 MSHR_MERGE:          0
cpu6->cpu6_ITLB LOAD         ACCESS:   19033048 HIT:   19033048 MISS:          0 MSHR_MERGE:          0
cpu6->cpu6_ITLB RFO          ACCESS:          0 HIT:          0 MISS:          0 MSHR_MERGE:          0
cpu6->cpu6_ITLB PREFETCH     ACCESS:          0 HIT:          0 MISS:          0 MSHR_MERGE:          0
cpu6->cpu6_ITLB WRITE        ACCESS:          0 HIT:          0 MISS:          0 MSHR_MERGE:          0
cpu6->cpu6_ITLB TRANSLATION  ACCESS:          0 HIT:          0 MISS:          0 MSHR_MERGE:          0
cpu6->cpu6_ITLB PREFETCH REQUESTED:          0 ISSUED:          0 USEFUL:          0 USELESS:          0
cpu6->cpu6_ITLB AVERAGE MISS LATENCY: - cycles
cpu6->cpu6_DTLB TOTAL        ACCESS:   32662356 HIT:   32662281 MISS:         75 MSHR_MERGE:         52
cpu6->cpu6_DTLB LOAD         ACCESS:   32662356 HIT:   32662281 MISS:         75 MSHR_MERGE:         52
cpu6->cpu6_DTLB RFO          ACCESS:          0 HIT:          0 MISS:          0 MSHR_MERGE:          0
cpu6->cpu6_DTLB PREFETCH     ACCESS:          0 HIT:          0 MISS:          0 MSHR_MERGE:          0
cpu6->cpu6_DTLB WRITE        ACCESS:          0 HIT:          0 MISS:          0 MSHR_MERGE:          0
cpu6->cpu6_DTLB TRANSLATION  ACCESS:          0 HIT:          0 MISS:          0 MSHR_MERGE:          0
cpu6->cpu6_DTLB PREFETCH REQUESTED:          0 ISSUED:          0 USEFUL:          0 USELESS:          0
cpu6->cpu6_DTLB AVERAGE MISS LATENCY: 237.2 cycles
cpu5->cpu5_STLB TOTAL        ACCESS:         23 HIT:          0 MISS:         23 MSHR_MERGE:          0
cpu5->cpu5_STLB LOAD         ACCESS:         23 HIT:          0 MISS:         23 MSHR_MERGE:          0
cpu5->cpu5_STLB RFO          ACCESS:          0 HIT:          0 MISS:          0 MSHR_MERGE:          0
cpu5->cpu5_STLB PREFETCH     ACCESS:          0 HIT:          0 MISS:          0 MSHR_MERGE:          0
cpu5->cpu5_STLB WRITE        ACCESS:          0 HIT:          0 MISS:          0 MSHR_MERGE:          0
cpu5->cpu5_STLB TRANSLATION  ACCESS:          0 HIT:          0 MISS:          0 MSHR_MERGE:          0
cpu5->cpu5_STLB PREFETCH REQUESTED:          0 ISSUED:          0 USEFUL:          0 USELESS:          0
cpu5->cpu5_STLB AVERAGE MISS LATENCY: 231.2 cycles
cpu5->cpu5_L2C TOTAL        ACCESS:    7535798 HIT:    1795585 MISS:    5740213 MSHR_MERGE:          0
cpu5->cpu5_L2C LOAD         ACCESS:    7503843 HIT:    1774855 MISS:    5728988 MSHR_MERGE:          0
cpu5->cpu5_L2C RFO          ACCESS:      15962 HIT:       4759 MISS:      11203 MSHR_MERGE:          0
cpu5->cpu5_L2C PREFETCH     ACCESS:          0 HIT:          0 MISS:          0 MSHR_MERGE:          0
cpu5->cpu5_L2C WRITE        ACCESS:      15971 HIT:      15971 MISS:          0 MSHR_MERGE:          0
cpu5->cpu5_L2C TRANSLATION  ACCESS:         22 HIT:          0 MISS:         22 MSHR_MERGE:          0
cpu5->cpu5_L2C PREFETCH REQUESTED:          0 ISSUED:          0 USEFUL:          0 USELESS:          0
cpu5->cpu5_L2C AVERAGE MISS LATENCY: 194.8 cycles
cpu5->cpu5_L1I TOTAL        ACCESS:   19053762 HIT:   19053762 MISS:          0 MSHR_MERGE:          0
cpu5->cpu5_L1I LOAD         ACCESS:   19053762 HIT:   19053762 MISS:          0 MSHR_MERGE:          0
cpu5->cpu5_L1I RFO          ACCESS:          0 HIT:          0 MISS:          0 MSHR_MERGE:          0
cpu5->cpu5_L1I PREFETCH     ACCESS:          0 HIT:          0 MISS:          0 MSHR_MERGE:          0
cpu5->cpu5_L1I WRITE        ACCESS:          0 HIT:          0 MISS:          0 MSHR_MERGE:          0
cpu5->cpu5_L1I TRANSLATION  ACCESS:          0 HIT:          0 MISS:          0 MSHR_MERGE:          0
cpu5->cpu5_L1I PREFETCH REQUESTED:          0 ISSUED:          0 USEFUL:          0 USELESS:          0
cpu5->cpu5_L1I AVERAGE MISS LATENCY: - cycles
cpu5->cpu5_L1D TOTAL        ACCESS:   32858355 HIT:   22965127 MISS:    9893228 MSHR_MERGE:    2373390
cpu5->cpu5_L1D LOAD         ACCESS:   32141359 HIT:   22272501 MISS:    9868858 MSHR_MERGE:    2365015
cpu5->cpu5_L1D RFO          ACCESS:          0 HIT:          0 MISS:          0 MSHR_MERGE:          0
cpu5->cpu5_L1D PREFETCH     ACCESS:          0 HIT:          0 MISS:          0 MSHR_MERGE:          0
cpu5->cpu5_L1D WRITE        ACCESS:     716973 HIT:     692625 MISS:      24348 MSHR_MERGE:       8375
cpu5->cpu5_L1D TRANSLATION  ACCESS:         23 HIT:          1 MISS:         22 MSHR_MERGE:          0
cpu5->cpu5_L1D PREFETCH REQUESTED:          0 ISSUED:          0 USEFUL:          0 USELESS:          0
cpu5->cpu5_L1D AVERAGE MISS LATENCY: 157.5 cycles
cpu5->cpu5_ITLB TOTAL        ACCESS:   19017104 HIT:   19017104 MISS:          0 MSHR_MERGE:          0
cpu5->cpu5_ITLB LOAD         ACCESS:   19017104 HIT:   19017104 MISS:          0 MSHR_MERGE:          0
cpu5->cpu5_ITLB RFO          ACCESS:          0 HIT:          0 MISS:          0 MSHR_MERGE:          0
cpu5->cpu5_ITLB PREFETCH     ACCESS:          0 HIT:          0 MISS:          0 MSHR_MERGE:          0
cpu5->cpu5_ITLB WRITE        ACCESS:          0 HIT:          0 MISS:          0 MSHR_MERGE:          0
cpu5->cpu5_ITLB TRANSLATION  ACCESS:          0 HIT:          0 MISS:          0 MSHR_MERGE:          0
cpu5->cpu5_ITLB PREFETCH REQUESTED:          0 ISSUED:          0 USEFUL:          0 USELESS:          0
cpu5->cpu5_ITLB AVERAGE MISS LATENCY: - cycles
cpu5->cpu5_DTLB TOTAL        ACCESS:   32634061 HIT:   32633982 MISS:         79 MSHR_MERGE:         56
cpu5->cpu5_DTLB LOAD         ACCESS:   32634061 HIT:   32633982 MISS:         79 MSHR_MERGE:         56
cpu5->cpu5_DTLB RFO          ACCESS:          0 HIT:          0 MISS:          0 MSHR_MERGE:          0
cpu5->cpu5_DTLB PREFETCH     ACCESS:          0 HIT:          0 MISS:          0 MSHR_MERGE:          0
cpu5->cpu5_DTLB WRITE        ACCESS:          0 HIT:          0 MISS:          0 MSHR_MERGE:          0
cpu5->cpu5_DTLB TRANSLATION  ACCESS:          0 HIT:          0 MISS:          0 MSHR_MERGE:          0
cpu5->cpu5_DTLB PREFETCH REQUESTED:          0 ISSUED:          0 USEFUL:          0 USELESS:          0
cpu5->cpu5_DTLB AVERAGE MISS LATENCY: 237.2 cycles
cpu4->cpu4_STLB TOTAL        ACCESS:         23 HIT:          0 MISS:         23 MSHR_MERGE:          0
cpu4->cpu4_STLB LOAD         ACCESS:         23 HIT:          0 MISS:         23 MSHR_MERGE:          0
cpu4->cpu4_STLB RFO          ACCESS:          0 HIT:          0 MISS:          0 MSHR_MERGE:          0
cpu4->cpu4_STLB PREFETCH     ACCESS:          0 HIT:          0 MISS:          0 MSHR_MERGE:          0
cpu4->cpu4_STLB WRITE        ACCESS:          0 HIT:          0 MISS:          0 MSHR_MERGE:          0
cpu4->cpu4_STLB TRANSLATION  ACCESS:          0 HIT:          0 MISS:          0 MSHR_MERGE:          0
cpu4->cpu4_STLB PREFETCH REQUESTED:          0 ISSUED:          0 USEFUL:          0 USELESS:          0
cpu4->cpu4_STLB AVERAGE MISS LATENCY: 231.2 cycles
cpu4->cpu4_L2C TOTAL        ACCESS:    7537137 HIT:    1795446 MISS:    5741691 MSHR_MERGE:          0
cpu4->cpu4_L2C LOAD         ACCESS:    7505152 HIT:    1774689 MISS:    5730463 MSHR_MERGE:          0
cpu4->cpu4_L2C RFO          ACCESS:      15980 HIT:       4774 MISS:      11206 MSHR_MERGE:          0
cpu4->cpu4_L2C PREFETCH     ACCESS:          0 HIT:          0 MISS:          0 MSHR_MERGE:          0
cpu4->cpu4_L2C WRITE        ACCESS:      15983 HIT:      15983 MISS:          0 MSHR_MERGE:          0
cpu4->cpu4_L2C TRANSLATION  ACCESS:         22 HIT:          0 MISS:         22 MSHR_MERGE:          0
cpu4->cpu4_L2C PREFETCH REQUESTED:          0 ISSUED:          0 USEFUL:          0 USELESS:          0
cpu4->cpu4_L2C AVERAGE MISS LATENCY: 194.9 cycles
cpu4->cpu4_L1I TOTAL        ACCESS:   19059530 HIT:   19059530 MISS:          0 MSHR_MERGE:          0
cpu4->cpu4_L1I LOAD         ACCESS:   19059530 HIT:   19059530 MISS:          0 MSHR_MERGE:          0
cpu4->cpu4_L1I RFO          ACCESS:          0 HIT:          0 MISS:          0 MSHR_MERGE:          0
cpu4->cpu4_L1I PREFETCH     ACCESS:          0 HIT:          0 MISS:          0 MSHR_MERGE:          0
cpu4->cpu4_L1I WRITE        ACCESS:          0 HIT:          0 MISS:          0 MSHR_MERGE:          0
cpu4->cpu4_L1I TRANSLATION  ACCESS:          0 HIT:          0 MISS:          0 MSHR_MERGE:          0
cpu4->cpu4_L1I PREFETCH REQUESTED:          0 ISSUED:          0 USEFUL:          0 USELESS:          0
cpu4->cpu4_L1I AVERAGE MISS LATENCY: - cycles
cpu4->cpu4_L1D TOTAL        ACCESS:   32866465 HIT:   22969510 MISS:    9896955 MSHR_MERGE:    2375797
cpu4->cpu4_L1D LOAD         ACCESS:   32149256 HIT:   22276626 MISS:    9872630 MSHR_MERGE:    2367478
cpu4->cpu4_L1D RFO          ACCESS:          0 HIT:          0 MISS:          0 MSHR_MERGE:          0
cpu4->cpu4_L1D PREFETCH     ACCESS:          0 HIT:          0 MISS:          0 MSHR_MERGE:          0
cpu4->cpu4_L1D WRITE        ACCESS:     717186 HIT:     692883 MISS:      24303 MSHR_MERGE:       8319
cpu4->cpu4_L1D TRANSLATION  ACCESS:         23 HIT:          1 MISS:         22 MSHR_MERGE:          0
cpu4->cpu4_L1D PREFETCH REQUESTED:          0 ISSUED:          0 USEFUL:          0 USELESS:          0
cpu4->cpu4_L1D AVERAGE MISS LATENCY: 157.5 cycles
cpu4->cpu4_ITLB TOTAL        ACCESS:   19022796 HIT:   19022796 MISS:          0 MSHR_MERGE:          0
cpu4->cpu4_ITLB LOAD         ACCESS:   19022796 HIT:   19022796 MISS:          0 MSHR_MERGE:          0
cpu4->cpu4_ITLB RFO          ACCESS:          0 HIT:          0 MISS:          0 MSHR_MERGE:          0
cpu4->cpu4_ITLB PREFETCH     ACCESS:          0 HIT:          0 MISS:          0 MSHR_MERGE:          0
cpu4->cpu4_ITLB WRITE        ACCESS:          0 HIT:          0 MISS:          0 MSHR_MERGE:          0
cpu4->cpu4_ITLB TRANSLATION  ACCESS:          0 HIT:          0 MISS:          0 MSHR_MERGE:          0
cpu4->cpu4_ITLB PREFETCH REQUESTED:          0 ISSUED:          0 USEFUL:          0 USELESS:          0
cpu4->cpu4_ITLB AVERAGE MISS LATENCY: - cycles
cpu4->cpu4_DTLB TOTAL        ACCESS:   32641752 HIT:   32641674 MISS:         78 MSHR_MERGE:         55
cpu4->cpu4_DTLB LOAD         ACCESS:   32641752 HIT:   32641674 MISS:         78 MSHR_MERGE:         55
cpu4->cpu4_DTLB RFO          ACCESS:          0 HIT:          0 MISS:          0 MSHR_MERGE:          0
cpu4->cpu4_DTLB PREFETCH     ACCESS:          0 HIT:          0 MISS:          0 MSHR_MERGE:          0
cpu4->cpu4_DTLB WRITE        ACCESS:          0 HIT:          0 MISS:          0 MSHR_MERGE:          0
cpu4->cpu4_DTLB TRANSLATION  ACCESS:          0 HIT:          0 MISS:          0 MSHR_MERGE:          0
cpu4->cpu4_DTLB PREFETCH REQUESTED:          0 ISSUED:          0 USEFUL:          0 USELESS:          0
cpu4->cpu4_DTLB AVERAGE MISS LATENCY: 237.1 cycles
cpu3->cpu3_STLB TOTAL        ACCESS:         23 HIT:          0 MISS:         23 MSHR_MERGE:          0
cpu3->cpu3_STLB LOAD         ACCESS:         23 HIT:          0 MISS:         23 MSHR_MERGE:          0
cpu3->cpu3_STLB RFO          ACCESS:          0 HIT:          0 MISS:          0 MSHR_MERGE:          0
cpu3->cpu3_STLB PREFETCH     ACCESS:          0 HIT:          0 MISS:          0 MSHR_MERGE:          0
cpu3->cpu3_STLB WRITE        ACCESS:          0 HIT:          0 MISS:          0 MSHR_MERGE:          0
cpu3->cpu3_STLB TRANSLATION  ACCESS:          0 HIT:          0 MISS:          0 MSHR_MERGE:          0
cpu3->cpu3_STLB PREFETCH REQUESTED:          0 ISSUED:          0 USEFUL:          0 USELESS:          0
cpu3->cpu3_STLB AVERAGE MISS LATENCY: 231.6 cycles
cpu3->cpu3_L2C TOTAL        ACCESS:    7537158 HIT:    1795412 MISS:    5741746 MSHR_MERGE:          0
cpu3->cpu3_L2C LOAD         ACCESS:    7505181 HIT:    1774666 MISS:    5730515 MSHR_MERGE:          0
cpu3->cpu3_L2C RFO          ACCESS:      15972 HIT:       4763 MISS:      11209 MSHR_MERGE:          0
cpu3->cpu3_L2C PREFETCH     ACCESS:          0 HIT:          0 MISS:          0 MSHR_MERGE:          0
cpu3->cpu3_L2C WRITE        ACCESS:      15983 HIT:      15983 MISS:          0 MSHR_MERGE:          0
cpu3->cpu3_L2C TRANSLATION  ACCESS:         22 HIT:          0 MISS:         22 MSHR_MERGE:          0
cpu3->cpu3_L2C PREFETCH REQUESTED:          0 ISSUED:          0 USEFUL:          0 USELESS:          0
cpu3->cpu3_L2C AVERAGE MISS LATENCY: 194.8 cycles
cpu3->cpu3_L1I TOTAL        ACCESS:   19062830 HIT:   19062830 MISS:          0 MSHR_MERGE:          0
cpu3->cpu3_L1I LOAD         ACCESS:   19062830 HIT:   19062830 MISS:          0 MSHR_MERGE:          0
cpu3->cpu3_L1I RFO          ACCESS:          0 HIT:          0 MISS:          0 MSHR_MERGE:          0
cpu3->cpu3_L1I PREFETCH     ACCESS:          0 HIT:          0 MISS:          0 MSHR_MERGE:          0
cpu3->cpu3_L1I WRITE        ACCESS:          0 HIT:          0 MISS:          0 MSHR_MERGE:          0
cpu3->cpu3_L1I TRANSLATION  ACCESS:          0 HIT:          0 MISS:          0 MSHR_MERGE:          0
cpu3->cpu3_L1I PREFETCH REQUESTED:          0 ISSUED:          0 USEFUL:          0 USELESS:          0
cpu3->cpu3_L1I AVERAGE MISS LATENCY: - cycles
cpu3->cpu3_L1D TOTAL        ACCESS:   32868620 HIT:   22972917 MISS:    9895703 MSHR_MERGE:    2374517
cpu3->cpu3_L1D LOAD         ACCESS:   32151211 HIT:   22280070 MISS:    9871141 MSHR_MERGE:    2365960
cpu3->cpu3_L1D RFO          ACCESS:          0 HIT:          0 MISS:          0 MSHR_MERGE:          0
cpu3->cpu3_L1D PREFETCH     ACCESS:          0 HIT:          0 MISS:          0 MSHR_MERGE:          0
cpu3->cpu3_L1D WRITE        ACCESS:     717386 HIT:     692846 MISS:      24540 MSHR_MERGE:       8557
cpu3->cpu3_L1D TRANSLATION  ACCESS:         23 HIT:          1 MISS:         22 MSHR_MERGE:          0
cpu3->cpu3_L1D PREFETCH REQUESTED:          0 ISSUED:          0 USEFUL:          0 USELESS:          0
cpu3->cpu3_L1D AVERAGE MISS LATENCY: 157.5 cycles
cpu3->cpu3_ITLB TOTAL        ACCESS:   19062825 HIT:   19062825 MISS:          0 MSHR_MERGE:          0
cpu3->cpu3_ITLB LOAD         ACCESS:   19062825 HIT:   19062825 MISS:          0 MSHR_MERGE:          0
cpu3->cpu3_ITLB RFO          ACCESS:          0 HIT:          0 MISS:          0 MSHR_MERGE:          0
cpu3->cpu3_ITLB PREFETCH     ACCESS:          0 HIT:          0 MISS:          0 MSHR_MERGE:          0
cpu3->cpu3_ITLB WRITE        ACCESS:          0 HIT:          0 MISS:          0 MSHR_MERGE:          0
cpu3->cpu3_ITLB TRANSLATION  ACCESS:          0 HIT:          0 MISS:          0 MSHR_MERGE:          0
cpu3->cpu3_ITLB PREFETCH REQUESTED:          0 ISSUED:          0 USEFUL:          0 USELESS:          0
cpu3->cpu3_ITLB AVERAGE MISS LATENCY: - cycles
cpu3->cpu3_DTLB TOTAL        ACCESS:   32661594 HIT:   32661512 MISS:         82 MSHR_MERGE:         59
cpu3->cpu3_DTLB LOAD         ACCESS:   32661594 HIT:   32661512 MISS:         82 MSHR_MERGE:         59
cpu3->cpu3_DTLB RFO          ACCESS:          0 HIT:          0 MISS:          0 MSHR_MERGE:          0
cpu3->cpu3_DTLB PREFETCH     ACCESS:          0 HIT:          0 MISS:          0 MSHR_MERGE:          0
cpu3->cpu3_DTLB WRITE        ACCESS:          0 HIT:          0 MISS:          0 MSHR_MERGE:          0
cpu3->cpu3_DTLB TRANSLATION  ACCESS:          0 HIT:          0 MISS:          0 MSHR_MERGE:          0
cpu3->cpu3_DTLB PREFETCH REQUESTED:          0 ISSUED:          0 USEFUL:          0 USELESS:          0
cpu3->cpu3_DTLB AVERAGE MISS LATENCY: 237.6 cycles
cpu2->cpu2_STLB TOTAL        ACCESS:         23 HIT:          0 MISS:         23 MSHR_MERGE:          0
cpu2->cpu2_STLB LOAD         ACCESS:         23 HIT:          0 MISS:         23 MSHR_MERGE:          0
cpu2->cpu2_STLB RFO          ACCESS:          0 HIT:          0 MISS:          0 MSHR_MERGE:          0
cpu2->cpu2_STLB PREFETCH     ACCESS:          0 HIT:          0 MISS:          0 MSHR_MERGE:          0
cpu2->cpu2_STLB WRITE        ACCESS:          0 HIT:          0 MISS:          0 MSHR_MERGE:          0
cpu2->cpu2_STLB TRANSLATION  ACCESS:          0 HIT:          0 MISS:          0 MSHR_MERGE:          0
cpu2->cpu2_STLB PREFETCH REQUESTED:          0 ISSUED:          0 USEFUL:          0 USELESS:          0
cpu2->cpu2_STLB AVERAGE MISS LATENCY: 248.7 cycles
cpu2->cpu2_L2C TOTAL        ACCESS:    7532274 HIT:    1794105 MISS:    5738169 MSHR_MERGE:          0
cpu2->cpu2_L2C LOAD         ACCESS:    7500326 HIT:    1773384 MISS:    5726942 MSHR_MERGE:          0
cpu2->cpu2_L2C RFO          ACCESS:      15958 HIT:       4753 MISS:      11205 MSHR_MERGE:          0
cpu2->cpu2_L2C PREFETCH     ACCESS:          0 HIT:          0 MISS:          0 MSHR_MERGE:          0
cpu2->cpu2_L2C WRITE        ACCESS:      15968 HIT:      15968 MISS:          0 MSHR_MERGE:          0
cpu2->cpu2_L2C TRANSLATION  ACCESS:         22 HIT:          0 MISS:         22 MSHR_MERGE:          0
cpu2->cpu2_L2C PREFETCH REQUESTED:          0 ISSUED:          0 USEFUL:          0 USELESS:          0
cpu2->cpu2_L2C AVERAGE MISS LATENCY: 194.7 cycles
cpu2->cpu2_L1I TOTAL        ACCESS:   19055407 HIT:   19055407 MISS:          0 MSHR_MERGE:          0
cpu2->cpu2_L1I LOAD         ACCESS:   19055407 HIT:   19055407 MISS:          0 MSHR_MERGE:          0
cpu2->cpu2_L1I RFO          ACCESS:          0 HIT:          0 MISS:          0 MSHR_MERGE:          0
cpu2->cpu2_L1I PREFETCH     ACCESS:          0 HIT:          0 MISS:          0 MSHR_MERGE:          0
cpu2->cpu2_L1I WRITE        ACCESS:          0 HIT:          0 MISS:          0 MSHR_MERGE:          0
cpu2->cpu2_L1I TRANSLATION  ACCESS:          0 HIT:          0 MISS:          0 MSHR_MERGE:          0
cpu2->cpu2_L1I PREFETCH REQUESTED:          0 ISSUED:          0 USEFUL:          0 USELESS:          0
cpu2->cpu2_L1I AVERAGE MISS LATENCY: - cycles
cpu2->cpu2_L1D TOTAL        ACCESS:   32852199 HIT:   22961332 MISS:    9890867 MSHR_MERGE:    2374550
cpu2->cpu2_L1D LOAD         ACCESS:   32135070 HIT:   22268685 MISS:    9866385 MSHR_MERGE:    2366059
cpu2->cpu2_L1D RFO          ACCESS:          0 HIT:          0 MISS:          0 MSHR_MERGE:          0
cpu2->cpu2_L1D PREFETCH     ACCESS:          0 HIT:          0 MISS:          0 MSHR_MERGE:          0
cpu2->cpu2_L1D WRITE        ACCESS:     717106 HIT:     692646 MISS:      24460 MSHR_MERGE:       8491
cpu2->cpu2_L1D TRANSLATION  ACCESS:         23 HIT:          1 MISS:         22 MSHR_MERGE:          0
cpu2->cpu2_L1D PREFETCH REQUESTED:          0 ISSUED:          0 USEFUL:          0 USELESS:          0
cpu2->cpu2_L1D AVERAGE MISS LATENCY: 157.4 cycles
cpu2->cpu2_ITLB TOTAL        ACCESS:   19018942 HIT:   19018942 MISS:          0 MSHR_MERGE:          0
cpu2->cpu2_ITLB LOAD         ACCESS:   19018942 HIT:   19018942 MISS:          0 MSHR_MERGE:          0
cpu2->cpu2_ITLB RFO          ACCESS:          0 HIT:          0 MISS:          0 MSHR_MERGE:          0
cpu2->cpu2_ITLB PREFETCH     ACCESS:          0 HIT:          0 MISS:          0 MSHR_MERGE:          0
cpu2->cpu2_ITLB WRITE        ACCESS:          0 HIT:          0 MISS:          0 MSHR_MERGE:          0
cpu2->cpu2_ITLB TRANSLATION  ACCESS:          0 HIT:          0 MISS:          0 MSHR_MERGE:          0
cpu2->cpu2_ITLB PREFETCH REQUESTED:          0 ISSUED:          0 USEFUL:          0 USELESS:          0
cpu2->cpu2_ITLB AVERAGE MISS LATENCY: - cycles
cpu2->cpu2_DTLB TOTAL        ACCESS:   32628237 HIT:   32628158 MISS:         79 MSHR_MERGE:         56
cpu2->cpu2_DTLB LOAD         ACCESS:   32628237 HIT:   32628158 MISS:         79 MSHR_MERGE:         56
cpu2->cpu2_DTLB RFO          ACCESS:          0 HIT:          0 MISS:          0 MSHR_MERGE:          0
cpu2->cpu2_DTLB PREFETCH     ACCESS:          0 HIT:          0 MISS:          0 MSHR_MERGE:          0
cpu2->cpu2_DTLB WRITE        ACCESS:          0 HIT:          0 MISS:          0 MSHR_MERGE:          0
cpu2->cpu2_DTLB TRANSLATION  ACCESS:          0 HIT:          0 MISS:          0 MSHR_MERGE:          0
cpu2->cpu2_DTLB PREFETCH REQUESTED:          0 ISSUED:          0 USEFUL:          0 USELESS:          0
cpu2->cpu2_DTLB AVERAGE MISS LATENCY: 254.7 cycles
cpu1->cpu1_STLB TOTAL        ACCESS:         23 HIT:          0 MISS:         23 MSHR_MERGE:          0
cpu1->cpu1_STLB LOAD         ACCESS:         23 HIT:          0 MISS:         23 MSHR_MERGE:          0
cpu1->cpu1_STLB RFO          ACCESS:          0 HIT:          0 MISS:          0 MSHR_MERGE:          0
cpu1->cpu1_STLB PREFETCH     ACCESS:          0 HIT:          0 MISS:          0 MSHR_MERGE:          0
cpu1->cpu1_STLB WRITE        ACCESS:          0 HIT:          0 MISS:          0 MSHR_MERGE:          0
cpu1->cpu1_STLB TRANSLATION  ACCESS:          0 HIT:          0 MISS:          0 MSHR_MERGE:          0
cpu1->cpu1_STLB PREFETCH REQUESTED:          0 ISSUED:          0 USEFUL:          0 USELESS:          0
cpu1->cpu1_STLB AVERAGE MISS LATENCY: 253.3 cycles
cpu1->cpu1_L2C TOTAL        ACCESS:    7595218 HIT:    1801767 MISS:    5793451 MSHR_MERGE:          0
cpu1->cpu1_L2C LOAD         ACCESS:    7562935 HIT:    1780848 MISS:    5782087 MSHR_MERGE:          0
cpu1->cpu1_L2C RFO          ACCESS:      16127 HIT:       4785 MISS:      11342 MSHR_MERGE:          0
cpu1->cpu1_L2C PREFETCH     ACCESS:          0 HIT:          0 MISS:          0 MSHR_MERGE:          0
cpu1->cpu1_L2C WRITE        ACCESS:      16134 HIT:      16134 MISS:          0 MSHR_MERGE:          0
cpu1->cpu1_L2C TRANSLATION  ACCESS:         22 HIT:          0 MISS:         22 MSHR_MERGE:          0
cpu1->cpu1_L2C PREFETCH REQUESTED:          0 ISSUED:          0 USEFUL:          0 USELESS:          0
cpu1->cpu1_L2C AVERAGE MISS LATENCY: 186.6 cycles
cpu1->cpu1_L1I TOTAL        ACCESS:   19192596 HIT:   19192596 MISS:          0 MSHR_MERGE:          0
cpu1->cpu1_L1I LOAD         ACCESS:   19192596 HIT:   19192596 MISS:          0 MSHR_MERGE:          0
cpu1->cpu1_L1I RFO          ACCESS:          0 HIT:          0 MISS:          0 MSHR_MERGE:          0
cpu1->cpu1_L1I PREFETCH     ACCESS:          0 HIT:          0 MISS:          0 MSHR_MERGE:          0
cpu1->cpu1_L1I WRITE        ACCESS:          0 HIT:          0 MISS:          0 MSHR_MERGE:          0
cpu1->cpu1_L1I TRANSLATION  ACCESS:          0 HIT:          0 MISS:          0 MSHR_MERGE:          0
cpu1->cpu1_L1I PREFETCH REQUESTED:          0 ISSUED:          0 USEFUL:          0 USELESS:          0
cpu1->cpu1_L1I AVERAGE MISS LATENCY: - cycles
cpu1->cpu1_L1D TOTAL        ACCESS:   33075687 HIT:   23105585 MISS:    9970102 MSHR_MERGE:    2391007
cpu1->cpu1_L1D LOAD         ACCESS:   32349813 HIT:   22404586 MISS:    9945227 MSHR_MERGE:    2382290
cpu1->cpu1_L1D RFO          ACCESS:          0 HIT:          0 MISS:          0 MSHR_MERGE:          0
cpu1->cpu1_L1D PREFETCH     ACCESS:          0 HIT:          0 MISS:          0 MSHR_MERGE:          0
cpu1->cpu1_L1D WRITE        ACCESS:     725851 HIT:     700998 MISS:      24853 MSHR_MERGE:       8717
cpu1->cpu1_L1D TRANSLATION  ACCESS:         23 HIT:          1 MISS:         22 MSHR_MERGE:          0
cpu1->cpu1_L1D PREFETCH REQUESTED:          0 ISSUED:          0 USEFUL:          0 USELESS:          0
cpu1->cpu1_L1D AVERAGE MISS LATENCY: 151.4 cycles
cpu1->cpu1_ITLB TOTAL        ACCESS:   19192591 HIT:   19192591 MISS:          0 MSHR_MERGE:          0
cpu1->cpu1_ITLB LOAD         ACCESS:   19192591 HIT:   19192591 MISS:          0 MSHR_MERGE:          0
cpu1->cpu1_ITLB RFO          ACCESS:          0 HIT:          0 MISS:          0 MSHR_MERGE:          0
cpu1->cpu1_ITLB PREFETCH     ACCESS:          0 HIT:          0 MISS:          0 MSHR_MERGE:          0
cpu1->cpu1_ITLB WRITE        ACCESS:          0 HIT:          0 MISS:          0 MSHR_MERGE:          0
cpu1->cpu1_ITLB TRANSLATION  ACCESS:          0 HIT:          0 MISS:          0 MSHR_MERGE:          0
cpu1->cpu1_ITLB PREFETCH REQUESTED:          0 ISSUED:          0 USEFUL:          0 USELESS:          0
cpu1->cpu1_ITLB AVERAGE MISS LATENCY: - cycles
cpu1->cpu1_DTLB TOTAL        ACCESS:   32834203 HIT:   32834128 MISS:         75 MSHR_MERGE:         52
cpu1->cpu1_DTLB LOAD         ACCESS:   32834203 HIT:   32834128 MISS:         75 MSHR_MERGE:         52
cpu1->cpu1_DTLB RFO          ACCESS:          0 HIT:          0 MISS:          0 MSHR_MERGE:          0
cpu1->cpu1_DTLB PREFETCH     ACCESS:          0 HIT:          0 MISS:          0 MSHR_MERGE:          0
cpu1->cpu1_DTLB WRITE        ACCESS:          0 HIT:          0 MISS:          0 MSHR_MERGE:          0
cpu1->cpu1_DTLB TRANSLATION  ACCESS:          0 HIT:          0 MISS:          0 MSHR_MERGE:          0
cpu1->cpu1_DTLB PREFETCH REQUESTED:          0 ISSUED:          0 USEFUL:          0 USELESS:          0
cpu1->cpu1_DTLB AVERAGE MISS LATENCY: 259.3 cycles
cpu0->cpu0_STLB TOTAL        ACCESS:         23 HIT:          0 MISS:         23 MSHR_MERGE:          0
cpu0->cpu0_STLB LOAD         ACCESS:         23 HIT:          0 MISS:         23 MSHR_MERGE:          0
cpu0->cpu0_STLB RFO          ACCESS:          0 HIT:          0 MISS:          0 MSHR_MERGE:          0
cpu0->cpu0_STLB PREFETCH     ACCESS:          0 HIT:          0 MISS:          0 MSHR_MERGE:          0
cpu0->cpu0_STLB WRITE        ACCESS:          0 HIT:          0 MISS:          0 MSHR_MERGE:          0
cpu0->cpu0_STLB TRANSLATION  ACCESS:          0 HIT:          0 MISS:          0 MSHR_MERGE:          0
cpu0->cpu0_STLB PREFETCH REQUESTED:          0 ISSUED:          0 USEFUL:          0 USELESS:          0
cpu0->cpu0_STLB AVERAGE MISS LATENCY: 370.3 cycles
cpu0->cpu0_L2C TOTAL        ACCESS:    7641827 HIT:    1806809 MISS:    5835018 MSHR_MERGE:          0
cpu0->cpu0_L2C LOAD         ACCESS:    7609346 HIT:    1785788 MISS:    5823558 MSHR_MERGE:          0
cpu0->cpu0_L2C RFO          ACCESS:      16226 HIT:       4788 MISS:      11438 MSHR_MERGE:          0
cpu0->cpu0_L2C PREFETCH     ACCESS:          0 HIT:          0 MISS:          0 MSHR_MERGE:          0
cpu0->cpu0_L2C WRITE        ACCESS:      16233 HIT:      16233 MISS:          0 MSHR_MERGE:          0
cpu0->cpu0_L2C TRANSLATION  ACCESS:         22 HIT:          0 MISS:         22 MSHR_MERGE:          0
cpu0->cpu0_L2C PREFETCH REQUESTED:          0 ISSUED:          0 USEFUL:          0 USELESS:          0
cpu0->cpu0_L2C AVERAGE MISS LATENCY: 181 cycles
cpu0->cpu0_L1I TOTAL        ACCESS:   19283218 HIT:   19283218 MISS:          0 MSHR_MERGE:          0
cpu0->cpu0_L1I LOAD         ACCESS:   19283218 HIT:   19283218 MISS:          0 MSHR_MERGE:          0
cpu0->cpu0_L1I RFO          ACCESS:          0 HIT:          0 MISS:          0 MSHR_MERGE:          0
cpu0->cpu0_L1I PREFETCH     ACCESS:          0 HIT:          0 MISS:          0 MSHR_MERGE:          0
cpu0->cpu0_L1I WRITE        ACCESS:          0 HIT:          0 MISS:          0 MSHR_MERGE:          0
cpu0->cpu0_L1I TRANSLATION  ACCESS:          0 HIT:          0 MISS:          0 MSHR_MERGE:          0
cpu0->cpu0_L1I PREFETCH REQUESTED:          0 ISSUED:          0 USEFUL:          0 USELESS:          0
cpu0->cpu0_L1I AVERAGE MISS LATENCY: - cycles
cpu0->cpu0_L1D TOTAL        ACCESS:   33274190 HIT:   23239129 MISS:   10035061 MSHR_MERGE:    2409461
cpu0->cpu0_L1D LOAD         ACCESS:   32542147 HIT:   22532011 MISS:   10010136 MSHR_MERGE:    2400791
cpu0->cpu0_L1D RFO          ACCESS:          0 HIT:          0 MISS:          0 MSHR_MERGE:          0
cpu0->cpu0_L1D PREFETCH     ACCESS:          0 HIT:          0 MISS:          0 MSHR_MERGE:          0
cpu0->cpu0_L1D WRITE        ACCESS:     732020 HIT:     707117 MISS:      24903 MSHR_MERGE:       8670
cpu0->cpu0_L1D TRANSLATION  ACCESS:         23 HIT:          1 MISS:         22 MSHR_MERGE:          0
cpu0->cpu0_L1D PREFETCH REQUESTED:          0 ISSUED:          0 USEFUL:          0 USELESS:          0
cpu0->cpu0_L1D AVERAGE MISS LATENCY: 147.3 cycles
cpu0->cpu0_ITLB TOTAL        ACCESS:   19283213 HIT:   19283213 MISS:          0 MSHR_MERGE:          0
cpu0->cpu0_ITLB LOAD         ACCESS:   19283213 HIT:   19283213 MISS:          0 MSHR_MERGE:          0
cpu0->cpu0_ITLB RFO          ACCESS:          0 HIT:          0 MISS:          0 MSHR_MERGE:          0
cpu0->cpu0_ITLB PREFETCH     ACCESS:          0 HIT:          0 MISS:          0 MSHR_MERGE:          0
cpu0->cpu0_ITLB WRITE        ACCESS:          0 HIT:          0 MISS:          0 MSHR_MERGE:          0
cpu0->cpu0_ITLB TRANSLATION  ACCESS:          0 HIT:          0 MISS:          0 MSHR_MERGE:          0
cpu0->cpu0_ITLB PREFETCH REQUESTED:          0 ISSUED:          0 USEFUL:          0 USELESS:          0
cpu0->cpu0_ITLB AVERAGE MISS LATENCY: - cycles
cpu0->cpu0_DTLB TOTAL        ACCESS:   33061621 HIT:   33061527 MISS:         94 MSHR_MERGE:         71
cpu0->cpu0_DTLB LOAD         ACCESS:   33061621 HIT:   33061527 MISS:         94 MSHR_MERGE:         71
cpu0->cpu0_DTLB RFO          ACCESS:          0 HIT:          0 MISS:          0 MSHR_MERGE:          0
cpu0->cpu0_DTLB PREFETCH     ACCESS:          0 HIT:          0 MISS:          0 MSHR_MERGE:          0
cpu0->cpu0_DTLB WRITE        ACCESS:          0 HIT:          0 MISS:          0 MSHR_MERGE:          0
cpu0->cpu0_DTLB TRANSLATION  ACCESS:          0 HIT:          0 MISS:          0 MSHR_MERGE:          0
cpu0->cpu0_DTLB PREFETCH REQUESTED:          0 ISSUED:          0 USEFUL:          0 USELESS:          0
cpu0->cpu0_DTLB AVERAGE MISS LATENCY: 376.3 cycles
cpu0->LLC TOTAL        ACCESS:    5846460 HIT:    1973081 MISS:    3873379 MSHR_MERGE:          0
cpu0->LLC LOAD         ACCESS:    5823573 HIT:    1961757 MISS:    3861816 MSHR_MERGE:          0
cpu0->LLC RFO          ACCESS:      11438 HIT:          0 MISS:      11438 MSHR_MERGE:          0
cpu0->LLC PREFETCH     ACCESS:          0 HIT:          0 MISS:          0 MSHR_MERGE:          0
cpu0->LLC WRITE        ACCESS:      11427 HIT:      11318 MISS:        109 MSHR_MERGE:          0
cpu0->LLC TRANSLATION  ACCESS:         22 HIT:          6 MISS:         16 MSHR_MERGE:          0
cpu0->LLC PREFETCH REQUESTED:          0 ISSUED:          0 USEFUL:          0 USELESS:          0
cpu0->LLC AVERAGE MISS LATENCY: 2095 cycles
cpu1->LLC TOTAL        ACCESS:    5804797 HIT:    1830506 MISS:    3974291 MSHR_MERGE:          0
cpu1->LLC LOAD         ACCESS:    5782089 HIT:    1819304 MISS:    3962785 MSHR_MERGE:          0
cpu1->LLC RFO          ACCESS:      11342 HIT:          0 MISS:      11342 MSHR_MERGE:          0
cpu1->LLC PREFETCH     ACCESS:          0 HIT:          0 MISS:          0 MSHR_MERGE:          0
cpu1->LLC WRITE        ACCESS:      11344 HIT:      11182 MISS:        162 MSHR_MERGE:          0
cpu1->LLC TRANSLATION  ACCESS:         22 HIT:         20 MISS:          2 MSHR_MERGE:          0
cpu1->LLC PREFETCH REQUESTED:          0 ISSUED:          0 USEFUL:          0 USELESS:          0
cpu1->LLC AVERAGE MISS LATENCY: 2042 cycles
cpu2->LLC TOTAL        ACCESS:    5749380 HIT:    1644917 MISS:    4104463 MSHR_MERGE:          0
cpu2->LLC LOAD         ACCESS:    5726957 HIT:    1634124 MISS:    4092833 MSHR_MERGE:          0
cpu2->LLC RFO          ACCESS:      11205 HIT:          0 MISS:      11205 MSHR_MERGE:          0
cpu2->LLC PREFETCH     ACCESS:          0 HIT:          0 MISS:          0 MSHR_MERGE:          0
cpu2->LLC WRITE        ACCESS:      11196 HIT:      10773 MISS:        423 MSHR_MERGE:          0
cpu2->LLC TRANSLATION  ACCESS:         22 HIT:         20 MISS:          2 MSHR_MERGE:          0
cpu2->LLC PREFETCH REQUESTED:          0 ISSUED:          0 USEFUL:          0 USELESS:          0
cpu2->LLC AVERAGE MISS LATENCY: 1977 cycles
cpu3->LLC TOTAL        ACCESS:    5752960 HIT:    1649916 MISS:    4103044 MSHR_MERGE:          0
cpu3->LLC LOAD         ACCESS:    5730529 HIT:    1639079 MISS:    4091450 MSHR_MERGE:          0
cpu3->LLC RFO          ACCESS:      11209 HIT:          0 MISS:      11209 MSHR_MERGE:          0
cpu3->LLC PREFETCH     ACCESS:          0 HIT:          0 MISS:          0 MSHR_MERGE:          0
cpu3->LLC WRITE        ACCESS:      11200 HIT:      10815 MISS:        385 MSHR_MERGE:          0
cpu3->LLC TRANSLATION  ACCESS:         22 HIT:         22 MISS:          0 MSHR_MERGE:          0
cpu3->LLC PREFETCH REQUESTED:          0 ISSUED:          0 USEFUL:          0 USELESS:          0
cpu3->LLC AVERAGE MISS LATENCY: 1978 cycles
cpu4->LLC TOTAL        ACCESS:    5752910 HIT:    1660253 MISS:    4092657 MSHR_MERGE:          0
cpu4->LLC LOAD         ACCESS:    5730479 HIT:    1649308 MISS:    4081171 MSHR_MERGE:          0
cpu4->LLC RFO          ACCESS:      11206 HIT:          0 MISS:      11206 MSHR_MERGE:          0
cpu4->LLC PREFETCH     ACCESS:          0 HIT:          0 MISS:          0 MSHR_MERGE:          0
cpu4->LLC WRITE        ACCESS:      11203 HIT:      10923 MISS:        280 MSHR_MERGE:          0
cpu4->LLC TRANSLATION  ACCESS:         22 HIT:         22 MISS:          0 MSHR_MERGE:          0
cpu4->LLC PREFETCH REQUESTED:          0 ISSUED:          0 USEFUL:          0 USELESS:          0
cpu4->LLC AVERAGE MISS LATENCY: 1983 cycles
cpu5->LLC TOTAL        ACCESS:    5751429 HIT:    1662570 MISS:    4088859 MSHR_MERGE:          0
cpu5->LLC LOAD         ACCESS:    5729004 HIT:    1651568 MISS:    4077436 MSHR_MERGE:          0
cpu5->LLC RFO          ACCESS:      11203 HIT:          0 MISS:      11203 MSHR_MERGE:          0
cpu5->LLC PREFETCH     ACCESS:          0 HIT:          0 MISS:          0 MSHR_MERGE:          0
cpu5->LLC WRITE        ACCESS:      11200 HIT:      10980 MISS:        220 MSHR_MERGE:          0
cpu5->LLC TRANSLATION  ACCESS:         22 HIT:         22 MISS:          0 MSHR_MERGE:          0
cpu5->LLC PREFETCH REQUESTED:          0 ISSUED:          0 USEFUL:          0 USELESS:          0
cpu5->LLC AVERAGE MISS LATENCY: 1985 cycles
cpu6->LLC TOTAL        ACCESS:    5755989 HIT:    1666036 MISS:    4089953 MSHR_MERGE:          0
cpu6->LLC LOAD         ACCESS:    5733549 HIT:    1655074 MISS:    4078475 MSHR_MERGE:          0
cpu6->LLC RFO          ACCESS:      11211 HIT:          0 MISS:      11211 MSHR_MERGE:          0
cpu6->LLC PREFETCH     ACCESS:          0 HIT:          0 MISS:          0 MSHR_MERGE:          0
cpu6->LLC WRITE        ACCESS:      11207 HIT:      10940 MISS:        267 MSHR_MERGE:          0
cpu6->LLC TRANSLATION  ACCESS:         22 HIT:         22 MISS:          0 MSHR_MERGE:          0
cpu6->LLC PREFETCH REQUESTED:          0 ISSUED:          0 USEFUL:          0 USELESS:          0
cpu6->LLC AVERAGE MISS LATENCY: 1984 cycles
cpu7->LLC TOTAL        ACCESS:    5754151 HIT:    1667775 MISS:    4086376 MSHR_MERGE:          0
cpu7->LLC LOAD         ACCESS:    5731719 HIT:    1656752 MISS:    4074967 MSHR_MERGE:          0
cpu7->LLC RFO          ACCESS:      11208 HIT:          0 MISS:      11208 MSHR_MERGE:          0
cpu7->LLC PREFETCH     ACCESS:          0 HIT:          0 MISS:          0 MSHR_MERGE:          0
cpu7->LLC WRITE        ACCESS:      11202 HIT:      11001 MISS:        201 MSHR_MERGE:          0
cpu7->LLC TRANSLATION  ACCESS:         22 HIT:         22 MISS:          0 MSHR_MERGE:          0
cpu7->LLC PREFETCH REQUESTED:          0 ISSUED:          0 USEFUL:          0 USELESS:          0
cpu7->LLC AVERAGE MISS LATENCY: 1986 cycles

Region of Interest Statistics

CPU 7 cumulative IPC: 0.3732 instructions: 100000000 cycles: 267975372
CPU 7 Branch Prediction Accuracy: 100% MPKI: 0 Average ROB Occupancy at Mispredict: -
Branch type MPKI
BRANCH_DIRECT_JUMP: 0
BRANCH_INDIRECT: 0
BRANCH_CONDITIONAL: 0
BRANCH_DIRECT_CALL: 0
BRANCH_INDIRECT_CALL: 0
BRANCH_RETURN: 0


CPU 6 cumulative IPC: 0.3733 instructions: 100000002 cycles: 267895436
CPU 6 Branch Prediction Accuracy: 100% MPKI: 0 Average ROB Occupancy at Mispredict: -
Branch type MPKI
BRANCH_DIRECT_JUMP: 0
BRANCH_INDIRECT: 0
BRANCH_CONDITIONAL: 0
BRANCH_DIRECT_CALL: 0
BRANCH_INDIRECT_CALL: 0
BRANCH_RETURN: 0


CPU 5 cumulative IPC: 0.373 instructions: 100000002 cycles: 268105789
CPU 5 Branch Prediction Accuracy: 100% MPKI: 0 Average ROB Occupancy at Mispredict: -
Branch type MPKI
BRANCH_DIRECT_JUMP: 0
BRANCH_INDIRECT: 0
BRANCH_CONDITIONAL: 0
BRANCH_DIRECT_CALL: 0
BRANCH_INDIRECT_CALL: 0
BRANCH_RETURN: 0


CPU 4 cumulative IPC: 0.3731 instructions: 100000001 cycles: 268045301
CPU 4 Branch Prediction Accuracy: 100% MPKI: 0 Average ROB Occupancy at Mispredict: -
Branch type MPKI
BRANCH_DIRECT_JUMP: 0
BRANCH_INDIRECT: 0
BRANCH_CONDITIONAL: 0
BRANCH_DIRECT_CALL: 0
BRANCH_INDIRECT_CALL: 0
BRANCH_RETURN: 0


CPU 3 cumulative IPC: 0.3731 instructions: 100000002 cycles: 268002302
CPU 3 Branch Prediction Accuracy: 100% MPKI: 0 Average ROB Occupancy at Mispredict: -
Branch type MPKI
BRANCH_DIRECT_JUMP: 0
BRANCH_INDIRECT: 0
BRANCH_CONDITIONAL: 0
BRANCH_DIRECT_CALL: 0
BRANCH_INDIRECT_CALL: 0
BRANCH_RETURN: 0


CPU 2 cumulative IPC: 0.3729 instructions: 100000004 cycles: 268198003
CPU 2 Branch Prediction Accuracy: 100% MPKI: 0 Average ROB Occupancy at Mispredict: -
Branch type MPKI
BRANCH_DIRECT_JUMP: 0
BRANCH_INDIRECT: 0
BRANCH_CONDITIONAL: 0
BRANCH_DIRECT_CALL: 0
BRANCH_INDIRECT_CALL: 0
BRANCH_RETURN: 0


CPU 1 cumulative IPC: 0.3766 instructions: 100000001 cycles: 265568622
CPU 1 Branch Prediction Accuracy: 100% MPKI: 0 Average ROB Occupancy at Mispredict: -
Branch type MPKI
BRANCH_DIRECT_JUMP: 0
BRANCH_INDIRECT: 0
BRANCH_CONDITIONAL: 0
BRANCH_DIRECT_CALL: 0
BRANCH_INDIRECT_CALL: 0
BRANCH_RETURN: 0


CPU 0 cumulative IPC: 0.3793 instructions: 100000000 cycles: 263619957
CPU 0 Branch Prediction Accuracy: 100% MPKI: 0 Average ROB Occupancy at Mispredict: -
Branch type MPKI
BRANCH_DIRECT_JUMP: 0
BRANCH_INDIRECT: 0
BRANCH_CONDITIONAL: 0
BRANCH_DIRECT_CALL: 0
BRANCH_INDIRECT_CALL: 0
BRANCH_RETURN: 0

cpu7->cpu7_STLB TOTAL        ACCESS:         23 HIT:          0 MISS:         23 MSHR_MERGE:          0
cpu7->cpu7_STLB LOAD         ACCESS:         23 HIT:          0 MISS:         23 MSHR_MERGE:          0
cpu7->cpu7_STLB RFO          ACCESS:          0 HIT:          0 MISS:          0 MSHR_MERGE:          0
cpu7->cpu7_STLB PREFETCH     ACCESS:          0 HIT:          0 MISS:          0 MSHR_MERGE:          0
cpu7->cpu7_STLB WRITE        ACCESS:          0 HIT:          0 MISS:          0 MSHR_MERGE:          0
cpu7->cpu7_STLB TRANSLATION  ACCESS:          0 HIT:          0 MISS:          0 MSHR_MERGE:          0
cpu7->cpu7_STLB PREFETCH REQUESTED:          0 ISSUED:          0 USEFUL:          0 USELESS:          0
cpu7->cpu7_STLB AVERAGE MISS LATENCY: 231.1 cycles
cpu7->cpu7_L2C TOTAL        ACCESS:    7539188 HIT:    1796255 MISS:    5742933 MSHR_MERGE:          0
cpu7->cpu7_L2C LOAD         ACCESS:    7507203 HIT:    1775500 MISS:    5731703 MSHR_MERGE:          0
cpu7->cpu7_L2C RFO          ACCESS:      15975 HIT:       4767 MISS:      11208 MSHR_MERGE:          0
cpu7->cpu7_L2C PREFETCH     ACCESS:          0 HIT:          0 MISS:          0 MSHR_MERGE:          0
cpu7->cpu7_L2C WRITE        ACCESS:      15988 HIT:      15988 MISS:          0 MSHR_MERGE:          0
cpu7->cpu7_L2C TRANSLATION  ACCESS:         22 HIT:          0 MISS:         22 MSHR_MERGE:          0
cpu7->cpu7_L2C PREFETCH REQUESTED:          0 ISSUED:          0 USEFUL:          0 USELESS:          0
cpu7->cpu7_L2C AVERAGE MISS LATENCY: 194.5 cycles
cpu7->cpu7_L1I TOTAL        ACCESS:   19063137 HIT:   19063137 MISS:          0 MSHR_MERGE:          0
cpu7->cpu7_L1I LOAD         ACCESS:   19063137 HIT:   19063137 MISS:          0 MSHR_MERGE:          0
cpu7->cpu7_L1I RFO          ACCESS:          0 HIT:          0 MISS:          0 MSHR_MERGE:          0
cpu7->cpu7_L1I PREFETCH     ACCESS:          0 HIT:          0 MISS:          0 MSHR_MERGE:          0
cpu7->cpu7_L1I WRITE        ACCESS:          0 HIT:          0 MISS:          0 MSHR_MERGE:          0
cpu7->cpu7_L1I TRANSLATION  ACCESS:          0 HIT:          0 MISS:          0 MSHR_MERGE:          0
cpu7->cpu7_L1I PREFETCH REQUESTED:          0 ISSUED:          0 USEFUL:          0 USELESS:          0
cpu7->cpu7_L1I AVERAGE MISS LATENCY: - cycles
cpu7->cpu7_L1D TOTAL        ACCESS:   32847107 HIT:   22951869 MISS:    9895238 MSHR_MERGE:    2372026
cpu7->cpu7_L1D LOAD         ACCESS:   32129787 HIT:   22259026 MISS:    9870761 MSHR_MERGE:    2363558
cpu7->cpu7_L1D RFO          ACCESS:          0 HIT:          0 MISS:          0 MSHR_MERGE:          0
cpu7->cpu7_L1D PREFETCH     ACCESS:          0 HIT:          0 MISS:          0 MSHR_MERGE:          0
cpu7->cpu7_L1D WRITE        ACCESS:     717297 HIT:     692842 MISS:      24455 MSHR_MERGE:       8468
cpu7->cpu7_L1D TRANSLATION  ACCESS:         23 HIT:          1 MISS:         22 MSHR_MERGE:          0
cpu7->cpu7_L1D PREFETCH REQUESTED:          0 ISSUED:          0 USEFUL:          0 USELESS:          0
cpu7->cpu7_L1D AVERAGE MISS LATENCY: 157.3 cycles
cpu7->cpu7_ITLB TOTAL        ACCESS:   19027888 HIT:   19027888 MISS:          0 MSHR_MERGE:          0
cpu7->cpu7_ITLB LOAD         ACCESS:   19027888 HIT:   19027888 MISS:          0 MSHR_MERGE:          0
cpu7->cpu7_ITLB RFO          ACCESS:          0 HIT:          0 MISS:          0 MSHR_MERGE:          0
cpu7->cpu7_ITLB PREFETCH     ACCESS:          0 HIT:          0 MISS:          0 MSHR_MERGE:          0
cpu7->cpu7_ITLB WRITE        ACCESS:          0 HIT:          0 MISS:          0 MSHR_MERGE:          0
cpu7->cpu7_ITLB TRANSLATION  ACCESS:          0 HIT:          0 MISS:          0 MSHR_MERGE:          0
cpu7->cpu7_ITLB PREFETCH REQUESTED:          0 ISSUED:          0 USEFUL:          0 USELESS:          0
cpu7->cpu7_ITLB AVERAGE MISS LATENCY: - cycles
cpu7->cpu7_DTLB TOTAL        ACCESS:   32614806 HIT:   32614743 MISS:         63 MSHR_MERGE:         40
cpu7->cpu7_DTLB LOAD         ACCESS:   32614806 HIT:   32614743 MISS:         63 MSHR_MERGE:         40
cpu7->cpu7_DTLB RFO          ACCESS:          0 HIT:          0 MISS:          0 MSHR_MERGE:          0
cpu7->cpu7_DTLB PREFETCH     ACCESS:          0 HIT:          0 MISS:          0 MSHR_MERGE:          0
cpu7->cpu7_DTLB WRITE        ACCESS:          0 HIT:          0 MISS:          0 MSHR_MERGE:          0
cpu7->cpu7_DTLB TRANSLATION  ACCESS:          0 HIT:          0 MISS:          0 MSHR_MERGE:          0
cpu7->cpu7_DTLB PREFETCH REQUESTED:          0 ISSUED:          0 USEFUL:          0 USELESS:          0
cpu7->cpu7_DTLB AVERAGE MISS LATENCY: 237.1 cycles
cpu6->cpu6_STLB TOTAL        ACCESS:         23 HIT:          0 MISS:         23 MSHR_MERGE:          0
cpu6->cpu6_STLB LOAD         ACCESS:         23 HIT:          0 MISS:         23 MSHR_MERGE:          0
cpu6->cpu6_STLB RFO          ACCESS:          0 HIT:          0 MISS:          0 MSHR_MERGE:          0
cpu6->cpu6_STLB PREFETCH     ACCESS:          0 HIT:          0 MISS:          0 MSHR_MERGE:          0
cpu6->cpu6_STLB WRITE        ACCESS:          0 HIT:          0 MISS:          0 MSHR_MERGE:          0
cpu6->cpu6_STLB TRANSLATION  ACCESS:          0 HIT:          0 MISS:          0 MSHR_MERGE:          0
cpu6->cpu6_STLB PREFETCH REQUESTED:          0 ISSUED:          0 USEFUL:          0 USELESS:          0
cpu6->cpu6_STLB AVERAGE MISS LATENCY: 231.2 cycles
cpu6->cpu6_L2C TOTAL        ACCESS:    7541182 HIT:    1796415 MISS:    5744767 MSHR_MERGE:          0
cpu6->cpu6_L2C LOAD         ACCESS:    7509184 HIT:    1775650 MISS:    5733534 MSHR_MERGE:          0
cpu6->cpu6_L2C RFO          ACCESS:      15983 HIT:       4772 MISS:      11211 MSHR_MERGE:          0
cpu6->cpu6_L2C PREFETCH     ACCESS:          0 HIT:          0 MISS:          0 MSHR_MERGE:          0
cpu6->cpu6_L2C WRITE        ACCESS:      15993 HIT:      15993 MISS:          0 MSHR_MERGE:          0
cpu6->cpu6_L2C TRANSLATION  ACCESS:         22 HIT:          0 MISS:         22 MSHR_MERGE:          0
cpu6->cpu6_L2C PREFETCH REQUESTED:          0 ISSUED:          0 USEFUL:          0 USELESS:          0
cpu6->cpu6_L2C AVERAGE MISS LATENCY: 194.8 cycles
cpu6->cpu6_L1I TOTAL        ACCESS:   19064610 HIT:   19064610 MISS:          0 MSHR_MERGE:          0
cpu6->cpu6_L1I LOAD         ACCESS:   19064610 HIT:   19064610 MISS:          0 MSHR_MERGE:          0
cpu6->cpu6_L1I RFO          ACCESS:          0 HIT:          0 MISS:          0 MSHR_MERGE:          0
cpu6->cpu6_L1I PREFETCH     ACCESS:          0 HIT:          0 MISS:          0 MSHR_MERGE:          0
cpu6->cpu6_L1I WRITE        ACCESS:          0 HIT:          0 MISS:          0 MSHR_MERGE:          0
cpu6->cpu6_L1I TRANSLATION  ACCESS:          0 HIT:          0 MISS:          0 MSHR_MERGE:          0
cpu6->cpu6_L1I PREFETCH REQUESTED:          0 ISSUED:          0 USEFUL:          0 USELESS:          0
cpu6->cpu6_L1I AVERAGE MISS LATENCY: - cycles
cpu6->cpu6_L1D TOTAL        ACCESS:   32868970 HIT:   22969065 MISS:    9899905 MSHR_MERGE:    2374707
cpu6->cpu6_L1D LOAD         ACCESS:   32151450 HIT:   22275996 MISS:    9875454 MSHR_MERGE:    2366271
cpu6->cpu6_L1D RFO          ACCESS:          0 HIT:          0 MISS:          0 MSHR_MERGE:          0
cpu6->cpu6_L1D PREFETCH     ACCESS:          0 HIT:          0 MISS:          0 MSHR_MERGE:          0
cpu6->cpu6_L1D WRITE        ACCESS:     717497 HIT:     693068 MISS:      24429 MSHR_MERGE:       8436
cpu6->cpu6_L1D TRANSLATION  ACCESS:         23 HIT:          1 MISS:         22 MSHR_MERGE:          0
cpu6->cpu6_L1D PREFETCH REQUESTED:          0 ISSUED:          0 USEFUL:          0 USELESS:          0
cpu6->cpu6_L1D AVERAGE MISS LATENCY: 157.4 cycles
cpu6->cpu6_ITLB TOTAL        ACCESS:   19033048 HIT:   19033048 MISS:          0 MSHR_MERGE:          0
cpu6->cpu6_ITLB LOAD         ACCESS:   19033048 HIT:   19033048 MISS:          0 MSHR_MERGE:          0
cpu6->cpu6_ITLB RFO          ACCESS:          0 HIT:          0 MISS:          0 MSHR_MERGE:          0
cpu6->cpu6_ITLB PREFETCH     ACCESS:          0 HIT:          0 MISS:          0 MSHR_MERGE:          0
cpu6->cpu6_ITLB WRITE        ACCESS:          0 HIT:          0 MISS:          0 MSHR_MERGE:          0
cpu6->cpu6_ITLB TRANSLATION  ACCESS:          0 HIT:          0 MISS:          0 MSHR_MERGE:          0
cpu6->cpu6_ITLB PREFETCH REQUESTED:          0 ISSUED:          0 USEFUL:          0 USELESS:          0
cpu6->cpu6_ITLB AVERAGE MISS LATENCY: - cycles
cpu6->cpu6_DTLB TOTAL        ACCESS:   32662356 HIT:   32662281 MISS:         75 MSHR_MERGE:         52
cpu6->cpu6_DTLB LOAD         ACCESS:   32662356 HIT:   32662281 MISS:         75 MSHR_MERGE:         52
cpu6->cpu6_DTLB RFO          ACCESS:          0 HIT:          0 MISS:          0 MSHR_MERGE:          0
cpu6->cpu6_DTLB PREFETCH     ACCESS:          0 HIT:          0 MISS:          0 MSHR_MERGE:          0
cpu6->cpu6_DTLB WRITE        ACCESS:          0 HIT:          0 MISS:          0 MSHR_MERGE:          0
cpu6->cpu6_DTLB TRANSLATION  ACCESS:          0 HIT:          0 MISS:          0 MSHR_MERGE:          0
cpu6->cpu6_DTLB PREFETCH REQUESTED:          0 ISSUED:          0 USEFUL:          0 USELESS:          0
cpu6->cpu6_DTLB AVERAGE MISS LATENCY: 237.2 cycles
cpu5->cpu5_STLB TOTAL        ACCESS:         23 HIT:          0 MISS:         23 MSHR_MERGE:          0
cpu5->cpu5_STLB LOAD         ACCESS:         23 HIT:          0 MISS:         23 MSHR_MERGE:          0
cpu5->cpu5_STLB RFO          ACCESS:          0 HIT:          0 MISS:          0 MSHR_MERGE:          0
cpu5->cpu5_STLB PREFETCH     ACCESS:          0 HIT:          0 MISS:          0 MSHR_MERGE:          0
cpu5->cpu5_STLB WRITE        ACCESS:          0 HIT:          0 MISS:          0 MSHR_MERGE:          0
cpu5->cpu5_STLB TRANSLATION  ACCESS:          0 HIT:          0 MISS:          0 MSHR_MERGE:          0
cpu5->cpu5_STLB PREFETCH REQUESTED:          0 ISSUED:          0 USEFUL:          0 USELESS:          0
cpu5->cpu5_STLB AVERAGE MISS LATENCY: 231.2 cycles
cpu5->cpu5_L2C TOTAL        ACCESS:    7535798 HIT:    1795585 MISS:    5740213 MSHR_MERGE:          0
cpu5->cpu5_L2C LOAD         ACCESS:    7503843 HIT:    1774855 MISS:    5728988 MSHR_MERGE:          0
cpu5->cpu5_L2C RFO          ACCESS:      15962 HIT:       4759 MISS:      11203 MSHR_MERGE:          0
cpu5->cpu5_L2C PREFETCH     ACCESS:          0 HIT:          0 MISS:          0 MSHR_MERGE:          0
cpu5->cpu5_L2C WRITE        ACCESS:      15971 HIT:      15971 MISS:          0 MSHR_MERGE:          0
cpu5->cpu5_L2C TRANSLATION  ACCESS:         22 HIT:          0 MISS:         22 MSHR_MERGE:          0
cpu5->cpu5_L2C PREFETCH REQUESTED:          0 ISSUED:          0 USEFUL:          0 USELESS:          0
cpu5->cpu5_L2C AVERAGE MISS LATENCY: 194.8 cycles
cpu5->cpu5_L1I TOTAL        ACCESS:   19053762 HIT:   19053762 MISS:          0 MSHR_MERGE:          0
cpu5->cpu5_L1I LOAD         ACCESS:   19053762 HIT:   19053762 MISS:          0 MSHR_MERGE:          0
cpu5->cpu5_L1I RFO          ACCESS:          0 HIT:          0 MISS:          0 MSHR_MERGE:          0
cpu5->cpu5_L1I PREFETCH     ACCESS:          0 HIT:          0 MISS:          0 MSHR_MERGE:          0
cpu5->cpu5_L1I WRITE        ACCESS:          0 HIT:          0 MISS:          0 MSHR_MERGE:          0
cpu5->cpu5_L1I TRANSLATION  ACCESS:          0 HIT:          0 MISS:          0 MSHR_MERGE:          0
cpu5->cpu5_L1I PREFETCH REQUESTED:          0 ISSUED:          0 USEFUL:          0 USELESS:          0
cpu5->cpu5_L1I AVERAGE MISS LATENCY: - cycles
cpu5->cpu5_L1D TOTAL        ACCESS:   32858355 HIT:   22965127 MISS:    9893228 MSHR_MERGE:    2373390
cpu5->cpu5_L1D LOAD         ACCESS:   32141359 HIT:   22272501 MISS:    9868858 MSHR_MERGE:    2365015
cpu5->cpu5_L1D RFO          ACCESS:          0 HIT:          0 MISS:          0 MSHR_MERGE:          0
cpu5->cpu5_L1D PREFETCH     ACCESS:          0 HIT:          0 MISS:          0 MSHR_MERGE:          0
cpu5->cpu5_L1D WRITE        ACCESS:     716973 HIT:     692625 MISS:      24348 MSHR_MERGE:       8375
cpu5->cpu5_L1D TRANSLATION  ACCESS:         23 HIT:          1 MISS:         22 MSHR_MERGE:          0
cpu5->cpu5_L1D PREFETCH REQUESTED:          0 ISSUED:          0 USEFUL:          0 USELESS:          0
cpu5->cpu5_L1D AVERAGE MISS LATENCY: 157.5 cycles
cpu5->cpu5_ITLB TOTAL        ACCESS:   19017104 HIT:   19017104 MISS:          0 MSHR_MERGE:          0
cpu5->cpu5_ITLB LOAD         ACCESS:   19017104 HIT:   19017104 MISS:          0 MSHR_MERGE:          0
cpu5->cpu5_ITLB RFO          ACCESS:          0 HIT:          0 MISS:          0 MSHR_MERGE:          0
cpu5->cpu5_ITLB PREFETCH     ACCESS:          0 HIT:          0 MISS:          0 MSHR_MERGE:          0
cpu5->cpu5_ITLB WRITE        ACCESS:          0 HIT:          0 MISS:          0 MSHR_MERGE:          0
cpu5->cpu5_ITLB TRANSLATION  ACCESS:          0 HIT:          0 MISS:          0 MSHR_MERGE:          0
cpu5->cpu5_ITLB PREFETCH REQUESTED:          0 ISSUED:          0 USEFUL:          0 USELESS:          0
cpu5->cpu5_ITLB AVERAGE MISS LATENCY: - cycles
cpu5->cpu5_DTLB TOTAL        ACCESS:   32634061 HIT:   32633982 MISS:         79 MSHR_MERGE:         56
cpu5->cpu5_DTLB LOAD         ACCESS:   32634061 HIT:   32633982 MISS:         79 MSHR_MERGE:         56
cpu5->cpu5_DTLB RFO          ACCESS:          0 HIT:          0 MISS:          0 MSHR_MERGE:          0
cpu5->cpu5_DTLB PREFETCH     ACCESS:          0 HIT:          0 MISS:          0 MSHR_MERGE:          0
cpu5->cpu5_DTLB WRITE        ACCESS:          0 HIT:          0 MISS:          0 MSHR_MERGE:          0
cpu5->cpu5_DTLB TRANSLATION  ACCESS:          0 HIT:          0 MISS:          0 MSHR_MERGE:          0
cpu5->cpu5_DTLB PREFETCH REQUESTED:          0 ISSUED:          0 USEFUL:          0 USELESS:          0
cpu5->cpu5_DTLB AVERAGE MISS LATENCY: 237.2 cycles
cpu4->cpu4_STLB TOTAL        ACCESS:         23 HIT:          0 MISS:         23 MSHR_MERGE:          0
cpu4->cpu4_STLB LOAD         ACCESS:         23 HIT:          0 MISS:         23 MSHR_MERGE:          0
cpu4->cpu4_STLB RFO          ACCESS:          0 HIT:          0 MISS:          0 MSHR_MERGE:          0
cpu4->cpu4_STLB PREFETCH     ACCESS:          0 HIT:          0 MISS:          0 MSHR_MERGE:          0
cpu4->cpu4_STLB WRITE        ACCESS:          0 HIT:          0 MISS:          0 MSHR_MERGE:          0
cpu4->cpu4_STLB TRANSLATION  ACCESS:          0 HIT:          0 MISS:          0 MSHR_MERGE:          0
cpu4->cpu4_STLB PREFETCH REQUESTED:          0 ISSUED:          0 USEFUL:          0 USELESS:          0
cpu4->cpu4_STLB AVERAGE MISS LATENCY: 231.2 cycles
cpu4->cpu4_L2C TOTAL        ACCESS:    7537137 HIT:    1795446 MISS:    5741691 MSHR_MERGE:          0
cpu4->cpu4_L2C LOAD         ACCESS:    7505152 HIT:    1774689 MISS:    5730463 MSHR_MERGE:          0
cpu4->cpu4_L2C RFO          ACCESS:      15980 HIT:       4774 MISS:      11206 MSHR_MERGE:          0
cpu4->cpu4_L2C PREFETCH     ACCESS:          0 HIT:          0 MISS:          0 MSHR_MERGE:          0
cpu4->cpu4_L2C WRITE        ACCESS:      15983 HIT:      15983 MISS:          0 MSHR_MERGE:          0
cpu4->cpu4_L2C TRANSLATION  ACCESS:         22 HIT:          0 MISS:         22 MSHR_MERGE:          0
cpu4->cpu4_L2C PREFETCH REQUESTED:          0 ISSUED:          0 USEFUL:          0 USELESS:          0
cpu4->cpu4_L2C AVERAGE MISS LATENCY: 194.9 cycles
cpu4->cpu4_L1I TOTAL        ACCESS:   19059530 HIT:   19059530 MISS:          0 MSHR_MERGE:          0
cpu4->cpu4_L1I LOAD         ACCESS:   19059530 HIT:   19059530 MISS:          0 MSHR_MERGE:          0
cpu4->cpu4_L1I RFO          ACCESS:          0 HIT:          0 MISS:          0 MSHR_MERGE:          0
cpu4->cpu4_L1I PREFETCH     ACCESS:          0 HIT:          0 MISS:          0 MSHR_MERGE:          0
cpu4->cpu4_L1I WRITE        ACCESS:          0 HIT:          0 MISS:          0 MSHR_MERGE:          0
cpu4->cpu4_L1I TRANSLATION  ACCESS:          0 HIT:          0 MISS:          0 MSHR_MERGE:          0
cpu4->cpu4_L1I PREFETCH REQUESTED:          0 ISSUED:          0 USEFUL:          0 USELESS:          0
cpu4->cpu4_L1I AVERAGE MISS LATENCY: - cycles
cpu4->cpu4_L1D TOTAL        ACCESS:   32866465 HIT:   22969510 MISS:    9896955 MSHR_MERGE:    2375797
cpu4->cpu4_L1D LOAD         ACCESS:   32149256 HIT:   22276626 MISS:    9872630 MSHR_MERGE:    2367478
cpu4->cpu4_L1D RFO          ACCESS:          0 HIT:          0 MISS:          0 MSHR_MERGE:          0
cpu4->cpu4_L1D PREFETCH     ACCESS:          0 HIT:          0 MISS:          0 MSHR_MERGE:          0
cpu4->cpu4_L1D WRITE        ACCESS:     717186 HIT:     692883 MISS:      24303 MSHR_MERGE:       8319
cpu4->cpu4_L1D TRANSLATION  ACCESS:         23 HIT:          1 MISS:         22 MSHR_MERGE:          0
cpu4->cpu4_L1D PREFETCH REQUESTED:          0 ISSUED:          0 USEFUL:          0 USELESS:          0
cpu4->cpu4_L1D AVERAGE MISS LATENCY: 157.5 cycles
cpu4->cpu4_ITLB TOTAL        ACCESS:   19022796 HIT:   19022796 MISS:          0 MSHR_MERGE:          0
cpu4->cpu4_ITLB LOAD         ACCESS:   19022796 HIT:   19022796 MISS:          0 MSHR_MERGE:          0
cpu4->cpu4_ITLB RFO          ACCESS:          0 HIT:          0 MISS:          0 MSHR_MERGE:          0
cpu4->cpu4_ITLB PREFETCH     ACCESS:          0 HIT:          0 MISS:          0 MSHR_MERGE:          0
cpu4->cpu4_ITLB WRITE        ACCESS:          0 HIT:          0 MISS:          0 MSHR_MERGE:          0
cpu4->cpu4_ITLB TRANSLATION  ACCESS:          0 HIT:          0 MISS:          0 MSHR_MERGE:          0
cpu4->cpu4_ITLB PREFETCH REQUESTED:          0 ISSUED:          0 USEFUL:          0 USELESS:          0
cpu4->cpu4_ITLB AVERAGE MISS LATENCY: - cycles
cpu4->cpu4_DTLB TOTAL        ACCESS:   32641752 HIT:   32641674 MISS:         78 MSHR_MERGE:         55
cpu4->cpu4_DTLB LOAD         ACCESS:   32641752 HIT:   32641674 MISS:         78 MSHR_MERGE:         55
cpu4->cpu4_DTLB RFO          ACCESS:          0 HIT:          0 MISS:          0 MSHR_MERGE:          0
cpu4->cpu4_DTLB PREFETCH     ACCESS:          0 HIT:          0 MISS:          0 MSHR_MERGE:          0
cpu4->cpu4_DTLB WRITE        ACCESS:          0 HIT:          0 MISS:          0 MSHR_MERGE:          0
cpu4->cpu4_DTLB TRANSLATION  ACCESS:          0 HIT:          0 MISS:          0 MSHR_MERGE:          0
cpu4->cpu4_DTLB PREFETCH REQUESTED:          0 ISSUED:          0 USEFUL:          0 USELESS:          0
cpu4->cpu4_DTLB AVERAGE MISS LATENCY: 237.1 cycles
cpu3->cpu3_STLB TOTAL        ACCESS:         23 HIT:          0 MISS:         23 MSHR_MERGE:          0
cpu3->cpu3_STLB LOAD         ACCESS:         23 HIT:          0 MISS:         23 MSHR_MERGE:          0
cpu3->cpu3_STLB RFO          ACCESS:          0 HIT:          0 MISS:          0 MSHR_MERGE:          0
cpu3->cpu3_STLB PREFETCH     ACCESS:          0 HIT:          0 MISS:          0 MSHR_MERGE:          0
cpu3->cpu3_STLB WRITE        ACCESS:          0 HIT:          0 MISS:          0 MSHR_MERGE:          0
cpu3->cpu3_STLB TRANSLATION  ACCESS:          0 HIT:          0 MISS:          0 MSHR_MERGE:          0
cpu3->cpu3_STLB PREFETCH REQUESTED:          0 ISSUED:          0 USEFUL:          0 USELESS:          0
cpu3->cpu3_STLB AVERAGE MISS LATENCY: 231.6 cycles
cpu3->cpu3_L2C TOTAL        ACCESS:    7537158 HIT:    1795412 MISS:    5741746 MSHR_MERGE:          0
cpu3->cpu3_L2C LOAD         ACCESS:    7505181 HIT:    1774666 MISS:    5730515 MSHR_MERGE:          0
cpu3->cpu3_L2C RFO          ACCESS:      15972 HIT:       4763 MISS:      11209 MSHR_MERGE:          0
cpu3->cpu3_L2C PREFETCH     ACCESS:          0 HIT:          0 MISS:          0 MSHR_MERGE:          0
cpu3->cpu3_L2C WRITE        ACCESS:      15983 HIT:      15983 MISS:          0 MSHR_MERGE:          0
cpu3->cpu3_L2C TRANSLATION  ACCESS:         22 HIT:          0 MISS:         22 MSHR_MERGE:          0
cpu3->cpu3_L2C PREFETCH REQUESTED:          0 ISSUED:          0 USEFUL:          0 USELESS:          0
cpu3->cpu3_L2C AVERAGE MISS LATENCY: 194.8 cycles
cpu3->cpu3_L1I TOTAL        ACCESS:   19062830 HIT:   19062830 MISS:          0 MSHR_MERGE:          0
cpu3->cpu3_L1I LOAD         ACCESS:   19062830 HIT:   19062830 MISS:          0 MSHR_MERGE:          0
cpu3->cpu3_L1I RFO          ACCESS:          0 HIT:          0 MISS:          0 MSHR_MERGE:          0
cpu3->cpu3_L1I PREFETCH     ACCESS:          0 HIT:          0 MISS:          0 MSHR_MERGE:          0
cpu3->cpu3_L1I WRITE        ACCESS:          0 HIT:          0 MISS:          0 MSHR_MERGE:          0
cpu3->cpu3_L1I TRANSLATION  ACCESS:          0 HIT:          0 MISS:          0 MSHR_MERGE:          0
cpu3->cpu3_L1I PREFETCH REQUESTED:          0 ISSUED:          0 USEFUL:          0 USELESS:          0
cpu3->cpu3_L1I AVERAGE MISS LATENCY: - cycles
cpu3->cpu3_L1D TOTAL        ACCESS:   32868620 HIT:   22972917 MISS:    9895703 MSHR_MERGE:    2374517
cpu3->cpu3_L1D LOAD         ACCESS:   32151211 HIT:   22280070 MISS:    9871141 MSHR_MERGE:    2365960
cpu3->cpu3_L1D RFO          ACCESS:          0 HIT:          0 MISS:          0 MSHR_MERGE:          0
cpu3->cpu3_L1D PREFETCH     ACCESS:          0 HIT:          0 MISS:          0 MSHR_MERGE:          0
cpu3->cpu3_L1D WRITE        ACCESS:     717386 HIT:     692846 MISS:      24540 MSHR_MERGE:       8557
cpu3->cpu3_L1D TRANSLATION  ACCESS:         23 HIT:          1 MISS:         22 MSHR_MERGE:          0
cpu3->cpu3_L1D PREFETCH REQUESTED:          0 ISSUED:          0 USEFUL:          0 USELESS:          0
cpu3->cpu3_L1D AVERAGE MISS LATENCY: 157.5 cycles
cpu3->cpu3_ITLB TOTAL        ACCESS:   19062825 HIT:   19062825 MISS:          0 MSHR_MERGE:          0
cpu3->cpu3_ITLB LOAD         ACCESS:   19062825 HIT:   19062825 MISS:          0 MSHR_MERGE:          0
cpu3->cpu3_ITLB RFO          ACCESS:          0 HIT:          0 MISS:          0 MSHR_MERGE:          0
cpu3->cpu3_ITLB PREFETCH     ACCESS:          0 HIT:          0 MISS:          0 MSHR_MERGE:          0
cpu3->cpu3_ITLB WRITE        ACCESS:          0 HIT:          0 MISS:          0 MSHR_MERGE:          0
cpu3->cpu3_ITLB TRANSLATION  ACCESS:          0 HIT:          0 MISS:          0 MSHR_MERGE:          0
cpu3->cpu3_ITLB PREFETCH REQUESTED:          0 ISSUED:          0 USEFUL:          0 USELESS:          0
cpu3->cpu3_ITLB AVERAGE MISS LATENCY: - cycles
cpu3->cpu3_DTLB TOTAL        ACCESS:   32661594 HIT:   32661512 MISS:         82 MSHR_MERGE:         59
cpu3->cpu3_DTLB LOAD         ACCESS:   32661594 HIT:   32661512 MISS:         82 MSHR_MERGE:         59
cpu3->cpu3_DTLB RFO          ACCESS:          0 HIT:          0 MISS:          0 MSHR_MERGE:          0
cpu3->cpu3_DTLB PREFETCH     ACCESS:          0 HIT:          0 MISS:          0 MSHR_MERGE:          0
cpu3->cpu3_DTLB WRITE        ACCESS:          0 HIT:          0 MISS:          0 MSHR_MERGE:          0
cpu3->cpu3_DTLB TRANSLATION  ACCESS:          0 HIT:          0 MISS:          0 MSHR_MERGE:          0
cpu3->cpu3_DTLB PREFETCH REQUESTED:          0 ISSUED:          0 USEFUL:          0 USELESS:          0
cpu3->cpu3_DTLB AVERAGE MISS LATENCY: 237.6 cycles
cpu2->cpu2_STLB TOTAL        ACCESS:         23 HIT:          0 MISS:         23 MSHR_MERGE:          0
cpu2->cpu2_STLB LOAD         ACCESS:         23 HIT:          0 MISS:         23 MSHR_MERGE:          0
cpu2->cpu2_STLB RFO          ACCESS:          0 HIT:          0 MISS:          0 MSHR_MERGE:          0
cpu2->cpu2_STLB PREFETCH     ACCESS:          0 HIT:          0 MISS:          0 MSHR_MERGE:          0
cpu2->cpu2_STLB WRITE        ACCESS:          0 HIT:          0 MISS:          0 MSHR_MERGE:          0
cpu2->cpu2_STLB TRANSLATION  ACCESS:          0 HIT:          0 MISS:          0 MSHR_MERGE:          0
cpu2->cpu2_STLB PREFETCH REQUESTED:          0 ISSUED:          0 USEFUL:          0 USELESS:          0
cpu2->cpu2_STLB AVERAGE MISS LATENCY: 248.7 cycles
cpu2->cpu2_L2C TOTAL        ACCESS:    7532274 HIT:    1794105 MISS:    5738169 MSHR_MERGE:          0
cpu2->cpu2_L2C LOAD         ACCESS:    7500326 HIT:    1773384 MISS:    5726942 MSHR_MERGE:          0
cpu2->cpu2_L2C RFO          ACCESS:      15958 HIT:       4753 MISS:      11205 MSHR_MERGE:          0
cpu2->cpu2_L2C PREFETCH     ACCESS:          0 HIT:          0 MISS:          0 MSHR_MERGE:          0
cpu2->cpu2_L2C WRITE        ACCESS:      15968 HIT:      15968 MISS:          0 MSHR_MERGE:          0
cpu2->cpu2_L2C TRANSLATION  ACCESS:         22 HIT:          0 MISS:         22 MSHR_MERGE:          0
cpu2->cpu2_L2C PREFETCH REQUESTED:          0 ISSUED:          0 USEFUL:          0 USELESS:          0
cpu2->cpu2_L2C AVERAGE MISS LATENCY: 194.7 cycles
cpu2->cpu2_L1I TOTAL        ACCESS:   19055407 HIT:   19055407 MISS:          0 MSHR_MERGE:          0
cpu2->cpu2_L1I LOAD         ACCESS:   19055407 HIT:   19055407 MISS:          0 MSHR_MERGE:          0
cpu2->cpu2_L1I RFO          ACCESS:          0 HIT:          0 MISS:          0 MSHR_MERGE:          0
cpu2->cpu2_L1I PREFETCH     ACCESS:          0 HIT:          0 MISS:          0 MSHR_MERGE:          0
cpu2->cpu2_L1I WRITE        ACCESS:          0 HIT:          0 MISS:          0 MSHR_MERGE:          0
cpu2->cpu2_L1I TRANSLATION  ACCESS:          0 HIT:          0 MISS:          0 MSHR_MERGE:          0
cpu2->cpu2_L1I PREFETCH REQUESTED:          0 ISSUED:          0 USEFUL:          0 USELESS:          0
cpu2->cpu2_L1I AVERAGE MISS LATENCY: - cycles
cpu2->cpu2_L1D TOTAL        ACCESS:   32852199 HIT:   22961332 MISS:    9890867 MSHR_MERGE:    2374550
cpu2->cpu2_L1D LOAD         ACCESS:   32135070 HIT:   22268685 MISS:    9866385 MSHR_MERGE:    2366059
cpu2->cpu2_L1D RFO          ACCESS:          0 HIT:          0 MISS:          0 MSHR_MERGE:          0
cpu2->cpu2_L1D PREFETCH     ACCESS:          0 HIT:          0 MISS:          0 MSHR_MERGE:          0
cpu2->cpu2_L1D WRITE        ACCESS:     717106 HIT:     692646 MISS:      24460 MSHR_MERGE:       8491
cpu2->cpu2_L1D TRANSLATION  ACCESS:         23 HIT:          1 MISS:         22 MSHR_MERGE:          0
cpu2->cpu2_L1D PREFETCH REQUESTED:          0 ISSUED:          0 USEFUL:          0 USELESS:          0
cpu2->cpu2_L1D AVERAGE MISS LATENCY: 157.4 cycles
cpu2->cpu2_ITLB TOTAL        ACCESS:   19018942 HIT:   19018942 MISS:          0 MSHR_MERGE:          0
cpu2->cpu2_ITLB LOAD         ACCESS:   19018942 HIT:   19018942 MISS:          0 MSHR_MERGE:          0
cpu2->cpu2_ITLB RFO          ACCESS:          0 HIT:          0 MISS:          0 MSHR_MERGE:          0
cpu2->cpu2_ITLB PREFETCH     ACCESS:          0 HIT:          0 MISS:          0 MSHR_MERGE:          0
cpu2->cpu2_ITLB WRITE        ACCESS:          0 HIT:          0 MISS:          0 MSHR_MERGE:          0
cpu2->cpu2_ITLB TRANSLATION  ACCESS:          0 HIT:          0 MISS:          0 MSHR_MERGE:          0
cpu2->cpu2_ITLB PREFETCH REQUESTED:          0 ISSUED:          0 USEFUL:          0 USELESS:          0
cpu2->cpu2_ITLB AVERAGE MISS LATENCY: - cycles
cpu2->cpu2_DTLB TOTAL        ACCESS:   32628237 HIT:   32628158 MISS:         79 MSHR_MERGE:         56
cpu2->cpu2_DTLB LOAD         ACCESS:   32628237 HIT:   32628158 MISS:         79 MSHR_MERGE:         56
cpu2->cpu2_DTLB RFO          ACCESS:          0 HIT:          0 MISS:          0 MSHR_MERGE:          0
cpu2->cpu2_DTLB PREFETCH     ACCESS:          0 HIT:          0 MISS:          0 MSHR_MERGE:          0
cpu2->cpu2_DTLB WRITE        ACCESS:          0 HIT:          0 MISS:          0 MSHR_MERGE:          0
cpu2->cpu2_DTLB TRANSLATION  ACCESS:          0 HIT:          0 MISS:          0 MSHR_MERGE:          0
cpu2->cpu2_DTLB PREFETCH REQUESTED:          0 ISSUED:          0 USEFUL:          0 USELESS:          0
cpu2->cpu2_DTLB AVERAGE MISS LATENCY: 254.7 cycles
cpu1->cpu1_STLB TOTAL        ACCESS:         23 HIT:          0 MISS:         23 MSHR_MERGE:          0
cpu1->cpu1_STLB LOAD         ACCESS:         23 HIT:          0 MISS:         23 MSHR_MERGE:          0
cpu1->cpu1_STLB RFO          ACCESS:          0 HIT:          0 MISS:          0 MSHR_MERGE:          0
cpu1->cpu1_STLB PREFETCH     ACCESS:          0 HIT:          0 MISS:          0 MSHR_MERGE:          0
cpu1->cpu1_STLB WRITE        ACCESS:          0 HIT:          0 MISS:          0 MSHR_MERGE:          0
cpu1->cpu1_STLB TRANSLATION  ACCESS:          0 HIT:          0 MISS:          0 MSHR_MERGE:          0
cpu1->cpu1_STLB PREFETCH REQUESTED:          0 ISSUED:          0 USEFUL:          0 USELESS:          0
cpu1->cpu1_STLB AVERAGE MISS LATENCY: 253.3 cycles
cpu1->cpu1_L2C TOTAL        ACCESS:    7595218 HIT:    1801767 MISS:    5793451 MSHR_MERGE:          0
cpu1->cpu1_L2C LOAD         ACCESS:    7562935 HIT:    1780848 MISS:    5782087 MSHR_MERGE:          0
cpu1->cpu1_L2C RFO          ACCESS:      16127 HIT:       4785 MISS:      11342 MSHR_MERGE:          0
cpu1->cpu1_L2C PREFETCH     ACCESS:          0 HIT:          0 MISS:          0 MSHR_MERGE:          0
cpu1->cpu1_L2C WRITE        ACCESS:      16134 HIT:      16134 MISS:          0 MSHR_MERGE:          0
cpu1->cpu1_L2C TRANSLATION  ACCESS:         22 HIT:          0 MISS:         22 MSHR_MERGE:          0
cpu1->cpu1_L2C PREFETCH REQUESTED:          0 ISSUED:          0 USEFUL:          0 USELESS:          0
cpu1->cpu1_L2C AVERAGE MISS LATENCY: 186.6 cycles
cpu1->cpu1_L1I TOTAL        ACCESS:   19192596 HIT:   19192596 MISS:          0 MSHR_MERGE:          0
cpu1->cpu1_L1I LOAD         ACCESS:   19192596 HIT:   19192596 MISS:          0 MSHR_MERGE:          0
cpu1->cpu1_L1I RFO          ACCESS:          0 HIT:          0 MISS:          0 MSHR_MERGE:          0
cpu1->cpu1_L1I PREFETCH     ACCESS:          0 HIT:          0 MISS:          0 MSHR_MERGE:          0
cpu1->cpu1_L1I WRITE        ACCESS:          0 HIT:          0 MISS:          0 MSHR_MERGE:          0
cpu1->cpu1_L1I TRANSLATION  ACCESS:          0 HIT:          0 MISS:          0 MSHR_MERGE:          0
cpu1->cpu1_L1I PREFETCH REQUESTED:          0 ISSUED:          0 USEFUL:          0 USELESS:          0
cpu1->cpu1_L1I AVERAGE MISS LATENCY: - cycles
cpu1->cpu1_L1D TOTAL        ACCESS:   33075687 HIT:   23105585 MISS:    9970102 MSHR_MERGE:    2391007
cpu1->cpu1_L1D LOAD         ACCESS:   32349813 HIT:   22404586 MISS:    9945227 MSHR_MERGE:    2382290
cpu1->cpu1_L1D RFO          ACCESS:          0 HIT:          0 MISS:          0 MSHR_MERGE:          0
cpu1->cpu1_L1D PREFETCH     ACCESS:          0 HIT:          0 MISS:          0 MSHR_MERGE:          0
cpu1->cpu1_L1D WRITE        ACCESS:     725851 HIT:     700998 MISS:      24853 MSHR_MERGE:       8717
cpu1->cpu1_L1D TRANSLATION  ACCESS:         23 HIT:          1 MISS:         22 MSHR_MERGE:          0
cpu1->cpu1_L1D PREFETCH REQUESTED:          0 ISSUED:          0 USEFUL:          0 USELESS:          0
cpu1->cpu1_L1D AVERAGE MISS LATENCY: 151.4 cycles
cpu1->cpu1_ITLB TOTAL        ACCESS:   19192591 HIT:   19192591 MISS:          0 MSHR_MERGE:          0
cpu1->cpu1_ITLB LOAD         ACCESS:   19192591 HIT:   19192591 MISS:          0 MSHR_MERGE:          0
cpu1->cpu1_ITLB RFO          ACCESS:          0 HIT:          0 MISS:          0 MSHR_MERGE:          0
cpu1->cpu1_ITLB PREFETCH     ACCESS:          0 HIT:          0 MISS:          0 MSHR_MERGE:          0
cpu1->cpu1_ITLB WRITE        ACCESS:          0 HIT:          0 MISS:          0 MSHR_MERGE:          0
cpu1->cpu1_ITLB TRANSLATION  ACCESS:          0 HIT:          0 MISS:          0 MSHR_MERGE:          0
cpu1->cpu1_ITLB PREFETCH REQUESTED:          0 ISSUED:          0 USEFUL:          0 USELESS:          0
cpu1->cpu1_ITLB AVERAGE MISS LATENCY: - cycles
cpu1->cpu1_DTLB TOTAL        ACCESS:   32834203 HIT:   32834128 MISS:         75 MSHR_MERGE:         52
cpu1->cpu1_DTLB LOAD         ACCESS:   32834203 HIT:   32834128 MISS:         75 MSHR_MERGE:         52
cpu1->cpu1_DTLB RFO          ACCESS:          0 HIT:          0 MISS:          0 MSHR_MERGE:          0
cpu1->cpu1_DTLB PREFETCH     ACCESS:          0 HIT:          0 MISS:          0 MSHR_MERGE:          0
cpu1->cpu1_DTLB WRITE        ACCESS:          0 HIT:          0 MISS:          0 MSHR_MERGE:          0
cpu1->cpu1_DTLB TRANSLATION  ACCESS:          0 HIT:          0 MISS:          0 MSHR_MERGE:          0
cpu1->cpu1_DTLB PREFETCH REQUESTED:          0 ISSUED:          0 USEFUL:          0 USELESS:          0
cpu1->cpu1_DTLB AVERAGE MISS LATENCY: 259.3 cycles
cpu0->cpu0_STLB TOTAL        ACCESS:         23 HIT:          0 MISS:         23 MSHR_MERGE:          0
cpu0->cpu0_STLB LOAD         ACCESS:         23 HIT:          0 MISS:         23 MSHR_MERGE:          0
cpu0->cpu0_STLB RFO          ACCESS:          0 HIT:          0 MISS:          0 MSHR_MERGE:          0
cpu0->cpu0_STLB PREFETCH     ACCESS:          0 HIT:          0 MISS:          0 MSHR_MERGE:          0
cpu0->cpu0_STLB WRITE        ACCESS:          0 HIT:          0 MISS:          0 MSHR_MERGE:          0
cpu0->cpu0_STLB TRANSLATION  ACCESS:          0 HIT:          0 MISS:          0 MSHR_MERGE:          0
cpu0->cpu0_STLB PREFETCH REQUESTED:          0 ISSUED:          0 USEFUL:          0 USELESS:          0
cpu0->cpu0_STLB AVERAGE MISS LATENCY: 370.3 cycles
cpu0->cpu0_L2C TOTAL        ACCESS:    7641827 HIT:    1806809 MISS:    5835018 MSHR_MERGE:          0
cpu0->cpu0_L2C LOAD         ACCESS:    7609346 HIT:    1785788 MISS:    5823558 MSHR_MERGE:          0
cpu0->cpu0_L2C RFO          ACCESS:      16226 HIT:       4788 MISS:      11438 MSHR_MERGE:          0
cpu0->cpu0_L2C PREFETCH     ACCESS:          0 HIT:          0 MISS:          0 MSHR_MERGE:          0
cpu0->cpu0_L2C WRITE        ACCESS:      16233 HIT:      16233 MISS:          0 MSHR_MERGE:          0
cpu0->cpu0_L2C TRANSLATION  ACCESS:         22 HIT:          0 MISS:         22 MSHR_MERGE:          0
cpu0->cpu0_L2C PREFETCH REQUESTED:          0 ISSUED:          0 USEFUL:          0 USELESS:          0
cpu0->cpu0_L2C AVERAGE MISS LATENCY: 181 cycles
cpu0->cpu0_L1I TOTAL        ACCESS:   19283218 HIT:   19283218 MISS:          0 MSHR_MERGE:          0
cpu0->cpu0_L1I LOAD         ACCESS:   19283218 HIT:   19283218 MISS:          0 MSHR_MERGE:          0
cpu0->cpu0_L1I RFO          ACCESS:          0 HIT:          0 MISS:          0 MSHR_MERGE:          0
cpu0->cpu0_L1I PREFETCH     ACCESS:          0 HIT:          0 MISS:          0 MSHR_MERGE:          0
cpu0->cpu0_L1I WRITE        ACCESS:          0 HIT:          0 MISS:          0 MSHR_MERGE:          0
cpu0->cpu0_L1I TRANSLATION  ACCESS:          0 HIT:          0 MISS:          0 MSHR_MERGE:          0
cpu0->cpu0_L1I PREFETCH REQUESTED:          0 ISSUED:          0 USEFUL:          0 USELESS:          0
cpu0->cpu0_L1I AVERAGE MISS LATENCY: - cycles
cpu0->cpu0_L1D TOTAL        ACCESS:   33274190 HIT:   23239129 MISS:   10035061 MSHR_MERGE:    2409461
cpu0->cpu0_L1D LOAD         ACCESS:   32542147 HIT:   22532011 MISS:   10010136 MSHR_MERGE:    2400791
cpu0->cpu0_L1D RFO          ACCESS:          0 HIT:          0 MISS:          0 MSHR_MERGE:          0
cpu0->cpu0_L1D PREFETCH     ACCESS:          0 HIT:          0 MISS:          0 MSHR_MERGE:          0
cpu0->cpu0_L1D WRITE        ACCESS:     732020 HIT:     707117 MISS:      24903 MSHR_MERGE:       8670
cpu0->cpu0_L1D TRANSLATION  ACCESS:         23 HIT:          1 MISS:         22 MSHR_MERGE:          0
cpu0->cpu0_L1D PREFETCH REQUESTED:          0 ISSUED:          0 USEFUL:          0 USELESS:          0
cpu0->cpu0_L1D AVERAGE MISS LATENCY: 147.3 cycles
cpu0->cpu0_ITLB TOTAL        ACCESS:   19283213 HIT:   19283213 MISS:          0 MSHR_MERGE:          0
cpu0->cpu0_ITLB LOAD         ACCESS:   19283213 HIT:   19283213 MISS:          0 MSHR_MERGE:          0
cpu0->cpu0_ITLB RFO          ACCESS:          0 HIT:          0 MISS:          0 MSHR_MERGE:          0
cpu0->cpu0_ITLB PREFETCH     ACCESS:          0 HIT:          0 MISS:          0 MSHR_MERGE:          0
cpu0->cpu0_ITLB WRITE        ACCESS:          0 HIT:          0 MISS:          0 MSHR_MERGE:          0
cpu0->cpu0_ITLB TRANSLATION  ACCESS:          0 HIT:          0 MISS:          0 MSHR_MERGE:          0
cpu0->cpu0_ITLB PREFETCH REQUESTED:          0 ISSUED:          0 USEFUL:          0 USELESS:          0
cpu0->cpu0_ITLB AVERAGE MISS LATENCY: - cycles
cpu0->cpu0_DTLB TOTAL        ACCESS:   33061621 HIT:   33061527 MISS:         94 MSHR_MERGE:         71
cpu0->cpu0_DTLB LOAD         ACCESS:   33061621 HIT:   33061527 MISS:         94 MSHR_MERGE:         71
cpu0->cpu0_DTLB RFO          ACCESS:          0 HIT:          0 MISS:          0 MSHR_MERGE:          0
cpu0->cpu0_DTLB PREFETCH     ACCESS:          0 HIT:          0 MISS:          0 MSHR_MERGE:          0
cpu0->cpu0_DTLB WRITE        ACCESS:          0 HIT:          0 MISS:          0 MSHR_MERGE:          0
cpu0->cpu0_DTLB TRANSLATION  ACCESS:          0 HIT:          0 MISS:          0 MSHR_MERGE:          0
cpu0->cpu0_DTLB PREFETCH REQUESTED:          0 ISSUED:          0 USEFUL:          0 USELESS:          0
cpu0->cpu0_DTLB AVERAGE MISS LATENCY: 376.3 cycles
cpu0->LLC TOTAL        ACCESS:    5846460 HIT:    1973081 MISS:    3873379 MSHR_MERGE:          0
cpu0->LLC LOAD         ACCESS:    5823573 HIT:    1961757 MISS:    3861816 MSHR_MERGE:          0
cpu0->LLC RFO          ACCESS:      11438 HIT:          0 MISS:      11438 MSHR_MERGE:          0
cpu0->LLC PREFETCH     ACCESS:          0 HIT:          0 MISS:          0 MSHR_MERGE:          0
cpu0->LLC WRITE        ACCESS:      11427 HIT:      11318 MISS:        109 MSHR_MERGE:          0
cpu0->LLC TRANSLATION  ACCESS:         22 HIT:          6 MISS:         16 MSHR_MERGE:          0
cpu0->LLC PREFETCH REQUESTED:          0 ISSUED:          0 USEFUL:          0 USELESS:          0
cpu0->LLC AVERAGE MISS LATENCY: 2095 cycles
cpu1->LLC TOTAL        ACCESS:    5804797 HIT:    1830506 MISS:    3974291 MSHR_MERGE:          0
cpu1->LLC LOAD         ACCESS:    5782089 HIT:    1819304 MISS:    3962785 MSHR_MERGE:          0
cpu1->LLC RFO          ACCESS:      11342 HIT:          0 MISS:      11342 MSHR_MERGE:          0
cpu1->LLC PREFETCH     ACCESS:          0 HIT:          0 MISS:          0 MSHR_MERGE:          0
cpu1->LLC WRITE        ACCESS:      11344 HIT:      11182 MISS:        162 MSHR_MERGE:          0
cpu1->LLC TRANSLATION  ACCESS:         22 HIT:         20 MISS:          2 MSHR_MERGE:          0
cpu1->LLC PREFETCH REQUESTED:          0 ISSUED:          0 USEFUL:          0 USELESS:          0
cpu1->LLC AVERAGE MISS LATENCY: 2042 cycles
cpu2->LLC TOTAL        ACCESS:    5749380 HIT:    1644917 MISS:    4104463 MSHR_MERGE:          0
cpu2->LLC LOAD         ACCESS:    5726957 HIT:    1634124 MISS:    4092833 MSHR_MERGE:          0
cpu2->LLC RFO          ACCESS:      11205 HIT:          0 MISS:      11205 MSHR_MERGE:          0
cpu2->LLC PREFETCH     ACCESS:          0 HIT:          0 MISS:          0 MSHR_MERGE:          0
cpu2->LLC WRITE        ACCESS:      11196 HIT:      10773 MISS:        423 MSHR_MERGE:          0
cpu2->LLC TRANSLATION  ACCESS:         22 HIT:         20 MISS:          2 MSHR_MERGE:          0
cpu2->LLC PREFETCH REQUESTED:          0 ISSUED:          0 USEFUL:          0 USELESS:          0
cpu2->LLC AVERAGE MISS LATENCY: 1977 cycles
cpu3->LLC TOTAL        ACCESS:    5752960 HIT:    1649916 MISS:    4103044 MSHR_MERGE:          0
cpu3->LLC LOAD         ACCESS:    5730529 HIT:    1639079 MISS:    4091450 MSHR_MERGE:          0
cpu3->LLC RFO          ACCESS:      11209 HIT:          0 MISS:      11209 MSHR_MERGE:          0
cpu3->LLC PREFETCH     ACCESS:          0 HIT:          0 MISS:          0 MSHR_MERGE:          0
cpu3->LLC WRITE        ACCESS:      11200 HIT:      10815 MISS:        385 MSHR_MERGE:          0
cpu3->LLC TRANSLATION  ACCESS:         22 HIT:         22 MISS:          0 MSHR_MERGE:          0
cpu3->LLC PREFETCH REQUESTED:          0 ISSUED:          0 USEFUL:          0 USELESS:          0
cpu3->LLC AVERAGE MISS LATENCY: 1978 cycles
cpu4->LLC TOTAL        ACCESS:    5752910 HIT:    1660253 MISS:    4092657 MSHR_MERGE:          0
cpu4->LLC LOAD         ACCESS:    5730479 HIT:    1649308 MISS:    4081171 MSHR_MERGE:          0
cpu4->LLC RFO          ACCESS:      11206 HIT:          0 MISS:      11206 MSHR_MERGE:          0
cpu4->LLC PREFETCH     ACCESS:          0 HIT:          0 MISS:          0 MSHR_MERGE:          0
cpu4->LLC WRITE        ACCESS:      11203 HIT:      10923 MISS:        280 MSHR_MERGE:          0
cpu4->LLC TRANSLATION  ACCESS:         22 HIT:         22 MISS:          0 MSHR_MERGE:          0
cpu4->LLC PREFETCH REQUESTED:          0 ISSUED:          0 USEFUL:          0 USELESS:          0
cpu4->LLC AVERAGE MISS LATENCY: 1983 cycles
cpu5->LLC TOTAL        ACCESS:    5751429 HIT:    1662570 MISS:    4088859 MSHR_MERGE:          0
cpu5->LLC LOAD         ACCESS:    5729004 HIT:    1651568 MISS:    4077436 MSHR_MERGE:          0
cpu5->LLC RFO          ACCESS:      11203 HIT:          0 MISS:      11203 MSHR_MERGE:          0
cpu5->LLC PREFETCH     ACCESS:          0 HIT:          0 MISS:          0 MSHR_MERGE:          0
cpu5->LLC WRITE        ACCESS:      11200 HIT:      10980 MISS:        220 MSHR_MERGE:          0
cpu5->LLC TRANSLATION  ACCESS:         22 HIT:         22 MISS:          0 MSHR_MERGE:          0
cpu5->LLC PREFETCH REQUESTED:          0 ISSUED:          0 USEFUL:          0 USELESS:          0
cpu5->LLC AVERAGE MISS LATENCY: 1985 cycles
cpu6->LLC TOTAL        ACCESS:    5755989 HIT:    1666036 MISS:    4089953 MSHR_MERGE:          0
cpu6->LLC LOAD         ACCESS:    5733549 HIT:    1655074 MISS:    4078475 MSHR_MERGE:          0
cpu6->LLC RFO          ACCESS:      11211 HIT:          0 MISS:      11211 MSHR_MERGE:          0
cpu6->LLC PREFETCH     ACCESS:          0 HIT:          0 MISS:          0 MSHR_MERGE:          0
cpu6->LLC WRITE        ACCESS:      11207 HIT:      10940 MISS:        267 MSHR_MERGE:          0
cpu6->LLC TRANSLATION  ACCESS:         22 HIT:         22 MISS:          0 MSHR_MERGE:          0
cpu6->LLC PREFETCH REQUESTED:          0 ISSUED:          0 USEFUL:          0 USELESS:          0
cpu6->LLC AVERAGE MISS LATENCY: 1984 cycles
cpu7->LLC TOTAL        ACCESS:    5754151 HIT:    1667775 MISS:    4086376 MSHR_MERGE:          0
cpu7->LLC LOAD         ACCESS:    5731719 HIT:    1656752 MISS:    4074967 MSHR_MERGE:          0
cpu7->LLC RFO          ACCESS:      11208 HIT:          0 MISS:      11208 MSHR_MERGE:          0
cpu7->LLC PREFETCH     ACCESS:          0 HIT:          0 MISS:          0 MSHR_MERGE:          0
cpu7->LLC WRITE        ACCESS:      11202 HIT:      11001 MISS:        201 MSHR_MERGE:          0
cpu7->LLC TRANSLATION  ACCESS:         22 HIT:         22 MISS:          0 MSHR_MERGE:          0
cpu7->LLC PREFETCH REQUESTED:          0 ISSUED:          0 USEFUL:          0 USELESS:          0
cpu7->LLC AVERAGE MISS LATENCY: 1986 cycles

DRAM Statistics

Channel 0 READ REQS:   16221270	WRITE REQS:      44983
  READS:   16221255	READ_HITS:     125846
  WRITES:      44953	WRITE HITS:       3719
  ACTIVATES:   16136647	PRECHARGES:   16136643
  RQ FULL:          0	WQ FULL:          0
  WRITE DRAINS:       1488	FORCED:        484
  MEAN WRITE IMBALANCE: 2.023521505376344
  READ OCCU PRE DRAIN: 5.071236559139785	POST DRAIN: 15.855510752688172
  MEAN WLP: 20.274193548387096
  READ LATENCY: 59.636474798035046

Channel 1 READ REQS:   16189705	WRITE REQS:      44982
  READS:   16189687	READ_HITS:     126161
  WRITES:      44955	WRITE HITS:       3663
  ACTIVATES:   16104822	PRECHARGES:   16104818
  RQ FULL:          0	WQ FULL:          0
  WRITE DRAINS:       1501	FORCED:        468
  MEAN WRITE IMBALANCE: 1.9813457694870087
  READ OCCU PRE DRAIN: 4.840772818121253	POST DRAIN: 15.513657561625584
  MEAN WLP: 20.020652898067954
  READ LATENCY: 59.45081483045349
WCACHE NON LRU EVICTS: 1715	TOTAL EVICTS: 38762016	EAGER WB: 80923
