---------------------------------------
Begin Slurm Prolog: Apr-07-2025 19:24:23
Job ID:    3599734
User ID:   svittal8
Account:   gts-mqureshi4-rg
Job name:  wrap
Partition: cpu-small
QOS:       inferno
---------------------------------------
[VMEM] WARNING: physical memory size is smaller than virtual memory size.

*** ChampSim Multicore Out-of-Order Simulator ***
Warmup Instructions: 25000000
Simulation Instructions: 100000000
Number of CPUs: 8
Page size: 2097152

CL :	 16.64 ns
CWL :	 15.808 ns
tRP :	 16.224 ns
tRCD :	 16.224 ns
tRAS :	 32.032000000000004 ns
tRTP :	 7.904 ns
tWR :	 30.368000000000002 ns

tCCD_S :	 3.3280000000000003 ns
tCCD_S_WR :	 3.3280000000000003 ns
tCCD_S_WTR :	 22.048000000000002 ns
tCCD_L :	 5.408 ns
tCCD_L_WR :	 20.384 ns
tCCD_L_WTR :	 29.536 ns
tRRD_S :	 3.3280000000000003 ns
tRRD_L :	 5.408 ns
tFAW :	 13.728 ns
Address mapping (perm = 1) 	ch co bg bg bg ba ba co co co co co co ro ro ro ro ro ro ro ro ro ro ro ro ro ro ro 
dram queue size: R = 64 W = 48 (low:high is 9:39)
Heartbeat CPU 0 instructions: 10000003 cycles: 2923928 heartbeat IPC: 3.42 cumulative IPC: 3.42 (Simulation time: 00 hr 06 min 44 sec)
Heartbeat CPU 1 instructions: 10000003 cycles: 2960303 heartbeat IPC: 3.378 cumulative IPC: 3.378 (Simulation time: 00 hr 06 min 49 sec)
Heartbeat CPU 2 instructions: 10000003 cycles: 2981714 heartbeat IPC: 3.354 cumulative IPC: 3.354 (Simulation time: 00 hr 06 min 52 sec)
Heartbeat CPU 3 instructions: 10000002 cycles: 2986190 heartbeat IPC: 3.349 cumulative IPC: 3.349 (Simulation time: 00 hr 06 min 53 sec)
Heartbeat CPU 4 instructions: 10000003 cycles: 2995295 heartbeat IPC: 3.339 cumulative IPC: 3.339 (Simulation time: 00 hr 06 min 54 sec)
Heartbeat CPU 6 instructions: 10000003 cycles: 2999421 heartbeat IPC: 3.334 cumulative IPC: 3.334 (Simulation time: 00 hr 06 min 54 sec)
Heartbeat CPU 5 instructions: 10000003 cycles: 3002464 heartbeat IPC: 3.331 cumulative IPC: 3.331 (Simulation time: 00 hr 06 min 55 sec)
Heartbeat CPU 7 instructions: 10000003 cycles: 3009535 heartbeat IPC: 3.323 cumulative IPC: 3.323 (Simulation time: 00 hr 06 min 55 sec)
Heartbeat CPU 0 instructions: 20000005 cycles: 5524879 heartbeat IPC: 3.845 cumulative IPC: 3.62 (Simulation time: 00 hr 12 min 21 sec)
Heartbeat CPU 1 instructions: 20000005 cycles: 5630665 heartbeat IPC: 3.745 cumulative IPC: 3.552 (Simulation time: 00 hr 12 min 35 sec)
Heartbeat CPU 2 instructions: 20000004 cycles: 5681366 heartbeat IPC: 3.704 cumulative IPC: 3.52 (Simulation time: 00 hr 12 min 41 sec)
Heartbeat CPU 3 instructions: 20000005 cycles: 5693947 heartbeat IPC: 3.693 cumulative IPC: 3.513 (Simulation time: 00 hr 12 min 43 sec)
Heartbeat CPU 4 instructions: 20000004 cycles: 5731374 heartbeat IPC: 3.655 cumulative IPC: 3.49 (Simulation time: 00 hr 12 min 48 sec)
Heartbeat CPU 5 instructions: 20000006 cycles: 5760395 heartbeat IPC: 3.626 cumulative IPC: 3.472 (Simulation time: 00 hr 12 min 52 sec)
Heartbeat CPU 6 instructions: 20000005 cycles: 5772012 heartbeat IPC: 3.607 cumulative IPC: 3.465 (Simulation time: 00 hr 12 min 53 sec)
Heartbeat CPU 7 instructions: 20000005 cycles: 5787650 heartbeat IPC: 3.6 cumulative IPC: 3.456 (Simulation time: 00 hr 12 min 55 sec)
Warmup finished CPU 0 instructions: 25000001 cycles: 6815327 cumulative IPC: 3.668 (Simulation time: 00 hr 15 min 10 sec)
Warmup finished CPU 1 instructions: 25000004 cycles: 6930200 cumulative IPC: 3.607 (Simulation time: 00 hr 15 min 24 sec)
Warmup finished CPU 2 instructions: 25000003 cycles: 6991876 cumulative IPC: 3.576 (Simulation time: 00 hr 15 min 32 sec)
Warmup finished CPU 3 instructions: 25000003 cycles: 7032209 cumulative IPC: 3.555 (Simulation time: 00 hr 15 min 37 sec)
Warmup finished CPU 4 instructions: 25000004 cycles: 7086820 cumulative IPC: 3.528 (Simulation time: 00 hr 15 min 44 sec)
Warmup finished CPU 5 instructions: 25000003 cycles: 7116294 cumulative IPC: 3.513 (Simulation time: 00 hr 15 min 48 sec)
Warmup finished CPU 6 instructions: 25000002 cycles: 7137146 cumulative IPC: 3.503 (Simulation time: 00 hr 15 min 51 sec)
Warmup finished CPU 7 instructions: 25000004 cycles: 7164561 cumulative IPC: 3.489 (Simulation time: 00 hr 15 min 54 sec)
Warmup complete CPU 7 instructions: 25000004 cycles: 7164561 cumulative IPC: 3.489 (Simulation time: 00 hr 15 min 54 sec)
Warmup complete CPU 6 instructions: 25109662 cycles: 7164561 cumulative IPC: 3.505 (Simulation time: 00 hr 15 min 54 sec)
Warmup complete CPU 5 instructions: 25193071 cycles: 7164561 cumulative IPC: 3.516 (Simulation time: 00 hr 15 min 54 sec)
Warmup complete CPU 4 instructions: 25310980 cycles: 7164561 cumulative IPC: 3.533 (Simulation time: 00 hr 15 min 54 sec)
Warmup complete CPU 3 instructions: 25529411 cycles: 7164561 cumulative IPC: 3.563 (Simulation time: 00 hr 15 min 54 sec)
Warmup complete CPU 2 instructions: 25690743 cycles: 7164561 cumulative IPC: 3.586 (Simulation time: 00 hr 15 min 54 sec)
Warmup complete CPU 1 instructions: 25929895 cycles: 7164561 cumulative IPC: 3.619 (Simulation time: 00 hr 15 min 54 sec)
Warmup complete CPU 0 instructions: 26374406 cycles: 7164561 cumulative IPC: 3.681 (Simulation time: 00 hr 15 min 54 sec)
Heartbeat CPU 0 instructions: 30000007 cycles: 10941002 heartbeat IPC: 1.846 cumulative IPC: 0.9601 (Simulation time: 00 hr 20 min 41 sec)
Heartbeat CPU 1 instructions: 30000007 cycles: 10975253 heartbeat IPC: 1.871 cumulative IPC: 1.068 (Simulation time: 00 hr 20 min 43 sec)
Heartbeat CPU 2 instructions: 30000007 cycles: 11215167 heartbeat IPC: 1.807 cumulative IPC: 1.064 (Simulation time: 00 hr 21 min 02 sec)
Heartbeat CPU 3 instructions: 30000007 cycles: 11557247 heartbeat IPC: 1.706 cumulative IPC: 1.018 (Simulation time: 00 hr 21 min 35 sec)
Heartbeat CPU 4 instructions: 30000007 cycles: 11948966 heartbeat IPC: 1.608 cumulative IPC: 0.9801 (Simulation time: 00 hr 22 min 12 sec)
Heartbeat CPU 6 instructions: 30000007 cycles: 11975539 heartbeat IPC: 1.612 cumulative IPC: 1.016 (Simulation time: 00 hr 22 min 14 sec)
Heartbeat CPU 5 instructions: 30000007 cycles: 11983745 heartbeat IPC: 1.607 cumulative IPC: 0.9975 (Simulation time: 00 hr 22 min 15 sec)
Heartbeat CPU 7 instructions: 30000007 cycles: 12023347 heartbeat IPC: 1.604 cumulative IPC: 1.029 (Simulation time: 00 hr 22 min 18 sec)
Heartbeat CPU 1 instructions: 40000010 cycles: 19701462 heartbeat IPC: 1.146 cumulative IPC: 1.122 (Simulation time: 00 hr 33 min 13 sec)
Heartbeat CPU 2 instructions: 40000010 cycles: 19874310 heartbeat IPC: 1.155 cumulative IPC: 1.126 (Simulation time: 00 hr 33 min 32 sec)
Heartbeat CPU 3 instructions: 40000010 cycles: 20090415 heartbeat IPC: 1.172 cumulative IPC: 1.12 (Simulation time: 00 hr 33 min 52 sec)
Heartbeat CPU 0 instructions: 40000010 cycles: 20126654 heartbeat IPC: 1.089 cumulative IPC: 1.051 (Simulation time: 00 hr 33 min 55 sec)
Heartbeat CPU 6 instructions: 40000010 cycles: 20666207 heartbeat IPC: 1.151 cumulative IPC: 1.103 (Simulation time: 00 hr 34 min 46 sec)
Heartbeat CPU 5 instructions: 40000010 cycles: 20735221 heartbeat IPC: 1.143 cumulative IPC: 1.091 (Simulation time: 00 hr 34 min 53 sec)
Heartbeat CPU 7 instructions: 40000010 cycles: 20745952 heartbeat IPC: 1.146 cumulative IPC: 1.104 (Simulation time: 00 hr 34 min 54 sec)
Heartbeat CPU 4 instructions: 40000010 cycles: 20779195 heartbeat IPC: 1.132 cumulative IPC: 1.079 (Simulation time: 00 hr 34 min 57 sec)
Heartbeat CPU 1 instructions: 50000011 cycles: 28971341 heartbeat IPC: 1.079 cumulative IPC: 1.104 (Simulation time: 00 hr 46 min 26 sec)
Heartbeat CPU 2 instructions: 50000011 cycles: 29082465 heartbeat IPC: 1.086 cumulative IPC: 1.109 (Simulation time: 00 hr 46 min 36 sec)
Heartbeat CPU 3 instructions: 50000011 cycles: 29339245 heartbeat IPC: 1.081 cumulative IPC: 1.104 (Simulation time: 00 hr 46 min 57 sec)
Heartbeat CPU 7 instructions: 50000011 cycles: 29981922 heartbeat IPC: 1.083 cumulative IPC: 1.096 (Simulation time: 00 hr 48 min 01 sec)
Heartbeat CPU 6 instructions: 50000011 cycles: 29987994 heartbeat IPC: 1.073 cumulative IPC: 1.091 (Simulation time: 00 hr 48 min 02 sec)
Heartbeat CPU 5 instructions: 50000011 cycles: 30048348 heartbeat IPC: 1.074 cumulative IPC: 1.084 (Simulation time: 00 hr 48 min 08 sec)
Heartbeat CPU 4 instructions: 50000011 cycles: 30107568 heartbeat IPC: 1.072 cumulative IPC: 1.076 (Simulation time: 00 hr 48 min 15 sec)
Heartbeat CPU 0 instructions: 50000011 cycles: 30274991 heartbeat IPC: 0.9854 cumulative IPC: 1.022 (Simulation time: 00 hr 48 min 33 sec)
Heartbeat CPU 1 instructions: 60000011 cycles: 38323256 heartbeat IPC: 1.069 cumulative IPC: 1.093 (Simulation time: 01 hr 00 min 14 sec)
Heartbeat CPU 3 instructions: 60000013 cycles: 38348054 heartbeat IPC: 1.11 cumulative IPC: 1.105 (Simulation time: 01 hr 00 min 16 sec)
Heartbeat CPU 2 instructions: 60000011 cycles: 38366088 heartbeat IPC: 1.077 cumulative IPC: 1.1 (Simulation time: 01 hr 00 min 17 sec)
Heartbeat CPU 7 instructions: 60000013 cycles: 39451508 heartbeat IPC: 1.056 cumulative IPC: 1.084 (Simulation time: 01 hr 01 min 48 sec)
Heartbeat CPU 6 instructions: 60000013 cycles: 39467891 heartbeat IPC: 1.055 cumulative IPC: 1.08 (Simulation time: 01 hr 01 min 50 sec)
Heartbeat CPU 5 instructions: 60000011 cycles: 39494666 heartbeat IPC: 1.059 cumulative IPC: 1.077 (Simulation time: 01 hr 01 min 52 sec)
Heartbeat CPU 4 instructions: 60000011 cycles: 39614544 heartbeat IPC: 1.052 cumulative IPC: 1.069 (Simulation time: 01 hr 02 min 05 sec)
Heartbeat CPU 0 instructions: 60000011 cycles: 40166629 heartbeat IPC: 1.011 cumulative IPC: 1.019 (Simulation time: 01 hr 03 min 02 sec)
Heartbeat CPU 3 instructions: 70000017 cycles: 46499167 heartbeat IPC: 1.227 cumulative IPC: 1.131 (Simulation time: 01 hr 12 min 11 sec)
Heartbeat CPU 2 instructions: 70000012 cycles: 46510428 heartbeat IPC: 1.228 cumulative IPC: 1.126 (Simulation time: 01 hr 12 min 13 sec)
Heartbeat CPU 1 instructions: 70000012 cycles: 46634631 heartbeat IPC: 1.203 cumulative IPC: 1.117 (Simulation time: 01 hr 12 min 26 sec)
Heartbeat CPU 7 instructions: 70000017 cycles: 47583578 heartbeat IPC: 1.23 cumulative IPC: 1.113 (Simulation time: 01 hr 13 min 50 sec)
Heartbeat CPU 6 instructions: 70000017 cycles: 47626421 heartbeat IPC: 1.226 cumulative IPC: 1.109 (Simulation time: 01 hr 13 min 55 sec)
Heartbeat CPU 5 instructions: 70000012 cycles: 47647478 heartbeat IPC: 1.227 cumulative IPC: 1.107 (Simulation time: 01 hr 13 min 58 sec)
Heartbeat CPU 4 instructions: 70000012 cycles: 47840513 heartbeat IPC: 1.216 cumulative IPC: 1.099 (Simulation time: 01 hr 14 min 15 sec)
Heartbeat CPU 0 instructions: 70000012 cycles: 48696123 heartbeat IPC: 1.172 cumulative IPC: 1.05 (Simulation time: 01 hr 15 min 30 sec)
Heartbeat CPU 3 instructions: 80000018 cycles: 55057230 heartbeat IPC: 1.168 cumulative IPC: 1.137 (Simulation time: 01 hr 24 min 50 sec)
Heartbeat CPU 2 instructions: 80000013 cycles: 55230476 heartbeat IPC: 1.147 cumulative IPC: 1.13 (Simulation time: 01 hr 25 min 03 sec)
Heartbeat CPU 1 instructions: 80000013 cycles: 55505858 heartbeat IPC: 1.127 cumulative IPC: 1.119 (Simulation time: 01 hr 25 min 24 sec)
Heartbeat CPU 7 instructions: 80000018 cycles: 56317577 heartbeat IPC: 1.145 cumulative IPC: 1.119 (Simulation time: 01 hr 26 min 41 sec)
Heartbeat CPU 6 instructions: 80000018 cycles: 56392662 heartbeat IPC: 1.141 cumulative IPC: 1.115 (Simulation time: 01 hr 26 min 49 sec)
Heartbeat CPU 5 instructions: 80000013 cycles: 56433583 heartbeat IPC: 1.138 cumulative IPC: 1.112 (Simulation time: 01 hr 26 min 53 sec)
Heartbeat CPU 4 instructions: 80000013 cycles: 56713069 heartbeat IPC: 1.127 cumulative IPC: 1.104 (Simulation time: 01 hr 27 min 21 sec)
Heartbeat CPU 0 instructions: 80000013 cycles: 57418757 heartbeat IPC: 1.146 cumulative IPC: 1.067 (Simulation time: 01 hr 28 min 21 sec)
Heartbeat CPU 3 instructions: 90000019 cycles: 63914610 heartbeat IPC: 1.129 cumulative IPC: 1.136 (Simulation time: 01 hr 37 min 50 sec)
Heartbeat CPU 2 instructions: 90000013 cycles: 64111958 heartbeat IPC: 1.126 cumulative IPC: 1.129 (Simulation time: 01 hr 38 min 12 sec)
Heartbeat CPU 1 instructions: 90000013 cycles: 64444297 heartbeat IPC: 1.119 cumulative IPC: 1.119 (Simulation time: 01 hr 38 min 41 sec)
Heartbeat CPU 7 instructions: 90000019 cycles: 65260053 heartbeat IPC: 1.118 cumulative IPC: 1.119 (Simulation time: 01 hr 39 min 50 sec)
Heartbeat CPU 5 instructions: 90000013 cycles: 65478059 heartbeat IPC: 1.106 cumulative IPC: 1.111 (Simulation time: 01 hr 40 min 10 sec)
Heartbeat CPU 6 instructions: 90000019 cycles: 65488515 heartbeat IPC: 1.099 cumulative IPC: 1.113 (Simulation time: 01 hr 40 min 10 sec)
Heartbeat CPU 4 instructions: 90000013 cycles: 65957338 heartbeat IPC: 1.082 cumulative IPC: 1.1 (Simulation time: 01 hr 40 min 51 sec)
Heartbeat CPU 0 instructions: 90000013 cycles: 66490620 heartbeat IPC: 1.102 cumulative IPC: 1.072 (Simulation time: 01 hr 41 min 36 sec)
Heartbeat CPU 3 instructions: 100000021 cycles: 72437607 heartbeat IPC: 1.173 cumulative IPC: 1.141 (Simulation time: 01 hr 50 min 27 sec)
Heartbeat CPU 2 instructions: 100000013 cycles: 72851982 heartbeat IPC: 1.144 cumulative IPC: 1.131 (Simulation time: 01 hr 51 min 09 sec)
Heartbeat CPU 1 instructions: 100000013 cycles: 73324112 heartbeat IPC: 1.126 cumulative IPC: 1.12 (Simulation time: 01 hr 51 min 52 sec)
Heartbeat CPU 7 instructions: 100000021 cycles: 73707919 heartbeat IPC: 1.184 cumulative IPC: 1.127 (Simulation time: 01 hr 52 min 23 sec)
Heartbeat CPU 6 instructions: 100000021 cycles: 74373923 heartbeat IPC: 1.125 cumulative IPC: 1.114 (Simulation time: 01 hr 53 min 17 sec)
Heartbeat CPU 5 instructions: 100000013 cycles: 74402313 heartbeat IPC: 1.121 cumulative IPC: 1.113 (Simulation time: 01 hr 53 min 20 sec)
Heartbeat CPU 4 instructions: 100000013 cycles: 74861760 heartbeat IPC: 1.123 cumulative IPC: 1.103 (Simulation time: 01 hr 53 min 59 sec)
Heartbeat CPU 0 instructions: 100000013 cycles: 75688163 heartbeat IPC: 1.087 cumulative IPC: 1.074 (Simulation time: 01 hr 55 min 06 sec)
Heartbeat CPU 3 instructions: 110000022 cycles: 82103040 heartbeat IPC: 1.035 cumulative IPC: 1.127 (Simulation time: 02 hr 04 min 32 sec)
Heartbeat CPU 2 instructions: 110000013 cycles: 82781622 heartbeat IPC: 1.007 cumulative IPC: 1.115 (Simulation time: 02 hr 05 min 32 sec)
Heartbeat CPU 1 instructions: 110000013 cycles: 83374784 heartbeat IPC: 0.995 cumulative IPC: 1.103 (Simulation time: 02 hr 06 min 22 sec)
Heartbeat CPU 7 instructions: 110000022 cycles: 83440886 heartbeat IPC: 1.027 cumulative IPC: 1.114 (Simulation time: 02 hr 06 min 28 sec)
Heartbeat CPU 6 instructions: 110000022 cycles: 84622423 heartbeat IPC: 0.9758 cumulative IPC: 1.096 (Simulation time: 02 hr 08 min 08 sec)
Heartbeat CPU 5 instructions: 110000013 cycles: 84629054 heartbeat IPC: 0.9778 cumulative IPC: 1.095 (Simulation time: 02 hr 08 min 09 sec)
Heartbeat CPU 4 instructions: 110000013 cycles: 84990142 heartbeat IPC: 0.9873 cumulative IPC: 1.088 (Simulation time: 02 hr 08 min 44 sec)
Heartbeat CPU 0 instructions: 110000013 cycles: 85352589 heartbeat IPC: 1.035 cumulative IPC: 1.07 (Simulation time: 02 hr 09 min 22 sec)
Heartbeat CPU 3 instructions: 120000026 cycles: 90934591 heartbeat IPC: 1.132 cumulative IPC: 1.128 (Simulation time: 02 hr 17 min 28 sec)
Heartbeat CPU 2 instructions: 120000016 cycles: 91689697 heartbeat IPC: 1.123 cumulative IPC: 1.116 (Simulation time: 02 hr 18 min 32 sec)
Heartbeat CPU 7 instructions: 120000026 cycles: 91954822 heartbeat IPC: 1.175 cumulative IPC: 1.12 (Simulation time: 02 hr 18 min 55 sec)
Heartbeat CPU 1 instructions: 120000016 cycles: 92571745 heartbeat IPC: 1.087 cumulative IPC: 1.101 (Simulation time: 02 hr 19 min 47 sec)
Heartbeat CPU 5 instructions: 120000016 cycles: 93430851 heartbeat IPC: 1.136 cumulative IPC: 1.099 (Simulation time: 02 hr 20 min 54 sec)
Heartbeat CPU 6 instructions: 120000026 cycles: 93447034 heartbeat IPC: 1.133 cumulative IPC: 1.1 (Simulation time: 02 hr 20 min 56 sec)
Heartbeat CPU 4 instructions: 120000016 cycles: 93954318 heartbeat IPC: 1.116 cumulative IPC: 1.091 (Simulation time: 02 hr 21 min 44 sec)
Heartbeat CPU 0 instructions: 120000016 cycles: 94617793 heartbeat IPC: 1.079 cumulative IPC: 1.071 (Simulation time: 02 hr 22 min 45 sec)
Simulation finished CPU 3 instructions: 100000004 cycles: 88275989 cumulative IPC: 1.133 (Simulation time: 02 hr 23 min 59 sec)
Simulation finished CPU 7 instructions: 100000001 cycles: 88510072 cumulative IPC: 1.13 (Simulation time: 02 hr 24 min 21 sec)
Simulation finished CPU 2 instructions: 100000000 cycles: 89303424 cumulative IPC: 1.12 (Simulation time: 02 hr 25 min 33 sec)
Simulation finished CPU 6 instructions: 100000000 cycles: 90183324 cumulative IPC: 1.109 (Simulation time: 02 hr 26 min 56 sec)
Simulation finished CPU 1 instructions: 100000003 cycles: 90189135 cumulative IPC: 1.109 (Simulation time: 02 hr 26 min 56 sec)
Simulation finished CPU 5 instructions: 100000002 cycles: 90388291 cumulative IPC: 1.106 (Simulation time: 02 hr 27 min 12 sec)
Simulation finished CPU 4 instructions: 100000003 cycles: 90999994 cumulative IPC: 1.099 (Simulation time: 02 hr 28 min 03 sec)
Heartbeat CPU 3 instructions: 130000030 cycles: 98804684 heartbeat IPC: 1.271 cumulative IPC: 1.14 (Simulation time: 02 hr 29 min 00 sec)
Simulation finished CPU 0 instructions: 100000001 cycles: 92725555 cumulative IPC: 1.078 (Simulation time: 02 hr 30 min 40 sec)
Simulation complete CPU 7 instructions: 104901312 cycles: 92725555 cumulative IPC: 1.131 (Simulation time: 02 hr 30 min 40 sec)
Simulation complete CPU 6 instructions: 102346010 cycles: 92725555 cumulative IPC: 1.104 (Simulation time: 02 hr 30 min 40 sec)
Simulation complete CPU 5 instructions: 102267385 cycles: 92725555 cumulative IPC: 1.103 (Simulation time: 02 hr 30 min 40 sec)
Simulation complete CPU 4 instructions: 101960771 cycles: 92725555 cumulative IPC: 1.1 (Simulation time: 02 hr 30 min 40 sec)
Simulation complete CPU 3 instructions: 106161232 cycles: 92725555 cumulative IPC: 1.145 (Simulation time: 02 hr 30 min 40 sec)
Simulation complete CPU 2 instructions: 104129965 cycles: 92725555 cumulative IPC: 1.123 (Simulation time: 02 hr 30 min 40 sec)
Simulation complete CPU 1 instructions: 102429794 cycles: 92725555 cumulative IPC: 1.105 (Simulation time: 02 hr 30 min 40 sec)
Simulation complete CPU 0 instructions: 100000001 cycles: 92725555 cumulative IPC: 1.078 (Simulation time: 02 hr 30 min 40 sec)

ChampSim completed all CPUs

=== Simulation ===
CPU 0 runs TRACES/ctf/spec2017/627.cam4_s-490B.champsimtrace.xz
CPU 1 runs TRACES/ctf/spec2017/627.cam4_s-490B.champsimtrace.xz
CPU 2 runs TRACES/ctf/spec2017/627.cam4_s-490B.champsimtrace.xz
CPU 3 runs TRACES/ctf/spec2017/627.cam4_s-490B.champsimtrace.xz
CPU 4 runs TRACES/ctf/spec2017/627.cam4_s-490B.champsimtrace.xz
CPU 5 runs TRACES/ctf/spec2017/627.cam4_s-490B.champsimtrace.xz
CPU 6 runs TRACES/ctf/spec2017/627.cam4_s-490B.champsimtrace.xz
CPU 7 runs TRACES/ctf/spec2017/627.cam4_s-490B.champsimtrace.xz

Total Simulation Statistics (not including warmup)

CPU 7 cumulative IPC: 1.131 instructions: 104901312 cycles: 92725555
CPU 7 Branch Prediction Accuracy: 100% MPKI: 0 Average ROB Occupancy at Mispredict: -
Branch type MPKI
BRANCH_DIRECT_JUMP: 0
BRANCH_INDIRECT: 0
BRANCH_CONDITIONAL: 0
BRANCH_DIRECT_CALL: 0
BRANCH_INDIRECT_CALL: 0
BRANCH_RETURN: 0


CPU 6 cumulative IPC: 1.104 instructions: 102346010 cycles: 92725555
CPU 6 Branch Prediction Accuracy: 100% MPKI: 0 Average ROB Occupancy at Mispredict: -
Branch type MPKI
BRANCH_DIRECT_JUMP: 0
BRANCH_INDIRECT: 0
BRANCH_CONDITIONAL: 0
BRANCH_DIRECT_CALL: 0
BRANCH_INDIRECT_CALL: 0
BRANCH_RETURN: 0


CPU 5 cumulative IPC: 1.103 instructions: 102267385 cycles: 92725555
CPU 5 Branch Prediction Accuracy: 100% MPKI: 0 Average ROB Occupancy at Mispredict: -
Branch type MPKI
BRANCH_DIRECT_JUMP: 0
BRANCH_INDIRECT: 0
BRANCH_CONDITIONAL: 0
BRANCH_DIRECT_CALL: 0
BRANCH_INDIRECT_CALL: 0
BRANCH_RETURN: 0


CPU 4 cumulative IPC: 1.1 instructions: 101960771 cycles: 92725555
CPU 4 Branch Prediction Accuracy: 100% MPKI: 0 Average ROB Occupancy at Mispredict: -
Branch type MPKI
BRANCH_DIRECT_JUMP: 0
BRANCH_INDIRECT: 0
BRANCH_CONDITIONAL: 0
BRANCH_DIRECT_CALL: 0
BRANCH_INDIRECT_CALL: 0
BRANCH_RETURN: 0


CPU 3 cumulative IPC: 1.145 instructions: 106161232 cycles: 92725555
CPU 3 Branch Prediction Accuracy: 100% MPKI: 0 Average ROB Occupancy at Mispredict: -
Branch type MPKI
BRANCH_DIRECT_JUMP: 0
BRANCH_INDIRECT: 0
BRANCH_CONDITIONAL: 0
BRANCH_DIRECT_CALL: 0
BRANCH_INDIRECT_CALL: 0
BRANCH_RETURN: 0


CPU 2 cumulative IPC: 1.123 instructions: 104129965 cycles: 92725555
CPU 2 Branch Prediction Accuracy: 100% MPKI: 0 Average ROB Occupancy at Mispredict: -
Branch type MPKI
BRANCH_DIRECT_JUMP: 0
BRANCH_INDIRECT: 0
BRANCH_CONDITIONAL: 0
BRANCH_DIRECT_CALL: 0
BRANCH_INDIRECT_CALL: 0
BRANCH_RETURN: 0


CPU 1 cumulative IPC: 1.105 instructions: 102429794 cycles: 92725555
CPU 1 Branch Prediction Accuracy: 100% MPKI: 0 Average ROB Occupancy at Mispredict: -
Branch type MPKI
BRANCH_DIRECT_JUMP: 0
BRANCH_INDIRECT: 0
BRANCH_CONDITIONAL: 0
BRANCH_DIRECT_CALL: 0
BRANCH_INDIRECT_CALL: 0
BRANCH_RETURN: 0


CPU 0 cumulative IPC: 1.078 instructions: 100000001 cycles: 92725555
CPU 0 Branch Prediction Accuracy: 100% MPKI: 0 Average ROB Occupancy at Mispredict: -
Branch type MPKI
BRANCH_DIRECT_JUMP: 0
BRANCH_INDIRECT: 0
BRANCH_CONDITIONAL: 0
BRANCH_DIRECT_CALL: 0
BRANCH_INDIRECT_CALL: 0
BRANCH_RETURN: 0

cpu7->cpu7_STLB TOTAL        ACCESS:          2 HIT:          0 MISS:          2 MSHR_MERGE:          0
cpu7->cpu7_STLB LOAD         ACCESS:          2 HIT:          0 MISS:          2 MSHR_MERGE:          0
cpu7->cpu7_STLB RFO          ACCESS:          0 HIT:          0 MISS:          0 MSHR_MERGE:          0
cpu7->cpu7_STLB PREFETCH     ACCESS:          0 HIT:          0 MISS:          0 MSHR_MERGE:          0
cpu7->cpu7_STLB WRITE        ACCESS:          0 HIT:          0 MISS:          0 MSHR_MERGE:          0
cpu7->cpu7_STLB TRANSLATION  ACCESS:          0 HIT:          0 MISS:          0 MSHR_MERGE:          0
cpu7->cpu7_STLB PREFETCH REQUESTED:          0 ISSUED:          0 USEFUL:          0 USELESS:          0
cpu7->cpu7_STLB AVERAGE MISS LATENCY: 404.5 cycles
cpu7->cpu7_L2C TOTAL        ACCESS:    2743667 HIT:    1591904 MISS:    1151763 MSHR_MERGE:          0
cpu7->cpu7_L2C LOAD         ACCESS:    1342793 HIT:     738202 MISS:     604591 MSHR_MERGE:          0
cpu7->cpu7_L2C RFO          ACCESS:     578809 HIT:      31915 MISS:     546894 MSHR_MERGE:          0
cpu7->cpu7_L2C PREFETCH     ACCESS:          0 HIT:          0 MISS:          0 MSHR_MERGE:          0
cpu7->cpu7_L2C WRITE        ACCESS:     822063 HIT:     821787 MISS:        276 MSHR_MERGE:          0
cpu7->cpu7_L2C TRANSLATION  ACCESS:          2 HIT:          0 MISS:          2 MSHR_MERGE:          0
cpu7->cpu7_L2C PREFETCH REQUESTED:          0 ISSUED:          0 USEFUL:          0 USELESS:          0
cpu7->cpu7_L2C AVERAGE MISS LATENCY: 129.4 cycles
cpu7->cpu7_L1I TOTAL        ACCESS:   19967751 HIT:   19960766 MISS:       6985 MSHR_MERGE:       4658
cpu7->cpu7_L1I LOAD         ACCESS:   19967751 HIT:   19960766 MISS:       6985 MSHR_MERGE:       4658
cpu7->cpu7_L1I RFO          ACCESS:          0 HIT:          0 MISS:          0 MSHR_MERGE:          0
cpu7->cpu7_L1I PREFETCH     ACCESS:          0 HIT:          0 MISS:          0 MSHR_MERGE:          0
cpu7->cpu7_L1I WRITE        ACCESS:          0 HIT:          0 MISS:          0 MSHR_MERGE:          0
cpu7->cpu7_L1I TRANSLATION  ACCESS:          0 HIT:          0 MISS:          0 MSHR_MERGE:          0
cpu7->cpu7_L1I PREFETCH REQUESTED:          0 ISSUED:          0 USEFUL:          0 USELESS:          0
cpu7->cpu7_L1I AVERAGE MISS LATENCY: 223.4 cycles
cpu7->cpu7_L1D TOTAL        ACCESS:   21089366 HIT:   15670094 MISS:    5419272 MSHR_MERGE:    3499995
cpu7->cpu7_L1D LOAD         ACCESS:   14132621 HIT:   11036107 MISS:    3096514 MSHR_MERGE:    1756048
cpu7->cpu7_L1D RFO          ACCESS:          0 HIT:          0 MISS:          0 MSHR_MERGE:          0
cpu7->cpu7_L1D PREFETCH     ACCESS:          0 HIT:          0 MISS:          0 MSHR_MERGE:          0
cpu7->cpu7_L1D WRITE        ACCESS:    6956743 HIT:    4633987 MISS:    2322756 MSHR_MERGE:    1743947
cpu7->cpu7_L1D TRANSLATION  ACCESS:          2 HIT:          0 MISS:          2 MSHR_MERGE:          0
cpu7->cpu7_L1D PREFETCH REQUESTED:          0 ISSUED:          0 USEFUL:          0 USELESS:          0
cpu7->cpu7_L1D AVERAGE MISS LATENCY: 86.03 cycles
cpu7->cpu7_ITLB TOTAL        ACCESS:   17544913 HIT:   17544913 MISS:          0 MSHR_MERGE:          0
cpu7->cpu7_ITLB LOAD         ACCESS:   17544913 HIT:   17544913 MISS:          0 MSHR_MERGE:          0
cpu7->cpu7_ITLB RFO          ACCESS:          0 HIT:          0 MISS:          0 MSHR_MERGE:          0
cpu7->cpu7_ITLB PREFETCH     ACCESS:          0 HIT:          0 MISS:          0 MSHR_MERGE:          0
cpu7->cpu7_ITLB WRITE        ACCESS:          0 HIT:          0 MISS:          0 MSHR_MERGE:          0
cpu7->cpu7_ITLB TRANSLATION  ACCESS:          0 HIT:          0 MISS:          0 MSHR_MERGE:          0
cpu7->cpu7_ITLB PREFETCH REQUESTED:          0 ISSUED:          0 USEFUL:          0 USELESS:          0
cpu7->cpu7_ITLB AVERAGE MISS LATENCY: - cycles
cpu7->cpu7_DTLB TOTAL        ACCESS:   18723439 HIT:   18723432 MISS:          7 MSHR_MERGE:          5
cpu7->cpu7_DTLB LOAD         ACCESS:   18723439 HIT:   18723432 MISS:          7 MSHR_MERGE:          5
cpu7->cpu7_DTLB RFO          ACCESS:          0 HIT:          0 MISS:          0 MSHR_MERGE:          0
cpu7->cpu7_DTLB PREFETCH     ACCESS:          0 HIT:          0 MISS:          0 MSHR_MERGE:          0
cpu7->cpu7_DTLB WRITE        ACCESS:          0 HIT:          0 MISS:          0 MSHR_MERGE:          0
cpu7->cpu7_DTLB TRANSLATION  ACCESS:          0 HIT:          0 MISS:          0 MSHR_MERGE:          0
cpu7->cpu7_DTLB PREFETCH REQUESTED:          0 ISSUED:          0 USEFUL:          0 USELESS:          0
cpu7->cpu7_DTLB AVERAGE MISS LATENCY: 410.5 cycles
cpu6->cpu6_STLB TOTAL        ACCESS:          2 HIT:          0 MISS:          2 MSHR_MERGE:          0
cpu6->cpu6_STLB LOAD         ACCESS:          2 HIT:          0 MISS:          2 MSHR_MERGE:          0
cpu6->cpu6_STLB RFO          ACCESS:          0 HIT:          0 MISS:          0 MSHR_MERGE:          0
cpu6->cpu6_STLB PREFETCH     ACCESS:          0 HIT:          0 MISS:          0 MSHR_MERGE:          0
cpu6->cpu6_STLB WRITE        ACCESS:          0 HIT:          0 MISS:          0 MSHR_MERGE:          0
cpu6->cpu6_STLB TRANSLATION  ACCESS:          0 HIT:          0 MISS:          0 MSHR_MERGE:          0
cpu6->cpu6_STLB PREFETCH REQUESTED:          0 ISSUED:          0 USEFUL:          0 USELESS:          0
cpu6->cpu6_STLB AVERAGE MISS LATENCY: 405.5 cycles
cpu6->cpu6_L2C TOTAL        ACCESS:    2652130 HIT:    1530954 MISS:    1121176 MSHR_MERGE:          0
cpu6->cpu6_L2C LOAD         ACCESS:    1297316 HIT:     705170 MISS:     592146 MSHR_MERGE:          0
cpu6->cpu6_L2C RFO          ACCESS:     560633 HIT:      31880 MISS:     528753 MSHR_MERGE:          0
cpu6->cpu6_L2C PREFETCH     ACCESS:          0 HIT:          0 MISS:          0 MSHR_MERGE:          0
cpu6->cpu6_L2C WRITE        ACCESS:     794179 HIT:     793904 MISS:        275 MSHR_MERGE:          0
cpu6->cpu6_L2C TRANSLATION  ACCESS:          2 HIT:          0 MISS:          2 MSHR_MERGE:          0
cpu6->cpu6_L2C PREFETCH REQUESTED:          0 ISSUED:          0 USEFUL:          0 USELESS:          0
cpu6->cpu6_L2C AVERAGE MISS LATENCY: 136.4 cycles
cpu6->cpu6_L1I TOTAL        ACCESS:   19466232 HIT:   19459556 MISS:       6676 MSHR_MERGE:       4402
cpu6->cpu6_L1I LOAD         ACCESS:   19466232 HIT:   19459556 MISS:       6676 MSHR_MERGE:       4402
cpu6->cpu6_L1I RFO          ACCESS:          0 HIT:          0 MISS:          0 MSHR_MERGE:          0
cpu6->cpu6_L1I PREFETCH     ACCESS:          0 HIT:          0 MISS:          0 MSHR_MERGE:          0
cpu6->cpu6_L1I WRITE        ACCESS:          0 HIT:          0 MISS:          0 MSHR_MERGE:          0
cpu6->cpu6_L1I TRANSLATION  ACCESS:          0 HIT:          0 MISS:          0 MSHR_MERGE:          0
cpu6->cpu6_L1I PREFETCH REQUESTED:          0 ISSUED:          0 USEFUL:          0 USELESS:          0
cpu6->cpu6_L1I AVERAGE MISS LATENCY: 235.9 cycles
cpu6->cpu6_L1D TOTAL        ACCESS:   20563718 HIT:   15298299 MISS:    5265419 MSHR_MERGE:    3409742
cpu6->cpu6_L1D LOAD         ACCESS:   13777982 HIT:   10782443 MISS:    2995539 MSHR_MERGE:    1700497
cpu6->cpu6_L1D RFO          ACCESS:          0 HIT:          0 MISS:          0 MSHR_MERGE:          0
cpu6->cpu6_L1D PREFETCH     ACCESS:          0 HIT:          0 MISS:          0 MSHR_MERGE:          0
cpu6->cpu6_L1D WRITE        ACCESS:    6785734 HIT:    4515856 MISS:    2269878 MSHR_MERGE:    1709245
cpu6->cpu6_L1D TRANSLATION  ACCESS:          2 HIT:          0 MISS:          2 MSHR_MERGE:          0
cpu6->cpu6_L1D PREFETCH REQUESTED:          0 ISSUED:          0 USEFUL:          0 USELESS:          0
cpu6->cpu6_L1D AVERAGE MISS LATENCY: 90.8 cycles
cpu6->cpu6_ITLB TOTAL        ACCESS:   17125597 HIT:   17125597 MISS:          0 MSHR_MERGE:          0
cpu6->cpu6_ITLB LOAD         ACCESS:   17125597 HIT:   17125597 MISS:          0 MSHR_MERGE:          0
cpu6->cpu6_ITLB RFO          ACCESS:          0 HIT:          0 MISS:          0 MSHR_MERGE:          0
cpu6->cpu6_ITLB PREFETCH     ACCESS:          0 HIT:          0 MISS:          0 MSHR_MERGE:          0
cpu6->cpu6_ITLB WRITE        ACCESS:          0 HIT:          0 MISS:          0 MSHR_MERGE:          0
cpu6->cpu6_ITLB TRANSLATION  ACCESS:          0 HIT:          0 MISS:          0 MSHR_MERGE:          0
cpu6->cpu6_ITLB PREFETCH REQUESTED:          0 ISSUED:          0 USEFUL:          0 USELESS:          0
cpu6->cpu6_ITLB AVERAGE MISS LATENCY: - cycles
cpu6->cpu6_DTLB TOTAL        ACCESS:   18258732 HIT:   18258724 MISS:          8 MSHR_MERGE:          6
cpu6->cpu6_DTLB LOAD         ACCESS:   18258732 HIT:   18258724 MISS:          8 MSHR_MERGE:          6
cpu6->cpu6_DTLB RFO          ACCESS:          0 HIT:          0 MISS:          0 MSHR_MERGE:          0
cpu6->cpu6_DTLB PREFETCH     ACCESS:          0 HIT:          0 MISS:          0 MSHR_MERGE:          0
cpu6->cpu6_DTLB WRITE        ACCESS:          0 HIT:          0 MISS:          0 MSHR_MERGE:          0
cpu6->cpu6_DTLB TRANSLATION  ACCESS:          0 HIT:          0 MISS:          0 MSHR_MERGE:          0
cpu6->cpu6_DTLB PREFETCH REQUESTED:          0 ISSUED:          0 USEFUL:          0 USELESS:          0
cpu6->cpu6_DTLB AVERAGE MISS LATENCY: 411.5 cycles
cpu5->cpu5_STLB TOTAL        ACCESS:          2 HIT:          0 MISS:          2 MSHR_MERGE:          0
cpu5->cpu5_STLB LOAD         ACCESS:          2 HIT:          0 MISS:          2 MSHR_MERGE:          0
cpu5->cpu5_STLB RFO          ACCESS:          0 HIT:          0 MISS:          0 MSHR_MERGE:          0
cpu5->cpu5_STLB PREFETCH     ACCESS:          0 HIT:          0 MISS:          0 MSHR_MERGE:          0
cpu5->cpu5_STLB WRITE        ACCESS:          0 HIT:          0 MISS:          0 MSHR_MERGE:          0
cpu5->cpu5_STLB TRANSLATION  ACCESS:          0 HIT:          0 MISS:          0 MSHR_MERGE:          0
cpu5->cpu5_STLB PREFETCH REQUESTED:          0 ISSUED:          0 USEFUL:          0 USELESS:          0
cpu5->cpu5_STLB AVERAGE MISS LATENCY: 492 cycles
cpu5->cpu5_L2C TOTAL        ACCESS:    2649861 HIT:    1529852 MISS:    1120009 MSHR_MERGE:          0
cpu5->cpu5_L2C LOAD         ACCESS:    1295369 HIT:     704177 MISS:     591192 MSHR_MERGE:          0
cpu5->cpu5_L2C RFO          ACCESS:     560419 HIT:      31879 MISS:     528540 MSHR_MERGE:          0
cpu5->cpu5_L2C PREFETCH     ACCESS:          0 HIT:          0 MISS:          0 MSHR_MERGE:          0
cpu5->cpu5_L2C WRITE        ACCESS:     794071 HIT:     793796 MISS:        275 MSHR_MERGE:          0
cpu5->cpu5_L2C TRANSLATION  ACCESS:          2 HIT:          0 MISS:          2 MSHR_MERGE:          0
cpu5->cpu5_L2C PREFETCH REQUESTED:          0 ISSUED:          0 USEFUL:          0 USELESS:          0
cpu5->cpu5_L2C AVERAGE MISS LATENCY: 136.2 cycles
cpu5->cpu5_L1I TOTAL        ACCESS:   19459846 HIT:   19453142 MISS:       6704 MSHR_MERGE:       4422
cpu5->cpu5_L1I LOAD         ACCESS:   19459846 HIT:   19453142 MISS:       6704 MSHR_MERGE:       4422
cpu5->cpu5_L1I RFO          ACCESS:          0 HIT:          0 MISS:          0 MSHR_MERGE:          0
cpu5->cpu5_L1I PREFETCH     ACCESS:          0 HIT:          0 MISS:          0 MSHR_MERGE:          0
cpu5->cpu5_L1I WRITE        ACCESS:          0 HIT:          0 MISS:          0 MSHR_MERGE:          0
cpu5->cpu5_L1I TRANSLATION  ACCESS:          0 HIT:          0 MISS:          0 MSHR_MERGE:          0
cpu5->cpu5_L1I PREFETCH REQUESTED:          0 ISSUED:          0 USEFUL:          0 USELESS:          0
cpu5->cpu5_L1I AVERAGE MISS LATENCY: 238.7 cycles
cpu5->cpu5_L1D TOTAL        ACCESS:   20548613 HIT:   15282656 MISS:    5265957 MSHR_MERGE:    3412448
cpu5->cpu5_L1D LOAD         ACCESS:   13764663 HIT:   10773629 MISS:    2991034 MSHR_MERGE:    1697947
cpu5->cpu5_L1D RFO          ACCESS:          0 HIT:          0 MISS:          0 MSHR_MERGE:          0
cpu5->cpu5_L1D PREFETCH     ACCESS:          0 HIT:          0 MISS:          0 MSHR_MERGE:          0
cpu5->cpu5_L1D WRITE        ACCESS:    6783948 HIT:    4509027 MISS:    2274921 MSHR_MERGE:    1714501
cpu5->cpu5_L1D TRANSLATION  ACCESS:          2 HIT:          0 MISS:          2 MSHR_MERGE:          0
cpu5->cpu5_L1D PREFETCH REQUESTED:          0 ISSUED:          0 USEFUL:          0 USELESS:          0
cpu5->cpu5_L1D AVERAGE MISS LATENCY: 90.69 cycles
cpu5->cpu5_ITLB TOTAL        ACCESS:   17111791 HIT:   17111791 MISS:          0 MSHR_MERGE:          0
cpu5->cpu5_ITLB LOAD         ACCESS:   17111791 HIT:   17111791 MISS:          0 MSHR_MERGE:          0
cpu5->cpu5_ITLB RFO          ACCESS:          0 HIT:          0 MISS:          0 MSHR_MERGE:          0
cpu5->cpu5_ITLB PREFETCH     ACCESS:          0 HIT:          0 MISS:          0 MSHR_MERGE:          0
cpu5->cpu5_ITLB WRITE        ACCESS:          0 HIT:          0 MISS:          0 MSHR_MERGE:          0
cpu5->cpu5_ITLB TRANSLATION  ACCESS:          0 HIT:          0 MISS:          0 MSHR_MERGE:          0
cpu5->cpu5_ITLB PREFETCH REQUESTED:          0 ISSUED:          0 USEFUL:          0 USELESS:          0
cpu5->cpu5_ITLB AVERAGE MISS LATENCY: - cycles
cpu5->cpu5_DTLB TOTAL        ACCESS:   18226259 HIT:   18226251 MISS:          8 MSHR_MERGE:          6
cpu5->cpu5_DTLB LOAD         ACCESS:   18226259 HIT:   18226251 MISS:          8 MSHR_MERGE:          6
cpu5->cpu5_DTLB RFO          ACCESS:          0 HIT:          0 MISS:          0 MSHR_MERGE:          0
cpu5->cpu5_DTLB PREFETCH     ACCESS:          0 HIT:          0 MISS:          0 MSHR_MERGE:          0
cpu5->cpu5_DTLB WRITE        ACCESS:          0 HIT:          0 MISS:          0 MSHR_MERGE:          0
cpu5->cpu5_DTLB TRANSLATION  ACCESS:          0 HIT:          0 MISS:          0 MSHR_MERGE:          0
cpu5->cpu5_DTLB PREFETCH REQUESTED:          0 ISSUED:          0 USEFUL:          0 USELESS:          0
cpu5->cpu5_DTLB AVERAGE MISS LATENCY: 498 cycles
cpu4->cpu4_STLB TOTAL        ACCESS:          2 HIT:          0 MISS:          2 MSHR_MERGE:          0
cpu4->cpu4_STLB LOAD         ACCESS:          2 HIT:          0 MISS:          2 MSHR_MERGE:          0
cpu4->cpu4_STLB RFO          ACCESS:          0 HIT:          0 MISS:          0 MSHR_MERGE:          0
cpu4->cpu4_STLB PREFETCH     ACCESS:          0 HIT:          0 MISS:          0 MSHR_MERGE:          0
cpu4->cpu4_STLB WRITE        ACCESS:          0 HIT:          0 MISS:          0 MSHR_MERGE:          0
cpu4->cpu4_STLB TRANSLATION  ACCESS:          0 HIT:          0 MISS:          0 MSHR_MERGE:          0
cpu4->cpu4_STLB PREFETCH REQUESTED:          0 ISSUED:          0 USEFUL:          0 USELESS:          0
cpu4->cpu4_STLB AVERAGE MISS LATENCY: 781.5 cycles
cpu4->cpu4_L2C TOTAL        ACCESS:    2626879 HIT:    1517714 MISS:    1109165 MSHR_MERGE:          0
cpu4->cpu4_L2C LOAD         ACCESS:    1285645 HIT:     699505 MISS:     586140 MSHR_MERGE:          0
cpu4->cpu4_L2C RFO          ACCESS:     554624 HIT:      31875 MISS:     522749 MSHR_MERGE:          0
cpu4->cpu4_L2C PREFETCH     ACCESS:          0 HIT:          0 MISS:          0 MSHR_MERGE:          0
cpu4->cpu4_L2C WRITE        ACCESS:     786608 HIT:     786334 MISS:        274 MSHR_MERGE:          0
cpu4->cpu4_L2C TRANSLATION  ACCESS:          2 HIT:          0 MISS:          2 MSHR_MERGE:          0
cpu4->cpu4_L2C PREFETCH REQUESTED:          0 ISSUED:          0 USEFUL:          0 USELESS:          0
cpu4->cpu4_L2C AVERAGE MISS LATENCY: 136.7 cycles
cpu4->cpu4_L1I TOTAL        ACCESS:   19400721 HIT:   19394100 MISS:       6621 MSHR_MERGE:       4375
cpu4->cpu4_L1I LOAD         ACCESS:   19400721 HIT:   19394100 MISS:       6621 MSHR_MERGE:       4375
cpu4->cpu4_L1I RFO          ACCESS:          0 HIT:          0 MISS:          0 MSHR_MERGE:          0
cpu4->cpu4_L1I PREFETCH     ACCESS:          0 HIT:          0 MISS:          0 MSHR_MERGE:          0
cpu4->cpu4_L1I WRITE        ACCESS:          0 HIT:          0 MISS:          0 MSHR_MERGE:          0
cpu4->cpu4_L1I TRANSLATION  ACCESS:          0 HIT:          0 MISS:          0 MSHR_MERGE:          0
cpu4->cpu4_L1I PREFETCH REQUESTED:          0 ISSUED:          0 USEFUL:          0 USELESS:          0
cpu4->cpu4_L1I AVERAGE MISS LATENCY: 204.3 cycles
cpu4->cpu4_L1D TOTAL        ACCESS:   20453174 HIT:   15226835 MISS:    5226339 MSHR_MERGE:    3388314
cpu4->cpu4_L1D LOAD         ACCESS:   13703110 HIT:   10746251 MISS:    2956859 MSHR_MERGE:    1673460
cpu4->cpu4_L1D RFO          ACCESS:          0 HIT:          0 MISS:          0 MSHR_MERGE:          0
cpu4->cpu4_L1D PREFETCH     ACCESS:          0 HIT:          0 MISS:          0 MSHR_MERGE:          0
cpu4->cpu4_L1D WRITE        ACCESS:    6750062 HIT:    4480584 MISS:    2269478 MSHR_MERGE:    1714854
cpu4->cpu4_L1D TRANSLATION  ACCESS:          2 HIT:          0 MISS:          2 MSHR_MERGE:          0
cpu4->cpu4_L1D PREFETCH REQUESTED:          0 ISSUED:          0 USEFUL:          0 USELESS:          0
cpu4->cpu4_L1D AVERAGE MISS LATENCY: 90.88 cycles
cpu4->cpu4_ITLB TOTAL        ACCESS:   17057714 HIT:   17057714 MISS:          0 MSHR_MERGE:          0
cpu4->cpu4_ITLB LOAD         ACCESS:   17057714 HIT:   17057714 MISS:          0 MSHR_MERGE:          0
cpu4->cpu4_ITLB RFO          ACCESS:          0 HIT:          0 MISS:          0 MSHR_MERGE:          0
cpu4->cpu4_ITLB PREFETCH     ACCESS:          0 HIT:          0 MISS:          0 MSHR_MERGE:          0
cpu4->cpu4_ITLB WRITE        ACCESS:          0 HIT:          0 MISS:          0 MSHR_MERGE:          0
cpu4->cpu4_ITLB TRANSLATION  ACCESS:          0 HIT:          0 MISS:          0 MSHR_MERGE:          0
cpu4->cpu4_ITLB PREFETCH REQUESTED:          0 ISSUED:          0 USEFUL:          0 USELESS:          0
cpu4->cpu4_ITLB AVERAGE MISS LATENCY: - cycles
cpu4->cpu4_DTLB TOTAL        ACCESS:   18138016 HIT:   18138008 MISS:          8 MSHR_MERGE:          6
cpu4->cpu4_DTLB LOAD         ACCESS:   18138016 HIT:   18138008 MISS:          8 MSHR_MERGE:          6
cpu4->cpu4_DTLB RFO          ACCESS:          0 HIT:          0 MISS:          0 MSHR_MERGE:          0
cpu4->cpu4_DTLB PREFETCH     ACCESS:          0 HIT:          0 MISS:          0 MSHR_MERGE:          0
cpu4->cpu4_DTLB WRITE        ACCESS:          0 HIT:          0 MISS:          0 MSHR_MERGE:          0
cpu4->cpu4_DTLB TRANSLATION  ACCESS:          0 HIT:          0 MISS:          0 MSHR_MERGE:          0
cpu4->cpu4_DTLB PREFETCH REQUESTED:          0 ISSUED:          0 USEFUL:          0 USELESS:          0
cpu4->cpu4_DTLB AVERAGE MISS LATENCY: 787.5 cycles
cpu3->cpu3_STLB TOTAL        ACCESS:          2 HIT:          0 MISS:          2 MSHR_MERGE:          0
cpu3->cpu3_STLB LOAD         ACCESS:          2 HIT:          0 MISS:          2 MSHR_MERGE:          0
cpu3->cpu3_STLB RFO          ACCESS:          0 HIT:          0 MISS:          0 MSHR_MERGE:          0
cpu3->cpu3_STLB PREFETCH     ACCESS:          0 HIT:          0 MISS:          0 MSHR_MERGE:          0
cpu3->cpu3_STLB WRITE        ACCESS:          0 HIT:          0 MISS:          0 MSHR_MERGE:          0
cpu3->cpu3_STLB TRANSLATION  ACCESS:          0 HIT:          0 MISS:          0 MSHR_MERGE:          0
cpu3->cpu3_STLB PREFETCH REQUESTED:          0 ISSUED:          0 USEFUL:          0 USELESS:          0
cpu3->cpu3_STLB AVERAGE MISS LATENCY: 417 cycles
cpu3->cpu3_L2C TOTAL        ACCESS:    2738386 HIT:    1586972 MISS:    1151414 MSHR_MERGE:          0
cpu3->cpu3_L2C LOAD         ACCESS:    1336134 HIT:     733758 MISS:     602376 MSHR_MERGE:          0
cpu3->cpu3_L2C RFO          ACCESS:     580674 HIT:      31914 MISS:     548760 MSHR_MERGE:          0
cpu3->cpu3_L2C PREFETCH     ACCESS:          0 HIT:          0 MISS:          0 MSHR_MERGE:          0
cpu3->cpu3_L2C WRITE        ACCESS:     821576 HIT:     821300 MISS:        276 MSHR_MERGE:          0
cpu3->cpu3_L2C TRANSLATION  ACCESS:          2 HIT:          0 MISS:          2 MSHR_MERGE:          0
cpu3->cpu3_L2C PREFETCH REQUESTED:          0 ISSUED:          0 USEFUL:          0 USELESS:          0
cpu3->cpu3_L2C AVERAGE MISS LATENCY: 119.2 cycles
cpu3->cpu3_L1I TOTAL        ACCESS:   20207256 HIT:   20200239 MISS:       7017 MSHR_MERGE:       4688
cpu3->cpu3_L1I LOAD         ACCESS:   20207256 HIT:   20200239 MISS:       7017 MSHR_MERGE:       4688
cpu3->cpu3_L1I RFO          ACCESS:          0 HIT:          0 MISS:          0 MSHR_MERGE:          0
cpu3->cpu3_L1I PREFETCH     ACCESS:          0 HIT:          0 MISS:          0 MSHR_MERGE:          0
cpu3->cpu3_L1I WRITE        ACCESS:          0 HIT:          0 MISS:          0 MSHR_MERGE:          0
cpu3->cpu3_L1I TRANSLATION  ACCESS:          0 HIT:          0 MISS:          0 MSHR_MERGE:          0
cpu3->cpu3_L1I PREFETCH REQUESTED:          0 ISSUED:          0 USEFUL:          0 USELESS:          0
cpu3->cpu3_L1I AVERAGE MISS LATENCY: 213.5 cycles
cpu3->cpu3_L1D TOTAL        ACCESS:   21309694 HIT:   15885341 MISS:    5424353 MSHR_MERGE:    3509872
cpu3->cpu3_L1D LOAD         ACCESS:   14274464 HIT:   11188215 MISS:    3086249 MSHR_MERGE:    1752444
cpu3->cpu3_L1D RFO          ACCESS:          0 HIT:          0 MISS:          0 MSHR_MERGE:          0
cpu3->cpu3_L1D PREFETCH     ACCESS:          0 HIT:          0 MISS:          0 MSHR_MERGE:          0
cpu3->cpu3_L1D WRITE        ACCESS:    7035228 HIT:    4697126 MISS:    2338102 MSHR_MERGE:    1757428
cpu3->cpu3_L1D TRANSLATION  ACCESS:          2 HIT:          0 MISS:          2 MSHR_MERGE:          0
cpu3->cpu3_L1D PREFETCH REQUESTED:          0 ISSUED:          0 USEFUL:          0 USELESS:          0
cpu3->cpu3_L1D AVERAGE MISS LATENCY: 80.07 cycles
cpu3->cpu3_ITLB TOTAL        ACCESS:   17776171 HIT:   17776171 MISS:          0 MSHR_MERGE:          0
cpu3->cpu3_ITLB LOAD         ACCESS:   17776171 HIT:   17776171 MISS:          0 MSHR_MERGE:          0
cpu3->cpu3_ITLB RFO          ACCESS:          0 HIT:          0 MISS:          0 MSHR_MERGE:          0
cpu3->cpu3_ITLB PREFETCH     ACCESS:          0 HIT:          0 MISS:          0 MSHR_MERGE:          0
cpu3->cpu3_ITLB WRITE        ACCESS:          0 HIT:          0 MISS:          0 MSHR_MERGE:          0
cpu3->cpu3_ITLB TRANSLATION  ACCESS:          0 HIT:          0 MISS:          0 MSHR_MERGE:          0
cpu3->cpu3_ITLB PREFETCH REQUESTED:          0 ISSUED:          0 USEFUL:          0 USELESS:          0
cpu3->cpu3_ITLB AVERAGE MISS LATENCY: - cycles
cpu3->cpu3_DTLB TOTAL        ACCESS:   18919862 HIT:   18919856 MISS:          6 MSHR_MERGE:          4
cpu3->cpu3_DTLB LOAD         ACCESS:   18919862 HIT:   18919856 MISS:          6 MSHR_MERGE:          4
cpu3->cpu3_DTLB RFO          ACCESS:          0 HIT:          0 MISS:          0 MSHR_MERGE:          0
cpu3->cpu3_DTLB PREFETCH     ACCESS:          0 HIT:          0 MISS:          0 MSHR_MERGE:          0
cpu3->cpu3_DTLB WRITE        ACCESS:          0 HIT:          0 MISS:          0 MSHR_MERGE:          0
cpu3->cpu3_DTLB TRANSLATION  ACCESS:          0 HIT:          0 MISS:          0 MSHR_MERGE:          0
cpu3->cpu3_DTLB PREFETCH REQUESTED:          0 ISSUED:          0 USEFUL:          0 USELESS:          0
cpu3->cpu3_DTLB AVERAGE MISS LATENCY: 423 cycles
cpu2->cpu2_STLB TOTAL        ACCESS:          2 HIT:          0 MISS:          2 MSHR_MERGE:          0
cpu2->cpu2_STLB LOAD         ACCESS:          2 HIT:          0 MISS:          2 MSHR_MERGE:          0
cpu2->cpu2_STLB RFO          ACCESS:          0 HIT:          0 MISS:          0 MSHR_MERGE:          0
cpu2->cpu2_STLB PREFETCH     ACCESS:          0 HIT:          0 MISS:          0 MSHR_MERGE:          0
cpu2->cpu2_STLB WRITE        ACCESS:          0 HIT:          0 MISS:          0 MSHR_MERGE:          0
cpu2->cpu2_STLB TRANSLATION  ACCESS:          0 HIT:          0 MISS:          0 MSHR_MERGE:          0
cpu2->cpu2_STLB PREFETCH REQUESTED:          0 ISSUED:          0 USEFUL:          0 USELESS:          0
cpu2->cpu2_STLB AVERAGE MISS LATENCY: 406 cycles
cpu2->cpu2_L2C TOTAL        ACCESS:    2714267 HIT:    1576810 MISS:    1137457 MSHR_MERGE:          0
cpu2->cpu2_L2C LOAD         ACCESS:    1324605 HIT:     730632 MISS:     593973 MSHR_MERGE:          0
cpu2->cpu2_L2C RFO          ACCESS:     575115 HIT:      31910 MISS:     543205 MSHR_MERGE:          0
cpu2->cpu2_L2C PREFETCH     ACCESS:          0 HIT:          0 MISS:          0 MSHR_MERGE:          0
cpu2->cpu2_L2C WRITE        ACCESS:     814545 HIT:     814268 MISS:        277 MSHR_MERGE:          0
cpu2->cpu2_L2C TRANSLATION  ACCESS:          2 HIT:          0 MISS:          2 MSHR_MERGE:          0
cpu2->cpu2_L2C PREFETCH REQUESTED:          0 ISSUED:          0 USEFUL:          0 USELESS:          0
cpu2->cpu2_L2C AVERAGE MISS LATENCY: 124.3 cycles
cpu2->cpu2_L1I TOTAL        ACCESS:   19833594 HIT:   19826592 MISS:       7002 MSHR_MERGE:       4679
cpu2->cpu2_L1I LOAD         ACCESS:   19833594 HIT:   19826592 MISS:       7002 MSHR_MERGE:       4679
cpu2->cpu2_L1I RFO          ACCESS:          0 HIT:          0 MISS:          0 MSHR_MERGE:          0
cpu2->cpu2_L1I PREFETCH     ACCESS:          0 HIT:          0 MISS:          0 MSHR_MERGE:          0
cpu2->cpu2_L1I WRITE        ACCESS:          0 HIT:          0 MISS:          0 MSHR_MERGE:          0
cpu2->cpu2_L1I TRANSLATION  ACCESS:          0 HIT:          0 MISS:          0 MSHR_MERGE:          0
cpu2->cpu2_L1I PREFETCH REQUESTED:          0 ISSUED:          0 USEFUL:          0 USELESS:          0
cpu2->cpu2_L1I AVERAGE MISS LATENCY: 188.7 cycles
cpu2->cpu2_L1D TOTAL        ACCESS:   20912830 HIT:   15504760 MISS:    5408070 MSHR_MERGE:    3510670
cpu2->cpu2_L1D LOAD         ACCESS:   14001826 HIT:   10933292 MISS:    3068534 MSHR_MERGE:    1746252
cpu2->cpu2_L1D RFO          ACCESS:          0 HIT:          0 MISS:          0 MSHR_MERGE:          0
cpu2->cpu2_L1D PREFETCH     ACCESS:          0 HIT:          0 MISS:          0 MSHR_MERGE:          0
cpu2->cpu2_L1D WRITE        ACCESS:    6911002 HIT:    4571468 MISS:    2339534 MSHR_MERGE:    1764418
cpu2->cpu2_L1D TRANSLATION  ACCESS:          2 HIT:          0 MISS:          2 MSHR_MERGE:          0
cpu2->cpu2_L1D PREFETCH REQUESTED:          0 ISSUED:          0 USEFUL:          0 USELESS:          0
cpu2->cpu2_L1D AVERAGE MISS LATENCY: 82.95 cycles
cpu2->cpu2_ITLB TOTAL        ACCESS:   17427027 HIT:   17427027 MISS:          0 MSHR_MERGE:          0
cpu2->cpu2_ITLB LOAD         ACCESS:   17427027 HIT:   17427027 MISS:          0 MSHR_MERGE:          0
cpu2->cpu2_ITLB RFO          ACCESS:          0 HIT:          0 MISS:          0 MSHR_MERGE:          0
cpu2->cpu2_ITLB PREFETCH     ACCESS:          0 HIT:          0 MISS:          0 MSHR_MERGE:          0
cpu2->cpu2_ITLB WRITE        ACCESS:          0 HIT:          0 MISS:          0 MSHR_MERGE:          0
cpu2->cpu2_ITLB TRANSLATION  ACCESS:          0 HIT:          0 MISS:          0 MSHR_MERGE:          0
cpu2->cpu2_ITLB PREFETCH REQUESTED:          0 ISSUED:          0 USEFUL:          0 USELESS:          0
cpu2->cpu2_ITLB AVERAGE MISS LATENCY: - cycles
cpu2->cpu2_DTLB TOTAL        ACCESS:   18549122 HIT:   18549116 MISS:          6 MSHR_MERGE:          4
cpu2->cpu2_DTLB LOAD         ACCESS:   18549122 HIT:   18549116 MISS:          6 MSHR_MERGE:          4
cpu2->cpu2_DTLB RFO          ACCESS:          0 HIT:          0 MISS:          0 MSHR_MERGE:          0
cpu2->cpu2_DTLB PREFETCH     ACCESS:          0 HIT:          0 MISS:          0 MSHR_MERGE:          0
cpu2->cpu2_DTLB WRITE        ACCESS:          0 HIT:          0 MISS:          0 MSHR_MERGE:          0
cpu2->cpu2_DTLB TRANSLATION  ACCESS:          0 HIT:          0 MISS:          0 MSHR_MERGE:          0
cpu2->cpu2_DTLB PREFETCH REQUESTED:          0 ISSUED:          0 USEFUL:          0 USELESS:          0
cpu2->cpu2_DTLB AVERAGE MISS LATENCY: 412 cycles
cpu1->cpu1_STLB TOTAL        ACCESS:          2 HIT:          0 MISS:          2 MSHR_MERGE:          0
cpu1->cpu1_STLB LOAD         ACCESS:          2 HIT:          0 MISS:          2 MSHR_MERGE:          0
cpu1->cpu1_STLB RFO          ACCESS:          0 HIT:          0 MISS:          0 MSHR_MERGE:          0
cpu1->cpu1_STLB PREFETCH     ACCESS:          0 HIT:          0 MISS:          0 MSHR_MERGE:          0
cpu1->cpu1_STLB WRITE        ACCESS:          0 HIT:          0 MISS:          0 MSHR_MERGE:          0
cpu1->cpu1_STLB TRANSLATION  ACCESS:          0 HIT:          0 MISS:          0 MSHR_MERGE:          0
cpu1->cpu1_STLB PREFETCH REQUESTED:          0 ISSUED:          0 USEFUL:          0 USELESS:          0
cpu1->cpu1_STLB AVERAGE MISS LATENCY: 427 cycles
cpu1->cpu1_L2C TOTAL        ACCESS:    2672472 HIT:    1547019 MISS:    1125453 MSHR_MERGE:          0
cpu1->cpu1_L2C LOAD         ACCESS:    1302981 HIT:     713446 MISS:     589535 MSHR_MERGE:          0
cpu1->cpu1_L2C RFO          ACCESS:     567535 HIT:      31897 MISS:     535638 MSHR_MERGE:          0
cpu1->cpu1_L2C PREFETCH     ACCESS:          0 HIT:          0 MISS:          0 MSHR_MERGE:          0
cpu1->cpu1_L2C WRITE        ACCESS:     801954 HIT:     801676 MISS:        278 MSHR_MERGE:          0
cpu1->cpu1_L2C TRANSLATION  ACCESS:          2 HIT:          0 MISS:          2 MSHR_MERGE:          0
cpu1->cpu1_L2C PREFETCH REQUESTED:          0 ISSUED:          0 USEFUL:          0 USELESS:          0
cpu1->cpu1_L2C AVERAGE MISS LATENCY: 133.8 cycles
cpu1->cpu1_L1I TOTAL        ACCESS:   19512566 HIT:   19505569 MISS:       6997 MSHR_MERGE:       4687
cpu1->cpu1_L1I LOAD         ACCESS:   19512566 HIT:   19505569 MISS:       6997 MSHR_MERGE:       4687
cpu1->cpu1_L1I RFO          ACCESS:          0 HIT:          0 MISS:          0 MSHR_MERGE:          0
cpu1->cpu1_L1I PREFETCH     ACCESS:          0 HIT:          0 MISS:          0 MSHR_MERGE:          0
cpu1->cpu1_L1I WRITE        ACCESS:          0 HIT:          0 MISS:          0 MSHR_MERGE:          0
cpu1->cpu1_L1I TRANSLATION  ACCESS:          0 HIT:          0 MISS:          0 MSHR_MERGE:          0
cpu1->cpu1_L1I PREFETCH REQUESTED:          0 ISSUED:          0 USEFUL:          0 USELESS:          0
cpu1->cpu1_L1I AVERAGE MISS LATENCY: 213.3 cycles
cpu1->cpu1_L1D TOTAL        ACCESS:   20600260 HIT:   15210705 MISS:    5389555 MSHR_MERGE:    3521347
cpu1->cpu1_L1D LOAD         ACCESS:   13787773 HIT:   10771043 MISS:    3016730 MSHR_MERGE:    1716059
cpu1->cpu1_L1D RFO          ACCESS:          0 HIT:          0 MISS:          0 MSHR_MERGE:          0
cpu1->cpu1_L1D PREFETCH     ACCESS:          0 HIT:          0 MISS:          0 MSHR_MERGE:          0
cpu1->cpu1_L1D WRITE        ACCESS:    6812485 HIT:    4439662 MISS:    2372823 MSHR_MERGE:    1805288
cpu1->cpu1_L1D TRANSLATION  ACCESS:          2 HIT:          0 MISS:          2 MSHR_MERGE:          0
cpu1->cpu1_L1D PREFETCH REQUESTED:          0 ISSUED:          0 USEFUL:          0 USELESS:          0
cpu1->cpu1_L1D AVERAGE MISS LATENCY: 88.98 cycles
cpu1->cpu1_ITLB TOTAL        ACCESS:   17165740 HIT:   17165740 MISS:          0 MSHR_MERGE:          0
cpu1->cpu1_ITLB LOAD         ACCESS:   17165740 HIT:   17165740 MISS:          0 MSHR_MERGE:          0
cpu1->cpu1_ITLB RFO          ACCESS:          0 HIT:          0 MISS:          0 MSHR_MERGE:          0
cpu1->cpu1_ITLB PREFETCH     ACCESS:          0 HIT:          0 MISS:          0 MSHR_MERGE:          0
cpu1->cpu1_ITLB WRITE        ACCESS:          0 HIT:          0 MISS:          0 MSHR_MERGE:          0
cpu1->cpu1_ITLB TRANSLATION  ACCESS:          0 HIT:          0 MISS:          0 MSHR_MERGE:          0
cpu1->cpu1_ITLB PREFETCH REQUESTED:          0 ISSUED:          0 USEFUL:          0 USELESS:          0
cpu1->cpu1_ITLB AVERAGE MISS LATENCY: - cycles
cpu1->cpu1_DTLB TOTAL        ACCESS:   18276045 HIT:   18276039 MISS:          6 MSHR_MERGE:          4
cpu1->cpu1_DTLB LOAD         ACCESS:   18276045 HIT:   18276039 MISS:          6 MSHR_MERGE:          4
cpu1->cpu1_DTLB RFO          ACCESS:          0 HIT:          0 MISS:          0 MSHR_MERGE:          0
cpu1->cpu1_DTLB PREFETCH     ACCESS:          0 HIT:          0 MISS:          0 MSHR_MERGE:          0
cpu1->cpu1_DTLB WRITE        ACCESS:          0 HIT:          0 MISS:          0 MSHR_MERGE:          0
cpu1->cpu1_DTLB TRANSLATION  ACCESS:          0 HIT:          0 MISS:          0 MSHR_MERGE:          0
cpu1->cpu1_DTLB PREFETCH REQUESTED:          0 ISSUED:          0 USEFUL:          0 USELESS:          0
cpu1->cpu1_DTLB AVERAGE MISS LATENCY: 433 cycles
cpu0->cpu0_STLB TOTAL        ACCESS:          2 HIT:          0 MISS:          2 MSHR_MERGE:          0
cpu0->cpu0_STLB LOAD         ACCESS:          2 HIT:          0 MISS:          2 MSHR_MERGE:          0
cpu0->cpu0_STLB RFO          ACCESS:          0 HIT:          0 MISS:          0 MSHR_MERGE:          0
cpu0->cpu0_STLB PREFETCH     ACCESS:          0 HIT:          0 MISS:          0 MSHR_MERGE:          0
cpu0->cpu0_STLB WRITE        ACCESS:          0 HIT:          0 MISS:          0 MSHR_MERGE:          0
cpu0->cpu0_STLB TRANSLATION  ACCESS:          0 HIT:          0 MISS:          0 MSHR_MERGE:          0
cpu0->cpu0_STLB PREFETCH REQUESTED:          0 ISSUED:          0 USEFUL:          0 USELESS:          0
cpu0->cpu0_STLB AVERAGE MISS LATENCY: 399.5 cycles
cpu0->cpu0_L2C TOTAL        ACCESS:    2591964 HIT:    1498983 MISS:    1092981 MSHR_MERGE:          0
cpu0->cpu0_L2C LOAD         ACCESS:    1270028 HIT:     693150 MISS:     576878 MSHR_MERGE:          0
cpu0->cpu0_L2C RFO          ACCESS:     546037 HIT:      30177 MISS:     515860 MSHR_MERGE:          0
cpu0->cpu0_L2C PREFETCH     ACCESS:          0 HIT:          0 MISS:          0 MSHR_MERGE:          0
cpu0->cpu0_L2C WRITE        ACCESS:     775897 HIT:     775656 MISS:        241 MSHR_MERGE:          0
cpu0->cpu0_L2C TRANSLATION  ACCESS:          2 HIT:          0 MISS:          2 MSHR_MERGE:          0
cpu0->cpu0_L2C PREFETCH REQUESTED:          0 ISSUED:          0 USEFUL:          0 USELESS:          0
cpu0->cpu0_L2C AVERAGE MISS LATENCY: 155 cycles
cpu0->cpu0_L1I TOTAL        ACCESS:   19040439 HIT:   19033511 MISS:       6928 MSHR_MERGE:       4713
cpu0->cpu0_L1I LOAD         ACCESS:   19040439 HIT:   19033511 MISS:       6928 MSHR_MERGE:       4713
cpu0->cpu0_L1I RFO          ACCESS:          0 HIT:          0 MISS:          0 MSHR_MERGE:          0
cpu0->cpu0_L1I PREFETCH     ACCESS:          0 HIT:          0 MISS:          0 MSHR_MERGE:          0
cpu0->cpu0_L1I WRITE        ACCESS:          0 HIT:          0 MISS:          0 MSHR_MERGE:          0
cpu0->cpu0_L1I TRANSLATION  ACCESS:          0 HIT:          0 MISS:          0 MSHR_MERGE:          0
cpu0->cpu0_L1I PREFETCH REQUESTED:          0 ISSUED:          0 USEFUL:          0 USELESS:          0
cpu0->cpu0_L1I AVERAGE MISS LATENCY: 298.6 cycles
cpu0->cpu0_L1D TOTAL        ACCESS:   20051076 HIT:   14728016 MISS:    5323060 MSHR_MERGE:    3509208
cpu0->cpu0_L1D LOAD         ACCESS:   13431202 HIT:   10510310 MISS:    2920892 MSHR_MERGE:    1653079
cpu0->cpu0_L1D RFO          ACCESS:          0 HIT:          0 MISS:          0 MSHR_MERGE:          0
cpu0->cpu0_L1D PREFETCH     ACCESS:          0 HIT:          0 MISS:          0 MSHR_MERGE:          0
cpu0->cpu0_L1D WRITE        ACCESS:    6619872 HIT:    4217706 MISS:    2402166 MSHR_MERGE:    1856129
cpu0->cpu0_L1D TRANSLATION  ACCESS:          2 HIT:          0 MISS:          2 MSHR_MERGE:          0
cpu0->cpu0_L1D PREFETCH REQUESTED:          0 ISSUED:          0 USEFUL:          0 USELESS:          0
cpu0->cpu0_L1D AVERAGE MISS LATENCY: 101.7 cycles
cpu0->cpu0_ITLB TOTAL        ACCESS:   16748436 HIT:   16748436 MISS:          0 MSHR_MERGE:          0
cpu0->cpu0_ITLB LOAD         ACCESS:   16748436 HIT:   16748436 MISS:          0 MSHR_MERGE:          0
cpu0->cpu0_ITLB RFO          ACCESS:          0 HIT:          0 MISS:          0 MSHR_MERGE:          0
cpu0->cpu0_ITLB PREFETCH     ACCESS:          0 HIT:          0 MISS:          0 MSHR_MERGE:          0
cpu0->cpu0_ITLB WRITE        ACCESS:          0 HIT:          0 MISS:          0 MSHR_MERGE:          0
cpu0->cpu0_ITLB TRANSLATION  ACCESS:          0 HIT:          0 MISS:          0 MSHR_MERGE:          0
cpu0->cpu0_ITLB PREFETCH REQUESTED:          0 ISSUED:          0 USEFUL:          0 USELESS:          0
cpu0->cpu0_ITLB AVERAGE MISS LATENCY: - cycles
cpu0->cpu0_DTLB TOTAL        ACCESS:   17799009 HIT:   17798999 MISS:         10 MSHR_MERGE:          8
cpu0->cpu0_DTLB LOAD         ACCESS:   17799009 HIT:   17798999 MISS:         10 MSHR_MERGE:          8
cpu0->cpu0_DTLB RFO          ACCESS:          0 HIT:          0 MISS:          0 MSHR_MERGE:          0
cpu0->cpu0_DTLB PREFETCH     ACCESS:          0 HIT:          0 MISS:          0 MSHR_MERGE:          0
cpu0->cpu0_DTLB WRITE        ACCESS:          0 HIT:          0 MISS:          0 MSHR_MERGE:          0
cpu0->cpu0_DTLB TRANSLATION  ACCESS:          0 HIT:          0 MISS:          0 MSHR_MERGE:          0
cpu0->cpu0_DTLB PREFETCH REQUESTED:          0 ISSUED:          0 USEFUL:          0 USELESS:          0
cpu0->cpu0_DTLB AVERAGE MISS LATENCY: 405.5 cycles
cpu0->LLC TOTAL        ACCESS:    1699077 HIT:     944879 MISS:     754198 MSHR_MERGE:          0
cpu0->LLC LOAD         ACCESS:     576877 HIT:     257549 MISS:     319328 MSHR_MERGE:          0
cpu0->LLC RFO          ACCESS:     515860 HIT:     299771 MISS:     216089 MSHR_MERGE:          0
cpu0->LLC PREFETCH     ACCESS:          0 HIT:          0 MISS:          0 MSHR_MERGE:          0
cpu0->LLC WRITE        ACCESS:     606338 HIT:     387559 MISS:     218779 MSHR_MERGE:          0
cpu0->LLC TRANSLATION  ACCESS:          2 HIT:          0 MISS:          2 MSHR_MERGE:          0
cpu0->LLC PREFETCH REQUESTED:          0 ISSUED:          0 USEFUL:          0 USELESS:          0
cpu0->LLC AVERAGE MISS LATENCY: 1432 cycles
cpu1->LLC TOTAL        ACCESS:    1753080 HIT:    1028681 MISS:     724399 MSHR_MERGE:          0
cpu1->LLC LOAD         ACCESS:     589532 HIT:     262143 MISS:     327389 MSHR_MERGE:          0
cpu1->LLC RFO          ACCESS:     535638 HIT:     365493 MISS:     170145 MSHR_MERGE:          0
cpu1->LLC PREFETCH     ACCESS:          0 HIT:          0 MISS:          0 MSHR_MERGE:          0
cpu1->LLC WRITE        ACCESS:     627908 HIT:     401045 MISS:     226863 MSHR_MERGE:          0
cpu1->LLC TRANSLATION  ACCESS:          2 HIT:          0 MISS:          2 MSHR_MERGE:          0
cpu1->LLC PREFETCH REQUESTED:          0 ISSUED:          0 USEFUL:          0 USELESS:          0
cpu1->LLC AVERAGE MISS LATENCY: 1491 cycles
cpu2->LLC TOTAL        ACCESS:    1774755 HIT:    1096120 MISS:     678635 MSHR_MERGE:          0
cpu2->LLC LOAD         ACCESS:     593972 HIT:     272453 MISS:     321519 MSHR_MERGE:          0
cpu2->LLC RFO          ACCESS:     543205 HIT:     398234 MISS:     144971 MSHR_MERGE:          0
cpu2->LLC PREFETCH     ACCESS:          0 HIT:          0 MISS:          0 MSHR_MERGE:          0
cpu2->LLC WRITE        ACCESS:     637576 HIT:     425433 MISS:     212143 MSHR_MERGE:          0
cpu2->LLC TRANSLATION  ACCESS:          2 HIT:          0 MISS:          2 MSHR_MERGE:          0
cpu2->LLC PREFETCH REQUESTED:          0 ISSUED:          0 USEFUL:          0 USELESS:          0
cpu2->LLC AVERAGE MISS LATENCY: 1591 cycles
cpu3->LLC TOTAL        ACCESS:    1795022 HIT:    1161538 MISS:     633484 MSHR_MERGE:          0
cpu3->LLC LOAD         ACCESS:     602376 HIT:     289928 MISS:     312448 MSHR_MERGE:          0
cpu3->LLC RFO          ACCESS:     548760 HIT:     415332 MISS:     133428 MSHR_MERGE:          0
cpu3->LLC PREFETCH     ACCESS:          0 HIT:          0 MISS:          0 MSHR_MERGE:          0
cpu3->LLC WRITE        ACCESS:     643884 HIT:     456278 MISS:     187606 MSHR_MERGE:          0
cpu3->LLC TRANSLATION  ACCESS:          2 HIT:          0 MISS:          2 MSHR_MERGE:          0
cpu3->LLC PREFETCH REQUESTED:          0 ISSUED:          0 USEFUL:          0 USELESS:          0
cpu3->LLC AVERAGE MISS LATENCY: 1705 cycles
cpu4->LLC TOTAL        ACCESS:    1724740 HIT:    1069087 MISS:     655653 MSHR_MERGE:          0
cpu4->LLC LOAD         ACCESS:     586140 HIT:     270712 MISS:     315428 MSHR_MERGE:          0
cpu4->LLC RFO          ACCESS:     522749 HIT:     381596 MISS:     141153 MSHR_MERGE:          0
cpu4->LLC PREFETCH     ACCESS:          0 HIT:          0 MISS:          0 MSHR_MERGE:          0
cpu4->LLC WRITE        ACCESS:     615849 HIT:     416779 MISS:     199070 MSHR_MERGE:          0
cpu4->LLC TRANSLATION  ACCESS:          2 HIT:          0 MISS:          2 MSHR_MERGE:          0
cpu4->LLC PREFETCH REQUESTED:          0 ISSUED:          0 USEFUL:          0 USELESS:          0
cpu4->LLC AVERAGE MISS LATENCY: 1647 cycles
cpu5->LLC TOTAL        ACCESS:    1743172 HIT:    1080135 MISS:     663037 MSHR_MERGE:          0
cpu5->LLC LOAD         ACCESS:     591192 HIT:     270652 MISS:     320540 MSHR_MERGE:          0
cpu5->LLC RFO          ACCESS:     528540 HIT:     391536 MISS:     137004 MSHR_MERGE:          0
cpu5->LLC PREFETCH     ACCESS:          0 HIT:          0 MISS:          0 MSHR_MERGE:          0
cpu5->LLC WRITE        ACCESS:     623438 HIT:     417947 MISS:     205491 MSHR_MERGE:          0
cpu5->LLC TRANSLATION  ACCESS:          2 HIT:          0 MISS:          2 MSHR_MERGE:          0
cpu5->LLC PREFETCH REQUESTED:          0 ISSUED:          0 USEFUL:          0 USELESS:          0
cpu5->LLC AVERAGE MISS LATENCY: 1629 cycles
cpu6->LLC TOTAL        ACCESS:    1745811 HIT:    1086212 MISS:     659599 MSHR_MERGE:          0
cpu6->LLC LOAD         ACCESS:     592147 HIT:     272495 MISS:     319652 MSHR_MERGE:          0
cpu6->LLC RFO          ACCESS:     528753 HIT:     393199 MISS:     135554 MSHR_MERGE:          0
cpu6->LLC PREFETCH     ACCESS:          0 HIT:          0 MISS:          0 MSHR_MERGE:          0
cpu6->LLC WRITE        ACCESS:     624909 HIT:     420518 MISS:     204391 MSHR_MERGE:          0
cpu6->LLC TRANSLATION  ACCESS:          2 HIT:          0 MISS:          2 MSHR_MERGE:          0
cpu6->LLC PREFETCH REQUESTED:          0 ISSUED:          0 USEFUL:          0 USELESS:          0
cpu6->LLC AVERAGE MISS LATENCY: 1637 cycles
cpu7->LLC TOTAL        ACCESS:    1798502 HIT:    1150425 MISS:     648077 MSHR_MERGE:          0
cpu7->LLC LOAD         ACCESS:     604589 HIT:     289829 MISS:     314760 MSHR_MERGE:          0
cpu7->LLC RFO          ACCESS:     546894 HIT:     414255 MISS:     132639 MSHR_MERGE:          0
cpu7->LLC PREFETCH     ACCESS:          0 HIT:          0 MISS:          0 MSHR_MERGE:          0
cpu7->LLC WRITE        ACCESS:     647017 HIT:     446341 MISS:     200676 MSHR_MERGE:          0
cpu7->LLC TRANSLATION  ACCESS:          2 HIT:          0 MISS:          2 MSHR_MERGE:          0
cpu7->LLC PREFETCH REQUESTED:          0 ISSUED:          0 USEFUL:          0 USELESS:          0
cpu7->LLC AVERAGE MISS LATENCY: 1666 cycles

Region of Interest Statistics

CPU 7 cumulative IPC: 1.13 instructions: 100000001 cycles: 88510072
CPU 7 Branch Prediction Accuracy: 100% MPKI: 0 Average ROB Occupancy at Mispredict: -
Branch type MPKI
BRANCH_DIRECT_JUMP: 0
BRANCH_INDIRECT: 0
BRANCH_CONDITIONAL: 0
BRANCH_DIRECT_CALL: 0
BRANCH_INDIRECT_CALL: 0
BRANCH_RETURN: 0


CPU 6 cumulative IPC: 1.109 instructions: 100000000 cycles: 90183324
CPU 6 Branch Prediction Accuracy: 100% MPKI: 0 Average ROB Occupancy at Mispredict: -
Branch type MPKI
BRANCH_DIRECT_JUMP: 0
BRANCH_INDIRECT: 0
BRANCH_CONDITIONAL: 0
BRANCH_DIRECT_CALL: 0
BRANCH_INDIRECT_CALL: 0
BRANCH_RETURN: 0


CPU 5 cumulative IPC: 1.106 instructions: 100000002 cycles: 90388291
CPU 5 Branch Prediction Accuracy: 100% MPKI: 0 Average ROB Occupancy at Mispredict: -
Branch type MPKI
BRANCH_DIRECT_JUMP: 0
BRANCH_INDIRECT: 0
BRANCH_CONDITIONAL: 0
BRANCH_DIRECT_CALL: 0
BRANCH_INDIRECT_CALL: 0
BRANCH_RETURN: 0


CPU 4 cumulative IPC: 1.099 instructions: 100000003 cycles: 90999994
CPU 4 Branch Prediction Accuracy: 100% MPKI: 0 Average ROB Occupancy at Mispredict: -
Branch type MPKI
BRANCH_DIRECT_JUMP: 0
BRANCH_INDIRECT: 0
BRANCH_CONDITIONAL: 0
BRANCH_DIRECT_CALL: 0
BRANCH_INDIRECT_CALL: 0
BRANCH_RETURN: 0


CPU 3 cumulative IPC: 1.133 instructions: 100000004 cycles: 88275989
CPU 3 Branch Prediction Accuracy: 100% MPKI: 0 Average ROB Occupancy at Mispredict: -
Branch type MPKI
BRANCH_DIRECT_JUMP: 0
BRANCH_INDIRECT: 0
BRANCH_CONDITIONAL: 0
BRANCH_DIRECT_CALL: 0
BRANCH_INDIRECT_CALL: 0
BRANCH_RETURN: 0


CPU 2 cumulative IPC: 1.12 instructions: 100000000 cycles: 89303424
CPU 2 Branch Prediction Accuracy: 100% MPKI: 0 Average ROB Occupancy at Mispredict: -
Branch type MPKI
BRANCH_DIRECT_JUMP: 0
BRANCH_INDIRECT: 0
BRANCH_CONDITIONAL: 0
BRANCH_DIRECT_CALL: 0
BRANCH_INDIRECT_CALL: 0
BRANCH_RETURN: 0


CPU 1 cumulative IPC: 1.109 instructions: 100000003 cycles: 90189135
CPU 1 Branch Prediction Accuracy: 100% MPKI: 0 Average ROB Occupancy at Mispredict: -
Branch type MPKI
BRANCH_DIRECT_JUMP: 0
BRANCH_INDIRECT: 0
BRANCH_CONDITIONAL: 0
BRANCH_DIRECT_CALL: 0
BRANCH_INDIRECT_CALL: 0
BRANCH_RETURN: 0


CPU 0 cumulative IPC: 1.078 instructions: 100000001 cycles: 92725555
CPU 0 Branch Prediction Accuracy: 100% MPKI: 0 Average ROB Occupancy at Mispredict: -
Branch type MPKI
BRANCH_DIRECT_JUMP: 0
BRANCH_INDIRECT: 0
BRANCH_CONDITIONAL: 0
BRANCH_DIRECT_CALL: 0
BRANCH_INDIRECT_CALL: 0
BRANCH_RETURN: 0

cpu7->cpu7_STLB TOTAL        ACCESS:          2 HIT:          0 MISS:          2 MSHR_MERGE:          0
cpu7->cpu7_STLB LOAD         ACCESS:          2 HIT:          0 MISS:          2 MSHR_MERGE:          0
cpu7->cpu7_STLB RFO          ACCESS:          0 HIT:          0 MISS:          0 MSHR_MERGE:          0
cpu7->cpu7_STLB PREFETCH     ACCESS:          0 HIT:          0 MISS:          0 MSHR_MERGE:          0
cpu7->cpu7_STLB WRITE        ACCESS:          0 HIT:          0 MISS:          0 MSHR_MERGE:          0
cpu7->cpu7_STLB TRANSLATION  ACCESS:          0 HIT:          0 MISS:          0 MSHR_MERGE:          0
cpu7->cpu7_STLB PREFETCH REQUESTED:          0 ISSUED:          0 USEFUL:          0 USELESS:          0
cpu7->cpu7_STLB AVERAGE MISS LATENCY: 404.5 cycles
cpu7->cpu7_L2C TOTAL        ACCESS:    2743667 HIT:    1591904 MISS:    1151763 MSHR_MERGE:          0
cpu7->cpu7_L2C LOAD         ACCESS:    1342793 HIT:     738202 MISS:     604591 MSHR_MERGE:          0
cpu7->cpu7_L2C RFO          ACCESS:     578809 HIT:      31915 MISS:     546894 MSHR_MERGE:          0
cpu7->cpu7_L2C PREFETCH     ACCESS:          0 HIT:          0 MISS:          0 MSHR_MERGE:          0
cpu7->cpu7_L2C WRITE        ACCESS:     822063 HIT:     821787 MISS:        276 MSHR_MERGE:          0
cpu7->cpu7_L2C TRANSLATION  ACCESS:          2 HIT:          0 MISS:          2 MSHR_MERGE:          0
cpu7->cpu7_L2C PREFETCH REQUESTED:          0 ISSUED:          0 USEFUL:          0 USELESS:          0
cpu7->cpu7_L2C AVERAGE MISS LATENCY: 129.4 cycles
cpu7->cpu7_L1I TOTAL        ACCESS:   19967751 HIT:   19960766 MISS:       6985 MSHR_MERGE:       4658
cpu7->cpu7_L1I LOAD         ACCESS:   19967751 HIT:   19960766 MISS:       6985 MSHR_MERGE:       4658
cpu7->cpu7_L1I RFO          ACCESS:          0 HIT:          0 MISS:          0 MSHR_MERGE:          0
cpu7->cpu7_L1I PREFETCH     ACCESS:          0 HIT:          0 MISS:          0 MSHR_MERGE:          0
cpu7->cpu7_L1I WRITE        ACCESS:          0 HIT:          0 MISS:          0 MSHR_MERGE:          0
cpu7->cpu7_L1I TRANSLATION  ACCESS:          0 HIT:          0 MISS:          0 MSHR_MERGE:          0
cpu7->cpu7_L1I PREFETCH REQUESTED:          0 ISSUED:          0 USEFUL:          0 USELESS:          0
cpu7->cpu7_L1I AVERAGE MISS LATENCY: 223.4 cycles
cpu7->cpu7_L1D TOTAL        ACCESS:   21089366 HIT:   15670094 MISS:    5419272 MSHR_MERGE:    3499995
cpu7->cpu7_L1D LOAD         ACCESS:   14132621 HIT:   11036107 MISS:    3096514 MSHR_MERGE:    1756048
cpu7->cpu7_L1D RFO          ACCESS:          0 HIT:          0 MISS:          0 MSHR_MERGE:          0
cpu7->cpu7_L1D PREFETCH     ACCESS:          0 HIT:          0 MISS:          0 MSHR_MERGE:          0
cpu7->cpu7_L1D WRITE        ACCESS:    6956743 HIT:    4633987 MISS:    2322756 MSHR_MERGE:    1743947
cpu7->cpu7_L1D TRANSLATION  ACCESS:          2 HIT:          0 MISS:          2 MSHR_MERGE:          0
cpu7->cpu7_L1D PREFETCH REQUESTED:          0 ISSUED:          0 USEFUL:          0 USELESS:          0
cpu7->cpu7_L1D AVERAGE MISS LATENCY: 86.03 cycles
cpu7->cpu7_ITLB TOTAL        ACCESS:   17544913 HIT:   17544913 MISS:          0 MSHR_MERGE:          0
cpu7->cpu7_ITLB LOAD         ACCESS:   17544913 HIT:   17544913 MISS:          0 MSHR_MERGE:          0
cpu7->cpu7_ITLB RFO          ACCESS:          0 HIT:          0 MISS:          0 MSHR_MERGE:          0
cpu7->cpu7_ITLB PREFETCH     ACCESS:          0 HIT:          0 MISS:          0 MSHR_MERGE:          0
cpu7->cpu7_ITLB WRITE        ACCESS:          0 HIT:          0 MISS:          0 MSHR_MERGE:          0
cpu7->cpu7_ITLB TRANSLATION  ACCESS:          0 HIT:          0 MISS:          0 MSHR_MERGE:          0
cpu7->cpu7_ITLB PREFETCH REQUESTED:          0 ISSUED:          0 USEFUL:          0 USELESS:          0
cpu7->cpu7_ITLB AVERAGE MISS LATENCY: - cycles
cpu7->cpu7_DTLB TOTAL        ACCESS:   18723439 HIT:   18723432 MISS:          7 MSHR_MERGE:          5
cpu7->cpu7_DTLB LOAD         ACCESS:   18723439 HIT:   18723432 MISS:          7 MSHR_MERGE:          5
cpu7->cpu7_DTLB RFO          ACCESS:          0 HIT:          0 MISS:          0 MSHR_MERGE:          0
cpu7->cpu7_DTLB PREFETCH     ACCESS:          0 HIT:          0 MISS:          0 MSHR_MERGE:          0
cpu7->cpu7_DTLB WRITE        ACCESS:          0 HIT:          0 MISS:          0 MSHR_MERGE:          0
cpu7->cpu7_DTLB TRANSLATION  ACCESS:          0 HIT:          0 MISS:          0 MSHR_MERGE:          0
cpu7->cpu7_DTLB PREFETCH REQUESTED:          0 ISSUED:          0 USEFUL:          0 USELESS:          0
cpu7->cpu7_DTLB AVERAGE MISS LATENCY: 410.5 cycles
cpu6->cpu6_STLB TOTAL        ACCESS:          2 HIT:          0 MISS:          2 MSHR_MERGE:          0
cpu6->cpu6_STLB LOAD         ACCESS:          2 HIT:          0 MISS:          2 MSHR_MERGE:          0
cpu6->cpu6_STLB RFO          ACCESS:          0 HIT:          0 MISS:          0 MSHR_MERGE:          0
cpu6->cpu6_STLB PREFETCH     ACCESS:          0 HIT:          0 MISS:          0 MSHR_MERGE:          0
cpu6->cpu6_STLB WRITE        ACCESS:          0 HIT:          0 MISS:          0 MSHR_MERGE:          0
cpu6->cpu6_STLB TRANSLATION  ACCESS:          0 HIT:          0 MISS:          0 MSHR_MERGE:          0
cpu6->cpu6_STLB PREFETCH REQUESTED:          0 ISSUED:          0 USEFUL:          0 USELESS:          0
cpu6->cpu6_STLB AVERAGE MISS LATENCY: 405.5 cycles
cpu6->cpu6_L2C TOTAL        ACCESS:    2652130 HIT:    1530954 MISS:    1121176 MSHR_MERGE:          0
cpu6->cpu6_L2C LOAD         ACCESS:    1297316 HIT:     705170 MISS:     592146 MSHR_MERGE:          0
cpu6->cpu6_L2C RFO          ACCESS:     560633 HIT:      31880 MISS:     528753 MSHR_MERGE:          0
cpu6->cpu6_L2C PREFETCH     ACCESS:          0 HIT:          0 MISS:          0 MSHR_MERGE:          0
cpu6->cpu6_L2C WRITE        ACCESS:     794179 HIT:     793904 MISS:        275 MSHR_MERGE:          0
cpu6->cpu6_L2C TRANSLATION  ACCESS:          2 HIT:          0 MISS:          2 MSHR_MERGE:          0
cpu6->cpu6_L2C PREFETCH REQUESTED:          0 ISSUED:          0 USEFUL:          0 USELESS:          0
cpu6->cpu6_L2C AVERAGE MISS LATENCY: 136.4 cycles
cpu6->cpu6_L1I TOTAL        ACCESS:   19466232 HIT:   19459556 MISS:       6676 MSHR_MERGE:       4402
cpu6->cpu6_L1I LOAD         ACCESS:   19466232 HIT:   19459556 MISS:       6676 MSHR_MERGE:       4402
cpu6->cpu6_L1I RFO          ACCESS:          0 HIT:          0 MISS:          0 MSHR_MERGE:          0
cpu6->cpu6_L1I PREFETCH     ACCESS:          0 HIT:          0 MISS:          0 MSHR_MERGE:          0
cpu6->cpu6_L1I WRITE        ACCESS:          0 HIT:          0 MISS:          0 MSHR_MERGE:          0
cpu6->cpu6_L1I TRANSLATION  ACCESS:          0 HIT:          0 MISS:          0 MSHR_MERGE:          0
cpu6->cpu6_L1I PREFETCH REQUESTED:          0 ISSUED:          0 USEFUL:          0 USELESS:          0
cpu6->cpu6_L1I AVERAGE MISS LATENCY: 235.9 cycles
cpu6->cpu6_L1D TOTAL        ACCESS:   20563718 HIT:   15298299 MISS:    5265419 MSHR_MERGE:    3409742
cpu6->cpu6_L1D LOAD         ACCESS:   13777982 HIT:   10782443 MISS:    2995539 MSHR_MERGE:    1700497
cpu6->cpu6_L1D RFO          ACCESS:          0 HIT:          0 MISS:          0 MSHR_MERGE:          0
cpu6->cpu6_L1D PREFETCH     ACCESS:          0 HIT:          0 MISS:          0 MSHR_MERGE:          0
cpu6->cpu6_L1D WRITE        ACCESS:    6785734 HIT:    4515856 MISS:    2269878 MSHR_MERGE:    1709245
cpu6->cpu6_L1D TRANSLATION  ACCESS:          2 HIT:          0 MISS:          2 MSHR_MERGE:          0
cpu6->cpu6_L1D PREFETCH REQUESTED:          0 ISSUED:          0 USEFUL:          0 USELESS:          0
cpu6->cpu6_L1D AVERAGE MISS LATENCY: 90.8 cycles
cpu6->cpu6_ITLB TOTAL        ACCESS:   17125597 HIT:   17125597 MISS:          0 MSHR_MERGE:          0
cpu6->cpu6_ITLB LOAD         ACCESS:   17125597 HIT:   17125597 MISS:          0 MSHR_MERGE:          0
cpu6->cpu6_ITLB RFO          ACCESS:          0 HIT:          0 MISS:          0 MSHR_MERGE:          0
cpu6->cpu6_ITLB PREFETCH     ACCESS:          0 HIT:          0 MISS:          0 MSHR_MERGE:          0
cpu6->cpu6_ITLB WRITE        ACCESS:          0 HIT:          0 MISS:          0 MSHR_MERGE:          0
cpu6->cpu6_ITLB TRANSLATION  ACCESS:          0 HIT:          0 MISS:          0 MSHR_MERGE:          0
cpu6->cpu6_ITLB PREFETCH REQUESTED:          0 ISSUED:          0 USEFUL:          0 USELESS:          0
cpu6->cpu6_ITLB AVERAGE MISS LATENCY: - cycles
cpu6->cpu6_DTLB TOTAL        ACCESS:   18258732 HIT:   18258724 MISS:          8 MSHR_MERGE:          6
cpu6->cpu6_DTLB LOAD         ACCESS:   18258732 HIT:   18258724 MISS:          8 MSHR_MERGE:          6
cpu6->cpu6_DTLB RFO          ACCESS:          0 HIT:          0 MISS:          0 MSHR_MERGE:          0
cpu6->cpu6_DTLB PREFETCH     ACCESS:          0 HIT:          0 MISS:          0 MSHR_MERGE:          0
cpu6->cpu6_DTLB WRITE        ACCESS:          0 HIT:          0 MISS:          0 MSHR_MERGE:          0
cpu6->cpu6_DTLB TRANSLATION  ACCESS:          0 HIT:          0 MISS:          0 MSHR_MERGE:          0
cpu6->cpu6_DTLB PREFETCH REQUESTED:          0 ISSUED:          0 USEFUL:          0 USELESS:          0
cpu6->cpu6_DTLB AVERAGE MISS LATENCY: 411.5 cycles
cpu5->cpu5_STLB TOTAL        ACCESS:          2 HIT:          0 MISS:          2 MSHR_MERGE:          0
cpu5->cpu5_STLB LOAD         ACCESS:          2 HIT:          0 MISS:          2 MSHR_MERGE:          0
cpu5->cpu5_STLB RFO          ACCESS:          0 HIT:          0 MISS:          0 MSHR_MERGE:          0
cpu5->cpu5_STLB PREFETCH     ACCESS:          0 HIT:          0 MISS:          0 MSHR_MERGE:          0
cpu5->cpu5_STLB WRITE        ACCESS:          0 HIT:          0 MISS:          0 MSHR_MERGE:          0
cpu5->cpu5_STLB TRANSLATION  ACCESS:          0 HIT:          0 MISS:          0 MSHR_MERGE:          0
cpu5->cpu5_STLB PREFETCH REQUESTED:          0 ISSUED:          0 USEFUL:          0 USELESS:          0
cpu5->cpu5_STLB AVERAGE MISS LATENCY: 492 cycles
cpu5->cpu5_L2C TOTAL        ACCESS:    2649861 HIT:    1529852 MISS:    1120009 MSHR_MERGE:          0
cpu5->cpu5_L2C LOAD         ACCESS:    1295369 HIT:     704177 MISS:     591192 MSHR_MERGE:          0
cpu5->cpu5_L2C RFO          ACCESS:     560419 HIT:      31879 MISS:     528540 MSHR_MERGE:          0
cpu5->cpu5_L2C PREFETCH     ACCESS:          0 HIT:          0 MISS:          0 MSHR_MERGE:          0
cpu5->cpu5_L2C WRITE        ACCESS:     794071 HIT:     793796 MISS:        275 MSHR_MERGE:          0
cpu5->cpu5_L2C TRANSLATION  ACCESS:          2 HIT:          0 MISS:          2 MSHR_MERGE:          0
cpu5->cpu5_L2C PREFETCH REQUESTED:          0 ISSUED:          0 USEFUL:          0 USELESS:          0
cpu5->cpu5_L2C AVERAGE MISS LATENCY: 136.2 cycles
cpu5->cpu5_L1I TOTAL        ACCESS:   19459846 HIT:   19453142 MISS:       6704 MSHR_MERGE:       4422
cpu5->cpu5_L1I LOAD         ACCESS:   19459846 HIT:   19453142 MISS:       6704 MSHR_MERGE:       4422
cpu5->cpu5_L1I RFO          ACCESS:          0 HIT:          0 MISS:          0 MSHR_MERGE:          0
cpu5->cpu5_L1I PREFETCH     ACCESS:          0 HIT:          0 MISS:          0 MSHR_MERGE:          0
cpu5->cpu5_L1I WRITE        ACCESS:          0 HIT:          0 MISS:          0 MSHR_MERGE:          0
cpu5->cpu5_L1I TRANSLATION  ACCESS:          0 HIT:          0 MISS:          0 MSHR_MERGE:          0
cpu5->cpu5_L1I PREFETCH REQUESTED:          0 ISSUED:          0 USEFUL:          0 USELESS:          0
cpu5->cpu5_L1I AVERAGE MISS LATENCY: 238.7 cycles
cpu5->cpu5_L1D TOTAL        ACCESS:   20548613 HIT:   15282656 MISS:    5265957 MSHR_MERGE:    3412448
cpu5->cpu5_L1D LOAD         ACCESS:   13764663 HIT:   10773629 MISS:    2991034 MSHR_MERGE:    1697947
cpu5->cpu5_L1D RFO          ACCESS:          0 HIT:          0 MISS:          0 MSHR_MERGE:          0
cpu5->cpu5_L1D PREFETCH     ACCESS:          0 HIT:          0 MISS:          0 MSHR_MERGE:          0
cpu5->cpu5_L1D WRITE        ACCESS:    6783948 HIT:    4509027 MISS:    2274921 MSHR_MERGE:    1714501
cpu5->cpu5_L1D TRANSLATION  ACCESS:          2 HIT:          0 MISS:          2 MSHR_MERGE:          0
cpu5->cpu5_L1D PREFETCH REQUESTED:          0 ISSUED:          0 USEFUL:          0 USELESS:          0
cpu5->cpu5_L1D AVERAGE MISS LATENCY: 90.69 cycles
cpu5->cpu5_ITLB TOTAL        ACCESS:   17111791 HIT:   17111791 MISS:          0 MSHR_MERGE:          0
cpu5->cpu5_ITLB LOAD         ACCESS:   17111791 HIT:   17111791 MISS:          0 MSHR_MERGE:          0
cpu5->cpu5_ITLB RFO          ACCESS:          0 HIT:          0 MISS:          0 MSHR_MERGE:          0
cpu5->cpu5_ITLB PREFETCH     ACCESS:          0 HIT:          0 MISS:          0 MSHR_MERGE:          0
cpu5->cpu5_ITLB WRITE        ACCESS:          0 HIT:          0 MISS:          0 MSHR_MERGE:          0
cpu5->cpu5_ITLB TRANSLATION  ACCESS:          0 HIT:          0 MISS:          0 MSHR_MERGE:          0
cpu5->cpu5_ITLB PREFETCH REQUESTED:          0 ISSUED:          0 USEFUL:          0 USELESS:          0
cpu5->cpu5_ITLB AVERAGE MISS LATENCY: - cycles
cpu5->cpu5_DTLB TOTAL        ACCESS:   18226259 HIT:   18226251 MISS:          8 MSHR_MERGE:          6
cpu5->cpu5_DTLB LOAD         ACCESS:   18226259 HIT:   18226251 MISS:          8 MSHR_MERGE:          6
cpu5->cpu5_DTLB RFO          ACCESS:          0 HIT:          0 MISS:          0 MSHR_MERGE:          0
cpu5->cpu5_DTLB PREFETCH     ACCESS:          0 HIT:          0 MISS:          0 MSHR_MERGE:          0
cpu5->cpu5_DTLB WRITE        ACCESS:          0 HIT:          0 MISS:          0 MSHR_MERGE:          0
cpu5->cpu5_DTLB TRANSLATION  ACCESS:          0 HIT:          0 MISS:          0 MSHR_MERGE:          0
cpu5->cpu5_DTLB PREFETCH REQUESTED:          0 ISSUED:          0 USEFUL:          0 USELESS:          0
cpu5->cpu5_DTLB AVERAGE MISS LATENCY: 498 cycles
cpu4->cpu4_STLB TOTAL        ACCESS:          2 HIT:          0 MISS:          2 MSHR_MERGE:          0
cpu4->cpu4_STLB LOAD         ACCESS:          2 HIT:          0 MISS:          2 MSHR_MERGE:          0
cpu4->cpu4_STLB RFO          ACCESS:          0 HIT:          0 MISS:          0 MSHR_MERGE:          0
cpu4->cpu4_STLB PREFETCH     ACCESS:          0 HIT:          0 MISS:          0 MSHR_MERGE:          0
cpu4->cpu4_STLB WRITE        ACCESS:          0 HIT:          0 MISS:          0 MSHR_MERGE:          0
cpu4->cpu4_STLB TRANSLATION  ACCESS:          0 HIT:          0 MISS:          0 MSHR_MERGE:          0
cpu4->cpu4_STLB PREFETCH REQUESTED:          0 ISSUED:          0 USEFUL:          0 USELESS:          0
cpu4->cpu4_STLB AVERAGE MISS LATENCY: 781.5 cycles
cpu4->cpu4_L2C TOTAL        ACCESS:    2626879 HIT:    1517714 MISS:    1109165 MSHR_MERGE:          0
cpu4->cpu4_L2C LOAD         ACCESS:    1285645 HIT:     699505 MISS:     586140 MSHR_MERGE:          0
cpu4->cpu4_L2C RFO          ACCESS:     554624 HIT:      31875 MISS:     522749 MSHR_MERGE:          0
cpu4->cpu4_L2C PREFETCH     ACCESS:          0 HIT:          0 MISS:          0 MSHR_MERGE:          0
cpu4->cpu4_L2C WRITE        ACCESS:     786608 HIT:     786334 MISS:        274 MSHR_MERGE:          0
cpu4->cpu4_L2C TRANSLATION  ACCESS:          2 HIT:          0 MISS:          2 MSHR_MERGE:          0
cpu4->cpu4_L2C PREFETCH REQUESTED:          0 ISSUED:          0 USEFUL:          0 USELESS:          0
cpu4->cpu4_L2C AVERAGE MISS LATENCY: 136.7 cycles
cpu4->cpu4_L1I TOTAL        ACCESS:   19400721 HIT:   19394100 MISS:       6621 MSHR_MERGE:       4375
cpu4->cpu4_L1I LOAD         ACCESS:   19400721 HIT:   19394100 MISS:       6621 MSHR_MERGE:       4375
cpu4->cpu4_L1I RFO          ACCESS:          0 HIT:          0 MISS:          0 MSHR_MERGE:          0
cpu4->cpu4_L1I PREFETCH     ACCESS:          0 HIT:          0 MISS:          0 MSHR_MERGE:          0
cpu4->cpu4_L1I WRITE        ACCESS:          0 HIT:          0 MISS:          0 MSHR_MERGE:          0
cpu4->cpu4_L1I TRANSLATION  ACCESS:          0 HIT:          0 MISS:          0 MSHR_MERGE:          0
cpu4->cpu4_L1I PREFETCH REQUESTED:          0 ISSUED:          0 USEFUL:          0 USELESS:          0
cpu4->cpu4_L1I AVERAGE MISS LATENCY: 204.3 cycles
cpu4->cpu4_L1D TOTAL        ACCESS:   20453174 HIT:   15226835 MISS:    5226339 MSHR_MERGE:    3388314
cpu4->cpu4_L1D LOAD         ACCESS:   13703110 HIT:   10746251 MISS:    2956859 MSHR_MERGE:    1673460
cpu4->cpu4_L1D RFO          ACCESS:          0 HIT:          0 MISS:          0 MSHR_MERGE:          0
cpu4->cpu4_L1D PREFETCH     ACCESS:          0 HIT:          0 MISS:          0 MSHR_MERGE:          0
cpu4->cpu4_L1D WRITE        ACCESS:    6750062 HIT:    4480584 MISS:    2269478 MSHR_MERGE:    1714854
cpu4->cpu4_L1D TRANSLATION  ACCESS:          2 HIT:          0 MISS:          2 MSHR_MERGE:          0
cpu4->cpu4_L1D PREFETCH REQUESTED:          0 ISSUED:          0 USEFUL:          0 USELESS:          0
cpu4->cpu4_L1D AVERAGE MISS LATENCY: 90.88 cycles
cpu4->cpu4_ITLB TOTAL        ACCESS:   17057714 HIT:   17057714 MISS:          0 MSHR_MERGE:          0
cpu4->cpu4_ITLB LOAD         ACCESS:   17057714 HIT:   17057714 MISS:          0 MSHR_MERGE:          0
cpu4->cpu4_ITLB RFO          ACCESS:          0 HIT:          0 MISS:          0 MSHR_MERGE:          0
cpu4->cpu4_ITLB PREFETCH     ACCESS:          0 HIT:          0 MISS:          0 MSHR_MERGE:          0
cpu4->cpu4_ITLB WRITE        ACCESS:          0 HIT:          0 MISS:          0 MSHR_MERGE:          0
cpu4->cpu4_ITLB TRANSLATION  ACCESS:          0 HIT:          0 MISS:          0 MSHR_MERGE:          0
cpu4->cpu4_ITLB PREFETCH REQUESTED:          0 ISSUED:          0 USEFUL:          0 USELESS:          0
cpu4->cpu4_ITLB AVERAGE MISS LATENCY: - cycles
cpu4->cpu4_DTLB TOTAL        ACCESS:   18138016 HIT:   18138008 MISS:          8 MSHR_MERGE:          6
cpu4->cpu4_DTLB LOAD         ACCESS:   18138016 HIT:   18138008 MISS:          8 MSHR_MERGE:          6
cpu4->cpu4_DTLB RFO          ACCESS:          0 HIT:          0 MISS:          0 MSHR_MERGE:          0
cpu4->cpu4_DTLB PREFETCH     ACCESS:          0 HIT:          0 MISS:          0 MSHR_MERGE:          0
cpu4->cpu4_DTLB WRITE        ACCESS:          0 HIT:          0 MISS:          0 MSHR_MERGE:          0
cpu4->cpu4_DTLB TRANSLATION  ACCESS:          0 HIT:          0 MISS:          0 MSHR_MERGE:          0
cpu4->cpu4_DTLB PREFETCH REQUESTED:          0 ISSUED:          0 USEFUL:          0 USELESS:          0
cpu4->cpu4_DTLB AVERAGE MISS LATENCY: 787.5 cycles
cpu3->cpu3_STLB TOTAL        ACCESS:          2 HIT:          0 MISS:          2 MSHR_MERGE:          0
cpu3->cpu3_STLB LOAD         ACCESS:          2 HIT:          0 MISS:          2 MSHR_MERGE:          0
cpu3->cpu3_STLB RFO          ACCESS:          0 HIT:          0 MISS:          0 MSHR_MERGE:          0
cpu3->cpu3_STLB PREFETCH     ACCESS:          0 HIT:          0 MISS:          0 MSHR_MERGE:          0
cpu3->cpu3_STLB WRITE        ACCESS:          0 HIT:          0 MISS:          0 MSHR_MERGE:          0
cpu3->cpu3_STLB TRANSLATION  ACCESS:          0 HIT:          0 MISS:          0 MSHR_MERGE:          0
cpu3->cpu3_STLB PREFETCH REQUESTED:          0 ISSUED:          0 USEFUL:          0 USELESS:          0
cpu3->cpu3_STLB AVERAGE MISS LATENCY: 417 cycles
cpu3->cpu3_L2C TOTAL        ACCESS:    2738386 HIT:    1586972 MISS:    1151414 MSHR_MERGE:          0
cpu3->cpu3_L2C LOAD         ACCESS:    1336134 HIT:     733758 MISS:     602376 MSHR_MERGE:          0
cpu3->cpu3_L2C RFO          ACCESS:     580674 HIT:      31914 MISS:     548760 MSHR_MERGE:          0
cpu3->cpu3_L2C PREFETCH     ACCESS:          0 HIT:          0 MISS:          0 MSHR_MERGE:          0
cpu3->cpu3_L2C WRITE        ACCESS:     821576 HIT:     821300 MISS:        276 MSHR_MERGE:          0
cpu3->cpu3_L2C TRANSLATION  ACCESS:          2 HIT:          0 MISS:          2 MSHR_MERGE:          0
cpu3->cpu3_L2C PREFETCH REQUESTED:          0 ISSUED:          0 USEFUL:          0 USELESS:          0
cpu3->cpu3_L2C AVERAGE MISS LATENCY: 119.2 cycles
cpu3->cpu3_L1I TOTAL        ACCESS:   20207256 HIT:   20200239 MISS:       7017 MSHR_MERGE:       4688
cpu3->cpu3_L1I LOAD         ACCESS:   20207256 HIT:   20200239 MISS:       7017 MSHR_MERGE:       4688
cpu3->cpu3_L1I RFO          ACCESS:          0 HIT:          0 MISS:          0 MSHR_MERGE:          0
cpu3->cpu3_L1I PREFETCH     ACCESS:          0 HIT:          0 MISS:          0 MSHR_MERGE:          0
cpu3->cpu3_L1I WRITE        ACCESS:          0 HIT:          0 MISS:          0 MSHR_MERGE:          0
cpu3->cpu3_L1I TRANSLATION  ACCESS:          0 HIT:          0 MISS:          0 MSHR_MERGE:          0
cpu3->cpu3_L1I PREFETCH REQUESTED:          0 ISSUED:          0 USEFUL:          0 USELESS:          0
cpu3->cpu3_L1I AVERAGE MISS LATENCY: 213.5 cycles
cpu3->cpu3_L1D TOTAL        ACCESS:   21309694 HIT:   15885341 MISS:    5424353 MSHR_MERGE:    3509872
cpu3->cpu3_L1D LOAD         ACCESS:   14274464 HIT:   11188215 MISS:    3086249 MSHR_MERGE:    1752444
cpu3->cpu3_L1D RFO          ACCESS:          0 HIT:          0 MISS:          0 MSHR_MERGE:          0
cpu3->cpu3_L1D PREFETCH     ACCESS:          0 HIT:          0 MISS:          0 MSHR_MERGE:          0
cpu3->cpu3_L1D WRITE        ACCESS:    7035228 HIT:    4697126 MISS:    2338102 MSHR_MERGE:    1757428
cpu3->cpu3_L1D TRANSLATION  ACCESS:          2 HIT:          0 MISS:          2 MSHR_MERGE:          0
cpu3->cpu3_L1D PREFETCH REQUESTED:          0 ISSUED:          0 USEFUL:          0 USELESS:          0
cpu3->cpu3_L1D AVERAGE MISS LATENCY: 80.07 cycles
cpu3->cpu3_ITLB TOTAL        ACCESS:   17776171 HIT:   17776171 MISS:          0 MSHR_MERGE:          0
cpu3->cpu3_ITLB LOAD         ACCESS:   17776171 HIT:   17776171 MISS:          0 MSHR_MERGE:          0
cpu3->cpu3_ITLB RFO          ACCESS:          0 HIT:          0 MISS:          0 MSHR_MERGE:          0
cpu3->cpu3_ITLB PREFETCH     ACCESS:          0 HIT:          0 MISS:          0 MSHR_MERGE:          0
cpu3->cpu3_ITLB WRITE        ACCESS:          0 HIT:          0 MISS:          0 MSHR_MERGE:          0
cpu3->cpu3_ITLB TRANSLATION  ACCESS:          0 HIT:          0 MISS:          0 MSHR_MERGE:          0
cpu3->cpu3_ITLB PREFETCH REQUESTED:          0 ISSUED:          0 USEFUL:          0 USELESS:          0
cpu3->cpu3_ITLB AVERAGE MISS LATENCY: - cycles
cpu3->cpu3_DTLB TOTAL        ACCESS:   18919862 HIT:   18919856 MISS:          6 MSHR_MERGE:          4
cpu3->cpu3_DTLB LOAD         ACCESS:   18919862 HIT:   18919856 MISS:          6 MSHR_MERGE:          4
cpu3->cpu3_DTLB RFO          ACCESS:          0 HIT:          0 MISS:          0 MSHR_MERGE:          0
cpu3->cpu3_DTLB PREFETCH     ACCESS:          0 HIT:          0 MISS:          0 MSHR_MERGE:          0
cpu3->cpu3_DTLB WRITE        ACCESS:          0 HIT:          0 MISS:          0 MSHR_MERGE:          0
cpu3->cpu3_DTLB TRANSLATION  ACCESS:          0 HIT:          0 MISS:          0 MSHR_MERGE:          0
cpu3->cpu3_DTLB PREFETCH REQUESTED:          0 ISSUED:          0 USEFUL:          0 USELESS:          0
cpu3->cpu3_DTLB AVERAGE MISS LATENCY: 423 cycles
cpu2->cpu2_STLB TOTAL        ACCESS:          2 HIT:          0 MISS:          2 MSHR_MERGE:          0
cpu2->cpu2_STLB LOAD         ACCESS:          2 HIT:          0 MISS:          2 MSHR_MERGE:          0
cpu2->cpu2_STLB RFO          ACCESS:          0 HIT:          0 MISS:          0 MSHR_MERGE:          0
cpu2->cpu2_STLB PREFETCH     ACCESS:          0 HIT:          0 MISS:          0 MSHR_MERGE:          0
cpu2->cpu2_STLB WRITE        ACCESS:          0 HIT:          0 MISS:          0 MSHR_MERGE:          0
cpu2->cpu2_STLB TRANSLATION  ACCESS:          0 HIT:          0 MISS:          0 MSHR_MERGE:          0
cpu2->cpu2_STLB PREFETCH REQUESTED:          0 ISSUED:          0 USEFUL:          0 USELESS:          0
cpu2->cpu2_STLB AVERAGE MISS LATENCY: 406 cycles
cpu2->cpu2_L2C TOTAL        ACCESS:    2714267 HIT:    1576810 MISS:    1137457 MSHR_MERGE:          0
cpu2->cpu2_L2C LOAD         ACCESS:    1324605 HIT:     730632 MISS:     593973 MSHR_MERGE:          0
cpu2->cpu2_L2C RFO          ACCESS:     575115 HIT:      31910 MISS:     543205 MSHR_MERGE:          0
cpu2->cpu2_L2C PREFETCH     ACCESS:          0 HIT:          0 MISS:          0 MSHR_MERGE:          0
cpu2->cpu2_L2C WRITE        ACCESS:     814545 HIT:     814268 MISS:        277 MSHR_MERGE:          0
cpu2->cpu2_L2C TRANSLATION  ACCESS:          2 HIT:          0 MISS:          2 MSHR_MERGE:          0
cpu2->cpu2_L2C PREFETCH REQUESTED:          0 ISSUED:          0 USEFUL:          0 USELESS:          0
cpu2->cpu2_L2C AVERAGE MISS LATENCY: 124.3 cycles
cpu2->cpu2_L1I TOTAL        ACCESS:   19833594 HIT:   19826592 MISS:       7002 MSHR_MERGE:       4679
cpu2->cpu2_L1I LOAD         ACCESS:   19833594 HIT:   19826592 MISS:       7002 MSHR_MERGE:       4679
cpu2->cpu2_L1I RFO          ACCESS:          0 HIT:          0 MISS:          0 MSHR_MERGE:          0
cpu2->cpu2_L1I PREFETCH     ACCESS:          0 HIT:          0 MISS:          0 MSHR_MERGE:          0
cpu2->cpu2_L1I WRITE        ACCESS:          0 HIT:          0 MISS:          0 MSHR_MERGE:          0
cpu2->cpu2_L1I TRANSLATION  ACCESS:          0 HIT:          0 MISS:          0 MSHR_MERGE:          0
cpu2->cpu2_L1I PREFETCH REQUESTED:          0 ISSUED:          0 USEFUL:          0 USELESS:          0
cpu2->cpu2_L1I AVERAGE MISS LATENCY: 188.7 cycles
cpu2->cpu2_L1D TOTAL        ACCESS:   20912830 HIT:   15504760 MISS:    5408070 MSHR_MERGE:    3510670
cpu2->cpu2_L1D LOAD         ACCESS:   14001826 HIT:   10933292 MISS:    3068534 MSHR_MERGE:    1746252
cpu2->cpu2_L1D RFO          ACCESS:          0 HIT:          0 MISS:          0 MSHR_MERGE:          0
cpu2->cpu2_L1D PREFETCH     ACCESS:          0 HIT:          0 MISS:          0 MSHR_MERGE:          0
cpu2->cpu2_L1D WRITE        ACCESS:    6911002 HIT:    4571468 MISS:    2339534 MSHR_MERGE:    1764418
cpu2->cpu2_L1D TRANSLATION  ACCESS:          2 HIT:          0 MISS:          2 MSHR_MERGE:          0
cpu2->cpu2_L1D PREFETCH REQUESTED:          0 ISSUED:          0 USEFUL:          0 USELESS:          0
cpu2->cpu2_L1D AVERAGE MISS LATENCY: 82.95 cycles
cpu2->cpu2_ITLB TOTAL        ACCESS:   17427027 HIT:   17427027 MISS:          0 MSHR_MERGE:          0
cpu2->cpu2_ITLB LOAD         ACCESS:   17427027 HIT:   17427027 MISS:          0 MSHR_MERGE:          0
cpu2->cpu2_ITLB RFO          ACCESS:          0 HIT:          0 MISS:          0 MSHR_MERGE:          0
cpu2->cpu2_ITLB PREFETCH     ACCESS:          0 HIT:          0 MISS:          0 MSHR_MERGE:          0
cpu2->cpu2_ITLB WRITE        ACCESS:          0 HIT:          0 MISS:          0 MSHR_MERGE:          0
cpu2->cpu2_ITLB TRANSLATION  ACCESS:          0 HIT:          0 MISS:          0 MSHR_MERGE:          0
cpu2->cpu2_ITLB PREFETCH REQUESTED:          0 ISSUED:          0 USEFUL:          0 USELESS:          0
cpu2->cpu2_ITLB AVERAGE MISS LATENCY: - cycles
cpu2->cpu2_DTLB TOTAL        ACCESS:   18549122 HIT:   18549116 MISS:          6 MSHR_MERGE:          4
cpu2->cpu2_DTLB LOAD         ACCESS:   18549122 HIT:   18549116 MISS:          6 MSHR_MERGE:          4
cpu2->cpu2_DTLB RFO          ACCESS:          0 HIT:          0 MISS:          0 MSHR_MERGE:          0
cpu2->cpu2_DTLB PREFETCH     ACCESS:          0 HIT:          0 MISS:          0 MSHR_MERGE:          0
cpu2->cpu2_DTLB WRITE        ACCESS:          0 HIT:          0 MISS:          0 MSHR_MERGE:          0
cpu2->cpu2_DTLB TRANSLATION  ACCESS:          0 HIT:          0 MISS:          0 MSHR_MERGE:          0
cpu2->cpu2_DTLB PREFETCH REQUESTED:          0 ISSUED:          0 USEFUL:          0 USELESS:          0
cpu2->cpu2_DTLB AVERAGE MISS LATENCY: 412 cycles
cpu1->cpu1_STLB TOTAL        ACCESS:          2 HIT:          0 MISS:          2 MSHR_MERGE:          0
cpu1->cpu1_STLB LOAD         ACCESS:          2 HIT:          0 MISS:          2 MSHR_MERGE:          0
cpu1->cpu1_STLB RFO          ACCESS:          0 HIT:          0 MISS:          0 MSHR_MERGE:          0
cpu1->cpu1_STLB PREFETCH     ACCESS:          0 HIT:          0 MISS:          0 MSHR_MERGE:          0
cpu1->cpu1_STLB WRITE        ACCESS:          0 HIT:          0 MISS:          0 MSHR_MERGE:          0
cpu1->cpu1_STLB TRANSLATION  ACCESS:          0 HIT:          0 MISS:          0 MSHR_MERGE:          0
cpu1->cpu1_STLB PREFETCH REQUESTED:          0 ISSUED:          0 USEFUL:          0 USELESS:          0
cpu1->cpu1_STLB AVERAGE MISS LATENCY: 427 cycles
cpu1->cpu1_L2C TOTAL        ACCESS:    2672472 HIT:    1547019 MISS:    1125453 MSHR_MERGE:          0
cpu1->cpu1_L2C LOAD         ACCESS:    1302981 HIT:     713446 MISS:     589535 MSHR_MERGE:          0
cpu1->cpu1_L2C RFO          ACCESS:     567535 HIT:      31897 MISS:     535638 MSHR_MERGE:          0
cpu1->cpu1_L2C PREFETCH     ACCESS:          0 HIT:          0 MISS:          0 MSHR_MERGE:          0
cpu1->cpu1_L2C WRITE        ACCESS:     801954 HIT:     801676 MISS:        278 MSHR_MERGE:          0
cpu1->cpu1_L2C TRANSLATION  ACCESS:          2 HIT:          0 MISS:          2 MSHR_MERGE:          0
cpu1->cpu1_L2C PREFETCH REQUESTED:          0 ISSUED:          0 USEFUL:          0 USELESS:          0
cpu1->cpu1_L2C AVERAGE MISS LATENCY: 133.8 cycles
cpu1->cpu1_L1I TOTAL        ACCESS:   19512566 HIT:   19505569 MISS:       6997 MSHR_MERGE:       4687
cpu1->cpu1_L1I LOAD         ACCESS:   19512566 HIT:   19505569 MISS:       6997 MSHR_MERGE:       4687
cpu1->cpu1_L1I RFO          ACCESS:          0 HIT:          0 MISS:          0 MSHR_MERGE:          0
cpu1->cpu1_L1I PREFETCH     ACCESS:          0 HIT:          0 MISS:          0 MSHR_MERGE:          0
cpu1->cpu1_L1I WRITE        ACCESS:          0 HIT:          0 MISS:          0 MSHR_MERGE:          0
cpu1->cpu1_L1I TRANSLATION  ACCESS:          0 HIT:          0 MISS:          0 MSHR_MERGE:          0
cpu1->cpu1_L1I PREFETCH REQUESTED:          0 ISSUED:          0 USEFUL:          0 USELESS:          0
cpu1->cpu1_L1I AVERAGE MISS LATENCY: 213.3 cycles
cpu1->cpu1_L1D TOTAL        ACCESS:   20600260 HIT:   15210705 MISS:    5389555 MSHR_MERGE:    3521347
cpu1->cpu1_L1D LOAD         ACCESS:   13787773 HIT:   10771043 MISS:    3016730 MSHR_MERGE:    1716059
cpu1->cpu1_L1D RFO          ACCESS:          0 HIT:          0 MISS:          0 MSHR_MERGE:          0
cpu1->cpu1_L1D PREFETCH     ACCESS:          0 HIT:          0 MISS:          0 MSHR_MERGE:          0
cpu1->cpu1_L1D WRITE        ACCESS:    6812485 HIT:    4439662 MISS:    2372823 MSHR_MERGE:    1805288
cpu1->cpu1_L1D TRANSLATION  ACCESS:          2 HIT:          0 MISS:          2 MSHR_MERGE:          0
cpu1->cpu1_L1D PREFETCH REQUESTED:          0 ISSUED:          0 USEFUL:          0 USELESS:          0
cpu1->cpu1_L1D AVERAGE MISS LATENCY: 88.98 cycles
cpu1->cpu1_ITLB TOTAL        ACCESS:   17165740 HIT:   17165740 MISS:          0 MSHR_MERGE:          0
cpu1->cpu1_ITLB LOAD         ACCESS:   17165740 HIT:   17165740 MISS:          0 MSHR_MERGE:          0
cpu1->cpu1_ITLB RFO          ACCESS:          0 HIT:          0 MISS:          0 MSHR_MERGE:          0
cpu1->cpu1_ITLB PREFETCH     ACCESS:          0 HIT:          0 MISS:          0 MSHR_MERGE:          0
cpu1->cpu1_ITLB WRITE        ACCESS:          0 HIT:          0 MISS:          0 MSHR_MERGE:          0
cpu1->cpu1_ITLB TRANSLATION  ACCESS:          0 HIT:          0 MISS:          0 MSHR_MERGE:          0
cpu1->cpu1_ITLB PREFETCH REQUESTED:          0 ISSUED:          0 USEFUL:          0 USELESS:          0
cpu1->cpu1_ITLB AVERAGE MISS LATENCY: - cycles
cpu1->cpu1_DTLB TOTAL        ACCESS:   18276045 HIT:   18276039 MISS:          6 MSHR_MERGE:          4
cpu1->cpu1_DTLB LOAD         ACCESS:   18276045 HIT:   18276039 MISS:          6 MSHR_MERGE:          4
cpu1->cpu1_DTLB RFO          ACCESS:          0 HIT:          0 MISS:          0 MSHR_MERGE:          0
cpu1->cpu1_DTLB PREFETCH     ACCESS:          0 HIT:          0 MISS:          0 MSHR_MERGE:          0
cpu1->cpu1_DTLB WRITE        ACCESS:          0 HIT:          0 MISS:          0 MSHR_MERGE:          0
cpu1->cpu1_DTLB TRANSLATION  ACCESS:          0 HIT:          0 MISS:          0 MSHR_MERGE:          0
cpu1->cpu1_DTLB PREFETCH REQUESTED:          0 ISSUED:          0 USEFUL:          0 USELESS:          0
cpu1->cpu1_DTLB AVERAGE MISS LATENCY: 433 cycles
cpu0->cpu0_STLB TOTAL        ACCESS:          2 HIT:          0 MISS:          2 MSHR_MERGE:          0
cpu0->cpu0_STLB LOAD         ACCESS:          2 HIT:          0 MISS:          2 MSHR_MERGE:          0
cpu0->cpu0_STLB RFO          ACCESS:          0 HIT:          0 MISS:          0 MSHR_MERGE:          0
cpu0->cpu0_STLB PREFETCH     ACCESS:          0 HIT:          0 MISS:          0 MSHR_MERGE:          0
cpu0->cpu0_STLB WRITE        ACCESS:          0 HIT:          0 MISS:          0 MSHR_MERGE:          0
cpu0->cpu0_STLB TRANSLATION  ACCESS:          0 HIT:          0 MISS:          0 MSHR_MERGE:          0
cpu0->cpu0_STLB PREFETCH REQUESTED:          0 ISSUED:          0 USEFUL:          0 USELESS:          0
cpu0->cpu0_STLB AVERAGE MISS LATENCY: 399.5 cycles
cpu0->cpu0_L2C TOTAL        ACCESS:    2591964 HIT:    1498983 MISS:    1092981 MSHR_MERGE:          0
cpu0->cpu0_L2C LOAD         ACCESS:    1270028 HIT:     693150 MISS:     576878 MSHR_MERGE:          0
cpu0->cpu0_L2C RFO          ACCESS:     546037 HIT:      30177 MISS:     515860 MSHR_MERGE:          0
cpu0->cpu0_L2C PREFETCH     ACCESS:          0 HIT:          0 MISS:          0 MSHR_MERGE:          0
cpu0->cpu0_L2C WRITE        ACCESS:     775897 HIT:     775656 MISS:        241 MSHR_MERGE:          0
cpu0->cpu0_L2C TRANSLATION  ACCESS:          2 HIT:          0 MISS:          2 MSHR_MERGE:          0
cpu0->cpu0_L2C PREFETCH REQUESTED:          0 ISSUED:          0 USEFUL:          0 USELESS:          0
cpu0->cpu0_L2C AVERAGE MISS LATENCY: 155 cycles
cpu0->cpu0_L1I TOTAL        ACCESS:   19040439 HIT:   19033511 MISS:       6928 MSHR_MERGE:       4713
cpu0->cpu0_L1I LOAD         ACCESS:   19040439 HIT:   19033511 MISS:       6928 MSHR_MERGE:       4713
cpu0->cpu0_L1I RFO          ACCESS:          0 HIT:          0 MISS:          0 MSHR_MERGE:          0
cpu0->cpu0_L1I PREFETCH     ACCESS:          0 HIT:          0 MISS:          0 MSHR_MERGE:          0
cpu0->cpu0_L1I WRITE        ACCESS:          0 HIT:          0 MISS:          0 MSHR_MERGE:          0
cpu0->cpu0_L1I TRANSLATION  ACCESS:          0 HIT:          0 MISS:          0 MSHR_MERGE:          0
cpu0->cpu0_L1I PREFETCH REQUESTED:          0 ISSUED:          0 USEFUL:          0 USELESS:          0
cpu0->cpu0_L1I AVERAGE MISS LATENCY: 298.6 cycles
cpu0->cpu0_L1D TOTAL        ACCESS:   20051076 HIT:   14728016 MISS:    5323060 MSHR_MERGE:    3509208
cpu0->cpu0_L1D LOAD         ACCESS:   13431202 HIT:   10510310 MISS:    2920892 MSHR_MERGE:    1653079
cpu0->cpu0_L1D RFO          ACCESS:          0 HIT:          0 MISS:          0 MSHR_MERGE:          0
cpu0->cpu0_L1D PREFETCH     ACCESS:          0 HIT:          0 MISS:          0 MSHR_MERGE:          0
cpu0->cpu0_L1D WRITE        ACCESS:    6619872 HIT:    4217706 MISS:    2402166 MSHR_MERGE:    1856129
cpu0->cpu0_L1D TRANSLATION  ACCESS:          2 HIT:          0 MISS:          2 MSHR_MERGE:          0
cpu0->cpu0_L1D PREFETCH REQUESTED:          0 ISSUED:          0 USEFUL:          0 USELESS:          0
cpu0->cpu0_L1D AVERAGE MISS LATENCY: 101.7 cycles
cpu0->cpu0_ITLB TOTAL        ACCESS:   16748436 HIT:   16748436 MISS:          0 MSHR_MERGE:          0
cpu0->cpu0_ITLB LOAD         ACCESS:   16748436 HIT:   16748436 MISS:          0 MSHR_MERGE:          0
cpu0->cpu0_ITLB RFO          ACCESS:          0 HIT:          0 MISS:          0 MSHR_MERGE:          0
cpu0->cpu0_ITLB PREFETCH     ACCESS:          0 HIT:          0 MISS:          0 MSHR_MERGE:          0
cpu0->cpu0_ITLB WRITE        ACCESS:          0 HIT:          0 MISS:          0 MSHR_MERGE:          0
cpu0->cpu0_ITLB TRANSLATION  ACCESS:          0 HIT:          0 MISS:          0 MSHR_MERGE:          0
cpu0->cpu0_ITLB PREFETCH REQUESTED:          0 ISSUED:          0 USEFUL:          0 USELESS:          0
cpu0->cpu0_ITLB AVERAGE MISS LATENCY: - cycles
cpu0->cpu0_DTLB TOTAL        ACCESS:   17799009 HIT:   17798999 MISS:         10 MSHR_MERGE:          8
cpu0->cpu0_DTLB LOAD         ACCESS:   17799009 HIT:   17798999 MISS:         10 MSHR_MERGE:          8
cpu0->cpu0_DTLB RFO          ACCESS:          0 HIT:          0 MISS:          0 MSHR_MERGE:          0
cpu0->cpu0_DTLB PREFETCH     ACCESS:          0 HIT:          0 MISS:          0 MSHR_MERGE:          0
cpu0->cpu0_DTLB WRITE        ACCESS:          0 HIT:          0 MISS:          0 MSHR_MERGE:          0
cpu0->cpu0_DTLB TRANSLATION  ACCESS:          0 HIT:          0 MISS:          0 MSHR_MERGE:          0
cpu0->cpu0_DTLB PREFETCH REQUESTED:          0 ISSUED:          0 USEFUL:          0 USELESS:          0
cpu0->cpu0_DTLB AVERAGE MISS LATENCY: 405.5 cycles
cpu0->LLC TOTAL        ACCESS:    1699077 HIT:     944879 MISS:     754198 MSHR_MERGE:          0
cpu0->LLC LOAD         ACCESS:     576877 HIT:     257549 MISS:     319328 MSHR_MERGE:          0
cpu0->LLC RFO          ACCESS:     515860 HIT:     299771 MISS:     216089 MSHR_MERGE:          0
cpu0->LLC PREFETCH     ACCESS:          0 HIT:          0 MISS:          0 MSHR_MERGE:          0
cpu0->LLC WRITE        ACCESS:     606338 HIT:     387559 MISS:     218779 MSHR_MERGE:          0
cpu0->LLC TRANSLATION  ACCESS:          2 HIT:          0 MISS:          2 MSHR_MERGE:          0
cpu0->LLC PREFETCH REQUESTED:          0 ISSUED:          0 USEFUL:          0 USELESS:          0
cpu0->LLC AVERAGE MISS LATENCY: 1432 cycles
cpu1->LLC TOTAL        ACCESS:    1753080 HIT:    1028681 MISS:     724399 MSHR_MERGE:          0
cpu1->LLC LOAD         ACCESS:     589532 HIT:     262143 MISS:     327389 MSHR_MERGE:          0
cpu1->LLC RFO          ACCESS:     535638 HIT:     365493 MISS:     170145 MSHR_MERGE:          0
cpu1->LLC PREFETCH     ACCESS:          0 HIT:          0 MISS:          0 MSHR_MERGE:          0
cpu1->LLC WRITE        ACCESS:     627908 HIT:     401045 MISS:     226863 MSHR_MERGE:          0
cpu1->LLC TRANSLATION  ACCESS:          2 HIT:          0 MISS:          2 MSHR_MERGE:          0
cpu1->LLC PREFETCH REQUESTED:          0 ISSUED:          0 USEFUL:          0 USELESS:          0
cpu1->LLC AVERAGE MISS LATENCY: 1491 cycles
cpu2->LLC TOTAL        ACCESS:    1774755 HIT:    1096120 MISS:     678635 MSHR_MERGE:          0
cpu2->LLC LOAD         ACCESS:     593972 HIT:     272453 MISS:     321519 MSHR_MERGE:          0
cpu2->LLC RFO          ACCESS:     543205 HIT:     398234 MISS:     144971 MSHR_MERGE:          0
cpu2->LLC PREFETCH     ACCESS:          0 HIT:          0 MISS:          0 MSHR_MERGE:          0
cpu2->LLC WRITE        ACCESS:     637576 HIT:     425433 MISS:     212143 MSHR_MERGE:          0
cpu2->LLC TRANSLATION  ACCESS:          2 HIT:          0 MISS:          2 MSHR_MERGE:          0
cpu2->LLC PREFETCH REQUESTED:          0 ISSUED:          0 USEFUL:          0 USELESS:          0
cpu2->LLC AVERAGE MISS LATENCY: 1591 cycles
cpu3->LLC TOTAL        ACCESS:    1795022 HIT:    1161538 MISS:     633484 MSHR_MERGE:          0
cpu3->LLC LOAD         ACCESS:     602376 HIT:     289928 MISS:     312448 MSHR_MERGE:          0
cpu3->LLC RFO          ACCESS:     548760 HIT:     415332 MISS:     133428 MSHR_MERGE:          0
cpu3->LLC PREFETCH     ACCESS:          0 HIT:          0 MISS:          0 MSHR_MERGE:          0
cpu3->LLC WRITE        ACCESS:     643884 HIT:     456278 MISS:     187606 MSHR_MERGE:          0
cpu3->LLC TRANSLATION  ACCESS:          2 HIT:          0 MISS:          2 MSHR_MERGE:          0
cpu3->LLC PREFETCH REQUESTED:          0 ISSUED:          0 USEFUL:          0 USELESS:          0
cpu3->LLC AVERAGE MISS LATENCY: 1705 cycles
cpu4->LLC TOTAL        ACCESS:    1724740 HIT:    1069087 MISS:     655653 MSHR_MERGE:          0
cpu4->LLC LOAD         ACCESS:     586140 HIT:     270712 MISS:     315428 MSHR_MERGE:          0
cpu4->LLC RFO          ACCESS:     522749 HIT:     381596 MISS:     141153 MSHR_MERGE:          0
cpu4->LLC PREFETCH     ACCESS:          0 HIT:          0 MISS:          0 MSHR_MERGE:          0
cpu4->LLC WRITE        ACCESS:     615849 HIT:     416779 MISS:     199070 MSHR_MERGE:          0
cpu4->LLC TRANSLATION  ACCESS:          2 HIT:          0 MISS:          2 MSHR_MERGE:          0
cpu4->LLC PREFETCH REQUESTED:          0 ISSUED:          0 USEFUL:          0 USELESS:          0
cpu4->LLC AVERAGE MISS LATENCY: 1647 cycles
cpu5->LLC TOTAL        ACCESS:    1743172 HIT:    1080135 MISS:     663037 MSHR_MERGE:          0
cpu5->LLC LOAD         ACCESS:     591192 HIT:     270652 MISS:     320540 MSHR_MERGE:          0
cpu5->LLC RFO          ACCESS:     528540 HIT:     391536 MISS:     137004 MSHR_MERGE:          0
cpu5->LLC PREFETCH     ACCESS:          0 HIT:          0 MISS:          0 MSHR_MERGE:          0
cpu5->LLC WRITE        ACCESS:     623438 HIT:     417947 MISS:     205491 MSHR_MERGE:          0
cpu5->LLC TRANSLATION  ACCESS:          2 HIT:          0 MISS:          2 MSHR_MERGE:          0
cpu5->LLC PREFETCH REQUESTED:          0 ISSUED:          0 USEFUL:          0 USELESS:          0
cpu5->LLC AVERAGE MISS LATENCY: 1629 cycles
cpu6->LLC TOTAL        ACCESS:    1745811 HIT:    1086212 MISS:     659599 MSHR_MERGE:          0
cpu6->LLC LOAD         ACCESS:     592147 HIT:     272495 MISS:     319652 MSHR_MERGE:          0
cpu6->LLC RFO          ACCESS:     528753 HIT:     393199 MISS:     135554 MSHR_MERGE:          0
cpu6->LLC PREFETCH     ACCESS:          0 HIT:          0 MISS:          0 MSHR_MERGE:          0
cpu6->LLC WRITE        ACCESS:     624909 HIT:     420518 MISS:     204391 MSHR_MERGE:          0
cpu6->LLC TRANSLATION  ACCESS:          2 HIT:          0 MISS:          2 MSHR_MERGE:          0
cpu6->LLC PREFETCH REQUESTED:          0 ISSUED:          0 USEFUL:          0 USELESS:          0
cpu6->LLC AVERAGE MISS LATENCY: 1637 cycles
cpu7->LLC TOTAL        ACCESS:    1798502 HIT:    1150425 MISS:     648077 MSHR_MERGE:          0
cpu7->LLC LOAD         ACCESS:     604589 HIT:     289829 MISS:     314760 MSHR_MERGE:          0
cpu7->LLC RFO          ACCESS:     546894 HIT:     414255 MISS:     132639 MSHR_MERGE:          0
cpu7->LLC PREFETCH     ACCESS:          0 HIT:          0 MISS:          0 MSHR_MERGE:          0
cpu7->LLC WRITE        ACCESS:     647017 HIT:     446341 MISS:     200676 MSHR_MERGE:          0
cpu7->LLC TRANSLATION  ACCESS:          2 HIT:          0 MISS:          2 MSHR_MERGE:          0
cpu7->LLC PREFETCH REQUESTED:          0 ISSUED:          0 USEFUL:          0 USELESS:          0
cpu7->LLC AVERAGE MISS LATENCY: 1666 cycles

DRAM Statistics

Channel 0 READ REQS:    1879418	WRITE REQS:     893297
  READS:    1879066	READ_HITS:          0
  WRITES:     893287	WRITE HITS:          0
  ACTIVATES:    2772356	PRECHARGES:    2772353
  RQ FULL:          0	WQ FULL:      17370
  WRITE DRAINS:      43123	FORCED:      14316
  MEAN WRITE IMBALANCE: 1.7864248776754863
  READ OCCU PRE DRAIN: 2.3099969853674374	POST DRAIN: 6.197852654036129
  MEAN WLP: 11.63446420703569
  READ LATENCY: 67.91439949421681
  TIME IN WRITE MODE: 5373360512

Channel 1 READ REQS:    1882645	WRITE REQS:     893569
  READS:    1882284	READ_HITS:          0
  WRITES:     893547	WRITE HITS:          0
  ACTIVATES:    2775835	PRECHARGES:    2775831
  RQ FULL:          0	WQ FULL:      20036
  WRITE DRAINS:      42494	FORCED:      14434
  MEAN WRITE IMBALANCE: 1.8046547747917352
  READ OCCU PRE DRAIN: 2.3720995905304276	POST DRAIN: 6.174118699110463
  MEAN WLP: 11.785052007342212
  READ LATENCY: 67.66215247008422
  TIME IN WRITE MODE: 5363213856
---------------------------------------
Begin Slurm Epilog: Apr-07-2025 21:55:05
Job ID:        3599734
User ID:       svittal8
Account:       gts-mqureshi4-rg
Job name:      wrap
Resources:     cpu=1,mem=4G,node=1
Rsrc Used:     cput=02:30:43,vmem=0,walltime=02:30:43,mem=637312K,energy_used=0
Partition:     cpu-small
QOS:           inferno
Nodes:         atl1-1-03-003-7-2
---------------------------------------
