---------------------------------------
Begin Slurm Prolog: Apr-10-2025 03:10:49
Job ID:    3743247
User ID:   svittal8
Account:   gts-mqureshi4-rg
Job name:  wrap
Partition: cpu-small
QOS:       inferno
---------------------------------------
[VMEM] WARNING: physical memory size is smaller than virtual memory size.

*** ChampSim Multicore Out-of-Order Simulator ***
Warmup Instructions: 25000000
Simulation Instructions: 100000000
Number of CPUs: 8
Page size: 2097152

CL :	 16.64 ns
CWL :	 15.808 ns
tRP :	 16.224 ns
tRCD :	 16.224 ns
tRAS :	 32.032000000000004 ns
tRTP :	 7.904 ns
tWR :	 30.368000000000002 ns

tCCD_S :	 3.3280000000000003 ns
tCCD_S_WR :	 3.3280000000000003 ns
tCCD_S_WTR :	 22.048000000000002 ns
tCCD_L :	 5.408 ns
tCCD_L_WR :	 20.384 ns
tCCD_L_WTR :	 29.536 ns
tRRD_S :	 3.3280000000000003 ns
tRRD_L :	 5.408 ns
tFAW :	 13.728 ns
Address mapping (perm = 1) 	ch co bg bg bg ba ba co co co co co co ro ro ro ro ro ro ro ro ro ro ro ro ro ro ro 
dram queue size: R = 64 W = 48 (low:high is 8:40)
Heartbeat CPU 0 instructions: 10000002 cycles: 4967029 heartbeat IPC: 2.013 cumulative IPC: 2.013 (Simulation time: 00 hr 10 min 06 sec)
Heartbeat CPU 1 instructions: 10000002 cycles: 4968510 heartbeat IPC: 2.013 cumulative IPC: 2.013 (Simulation time: 00 hr 10 min 06 sec)
Heartbeat CPU 2 instructions: 10000002 cycles: 4969016 heartbeat IPC: 2.012 cumulative IPC: 2.012 (Simulation time: 00 hr 10 min 06 sec)
Heartbeat CPU 3 instructions: 10000002 cycles: 4969272 heartbeat IPC: 2.012 cumulative IPC: 2.012 (Simulation time: 00 hr 10 min 06 sec)
Heartbeat CPU 4 instructions: 10000002 cycles: 4969482 heartbeat IPC: 2.012 cumulative IPC: 2.012 (Simulation time: 00 hr 10 min 06 sec)
Heartbeat CPU 5 instructions: 10000002 cycles: 4969627 heartbeat IPC: 2.012 cumulative IPC: 2.012 (Simulation time: 00 hr 10 min 06 sec)
Heartbeat CPU 6 instructions: 10000002 cycles: 4969747 heartbeat IPC: 2.012 cumulative IPC: 2.012 (Simulation time: 00 hr 10 min 06 sec)
Heartbeat CPU 7 instructions: 10000002 cycles: 4969852 heartbeat IPC: 2.012 cumulative IPC: 2.012 (Simulation time: 00 hr 10 min 06 sec)
Heartbeat CPU 0 instructions: 20000003 cycles: 9966490 heartbeat IPC: 2 cumulative IPC: 2.007 (Simulation time: 00 hr 20 min 12 sec)
Heartbeat CPU 1 instructions: 20000006 cycles: 9968586 heartbeat IPC: 2 cumulative IPC: 2.006 (Simulation time: 00 hr 20 min 12 sec)
Heartbeat CPU 2 instructions: 20000006 cycles: 9969027 heartbeat IPC: 2 cumulative IPC: 2.006 (Simulation time: 00 hr 20 min 12 sec)
Heartbeat CPU 3 instructions: 20000006 cycles: 9969285 heartbeat IPC: 2 cumulative IPC: 2.006 (Simulation time: 00 hr 20 min 12 sec)
Heartbeat CPU 4 instructions: 20000006 cycles: 9969606 heartbeat IPC: 2 cumulative IPC: 2.006 (Simulation time: 00 hr 20 min 12 sec)
Heartbeat CPU 5 instructions: 20000006 cycles: 9969814 heartbeat IPC: 2 cumulative IPC: 2.006 (Simulation time: 00 hr 20 min 12 sec)
Heartbeat CPU 6 instructions: 20000006 cycles: 9969975 heartbeat IPC: 2 cumulative IPC: 2.006 (Simulation time: 00 hr 20 min 12 sec)
Heartbeat CPU 7 instructions: 20000006 cycles: 9970119 heartbeat IPC: 2 cumulative IPC: 2.006 (Simulation time: 00 hr 20 min 12 sec)
Warmup finished CPU 0 instructions: 25000002 cycles: 12466158 cumulative IPC: 2.005 (Simulation time: 00 hr 25 min 13 sec)
Warmup finished CPU 1 instructions: 25000002 cycles: 12468670 cumulative IPC: 2.005 (Simulation time: 00 hr 25 min 14 sec)
Warmup finished CPU 2 instructions: 25000002 cycles: 12469081 cumulative IPC: 2.005 (Simulation time: 00 hr 25 min 14 sec)
Warmup finished CPU 3 instructions: 25000002 cycles: 12469288 cumulative IPC: 2.005 (Simulation time: 00 hr 25 min 14 sec)
Warmup finished CPU 4 instructions: 25000002 cycles: 12469689 cumulative IPC: 2.005 (Simulation time: 00 hr 25 min 14 sec)
Warmup finished CPU 5 instructions: 25000002 cycles: 12469898 cumulative IPC: 2.005 (Simulation time: 00 hr 25 min 14 sec)
Warmup finished CPU 6 instructions: 25000002 cycles: 12470100 cumulative IPC: 2.005 (Simulation time: 00 hr 25 min 14 sec)
Warmup finished CPU 7 instructions: 25000002 cycles: 12470276 cumulative IPC: 2.005 (Simulation time: 00 hr 25 min 14 sec)
Warmup complete CPU 7 instructions: 25000002 cycles: 12470276 cumulative IPC: 2.005 (Simulation time: 00 hr 25 min 14 sec)
Warmup complete CPU 6 instructions: 25000381 cycles: 12470276 cumulative IPC: 2.005 (Simulation time: 00 hr 25 min 14 sec)
Warmup complete CPU 5 instructions: 25000765 cycles: 12470276 cumulative IPC: 2.005 (Simulation time: 00 hr 25 min 14 sec)
Warmup complete CPU 4 instructions: 25001197 cycles: 12470276 cumulative IPC: 2.005 (Simulation time: 00 hr 25 min 14 sec)
Warmup complete CPU 3 instructions: 25001985 cycles: 12470276 cumulative IPC: 2.005 (Simulation time: 00 hr 25 min 14 sec)
Warmup complete CPU 2 instructions: 25002397 cycles: 12470276 cumulative IPC: 2.005 (Simulation time: 00 hr 25 min 14 sec)
Warmup complete CPU 1 instructions: 25003213 cycles: 12470276 cumulative IPC: 2.005 (Simulation time: 00 hr 25 min 14 sec)
Warmup complete CPU 0 instructions: 25008250 cycles: 12470276 cumulative IPC: 2.005 (Simulation time: 00 hr 25 min 14 sec)
Heartbeat CPU 3 instructions: 30000006 cycles: 34938274 heartbeat IPC: 0.4005 cumulative IPC: 0.2225 (Simulation time: 00 hr 47 min 28 sec)
Heartbeat CPU 7 instructions: 30000006 cycles: 34993388 heartbeat IPC: 0.3996 cumulative IPC: 0.222 (Simulation time: 00 hr 47 min 31 sec)
Heartbeat CPU 1 instructions: 30000006 cycles: 35015921 heartbeat IPC: 0.3992 cumulative IPC: 0.2216 (Simulation time: 00 hr 47 min 32 sec)
Heartbeat CPU 2 instructions: 30000006 cycles: 35077875 heartbeat IPC: 0.3983 cumulative IPC: 0.2211 (Simulation time: 00 hr 47 min 36 sec)
Heartbeat CPU 6 instructions: 30000008 cycles: 35080755 heartbeat IPC: 0.3982 cumulative IPC: 0.2211 (Simulation time: 00 hr 47 min 36 sec)
Heartbeat CPU 5 instructions: 30000006 cycles: 35089565 heartbeat IPC: 0.3981 cumulative IPC: 0.221 (Simulation time: 00 hr 47 min 36 sec)
Heartbeat CPU 0 instructions: 30000006 cycles: 35132580 heartbeat IPC: 0.3974 cumulative IPC: 0.2203 (Simulation time: 00 hr 47 min 39 sec)
Heartbeat CPU 4 instructions: 30000006 cycles: 35161335 heartbeat IPC: 0.397 cumulative IPC: 0.2203 (Simulation time: 00 hr 47 min 41 sec)
Heartbeat CPU 3 instructions: 40000008 cycles: 79807950 heartbeat IPC: 0.2229 cumulative IPC: 0.2227 (Simulation time: 01 hr 31 min 58 sec)
Heartbeat CPU 6 instructions: 40000008 cycles: 79896054 heartbeat IPC: 0.2231 cumulative IPC: 0.2225 (Simulation time: 01 hr 32 min 03 sec)
Heartbeat CPU 7 instructions: 40000008 cycles: 79922023 heartbeat IPC: 0.2226 cumulative IPC: 0.2224 (Simulation time: 01 hr 32 min 05 sec)
Heartbeat CPU 0 instructions: 40000010 cycles: 79931005 heartbeat IPC: 0.2232 cumulative IPC: 0.2222 (Simulation time: 01 hr 32 min 05 sec)
Heartbeat CPU 5 instructions: 40000008 cycles: 79942052 heartbeat IPC: 0.223 cumulative IPC: 0.2223 (Simulation time: 01 hr 32 min 06 sec)
Heartbeat CPU 1 instructions: 40000008 cycles: 79962358 heartbeat IPC: 0.2225 cumulative IPC: 0.2222 (Simulation time: 01 hr 32 min 07 sec)
Heartbeat CPU 2 instructions: 40000008 cycles: 80016965 heartbeat IPC: 0.2225 cumulative IPC: 0.222 (Simulation time: 01 hr 32 min 10 sec)
Heartbeat CPU 4 instructions: 40000010 cycles: 80055663 heartbeat IPC: 0.2227 cumulative IPC: 0.2219 (Simulation time: 01 hr 32 min 13 sec)
Heartbeat CPU 0 instructions: 50000012 cycles: 125042949 heartbeat IPC: 0.2217 cumulative IPC: 0.222 (Simulation time: 02 hr 16 min 47 sec)
Heartbeat CPU 6 instructions: 50000012 cycles: 125050763 heartbeat IPC: 0.2215 cumulative IPC: 0.2221 (Simulation time: 02 hr 16 min 47 sec)
Heartbeat CPU 3 instructions: 50000012 cycles: 125054422 heartbeat IPC: 0.221 cumulative IPC: 0.222 (Simulation time: 02 hr 16 min 47 sec)
Heartbeat CPU 1 instructions: 50000012 cycles: 125086382 heartbeat IPC: 0.2216 cumulative IPC: 0.222 (Simulation time: 02 hr 16 min 49 sec)
Heartbeat CPU 7 instructions: 50000009 cycles: 125116562 heartbeat IPC: 0.2213 cumulative IPC: 0.2219 (Simulation time: 02 hr 16 min 51 sec)
Heartbeat CPU 4 instructions: 50000012 cycles: 125133806 heartbeat IPC: 0.2218 cumulative IPC: 0.2219 (Simulation time: 02 hr 16 min 52 sec)
Heartbeat CPU 2 instructions: 50000012 cycles: 125500432 heartbeat IPC: 0.2199 cumulative IPC: 0.2212 (Simulation time: 02 hr 17 min 14 sec)
Heartbeat CPU 5 instructions: 50000012 cycles: 125523848 heartbeat IPC: 0.2194 cumulative IPC: 0.2211 (Simulation time: 02 hr 17 min 15 sec)
Heartbeat CPU 6 instructions: 60000013 cycles: 169502822 heartbeat IPC: 0.225 cumulative IPC: 0.2229 (Simulation time: 03 hr 00 min 51 sec)
Heartbeat CPU 1 instructions: 60000016 cycles: 169547039 heartbeat IPC: 0.2249 cumulative IPC: 0.2228 (Simulation time: 03 hr 00 min 54 sec)
Heartbeat CPU 7 instructions: 60000011 cycles: 169560723 heartbeat IPC: 0.225 cumulative IPC: 0.2228 (Simulation time: 03 hr 00 min 55 sec)
Heartbeat CPU 0 instructions: 60000013 cycles: 169585516 heartbeat IPC: 0.2245 cumulative IPC: 0.2227 (Simulation time: 03 hr 00 min 56 sec)
Heartbeat CPU 3 instructions: 60000013 cycles: 169670000 heartbeat IPC: 0.2241 cumulative IPC: 0.2226 (Simulation time: 03 hr 01 min 01 sec)
Heartbeat CPU 4 instructions: 60000016 cycles: 169736606 heartbeat IPC: 0.2242 cumulative IPC: 0.2225 (Simulation time: 03 hr 01 min 05 sec)
Heartbeat CPU 5 instructions: 60000013 cycles: 169927644 heartbeat IPC: 0.2252 cumulative IPC: 0.2223 (Simulation time: 03 hr 01 min 17 sec)
Heartbeat CPU 2 instructions: 60000013 cycles: 169964927 heartbeat IPC: 0.2249 cumulative IPC: 0.2222 (Simulation time: 03 hr 01 min 19 sec)
Heartbeat CPU 7 instructions: 70000013 cycles: 214422217 heartbeat IPC: 0.2229 cumulative IPC: 0.2228 (Simulation time: 03 hr 45 min 12 sec)
Heartbeat CPU 0 instructions: 70000013 cycles: 214436158 heartbeat IPC: 0.223 cumulative IPC: 0.2228 (Simulation time: 03 hr 45 min 13 sec)
Heartbeat CPU 6 instructions: 70000013 cycles: 214590067 heartbeat IPC: 0.2218 cumulative IPC: 0.2226 (Simulation time: 03 hr 45 min 22 sec)
Heartbeat CPU 1 instructions: 70000018 cycles: 214607582 heartbeat IPC: 0.2219 cumulative IPC: 0.2226 (Simulation time: 03 hr 45 min 23 sec)
Heartbeat CPU 4 instructions: 70000018 cycles: 214632329 heartbeat IPC: 0.2227 cumulative IPC: 0.2226 (Simulation time: 03 hr 45 min 24 sec)
Heartbeat CPU 3 instructions: 70000013 cycles: 214746214 heartbeat IPC: 0.2218 cumulative IPC: 0.2225 (Simulation time: 03 hr 45 min 31 sec)
Heartbeat CPU 5 instructions: 70000013 cycles: 214832782 heartbeat IPC: 0.2227 cumulative IPC: 0.2224 (Simulation time: 03 hr 45 min 36 sec)
Heartbeat CPU 2 instructions: 70000015 cycles: 215069071 heartbeat IPC: 0.2217 cumulative IPC: 0.2221 (Simulation time: 03 hr 45 min 50 sec)
Heartbeat CPU 4 instructions: 80000022 cycles: 259672278 heartbeat IPC: 0.222 cumulative IPC: 0.2225 (Simulation time: 04 hr 29 min 44 sec)
Heartbeat CPU 0 instructions: 80000017 cycles: 259833851 heartbeat IPC: 0.2203 cumulative IPC: 0.2223 (Simulation time: 04 hr 29 min 53 sec)
Heartbeat CPU 5 instructions: 80000017 cycles: 259973074 heartbeat IPC: 0.2215 cumulative IPC: 0.2222 (Simulation time: 04 hr 30 min 01 sec)
Heartbeat CPU 6 instructions: 80000017 cycles: 259973702 heartbeat IPC: 0.2203 cumulative IPC: 0.2222 (Simulation time: 04 hr 30 min 01 sec)
Heartbeat CPU 7 instructions: 80000014 cycles: 259976673 heartbeat IPC: 0.2195 cumulative IPC: 0.2222 (Simulation time: 04 hr 30 min 02 sec)
Heartbeat CPU 1 instructions: 80000022 cycles: 260066405 heartbeat IPC: 0.22 cumulative IPC: 0.2221 (Simulation time: 04 hr 30 min 07 sec)
Heartbeat CPU 3 instructions: 80000017 cycles: 260147436 heartbeat IPC: 0.2203 cumulative IPC: 0.2221 (Simulation time: 04 hr 30 min 12 sec)
Heartbeat CPU 2 instructions: 80000017 cycles: 260368046 heartbeat IPC: 0.2208 cumulative IPC: 0.2219 (Simulation time: 04 hr 30 min 25 sec)
Heartbeat CPU 4 instructions: 90000024 cycles: 304277267 heartbeat IPC: 0.2242 cumulative IPC: 0.2227 (Simulation time: 05 hr 14 min 11 sec)
Heartbeat CPU 1 instructions: 90000024 cycles: 304496349 heartbeat IPC: 0.2251 cumulative IPC: 0.2226 (Simulation time: 05 hr 14 min 25 sec)
Heartbeat CPU 6 instructions: 90000019 cycles: 304512435 heartbeat IPC: 0.2245 cumulative IPC: 0.2226 (Simulation time: 05 hr 14 min 26 sec)
Heartbeat CPU 0 instructions: 90000019 cycles: 304779289 heartbeat IPC: 0.2225 cumulative IPC: 0.2223 (Simulation time: 05 hr 14 min 42 sec)
Heartbeat CPU 7 instructions: 90000016 cycles: 304787703 heartbeat IPC: 0.2232 cumulative IPC: 0.2224 (Simulation time: 05 hr 14 min 43 sec)
Heartbeat CPU 5 instructions: 90000021 cycles: 304790019 heartbeat IPC: 0.2231 cumulative IPC: 0.2224 (Simulation time: 05 hr 14 min 43 sec)
Heartbeat CPU 3 instructions: 90000019 cycles: 304903976 heartbeat IPC: 0.2234 cumulative IPC: 0.2223 (Simulation time: 05 hr 14 min 50 sec)
Heartbeat CPU 2 instructions: 90000019 cycles: 305276381 heartbeat IPC: 0.2227 cumulative IPC: 0.222 (Simulation time: 05 hr 15 min 13 sec)
Heartbeat CPU 4 instructions: 100000028 cycles: 349077079 heartbeat IPC: 0.2232 cumulative IPC: 0.2228 (Simulation time: 05 hr 59 min 20 sec)
Heartbeat CPU 1 instructions: 100000028 cycles: 349192260 heartbeat IPC: 0.2237 cumulative IPC: 0.2227 (Simulation time: 05 hr 59 min 27 sec)
Heartbeat CPU 0 instructions: 100000023 cycles: 349381461 heartbeat IPC: 0.2242 cumulative IPC: 0.2226 (Simulation time: 05 hr 59 min 38 sec)
Heartbeat CPU 6 instructions: 100000023 cycles: 349398103 heartbeat IPC: 0.2228 cumulative IPC: 0.2226 (Simulation time: 05 hr 59 min 39 sec)
Heartbeat CPU 5 instructions: 100000023 cycles: 349582197 heartbeat IPC: 0.2233 cumulative IPC: 0.2225 (Simulation time: 05 hr 59 min 50 sec)
Heartbeat CPU 7 instructions: 100000018 cycles: 349594231 heartbeat IPC: 0.2232 cumulative IPC: 0.2225 (Simulation time: 05 hr 59 min 51 sec)
Heartbeat CPU 3 instructions: 100000020 cycles: 349975704 heartbeat IPC: 0.2219 cumulative IPC: 0.2222 (Simulation time: 06 hr 00 min 14 sec)
Heartbeat CPU 2 instructions: 100000023 cycles: 350182871 heartbeat IPC: 0.2227 cumulative IPC: 0.2221 (Simulation time: 06 hr 00 min 26 sec)
Heartbeat CPU 4 instructions: 110000029 cycles: 394148260 heartbeat IPC: 0.2219 cumulative IPC: 0.2227 (Simulation time: 06 hr 44 min 04 sec)
Heartbeat CPU 1 instructions: 110000029 cycles: 394239049 heartbeat IPC: 0.222 cumulative IPC: 0.2226 (Simulation time: 06 hr 44 min 10 sec)
Heartbeat CPU 0 instructions: 110000024 cycles: 394272272 heartbeat IPC: 0.2228 cumulative IPC: 0.2226 (Simulation time: 06 hr 44 min 11 sec)
Heartbeat CPU 6 instructions: 110000024 cycles: 394426698 heartbeat IPC: 0.2221 cumulative IPC: 0.2225 (Simulation time: 06 hr 44 min 21 sec)
Heartbeat CPU 5 instructions: 110000024 cycles: 394547098 heartbeat IPC: 0.2224 cumulative IPC: 0.2225 (Simulation time: 06 hr 44 min 28 sec)
Heartbeat CPU 7 instructions: 110000022 cycles: 394551488 heartbeat IPC: 0.2224 cumulative IPC: 0.2225 (Simulation time: 06 hr 44 min 28 sec)
Heartbeat CPU 3 instructions: 110000022 cycles: 394989516 heartbeat IPC: 0.2222 cumulative IPC: 0.2222 (Simulation time: 06 hr 44 min 54 sec)
Heartbeat CPU 2 instructions: 110000024 cycles: 395254315 heartbeat IPC: 0.2219 cumulative IPC: 0.2221 (Simulation time: 06 hr 45 min 09 sec)
Heartbeat CPU 0 instructions: 120000026 cycles: 439102267 heartbeat IPC: 0.2231 cumulative IPC: 0.2227 (Simulation time: 07 hr 28 min 17 sec)
Heartbeat CPU 1 instructions: 120000029 cycles: 439258871 heartbeat IPC: 0.2221 cumulative IPC: 0.2226 (Simulation time: 07 hr 28 min 26 sec)
Heartbeat CPU 4 instructions: 120000031 cycles: 439329700 heartbeat IPC: 0.2213 cumulative IPC: 0.2226 (Simulation time: 07 hr 28 min 30 sec)
Heartbeat CPU 6 instructions: 120000024 cycles: 439549831 heartbeat IPC: 0.2216 cumulative IPC: 0.2224 (Simulation time: 07 hr 28 min 43 sec)
Heartbeat CPU 7 instructions: 120000024 cycles: 439690732 heartbeat IPC: 0.2215 cumulative IPC: 0.2224 (Simulation time: 07 hr 28 min 52 sec)
Heartbeat CPU 5 instructions: 120000024 cycles: 439720216 heartbeat IPC: 0.2214 cumulative IPC: 0.2224 (Simulation time: 07 hr 28 min 53 sec)
Heartbeat CPU 3 instructions: 120000026 cycles: 440236492 heartbeat IPC: 0.221 cumulative IPC: 0.2221 (Simulation time: 07 hr 29 min 24 sec)
Heartbeat CPU 2 instructions: 120000024 cycles: 440782661 heartbeat IPC: 0.2196 cumulative IPC: 0.2218 (Simulation time: 07 hr 29 min 56 sec)
Simulation finished CPU 0 instructions: 100000000 cycles: 449513809 cumulative IPC: 0.2225 (Simulation time: 07 hr 50 min 44 sec)
Simulation finished CPU 1 instructions: 100000000 cycles: 449903029 cumulative IPC: 0.2223 (Simulation time: 07 hr 51 min 07 sec)
Simulation finished CPU 6 instructions: 100000002 cycles: 449993666 cumulative IPC: 0.2222 (Simulation time: 07 hr 51 min 13 sec)
Simulation finished CPU 4 instructions: 100000000 cycles: 450006720 cumulative IPC: 0.2222 (Simulation time: 07 hr 51 min 13 sec)
Simulation finished CPU 5 instructions: 100000000 cycles: 450112184 cumulative IPC: 0.2222 (Simulation time: 07 hr 51 min 20 sec)
Simulation finished CPU 7 instructions: 100000000 cycles: 450173932 cumulative IPC: 0.2221 (Simulation time: 07 hr 51 min 23 sec)
Simulation finished CPU 3 instructions: 100000000 cycles: 450960477 cumulative IPC: 0.2217 (Simulation time: 07 hr 52 min 10 sec)
Simulation finished CPU 2 instructions: 100000000 cycles: 451406696 cumulative IPC: 0.2215 (Simulation time: 07 hr 52 min 36 sec)
Simulation complete CPU 7 instructions: 100284475 cycles: 451406696 cumulative IPC: 0.2222 (Simulation time: 07 hr 52 min 36 sec)
Simulation complete CPU 6 instructions: 100327152 cycles: 451406696 cumulative IPC: 0.2223 (Simulation time: 07 hr 52 min 36 sec)
Simulation complete CPU 5 instructions: 100295952 cycles: 451406696 cumulative IPC: 0.2222 (Simulation time: 07 hr 52 min 36 sec)
Simulation complete CPU 4 instructions: 100320096 cycles: 451406696 cumulative IPC: 0.2222 (Simulation time: 07 hr 52 min 36 sec)
Simulation complete CPU 3 instructions: 100105228 cycles: 451406696 cumulative IPC: 0.2218 (Simulation time: 07 hr 52 min 36 sec)
Simulation complete CPU 2 instructions: 100000000 cycles: 451406696 cumulative IPC: 0.2215 (Simulation time: 07 hr 52 min 36 sec)
Simulation complete CPU 1 instructions: 100348272 cycles: 451406696 cumulative IPC: 0.2223 (Simulation time: 07 hr 52 min 36 sec)
Simulation complete CPU 0 instructions: 100430451 cycles: 451406696 cumulative IPC: 0.2225 (Simulation time: 07 hr 52 min 36 sec)

ChampSim completed all CPUs

=== Simulation ===
CPU 0 runs TRACES/ctf/stream/scale.champsimtrace.xz
CPU 1 runs TRACES/ctf/stream/scale.champsimtrace.xz
CPU 2 runs TRACES/ctf/stream/scale.champsimtrace.xz
CPU 3 runs TRACES/ctf/stream/scale.champsimtrace.xz
CPU 4 runs TRACES/ctf/stream/scale.champsimtrace.xz
CPU 5 runs TRACES/ctf/stream/scale.champsimtrace.xz
CPU 6 runs TRACES/ctf/stream/scale.champsimtrace.xz
CPU 7 runs TRACES/ctf/stream/scale.champsimtrace.xz

Total Simulation Statistics (not including warmup)

CPU 7 cumulative IPC: 0.2222 instructions: 100284475 cycles: 451406696
CPU 7 Branch Prediction Accuracy: 100% MPKI: 0 Average ROB Occupancy at Mispredict: -
Branch type MPKI
BRANCH_DIRECT_JUMP: 0
BRANCH_INDIRECT: 0
BRANCH_CONDITIONAL: 0
BRANCH_DIRECT_CALL: 0
BRANCH_INDIRECT_CALL: 0
BRANCH_RETURN: 0


CPU 6 cumulative IPC: 0.2223 instructions: 100327152 cycles: 451406696
CPU 6 Branch Prediction Accuracy: 100% MPKI: 0 Average ROB Occupancy at Mispredict: -
Branch type MPKI
BRANCH_DIRECT_JUMP: 0
BRANCH_INDIRECT: 0
BRANCH_CONDITIONAL: 0
BRANCH_DIRECT_CALL: 0
BRANCH_INDIRECT_CALL: 0
BRANCH_RETURN: 0


CPU 5 cumulative IPC: 0.2222 instructions: 100295952 cycles: 451406696
CPU 5 Branch Prediction Accuracy: 100% MPKI: 0 Average ROB Occupancy at Mispredict: -
Branch type MPKI
BRANCH_DIRECT_JUMP: 0
BRANCH_INDIRECT: 0
BRANCH_CONDITIONAL: 0
BRANCH_DIRECT_CALL: 0
BRANCH_INDIRECT_CALL: 0
BRANCH_RETURN: 0


CPU 4 cumulative IPC: 0.2222 instructions: 100320096 cycles: 451406696
CPU 4 Branch Prediction Accuracy: 100% MPKI: 0 Average ROB Occupancy at Mispredict: -
Branch type MPKI
BRANCH_DIRECT_JUMP: 0
BRANCH_INDIRECT: 0
BRANCH_CONDITIONAL: 0
BRANCH_DIRECT_CALL: 0
BRANCH_INDIRECT_CALL: 0
BRANCH_RETURN: 0


CPU 3 cumulative IPC: 0.2218 instructions: 100105228 cycles: 451406696
CPU 3 Branch Prediction Accuracy: 100% MPKI: 0 Average ROB Occupancy at Mispredict: -
Branch type MPKI
BRANCH_DIRECT_JUMP: 0
BRANCH_INDIRECT: 0
BRANCH_CONDITIONAL: 0
BRANCH_DIRECT_CALL: 0
BRANCH_INDIRECT_CALL: 0
BRANCH_RETURN: 0


CPU 2 cumulative IPC: 0.2215 instructions: 100000000 cycles: 451406696
CPU 2 Branch Prediction Accuracy: 100% MPKI: 0 Average ROB Occupancy at Mispredict: -
Branch type MPKI
BRANCH_DIRECT_JUMP: 0
BRANCH_INDIRECT: 0
BRANCH_CONDITIONAL: 0
BRANCH_DIRECT_CALL: 0
BRANCH_INDIRECT_CALL: 0
BRANCH_RETURN: 0


CPU 1 cumulative IPC: 0.2223 instructions: 100348272 cycles: 451406696
CPU 1 Branch Prediction Accuracy: 100% MPKI: 0 Average ROB Occupancy at Mispredict: -
Branch type MPKI
BRANCH_DIRECT_JUMP: 0
BRANCH_INDIRECT: 0
BRANCH_CONDITIONAL: 0
BRANCH_DIRECT_CALL: 0
BRANCH_INDIRECT_CALL: 0
BRANCH_RETURN: 0


CPU 0 cumulative IPC: 0.2225 instructions: 100430451 cycles: 451406696
CPU 0 Branch Prediction Accuracy: 100% MPKI: 0 Average ROB Occupancy at Mispredict: -
Branch type MPKI
BRANCH_DIRECT_JUMP: 0
BRANCH_INDIRECT: 0
BRANCH_CONDITIONAL: 0
BRANCH_DIRECT_CALL: 0
BRANCH_INDIRECT_CALL: 0
BRANCH_RETURN: 0

cpu7->cpu7_STLB TOTAL        ACCESS:        126 HIT:          0 MISS:        126 MSHR_MERGE:          0
cpu7->cpu7_STLB LOAD         ACCESS:        126 HIT:          0 MISS:        126 MSHR_MERGE:          0
cpu7->cpu7_STLB RFO          ACCESS:          0 HIT:          0 MISS:          0 MSHR_MERGE:          0
cpu7->cpu7_STLB PREFETCH     ACCESS:          0 HIT:          0 MISS:          0 MSHR_MERGE:          0
cpu7->cpu7_STLB WRITE        ACCESS:          0 HIT:          0 MISS:          0 MSHR_MERGE:          0
cpu7->cpu7_STLB TRANSLATION  ACCESS:          0 HIT:          0 MISS:          0 MSHR_MERGE:          0
cpu7->cpu7_STLB PREFETCH REQUESTED:          0 ISSUED:          0 USEFUL:          0 USELESS:          0
cpu7->cpu7_STLB AVERAGE MISS LATENCY: 224.3 cycles
cpu7->cpu7_L2C TOTAL        ACCESS:    6267906 HIT:    2089328 MISS:    4178578 MSHR_MERGE:          0
cpu7->cpu7_L2C LOAD         ACCESS:    2089255 HIT:          0 MISS:    2089255 MSHR_MERGE:          0
cpu7->cpu7_L2C RFO          ACCESS:    2089260 HIT:          0 MISS:    2089260 MSHR_MERGE:          0
cpu7->cpu7_L2C PREFETCH     ACCESS:          0 HIT:          0 MISS:          0 MSHR_MERGE:          0
cpu7->cpu7_L2C WRITE        ACCESS:    2089265 HIT:    2089265 MISS:          0 MSHR_MERGE:          0
cpu7->cpu7_L2C TRANSLATION  ACCESS:        126 HIT:         63 MISS:         63 MSHR_MERGE:          0
cpu7->cpu7_L2C PREFETCH REQUESTED:          0 ISSUED:          0 USEFUL:          0 USELESS:          0
cpu7->cpu7_L2C AVERAGE MISS LATENCY: 536.6 cycles
cpu7->cpu7_L1I TOTAL        ACCESS:   30054051 HIT:   30054051 MISS:          0 MSHR_MERGE:          0
cpu7->cpu7_L1I LOAD         ACCESS:   30054051 HIT:   30054051 MISS:          0 MSHR_MERGE:          0
cpu7->cpu7_L1I RFO          ACCESS:          0 HIT:          0 MISS:          0 MSHR_MERGE:          0
cpu7->cpu7_L1I PREFETCH     ACCESS:          0 HIT:          0 MISS:          0 MSHR_MERGE:          0
cpu7->cpu7_L1I WRITE        ACCESS:          0 HIT:          0 MISS:          0 MSHR_MERGE:          0
cpu7->cpu7_L1I TRANSLATION  ACCESS:          0 HIT:          0 MISS:          0 MSHR_MERGE:          0
cpu7->cpu7_L1I PREFETCH REQUESTED:          0 ISSUED:          0 USEFUL:          0 USELESS:          0
cpu7->cpu7_L1I AVERAGE MISS LATENCY: - cycles
cpu7->cpu7_L1D TOTAL        ACCESS:   25105660 HIT:     202063 MISS:   24903597 MSHR_MERGE:   20724956
cpu7->cpu7_L1D LOAD         ACCESS:    8391454 HIT:     202063 MISS:    8189391 MSHR_MERGE:    6100136
cpu7->cpu7_L1D RFO          ACCESS:          0 HIT:          0 MISS:          0 MSHR_MERGE:          0
cpu7->cpu7_L1D PREFETCH     ACCESS:          0 HIT:          0 MISS:          0 MSHR_MERGE:          0
cpu7->cpu7_L1D WRITE        ACCESS:   16714080 HIT:          0 MISS:   16714080 MSHR_MERGE:   14624820
cpu7->cpu7_L1D TRANSLATION  ACCESS:        126 HIT:          0 MISS:        126 MSHR_MERGE:          0
cpu7->cpu7_L1D PREFETCH REQUESTED:          0 ISSUED:          0 USEFUL:          0 USELESS:          0
cpu7->cpu7_L1D AVERAGE MISS LATENCY: 545.6 cycles
cpu7->cpu7_ITLB TOTAL        ACCESS:   23423431 HIT:   23423431 MISS:          0 MSHR_MERGE:          0
cpu7->cpu7_ITLB LOAD         ACCESS:   23423431 HIT:   23423431 MISS:          0 MSHR_MERGE:          0
cpu7->cpu7_ITLB RFO          ACCESS:          0 HIT:          0 MISS:          0 MSHR_MERGE:          0
cpu7->cpu7_ITLB PREFETCH     ACCESS:          0 HIT:          0 MISS:          0 MSHR_MERGE:          0
cpu7->cpu7_ITLB WRITE        ACCESS:          0 HIT:          0 MISS:          0 MSHR_MERGE:          0
cpu7->cpu7_ITLB TRANSLATION  ACCESS:          0 HIT:          0 MISS:          0 MSHR_MERGE:          0
cpu7->cpu7_ITLB PREFETCH REQUESTED:          0 ISSUED:          0 USEFUL:          0 USELESS:          0
cpu7->cpu7_ITLB AVERAGE MISS LATENCY: - cycles
cpu7->cpu7_DTLB TOTAL        ACCESS:   20981531 HIT:   20980366 MISS:       1165 MSHR_MERGE:       1039
cpu7->cpu7_DTLB LOAD         ACCESS:   20981531 HIT:   20980366 MISS:       1165 MSHR_MERGE:       1039
cpu7->cpu7_DTLB RFO          ACCESS:          0 HIT:          0 MISS:          0 MSHR_MERGE:          0
cpu7->cpu7_DTLB PREFETCH     ACCESS:          0 HIT:          0 MISS:          0 MSHR_MERGE:          0
cpu7->cpu7_DTLB WRITE        ACCESS:          0 HIT:          0 MISS:          0 MSHR_MERGE:          0
cpu7->cpu7_DTLB TRANSLATION  ACCESS:          0 HIT:          0 MISS:          0 MSHR_MERGE:          0
cpu7->cpu7_DTLB PREFETCH REQUESTED:          0 ISSUED:          0 USEFUL:          0 USELESS:          0
cpu7->cpu7_DTLB AVERAGE MISS LATENCY: 230.3 cycles
cpu6->cpu6_STLB TOTAL        ACCESS:        126 HIT:          0 MISS:        126 MSHR_MERGE:          0
cpu6->cpu6_STLB LOAD         ACCESS:        126 HIT:          0 MISS:        126 MSHR_MERGE:          0
cpu6->cpu6_STLB RFO          ACCESS:          0 HIT:          0 MISS:          0 MSHR_MERGE:          0
cpu6->cpu6_STLB PREFETCH     ACCESS:          0 HIT:          0 MISS:          0 MSHR_MERGE:          0
cpu6->cpu6_STLB WRITE        ACCESS:          0 HIT:          0 MISS:          0 MSHR_MERGE:          0
cpu6->cpu6_STLB TRANSLATION  ACCESS:          0 HIT:          0 MISS:          0 MSHR_MERGE:          0
cpu6->cpu6_STLB PREFETCH REQUESTED:          0 ISSUED:          0 USEFUL:          0 USELESS:          0
cpu6->cpu6_STLB AVERAGE MISS LATENCY: 224.4 cycles
cpu6->cpu6_L2C TOTAL        ACCESS:    6270570 HIT:    2090215 MISS:    4180355 MSHR_MERGE:          0
cpu6->cpu6_L2C LOAD         ACCESS:    2090144 HIT:          0 MISS:    2090144 MSHR_MERGE:          0
cpu6->cpu6_L2C RFO          ACCESS:    2090148 HIT:          0 MISS:    2090148 MSHR_MERGE:          0
cpu6->cpu6_L2C PREFETCH     ACCESS:          0 HIT:          0 MISS:          0 MSHR_MERGE:          0
cpu6->cpu6_L2C WRITE        ACCESS:    2090152 HIT:    2090152 MISS:          0 MSHR_MERGE:          0
cpu6->cpu6_L2C TRANSLATION  ACCESS:        126 HIT:         63 MISS:         63 MSHR_MERGE:          0
cpu6->cpu6_L2C PREFETCH REQUESTED:          0 ISSUED:          0 USEFUL:          0 USELESS:          0
cpu6->cpu6_L2C AVERAGE MISS LATENCY: 537 cycles
cpu6->cpu6_L1I TOTAL        ACCESS:   30080125 HIT:   30080125 MISS:          0 MSHR_MERGE:          0
cpu6->cpu6_L1I LOAD         ACCESS:   30080125 HIT:   30080125 MISS:          0 MSHR_MERGE:          0
cpu6->cpu6_L1I RFO          ACCESS:          0 HIT:          0 MISS:          0 MSHR_MERGE:          0
cpu6->cpu6_L1I PREFETCH     ACCESS:          0 HIT:          0 MISS:          0 MSHR_MERGE:          0
cpu6->cpu6_L1I WRITE        ACCESS:          0 HIT:          0 MISS:          0 MSHR_MERGE:          0
cpu6->cpu6_L1I TRANSLATION  ACCESS:          0 HIT:          0 MISS:          0 MSHR_MERGE:          0
cpu6->cpu6_L1I PREFETCH REQUESTED:          0 ISSUED:          0 USEFUL:          0 USELESS:          0
cpu6->cpu6_L1I AVERAGE MISS LATENCY: - cycles
cpu6->cpu6_L1D TOTAL        ACCESS:   25147809 HIT:     202192 MISS:   24945617 MSHR_MERGE:   20765198
cpu6->cpu6_L1D LOAD         ACCESS:    8426493 HIT:     202192 MISS:    8224301 MSHR_MERGE:    6134157
cpu6->cpu6_L1D RFO          ACCESS:          0 HIT:          0 MISS:          0 MSHR_MERGE:          0
cpu6->cpu6_L1D PREFETCH     ACCESS:          0 HIT:          0 MISS:          0 MSHR_MERGE:          0
cpu6->cpu6_L1D WRITE        ACCESS:   16721190 HIT:          0 MISS:   16721190 MSHR_MERGE:   14631041
cpu6->cpu6_L1D TRANSLATION  ACCESS:        126 HIT:          0 MISS:        126 MSHR_MERGE:          0
cpu6->cpu6_L1D PREFETCH REQUESTED:          0 ISSUED:          0 USEFUL:          0 USELESS:          0
cpu6->cpu6_L1D AVERAGE MISS LATENCY: 546 cycles
cpu6->cpu6_ITLB TOTAL        ACCESS:   23447365 HIT:   23447365 MISS:          0 MSHR_MERGE:          0
cpu6->cpu6_ITLB LOAD         ACCESS:   23447365 HIT:   23447365 MISS:          0 MSHR_MERGE:          0
cpu6->cpu6_ITLB RFO          ACCESS:          0 HIT:          0 MISS:          0 MSHR_MERGE:          0
cpu6->cpu6_ITLB PREFETCH     ACCESS:          0 HIT:          0 MISS:          0 MSHR_MERGE:          0
cpu6->cpu6_ITLB WRITE        ACCESS:          0 HIT:          0 MISS:          0 MSHR_MERGE:          0
cpu6->cpu6_ITLB TRANSLATION  ACCESS:          0 HIT:          0 MISS:          0 MSHR_MERGE:          0
cpu6->cpu6_ITLB PREFETCH REQUESTED:          0 ISSUED:          0 USEFUL:          0 USELESS:          0
cpu6->cpu6_ITLB AVERAGE MISS LATENCY: - cycles
cpu6->cpu6_DTLB TOTAL        ACCESS:   21014111 HIT:   21012918 MISS:       1193 MSHR_MERGE:       1067
cpu6->cpu6_DTLB LOAD         ACCESS:   21014111 HIT:   21012918 MISS:       1193 MSHR_MERGE:       1067
cpu6->cpu6_DTLB RFO          ACCESS:          0 HIT:          0 MISS:          0 MSHR_MERGE:          0
cpu6->cpu6_DTLB PREFETCH     ACCESS:          0 HIT:          0 MISS:          0 MSHR_MERGE:          0
cpu6->cpu6_DTLB WRITE        ACCESS:          0 HIT:          0 MISS:          0 MSHR_MERGE:          0
cpu6->cpu6_DTLB TRANSLATION  ACCESS:          0 HIT:          0 MISS:          0 MSHR_MERGE:          0
cpu6->cpu6_DTLB PREFETCH REQUESTED:          0 ISSUED:          0 USEFUL:          0 USELESS:          0
cpu6->cpu6_DTLB AVERAGE MISS LATENCY: 230.4 cycles
cpu5->cpu5_STLB TOTAL        ACCESS:        126 HIT:          0 MISS:        126 MSHR_MERGE:          0
cpu5->cpu5_STLB LOAD         ACCESS:        126 HIT:          0 MISS:        126 MSHR_MERGE:          0
cpu5->cpu5_STLB RFO          ACCESS:          0 HIT:          0 MISS:          0 MSHR_MERGE:          0
cpu5->cpu5_STLB PREFETCH     ACCESS:          0 HIT:          0 MISS:          0 MSHR_MERGE:          0
cpu5->cpu5_STLB WRITE        ACCESS:          0 HIT:          0 MISS:          0 MSHR_MERGE:          0
cpu5->cpu5_STLB TRANSLATION  ACCESS:          0 HIT:          0 MISS:          0 MSHR_MERGE:          0
cpu5->cpu5_STLB PREFETCH REQUESTED:          0 ISSUED:          0 USEFUL:          0 USELESS:          0
cpu5->cpu5_STLB AVERAGE MISS LATENCY: 224.3 cycles
cpu5->cpu5_L2C TOTAL        ACCESS:    6268621 HIT:    2089565 MISS:    4179056 MSHR_MERGE:          0
cpu5->cpu5_L2C LOAD         ACCESS:    2089494 HIT:          0 MISS:    2089494 MSHR_MERGE:          0
cpu5->cpu5_L2C RFO          ACCESS:    2089499 HIT:          0 MISS:    2089499 MSHR_MERGE:          0
cpu5->cpu5_L2C PREFETCH     ACCESS:          0 HIT:          0 MISS:          0 MSHR_MERGE:          0
cpu5->cpu5_L2C WRITE        ACCESS:    2089502 HIT:    2089502 MISS:          0 MSHR_MERGE:          0
cpu5->cpu5_L2C TRANSLATION  ACCESS:        126 HIT:         63 MISS:         63 MSHR_MERGE:          0
cpu5->cpu5_L2C PREFETCH REQUESTED:          0 ISSUED:          0 USEFUL:          0 USELESS:          0
cpu5->cpu5_L2C AVERAGE MISS LATENCY: 538.4 cycles
cpu5->cpu5_L1I TOTAL        ACCESS:   30112443 HIT:   30112443 MISS:          0 MSHR_MERGE:          0
cpu5->cpu5_L1I LOAD         ACCESS:   30112443 HIT:   30112443 MISS:          0 MSHR_MERGE:          0
cpu5->cpu5_L1I RFO          ACCESS:          0 HIT:          0 MISS:          0 MSHR_MERGE:          0
cpu5->cpu5_L1I PREFETCH     ACCESS:          0 HIT:          0 MISS:          0 MSHR_MERGE:          0
cpu5->cpu5_L1I WRITE        ACCESS:          0 HIT:          0 MISS:          0 MSHR_MERGE:          0
cpu5->cpu5_L1I TRANSLATION  ACCESS:          0 HIT:          0 MISS:          0 MSHR_MERGE:          0
cpu5->cpu5_L1I PREFETCH REQUESTED:          0 ISSUED:          0 USEFUL:          0 USELESS:          0
cpu5->cpu5_L1I AVERAGE MISS LATENCY: - cycles
cpu5->cpu5_L1D TOTAL        ACCESS:   25095768 HIT:     183288 MISS:   24912480 MSHR_MERGE:   20733361
cpu5->cpu5_L1D LOAD         ACCESS:    8379650 HIT:     183288 MISS:    8196362 MSHR_MERGE:    6106868
cpu5->cpu5_L1D RFO          ACCESS:          0 HIT:          0 MISS:          0 MSHR_MERGE:          0
cpu5->cpu5_L1D PREFETCH     ACCESS:          0 HIT:          0 MISS:          0 MSHR_MERGE:          0
cpu5->cpu5_L1D WRITE        ACCESS:   16715992 HIT:          0 MISS:   16715992 MSHR_MERGE:   14626493
cpu5->cpu5_L1D TRANSLATION  ACCESS:        126 HIT:          0 MISS:        126 MSHR_MERGE:          0
cpu5->cpu5_L1D PREFETCH REQUESTED:          0 ISSUED:          0 USEFUL:          0 USELESS:          0
cpu5->cpu5_L1D AVERAGE MISS LATENCY: 547.4 cycles
cpu5->cpu5_ITLB TOTAL        ACCESS:   23684126 HIT:   23684126 MISS:          0 MSHR_MERGE:          0
cpu5->cpu5_ITLB LOAD         ACCESS:   23684126 HIT:   23684126 MISS:          0 MSHR_MERGE:          0
cpu5->cpu5_ITLB RFO          ACCESS:          0 HIT:          0 MISS:          0 MSHR_MERGE:          0
cpu5->cpu5_ITLB PREFETCH     ACCESS:          0 HIT:          0 MISS:          0 MSHR_MERGE:          0
cpu5->cpu5_ITLB WRITE        ACCESS:          0 HIT:          0 MISS:          0 MSHR_MERGE:          0
cpu5->cpu5_ITLB TRANSLATION  ACCESS:          0 HIT:          0 MISS:          0 MSHR_MERGE:          0
cpu5->cpu5_ITLB PREFETCH REQUESTED:          0 ISSUED:          0 USEFUL:          0 USELESS:          0
cpu5->cpu5_ITLB AVERAGE MISS LATENCY: - cycles
cpu5->cpu5_DTLB TOTAL        ACCESS:   20957908 HIT:   20956747 MISS:       1161 MSHR_MERGE:       1035
cpu5->cpu5_DTLB LOAD         ACCESS:   20957908 HIT:   20956747 MISS:       1161 MSHR_MERGE:       1035
cpu5->cpu5_DTLB RFO          ACCESS:          0 HIT:          0 MISS:          0 MSHR_MERGE:          0
cpu5->cpu5_DTLB PREFETCH     ACCESS:          0 HIT:          0 MISS:          0 MSHR_MERGE:          0
cpu5->cpu5_DTLB WRITE        ACCESS:          0 HIT:          0 MISS:          0 MSHR_MERGE:          0
cpu5->cpu5_DTLB TRANSLATION  ACCESS:          0 HIT:          0 MISS:          0 MSHR_MERGE:          0
cpu5->cpu5_DTLB PREFETCH REQUESTED:          0 ISSUED:          0 USEFUL:          0 USELESS:          0
cpu5->cpu5_DTLB AVERAGE MISS LATENCY: 230.3 cycles
cpu4->cpu4_STLB TOTAL        ACCESS:        126 HIT:          0 MISS:        126 MSHR_MERGE:          0
cpu4->cpu4_STLB LOAD         ACCESS:        126 HIT:          0 MISS:        126 MSHR_MERGE:          0
cpu4->cpu4_STLB RFO          ACCESS:          0 HIT:          0 MISS:          0 MSHR_MERGE:          0
cpu4->cpu4_STLB PREFETCH     ACCESS:          0 HIT:          0 MISS:          0 MSHR_MERGE:          0
cpu4->cpu4_STLB WRITE        ACCESS:          0 HIT:          0 MISS:          0 MSHR_MERGE:          0
cpu4->cpu4_STLB TRANSLATION  ACCESS:          0 HIT:          0 MISS:          0 MSHR_MERGE:          0
cpu4->cpu4_STLB PREFETCH REQUESTED:          0 ISSUED:          0 USEFUL:          0 USELESS:          0
cpu4->cpu4_STLB AVERAGE MISS LATENCY: 224.3 cycles
cpu4->cpu4_L2C TOTAL        ACCESS:    6270132 HIT:    2090069 MISS:    4180063 MSHR_MERGE:          0
cpu4->cpu4_L2C LOAD         ACCESS:    2089998 HIT:          0 MISS:    2089998 MSHR_MERGE:          0
cpu4->cpu4_L2C RFO          ACCESS:    2090002 HIT:          0 MISS:    2090002 MSHR_MERGE:          0
cpu4->cpu4_L2C PREFETCH     ACCESS:          0 HIT:          0 MISS:          0 MSHR_MERGE:          0
cpu4->cpu4_L2C WRITE        ACCESS:    2090006 HIT:    2090006 MISS:          0 MSHR_MERGE:          0
cpu4->cpu4_L2C TRANSLATION  ACCESS:        126 HIT:         63 MISS:         63 MSHR_MERGE:          0
cpu4->cpu4_L2C PREFETCH REQUESTED:          0 ISSUED:          0 USEFUL:          0 USELESS:          0
cpu4->cpu4_L2C AVERAGE MISS LATENCY: 535.2 cycles
cpu4->cpu4_L1I TOTAL        ACCESS:   30112689 HIT:   30112689 MISS:          0 MSHR_MERGE:          0
cpu4->cpu4_L1I LOAD         ACCESS:   30112689 HIT:   30112689 MISS:          0 MSHR_MERGE:          0
cpu4->cpu4_L1I RFO          ACCESS:          0 HIT:          0 MISS:          0 MSHR_MERGE:          0
cpu4->cpu4_L1I PREFETCH     ACCESS:          0 HIT:          0 MISS:          0 MSHR_MERGE:          0
cpu4->cpu4_L1I WRITE        ACCESS:          0 HIT:          0 MISS:          0 MSHR_MERGE:          0
cpu4->cpu4_L1I TRANSLATION  ACCESS:          0 HIT:          0 MISS:          0 MSHR_MERGE:          0
cpu4->cpu4_L1I PREFETCH REQUESTED:          0 ISSUED:          0 USEFUL:          0 USELESS:          0
cpu4->cpu4_L1I AVERAGE MISS LATENCY: - cycles
cpu4->cpu4_L1D TOTAL        ACCESS:   25101732 HIT:     198750 MISS:   24902982 MSHR_MERGE:   20722856
cpu4->cpu4_L1D LOAD         ACCESS:    8381590 HIT:     198750 MISS:    8182840 MSHR_MERGE:    6092842
cpu4->cpu4_L1D RFO          ACCESS:          0 HIT:          0 MISS:          0 MSHR_MERGE:          0
cpu4->cpu4_L1D PREFETCH     ACCESS:          0 HIT:          0 MISS:          0 MSHR_MERGE:          0
cpu4->cpu4_L1D WRITE        ACCESS:   16720016 HIT:          0 MISS:   16720016 MSHR_MERGE:   14630014
cpu4->cpu4_L1D TRANSLATION  ACCESS:        126 HIT:          0 MISS:        126 MSHR_MERGE:          0
cpu4->cpu4_L1D PREFETCH REQUESTED:          0 ISSUED:          0 USEFUL:          0 USELESS:          0
cpu4->cpu4_L1D AVERAGE MISS LATENCY: 544.2 cycles
cpu4->cpu4_ITLB TOTAL        ACCESS:   23678907 HIT:   23678907 MISS:          0 MSHR_MERGE:          0
cpu4->cpu4_ITLB LOAD         ACCESS:   23678907 HIT:   23678907 MISS:          0 MSHR_MERGE:          0
cpu4->cpu4_ITLB RFO          ACCESS:          0 HIT:          0 MISS:          0 MSHR_MERGE:          0
cpu4->cpu4_ITLB PREFETCH     ACCESS:          0 HIT:          0 MISS:          0 MSHR_MERGE:          0
cpu4->cpu4_ITLB WRITE        ACCESS:          0 HIT:          0 MISS:          0 MSHR_MERGE:          0
cpu4->cpu4_ITLB TRANSLATION  ACCESS:          0 HIT:          0 MISS:          0 MSHR_MERGE:          0
cpu4->cpu4_ITLB PREFETCH REQUESTED:          0 ISSUED:          0 USEFUL:          0 USELESS:          0
cpu4->cpu4_ITLB AVERAGE MISS LATENCY: - cycles
cpu4->cpu4_DTLB TOTAL        ACCESS:   20965786 HIT:   20964655 MISS:       1131 MSHR_MERGE:       1005
cpu4->cpu4_DTLB LOAD         ACCESS:   20965786 HIT:   20964655 MISS:       1131 MSHR_MERGE:       1005
cpu4->cpu4_DTLB RFO          ACCESS:          0 HIT:          0 MISS:          0 MSHR_MERGE:          0
cpu4->cpu4_DTLB PREFETCH     ACCESS:          0 HIT:          0 MISS:          0 MSHR_MERGE:          0
cpu4->cpu4_DTLB WRITE        ACCESS:          0 HIT:          0 MISS:          0 MSHR_MERGE:          0
cpu4->cpu4_DTLB TRANSLATION  ACCESS:          0 HIT:          0 MISS:          0 MSHR_MERGE:          0
cpu4->cpu4_DTLB PREFETCH REQUESTED:          0 ISSUED:          0 USEFUL:          0 USELESS:          0
cpu4->cpu4_DTLB AVERAGE MISS LATENCY: 230.3 cycles
cpu3->cpu3_STLB TOTAL        ACCESS:        126 HIT:          0 MISS:        126 MSHR_MERGE:          0
cpu3->cpu3_STLB LOAD         ACCESS:        126 HIT:          0 MISS:        126 MSHR_MERGE:          0
cpu3->cpu3_STLB RFO          ACCESS:          0 HIT:          0 MISS:          0 MSHR_MERGE:          0
cpu3->cpu3_STLB PREFETCH     ACCESS:          0 HIT:          0 MISS:          0 MSHR_MERGE:          0
cpu3->cpu3_STLB WRITE        ACCESS:          0 HIT:          0 MISS:          0 MSHR_MERGE:          0
cpu3->cpu3_STLB TRANSLATION  ACCESS:          0 HIT:          0 MISS:          0 MSHR_MERGE:          0
cpu3->cpu3_STLB PREFETCH REQUESTED:          0 ISSUED:          0 USEFUL:          0 USELESS:          0
cpu3->cpu3_STLB AVERAGE MISS LATENCY: 224.3 cycles
cpu3->cpu3_L2C TOTAL        ACCESS:    6256702 HIT:    2085593 MISS:    4171109 MSHR_MERGE:          0
cpu3->cpu3_L2C LOAD         ACCESS:    2085521 HIT:          0 MISS:    2085521 MSHR_MERGE:          0
cpu3->cpu3_L2C RFO          ACCESS:    2085525 HIT:          0 MISS:    2085525 MSHR_MERGE:          0
cpu3->cpu3_L2C PREFETCH     ACCESS:          0 HIT:          0 MISS:          0 MSHR_MERGE:          0
cpu3->cpu3_L2C WRITE        ACCESS:    2085530 HIT:    2085530 MISS:          0 MSHR_MERGE:          0
cpu3->cpu3_L2C TRANSLATION  ACCESS:        126 HIT:         63 MISS:         63 MSHR_MERGE:          0
cpu3->cpu3_L2C PREFETCH REQUESTED:          0 ISSUED:          0 USEFUL:          0 USELESS:          0
cpu3->cpu3_L2C AVERAGE MISS LATENCY: 538.9 cycles
cpu3->cpu3_L1I TOTAL        ACCESS:   30068703 HIT:   30068703 MISS:          0 MSHR_MERGE:          0
cpu3->cpu3_L1I LOAD         ACCESS:   30068703 HIT:   30068703 MISS:          0 MSHR_MERGE:          0
cpu3->cpu3_L1I RFO          ACCESS:          0 HIT:          0 MISS:          0 MSHR_MERGE:          0
cpu3->cpu3_L1I PREFETCH     ACCESS:          0 HIT:          0 MISS:          0 MSHR_MERGE:          0
cpu3->cpu3_L1I WRITE        ACCESS:          0 HIT:          0 MISS:          0 MSHR_MERGE:          0
cpu3->cpu3_L1I TRANSLATION  ACCESS:          0 HIT:          0 MISS:          0 MSHR_MERGE:          0
cpu3->cpu3_L1I PREFETCH REQUESTED:          0 ISSUED:          0 USEFUL:          0 USELESS:          0
cpu3->cpu3_L1I AVERAGE MISS LATENCY: - cycles
cpu3->cpu3_L1D TOTAL        ACCESS:   25045830 HIT:     185723 MISS:   24860107 MSHR_MERGE:   20688935
cpu3->cpu3_L1D LOAD         ACCESS:    8361498 HIT:     185723 MISS:    8175775 MSHR_MERGE:    6090254
cpu3->cpu3_L1D RFO          ACCESS:          0 HIT:          0 MISS:          0 MSHR_MERGE:          0
cpu3->cpu3_L1D PREFETCH     ACCESS:          0 HIT:          0 MISS:          0 MSHR_MERGE:          0
cpu3->cpu3_L1D WRITE        ACCESS:   16684206 HIT:          0 MISS:   16684206 MSHR_MERGE:   14598681
cpu3->cpu3_L1D TRANSLATION  ACCESS:        126 HIT:          0 MISS:        126 MSHR_MERGE:          0
cpu3->cpu3_L1D PREFETCH REQUESTED:          0 ISSUED:          0 USEFUL:          0 USELESS:          0
cpu3->cpu3_L1D AVERAGE MISS LATENCY: 547.9 cycles
cpu3->cpu3_ITLB TOTAL        ACCESS:   23752246 HIT:   23752246 MISS:          0 MSHR_MERGE:          0
cpu3->cpu3_ITLB LOAD         ACCESS:   23752246 HIT:   23752246 MISS:          0 MSHR_MERGE:          0
cpu3->cpu3_ITLB RFO          ACCESS:          0 HIT:          0 MISS:          0 MSHR_MERGE:          0
cpu3->cpu3_ITLB PREFETCH     ACCESS:          0 HIT:          0 MISS:          0 MSHR_MERGE:          0
cpu3->cpu3_ITLB WRITE        ACCESS:          0 HIT:          0 MISS:          0 MSHR_MERGE:          0
cpu3->cpu3_ITLB TRANSLATION  ACCESS:          0 HIT:          0 MISS:          0 MSHR_MERGE:          0
cpu3->cpu3_ITLB PREFETCH REQUESTED:          0 ISSUED:          0 USEFUL:          0 USELESS:          0
cpu3->cpu3_ITLB AVERAGE MISS LATENCY: - cycles
cpu3->cpu3_DTLB TOTAL        ACCESS:   20936813 HIT:   20935671 MISS:       1142 MSHR_MERGE:       1016
cpu3->cpu3_DTLB LOAD         ACCESS:   20936813 HIT:   20935671 MISS:       1142 MSHR_MERGE:       1016
cpu3->cpu3_DTLB RFO          ACCESS:          0 HIT:          0 MISS:          0 MSHR_MERGE:          0
cpu3->cpu3_DTLB PREFETCH     ACCESS:          0 HIT:          0 MISS:          0 MSHR_MERGE:          0
cpu3->cpu3_DTLB WRITE        ACCESS:          0 HIT:          0 MISS:          0 MSHR_MERGE:          0
cpu3->cpu3_DTLB TRANSLATION  ACCESS:          0 HIT:          0 MISS:          0 MSHR_MERGE:          0
cpu3->cpu3_DTLB PREFETCH REQUESTED:          0 ISSUED:          0 USEFUL:          0 USELESS:          0
cpu3->cpu3_DTLB AVERAGE MISS LATENCY: 230.3 cycles
cpu2->cpu2_STLB TOTAL        ACCESS:        126 HIT:          0 MISS:        126 MSHR_MERGE:          0
cpu2->cpu2_STLB LOAD         ACCESS:        126 HIT:          0 MISS:        126 MSHR_MERGE:          0
cpu2->cpu2_STLB RFO          ACCESS:          0 HIT:          0 MISS:          0 MSHR_MERGE:          0
cpu2->cpu2_STLB PREFETCH     ACCESS:          0 HIT:          0 MISS:          0 MSHR_MERGE:          0
cpu2->cpu2_STLB WRITE        ACCESS:          0 HIT:          0 MISS:          0 MSHR_MERGE:          0
cpu2->cpu2_STLB TRANSLATION  ACCESS:          0 HIT:          0 MISS:          0 MSHR_MERGE:          0
cpu2->cpu2_STLB PREFETCH REQUESTED:          0 ISSUED:          0 USEFUL:          0 USELESS:          0
cpu2->cpu2_STLB AVERAGE MISS LATENCY: 224.4 cycles
cpu2->cpu2_L2C TOTAL        ACCESS:    6250125 HIT:    2083401 MISS:    4166724 MSHR_MERGE:          0
cpu2->cpu2_L2C LOAD         ACCESS:    2083328 HIT:          0 MISS:    2083328 MSHR_MERGE:          0
cpu2->cpu2_L2C RFO          ACCESS:    2083333 HIT:          0 MISS:    2083333 MSHR_MERGE:          0
cpu2->cpu2_L2C PREFETCH     ACCESS:          0 HIT:          0 MISS:          0 MSHR_MERGE:          0
cpu2->cpu2_L2C WRITE        ACCESS:    2083338 HIT:    2083338 MISS:          0 MSHR_MERGE:          0
cpu2->cpu2_L2C TRANSLATION  ACCESS:        126 HIT:         63 MISS:         63 MSHR_MERGE:          0
cpu2->cpu2_L2C PREFETCH REQUESTED:          0 ISSUED:          0 USEFUL:          0 USELESS:          0
cpu2->cpu2_L2C AVERAGE MISS LATENCY: 540.5 cycles
cpu2->cpu2_L1I TOTAL        ACCESS:   29959203 HIT:   29959203 MISS:          0 MSHR_MERGE:          0
cpu2->cpu2_L1I LOAD         ACCESS:   29959203 HIT:   29959203 MISS:          0 MSHR_MERGE:          0
cpu2->cpu2_L1I RFO          ACCESS:          0 HIT:          0 MISS:          0 MSHR_MERGE:          0
cpu2->cpu2_L1I PREFETCH     ACCESS:          0 HIT:          0 MISS:          0 MSHR_MERGE:          0
cpu2->cpu2_L1I WRITE        ACCESS:          0 HIT:          0 MISS:          0 MSHR_MERGE:          0
cpu2->cpu2_L1I TRANSLATION  ACCESS:          0 HIT:          0 MISS:          0 MSHR_MERGE:          0
cpu2->cpu2_L1I PREFETCH REQUESTED:          0 ISSUED:          0 USEFUL:          0 USELESS:          0
cpu2->cpu2_L1I AVERAGE MISS LATENCY: - cycles
cpu2->cpu2_L1D TOTAL        ACCESS:   25003418 HIT:     194464 MISS:   24808954 MSHR_MERGE:   20642167
cpu2->cpu2_L1D LOAD         ACCESS:    8336628 HIT:     194464 MISS:    8142164 MSHR_MERGE:    6058836
cpu2->cpu2_L1D RFO          ACCESS:          0 HIT:          0 MISS:          0 MSHR_MERGE:          0
cpu2->cpu2_L1D PREFETCH     ACCESS:          0 HIT:          0 MISS:          0 MSHR_MERGE:          0
cpu2->cpu2_L1D WRITE        ACCESS:   16666664 HIT:          0 MISS:   16666664 MSHR_MERGE:   14583331
cpu2->cpu2_L1D TRANSLATION  ACCESS:        126 HIT:          0 MISS:        126 MSHR_MERGE:          0
cpu2->cpu2_L1D PREFETCH REQUESTED:          0 ISSUED:          0 USEFUL:          0 USELESS:          0
cpu2->cpu2_L1D AVERAGE MISS LATENCY: 549.5 cycles
cpu2->cpu2_ITLB TOTAL        ACCESS:   23546164 HIT:   23546164 MISS:          0 MSHR_MERGE:          0
cpu2->cpu2_ITLB LOAD         ACCESS:   23546164 HIT:   23546164 MISS:          0 MSHR_MERGE:          0
cpu2->cpu2_ITLB RFO          ACCESS:          0 HIT:          0 MISS:          0 MSHR_MERGE:          0
cpu2->cpu2_ITLB PREFETCH     ACCESS:          0 HIT:          0 MISS:          0 MSHR_MERGE:          0
cpu2->cpu2_ITLB WRITE        ACCESS:          0 HIT:          0 MISS:          0 MSHR_MERGE:          0
cpu2->cpu2_ITLB TRANSLATION  ACCESS:          0 HIT:          0 MISS:          0 MSHR_MERGE:          0
cpu2->cpu2_ITLB PREFETCH REQUESTED:          0 ISSUED:          0 USEFUL:          0 USELESS:          0
cpu2->cpu2_ITLB AVERAGE MISS LATENCY: - cycles
cpu2->cpu2_DTLB TOTAL        ACCESS:   20899142 HIT:   20898039 MISS:       1103 MSHR_MERGE:        977
cpu2->cpu2_DTLB LOAD         ACCESS:   20899142 HIT:   20898039 MISS:       1103 MSHR_MERGE:        977
cpu2->cpu2_DTLB RFO          ACCESS:          0 HIT:          0 MISS:          0 MSHR_MERGE:          0
cpu2->cpu2_DTLB PREFETCH     ACCESS:          0 HIT:          0 MISS:          0 MSHR_MERGE:          0
cpu2->cpu2_DTLB WRITE        ACCESS:          0 HIT:          0 MISS:          0 MSHR_MERGE:          0
cpu2->cpu2_DTLB TRANSLATION  ACCESS:          0 HIT:          0 MISS:          0 MSHR_MERGE:          0
cpu2->cpu2_DTLB PREFETCH REQUESTED:          0 ISSUED:          0 USEFUL:          0 USELESS:          0
cpu2->cpu2_DTLB AVERAGE MISS LATENCY: 230.4 cycles
cpu1->cpu1_STLB TOTAL        ACCESS:        126 HIT:          0 MISS:        126 MSHR_MERGE:          0
cpu1->cpu1_STLB LOAD         ACCESS:        126 HIT:          0 MISS:        126 MSHR_MERGE:          0
cpu1->cpu1_STLB RFO          ACCESS:          0 HIT:          0 MISS:          0 MSHR_MERGE:          0
cpu1->cpu1_STLB PREFETCH     ACCESS:          0 HIT:          0 MISS:          0 MSHR_MERGE:          0
cpu1->cpu1_STLB WRITE        ACCESS:          0 HIT:          0 MISS:          0 MSHR_MERGE:          0
cpu1->cpu1_STLB TRANSLATION  ACCESS:          0 HIT:          0 MISS:          0 MSHR_MERGE:          0
cpu1->cpu1_STLB PREFETCH REQUESTED:          0 ISSUED:          0 USEFUL:          0 USELESS:          0
cpu1->cpu1_STLB AVERAGE MISS LATENCY: 224.3 cycles
cpu1->cpu1_L2C TOTAL        ACCESS:    6271892 HIT:    2090656 MISS:    4181236 MSHR_MERGE:          0
cpu1->cpu1_L2C LOAD         ACCESS:    2090584 HIT:          0 MISS:    2090584 MSHR_MERGE:          0
cpu1->cpu1_L2C RFO          ACCESS:    2090589 HIT:          0 MISS:    2090589 MSHR_MERGE:          0
cpu1->cpu1_L2C PREFETCH     ACCESS:          0 HIT:          0 MISS:          0 MSHR_MERGE:          0
cpu1->cpu1_L2C WRITE        ACCESS:    2090593 HIT:    2090593 MISS:          0 MSHR_MERGE:          0
cpu1->cpu1_L2C TRANSLATION  ACCESS:        126 HIT:         63 MISS:         63 MSHR_MERGE:          0
cpu1->cpu1_L2C PREFETCH REQUESTED:          0 ISSUED:          0 USEFUL:          0 USELESS:          0
cpu1->cpu1_L2C AVERAGE MISS LATENCY: 537.1 cycles
cpu1->cpu1_L1I TOTAL        ACCESS:   30147681 HIT:   30147681 MISS:          0 MSHR_MERGE:          0
cpu1->cpu1_L1I LOAD         ACCESS:   30147681 HIT:   30147681 MISS:          0 MSHR_MERGE:          0
cpu1->cpu1_L1I RFO          ACCESS:          0 HIT:          0 MISS:          0 MSHR_MERGE:          0
cpu1->cpu1_L1I PREFETCH     ACCESS:          0 HIT:          0 MISS:          0 MSHR_MERGE:          0
cpu1->cpu1_L1I WRITE        ACCESS:          0 HIT:          0 MISS:          0 MSHR_MERGE:          0
cpu1->cpu1_L1I TRANSLATION  ACCESS:          0 HIT:          0 MISS:          0 MSHR_MERGE:          0
cpu1->cpu1_L1I PREFETCH REQUESTED:          0 ISSUED:          0 USEFUL:          0 USELESS:          0
cpu1->cpu1_L1I AVERAGE MISS LATENCY: - cycles
cpu1->cpu1_L1D TOTAL        ACCESS:   25082194 HIT:     179663 MISS:   24902531 MSHR_MERGE:   20721232
cpu1->cpu1_L1D LOAD         ACCESS:    8357356 HIT:     179663 MISS:    8177693 MSHR_MERGE:    6087109
cpu1->cpu1_L1D RFO          ACCESS:          0 HIT:          0 MISS:          0 MSHR_MERGE:          0
cpu1->cpu1_L1D PREFETCH     ACCESS:          0 HIT:          0 MISS:          0 MSHR_MERGE:          0
cpu1->cpu1_L1D WRITE        ACCESS:   16724712 HIT:          0 MISS:   16724712 MSHR_MERGE:   14634123
cpu1->cpu1_L1D TRANSLATION  ACCESS:        126 HIT:          0 MISS:        126 MSHR_MERGE:          0
cpu1->cpu1_L1D PREFETCH REQUESTED:          0 ISSUED:          0 USEFUL:          0 USELESS:          0
cpu1->cpu1_L1D AVERAGE MISS LATENCY: 546.1 cycles
cpu1->cpu1_ITLB TOTAL        ACCESS:   23816790 HIT:   23816790 MISS:          0 MSHR_MERGE:          0
cpu1->cpu1_ITLB LOAD         ACCESS:   23816790 HIT:   23816790 MISS:          0 MSHR_MERGE:          0
cpu1->cpu1_ITLB RFO          ACCESS:          0 HIT:          0 MISS:          0 MSHR_MERGE:          0
cpu1->cpu1_ITLB PREFETCH     ACCESS:          0 HIT:          0 MISS:          0 MSHR_MERGE:          0
cpu1->cpu1_ITLB WRITE        ACCESS:          0 HIT:          0 MISS:          0 MSHR_MERGE:          0
cpu1->cpu1_ITLB TRANSLATION  ACCESS:          0 HIT:          0 MISS:          0 MSHR_MERGE:          0
cpu1->cpu1_ITLB PREFETCH REQUESTED:          0 ISSUED:          0 USEFUL:          0 USELESS:          0
cpu1->cpu1_ITLB AVERAGE MISS LATENCY: - cycles
cpu1->cpu1_DTLB TOTAL        ACCESS:   20977629 HIT:   20976439 MISS:       1190 MSHR_MERGE:       1064
cpu1->cpu1_DTLB LOAD         ACCESS:   20977629 HIT:   20976439 MISS:       1190 MSHR_MERGE:       1064
cpu1->cpu1_DTLB RFO          ACCESS:          0 HIT:          0 MISS:          0 MSHR_MERGE:          0
cpu1->cpu1_DTLB PREFETCH     ACCESS:          0 HIT:          0 MISS:          0 MSHR_MERGE:          0
cpu1->cpu1_DTLB WRITE        ACCESS:          0 HIT:          0 MISS:          0 MSHR_MERGE:          0
cpu1->cpu1_DTLB TRANSLATION  ACCESS:          0 HIT:          0 MISS:          0 MSHR_MERGE:          0
cpu1->cpu1_DTLB PREFETCH REQUESTED:          0 ISSUED:          0 USEFUL:          0 USELESS:          0
cpu1->cpu1_DTLB AVERAGE MISS LATENCY: 230.3 cycles
cpu0->cpu0_STLB TOTAL        ACCESS:        126 HIT:          0 MISS:        126 MSHR_MERGE:          0
cpu0->cpu0_STLB LOAD         ACCESS:        126 HIT:          0 MISS:        126 MSHR_MERGE:          0
cpu0->cpu0_STLB RFO          ACCESS:          0 HIT:          0 MISS:          0 MSHR_MERGE:          0
cpu0->cpu0_STLB PREFETCH     ACCESS:          0 HIT:          0 MISS:          0 MSHR_MERGE:          0
cpu0->cpu0_STLB WRITE        ACCESS:          0 HIT:          0 MISS:          0 MSHR_MERGE:          0
cpu0->cpu0_STLB TRANSLATION  ACCESS:          0 HIT:          0 MISS:          0 MSHR_MERGE:          0
cpu0->cpu0_STLB PREFETCH REQUESTED:          0 ISSUED:          0 USEFUL:          0 USELESS:          0
cpu0->cpu0_STLB AVERAGE MISS LATENCY: 224.3 cycles
cpu0->cpu0_L2C TOTAL        ACCESS:    6277031 HIT:    2092370 MISS:    4184661 MSHR_MERGE:          0
cpu0->cpu0_L2C LOAD         ACCESS:    2092297 HIT:          0 MISS:    2092297 MSHR_MERGE:          0
cpu0->cpu0_L2C RFO          ACCESS:    2092301 HIT:          0 MISS:    2092301 MSHR_MERGE:          0
cpu0->cpu0_L2C PREFETCH     ACCESS:          0 HIT:          0 MISS:          0 MSHR_MERGE:          0
cpu0->cpu0_L2C WRITE        ACCESS:    2092307 HIT:    2092307 MISS:          0 MSHR_MERGE:          0
cpu0->cpu0_L2C TRANSLATION  ACCESS:        126 HIT:         63 MISS:         63 MSHR_MERGE:          0
cpu0->cpu0_L2C PREFETCH REQUESTED:          0 ISSUED:          0 USEFUL:          0 USELESS:          0
cpu0->cpu0_L2C AVERAGE MISS LATENCY: 535.7 cycles
cpu0->cpu0_L1I TOTAL        ACCESS:   30158691 HIT:   30158691 MISS:          0 MSHR_MERGE:          0
cpu0->cpu0_L1I LOAD         ACCESS:   30158691 HIT:   30158691 MISS:          0 MSHR_MERGE:          0
cpu0->cpu0_L1I RFO          ACCESS:          0 HIT:          0 MISS:          0 MSHR_MERGE:          0
cpu0->cpu0_L1I PREFETCH     ACCESS:          0 HIT:          0 MISS:          0 MSHR_MERGE:          0
cpu0->cpu0_L1I WRITE        ACCESS:          0 HIT:          0 MISS:          0 MSHR_MERGE:          0
cpu0->cpu0_L1I TRANSLATION  ACCESS:          0 HIT:          0 MISS:          0 MSHR_MERGE:          0
cpu0->cpu0_L1I PREFETCH REQUESTED:          0 ISSUED:          0 USEFUL:          0 USELESS:          0
cpu0->cpu0_L1I AVERAGE MISS LATENCY: - cycles
cpu0->cpu0_L1D TOTAL        ACCESS:   25128561 HIT:     197801 MISS:   24930760 MSHR_MERGE:   20746036
cpu0->cpu0_L1D LOAD         ACCESS:    8390025 HIT:     197801 MISS:    8192224 MSHR_MERGE:    6099927
cpu0->cpu0_L1D RFO          ACCESS:          0 HIT:          0 MISS:          0 MSHR_MERGE:          0
cpu0->cpu0_L1D PREFETCH     ACCESS:          0 HIT:          0 MISS:          0 MSHR_MERGE:          0
cpu0->cpu0_L1D WRITE        ACCESS:   16738410 HIT:          0 MISS:   16738410 MSHR_MERGE:   14646109
cpu0->cpu0_L1D TRANSLATION  ACCESS:        126 HIT:          0 MISS:        126 MSHR_MERGE:          0
cpu0->cpu0_L1D PREFETCH REQUESTED:          0 ISSUED:          0 USEFUL:          0 USELESS:          0
cpu0->cpu0_L1D AVERAGE MISS LATENCY: 544.7 cycles
cpu0->cpu0_ITLB TOTAL        ACCESS:   23819258 HIT:   23819258 MISS:          0 MSHR_MERGE:          0
cpu0->cpu0_ITLB LOAD         ACCESS:   23819258 HIT:   23819258 MISS:          0 MSHR_MERGE:          0
cpu0->cpu0_ITLB RFO          ACCESS:          0 HIT:          0 MISS:          0 MSHR_MERGE:          0
cpu0->cpu0_ITLB PREFETCH     ACCESS:          0 HIT:          0 MISS:          0 MSHR_MERGE:          0
cpu0->cpu0_ITLB WRITE        ACCESS:          0 HIT:          0 MISS:          0 MSHR_MERGE:          0
cpu0->cpu0_ITLB TRANSLATION  ACCESS:          0 HIT:          0 MISS:          0 MSHR_MERGE:          0
cpu0->cpu0_ITLB PREFETCH REQUESTED:          0 ISSUED:          0 USEFUL:          0 USELESS:          0
cpu0->cpu0_ITLB AVERAGE MISS LATENCY: - cycles
cpu0->cpu0_DTLB TOTAL        ACCESS:   21007983 HIT:   21006754 MISS:       1229 MSHR_MERGE:       1103
cpu0->cpu0_DTLB LOAD         ACCESS:   21007983 HIT:   21006754 MISS:       1229 MSHR_MERGE:       1103
cpu0->cpu0_DTLB RFO          ACCESS:          0 HIT:          0 MISS:          0 MSHR_MERGE:          0
cpu0->cpu0_DTLB PREFETCH     ACCESS:          0 HIT:          0 MISS:          0 MSHR_MERGE:          0
cpu0->cpu0_DTLB WRITE        ACCESS:          0 HIT:          0 MISS:          0 MSHR_MERGE:          0
cpu0->cpu0_DTLB TRANSLATION  ACCESS:          0 HIT:          0 MISS:          0 MSHR_MERGE:          0
cpu0->cpu0_DTLB PREFETCH REQUESTED:          0 ISSUED:          0 USEFUL:          0 USELESS:          0
cpu0->cpu0_DTLB AVERAGE MISS LATENCY: 230.3 cycles
cpu0->LLC TOTAL        ACCESS:    6276981 HIT:    2092369 MISS:    4184612 MSHR_MERGE:          0
cpu0->LLC LOAD         ACCESS:    2092304 HIT:          0 MISS:    2092304 MSHR_MERGE:          0
cpu0->LLC RFO          ACCESS:    2092308 HIT:          0 MISS:    2092308 MSHR_MERGE:          0
cpu0->LLC PREFETCH     ACCESS:          0 HIT:          0 MISS:          0 MSHR_MERGE:          0
cpu0->LLC WRITE        ACCESS:    2092306 HIT:    2092306 MISS:          0 MSHR_MERGE:          0
cpu0->LLC TRANSLATION  ACCESS:         63 HIT:         63 MISS:          0 MSHR_MERGE:          0
cpu0->LLC PREFETCH REQUESTED:          0 ISSUED:          0 USEFUL:          0 USELESS:          0
cpu0->LLC AVERAGE MISS LATENCY: 4164 cycles
cpu1->LLC TOTAL        ACCESS:    6271843 HIT:    2090656 MISS:    4181187 MSHR_MERGE:          0
cpu1->LLC LOAD         ACCESS:    2090591 HIT:          0 MISS:    2090591 MSHR_MERGE:          0
cpu1->LLC RFO          ACCESS:    2090596 HIT:          0 MISS:    2090596 MSHR_MERGE:          0
cpu1->LLC PREFETCH     ACCESS:          0 HIT:          0 MISS:          0 MSHR_MERGE:          0
cpu1->LLC WRITE        ACCESS:    2090593 HIT:    2090593 MISS:          0 MSHR_MERGE:          0
cpu1->LLC TRANSLATION  ACCESS:         63 HIT:         63 MISS:          0 MSHR_MERGE:          0
cpu1->LLC PREFETCH REQUESTED:          0 ISSUED:          0 USEFUL:          0 USELESS:          0
cpu1->LLC AVERAGE MISS LATENCY: 4167 cycles
cpu2->LLC TOTAL        ACCESS:    6250076 HIT:    2083401 MISS:    4166675 MSHR_MERGE:          0
cpu2->LLC LOAD         ACCESS:    2083335 HIT:          0 MISS:    2083335 MSHR_MERGE:          0
cpu2->LLC RFO          ACCESS:    2083340 HIT:          0 MISS:    2083340 MSHR_MERGE:          0
cpu2->LLC PREFETCH     ACCESS:          0 HIT:          0 MISS:          0 MSHR_MERGE:          0
cpu2->LLC WRITE        ACCESS:    2083338 HIT:    2083338 MISS:          0 MSHR_MERGE:          0
cpu2->LLC TRANSLATION  ACCESS:         63 HIT:         63 MISS:          0 MSHR_MERGE:          0
cpu2->LLC PREFETCH REQUESTED:          0 ISSUED:          0 USEFUL:          0 USELESS:          0
cpu2->LLC AVERAGE MISS LATENCY: 4182 cycles
cpu3->LLC TOTAL        ACCESS:    6256653 HIT:    2085593 MISS:    4171060 MSHR_MERGE:          0
cpu3->LLC LOAD         ACCESS:    2085528 HIT:          0 MISS:    2085528 MSHR_MERGE:          0
cpu3->LLC RFO          ACCESS:    2085532 HIT:          0 MISS:    2085532 MSHR_MERGE:          0
cpu3->LLC PREFETCH     ACCESS:          0 HIT:          0 MISS:          0 MSHR_MERGE:          0
cpu3->LLC WRITE        ACCESS:    2085530 HIT:    2085530 MISS:          0 MSHR_MERGE:          0
cpu3->LLC TRANSLATION  ACCESS:         63 HIT:         63 MISS:          0 MSHR_MERGE:          0
cpu3->LLC PREFETCH REQUESTED:          0 ISSUED:          0 USEFUL:          0 USELESS:          0
cpu3->LLC AVERAGE MISS LATENCY: 4177 cycles
cpu4->LLC TOTAL        ACCESS:    6270083 HIT:    2090069 MISS:    4180014 MSHR_MERGE:          0
cpu4->LLC LOAD         ACCESS:    2090005 HIT:          0 MISS:    2090005 MSHR_MERGE:          0
cpu4->LLC RFO          ACCESS:    2090009 HIT:          0 MISS:    2090009 MSHR_MERGE:          0
cpu4->LLC PREFETCH     ACCESS:          0 HIT:          0 MISS:          0 MSHR_MERGE:          0
cpu4->LLC WRITE        ACCESS:    2090006 HIT:    2090006 MISS:          0 MSHR_MERGE:          0
cpu4->LLC TRANSLATION  ACCESS:         63 HIT:         63 MISS:          0 MSHR_MERGE:          0
cpu4->LLC PREFETCH REQUESTED:          0 ISSUED:          0 USEFUL:          0 USELESS:          0
cpu4->LLC AVERAGE MISS LATENCY: 4169 cycles
cpu5->LLC TOTAL        ACCESS:    6268572 HIT:    2089565 MISS:    4179007 MSHR_MERGE:          0
cpu5->LLC LOAD         ACCESS:    2089501 HIT:          0 MISS:    2089501 MSHR_MERGE:          0
cpu5->LLC RFO          ACCESS:    2089506 HIT:          0 MISS:    2089506 MSHR_MERGE:          0
cpu5->LLC PREFETCH     ACCESS:          0 HIT:          0 MISS:          0 MSHR_MERGE:          0
cpu5->LLC WRITE        ACCESS:    2089502 HIT:    2089502 MISS:          0 MSHR_MERGE:          0
cpu5->LLC TRANSLATION  ACCESS:         63 HIT:         63 MISS:          0 MSHR_MERGE:          0
cpu5->LLC PREFETCH REQUESTED:          0 ISSUED:          0 USEFUL:          0 USELESS:          0
cpu5->LLC AVERAGE MISS LATENCY: 4170 cycles
cpu6->LLC TOTAL        ACCESS:    6270522 HIT:    2090216 MISS:    4180306 MSHR_MERGE:          0
cpu6->LLC LOAD         ACCESS:    2090151 HIT:          0 MISS:    2090151 MSHR_MERGE:          0
cpu6->LLC RFO          ACCESS:    2090155 HIT:          0 MISS:    2090155 MSHR_MERGE:          0
cpu6->LLC PREFETCH     ACCESS:          0 HIT:          0 MISS:          0 MSHR_MERGE:          0
cpu6->LLC WRITE        ACCESS:    2090153 HIT:    2090153 MISS:          0 MSHR_MERGE:          0
cpu6->LLC TRANSLATION  ACCESS:         63 HIT:         63 MISS:          0 MSHR_MERGE:          0
cpu6->LLC PREFETCH REQUESTED:          0 ISSUED:          0 USEFUL:          0 USELESS:          0
cpu6->LLC AVERAGE MISS LATENCY: 4168 cycles
cpu7->LLC TOTAL        ACCESS:    6267857 HIT:    2089328 MISS:    4178529 MSHR_MERGE:          0
cpu7->LLC LOAD         ACCESS:    2089262 HIT:          0 MISS:    2089262 MSHR_MERGE:          0
cpu7->LLC RFO          ACCESS:    2089267 HIT:          0 MISS:    2089267 MSHR_MERGE:          0
cpu7->LLC PREFETCH     ACCESS:          0 HIT:          0 MISS:          0 MSHR_MERGE:          0
cpu7->LLC WRITE        ACCESS:    2089265 HIT:    2089265 MISS:          0 MSHR_MERGE:          0
cpu7->LLC TRANSLATION  ACCESS:         63 HIT:         63 MISS:          0 MSHR_MERGE:          0
cpu7->LLC PREFETCH REQUESTED:          0 ISSUED:          0 USEFUL:          0 USELESS:          0
cpu7->LLC AVERAGE MISS LATENCY: 4170 cycles

Region of Interest Statistics

CPU 7 cumulative IPC: 0.2221 instructions: 100000000 cycles: 450173932
CPU 7 Branch Prediction Accuracy: 100% MPKI: 0 Average ROB Occupancy at Mispredict: -
Branch type MPKI
BRANCH_DIRECT_JUMP: 0
BRANCH_INDIRECT: 0
BRANCH_CONDITIONAL: 0
BRANCH_DIRECT_CALL: 0
BRANCH_INDIRECT_CALL: 0
BRANCH_RETURN: 0


CPU 6 cumulative IPC: 0.2222 instructions: 100000002 cycles: 449993666
CPU 6 Branch Prediction Accuracy: 100% MPKI: 0 Average ROB Occupancy at Mispredict: -
Branch type MPKI
BRANCH_DIRECT_JUMP: 0
BRANCH_INDIRECT: 0
BRANCH_CONDITIONAL: 0
BRANCH_DIRECT_CALL: 0
BRANCH_INDIRECT_CALL: 0
BRANCH_RETURN: 0


CPU 5 cumulative IPC: 0.2222 instructions: 100000000 cycles: 450112184
CPU 5 Branch Prediction Accuracy: 100% MPKI: 0 Average ROB Occupancy at Mispredict: -
Branch type MPKI
BRANCH_DIRECT_JUMP: 0
BRANCH_INDIRECT: 0
BRANCH_CONDITIONAL: 0
BRANCH_DIRECT_CALL: 0
BRANCH_INDIRECT_CALL: 0
BRANCH_RETURN: 0


CPU 4 cumulative IPC: 0.2222 instructions: 100000000 cycles: 450006720
CPU 4 Branch Prediction Accuracy: 100% MPKI: 0 Average ROB Occupancy at Mispredict: -
Branch type MPKI
BRANCH_DIRECT_JUMP: 0
BRANCH_INDIRECT: 0
BRANCH_CONDITIONAL: 0
BRANCH_DIRECT_CALL: 0
BRANCH_INDIRECT_CALL: 0
BRANCH_RETURN: 0


CPU 3 cumulative IPC: 0.2217 instructions: 100000000 cycles: 450960477
CPU 3 Branch Prediction Accuracy: 100% MPKI: 0 Average ROB Occupancy at Mispredict: -
Branch type MPKI
BRANCH_DIRECT_JUMP: 0
BRANCH_INDIRECT: 0
BRANCH_CONDITIONAL: 0
BRANCH_DIRECT_CALL: 0
BRANCH_INDIRECT_CALL: 0
BRANCH_RETURN: 0


CPU 2 cumulative IPC: 0.2215 instructions: 100000000 cycles: 451406696
CPU 2 Branch Prediction Accuracy: 100% MPKI: 0 Average ROB Occupancy at Mispredict: -
Branch type MPKI
BRANCH_DIRECT_JUMP: 0
BRANCH_INDIRECT: 0
BRANCH_CONDITIONAL: 0
BRANCH_DIRECT_CALL: 0
BRANCH_INDIRECT_CALL: 0
BRANCH_RETURN: 0


CPU 1 cumulative IPC: 0.2223 instructions: 100000000 cycles: 449903029
CPU 1 Branch Prediction Accuracy: 100% MPKI: 0 Average ROB Occupancy at Mispredict: -
Branch type MPKI
BRANCH_DIRECT_JUMP: 0
BRANCH_INDIRECT: 0
BRANCH_CONDITIONAL: 0
BRANCH_DIRECT_CALL: 0
BRANCH_INDIRECT_CALL: 0
BRANCH_RETURN: 0


CPU 0 cumulative IPC: 0.2225 instructions: 100000000 cycles: 449513809
CPU 0 Branch Prediction Accuracy: 100% MPKI: 0 Average ROB Occupancy at Mispredict: -
Branch type MPKI
BRANCH_DIRECT_JUMP: 0
BRANCH_INDIRECT: 0
BRANCH_CONDITIONAL: 0
BRANCH_DIRECT_CALL: 0
BRANCH_INDIRECT_CALL: 0
BRANCH_RETURN: 0

cpu7->cpu7_STLB TOTAL        ACCESS:        126 HIT:          0 MISS:        126 MSHR_MERGE:          0
cpu7->cpu7_STLB LOAD         ACCESS:        126 HIT:          0 MISS:        126 MSHR_MERGE:          0
cpu7->cpu7_STLB RFO          ACCESS:          0 HIT:          0 MISS:          0 MSHR_MERGE:          0
cpu7->cpu7_STLB PREFETCH     ACCESS:          0 HIT:          0 MISS:          0 MSHR_MERGE:          0
cpu7->cpu7_STLB WRITE        ACCESS:          0 HIT:          0 MISS:          0 MSHR_MERGE:          0
cpu7->cpu7_STLB TRANSLATION  ACCESS:          0 HIT:          0 MISS:          0 MSHR_MERGE:          0
cpu7->cpu7_STLB PREFETCH REQUESTED:          0 ISSUED:          0 USEFUL:          0 USELESS:          0
cpu7->cpu7_STLB AVERAGE MISS LATENCY: 224.3 cycles
cpu7->cpu7_L2C TOTAL        ACCESS:    6267906 HIT:    2089328 MISS:    4178578 MSHR_MERGE:          0
cpu7->cpu7_L2C LOAD         ACCESS:    2089255 HIT:          0 MISS:    2089255 MSHR_MERGE:          0
cpu7->cpu7_L2C RFO          ACCESS:    2089260 HIT:          0 MISS:    2089260 MSHR_MERGE:          0
cpu7->cpu7_L2C PREFETCH     ACCESS:          0 HIT:          0 MISS:          0 MSHR_MERGE:          0
cpu7->cpu7_L2C WRITE        ACCESS:    2089265 HIT:    2089265 MISS:          0 MSHR_MERGE:          0
cpu7->cpu7_L2C TRANSLATION  ACCESS:        126 HIT:         63 MISS:         63 MSHR_MERGE:          0
cpu7->cpu7_L2C PREFETCH REQUESTED:          0 ISSUED:          0 USEFUL:          0 USELESS:          0
cpu7->cpu7_L2C AVERAGE MISS LATENCY: 536.6 cycles
cpu7->cpu7_L1I TOTAL        ACCESS:   30054051 HIT:   30054051 MISS:          0 MSHR_MERGE:          0
cpu7->cpu7_L1I LOAD         ACCESS:   30054051 HIT:   30054051 MISS:          0 MSHR_MERGE:          0
cpu7->cpu7_L1I RFO          ACCESS:          0 HIT:          0 MISS:          0 MSHR_MERGE:          0
cpu7->cpu7_L1I PREFETCH     ACCESS:          0 HIT:          0 MISS:          0 MSHR_MERGE:          0
cpu7->cpu7_L1I WRITE        ACCESS:          0 HIT:          0 MISS:          0 MSHR_MERGE:          0
cpu7->cpu7_L1I TRANSLATION  ACCESS:          0 HIT:          0 MISS:          0 MSHR_MERGE:          0
cpu7->cpu7_L1I PREFETCH REQUESTED:          0 ISSUED:          0 USEFUL:          0 USELESS:          0
cpu7->cpu7_L1I AVERAGE MISS LATENCY: - cycles
cpu7->cpu7_L1D TOTAL        ACCESS:   25105660 HIT:     202063 MISS:   24903597 MSHR_MERGE:   20724956
cpu7->cpu7_L1D LOAD         ACCESS:    8391454 HIT:     202063 MISS:    8189391 MSHR_MERGE:    6100136
cpu7->cpu7_L1D RFO          ACCESS:          0 HIT:          0 MISS:          0 MSHR_MERGE:          0
cpu7->cpu7_L1D PREFETCH     ACCESS:          0 HIT:          0 MISS:          0 MSHR_MERGE:          0
cpu7->cpu7_L1D WRITE        ACCESS:   16714080 HIT:          0 MISS:   16714080 MSHR_MERGE:   14624820
cpu7->cpu7_L1D TRANSLATION  ACCESS:        126 HIT:          0 MISS:        126 MSHR_MERGE:          0
cpu7->cpu7_L1D PREFETCH REQUESTED:          0 ISSUED:          0 USEFUL:          0 USELESS:          0
cpu7->cpu7_L1D AVERAGE MISS LATENCY: 545.6 cycles
cpu7->cpu7_ITLB TOTAL        ACCESS:   23423431 HIT:   23423431 MISS:          0 MSHR_MERGE:          0
cpu7->cpu7_ITLB LOAD         ACCESS:   23423431 HIT:   23423431 MISS:          0 MSHR_MERGE:          0
cpu7->cpu7_ITLB RFO          ACCESS:          0 HIT:          0 MISS:          0 MSHR_MERGE:          0
cpu7->cpu7_ITLB PREFETCH     ACCESS:          0 HIT:          0 MISS:          0 MSHR_MERGE:          0
cpu7->cpu7_ITLB WRITE        ACCESS:          0 HIT:          0 MISS:          0 MSHR_MERGE:          0
cpu7->cpu7_ITLB TRANSLATION  ACCESS:          0 HIT:          0 MISS:          0 MSHR_MERGE:          0
cpu7->cpu7_ITLB PREFETCH REQUESTED:          0 ISSUED:          0 USEFUL:          0 USELESS:          0
cpu7->cpu7_ITLB AVERAGE MISS LATENCY: - cycles
cpu7->cpu7_DTLB TOTAL        ACCESS:   20981531 HIT:   20980366 MISS:       1165 MSHR_MERGE:       1039
cpu7->cpu7_DTLB LOAD         ACCESS:   20981531 HIT:   20980366 MISS:       1165 MSHR_MERGE:       1039
cpu7->cpu7_DTLB RFO          ACCESS:          0 HIT:          0 MISS:          0 MSHR_MERGE:          0
cpu7->cpu7_DTLB PREFETCH     ACCESS:          0 HIT:          0 MISS:          0 MSHR_MERGE:          0
cpu7->cpu7_DTLB WRITE        ACCESS:          0 HIT:          0 MISS:          0 MSHR_MERGE:          0
cpu7->cpu7_DTLB TRANSLATION  ACCESS:          0 HIT:          0 MISS:          0 MSHR_MERGE:          0
cpu7->cpu7_DTLB PREFETCH REQUESTED:          0 ISSUED:          0 USEFUL:          0 USELESS:          0
cpu7->cpu7_DTLB AVERAGE MISS LATENCY: 230.3 cycles
cpu6->cpu6_STLB TOTAL        ACCESS:        126 HIT:          0 MISS:        126 MSHR_MERGE:          0
cpu6->cpu6_STLB LOAD         ACCESS:        126 HIT:          0 MISS:        126 MSHR_MERGE:          0
cpu6->cpu6_STLB RFO          ACCESS:          0 HIT:          0 MISS:          0 MSHR_MERGE:          0
cpu6->cpu6_STLB PREFETCH     ACCESS:          0 HIT:          0 MISS:          0 MSHR_MERGE:          0
cpu6->cpu6_STLB WRITE        ACCESS:          0 HIT:          0 MISS:          0 MSHR_MERGE:          0
cpu6->cpu6_STLB TRANSLATION  ACCESS:          0 HIT:          0 MISS:          0 MSHR_MERGE:          0
cpu6->cpu6_STLB PREFETCH REQUESTED:          0 ISSUED:          0 USEFUL:          0 USELESS:          0
cpu6->cpu6_STLB AVERAGE MISS LATENCY: 224.4 cycles
cpu6->cpu6_L2C TOTAL        ACCESS:    6270570 HIT:    2090215 MISS:    4180355 MSHR_MERGE:          0
cpu6->cpu6_L2C LOAD         ACCESS:    2090144 HIT:          0 MISS:    2090144 MSHR_MERGE:          0
cpu6->cpu6_L2C RFO          ACCESS:    2090148 HIT:          0 MISS:    2090148 MSHR_MERGE:          0
cpu6->cpu6_L2C PREFETCH     ACCESS:          0 HIT:          0 MISS:          0 MSHR_MERGE:          0
cpu6->cpu6_L2C WRITE        ACCESS:    2090152 HIT:    2090152 MISS:          0 MSHR_MERGE:          0
cpu6->cpu6_L2C TRANSLATION  ACCESS:        126 HIT:         63 MISS:         63 MSHR_MERGE:          0
cpu6->cpu6_L2C PREFETCH REQUESTED:          0 ISSUED:          0 USEFUL:          0 USELESS:          0
cpu6->cpu6_L2C AVERAGE MISS LATENCY: 537 cycles
cpu6->cpu6_L1I TOTAL        ACCESS:   30080125 HIT:   30080125 MISS:          0 MSHR_MERGE:          0
cpu6->cpu6_L1I LOAD         ACCESS:   30080125 HIT:   30080125 MISS:          0 MSHR_MERGE:          0
cpu6->cpu6_L1I RFO          ACCESS:          0 HIT:          0 MISS:          0 MSHR_MERGE:          0
cpu6->cpu6_L1I PREFETCH     ACCESS:          0 HIT:          0 MISS:          0 MSHR_MERGE:          0
cpu6->cpu6_L1I WRITE        ACCESS:          0 HIT:          0 MISS:          0 MSHR_MERGE:          0
cpu6->cpu6_L1I TRANSLATION  ACCESS:          0 HIT:          0 MISS:          0 MSHR_MERGE:          0
cpu6->cpu6_L1I PREFETCH REQUESTED:          0 ISSUED:          0 USEFUL:          0 USELESS:          0
cpu6->cpu6_L1I AVERAGE MISS LATENCY: - cycles
cpu6->cpu6_L1D TOTAL        ACCESS:   25147809 HIT:     202192 MISS:   24945617 MSHR_MERGE:   20765198
cpu6->cpu6_L1D LOAD         ACCESS:    8426493 HIT:     202192 MISS:    8224301 MSHR_MERGE:    6134157
cpu6->cpu6_L1D RFO          ACCESS:          0 HIT:          0 MISS:          0 MSHR_MERGE:          0
cpu6->cpu6_L1D PREFETCH     ACCESS:          0 HIT:          0 MISS:          0 MSHR_MERGE:          0
cpu6->cpu6_L1D WRITE        ACCESS:   16721190 HIT:          0 MISS:   16721190 MSHR_MERGE:   14631041
cpu6->cpu6_L1D TRANSLATION  ACCESS:        126 HIT:          0 MISS:        126 MSHR_MERGE:          0
cpu6->cpu6_L1D PREFETCH REQUESTED:          0 ISSUED:          0 USEFUL:          0 USELESS:          0
cpu6->cpu6_L1D AVERAGE MISS LATENCY: 546 cycles
cpu6->cpu6_ITLB TOTAL        ACCESS:   23447365 HIT:   23447365 MISS:          0 MSHR_MERGE:          0
cpu6->cpu6_ITLB LOAD         ACCESS:   23447365 HIT:   23447365 MISS:          0 MSHR_MERGE:          0
cpu6->cpu6_ITLB RFO          ACCESS:          0 HIT:          0 MISS:          0 MSHR_MERGE:          0
cpu6->cpu6_ITLB PREFETCH     ACCESS:          0 HIT:          0 MISS:          0 MSHR_MERGE:          0
cpu6->cpu6_ITLB WRITE        ACCESS:          0 HIT:          0 MISS:          0 MSHR_MERGE:          0
cpu6->cpu6_ITLB TRANSLATION  ACCESS:          0 HIT:          0 MISS:          0 MSHR_MERGE:          0
cpu6->cpu6_ITLB PREFETCH REQUESTED:          0 ISSUED:          0 USEFUL:          0 USELESS:          0
cpu6->cpu6_ITLB AVERAGE MISS LATENCY: - cycles
cpu6->cpu6_DTLB TOTAL        ACCESS:   21014111 HIT:   21012918 MISS:       1193 MSHR_MERGE:       1067
cpu6->cpu6_DTLB LOAD         ACCESS:   21014111 HIT:   21012918 MISS:       1193 MSHR_MERGE:       1067
cpu6->cpu6_DTLB RFO          ACCESS:          0 HIT:          0 MISS:          0 MSHR_MERGE:          0
cpu6->cpu6_DTLB PREFETCH     ACCESS:          0 HIT:          0 MISS:          0 MSHR_MERGE:          0
cpu6->cpu6_DTLB WRITE        ACCESS:          0 HIT:          0 MISS:          0 MSHR_MERGE:          0
cpu6->cpu6_DTLB TRANSLATION  ACCESS:          0 HIT:          0 MISS:          0 MSHR_MERGE:          0
cpu6->cpu6_DTLB PREFETCH REQUESTED:          0 ISSUED:          0 USEFUL:          0 USELESS:          0
cpu6->cpu6_DTLB AVERAGE MISS LATENCY: 230.4 cycles
cpu5->cpu5_STLB TOTAL        ACCESS:        126 HIT:          0 MISS:        126 MSHR_MERGE:          0
cpu5->cpu5_STLB LOAD         ACCESS:        126 HIT:          0 MISS:        126 MSHR_MERGE:          0
cpu5->cpu5_STLB RFO          ACCESS:          0 HIT:          0 MISS:          0 MSHR_MERGE:          0
cpu5->cpu5_STLB PREFETCH     ACCESS:          0 HIT:          0 MISS:          0 MSHR_MERGE:          0
cpu5->cpu5_STLB WRITE        ACCESS:          0 HIT:          0 MISS:          0 MSHR_MERGE:          0
cpu5->cpu5_STLB TRANSLATION  ACCESS:          0 HIT:          0 MISS:          0 MSHR_MERGE:          0
cpu5->cpu5_STLB PREFETCH REQUESTED:          0 ISSUED:          0 USEFUL:          0 USELESS:          0
cpu5->cpu5_STLB AVERAGE MISS LATENCY: 224.3 cycles
cpu5->cpu5_L2C TOTAL        ACCESS:    6268621 HIT:    2089565 MISS:    4179056 MSHR_MERGE:          0
cpu5->cpu5_L2C LOAD         ACCESS:    2089494 HIT:          0 MISS:    2089494 MSHR_MERGE:          0
cpu5->cpu5_L2C RFO          ACCESS:    2089499 HIT:          0 MISS:    2089499 MSHR_MERGE:          0
cpu5->cpu5_L2C PREFETCH     ACCESS:          0 HIT:          0 MISS:          0 MSHR_MERGE:          0
cpu5->cpu5_L2C WRITE        ACCESS:    2089502 HIT:    2089502 MISS:          0 MSHR_MERGE:          0
cpu5->cpu5_L2C TRANSLATION  ACCESS:        126 HIT:         63 MISS:         63 MSHR_MERGE:          0
cpu5->cpu5_L2C PREFETCH REQUESTED:          0 ISSUED:          0 USEFUL:          0 USELESS:          0
cpu5->cpu5_L2C AVERAGE MISS LATENCY: 538.4 cycles
cpu5->cpu5_L1I TOTAL        ACCESS:   30112443 HIT:   30112443 MISS:          0 MSHR_MERGE:          0
cpu5->cpu5_L1I LOAD         ACCESS:   30112443 HIT:   30112443 MISS:          0 MSHR_MERGE:          0
cpu5->cpu5_L1I RFO          ACCESS:          0 HIT:          0 MISS:          0 MSHR_MERGE:          0
cpu5->cpu5_L1I PREFETCH     ACCESS:          0 HIT:          0 MISS:          0 MSHR_MERGE:          0
cpu5->cpu5_L1I WRITE        ACCESS:          0 HIT:          0 MISS:          0 MSHR_MERGE:          0
cpu5->cpu5_L1I TRANSLATION  ACCESS:          0 HIT:          0 MISS:          0 MSHR_MERGE:          0
cpu5->cpu5_L1I PREFETCH REQUESTED:          0 ISSUED:          0 USEFUL:          0 USELESS:          0
cpu5->cpu5_L1I AVERAGE MISS LATENCY: - cycles
cpu5->cpu5_L1D TOTAL        ACCESS:   25095768 HIT:     183288 MISS:   24912480 MSHR_MERGE:   20733361
cpu5->cpu5_L1D LOAD         ACCESS:    8379650 HIT:     183288 MISS:    8196362 MSHR_MERGE:    6106868
cpu5->cpu5_L1D RFO          ACCESS:          0 HIT:          0 MISS:          0 MSHR_MERGE:          0
cpu5->cpu5_L1D PREFETCH     ACCESS:          0 HIT:          0 MISS:          0 MSHR_MERGE:          0
cpu5->cpu5_L1D WRITE        ACCESS:   16715992 HIT:          0 MISS:   16715992 MSHR_MERGE:   14626493
cpu5->cpu5_L1D TRANSLATION  ACCESS:        126 HIT:          0 MISS:        126 MSHR_MERGE:          0
cpu5->cpu5_L1D PREFETCH REQUESTED:          0 ISSUED:          0 USEFUL:          0 USELESS:          0
cpu5->cpu5_L1D AVERAGE MISS LATENCY: 547.4 cycles
cpu5->cpu5_ITLB TOTAL        ACCESS:   23684126 HIT:   23684126 MISS:          0 MSHR_MERGE:          0
cpu5->cpu5_ITLB LOAD         ACCESS:   23684126 HIT:   23684126 MISS:          0 MSHR_MERGE:          0
cpu5->cpu5_ITLB RFO          ACCESS:          0 HIT:          0 MISS:          0 MSHR_MERGE:          0
cpu5->cpu5_ITLB PREFETCH     ACCESS:          0 HIT:          0 MISS:          0 MSHR_MERGE:          0
cpu5->cpu5_ITLB WRITE        ACCESS:          0 HIT:          0 MISS:          0 MSHR_MERGE:          0
cpu5->cpu5_ITLB TRANSLATION  ACCESS:          0 HIT:          0 MISS:          0 MSHR_MERGE:          0
cpu5->cpu5_ITLB PREFETCH REQUESTED:          0 ISSUED:          0 USEFUL:          0 USELESS:          0
cpu5->cpu5_ITLB AVERAGE MISS LATENCY: - cycles
cpu5->cpu5_DTLB TOTAL        ACCESS:   20957908 HIT:   20956747 MISS:       1161 MSHR_MERGE:       1035
cpu5->cpu5_DTLB LOAD         ACCESS:   20957908 HIT:   20956747 MISS:       1161 MSHR_MERGE:       1035
cpu5->cpu5_DTLB RFO          ACCESS:          0 HIT:          0 MISS:          0 MSHR_MERGE:          0
cpu5->cpu5_DTLB PREFETCH     ACCESS:          0 HIT:          0 MISS:          0 MSHR_MERGE:          0
cpu5->cpu5_DTLB WRITE        ACCESS:          0 HIT:          0 MISS:          0 MSHR_MERGE:          0
cpu5->cpu5_DTLB TRANSLATION  ACCESS:          0 HIT:          0 MISS:          0 MSHR_MERGE:          0
cpu5->cpu5_DTLB PREFETCH REQUESTED:          0 ISSUED:          0 USEFUL:          0 USELESS:          0
cpu5->cpu5_DTLB AVERAGE MISS LATENCY: 230.3 cycles
cpu4->cpu4_STLB TOTAL        ACCESS:        126 HIT:          0 MISS:        126 MSHR_MERGE:          0
cpu4->cpu4_STLB LOAD         ACCESS:        126 HIT:          0 MISS:        126 MSHR_MERGE:          0
cpu4->cpu4_STLB RFO          ACCESS:          0 HIT:          0 MISS:          0 MSHR_MERGE:          0
cpu4->cpu4_STLB PREFETCH     ACCESS:          0 HIT:          0 MISS:          0 MSHR_MERGE:          0
cpu4->cpu4_STLB WRITE        ACCESS:          0 HIT:          0 MISS:          0 MSHR_MERGE:          0
cpu4->cpu4_STLB TRANSLATION  ACCESS:          0 HIT:          0 MISS:          0 MSHR_MERGE:          0
cpu4->cpu4_STLB PREFETCH REQUESTED:          0 ISSUED:          0 USEFUL:          0 USELESS:          0
cpu4->cpu4_STLB AVERAGE MISS LATENCY: 224.3 cycles
cpu4->cpu4_L2C TOTAL        ACCESS:    6270132 HIT:    2090069 MISS:    4180063 MSHR_MERGE:          0
cpu4->cpu4_L2C LOAD         ACCESS:    2089998 HIT:          0 MISS:    2089998 MSHR_MERGE:          0
cpu4->cpu4_L2C RFO          ACCESS:    2090002 HIT:          0 MISS:    2090002 MSHR_MERGE:          0
cpu4->cpu4_L2C PREFETCH     ACCESS:          0 HIT:          0 MISS:          0 MSHR_MERGE:          0
cpu4->cpu4_L2C WRITE        ACCESS:    2090006 HIT:    2090006 MISS:          0 MSHR_MERGE:          0
cpu4->cpu4_L2C TRANSLATION  ACCESS:        126 HIT:         63 MISS:         63 MSHR_MERGE:          0
cpu4->cpu4_L2C PREFETCH REQUESTED:          0 ISSUED:          0 USEFUL:          0 USELESS:          0
cpu4->cpu4_L2C AVERAGE MISS LATENCY: 535.2 cycles
cpu4->cpu4_L1I TOTAL        ACCESS:   30112689 HIT:   30112689 MISS:          0 MSHR_MERGE:          0
cpu4->cpu4_L1I LOAD         ACCESS:   30112689 HIT:   30112689 MISS:          0 MSHR_MERGE:          0
cpu4->cpu4_L1I RFO          ACCESS:          0 HIT:          0 MISS:          0 MSHR_MERGE:          0
cpu4->cpu4_L1I PREFETCH     ACCESS:          0 HIT:          0 MISS:          0 MSHR_MERGE:          0
cpu4->cpu4_L1I WRITE        ACCESS:          0 HIT:          0 MISS:          0 MSHR_MERGE:          0
cpu4->cpu4_L1I TRANSLATION  ACCESS:          0 HIT:          0 MISS:          0 MSHR_MERGE:          0
cpu4->cpu4_L1I PREFETCH REQUESTED:          0 ISSUED:          0 USEFUL:          0 USELESS:          0
cpu4->cpu4_L1I AVERAGE MISS LATENCY: - cycles
cpu4->cpu4_L1D TOTAL        ACCESS:   25101732 HIT:     198750 MISS:   24902982 MSHR_MERGE:   20722856
cpu4->cpu4_L1D LOAD         ACCESS:    8381590 HIT:     198750 MISS:    8182840 MSHR_MERGE:    6092842
cpu4->cpu4_L1D RFO          ACCESS:          0 HIT:          0 MISS:          0 MSHR_MERGE:          0
cpu4->cpu4_L1D PREFETCH     ACCESS:          0 HIT:          0 MISS:          0 MSHR_MERGE:          0
cpu4->cpu4_L1D WRITE        ACCESS:   16720016 HIT:          0 MISS:   16720016 MSHR_MERGE:   14630014
cpu4->cpu4_L1D TRANSLATION  ACCESS:        126 HIT:          0 MISS:        126 MSHR_MERGE:          0
cpu4->cpu4_L1D PREFETCH REQUESTED:          0 ISSUED:          0 USEFUL:          0 USELESS:          0
cpu4->cpu4_L1D AVERAGE MISS LATENCY: 544.2 cycles
cpu4->cpu4_ITLB TOTAL        ACCESS:   23678907 HIT:   23678907 MISS:          0 MSHR_MERGE:          0
cpu4->cpu4_ITLB LOAD         ACCESS:   23678907 HIT:   23678907 MISS:          0 MSHR_MERGE:          0
cpu4->cpu4_ITLB RFO          ACCESS:          0 HIT:          0 MISS:          0 MSHR_MERGE:          0
cpu4->cpu4_ITLB PREFETCH     ACCESS:          0 HIT:          0 MISS:          0 MSHR_MERGE:          0
cpu4->cpu4_ITLB WRITE        ACCESS:          0 HIT:          0 MISS:          0 MSHR_MERGE:          0
cpu4->cpu4_ITLB TRANSLATION  ACCESS:          0 HIT:          0 MISS:          0 MSHR_MERGE:          0
cpu4->cpu4_ITLB PREFETCH REQUESTED:          0 ISSUED:          0 USEFUL:          0 USELESS:          0
cpu4->cpu4_ITLB AVERAGE MISS LATENCY: - cycles
cpu4->cpu4_DTLB TOTAL        ACCESS:   20965786 HIT:   20964655 MISS:       1131 MSHR_MERGE:       1005
cpu4->cpu4_DTLB LOAD         ACCESS:   20965786 HIT:   20964655 MISS:       1131 MSHR_MERGE:       1005
cpu4->cpu4_DTLB RFO          ACCESS:          0 HIT:          0 MISS:          0 MSHR_MERGE:          0
cpu4->cpu4_DTLB PREFETCH     ACCESS:          0 HIT:          0 MISS:          0 MSHR_MERGE:          0
cpu4->cpu4_DTLB WRITE        ACCESS:          0 HIT:          0 MISS:          0 MSHR_MERGE:          0
cpu4->cpu4_DTLB TRANSLATION  ACCESS:          0 HIT:          0 MISS:          0 MSHR_MERGE:          0
cpu4->cpu4_DTLB PREFETCH REQUESTED:          0 ISSUED:          0 USEFUL:          0 USELESS:          0
cpu4->cpu4_DTLB AVERAGE MISS LATENCY: 230.3 cycles
cpu3->cpu3_STLB TOTAL        ACCESS:        126 HIT:          0 MISS:        126 MSHR_MERGE:          0
cpu3->cpu3_STLB LOAD         ACCESS:        126 HIT:          0 MISS:        126 MSHR_MERGE:          0
cpu3->cpu3_STLB RFO          ACCESS:          0 HIT:          0 MISS:          0 MSHR_MERGE:          0
cpu3->cpu3_STLB PREFETCH     ACCESS:          0 HIT:          0 MISS:          0 MSHR_MERGE:          0
cpu3->cpu3_STLB WRITE        ACCESS:          0 HIT:          0 MISS:          0 MSHR_MERGE:          0
cpu3->cpu3_STLB TRANSLATION  ACCESS:          0 HIT:          0 MISS:          0 MSHR_MERGE:          0
cpu3->cpu3_STLB PREFETCH REQUESTED:          0 ISSUED:          0 USEFUL:          0 USELESS:          0
cpu3->cpu3_STLB AVERAGE MISS LATENCY: 224.3 cycles
cpu3->cpu3_L2C TOTAL        ACCESS:    6256702 HIT:    2085593 MISS:    4171109 MSHR_MERGE:          0
cpu3->cpu3_L2C LOAD         ACCESS:    2085521 HIT:          0 MISS:    2085521 MSHR_MERGE:          0
cpu3->cpu3_L2C RFO          ACCESS:    2085525 HIT:          0 MISS:    2085525 MSHR_MERGE:          0
cpu3->cpu3_L2C PREFETCH     ACCESS:          0 HIT:          0 MISS:          0 MSHR_MERGE:          0
cpu3->cpu3_L2C WRITE        ACCESS:    2085530 HIT:    2085530 MISS:          0 MSHR_MERGE:          0
cpu3->cpu3_L2C TRANSLATION  ACCESS:        126 HIT:         63 MISS:         63 MSHR_MERGE:          0
cpu3->cpu3_L2C PREFETCH REQUESTED:          0 ISSUED:          0 USEFUL:          0 USELESS:          0
cpu3->cpu3_L2C AVERAGE MISS LATENCY: 538.9 cycles
cpu3->cpu3_L1I TOTAL        ACCESS:   30068703 HIT:   30068703 MISS:          0 MSHR_MERGE:          0
cpu3->cpu3_L1I LOAD         ACCESS:   30068703 HIT:   30068703 MISS:          0 MSHR_MERGE:          0
cpu3->cpu3_L1I RFO          ACCESS:          0 HIT:          0 MISS:          0 MSHR_MERGE:          0
cpu3->cpu3_L1I PREFETCH     ACCESS:          0 HIT:          0 MISS:          0 MSHR_MERGE:          0
cpu3->cpu3_L1I WRITE        ACCESS:          0 HIT:          0 MISS:          0 MSHR_MERGE:          0
cpu3->cpu3_L1I TRANSLATION  ACCESS:          0 HIT:          0 MISS:          0 MSHR_MERGE:          0
cpu3->cpu3_L1I PREFETCH REQUESTED:          0 ISSUED:          0 USEFUL:          0 USELESS:          0
cpu3->cpu3_L1I AVERAGE MISS LATENCY: - cycles
cpu3->cpu3_L1D TOTAL        ACCESS:   25045830 HIT:     185723 MISS:   24860107 MSHR_MERGE:   20688935
cpu3->cpu3_L1D LOAD         ACCESS:    8361498 HIT:     185723 MISS:    8175775 MSHR_MERGE:    6090254
cpu3->cpu3_L1D RFO          ACCESS:          0 HIT:          0 MISS:          0 MSHR_MERGE:          0
cpu3->cpu3_L1D PREFETCH     ACCESS:          0 HIT:          0 MISS:          0 MSHR_MERGE:          0
cpu3->cpu3_L1D WRITE        ACCESS:   16684206 HIT:          0 MISS:   16684206 MSHR_MERGE:   14598681
cpu3->cpu3_L1D TRANSLATION  ACCESS:        126 HIT:          0 MISS:        126 MSHR_MERGE:          0
cpu3->cpu3_L1D PREFETCH REQUESTED:          0 ISSUED:          0 USEFUL:          0 USELESS:          0
cpu3->cpu3_L1D AVERAGE MISS LATENCY: 547.9 cycles
cpu3->cpu3_ITLB TOTAL        ACCESS:   23752246 HIT:   23752246 MISS:          0 MSHR_MERGE:          0
cpu3->cpu3_ITLB LOAD         ACCESS:   23752246 HIT:   23752246 MISS:          0 MSHR_MERGE:          0
cpu3->cpu3_ITLB RFO          ACCESS:          0 HIT:          0 MISS:          0 MSHR_MERGE:          0
cpu3->cpu3_ITLB PREFETCH     ACCESS:          0 HIT:          0 MISS:          0 MSHR_MERGE:          0
cpu3->cpu3_ITLB WRITE        ACCESS:          0 HIT:          0 MISS:          0 MSHR_MERGE:          0
cpu3->cpu3_ITLB TRANSLATION  ACCESS:          0 HIT:          0 MISS:          0 MSHR_MERGE:          0
cpu3->cpu3_ITLB PREFETCH REQUESTED:          0 ISSUED:          0 USEFUL:          0 USELESS:          0
cpu3->cpu3_ITLB AVERAGE MISS LATENCY: - cycles
cpu3->cpu3_DTLB TOTAL        ACCESS:   20936813 HIT:   20935671 MISS:       1142 MSHR_MERGE:       1016
cpu3->cpu3_DTLB LOAD         ACCESS:   20936813 HIT:   20935671 MISS:       1142 MSHR_MERGE:       1016
cpu3->cpu3_DTLB RFO          ACCESS:          0 HIT:          0 MISS:          0 MSHR_MERGE:          0
cpu3->cpu3_DTLB PREFETCH     ACCESS:          0 HIT:          0 MISS:          0 MSHR_MERGE:          0
cpu3->cpu3_DTLB WRITE        ACCESS:          0 HIT:          0 MISS:          0 MSHR_MERGE:          0
cpu3->cpu3_DTLB TRANSLATION  ACCESS:          0 HIT:          0 MISS:          0 MSHR_MERGE:          0
cpu3->cpu3_DTLB PREFETCH REQUESTED:          0 ISSUED:          0 USEFUL:          0 USELESS:          0
cpu3->cpu3_DTLB AVERAGE MISS LATENCY: 230.3 cycles
cpu2->cpu2_STLB TOTAL        ACCESS:        126 HIT:          0 MISS:        126 MSHR_MERGE:          0
cpu2->cpu2_STLB LOAD         ACCESS:        126 HIT:          0 MISS:        126 MSHR_MERGE:          0
cpu2->cpu2_STLB RFO          ACCESS:          0 HIT:          0 MISS:          0 MSHR_MERGE:          0
cpu2->cpu2_STLB PREFETCH     ACCESS:          0 HIT:          0 MISS:          0 MSHR_MERGE:          0
cpu2->cpu2_STLB WRITE        ACCESS:          0 HIT:          0 MISS:          0 MSHR_MERGE:          0
cpu2->cpu2_STLB TRANSLATION  ACCESS:          0 HIT:          0 MISS:          0 MSHR_MERGE:          0
cpu2->cpu2_STLB PREFETCH REQUESTED:          0 ISSUED:          0 USEFUL:          0 USELESS:          0
cpu2->cpu2_STLB AVERAGE MISS LATENCY: 224.4 cycles
cpu2->cpu2_L2C TOTAL        ACCESS:    6250125 HIT:    2083401 MISS:    4166724 MSHR_MERGE:          0
cpu2->cpu2_L2C LOAD         ACCESS:    2083328 HIT:          0 MISS:    2083328 MSHR_MERGE:          0
cpu2->cpu2_L2C RFO          ACCESS:    2083333 HIT:          0 MISS:    2083333 MSHR_MERGE:          0
cpu2->cpu2_L2C PREFETCH     ACCESS:          0 HIT:          0 MISS:          0 MSHR_MERGE:          0
cpu2->cpu2_L2C WRITE        ACCESS:    2083338 HIT:    2083338 MISS:          0 MSHR_MERGE:          0
cpu2->cpu2_L2C TRANSLATION  ACCESS:        126 HIT:         63 MISS:         63 MSHR_MERGE:          0
cpu2->cpu2_L2C PREFETCH REQUESTED:          0 ISSUED:          0 USEFUL:          0 USELESS:          0
cpu2->cpu2_L2C AVERAGE MISS LATENCY: 540.5 cycles
cpu2->cpu2_L1I TOTAL        ACCESS:   29959203 HIT:   29959203 MISS:          0 MSHR_MERGE:          0
cpu2->cpu2_L1I LOAD         ACCESS:   29959203 HIT:   29959203 MISS:          0 MSHR_MERGE:          0
cpu2->cpu2_L1I RFO          ACCESS:          0 HIT:          0 MISS:          0 MSHR_MERGE:          0
cpu2->cpu2_L1I PREFETCH     ACCESS:          0 HIT:          0 MISS:          0 MSHR_MERGE:          0
cpu2->cpu2_L1I WRITE        ACCESS:          0 HIT:          0 MISS:          0 MSHR_MERGE:          0
cpu2->cpu2_L1I TRANSLATION  ACCESS:          0 HIT:          0 MISS:          0 MSHR_MERGE:          0
cpu2->cpu2_L1I PREFETCH REQUESTED:          0 ISSUED:          0 USEFUL:          0 USELESS:          0
cpu2->cpu2_L1I AVERAGE MISS LATENCY: - cycles
cpu2->cpu2_L1D TOTAL        ACCESS:   25003418 HIT:     194464 MISS:   24808954 MSHR_MERGE:   20642167
cpu2->cpu2_L1D LOAD         ACCESS:    8336628 HIT:     194464 MISS:    8142164 MSHR_MERGE:    6058836
cpu2->cpu2_L1D RFO          ACCESS:          0 HIT:          0 MISS:          0 MSHR_MERGE:          0
cpu2->cpu2_L1D PREFETCH     ACCESS:          0 HIT:          0 MISS:          0 MSHR_MERGE:          0
cpu2->cpu2_L1D WRITE        ACCESS:   16666664 HIT:          0 MISS:   16666664 MSHR_MERGE:   14583331
cpu2->cpu2_L1D TRANSLATION  ACCESS:        126 HIT:          0 MISS:        126 MSHR_MERGE:          0
cpu2->cpu2_L1D PREFETCH REQUESTED:          0 ISSUED:          0 USEFUL:          0 USELESS:          0
cpu2->cpu2_L1D AVERAGE MISS LATENCY: 549.5 cycles
cpu2->cpu2_ITLB TOTAL        ACCESS:   23546164 HIT:   23546164 MISS:          0 MSHR_MERGE:          0
cpu2->cpu2_ITLB LOAD         ACCESS:   23546164 HIT:   23546164 MISS:          0 MSHR_MERGE:          0
cpu2->cpu2_ITLB RFO          ACCESS:          0 HIT:          0 MISS:          0 MSHR_MERGE:          0
cpu2->cpu2_ITLB PREFETCH     ACCESS:          0 HIT:          0 MISS:          0 MSHR_MERGE:          0
cpu2->cpu2_ITLB WRITE        ACCESS:          0 HIT:          0 MISS:          0 MSHR_MERGE:          0
cpu2->cpu2_ITLB TRANSLATION  ACCESS:          0 HIT:          0 MISS:          0 MSHR_MERGE:          0
cpu2->cpu2_ITLB PREFETCH REQUESTED:          0 ISSUED:          0 USEFUL:          0 USELESS:          0
cpu2->cpu2_ITLB AVERAGE MISS LATENCY: - cycles
cpu2->cpu2_DTLB TOTAL        ACCESS:   20899142 HIT:   20898039 MISS:       1103 MSHR_MERGE:        977
cpu2->cpu2_DTLB LOAD         ACCESS:   20899142 HIT:   20898039 MISS:       1103 MSHR_MERGE:        977
cpu2->cpu2_DTLB RFO          ACCESS:          0 HIT:          0 MISS:          0 MSHR_MERGE:          0
cpu2->cpu2_DTLB PREFETCH     ACCESS:          0 HIT:          0 MISS:          0 MSHR_MERGE:          0
cpu2->cpu2_DTLB WRITE        ACCESS:          0 HIT:          0 MISS:          0 MSHR_MERGE:          0
cpu2->cpu2_DTLB TRANSLATION  ACCESS:          0 HIT:          0 MISS:          0 MSHR_MERGE:          0
cpu2->cpu2_DTLB PREFETCH REQUESTED:          0 ISSUED:          0 USEFUL:          0 USELESS:          0
cpu2->cpu2_DTLB AVERAGE MISS LATENCY: 230.4 cycles
cpu1->cpu1_STLB TOTAL        ACCESS:        126 HIT:          0 MISS:        126 MSHR_MERGE:          0
cpu1->cpu1_STLB LOAD         ACCESS:        126 HIT:          0 MISS:        126 MSHR_MERGE:          0
cpu1->cpu1_STLB RFO          ACCESS:          0 HIT:          0 MISS:          0 MSHR_MERGE:          0
cpu1->cpu1_STLB PREFETCH     ACCESS:          0 HIT:          0 MISS:          0 MSHR_MERGE:          0
cpu1->cpu1_STLB WRITE        ACCESS:          0 HIT:          0 MISS:          0 MSHR_MERGE:          0
cpu1->cpu1_STLB TRANSLATION  ACCESS:          0 HIT:          0 MISS:          0 MSHR_MERGE:          0
cpu1->cpu1_STLB PREFETCH REQUESTED:          0 ISSUED:          0 USEFUL:          0 USELESS:          0
cpu1->cpu1_STLB AVERAGE MISS LATENCY: 224.3 cycles
cpu1->cpu1_L2C TOTAL        ACCESS:    6271892 HIT:    2090656 MISS:    4181236 MSHR_MERGE:          0
cpu1->cpu1_L2C LOAD         ACCESS:    2090584 HIT:          0 MISS:    2090584 MSHR_MERGE:          0
cpu1->cpu1_L2C RFO          ACCESS:    2090589 HIT:          0 MISS:    2090589 MSHR_MERGE:          0
cpu1->cpu1_L2C PREFETCH     ACCESS:          0 HIT:          0 MISS:          0 MSHR_MERGE:          0
cpu1->cpu1_L2C WRITE        ACCESS:    2090593 HIT:    2090593 MISS:          0 MSHR_MERGE:          0
cpu1->cpu1_L2C TRANSLATION  ACCESS:        126 HIT:         63 MISS:         63 MSHR_MERGE:          0
cpu1->cpu1_L2C PREFETCH REQUESTED:          0 ISSUED:          0 USEFUL:          0 USELESS:          0
cpu1->cpu1_L2C AVERAGE MISS LATENCY: 537.1 cycles
cpu1->cpu1_L1I TOTAL        ACCESS:   30147681 HIT:   30147681 MISS:          0 MSHR_MERGE:          0
cpu1->cpu1_L1I LOAD         ACCESS:   30147681 HIT:   30147681 MISS:          0 MSHR_MERGE:          0
cpu1->cpu1_L1I RFO          ACCESS:          0 HIT:          0 MISS:          0 MSHR_MERGE:          0
cpu1->cpu1_L1I PREFETCH     ACCESS:          0 HIT:          0 MISS:          0 MSHR_MERGE:          0
cpu1->cpu1_L1I WRITE        ACCESS:          0 HIT:          0 MISS:          0 MSHR_MERGE:          0
cpu1->cpu1_L1I TRANSLATION  ACCESS:          0 HIT:          0 MISS:          0 MSHR_MERGE:          0
cpu1->cpu1_L1I PREFETCH REQUESTED:          0 ISSUED:          0 USEFUL:          0 USELESS:          0
cpu1->cpu1_L1I AVERAGE MISS LATENCY: - cycles
cpu1->cpu1_L1D TOTAL        ACCESS:   25082194 HIT:     179663 MISS:   24902531 MSHR_MERGE:   20721232
cpu1->cpu1_L1D LOAD         ACCESS:    8357356 HIT:     179663 MISS:    8177693 MSHR_MERGE:    6087109
cpu1->cpu1_L1D RFO          ACCESS:          0 HIT:          0 MISS:          0 MSHR_MERGE:          0
cpu1->cpu1_L1D PREFETCH     ACCESS:          0 HIT:          0 MISS:          0 MSHR_MERGE:          0
cpu1->cpu1_L1D WRITE        ACCESS:   16724712 HIT:          0 MISS:   16724712 MSHR_MERGE:   14634123
cpu1->cpu1_L1D TRANSLATION  ACCESS:        126 HIT:          0 MISS:        126 MSHR_MERGE:          0
cpu1->cpu1_L1D PREFETCH REQUESTED:          0 ISSUED:          0 USEFUL:          0 USELESS:          0
cpu1->cpu1_L1D AVERAGE MISS LATENCY: 546.1 cycles
cpu1->cpu1_ITLB TOTAL        ACCESS:   23816790 HIT:   23816790 MISS:          0 MSHR_MERGE:          0
cpu1->cpu1_ITLB LOAD         ACCESS:   23816790 HIT:   23816790 MISS:          0 MSHR_MERGE:          0
cpu1->cpu1_ITLB RFO          ACCESS:          0 HIT:          0 MISS:          0 MSHR_MERGE:          0
cpu1->cpu1_ITLB PREFETCH     ACCESS:          0 HIT:          0 MISS:          0 MSHR_MERGE:          0
cpu1->cpu1_ITLB WRITE        ACCESS:          0 HIT:          0 MISS:          0 MSHR_MERGE:          0
cpu1->cpu1_ITLB TRANSLATION  ACCESS:          0 HIT:          0 MISS:          0 MSHR_MERGE:          0
cpu1->cpu1_ITLB PREFETCH REQUESTED:          0 ISSUED:          0 USEFUL:          0 USELESS:          0
cpu1->cpu1_ITLB AVERAGE MISS LATENCY: - cycles
cpu1->cpu1_DTLB TOTAL        ACCESS:   20977629 HIT:   20976439 MISS:       1190 MSHR_MERGE:       1064
cpu1->cpu1_DTLB LOAD         ACCESS:   20977629 HIT:   20976439 MISS:       1190 MSHR_MERGE:       1064
cpu1->cpu1_DTLB RFO          ACCESS:          0 HIT:          0 MISS:          0 MSHR_MERGE:          0
cpu1->cpu1_DTLB PREFETCH     ACCESS:          0 HIT:          0 MISS:          0 MSHR_MERGE:          0
cpu1->cpu1_DTLB WRITE        ACCESS:          0 HIT:          0 MISS:          0 MSHR_MERGE:          0
cpu1->cpu1_DTLB TRANSLATION  ACCESS:          0 HIT:          0 MISS:          0 MSHR_MERGE:          0
cpu1->cpu1_DTLB PREFETCH REQUESTED:          0 ISSUED:          0 USEFUL:          0 USELESS:          0
cpu1->cpu1_DTLB AVERAGE MISS LATENCY: 230.3 cycles
cpu0->cpu0_STLB TOTAL        ACCESS:        126 HIT:          0 MISS:        126 MSHR_MERGE:          0
cpu0->cpu0_STLB LOAD         ACCESS:        126 HIT:          0 MISS:        126 MSHR_MERGE:          0
cpu0->cpu0_STLB RFO          ACCESS:          0 HIT:          0 MISS:          0 MSHR_MERGE:          0
cpu0->cpu0_STLB PREFETCH     ACCESS:          0 HIT:          0 MISS:          0 MSHR_MERGE:          0
cpu0->cpu0_STLB WRITE        ACCESS:          0 HIT:          0 MISS:          0 MSHR_MERGE:          0
cpu0->cpu0_STLB TRANSLATION  ACCESS:          0 HIT:          0 MISS:          0 MSHR_MERGE:          0
cpu0->cpu0_STLB PREFETCH REQUESTED:          0 ISSUED:          0 USEFUL:          0 USELESS:          0
cpu0->cpu0_STLB AVERAGE MISS LATENCY: 224.3 cycles
cpu0->cpu0_L2C TOTAL        ACCESS:    6277031 HIT:    2092370 MISS:    4184661 MSHR_MERGE:          0
cpu0->cpu0_L2C LOAD         ACCESS:    2092297 HIT:          0 MISS:    2092297 MSHR_MERGE:          0
cpu0->cpu0_L2C RFO          ACCESS:    2092301 HIT:          0 MISS:    2092301 MSHR_MERGE:          0
cpu0->cpu0_L2C PREFETCH     ACCESS:          0 HIT:          0 MISS:          0 MSHR_MERGE:          0
cpu0->cpu0_L2C WRITE        ACCESS:    2092307 HIT:    2092307 MISS:          0 MSHR_MERGE:          0
cpu0->cpu0_L2C TRANSLATION  ACCESS:        126 HIT:         63 MISS:         63 MSHR_MERGE:          0
cpu0->cpu0_L2C PREFETCH REQUESTED:          0 ISSUED:          0 USEFUL:          0 USELESS:          0
cpu0->cpu0_L2C AVERAGE MISS LATENCY: 535.7 cycles
cpu0->cpu0_L1I TOTAL        ACCESS:   30158691 HIT:   30158691 MISS:          0 MSHR_MERGE:          0
cpu0->cpu0_L1I LOAD         ACCESS:   30158691 HIT:   30158691 MISS:          0 MSHR_MERGE:          0
cpu0->cpu0_L1I RFO          ACCESS:          0 HIT:          0 MISS:          0 MSHR_MERGE:          0
cpu0->cpu0_L1I PREFETCH     ACCESS:          0 HIT:          0 MISS:          0 MSHR_MERGE:          0
cpu0->cpu0_L1I WRITE        ACCESS:          0 HIT:          0 MISS:          0 MSHR_MERGE:          0
cpu0->cpu0_L1I TRANSLATION  ACCESS:          0 HIT:          0 MISS:          0 MSHR_MERGE:          0
cpu0->cpu0_L1I PREFETCH REQUESTED:          0 ISSUED:          0 USEFUL:          0 USELESS:          0
cpu0->cpu0_L1I AVERAGE MISS LATENCY: - cycles
cpu0->cpu0_L1D TOTAL        ACCESS:   25128561 HIT:     197801 MISS:   24930760 MSHR_MERGE:   20746036
cpu0->cpu0_L1D LOAD         ACCESS:    8390025 HIT:     197801 MISS:    8192224 MSHR_MERGE:    6099927
cpu0->cpu0_L1D RFO          ACCESS:          0 HIT:          0 MISS:          0 MSHR_MERGE:          0
cpu0->cpu0_L1D PREFETCH     ACCESS:          0 HIT:          0 MISS:          0 MSHR_MERGE:          0
cpu0->cpu0_L1D WRITE        ACCESS:   16738410 HIT:          0 MISS:   16738410 MSHR_MERGE:   14646109
cpu0->cpu0_L1D TRANSLATION  ACCESS:        126 HIT:          0 MISS:        126 MSHR_MERGE:          0
cpu0->cpu0_L1D PREFETCH REQUESTED:          0 ISSUED:          0 USEFUL:          0 USELESS:          0
cpu0->cpu0_L1D AVERAGE MISS LATENCY: 544.7 cycles
cpu0->cpu0_ITLB TOTAL        ACCESS:   23819258 HIT:   23819258 MISS:          0 MSHR_MERGE:          0
cpu0->cpu0_ITLB LOAD         ACCESS:   23819258 HIT:   23819258 MISS:          0 MSHR_MERGE:          0
cpu0->cpu0_ITLB RFO          ACCESS:          0 HIT:          0 MISS:          0 MSHR_MERGE:          0
cpu0->cpu0_ITLB PREFETCH     ACCESS:          0 HIT:          0 MISS:          0 MSHR_MERGE:          0
cpu0->cpu0_ITLB WRITE        ACCESS:          0 HIT:          0 MISS:          0 MSHR_MERGE:          0
cpu0->cpu0_ITLB TRANSLATION  ACCESS:          0 HIT:          0 MISS:          0 MSHR_MERGE:          0
cpu0->cpu0_ITLB PREFETCH REQUESTED:          0 ISSUED:          0 USEFUL:          0 USELESS:          0
cpu0->cpu0_ITLB AVERAGE MISS LATENCY: - cycles
cpu0->cpu0_DTLB TOTAL        ACCESS:   21007983 HIT:   21006754 MISS:       1229 MSHR_MERGE:       1103
cpu0->cpu0_DTLB LOAD         ACCESS:   21007983 HIT:   21006754 MISS:       1229 MSHR_MERGE:       1103
cpu0->cpu0_DTLB RFO          ACCESS:          0 HIT:          0 MISS:          0 MSHR_MERGE:          0
cpu0->cpu0_DTLB PREFETCH     ACCESS:          0 HIT:          0 MISS:          0 MSHR_MERGE:          0
cpu0->cpu0_DTLB WRITE        ACCESS:          0 HIT:          0 MISS:          0 MSHR_MERGE:          0
cpu0->cpu0_DTLB TRANSLATION  ACCESS:          0 HIT:          0 MISS:          0 MSHR_MERGE:          0
cpu0->cpu0_DTLB PREFETCH REQUESTED:          0 ISSUED:          0 USEFUL:          0 USELESS:          0
cpu0->cpu0_DTLB AVERAGE MISS LATENCY: 230.3 cycles
cpu0->LLC TOTAL        ACCESS:    6276981 HIT:    2092369 MISS:    4184612 MSHR_MERGE:          0
cpu0->LLC LOAD         ACCESS:    2092304 HIT:          0 MISS:    2092304 MSHR_MERGE:          0
cpu0->LLC RFO          ACCESS:    2092308 HIT:          0 MISS:    2092308 MSHR_MERGE:          0
cpu0->LLC PREFETCH     ACCESS:          0 HIT:          0 MISS:          0 MSHR_MERGE:          0
cpu0->LLC WRITE        ACCESS:    2092306 HIT:    2092306 MISS:          0 MSHR_MERGE:          0
cpu0->LLC TRANSLATION  ACCESS:         63 HIT:         63 MISS:          0 MSHR_MERGE:          0
cpu0->LLC PREFETCH REQUESTED:          0 ISSUED:          0 USEFUL:          0 USELESS:          0
cpu0->LLC AVERAGE MISS LATENCY: 4164 cycles
cpu1->LLC TOTAL        ACCESS:    6271843 HIT:    2090656 MISS:    4181187 MSHR_MERGE:          0
cpu1->LLC LOAD         ACCESS:    2090591 HIT:          0 MISS:    2090591 MSHR_MERGE:          0
cpu1->LLC RFO          ACCESS:    2090596 HIT:          0 MISS:    2090596 MSHR_MERGE:          0
cpu1->LLC PREFETCH     ACCESS:          0 HIT:          0 MISS:          0 MSHR_MERGE:          0
cpu1->LLC WRITE        ACCESS:    2090593 HIT:    2090593 MISS:          0 MSHR_MERGE:          0
cpu1->LLC TRANSLATION  ACCESS:         63 HIT:         63 MISS:          0 MSHR_MERGE:          0
cpu1->LLC PREFETCH REQUESTED:          0 ISSUED:          0 USEFUL:          0 USELESS:          0
cpu1->LLC AVERAGE MISS LATENCY: 4167 cycles
cpu2->LLC TOTAL        ACCESS:    6250076 HIT:    2083401 MISS:    4166675 MSHR_MERGE:          0
cpu2->LLC LOAD         ACCESS:    2083335 HIT:          0 MISS:    2083335 MSHR_MERGE:          0
cpu2->LLC RFO          ACCESS:    2083340 HIT:          0 MISS:    2083340 MSHR_MERGE:          0
cpu2->LLC PREFETCH     ACCESS:          0 HIT:          0 MISS:          0 MSHR_MERGE:          0
cpu2->LLC WRITE        ACCESS:    2083338 HIT:    2083338 MISS:          0 MSHR_MERGE:          0
cpu2->LLC TRANSLATION  ACCESS:         63 HIT:         63 MISS:          0 MSHR_MERGE:          0
cpu2->LLC PREFETCH REQUESTED:          0 ISSUED:          0 USEFUL:          0 USELESS:          0
cpu2->LLC AVERAGE MISS LATENCY: 4182 cycles
cpu3->LLC TOTAL        ACCESS:    6256653 HIT:    2085593 MISS:    4171060 MSHR_MERGE:          0
cpu3->LLC LOAD         ACCESS:    2085528 HIT:          0 MISS:    2085528 MSHR_MERGE:          0
cpu3->LLC RFO          ACCESS:    2085532 HIT:          0 MISS:    2085532 MSHR_MERGE:          0
cpu3->LLC PREFETCH     ACCESS:          0 HIT:          0 MISS:          0 MSHR_MERGE:          0
cpu3->LLC WRITE        ACCESS:    2085530 HIT:    2085530 MISS:          0 MSHR_MERGE:          0
cpu3->LLC TRANSLATION  ACCESS:         63 HIT:         63 MISS:          0 MSHR_MERGE:          0
cpu3->LLC PREFETCH REQUESTED:          0 ISSUED:          0 USEFUL:          0 USELESS:          0
cpu3->LLC AVERAGE MISS LATENCY: 4177 cycles
cpu4->LLC TOTAL        ACCESS:    6270083 HIT:    2090069 MISS:    4180014 MSHR_MERGE:          0
cpu4->LLC LOAD         ACCESS:    2090005 HIT:          0 MISS:    2090005 MSHR_MERGE:          0
cpu4->LLC RFO          ACCESS:    2090009 HIT:          0 MISS:    2090009 MSHR_MERGE:          0
cpu4->LLC PREFETCH     ACCESS:          0 HIT:          0 MISS:          0 MSHR_MERGE:          0
cpu4->LLC WRITE        ACCESS:    2090006 HIT:    2090006 MISS:          0 MSHR_MERGE:          0
cpu4->LLC TRANSLATION  ACCESS:         63 HIT:         63 MISS:          0 MSHR_MERGE:          0
cpu4->LLC PREFETCH REQUESTED:          0 ISSUED:          0 USEFUL:          0 USELESS:          0
cpu4->LLC AVERAGE MISS LATENCY: 4169 cycles
cpu5->LLC TOTAL        ACCESS:    6268572 HIT:    2089565 MISS:    4179007 MSHR_MERGE:          0
cpu5->LLC LOAD         ACCESS:    2089501 HIT:          0 MISS:    2089501 MSHR_MERGE:          0
cpu5->LLC RFO          ACCESS:    2089506 HIT:          0 MISS:    2089506 MSHR_MERGE:          0
cpu5->LLC PREFETCH     ACCESS:          0 HIT:          0 MISS:          0 MSHR_MERGE:          0
cpu5->LLC WRITE        ACCESS:    2089502 HIT:    2089502 MISS:          0 MSHR_MERGE:          0
cpu5->LLC TRANSLATION  ACCESS:         63 HIT:         63 MISS:          0 MSHR_MERGE:          0
cpu5->LLC PREFETCH REQUESTED:          0 ISSUED:          0 USEFUL:          0 USELESS:          0
cpu5->LLC AVERAGE MISS LATENCY: 4170 cycles
cpu6->LLC TOTAL        ACCESS:    6270522 HIT:    2090216 MISS:    4180306 MSHR_MERGE:          0
cpu6->LLC LOAD         ACCESS:    2090151 HIT:          0 MISS:    2090151 MSHR_MERGE:          0
cpu6->LLC RFO          ACCESS:    2090155 HIT:          0 MISS:    2090155 MSHR_MERGE:          0
cpu6->LLC PREFETCH     ACCESS:          0 HIT:          0 MISS:          0 MSHR_MERGE:          0
cpu6->LLC WRITE        ACCESS:    2090153 HIT:    2090153 MISS:          0 MSHR_MERGE:          0
cpu6->LLC TRANSLATION  ACCESS:         63 HIT:         63 MISS:          0 MSHR_MERGE:          0
cpu6->LLC PREFETCH REQUESTED:          0 ISSUED:          0 USEFUL:          0 USELESS:          0
cpu6->LLC AVERAGE MISS LATENCY: 4168 cycles
cpu7->LLC TOTAL        ACCESS:    6267857 HIT:    2089328 MISS:    4178529 MSHR_MERGE:          0
cpu7->LLC LOAD         ACCESS:    2089262 HIT:          0 MISS:    2089262 MSHR_MERGE:          0
cpu7->LLC RFO          ACCESS:    2089267 HIT:          0 MISS:    2089267 MSHR_MERGE:          0
cpu7->LLC PREFETCH     ACCESS:          0 HIT:          0 MISS:          0 MSHR_MERGE:          0
cpu7->LLC WRITE        ACCESS:    2089265 HIT:    2089265 MISS:          0 MSHR_MERGE:          0
cpu7->LLC TRANSLATION  ACCESS:         63 HIT:         63 MISS:          0 MSHR_MERGE:          0
cpu7->LLC PREFETCH REQUESTED:          0 ISSUED:          0 USEFUL:          0 USELESS:          0
cpu7->LLC AVERAGE MISS LATENCY: 4170 cycles

DRAM Statistics

Channel 0 READ REQS:   16710695	WRITE REQS:    8355332
  READS:   16710680	READ_HITS:          0
  WRITES:    8355298	WRITE HITS:          0
  ACTIVATES:   25065983	PRECHARGES:   25065978
  RQ FULL:          0	WQ FULL:        873
  WRITE DRAINS:     210307	FORCED:     205679
  MEAN WRITE IMBALANCE: 3.074895272149762
  READ OCCU PRE DRAIN: 16.562919921828566	POST DRAIN: 21.300327616294275
  MEAN BLP: 19.394566039171306	BGLP: 7.949278911305853
  READ LATENCY: 125.4641099584218
  TIME IN WRITE MODE: 49624699904

Channel 1 READ REQS:   16710695	WRITE REQS:    8355332
  READS:   16710680	READ_HITS:          0
  WRITES:    8355290	WRITE HITS:          0
  ACTIVATES:   25065975	PRECHARGES:   25065970
  RQ FULL:          0	WQ FULL:        698
  WRITE DRAINS:     210319	FORCED:     206058
  MEAN WRITE IMBALANCE: 3.079060855177136
  READ OCCU PRE DRAIN: 17.287320689048542	POST DRAIN: 21.661010179774532
  MEAN BLP: 19.334900793556454	BGLP: 7.9483926796913265
  READ LATENCY: 129.03767680309838
  TIME IN WRITE MODE: 49706044960
---------------------------------------
Begin Slurm Epilog: Apr-10-2025 11:03:26
Job ID:        3743247
User ID:       svittal8
Account:       gts-mqureshi4-rg
Job name:      wrap
Resources:     cpu=1,mem=4G,node=1
Rsrc Used:     cput=07:52:38,vmem=0,walltime=07:52:38,mem=177188K,energy_used=0
Partition:     cpu-small
QOS:           inferno
Nodes:         atl1-1-02-006-2-2
---------------------------------------
