---------------------------------------
Begin Slurm Prolog: Apr-10-2025 03:09:48
Job ID:    3743229
User ID:   svittal8
Account:   gts-mqureshi4-rg
Job name:  wrap
Partition: cpu-small
QOS:       inferno
---------------------------------------
[VMEM] WARNING: physical memory size is smaller than virtual memory size.

*** ChampSim Multicore Out-of-Order Simulator ***
Warmup Instructions: 25000000
Simulation Instructions: 100000000
Number of CPUs: 8
Page size: 2097152

CL :	 16.64 ns
CWL :	 15.808 ns
tRP :	 16.224 ns
tRCD :	 16.224 ns
tRAS :	 32.032000000000004 ns
tRTP :	 7.904 ns
tWR :	 30.368000000000002 ns

tCCD_S :	 3.3280000000000003 ns
tCCD_S_WR :	 3.3280000000000003 ns
tCCD_S_WTR :	 22.048000000000002 ns
tCCD_L :	 5.408 ns
tCCD_L_WR :	 20.384 ns
tCCD_L_WTR :	 29.536 ns
tRRD_S :	 3.3280000000000003 ns
tRRD_L :	 5.408 ns
tFAW :	 13.728 ns
Address mapping (perm = 1) 	ch co bg bg bg ba ba co co co co co co ro ro ro ro ro ro ro ro ro ro ro ro ro ro ro 
dram queue size: R = 64 W = 48 (low:high is 8:40)
Heartbeat CPU 6 instructions: 10000001 cycles: 3254019 heartbeat IPC: 3.073 cumulative IPC: 3.073 (Simulation time: 00 hr 09 min 49 sec)
Heartbeat CPU 7 instructions: 10000000 cycles: 3254651 heartbeat IPC: 3.073 cumulative IPC: 3.073 (Simulation time: 00 hr 09 min 49 sec)
Heartbeat CPU 0 instructions: 10000002 cycles: 3254906 heartbeat IPC: 3.072 cumulative IPC: 3.072 (Simulation time: 00 hr 09 min 49 sec)
Heartbeat CPU 2 instructions: 10000003 cycles: 3255394 heartbeat IPC: 3.072 cumulative IPC: 3.072 (Simulation time: 00 hr 09 min 49 sec)
Heartbeat CPU 1 instructions: 10000003 cycles: 3255868 heartbeat IPC: 3.071 cumulative IPC: 3.071 (Simulation time: 00 hr 09 min 49 sec)
Heartbeat CPU 3 instructions: 10000004 cycles: 3256090 heartbeat IPC: 3.071 cumulative IPC: 3.071 (Simulation time: 00 hr 09 min 49 sec)
Heartbeat CPU 5 instructions: 10000003 cycles: 3256173 heartbeat IPC: 3.071 cumulative IPC: 3.071 (Simulation time: 00 hr 09 min 49 sec)
Heartbeat CPU 4 instructions: 10000004 cycles: 3256323 heartbeat IPC: 3.071 cumulative IPC: 3.071 (Simulation time: 00 hr 09 min 49 sec)
Heartbeat CPU 6 instructions: 20000002 cycles: 6506836 heartbeat IPC: 3.074 cumulative IPC: 3.074 (Simulation time: 00 hr 19 min 36 sec)
Heartbeat CPU 7 instructions: 20000003 cycles: 6507245 heartbeat IPC: 3.074 cumulative IPC: 3.073 (Simulation time: 00 hr 19 min 36 sec)
Heartbeat CPU 0 instructions: 20000005 cycles: 6507338 heartbeat IPC: 3.075 cumulative IPC: 3.073 (Simulation time: 00 hr 19 min 37 sec)
Heartbeat CPU 3 instructions: 20000005 cycles: 6509096 heartbeat IPC: 3.074 cumulative IPC: 3.073 (Simulation time: 00 hr 19 min 37 sec)
Heartbeat CPU 1 instructions: 20000005 cycles: 6509454 heartbeat IPC: 3.074 cumulative IPC: 3.072 (Simulation time: 00 hr 19 min 37 sec)
Heartbeat CPU 2 instructions: 20000005 cycles: 6509492 heartbeat IPC: 3.073 cumulative IPC: 3.072 (Simulation time: 00 hr 19 min 37 sec)
Heartbeat CPU 4 instructions: 20000008 cycles: 6509677 heartbeat IPC: 3.074 cumulative IPC: 3.072 (Simulation time: 00 hr 19 min 37 sec)
Heartbeat CPU 5 instructions: 20000005 cycles: 6509981 heartbeat IPC: 3.073 cumulative IPC: 3.072 (Simulation time: 00 hr 19 min 37 sec)
Warmup finished CPU 6 instructions: 25000003 cycles: 8133270 cumulative IPC: 3.074 (Simulation time: 00 hr 24 min 18 sec)
Warmup finished CPU 7 instructions: 25000001 cycles: 8133720 cumulative IPC: 3.074 (Simulation time: 00 hr 24 min 18 sec)
Warmup finished CPU 0 instructions: 25000004 cycles: 8134151 cumulative IPC: 3.073 (Simulation time: 00 hr 24 min 18 sec)
Warmup finished CPU 2 instructions: 25000000 cycles: 8135570 cumulative IPC: 3.073 (Simulation time: 00 hr 24 min 18 sec)
Warmup finished CPU 3 instructions: 25000001 cycles: 8135787 cumulative IPC: 3.073 (Simulation time: 00 hr 24 min 18 sec)
Warmup finished CPU 5 instructions: 25000003 cycles: 8136177 cumulative IPC: 3.073 (Simulation time: 00 hr 24 min 18 sec)
Warmup finished CPU 4 instructions: 25000003 cycles: 8136450 cumulative IPC: 3.073 (Simulation time: 00 hr 24 min 18 sec)
Warmup finished CPU 1 instructions: 25000002 cycles: 8136648 cumulative IPC: 3.073 (Simulation time: 00 hr 24 min 18 sec)
Warmup complete CPU 7 instructions: 25009067 cycles: 8136648 cumulative IPC: 3.074 (Simulation time: 00 hr 24 min 18 sec)
Warmup complete CPU 6 instructions: 25010432 cycles: 8136648 cumulative IPC: 3.074 (Simulation time: 00 hr 24 min 18 sec)
Warmup complete CPU 5 instructions: 25001573 cycles: 8136648 cumulative IPC: 3.073 (Simulation time: 00 hr 24 min 18 sec)
Warmup complete CPU 4 instructions: 25000544 cycles: 8136648 cumulative IPC: 3.073 (Simulation time: 00 hr 24 min 18 sec)
Warmup complete CPU 3 instructions: 25002775 cycles: 8136648 cumulative IPC: 3.073 (Simulation time: 00 hr 24 min 18 sec)
Warmup complete CPU 2 instructions: 25003421 cycles: 8136648 cumulative IPC: 3.073 (Simulation time: 00 hr 24 min 18 sec)
Warmup complete CPU 1 instructions: 25000002 cycles: 8136648 cumulative IPC: 3.073 (Simulation time: 00 hr 24 min 18 sec)
Warmup complete CPU 0 instructions: 25007761 cycles: 8136648 cumulative IPC: 3.073 (Simulation time: 00 hr 24 min 18 sec)
Heartbeat CPU 2 instructions: 30000005 cycles: 20817612 heartbeat IPC: 0.6989 cumulative IPC: 0.394 (Simulation time: 00 hr 39 min 51 sec)
Heartbeat CPU 7 instructions: 30000005 cycles: 20819803 heartbeat IPC: 0.6987 cumulative IPC: 0.3935 (Simulation time: 00 hr 39 min 51 sec)
Heartbeat CPU 5 instructions: 30000005 cycles: 20835875 heartbeat IPC: 0.698 cumulative IPC: 0.3936 (Simulation time: 00 hr 39 min 53 sec)
Heartbeat CPU 6 instructions: 30000005 cycles: 20842043 heartbeat IPC: 0.6976 cumulative IPC: 0.3927 (Simulation time: 00 hr 39 min 53 sec)
Heartbeat CPU 0 instructions: 30000005 cycles: 20854043 heartbeat IPC: 0.697 cumulative IPC: 0.3926 (Simulation time: 00 hr 39 min 54 sec)
Heartbeat CPU 3 instructions: 30000005 cycles: 20858239 heartbeat IPC: 0.6969 cumulative IPC: 0.3928 (Simulation time: 00 hr 39 min 54 sec)
Heartbeat CPU 4 instructions: 30000010 cycles: 20881212 heartbeat IPC: 0.6958 cumulative IPC: 0.3923 (Simulation time: 00 hr 39 min 56 sec)
Heartbeat CPU 1 instructions: 30000005 cycles: 20923427 heartbeat IPC: 0.6938 cumulative IPC: 0.391 (Simulation time: 00 hr 39 min 59 sec)
Heartbeat CPU 2 instructions: 40000005 cycles: 46076278 heartbeat IPC: 0.3959 cumulative IPC: 0.3953 (Simulation time: 01 hr 11 min 18 sec)
Heartbeat CPU 0 instructions: 40000009 cycles: 46128807 heartbeat IPC: 0.3957 cumulative IPC: 0.3946 (Simulation time: 01 hr 11 min 22 sec)
Heartbeat CPU 6 instructions: 40000009 cycles: 46182580 heartbeat IPC: 0.3946 cumulative IPC: 0.394 (Simulation time: 01 hr 11 min 26 sec)
Heartbeat CPU 7 instructions: 40000009 cycles: 46210593 heartbeat IPC: 0.3938 cumulative IPC: 0.3937 (Simulation time: 01 hr 11 min 28 sec)
Heartbeat CPU 4 instructions: 40000010 cycles: 46334017 heartbeat IPC: 0.3929 cumulative IPC: 0.3927 (Simulation time: 01 hr 11 min 37 sec)
Heartbeat CPU 1 instructions: 40000009 cycles: 46406144 heartbeat IPC: 0.3924 cumulative IPC: 0.392 (Simulation time: 01 hr 11 min 42 sec)
Heartbeat CPU 5 instructions: 40000008 cycles: 46508811 heartbeat IPC: 0.3895 cumulative IPC: 0.3909 (Simulation time: 01 hr 11 min 50 sec)
Heartbeat CPU 3 instructions: 40000009 cycles: 46516189 heartbeat IPC: 0.3897 cumulative IPC: 0.3908 (Simulation time: 01 hr 11 min 50 sec)
Heartbeat CPU 2 instructions: 50000005 cycles: 71452651 heartbeat IPC: 0.3941 cumulative IPC: 0.3948 (Simulation time: 01 hr 42 min 32 sec)
Heartbeat CPU 0 instructions: 50000010 cycles: 71568810 heartbeat IPC: 0.3931 cumulative IPC: 0.394 (Simulation time: 01 hr 42 min 40 sec)
Heartbeat CPU 6 instructions: 50000010 cycles: 71704821 heartbeat IPC: 0.3918 cumulative IPC: 0.3931 (Simulation time: 01 hr 42 min 50 sec)
Heartbeat CPU 4 instructions: 50000013 cycles: 71823884 heartbeat IPC: 0.3923 cumulative IPC: 0.3925 (Simulation time: 01 hr 42 min 59 sec)
Heartbeat CPU 1 instructions: 50000010 cycles: 71991100 heartbeat IPC: 0.3909 cumulative IPC: 0.3915 (Simulation time: 01 hr 43 min 11 sec)
Heartbeat CPU 7 instructions: 50000010 cycles: 72013744 heartbeat IPC: 0.3875 cumulative IPC: 0.3912 (Simulation time: 01 hr 43 min 13 sec)
Heartbeat CPU 3 instructions: 50000010 cycles: 72191403 heartbeat IPC: 0.3895 cumulative IPC: 0.3902 (Simulation time: 01 hr 43 min 26 sec)
Heartbeat CPU 5 instructions: 50000010 cycles: 72240690 heartbeat IPC: 0.3886 cumulative IPC: 0.39 (Simulation time: 01 hr 43 min 29 sec)
Heartbeat CPU 2 instructions: 60000005 cycles: 96884493 heartbeat IPC: 0.3932 cumulative IPC: 0.3943 (Simulation time: 02 hr 13 min 50 sec)
Heartbeat CPU 6 instructions: 60000010 cycles: 97213216 heartbeat IPC: 0.392 cumulative IPC: 0.3928 (Simulation time: 02 hr 14 min 15 sec)
Heartbeat CPU 0 instructions: 60000010 cycles: 97367980 heartbeat IPC: 0.3876 cumulative IPC: 0.3922 (Simulation time: 02 hr 14 min 27 sec)
Heartbeat CPU 4 instructions: 60000017 cycles: 97411548 heartbeat IPC: 0.3908 cumulative IPC: 0.392 (Simulation time: 02 hr 14 min 31 sec)
Heartbeat CPU 5 instructions: 60000010 cycles: 97690444 heartbeat IPC: 0.3929 cumulative IPC: 0.3908 (Simulation time: 02 hr 14 min 52 sec)
Heartbeat CPU 3 instructions: 60000010 cycles: 97736249 heartbeat IPC: 0.3915 cumulative IPC: 0.3906 (Simulation time: 02 hr 14 min 56 sec)
Heartbeat CPU 1 instructions: 60000010 cycles: 97763100 heartbeat IPC: 0.388 cumulative IPC: 0.3905 (Simulation time: 02 hr 14 min 58 sec)
Heartbeat CPU 7 instructions: 60000010 cycles: 97954613 heartbeat IPC: 0.3855 cumulative IPC: 0.3896 (Simulation time: 02 hr 15 min 13 sec)
Heartbeat CPU 2 instructions: 70000005 cycles: 122658077 heartbeat IPC: 0.388 cumulative IPC: 0.3929 (Simulation time: 02 hr 47 min 09 sec)
Heartbeat CPU 6 instructions: 70000012 cycles: 122669466 heartbeat IPC: 0.3928 cumulative IPC: 0.3928 (Simulation time: 02 hr 47 min 10 sec)
Heartbeat CPU 0 instructions: 70000012 cycles: 122834841 heartbeat IPC: 0.3927 cumulative IPC: 0.3923 (Simulation time: 02 hr 47 min 22 sec)
Heartbeat CPU 4 instructions: 70000017 cycles: 122903633 heartbeat IPC: 0.3923 cumulative IPC: 0.3921 (Simulation time: 02 hr 47 min 27 sec)
Heartbeat CPU 5 instructions: 70000013 cycles: 123138729 heartbeat IPC: 0.393 cumulative IPC: 0.3913 (Simulation time: 02 hr 47 min 44 sec)
Heartbeat CPU 1 instructions: 70000013 cycles: 123264440 heartbeat IPC: 0.3921 cumulative IPC: 0.3909 (Simulation time: 02 hr 47 min 54 sec)
Heartbeat CPU 7 instructions: 70000010 cycles: 123424182 heartbeat IPC: 0.3926 cumulative IPC: 0.3902 (Simulation time: 02 hr 48 min 05 sec)
Heartbeat CPU 3 instructions: 70000012 cycles: 123610371 heartbeat IPC: 0.3865 cumulative IPC: 0.3897 (Simulation time: 02 hr 48 min 18 sec)
Heartbeat CPU 6 instructions: 80000015 cycles: 148059748 heartbeat IPC: 0.3939 cumulative IPC: 0.393 (Simulation time: 03 hr 16 min 37 sec)
Heartbeat CPU 2 instructions: 80000005 cycles: 148285873 heartbeat IPC: 0.3902 cumulative IPC: 0.3924 (Simulation time: 03 hr 16 min 53 sec)
Heartbeat CPU 4 instructions: 80000020 cycles: 148297637 heartbeat IPC: 0.3938 cumulative IPC: 0.3924 (Simulation time: 03 hr 16 min 54 sec)
Heartbeat CPU 0 instructions: 80000015 cycles: 148573217 heartbeat IPC: 0.3885 cumulative IPC: 0.3916 (Simulation time: 03 hr 17 min 13 sec)
Heartbeat CPU 5 instructions: 80000016 cycles: 148579615 heartbeat IPC: 0.3931 cumulative IPC: 0.3916 (Simulation time: 03 hr 17 min 13 sec)
Heartbeat CPU 7 instructions: 80000010 cycles: 148898821 heartbeat IPC: 0.3925 cumulative IPC: 0.3907 (Simulation time: 03 hr 17 min 36 sec)
Heartbeat CPU 1 instructions: 80000015 cycles: 148992366 heartbeat IPC: 0.3887 cumulative IPC: 0.3905 (Simulation time: 03 hr 17 min 42 sec)
Heartbeat CPU 3 instructions: 80000015 cycles: 149235768 heartbeat IPC: 0.3902 cumulative IPC: 0.3898 (Simulation time: 03 hr 17 min 59 sec)
Heartbeat CPU 6 instructions: 90000018 cycles: 173502744 heartbeat IPC: 0.393 cumulative IPC: 0.393 (Simulation time: 03 hr 45 min 40 sec)
Heartbeat CPU 4 instructions: 90000020 cycles: 173774310 heartbeat IPC: 0.3925 cumulative IPC: 0.3924 (Simulation time: 03 hr 45 min 58 sec)
Heartbeat CPU 2 instructions: 90000006 cycles: 173955537 heartbeat IPC: 0.3896 cumulative IPC: 0.392 (Simulation time: 03 hr 46 min 11 sec)
Heartbeat CPU 5 instructions: 90000018 cycles: 174033995 heartbeat IPC: 0.3929 cumulative IPC: 0.3918 (Simulation time: 03 hr 46 min 16 sec)
Heartbeat CPU 0 instructions: 90000018 cycles: 174151935 heartbeat IPC: 0.391 cumulative IPC: 0.3915 (Simulation time: 03 hr 46 min 24 sec)
Heartbeat CPU 7 instructions: 90000010 cycles: 174373581 heartbeat IPC: 0.3925 cumulative IPC: 0.391 (Simulation time: 03 hr 46 min 39 sec)
Heartbeat CPU 1 instructions: 90000019 cycles: 174488548 heartbeat IPC: 0.3922 cumulative IPC: 0.3907 (Simulation time: 03 hr 46 min 47 sec)
Heartbeat CPU 3 instructions: 90000018 cycles: 174899061 heartbeat IPC: 0.3897 cumulative IPC: 0.3898 (Simulation time: 03 hr 47 min 15 sec)
Heartbeat CPU 6 instructions: 100000021 cycles: 198923502 heartbeat IPC: 0.3934 cumulative IPC: 0.3931 (Simulation time: 04 hr 14 min 35 sec)
Heartbeat CPU 4 instructions: 100000020 cycles: 199229968 heartbeat IPC: 0.3928 cumulative IPC: 0.3925 (Simulation time: 04 hr 14 min 56 sec)
Heartbeat CPU 2 instructions: 100000008 cycles: 199443922 heartbeat IPC: 0.3923 cumulative IPC: 0.392 (Simulation time: 04 hr 15 min 11 sec)
Heartbeat CPU 5 instructions: 100000022 cycles: 199552262 heartbeat IPC: 0.3919 cumulative IPC: 0.3918 (Simulation time: 04 hr 15 min 18 sec)
Heartbeat CPU 0 instructions: 100000021 cycles: 199735194 heartbeat IPC: 0.3909 cumulative IPC: 0.3914 (Simulation time: 04 hr 15 min 30 sec)
Heartbeat CPU 1 instructions: 100000020 cycles: 199943138 heartbeat IPC: 0.3929 cumulative IPC: 0.391 (Simulation time: 04 hr 15 min 45 sec)
Heartbeat CPU 7 instructions: 100000013 cycles: 200037531 heartbeat IPC: 0.3897 cumulative IPC: 0.3908 (Simulation time: 04 hr 15 min 51 sec)
Heartbeat CPU 3 instructions: 100000021 cycles: 200350038 heartbeat IPC: 0.3929 cumulative IPC: 0.3902 (Simulation time: 04 hr 16 min 12 sec)
Heartbeat CPU 6 instructions: 110000022 cycles: 224476466 heartbeat IPC: 0.3913 cumulative IPC: 0.3929 (Simulation time: 04 hr 43 min 37 sec)
Heartbeat CPU 4 instructions: 110000020 cycles: 224782457 heartbeat IPC: 0.3914 cumulative IPC: 0.3923 (Simulation time: 04 hr 43 min 58 sec)
Heartbeat CPU 2 instructions: 110000012 cycles: 224955888 heartbeat IPC: 0.392 cumulative IPC: 0.392 (Simulation time: 04 hr 44 min 10 sec)
Heartbeat CPU 0 instructions: 110000021 cycles: 225281660 heartbeat IPC: 0.3914 cumulative IPC: 0.3914 (Simulation time: 04 hr 44 min 33 sec)
Heartbeat CPU 5 instructions: 110000022 cycles: 225302027 heartbeat IPC: 0.3884 cumulative IPC: 0.3914 (Simulation time: 04 hr 44 min 34 sec)
Heartbeat CPU 1 instructions: 110000020 cycles: 225688360 heartbeat IPC: 0.3884 cumulative IPC: 0.3907 (Simulation time: 04 hr 45 min 00 sec)
Heartbeat CPU 7 instructions: 110000017 cycles: 225749458 heartbeat IPC: 0.3889 cumulative IPC: 0.3906 (Simulation time: 04 hr 45 min 05 sec)
Heartbeat CPU 3 instructions: 110000022 cycles: 225911241 heartbeat IPC: 0.3912 cumulative IPC: 0.3903 (Simulation time: 04 hr 45 min 16 sec)
Heartbeat CPU 6 instructions: 120000023 cycles: 249860130 heartbeat IPC: 0.394 cumulative IPC: 0.393 (Simulation time: 05 hr 13 min 14 sec)
Heartbeat CPU 4 instructions: 120000023 cycles: 250251743 heartbeat IPC: 0.3926 cumulative IPC: 0.3924 (Simulation time: 05 hr 13 min 45 sec)
Heartbeat CPU 2 instructions: 120000015 cycles: 250432401 heartbeat IPC: 0.3925 cumulative IPC: 0.3921 (Simulation time: 05 hr 13 min 58 sec)
Heartbeat CPU 0 instructions: 120000025 cycles: 250884187 heartbeat IPC: 0.3906 cumulative IPC: 0.3913 (Simulation time: 05 hr 14 min 31 sec)
Heartbeat CPU 5 instructions: 120000022 cycles: 251325885 heartbeat IPC: 0.3843 cumulative IPC: 0.3906 (Simulation time: 05 hr 15 min 06 sec)
Heartbeat CPU 3 instructions: 120000025 cycles: 251457643 heartbeat IPC: 0.3914 cumulative IPC: 0.3904 (Simulation time: 05 hr 15 min 15 sec)
Heartbeat CPU 7 instructions: 120000018 cycles: 251575423 heartbeat IPC: 0.3872 cumulative IPC: 0.3902 (Simulation time: 05 hr 15 min 23 sec)
Heartbeat CPU 1 instructions: 120000022 cycles: 251684166 heartbeat IPC: 0.3847 cumulative IPC: 0.3901 (Simulation time: 05 hr 15 min 31 sec)
Simulation finished CPU 6 instructions: 100000003 cycles: 254652602 cumulative IPC: 0.3927 (Simulation time: 05 hr 29 min 25 sec)
Simulation finished CPU 4 instructions: 100000000 cycles: 254820752 cumulative IPC: 0.3924 (Simulation time: 05 hr 29 min 38 sec)
Simulation finished CPU 2 instructions: 100000000 cycles: 255096820 cumulative IPC: 0.392 (Simulation time: 05 hr 29 min 59 sec)
Simulation finished CPU 0 instructions: 100000002 cycles: 255476186 cumulative IPC: 0.3914 (Simulation time: 05 hr 30 min 27 sec)
Simulation finished CPU 3 instructions: 100000002 cycles: 256041959 cumulative IPC: 0.3906 (Simulation time: 05 hr 31 min 09 sec)
Simulation finished CPU 7 instructions: 100000001 cycles: 256151546 cumulative IPC: 0.3904 (Simulation time: 05 hr 31 min 17 sec)
Simulation finished CPU 5 instructions: 100000000 cycles: 256196728 cumulative IPC: 0.3903 (Simulation time: 05 hr 31 min 20 sec)
Simulation finished CPU 1 instructions: 100000000 cycles: 256601764 cumulative IPC: 0.3897 (Simulation time: 05 hr 31 min 51 sec)
Simulation complete CPU 7 instructions: 100176957 cycles: 256601764 cumulative IPC: 0.3904 (Simulation time: 05 hr 31 min 51 sec)
Simulation complete CPU 6 instructions: 100727790 cycles: 256601764 cumulative IPC: 0.3925 (Simulation time: 05 hr 31 min 51 sec)
Simulation complete CPU 5 instructions: 100159172 cycles: 256601764 cumulative IPC: 0.3903 (Simulation time: 05 hr 31 min 51 sec)
Simulation complete CPU 4 instructions: 100696581 cycles: 256601764 cumulative IPC: 0.3924 (Simulation time: 05 hr 31 min 51 sec)
Simulation complete CPU 3 instructions: 100218776 cycles: 256601764 cumulative IPC: 0.3906 (Simulation time: 05 hr 31 min 51 sec)
Simulation complete CPU 2 instructions: 100581829 cycles: 256601764 cumulative IPC: 0.392 (Simulation time: 05 hr 31 min 51 sec)
Simulation complete CPU 1 instructions: 100000000 cycles: 256601764 cumulative IPC: 0.3897 (Simulation time: 05 hr 31 min 51 sec)
Simulation complete CPU 0 instructions: 100433354 cycles: 256601764 cumulative IPC: 0.3914 (Simulation time: 05 hr 31 min 51 sec)

ChampSim completed all CPUs

=== Simulation ===
CPU 0 runs TRACES/ctf/spec2017/649.fotonik3d_s-10881B.champsimtrace.xz
CPU 1 runs TRACES/ctf/spec2017/649.fotonik3d_s-10881B.champsimtrace.xz
CPU 2 runs TRACES/ctf/spec2017/649.fotonik3d_s-10881B.champsimtrace.xz
CPU 3 runs TRACES/ctf/spec2017/649.fotonik3d_s-10881B.champsimtrace.xz
CPU 4 runs TRACES/ctf/spec2017/649.fotonik3d_s-10881B.champsimtrace.xz
CPU 5 runs TRACES/ctf/spec2017/649.fotonik3d_s-10881B.champsimtrace.xz
CPU 6 runs TRACES/ctf/spec2017/649.fotonik3d_s-10881B.champsimtrace.xz
CPU 7 runs TRACES/ctf/spec2017/649.fotonik3d_s-10881B.champsimtrace.xz

Total Simulation Statistics (not including warmup)

CPU 7 cumulative IPC: 0.3904 instructions: 100176957 cycles: 256601764
CPU 7 Branch Prediction Accuracy: 100% MPKI: 0 Average ROB Occupancy at Mispredict: -
Branch type MPKI
BRANCH_DIRECT_JUMP: 0
BRANCH_INDIRECT: 0
BRANCH_CONDITIONAL: 0
BRANCH_DIRECT_CALL: 0
BRANCH_INDIRECT_CALL: 0
BRANCH_RETURN: 0


CPU 6 cumulative IPC: 0.3925 instructions: 100727790 cycles: 256601764
CPU 6 Branch Prediction Accuracy: 100% MPKI: 0 Average ROB Occupancy at Mispredict: -
Branch type MPKI
BRANCH_DIRECT_JUMP: 0
BRANCH_INDIRECT: 0
BRANCH_CONDITIONAL: 0
BRANCH_DIRECT_CALL: 0
BRANCH_INDIRECT_CALL: 0
BRANCH_RETURN: 0


CPU 5 cumulative IPC: 0.3903 instructions: 100159172 cycles: 256601764
CPU 5 Branch Prediction Accuracy: 100% MPKI: 0 Average ROB Occupancy at Mispredict: -
Branch type MPKI
BRANCH_DIRECT_JUMP: 0
BRANCH_INDIRECT: 0
BRANCH_CONDITIONAL: 0
BRANCH_DIRECT_CALL: 0
BRANCH_INDIRECT_CALL: 0
BRANCH_RETURN: 0


CPU 4 cumulative IPC: 0.3924 instructions: 100696581 cycles: 256601764
CPU 4 Branch Prediction Accuracy: 100% MPKI: 0 Average ROB Occupancy at Mispredict: -
Branch type MPKI
BRANCH_DIRECT_JUMP: 0
BRANCH_INDIRECT: 0
BRANCH_CONDITIONAL: 0
BRANCH_DIRECT_CALL: 0
BRANCH_INDIRECT_CALL: 0
BRANCH_RETURN: 0


CPU 3 cumulative IPC: 0.3906 instructions: 100218776 cycles: 256601764
CPU 3 Branch Prediction Accuracy: 100% MPKI: 0 Average ROB Occupancy at Mispredict: -
Branch type MPKI
BRANCH_DIRECT_JUMP: 0
BRANCH_INDIRECT: 0
BRANCH_CONDITIONAL: 0
BRANCH_DIRECT_CALL: 0
BRANCH_INDIRECT_CALL: 0
BRANCH_RETURN: 0


CPU 2 cumulative IPC: 0.392 instructions: 100581829 cycles: 256601764
CPU 2 Branch Prediction Accuracy: 100% MPKI: 0 Average ROB Occupancy at Mispredict: -
Branch type MPKI
BRANCH_DIRECT_JUMP: 0
BRANCH_INDIRECT: 0
BRANCH_CONDITIONAL: 0
BRANCH_DIRECT_CALL: 0
BRANCH_INDIRECT_CALL: 0
BRANCH_RETURN: 0


CPU 1 cumulative IPC: 0.3897 instructions: 100000000 cycles: 256601764
CPU 1 Branch Prediction Accuracy: 100% MPKI: 0 Average ROB Occupancy at Mispredict: -
Branch type MPKI
BRANCH_DIRECT_JUMP: 0
BRANCH_INDIRECT: 0
BRANCH_CONDITIONAL: 0
BRANCH_DIRECT_CALL: 0
BRANCH_INDIRECT_CALL: 0
BRANCH_RETURN: 0


CPU 0 cumulative IPC: 0.3914 instructions: 100433354 cycles: 256601764
CPU 0 Branch Prediction Accuracy: 100% MPKI: 0 Average ROB Occupancy at Mispredict: -
Branch type MPKI
BRANCH_DIRECT_JUMP: 0
BRANCH_INDIRECT: 0
BRANCH_CONDITIONAL: 0
BRANCH_DIRECT_CALL: 0
BRANCH_INDIRECT_CALL: 0
BRANCH_RETURN: 0

cpu7->cpu7_STLB TOTAL        ACCESS:        502 HIT:          0 MISS:        502 MSHR_MERGE:          0
cpu7->cpu7_STLB LOAD         ACCESS:        502 HIT:          0 MISS:        502 MSHR_MERGE:          0
cpu7->cpu7_STLB RFO          ACCESS:          0 HIT:          0 MISS:          0 MSHR_MERGE:          0
cpu7->cpu7_STLB PREFETCH     ACCESS:          0 HIT:          0 MISS:          0 MSHR_MERGE:          0
cpu7->cpu7_STLB WRITE        ACCESS:          0 HIT:          0 MISS:          0 MSHR_MERGE:          0
cpu7->cpu7_STLB TRANSLATION  ACCESS:          0 HIT:          0 MISS:          0 MSHR_MERGE:          0
cpu7->cpu7_STLB PREFETCH REQUESTED:          0 ISSUED:          0 USEFUL:          0 USELESS:          0
cpu7->cpu7_STLB AVERAGE MISS LATENCY: 216.3 cycles
cpu7->cpu7_L2C TOTAL        ACCESS:    2900999 HIT:     973489 MISS:    1927510 MSHR_MERGE:          0
cpu7->cpu7_L2C LOAD         ACCESS:    1927428 HIT:          0 MISS:    1927428 MSHR_MERGE:          0
cpu7->cpu7_L2C RFO          ACCESS:          0 HIT:          0 MISS:          0 MSHR_MERGE:          0
cpu7->cpu7_L2C PREFETCH     ACCESS:          0 HIT:          0 MISS:          0 MSHR_MERGE:          0
cpu7->cpu7_L2C WRITE        ACCESS:     973208 HIT:     973208 MISS:          0 MSHR_MERGE:          0
cpu7->cpu7_L2C TRANSLATION  ACCESS:        363 HIT:        281 MISS:         82 MSHR_MERGE:          0
cpu7->cpu7_L2C PREFETCH REQUESTED:          0 ISSUED:          0 USEFUL:          0 USELESS:          0
cpu7->cpu7_L2C AVERAGE MISS LATENCY: 318.6 cycles
cpu7->cpu7_L1I TOTAL        ACCESS:   33520958 HIT:   33520958 MISS:          0 MSHR_MERGE:          0
cpu7->cpu7_L1I LOAD         ACCESS:   33520958 HIT:   33520958 MISS:          0 MSHR_MERGE:          0
cpu7->cpu7_L1I RFO          ACCESS:          0 HIT:          0 MISS:          0 MSHR_MERGE:          0
cpu7->cpu7_L1I PREFETCH     ACCESS:          0 HIT:          0 MISS:          0 MSHR_MERGE:          0
cpu7->cpu7_L1I WRITE        ACCESS:          0 HIT:          0 MISS:          0 MSHR_MERGE:          0
cpu7->cpu7_L1I TRANSLATION  ACCESS:          0 HIT:          0 MISS:          0 MSHR_MERGE:          0
cpu7->cpu7_L1I PREFETCH REQUESTED:          0 ISSUED:          0 USEFUL:          0 USELESS:          0
cpu7->cpu7_L1I AVERAGE MISS LATENCY: - cycles
cpu7->cpu7_L1D TOTAL        ACCESS:   55098334 HIT:   52303695 MISS:    2794639 MSHR_MERGE:     866848
cpu7->cpu7_L1D LOAD         ACCESS:   48675179 HIT:   45880906 MISS:    2794273 MSHR_MERGE:     866845
cpu7->cpu7_L1D RFO          ACCESS:          0 HIT:          0 MISS:          0 MSHR_MERGE:          0
cpu7->cpu7_L1D PREFETCH     ACCESS:          0 HIT:          0 MISS:          0 MSHR_MERGE:          0
cpu7->cpu7_L1D WRITE        ACCESS:    6422653 HIT:    6422653 MISS:          0 MSHR_MERGE:          0
cpu7->cpu7_L1D TRANSLATION  ACCESS:        502 HIT:        136 MISS:        366 MSHR_MERGE:          3
cpu7->cpu7_L1D PREFETCH REQUESTED:          0 ISSUED:          0 USEFUL:          0 USELESS:          0
cpu7->cpu7_L1D AVERAGE MISS LATENCY: 327.6 cycles
cpu7->cpu7_ITLB TOTAL        ACCESS:   29870785 HIT:   29870785 MISS:          0 MSHR_MERGE:          0
cpu7->cpu7_ITLB LOAD         ACCESS:   29870785 HIT:   29870785 MISS:          0 MSHR_MERGE:          0
cpu7->cpu7_ITLB RFO          ACCESS:          0 HIT:          0 MISS:          0 MSHR_MERGE:          0
cpu7->cpu7_ITLB PREFETCH     ACCESS:          0 HIT:          0 MISS:          0 MSHR_MERGE:          0
cpu7->cpu7_ITLB WRITE        ACCESS:          0 HIT:          0 MISS:          0 MSHR_MERGE:          0
cpu7->cpu7_ITLB TRANSLATION  ACCESS:          0 HIT:          0 MISS:          0 MSHR_MERGE:          0
cpu7->cpu7_ITLB PREFETCH REQUESTED:          0 ISSUED:          0 USEFUL:          0 USELESS:          0
cpu7->cpu7_ITLB AVERAGE MISS LATENCY: - cycles
cpu7->cpu7_DTLB TOTAL        ACCESS:   53244746 HIT:   53244109 MISS:        637 MSHR_MERGE:        135
cpu7->cpu7_DTLB LOAD         ACCESS:   53244746 HIT:   53244109 MISS:        637 MSHR_MERGE:        135
cpu7->cpu7_DTLB RFO          ACCESS:          0 HIT:          0 MISS:          0 MSHR_MERGE:          0
cpu7->cpu7_DTLB PREFETCH     ACCESS:          0 HIT:          0 MISS:          0 MSHR_MERGE:          0
cpu7->cpu7_DTLB WRITE        ACCESS:          0 HIT:          0 MISS:          0 MSHR_MERGE:          0
cpu7->cpu7_DTLB TRANSLATION  ACCESS:          0 HIT:          0 MISS:          0 MSHR_MERGE:          0
cpu7->cpu7_DTLB PREFETCH REQUESTED:          0 ISSUED:          0 USEFUL:          0 USELESS:          0
cpu7->cpu7_DTLB AVERAGE MISS LATENCY: 222.3 cycles
cpu6->cpu6_STLB TOTAL        ACCESS:        504 HIT:          0 MISS:        504 MSHR_MERGE:          0
cpu6->cpu6_STLB LOAD         ACCESS:        504 HIT:          0 MISS:        504 MSHR_MERGE:          0
cpu6->cpu6_STLB RFO          ACCESS:          0 HIT:          0 MISS:          0 MSHR_MERGE:          0
cpu6->cpu6_STLB PREFETCH     ACCESS:          0 HIT:          0 MISS:          0 MSHR_MERGE:          0
cpu6->cpu6_STLB WRITE        ACCESS:          0 HIT:          0 MISS:          0 MSHR_MERGE:          0
cpu6->cpu6_STLB TRANSLATION  ACCESS:          0 HIT:          0 MISS:          0 MSHR_MERGE:          0
cpu6->cpu6_STLB PREFETCH REQUESTED:          0 ISSUED:          0 USEFUL:          0 USELESS:          0
cpu6->cpu6_STLB AVERAGE MISS LATENCY: 216.3 cycles
cpu6->cpu6_L2C TOTAL        ACCESS:    2916952 HIT:     978837 MISS:    1938115 MSHR_MERGE:          0
cpu6->cpu6_L2C LOAD         ACCESS:    1938033 HIT:          0 MISS:    1938033 MSHR_MERGE:          0
cpu6->cpu6_L2C RFO          ACCESS:          0 HIT:          0 MISS:          0 MSHR_MERGE:          0
cpu6->cpu6_L2C PREFETCH     ACCESS:          0 HIT:          0 MISS:          0 MSHR_MERGE:          0
cpu6->cpu6_L2C WRITE        ACCESS:     978554 HIT:     978554 MISS:          0 MSHR_MERGE:          0
cpu6->cpu6_L2C TRANSLATION  ACCESS:        365 HIT:        283 MISS:         82 MSHR_MERGE:          0
cpu6->cpu6_L2C PREFETCH REQUESTED:          0 ISSUED:          0 USEFUL:          0 USELESS:          0
cpu6->cpu6_L2C AVERAGE MISS LATENCY: 316.5 cycles
cpu6->cpu6_L1I TOTAL        ACCESS:   33587410 HIT:   33587410 MISS:          0 MSHR_MERGE:          0
cpu6->cpu6_L1I LOAD         ACCESS:   33587410 HIT:   33587410 MISS:          0 MSHR_MERGE:          0
cpu6->cpu6_L1I RFO          ACCESS:          0 HIT:          0 MISS:          0 MSHR_MERGE:          0
cpu6->cpu6_L1I PREFETCH     ACCESS:          0 HIT:          0 MISS:          0 MSHR_MERGE:          0
cpu6->cpu6_L1I WRITE        ACCESS:          0 HIT:          0 MISS:          0 MSHR_MERGE:          0
cpu6->cpu6_L1I TRANSLATION  ACCESS:          0 HIT:          0 MISS:          0 MSHR_MERGE:          0
cpu6->cpu6_L1I PREFETCH REQUESTED:          0 ISSUED:          0 USEFUL:          0 USELESS:          0
cpu6->cpu6_L1I AVERAGE MISS LATENCY: - cycles
cpu6->cpu6_L1D TOTAL        ACCESS:   55362339 HIT:   52562009 MISS:    2800330 MSHR_MERGE:     861932
cpu6->cpu6_L1D LOAD         ACCESS:   48903860 HIT:   46103898 MISS:    2799962 MSHR_MERGE:     861929
cpu6->cpu6_L1D RFO          ACCESS:          0 HIT:          0 MISS:          0 MSHR_MERGE:          0
cpu6->cpu6_L1D PREFETCH     ACCESS:          0 HIT:          0 MISS:          0 MSHR_MERGE:          0
cpu6->cpu6_L1D WRITE        ACCESS:    6457975 HIT:    6457975 MISS:          0 MSHR_MERGE:          0
cpu6->cpu6_L1D TRANSLATION  ACCESS:        504 HIT:        136 MISS:        368 MSHR_MERGE:          3
cpu6->cpu6_L1D PREFETCH REQUESTED:          0 ISSUED:          0 USEFUL:          0 USELESS:          0
cpu6->cpu6_L1D AVERAGE MISS LATENCY: 325.4 cycles
cpu6->cpu6_ITLB TOTAL        ACCESS:   29968913 HIT:   29968913 MISS:          0 MSHR_MERGE:          0
cpu6->cpu6_ITLB LOAD         ACCESS:   29968913 HIT:   29968913 MISS:          0 MSHR_MERGE:          0
cpu6->cpu6_ITLB RFO          ACCESS:          0 HIT:          0 MISS:          0 MSHR_MERGE:          0
cpu6->cpu6_ITLB PREFETCH     ACCESS:          0 HIT:          0 MISS:          0 MSHR_MERGE:          0
cpu6->cpu6_ITLB WRITE        ACCESS:          0 HIT:          0 MISS:          0 MSHR_MERGE:          0
cpu6->cpu6_ITLB TRANSLATION  ACCESS:          0 HIT:          0 MISS:          0 MSHR_MERGE:          0
cpu6->cpu6_ITLB PREFETCH REQUESTED:          0 ISSUED:          0 USEFUL:          0 USELESS:          0
cpu6->cpu6_ITLB AVERAGE MISS LATENCY: - cycles
cpu6->cpu6_DTLB TOTAL        ACCESS:   53550944 HIT:   53550299 MISS:        645 MSHR_MERGE:        141
cpu6->cpu6_DTLB LOAD         ACCESS:   53550944 HIT:   53550299 MISS:        645 MSHR_MERGE:        141
cpu6->cpu6_DTLB RFO          ACCESS:          0 HIT:          0 MISS:          0 MSHR_MERGE:          0
cpu6->cpu6_DTLB PREFETCH     ACCESS:          0 HIT:          0 MISS:          0 MSHR_MERGE:          0
cpu6->cpu6_DTLB WRITE        ACCESS:          0 HIT:          0 MISS:          0 MSHR_MERGE:          0
cpu6->cpu6_DTLB TRANSLATION  ACCESS:          0 HIT:          0 MISS:          0 MSHR_MERGE:          0
cpu6->cpu6_DTLB PREFETCH REQUESTED:          0 ISSUED:          0 USEFUL:          0 USELESS:          0
cpu6->cpu6_DTLB AVERAGE MISS LATENCY: 222.3 cycles
cpu5->cpu5_STLB TOTAL        ACCESS:        502 HIT:          0 MISS:        502 MSHR_MERGE:          0
cpu5->cpu5_STLB LOAD         ACCESS:        502 HIT:          0 MISS:        502 MSHR_MERGE:          0
cpu5->cpu5_STLB RFO          ACCESS:          0 HIT:          0 MISS:          0 MSHR_MERGE:          0
cpu5->cpu5_STLB PREFETCH     ACCESS:          0 HIT:          0 MISS:          0 MSHR_MERGE:          0
cpu5->cpu5_STLB WRITE        ACCESS:          0 HIT:          0 MISS:          0 MSHR_MERGE:          0
cpu5->cpu5_STLB TRANSLATION  ACCESS:          0 HIT:          0 MISS:          0 MSHR_MERGE:          0
cpu5->cpu5_STLB PREFETCH REQUESTED:          0 ISSUED:          0 USEFUL:          0 USELESS:          0
cpu5->cpu5_STLB AVERAGE MISS LATENCY: 216.3 cycles
cpu5->cpu5_L2C TOTAL        ACCESS:    2900479 HIT:     973310 MISS:    1927169 MSHR_MERGE:          0
cpu5->cpu5_L2C LOAD         ACCESS:    1927087 HIT:          0 MISS:    1927087 MSHR_MERGE:          0
cpu5->cpu5_L2C RFO          ACCESS:          0 HIT:          0 MISS:          0 MSHR_MERGE:          0
cpu5->cpu5_L2C PREFETCH     ACCESS:          0 HIT:          0 MISS:          0 MSHR_MERGE:          0
cpu5->cpu5_L2C WRITE        ACCESS:     973029 HIT:     973029 MISS:          0 MSHR_MERGE:          0
cpu5->cpu5_L2C TRANSLATION  ACCESS:        363 HIT:        281 MISS:         82 MSHR_MERGE:          0
cpu5->cpu5_L2C PREFETCH REQUESTED:          0 ISSUED:          0 USEFUL:          0 USELESS:          0
cpu5->cpu5_L2C AVERAGE MISS LATENCY: 319.1 cycles
cpu5->cpu5_L1I TOTAL        ACCESS:   33459755 HIT:   33459755 MISS:          0 MSHR_MERGE:          0
cpu5->cpu5_L1I LOAD         ACCESS:   33459755 HIT:   33459755 MISS:          0 MSHR_MERGE:          0
cpu5->cpu5_L1I RFO          ACCESS:          0 HIT:          0 MISS:          0 MSHR_MERGE:          0
cpu5->cpu5_L1I PREFETCH     ACCESS:          0 HIT:          0 MISS:          0 MSHR_MERGE:          0
cpu5->cpu5_L1I WRITE        ACCESS:          0 HIT:          0 MISS:          0 MSHR_MERGE:          0
cpu5->cpu5_L1I TRANSLATION  ACCESS:          0 HIT:          0 MISS:          0 MSHR_MERGE:          0
cpu5->cpu5_L1I PREFETCH REQUESTED:          0 ISSUED:          0 USEFUL:          0 USELESS:          0
cpu5->cpu5_L1I AVERAGE MISS LATENCY: - cycles
cpu5->cpu5_L1D TOTAL        ACCESS:   55082772 HIT:   52289573 MISS:    2793199 MSHR_MERGE:     865749
cpu5->cpu5_L1D LOAD         ACCESS:   48660758 HIT:   45867923 MISS:    2792835 MSHR_MERGE:     865748
cpu5->cpu5_L1D RFO          ACCESS:          0 HIT:          0 MISS:          0 MSHR_MERGE:          0
cpu5->cpu5_L1D PREFETCH     ACCESS:          0 HIT:          0 MISS:          0 MSHR_MERGE:          0
cpu5->cpu5_L1D WRITE        ACCESS:    6421512 HIT:    6421512 MISS:          0 MSHR_MERGE:          0
cpu5->cpu5_L1D TRANSLATION  ACCESS:        502 HIT:        138 MISS:        364 MSHR_MERGE:          1
cpu5->cpu5_L1D PREFETCH REQUESTED:          0 ISSUED:          0 USEFUL:          0 USELESS:          0
cpu5->cpu5_L1D AVERAGE MISS LATENCY: 328 cycles
cpu5->cpu5_ITLB TOTAL        ACCESS:   29842503 HIT:   29842503 MISS:          0 MSHR_MERGE:          0
cpu5->cpu5_ITLB LOAD         ACCESS:   29842503 HIT:   29842503 MISS:          0 MSHR_MERGE:          0
cpu5->cpu5_ITLB RFO          ACCESS:          0 HIT:          0 MISS:          0 MSHR_MERGE:          0
cpu5->cpu5_ITLB PREFETCH     ACCESS:          0 HIT:          0 MISS:          0 MSHR_MERGE:          0
cpu5->cpu5_ITLB WRITE        ACCESS:          0 HIT:          0 MISS:          0 MSHR_MERGE:          0
cpu5->cpu5_ITLB TRANSLATION  ACCESS:          0 HIT:          0 MISS:          0 MSHR_MERGE:          0
cpu5->cpu5_ITLB PREFETCH REQUESTED:          0 ISSUED:          0 USEFUL:          0 USELESS:          0
cpu5->cpu5_ITLB AVERAGE MISS LATENCY: - cycles
cpu5->cpu5_DTLB TOTAL        ACCESS:   53242548 HIT:   53241907 MISS:        641 MSHR_MERGE:        139
cpu5->cpu5_DTLB LOAD         ACCESS:   53242548 HIT:   53241907 MISS:        641 MSHR_MERGE:        139
cpu5->cpu5_DTLB RFO          ACCESS:          0 HIT:          0 MISS:          0 MSHR_MERGE:          0
cpu5->cpu5_DTLB PREFETCH     ACCESS:          0 HIT:          0 MISS:          0 MSHR_MERGE:          0
cpu5->cpu5_DTLB WRITE        ACCESS:          0 HIT:          0 MISS:          0 MSHR_MERGE:          0
cpu5->cpu5_DTLB TRANSLATION  ACCESS:          0 HIT:          0 MISS:          0 MSHR_MERGE:          0
cpu5->cpu5_DTLB PREFETCH REQUESTED:          0 ISSUED:          0 USEFUL:          0 USELESS:          0
cpu5->cpu5_DTLB AVERAGE MISS LATENCY: 222.3 cycles
cpu4->cpu4_STLB TOTAL        ACCESS:        504 HIT:          0 MISS:        504 MSHR_MERGE:          0
cpu4->cpu4_STLB LOAD         ACCESS:        504 HIT:          0 MISS:        504 MSHR_MERGE:          0
cpu4->cpu4_STLB RFO          ACCESS:          0 HIT:          0 MISS:          0 MSHR_MERGE:          0
cpu4->cpu4_STLB PREFETCH     ACCESS:          0 HIT:          0 MISS:          0 MSHR_MERGE:          0
cpu4->cpu4_STLB WRITE        ACCESS:          0 HIT:          0 MISS:          0 MSHR_MERGE:          0
cpu4->cpu4_STLB TRANSLATION  ACCESS:          0 HIT:          0 MISS:          0 MSHR_MERGE:          0
cpu4->cpu4_STLB PREFETCH REQUESTED:          0 ISSUED:          0 USEFUL:          0 USELESS:          0
cpu4->cpu4_STLB AVERAGE MISS LATENCY: 216.2 cycles
cpu4->cpu4_L2C TOTAL        ACCESS:    2916054 HIT:     978542 MISS:    1937512 MSHR_MERGE:          0
cpu4->cpu4_L2C LOAD         ACCESS:    1937430 HIT:          0 MISS:    1937430 MSHR_MERGE:          0
cpu4->cpu4_L2C RFO          ACCESS:          0 HIT:          0 MISS:          0 MSHR_MERGE:          0
cpu4->cpu4_L2C PREFETCH     ACCESS:          0 HIT:          0 MISS:          0 MSHR_MERGE:          0
cpu4->cpu4_L2C WRITE        ACCESS:     978259 HIT:     978259 MISS:          0 MSHR_MERGE:          0
cpu4->cpu4_L2C TRANSLATION  ACCESS:        365 HIT:        283 MISS:         82 MSHR_MERGE:          0
cpu4->cpu4_L2C PREFETCH REQUESTED:          0 ISSUED:          0 USEFUL:          0 USELESS:          0
cpu4->cpu4_L2C AVERAGE MISS LATENCY: 318 cycles
cpu4->cpu4_L1I TOTAL        ACCESS:   33608029 HIT:   33608029 MISS:          0 MSHR_MERGE:          0
cpu4->cpu4_L1I LOAD         ACCESS:   33608029 HIT:   33608029 MISS:          0 MSHR_MERGE:          0
cpu4->cpu4_L1I RFO          ACCESS:          0 HIT:          0 MISS:          0 MSHR_MERGE:          0
cpu4->cpu4_L1I PREFETCH     ACCESS:          0 HIT:          0 MISS:          0 MSHR_MERGE:          0
cpu4->cpu4_L1I WRITE        ACCESS:          0 HIT:          0 MISS:          0 MSHR_MERGE:          0
cpu4->cpu4_L1I TRANSLATION  ACCESS:          0 HIT:          0 MISS:          0 MSHR_MERGE:          0
cpu4->cpu4_L1I PREFETCH REQUESTED:          0 ISSUED:          0 USEFUL:          0 USELESS:          0
cpu4->cpu4_L1I AVERAGE MISS LATENCY: - cycles
cpu4->cpu4_L1D TOTAL        ACCESS:   55352371 HIT:   52551713 MISS:    2800658 MSHR_MERGE:     862863
cpu4->cpu4_L1D LOAD         ACCESS:   48895893 HIT:   46095601 MISS:    2800292 MSHR_MERGE:     862862
cpu4->cpu4_L1D RFO          ACCESS:          0 HIT:          0 MISS:          0 MSHR_MERGE:          0
cpu4->cpu4_L1D PREFETCH     ACCESS:          0 HIT:          0 MISS:          0 MSHR_MERGE:          0
cpu4->cpu4_L1D WRITE        ACCESS:    6455974 HIT:    6455974 MISS:          0 MSHR_MERGE:          0
cpu4->cpu4_L1D TRANSLATION  ACCESS:        504 HIT:        138 MISS:        366 MSHR_MERGE:          1
cpu4->cpu4_L1D PREFETCH REQUESTED:          0 ISSUED:          0 USEFUL:          0 USELESS:          0
cpu4->cpu4_L1D AVERAGE MISS LATENCY: 326.9 cycles
cpu4->cpu4_ITLB TOTAL        ACCESS:   29975939 HIT:   29975939 MISS:          0 MSHR_MERGE:          0
cpu4->cpu4_ITLB LOAD         ACCESS:   29975939 HIT:   29975939 MISS:          0 MSHR_MERGE:          0
cpu4->cpu4_ITLB RFO          ACCESS:          0 HIT:          0 MISS:          0 MSHR_MERGE:          0
cpu4->cpu4_ITLB PREFETCH     ACCESS:          0 HIT:          0 MISS:          0 MSHR_MERGE:          0
cpu4->cpu4_ITLB WRITE        ACCESS:          0 HIT:          0 MISS:          0 MSHR_MERGE:          0
cpu4->cpu4_ITLB TRANSLATION  ACCESS:          0 HIT:          0 MISS:          0 MSHR_MERGE:          0
cpu4->cpu4_ITLB PREFETCH REQUESTED:          0 ISSUED:          0 USEFUL:          0 USELESS:          0
cpu4->cpu4_ITLB AVERAGE MISS LATENCY: - cycles
cpu4->cpu4_DTLB TOTAL        ACCESS:   53505885 HIT:   53505245 MISS:        640 MSHR_MERGE:        136
cpu4->cpu4_DTLB LOAD         ACCESS:   53505885 HIT:   53505245 MISS:        640 MSHR_MERGE:        136
cpu4->cpu4_DTLB RFO          ACCESS:          0 HIT:          0 MISS:          0 MSHR_MERGE:          0
cpu4->cpu4_DTLB PREFETCH     ACCESS:          0 HIT:          0 MISS:          0 MSHR_MERGE:          0
cpu4->cpu4_DTLB WRITE        ACCESS:          0 HIT:          0 MISS:          0 MSHR_MERGE:          0
cpu4->cpu4_DTLB TRANSLATION  ACCESS:          0 HIT:          0 MISS:          0 MSHR_MERGE:          0
cpu4->cpu4_DTLB PREFETCH REQUESTED:          0 ISSUED:          0 USEFUL:          0 USELESS:          0
cpu4->cpu4_DTLB AVERAGE MISS LATENCY: 222.2 cycles
cpu3->cpu3_STLB TOTAL        ACCESS:        502 HIT:          0 MISS:        502 MSHR_MERGE:          0
cpu3->cpu3_STLB LOAD         ACCESS:        502 HIT:          0 MISS:        502 MSHR_MERGE:          0
cpu3->cpu3_STLB RFO          ACCESS:          0 HIT:          0 MISS:          0 MSHR_MERGE:          0
cpu3->cpu3_STLB PREFETCH     ACCESS:          0 HIT:          0 MISS:          0 MSHR_MERGE:          0
cpu3->cpu3_STLB WRITE        ACCESS:          0 HIT:          0 MISS:          0 MSHR_MERGE:          0
cpu3->cpu3_STLB TRANSLATION  ACCESS:          0 HIT:          0 MISS:          0 MSHR_MERGE:          0
cpu3->cpu3_STLB PREFETCH REQUESTED:          0 ISSUED:          0 USEFUL:          0 USELESS:          0
cpu3->cpu3_STLB AVERAGE MISS LATENCY: 216.3 cycles
cpu3->cpu3_L2C TOTAL        ACCESS:    2902210 HIT:     973895 MISS:    1928315 MSHR_MERGE:          0
cpu3->cpu3_L2C LOAD         ACCESS:    1928233 HIT:          0 MISS:    1928233 MSHR_MERGE:          0
cpu3->cpu3_L2C RFO          ACCESS:          0 HIT:          0 MISS:          0 MSHR_MERGE:          0
cpu3->cpu3_L2C PREFETCH     ACCESS:          0 HIT:          0 MISS:          0 MSHR_MERGE:          0
cpu3->cpu3_L2C WRITE        ACCESS:     973614 HIT:     973614 MISS:          0 MSHR_MERGE:          0
cpu3->cpu3_L2C TRANSLATION  ACCESS:        363 HIT:        281 MISS:         82 MSHR_MERGE:          0
cpu3->cpu3_L2C PREFETCH REQUESTED:          0 ISSUED:          0 USEFUL:          0 USELESS:          0
cpu3->cpu3_L2C AVERAGE MISS LATENCY: 317.6 cycles
cpu3->cpu3_L1I TOTAL        ACCESS:   33481006 HIT:   33481006 MISS:          0 MSHR_MERGE:          0
cpu3->cpu3_L1I LOAD         ACCESS:   33481006 HIT:   33481006 MISS:          0 MSHR_MERGE:          0
cpu3->cpu3_L1I RFO          ACCESS:          0 HIT:          0 MISS:          0 MSHR_MERGE:          0
cpu3->cpu3_L1I PREFETCH     ACCESS:          0 HIT:          0 MISS:          0 MSHR_MERGE:          0
cpu3->cpu3_L1I WRITE        ACCESS:          0 HIT:          0 MISS:          0 MSHR_MERGE:          0
cpu3->cpu3_L1I TRANSLATION  ACCESS:          0 HIT:          0 MISS:          0 MSHR_MERGE:          0
cpu3->cpu3_L1I PREFETCH REQUESTED:          0 ISSUED:          0 USEFUL:          0 USELESS:          0
cpu3->cpu3_L1I AVERAGE MISS LATENCY: - cycles
cpu3->cpu3_L1D TOTAL        ACCESS:   55123299 HIT:   52329598 MISS:    2793701 MSHR_MERGE:     865105
cpu3->cpu3_L1D LOAD         ACCESS:   48697464 HIT:   45904128 MISS:    2793336 MSHR_MERGE:     865103
cpu3->cpu3_L1D RFO          ACCESS:          0 HIT:          0 MISS:          0 MSHR_MERGE:          0
cpu3->cpu3_L1D PREFETCH     ACCESS:          0 HIT:          0 MISS:          0 MSHR_MERGE:          0
cpu3->cpu3_L1D WRITE        ACCESS:    6425333 HIT:    6425333 MISS:          0 MSHR_MERGE:          0
cpu3->cpu3_L1D TRANSLATION  ACCESS:        502 HIT:        137 MISS:        365 MSHR_MERGE:          2
cpu3->cpu3_L1D PREFETCH REQUESTED:          0 ISSUED:          0 USEFUL:          0 USELESS:          0
cpu3->cpu3_L1D AVERAGE MISS LATENCY: 326.5 cycles
cpu3->cpu3_ITLB TOTAL        ACCESS:   29884629 HIT:   29884629 MISS:          0 MSHR_MERGE:          0
cpu3->cpu3_ITLB LOAD         ACCESS:   29884629 HIT:   29884629 MISS:          0 MSHR_MERGE:          0
cpu3->cpu3_ITLB RFO          ACCESS:          0 HIT:          0 MISS:          0 MSHR_MERGE:          0
cpu3->cpu3_ITLB PREFETCH     ACCESS:          0 HIT:          0 MISS:          0 MSHR_MERGE:          0
cpu3->cpu3_ITLB WRITE        ACCESS:          0 HIT:          0 MISS:          0 MSHR_MERGE:          0
cpu3->cpu3_ITLB TRANSLATION  ACCESS:          0 HIT:          0 MISS:          0 MSHR_MERGE:          0
cpu3->cpu3_ITLB PREFETCH REQUESTED:          0 ISSUED:          0 USEFUL:          0 USELESS:          0
cpu3->cpu3_ITLB AVERAGE MISS LATENCY: - cycles
cpu3->cpu3_DTLB TOTAL        ACCESS:   53314239 HIT:   53313598 MISS:        641 MSHR_MERGE:        139
cpu3->cpu3_DTLB LOAD         ACCESS:   53314239 HIT:   53313598 MISS:        641 MSHR_MERGE:        139
cpu3->cpu3_DTLB RFO          ACCESS:          0 HIT:          0 MISS:          0 MSHR_MERGE:          0
cpu3->cpu3_DTLB PREFETCH     ACCESS:          0 HIT:          0 MISS:          0 MSHR_MERGE:          0
cpu3->cpu3_DTLB WRITE        ACCESS:          0 HIT:          0 MISS:          0 MSHR_MERGE:          0
cpu3->cpu3_DTLB TRANSLATION  ACCESS:          0 HIT:          0 MISS:          0 MSHR_MERGE:          0
cpu3->cpu3_DTLB PREFETCH REQUESTED:          0 ISSUED:          0 USEFUL:          0 USELESS:          0
cpu3->cpu3_DTLB AVERAGE MISS LATENCY: 222.3 cycles
cpu2->cpu2_STLB TOTAL        ACCESS:        504 HIT:          0 MISS:        504 MSHR_MERGE:          0
cpu2->cpu2_STLB LOAD         ACCESS:        504 HIT:          0 MISS:        504 MSHR_MERGE:          0
cpu2->cpu2_STLB RFO          ACCESS:          0 HIT:          0 MISS:          0 MSHR_MERGE:          0
cpu2->cpu2_STLB PREFETCH     ACCESS:          0 HIT:          0 MISS:          0 MSHR_MERGE:          0
cpu2->cpu2_STLB WRITE        ACCESS:          0 HIT:          0 MISS:          0 MSHR_MERGE:          0
cpu2->cpu2_STLB TRANSLATION  ACCESS:          0 HIT:          0 MISS:          0 MSHR_MERGE:          0
cpu2->cpu2_STLB PREFETCH REQUESTED:          0 ISSUED:          0 USEFUL:          0 USELESS:          0
cpu2->cpu2_STLB AVERAGE MISS LATENCY: 216.3 cycles
cpu2->cpu2_L2C TOTAL        ACCESS:    2912707 HIT:     977410 MISS:    1935297 MSHR_MERGE:          0
cpu2->cpu2_L2C LOAD         ACCESS:    1935215 HIT:          0 MISS:    1935215 MSHR_MERGE:          0
cpu2->cpu2_L2C RFO          ACCESS:          0 HIT:          0 MISS:          0 MSHR_MERGE:          0
cpu2->cpu2_L2C PREFETCH     ACCESS:          0 HIT:          0 MISS:          0 MSHR_MERGE:          0
cpu2->cpu2_L2C WRITE        ACCESS:     977127 HIT:     977127 MISS:          0 MSHR_MERGE:          0
cpu2->cpu2_L2C TRANSLATION  ACCESS:        365 HIT:        283 MISS:         82 MSHR_MERGE:          0
cpu2->cpu2_L2C PREFETCH REQUESTED:          0 ISSUED:          0 USEFUL:          0 USELESS:          0
cpu2->cpu2_L2C AVERAGE MISS LATENCY: 317.1 cycles
cpu2->cpu2_L1I TOTAL        ACCESS:   33579000 HIT:   33579000 MISS:          0 MSHR_MERGE:          0
cpu2->cpu2_L1I LOAD         ACCESS:   33579000 HIT:   33579000 MISS:          0 MSHR_MERGE:          0
cpu2->cpu2_L1I RFO          ACCESS:          0 HIT:          0 MISS:          0 MSHR_MERGE:          0
cpu2->cpu2_L1I PREFETCH     ACCESS:          0 HIT:          0 MISS:          0 MSHR_MERGE:          0
cpu2->cpu2_L1I WRITE        ACCESS:          0 HIT:          0 MISS:          0 MSHR_MERGE:          0
cpu2->cpu2_L1I TRANSLATION  ACCESS:          0 HIT:          0 MISS:          0 MSHR_MERGE:          0
cpu2->cpu2_L1I PREFETCH REQUESTED:          0 ISSUED:          0 USEFUL:          0 USELESS:          0
cpu2->cpu2_L1I AVERAGE MISS LATENCY: - cycles
cpu2->cpu2_L1D TOTAL        ACCESS:   55298827 HIT:   52499502 MISS:    2799325 MSHR_MERGE:     863745
cpu2->cpu2_L1D LOAD         ACCESS:   48849716 HIT:   46050759 MISS:    2798957 MSHR_MERGE:     863742
cpu2->cpu2_L1D RFO          ACCESS:          0 HIT:          0 MISS:          0 MSHR_MERGE:          0
cpu2->cpu2_L1D PREFETCH     ACCESS:          0 HIT:          0 MISS:          0 MSHR_MERGE:          0
cpu2->cpu2_L1D WRITE        ACCESS:    6448607 HIT:    6448607 MISS:          0 MSHR_MERGE:          0
cpu2->cpu2_L1D TRANSLATION  ACCESS:        504 HIT:        136 MISS:        368 MSHR_MERGE:          3
cpu2->cpu2_L1D PREFETCH REQUESTED:          0 ISSUED:          0 USEFUL:          0 USELESS:          0
cpu2->cpu2_L1D AVERAGE MISS LATENCY: 326.1 cycles
cpu2->cpu2_ITLB TOTAL        ACCESS:   29947218 HIT:   29947218 MISS:          0 MSHR_MERGE:          0
cpu2->cpu2_ITLB LOAD         ACCESS:   29947218 HIT:   29947218 MISS:          0 MSHR_MERGE:          0
cpu2->cpu2_ITLB RFO          ACCESS:          0 HIT:          0 MISS:          0 MSHR_MERGE:          0
cpu2->cpu2_ITLB PREFETCH     ACCESS:          0 HIT:          0 MISS:          0 MSHR_MERGE:          0
cpu2->cpu2_ITLB WRITE        ACCESS:          0 HIT:          0 MISS:          0 MSHR_MERGE:          0
cpu2->cpu2_ITLB TRANSLATION  ACCESS:          0 HIT:          0 MISS:          0 MSHR_MERGE:          0
cpu2->cpu2_ITLB PREFETCH REQUESTED:          0 ISSUED:          0 USEFUL:          0 USELESS:          0
cpu2->cpu2_ITLB AVERAGE MISS LATENCY: - cycles
cpu2->cpu2_DTLB TOTAL        ACCESS:   53452671 HIT:   53452026 MISS:        645 MSHR_MERGE:        141
cpu2->cpu2_DTLB LOAD         ACCESS:   53452671 HIT:   53452026 MISS:        645 MSHR_MERGE:        141
cpu2->cpu2_DTLB RFO          ACCESS:          0 HIT:          0 MISS:          0 MSHR_MERGE:          0
cpu2->cpu2_DTLB PREFETCH     ACCESS:          0 HIT:          0 MISS:          0 MSHR_MERGE:          0
cpu2->cpu2_DTLB WRITE        ACCESS:          0 HIT:          0 MISS:          0 MSHR_MERGE:          0
cpu2->cpu2_DTLB TRANSLATION  ACCESS:          0 HIT:          0 MISS:          0 MSHR_MERGE:          0
cpu2->cpu2_DTLB PREFETCH REQUESTED:          0 ISSUED:          0 USEFUL:          0 USELESS:          0
cpu2->cpu2_DTLB AVERAGE MISS LATENCY: 222.3 cycles
cpu1->cpu1_STLB TOTAL        ACCESS:        500 HIT:          0 MISS:        500 MSHR_MERGE:          0
cpu1->cpu1_STLB LOAD         ACCESS:        500 HIT:          0 MISS:        500 MSHR_MERGE:          0
cpu1->cpu1_STLB RFO          ACCESS:          0 HIT:          0 MISS:          0 MSHR_MERGE:          0
cpu1->cpu1_STLB PREFETCH     ACCESS:          0 HIT:          0 MISS:          0 MSHR_MERGE:          0
cpu1->cpu1_STLB WRITE        ACCESS:          0 HIT:          0 MISS:          0 MSHR_MERGE:          0
cpu1->cpu1_STLB TRANSLATION  ACCESS:          0 HIT:          0 MISS:          0 MSHR_MERGE:          0
cpu1->cpu1_STLB PREFETCH REQUESTED:          0 ISSUED:          0 USEFUL:          0 USELESS:          0
cpu1->cpu1_STLB AVERAGE MISS LATENCY: 216.3 cycles
cpu1->cpu1_L2C TOTAL        ACCESS:    2895874 HIT:     971763 MISS:    1924111 MSHR_MERGE:          0
cpu1->cpu1_L2C LOAD         ACCESS:    1924029 HIT:          0 MISS:    1924029 MSHR_MERGE:          0
cpu1->cpu1_L2C RFO          ACCESS:          0 HIT:          0 MISS:          0 MSHR_MERGE:          0
cpu1->cpu1_L2C PREFETCH     ACCESS:          0 HIT:          0 MISS:          0 MSHR_MERGE:          0
cpu1->cpu1_L2C WRITE        ACCESS:     971484 HIT:     971484 MISS:          0 MSHR_MERGE:          0
cpu1->cpu1_L2C TRANSLATION  ACCESS:        361 HIT:        279 MISS:         82 MSHR_MERGE:          0
cpu1->cpu1_L2C PREFETCH REQUESTED:          0 ISSUED:          0 USEFUL:          0 USELESS:          0
cpu1->cpu1_L2C AVERAGE MISS LATENCY: 319.4 cycles
cpu1->cpu1_L1I TOTAL        ACCESS:   33448068 HIT:   33448068 MISS:          0 MSHR_MERGE:          0
cpu1->cpu1_L1I LOAD         ACCESS:   33448068 HIT:   33448068 MISS:          0 MSHR_MERGE:          0
cpu1->cpu1_L1I RFO          ACCESS:          0 HIT:          0 MISS:          0 MSHR_MERGE:          0
cpu1->cpu1_L1I PREFETCH     ACCESS:          0 HIT:          0 MISS:          0 MSHR_MERGE:          0
cpu1->cpu1_L1I WRITE        ACCESS:          0 HIT:          0 MISS:          0 MSHR_MERGE:          0
cpu1->cpu1_L1I TRANSLATION  ACCESS:          0 HIT:          0 MISS:          0 MSHR_MERGE:          0
cpu1->cpu1_L1I PREFETCH REQUESTED:          0 ISSUED:          0 USEFUL:          0 USELESS:          0
cpu1->cpu1_L1I AVERAGE MISS LATENCY: - cycles
cpu1->cpu1_L1D TOTAL        ACCESS:   54988630 HIT:   52199399 MISS:    2789231 MSHR_MERGE:     864841
cpu1->cpu1_L1D LOAD         ACCESS:   48576821 HIT:   45787953 MISS:    2788868 MSHR_MERGE:     864839
cpu1->cpu1_L1D RFO          ACCESS:          0 HIT:          0 MISS:          0 MSHR_MERGE:          0
cpu1->cpu1_L1D PREFETCH     ACCESS:          0 HIT:          0 MISS:          0 MSHR_MERGE:          0
cpu1->cpu1_L1D WRITE        ACCESS:    6411309 HIT:    6411309 MISS:          0 MSHR_MERGE:          0
cpu1->cpu1_L1D TRANSLATION  ACCESS:        500 HIT:        137 MISS:        363 MSHR_MERGE:          2
cpu1->cpu1_L1D PREFETCH REQUESTED:          0 ISSUED:          0 USEFUL:          0 USELESS:          0
cpu1->cpu1_L1D AVERAGE MISS LATENCY: 328.4 cycles
cpu1->cpu1_ITLB TOTAL        ACCESS:   29837567 HIT:   29837567 MISS:          0 MSHR_MERGE:          0
cpu1->cpu1_ITLB LOAD         ACCESS:   29837567 HIT:   29837567 MISS:          0 MSHR_MERGE:          0
cpu1->cpu1_ITLB RFO          ACCESS:          0 HIT:          0 MISS:          0 MSHR_MERGE:          0
cpu1->cpu1_ITLB PREFETCH     ACCESS:          0 HIT:          0 MISS:          0 MSHR_MERGE:          0
cpu1->cpu1_ITLB WRITE        ACCESS:          0 HIT:          0 MISS:          0 MSHR_MERGE:          0
cpu1->cpu1_ITLB TRANSLATION  ACCESS:          0 HIT:          0 MISS:          0 MSHR_MERGE:          0
cpu1->cpu1_ITLB PREFETCH REQUESTED:          0 ISSUED:          0 USEFUL:          0 USELESS:          0
cpu1->cpu1_ITLB AVERAGE MISS LATENCY: - cycles
cpu1->cpu1_DTLB TOTAL        ACCESS:   53138524 HIT:   53137883 MISS:        641 MSHR_MERGE:        141
cpu1->cpu1_DTLB LOAD         ACCESS:   53138524 HIT:   53137883 MISS:        641 MSHR_MERGE:        141
cpu1->cpu1_DTLB RFO          ACCESS:          0 HIT:          0 MISS:          0 MSHR_MERGE:          0
cpu1->cpu1_DTLB PREFETCH     ACCESS:          0 HIT:          0 MISS:          0 MSHR_MERGE:          0
cpu1->cpu1_DTLB WRITE        ACCESS:          0 HIT:          0 MISS:          0 MSHR_MERGE:          0
cpu1->cpu1_DTLB TRANSLATION  ACCESS:          0 HIT:          0 MISS:          0 MSHR_MERGE:          0
cpu1->cpu1_DTLB PREFETCH REQUESTED:          0 ISSUED:          0 USEFUL:          0 USELESS:          0
cpu1->cpu1_DTLB AVERAGE MISS LATENCY: 222.3 cycles
cpu0->cpu0_STLB TOTAL        ACCESS:        503 HIT:          0 MISS:        503 MSHR_MERGE:          0
cpu0->cpu0_STLB LOAD         ACCESS:        503 HIT:          0 MISS:        503 MSHR_MERGE:          0
cpu0->cpu0_STLB RFO          ACCESS:          0 HIT:          0 MISS:          0 MSHR_MERGE:          0
cpu0->cpu0_STLB PREFETCH     ACCESS:          0 HIT:          0 MISS:          0 MSHR_MERGE:          0
cpu0->cpu0_STLB WRITE        ACCESS:          0 HIT:          0 MISS:          0 MSHR_MERGE:          0
cpu0->cpu0_STLB TRANSLATION  ACCESS:          0 HIT:          0 MISS:          0 MSHR_MERGE:          0
cpu0->cpu0_STLB PREFETCH REQUESTED:          0 ISSUED:          0 USEFUL:          0 USELESS:          0
cpu0->cpu0_STLB AVERAGE MISS LATENCY: 216.3 cycles
cpu0->cpu0_L2C TOTAL        ACCESS:    2908449 HIT:     976004 MISS:    1932445 MSHR_MERGE:          0
cpu0->cpu0_L2C LOAD         ACCESS:    1932363 HIT:          0 MISS:    1932363 MSHR_MERGE:          0
cpu0->cpu0_L2C RFO          ACCESS:          0 HIT:          0 MISS:          0 MSHR_MERGE:          0
cpu0->cpu0_L2C PREFETCH     ACCESS:          0 HIT:          0 MISS:          0 MSHR_MERGE:          0
cpu0->cpu0_L2C WRITE        ACCESS:     975722 HIT:     975722 MISS:          0 MSHR_MERGE:          0
cpu0->cpu0_L2C TRANSLATION  ACCESS:        364 HIT:        282 MISS:         82 MSHR_MERGE:          0
cpu0->cpu0_L2C PREFETCH REQUESTED:          0 ISSUED:          0 USEFUL:          0 USELESS:          0
cpu0->cpu0_L2C AVERAGE MISS LATENCY: 318.3 cycles
cpu0->cpu0_L1I TOTAL        ACCESS:   33531571 HIT:   33531571 MISS:          0 MSHR_MERGE:          0
cpu0->cpu0_L1I LOAD         ACCESS:   33531571 HIT:   33531571 MISS:          0 MSHR_MERGE:          0
cpu0->cpu0_L1I RFO          ACCESS:          0 HIT:          0 MISS:          0 MSHR_MERGE:          0
cpu0->cpu0_L1I PREFETCH     ACCESS:          0 HIT:          0 MISS:          0 MSHR_MERGE:          0
cpu0->cpu0_L1I WRITE        ACCESS:          0 HIT:          0 MISS:          0 MSHR_MERGE:          0
cpu0->cpu0_L1I TRANSLATION  ACCESS:          0 HIT:          0 MISS:          0 MSHR_MERGE:          0
cpu0->cpu0_L1I PREFETCH REQUESTED:          0 ISSUED:          0 USEFUL:          0 USELESS:          0
cpu0->cpu0_L1I AVERAGE MISS LATENCY: - cycles
cpu0->cpu0_L1D TOTAL        ACCESS:   55216754 HIT:   52421952 MISS:    2794802 MSHR_MERGE:     862076
cpu0->cpu0_L1D LOAD         ACCESS:   48777163 HIT:   45982726 MISS:    2794437 MSHR_MERGE:     862075
cpu0->cpu0_L1D RFO          ACCESS:          0 HIT:          0 MISS:          0 MSHR_MERGE:          0
cpu0->cpu0_L1D PREFETCH     ACCESS:          0 HIT:          0 MISS:          0 MSHR_MERGE:          0
cpu0->cpu0_L1D WRITE        ACCESS:    6439088 HIT:    6439088 MISS:          0 MSHR_MERGE:          0
cpu0->cpu0_L1D TRANSLATION  ACCESS:        503 HIT:        138 MISS:        365 MSHR_MERGE:          1
cpu0->cpu0_L1D PREFETCH REQUESTED:          0 ISSUED:          0 USEFUL:          0 USELESS:          0
cpu0->cpu0_L1D AVERAGE MISS LATENCY: 327.3 cycles
cpu0->cpu0_ITLB TOTAL        ACCESS:   29927910 HIT:   29927910 MISS:          0 MSHR_MERGE:          0
cpu0->cpu0_ITLB LOAD         ACCESS:   29927910 HIT:   29927910 MISS:          0 MSHR_MERGE:          0
cpu0->cpu0_ITLB RFO          ACCESS:          0 HIT:          0 MISS:          0 MSHR_MERGE:          0
cpu0->cpu0_ITLB PREFETCH     ACCESS:          0 HIT:          0 MISS:          0 MSHR_MERGE:          0
cpu0->cpu0_ITLB WRITE        ACCESS:          0 HIT:          0 MISS:          0 MSHR_MERGE:          0
cpu0->cpu0_ITLB TRANSLATION  ACCESS:          0 HIT:          0 MISS:          0 MSHR_MERGE:          0
cpu0->cpu0_ITLB PREFETCH REQUESTED:          0 ISSUED:          0 USEFUL:          0 USELESS:          0
cpu0->cpu0_ITLB AVERAGE MISS LATENCY: - cycles
cpu0->cpu0_DTLB TOTAL        ACCESS:   53407875 HIT:   53407229 MISS:        646 MSHR_MERGE:        143
cpu0->cpu0_DTLB LOAD         ACCESS:   53407875 HIT:   53407229 MISS:        646 MSHR_MERGE:        143
cpu0->cpu0_DTLB RFO          ACCESS:          0 HIT:          0 MISS:          0 MSHR_MERGE:          0
cpu0->cpu0_DTLB PREFETCH     ACCESS:          0 HIT:          0 MISS:          0 MSHR_MERGE:          0
cpu0->cpu0_DTLB WRITE        ACCESS:          0 HIT:          0 MISS:          0 MSHR_MERGE:          0
cpu0->cpu0_DTLB TRANSLATION  ACCESS:          0 HIT:          0 MISS:          0 MSHR_MERGE:          0
cpu0->cpu0_DTLB PREFETCH REQUESTED:          0 ISSUED:          0 USEFUL:          0 USELESS:          0
cpu0->cpu0_DTLB AVERAGE MISS LATENCY: 222.3 cycles
cpu0->LLC TOTAL        ACCESS:    2908048 HIT:     986215 MISS:    1921833 MSHR_MERGE:          0
cpu0->LLC LOAD         ACCESS:    1932363 HIT:     174783 MISS:    1757580 MSHR_MERGE:          0
cpu0->LLC RFO          ACCESS:          0 HIT:          0 MISS:          0 MSHR_MERGE:          0
cpu0->LLC PREFETCH     ACCESS:          0 HIT:          0 MISS:          0 MSHR_MERGE:          0
cpu0->LLC WRITE        ACCESS:     975603 HIT:     811350 MISS:     164253 MSHR_MERGE:          0
cpu0->LLC TRANSLATION  ACCESS:         82 HIT:         82 MISS:          0 MSHR_MERGE:          0
cpu0->LLC PREFETCH REQUESTED:          0 ISSUED:          0 USEFUL:          0 USELESS:          0
cpu0->LLC AVERAGE MISS LATENCY: 2434 cycles
cpu1->LLC TOTAL        ACCESS:    2895481 HIT:    1008965 MISS:    1886516 MSHR_MERGE:          0
cpu1->LLC LOAD         ACCESS:    1924029 HIT:     173265 MISS:    1750764 MSHR_MERGE:          0
cpu1->LLC RFO          ACCESS:          0 HIT:          0 MISS:          0 MSHR_MERGE:          0
cpu1->LLC PREFETCH     ACCESS:          0 HIT:          0 MISS:          0 MSHR_MERGE:          0
cpu1->LLC WRITE        ACCESS:     971370 HIT:     835618 MISS:     135752 MSHR_MERGE:          0
cpu1->LLC TRANSLATION  ACCESS:         82 HIT:         82 MISS:          0 MSHR_MERGE:          0
cpu1->LLC PREFETCH REQUESTED:          0 ISSUED:          0 USEFUL:          0 USELESS:          0
cpu1->LLC AVERAGE MISS LATENCY: 2480 cycles
cpu2->LLC TOTAL        ACCESS:    2912300 HIT:     991108 MISS:    1921192 MSHR_MERGE:          0
cpu2->LLC LOAD         ACCESS:    1935215 HIT:     182870 MISS:    1752345 MSHR_MERGE:          0
cpu2->LLC RFO          ACCESS:          0 HIT:          0 MISS:          0 MSHR_MERGE:          0
cpu2->LLC PREFETCH     ACCESS:          0 HIT:          0 MISS:          0 MSHR_MERGE:          0
cpu2->LLC WRITE        ACCESS:     977003 HIT:     808156 MISS:     168847 MSHR_MERGE:          0
cpu2->LLC TRANSLATION  ACCESS:         82 HIT:         82 MISS:          0 MSHR_MERGE:          0
cpu2->LLC PREFETCH REQUESTED:          0 ISSUED:          0 USEFUL:          0 USELESS:          0
cpu2->LLC AVERAGE MISS LATENCY: 2435 cycles
cpu3->LLC TOTAL        ACCESS:    2901846 HIT:    1036425 MISS:    1865421 MSHR_MERGE:          0
cpu3->LLC LOAD         ACCESS:    1928233 HIT:     182268 MISS:    1745965 MSHR_MERGE:          0
cpu3->LLC RFO          ACCESS:          0 HIT:          0 MISS:          0 MSHR_MERGE:          0
cpu3->LLC PREFETCH     ACCESS:          0 HIT:          0 MISS:          0 MSHR_MERGE:          0
cpu3->LLC WRITE        ACCESS:     973531 HIT:     854075 MISS:     119456 MSHR_MERGE:          0
cpu3->LLC TRANSLATION  ACCESS:         82 HIT:         82 MISS:          0 MSHR_MERGE:          0
cpu3->LLC PREFETCH REQUESTED:          0 ISSUED:          0 USEFUL:          0 USELESS:          0
cpu3->LLC AVERAGE MISS LATENCY: 2508 cycles
cpu4->LLC TOTAL        ACCESS:    2915677 HIT:     989094 MISS:    1926583 MSHR_MERGE:          0
cpu4->LLC LOAD         ACCESS:    1937430 HIT:     173659 MISS:    1763771 MSHR_MERGE:          0
cpu4->LLC RFO          ACCESS:          0 HIT:          0 MISS:          0 MSHR_MERGE:          0
cpu4->LLC PREFETCH     ACCESS:          0 HIT:          0 MISS:          0 MSHR_MERGE:          0
cpu4->LLC WRITE        ACCESS:     978165 HIT:     815353 MISS:     162812 MSHR_MERGE:          0
cpu4->LLC TRANSLATION  ACCESS:         82 HIT:         82 MISS:          0 MSHR_MERGE:          0
cpu4->LLC PREFETCH REQUESTED:          0 ISSUED:          0 USEFUL:          0 USELESS:          0
cpu4->LLC AVERAGE MISS LATENCY: 2428 cycles
cpu5->LLC TOTAL        ACCESS:    2900157 HIT:     999539 MISS:    1900618 MSHR_MERGE:          0
cpu5->LLC LOAD         ACCESS:    1927087 HIT:     173732 MISS:    1753355 MSHR_MERGE:          0
cpu5->LLC RFO          ACCESS:          0 HIT:          0 MISS:          0 MSHR_MERGE:          0
cpu5->LLC PREFETCH     ACCESS:          0 HIT:          0 MISS:          0 MSHR_MERGE:          0
cpu5->LLC WRITE        ACCESS:     972988 HIT:     825725 MISS:     147263 MSHR_MERGE:          0
cpu5->LLC TRANSLATION  ACCESS:         82 HIT:         82 MISS:          0 MSHR_MERGE:          0
cpu5->LLC PREFETCH REQUESTED:          0 ISSUED:          0 USEFUL:          0 USELESS:          0
cpu5->LLC AVERAGE MISS LATENCY: 2461 cycles
cpu6->LLC TOTAL        ACCESS:    2916599 HIT:     998547 MISS:    1918052 MSHR_MERGE:          0
cpu6->LLC LOAD         ACCESS:    1938033 HIT:     182901 MISS:    1755132 MSHR_MERGE:          0
cpu6->LLC RFO          ACCESS:          0 HIT:          0 MISS:          0 MSHR_MERGE:          0
cpu6->LLC PREFETCH     ACCESS:          0 HIT:          0 MISS:          0 MSHR_MERGE:          0
cpu6->LLC WRITE        ACCESS:     978484 HIT:     815564 MISS:     162920 MSHR_MERGE:          0
cpu6->LLC TRANSLATION  ACCESS:         82 HIT:         82 MISS:          0 MSHR_MERGE:          0
cpu6->LLC PREFETCH REQUESTED:          0 ISSUED:          0 USEFUL:          0 USELESS:          0
cpu6->LLC AVERAGE MISS LATENCY: 2439 cycles
cpu7->LLC TOTAL        ACCESS:    2900659 HIT:    1016534 MISS:    1884125 MSHR_MERGE:          0
cpu7->LLC LOAD         ACCESS:    1927428 HIT:     177594 MISS:    1749834 MSHR_MERGE:          0
cpu7->LLC RFO          ACCESS:          0 HIT:          0 MISS:          0 MSHR_MERGE:          0
cpu7->LLC PREFETCH     ACCESS:          0 HIT:          0 MISS:          0 MSHR_MERGE:          0
cpu7->LLC WRITE        ACCESS:     973149 HIT:     838858 MISS:     134291 MSHR_MERGE:          0
cpu7->LLC TRANSLATION  ACCESS:         82 HIT:         82 MISS:          0 MSHR_MERGE:          0
cpu7->LLC PREFETCH REQUESTED:          0 ISSUED:          0 USEFUL:          0 USELESS:          0
cpu7->LLC AVERAGE MISS LATENCY: 2483 cycles

Region of Interest Statistics

CPU 7 cumulative IPC: 0.3904 instructions: 100000001 cycles: 256151546
CPU 7 Branch Prediction Accuracy: 100% MPKI: 0 Average ROB Occupancy at Mispredict: -
Branch type MPKI
BRANCH_DIRECT_JUMP: 0
BRANCH_INDIRECT: 0
BRANCH_CONDITIONAL: 0
BRANCH_DIRECT_CALL: 0
BRANCH_INDIRECT_CALL: 0
BRANCH_RETURN: 0


CPU 6 cumulative IPC: 0.3927 instructions: 100000003 cycles: 254652602
CPU 6 Branch Prediction Accuracy: 100% MPKI: 0 Average ROB Occupancy at Mispredict: -
Branch type MPKI
BRANCH_DIRECT_JUMP: 0
BRANCH_INDIRECT: 0
BRANCH_CONDITIONAL: 0
BRANCH_DIRECT_CALL: 0
BRANCH_INDIRECT_CALL: 0
BRANCH_RETURN: 0


CPU 5 cumulative IPC: 0.3903 instructions: 100000000 cycles: 256196728
CPU 5 Branch Prediction Accuracy: 100% MPKI: 0 Average ROB Occupancy at Mispredict: -
Branch type MPKI
BRANCH_DIRECT_JUMP: 0
BRANCH_INDIRECT: 0
BRANCH_CONDITIONAL: 0
BRANCH_DIRECT_CALL: 0
BRANCH_INDIRECT_CALL: 0
BRANCH_RETURN: 0


CPU 4 cumulative IPC: 0.3924 instructions: 100000000 cycles: 254820752
CPU 4 Branch Prediction Accuracy: 100% MPKI: 0 Average ROB Occupancy at Mispredict: -
Branch type MPKI
BRANCH_DIRECT_JUMP: 0
BRANCH_INDIRECT: 0
BRANCH_CONDITIONAL: 0
BRANCH_DIRECT_CALL: 0
BRANCH_INDIRECT_CALL: 0
BRANCH_RETURN: 0


CPU 3 cumulative IPC: 0.3906 instructions: 100000002 cycles: 256041959
CPU 3 Branch Prediction Accuracy: 100% MPKI: 0 Average ROB Occupancy at Mispredict: -
Branch type MPKI
BRANCH_DIRECT_JUMP: 0
BRANCH_INDIRECT: 0
BRANCH_CONDITIONAL: 0
BRANCH_DIRECT_CALL: 0
BRANCH_INDIRECT_CALL: 0
BRANCH_RETURN: 0


CPU 2 cumulative IPC: 0.392 instructions: 100000000 cycles: 255096820
CPU 2 Branch Prediction Accuracy: 100% MPKI: 0 Average ROB Occupancy at Mispredict: -
Branch type MPKI
BRANCH_DIRECT_JUMP: 0
BRANCH_INDIRECT: 0
BRANCH_CONDITIONAL: 0
BRANCH_DIRECT_CALL: 0
BRANCH_INDIRECT_CALL: 0
BRANCH_RETURN: 0


CPU 1 cumulative IPC: 0.3897 instructions: 100000000 cycles: 256601764
CPU 1 Branch Prediction Accuracy: 100% MPKI: 0 Average ROB Occupancy at Mispredict: -
Branch type MPKI
BRANCH_DIRECT_JUMP: 0
BRANCH_INDIRECT: 0
BRANCH_CONDITIONAL: 0
BRANCH_DIRECT_CALL: 0
BRANCH_INDIRECT_CALL: 0
BRANCH_RETURN: 0


CPU 0 cumulative IPC: 0.3914 instructions: 100000002 cycles: 255476186
CPU 0 Branch Prediction Accuracy: 100% MPKI: 0 Average ROB Occupancy at Mispredict: -
Branch type MPKI
BRANCH_DIRECT_JUMP: 0
BRANCH_INDIRECT: 0
BRANCH_CONDITIONAL: 0
BRANCH_DIRECT_CALL: 0
BRANCH_INDIRECT_CALL: 0
BRANCH_RETURN: 0

cpu7->cpu7_STLB TOTAL        ACCESS:        502 HIT:          0 MISS:        502 MSHR_MERGE:          0
cpu7->cpu7_STLB LOAD         ACCESS:        502 HIT:          0 MISS:        502 MSHR_MERGE:          0
cpu7->cpu7_STLB RFO          ACCESS:          0 HIT:          0 MISS:          0 MSHR_MERGE:          0
cpu7->cpu7_STLB PREFETCH     ACCESS:          0 HIT:          0 MISS:          0 MSHR_MERGE:          0
cpu7->cpu7_STLB WRITE        ACCESS:          0 HIT:          0 MISS:          0 MSHR_MERGE:          0
cpu7->cpu7_STLB TRANSLATION  ACCESS:          0 HIT:          0 MISS:          0 MSHR_MERGE:          0
cpu7->cpu7_STLB PREFETCH REQUESTED:          0 ISSUED:          0 USEFUL:          0 USELESS:          0
cpu7->cpu7_STLB AVERAGE MISS LATENCY: 216.3 cycles
cpu7->cpu7_L2C TOTAL        ACCESS:    2900999 HIT:     973489 MISS:    1927510 MSHR_MERGE:          0
cpu7->cpu7_L2C LOAD         ACCESS:    1927428 HIT:          0 MISS:    1927428 MSHR_MERGE:          0
cpu7->cpu7_L2C RFO          ACCESS:          0 HIT:          0 MISS:          0 MSHR_MERGE:          0
cpu7->cpu7_L2C PREFETCH     ACCESS:          0 HIT:          0 MISS:          0 MSHR_MERGE:          0
cpu7->cpu7_L2C WRITE        ACCESS:     973208 HIT:     973208 MISS:          0 MSHR_MERGE:          0
cpu7->cpu7_L2C TRANSLATION  ACCESS:        363 HIT:        281 MISS:         82 MSHR_MERGE:          0
cpu7->cpu7_L2C PREFETCH REQUESTED:          0 ISSUED:          0 USEFUL:          0 USELESS:          0
cpu7->cpu7_L2C AVERAGE MISS LATENCY: 318.6 cycles
cpu7->cpu7_L1I TOTAL        ACCESS:   33520958 HIT:   33520958 MISS:          0 MSHR_MERGE:          0
cpu7->cpu7_L1I LOAD         ACCESS:   33520958 HIT:   33520958 MISS:          0 MSHR_MERGE:          0
cpu7->cpu7_L1I RFO          ACCESS:          0 HIT:          0 MISS:          0 MSHR_MERGE:          0
cpu7->cpu7_L1I PREFETCH     ACCESS:          0 HIT:          0 MISS:          0 MSHR_MERGE:          0
cpu7->cpu7_L1I WRITE        ACCESS:          0 HIT:          0 MISS:          0 MSHR_MERGE:          0
cpu7->cpu7_L1I TRANSLATION  ACCESS:          0 HIT:          0 MISS:          0 MSHR_MERGE:          0
cpu7->cpu7_L1I PREFETCH REQUESTED:          0 ISSUED:          0 USEFUL:          0 USELESS:          0
cpu7->cpu7_L1I AVERAGE MISS LATENCY: - cycles
cpu7->cpu7_L1D TOTAL        ACCESS:   55098334 HIT:   52303695 MISS:    2794639 MSHR_MERGE:     866848
cpu7->cpu7_L1D LOAD         ACCESS:   48675179 HIT:   45880906 MISS:    2794273 MSHR_MERGE:     866845
cpu7->cpu7_L1D RFO          ACCESS:          0 HIT:          0 MISS:          0 MSHR_MERGE:          0
cpu7->cpu7_L1D PREFETCH     ACCESS:          0 HIT:          0 MISS:          0 MSHR_MERGE:          0
cpu7->cpu7_L1D WRITE        ACCESS:    6422653 HIT:    6422653 MISS:          0 MSHR_MERGE:          0
cpu7->cpu7_L1D TRANSLATION  ACCESS:        502 HIT:        136 MISS:        366 MSHR_MERGE:          3
cpu7->cpu7_L1D PREFETCH REQUESTED:          0 ISSUED:          0 USEFUL:          0 USELESS:          0
cpu7->cpu7_L1D AVERAGE MISS LATENCY: 327.6 cycles
cpu7->cpu7_ITLB TOTAL        ACCESS:   29870785 HIT:   29870785 MISS:          0 MSHR_MERGE:          0
cpu7->cpu7_ITLB LOAD         ACCESS:   29870785 HIT:   29870785 MISS:          0 MSHR_MERGE:          0
cpu7->cpu7_ITLB RFO          ACCESS:          0 HIT:          0 MISS:          0 MSHR_MERGE:          0
cpu7->cpu7_ITLB PREFETCH     ACCESS:          0 HIT:          0 MISS:          0 MSHR_MERGE:          0
cpu7->cpu7_ITLB WRITE        ACCESS:          0 HIT:          0 MISS:          0 MSHR_MERGE:          0
cpu7->cpu7_ITLB TRANSLATION  ACCESS:          0 HIT:          0 MISS:          0 MSHR_MERGE:          0
cpu7->cpu7_ITLB PREFETCH REQUESTED:          0 ISSUED:          0 USEFUL:          0 USELESS:          0
cpu7->cpu7_ITLB AVERAGE MISS LATENCY: - cycles
cpu7->cpu7_DTLB TOTAL        ACCESS:   53244746 HIT:   53244109 MISS:        637 MSHR_MERGE:        135
cpu7->cpu7_DTLB LOAD         ACCESS:   53244746 HIT:   53244109 MISS:        637 MSHR_MERGE:        135
cpu7->cpu7_DTLB RFO          ACCESS:          0 HIT:          0 MISS:          0 MSHR_MERGE:          0
cpu7->cpu7_DTLB PREFETCH     ACCESS:          0 HIT:          0 MISS:          0 MSHR_MERGE:          0
cpu7->cpu7_DTLB WRITE        ACCESS:          0 HIT:          0 MISS:          0 MSHR_MERGE:          0
cpu7->cpu7_DTLB TRANSLATION  ACCESS:          0 HIT:          0 MISS:          0 MSHR_MERGE:          0
cpu7->cpu7_DTLB PREFETCH REQUESTED:          0 ISSUED:          0 USEFUL:          0 USELESS:          0
cpu7->cpu7_DTLB AVERAGE MISS LATENCY: 222.3 cycles
cpu6->cpu6_STLB TOTAL        ACCESS:        504 HIT:          0 MISS:        504 MSHR_MERGE:          0
cpu6->cpu6_STLB LOAD         ACCESS:        504 HIT:          0 MISS:        504 MSHR_MERGE:          0
cpu6->cpu6_STLB RFO          ACCESS:          0 HIT:          0 MISS:          0 MSHR_MERGE:          0
cpu6->cpu6_STLB PREFETCH     ACCESS:          0 HIT:          0 MISS:          0 MSHR_MERGE:          0
cpu6->cpu6_STLB WRITE        ACCESS:          0 HIT:          0 MISS:          0 MSHR_MERGE:          0
cpu6->cpu6_STLB TRANSLATION  ACCESS:          0 HIT:          0 MISS:          0 MSHR_MERGE:          0
cpu6->cpu6_STLB PREFETCH REQUESTED:          0 ISSUED:          0 USEFUL:          0 USELESS:          0
cpu6->cpu6_STLB AVERAGE MISS LATENCY: 216.3 cycles
cpu6->cpu6_L2C TOTAL        ACCESS:    2916952 HIT:     978837 MISS:    1938115 MSHR_MERGE:          0
cpu6->cpu6_L2C LOAD         ACCESS:    1938033 HIT:          0 MISS:    1938033 MSHR_MERGE:          0
cpu6->cpu6_L2C RFO          ACCESS:          0 HIT:          0 MISS:          0 MSHR_MERGE:          0
cpu6->cpu6_L2C PREFETCH     ACCESS:          0 HIT:          0 MISS:          0 MSHR_MERGE:          0
cpu6->cpu6_L2C WRITE        ACCESS:     978554 HIT:     978554 MISS:          0 MSHR_MERGE:          0
cpu6->cpu6_L2C TRANSLATION  ACCESS:        365 HIT:        283 MISS:         82 MSHR_MERGE:          0
cpu6->cpu6_L2C PREFETCH REQUESTED:          0 ISSUED:          0 USEFUL:          0 USELESS:          0
cpu6->cpu6_L2C AVERAGE MISS LATENCY: 316.5 cycles
cpu6->cpu6_L1I TOTAL        ACCESS:   33587410 HIT:   33587410 MISS:          0 MSHR_MERGE:          0
cpu6->cpu6_L1I LOAD         ACCESS:   33587410 HIT:   33587410 MISS:          0 MSHR_MERGE:          0
cpu6->cpu6_L1I RFO          ACCESS:          0 HIT:          0 MISS:          0 MSHR_MERGE:          0
cpu6->cpu6_L1I PREFETCH     ACCESS:          0 HIT:          0 MISS:          0 MSHR_MERGE:          0
cpu6->cpu6_L1I WRITE        ACCESS:          0 HIT:          0 MISS:          0 MSHR_MERGE:          0
cpu6->cpu6_L1I TRANSLATION  ACCESS:          0 HIT:          0 MISS:          0 MSHR_MERGE:          0
cpu6->cpu6_L1I PREFETCH REQUESTED:          0 ISSUED:          0 USEFUL:          0 USELESS:          0
cpu6->cpu6_L1I AVERAGE MISS LATENCY: - cycles
cpu6->cpu6_L1D TOTAL        ACCESS:   55362339 HIT:   52562009 MISS:    2800330 MSHR_MERGE:     861932
cpu6->cpu6_L1D LOAD         ACCESS:   48903860 HIT:   46103898 MISS:    2799962 MSHR_MERGE:     861929
cpu6->cpu6_L1D RFO          ACCESS:          0 HIT:          0 MISS:          0 MSHR_MERGE:          0
cpu6->cpu6_L1D PREFETCH     ACCESS:          0 HIT:          0 MISS:          0 MSHR_MERGE:          0
cpu6->cpu6_L1D WRITE        ACCESS:    6457975 HIT:    6457975 MISS:          0 MSHR_MERGE:          0
cpu6->cpu6_L1D TRANSLATION  ACCESS:        504 HIT:        136 MISS:        368 MSHR_MERGE:          3
cpu6->cpu6_L1D PREFETCH REQUESTED:          0 ISSUED:          0 USEFUL:          0 USELESS:          0
cpu6->cpu6_L1D AVERAGE MISS LATENCY: 325.4 cycles
cpu6->cpu6_ITLB TOTAL        ACCESS:   29968913 HIT:   29968913 MISS:          0 MSHR_MERGE:          0
cpu6->cpu6_ITLB LOAD         ACCESS:   29968913 HIT:   29968913 MISS:          0 MSHR_MERGE:          0
cpu6->cpu6_ITLB RFO          ACCESS:          0 HIT:          0 MISS:          0 MSHR_MERGE:          0
cpu6->cpu6_ITLB PREFETCH     ACCESS:          0 HIT:          0 MISS:          0 MSHR_MERGE:          0
cpu6->cpu6_ITLB WRITE        ACCESS:          0 HIT:          0 MISS:          0 MSHR_MERGE:          0
cpu6->cpu6_ITLB TRANSLATION  ACCESS:          0 HIT:          0 MISS:          0 MSHR_MERGE:          0
cpu6->cpu6_ITLB PREFETCH REQUESTED:          0 ISSUED:          0 USEFUL:          0 USELESS:          0
cpu6->cpu6_ITLB AVERAGE MISS LATENCY: - cycles
cpu6->cpu6_DTLB TOTAL        ACCESS:   53550944 HIT:   53550299 MISS:        645 MSHR_MERGE:        141
cpu6->cpu6_DTLB LOAD         ACCESS:   53550944 HIT:   53550299 MISS:        645 MSHR_MERGE:        141
cpu6->cpu6_DTLB RFO          ACCESS:          0 HIT:          0 MISS:          0 MSHR_MERGE:          0
cpu6->cpu6_DTLB PREFETCH     ACCESS:          0 HIT:          0 MISS:          0 MSHR_MERGE:          0
cpu6->cpu6_DTLB WRITE        ACCESS:          0 HIT:          0 MISS:          0 MSHR_MERGE:          0
cpu6->cpu6_DTLB TRANSLATION  ACCESS:          0 HIT:          0 MISS:          0 MSHR_MERGE:          0
cpu6->cpu6_DTLB PREFETCH REQUESTED:          0 ISSUED:          0 USEFUL:          0 USELESS:          0
cpu6->cpu6_DTLB AVERAGE MISS LATENCY: 222.3 cycles
cpu5->cpu5_STLB TOTAL        ACCESS:        502 HIT:          0 MISS:        502 MSHR_MERGE:          0
cpu5->cpu5_STLB LOAD         ACCESS:        502 HIT:          0 MISS:        502 MSHR_MERGE:          0
cpu5->cpu5_STLB RFO          ACCESS:          0 HIT:          0 MISS:          0 MSHR_MERGE:          0
cpu5->cpu5_STLB PREFETCH     ACCESS:          0 HIT:          0 MISS:          0 MSHR_MERGE:          0
cpu5->cpu5_STLB WRITE        ACCESS:          0 HIT:          0 MISS:          0 MSHR_MERGE:          0
cpu5->cpu5_STLB TRANSLATION  ACCESS:          0 HIT:          0 MISS:          0 MSHR_MERGE:          0
cpu5->cpu5_STLB PREFETCH REQUESTED:          0 ISSUED:          0 USEFUL:          0 USELESS:          0
cpu5->cpu5_STLB AVERAGE MISS LATENCY: 216.3 cycles
cpu5->cpu5_L2C TOTAL        ACCESS:    2900479 HIT:     973310 MISS:    1927169 MSHR_MERGE:          0
cpu5->cpu5_L2C LOAD         ACCESS:    1927087 HIT:          0 MISS:    1927087 MSHR_MERGE:          0
cpu5->cpu5_L2C RFO          ACCESS:          0 HIT:          0 MISS:          0 MSHR_MERGE:          0
cpu5->cpu5_L2C PREFETCH     ACCESS:          0 HIT:          0 MISS:          0 MSHR_MERGE:          0
cpu5->cpu5_L2C WRITE        ACCESS:     973029 HIT:     973029 MISS:          0 MSHR_MERGE:          0
cpu5->cpu5_L2C TRANSLATION  ACCESS:        363 HIT:        281 MISS:         82 MSHR_MERGE:          0
cpu5->cpu5_L2C PREFETCH REQUESTED:          0 ISSUED:          0 USEFUL:          0 USELESS:          0
cpu5->cpu5_L2C AVERAGE MISS LATENCY: 319.1 cycles
cpu5->cpu5_L1I TOTAL        ACCESS:   33459755 HIT:   33459755 MISS:          0 MSHR_MERGE:          0
cpu5->cpu5_L1I LOAD         ACCESS:   33459755 HIT:   33459755 MISS:          0 MSHR_MERGE:          0
cpu5->cpu5_L1I RFO          ACCESS:          0 HIT:          0 MISS:          0 MSHR_MERGE:          0
cpu5->cpu5_L1I PREFETCH     ACCESS:          0 HIT:          0 MISS:          0 MSHR_MERGE:          0
cpu5->cpu5_L1I WRITE        ACCESS:          0 HIT:          0 MISS:          0 MSHR_MERGE:          0
cpu5->cpu5_L1I TRANSLATION  ACCESS:          0 HIT:          0 MISS:          0 MSHR_MERGE:          0
cpu5->cpu5_L1I PREFETCH REQUESTED:          0 ISSUED:          0 USEFUL:          0 USELESS:          0
cpu5->cpu5_L1I AVERAGE MISS LATENCY: - cycles
cpu5->cpu5_L1D TOTAL        ACCESS:   55082772 HIT:   52289573 MISS:    2793199 MSHR_MERGE:     865749
cpu5->cpu5_L1D LOAD         ACCESS:   48660758 HIT:   45867923 MISS:    2792835 MSHR_MERGE:     865748
cpu5->cpu5_L1D RFO          ACCESS:          0 HIT:          0 MISS:          0 MSHR_MERGE:          0
cpu5->cpu5_L1D PREFETCH     ACCESS:          0 HIT:          0 MISS:          0 MSHR_MERGE:          0
cpu5->cpu5_L1D WRITE        ACCESS:    6421512 HIT:    6421512 MISS:          0 MSHR_MERGE:          0
cpu5->cpu5_L1D TRANSLATION  ACCESS:        502 HIT:        138 MISS:        364 MSHR_MERGE:          1
cpu5->cpu5_L1D PREFETCH REQUESTED:          0 ISSUED:          0 USEFUL:          0 USELESS:          0
cpu5->cpu5_L1D AVERAGE MISS LATENCY: 328 cycles
cpu5->cpu5_ITLB TOTAL        ACCESS:   29842503 HIT:   29842503 MISS:          0 MSHR_MERGE:          0
cpu5->cpu5_ITLB LOAD         ACCESS:   29842503 HIT:   29842503 MISS:          0 MSHR_MERGE:          0
cpu5->cpu5_ITLB RFO          ACCESS:          0 HIT:          0 MISS:          0 MSHR_MERGE:          0
cpu5->cpu5_ITLB PREFETCH     ACCESS:          0 HIT:          0 MISS:          0 MSHR_MERGE:          0
cpu5->cpu5_ITLB WRITE        ACCESS:          0 HIT:          0 MISS:          0 MSHR_MERGE:          0
cpu5->cpu5_ITLB TRANSLATION  ACCESS:          0 HIT:          0 MISS:          0 MSHR_MERGE:          0
cpu5->cpu5_ITLB PREFETCH REQUESTED:          0 ISSUED:          0 USEFUL:          0 USELESS:          0
cpu5->cpu5_ITLB AVERAGE MISS LATENCY: - cycles
cpu5->cpu5_DTLB TOTAL        ACCESS:   53242548 HIT:   53241907 MISS:        641 MSHR_MERGE:        139
cpu5->cpu5_DTLB LOAD         ACCESS:   53242548 HIT:   53241907 MISS:        641 MSHR_MERGE:        139
cpu5->cpu5_DTLB RFO          ACCESS:          0 HIT:          0 MISS:          0 MSHR_MERGE:          0
cpu5->cpu5_DTLB PREFETCH     ACCESS:          0 HIT:          0 MISS:          0 MSHR_MERGE:          0
cpu5->cpu5_DTLB WRITE        ACCESS:          0 HIT:          0 MISS:          0 MSHR_MERGE:          0
cpu5->cpu5_DTLB TRANSLATION  ACCESS:          0 HIT:          0 MISS:          0 MSHR_MERGE:          0
cpu5->cpu5_DTLB PREFETCH REQUESTED:          0 ISSUED:          0 USEFUL:          0 USELESS:          0
cpu5->cpu5_DTLB AVERAGE MISS LATENCY: 222.3 cycles
cpu4->cpu4_STLB TOTAL        ACCESS:        504 HIT:          0 MISS:        504 MSHR_MERGE:          0
cpu4->cpu4_STLB LOAD         ACCESS:        504 HIT:          0 MISS:        504 MSHR_MERGE:          0
cpu4->cpu4_STLB RFO          ACCESS:          0 HIT:          0 MISS:          0 MSHR_MERGE:          0
cpu4->cpu4_STLB PREFETCH     ACCESS:          0 HIT:          0 MISS:          0 MSHR_MERGE:          0
cpu4->cpu4_STLB WRITE        ACCESS:          0 HIT:          0 MISS:          0 MSHR_MERGE:          0
cpu4->cpu4_STLB TRANSLATION  ACCESS:          0 HIT:          0 MISS:          0 MSHR_MERGE:          0
cpu4->cpu4_STLB PREFETCH REQUESTED:          0 ISSUED:          0 USEFUL:          0 USELESS:          0
cpu4->cpu4_STLB AVERAGE MISS LATENCY: 216.2 cycles
cpu4->cpu4_L2C TOTAL        ACCESS:    2916054 HIT:     978542 MISS:    1937512 MSHR_MERGE:          0
cpu4->cpu4_L2C LOAD         ACCESS:    1937430 HIT:          0 MISS:    1937430 MSHR_MERGE:          0
cpu4->cpu4_L2C RFO          ACCESS:          0 HIT:          0 MISS:          0 MSHR_MERGE:          0
cpu4->cpu4_L2C PREFETCH     ACCESS:          0 HIT:          0 MISS:          0 MSHR_MERGE:          0
cpu4->cpu4_L2C WRITE        ACCESS:     978259 HIT:     978259 MISS:          0 MSHR_MERGE:          0
cpu4->cpu4_L2C TRANSLATION  ACCESS:        365 HIT:        283 MISS:         82 MSHR_MERGE:          0
cpu4->cpu4_L2C PREFETCH REQUESTED:          0 ISSUED:          0 USEFUL:          0 USELESS:          0
cpu4->cpu4_L2C AVERAGE MISS LATENCY: 318 cycles
cpu4->cpu4_L1I TOTAL        ACCESS:   33608029 HIT:   33608029 MISS:          0 MSHR_MERGE:          0
cpu4->cpu4_L1I LOAD         ACCESS:   33608029 HIT:   33608029 MISS:          0 MSHR_MERGE:          0
cpu4->cpu4_L1I RFO          ACCESS:          0 HIT:          0 MISS:          0 MSHR_MERGE:          0
cpu4->cpu4_L1I PREFETCH     ACCESS:          0 HIT:          0 MISS:          0 MSHR_MERGE:          0
cpu4->cpu4_L1I WRITE        ACCESS:          0 HIT:          0 MISS:          0 MSHR_MERGE:          0
cpu4->cpu4_L1I TRANSLATION  ACCESS:          0 HIT:          0 MISS:          0 MSHR_MERGE:          0
cpu4->cpu4_L1I PREFETCH REQUESTED:          0 ISSUED:          0 USEFUL:          0 USELESS:          0
cpu4->cpu4_L1I AVERAGE MISS LATENCY: - cycles
cpu4->cpu4_L1D TOTAL        ACCESS:   55352371 HIT:   52551713 MISS:    2800658 MSHR_MERGE:     862863
cpu4->cpu4_L1D LOAD         ACCESS:   48895893 HIT:   46095601 MISS:    2800292 MSHR_MERGE:     862862
cpu4->cpu4_L1D RFO          ACCESS:          0 HIT:          0 MISS:          0 MSHR_MERGE:          0
cpu4->cpu4_L1D PREFETCH     ACCESS:          0 HIT:          0 MISS:          0 MSHR_MERGE:          0
cpu4->cpu4_L1D WRITE        ACCESS:    6455974 HIT:    6455974 MISS:          0 MSHR_MERGE:          0
cpu4->cpu4_L1D TRANSLATION  ACCESS:        504 HIT:        138 MISS:        366 MSHR_MERGE:          1
cpu4->cpu4_L1D PREFETCH REQUESTED:          0 ISSUED:          0 USEFUL:          0 USELESS:          0
cpu4->cpu4_L1D AVERAGE MISS LATENCY: 326.9 cycles
cpu4->cpu4_ITLB TOTAL        ACCESS:   29975939 HIT:   29975939 MISS:          0 MSHR_MERGE:          0
cpu4->cpu4_ITLB LOAD         ACCESS:   29975939 HIT:   29975939 MISS:          0 MSHR_MERGE:          0
cpu4->cpu4_ITLB RFO          ACCESS:          0 HIT:          0 MISS:          0 MSHR_MERGE:          0
cpu4->cpu4_ITLB PREFETCH     ACCESS:          0 HIT:          0 MISS:          0 MSHR_MERGE:          0
cpu4->cpu4_ITLB WRITE        ACCESS:          0 HIT:          0 MISS:          0 MSHR_MERGE:          0
cpu4->cpu4_ITLB TRANSLATION  ACCESS:          0 HIT:          0 MISS:          0 MSHR_MERGE:          0
cpu4->cpu4_ITLB PREFETCH REQUESTED:          0 ISSUED:          0 USEFUL:          0 USELESS:          0
cpu4->cpu4_ITLB AVERAGE MISS LATENCY: - cycles
cpu4->cpu4_DTLB TOTAL        ACCESS:   53505885 HIT:   53505245 MISS:        640 MSHR_MERGE:        136
cpu4->cpu4_DTLB LOAD         ACCESS:   53505885 HIT:   53505245 MISS:        640 MSHR_MERGE:        136
cpu4->cpu4_DTLB RFO          ACCESS:          0 HIT:          0 MISS:          0 MSHR_MERGE:          0
cpu4->cpu4_DTLB PREFETCH     ACCESS:          0 HIT:          0 MISS:          0 MSHR_MERGE:          0
cpu4->cpu4_DTLB WRITE        ACCESS:          0 HIT:          0 MISS:          0 MSHR_MERGE:          0
cpu4->cpu4_DTLB TRANSLATION  ACCESS:          0 HIT:          0 MISS:          0 MSHR_MERGE:          0
cpu4->cpu4_DTLB PREFETCH REQUESTED:          0 ISSUED:          0 USEFUL:          0 USELESS:          0
cpu4->cpu4_DTLB AVERAGE MISS LATENCY: 222.2 cycles
cpu3->cpu3_STLB TOTAL        ACCESS:        502 HIT:          0 MISS:        502 MSHR_MERGE:          0
cpu3->cpu3_STLB LOAD         ACCESS:        502 HIT:          0 MISS:        502 MSHR_MERGE:          0
cpu3->cpu3_STLB RFO          ACCESS:          0 HIT:          0 MISS:          0 MSHR_MERGE:          0
cpu3->cpu3_STLB PREFETCH     ACCESS:          0 HIT:          0 MISS:          0 MSHR_MERGE:          0
cpu3->cpu3_STLB WRITE        ACCESS:          0 HIT:          0 MISS:          0 MSHR_MERGE:          0
cpu3->cpu3_STLB TRANSLATION  ACCESS:          0 HIT:          0 MISS:          0 MSHR_MERGE:          0
cpu3->cpu3_STLB PREFETCH REQUESTED:          0 ISSUED:          0 USEFUL:          0 USELESS:          0
cpu3->cpu3_STLB AVERAGE MISS LATENCY: 216.3 cycles
cpu3->cpu3_L2C TOTAL        ACCESS:    2902210 HIT:     973895 MISS:    1928315 MSHR_MERGE:          0
cpu3->cpu3_L2C LOAD         ACCESS:    1928233 HIT:          0 MISS:    1928233 MSHR_MERGE:          0
cpu3->cpu3_L2C RFO          ACCESS:          0 HIT:          0 MISS:          0 MSHR_MERGE:          0
cpu3->cpu3_L2C PREFETCH     ACCESS:          0 HIT:          0 MISS:          0 MSHR_MERGE:          0
cpu3->cpu3_L2C WRITE        ACCESS:     973614 HIT:     973614 MISS:          0 MSHR_MERGE:          0
cpu3->cpu3_L2C TRANSLATION  ACCESS:        363 HIT:        281 MISS:         82 MSHR_MERGE:          0
cpu3->cpu3_L2C PREFETCH REQUESTED:          0 ISSUED:          0 USEFUL:          0 USELESS:          0
cpu3->cpu3_L2C AVERAGE MISS LATENCY: 317.6 cycles
cpu3->cpu3_L1I TOTAL        ACCESS:   33481006 HIT:   33481006 MISS:          0 MSHR_MERGE:          0
cpu3->cpu3_L1I LOAD         ACCESS:   33481006 HIT:   33481006 MISS:          0 MSHR_MERGE:          0
cpu3->cpu3_L1I RFO          ACCESS:          0 HIT:          0 MISS:          0 MSHR_MERGE:          0
cpu3->cpu3_L1I PREFETCH     ACCESS:          0 HIT:          0 MISS:          0 MSHR_MERGE:          0
cpu3->cpu3_L1I WRITE        ACCESS:          0 HIT:          0 MISS:          0 MSHR_MERGE:          0
cpu3->cpu3_L1I TRANSLATION  ACCESS:          0 HIT:          0 MISS:          0 MSHR_MERGE:          0
cpu3->cpu3_L1I PREFETCH REQUESTED:          0 ISSUED:          0 USEFUL:          0 USELESS:          0
cpu3->cpu3_L1I AVERAGE MISS LATENCY: - cycles
cpu3->cpu3_L1D TOTAL        ACCESS:   55123299 HIT:   52329598 MISS:    2793701 MSHR_MERGE:     865105
cpu3->cpu3_L1D LOAD         ACCESS:   48697464 HIT:   45904128 MISS:    2793336 MSHR_MERGE:     865103
cpu3->cpu3_L1D RFO          ACCESS:          0 HIT:          0 MISS:          0 MSHR_MERGE:          0
cpu3->cpu3_L1D PREFETCH     ACCESS:          0 HIT:          0 MISS:          0 MSHR_MERGE:          0
cpu3->cpu3_L1D WRITE        ACCESS:    6425333 HIT:    6425333 MISS:          0 MSHR_MERGE:          0
cpu3->cpu3_L1D TRANSLATION  ACCESS:        502 HIT:        137 MISS:        365 MSHR_MERGE:          2
cpu3->cpu3_L1D PREFETCH REQUESTED:          0 ISSUED:          0 USEFUL:          0 USELESS:          0
cpu3->cpu3_L1D AVERAGE MISS LATENCY: 326.5 cycles
cpu3->cpu3_ITLB TOTAL        ACCESS:   29884629 HIT:   29884629 MISS:          0 MSHR_MERGE:          0
cpu3->cpu3_ITLB LOAD         ACCESS:   29884629 HIT:   29884629 MISS:          0 MSHR_MERGE:          0
cpu3->cpu3_ITLB RFO          ACCESS:          0 HIT:          0 MISS:          0 MSHR_MERGE:          0
cpu3->cpu3_ITLB PREFETCH     ACCESS:          0 HIT:          0 MISS:          0 MSHR_MERGE:          0
cpu3->cpu3_ITLB WRITE        ACCESS:          0 HIT:          0 MISS:          0 MSHR_MERGE:          0
cpu3->cpu3_ITLB TRANSLATION  ACCESS:          0 HIT:          0 MISS:          0 MSHR_MERGE:          0
cpu3->cpu3_ITLB PREFETCH REQUESTED:          0 ISSUED:          0 USEFUL:          0 USELESS:          0
cpu3->cpu3_ITLB AVERAGE MISS LATENCY: - cycles
cpu3->cpu3_DTLB TOTAL        ACCESS:   53314239 HIT:   53313598 MISS:        641 MSHR_MERGE:        139
cpu3->cpu3_DTLB LOAD         ACCESS:   53314239 HIT:   53313598 MISS:        641 MSHR_MERGE:        139
cpu3->cpu3_DTLB RFO          ACCESS:          0 HIT:          0 MISS:          0 MSHR_MERGE:          0
cpu3->cpu3_DTLB PREFETCH     ACCESS:          0 HIT:          0 MISS:          0 MSHR_MERGE:          0
cpu3->cpu3_DTLB WRITE        ACCESS:          0 HIT:          0 MISS:          0 MSHR_MERGE:          0
cpu3->cpu3_DTLB TRANSLATION  ACCESS:          0 HIT:          0 MISS:          0 MSHR_MERGE:          0
cpu3->cpu3_DTLB PREFETCH REQUESTED:          0 ISSUED:          0 USEFUL:          0 USELESS:          0
cpu3->cpu3_DTLB AVERAGE MISS LATENCY: 222.3 cycles
cpu2->cpu2_STLB TOTAL        ACCESS:        504 HIT:          0 MISS:        504 MSHR_MERGE:          0
cpu2->cpu2_STLB LOAD         ACCESS:        504 HIT:          0 MISS:        504 MSHR_MERGE:          0
cpu2->cpu2_STLB RFO          ACCESS:          0 HIT:          0 MISS:          0 MSHR_MERGE:          0
cpu2->cpu2_STLB PREFETCH     ACCESS:          0 HIT:          0 MISS:          0 MSHR_MERGE:          0
cpu2->cpu2_STLB WRITE        ACCESS:          0 HIT:          0 MISS:          0 MSHR_MERGE:          0
cpu2->cpu2_STLB TRANSLATION  ACCESS:          0 HIT:          0 MISS:          0 MSHR_MERGE:          0
cpu2->cpu2_STLB PREFETCH REQUESTED:          0 ISSUED:          0 USEFUL:          0 USELESS:          0
cpu2->cpu2_STLB AVERAGE MISS LATENCY: 216.3 cycles
cpu2->cpu2_L2C TOTAL        ACCESS:    2912707 HIT:     977410 MISS:    1935297 MSHR_MERGE:          0
cpu2->cpu2_L2C LOAD         ACCESS:    1935215 HIT:          0 MISS:    1935215 MSHR_MERGE:          0
cpu2->cpu2_L2C RFO          ACCESS:          0 HIT:          0 MISS:          0 MSHR_MERGE:          0
cpu2->cpu2_L2C PREFETCH     ACCESS:          0 HIT:          0 MISS:          0 MSHR_MERGE:          0
cpu2->cpu2_L2C WRITE        ACCESS:     977127 HIT:     977127 MISS:          0 MSHR_MERGE:          0
cpu2->cpu2_L2C TRANSLATION  ACCESS:        365 HIT:        283 MISS:         82 MSHR_MERGE:          0
cpu2->cpu2_L2C PREFETCH REQUESTED:          0 ISSUED:          0 USEFUL:          0 USELESS:          0
cpu2->cpu2_L2C AVERAGE MISS LATENCY: 317.1 cycles
cpu2->cpu2_L1I TOTAL        ACCESS:   33579000 HIT:   33579000 MISS:          0 MSHR_MERGE:          0
cpu2->cpu2_L1I LOAD         ACCESS:   33579000 HIT:   33579000 MISS:          0 MSHR_MERGE:          0
cpu2->cpu2_L1I RFO          ACCESS:          0 HIT:          0 MISS:          0 MSHR_MERGE:          0
cpu2->cpu2_L1I PREFETCH     ACCESS:          0 HIT:          0 MISS:          0 MSHR_MERGE:          0
cpu2->cpu2_L1I WRITE        ACCESS:          0 HIT:          0 MISS:          0 MSHR_MERGE:          0
cpu2->cpu2_L1I TRANSLATION  ACCESS:          0 HIT:          0 MISS:          0 MSHR_MERGE:          0
cpu2->cpu2_L1I PREFETCH REQUESTED:          0 ISSUED:          0 USEFUL:          0 USELESS:          0
cpu2->cpu2_L1I AVERAGE MISS LATENCY: - cycles
cpu2->cpu2_L1D TOTAL        ACCESS:   55298827 HIT:   52499502 MISS:    2799325 MSHR_MERGE:     863745
cpu2->cpu2_L1D LOAD         ACCESS:   48849716 HIT:   46050759 MISS:    2798957 MSHR_MERGE:     863742
cpu2->cpu2_L1D RFO          ACCESS:          0 HIT:          0 MISS:          0 MSHR_MERGE:          0
cpu2->cpu2_L1D PREFETCH     ACCESS:          0 HIT:          0 MISS:          0 MSHR_MERGE:          0
cpu2->cpu2_L1D WRITE        ACCESS:    6448607 HIT:    6448607 MISS:          0 MSHR_MERGE:          0
cpu2->cpu2_L1D TRANSLATION  ACCESS:        504 HIT:        136 MISS:        368 MSHR_MERGE:          3
cpu2->cpu2_L1D PREFETCH REQUESTED:          0 ISSUED:          0 USEFUL:          0 USELESS:          0
cpu2->cpu2_L1D AVERAGE MISS LATENCY: 326.1 cycles
cpu2->cpu2_ITLB TOTAL        ACCESS:   29947218 HIT:   29947218 MISS:          0 MSHR_MERGE:          0
cpu2->cpu2_ITLB LOAD         ACCESS:   29947218 HIT:   29947218 MISS:          0 MSHR_MERGE:          0
cpu2->cpu2_ITLB RFO          ACCESS:          0 HIT:          0 MISS:          0 MSHR_MERGE:          0
cpu2->cpu2_ITLB PREFETCH     ACCESS:          0 HIT:          0 MISS:          0 MSHR_MERGE:          0
cpu2->cpu2_ITLB WRITE        ACCESS:          0 HIT:          0 MISS:          0 MSHR_MERGE:          0
cpu2->cpu2_ITLB TRANSLATION  ACCESS:          0 HIT:          0 MISS:          0 MSHR_MERGE:          0
cpu2->cpu2_ITLB PREFETCH REQUESTED:          0 ISSUED:          0 USEFUL:          0 USELESS:          0
cpu2->cpu2_ITLB AVERAGE MISS LATENCY: - cycles
cpu2->cpu2_DTLB TOTAL        ACCESS:   53452671 HIT:   53452026 MISS:        645 MSHR_MERGE:        141
cpu2->cpu2_DTLB LOAD         ACCESS:   53452671 HIT:   53452026 MISS:        645 MSHR_MERGE:        141
cpu2->cpu2_DTLB RFO          ACCESS:          0 HIT:          0 MISS:          0 MSHR_MERGE:          0
cpu2->cpu2_DTLB PREFETCH     ACCESS:          0 HIT:          0 MISS:          0 MSHR_MERGE:          0
cpu2->cpu2_DTLB WRITE        ACCESS:          0 HIT:          0 MISS:          0 MSHR_MERGE:          0
cpu2->cpu2_DTLB TRANSLATION  ACCESS:          0 HIT:          0 MISS:          0 MSHR_MERGE:          0
cpu2->cpu2_DTLB PREFETCH REQUESTED:          0 ISSUED:          0 USEFUL:          0 USELESS:          0
cpu2->cpu2_DTLB AVERAGE MISS LATENCY: 222.3 cycles
cpu1->cpu1_STLB TOTAL        ACCESS:        500 HIT:          0 MISS:        500 MSHR_MERGE:          0
cpu1->cpu1_STLB LOAD         ACCESS:        500 HIT:          0 MISS:        500 MSHR_MERGE:          0
cpu1->cpu1_STLB RFO          ACCESS:          0 HIT:          0 MISS:          0 MSHR_MERGE:          0
cpu1->cpu1_STLB PREFETCH     ACCESS:          0 HIT:          0 MISS:          0 MSHR_MERGE:          0
cpu1->cpu1_STLB WRITE        ACCESS:          0 HIT:          0 MISS:          0 MSHR_MERGE:          0
cpu1->cpu1_STLB TRANSLATION  ACCESS:          0 HIT:          0 MISS:          0 MSHR_MERGE:          0
cpu1->cpu1_STLB PREFETCH REQUESTED:          0 ISSUED:          0 USEFUL:          0 USELESS:          0
cpu1->cpu1_STLB AVERAGE MISS LATENCY: 216.3 cycles
cpu1->cpu1_L2C TOTAL        ACCESS:    2895874 HIT:     971763 MISS:    1924111 MSHR_MERGE:          0
cpu1->cpu1_L2C LOAD         ACCESS:    1924029 HIT:          0 MISS:    1924029 MSHR_MERGE:          0
cpu1->cpu1_L2C RFO          ACCESS:          0 HIT:          0 MISS:          0 MSHR_MERGE:          0
cpu1->cpu1_L2C PREFETCH     ACCESS:          0 HIT:          0 MISS:          0 MSHR_MERGE:          0
cpu1->cpu1_L2C WRITE        ACCESS:     971484 HIT:     971484 MISS:          0 MSHR_MERGE:          0
cpu1->cpu1_L2C TRANSLATION  ACCESS:        361 HIT:        279 MISS:         82 MSHR_MERGE:          0
cpu1->cpu1_L2C PREFETCH REQUESTED:          0 ISSUED:          0 USEFUL:          0 USELESS:          0
cpu1->cpu1_L2C AVERAGE MISS LATENCY: 319.4 cycles
cpu1->cpu1_L1I TOTAL        ACCESS:   33448068 HIT:   33448068 MISS:          0 MSHR_MERGE:          0
cpu1->cpu1_L1I LOAD         ACCESS:   33448068 HIT:   33448068 MISS:          0 MSHR_MERGE:          0
cpu1->cpu1_L1I RFO          ACCESS:          0 HIT:          0 MISS:          0 MSHR_MERGE:          0
cpu1->cpu1_L1I PREFETCH     ACCESS:          0 HIT:          0 MISS:          0 MSHR_MERGE:          0
cpu1->cpu1_L1I WRITE        ACCESS:          0 HIT:          0 MISS:          0 MSHR_MERGE:          0
cpu1->cpu1_L1I TRANSLATION  ACCESS:          0 HIT:          0 MISS:          0 MSHR_MERGE:          0
cpu1->cpu1_L1I PREFETCH REQUESTED:          0 ISSUED:          0 USEFUL:          0 USELESS:          0
cpu1->cpu1_L1I AVERAGE MISS LATENCY: - cycles
cpu1->cpu1_L1D TOTAL        ACCESS:   54988630 HIT:   52199399 MISS:    2789231 MSHR_MERGE:     864841
cpu1->cpu1_L1D LOAD         ACCESS:   48576821 HIT:   45787953 MISS:    2788868 MSHR_MERGE:     864839
cpu1->cpu1_L1D RFO          ACCESS:          0 HIT:          0 MISS:          0 MSHR_MERGE:          0
cpu1->cpu1_L1D PREFETCH     ACCESS:          0 HIT:          0 MISS:          0 MSHR_MERGE:          0
cpu1->cpu1_L1D WRITE        ACCESS:    6411309 HIT:    6411309 MISS:          0 MSHR_MERGE:          0
cpu1->cpu1_L1D TRANSLATION  ACCESS:        500 HIT:        137 MISS:        363 MSHR_MERGE:          2
cpu1->cpu1_L1D PREFETCH REQUESTED:          0 ISSUED:          0 USEFUL:          0 USELESS:          0
cpu1->cpu1_L1D AVERAGE MISS LATENCY: 328.4 cycles
cpu1->cpu1_ITLB TOTAL        ACCESS:   29837567 HIT:   29837567 MISS:          0 MSHR_MERGE:          0
cpu1->cpu1_ITLB LOAD         ACCESS:   29837567 HIT:   29837567 MISS:          0 MSHR_MERGE:          0
cpu1->cpu1_ITLB RFO          ACCESS:          0 HIT:          0 MISS:          0 MSHR_MERGE:          0
cpu1->cpu1_ITLB PREFETCH     ACCESS:          0 HIT:          0 MISS:          0 MSHR_MERGE:          0
cpu1->cpu1_ITLB WRITE        ACCESS:          0 HIT:          0 MISS:          0 MSHR_MERGE:          0
cpu1->cpu1_ITLB TRANSLATION  ACCESS:          0 HIT:          0 MISS:          0 MSHR_MERGE:          0
cpu1->cpu1_ITLB PREFETCH REQUESTED:          0 ISSUED:          0 USEFUL:          0 USELESS:          0
cpu1->cpu1_ITLB AVERAGE MISS LATENCY: - cycles
cpu1->cpu1_DTLB TOTAL        ACCESS:   53138524 HIT:   53137883 MISS:        641 MSHR_MERGE:        141
cpu1->cpu1_DTLB LOAD         ACCESS:   53138524 HIT:   53137883 MISS:        641 MSHR_MERGE:        141
cpu1->cpu1_DTLB RFO          ACCESS:          0 HIT:          0 MISS:          0 MSHR_MERGE:          0
cpu1->cpu1_DTLB PREFETCH     ACCESS:          0 HIT:          0 MISS:          0 MSHR_MERGE:          0
cpu1->cpu1_DTLB WRITE        ACCESS:          0 HIT:          0 MISS:          0 MSHR_MERGE:          0
cpu1->cpu1_DTLB TRANSLATION  ACCESS:          0 HIT:          0 MISS:          0 MSHR_MERGE:          0
cpu1->cpu1_DTLB PREFETCH REQUESTED:          0 ISSUED:          0 USEFUL:          0 USELESS:          0
cpu1->cpu1_DTLB AVERAGE MISS LATENCY: 222.3 cycles
cpu0->cpu0_STLB TOTAL        ACCESS:        503 HIT:          0 MISS:        503 MSHR_MERGE:          0
cpu0->cpu0_STLB LOAD         ACCESS:        503 HIT:          0 MISS:        503 MSHR_MERGE:          0
cpu0->cpu0_STLB RFO          ACCESS:          0 HIT:          0 MISS:          0 MSHR_MERGE:          0
cpu0->cpu0_STLB PREFETCH     ACCESS:          0 HIT:          0 MISS:          0 MSHR_MERGE:          0
cpu0->cpu0_STLB WRITE        ACCESS:          0 HIT:          0 MISS:          0 MSHR_MERGE:          0
cpu0->cpu0_STLB TRANSLATION  ACCESS:          0 HIT:          0 MISS:          0 MSHR_MERGE:          0
cpu0->cpu0_STLB PREFETCH REQUESTED:          0 ISSUED:          0 USEFUL:          0 USELESS:          0
cpu0->cpu0_STLB AVERAGE MISS LATENCY: 216.3 cycles
cpu0->cpu0_L2C TOTAL        ACCESS:    2908449 HIT:     976004 MISS:    1932445 MSHR_MERGE:          0
cpu0->cpu0_L2C LOAD         ACCESS:    1932363 HIT:          0 MISS:    1932363 MSHR_MERGE:          0
cpu0->cpu0_L2C RFO          ACCESS:          0 HIT:          0 MISS:          0 MSHR_MERGE:          0
cpu0->cpu0_L2C PREFETCH     ACCESS:          0 HIT:          0 MISS:          0 MSHR_MERGE:          0
cpu0->cpu0_L2C WRITE        ACCESS:     975722 HIT:     975722 MISS:          0 MSHR_MERGE:          0
cpu0->cpu0_L2C TRANSLATION  ACCESS:        364 HIT:        282 MISS:         82 MSHR_MERGE:          0
cpu0->cpu0_L2C PREFETCH REQUESTED:          0 ISSUED:          0 USEFUL:          0 USELESS:          0
cpu0->cpu0_L2C AVERAGE MISS LATENCY: 318.3 cycles
cpu0->cpu0_L1I TOTAL        ACCESS:   33531571 HIT:   33531571 MISS:          0 MSHR_MERGE:          0
cpu0->cpu0_L1I LOAD         ACCESS:   33531571 HIT:   33531571 MISS:          0 MSHR_MERGE:          0
cpu0->cpu0_L1I RFO          ACCESS:          0 HIT:          0 MISS:          0 MSHR_MERGE:          0
cpu0->cpu0_L1I PREFETCH     ACCESS:          0 HIT:          0 MISS:          0 MSHR_MERGE:          0
cpu0->cpu0_L1I WRITE        ACCESS:          0 HIT:          0 MISS:          0 MSHR_MERGE:          0
cpu0->cpu0_L1I TRANSLATION  ACCESS:          0 HIT:          0 MISS:          0 MSHR_MERGE:          0
cpu0->cpu0_L1I PREFETCH REQUESTED:          0 ISSUED:          0 USEFUL:          0 USELESS:          0
cpu0->cpu0_L1I AVERAGE MISS LATENCY: - cycles
cpu0->cpu0_L1D TOTAL        ACCESS:   55216754 HIT:   52421952 MISS:    2794802 MSHR_MERGE:     862076
cpu0->cpu0_L1D LOAD         ACCESS:   48777163 HIT:   45982726 MISS:    2794437 MSHR_MERGE:     862075
cpu0->cpu0_L1D RFO          ACCESS:          0 HIT:          0 MISS:          0 MSHR_MERGE:          0
cpu0->cpu0_L1D PREFETCH     ACCESS:          0 HIT:          0 MISS:          0 MSHR_MERGE:          0
cpu0->cpu0_L1D WRITE        ACCESS:    6439088 HIT:    6439088 MISS:          0 MSHR_MERGE:          0
cpu0->cpu0_L1D TRANSLATION  ACCESS:        503 HIT:        138 MISS:        365 MSHR_MERGE:          1
cpu0->cpu0_L1D PREFETCH REQUESTED:          0 ISSUED:          0 USEFUL:          0 USELESS:          0
cpu0->cpu0_L1D AVERAGE MISS LATENCY: 327.3 cycles
cpu0->cpu0_ITLB TOTAL        ACCESS:   29927910 HIT:   29927910 MISS:          0 MSHR_MERGE:          0
cpu0->cpu0_ITLB LOAD         ACCESS:   29927910 HIT:   29927910 MISS:          0 MSHR_MERGE:          0
cpu0->cpu0_ITLB RFO          ACCESS:          0 HIT:          0 MISS:          0 MSHR_MERGE:          0
cpu0->cpu0_ITLB PREFETCH     ACCESS:          0 HIT:          0 MISS:          0 MSHR_MERGE:          0
cpu0->cpu0_ITLB WRITE        ACCESS:          0 HIT:          0 MISS:          0 MSHR_MERGE:          0
cpu0->cpu0_ITLB TRANSLATION  ACCESS:          0 HIT:          0 MISS:          0 MSHR_MERGE:          0
cpu0->cpu0_ITLB PREFETCH REQUESTED:          0 ISSUED:          0 USEFUL:          0 USELESS:          0
cpu0->cpu0_ITLB AVERAGE MISS LATENCY: - cycles
cpu0->cpu0_DTLB TOTAL        ACCESS:   53407875 HIT:   53407229 MISS:        646 MSHR_MERGE:        143
cpu0->cpu0_DTLB LOAD         ACCESS:   53407875 HIT:   53407229 MISS:        646 MSHR_MERGE:        143
cpu0->cpu0_DTLB RFO          ACCESS:          0 HIT:          0 MISS:          0 MSHR_MERGE:          0
cpu0->cpu0_DTLB PREFETCH     ACCESS:          0 HIT:          0 MISS:          0 MSHR_MERGE:          0
cpu0->cpu0_DTLB WRITE        ACCESS:          0 HIT:          0 MISS:          0 MSHR_MERGE:          0
cpu0->cpu0_DTLB TRANSLATION  ACCESS:          0 HIT:          0 MISS:          0 MSHR_MERGE:          0
cpu0->cpu0_DTLB PREFETCH REQUESTED:          0 ISSUED:          0 USEFUL:          0 USELESS:          0
cpu0->cpu0_DTLB AVERAGE MISS LATENCY: 222.3 cycles
cpu0->LLC TOTAL        ACCESS:    2908048 HIT:     986215 MISS:    1921833 MSHR_MERGE:          0
cpu0->LLC LOAD         ACCESS:    1932363 HIT:     174783 MISS:    1757580 MSHR_MERGE:          0
cpu0->LLC RFO          ACCESS:          0 HIT:          0 MISS:          0 MSHR_MERGE:          0
cpu0->LLC PREFETCH     ACCESS:          0 HIT:          0 MISS:          0 MSHR_MERGE:          0
cpu0->LLC WRITE        ACCESS:     975603 HIT:     811350 MISS:     164253 MSHR_MERGE:          0
cpu0->LLC TRANSLATION  ACCESS:         82 HIT:         82 MISS:          0 MSHR_MERGE:          0
cpu0->LLC PREFETCH REQUESTED:          0 ISSUED:          0 USEFUL:          0 USELESS:          0
cpu0->LLC AVERAGE MISS LATENCY: 2434 cycles
cpu1->LLC TOTAL        ACCESS:    2895481 HIT:    1008965 MISS:    1886516 MSHR_MERGE:          0
cpu1->LLC LOAD         ACCESS:    1924029 HIT:     173265 MISS:    1750764 MSHR_MERGE:          0
cpu1->LLC RFO          ACCESS:          0 HIT:          0 MISS:          0 MSHR_MERGE:          0
cpu1->LLC PREFETCH     ACCESS:          0 HIT:          0 MISS:          0 MSHR_MERGE:          0
cpu1->LLC WRITE        ACCESS:     971370 HIT:     835618 MISS:     135752 MSHR_MERGE:          0
cpu1->LLC TRANSLATION  ACCESS:         82 HIT:         82 MISS:          0 MSHR_MERGE:          0
cpu1->LLC PREFETCH REQUESTED:          0 ISSUED:          0 USEFUL:          0 USELESS:          0
cpu1->LLC AVERAGE MISS LATENCY: 2480 cycles
cpu2->LLC TOTAL        ACCESS:    2912300 HIT:     991108 MISS:    1921192 MSHR_MERGE:          0
cpu2->LLC LOAD         ACCESS:    1935215 HIT:     182870 MISS:    1752345 MSHR_MERGE:          0
cpu2->LLC RFO          ACCESS:          0 HIT:          0 MISS:          0 MSHR_MERGE:          0
cpu2->LLC PREFETCH     ACCESS:          0 HIT:          0 MISS:          0 MSHR_MERGE:          0
cpu2->LLC WRITE        ACCESS:     977003 HIT:     808156 MISS:     168847 MSHR_MERGE:          0
cpu2->LLC TRANSLATION  ACCESS:         82 HIT:         82 MISS:          0 MSHR_MERGE:          0
cpu2->LLC PREFETCH REQUESTED:          0 ISSUED:          0 USEFUL:          0 USELESS:          0
cpu2->LLC AVERAGE MISS LATENCY: 2435 cycles
cpu3->LLC TOTAL        ACCESS:    2901846 HIT:    1036425 MISS:    1865421 MSHR_MERGE:          0
cpu3->LLC LOAD         ACCESS:    1928233 HIT:     182268 MISS:    1745965 MSHR_MERGE:          0
cpu3->LLC RFO          ACCESS:          0 HIT:          0 MISS:          0 MSHR_MERGE:          0
cpu3->LLC PREFETCH     ACCESS:          0 HIT:          0 MISS:          0 MSHR_MERGE:          0
cpu3->LLC WRITE        ACCESS:     973531 HIT:     854075 MISS:     119456 MSHR_MERGE:          0
cpu3->LLC TRANSLATION  ACCESS:         82 HIT:         82 MISS:          0 MSHR_MERGE:          0
cpu3->LLC PREFETCH REQUESTED:          0 ISSUED:          0 USEFUL:          0 USELESS:          0
cpu3->LLC AVERAGE MISS LATENCY: 2508 cycles
cpu4->LLC TOTAL        ACCESS:    2915677 HIT:     989094 MISS:    1926583 MSHR_MERGE:          0
cpu4->LLC LOAD         ACCESS:    1937430 HIT:     173659 MISS:    1763771 MSHR_MERGE:          0
cpu4->LLC RFO          ACCESS:          0 HIT:          0 MISS:          0 MSHR_MERGE:          0
cpu4->LLC PREFETCH     ACCESS:          0 HIT:          0 MISS:          0 MSHR_MERGE:          0
cpu4->LLC WRITE        ACCESS:     978165 HIT:     815353 MISS:     162812 MSHR_MERGE:          0
cpu4->LLC TRANSLATION  ACCESS:         82 HIT:         82 MISS:          0 MSHR_MERGE:          0
cpu4->LLC PREFETCH REQUESTED:          0 ISSUED:          0 USEFUL:          0 USELESS:          0
cpu4->LLC AVERAGE MISS LATENCY: 2428 cycles
cpu5->LLC TOTAL        ACCESS:    2900157 HIT:     999539 MISS:    1900618 MSHR_MERGE:          0
cpu5->LLC LOAD         ACCESS:    1927087 HIT:     173732 MISS:    1753355 MSHR_MERGE:          0
cpu5->LLC RFO          ACCESS:          0 HIT:          0 MISS:          0 MSHR_MERGE:          0
cpu5->LLC PREFETCH     ACCESS:          0 HIT:          0 MISS:          0 MSHR_MERGE:          0
cpu5->LLC WRITE        ACCESS:     972988 HIT:     825725 MISS:     147263 MSHR_MERGE:          0
cpu5->LLC TRANSLATION  ACCESS:         82 HIT:         82 MISS:          0 MSHR_MERGE:          0
cpu5->LLC PREFETCH REQUESTED:          0 ISSUED:          0 USEFUL:          0 USELESS:          0
cpu5->LLC AVERAGE MISS LATENCY: 2461 cycles
cpu6->LLC TOTAL        ACCESS:    2916599 HIT:     998547 MISS:    1918052 MSHR_MERGE:          0
cpu6->LLC LOAD         ACCESS:    1938033 HIT:     182901 MISS:    1755132 MSHR_MERGE:          0
cpu6->LLC RFO          ACCESS:          0 HIT:          0 MISS:          0 MSHR_MERGE:          0
cpu6->LLC PREFETCH     ACCESS:          0 HIT:          0 MISS:          0 MSHR_MERGE:          0
cpu6->LLC WRITE        ACCESS:     978484 HIT:     815564 MISS:     162920 MSHR_MERGE:          0
cpu6->LLC TRANSLATION  ACCESS:         82 HIT:         82 MISS:          0 MSHR_MERGE:          0
cpu6->LLC PREFETCH REQUESTED:          0 ISSUED:          0 USEFUL:          0 USELESS:          0
cpu6->LLC AVERAGE MISS LATENCY: 2439 cycles
cpu7->LLC TOTAL        ACCESS:    2900659 HIT:    1016534 MISS:    1884125 MSHR_MERGE:          0
cpu7->LLC LOAD         ACCESS:    1927428 HIT:     177594 MISS:    1749834 MSHR_MERGE:          0
cpu7->LLC RFO          ACCESS:          0 HIT:          0 MISS:          0 MSHR_MERGE:          0
cpu7->LLC PREFETCH     ACCESS:          0 HIT:          0 MISS:          0 MSHR_MERGE:          0
cpu7->LLC WRITE        ACCESS:     973149 HIT:     838858 MISS:     134291 MSHR_MERGE:          0
cpu7->LLC TRANSLATION  ACCESS:         82 HIT:         82 MISS:          0 MSHR_MERGE:          0
cpu7->LLC PREFETCH REQUESTED:          0 ISSUED:          0 USEFUL:          0 USELESS:          0
cpu7->LLC AVERAGE MISS LATENCY: 2483 cycles

DRAM Statistics

Channel 0 READ REQS:    7014867	WRITE REQS:    3904840
  READS:    7014867	READ_HITS:          0
  WRITES:    3904803	WRITE HITS:          0
  ACTIVATES:   10919670	PRECHARGES:   10919670
  RQ FULL:          0	WQ FULL:       3976
  WRITE DRAINS:     124227	FORCED:      69871
  MEAN WRITE IMBALANCE: 2.22261666143431
  READ OCCU PRE DRAIN: 4.472312782245406	POST DRAIN: 12.043130720374798
  MEAN BLP: 20.441771917538055	BGLP: 7.692619156866059
  READ LATENCY: 79.8859730341288
  TIME IN WRITE MODE: 20602743200

Channel 1 READ REQS:    7013879	WRITE REQS:    3904530
  READS:    7013874	READ_HITS:          0
  WRITES:    3904487	WRITE HITS:          0
  ACTIVATES:   10918366	PRECHARGES:   10918361
  RQ FULL:          0	WQ FULL:       3672
  WRITE DRAINS:     122840	FORCED:      71694
  MEAN WRITE IMBALANCE: 2.2409882774340604
  READ OCCU PRE DRAIN: 4.555551937479648	POST DRAIN: 12.415963855421687
  MEAN BLP: 20.5951481602084	BGLP: 7.7130983393031585
  READ LATENCY: 80.41585392038694
  TIME IN WRITE MODE: 20575327136
---------------------------------------
Begin Slurm Epilog: Apr-10-2025 08:41:39
Job ID:        3743229
User ID:       svittal8
Account:       gts-mqureshi4-rg
Job name:      wrap
Resources:     cpu=1,mem=4G,node=1
Rsrc Used:     cput=05:31:51,vmem=0,walltime=05:31:51,mem=608492K,energy_used=0
Partition:     cpu-small
QOS:           inferno
Nodes:         atl1-1-02-018-18-1
---------------------------------------
