[VMEM] WARNING: physical memory size is smaller than virtual memory size.

*** ChampSim Multicore Out-of-Order Simulator ***
Warmup Instructions: 25000000
Simulation Instructions: 100000000
Number of CPUs: 8
Page size: 2097152

CL :	 16.64 ns
CWL :	 15.808 ns
tRP :	 16.224 ns
tRCD :	 16.224 ns
tRAS :	 32.032000000000004 ns
tRTP :	 7.904 ns
tWR :	 30.368000000000002 ns

tCCD_S :	 3.3280000000000003 ns
tCCD_S_WR :	 3.3280000000000003 ns
tCCD_S_WTR :	 22.048000000000002 ns
tCCD_L :	 5.408 ns
tCCD_L_WR :	 20.384 ns
tCCD_L_WTR :	 29.536 ns
tRRD_S :	 3.3280000000000003 ns
tRRD_L :	 5.408 ns
tFAW :	 13.728 ns
Address mapping (perm = 1) 	ch co bg bg bg ba ba co co co co co co ro ro ro ro ro ro ro ro ro ro ro ro ro ro ro 
dram queue size: R = 64 W = 48 (low:high is 9:39)
Heartbeat CPU 3 instructions: 10000000 cycles: 2516187 heartbeat IPC: 3.974 cumulative IPC: 3.974 (Simulation time: 00 hr 10 min 51 sec)
Heartbeat CPU 0 instructions: 10000000 cycles: 2516265 heartbeat IPC: 3.974 cumulative IPC: 3.974 (Simulation time: 00 hr 10 min 51 sec)
Heartbeat CPU 1 instructions: 10000001 cycles: 2516337 heartbeat IPC: 3.974 cumulative IPC: 3.974 (Simulation time: 00 hr 10 min 51 sec)
Heartbeat CPU 2 instructions: 10000000 cycles: 2516345 heartbeat IPC: 3.974 cumulative IPC: 3.974 (Simulation time: 00 hr 10 min 51 sec)
Heartbeat CPU 5 instructions: 10000001 cycles: 2516410 heartbeat IPC: 3.974 cumulative IPC: 3.974 (Simulation time: 00 hr 10 min 51 sec)
Heartbeat CPU 4 instructions: 10000001 cycles: 2516412 heartbeat IPC: 3.974 cumulative IPC: 3.974 (Simulation time: 00 hr 10 min 51 sec)
Heartbeat CPU 7 instructions: 10000001 cycles: 2516418 heartbeat IPC: 3.974 cumulative IPC: 3.974 (Simulation time: 00 hr 10 min 51 sec)
Heartbeat CPU 6 instructions: 10000004 cycles: 2516833 heartbeat IPC: 3.973 cumulative IPC: 3.973 (Simulation time: 00 hr 10 min 51 sec)
Heartbeat CPU 2 instructions: 20000001 cycles: 5030904 heartbeat IPC: 3.977 cumulative IPC: 3.975 (Simulation time: 00 hr 21 min 52 sec)
Heartbeat CPU 3 instructions: 20000001 cycles: 5031267 heartbeat IPC: 3.976 cumulative IPC: 3.975 (Simulation time: 00 hr 21 min 53 sec)
Heartbeat CPU 4 instructions: 20000001 cycles: 5031300 heartbeat IPC: 3.976 cumulative IPC: 3.975 (Simulation time: 00 hr 21 min 53 sec)
Heartbeat CPU 0 instructions: 20000001 cycles: 5031466 heartbeat IPC: 3.976 cumulative IPC: 3.975 (Simulation time: 00 hr 21 min 53 sec)
Heartbeat CPU 5 instructions: 20000003 cycles: 5031622 heartbeat IPC: 3.976 cumulative IPC: 3.975 (Simulation time: 00 hr 21 min 53 sec)
Heartbeat CPU 7 instructions: 20000001 cycles: 5031701 heartbeat IPC: 3.976 cumulative IPC: 3.975 (Simulation time: 00 hr 21 min 53 sec)
Heartbeat CPU 1 instructions: 20000001 cycles: 5031749 heartbeat IPC: 3.975 cumulative IPC: 3.975 (Simulation time: 00 hr 21 min 53 sec)
Heartbeat CPU 6 instructions: 20000006 cycles: 5032280 heartbeat IPC: 3.975 cumulative IPC: 3.974 (Simulation time: 00 hr 21 min 53 sec)
Warmup finished CPU 2 instructions: 25000004 cycles: 6288926 cumulative IPC: 3.975 (Simulation time: 00 hr 27 min 19 sec)
Warmup finished CPU 3 instructions: 25000003 cycles: 6288966 cumulative IPC: 3.975 (Simulation time: 00 hr 27 min 19 sec)
Warmup finished CPU 4 instructions: 25000000 cycles: 6289090 cumulative IPC: 3.975 (Simulation time: 00 hr 27 min 19 sec)
Warmup finished CPU 7 instructions: 25000003 cycles: 6289173 cumulative IPC: 3.975 (Simulation time: 00 hr 27 min 19 sec)
Warmup finished CPU 0 instructions: 25000003 cycles: 6289222 cumulative IPC: 3.975 (Simulation time: 00 hr 27 min 19 sec)
Warmup finished CPU 5 instructions: 25000003 cycles: 6289289 cumulative IPC: 3.975 (Simulation time: 00 hr 27 min 19 sec)
Warmup finished CPU 1 instructions: 25000003 cycles: 6289482 cumulative IPC: 3.975 (Simulation time: 00 hr 27 min 19 sec)
Warmup finished CPU 6 instructions: 25000000 cycles: 6289702 cumulative IPC: 3.975 (Simulation time: 00 hr 27 min 20 sec)
Warmup complete CPU 7 instructions: 25002219 cycles: 6289702 cumulative IPC: 3.975 (Simulation time: 00 hr 27 min 20 sec)
Warmup complete CPU 6 instructions: 25000000 cycles: 6289702 cumulative IPC: 3.975 (Simulation time: 00 hr 27 min 20 sec)
Warmup complete CPU 5 instructions: 25001679 cycles: 6289702 cumulative IPC: 3.975 (Simulation time: 00 hr 27 min 20 sec)
Warmup complete CPU 4 instructions: 25002470 cycles: 6289702 cumulative IPC: 3.975 (Simulation time: 00 hr 27 min 20 sec)
Warmup complete CPU 3 instructions: 25002979 cycles: 6289702 cumulative IPC: 3.975 (Simulation time: 00 hr 27 min 20 sec)
Warmup complete CPU 2 instructions: 25003109 cycles: 6289702 cumulative IPC: 3.975 (Simulation time: 00 hr 27 min 20 sec)
Warmup complete CPU 1 instructions: 25000822 cycles: 6289702 cumulative IPC: 3.975 (Simulation time: 00 hr 27 min 20 sec)
Warmup complete CPU 0 instructions: 25001971 cycles: 6289702 cumulative IPC: 3.975 (Simulation time: 00 hr 27 min 20 sec)
Heartbeat CPU 2 instructions: 30000005 cycles: 14624678 heartbeat IPC: 1.042 cumulative IPC: 0.5995 (Simulation time: 00 hr 39 min 55 sec)
Heartbeat CPU 3 instructions: 30000001 cycles: 14638105 heartbeat IPC: 1.041 cumulative IPC: 0.5986 (Simulation time: 00 hr 39 min 56 sec)
Heartbeat CPU 6 instructions: 30000010 cycles: 14662170 heartbeat IPC: 1.038 cumulative IPC: 0.5972 (Simulation time: 00 hr 39 min 58 sec)
Heartbeat CPU 7 instructions: 30000001 cycles: 14671538 heartbeat IPC: 1.037 cumulative IPC: 0.5963 (Simulation time: 00 hr 39 min 59 sec)
Heartbeat CPU 4 instructions: 30000005 cycles: 14708963 heartbeat IPC: 1.033 cumulative IPC: 0.5936 (Simulation time: 00 hr 40 min 03 sec)
Heartbeat CPU 5 instructions: 30000004 cycles: 14727828 heartbeat IPC: 1.031 cumulative IPC: 0.5924 (Simulation time: 00 hr 40 min 04 sec)
Heartbeat CPU 0 instructions: 30000005 cycles: 14777813 heartbeat IPC: 1.026 cumulative IPC: 0.5888 (Simulation time: 00 hr 40 min 09 sec)
Heartbeat CPU 1 instructions: 30000001 cycles: 14810948 heartbeat IPC: 1.023 cumulative IPC: 0.5867 (Simulation time: 00 hr 40 min 12 sec)
Heartbeat CPU 2 instructions: 40000008 cycles: 31204446 heartbeat IPC: 0.6031 cumulative IPC: 0.6019 (Simulation time: 01 hr 04 min 36 sec)
Heartbeat CPU 6 instructions: 40000013 cycles: 31266680 heartbeat IPC: 0.6022 cumulative IPC: 0.6006 (Simulation time: 01 hr 04 min 42 sec)
Heartbeat CPU 5 instructions: 40000008 cycles: 31271314 heartbeat IPC: 0.6045 cumulative IPC: 0.6004 (Simulation time: 01 hr 04 min 42 sec)
Heartbeat CPU 3 instructions: 40000003 cycles: 31329681 heartbeat IPC: 0.5991 cumulative IPC: 0.5989 (Simulation time: 01 hr 04 min 47 sec)
Heartbeat CPU 7 instructions: 40000003 cycles: 31340826 heartbeat IPC: 0.5999 cumulative IPC: 0.5987 (Simulation time: 01 hr 04 min 48 sec)
Heartbeat CPU 4 instructions: 40000008 cycles: 31407833 heartbeat IPC: 0.5988 cumulative IPC: 0.5971 (Simulation time: 01 hr 04 min 54 sec)
Heartbeat CPU 0 instructions: 40000008 cycles: 31447221 heartbeat IPC: 0.5999 cumulative IPC: 0.5962 (Simulation time: 01 hr 04 min 58 sec)
Heartbeat CPU 1 instructions: 40000003 cycles: 31659288 heartbeat IPC: 0.5935 cumulative IPC: 0.5912 (Simulation time: 01 hr 05 min 17 sec)
Heartbeat CPU 2 instructions: 50000009 cycles: 47980646 heartbeat IPC: 0.5961 cumulative IPC: 0.5996 (Simulation time: 01 hr 29 min 36 sec)
Heartbeat CPU 6 instructions: 50000014 cycles: 47983872 heartbeat IPC: 0.5982 cumulative IPC: 0.5996 (Simulation time: 01 hr 29 min 36 sec)
Heartbeat CPU 5 instructions: 50000009 cycles: 47984012 heartbeat IPC: 0.5983 cumulative IPC: 0.5996 (Simulation time: 01 hr 29 min 36 sec)
Heartbeat CPU 7 instructions: 50000004 cycles: 48048201 heartbeat IPC: 0.5985 cumulative IPC: 0.5986 (Simulation time: 01 hr 29 min 42 sec)
Heartbeat CPU 4 instructions: 50000009 cycles: 48111910 heartbeat IPC: 0.5987 cumulative IPC: 0.5977 (Simulation time: 01 hr 29 min 47 sec)
Heartbeat CPU 3 instructions: 50000004 cycles: 48112593 heartbeat IPC: 0.5958 cumulative IPC: 0.5977 (Simulation time: 01 hr 29 min 47 sec)
Heartbeat CPU 0 instructions: 50000009 cycles: 48550367 heartbeat IPC: 0.5847 cumulative IPC: 0.5915 (Simulation time: 01 hr 30 min 26 sec)
Heartbeat CPU 1 instructions: 50000004 cycles: 48777822 heartbeat IPC: 0.5842 cumulative IPC: 0.5884 (Simulation time: 01 hr 30 min 46 sec)
Heartbeat CPU 5 instructions: 60000010 cycles: 64758149 heartbeat IPC: 0.5962 cumulative IPC: 0.5986 (Simulation time: 01 hr 54 min 14 sec)
Heartbeat CPU 6 instructions: 60000015 cycles: 64828395 heartbeat IPC: 0.5937 cumulative IPC: 0.5979 (Simulation time: 01 hr 54 min 20 sec)
Heartbeat CPU 2 instructions: 60000010 cycles: 64841095 heartbeat IPC: 0.5931 cumulative IPC: 0.5977 (Simulation time: 01 hr 54 min 21 sec)
Heartbeat CPU 7 instructions: 60000005 cycles: 64921675 heartbeat IPC: 0.5926 cumulative IPC: 0.5969 (Simulation time: 01 hr 54 min 29 sec)
Heartbeat CPU 4 instructions: 60000010 cycles: 65022070 heartbeat IPC: 0.5914 cumulative IPC: 0.5959 (Simulation time: 01 hr 54 min 38 sec)
Heartbeat CPU 3 instructions: 60000005 cycles: 65179144 heartbeat IPC: 0.5859 cumulative IPC: 0.5943 (Simulation time: 01 hr 54 min 52 sec)
Heartbeat CPU 0 instructions: 60000010 cycles: 65559707 heartbeat IPC: 0.5879 cumulative IPC: 0.5905 (Simulation time: 01 hr 55 min 27 sec)
Heartbeat CPU 1 instructions: 60000005 cycles: 65819585 heartbeat IPC: 0.5868 cumulative IPC: 0.5879 (Simulation time: 01 hr 55 min 51 sec)
Heartbeat CPU 5 instructions: 70000013 cycles: 81679702 heartbeat IPC: 0.591 cumulative IPC: 0.5969 (Simulation time: 02 hr 19 min 03 sec)
Heartbeat CPU 6 instructions: 70000018 cycles: 81769020 heartbeat IPC: 0.5903 cumulative IPC: 0.5962 (Simulation time: 02 hr 19 min 11 sec)
Heartbeat CPU 2 instructions: 70000013 cycles: 81770855 heartbeat IPC: 0.5907 cumulative IPC: 0.5961 (Simulation time: 02 hr 19 min 11 sec)
Heartbeat CPU 7 instructions: 70000008 cycles: 81943395 heartbeat IPC: 0.5875 cumulative IPC: 0.5948 (Simulation time: 02 hr 19 min 27 sec)
Heartbeat CPU 4 instructions: 70000013 cycles: 82034263 heartbeat IPC: 0.5878 cumulative IPC: 0.5941 (Simulation time: 02 hr 19 min 35 sec)
Heartbeat CPU 0 instructions: 70000013 cycles: 82813932 heartbeat IPC: 0.5796 cumulative IPC: 0.588 (Simulation time: 02 hr 20 min 42 sec)
Heartbeat CPU 1 instructions: 70000008 cycles: 82873628 heartbeat IPC: 0.5864 cumulative IPC: 0.5876 (Simulation time: 02 hr 20 min 48 sec)
Heartbeat CPU 3 instructions: 70000008 cycles: 83115833 heartbeat IPC: 0.5575 cumulative IPC: 0.5857 (Simulation time: 02 hr 21 min 09 sec)
Heartbeat CPU 2 instructions: 80000013 cycles: 98681243 heartbeat IPC: 0.5914 cumulative IPC: 0.5953 (Simulation time: 02 hr 43 min 53 sec)
Heartbeat CPU 5 instructions: 80000013 cycles: 98683711 heartbeat IPC: 0.5881 cumulative IPC: 0.5953 (Simulation time: 02 hr 43 min 54 sec)
Heartbeat CPU 6 instructions: 80000018 cycles: 98802922 heartbeat IPC: 0.5871 cumulative IPC: 0.5945 (Simulation time: 02 hr 44 min 04 sec)
Heartbeat CPU 7 instructions: 80000008 cycles: 98938171 heartbeat IPC: 0.5884 cumulative IPC: 0.5936 (Simulation time: 02 hr 44 min 16 sec)
Heartbeat CPU 4 instructions: 80000013 cycles: 99139918 heartbeat IPC: 0.5846 cumulative IPC: 0.5923 (Simulation time: 02 hr 44 min 33 sec)
Heartbeat CPU 1 instructions: 80000008 cycles: 100017667 heartbeat IPC: 0.5833 cumulative IPC: 0.5868 (Simulation time: 02 hr 45 min 51 sec)
Heartbeat CPU 0 instructions: 80000013 cycles: 100030202 heartbeat IPC: 0.5808 cumulative IPC: 0.5867 (Simulation time: 02 hr 45 min 52 sec)
Heartbeat CPU 3 instructions: 80000008 cycles: 100519858 heartbeat IPC: 0.5746 cumulative IPC: 0.5836 (Simulation time: 02 hr 46 min 35 sec)
Heartbeat CPU 5 instructions: 90000014 cycles: 115558204 heartbeat IPC: 0.5926 cumulative IPC: 0.5948 (Simulation time: 03 hr 08 min 38 sec)
Heartbeat CPU 2 instructions: 90000014 cycles: 115600212 heartbeat IPC: 0.5911 cumulative IPC: 0.5946 (Simulation time: 03 hr 08 min 41 sec)
Heartbeat CPU 6 instructions: 90000019 cycles: 115806381 heartbeat IPC: 0.5881 cumulative IPC: 0.5935 (Simulation time: 03 hr 08 min 59 sec)
Heartbeat CPU 4 instructions: 90000014 cycles: 115963626 heartbeat IPC: 0.5944 cumulative IPC: 0.5926 (Simulation time: 03 hr 09 min 13 sec)
Heartbeat CPU 7 instructions: 90000009 cycles: 116434313 heartbeat IPC: 0.5716 cumulative IPC: 0.5901 (Simulation time: 03 hr 09 min 54 sec)
Heartbeat CPU 0 instructions: 90000014 cycles: 117029575 heartbeat IPC: 0.5883 cumulative IPC: 0.5869 (Simulation time: 03 hr 10 min 46 sec)
Heartbeat CPU 1 instructions: 90000009 cycles: 117038173 heartbeat IPC: 0.5875 cumulative IPC: 0.5869 (Simulation time: 03 hr 10 min 46 sec)
Heartbeat CPU 3 instructions: 90000009 cycles: 118177361 heartbeat IPC: 0.5663 cumulative IPC: 0.5809 (Simulation time: 03 hr 12 min 25 sec)
Heartbeat CPU 2 instructions: 100000015 cycles: 132310339 heartbeat IPC: 0.5984 cumulative IPC: 0.5951 (Simulation time: 03 hr 32 min 47 sec)
Heartbeat CPU 5 instructions: 100000015 cycles: 132499939 heartbeat IPC: 0.5903 cumulative IPC: 0.5942 (Simulation time: 03 hr 33 min 03 sec)
Heartbeat CPU 4 instructions: 100000015 cycles: 132685320 heartbeat IPC: 0.598 cumulative IPC: 0.5934 (Simulation time: 03 hr 33 min 20 sec)
Heartbeat CPU 6 instructions: 100000020 cycles: 132700732 heartbeat IPC: 0.5919 cumulative IPC: 0.5933 (Simulation time: 03 hr 33 min 21 sec)
Heartbeat CPU 0 instructions: 100000015 cycles: 133941332 heartbeat IPC: 0.5913 cumulative IPC: 0.5875 (Simulation time: 03 hr 35 min 09 sec)
Heartbeat CPU 7 instructions: 100000009 cycles: 134018130 heartbeat IPC: 0.5687 cumulative IPC: 0.5872 (Simulation time: 03 hr 35 min 15 sec)
Heartbeat CPU 1 instructions: 100000009 cycles: 134513771 heartbeat IPC: 0.5722 cumulative IPC: 0.5849 (Simulation time: 03 hr 35 min 58 sec)
Heartbeat CPU 3 instructions: 100000009 cycles: 135360157 heartbeat IPC: 0.582 cumulative IPC: 0.5811 (Simulation time: 03 hr 37 min 12 sec)
Heartbeat CPU 2 instructions: 110000018 cycles: 149025699 heartbeat IPC: 0.5983 cumulative IPC: 0.5955 (Simulation time: 03 hr 56 min 50 sec)
Heartbeat CPU 4 instructions: 110000018 cycles: 149404269 heartbeat IPC: 0.5981 cumulative IPC: 0.5939 (Simulation time: 03 hr 57 min 23 sec)
Heartbeat CPU 5 instructions: 110000018 cycles: 149413147 heartbeat IPC: 0.5913 cumulative IPC: 0.5939 (Simulation time: 03 hr 57 min 24 sec)
Heartbeat CPU 6 instructions: 110000023 cycles: 149918355 heartbeat IPC: 0.5808 cumulative IPC: 0.5918 (Simulation time: 03 hr 58 min 07 sec)
Heartbeat CPU 0 instructions: 110000018 cycles: 150760783 heartbeat IPC: 0.5945 cumulative IPC: 0.5883 (Simulation time: 03 hr 59 min 19 sec)
Heartbeat CPU 1 instructions: 110000013 cycles: 151470895 heartbeat IPC: 0.5897 cumulative IPC: 0.5855 (Simulation time: 04 hr 00 min 21 sec)
Heartbeat CPU 7 instructions: 110000013 cycles: 151548731 heartbeat IPC: 0.5704 cumulative IPC: 0.5851 (Simulation time: 04 hr 00 min 27 sec)
Heartbeat CPU 3 instructions: 110000013 cycles: 152162530 heartbeat IPC: 0.5952 cumulative IPC: 0.5827 (Simulation time: 04 hr 01 min 20 sec)
Heartbeat CPU 2 instructions: 120000019 cycles: 165627467 heartbeat IPC: 0.6023 cumulative IPC: 0.5962 (Simulation time: 04 hr 20 min 35 sec)
Heartbeat CPU 4 instructions: 120000019 cycles: 166087091 heartbeat IPC: 0.5994 cumulative IPC: 0.5945 (Simulation time: 04 hr 21 min 13 sec)
Heartbeat CPU 5 instructions: 120000019 cycles: 166238000 heartbeat IPC: 0.5944 cumulative IPC: 0.5939 (Simulation time: 04 hr 21 min 26 sec)
Heartbeat CPU 6 instructions: 120000027 cycles: 166697963 heartbeat IPC: 0.596 cumulative IPC: 0.5922 (Simulation time: 04 hr 22 min 05 sec)
Heartbeat CPU 0 instructions: 120000022 cycles: 167489525 heartbeat IPC: 0.5978 cumulative IPC: 0.5893 (Simulation time: 04 hr 23 min 12 sec)
Heartbeat CPU 1 instructions: 120000014 cycles: 168614629 heartbeat IPC: 0.5833 cumulative IPC: 0.5852 (Simulation time: 04 hr 24 min 49 sec)
Heartbeat CPU 7 instructions: 120000014 cycles: 168743513 heartbeat IPC: 0.5816 cumulative IPC: 0.5848 (Simulation time: 04 hr 25 min 00 sec)
Heartbeat CPU 3 instructions: 120000014 cycles: 169031834 heartbeat IPC: 0.5928 cumulative IPC: 0.5837 (Simulation time: 04 hr 25 min 25 sec)
Simulation finished CPU 2 instructions: 100000000 cycles: 167643794 cumulative IPC: 0.5965 (Simulation time: 04 hr 32 min 24 sec)
Simulation finished CPU 4 instructions: 100000000 cycles: 168131546 cumulative IPC: 0.5948 (Simulation time: 04 hr 33 min 06 sec)
Simulation finished CPU 5 instructions: 100000003 cycles: 168507382 cumulative IPC: 0.5934 (Simulation time: 04 hr 33 min 39 sec)
Simulation finished CPU 6 instructions: 100000000 cycles: 168987232 cumulative IPC: 0.5918 (Simulation time: 04 hr 34 min 19 sec)
Simulation finished CPU 0 instructions: 100000002 cycles: 169571866 cumulative IPC: 0.5897 (Simulation time: 04 hr 35 min 09 sec)
Simulation finished CPU 1 instructions: 100000000 cycles: 170678591 cumulative IPC: 0.5859 (Simulation time: 04 hr 36 min 42 sec)
Simulation finished CPU 7 instructions: 100000001 cycles: 170776883 cumulative IPC: 0.5856 (Simulation time: 04 hr 36 min 51 sec)
Simulation finished CPU 3 instructions: 100000001 cycles: 171135717 cumulative IPC: 0.5843 (Simulation time: 04 hr 37 min 21 sec)
Simulation complete CPU 7 instructions: 100218659 cycles: 171135717 cumulative IPC: 0.5856 (Simulation time: 04 hr 37 min 21 sec)
Simulation complete CPU 6 instructions: 101233785 cycles: 171135717 cumulative IPC: 0.5915 (Simulation time: 04 hr 37 min 21 sec)
Simulation complete CPU 5 instructions: 101497884 cycles: 171135717 cumulative IPC: 0.5931 (Simulation time: 04 hr 37 min 21 sec)
Simulation complete CPU 4 instructions: 101784578 cycles: 171135717 cumulative IPC: 0.5948 (Simulation time: 04 hr 37 min 21 sec)
Simulation complete CPU 3 instructions: 100000001 cycles: 171135717 cumulative IPC: 0.5843 (Simulation time: 04 hr 37 min 21 sec)
Simulation complete CPU 2 instructions: 102097631 cycles: 171135717 cumulative IPC: 0.5966 (Simulation time: 04 hr 37 min 21 sec)
Simulation complete CPU 1 instructions: 100265464 cycles: 171135717 cumulative IPC: 0.5859 (Simulation time: 04 hr 37 min 21 sec)
Simulation complete CPU 0 instructions: 100930796 cycles: 171135717 cumulative IPC: 0.5898 (Simulation time: 04 hr 37 min 21 sec)

ChampSim completed all CPUs

=== Simulation ===
CPU 0 runs TRACES/ctf/spec2017/603.bwaves_s-2931B.champsimtrace.xz
CPU 1 runs TRACES/ctf/spec2017/603.bwaves_s-2931B.champsimtrace.xz
CPU 2 runs TRACES/ctf/spec2017/603.bwaves_s-2931B.champsimtrace.xz
CPU 3 runs TRACES/ctf/spec2017/603.bwaves_s-2931B.champsimtrace.xz
CPU 4 runs TRACES/ctf/spec2017/603.bwaves_s-2931B.champsimtrace.xz
CPU 5 runs TRACES/ctf/spec2017/603.bwaves_s-2931B.champsimtrace.xz
CPU 6 runs TRACES/ctf/spec2017/603.bwaves_s-2931B.champsimtrace.xz
CPU 7 runs TRACES/ctf/spec2017/603.bwaves_s-2931B.champsimtrace.xz

Total Simulation Statistics (not including warmup)

CPU 7 cumulative IPC: 0.5856 instructions: 100218659 cycles: 171135717
CPU 7 Branch Prediction Accuracy: 100% MPKI: 0 Average ROB Occupancy at Mispredict: -
Branch type MPKI
BRANCH_DIRECT_JUMP: 0
BRANCH_INDIRECT: 0
BRANCH_CONDITIONAL: 0
BRANCH_DIRECT_CALL: 0
BRANCH_INDIRECT_CALL: 0
BRANCH_RETURN: 0


CPU 6 cumulative IPC: 0.5915 instructions: 101233785 cycles: 171135717
CPU 6 Branch Prediction Accuracy: 100% MPKI: 0 Average ROB Occupancy at Mispredict: -
Branch type MPKI
BRANCH_DIRECT_JUMP: 0
BRANCH_INDIRECT: 0
BRANCH_CONDITIONAL: 0
BRANCH_DIRECT_CALL: 0
BRANCH_INDIRECT_CALL: 0
BRANCH_RETURN: 0


CPU 5 cumulative IPC: 0.5931 instructions: 101497884 cycles: 171135717
CPU 5 Branch Prediction Accuracy: 100% MPKI: 0 Average ROB Occupancy at Mispredict: -
Branch type MPKI
BRANCH_DIRECT_JUMP: 0
BRANCH_INDIRECT: 0
BRANCH_CONDITIONAL: 0
BRANCH_DIRECT_CALL: 0
BRANCH_INDIRECT_CALL: 0
BRANCH_RETURN: 0


CPU 4 cumulative IPC: 0.5948 instructions: 101784578 cycles: 171135717
CPU 4 Branch Prediction Accuracy: 100% MPKI: 0 Average ROB Occupancy at Mispredict: -
Branch type MPKI
BRANCH_DIRECT_JUMP: 0
BRANCH_INDIRECT: 0
BRANCH_CONDITIONAL: 0
BRANCH_DIRECT_CALL: 0
BRANCH_INDIRECT_CALL: 0
BRANCH_RETURN: 0


CPU 3 cumulative IPC: 0.5843 instructions: 100000001 cycles: 171135717
CPU 3 Branch Prediction Accuracy: 100% MPKI: 0 Average ROB Occupancy at Mispredict: -
Branch type MPKI
BRANCH_DIRECT_JUMP: 0
BRANCH_INDIRECT: 0
BRANCH_CONDITIONAL: 0
BRANCH_DIRECT_CALL: 0
BRANCH_INDIRECT_CALL: 0
BRANCH_RETURN: 0


CPU 2 cumulative IPC: 0.5966 instructions: 102097631 cycles: 171135717
CPU 2 Branch Prediction Accuracy: 100% MPKI: 0 Average ROB Occupancy at Mispredict: -
Branch type MPKI
BRANCH_DIRECT_JUMP: 0
BRANCH_INDIRECT: 0
BRANCH_CONDITIONAL: 0
BRANCH_DIRECT_CALL: 0
BRANCH_INDIRECT_CALL: 0
BRANCH_RETURN: 0


CPU 1 cumulative IPC: 0.5859 instructions: 100265464 cycles: 171135717
CPU 1 Branch Prediction Accuracy: 100% MPKI: 0 Average ROB Occupancy at Mispredict: -
Branch type MPKI
BRANCH_DIRECT_JUMP: 0
BRANCH_INDIRECT: 0
BRANCH_CONDITIONAL: 0
BRANCH_DIRECT_CALL: 0
BRANCH_INDIRECT_CALL: 0
BRANCH_RETURN: 0


CPU 0 cumulative IPC: 0.5898 instructions: 100930796 cycles: 171135717
CPU 0 Branch Prediction Accuracy: 100% MPKI: 0 Average ROB Occupancy at Mispredict: -
Branch type MPKI
BRANCH_DIRECT_JUMP: 0
BRANCH_INDIRECT: 0
BRANCH_CONDITIONAL: 0
BRANCH_DIRECT_CALL: 0
BRANCH_INDIRECT_CALL: 0
BRANCH_RETURN: 0

cpu7->cpu7_STLB TOTAL        ACCESS:         39 HIT:          1 MISS:         38 MSHR_MERGE:          0
cpu7->cpu7_STLB LOAD         ACCESS:         39 HIT:          1 MISS:         38 MSHR_MERGE:          0
cpu7->cpu7_STLB RFO          ACCESS:          0 HIT:          0 MISS:          0 MSHR_MERGE:          0
cpu7->cpu7_STLB PREFETCH     ACCESS:          0 HIT:          0 MISS:          0 MSHR_MERGE:          0
cpu7->cpu7_STLB WRITE        ACCESS:          0 HIT:          0 MISS:          0 MSHR_MERGE:          0
cpu7->cpu7_STLB TRANSLATION  ACCESS:          0 HIT:          0 MISS:          0 MSHR_MERGE:          0
cpu7->cpu7_STLB PREFETCH REQUESTED:          0 ISSUED:          0 USEFUL:          0 USELESS:          0
cpu7->cpu7_STLB AVERAGE MISS LATENCY: 517.8 cycles
cpu7->cpu7_L2C TOTAL        ACCESS:    2309525 HIT:     833918 MISS:    1475607 MSHR_MERGE:          0
cpu7->cpu7_L2C LOAD         ACCESS:    1040591 HIT:     161771 MISS:     878820 MSHR_MERGE:          0
cpu7->cpu7_L2C RFO          ACCESS:     630656 HIT:      33969 MISS:     596687 MSHR_MERGE:          0
cpu7->cpu7_L2C PREFETCH     ACCESS:          0 HIT:          0 MISS:          0 MSHR_MERGE:          0
cpu7->cpu7_L2C WRITE        ACCESS:     638222 HIT:     638174 MISS:         48 MSHR_MERGE:          0
cpu7->cpu7_L2C TRANSLATION  ACCESS:         56 HIT:          4 MISS:         52 MSHR_MERGE:          0
cpu7->cpu7_L2C PREFETCH REQUESTED:          0 ISSUED:          0 USEFUL:          0 USELESS:          0
cpu7->cpu7_L2C AVERAGE MISS LATENCY: 367.7 cycles
cpu7->cpu7_L1I TOTAL        ACCESS:   19594278 HIT:   19594278 MISS:          0 MSHR_MERGE:          0
cpu7->cpu7_L1I LOAD         ACCESS:   19594278 HIT:   19594278 MISS:          0 MSHR_MERGE:          0
cpu7->cpu7_L1I RFO          ACCESS:          0 HIT:          0 MISS:          0 MSHR_MERGE:          0
cpu7->cpu7_L1I PREFETCH     ACCESS:          0 HIT:          0 MISS:          0 MSHR_MERGE:          0
cpu7->cpu7_L1I WRITE        ACCESS:          0 HIT:          0 MISS:          0 MSHR_MERGE:          0
cpu7->cpu7_L1I TRANSLATION  ACCESS:          0 HIT:          0 MISS:          0 MSHR_MERGE:          0
cpu7->cpu7_L1I PREFETCH REQUESTED:          0 ISSUED:          0 USEFUL:          0 USELESS:          0
cpu7->cpu7_L1I AVERAGE MISS LATENCY: - cycles
cpu7->cpu7_L1D TOTAL        ACCESS:   33011138 HIT:   29686379 MISS:    3324759 MSHR_MERGE:    1652699
cpu7->cpu7_L1D LOAD         ACCESS:   14679400 HIT:   13635887 MISS:    1043513 MSHR_MERGE:       2917
cpu7->cpu7_L1D RFO          ACCESS:          0 HIT:          0 MISS:          0 MSHR_MERGE:          0
cpu7->cpu7_L1D PREFETCH     ACCESS:          0 HIT:          0 MISS:          0 MSHR_MERGE:          0
cpu7->cpu7_L1D WRITE        ACCESS:   18331680 HIT:   16050490 MISS:    2281190 MSHR_MERGE:    1649782
cpu7->cpu7_L1D TRANSLATION  ACCESS:         58 HIT:          2 MISS:         56 MSHR_MERGE:          0
cpu7->cpu7_L1D PREFETCH REQUESTED:          0 ISSUED:          0 USEFUL:          0 USELESS:          0
cpu7->cpu7_L1D AVERAGE MISS LATENCY: 333.5 cycles
cpu7->cpu7_ITLB TOTAL        ACCESS:   15499953 HIT:   15499953 MISS:          0 MSHR_MERGE:          0
cpu7->cpu7_ITLB LOAD         ACCESS:   15499953 HIT:   15499953 MISS:          0 MSHR_MERGE:          0
cpu7->cpu7_ITLB RFO          ACCESS:          0 HIT:          0 MISS:          0 MSHR_MERGE:          0
cpu7->cpu7_ITLB PREFETCH     ACCESS:          0 HIT:          0 MISS:          0 MSHR_MERGE:          0
cpu7->cpu7_ITLB WRITE        ACCESS:          0 HIT:          0 MISS:          0 MSHR_MERGE:          0
cpu7->cpu7_ITLB TRANSLATION  ACCESS:          0 HIT:          0 MISS:          0 MSHR_MERGE:          0
cpu7->cpu7_ITLB PREFETCH REQUESTED:          0 ISSUED:          0 USEFUL:          0 USELESS:          0
cpu7->cpu7_ITLB AVERAGE MISS LATENCY: - cycles
cpu7->cpu7_DTLB TOTAL        ACCESS:   30322526 HIT:   30322413 MISS:        113 MSHR_MERGE:         74
cpu7->cpu7_DTLB LOAD         ACCESS:   30322526 HIT:   30322413 MISS:        113 MSHR_MERGE:         74
cpu7->cpu7_DTLB RFO          ACCESS:          0 HIT:          0 MISS:          0 MSHR_MERGE:          0
cpu7->cpu7_DTLB PREFETCH     ACCESS:          0 HIT:          0 MISS:          0 MSHR_MERGE:          0
cpu7->cpu7_DTLB WRITE        ACCESS:          0 HIT:          0 MISS:          0 MSHR_MERGE:          0
cpu7->cpu7_DTLB TRANSLATION  ACCESS:          0 HIT:          0 MISS:          0 MSHR_MERGE:          0
cpu7->cpu7_DTLB PREFETCH REQUESTED:          0 ISSUED:          0 USEFUL:          0 USELESS:          0
cpu7->cpu7_DTLB AVERAGE MISS LATENCY: 510.5 cycles
cpu6->cpu6_STLB TOTAL        ACCESS:         39 HIT:          1 MISS:         38 MSHR_MERGE:          0
cpu6->cpu6_STLB LOAD         ACCESS:         39 HIT:          1 MISS:         38 MSHR_MERGE:          0
cpu6->cpu6_STLB RFO          ACCESS:          0 HIT:          0 MISS:          0 MSHR_MERGE:          0
cpu6->cpu6_STLB PREFETCH     ACCESS:          0 HIT:          0 MISS:          0 MSHR_MERGE:          0
cpu6->cpu6_STLB WRITE        ACCESS:          0 HIT:          0 MISS:          0 MSHR_MERGE:          0
cpu6->cpu6_STLB TRANSLATION  ACCESS:          0 HIT:          0 MISS:          0 MSHR_MERGE:          0
cpu6->cpu6_STLB PREFETCH REQUESTED:          0 ISSUED:          0 USEFUL:          0 USELESS:          0
cpu6->cpu6_STLB AVERAGE MISS LATENCY: 549.4 cycles
cpu6->cpu6_L2C TOTAL        ACCESS:    2334653 HIT:     842221 MISS:    1492432 MSHR_MERGE:          0
cpu6->cpu6_L2C LOAD         ACCESS:    1050062 HIT:     160457 MISS:     889605 MSHR_MERGE:          0
cpu6->cpu6_L2C RFO          ACCESS:     638450 HIT:      35722 MISS:     602728 MSHR_MERGE:          0
cpu6->cpu6_L2C PREFETCH     ACCESS:          0 HIT:          0 MISS:          0 MSHR_MERGE:          0
cpu6->cpu6_L2C WRITE        ACCESS:     646085 HIT:     646038 MISS:         47 MSHR_MERGE:          0
cpu6->cpu6_L2C TRANSLATION  ACCESS:         56 HIT:          4 MISS:         52 MSHR_MERGE:          0
cpu6->cpu6_L2C PREFETCH REQUESTED:          0 ISSUED:          0 USEFUL:          0 USELESS:          0
cpu6->cpu6_L2C AVERAGE MISS LATENCY: 355.2 cycles
cpu6->cpu6_L1I TOTAL        ACCESS:   19752591 HIT:   19752591 MISS:          0 MSHR_MERGE:          0
cpu6->cpu6_L1I LOAD         ACCESS:   19752591 HIT:   19752591 MISS:          0 MSHR_MERGE:          0
cpu6->cpu6_L1I RFO          ACCESS:          0 HIT:          0 MISS:          0 MSHR_MERGE:          0
cpu6->cpu6_L1I PREFETCH     ACCESS:          0 HIT:          0 MISS:          0 MSHR_MERGE:          0
cpu6->cpu6_L1I WRITE        ACCESS:          0 HIT:          0 MISS:          0 MSHR_MERGE:          0
cpu6->cpu6_L1I TRANSLATION  ACCESS:          0 HIT:          0 MISS:          0 MSHR_MERGE:          0
cpu6->cpu6_L1I PREFETCH REQUESTED:          0 ISSUED:          0 USEFUL:          0 USELESS:          0
cpu6->cpu6_L1I AVERAGE MISS LATENCY: - cycles
cpu6->cpu6_L1D TOTAL        ACCESS:   33420764 HIT:   30167196 MISS:    3253568 MSHR_MERGE:    1564257
cpu6->cpu6_L1D LOAD         ACCESS:   14904409 HIT:   13851282 MISS:    1053127 MSHR_MERGE:       3057
cpu6->cpu6_L1D RFO          ACCESS:          0 HIT:          0 MISS:          0 MSHR_MERGE:          0
cpu6->cpu6_L1D PREFETCH     ACCESS:          0 HIT:          0 MISS:          0 MSHR_MERGE:          0
cpu6->cpu6_L1D WRITE        ACCESS:   18516297 HIT:   16315912 MISS:    2200385 MSHR_MERGE:    1561200
cpu6->cpu6_L1D TRANSLATION  ACCESS:         58 HIT:          2 MISS:         56 MSHR_MERGE:          0
cpu6->cpu6_L1D PREFETCH REQUESTED:          0 ISSUED:          0 USEFUL:          0 USELESS:          0
cpu6->cpu6_L1D AVERAGE MISS LATENCY: 322.8 cycles
cpu6->cpu6_ITLB TOTAL        ACCESS:   15642738 HIT:   15642738 MISS:          0 MSHR_MERGE:          0
cpu6->cpu6_ITLB LOAD         ACCESS:   15642738 HIT:   15642738 MISS:          0 MSHR_MERGE:          0
cpu6->cpu6_ITLB RFO          ACCESS:          0 HIT:          0 MISS:          0 MSHR_MERGE:          0
cpu6->cpu6_ITLB PREFETCH     ACCESS:          0 HIT:          0 MISS:          0 MSHR_MERGE:          0
cpu6->cpu6_ITLB WRITE        ACCESS:          0 HIT:          0 MISS:          0 MSHR_MERGE:          0
cpu6->cpu6_ITLB TRANSLATION  ACCESS:          0 HIT:          0 MISS:          0 MSHR_MERGE:          0
cpu6->cpu6_ITLB PREFETCH REQUESTED:          0 ISSUED:          0 USEFUL:          0 USELESS:          0
cpu6->cpu6_ITLB AVERAGE MISS LATENCY: - cycles
cpu6->cpu6_DTLB TOTAL        ACCESS:   30749629 HIT:   30749527 MISS:        102 MSHR_MERGE:         63
cpu6->cpu6_DTLB LOAD         ACCESS:   30749629 HIT:   30749527 MISS:        102 MSHR_MERGE:         63
cpu6->cpu6_DTLB RFO          ACCESS:          0 HIT:          0 MISS:          0 MSHR_MERGE:          0
cpu6->cpu6_DTLB PREFETCH     ACCESS:          0 HIT:          0 MISS:          0 MSHR_MERGE:          0
cpu6->cpu6_DTLB WRITE        ACCESS:          0 HIT:          0 MISS:          0 MSHR_MERGE:          0
cpu6->cpu6_DTLB TRANSLATION  ACCESS:          0 HIT:          0 MISS:          0 MSHR_MERGE:          0
cpu6->cpu6_DTLB PREFETCH REQUESTED:          0 ISSUED:          0 USEFUL:          0 USELESS:          0
cpu6->cpu6_DTLB AVERAGE MISS LATENCY: 541.3 cycles
cpu5->cpu5_STLB TOTAL        ACCESS:         39 HIT:          1 MISS:         38 MSHR_MERGE:          0
cpu5->cpu5_STLB LOAD         ACCESS:         39 HIT:          1 MISS:         38 MSHR_MERGE:          0
cpu5->cpu5_STLB RFO          ACCESS:          0 HIT:          0 MISS:          0 MSHR_MERGE:          0
cpu5->cpu5_STLB PREFETCH     ACCESS:          0 HIT:          0 MISS:          0 MSHR_MERGE:          0
cpu5->cpu5_STLB WRITE        ACCESS:          0 HIT:          0 MISS:          0 MSHR_MERGE:          0
cpu5->cpu5_STLB TRANSLATION  ACCESS:          0 HIT:          0 MISS:          0 MSHR_MERGE:          0
cpu5->cpu5_STLB PREFETCH REQUESTED:          0 ISSUED:          0 USEFUL:          0 USELESS:          0
cpu5->cpu5_STLB AVERAGE MISS LATENCY: 634 cycles
cpu5->cpu5_L2C TOTAL        ACCESS:    2336494 HIT:     841355 MISS:    1495139 MSHR_MERGE:          0
cpu5->cpu5_L2C LOAD         ACCESS:    1052735 HIT:     161999 MISS:     890736 MSHR_MERGE:          0
cpu5->cpu5_L2C RFO          ACCESS:     638069 HIT:      33766 MISS:     604303 MSHR_MERGE:          0
cpu5->cpu5_L2C PREFETCH     ACCESS:          0 HIT:          0 MISS:          0 MSHR_MERGE:          0
cpu5->cpu5_L2C WRITE        ACCESS:     645634 HIT:     645586 MISS:         48 MSHR_MERGE:          0
cpu5->cpu5_L2C TRANSLATION  ACCESS:         56 HIT:          4 MISS:         52 MSHR_MERGE:          0
cpu5->cpu5_L2C PREFETCH REQUESTED:          0 ISSUED:          0 USEFUL:          0 USELESS:          0
cpu5->cpu5_L2C AVERAGE MISS LATENCY: 361.9 cycles
cpu5->cpu5_L1I TOTAL        ACCESS:   19812423 HIT:   19812423 MISS:          0 MSHR_MERGE:          0
cpu5->cpu5_L1I LOAD         ACCESS:   19812423 HIT:   19812423 MISS:          0 MSHR_MERGE:          0
cpu5->cpu5_L1I RFO          ACCESS:          0 HIT:          0 MISS:          0 MSHR_MERGE:          0
cpu5->cpu5_L1I PREFETCH     ACCESS:          0 HIT:          0 MISS:          0 MSHR_MERGE:          0
cpu5->cpu5_L1I WRITE        ACCESS:          0 HIT:          0 MISS:          0 MSHR_MERGE:          0
cpu5->cpu5_L1I TRANSLATION  ACCESS:          0 HIT:          0 MISS:          0 MSHR_MERGE:          0
cpu5->cpu5_L1I PREFETCH REQUESTED:          0 ISSUED:          0 USEFUL:          0 USELESS:          0
cpu5->cpu5_L1I AVERAGE MISS LATENCY: - cycles
cpu5->cpu5_L1D TOTAL        ACCESS:   33430403 HIT:   30067352 MISS:    3363051 MSHR_MERGE:    1671443
cpu5->cpu5_L1D LOAD         ACCESS:   14865245 HIT:   13809731 MISS:    1055514 MSHR_MERGE:       2770
cpu5->cpu5_L1D RFO          ACCESS:          0 HIT:          0 MISS:          0 MSHR_MERGE:          0
cpu5->cpu5_L1D PREFETCH     ACCESS:          0 HIT:          0 MISS:          0 MSHR_MERGE:          0
cpu5->cpu5_L1D WRITE        ACCESS:   18565100 HIT:   16257619 MISS:    2307481 MSHR_MERGE:    1668673
cpu5->cpu5_L1D TRANSLATION  ACCESS:         58 HIT:          2 MISS:         56 MSHR_MERGE:          0
cpu5->cpu5_L1D PREFETCH REQUESTED:          0 ISSUED:          0 USEFUL:          0 USELESS:          0
cpu5->cpu5_L1D AVERAGE MISS LATENCY: 328.9 cycles
cpu5->cpu5_ITLB TOTAL        ACCESS:   15673541 HIT:   15673541 MISS:          0 MSHR_MERGE:          0
cpu5->cpu5_ITLB LOAD         ACCESS:   15673541 HIT:   15673541 MISS:          0 MSHR_MERGE:          0
cpu5->cpu5_ITLB RFO          ACCESS:          0 HIT:          0 MISS:          0 MSHR_MERGE:          0
cpu5->cpu5_ITLB PREFETCH     ACCESS:          0 HIT:          0 MISS:          0 MSHR_MERGE:          0
cpu5->cpu5_ITLB WRITE        ACCESS:          0 HIT:          0 MISS:          0 MSHR_MERGE:          0
cpu5->cpu5_ITLB TRANSLATION  ACCESS:          0 HIT:          0 MISS:          0 MSHR_MERGE:          0
cpu5->cpu5_ITLB PREFETCH REQUESTED:          0 ISSUED:          0 USEFUL:          0 USELESS:          0
cpu5->cpu5_ITLB AVERAGE MISS LATENCY: - cycles
cpu5->cpu5_DTLB TOTAL        ACCESS:   30687681 HIT:   30687580 MISS:        101 MSHR_MERGE:         62
cpu5->cpu5_DTLB LOAD         ACCESS:   30687681 HIT:   30687580 MISS:        101 MSHR_MERGE:         62
cpu5->cpu5_DTLB RFO          ACCESS:          0 HIT:          0 MISS:          0 MSHR_MERGE:          0
cpu5->cpu5_DTLB PREFETCH     ACCESS:          0 HIT:          0 MISS:          0 MSHR_MERGE:          0
cpu5->cpu5_DTLB WRITE        ACCESS:          0 HIT:          0 MISS:          0 MSHR_MERGE:          0
cpu5->cpu5_DTLB TRANSLATION  ACCESS:          0 HIT:          0 MISS:          0 MSHR_MERGE:          0
cpu5->cpu5_DTLB PREFETCH REQUESTED:          0 ISSUED:          0 USEFUL:          0 USELESS:          0
cpu5->cpu5_DTLB AVERAGE MISS LATENCY: 623.7 cycles
cpu4->cpu4_STLB TOTAL        ACCESS:         39 HIT:          1 MISS:         38 MSHR_MERGE:          0
cpu4->cpu4_STLB LOAD         ACCESS:         39 HIT:          1 MISS:         38 MSHR_MERGE:          0
cpu4->cpu4_STLB RFO          ACCESS:          0 HIT:          0 MISS:          0 MSHR_MERGE:          0
cpu4->cpu4_STLB PREFETCH     ACCESS:          0 HIT:          0 MISS:          0 MSHR_MERGE:          0
cpu4->cpu4_STLB WRITE        ACCESS:          0 HIT:          0 MISS:          0 MSHR_MERGE:          0
cpu4->cpu4_STLB TRANSLATION  ACCESS:          0 HIT:          0 MISS:          0 MSHR_MERGE:          0
cpu4->cpu4_STLB PREFETCH REQUESTED:          0 ISSUED:          0 USEFUL:          0 USELESS:          0
cpu4->cpu4_STLB AVERAGE MISS LATENCY: 507.6 cycles
cpu4->cpu4_L2C TOTAL        ACCESS:    2342202 HIT:     841230 MISS:    1500972 MSHR_MERGE:          0
cpu4->cpu4_L2C LOAD         ACCESS:    1055379 HIT:     160518 MISS:     894861 MSHR_MERGE:          0
cpu4->cpu4_L2C RFO          ACCESS:     639595 HIT:      33586 MISS:     606009 MSHR_MERGE:          0
cpu4->cpu4_L2C PREFETCH     ACCESS:          0 HIT:          0 MISS:          0 MSHR_MERGE:          0
cpu4->cpu4_L2C WRITE        ACCESS:     647172 HIT:     647122 MISS:         50 MSHR_MERGE:          0
cpu4->cpu4_L2C TRANSLATION  ACCESS:         56 HIT:          4 MISS:         52 MSHR_MERGE:          0
cpu4->cpu4_L2C PREFETCH REQUESTED:          0 ISSUED:          0 USEFUL:          0 USELESS:          0
cpu4->cpu4_L2C AVERAGE MISS LATENCY: 364.6 cycles
cpu4->cpu4_L1I TOTAL        ACCESS:   19873329 HIT:   19873329 MISS:          0 MSHR_MERGE:          0
cpu4->cpu4_L1I LOAD         ACCESS:   19873329 HIT:   19873329 MISS:          0 MSHR_MERGE:          0
cpu4->cpu4_L1I RFO          ACCESS:          0 HIT:          0 MISS:          0 MSHR_MERGE:          0
cpu4->cpu4_L1I PREFETCH     ACCESS:          0 HIT:          0 MISS:          0 MSHR_MERGE:          0
cpu4->cpu4_L1I WRITE        ACCESS:          0 HIT:          0 MISS:          0 MSHR_MERGE:          0
cpu4->cpu4_L1I TRANSLATION  ACCESS:          0 HIT:          0 MISS:          0 MSHR_MERGE:          0
cpu4->cpu4_L1I PREFETCH REQUESTED:          0 ISSUED:          0 USEFUL:          0 USELESS:          0
cpu4->cpu4_L1I AVERAGE MISS LATENCY: - cycles
cpu4->cpu4_L1D TOTAL        ACCESS:   33528829 HIT:   30149052 MISS:    3379777 MSHR_MERGE:    1684016
cpu4->cpu4_L1D LOAD         ACCESS:   14910622 HIT:   13852362 MISS:    1058260 MSHR_MERGE:       2877
cpu4->cpu4_L1D RFO          ACCESS:          0 HIT:          0 MISS:          0 MSHR_MERGE:          0
cpu4->cpu4_L1D PREFETCH     ACCESS:          0 HIT:          0 MISS:          0 MSHR_MERGE:          0
cpu4->cpu4_L1D WRITE        ACCESS:   18618149 HIT:   16296688 MISS:    2321461 MSHR_MERGE:    1681139
cpu4->cpu4_L1D TRANSLATION  ACCESS:         58 HIT:          2 MISS:         56 MSHR_MERGE:          0
cpu4->cpu4_L1D PREFETCH REQUESTED:          0 ISSUED:          0 USEFUL:          0 USELESS:          0
cpu4->cpu4_L1D AVERAGE MISS LATENCY: 331.7 cycles
cpu4->cpu4_ITLB TOTAL        ACCESS:   15722411 HIT:   15722411 MISS:          0 MSHR_MERGE:          0
cpu4->cpu4_ITLB LOAD         ACCESS:   15722411 HIT:   15722411 MISS:          0 MSHR_MERGE:          0
cpu4->cpu4_ITLB RFO          ACCESS:          0 HIT:          0 MISS:          0 MSHR_MERGE:          0
cpu4->cpu4_ITLB PREFETCH     ACCESS:          0 HIT:          0 MISS:          0 MSHR_MERGE:          0
cpu4->cpu4_ITLB WRITE        ACCESS:          0 HIT:          0 MISS:          0 MSHR_MERGE:          0
cpu4->cpu4_ITLB TRANSLATION  ACCESS:          0 HIT:          0 MISS:          0 MSHR_MERGE:          0
cpu4->cpu4_ITLB PREFETCH REQUESTED:          0 ISSUED:          0 USEFUL:          0 USELESS:          0
cpu4->cpu4_ITLB AVERAGE MISS LATENCY: - cycles
cpu4->cpu4_DTLB TOTAL        ACCESS:   30780421 HIT:   30780320 MISS:        101 MSHR_MERGE:         62
cpu4->cpu4_DTLB LOAD         ACCESS:   30780421 HIT:   30780320 MISS:        101 MSHR_MERGE:         62
cpu4->cpu4_DTLB RFO          ACCESS:          0 HIT:          0 MISS:          0 MSHR_MERGE:          0
cpu4->cpu4_DTLB PREFETCH     ACCESS:          0 HIT:          0 MISS:          0 MSHR_MERGE:          0
cpu4->cpu4_DTLB WRITE        ACCESS:          0 HIT:          0 MISS:          0 MSHR_MERGE:          0
cpu4->cpu4_DTLB TRANSLATION  ACCESS:          0 HIT:          0 MISS:          0 MSHR_MERGE:          0
cpu4->cpu4_DTLB PREFETCH REQUESTED:          0 ISSUED:          0 USEFUL:          0 USELESS:          0
cpu4->cpu4_DTLB AVERAGE MISS LATENCY: 500.5 cycles
cpu3->cpu3_STLB TOTAL        ACCESS:         39 HIT:          1 MISS:         38 MSHR_MERGE:          0
cpu3->cpu3_STLB LOAD         ACCESS:         39 HIT:          1 MISS:         38 MSHR_MERGE:          0
cpu3->cpu3_STLB RFO          ACCESS:          0 HIT:          0 MISS:          0 MSHR_MERGE:          0
cpu3->cpu3_STLB PREFETCH     ACCESS:          0 HIT:          0 MISS:          0 MSHR_MERGE:          0
cpu3->cpu3_STLB WRITE        ACCESS:          0 HIT:          0 MISS:          0 MSHR_MERGE:          0
cpu3->cpu3_STLB TRANSLATION  ACCESS:          0 HIT:          0 MISS:          0 MSHR_MERGE:          0
cpu3->cpu3_STLB PREFETCH REQUESTED:          0 ISSUED:          0 USEFUL:          0 USELESS:          0
cpu3->cpu3_STLB AVERAGE MISS LATENCY: 537.7 cycles
cpu3->cpu3_L2C TOTAL        ACCESS:    2305023 HIT:     837052 MISS:    1467971 MSHR_MERGE:          0
cpu3->cpu3_L2C LOAD         ACCESS:    1038783 HIT:     166304 MISS:     872479 MSHR_MERGE:          0
cpu3->cpu3_L2C RFO          ACCESS:     629311 HIT:      33926 MISS:     595385 MSHR_MERGE:          0
cpu3->cpu3_L2C PREFETCH     ACCESS:          0 HIT:          0 MISS:          0 MSHR_MERGE:          0
cpu3->cpu3_L2C WRITE        ACCESS:     636873 HIT:     636818 MISS:         55 MSHR_MERGE:          0
cpu3->cpu3_L2C TRANSLATION  ACCESS:         56 HIT:          4 MISS:         52 MSHR_MERGE:          0
cpu3->cpu3_L2C PREFETCH REQUESTED:          0 ISSUED:          0 USEFUL:          0 USELESS:          0
cpu3->cpu3_L2C AVERAGE MISS LATENCY: 366.6 cycles
cpu3->cpu3_L1I TOTAL        ACCESS:   19539875 HIT:   19539875 MISS:          0 MSHR_MERGE:          0
cpu3->cpu3_L1I LOAD         ACCESS:   19539875 HIT:   19539875 MISS:          0 MSHR_MERGE:          0
cpu3->cpu3_L1I RFO          ACCESS:          0 HIT:          0 MISS:          0 MSHR_MERGE:          0
cpu3->cpu3_L1I PREFETCH     ACCESS:          0 HIT:          0 MISS:          0 MSHR_MERGE:          0
cpu3->cpu3_L1I WRITE        ACCESS:          0 HIT:          0 MISS:          0 MSHR_MERGE:          0
cpu3->cpu3_L1I TRANSLATION  ACCESS:          0 HIT:          0 MISS:          0 MSHR_MERGE:          0
cpu3->cpu3_L1I PREFETCH REQUESTED:          0 ISSUED:          0 USEFUL:          0 USELESS:          0
cpu3->cpu3_L1I AVERAGE MISS LATENCY: - cycles
cpu3->cpu3_L1D TOTAL        ACCESS:   32960869 HIT:   29657121 MISS:    3303748 MSHR_MERGE:    1634926
cpu3->cpu3_L1D LOAD         ACCESS:   14669289 HIT:   13627557 MISS:    1041732 MSHR_MERGE:       2945
cpu3->cpu3_L1D RFO          ACCESS:          0 HIT:          0 MISS:          0 MSHR_MERGE:          0
cpu3->cpu3_L1D PREFETCH     ACCESS:          0 HIT:          0 MISS:          0 MSHR_MERGE:          0
cpu3->cpu3_L1D WRITE        ACCESS:   18291522 HIT:   16029562 MISS:    2261960 MSHR_MERGE:    1631981
cpu3->cpu3_L1D TRANSLATION  ACCESS:         58 HIT:          2 MISS:         56 MSHR_MERGE:          0
cpu3->cpu3_L1D PREFETCH REQUESTED:          0 ISSUED:          0 USEFUL:          0 USELESS:          0
cpu3->cpu3_L1D AVERAGE MISS LATENCY: 331.5 cycles
cpu3->cpu3_ITLB TOTAL        ACCESS:   15474826 HIT:   15474826 MISS:          0 MSHR_MERGE:          0
cpu3->cpu3_ITLB LOAD         ACCESS:   15474826 HIT:   15474826 MISS:          0 MSHR_MERGE:          0
cpu3->cpu3_ITLB RFO          ACCESS:          0 HIT:          0 MISS:          0 MSHR_MERGE:          0
cpu3->cpu3_ITLB PREFETCH     ACCESS:          0 HIT:          0 MISS:          0 MSHR_MERGE:          0
cpu3->cpu3_ITLB WRITE        ACCESS:          0 HIT:          0 MISS:          0 MSHR_MERGE:          0
cpu3->cpu3_ITLB TRANSLATION  ACCESS:          0 HIT:          0 MISS:          0 MSHR_MERGE:          0
cpu3->cpu3_ITLB PREFETCH REQUESTED:          0 ISSUED:          0 USEFUL:          0 USELESS:          0
cpu3->cpu3_ITLB AVERAGE MISS LATENCY: - cycles
cpu3->cpu3_DTLB TOTAL        ACCESS:   30334590 HIT:   30334474 MISS:        116 MSHR_MERGE:         77
cpu3->cpu3_DTLB LOAD         ACCESS:   30334590 HIT:   30334474 MISS:        116 MSHR_MERGE:         77
cpu3->cpu3_DTLB RFO          ACCESS:          0 HIT:          0 MISS:          0 MSHR_MERGE:          0
cpu3->cpu3_DTLB PREFETCH     ACCESS:          0 HIT:          0 MISS:          0 MSHR_MERGE:          0
cpu3->cpu3_DTLB WRITE        ACCESS:          0 HIT:          0 MISS:          0 MSHR_MERGE:          0
cpu3->cpu3_DTLB TRANSLATION  ACCESS:          0 HIT:          0 MISS:          0 MSHR_MERGE:          0
cpu3->cpu3_DTLB PREFETCH REQUESTED:          0 ISSUED:          0 USEFUL:          0 USELESS:          0
cpu3->cpu3_DTLB AVERAGE MISS LATENCY: 529.8 cycles
cpu2->cpu2_STLB TOTAL        ACCESS:         39 HIT:          1 MISS:         38 MSHR_MERGE:          0
cpu2->cpu2_STLB LOAD         ACCESS:         39 HIT:          1 MISS:         38 MSHR_MERGE:          0
cpu2->cpu2_STLB RFO          ACCESS:          0 HIT:          0 MISS:          0 MSHR_MERGE:          0
cpu2->cpu2_STLB PREFETCH     ACCESS:          0 HIT:          0 MISS:          0 MSHR_MERGE:          0
cpu2->cpu2_STLB WRITE        ACCESS:          0 HIT:          0 MISS:          0 MSHR_MERGE:          0
cpu2->cpu2_STLB TRANSLATION  ACCESS:          0 HIT:          0 MISS:          0 MSHR_MERGE:          0
cpu2->cpu2_STLB PREFETCH REQUESTED:          0 ISSUED:          0 USEFUL:          0 USELESS:          0
cpu2->cpu2_STLB AVERAGE MISS LATENCY: 736.4 cycles
cpu2->cpu2_L2C TOTAL        ACCESS:    2351361 HIT:     847127 MISS:    1504234 MSHR_MERGE:          0
cpu2->cpu2_L2C LOAD         ACCESS:    1059039 HIT:     162787 MISS:     896252 MSHR_MERGE:          0
cpu2->cpu2_L2C RFO          ACCESS:     642331 HIT:      34458 MISS:     607873 MSHR_MERGE:          0
cpu2->cpu2_L2C PREFETCH     ACCESS:          0 HIT:          0 MISS:          0 MSHR_MERGE:          0
cpu2->cpu2_L2C WRITE        ACCESS:     649935 HIT:     649878 MISS:         57 MSHR_MERGE:          0
cpu2->cpu2_L2C TRANSLATION  ACCESS:         56 HIT:          4 MISS:         52 MSHR_MERGE:          0
cpu2->cpu2_L2C PREFETCH REQUESTED:          0 ISSUED:          0 USEFUL:          0 USELESS:          0
cpu2->cpu2_L2C AVERAGE MISS LATENCY: 357.4 cycles
cpu2->cpu2_L1I TOTAL        ACCESS:   19932191 HIT:   19932191 MISS:          0 MSHR_MERGE:          0
cpu2->cpu2_L1I LOAD         ACCESS:   19932191 HIT:   19932191 MISS:          0 MSHR_MERGE:          0
cpu2->cpu2_L1I RFO          ACCESS:          0 HIT:          0 MISS:          0 MSHR_MERGE:          0
cpu2->cpu2_L1I PREFETCH     ACCESS:          0 HIT:          0 MISS:          0 MSHR_MERGE:          0
cpu2->cpu2_L1I WRITE        ACCESS:          0 HIT:          0 MISS:          0 MSHR_MERGE:          0
cpu2->cpu2_L1I TRANSLATION  ACCESS:          0 HIT:          0 MISS:          0 MSHR_MERGE:          0
cpu2->cpu2_L1I PREFETCH REQUESTED:          0 ISSUED:          0 USEFUL:          0 USELESS:          0
cpu2->cpu2_L1I AVERAGE MISS LATENCY: - cycles
cpu2->cpu2_L1D TOTAL        ACCESS:   33641512 HIT:   30282887 MISS:    3358625 MSHR_MERGE:    1656474
cpu2->cpu2_L1D LOAD         ACCESS:   14966681 HIT:   13904821 MISS:    1061860 MSHR_MERGE:       2812
cpu2->cpu2_L1D RFO          ACCESS:          0 HIT:          0 MISS:          0 MSHR_MERGE:          0
cpu2->cpu2_L1D PREFETCH     ACCESS:          0 HIT:          0 MISS:          0 MSHR_MERGE:          0
cpu2->cpu2_L1D WRITE        ACCESS:   18674773 HIT:   16378064 MISS:    2296709 MSHR_MERGE:    1653662
cpu2->cpu2_L1D TRANSLATION  ACCESS:         58 HIT:          2 MISS:         56 MSHR_MERGE:          0
cpu2->cpu2_L1D PREFETCH REQUESTED:          0 ISSUED:          0 USEFUL:          0 USELESS:          0
cpu2->cpu2_L1D AVERAGE MISS LATENCY: 324.8 cycles
cpu2->cpu2_ITLB TOTAL        ACCESS:   15774877 HIT:   15774877 MISS:          0 MSHR_MERGE:          0
cpu2->cpu2_ITLB LOAD         ACCESS:   15774877 HIT:   15774877 MISS:          0 MSHR_MERGE:          0
cpu2->cpu2_ITLB RFO          ACCESS:          0 HIT:          0 MISS:          0 MSHR_MERGE:          0
cpu2->cpu2_ITLB PREFETCH     ACCESS:          0 HIT:          0 MISS:          0 MSHR_MERGE:          0
cpu2->cpu2_ITLB WRITE        ACCESS:          0 HIT:          0 MISS:          0 MSHR_MERGE:          0
cpu2->cpu2_ITLB TRANSLATION  ACCESS:          0 HIT:          0 MISS:          0 MSHR_MERGE:          0
cpu2->cpu2_ITLB PREFETCH REQUESTED:          0 ISSUED:          0 USEFUL:          0 USELESS:          0
cpu2->cpu2_ITLB AVERAGE MISS LATENCY: - cycles
cpu2->cpu2_DTLB TOTAL        ACCESS:   30881085 HIT:   30880966 MISS:        119 MSHR_MERGE:         80
cpu2->cpu2_DTLB LOAD         ACCESS:   30881085 HIT:   30880966 MISS:        119 MSHR_MERGE:         80
cpu2->cpu2_DTLB RFO          ACCESS:          0 HIT:          0 MISS:          0 MSHR_MERGE:          0
cpu2->cpu2_DTLB PREFETCH     ACCESS:          0 HIT:          0 MISS:          0 MSHR_MERGE:          0
cpu2->cpu2_DTLB WRITE        ACCESS:          0 HIT:          0 MISS:          0 MSHR_MERGE:          0
cpu2->cpu2_DTLB TRANSLATION  ACCESS:          0 HIT:          0 MISS:          0 MSHR_MERGE:          0
cpu2->cpu2_DTLB PREFETCH REQUESTED:          0 ISSUED:          0 USEFUL:          0 USELESS:          0
cpu2->cpu2_DTLB AVERAGE MISS LATENCY: 723.5 cycles
cpu1->cpu1_STLB TOTAL        ACCESS:         39 HIT:          1 MISS:         38 MSHR_MERGE:          0
cpu1->cpu1_STLB LOAD         ACCESS:         39 HIT:          1 MISS:         38 MSHR_MERGE:          0
cpu1->cpu1_STLB RFO          ACCESS:          0 HIT:          0 MISS:          0 MSHR_MERGE:          0
cpu1->cpu1_STLB PREFETCH     ACCESS:          0 HIT:          0 MISS:          0 MSHR_MERGE:          0
cpu1->cpu1_STLB WRITE        ACCESS:          0 HIT:          0 MISS:          0 MSHR_MERGE:          0
cpu1->cpu1_STLB TRANSLATION  ACCESS:          0 HIT:          0 MISS:          0 MSHR_MERGE:          0
cpu1->cpu1_STLB PREFETCH REQUESTED:          0 ISSUED:          0 USEFUL:          0 USELESS:          0
cpu1->cpu1_STLB AVERAGE MISS LATENCY: 579 cycles
cpu1->cpu1_L2C TOTAL        ACCESS:    2312184 HIT:     838761 MISS:    1473423 MSHR_MERGE:          0
cpu1->cpu1_L2C LOAD         ACCESS:    1040888 HIT:     164532 MISS:     876356 MSHR_MERGE:          0
cpu1->cpu1_L2C RFO          ACCESS:     631839 HIT:      34872 MISS:     596967 MSHR_MERGE:          0
cpu1->cpu1_L2C PREFETCH     ACCESS:          0 HIT:          0 MISS:          0 MSHR_MERGE:          0
cpu1->cpu1_L2C WRITE        ACCESS:     639401 HIT:     639353 MISS:         48 MSHR_MERGE:          0
cpu1->cpu1_L2C TRANSLATION  ACCESS:         56 HIT:          4 MISS:         52 MSHR_MERGE:          0
cpu1->cpu1_L2C PREFETCH REQUESTED:          0 ISSUED:          0 USEFUL:          0 USELESS:          0
cpu1->cpu1_L2C AVERAGE MISS LATENCY: 371.8 cycles
cpu1->cpu1_L1I TOTAL        ACCESS:   19602615 HIT:   19602615 MISS:          0 MSHR_MERGE:          0
cpu1->cpu1_L1I LOAD         ACCESS:   19602615 HIT:   19602615 MISS:          0 MSHR_MERGE:          0
cpu1->cpu1_L1I RFO          ACCESS:          0 HIT:          0 MISS:          0 MSHR_MERGE:          0
cpu1->cpu1_L1I PREFETCH     ACCESS:          0 HIT:          0 MISS:          0 MSHR_MERGE:          0
cpu1->cpu1_L1I WRITE        ACCESS:          0 HIT:          0 MISS:          0 MSHR_MERGE:          0
cpu1->cpu1_L1I TRANSLATION  ACCESS:          0 HIT:          0 MISS:          0 MSHR_MERGE:          0
cpu1->cpu1_L1I PREFETCH REQUESTED:          0 ISSUED:          0 USEFUL:          0 USELESS:          0
cpu1->cpu1_L1I AVERAGE MISS LATENCY: - cycles
cpu1->cpu1_L1D TOTAL        ACCESS:   33099137 HIT:   29834671 MISS:    3264466 MSHR_MERGE:    1590947
cpu1->cpu1_L1D LOAD         ACCESS:   14758958 HIT:   13714938 MISS:    1044020 MSHR_MERGE:       3124
cpu1->cpu1_L1D RFO          ACCESS:          0 HIT:          0 MISS:          0 MSHR_MERGE:          0
cpu1->cpu1_L1D PREFETCH     ACCESS:          0 HIT:          0 MISS:          0 MSHR_MERGE:          0
cpu1->cpu1_L1D WRITE        ACCESS:   18340121 HIT:   16119731 MISS:    2220390 MSHR_MERGE:    1587823
cpu1->cpu1_L1D TRANSLATION  ACCESS:         58 HIT:          2 MISS:         56 MSHR_MERGE:          0
cpu1->cpu1_L1D PREFETCH REQUESTED:          0 ISSUED:          0 USEFUL:          0 USELESS:          0
cpu1->cpu1_L1D AVERAGE MISS LATENCY: 336.3 cycles
cpu1->cpu1_ITLB TOTAL        ACCESS:   15536396 HIT:   15536396 MISS:          0 MSHR_MERGE:          0
cpu1->cpu1_ITLB LOAD         ACCESS:   15536396 HIT:   15536396 MISS:          0 MSHR_MERGE:          0
cpu1->cpu1_ITLB RFO          ACCESS:          0 HIT:          0 MISS:          0 MSHR_MERGE:          0
cpu1->cpu1_ITLB PREFETCH     ACCESS:          0 HIT:          0 MISS:          0 MSHR_MERGE:          0
cpu1->cpu1_ITLB WRITE        ACCESS:          0 HIT:          0 MISS:          0 MSHR_MERGE:          0
cpu1->cpu1_ITLB TRANSLATION  ACCESS:          0 HIT:          0 MISS:          0 MSHR_MERGE:          0
cpu1->cpu1_ITLB PREFETCH REQUESTED:          0 ISSUED:          0 USEFUL:          0 USELESS:          0
cpu1->cpu1_ITLB AVERAGE MISS LATENCY: - cycles
cpu1->cpu1_DTLB TOTAL        ACCESS:   30393370 HIT:   30393260 MISS:        110 MSHR_MERGE:         71
cpu1->cpu1_DTLB LOAD         ACCESS:   30393370 HIT:   30393260 MISS:        110 MSHR_MERGE:         71
cpu1->cpu1_DTLB RFO          ACCESS:          0 HIT:          0 MISS:          0 MSHR_MERGE:          0
cpu1->cpu1_DTLB PREFETCH     ACCESS:          0 HIT:          0 MISS:          0 MSHR_MERGE:          0
cpu1->cpu1_DTLB WRITE        ACCESS:          0 HIT:          0 MISS:          0 MSHR_MERGE:          0
cpu1->cpu1_DTLB TRANSLATION  ACCESS:          0 HIT:          0 MISS:          0 MSHR_MERGE:          0
cpu1->cpu1_DTLB PREFETCH REQUESTED:          0 ISSUED:          0 USEFUL:          0 USELESS:          0
cpu1->cpu1_DTLB AVERAGE MISS LATENCY: 570.2 cycles
cpu0->cpu0_STLB TOTAL        ACCESS:         39 HIT:          1 MISS:         38 MSHR_MERGE:          0
cpu0->cpu0_STLB LOAD         ACCESS:         39 HIT:          1 MISS:         38 MSHR_MERGE:          0
cpu0->cpu0_STLB RFO          ACCESS:          0 HIT:          0 MISS:          0 MSHR_MERGE:          0
cpu0->cpu0_STLB PREFETCH     ACCESS:          0 HIT:          0 MISS:          0 MSHR_MERGE:          0
cpu0->cpu0_STLB WRITE        ACCESS:          0 HIT:          0 MISS:          0 MSHR_MERGE:          0
cpu0->cpu0_STLB TRANSLATION  ACCESS:          0 HIT:          0 MISS:          0 MSHR_MERGE:          0
cpu0->cpu0_STLB PREFETCH REQUESTED:          0 ISSUED:          0 USEFUL:          0 USELESS:          0
cpu0->cpu0_STLB AVERAGE MISS LATENCY: 587.2 cycles
cpu0->cpu0_L2C TOTAL        ACCESS:    2326990 HIT:     840591 MISS:    1486399 MSHR_MERGE:          0
cpu0->cpu0_L2C LOAD         ACCESS:    1048053 HIT:     162684 MISS:     885369 MSHR_MERGE:          0
cpu0->cpu0_L2C RFO          ACCESS:     635656 HIT:      34727 MISS:     600929 MSHR_MERGE:          0
cpu0->cpu0_L2C PREFETCH     ACCESS:          0 HIT:          0 MISS:          0 MSHR_MERGE:          0
cpu0->cpu0_L2C WRITE        ACCESS:     643225 HIT:     643176 MISS:         49 MSHR_MERGE:          0
cpu0->cpu0_L2C TRANSLATION  ACCESS:         56 HIT:          4 MISS:         52 MSHR_MERGE:          0
cpu0->cpu0_L2C PREFETCH REQUESTED:          0 ISSUED:          0 USEFUL:          0 USELESS:          0
cpu0->cpu0_L2C AVERAGE MISS LATENCY: 368.2 cycles
cpu0->cpu0_L1I TOTAL        ACCESS:   19726531 HIT:   19726531 MISS:          0 MSHR_MERGE:          0
cpu0->cpu0_L1I LOAD         ACCESS:   19726531 HIT:   19726531 MISS:          0 MSHR_MERGE:          0
cpu0->cpu0_L1I RFO          ACCESS:          0 HIT:          0 MISS:          0 MSHR_MERGE:          0
cpu0->cpu0_L1I PREFETCH     ACCESS:          0 HIT:          0 MISS:          0 MSHR_MERGE:          0
cpu0->cpu0_L1I WRITE        ACCESS:          0 HIT:          0 MISS:          0 MSHR_MERGE:          0
cpu0->cpu0_L1I TRANSLATION  ACCESS:          0 HIT:          0 MISS:          0 MSHR_MERGE:          0
cpu0->cpu0_L1I PREFETCH REQUESTED:          0 ISSUED:          0 USEFUL:          0 USELESS:          0
cpu0->cpu0_L1I AVERAGE MISS LATENCY: - cycles
cpu0->cpu0_L1D TOTAL        ACCESS:   33326231 HIT:   30018606 MISS:    3307625 MSHR_MERGE:    1623204
cpu0->cpu0_L1D LOAD         ACCESS:   14864815 HIT:   13813587 MISS:    1051228 MSHR_MERGE:       3172
cpu0->cpu0_L1D RFO          ACCESS:          0 HIT:          0 MISS:          0 MSHR_MERGE:          0
cpu0->cpu0_L1D PREFETCH     ACCESS:          0 HIT:          0 MISS:          0 MSHR_MERGE:          0
cpu0->cpu0_L1D WRITE        ACCESS:   18461358 HIT:   16205017 MISS:    2256341 MSHR_MERGE:    1620032
cpu0->cpu0_L1D TRANSLATION  ACCESS:         58 HIT:          2 MISS:         56 MSHR_MERGE:          0
cpu0->cpu0_L1D PREFETCH REQUESTED:          0 ISSUED:          0 USEFUL:          0 USELESS:          0
cpu0->cpu0_L1D AVERAGE MISS LATENCY: 333.9 cycles
cpu0->cpu0_ITLB TOTAL        ACCESS:   15630281 HIT:   15630281 MISS:          0 MSHR_MERGE:          0
cpu0->cpu0_ITLB LOAD         ACCESS:   15630281 HIT:   15630281 MISS:          0 MSHR_MERGE:          0
cpu0->cpu0_ITLB RFO          ACCESS:          0 HIT:          0 MISS:          0 MSHR_MERGE:          0
cpu0->cpu0_ITLB PREFETCH     ACCESS:          0 HIT:          0 MISS:          0 MSHR_MERGE:          0
cpu0->cpu0_ITLB WRITE        ACCESS:          0 HIT:          0 MISS:          0 MSHR_MERGE:          0
cpu0->cpu0_ITLB TRANSLATION  ACCESS:          0 HIT:          0 MISS:          0 MSHR_MERGE:          0
cpu0->cpu0_ITLB PREFETCH REQUESTED:          0 ISSUED:          0 USEFUL:          0 USELESS:          0
cpu0->cpu0_ITLB AVERAGE MISS LATENCY: - cycles
cpu0->cpu0_DTLB TOTAL        ACCESS:   30661239 HIT:   30661123 MISS:        116 MSHR_MERGE:         77
cpu0->cpu0_DTLB LOAD         ACCESS:   30661239 HIT:   30661123 MISS:        116 MSHR_MERGE:         77
cpu0->cpu0_DTLB RFO          ACCESS:          0 HIT:          0 MISS:          0 MSHR_MERGE:          0
cpu0->cpu0_DTLB PREFETCH     ACCESS:          0 HIT:          0 MISS:          0 MSHR_MERGE:          0
cpu0->cpu0_DTLB WRITE        ACCESS:          0 HIT:          0 MISS:          0 MSHR_MERGE:          0
cpu0->cpu0_DTLB TRANSLATION  ACCESS:          0 HIT:          0 MISS:          0 MSHR_MERGE:          0
cpu0->cpu0_DTLB PREFETCH REQUESTED:          0 ISSUED:          0 USEFUL:          0 USELESS:          0
cpu0->cpu0_DTLB AVERAGE MISS LATENCY: 578.1 cycles
cpu0->LLC TOTAL        ACCESS:    2087354 HIT:     386445 MISS:    1700909 MSHR_MERGE:          0
cpu0->LLC LOAD         ACCESS:     885369 HIT:      52907 MISS:     832462 MSHR_MERGE:          0
cpu0->LLC RFO          ACCESS:     600929 HIT:          0 MISS:     600929 MSHR_MERGE:          0
cpu0->LLC PREFETCH     ACCESS:          0 HIT:          0 MISS:          0 MSHR_MERGE:          0
cpu0->LLC WRITE        ACCESS:     601004 HIT:     333509 MISS:     267495 MSHR_MERGE:          0
cpu0->LLC TRANSLATION  ACCESS:         52 HIT:         29 MISS:         23 MSHR_MERGE:          0
cpu0->LLC PREFETCH REQUESTED:          0 ISSUED:          0 USEFUL:          0 USELESS:          0
cpu0->LLC AVERAGE MISS LATENCY: 2447 cycles
cpu1->LLC TOTAL        ACCESS:    2070417 HIT:     383384 MISS:    1687033 MSHR_MERGE:          0
cpu1->LLC LOAD         ACCESS:     876356 HIT:      37260 MISS:     839096 MSHR_MERGE:          0
cpu1->LLC RFO          ACCESS:     596967 HIT:          0 MISS:     596967 MSHR_MERGE:          0
cpu1->LLC PREFETCH     ACCESS:          0 HIT:          0 MISS:          0 MSHR_MERGE:          0
cpu1->LLC WRITE        ACCESS:     597042 HIT:     346092 MISS:     250950 MSHR_MERGE:          0
cpu1->LLC TRANSLATION  ACCESS:         52 HIT:         32 MISS:         20 MSHR_MERGE:          0
cpu1->LLC PREFETCH REQUESTED:          0 ISSUED:          0 USEFUL:          0 USELESS:          0
cpu1->LLC AVERAGE MISS LATENCY: 2467 cycles
cpu2->LLC TOTAL        ACCESS:    2112128 HIT:     426121 MISS:    1686007 MSHR_MERGE:          0
cpu2->LLC LOAD         ACCESS:     896252 HIT:     112537 MISS:     783715 MSHR_MERGE:          0
cpu2->LLC RFO          ACCESS:     607873 HIT:          0 MISS:     607873 MSHR_MERGE:          0
cpu2->LLC PREFETCH     ACCESS:          0 HIT:          0 MISS:          0 MSHR_MERGE:          0
cpu2->LLC WRITE        ACCESS:     607951 HIT:     313567 MISS:     294384 MSHR_MERGE:          0
cpu2->LLC TRANSLATION  ACCESS:         52 HIT:         17 MISS:         35 MSHR_MERGE:          0
cpu2->LLC PREFETCH REQUESTED:          0 ISSUED:          0 USEFUL:          0 USELESS:          0
cpu2->LLC AVERAGE MISS LATENCY: 2468 cycles
cpu3->LLC TOTAL        ACCESS:    2063378 HIT:     401694 MISS:    1661684 MSHR_MERGE:          0
cpu3->LLC LOAD         ACCESS:     872479 HIT:      69990 MISS:     802489 MSHR_MERGE:          0
cpu3->LLC RFO          ACCESS:     595385 HIT:          0 MISS:     595385 MSHR_MERGE:          0
cpu3->LLC PREFETCH     ACCESS:          0 HIT:          0 MISS:          0 MSHR_MERGE:          0
cpu3->LLC WRITE        ACCESS:     595462 HIT:     331676 MISS:     263786 MSHR_MERGE:          0
cpu3->LLC TRANSLATION  ACCESS:         52 HIT:         28 MISS:         24 MSHR_MERGE:          0
cpu3->LLC PREFETCH REQUESTED:          0 ISSUED:          0 USEFUL:          0 USELESS:          0
cpu3->LLC AVERAGE MISS LATENCY: 2505 cycles
cpu4->LLC TOTAL        ACCESS:    2107001 HIT:     407400 MISS:    1699601 MSHR_MERGE:          0
cpu4->LLC LOAD         ACCESS:     894861 HIT:     113531 MISS:     781330 MSHR_MERGE:          0
cpu4->LLC RFO          ACCESS:     606009 HIT:          0 MISS:     606009 MSHR_MERGE:          0
cpu4->LLC PREFETCH     ACCESS:          0 HIT:          0 MISS:          0 MSHR_MERGE:          0
cpu4->LLC WRITE        ACCESS:     606079 HIT:     293837 MISS:     312242 MSHR_MERGE:          0
cpu4->LLC TRANSLATION  ACCESS:         52 HIT:         32 MISS:         20 MSHR_MERGE:          0
cpu4->LLC PREFETCH REQUESTED:          0 ISSUED:          0 USEFUL:          0 USELESS:          0
cpu4->LLC AVERAGE MISS LATENCY: 2449 cycles
cpu5->LLC TOTAL        ACCESS:    2099474 HIT:     427446 MISS:    1672028 MSHR_MERGE:          0
cpu5->LLC LOAD         ACCESS:     890736 HIT:     111609 MISS:     779127 MSHR_MERGE:          0
cpu5->LLC RFO          ACCESS:     604303 HIT:          0 MISS:     604303 MSHR_MERGE:          0
cpu5->LLC PREFETCH     ACCESS:          0 HIT:          0 MISS:          0 MSHR_MERGE:          0
cpu5->LLC WRITE        ACCESS:     604383 HIT:     315815 MISS:     288568 MSHR_MERGE:          0
cpu5->LLC TRANSLATION  ACCESS:         52 HIT:         22 MISS:         30 MSHR_MERGE:          0
cpu5->LLC PREFETCH REQUESTED:          0 ISSUED:          0 USEFUL:          0 USELESS:          0
cpu5->LLC AVERAGE MISS LATENCY: 2489 cycles
cpu6->LLC TOTAL        ACCESS:    2095181 HIT:     420987 MISS:    1674194 MSHR_MERGE:          0
cpu6->LLC LOAD         ACCESS:     889605 HIT:     112502 MISS:     777103 MSHR_MERGE:          0
cpu6->LLC RFO          ACCESS:     602728 HIT:          0 MISS:     602728 MSHR_MERGE:          0
cpu6->LLC PREFETCH     ACCESS:          0 HIT:          0 MISS:          0 MSHR_MERGE:          0
cpu6->LLC WRITE        ACCESS:     602796 HIT:     308453 MISS:     294343 MSHR_MERGE:          0
cpu6->LLC TRANSLATION  ACCESS:         52 HIT:         32 MISS:         20 MSHR_MERGE:          0
cpu6->LLC PREFETCH REQUESTED:          0 ISSUED:          0 USEFUL:          0 USELESS:          0
cpu6->LLC AVERAGE MISS LATENCY: 2486 cycles
cpu7->LLC TOTAL        ACCESS:    2072323 HIT:     378084 MISS:    1694239 MSHR_MERGE:          0
cpu7->LLC LOAD         ACCESS:     878820 HIT:      89657 MISS:     789163 MSHR_MERGE:          0
cpu7->LLC RFO          ACCESS:     596687 HIT:          0 MISS:     596687 MSHR_MERGE:          0
cpu7->LLC PREFETCH     ACCESS:          0 HIT:          0 MISS:          0 MSHR_MERGE:          0
cpu7->LLC WRITE        ACCESS:     596764 HIT:     288396 MISS:     308368 MSHR_MERGE:          0
cpu7->LLC TRANSLATION  ACCESS:         52 HIT:         31 MISS:         21 MSHR_MERGE:          0
cpu7->LLC PREFETCH REQUESTED:          0 ISSUED:          0 USEFUL:          0 USELESS:          0
cpu7->LLC AVERAGE MISS LATENCY: 2456 cycles

Region of Interest Statistics

CPU 7 cumulative IPC: 0.5856 instructions: 100000001 cycles: 170776883
CPU 7 Branch Prediction Accuracy: 100% MPKI: 0 Average ROB Occupancy at Mispredict: -
Branch type MPKI
BRANCH_DIRECT_JUMP: 0
BRANCH_INDIRECT: 0
BRANCH_CONDITIONAL: 0
BRANCH_DIRECT_CALL: 0
BRANCH_INDIRECT_CALL: 0
BRANCH_RETURN: 0


CPU 6 cumulative IPC: 0.5918 instructions: 100000000 cycles: 168987232
CPU 6 Branch Prediction Accuracy: 100% MPKI: 0 Average ROB Occupancy at Mispredict: -
Branch type MPKI
BRANCH_DIRECT_JUMP: 0
BRANCH_INDIRECT: 0
BRANCH_CONDITIONAL: 0
BRANCH_DIRECT_CALL: 0
BRANCH_INDIRECT_CALL: 0
BRANCH_RETURN: 0


CPU 5 cumulative IPC: 0.5934 instructions: 100000003 cycles: 168507382
CPU 5 Branch Prediction Accuracy: 100% MPKI: 0 Average ROB Occupancy at Mispredict: -
Branch type MPKI
BRANCH_DIRECT_JUMP: 0
BRANCH_INDIRECT: 0
BRANCH_CONDITIONAL: 0
BRANCH_DIRECT_CALL: 0
BRANCH_INDIRECT_CALL: 0
BRANCH_RETURN: 0


CPU 4 cumulative IPC: 0.5948 instructions: 100000000 cycles: 168131546
CPU 4 Branch Prediction Accuracy: 100% MPKI: 0 Average ROB Occupancy at Mispredict: -
Branch type MPKI
BRANCH_DIRECT_JUMP: 0
BRANCH_INDIRECT: 0
BRANCH_CONDITIONAL: 0
BRANCH_DIRECT_CALL: 0
BRANCH_INDIRECT_CALL: 0
BRANCH_RETURN: 0


CPU 3 cumulative IPC: 0.5843 instructions: 100000001 cycles: 171135717
CPU 3 Branch Prediction Accuracy: 100% MPKI: 0 Average ROB Occupancy at Mispredict: -
Branch type MPKI
BRANCH_DIRECT_JUMP: 0
BRANCH_INDIRECT: 0
BRANCH_CONDITIONAL: 0
BRANCH_DIRECT_CALL: 0
BRANCH_INDIRECT_CALL: 0
BRANCH_RETURN: 0


CPU 2 cumulative IPC: 0.5965 instructions: 100000000 cycles: 167643794
CPU 2 Branch Prediction Accuracy: 100% MPKI: 0 Average ROB Occupancy at Mispredict: -
Branch type MPKI
BRANCH_DIRECT_JUMP: 0
BRANCH_INDIRECT: 0
BRANCH_CONDITIONAL: 0
BRANCH_DIRECT_CALL: 0
BRANCH_INDIRECT_CALL: 0
BRANCH_RETURN: 0


CPU 1 cumulative IPC: 0.5859 instructions: 100000000 cycles: 170678591
CPU 1 Branch Prediction Accuracy: 100% MPKI: 0 Average ROB Occupancy at Mispredict: -
Branch type MPKI
BRANCH_DIRECT_JUMP: 0
BRANCH_INDIRECT: 0
BRANCH_CONDITIONAL: 0
BRANCH_DIRECT_CALL: 0
BRANCH_INDIRECT_CALL: 0
BRANCH_RETURN: 0


CPU 0 cumulative IPC: 0.5897 instructions: 100000002 cycles: 169571866
CPU 0 Branch Prediction Accuracy: 100% MPKI: 0 Average ROB Occupancy at Mispredict: -
Branch type MPKI
BRANCH_DIRECT_JUMP: 0
BRANCH_INDIRECT: 0
BRANCH_CONDITIONAL: 0
BRANCH_DIRECT_CALL: 0
BRANCH_INDIRECT_CALL: 0
BRANCH_RETURN: 0

cpu7->cpu7_STLB TOTAL        ACCESS:         39 HIT:          1 MISS:         38 MSHR_MERGE:          0
cpu7->cpu7_STLB LOAD         ACCESS:         39 HIT:          1 MISS:         38 MSHR_MERGE:          0
cpu7->cpu7_STLB RFO          ACCESS:          0 HIT:          0 MISS:          0 MSHR_MERGE:          0
cpu7->cpu7_STLB PREFETCH     ACCESS:          0 HIT:          0 MISS:          0 MSHR_MERGE:          0
cpu7->cpu7_STLB WRITE        ACCESS:          0 HIT:          0 MISS:          0 MSHR_MERGE:          0
cpu7->cpu7_STLB TRANSLATION  ACCESS:          0 HIT:          0 MISS:          0 MSHR_MERGE:          0
cpu7->cpu7_STLB PREFETCH REQUESTED:          0 ISSUED:          0 USEFUL:          0 USELESS:          0
cpu7->cpu7_STLB AVERAGE MISS LATENCY: 517.8 cycles
cpu7->cpu7_L2C TOTAL        ACCESS:    2309525 HIT:     833918 MISS:    1475607 MSHR_MERGE:          0
cpu7->cpu7_L2C LOAD         ACCESS:    1040591 HIT:     161771 MISS:     878820 MSHR_MERGE:          0
cpu7->cpu7_L2C RFO          ACCESS:     630656 HIT:      33969 MISS:     596687 MSHR_MERGE:          0
cpu7->cpu7_L2C PREFETCH     ACCESS:          0 HIT:          0 MISS:          0 MSHR_MERGE:          0
cpu7->cpu7_L2C WRITE        ACCESS:     638222 HIT:     638174 MISS:         48 MSHR_MERGE:          0
cpu7->cpu7_L2C TRANSLATION  ACCESS:         56 HIT:          4 MISS:         52 MSHR_MERGE:          0
cpu7->cpu7_L2C PREFETCH REQUESTED:          0 ISSUED:          0 USEFUL:          0 USELESS:          0
cpu7->cpu7_L2C AVERAGE MISS LATENCY: 367.7 cycles
cpu7->cpu7_L1I TOTAL        ACCESS:   19594278 HIT:   19594278 MISS:          0 MSHR_MERGE:          0
cpu7->cpu7_L1I LOAD         ACCESS:   19594278 HIT:   19594278 MISS:          0 MSHR_MERGE:          0
cpu7->cpu7_L1I RFO          ACCESS:          0 HIT:          0 MISS:          0 MSHR_MERGE:          0
cpu7->cpu7_L1I PREFETCH     ACCESS:          0 HIT:          0 MISS:          0 MSHR_MERGE:          0
cpu7->cpu7_L1I WRITE        ACCESS:          0 HIT:          0 MISS:          0 MSHR_MERGE:          0
cpu7->cpu7_L1I TRANSLATION  ACCESS:          0 HIT:          0 MISS:          0 MSHR_MERGE:          0
cpu7->cpu7_L1I PREFETCH REQUESTED:          0 ISSUED:          0 USEFUL:          0 USELESS:          0
cpu7->cpu7_L1I AVERAGE MISS LATENCY: - cycles
cpu7->cpu7_L1D TOTAL        ACCESS:   33011138 HIT:   29686379 MISS:    3324759 MSHR_MERGE:    1652699
cpu7->cpu7_L1D LOAD         ACCESS:   14679400 HIT:   13635887 MISS:    1043513 MSHR_MERGE:       2917
cpu7->cpu7_L1D RFO          ACCESS:          0 HIT:          0 MISS:          0 MSHR_MERGE:          0
cpu7->cpu7_L1D PREFETCH     ACCESS:          0 HIT:          0 MISS:          0 MSHR_MERGE:          0
cpu7->cpu7_L1D WRITE        ACCESS:   18331680 HIT:   16050490 MISS:    2281190 MSHR_MERGE:    1649782
cpu7->cpu7_L1D TRANSLATION  ACCESS:         58 HIT:          2 MISS:         56 MSHR_MERGE:          0
cpu7->cpu7_L1D PREFETCH REQUESTED:          0 ISSUED:          0 USEFUL:          0 USELESS:          0
cpu7->cpu7_L1D AVERAGE MISS LATENCY: 333.5 cycles
cpu7->cpu7_ITLB TOTAL        ACCESS:   15499953 HIT:   15499953 MISS:          0 MSHR_MERGE:          0
cpu7->cpu7_ITLB LOAD         ACCESS:   15499953 HIT:   15499953 MISS:          0 MSHR_MERGE:          0
cpu7->cpu7_ITLB RFO          ACCESS:          0 HIT:          0 MISS:          0 MSHR_MERGE:          0
cpu7->cpu7_ITLB PREFETCH     ACCESS:          0 HIT:          0 MISS:          0 MSHR_MERGE:          0
cpu7->cpu7_ITLB WRITE        ACCESS:          0 HIT:          0 MISS:          0 MSHR_MERGE:          0
cpu7->cpu7_ITLB TRANSLATION  ACCESS:          0 HIT:          0 MISS:          0 MSHR_MERGE:          0
cpu7->cpu7_ITLB PREFETCH REQUESTED:          0 ISSUED:          0 USEFUL:          0 USELESS:          0
cpu7->cpu7_ITLB AVERAGE MISS LATENCY: - cycles
cpu7->cpu7_DTLB TOTAL        ACCESS:   30322526 HIT:   30322413 MISS:        113 MSHR_MERGE:         74
cpu7->cpu7_DTLB LOAD         ACCESS:   30322526 HIT:   30322413 MISS:        113 MSHR_MERGE:         74
cpu7->cpu7_DTLB RFO          ACCESS:          0 HIT:          0 MISS:          0 MSHR_MERGE:          0
cpu7->cpu7_DTLB PREFETCH     ACCESS:          0 HIT:          0 MISS:          0 MSHR_MERGE:          0
cpu7->cpu7_DTLB WRITE        ACCESS:          0 HIT:          0 MISS:          0 MSHR_MERGE:          0
cpu7->cpu7_DTLB TRANSLATION  ACCESS:          0 HIT:          0 MISS:          0 MSHR_MERGE:          0
cpu7->cpu7_DTLB PREFETCH REQUESTED:          0 ISSUED:          0 USEFUL:          0 USELESS:          0
cpu7->cpu7_DTLB AVERAGE MISS LATENCY: 510.5 cycles
cpu6->cpu6_STLB TOTAL        ACCESS:         39 HIT:          1 MISS:         38 MSHR_MERGE:          0
cpu6->cpu6_STLB LOAD         ACCESS:         39 HIT:          1 MISS:         38 MSHR_MERGE:          0
cpu6->cpu6_STLB RFO          ACCESS:          0 HIT:          0 MISS:          0 MSHR_MERGE:          0
cpu6->cpu6_STLB PREFETCH     ACCESS:          0 HIT:          0 MISS:          0 MSHR_MERGE:          0
cpu6->cpu6_STLB WRITE        ACCESS:          0 HIT:          0 MISS:          0 MSHR_MERGE:          0
cpu6->cpu6_STLB TRANSLATION  ACCESS:          0 HIT:          0 MISS:          0 MSHR_MERGE:          0
cpu6->cpu6_STLB PREFETCH REQUESTED:          0 ISSUED:          0 USEFUL:          0 USELESS:          0
cpu6->cpu6_STLB AVERAGE MISS LATENCY: 549.4 cycles
cpu6->cpu6_L2C TOTAL        ACCESS:    2334653 HIT:     842221 MISS:    1492432 MSHR_MERGE:          0
cpu6->cpu6_L2C LOAD         ACCESS:    1050062 HIT:     160457 MISS:     889605 MSHR_MERGE:          0
cpu6->cpu6_L2C RFO          ACCESS:     638450 HIT:      35722 MISS:     602728 MSHR_MERGE:          0
cpu6->cpu6_L2C PREFETCH     ACCESS:          0 HIT:          0 MISS:          0 MSHR_MERGE:          0
cpu6->cpu6_L2C WRITE        ACCESS:     646085 HIT:     646038 MISS:         47 MSHR_MERGE:          0
cpu6->cpu6_L2C TRANSLATION  ACCESS:         56 HIT:          4 MISS:         52 MSHR_MERGE:          0
cpu6->cpu6_L2C PREFETCH REQUESTED:          0 ISSUED:          0 USEFUL:          0 USELESS:          0
cpu6->cpu6_L2C AVERAGE MISS LATENCY: 355.2 cycles
cpu6->cpu6_L1I TOTAL        ACCESS:   19752591 HIT:   19752591 MISS:          0 MSHR_MERGE:          0
cpu6->cpu6_L1I LOAD         ACCESS:   19752591 HIT:   19752591 MISS:          0 MSHR_MERGE:          0
cpu6->cpu6_L1I RFO          ACCESS:          0 HIT:          0 MISS:          0 MSHR_MERGE:          0
cpu6->cpu6_L1I PREFETCH     ACCESS:          0 HIT:          0 MISS:          0 MSHR_MERGE:          0
cpu6->cpu6_L1I WRITE        ACCESS:          0 HIT:          0 MISS:          0 MSHR_MERGE:          0
cpu6->cpu6_L1I TRANSLATION  ACCESS:          0 HIT:          0 MISS:          0 MSHR_MERGE:          0
cpu6->cpu6_L1I PREFETCH REQUESTED:          0 ISSUED:          0 USEFUL:          0 USELESS:          0
cpu6->cpu6_L1I AVERAGE MISS LATENCY: - cycles
cpu6->cpu6_L1D TOTAL        ACCESS:   33420764 HIT:   30167196 MISS:    3253568 MSHR_MERGE:    1564257
cpu6->cpu6_L1D LOAD         ACCESS:   14904409 HIT:   13851282 MISS:    1053127 MSHR_MERGE:       3057
cpu6->cpu6_L1D RFO          ACCESS:          0 HIT:          0 MISS:          0 MSHR_MERGE:          0
cpu6->cpu6_L1D PREFETCH     ACCESS:          0 HIT:          0 MISS:          0 MSHR_MERGE:          0
cpu6->cpu6_L1D WRITE        ACCESS:   18516297 HIT:   16315912 MISS:    2200385 MSHR_MERGE:    1561200
cpu6->cpu6_L1D TRANSLATION  ACCESS:         58 HIT:          2 MISS:         56 MSHR_MERGE:          0
cpu6->cpu6_L1D PREFETCH REQUESTED:          0 ISSUED:          0 USEFUL:          0 USELESS:          0
cpu6->cpu6_L1D AVERAGE MISS LATENCY: 322.8 cycles
cpu6->cpu6_ITLB TOTAL        ACCESS:   15642738 HIT:   15642738 MISS:          0 MSHR_MERGE:          0
cpu6->cpu6_ITLB LOAD         ACCESS:   15642738 HIT:   15642738 MISS:          0 MSHR_MERGE:          0
cpu6->cpu6_ITLB RFO          ACCESS:          0 HIT:          0 MISS:          0 MSHR_MERGE:          0
cpu6->cpu6_ITLB PREFETCH     ACCESS:          0 HIT:          0 MISS:          0 MSHR_MERGE:          0
cpu6->cpu6_ITLB WRITE        ACCESS:          0 HIT:          0 MISS:          0 MSHR_MERGE:          0
cpu6->cpu6_ITLB TRANSLATION  ACCESS:          0 HIT:          0 MISS:          0 MSHR_MERGE:          0
cpu6->cpu6_ITLB PREFETCH REQUESTED:          0 ISSUED:          0 USEFUL:          0 USELESS:          0
cpu6->cpu6_ITLB AVERAGE MISS LATENCY: - cycles
cpu6->cpu6_DTLB TOTAL        ACCESS:   30749629 HIT:   30749527 MISS:        102 MSHR_MERGE:         63
cpu6->cpu6_DTLB LOAD         ACCESS:   30749629 HIT:   30749527 MISS:        102 MSHR_MERGE:         63
cpu6->cpu6_DTLB RFO          ACCESS:          0 HIT:          0 MISS:          0 MSHR_MERGE:          0
cpu6->cpu6_DTLB PREFETCH     ACCESS:          0 HIT:          0 MISS:          0 MSHR_MERGE:          0
cpu6->cpu6_DTLB WRITE        ACCESS:          0 HIT:          0 MISS:          0 MSHR_MERGE:          0
cpu6->cpu6_DTLB TRANSLATION  ACCESS:          0 HIT:          0 MISS:          0 MSHR_MERGE:          0
cpu6->cpu6_DTLB PREFETCH REQUESTED:          0 ISSUED:          0 USEFUL:          0 USELESS:          0
cpu6->cpu6_DTLB AVERAGE MISS LATENCY: 541.3 cycles
cpu5->cpu5_STLB TOTAL        ACCESS:         39 HIT:          1 MISS:         38 MSHR_MERGE:          0
cpu5->cpu5_STLB LOAD         ACCESS:         39 HIT:          1 MISS:         38 MSHR_MERGE:          0
cpu5->cpu5_STLB RFO          ACCESS:          0 HIT:          0 MISS:          0 MSHR_MERGE:          0
cpu5->cpu5_STLB PREFETCH     ACCESS:          0 HIT:          0 MISS:          0 MSHR_MERGE:          0
cpu5->cpu5_STLB WRITE        ACCESS:          0 HIT:          0 MISS:          0 MSHR_MERGE:          0
cpu5->cpu5_STLB TRANSLATION  ACCESS:          0 HIT:          0 MISS:          0 MSHR_MERGE:          0
cpu5->cpu5_STLB PREFETCH REQUESTED:          0 ISSUED:          0 USEFUL:          0 USELESS:          0
cpu5->cpu5_STLB AVERAGE MISS LATENCY: 634 cycles
cpu5->cpu5_L2C TOTAL        ACCESS:    2336494 HIT:     841355 MISS:    1495139 MSHR_MERGE:          0
cpu5->cpu5_L2C LOAD         ACCESS:    1052735 HIT:     161999 MISS:     890736 MSHR_MERGE:          0
cpu5->cpu5_L2C RFO          ACCESS:     638069 HIT:      33766 MISS:     604303 MSHR_MERGE:          0
cpu5->cpu5_L2C PREFETCH     ACCESS:          0 HIT:          0 MISS:          0 MSHR_MERGE:          0
cpu5->cpu5_L2C WRITE        ACCESS:     645634 HIT:     645586 MISS:         48 MSHR_MERGE:          0
cpu5->cpu5_L2C TRANSLATION  ACCESS:         56 HIT:          4 MISS:         52 MSHR_MERGE:          0
cpu5->cpu5_L2C PREFETCH REQUESTED:          0 ISSUED:          0 USEFUL:          0 USELESS:          0
cpu5->cpu5_L2C AVERAGE MISS LATENCY: 361.9 cycles
cpu5->cpu5_L1I TOTAL        ACCESS:   19812423 HIT:   19812423 MISS:          0 MSHR_MERGE:          0
cpu5->cpu5_L1I LOAD         ACCESS:   19812423 HIT:   19812423 MISS:          0 MSHR_MERGE:          0
cpu5->cpu5_L1I RFO          ACCESS:          0 HIT:          0 MISS:          0 MSHR_MERGE:          0
cpu5->cpu5_L1I PREFETCH     ACCESS:          0 HIT:          0 MISS:          0 MSHR_MERGE:          0
cpu5->cpu5_L1I WRITE        ACCESS:          0 HIT:          0 MISS:          0 MSHR_MERGE:          0
cpu5->cpu5_L1I TRANSLATION  ACCESS:          0 HIT:          0 MISS:          0 MSHR_MERGE:          0
cpu5->cpu5_L1I PREFETCH REQUESTED:          0 ISSUED:          0 USEFUL:          0 USELESS:          0
cpu5->cpu5_L1I AVERAGE MISS LATENCY: - cycles
cpu5->cpu5_L1D TOTAL        ACCESS:   33430403 HIT:   30067352 MISS:    3363051 MSHR_MERGE:    1671443
cpu5->cpu5_L1D LOAD         ACCESS:   14865245 HIT:   13809731 MISS:    1055514 MSHR_MERGE:       2770
cpu5->cpu5_L1D RFO          ACCESS:          0 HIT:          0 MISS:          0 MSHR_MERGE:          0
cpu5->cpu5_L1D PREFETCH     ACCESS:          0 HIT:          0 MISS:          0 MSHR_MERGE:          0
cpu5->cpu5_L1D WRITE        ACCESS:   18565100 HIT:   16257619 MISS:    2307481 MSHR_MERGE:    1668673
cpu5->cpu5_L1D TRANSLATION  ACCESS:         58 HIT:          2 MISS:         56 MSHR_MERGE:          0
cpu5->cpu5_L1D PREFETCH REQUESTED:          0 ISSUED:          0 USEFUL:          0 USELESS:          0
cpu5->cpu5_L1D AVERAGE MISS LATENCY: 328.9 cycles
cpu5->cpu5_ITLB TOTAL        ACCESS:   15673541 HIT:   15673541 MISS:          0 MSHR_MERGE:          0
cpu5->cpu5_ITLB LOAD         ACCESS:   15673541 HIT:   15673541 MISS:          0 MSHR_MERGE:          0
cpu5->cpu5_ITLB RFO          ACCESS:          0 HIT:          0 MISS:          0 MSHR_MERGE:          0
cpu5->cpu5_ITLB PREFETCH     ACCESS:          0 HIT:          0 MISS:          0 MSHR_MERGE:          0
cpu5->cpu5_ITLB WRITE        ACCESS:          0 HIT:          0 MISS:          0 MSHR_MERGE:          0
cpu5->cpu5_ITLB TRANSLATION  ACCESS:          0 HIT:          0 MISS:          0 MSHR_MERGE:          0
cpu5->cpu5_ITLB PREFETCH REQUESTED:          0 ISSUED:          0 USEFUL:          0 USELESS:          0
cpu5->cpu5_ITLB AVERAGE MISS LATENCY: - cycles
cpu5->cpu5_DTLB TOTAL        ACCESS:   30687681 HIT:   30687580 MISS:        101 MSHR_MERGE:         62
cpu5->cpu5_DTLB LOAD         ACCESS:   30687681 HIT:   30687580 MISS:        101 MSHR_MERGE:         62
cpu5->cpu5_DTLB RFO          ACCESS:          0 HIT:          0 MISS:          0 MSHR_MERGE:          0
cpu5->cpu5_DTLB PREFETCH     ACCESS:          0 HIT:          0 MISS:          0 MSHR_MERGE:          0
cpu5->cpu5_DTLB WRITE        ACCESS:          0 HIT:          0 MISS:          0 MSHR_MERGE:          0
cpu5->cpu5_DTLB TRANSLATION  ACCESS:          0 HIT:          0 MISS:          0 MSHR_MERGE:          0
cpu5->cpu5_DTLB PREFETCH REQUESTED:          0 ISSUED:          0 USEFUL:          0 USELESS:          0
cpu5->cpu5_DTLB AVERAGE MISS LATENCY: 623.7 cycles
cpu4->cpu4_STLB TOTAL        ACCESS:         39 HIT:          1 MISS:         38 MSHR_MERGE:          0
cpu4->cpu4_STLB LOAD         ACCESS:         39 HIT:          1 MISS:         38 MSHR_MERGE:          0
cpu4->cpu4_STLB RFO          ACCESS:          0 HIT:          0 MISS:          0 MSHR_MERGE:          0
cpu4->cpu4_STLB PREFETCH     ACCESS:          0 HIT:          0 MISS:          0 MSHR_MERGE:          0
cpu4->cpu4_STLB WRITE        ACCESS:          0 HIT:          0 MISS:          0 MSHR_MERGE:          0
cpu4->cpu4_STLB TRANSLATION  ACCESS:          0 HIT:          0 MISS:          0 MSHR_MERGE:          0
cpu4->cpu4_STLB PREFETCH REQUESTED:          0 ISSUED:          0 USEFUL:          0 USELESS:          0
cpu4->cpu4_STLB AVERAGE MISS LATENCY: 507.6 cycles
cpu4->cpu4_L2C TOTAL        ACCESS:    2342202 HIT:     841230 MISS:    1500972 MSHR_MERGE:          0
cpu4->cpu4_L2C LOAD         ACCESS:    1055379 HIT:     160518 MISS:     894861 MSHR_MERGE:          0
cpu4->cpu4_L2C RFO          ACCESS:     639595 HIT:      33586 MISS:     606009 MSHR_MERGE:          0
cpu4->cpu4_L2C PREFETCH     ACCESS:          0 HIT:          0 MISS:          0 MSHR_MERGE:          0
cpu4->cpu4_L2C WRITE        ACCESS:     647172 HIT:     647122 MISS:         50 MSHR_MERGE:          0
cpu4->cpu4_L2C TRANSLATION  ACCESS:         56 HIT:          4 MISS:         52 MSHR_MERGE:          0
cpu4->cpu4_L2C PREFETCH REQUESTED:          0 ISSUED:          0 USEFUL:          0 USELESS:          0
cpu4->cpu4_L2C AVERAGE MISS LATENCY: 364.6 cycles
cpu4->cpu4_L1I TOTAL        ACCESS:   19873329 HIT:   19873329 MISS:          0 MSHR_MERGE:          0
cpu4->cpu4_L1I LOAD         ACCESS:   19873329 HIT:   19873329 MISS:          0 MSHR_MERGE:          0
cpu4->cpu4_L1I RFO          ACCESS:          0 HIT:          0 MISS:          0 MSHR_MERGE:          0
cpu4->cpu4_L1I PREFETCH     ACCESS:          0 HIT:          0 MISS:          0 MSHR_MERGE:          0
cpu4->cpu4_L1I WRITE        ACCESS:          0 HIT:          0 MISS:          0 MSHR_MERGE:          0
cpu4->cpu4_L1I TRANSLATION  ACCESS:          0 HIT:          0 MISS:          0 MSHR_MERGE:          0
cpu4->cpu4_L1I PREFETCH REQUESTED:          0 ISSUED:          0 USEFUL:          0 USELESS:          0
cpu4->cpu4_L1I AVERAGE MISS LATENCY: - cycles
cpu4->cpu4_L1D TOTAL        ACCESS:   33528829 HIT:   30149052 MISS:    3379777 MSHR_MERGE:    1684016
cpu4->cpu4_L1D LOAD         ACCESS:   14910622 HIT:   13852362 MISS:    1058260 MSHR_MERGE:       2877
cpu4->cpu4_L1D RFO          ACCESS:          0 HIT:          0 MISS:          0 MSHR_MERGE:          0
cpu4->cpu4_L1D PREFETCH     ACCESS:          0 HIT:          0 MISS:          0 MSHR_MERGE:          0
cpu4->cpu4_L1D WRITE        ACCESS:   18618149 HIT:   16296688 MISS:    2321461 MSHR_MERGE:    1681139
cpu4->cpu4_L1D TRANSLATION  ACCESS:         58 HIT:          2 MISS:         56 MSHR_MERGE:          0
cpu4->cpu4_L1D PREFETCH REQUESTED:          0 ISSUED:          0 USEFUL:          0 USELESS:          0
cpu4->cpu4_L1D AVERAGE MISS LATENCY: 331.7 cycles
cpu4->cpu4_ITLB TOTAL        ACCESS:   15722411 HIT:   15722411 MISS:          0 MSHR_MERGE:          0
cpu4->cpu4_ITLB LOAD         ACCESS:   15722411 HIT:   15722411 MISS:          0 MSHR_MERGE:          0
cpu4->cpu4_ITLB RFO          ACCESS:          0 HIT:          0 MISS:          0 MSHR_MERGE:          0
cpu4->cpu4_ITLB PREFETCH     ACCESS:          0 HIT:          0 MISS:          0 MSHR_MERGE:          0
cpu4->cpu4_ITLB WRITE        ACCESS:          0 HIT:          0 MISS:          0 MSHR_MERGE:          0
cpu4->cpu4_ITLB TRANSLATION  ACCESS:          0 HIT:          0 MISS:          0 MSHR_MERGE:          0
cpu4->cpu4_ITLB PREFETCH REQUESTED:          0 ISSUED:          0 USEFUL:          0 USELESS:          0
cpu4->cpu4_ITLB AVERAGE MISS LATENCY: - cycles
cpu4->cpu4_DTLB TOTAL        ACCESS:   30780421 HIT:   30780320 MISS:        101 MSHR_MERGE:         62
cpu4->cpu4_DTLB LOAD         ACCESS:   30780421 HIT:   30780320 MISS:        101 MSHR_MERGE:         62
cpu4->cpu4_DTLB RFO          ACCESS:          0 HIT:          0 MISS:          0 MSHR_MERGE:          0
cpu4->cpu4_DTLB PREFETCH     ACCESS:          0 HIT:          0 MISS:          0 MSHR_MERGE:          0
cpu4->cpu4_DTLB WRITE        ACCESS:          0 HIT:          0 MISS:          0 MSHR_MERGE:          0
cpu4->cpu4_DTLB TRANSLATION  ACCESS:          0 HIT:          0 MISS:          0 MSHR_MERGE:          0
cpu4->cpu4_DTLB PREFETCH REQUESTED:          0 ISSUED:          0 USEFUL:          0 USELESS:          0
cpu4->cpu4_DTLB AVERAGE MISS LATENCY: 500.5 cycles
cpu3->cpu3_STLB TOTAL        ACCESS:         39 HIT:          1 MISS:         38 MSHR_MERGE:          0
cpu3->cpu3_STLB LOAD         ACCESS:         39 HIT:          1 MISS:         38 MSHR_MERGE:          0
cpu3->cpu3_STLB RFO          ACCESS:          0 HIT:          0 MISS:          0 MSHR_MERGE:          0
cpu3->cpu3_STLB PREFETCH     ACCESS:          0 HIT:          0 MISS:          0 MSHR_MERGE:          0
cpu3->cpu3_STLB WRITE        ACCESS:          0 HIT:          0 MISS:          0 MSHR_MERGE:          0
cpu3->cpu3_STLB TRANSLATION  ACCESS:          0 HIT:          0 MISS:          0 MSHR_MERGE:          0
cpu3->cpu3_STLB PREFETCH REQUESTED:          0 ISSUED:          0 USEFUL:          0 USELESS:          0
cpu3->cpu3_STLB AVERAGE MISS LATENCY: 537.7 cycles
cpu3->cpu3_L2C TOTAL        ACCESS:    2305023 HIT:     837052 MISS:    1467971 MSHR_MERGE:          0
cpu3->cpu3_L2C LOAD         ACCESS:    1038783 HIT:     166304 MISS:     872479 MSHR_MERGE:          0
cpu3->cpu3_L2C RFO          ACCESS:     629311 HIT:      33926 MISS:     595385 MSHR_MERGE:          0
cpu3->cpu3_L2C PREFETCH     ACCESS:          0 HIT:          0 MISS:          0 MSHR_MERGE:          0
cpu3->cpu3_L2C WRITE        ACCESS:     636873 HIT:     636818 MISS:         55 MSHR_MERGE:          0
cpu3->cpu3_L2C TRANSLATION  ACCESS:         56 HIT:          4 MISS:         52 MSHR_MERGE:          0
cpu3->cpu3_L2C PREFETCH REQUESTED:          0 ISSUED:          0 USEFUL:          0 USELESS:          0
cpu3->cpu3_L2C AVERAGE MISS LATENCY: 366.6 cycles
cpu3->cpu3_L1I TOTAL        ACCESS:   19539875 HIT:   19539875 MISS:          0 MSHR_MERGE:          0
cpu3->cpu3_L1I LOAD         ACCESS:   19539875 HIT:   19539875 MISS:          0 MSHR_MERGE:          0
cpu3->cpu3_L1I RFO          ACCESS:          0 HIT:          0 MISS:          0 MSHR_MERGE:          0
cpu3->cpu3_L1I PREFETCH     ACCESS:          0 HIT:          0 MISS:          0 MSHR_MERGE:          0
cpu3->cpu3_L1I WRITE        ACCESS:          0 HIT:          0 MISS:          0 MSHR_MERGE:          0
cpu3->cpu3_L1I TRANSLATION  ACCESS:          0 HIT:          0 MISS:          0 MSHR_MERGE:          0
cpu3->cpu3_L1I PREFETCH REQUESTED:          0 ISSUED:          0 USEFUL:          0 USELESS:          0
cpu3->cpu3_L1I AVERAGE MISS LATENCY: - cycles
cpu3->cpu3_L1D TOTAL        ACCESS:   32960869 HIT:   29657121 MISS:    3303748 MSHR_MERGE:    1634926
cpu3->cpu3_L1D LOAD         ACCESS:   14669289 HIT:   13627557 MISS:    1041732 MSHR_MERGE:       2945
cpu3->cpu3_L1D RFO          ACCESS:          0 HIT:          0 MISS:          0 MSHR_MERGE:          0
cpu3->cpu3_L1D PREFETCH     ACCESS:          0 HIT:          0 MISS:          0 MSHR_MERGE:          0
cpu3->cpu3_L1D WRITE        ACCESS:   18291522 HIT:   16029562 MISS:    2261960 MSHR_MERGE:    1631981
cpu3->cpu3_L1D TRANSLATION  ACCESS:         58 HIT:          2 MISS:         56 MSHR_MERGE:          0
cpu3->cpu3_L1D PREFETCH REQUESTED:          0 ISSUED:          0 USEFUL:          0 USELESS:          0
cpu3->cpu3_L1D AVERAGE MISS LATENCY: 331.5 cycles
cpu3->cpu3_ITLB TOTAL        ACCESS:   15474826 HIT:   15474826 MISS:          0 MSHR_MERGE:          0
cpu3->cpu3_ITLB LOAD         ACCESS:   15474826 HIT:   15474826 MISS:          0 MSHR_MERGE:          0
cpu3->cpu3_ITLB RFO          ACCESS:          0 HIT:          0 MISS:          0 MSHR_MERGE:          0
cpu3->cpu3_ITLB PREFETCH     ACCESS:          0 HIT:          0 MISS:          0 MSHR_MERGE:          0
cpu3->cpu3_ITLB WRITE        ACCESS:          0 HIT:          0 MISS:          0 MSHR_MERGE:          0
cpu3->cpu3_ITLB TRANSLATION  ACCESS:          0 HIT:          0 MISS:          0 MSHR_MERGE:          0
cpu3->cpu3_ITLB PREFETCH REQUESTED:          0 ISSUED:          0 USEFUL:          0 USELESS:          0
cpu3->cpu3_ITLB AVERAGE MISS LATENCY: - cycles
cpu3->cpu3_DTLB TOTAL        ACCESS:   30334590 HIT:   30334474 MISS:        116 MSHR_MERGE:         77
cpu3->cpu3_DTLB LOAD         ACCESS:   30334590 HIT:   30334474 MISS:        116 MSHR_MERGE:         77
cpu3->cpu3_DTLB RFO          ACCESS:          0 HIT:          0 MISS:          0 MSHR_MERGE:          0
cpu3->cpu3_DTLB PREFETCH     ACCESS:          0 HIT:          0 MISS:          0 MSHR_MERGE:          0
cpu3->cpu3_DTLB WRITE        ACCESS:          0 HIT:          0 MISS:          0 MSHR_MERGE:          0
cpu3->cpu3_DTLB TRANSLATION  ACCESS:          0 HIT:          0 MISS:          0 MSHR_MERGE:          0
cpu3->cpu3_DTLB PREFETCH REQUESTED:          0 ISSUED:          0 USEFUL:          0 USELESS:          0
cpu3->cpu3_DTLB AVERAGE MISS LATENCY: 529.8 cycles
cpu2->cpu2_STLB TOTAL        ACCESS:         39 HIT:          1 MISS:         38 MSHR_MERGE:          0
cpu2->cpu2_STLB LOAD         ACCESS:         39 HIT:          1 MISS:         38 MSHR_MERGE:          0
cpu2->cpu2_STLB RFO          ACCESS:          0 HIT:          0 MISS:          0 MSHR_MERGE:          0
cpu2->cpu2_STLB PREFETCH     ACCESS:          0 HIT:          0 MISS:          0 MSHR_MERGE:          0
cpu2->cpu2_STLB WRITE        ACCESS:          0 HIT:          0 MISS:          0 MSHR_MERGE:          0
cpu2->cpu2_STLB TRANSLATION  ACCESS:          0 HIT:          0 MISS:          0 MSHR_MERGE:          0
cpu2->cpu2_STLB PREFETCH REQUESTED:          0 ISSUED:          0 USEFUL:          0 USELESS:          0
cpu2->cpu2_STLB AVERAGE MISS LATENCY: 736.4 cycles
cpu2->cpu2_L2C TOTAL        ACCESS:    2351361 HIT:     847127 MISS:    1504234 MSHR_MERGE:          0
cpu2->cpu2_L2C LOAD         ACCESS:    1059039 HIT:     162787 MISS:     896252 MSHR_MERGE:          0
cpu2->cpu2_L2C RFO          ACCESS:     642331 HIT:      34458 MISS:     607873 MSHR_MERGE:          0
cpu2->cpu2_L2C PREFETCH     ACCESS:          0 HIT:          0 MISS:          0 MSHR_MERGE:          0
cpu2->cpu2_L2C WRITE        ACCESS:     649935 HIT:     649878 MISS:         57 MSHR_MERGE:          0
cpu2->cpu2_L2C TRANSLATION  ACCESS:         56 HIT:          4 MISS:         52 MSHR_MERGE:          0
cpu2->cpu2_L2C PREFETCH REQUESTED:          0 ISSUED:          0 USEFUL:          0 USELESS:          0
cpu2->cpu2_L2C AVERAGE MISS LATENCY: 357.4 cycles
cpu2->cpu2_L1I TOTAL        ACCESS:   19932191 HIT:   19932191 MISS:          0 MSHR_MERGE:          0
cpu2->cpu2_L1I LOAD         ACCESS:   19932191 HIT:   19932191 MISS:          0 MSHR_MERGE:          0
cpu2->cpu2_L1I RFO          ACCESS:          0 HIT:          0 MISS:          0 MSHR_MERGE:          0
cpu2->cpu2_L1I PREFETCH     ACCESS:          0 HIT:          0 MISS:          0 MSHR_MERGE:          0
cpu2->cpu2_L1I WRITE        ACCESS:          0 HIT:          0 MISS:          0 MSHR_MERGE:          0
cpu2->cpu2_L1I TRANSLATION  ACCESS:          0 HIT:          0 MISS:          0 MSHR_MERGE:          0
cpu2->cpu2_L1I PREFETCH REQUESTED:          0 ISSUED:          0 USEFUL:          0 USELESS:          0
cpu2->cpu2_L1I AVERAGE MISS LATENCY: - cycles
cpu2->cpu2_L1D TOTAL        ACCESS:   33641512 HIT:   30282887 MISS:    3358625 MSHR_MERGE:    1656474
cpu2->cpu2_L1D LOAD         ACCESS:   14966681 HIT:   13904821 MISS:    1061860 MSHR_MERGE:       2812
cpu2->cpu2_L1D RFO          ACCESS:          0 HIT:          0 MISS:          0 MSHR_MERGE:          0
cpu2->cpu2_L1D PREFETCH     ACCESS:          0 HIT:          0 MISS:          0 MSHR_MERGE:          0
cpu2->cpu2_L1D WRITE        ACCESS:   18674773 HIT:   16378064 MISS:    2296709 MSHR_MERGE:    1653662
cpu2->cpu2_L1D TRANSLATION  ACCESS:         58 HIT:          2 MISS:         56 MSHR_MERGE:          0
cpu2->cpu2_L1D PREFETCH REQUESTED:          0 ISSUED:          0 USEFUL:          0 USELESS:          0
cpu2->cpu2_L1D AVERAGE MISS LATENCY: 324.8 cycles
cpu2->cpu2_ITLB TOTAL        ACCESS:   15774877 HIT:   15774877 MISS:          0 MSHR_MERGE:          0
cpu2->cpu2_ITLB LOAD         ACCESS:   15774877 HIT:   15774877 MISS:          0 MSHR_MERGE:          0
cpu2->cpu2_ITLB RFO          ACCESS:          0 HIT:          0 MISS:          0 MSHR_MERGE:          0
cpu2->cpu2_ITLB PREFETCH     ACCESS:          0 HIT:          0 MISS:          0 MSHR_MERGE:          0
cpu2->cpu2_ITLB WRITE        ACCESS:          0 HIT:          0 MISS:          0 MSHR_MERGE:          0
cpu2->cpu2_ITLB TRANSLATION  ACCESS:          0 HIT:          0 MISS:          0 MSHR_MERGE:          0
cpu2->cpu2_ITLB PREFETCH REQUESTED:          0 ISSUED:          0 USEFUL:          0 USELESS:          0
cpu2->cpu2_ITLB AVERAGE MISS LATENCY: - cycles
cpu2->cpu2_DTLB TOTAL        ACCESS:   30881085 HIT:   30880966 MISS:        119 MSHR_MERGE:         80
cpu2->cpu2_DTLB LOAD         ACCESS:   30881085 HIT:   30880966 MISS:        119 MSHR_MERGE:         80
cpu2->cpu2_DTLB RFO          ACCESS:          0 HIT:          0 MISS:          0 MSHR_MERGE:          0
cpu2->cpu2_DTLB PREFETCH     ACCESS:          0 HIT:          0 MISS:          0 MSHR_MERGE:          0
cpu2->cpu2_DTLB WRITE        ACCESS:          0 HIT:          0 MISS:          0 MSHR_MERGE:          0
cpu2->cpu2_DTLB TRANSLATION  ACCESS:          0 HIT:          0 MISS:          0 MSHR_MERGE:          0
cpu2->cpu2_DTLB PREFETCH REQUESTED:          0 ISSUED:          0 USEFUL:          0 USELESS:          0
cpu2->cpu2_DTLB AVERAGE MISS LATENCY: 723.5 cycles
cpu1->cpu1_STLB TOTAL        ACCESS:         39 HIT:          1 MISS:         38 MSHR_MERGE:          0
cpu1->cpu1_STLB LOAD         ACCESS:         39 HIT:          1 MISS:         38 MSHR_MERGE:          0
cpu1->cpu1_STLB RFO          ACCESS:          0 HIT:          0 MISS:          0 MSHR_MERGE:          0
cpu1->cpu1_STLB PREFETCH     ACCESS:          0 HIT:          0 MISS:          0 MSHR_MERGE:          0
cpu1->cpu1_STLB WRITE        ACCESS:          0 HIT:          0 MISS:          0 MSHR_MERGE:          0
cpu1->cpu1_STLB TRANSLATION  ACCESS:          0 HIT:          0 MISS:          0 MSHR_MERGE:          0
cpu1->cpu1_STLB PREFETCH REQUESTED:          0 ISSUED:          0 USEFUL:          0 USELESS:          0
cpu1->cpu1_STLB AVERAGE MISS LATENCY: 579 cycles
cpu1->cpu1_L2C TOTAL        ACCESS:    2312184 HIT:     838761 MISS:    1473423 MSHR_MERGE:          0
cpu1->cpu1_L2C LOAD         ACCESS:    1040888 HIT:     164532 MISS:     876356 MSHR_MERGE:          0
cpu1->cpu1_L2C RFO          ACCESS:     631839 HIT:      34872 MISS:     596967 MSHR_MERGE:          0
cpu1->cpu1_L2C PREFETCH     ACCESS:          0 HIT:          0 MISS:          0 MSHR_MERGE:          0
cpu1->cpu1_L2C WRITE        ACCESS:     639401 HIT:     639353 MISS:         48 MSHR_MERGE:          0
cpu1->cpu1_L2C TRANSLATION  ACCESS:         56 HIT:          4 MISS:         52 MSHR_MERGE:          0
cpu1->cpu1_L2C PREFETCH REQUESTED:          0 ISSUED:          0 USEFUL:          0 USELESS:          0
cpu1->cpu1_L2C AVERAGE MISS LATENCY: 371.8 cycles
cpu1->cpu1_L1I TOTAL        ACCESS:   19602615 HIT:   19602615 MISS:          0 MSHR_MERGE:          0
cpu1->cpu1_L1I LOAD         ACCESS:   19602615 HIT:   19602615 MISS:          0 MSHR_MERGE:          0
cpu1->cpu1_L1I RFO          ACCESS:          0 HIT:          0 MISS:          0 MSHR_MERGE:          0
cpu1->cpu1_L1I PREFETCH     ACCESS:          0 HIT:          0 MISS:          0 MSHR_MERGE:          0
cpu1->cpu1_L1I WRITE        ACCESS:          0 HIT:          0 MISS:          0 MSHR_MERGE:          0
cpu1->cpu1_L1I TRANSLATION  ACCESS:          0 HIT:          0 MISS:          0 MSHR_MERGE:          0
cpu1->cpu1_L1I PREFETCH REQUESTED:          0 ISSUED:          0 USEFUL:          0 USELESS:          0
cpu1->cpu1_L1I AVERAGE MISS LATENCY: - cycles
cpu1->cpu1_L1D TOTAL        ACCESS:   33099137 HIT:   29834671 MISS:    3264466 MSHR_MERGE:    1590947
cpu1->cpu1_L1D LOAD         ACCESS:   14758958 HIT:   13714938 MISS:    1044020 MSHR_MERGE:       3124
cpu1->cpu1_L1D RFO          ACCESS:          0 HIT:          0 MISS:          0 MSHR_MERGE:          0
cpu1->cpu1_L1D PREFETCH     ACCESS:          0 HIT:          0 MISS:          0 MSHR_MERGE:          0
cpu1->cpu1_L1D WRITE        ACCESS:   18340121 HIT:   16119731 MISS:    2220390 MSHR_MERGE:    1587823
cpu1->cpu1_L1D TRANSLATION  ACCESS:         58 HIT:          2 MISS:         56 MSHR_MERGE:          0
cpu1->cpu1_L1D PREFETCH REQUESTED:          0 ISSUED:          0 USEFUL:          0 USELESS:          0
cpu1->cpu1_L1D AVERAGE MISS LATENCY: 336.3 cycles
cpu1->cpu1_ITLB TOTAL        ACCESS:   15536396 HIT:   15536396 MISS:          0 MSHR_MERGE:          0
cpu1->cpu1_ITLB LOAD         ACCESS:   15536396 HIT:   15536396 MISS:          0 MSHR_MERGE:          0
cpu1->cpu1_ITLB RFO          ACCESS:          0 HIT:          0 MISS:          0 MSHR_MERGE:          0
cpu1->cpu1_ITLB PREFETCH     ACCESS:          0 HIT:          0 MISS:          0 MSHR_MERGE:          0
cpu1->cpu1_ITLB WRITE        ACCESS:          0 HIT:          0 MISS:          0 MSHR_MERGE:          0
cpu1->cpu1_ITLB TRANSLATION  ACCESS:          0 HIT:          0 MISS:          0 MSHR_MERGE:          0
cpu1->cpu1_ITLB PREFETCH REQUESTED:          0 ISSUED:          0 USEFUL:          0 USELESS:          0
cpu1->cpu1_ITLB AVERAGE MISS LATENCY: - cycles
cpu1->cpu1_DTLB TOTAL        ACCESS:   30393370 HIT:   30393260 MISS:        110 MSHR_MERGE:         71
cpu1->cpu1_DTLB LOAD         ACCESS:   30393370 HIT:   30393260 MISS:        110 MSHR_MERGE:         71
cpu1->cpu1_DTLB RFO          ACCESS:          0 HIT:          0 MISS:          0 MSHR_MERGE:          0
cpu1->cpu1_DTLB PREFETCH     ACCESS:          0 HIT:          0 MISS:          0 MSHR_MERGE:          0
cpu1->cpu1_DTLB WRITE        ACCESS:          0 HIT:          0 MISS:          0 MSHR_MERGE:          0
cpu1->cpu1_DTLB TRANSLATION  ACCESS:          0 HIT:          0 MISS:          0 MSHR_MERGE:          0
cpu1->cpu1_DTLB PREFETCH REQUESTED:          0 ISSUED:          0 USEFUL:          0 USELESS:          0
cpu1->cpu1_DTLB AVERAGE MISS LATENCY: 570.2 cycles
cpu0->cpu0_STLB TOTAL        ACCESS:         39 HIT:          1 MISS:         38 MSHR_MERGE:          0
cpu0->cpu0_STLB LOAD         ACCESS:         39 HIT:          1 MISS:         38 MSHR_MERGE:          0
cpu0->cpu0_STLB RFO          ACCESS:          0 HIT:          0 MISS:          0 MSHR_MERGE:          0
cpu0->cpu0_STLB PREFETCH     ACCESS:          0 HIT:          0 MISS:          0 MSHR_MERGE:          0
cpu0->cpu0_STLB WRITE        ACCESS:          0 HIT:          0 MISS:          0 MSHR_MERGE:          0
cpu0->cpu0_STLB TRANSLATION  ACCESS:          0 HIT:          0 MISS:          0 MSHR_MERGE:          0
cpu0->cpu0_STLB PREFETCH REQUESTED:          0 ISSUED:          0 USEFUL:          0 USELESS:          0
cpu0->cpu0_STLB AVERAGE MISS LATENCY: 587.2 cycles
cpu0->cpu0_L2C TOTAL        ACCESS:    2326990 HIT:     840591 MISS:    1486399 MSHR_MERGE:          0
cpu0->cpu0_L2C LOAD         ACCESS:    1048053 HIT:     162684 MISS:     885369 MSHR_MERGE:          0
cpu0->cpu0_L2C RFO          ACCESS:     635656 HIT:      34727 MISS:     600929 MSHR_MERGE:          0
cpu0->cpu0_L2C PREFETCH     ACCESS:          0 HIT:          0 MISS:          0 MSHR_MERGE:          0
cpu0->cpu0_L2C WRITE        ACCESS:     643225 HIT:     643176 MISS:         49 MSHR_MERGE:          0
cpu0->cpu0_L2C TRANSLATION  ACCESS:         56 HIT:          4 MISS:         52 MSHR_MERGE:          0
cpu0->cpu0_L2C PREFETCH REQUESTED:          0 ISSUED:          0 USEFUL:          0 USELESS:          0
cpu0->cpu0_L2C AVERAGE MISS LATENCY: 368.2 cycles
cpu0->cpu0_L1I TOTAL        ACCESS:   19726531 HIT:   19726531 MISS:          0 MSHR_MERGE:          0
cpu0->cpu0_L1I LOAD         ACCESS:   19726531 HIT:   19726531 MISS:          0 MSHR_MERGE:          0
cpu0->cpu0_L1I RFO          ACCESS:          0 HIT:          0 MISS:          0 MSHR_MERGE:          0
cpu0->cpu0_L1I PREFETCH     ACCESS:          0 HIT:          0 MISS:          0 MSHR_MERGE:          0
cpu0->cpu0_L1I WRITE        ACCESS:          0 HIT:          0 MISS:          0 MSHR_MERGE:          0
cpu0->cpu0_L1I TRANSLATION  ACCESS:          0 HIT:          0 MISS:          0 MSHR_MERGE:          0
cpu0->cpu0_L1I PREFETCH REQUESTED:          0 ISSUED:          0 USEFUL:          0 USELESS:          0
cpu0->cpu0_L1I AVERAGE MISS LATENCY: - cycles
cpu0->cpu0_L1D TOTAL        ACCESS:   33326231 HIT:   30018606 MISS:    3307625 MSHR_MERGE:    1623204
cpu0->cpu0_L1D LOAD         ACCESS:   14864815 HIT:   13813587 MISS:    1051228 MSHR_MERGE:       3172
cpu0->cpu0_L1D RFO          ACCESS:          0 HIT:          0 MISS:          0 MSHR_MERGE:          0
cpu0->cpu0_L1D PREFETCH     ACCESS:          0 HIT:          0 MISS:          0 MSHR_MERGE:          0
cpu0->cpu0_L1D WRITE        ACCESS:   18461358 HIT:   16205017 MISS:    2256341 MSHR_MERGE:    1620032
cpu0->cpu0_L1D TRANSLATION  ACCESS:         58 HIT:          2 MISS:         56 MSHR_MERGE:          0
cpu0->cpu0_L1D PREFETCH REQUESTED:          0 ISSUED:          0 USEFUL:          0 USELESS:          0
cpu0->cpu0_L1D AVERAGE MISS LATENCY: 333.9 cycles
cpu0->cpu0_ITLB TOTAL        ACCESS:   15630281 HIT:   15630281 MISS:          0 MSHR_MERGE:          0
cpu0->cpu0_ITLB LOAD         ACCESS:   15630281 HIT:   15630281 MISS:          0 MSHR_MERGE:          0
cpu0->cpu0_ITLB RFO          ACCESS:          0 HIT:          0 MISS:          0 MSHR_MERGE:          0
cpu0->cpu0_ITLB PREFETCH     ACCESS:          0 HIT:          0 MISS:          0 MSHR_MERGE:          0
cpu0->cpu0_ITLB WRITE        ACCESS:          0 HIT:          0 MISS:          0 MSHR_MERGE:          0
cpu0->cpu0_ITLB TRANSLATION  ACCESS:          0 HIT:          0 MISS:          0 MSHR_MERGE:          0
cpu0->cpu0_ITLB PREFETCH REQUESTED:          0 ISSUED:          0 USEFUL:          0 USELESS:          0
cpu0->cpu0_ITLB AVERAGE MISS LATENCY: - cycles
cpu0->cpu0_DTLB TOTAL        ACCESS:   30661239 HIT:   30661123 MISS:        116 MSHR_MERGE:         77
cpu0->cpu0_DTLB LOAD         ACCESS:   30661239 HIT:   30661123 MISS:        116 MSHR_MERGE:         77
cpu0->cpu0_DTLB RFO          ACCESS:          0 HIT:          0 MISS:          0 MSHR_MERGE:          0
cpu0->cpu0_DTLB PREFETCH     ACCESS:          0 HIT:          0 MISS:          0 MSHR_MERGE:          0
cpu0->cpu0_DTLB WRITE        ACCESS:          0 HIT:          0 MISS:          0 MSHR_MERGE:          0
cpu0->cpu0_DTLB TRANSLATION  ACCESS:          0 HIT:          0 MISS:          0 MSHR_MERGE:          0
cpu0->cpu0_DTLB PREFETCH REQUESTED:          0 ISSUED:          0 USEFUL:          0 USELESS:          0
cpu0->cpu0_DTLB AVERAGE MISS LATENCY: 578.1 cycles
cpu0->LLC TOTAL        ACCESS:    2087354 HIT:     386445 MISS:    1700909 MSHR_MERGE:          0
cpu0->LLC LOAD         ACCESS:     885369 HIT:      52907 MISS:     832462 MSHR_MERGE:          0
cpu0->LLC RFO          ACCESS:     600929 HIT:          0 MISS:     600929 MSHR_MERGE:          0
cpu0->LLC PREFETCH     ACCESS:          0 HIT:          0 MISS:          0 MSHR_MERGE:          0
cpu0->LLC WRITE        ACCESS:     601004 HIT:     333509 MISS:     267495 MSHR_MERGE:          0
cpu0->LLC TRANSLATION  ACCESS:         52 HIT:         29 MISS:         23 MSHR_MERGE:          0
cpu0->LLC PREFETCH REQUESTED:          0 ISSUED:          0 USEFUL:          0 USELESS:          0
cpu0->LLC AVERAGE MISS LATENCY: 2447 cycles
cpu1->LLC TOTAL        ACCESS:    2070417 HIT:     383384 MISS:    1687033 MSHR_MERGE:          0
cpu1->LLC LOAD         ACCESS:     876356 HIT:      37260 MISS:     839096 MSHR_MERGE:          0
cpu1->LLC RFO          ACCESS:     596967 HIT:          0 MISS:     596967 MSHR_MERGE:          0
cpu1->LLC PREFETCH     ACCESS:          0 HIT:          0 MISS:          0 MSHR_MERGE:          0
cpu1->LLC WRITE        ACCESS:     597042 HIT:     346092 MISS:     250950 MSHR_MERGE:          0
cpu1->LLC TRANSLATION  ACCESS:         52 HIT:         32 MISS:         20 MSHR_MERGE:          0
cpu1->LLC PREFETCH REQUESTED:          0 ISSUED:          0 USEFUL:          0 USELESS:          0
cpu1->LLC AVERAGE MISS LATENCY: 2467 cycles
cpu2->LLC TOTAL        ACCESS:    2112128 HIT:     426121 MISS:    1686007 MSHR_MERGE:          0
cpu2->LLC LOAD         ACCESS:     896252 HIT:     112537 MISS:     783715 MSHR_MERGE:          0
cpu2->LLC RFO          ACCESS:     607873 HIT:          0 MISS:     607873 MSHR_MERGE:          0
cpu2->LLC PREFETCH     ACCESS:          0 HIT:          0 MISS:          0 MSHR_MERGE:          0
cpu2->LLC WRITE        ACCESS:     607951 HIT:     313567 MISS:     294384 MSHR_MERGE:          0
cpu2->LLC TRANSLATION  ACCESS:         52 HIT:         17 MISS:         35 MSHR_MERGE:          0
cpu2->LLC PREFETCH REQUESTED:          0 ISSUED:          0 USEFUL:          0 USELESS:          0
cpu2->LLC AVERAGE MISS LATENCY: 2468 cycles
cpu3->LLC TOTAL        ACCESS:    2063378 HIT:     401694 MISS:    1661684 MSHR_MERGE:          0
cpu3->LLC LOAD         ACCESS:     872479 HIT:      69990 MISS:     802489 MSHR_MERGE:          0
cpu3->LLC RFO          ACCESS:     595385 HIT:          0 MISS:     595385 MSHR_MERGE:          0
cpu3->LLC PREFETCH     ACCESS:          0 HIT:          0 MISS:          0 MSHR_MERGE:          0
cpu3->LLC WRITE        ACCESS:     595462 HIT:     331676 MISS:     263786 MSHR_MERGE:          0
cpu3->LLC TRANSLATION  ACCESS:         52 HIT:         28 MISS:         24 MSHR_MERGE:          0
cpu3->LLC PREFETCH REQUESTED:          0 ISSUED:          0 USEFUL:          0 USELESS:          0
cpu3->LLC AVERAGE MISS LATENCY: 2505 cycles
cpu4->LLC TOTAL        ACCESS:    2107001 HIT:     407400 MISS:    1699601 MSHR_MERGE:          0
cpu4->LLC LOAD         ACCESS:     894861 HIT:     113531 MISS:     781330 MSHR_MERGE:          0
cpu4->LLC RFO          ACCESS:     606009 HIT:          0 MISS:     606009 MSHR_MERGE:          0
cpu4->LLC PREFETCH     ACCESS:          0 HIT:          0 MISS:          0 MSHR_MERGE:          0
cpu4->LLC WRITE        ACCESS:     606079 HIT:     293837 MISS:     312242 MSHR_MERGE:          0
cpu4->LLC TRANSLATION  ACCESS:         52 HIT:         32 MISS:         20 MSHR_MERGE:          0
cpu4->LLC PREFETCH REQUESTED:          0 ISSUED:          0 USEFUL:          0 USELESS:          0
cpu4->LLC AVERAGE MISS LATENCY: 2449 cycles
cpu5->LLC TOTAL        ACCESS:    2099474 HIT:     427446 MISS:    1672028 MSHR_MERGE:          0
cpu5->LLC LOAD         ACCESS:     890736 HIT:     111609 MISS:     779127 MSHR_MERGE:          0
cpu5->LLC RFO          ACCESS:     604303 HIT:          0 MISS:     604303 MSHR_MERGE:          0
cpu5->LLC PREFETCH     ACCESS:          0 HIT:          0 MISS:          0 MSHR_MERGE:          0
cpu5->LLC WRITE        ACCESS:     604383 HIT:     315815 MISS:     288568 MSHR_MERGE:          0
cpu5->LLC TRANSLATION  ACCESS:         52 HIT:         22 MISS:         30 MSHR_MERGE:          0
cpu5->LLC PREFETCH REQUESTED:          0 ISSUED:          0 USEFUL:          0 USELESS:          0
cpu5->LLC AVERAGE MISS LATENCY: 2489 cycles
cpu6->LLC TOTAL        ACCESS:    2095181 HIT:     420987 MISS:    1674194 MSHR_MERGE:          0
cpu6->LLC LOAD         ACCESS:     889605 HIT:     112502 MISS:     777103 MSHR_MERGE:          0
cpu6->LLC RFO          ACCESS:     602728 HIT:          0 MISS:     602728 MSHR_MERGE:          0
cpu6->LLC PREFETCH     ACCESS:          0 HIT:          0 MISS:          0 MSHR_MERGE:          0
cpu6->LLC WRITE        ACCESS:     602796 HIT:     308453 MISS:     294343 MSHR_MERGE:          0
cpu6->LLC TRANSLATION  ACCESS:         52 HIT:         32 MISS:         20 MSHR_MERGE:          0
cpu6->LLC PREFETCH REQUESTED:          0 ISSUED:          0 USEFUL:          0 USELESS:          0
cpu6->LLC AVERAGE MISS LATENCY: 2486 cycles
cpu7->LLC TOTAL        ACCESS:    2072323 HIT:     378084 MISS:    1694239 MSHR_MERGE:          0
cpu7->LLC LOAD         ACCESS:     878820 HIT:      89657 MISS:     789163 MSHR_MERGE:          0
cpu7->LLC RFO          ACCESS:     596687 HIT:          0 MISS:     596687 MSHR_MERGE:          0
cpu7->LLC PREFETCH     ACCESS:          0 HIT:          0 MISS:          0 MSHR_MERGE:          0
cpu7->LLC WRITE        ACCESS:     596764 HIT:     288396 MISS:     308368 MSHR_MERGE:          0
cpu7->LLC TRANSLATION  ACCESS:         52 HIT:         31 MISS:         21 MSHR_MERGE:          0
cpu7->LLC PREFETCH REQUESTED:          0 ISSUED:          0 USEFUL:          0 USELESS:          0
cpu7->LLC AVERAGE MISS LATENCY: 2456 cycles

DRAM Statistics

Channel 0 READ REQS:    5597764	WRITE REQS:    2430588
  READS:    5597760	READ_HITS:      21814
  WRITES:    2430555	WRITE HITS:     111283
  ACTIVATES:    7895221	PRECHARGES:    7895215
  RQ FULL:          0	WQ FULL:        945
  WRITE DRAINS:      80069	FORCED:      47017
  MEAN WRITE IMBALANCE: 2.4379597597072524
  READ OCCU PRE DRAIN: 6.128289350435249	POST DRAIN: 14.981066330290124
  MEAN BLP: 19.63181755735678	BGLP: 7.644968714483758
  READ LATENCY: 89.54552249471217
  TIME IN WRITE MODE: 12725797760

Channel 1 READ REQS:    5597795	WRITE REQS:    2431074
  READS:    5597786	READ_HITS:      22134
  WRITES:    2431048	WRITE HITS:     110709
  ACTIVATES:    7895996	PRECHARGES:    7895989
  RQ FULL:          0	WQ FULL:       1066
  WRITE DRAINS:      80364	FORCED:      46791
  MEAN WRITE IMBALANCE: 2.4282887860235927
  READ OCCU PRE DRAIN: 6.0493504554278035	POST DRAIN: 14.906724403961974
  MEAN BLP: 19.583184012742024	BGLP: 7.638109103578717
  READ LATENCY: 89.27654326192534
  TIME IN WRITE MODE: 12729870400
