---------------------------------------
Begin Slurm Prolog: Apr-09-2025 14:45:29
Job ID:    3709147
User ID:   svittal8
Account:   gts-mqureshi4-rg
Job name:  wrap
Partition: cpu-small
QOS:       inferno
---------------------------------------
[VMEM] WARNING: physical memory size is smaller than virtual memory size.

*** ChampSim Multicore Out-of-Order Simulator ***
Warmup Instructions: 25000000
Simulation Instructions: 100000000
Number of CPUs: 8
Page size: 2097152

CL :	 16.64 ns
CWL :	 15.808 ns
tRP :	 16.224 ns
tRCD :	 16.224 ns
tRAS :	 32.032000000000004 ns
tRTP :	 7.904 ns
tWR :	 30.368000000000002 ns

tCCD_S :	 3.3280000000000003 ns
tCCD_S_WR :	 3.3280000000000003 ns
tCCD_S_WTR :	 22.048000000000002 ns
tCCD_L :	 5.408 ns
tCCD_L_WR :	 20.384 ns
tCCD_L_WTR :	 29.536 ns
tRRD_S :	 3.3280000000000003 ns
tRRD_L :	 5.408 ns
tFAW :	 13.728 ns
Address mapping (perm = 1) 	ch co bg bg bg ba ba co co co co co co ro ro ro ro ro ro ro ro ro ro ro ro ro ro ro 
dram queue size: R = 64 W = 64 (low:high is 12:52)
Heartbeat CPU 0 instructions: 10000002 cycles: 2501763 heartbeat IPC: 3.997 cumulative IPC: 3.997 (Simulation time: 00 hr 06 min 22 sec)
Heartbeat CPU 3 instructions: 10000001 cycles: 2501831 heartbeat IPC: 3.997 cumulative IPC: 3.997 (Simulation time: 00 hr 06 min 22 sec)
Heartbeat CPU 6 instructions: 10000001 cycles: 2501857 heartbeat IPC: 3.997 cumulative IPC: 3.997 (Simulation time: 00 hr 06 min 22 sec)
Heartbeat CPU 7 instructions: 10000000 cycles: 2517521 heartbeat IPC: 3.972 cumulative IPC: 3.972 (Simulation time: 00 hr 06 min 24 sec)
Heartbeat CPU 4 instructions: 10000001 cycles: 2523076 heartbeat IPC: 3.963 cumulative IPC: 3.963 (Simulation time: 00 hr 06 min 25 sec)
Heartbeat CPU 1 instructions: 10000004 cycles: 2523354 heartbeat IPC: 3.963 cumulative IPC: 3.963 (Simulation time: 00 hr 06 min 25 sec)
Heartbeat CPU 5 instructions: 10000004 cycles: 2525525 heartbeat IPC: 3.96 cumulative IPC: 3.96 (Simulation time: 00 hr 06 min 25 sec)
Heartbeat CPU 2 instructions: 10000000 cycles: 2527925 heartbeat IPC: 3.956 cumulative IPC: 3.956 (Simulation time: 00 hr 06 min 26 sec)
Heartbeat CPU 0 instructions: 20000002 cycles: 5001763 heartbeat IPC: 4 cumulative IPC: 3.999 (Simulation time: 00 hr 12 min 45 sec)
Heartbeat CPU 3 instructions: 20000001 cycles: 5001831 heartbeat IPC: 4 cumulative IPC: 3.999 (Simulation time: 00 hr 12 min 45 sec)
Heartbeat CPU 6 instructions: 20000001 cycles: 5001857 heartbeat IPC: 4 cumulative IPC: 3.999 (Simulation time: 00 hr 12 min 45 sec)
Heartbeat CPU 7 instructions: 20000001 cycles: 5043064 heartbeat IPC: 3.96 cumulative IPC: 3.966 (Simulation time: 00 hr 12 min 51 sec)
Heartbeat CPU 1 instructions: 20000007 cycles: 5043977 heartbeat IPC: 3.967 cumulative IPC: 3.965 (Simulation time: 00 hr 12 min 51 sec)
Heartbeat CPU 4 instructions: 20000001 cycles: 5044437 heartbeat IPC: 3.966 cumulative IPC: 3.965 (Simulation time: 00 hr 12 min 51 sec)
Heartbeat CPU 2 instructions: 20000001 cycles: 5053810 heartbeat IPC: 3.959 cumulative IPC: 3.957 (Simulation time: 00 hr 12 min 53 sec)
Heartbeat CPU 5 instructions: 20000007 cycles: 5053840 heartbeat IPC: 3.955 cumulative IPC: 3.957 (Simulation time: 00 hr 12 min 53 sec)
Warmup finished CPU 0 instructions: 25000002 cycles: 6251763 cumulative IPC: 3.999 (Simulation time: 00 hr 15 min 56 sec)
Warmup finished CPU 3 instructions: 25000001 cycles: 6251831 cumulative IPC: 3.999 (Simulation time: 00 hr 15 min 56 sec)
Warmup finished CPU 6 instructions: 25000001 cycles: 6251857 cumulative IPC: 3.999 (Simulation time: 00 hr 15 min 56 sec)
Warmup finished CPU 4 instructions: 25000000 cycles: 6302026 cumulative IPC: 3.967 (Simulation time: 00 hr 16 min 04 sec)
Warmup finished CPU 7 instructions: 25000004 cycles: 6303215 cumulative IPC: 3.966 (Simulation time: 00 hr 16 min 04 sec)
Warmup finished CPU 1 instructions: 25000003 cycles: 6307585 cumulative IPC: 3.963 (Simulation time: 00 hr 16 min 04 sec)
Warmup finished CPU 5 instructions: 25000003 cycles: 6314429 cumulative IPC: 3.959 (Simulation time: 00 hr 16 min 05 sec)
Warmup finished CPU 2 instructions: 25000003 cycles: 6315357 cumulative IPC: 3.959 (Simulation time: 00 hr 16 min 06 sec)
Warmup complete CPU 7 instructions: 25048568 cycles: 6315357 cumulative IPC: 3.966 (Simulation time: 00 hr 16 min 06 sec)
Warmup complete CPU 6 instructions: 25254001 cycles: 6315357 cumulative IPC: 3.999 (Simulation time: 00 hr 16 min 06 sec)
Warmup complete CPU 5 instructions: 25003707 cycles: 6315357 cumulative IPC: 3.959 (Simulation time: 00 hr 16 min 06 sec)
Warmup complete CPU 4 instructions: 25050609 cycles: 6315357 cumulative IPC: 3.967 (Simulation time: 00 hr 16 min 06 sec)
Warmup complete CPU 3 instructions: 25254105 cycles: 6315357 cumulative IPC: 3.999 (Simulation time: 00 hr 16 min 06 sec)
Warmup complete CPU 2 instructions: 25000003 cycles: 6315357 cumulative IPC: 3.959 (Simulation time: 00 hr 16 min 06 sec)
Warmup complete CPU 1 instructions: 25031095 cycles: 6315357 cumulative IPC: 3.964 (Simulation time: 00 hr 16 min 06 sec)
Warmup complete CPU 0 instructions: 25254378 cycles: 6315357 cumulative IPC: 3.999 (Simulation time: 00 hr 16 min 06 sec)
Heartbeat CPU 6 instructions: 30000001 cycles: 9102365 heartbeat IPC: 2.439 cumulative IPC: 1.703 (Simulation time: 00 hr 21 min 42 sec)
Heartbeat CPU 3 instructions: 30000001 cycles: 9102891 heartbeat IPC: 2.438 cumulative IPC: 1.703 (Simulation time: 00 hr 21 min 42 sec)
Heartbeat CPU 0 instructions: 30000002 cycles: 9103583 heartbeat IPC: 2.438 cumulative IPC: 1.702 (Simulation time: 00 hr 21 min 42 sec)
Heartbeat CPU 7 instructions: 30000001 cycles: 9229438 heartbeat IPC: 2.389 cumulative IPC: 1.699 (Simulation time: 00 hr 21 min 57 sec)
Heartbeat CPU 4 instructions: 30000001 cycles: 9229816 heartbeat IPC: 2.389 cumulative IPC: 1.698 (Simulation time: 00 hr 21 min 57 sec)
Heartbeat CPU 1 instructions: 30000011 cycles: 9240356 heartbeat IPC: 2.383 cumulative IPC: 1.699 (Simulation time: 00 hr 21 min 58 sec)
Heartbeat CPU 5 instructions: 30000011 cycles: 9255862 heartbeat IPC: 2.38 cumulative IPC: 1.699 (Simulation time: 00 hr 22 min 00 sec)
Heartbeat CPU 2 instructions: 30000001 cycles: 9272782 heartbeat IPC: 2.37 cumulative IPC: 1.691 (Simulation time: 00 hr 22 min 02 sec)
Heartbeat CPU 3 instructions: 40000005 cycles: 15032661 heartbeat IPC: 1.686 cumulative IPC: 1.692 (Simulation time: 00 hr 33 min 24 sec)
Heartbeat CPU 6 instructions: 40000005 cycles: 15036903 heartbeat IPC: 1.685 cumulative IPC: 1.691 (Simulation time: 00 hr 33 min 24 sec)
Heartbeat CPU 0 instructions: 40000005 cycles: 15051192 heartbeat IPC: 1.681 cumulative IPC: 1.688 (Simulation time: 00 hr 33 min 26 sec)
Heartbeat CPU 7 instructions: 40000005 cycles: 15161301 heartbeat IPC: 1.686 cumulative IPC: 1.69 (Simulation time: 00 hr 33 min 39 sec)
Heartbeat CPU 4 instructions: 40000005 cycles: 15167188 heartbeat IPC: 1.684 cumulative IPC: 1.689 (Simulation time: 00 hr 33 min 40 sec)
Heartbeat CPU 1 instructions: 40000013 cycles: 15172374 heartbeat IPC: 1.686 cumulative IPC: 1.69 (Simulation time: 00 hr 33 min 40 sec)
Heartbeat CPU 5 instructions: 40000013 cycles: 15210260 heartbeat IPC: 1.679 cumulative IPC: 1.686 (Simulation time: 00 hr 33 min 45 sec)
Heartbeat CPU 2 instructions: 40000005 cycles: 15227273 heartbeat IPC: 1.679 cumulative IPC: 1.683 (Simulation time: 00 hr 33 min 47 sec)
Heartbeat CPU 3 instructions: 50000005 cycles: 42679202 heartbeat IPC: 0.3617 cumulative IPC: 0.6805 (Simulation time: 01 hr 04 min 35 sec)
Heartbeat CPU 6 instructions: 50000005 cycles: 42701364 heartbeat IPC: 0.3615 cumulative IPC: 0.6801 (Simulation time: 01 hr 04 min 37 sec)
Heartbeat CPU 0 instructions: 50000005 cycles: 42735921 heartbeat IPC: 0.3612 cumulative IPC: 0.6794 (Simulation time: 01 hr 04 min 39 sec)
Heartbeat CPU 4 instructions: 50000005 cycles: 42814585 heartbeat IPC: 0.3617 cumulative IPC: 0.6836 (Simulation time: 01 hr 04 min 44 sec)
Heartbeat CPU 5 instructions: 50000015 cycles: 42820322 heartbeat IPC: 0.3622 cumulative IPC: 0.6847 (Simulation time: 01 hr 04 min 44 sec)
Heartbeat CPU 7 instructions: 50000005 cycles: 42869150 heartbeat IPC: 0.3609 cumulative IPC: 0.6826 (Simulation time: 01 hr 04 min 47 sec)
Heartbeat CPU 2 instructions: 50000005 cycles: 42927042 heartbeat IPC: 0.361 cumulative IPC: 0.6828 (Simulation time: 01 hr 04 min 51 sec)
Heartbeat CPU 1 instructions: 50000015 cycles: 42987654 heartbeat IPC: 0.3595 cumulative IPC: 0.6809 (Simulation time: 01 hr 04 min 55 sec)
Heartbeat CPU 3 instructions: 60000009 cycles: 71012322 heartbeat IPC: 0.3529 cumulative IPC: 0.5371 (Simulation time: 01 hr 35 min 17 sec)
Heartbeat CPU 6 instructions: 60000009 cycles: 71074603 heartbeat IPC: 0.3524 cumulative IPC: 0.5365 (Simulation time: 01 hr 35 min 24 sec)
Heartbeat CPU 0 instructions: 60000009 cycles: 71079538 heartbeat IPC: 0.3528 cumulative IPC: 0.5365 (Simulation time: 01 hr 35 min 25 sec)
Heartbeat CPU 5 instructions: 60000019 cycles: 71090895 heartbeat IPC: 0.3537 cumulative IPC: 0.5403 (Simulation time: 01 hr 35 min 26 sec)
Heartbeat CPU 7 instructions: 60000009 cycles: 71101137 heartbeat IPC: 0.3542 cumulative IPC: 0.5395 (Simulation time: 01 hr 35 min 27 sec)
Heartbeat CPU 4 instructions: 60000009 cycles: 71101158 heartbeat IPC: 0.3535 cumulative IPC: 0.5395 (Simulation time: 01 hr 35 min 27 sec)
Heartbeat CPU 2 instructions: 60000009 cycles: 71189836 heartbeat IPC: 0.3538 cumulative IPC: 0.5395 (Simulation time: 01 hr 35 min 37 sec)
Heartbeat CPU 1 instructions: 60000019 cycles: 71220152 heartbeat IPC: 0.3542 cumulative IPC: 0.5388 (Simulation time: 01 hr 35 min 41 sec)
Heartbeat CPU 3 instructions: 70000011 cycles: 76954049 heartbeat IPC: 1.683 cumulative IPC: 0.6334 (Simulation time: 01 hr 46 min 46 sec)
Heartbeat CPU 0 instructions: 70000011 cycles: 77025364 heartbeat IPC: 1.682 cumulative IPC: 0.6328 (Simulation time: 01 hr 46 min 54 sec)
Heartbeat CPU 6 instructions: 70000011 cycles: 77025923 heartbeat IPC: 1.68 cumulative IPC: 0.6328 (Simulation time: 01 hr 46 min 54 sec)
Heartbeat CPU 5 instructions: 70000021 cycles: 77043013 heartbeat IPC: 1.68 cumulative IPC: 0.6362 (Simulation time: 01 hr 46 min 56 sec)
Heartbeat CPU 7 instructions: 70000011 cycles: 77045893 heartbeat IPC: 1.682 cumulative IPC: 0.6355 (Simulation time: 01 hr 46 min 57 sec)
Heartbeat CPU 4 instructions: 70000011 cycles: 77046347 heartbeat IPC: 1.682 cumulative IPC: 0.6355 (Simulation time: 01 hr 46 min 57 sec)
Heartbeat CPU 2 instructions: 70000011 cycles: 77150615 heartbeat IPC: 1.678 cumulative IPC: 0.6353 (Simulation time: 01 hr 47 min 09 sec)
Heartbeat CPU 1 instructions: 70000021 cycles: 77173989 heartbeat IPC: 1.68 cumulative IPC: 0.6346 (Simulation time: 01 hr 47 min 11 sec)
Heartbeat CPU 3 instructions: 80000015 cycles: 82917483 heartbeat IPC: 1.677 cumulative IPC: 0.7147 (Simulation time: 01 hr 58 min 14 sec)
Heartbeat CPU 0 instructions: 80000015 cycles: 82993790 heartbeat IPC: 1.675 cumulative IPC: 0.714 (Simulation time: 01 hr 58 min 23 sec)
Heartbeat CPU 6 instructions: 80000015 cycles: 83011139 heartbeat IPC: 1.671 cumulative IPC: 0.7138 (Simulation time: 01 hr 58 min 25 sec)
Heartbeat CPU 7 instructions: 80000015 cycles: 83012756 heartbeat IPC: 1.676 cumulative IPC: 0.7165 (Simulation time: 01 hr 58 min 25 sec)
Heartbeat CPU 4 instructions: 80000015 cycles: 83026031 heartbeat IPC: 1.672 cumulative IPC: 0.7163 (Simulation time: 01 hr 58 min 26 sec)
Heartbeat CPU 5 instructions: 80000025 cycles: 83032150 heartbeat IPC: 1.67 cumulative IPC: 0.7169 (Simulation time: 01 hr 58 min 27 sec)
Heartbeat CPU 2 instructions: 80000015 cycles: 83130871 heartbeat IPC: 1.672 cumulative IPC: 0.716 (Simulation time: 01 hr 58 min 38 sec)
Heartbeat CPU 1 instructions: 80000025 cycles: 83155320 heartbeat IPC: 1.672 cumulative IPC: 0.7154 (Simulation time: 01 hr 58 min 41 sec)
Heartbeat CPU 3 instructions: 90000017 cycles: 88884514 heartbeat IPC: 1.676 cumulative IPC: 0.7841 (Simulation time: 02 hr 09 min 41 sec)
Heartbeat CPU 0 instructions: 90000017 cycles: 88963777 heartbeat IPC: 1.675 cumulative IPC: 0.7834 (Simulation time: 02 hr 09 min 50 sec)
Heartbeat CPU 7 instructions: 90000017 cycles: 88992505 heartbeat IPC: 1.672 cumulative IPC: 0.7856 (Simulation time: 02 hr 09 min 53 sec)
Heartbeat CPU 6 instructions: 90000017 cycles: 88993533 heartbeat IPC: 1.672 cumulative IPC: 0.7831 (Simulation time: 02 hr 09 min 53 sec)
Heartbeat CPU 4 instructions: 90000017 cycles: 89015542 heartbeat IPC: 1.67 cumulative IPC: 0.7854 (Simulation time: 02 hr 09 min 56 sec)
Heartbeat CPU 5 instructions: 90000027 cycles: 89029487 heartbeat IPC: 1.667 cumulative IPC: 0.7858 (Simulation time: 02 hr 09 min 57 sec)
Heartbeat CPU 2 instructions: 90000017 cycles: 89107516 heartbeat IPC: 1.673 cumulative IPC: 0.7851 (Simulation time: 02 hr 10 min 06 sec)
Heartbeat CPU 1 instructions: 90000027 cycles: 89132770 heartbeat IPC: 1.673 cumulative IPC: 0.7845 (Simulation time: 02 hr 10 min 09 sec)
Heartbeat CPU 3 instructions: 100000019 cycles: 94885517 heartbeat IPC: 1.666 cumulative IPC: 0.8439 (Simulation time: 02 hr 21 min 09 sec)
Heartbeat CPU 0 instructions: 100000019 cycles: 94980810 heartbeat IPC: 1.662 cumulative IPC: 0.843 (Simulation time: 02 hr 21 min 20 sec)
Heartbeat CPU 6 instructions: 100000019 cycles: 94999484 heartbeat IPC: 1.665 cumulative IPC: 0.8428 (Simulation time: 02 hr 21 min 22 sec)
Heartbeat CPU 7 instructions: 100000019 cycles: 95014610 heartbeat IPC: 1.661 cumulative IPC: 0.845 (Simulation time: 02 hr 21 min 24 sec)
Heartbeat CPU 4 instructions: 100000019 cycles: 95029351 heartbeat IPC: 1.663 cumulative IPC: 0.8448 (Simulation time: 02 hr 21 min 25 sec)
Heartbeat CPU 5 instructions: 100000027 cycles: 95056216 heartbeat IPC: 1.659 cumulative IPC: 0.8451 (Simulation time: 02 hr 21 min 28 sec)
Heartbeat CPU 2 instructions: 100000019 cycles: 95130479 heartbeat IPC: 1.66 cumulative IPC: 0.8445 (Simulation time: 02 hr 21 min 37 sec)
Heartbeat CPU 1 instructions: 100000027 cycles: 95136788 heartbeat IPC: 1.666 cumulative IPC: 0.844 (Simulation time: 02 hr 21 min 38 sec)
Heartbeat CPU 3 instructions: 110000023 cycles: 100875327 heartbeat IPC: 1.67 cumulative IPC: 0.8962 (Simulation time: 02 hr 32 min 37 sec)
Heartbeat CPU 0 instructions: 110000023 cycles: 100956517 heartbeat IPC: 1.673 cumulative IPC: 0.8954 (Simulation time: 02 hr 32 min 46 sec)
Heartbeat CPU 6 instructions: 110000023 cycles: 100998157 heartbeat IPC: 1.667 cumulative IPC: 0.8951 (Simulation time: 02 hr 32 min 51 sec)
Heartbeat CPU 7 instructions: 110000023 cycles: 101000910 heartbeat IPC: 1.67 cumulative IPC: 0.8972 (Simulation time: 02 hr 32 min 51 sec)
Heartbeat CPU 4 instructions: 110000023 cycles: 101018885 heartbeat IPC: 1.67 cumulative IPC: 0.897 (Simulation time: 02 hr 32 min 53 sec)
Heartbeat CPU 5 instructions: 110000028 cycles: 101046786 heartbeat IPC: 1.669 cumulative IPC: 0.8972 (Simulation time: 02 hr 32 min 56 sec)
Heartbeat CPU 2 instructions: 110000023 cycles: 101122627 heartbeat IPC: 1.669 cumulative IPC: 0.8966 (Simulation time: 02 hr 33 min 05 sec)
Heartbeat CPU 1 instructions: 110000028 cycles: 101135738 heartbeat IPC: 1.667 cumulative IPC: 0.8961 (Simulation time: 02 hr 33 min 06 sec)
Heartbeat CPU 3 instructions: 120000023 cycles: 115815733 heartbeat IPC: 0.6693 cumulative IPC: 0.8653 (Simulation time: 02 hr 52 min 09 sec)
Heartbeat CPU 0 instructions: 120000023 cycles: 115870110 heartbeat IPC: 0.6705 cumulative IPC: 0.8648 (Simulation time: 02 hr 52 min 13 sec)
Heartbeat CPU 5 instructions: 120000028 cycles: 115938481 heartbeat IPC: 0.6715 cumulative IPC: 0.8666 (Simulation time: 02 hr 52 min 17 sec)
Heartbeat CPU 4 instructions: 120000023 cycles: 115985869 heartbeat IPC: 0.6681 cumulative IPC: 0.8658 (Simulation time: 02 hr 52 min 20 sec)
Heartbeat CPU 7 instructions: 120000023 cycles: 116016972 heartbeat IPC: 0.666 cumulative IPC: 0.8655 (Simulation time: 02 hr 52 min 22 sec)
Heartbeat CPU 6 instructions: 120000023 cycles: 116039793 heartbeat IPC: 0.6648 cumulative IPC: 0.8635 (Simulation time: 02 hr 52 min 23 sec)
Heartbeat CPU 2 instructions: 120000023 cycles: 116144265 heartbeat IPC: 0.6657 cumulative IPC: 0.865 (Simulation time: 02 hr 52 min 30 sec)
Heartbeat CPU 1 instructions: 120000028 cycles: 116216199 heartbeat IPC: 0.6631 cumulative IPC: 0.8641 (Simulation time: 02 hr 52 min 34 sec)
Simulation finished CPU 5 instructions: 100000002 cycles: 129188616 cumulative IPC: 0.7741 (Simulation time: 03 hr 12 min 53 sec)
Simulation finished CPU 2 instructions: 100000002 cycles: 129399094 cumulative IPC: 0.7728 (Simulation time: 03 hr 13 min 06 sec)
Simulation finished CPU 7 instructions: 100000001 cycles: 129406645 cumulative IPC: 0.7728 (Simulation time: 03 hr 13 min 06 sec)
Simulation finished CPU 4 instructions: 100000001 cycles: 129467988 cumulative IPC: 0.7724 (Simulation time: 03 hr 13 min 10 sec)
Simulation finished CPU 1 instructions: 100000002 cycles: 129564971 cumulative IPC: 0.7718 (Simulation time: 03 hr 13 min 16 sec)
Simulation finished CPU 3 instructions: 100000003 cycles: 130050599 cumulative IPC: 0.7689 (Simulation time: 03 hr 13 min 47 sec)
Simulation finished CPU 0 instructions: 100000002 cycles: 130091974 cumulative IPC: 0.7687 (Simulation time: 03 hr 13 min 50 sec)
Simulation finished CPU 6 instructions: 100000003 cycles: 130296292 cumulative IPC: 0.7675 (Simulation time: 03 hr 14 min 03 sec)
Simulation complete CPU 7 instructions: 100234757 cycles: 130296292 cumulative IPC: 0.7693 (Simulation time: 03 hr 14 min 03 sec)
Simulation complete CPU 6 instructions: 100000003 cycles: 130296292 cumulative IPC: 0.7675 (Simulation time: 03 hr 14 min 03 sec)
Simulation complete CPU 5 instructions: 100288915 cycles: 130296292 cumulative IPC: 0.7697 (Simulation time: 03 hr 14 min 03 sec)
Simulation complete CPU 4 instructions: 100218879 cycles: 130296292 cumulative IPC: 0.7692 (Simulation time: 03 hr 14 min 03 sec)
Simulation complete CPU 3 instructions: 100063817 cycles: 130296292 cumulative IPC: 0.768 (Simulation time: 03 hr 14 min 03 sec)
Simulation complete CPU 2 instructions: 100238178 cycles: 130296292 cumulative IPC: 0.7693 (Simulation time: 03 hr 14 min 03 sec)
Simulation complete CPU 1 instructions: 100193779 cycles: 130296292 cumulative IPC: 0.769 (Simulation time: 03 hr 14 min 03 sec)
Simulation complete CPU 0 instructions: 100055247 cycles: 130296292 cumulative IPC: 0.7679 (Simulation time: 03 hr 14 min 03 sec)

ChampSim completed all CPUs

=== Simulation ===
CPU 0 runs TRACES/ctf/spec2017/654.roms_s-1007B.champsimtrace.xz
CPU 1 runs TRACES/ctf/spec2017/654.roms_s-1007B.champsimtrace.xz
CPU 2 runs TRACES/ctf/spec2017/654.roms_s-1007B.champsimtrace.xz
CPU 3 runs TRACES/ctf/spec2017/654.roms_s-1007B.champsimtrace.xz
CPU 4 runs TRACES/ctf/spec2017/654.roms_s-1007B.champsimtrace.xz
CPU 5 runs TRACES/ctf/spec2017/654.roms_s-1007B.champsimtrace.xz
CPU 6 runs TRACES/ctf/spec2017/654.roms_s-1007B.champsimtrace.xz
CPU 7 runs TRACES/ctf/spec2017/654.roms_s-1007B.champsimtrace.xz

Total Simulation Statistics (not including warmup)

CPU 7 cumulative IPC: 0.7693 instructions: 100234757 cycles: 130296292
CPU 7 Branch Prediction Accuracy: 100% MPKI: 0 Average ROB Occupancy at Mispredict: -
Branch type MPKI
BRANCH_DIRECT_JUMP: 0
BRANCH_INDIRECT: 0
BRANCH_CONDITIONAL: 0
BRANCH_DIRECT_CALL: 0
BRANCH_INDIRECT_CALL: 0
BRANCH_RETURN: 0


CPU 6 cumulative IPC: 0.7675 instructions: 100000003 cycles: 130296292
CPU 6 Branch Prediction Accuracy: 100% MPKI: 0 Average ROB Occupancy at Mispredict: -
Branch type MPKI
BRANCH_DIRECT_JUMP: 0
BRANCH_INDIRECT: 0
BRANCH_CONDITIONAL: 0
BRANCH_DIRECT_CALL: 0
BRANCH_INDIRECT_CALL: 0
BRANCH_RETURN: 0


CPU 5 cumulative IPC: 0.7697 instructions: 100288915 cycles: 130296292
CPU 5 Branch Prediction Accuracy: 100% MPKI: 0 Average ROB Occupancy at Mispredict: -
Branch type MPKI
BRANCH_DIRECT_JUMP: 0
BRANCH_INDIRECT: 0
BRANCH_CONDITIONAL: 0
BRANCH_DIRECT_CALL: 0
BRANCH_INDIRECT_CALL: 0
BRANCH_RETURN: 0


CPU 4 cumulative IPC: 0.7692 instructions: 100218879 cycles: 130296292
CPU 4 Branch Prediction Accuracy: 100% MPKI: 0 Average ROB Occupancy at Mispredict: -
Branch type MPKI
BRANCH_DIRECT_JUMP: 0
BRANCH_INDIRECT: 0
BRANCH_CONDITIONAL: 0
BRANCH_DIRECT_CALL: 0
BRANCH_INDIRECT_CALL: 0
BRANCH_RETURN: 0


CPU 3 cumulative IPC: 0.768 instructions: 100063817 cycles: 130296292
CPU 3 Branch Prediction Accuracy: 100% MPKI: 0 Average ROB Occupancy at Mispredict: -
Branch type MPKI
BRANCH_DIRECT_JUMP: 0
BRANCH_INDIRECT: 0
BRANCH_CONDITIONAL: 0
BRANCH_DIRECT_CALL: 0
BRANCH_INDIRECT_CALL: 0
BRANCH_RETURN: 0


CPU 2 cumulative IPC: 0.7693 instructions: 100238178 cycles: 130296292
CPU 2 Branch Prediction Accuracy: 100% MPKI: 0 Average ROB Occupancy at Mispredict: -
Branch type MPKI
BRANCH_DIRECT_JUMP: 0
BRANCH_INDIRECT: 0
BRANCH_CONDITIONAL: 0
BRANCH_DIRECT_CALL: 0
BRANCH_INDIRECT_CALL: 0
BRANCH_RETURN: 0


CPU 1 cumulative IPC: 0.769 instructions: 100193779 cycles: 130296292
CPU 1 Branch Prediction Accuracy: 100% MPKI: 0 Average ROB Occupancy at Mispredict: -
Branch type MPKI
BRANCH_DIRECT_JUMP: 0
BRANCH_INDIRECT: 0
BRANCH_CONDITIONAL: 0
BRANCH_DIRECT_CALL: 0
BRANCH_INDIRECT_CALL: 0
BRANCH_RETURN: 0


CPU 0 cumulative IPC: 0.7679 instructions: 100055247 cycles: 130296292
CPU 0 Branch Prediction Accuracy: 100% MPKI: 0 Average ROB Occupancy at Mispredict: -
Branch type MPKI
BRANCH_DIRECT_JUMP: 0
BRANCH_INDIRECT: 0
BRANCH_CONDITIONAL: 0
BRANCH_DIRECT_CALL: 0
BRANCH_INDIRECT_CALL: 0
BRANCH_RETURN: 0

cpu7->cpu7_STLB TOTAL        ACCESS:         54 HIT:          4 MISS:         50 MSHR_MERGE:          0
cpu7->cpu7_STLB LOAD         ACCESS:         54 HIT:          4 MISS:         50 MSHR_MERGE:          0
cpu7->cpu7_STLB RFO          ACCESS:          0 HIT:          0 MISS:          0 MSHR_MERGE:          0
cpu7->cpu7_STLB PREFETCH     ACCESS:          0 HIT:          0 MISS:          0 MSHR_MERGE:          0
cpu7->cpu7_STLB WRITE        ACCESS:          0 HIT:          0 MISS:          0 MSHR_MERGE:          0
cpu7->cpu7_STLB TRANSLATION  ACCESS:          0 HIT:          0 MISS:          0 MSHR_MERGE:          0
cpu7->cpu7_STLB PREFETCH REQUESTED:          0 ISSUED:          0 USEFUL:          0 USELESS:          0
cpu7->cpu7_STLB AVERAGE MISS LATENCY: 268.6 cycles
cpu7->cpu7_L2C TOTAL        ACCESS:    1046022 HIT:     267211 MISS:     778811 MSHR_MERGE:          0
cpu7->cpu7_L2C LOAD         ACCESS:     511818 HIT:         13 MISS:     511805 MSHR_MERGE:          0
cpu7->cpu7_L2C RFO          ACCESS:     266985 HIT:        430 MISS:     266555 MSHR_MERGE:          0
cpu7->cpu7_L2C PREFETCH     ACCESS:          0 HIT:          0 MISS:          0 MSHR_MERGE:          0
cpu7->cpu7_L2C WRITE        ACCESS:     267165 HIT:     266756 MISS:        409 MSHR_MERGE:          0
cpu7->cpu7_L2C TRANSLATION  ACCESS:         54 HIT:         12 MISS:         42 MSHR_MERGE:          0
cpu7->cpu7_L2C PREFETCH REQUESTED:          0 ISSUED:          0 USEFUL:          0 USELESS:          0
cpu7->cpu7_L2C AVERAGE MISS LATENCY: 298.3 cycles
cpu7->cpu7_L1I TOTAL        ACCESS:   20533307 HIT:   20533200 MISS:        107 MSHR_MERGE:         44
cpu7->cpu7_L1I LOAD         ACCESS:   20533307 HIT:   20533200 MISS:        107 MSHR_MERGE:         44
cpu7->cpu7_L1I RFO          ACCESS:          0 HIT:          0 MISS:          0 MSHR_MERGE:          0
cpu7->cpu7_L1I PREFETCH     ACCESS:          0 HIT:          0 MISS:          0 MSHR_MERGE:          0
cpu7->cpu7_L1I WRITE        ACCESS:          0 HIT:          0 MISS:          0 MSHR_MERGE:          0
cpu7->cpu7_L1I TRANSLATION  ACCESS:          0 HIT:          0 MISS:          0 MSHR_MERGE:          0
cpu7->cpu7_L1I PREFETCH REQUESTED:          0 ISSUED:          0 USEFUL:          0 USELESS:          0
cpu7->cpu7_L1I AVERAGE MISS LATENCY: 269.9 cycles
cpu7->cpu7_L1D TOTAL        ACCESS:   27601722 HIT:   25380826 MISS:    2220896 MSHR_MERGE:    1442090
cpu7->cpu7_L1D LOAD         ACCESS:   16297688 HIT:   15039513 MISS:    1258175 MSHR_MERGE:     746419
cpu7->cpu7_L1D RFO          ACCESS:          0 HIT:          0 MISS:          0 MSHR_MERGE:          0
cpu7->cpu7_L1D PREFETCH     ACCESS:          0 HIT:          0 MISS:          0 MSHR_MERGE:          0
cpu7->cpu7_L1D WRITE        ACCESS:   11303980 HIT:   10341313 MISS:     962667 MSHR_MERGE:     695671
cpu7->cpu7_L1D TRANSLATION  ACCESS:         54 HIT:          0 MISS:         54 MSHR_MERGE:          0
cpu7->cpu7_L1D PREFETCH REQUESTED:          0 ISSUED:          0 USEFUL:          0 USELESS:          0
cpu7->cpu7_L1D AVERAGE MISS LATENCY: 307.3 cycles
cpu7->cpu7_ITLB TOTAL        ACCESS:   18934057 HIT:   18934057 MISS:          0 MSHR_MERGE:          0
cpu7->cpu7_ITLB LOAD         ACCESS:   18934057 HIT:   18934057 MISS:          0 MSHR_MERGE:          0
cpu7->cpu7_ITLB RFO          ACCESS:          0 HIT:          0 MISS:          0 MSHR_MERGE:          0
cpu7->cpu7_ITLB PREFETCH     ACCESS:          0 HIT:          0 MISS:          0 MSHR_MERGE:          0
cpu7->cpu7_ITLB WRITE        ACCESS:          0 HIT:          0 MISS:          0 MSHR_MERGE:          0
cpu7->cpu7_ITLB TRANSLATION  ACCESS:          0 HIT:          0 MISS:          0 MSHR_MERGE:          0
cpu7->cpu7_ITLB PREFETCH REQUESTED:          0 ISSUED:          0 USEFUL:          0 USELESS:          0
cpu7->cpu7_ITLB AVERAGE MISS LATENCY: - cycles
cpu7->cpu7_DTLB TOTAL        ACCESS:   25544141 HIT:   25543971 MISS:        170 MSHR_MERGE:        116
cpu7->cpu7_DTLB LOAD         ACCESS:   25544141 HIT:   25543971 MISS:        170 MSHR_MERGE:        116
cpu7->cpu7_DTLB RFO          ACCESS:          0 HIT:          0 MISS:          0 MSHR_MERGE:          0
cpu7->cpu7_DTLB PREFETCH     ACCESS:          0 HIT:          0 MISS:          0 MSHR_MERGE:          0
cpu7->cpu7_DTLB WRITE        ACCESS:          0 HIT:          0 MISS:          0 MSHR_MERGE:          0
cpu7->cpu7_DTLB TRANSLATION  ACCESS:          0 HIT:          0 MISS:          0 MSHR_MERGE:          0
cpu7->cpu7_DTLB PREFETCH REQUESTED:          0 ISSUED:          0 USEFUL:          0 USELESS:          0
cpu7->cpu7_DTLB AVERAGE MISS LATENCY: 254.6 cycles
cpu6->cpu6_STLB TOTAL        ACCESS:         54 HIT:          4 MISS:         50 MSHR_MERGE:          0
cpu6->cpu6_STLB LOAD         ACCESS:         54 HIT:          4 MISS:         50 MSHR_MERGE:          0
cpu6->cpu6_STLB RFO          ACCESS:          0 HIT:          0 MISS:          0 MSHR_MERGE:          0
cpu6->cpu6_STLB PREFETCH     ACCESS:          0 HIT:          0 MISS:          0 MSHR_MERGE:          0
cpu6->cpu6_STLB WRITE        ACCESS:          0 HIT:          0 MISS:          0 MSHR_MERGE:          0
cpu6->cpu6_STLB TRANSLATION  ACCESS:          0 HIT:          0 MISS:          0 MSHR_MERGE:          0
cpu6->cpu6_STLB PREFETCH REQUESTED:          0 ISSUED:          0 USEFUL:          0 USELESS:          0
cpu6->cpu6_STLB AVERAGE MISS LATENCY: 265.7 cycles
cpu6->cpu6_L2C TOTAL        ACCESS:    1044311 HIT:     266771 MISS:     777540 MSHR_MERGE:          0
cpu6->cpu6_L2C LOAD         ACCESS:     510995 HIT:         12 MISS:     510983 MSHR_MERGE:          0
cpu6->cpu6_L2C RFO          ACCESS:     266541 HIT:        434 MISS:     266107 MSHR_MERGE:          0
cpu6->cpu6_L2C PREFETCH     ACCESS:          0 HIT:          0 MISS:          0 MSHR_MERGE:          0
cpu6->cpu6_L2C WRITE        ACCESS:     266721 HIT:     266313 MISS:        408 MSHR_MERGE:          0
cpu6->cpu6_L2C TRANSLATION  ACCESS:         54 HIT:         12 MISS:         42 MSHR_MERGE:          0
cpu6->cpu6_L2C PREFETCH REQUESTED:          0 ISSUED:          0 USEFUL:          0 USELESS:          0
cpu6->cpu6_L2C AVERAGE MISS LATENCY: 296.6 cycles
cpu6->cpu6_L1I TOTAL        ACCESS:   20479328 HIT:   20479216 MISS:        112 MSHR_MERGE:         49
cpu6->cpu6_L1I LOAD         ACCESS:   20479328 HIT:   20479216 MISS:        112 MSHR_MERGE:         49
cpu6->cpu6_L1I RFO          ACCESS:          0 HIT:          0 MISS:          0 MSHR_MERGE:          0
cpu6->cpu6_L1I PREFETCH     ACCESS:          0 HIT:          0 MISS:          0 MSHR_MERGE:          0
cpu6->cpu6_L1I WRITE        ACCESS:          0 HIT:          0 MISS:          0 MSHR_MERGE:          0
cpu6->cpu6_L1I TRANSLATION  ACCESS:          0 HIT:          0 MISS:          0 MSHR_MERGE:          0
cpu6->cpu6_L1I PREFETCH REQUESTED:          0 ISSUED:          0 USEFUL:          0 USELESS:          0
cpu6->cpu6_L1I AVERAGE MISS LATENCY: 243.3 cycles
cpu6->cpu6_L1D TOTAL        ACCESS:   27540338 HIT:   25333441 MISS:    2206897 MSHR_MERGE:    1429365
cpu6->cpu6_L1D LOAD         ACCESS:   16261737 HIT:   15013817 MISS:    1247920 MSHR_MERGE:     736988
cpu6->cpu6_L1D RFO          ACCESS:          0 HIT:          0 MISS:          0 MSHR_MERGE:          0
cpu6->cpu6_L1D PREFETCH     ACCESS:          0 HIT:          0 MISS:          0 MSHR_MERGE:          0
cpu6->cpu6_L1D WRITE        ACCESS:   11278547 HIT:   10319624 MISS:     958923 MSHR_MERGE:     692377
cpu6->cpu6_L1D TRANSLATION  ACCESS:         54 HIT:          0 MISS:         54 MSHR_MERGE:          0
cpu6->cpu6_L1D PREFETCH REQUESTED:          0 ISSUED:          0 USEFUL:          0 USELESS:          0
cpu6->cpu6_L1D AVERAGE MISS LATENCY: 305.6 cycles
cpu6->cpu6_ITLB TOTAL        ACCESS:   18897025 HIT:   18897025 MISS:          0 MSHR_MERGE:          0
cpu6->cpu6_ITLB LOAD         ACCESS:   18897025 HIT:   18897025 MISS:          0 MSHR_MERGE:          0
cpu6->cpu6_ITLB RFO          ACCESS:          0 HIT:          0 MISS:          0 MSHR_MERGE:          0
cpu6->cpu6_ITLB PREFETCH     ACCESS:          0 HIT:          0 MISS:          0 MSHR_MERGE:          0
cpu6->cpu6_ITLB WRITE        ACCESS:          0 HIT:          0 MISS:          0 MSHR_MERGE:          0
cpu6->cpu6_ITLB TRANSLATION  ACCESS:          0 HIT:          0 MISS:          0 MSHR_MERGE:          0
cpu6->cpu6_ITLB PREFETCH REQUESTED:          0 ISSUED:          0 USEFUL:          0 USELESS:          0
cpu6->cpu6_ITLB AVERAGE MISS LATENCY: - cycles
cpu6->cpu6_DTLB TOTAL        ACCESS:   25490633 HIT:   25490479 MISS:        154 MSHR_MERGE:        100
cpu6->cpu6_DTLB LOAD         ACCESS:   25490633 HIT:   25490479 MISS:        154 MSHR_MERGE:        100
cpu6->cpu6_DTLB RFO          ACCESS:          0 HIT:          0 MISS:          0 MSHR_MERGE:          0
cpu6->cpu6_DTLB PREFETCH     ACCESS:          0 HIT:          0 MISS:          0 MSHR_MERGE:          0
cpu6->cpu6_DTLB WRITE        ACCESS:          0 HIT:          0 MISS:          0 MSHR_MERGE:          0
cpu6->cpu6_DTLB TRANSLATION  ACCESS:          0 HIT:          0 MISS:          0 MSHR_MERGE:          0
cpu6->cpu6_DTLB PREFETCH REQUESTED:          0 ISSUED:          0 USEFUL:          0 USELESS:          0
cpu6->cpu6_DTLB AVERAGE MISS LATENCY: 252 cycles
cpu5->cpu5_STLB TOTAL        ACCESS:         54 HIT:          4 MISS:         50 MSHR_MERGE:          0
cpu5->cpu5_STLB LOAD         ACCESS:         54 HIT:          4 MISS:         50 MSHR_MERGE:          0
cpu5->cpu5_STLB RFO          ACCESS:          0 HIT:          0 MISS:          0 MSHR_MERGE:          0
cpu5->cpu5_STLB PREFETCH     ACCESS:          0 HIT:          0 MISS:          0 MSHR_MERGE:          0
cpu5->cpu5_STLB WRITE        ACCESS:          0 HIT:          0 MISS:          0 MSHR_MERGE:          0
cpu5->cpu5_STLB TRANSLATION  ACCESS:          0 HIT:          0 MISS:          0 MSHR_MERGE:          0
cpu5->cpu5_STLB PREFETCH REQUESTED:          0 ISSUED:          0 USEFUL:          0 USELESS:          0
cpu5->cpu5_STLB AVERAGE MISS LATENCY: 272.5 cycles
cpu5->cpu5_L2C TOTAL        ACCESS:    1046565 HIT:     267356 MISS:     779209 MSHR_MERGE:          0
cpu5->cpu5_L2C LOAD         ACCESS:     512087 HIT:         10 MISS:     512077 MSHR_MERGE:          0
cpu5->cpu5_L2C RFO          ACCESS:     267115 HIT:        431 MISS:     266684 MSHR_MERGE:          0
cpu5->cpu5_L2C PREFETCH     ACCESS:          0 HIT:          0 MISS:          0 MSHR_MERGE:          0
cpu5->cpu5_L2C WRITE        ACCESS:     267309 HIT:     266903 MISS:        406 MSHR_MERGE:          0
cpu5->cpu5_L2C TRANSLATION  ACCESS:         54 HIT:         12 MISS:         42 MSHR_MERGE:          0
cpu5->cpu5_L2C PREFETCH REQUESTED:          0 ISSUED:          0 USEFUL:          0 USELESS:          0
cpu5->cpu5_L2C AVERAGE MISS LATENCY: 297.5 cycles
cpu5->cpu5_L1I TOTAL        ACCESS:   20546663 HIT:   20546557 MISS:        106 MSHR_MERGE:         43
cpu5->cpu5_L1I LOAD         ACCESS:   20546663 HIT:   20546557 MISS:        106 MSHR_MERGE:         43
cpu5->cpu5_L1I RFO          ACCESS:          0 HIT:          0 MISS:          0 MSHR_MERGE:          0
cpu5->cpu5_L1I PREFETCH     ACCESS:          0 HIT:          0 MISS:          0 MSHR_MERGE:          0
cpu5->cpu5_L1I WRITE        ACCESS:          0 HIT:          0 MISS:          0 MSHR_MERGE:          0
cpu5->cpu5_L1I TRANSLATION  ACCESS:          0 HIT:          0 MISS:          0 MSHR_MERGE:          0
cpu5->cpu5_L1I PREFETCH REQUESTED:          0 ISSUED:          0 USEFUL:          0 USELESS:          0
cpu5->cpu5_L1I AVERAGE MISS LATENCY: 386.6 cycles
cpu5->cpu5_L1D TOTAL        ACCESS:   27627113 HIT:   25400661 MISS:    2226452 MSHR_MERGE:    1447249
cpu5->cpu5_L1D LOAD         ACCESS:   16311270 HIT:   15050307 MISS:    1260963 MSHR_MERGE:     748939
cpu5->cpu5_L1D RFO          ACCESS:          0 HIT:          0 MISS:          0 MSHR_MERGE:          0
cpu5->cpu5_L1D PREFETCH     ACCESS:          0 HIT:          0 MISS:          0 MSHR_MERGE:          0
cpu5->cpu5_L1D WRITE        ACCESS:   11315789 HIT:   10350354 MISS:     965435 MSHR_MERGE:     698310
cpu5->cpu5_L1D TRANSLATION  ACCESS:         54 HIT:          0 MISS:         54 MSHR_MERGE:          0
cpu5->cpu5_L1D PREFETCH REQUESTED:          0 ISSUED:          0 USEFUL:          0 USELESS:          0
cpu5->cpu5_L1D AVERAGE MISS LATENCY: 306.5 cycles
cpu5->cpu5_ITLB TOTAL        ACCESS:   18959114 HIT:   18959114 MISS:          0 MSHR_MERGE:          0
cpu5->cpu5_ITLB LOAD         ACCESS:   18959114 HIT:   18959114 MISS:          0 MSHR_MERGE:          0
cpu5->cpu5_ITLB RFO          ACCESS:          0 HIT:          0 MISS:          0 MSHR_MERGE:          0
cpu5->cpu5_ITLB PREFETCH     ACCESS:          0 HIT:          0 MISS:          0 MSHR_MERGE:          0
cpu5->cpu5_ITLB WRITE        ACCESS:          0 HIT:          0 MISS:          0 MSHR_MERGE:          0
cpu5->cpu5_ITLB TRANSLATION  ACCESS:          0 HIT:          0 MISS:          0 MSHR_MERGE:          0
cpu5->cpu5_ITLB PREFETCH REQUESTED:          0 ISSUED:          0 USEFUL:          0 USELESS:          0
cpu5->cpu5_ITLB AVERAGE MISS LATENCY: - cycles
cpu5->cpu5_DTLB TOTAL        ACCESS:   25553745 HIT:   25553570 MISS:        175 MSHR_MERGE:        121
cpu5->cpu5_DTLB LOAD         ACCESS:   25553745 HIT:   25553570 MISS:        175 MSHR_MERGE:        121
cpu5->cpu5_DTLB RFO          ACCESS:          0 HIT:          0 MISS:          0 MSHR_MERGE:          0
cpu5->cpu5_DTLB PREFETCH     ACCESS:          0 HIT:          0 MISS:          0 MSHR_MERGE:          0
cpu5->cpu5_DTLB WRITE        ACCESS:          0 HIT:          0 MISS:          0 MSHR_MERGE:          0
cpu5->cpu5_DTLB TRANSLATION  ACCESS:          0 HIT:          0 MISS:          0 MSHR_MERGE:          0
cpu5->cpu5_DTLB PREFETCH REQUESTED:          0 ISSUED:          0 USEFUL:          0 USELESS:          0
cpu5->cpu5_DTLB AVERAGE MISS LATENCY: 258.3 cycles
cpu4->cpu4_STLB TOTAL        ACCESS:         54 HIT:          4 MISS:         50 MSHR_MERGE:          0
cpu4->cpu4_STLB LOAD         ACCESS:         54 HIT:          4 MISS:         50 MSHR_MERGE:          0
cpu4->cpu4_STLB RFO          ACCESS:          0 HIT:          0 MISS:          0 MSHR_MERGE:          0
cpu4->cpu4_STLB PREFETCH     ACCESS:          0 HIT:          0 MISS:          0 MSHR_MERGE:          0
cpu4->cpu4_STLB WRITE        ACCESS:          0 HIT:          0 MISS:          0 MSHR_MERGE:          0
cpu4->cpu4_STLB TRANSLATION  ACCESS:          0 HIT:          0 MISS:          0 MSHR_MERGE:          0
cpu4->cpu4_STLB PREFETCH REQUESTED:          0 ISSUED:          0 USEFUL:          0 USELESS:          0
cpu4->cpu4_STLB AVERAGE MISS LATENCY: 286 cycles
cpu4->cpu4_L2C TOTAL        ACCESS:    1045379 HIT:     267051 MISS:     778328 MSHR_MERGE:          0
cpu4->cpu4_L2C LOAD         ACCESS:     511495 HIT:         10 MISS:     511485 MSHR_MERGE:          0
cpu4->cpu4_L2C RFO          ACCESS:     266829 HIT:        434 MISS:     266395 MSHR_MERGE:          0
cpu4->cpu4_L2C PREFETCH     ACCESS:          0 HIT:          0 MISS:          0 MSHR_MERGE:          0
cpu4->cpu4_L2C WRITE        ACCESS:     267001 HIT:     266595 MISS:        406 MSHR_MERGE:          0
cpu4->cpu4_L2C TRANSLATION  ACCESS:         54 HIT:         12 MISS:         42 MSHR_MERGE:          0
cpu4->cpu4_L2C PREFETCH REQUESTED:          0 ISSUED:          0 USEFUL:          0 USELESS:          0
cpu4->cpu4_L2C AVERAGE MISS LATENCY: 299 cycles
cpu4->cpu4_L1I TOTAL        ACCESS:   20534430 HIT:   20534325 MISS:        105 MSHR_MERGE:         42
cpu4->cpu4_L1I LOAD         ACCESS:   20534430 HIT:   20534325 MISS:        105 MSHR_MERGE:         42
cpu4->cpu4_L1I RFO          ACCESS:          0 HIT:          0 MISS:          0 MSHR_MERGE:          0
cpu4->cpu4_L1I PREFETCH     ACCESS:          0 HIT:          0 MISS:          0 MSHR_MERGE:          0
cpu4->cpu4_L1I WRITE        ACCESS:          0 HIT:          0 MISS:          0 MSHR_MERGE:          0
cpu4->cpu4_L1I TRANSLATION  ACCESS:          0 HIT:          0 MISS:          0 MSHR_MERGE:          0
cpu4->cpu4_L1I PREFETCH REQUESTED:          0 ISSUED:          0 USEFUL:          0 USELESS:          0
cpu4->cpu4_L1I AVERAGE MISS LATENCY: 283.1 cycles
cpu4->cpu4_L1D TOTAL        ACCESS:   27613382 HIT:   25392029 MISS:    2221353 MSHR_MERGE:    1443030
cpu4->cpu4_L1D LOAD         ACCESS:   16305324 HIT:   15048285 MISS:    1257039 MSHR_MERGE:     745606
cpu4->cpu4_L1D RFO          ACCESS:          0 HIT:          0 MISS:          0 MSHR_MERGE:          0
cpu4->cpu4_L1D PREFETCH     ACCESS:          0 HIT:          0 MISS:          0 MSHR_MERGE:          0
cpu4->cpu4_L1D WRITE        ACCESS:   11308004 HIT:   10343744 MISS:     964260 MSHR_MERGE:     697424
cpu4->cpu4_L1D TRANSLATION  ACCESS:         54 HIT:          0 MISS:         54 MSHR_MERGE:          0
cpu4->cpu4_L1D PREFETCH REQUESTED:          0 ISSUED:          0 USEFUL:          0 USELESS:          0
cpu4->cpu4_L1D AVERAGE MISS LATENCY: 308 cycles
cpu4->cpu4_ITLB TOTAL        ACCESS:   18946889 HIT:   18946889 MISS:          0 MSHR_MERGE:          0
cpu4->cpu4_ITLB LOAD         ACCESS:   18946889 HIT:   18946889 MISS:          0 MSHR_MERGE:          0
cpu4->cpu4_ITLB RFO          ACCESS:          0 HIT:          0 MISS:          0 MSHR_MERGE:          0
cpu4->cpu4_ITLB PREFETCH     ACCESS:          0 HIT:          0 MISS:          0 MSHR_MERGE:          0
cpu4->cpu4_ITLB WRITE        ACCESS:          0 HIT:          0 MISS:          0 MSHR_MERGE:          0
cpu4->cpu4_ITLB TRANSLATION  ACCESS:          0 HIT:          0 MISS:          0 MSHR_MERGE:          0
cpu4->cpu4_ITLB PREFETCH REQUESTED:          0 ISSUED:          0 USEFUL:          0 USELESS:          0
cpu4->cpu4_ITLB AVERAGE MISS LATENCY: - cycles
cpu4->cpu4_DTLB TOTAL        ACCESS:   25544516 HIT:   25544347 MISS:        169 MSHR_MERGE:        115
cpu4->cpu4_DTLB LOAD         ACCESS:   25544516 HIT:   25544347 MISS:        169 MSHR_MERGE:        115
cpu4->cpu4_DTLB RFO          ACCESS:          0 HIT:          0 MISS:          0 MSHR_MERGE:          0
cpu4->cpu4_DTLB PREFETCH     ACCESS:          0 HIT:          0 MISS:          0 MSHR_MERGE:          0
cpu4->cpu4_DTLB WRITE        ACCESS:          0 HIT:          0 MISS:          0 MSHR_MERGE:          0
cpu4->cpu4_DTLB TRANSLATION  ACCESS:          0 HIT:          0 MISS:          0 MSHR_MERGE:          0
cpu4->cpu4_DTLB PREFETCH REQUESTED:          0 ISSUED:          0 USEFUL:          0 USELESS:          0
cpu4->cpu4_DTLB AVERAGE MISS LATENCY: 270.7 cycles
cpu3->cpu3_STLB TOTAL        ACCESS:         54 HIT:          4 MISS:         50 MSHR_MERGE:          0
cpu3->cpu3_STLB LOAD         ACCESS:         54 HIT:          4 MISS:         50 MSHR_MERGE:          0
cpu3->cpu3_STLB RFO          ACCESS:          0 HIT:          0 MISS:          0 MSHR_MERGE:          0
cpu3->cpu3_STLB PREFETCH     ACCESS:          0 HIT:          0 MISS:          0 MSHR_MERGE:          0
cpu3->cpu3_STLB WRITE        ACCESS:          0 HIT:          0 MISS:          0 MSHR_MERGE:          0
cpu3->cpu3_STLB TRANSLATION  ACCESS:          0 HIT:          0 MISS:          0 MSHR_MERGE:          0
cpu3->cpu3_STLB PREFETCH REQUESTED:          0 ISSUED:          0 USEFUL:          0 USELESS:          0
cpu3->cpu3_STLB AVERAGE MISS LATENCY: 359.2 cycles
cpu3->cpu3_L2C TOTAL        ACCESS:    1047254 HIT:     267504 MISS:     779750 MSHR_MERGE:          0
cpu3->cpu3_L2C LOAD         ACCESS:     512469 HIT:         10 MISS:     512459 MSHR_MERGE:          0
cpu3->cpu3_L2C RFO          ACCESS:     267274 HIT:        431 MISS:     266843 MSHR_MERGE:          0
cpu3->cpu3_L2C PREFETCH     ACCESS:          0 HIT:          0 MISS:          0 MSHR_MERGE:          0
cpu3->cpu3_L2C WRITE        ACCESS:     267457 HIT:     267051 MISS:        406 MSHR_MERGE:          0
cpu3->cpu3_L2C TRANSLATION  ACCESS:         54 HIT:         12 MISS:         42 MSHR_MERGE:          0
cpu3->cpu3_L2C PREFETCH REQUESTED:          0 ISSUED:          0 USEFUL:          0 USELESS:          0
cpu3->cpu3_L2C AVERAGE MISS LATENCY: 298.3 cycles
cpu3->cpu3_L1I TOTAL        ACCESS:   20495088 HIT:   20494972 MISS:        116 MSHR_MERGE:         53
cpu3->cpu3_L1I LOAD         ACCESS:   20495088 HIT:   20494972 MISS:        116 MSHR_MERGE:         53
cpu3->cpu3_L1I RFO          ACCESS:          0 HIT:          0 MISS:          0 MSHR_MERGE:          0
cpu3->cpu3_L1I PREFETCH     ACCESS:          0 HIT:          0 MISS:          0 MSHR_MERGE:          0
cpu3->cpu3_L1I WRITE        ACCESS:          0 HIT:          0 MISS:          0 MSHR_MERGE:          0
cpu3->cpu3_L1I TRANSLATION  ACCESS:          0 HIT:          0 MISS:          0 MSHR_MERGE:          0
cpu3->cpu3_L1I PREFETCH REQUESTED:          0 ISSUED:          0 USEFUL:          0 USELESS:          0
cpu3->cpu3_L1I AVERAGE MISS LATENCY: 361.8 cycles
cpu3->cpu3_L1D TOTAL        ACCESS:   27576892 HIT:   25352557 MISS:    2224335 MSHR_MERGE:    1444593
cpu3->cpu3_L1D LOAD         ACCESS:   16291407 HIT:   15032909 MISS:    1258498 MSHR_MERGE:     746092
cpu3->cpu3_L1D RFO          ACCESS:          0 HIT:          0 MISS:          0 MSHR_MERGE:          0
cpu3->cpu3_L1D PREFETCH     ACCESS:          0 HIT:          0 MISS:          0 MSHR_MERGE:          0
cpu3->cpu3_L1D WRITE        ACCESS:   11285431 HIT:   10319648 MISS:     965783 MSHR_MERGE:     698501
cpu3->cpu3_L1D TRANSLATION  ACCESS:         54 HIT:          0 MISS:         54 MSHR_MERGE:          0
cpu3->cpu3_L1D PREFETCH REQUESTED:          0 ISSUED:          0 USEFUL:          0 USELESS:          0
cpu3->cpu3_L1D AVERAGE MISS LATENCY: 307.3 cycles
cpu3->cpu3_ITLB TOTAL        ACCESS:   18947076 HIT:   18947076 MISS:          0 MSHR_MERGE:          0
cpu3->cpu3_ITLB LOAD         ACCESS:   18947076 HIT:   18947076 MISS:          0 MSHR_MERGE:          0
cpu3->cpu3_ITLB RFO          ACCESS:          0 HIT:          0 MISS:          0 MSHR_MERGE:          0
cpu3->cpu3_ITLB PREFETCH     ACCESS:          0 HIT:          0 MISS:          0 MSHR_MERGE:          0
cpu3->cpu3_ITLB WRITE        ACCESS:          0 HIT:          0 MISS:          0 MSHR_MERGE:          0
cpu3->cpu3_ITLB TRANSLATION  ACCESS:          0 HIT:          0 MISS:          0 MSHR_MERGE:          0
cpu3->cpu3_ITLB PREFETCH REQUESTED:          0 ISSUED:          0 USEFUL:          0 USELESS:          0
cpu3->cpu3_ITLB AVERAGE MISS LATENCY: - cycles
cpu3->cpu3_DTLB TOTAL        ACCESS:   25528769 HIT:   25528601 MISS:        168 MSHR_MERGE:        114
cpu3->cpu3_DTLB LOAD         ACCESS:   25528769 HIT:   25528601 MISS:        168 MSHR_MERGE:        114
cpu3->cpu3_DTLB RFO          ACCESS:          0 HIT:          0 MISS:          0 MSHR_MERGE:          0
cpu3->cpu3_DTLB PREFETCH     ACCESS:          0 HIT:          0 MISS:          0 MSHR_MERGE:          0
cpu3->cpu3_DTLB WRITE        ACCESS:          0 HIT:          0 MISS:          0 MSHR_MERGE:          0
cpu3->cpu3_DTLB TRANSLATION  ACCESS:          0 HIT:          0 MISS:          0 MSHR_MERGE:          0
cpu3->cpu3_DTLB PREFETCH REQUESTED:          0 ISSUED:          0 USEFUL:          0 USELESS:          0
cpu3->cpu3_DTLB AVERAGE MISS LATENCY: 338.6 cycles
cpu2->cpu2_STLB TOTAL        ACCESS:         54 HIT:          4 MISS:         50 MSHR_MERGE:          0
cpu2->cpu2_STLB LOAD         ACCESS:         54 HIT:          4 MISS:         50 MSHR_MERGE:          0
cpu2->cpu2_STLB RFO          ACCESS:          0 HIT:          0 MISS:          0 MSHR_MERGE:          0
cpu2->cpu2_STLB PREFETCH     ACCESS:          0 HIT:          0 MISS:          0 MSHR_MERGE:          0
cpu2->cpu2_STLB WRITE        ACCESS:          0 HIT:          0 MISS:          0 MSHR_MERGE:          0
cpu2->cpu2_STLB TRANSLATION  ACCESS:          0 HIT:          0 MISS:          0 MSHR_MERGE:          0
cpu2->cpu2_STLB PREFETCH REQUESTED:          0 ISSUED:          0 USEFUL:          0 USELESS:          0
cpu2->cpu2_STLB AVERAGE MISS LATENCY: 265.9 cycles
cpu2->cpu2_L2C TOTAL        ACCESS:    1044074 HIT:     266734 MISS:     777340 MSHR_MERGE:          0
cpu2->cpu2_L2C LOAD         ACCESS:     510841 HIT:         11 MISS:     510830 MSHR_MERGE:          0
cpu2->cpu2_L2C RFO          ACCESS:     266499 HIT:        438 MISS:     266061 MSHR_MERGE:          0
cpu2->cpu2_L2C PREFETCH     ACCESS:          0 HIT:          0 MISS:          0 MSHR_MERGE:          0
cpu2->cpu2_L2C WRITE        ACCESS:     266680 HIT:     266273 MISS:        407 MSHR_MERGE:          0
cpu2->cpu2_L2C TRANSLATION  ACCESS:         54 HIT:         12 MISS:         42 MSHR_MERGE:          0
cpu2->cpu2_L2C PREFETCH REQUESTED:          0 ISSUED:          0 USEFUL:          0 USELESS:          0
cpu2->cpu2_L2C AVERAGE MISS LATENCY: 299.2 cycles
cpu2->cpu2_L1I TOTAL        ACCESS:   20534410 HIT:   20534303 MISS:        107 MSHR_MERGE:         44
cpu2->cpu2_L1I LOAD         ACCESS:   20534410 HIT:   20534303 MISS:        107 MSHR_MERGE:         44
cpu2->cpu2_L1I RFO          ACCESS:          0 HIT:          0 MISS:          0 MSHR_MERGE:          0
cpu2->cpu2_L1I PREFETCH     ACCESS:          0 HIT:          0 MISS:          0 MSHR_MERGE:          0
cpu2->cpu2_L1I WRITE        ACCESS:          0 HIT:          0 MISS:          0 MSHR_MERGE:          0
cpu2->cpu2_L1I TRANSLATION  ACCESS:          0 HIT:          0 MISS:          0 MSHR_MERGE:          0
cpu2->cpu2_L1I PREFETCH REQUESTED:          0 ISSUED:          0 USEFUL:          0 USELESS:          0
cpu2->cpu2_L1I AVERAGE MISS LATENCY: 252.4 cycles
cpu2->cpu2_L1D TOTAL        ACCESS:   27600783 HIT:   25366767 MISS:    2234016 MSHR_MERGE:    1456682
cpu2->cpu2_L1D LOAD         ACCESS:   16292566 HIT:   15020185 MISS:    1272381 MSHR_MERGE:     761603
cpu2->cpu2_L1D RFO          ACCESS:          0 HIT:          0 MISS:          0 MSHR_MERGE:          0
cpu2->cpu2_L1D PREFETCH     ACCESS:          0 HIT:          0 MISS:          0 MSHR_MERGE:          0
cpu2->cpu2_L1D WRITE        ACCESS:   11308163 HIT:   10346582 MISS:     961581 MSHR_MERGE:     695079
cpu2->cpu2_L1D TRANSLATION  ACCESS:         54 HIT:          0 MISS:         54 MSHR_MERGE:          0
cpu2->cpu2_L1D PREFETCH REQUESTED:          0 ISSUED:          0 USEFUL:          0 USELESS:          0
cpu2->cpu2_L1D AVERAGE MISS LATENCY: 308.2 cycles
cpu2->cpu2_ITLB TOTAL        ACCESS:   18947911 HIT:   18947911 MISS:          0 MSHR_MERGE:          0
cpu2->cpu2_ITLB LOAD         ACCESS:   18947911 HIT:   18947911 MISS:          0 MSHR_MERGE:          0
cpu2->cpu2_ITLB RFO          ACCESS:          0 HIT:          0 MISS:          0 MSHR_MERGE:          0
cpu2->cpu2_ITLB PREFETCH     ACCESS:          0 HIT:          0 MISS:          0 MSHR_MERGE:          0
cpu2->cpu2_ITLB WRITE        ACCESS:          0 HIT:          0 MISS:          0 MSHR_MERGE:          0
cpu2->cpu2_ITLB TRANSLATION  ACCESS:          0 HIT:          0 MISS:          0 MSHR_MERGE:          0
cpu2->cpu2_ITLB PREFETCH REQUESTED:          0 ISSUED:          0 USEFUL:          0 USELESS:          0
cpu2->cpu2_ITLB AVERAGE MISS LATENCY: - cycles
cpu2->cpu2_DTLB TOTAL        ACCESS:   25528852 HIT:   25528682 MISS:        170 MSHR_MERGE:        116
cpu2->cpu2_DTLB LOAD         ACCESS:   25528852 HIT:   25528682 MISS:        170 MSHR_MERGE:        116
cpu2->cpu2_DTLB RFO          ACCESS:          0 HIT:          0 MISS:          0 MSHR_MERGE:          0
cpu2->cpu2_DTLB PREFETCH     ACCESS:          0 HIT:          0 MISS:          0 MSHR_MERGE:          0
cpu2->cpu2_DTLB WRITE        ACCESS:          0 HIT:          0 MISS:          0 MSHR_MERGE:          0
cpu2->cpu2_DTLB TRANSLATION  ACCESS:          0 HIT:          0 MISS:          0 MSHR_MERGE:          0
cpu2->cpu2_DTLB PREFETCH REQUESTED:          0 ISSUED:          0 USEFUL:          0 USELESS:          0
cpu2->cpu2_DTLB AVERAGE MISS LATENCY: 252.1 cycles
cpu1->cpu1_STLB TOTAL        ACCESS:         54 HIT:          4 MISS:         50 MSHR_MERGE:          0
cpu1->cpu1_STLB LOAD         ACCESS:         54 HIT:          4 MISS:         50 MSHR_MERGE:          0
cpu1->cpu1_STLB RFO          ACCESS:          0 HIT:          0 MISS:          0 MSHR_MERGE:          0
cpu1->cpu1_STLB PREFETCH     ACCESS:          0 HIT:          0 MISS:          0 MSHR_MERGE:          0
cpu1->cpu1_STLB WRITE        ACCESS:          0 HIT:          0 MISS:          0 MSHR_MERGE:          0
cpu1->cpu1_STLB TRANSLATION  ACCESS:          0 HIT:          0 MISS:          0 MSHR_MERGE:          0
cpu1->cpu1_STLB PREFETCH REQUESTED:          0 ISSUED:          0 USEFUL:          0 USELESS:          0
cpu1->cpu1_STLB AVERAGE MISS LATENCY: 274.3 cycles
cpu1->cpu1_L2C TOTAL        ACCESS:    1043375 HIT:     266556 MISS:     776819 MSHR_MERGE:          0
cpu1->cpu1_L2C LOAD         ACCESS:     510488 HIT:         12 MISS:     510476 MSHR_MERGE:          0
cpu1->cpu1_L2C RFO          ACCESS:     266325 HIT:        432 MISS:     265893 MSHR_MERGE:          0
cpu1->cpu1_L2C PREFETCH     ACCESS:          0 HIT:          0 MISS:          0 MSHR_MERGE:          0
cpu1->cpu1_L2C WRITE        ACCESS:     266508 HIT:     266100 MISS:        408 MSHR_MERGE:          0
cpu1->cpu1_L2C TRANSLATION  ACCESS:         54 HIT:         12 MISS:         42 MSHR_MERGE:          0
cpu1->cpu1_L2C PREFETCH REQUESTED:          0 ISSUED:          0 USEFUL:          0 USELESS:          0
cpu1->cpu1_L2C AVERAGE MISS LATENCY: 299.1 cycles
cpu1->cpu1_L1I TOTAL        ACCESS:   20529623 HIT:   20529506 MISS:        117 MSHR_MERGE:         54
cpu1->cpu1_L1I LOAD         ACCESS:   20529623 HIT:   20529506 MISS:        117 MSHR_MERGE:         54
cpu1->cpu1_L1I RFO          ACCESS:          0 HIT:          0 MISS:          0 MSHR_MERGE:          0
cpu1->cpu1_L1I PREFETCH     ACCESS:          0 HIT:          0 MISS:          0 MSHR_MERGE:          0
cpu1->cpu1_L1I WRITE        ACCESS:          0 HIT:          0 MISS:          0 MSHR_MERGE:          0
cpu1->cpu1_L1I TRANSLATION  ACCESS:          0 HIT:          0 MISS:          0 MSHR_MERGE:          0
cpu1->cpu1_L1I PREFETCH REQUESTED:          0 ISSUED:          0 USEFUL:          0 USELESS:          0
cpu1->cpu1_L1I AVERAGE MISS LATENCY: 258.8 cycles
cpu1->cpu1_L1D TOTAL        ACCESS:   27602696 HIT:   25382686 MISS:    2220010 MSHR_MERGE:    1443197
cpu1->cpu1_L1D LOAD         ACCESS:   16287507 HIT:   15028103 MISS:    1259404 MSHR_MERGE:     748979
cpu1->cpu1_L1D RFO          ACCESS:          0 HIT:          0 MISS:          0 MSHR_MERGE:          0
cpu1->cpu1_L1D PREFETCH     ACCESS:          0 HIT:          0 MISS:          0 MSHR_MERGE:          0
cpu1->cpu1_L1D WRITE        ACCESS:   11315135 HIT:   10354583 MISS:     960552 MSHR_MERGE:     694218
cpu1->cpu1_L1D TRANSLATION  ACCESS:         54 HIT:          0 MISS:         54 MSHR_MERGE:          0
cpu1->cpu1_L1D PREFETCH REQUESTED:          0 ISSUED:          0 USEFUL:          0 USELESS:          0
cpu1->cpu1_L1D AVERAGE MISS LATENCY: 308.2 cycles
cpu1->cpu1_ITLB TOTAL        ACCESS:   18966995 HIT:   18966995 MISS:          0 MSHR_MERGE:          0
cpu1->cpu1_ITLB LOAD         ACCESS:   18966995 HIT:   18966995 MISS:          0 MSHR_MERGE:          0
cpu1->cpu1_ITLB RFO          ACCESS:          0 HIT:          0 MISS:          0 MSHR_MERGE:          0
cpu1->cpu1_ITLB PREFETCH     ACCESS:          0 HIT:          0 MISS:          0 MSHR_MERGE:          0
cpu1->cpu1_ITLB WRITE        ACCESS:          0 HIT:          0 MISS:          0 MSHR_MERGE:          0
cpu1->cpu1_ITLB TRANSLATION  ACCESS:          0 HIT:          0 MISS:          0 MSHR_MERGE:          0
cpu1->cpu1_ITLB PREFETCH REQUESTED:          0 ISSUED:          0 USEFUL:          0 USELESS:          0
cpu1->cpu1_ITLB AVERAGE MISS LATENCY: - cycles
cpu1->cpu1_DTLB TOTAL        ACCESS:   25539751 HIT:   25539578 MISS:        173 MSHR_MERGE:        119
cpu1->cpu1_DTLB LOAD         ACCESS:   25539751 HIT:   25539578 MISS:        173 MSHR_MERGE:        119
cpu1->cpu1_DTLB RFO          ACCESS:          0 HIT:          0 MISS:          0 MSHR_MERGE:          0
cpu1->cpu1_DTLB PREFETCH     ACCESS:          0 HIT:          0 MISS:          0 MSHR_MERGE:          0
cpu1->cpu1_DTLB WRITE        ACCESS:          0 HIT:          0 MISS:          0 MSHR_MERGE:          0
cpu1->cpu1_DTLB TRANSLATION  ACCESS:          0 HIT:          0 MISS:          0 MSHR_MERGE:          0
cpu1->cpu1_DTLB PREFETCH REQUESTED:          0 ISSUED:          0 USEFUL:          0 USELESS:          0
cpu1->cpu1_DTLB AVERAGE MISS LATENCY: 259.9 cycles
cpu0->cpu0_STLB TOTAL        ACCESS:         54 HIT:          4 MISS:         50 MSHR_MERGE:          0
cpu0->cpu0_STLB LOAD         ACCESS:         54 HIT:          4 MISS:         50 MSHR_MERGE:          0
cpu0->cpu0_STLB RFO          ACCESS:          0 HIT:          0 MISS:          0 MSHR_MERGE:          0
cpu0->cpu0_STLB PREFETCH     ACCESS:          0 HIT:          0 MISS:          0 MSHR_MERGE:          0
cpu0->cpu0_STLB WRITE        ACCESS:          0 HIT:          0 MISS:          0 MSHR_MERGE:          0
cpu0->cpu0_STLB TRANSLATION  ACCESS:          0 HIT:          0 MISS:          0 MSHR_MERGE:          0
cpu0->cpu0_STLB PREFETCH REQUESTED:          0 ISSUED:          0 USEFUL:          0 USELESS:          0
cpu0->cpu0_STLB AVERAGE MISS LATENCY: 261.2 cycles
cpu0->cpu0_L2C TOTAL        ACCESS:    1046883 HIT:     267415 MISS:     779468 MSHR_MERGE:          0
cpu0->cpu0_L2C LOAD         ACCESS:     512282 HIT:         12 MISS:     512270 MSHR_MERGE:          0
cpu0->cpu0_L2C RFO          ACCESS:     267177 HIT:        429 MISS:     266748 MSHR_MERGE:          0
cpu0->cpu0_L2C PREFETCH     ACCESS:          0 HIT:          0 MISS:          0 MSHR_MERGE:          0
cpu0->cpu0_L2C WRITE        ACCESS:     267370 HIT:     266962 MISS:        408 MSHR_MERGE:          0
cpu0->cpu0_L2C TRANSLATION  ACCESS:         54 HIT:         12 MISS:         42 MSHR_MERGE:          0
cpu0->cpu0_L2C PREFETCH REQUESTED:          0 ISSUED:          0 USEFUL:          0 USELESS:          0
cpu0->cpu0_L2C AVERAGE MISS LATENCY: 298.2 cycles
cpu0->cpu0_L1I TOTAL        ACCESS:   20495378 HIT:   20495269 MISS:        109 MSHR_MERGE:         46
cpu0->cpu0_L1I LOAD         ACCESS:   20495378 HIT:   20495269 MISS:        109 MSHR_MERGE:         46
cpu0->cpu0_L1I RFO          ACCESS:          0 HIT:          0 MISS:          0 MSHR_MERGE:          0
cpu0->cpu0_L1I PREFETCH     ACCESS:          0 HIT:          0 MISS:          0 MSHR_MERGE:          0
cpu0->cpu0_L1I WRITE        ACCESS:          0 HIT:          0 MISS:          0 MSHR_MERGE:          0
cpu0->cpu0_L1I TRANSLATION  ACCESS:          0 HIT:          0 MISS:          0 MSHR_MERGE:          0
cpu0->cpu0_L1I PREFETCH REQUESTED:          0 ISSUED:          0 USEFUL:          0 USELESS:          0
cpu0->cpu0_L1I AVERAGE MISS LATENCY: 267.4 cycles
cpu0->cpu0_L1D TOTAL        ACCESS:   27583978 HIT:   25362425 MISS:    2221553 MSHR_MERGE:    1442093
cpu0->cpu0_L1D LOAD         ACCESS:   16298439 HIT:   15042001 MISS:    1256438 MSHR_MERGE:     744219
cpu0->cpu0_L1D RFO          ACCESS:          0 HIT:          0 MISS:          0 MSHR_MERGE:          0
cpu0->cpu0_L1D PREFETCH     ACCESS:          0 HIT:          0 MISS:          0 MSHR_MERGE:          0
cpu0->cpu0_L1D WRITE        ACCESS:   11285485 HIT:   10320424 MISS:     965061 MSHR_MERGE:     697874
cpu0->cpu0_L1D TRANSLATION  ACCESS:         54 HIT:          0 MISS:         54 MSHR_MERGE:          0
cpu0->cpu0_L1D PREFETCH REQUESTED:          0 ISSUED:          0 USEFUL:          0 USELESS:          0
cpu0->cpu0_L1D AVERAGE MISS LATENCY: 307.2 cycles
cpu0->cpu0_ITLB TOTAL        ACCESS:   18950712 HIT:   18950712 MISS:          0 MSHR_MERGE:          0
cpu0->cpu0_ITLB LOAD         ACCESS:   18950712 HIT:   18950712 MISS:          0 MSHR_MERGE:          0
cpu0->cpu0_ITLB RFO          ACCESS:          0 HIT:          0 MISS:          0 MSHR_MERGE:          0
cpu0->cpu0_ITLB PREFETCH     ACCESS:          0 HIT:          0 MISS:          0 MSHR_MERGE:          0
cpu0->cpu0_ITLB WRITE        ACCESS:          0 HIT:          0 MISS:          0 MSHR_MERGE:          0
cpu0->cpu0_ITLB TRANSLATION  ACCESS:          0 HIT:          0 MISS:          0 MSHR_MERGE:          0
cpu0->cpu0_ITLB PREFETCH REQUESTED:          0 ISSUED:          0 USEFUL:          0 USELESS:          0
cpu0->cpu0_ITLB AVERAGE MISS LATENCY: - cycles
cpu0->cpu0_DTLB TOTAL        ACCESS:   25530591 HIT:   25530431 MISS:        160 MSHR_MERGE:        106
cpu0->cpu0_DTLB LOAD         ACCESS:   25530591 HIT:   25530431 MISS:        160 MSHR_MERGE:        106
cpu0->cpu0_DTLB RFO          ACCESS:          0 HIT:          0 MISS:          0 MSHR_MERGE:          0
cpu0->cpu0_DTLB PREFETCH     ACCESS:          0 HIT:          0 MISS:          0 MSHR_MERGE:          0
cpu0->cpu0_DTLB WRITE        ACCESS:          0 HIT:          0 MISS:          0 MSHR_MERGE:          0
cpu0->cpu0_DTLB TRANSLATION  ACCESS:          0 HIT:          0 MISS:          0 MSHR_MERGE:          0
cpu0->cpu0_DTLB PREFETCH REQUESTED:          0 ISSUED:          0 USEFUL:          0 USELESS:          0
cpu0->cpu0_DTLB AVERAGE MISS LATENCY: 247.8 cycles
cpu0->LLC TOTAL        ACCESS:    1046885 HIT:     248008 MISS:     798877 MSHR_MERGE:          0
cpu0->LLC LOAD         ACCESS:     512270 HIT:          0 MISS:     512270 MSHR_MERGE:          0
cpu0->LLC RFO          ACCESS:     266748 HIT:          0 MISS:     266748 MSHR_MERGE:          0
cpu0->LLC PREFETCH     ACCESS:          0 HIT:          0 MISS:          0 MSHR_MERGE:          0
cpu0->LLC WRITE        ACCESS:     267825 HIT:     247970 MISS:      19855 MSHR_MERGE:          0
cpu0->LLC TRANSLATION  ACCESS:         42 HIT:         38 MISS:          4 MSHR_MERGE:          0
cpu0->LLC PREFETCH REQUESTED:          0 ISSUED:          0 USEFUL:          0 USELESS:          0
cpu0->LLC AVERAGE MISS LATENCY: 2202 cycles
cpu1->LLC TOTAL        ACCESS:    1043404 HIT:     248827 MISS:     794577 MSHR_MERGE:          0
cpu1->LLC LOAD         ACCESS:     510476 HIT:          0 MISS:     510476 MSHR_MERGE:          0
cpu1->LLC RFO          ACCESS:     265893 HIT:          0 MISS:     265893 MSHR_MERGE:          0
cpu1->LLC PREFETCH     ACCESS:          0 HIT:          0 MISS:          0 MSHR_MERGE:          0
cpu1->LLC WRITE        ACCESS:     266993 HIT:     248789 MISS:      18204 MSHR_MERGE:          0
cpu1->LLC TRANSLATION  ACCESS:         42 HIT:         38 MISS:          4 MSHR_MERGE:          0
cpu1->LLC PREFETCH REQUESTED:          0 ISSUED:          0 USEFUL:          0 USELESS:          0
cpu1->LLC AVERAGE MISS LATENCY: 2214 cycles
cpu2->LLC TOTAL        ACCESS:    1044084 HIT:     248115 MISS:     795969 MSHR_MERGE:          0
cpu2->LLC LOAD         ACCESS:     510827 HIT:          0 MISS:     510827 MSHR_MERGE:          0
cpu2->LLC RFO          ACCESS:     266061 HIT:          0 MISS:     266061 MSHR_MERGE:          0
cpu2->LLC PREFETCH     ACCESS:          0 HIT:          0 MISS:          0 MSHR_MERGE:          0
cpu2->LLC WRITE        ACCESS:     267154 HIT:     248077 MISS:      19077 MSHR_MERGE:          0
cpu2->LLC TRANSLATION  ACCESS:         42 HIT:         38 MISS:          4 MSHR_MERGE:          0
cpu2->LLC PREFETCH REQUESTED:          0 ISSUED:          0 USEFUL:          0 USELESS:          0
cpu2->LLC AVERAGE MISS LATENCY: 2210 cycles
cpu3->LLC TOTAL        ACCESS:    1047266 HIT:     248192 MISS:     799074 MSHR_MERGE:          0
cpu3->LLC LOAD         ACCESS:     512459 HIT:          0 MISS:     512459 MSHR_MERGE:          0
cpu3->LLC RFO          ACCESS:     266843 HIT:          0 MISS:     266843 MSHR_MERGE:          0
cpu3->LLC PREFETCH     ACCESS:          0 HIT:          0 MISS:          0 MSHR_MERGE:          0
cpu3->LLC WRITE        ACCESS:     267922 HIT:     248173 MISS:      19749 MSHR_MERGE:          0
cpu3->LLC TRANSLATION  ACCESS:         42 HIT:         19 MISS:         23 MSHR_MERGE:          0
cpu3->LLC PREFETCH REQUESTED:          0 ISSUED:          0 USEFUL:          0 USELESS:          0
cpu3->LLC AVERAGE MISS LATENCY: 2201 cycles
cpu4->LLC TOTAL        ACCESS:    1045447 HIT:     247625 MISS:     797822 MSHR_MERGE:          0
cpu4->LLC LOAD         ACCESS:     511485 HIT:          0 MISS:     511485 MSHR_MERGE:          0
cpu4->LLC RFO          ACCESS:     266395 HIT:          0 MISS:     266395 MSHR_MERGE:          0
cpu4->LLC PREFETCH     ACCESS:          0 HIT:          0 MISS:          0 MSHR_MERGE:          0
cpu4->LLC WRITE        ACCESS:     267525 HIT:     247587 MISS:      19938 MSHR_MERGE:          0
cpu4->LLC TRANSLATION  ACCESS:         42 HIT:         38 MISS:          4 MSHR_MERGE:          0
cpu4->LLC PREFETCH REQUESTED:          0 ISSUED:          0 USEFUL:          0 USELESS:          0
cpu4->LLC AVERAGE MISS LATENCY: 2205 cycles
cpu5->LLC TOTAL        ACCESS:    1046628 HIT:     247929 MISS:     798699 MSHR_MERGE:          0
cpu5->LLC LOAD         ACCESS:     512077 HIT:          0 MISS:     512077 MSHR_MERGE:          0
cpu5->LLC RFO          ACCESS:     266684 HIT:          0 MISS:     266684 MSHR_MERGE:          0
cpu5->LLC PREFETCH     ACCESS:          0 HIT:          0 MISS:          0 MSHR_MERGE:          0
cpu5->LLC WRITE        ACCESS:     267825 HIT:     247891 MISS:      19934 MSHR_MERGE:          0
cpu5->LLC TRANSLATION  ACCESS:         42 HIT:         38 MISS:          4 MSHR_MERGE:          0
cpu5->LLC PREFETCH REQUESTED:          0 ISSUED:          0 USEFUL:          0 USELESS:          0
cpu5->LLC AVERAGE MISS LATENCY: 2202 cycles
cpu6->LLC TOTAL        ACCESS:    1044360 HIT:     247300 MISS:     797060 MSHR_MERGE:          0
cpu6->LLC LOAD         ACCESS:     510983 HIT:          0 MISS:     510983 MSHR_MERGE:          0
cpu6->LLC RFO          ACCESS:     266107 HIT:          0 MISS:     266107 MSHR_MERGE:          0
cpu6->LLC PREFETCH     ACCESS:          0 HIT:          0 MISS:          0 MSHR_MERGE:          0
cpu6->LLC WRITE        ACCESS:     267228 HIT:     247263 MISS:      19965 MSHR_MERGE:          0
cpu6->LLC TRANSLATION  ACCESS:         42 HIT:         37 MISS:          5 MSHR_MERGE:          0
cpu6->LLC PREFETCH REQUESTED:          0 ISSUED:          0 USEFUL:          0 USELESS:          0
cpu6->LLC AVERAGE MISS LATENCY: 2207 cycles
cpu7->LLC TOTAL        ACCESS:    1046074 HIT:     247905 MISS:     798169 MSHR_MERGE:          0
cpu7->LLC LOAD         ACCESS:     511805 HIT:          0 MISS:     511805 MSHR_MERGE:          0
cpu7->LLC RFO          ACCESS:     266554 HIT:          0 MISS:     266554 MSHR_MERGE:          0
cpu7->LLC PREFETCH     ACCESS:          0 HIT:          0 MISS:          0 MSHR_MERGE:          0
cpu7->LLC WRITE        ACCESS:     267673 HIT:     247867 MISS:      19806 MSHR_MERGE:          0
cpu7->LLC TRANSLATION  ACCESS:         42 HIT:         38 MISS:          4 MSHR_MERGE:          0
cpu7->LLC PREFETCH REQUESTED:          0 ISSUED:          0 USEFUL:          0 USELESS:          0
cpu7->LLC AVERAGE MISS LATENCY: 2204 cycles

Region of Interest Statistics

CPU 7 cumulative IPC: 0.7728 instructions: 100000001 cycles: 129406645
CPU 7 Branch Prediction Accuracy: 100% MPKI: 0 Average ROB Occupancy at Mispredict: -
Branch type MPKI
BRANCH_DIRECT_JUMP: 0
BRANCH_INDIRECT: 0
BRANCH_CONDITIONAL: 0
BRANCH_DIRECT_CALL: 0
BRANCH_INDIRECT_CALL: 0
BRANCH_RETURN: 0


CPU 6 cumulative IPC: 0.7675 instructions: 100000003 cycles: 130296292
CPU 6 Branch Prediction Accuracy: 100% MPKI: 0 Average ROB Occupancy at Mispredict: -
Branch type MPKI
BRANCH_DIRECT_JUMP: 0
BRANCH_INDIRECT: 0
BRANCH_CONDITIONAL: 0
BRANCH_DIRECT_CALL: 0
BRANCH_INDIRECT_CALL: 0
BRANCH_RETURN: 0


CPU 5 cumulative IPC: 0.7741 instructions: 100000002 cycles: 129188616
CPU 5 Branch Prediction Accuracy: 100% MPKI: 0 Average ROB Occupancy at Mispredict: -
Branch type MPKI
BRANCH_DIRECT_JUMP: 0
BRANCH_INDIRECT: 0
BRANCH_CONDITIONAL: 0
BRANCH_DIRECT_CALL: 0
BRANCH_INDIRECT_CALL: 0
BRANCH_RETURN: 0


CPU 4 cumulative IPC: 0.7724 instructions: 100000001 cycles: 129467988
CPU 4 Branch Prediction Accuracy: 100% MPKI: 0 Average ROB Occupancy at Mispredict: -
Branch type MPKI
BRANCH_DIRECT_JUMP: 0
BRANCH_INDIRECT: 0
BRANCH_CONDITIONAL: 0
BRANCH_DIRECT_CALL: 0
BRANCH_INDIRECT_CALL: 0
BRANCH_RETURN: 0


CPU 3 cumulative IPC: 0.7689 instructions: 100000003 cycles: 130050599
CPU 3 Branch Prediction Accuracy: 100% MPKI: 0 Average ROB Occupancy at Mispredict: -
Branch type MPKI
BRANCH_DIRECT_JUMP: 0
BRANCH_INDIRECT: 0
BRANCH_CONDITIONAL: 0
BRANCH_DIRECT_CALL: 0
BRANCH_INDIRECT_CALL: 0
BRANCH_RETURN: 0


CPU 2 cumulative IPC: 0.7728 instructions: 100000002 cycles: 129399094
CPU 2 Branch Prediction Accuracy: 100% MPKI: 0 Average ROB Occupancy at Mispredict: -
Branch type MPKI
BRANCH_DIRECT_JUMP: 0
BRANCH_INDIRECT: 0
BRANCH_CONDITIONAL: 0
BRANCH_DIRECT_CALL: 0
BRANCH_INDIRECT_CALL: 0
BRANCH_RETURN: 0


CPU 1 cumulative IPC: 0.7718 instructions: 100000002 cycles: 129564971
CPU 1 Branch Prediction Accuracy: 100% MPKI: 0 Average ROB Occupancy at Mispredict: -
Branch type MPKI
BRANCH_DIRECT_JUMP: 0
BRANCH_INDIRECT: 0
BRANCH_CONDITIONAL: 0
BRANCH_DIRECT_CALL: 0
BRANCH_INDIRECT_CALL: 0
BRANCH_RETURN: 0


CPU 0 cumulative IPC: 0.7687 instructions: 100000002 cycles: 130091974
CPU 0 Branch Prediction Accuracy: 100% MPKI: 0 Average ROB Occupancy at Mispredict: -
Branch type MPKI
BRANCH_DIRECT_JUMP: 0
BRANCH_INDIRECT: 0
BRANCH_CONDITIONAL: 0
BRANCH_DIRECT_CALL: 0
BRANCH_INDIRECT_CALL: 0
BRANCH_RETURN: 0

cpu7->cpu7_STLB TOTAL        ACCESS:         54 HIT:          4 MISS:         50 MSHR_MERGE:          0
cpu7->cpu7_STLB LOAD         ACCESS:         54 HIT:          4 MISS:         50 MSHR_MERGE:          0
cpu7->cpu7_STLB RFO          ACCESS:          0 HIT:          0 MISS:          0 MSHR_MERGE:          0
cpu7->cpu7_STLB PREFETCH     ACCESS:          0 HIT:          0 MISS:          0 MSHR_MERGE:          0
cpu7->cpu7_STLB WRITE        ACCESS:          0 HIT:          0 MISS:          0 MSHR_MERGE:          0
cpu7->cpu7_STLB TRANSLATION  ACCESS:          0 HIT:          0 MISS:          0 MSHR_MERGE:          0
cpu7->cpu7_STLB PREFETCH REQUESTED:          0 ISSUED:          0 USEFUL:          0 USELESS:          0
cpu7->cpu7_STLB AVERAGE MISS LATENCY: 268.6 cycles
cpu7->cpu7_L2C TOTAL        ACCESS:    1046022 HIT:     267211 MISS:     778811 MSHR_MERGE:          0
cpu7->cpu7_L2C LOAD         ACCESS:     511818 HIT:         13 MISS:     511805 MSHR_MERGE:          0
cpu7->cpu7_L2C RFO          ACCESS:     266985 HIT:        430 MISS:     266555 MSHR_MERGE:          0
cpu7->cpu7_L2C PREFETCH     ACCESS:          0 HIT:          0 MISS:          0 MSHR_MERGE:          0
cpu7->cpu7_L2C WRITE        ACCESS:     267165 HIT:     266756 MISS:        409 MSHR_MERGE:          0
cpu7->cpu7_L2C TRANSLATION  ACCESS:         54 HIT:         12 MISS:         42 MSHR_MERGE:          0
cpu7->cpu7_L2C PREFETCH REQUESTED:          0 ISSUED:          0 USEFUL:          0 USELESS:          0
cpu7->cpu7_L2C AVERAGE MISS LATENCY: 298.3 cycles
cpu7->cpu7_L1I TOTAL        ACCESS:   20533307 HIT:   20533200 MISS:        107 MSHR_MERGE:         44
cpu7->cpu7_L1I LOAD         ACCESS:   20533307 HIT:   20533200 MISS:        107 MSHR_MERGE:         44
cpu7->cpu7_L1I RFO          ACCESS:          0 HIT:          0 MISS:          0 MSHR_MERGE:          0
cpu7->cpu7_L1I PREFETCH     ACCESS:          0 HIT:          0 MISS:          0 MSHR_MERGE:          0
cpu7->cpu7_L1I WRITE        ACCESS:          0 HIT:          0 MISS:          0 MSHR_MERGE:          0
cpu7->cpu7_L1I TRANSLATION  ACCESS:          0 HIT:          0 MISS:          0 MSHR_MERGE:          0
cpu7->cpu7_L1I PREFETCH REQUESTED:          0 ISSUED:          0 USEFUL:          0 USELESS:          0
cpu7->cpu7_L1I AVERAGE MISS LATENCY: 269.9 cycles
cpu7->cpu7_L1D TOTAL        ACCESS:   27601722 HIT:   25380826 MISS:    2220896 MSHR_MERGE:    1442090
cpu7->cpu7_L1D LOAD         ACCESS:   16297688 HIT:   15039513 MISS:    1258175 MSHR_MERGE:     746419
cpu7->cpu7_L1D RFO          ACCESS:          0 HIT:          0 MISS:          0 MSHR_MERGE:          0
cpu7->cpu7_L1D PREFETCH     ACCESS:          0 HIT:          0 MISS:          0 MSHR_MERGE:          0
cpu7->cpu7_L1D WRITE        ACCESS:   11303980 HIT:   10341313 MISS:     962667 MSHR_MERGE:     695671
cpu7->cpu7_L1D TRANSLATION  ACCESS:         54 HIT:          0 MISS:         54 MSHR_MERGE:          0
cpu7->cpu7_L1D PREFETCH REQUESTED:          0 ISSUED:          0 USEFUL:          0 USELESS:          0
cpu7->cpu7_L1D AVERAGE MISS LATENCY: 307.3 cycles
cpu7->cpu7_ITLB TOTAL        ACCESS:   18934057 HIT:   18934057 MISS:          0 MSHR_MERGE:          0
cpu7->cpu7_ITLB LOAD         ACCESS:   18934057 HIT:   18934057 MISS:          0 MSHR_MERGE:          0
cpu7->cpu7_ITLB RFO          ACCESS:          0 HIT:          0 MISS:          0 MSHR_MERGE:          0
cpu7->cpu7_ITLB PREFETCH     ACCESS:          0 HIT:          0 MISS:          0 MSHR_MERGE:          0
cpu7->cpu7_ITLB WRITE        ACCESS:          0 HIT:          0 MISS:          0 MSHR_MERGE:          0
cpu7->cpu7_ITLB TRANSLATION  ACCESS:          0 HIT:          0 MISS:          0 MSHR_MERGE:          0
cpu7->cpu7_ITLB PREFETCH REQUESTED:          0 ISSUED:          0 USEFUL:          0 USELESS:          0
cpu7->cpu7_ITLB AVERAGE MISS LATENCY: - cycles
cpu7->cpu7_DTLB TOTAL        ACCESS:   25544141 HIT:   25543971 MISS:        170 MSHR_MERGE:        116
cpu7->cpu7_DTLB LOAD         ACCESS:   25544141 HIT:   25543971 MISS:        170 MSHR_MERGE:        116
cpu7->cpu7_DTLB RFO          ACCESS:          0 HIT:          0 MISS:          0 MSHR_MERGE:          0
cpu7->cpu7_DTLB PREFETCH     ACCESS:          0 HIT:          0 MISS:          0 MSHR_MERGE:          0
cpu7->cpu7_DTLB WRITE        ACCESS:          0 HIT:          0 MISS:          0 MSHR_MERGE:          0
cpu7->cpu7_DTLB TRANSLATION  ACCESS:          0 HIT:          0 MISS:          0 MSHR_MERGE:          0
cpu7->cpu7_DTLB PREFETCH REQUESTED:          0 ISSUED:          0 USEFUL:          0 USELESS:          0
cpu7->cpu7_DTLB AVERAGE MISS LATENCY: 254.6 cycles
cpu6->cpu6_STLB TOTAL        ACCESS:         54 HIT:          4 MISS:         50 MSHR_MERGE:          0
cpu6->cpu6_STLB LOAD         ACCESS:         54 HIT:          4 MISS:         50 MSHR_MERGE:          0
cpu6->cpu6_STLB RFO          ACCESS:          0 HIT:          0 MISS:          0 MSHR_MERGE:          0
cpu6->cpu6_STLB PREFETCH     ACCESS:          0 HIT:          0 MISS:          0 MSHR_MERGE:          0
cpu6->cpu6_STLB WRITE        ACCESS:          0 HIT:          0 MISS:          0 MSHR_MERGE:          0
cpu6->cpu6_STLB TRANSLATION  ACCESS:          0 HIT:          0 MISS:          0 MSHR_MERGE:          0
cpu6->cpu6_STLB PREFETCH REQUESTED:          0 ISSUED:          0 USEFUL:          0 USELESS:          0
cpu6->cpu6_STLB AVERAGE MISS LATENCY: 265.7 cycles
cpu6->cpu6_L2C TOTAL        ACCESS:    1044311 HIT:     266771 MISS:     777540 MSHR_MERGE:          0
cpu6->cpu6_L2C LOAD         ACCESS:     510995 HIT:         12 MISS:     510983 MSHR_MERGE:          0
cpu6->cpu6_L2C RFO          ACCESS:     266541 HIT:        434 MISS:     266107 MSHR_MERGE:          0
cpu6->cpu6_L2C PREFETCH     ACCESS:          0 HIT:          0 MISS:          0 MSHR_MERGE:          0
cpu6->cpu6_L2C WRITE        ACCESS:     266721 HIT:     266313 MISS:        408 MSHR_MERGE:          0
cpu6->cpu6_L2C TRANSLATION  ACCESS:         54 HIT:         12 MISS:         42 MSHR_MERGE:          0
cpu6->cpu6_L2C PREFETCH REQUESTED:          0 ISSUED:          0 USEFUL:          0 USELESS:          0
cpu6->cpu6_L2C AVERAGE MISS LATENCY: 296.6 cycles
cpu6->cpu6_L1I TOTAL        ACCESS:   20479328 HIT:   20479216 MISS:        112 MSHR_MERGE:         49
cpu6->cpu6_L1I LOAD         ACCESS:   20479328 HIT:   20479216 MISS:        112 MSHR_MERGE:         49
cpu6->cpu6_L1I RFO          ACCESS:          0 HIT:          0 MISS:          0 MSHR_MERGE:          0
cpu6->cpu6_L1I PREFETCH     ACCESS:          0 HIT:          0 MISS:          0 MSHR_MERGE:          0
cpu6->cpu6_L1I WRITE        ACCESS:          0 HIT:          0 MISS:          0 MSHR_MERGE:          0
cpu6->cpu6_L1I TRANSLATION  ACCESS:          0 HIT:          0 MISS:          0 MSHR_MERGE:          0
cpu6->cpu6_L1I PREFETCH REQUESTED:          0 ISSUED:          0 USEFUL:          0 USELESS:          0
cpu6->cpu6_L1I AVERAGE MISS LATENCY: 243.3 cycles
cpu6->cpu6_L1D TOTAL        ACCESS:   27540338 HIT:   25333441 MISS:    2206897 MSHR_MERGE:    1429365
cpu6->cpu6_L1D LOAD         ACCESS:   16261737 HIT:   15013817 MISS:    1247920 MSHR_MERGE:     736988
cpu6->cpu6_L1D RFO          ACCESS:          0 HIT:          0 MISS:          0 MSHR_MERGE:          0
cpu6->cpu6_L1D PREFETCH     ACCESS:          0 HIT:          0 MISS:          0 MSHR_MERGE:          0
cpu6->cpu6_L1D WRITE        ACCESS:   11278547 HIT:   10319624 MISS:     958923 MSHR_MERGE:     692377
cpu6->cpu6_L1D TRANSLATION  ACCESS:         54 HIT:          0 MISS:         54 MSHR_MERGE:          0
cpu6->cpu6_L1D PREFETCH REQUESTED:          0 ISSUED:          0 USEFUL:          0 USELESS:          0
cpu6->cpu6_L1D AVERAGE MISS LATENCY: 305.6 cycles
cpu6->cpu6_ITLB TOTAL        ACCESS:   18897025 HIT:   18897025 MISS:          0 MSHR_MERGE:          0
cpu6->cpu6_ITLB LOAD         ACCESS:   18897025 HIT:   18897025 MISS:          0 MSHR_MERGE:          0
cpu6->cpu6_ITLB RFO          ACCESS:          0 HIT:          0 MISS:          0 MSHR_MERGE:          0
cpu6->cpu6_ITLB PREFETCH     ACCESS:          0 HIT:          0 MISS:          0 MSHR_MERGE:          0
cpu6->cpu6_ITLB WRITE        ACCESS:          0 HIT:          0 MISS:          0 MSHR_MERGE:          0
cpu6->cpu6_ITLB TRANSLATION  ACCESS:          0 HIT:          0 MISS:          0 MSHR_MERGE:          0
cpu6->cpu6_ITLB PREFETCH REQUESTED:          0 ISSUED:          0 USEFUL:          0 USELESS:          0
cpu6->cpu6_ITLB AVERAGE MISS LATENCY: - cycles
cpu6->cpu6_DTLB TOTAL        ACCESS:   25490633 HIT:   25490479 MISS:        154 MSHR_MERGE:        100
cpu6->cpu6_DTLB LOAD         ACCESS:   25490633 HIT:   25490479 MISS:        154 MSHR_MERGE:        100
cpu6->cpu6_DTLB RFO          ACCESS:          0 HIT:          0 MISS:          0 MSHR_MERGE:          0
cpu6->cpu6_DTLB PREFETCH     ACCESS:          0 HIT:          0 MISS:          0 MSHR_MERGE:          0
cpu6->cpu6_DTLB WRITE        ACCESS:          0 HIT:          0 MISS:          0 MSHR_MERGE:          0
cpu6->cpu6_DTLB TRANSLATION  ACCESS:          0 HIT:          0 MISS:          0 MSHR_MERGE:          0
cpu6->cpu6_DTLB PREFETCH REQUESTED:          0 ISSUED:          0 USEFUL:          0 USELESS:          0
cpu6->cpu6_DTLB AVERAGE MISS LATENCY: 252 cycles
cpu5->cpu5_STLB TOTAL        ACCESS:         54 HIT:          4 MISS:         50 MSHR_MERGE:          0
cpu5->cpu5_STLB LOAD         ACCESS:         54 HIT:          4 MISS:         50 MSHR_MERGE:          0
cpu5->cpu5_STLB RFO          ACCESS:          0 HIT:          0 MISS:          0 MSHR_MERGE:          0
cpu5->cpu5_STLB PREFETCH     ACCESS:          0 HIT:          0 MISS:          0 MSHR_MERGE:          0
cpu5->cpu5_STLB WRITE        ACCESS:          0 HIT:          0 MISS:          0 MSHR_MERGE:          0
cpu5->cpu5_STLB TRANSLATION  ACCESS:          0 HIT:          0 MISS:          0 MSHR_MERGE:          0
cpu5->cpu5_STLB PREFETCH REQUESTED:          0 ISSUED:          0 USEFUL:          0 USELESS:          0
cpu5->cpu5_STLB AVERAGE MISS LATENCY: 272.5 cycles
cpu5->cpu5_L2C TOTAL        ACCESS:    1046565 HIT:     267356 MISS:     779209 MSHR_MERGE:          0
cpu5->cpu5_L2C LOAD         ACCESS:     512087 HIT:         10 MISS:     512077 MSHR_MERGE:          0
cpu5->cpu5_L2C RFO          ACCESS:     267115 HIT:        431 MISS:     266684 MSHR_MERGE:          0
cpu5->cpu5_L2C PREFETCH     ACCESS:          0 HIT:          0 MISS:          0 MSHR_MERGE:          0
cpu5->cpu5_L2C WRITE        ACCESS:     267309 HIT:     266903 MISS:        406 MSHR_MERGE:          0
cpu5->cpu5_L2C TRANSLATION  ACCESS:         54 HIT:         12 MISS:         42 MSHR_MERGE:          0
cpu5->cpu5_L2C PREFETCH REQUESTED:          0 ISSUED:          0 USEFUL:          0 USELESS:          0
cpu5->cpu5_L2C AVERAGE MISS LATENCY: 297.5 cycles
cpu5->cpu5_L1I TOTAL        ACCESS:   20546663 HIT:   20546557 MISS:        106 MSHR_MERGE:         43
cpu5->cpu5_L1I LOAD         ACCESS:   20546663 HIT:   20546557 MISS:        106 MSHR_MERGE:         43
cpu5->cpu5_L1I RFO          ACCESS:          0 HIT:          0 MISS:          0 MSHR_MERGE:          0
cpu5->cpu5_L1I PREFETCH     ACCESS:          0 HIT:          0 MISS:          0 MSHR_MERGE:          0
cpu5->cpu5_L1I WRITE        ACCESS:          0 HIT:          0 MISS:          0 MSHR_MERGE:          0
cpu5->cpu5_L1I TRANSLATION  ACCESS:          0 HIT:          0 MISS:          0 MSHR_MERGE:          0
cpu5->cpu5_L1I PREFETCH REQUESTED:          0 ISSUED:          0 USEFUL:          0 USELESS:          0
cpu5->cpu5_L1I AVERAGE MISS LATENCY: 386.6 cycles
cpu5->cpu5_L1D TOTAL        ACCESS:   27627113 HIT:   25400661 MISS:    2226452 MSHR_MERGE:    1447249
cpu5->cpu5_L1D LOAD         ACCESS:   16311270 HIT:   15050307 MISS:    1260963 MSHR_MERGE:     748939
cpu5->cpu5_L1D RFO          ACCESS:          0 HIT:          0 MISS:          0 MSHR_MERGE:          0
cpu5->cpu5_L1D PREFETCH     ACCESS:          0 HIT:          0 MISS:          0 MSHR_MERGE:          0
cpu5->cpu5_L1D WRITE        ACCESS:   11315789 HIT:   10350354 MISS:     965435 MSHR_MERGE:     698310
cpu5->cpu5_L1D TRANSLATION  ACCESS:         54 HIT:          0 MISS:         54 MSHR_MERGE:          0
cpu5->cpu5_L1D PREFETCH REQUESTED:          0 ISSUED:          0 USEFUL:          0 USELESS:          0
cpu5->cpu5_L1D AVERAGE MISS LATENCY: 306.5 cycles
cpu5->cpu5_ITLB TOTAL        ACCESS:   18959114 HIT:   18959114 MISS:          0 MSHR_MERGE:          0
cpu5->cpu5_ITLB LOAD         ACCESS:   18959114 HIT:   18959114 MISS:          0 MSHR_MERGE:          0
cpu5->cpu5_ITLB RFO          ACCESS:          0 HIT:          0 MISS:          0 MSHR_MERGE:          0
cpu5->cpu5_ITLB PREFETCH     ACCESS:          0 HIT:          0 MISS:          0 MSHR_MERGE:          0
cpu5->cpu5_ITLB WRITE        ACCESS:          0 HIT:          0 MISS:          0 MSHR_MERGE:          0
cpu5->cpu5_ITLB TRANSLATION  ACCESS:          0 HIT:          0 MISS:          0 MSHR_MERGE:          0
cpu5->cpu5_ITLB PREFETCH REQUESTED:          0 ISSUED:          0 USEFUL:          0 USELESS:          0
cpu5->cpu5_ITLB AVERAGE MISS LATENCY: - cycles
cpu5->cpu5_DTLB TOTAL        ACCESS:   25553745 HIT:   25553570 MISS:        175 MSHR_MERGE:        121
cpu5->cpu5_DTLB LOAD         ACCESS:   25553745 HIT:   25553570 MISS:        175 MSHR_MERGE:        121
cpu5->cpu5_DTLB RFO          ACCESS:          0 HIT:          0 MISS:          0 MSHR_MERGE:          0
cpu5->cpu5_DTLB PREFETCH     ACCESS:          0 HIT:          0 MISS:          0 MSHR_MERGE:          0
cpu5->cpu5_DTLB WRITE        ACCESS:          0 HIT:          0 MISS:          0 MSHR_MERGE:          0
cpu5->cpu5_DTLB TRANSLATION  ACCESS:          0 HIT:          0 MISS:          0 MSHR_MERGE:          0
cpu5->cpu5_DTLB PREFETCH REQUESTED:          0 ISSUED:          0 USEFUL:          0 USELESS:          0
cpu5->cpu5_DTLB AVERAGE MISS LATENCY: 258.3 cycles
cpu4->cpu4_STLB TOTAL        ACCESS:         54 HIT:          4 MISS:         50 MSHR_MERGE:          0
cpu4->cpu4_STLB LOAD         ACCESS:         54 HIT:          4 MISS:         50 MSHR_MERGE:          0
cpu4->cpu4_STLB RFO          ACCESS:          0 HIT:          0 MISS:          0 MSHR_MERGE:          0
cpu4->cpu4_STLB PREFETCH     ACCESS:          0 HIT:          0 MISS:          0 MSHR_MERGE:          0
cpu4->cpu4_STLB WRITE        ACCESS:          0 HIT:          0 MISS:          0 MSHR_MERGE:          0
cpu4->cpu4_STLB TRANSLATION  ACCESS:          0 HIT:          0 MISS:          0 MSHR_MERGE:          0
cpu4->cpu4_STLB PREFETCH REQUESTED:          0 ISSUED:          0 USEFUL:          0 USELESS:          0
cpu4->cpu4_STLB AVERAGE MISS LATENCY: 286 cycles
cpu4->cpu4_L2C TOTAL        ACCESS:    1045379 HIT:     267051 MISS:     778328 MSHR_MERGE:          0
cpu4->cpu4_L2C LOAD         ACCESS:     511495 HIT:         10 MISS:     511485 MSHR_MERGE:          0
cpu4->cpu4_L2C RFO          ACCESS:     266829 HIT:        434 MISS:     266395 MSHR_MERGE:          0
cpu4->cpu4_L2C PREFETCH     ACCESS:          0 HIT:          0 MISS:          0 MSHR_MERGE:          0
cpu4->cpu4_L2C WRITE        ACCESS:     267001 HIT:     266595 MISS:        406 MSHR_MERGE:          0
cpu4->cpu4_L2C TRANSLATION  ACCESS:         54 HIT:         12 MISS:         42 MSHR_MERGE:          0
cpu4->cpu4_L2C PREFETCH REQUESTED:          0 ISSUED:          0 USEFUL:          0 USELESS:          0
cpu4->cpu4_L2C AVERAGE MISS LATENCY: 299 cycles
cpu4->cpu4_L1I TOTAL        ACCESS:   20534430 HIT:   20534325 MISS:        105 MSHR_MERGE:         42
cpu4->cpu4_L1I LOAD         ACCESS:   20534430 HIT:   20534325 MISS:        105 MSHR_MERGE:         42
cpu4->cpu4_L1I RFO          ACCESS:          0 HIT:          0 MISS:          0 MSHR_MERGE:          0
cpu4->cpu4_L1I PREFETCH     ACCESS:          0 HIT:          0 MISS:          0 MSHR_MERGE:          0
cpu4->cpu4_L1I WRITE        ACCESS:          0 HIT:          0 MISS:          0 MSHR_MERGE:          0
cpu4->cpu4_L1I TRANSLATION  ACCESS:          0 HIT:          0 MISS:          0 MSHR_MERGE:          0
cpu4->cpu4_L1I PREFETCH REQUESTED:          0 ISSUED:          0 USEFUL:          0 USELESS:          0
cpu4->cpu4_L1I AVERAGE MISS LATENCY: 283.1 cycles
cpu4->cpu4_L1D TOTAL        ACCESS:   27613382 HIT:   25392029 MISS:    2221353 MSHR_MERGE:    1443030
cpu4->cpu4_L1D LOAD         ACCESS:   16305324 HIT:   15048285 MISS:    1257039 MSHR_MERGE:     745606
cpu4->cpu4_L1D RFO          ACCESS:          0 HIT:          0 MISS:          0 MSHR_MERGE:          0
cpu4->cpu4_L1D PREFETCH     ACCESS:          0 HIT:          0 MISS:          0 MSHR_MERGE:          0
cpu4->cpu4_L1D WRITE        ACCESS:   11308004 HIT:   10343744 MISS:     964260 MSHR_MERGE:     697424
cpu4->cpu4_L1D TRANSLATION  ACCESS:         54 HIT:          0 MISS:         54 MSHR_MERGE:          0
cpu4->cpu4_L1D PREFETCH REQUESTED:          0 ISSUED:          0 USEFUL:          0 USELESS:          0
cpu4->cpu4_L1D AVERAGE MISS LATENCY: 308 cycles
cpu4->cpu4_ITLB TOTAL        ACCESS:   18946889 HIT:   18946889 MISS:          0 MSHR_MERGE:          0
cpu4->cpu4_ITLB LOAD         ACCESS:   18946889 HIT:   18946889 MISS:          0 MSHR_MERGE:          0
cpu4->cpu4_ITLB RFO          ACCESS:          0 HIT:          0 MISS:          0 MSHR_MERGE:          0
cpu4->cpu4_ITLB PREFETCH     ACCESS:          0 HIT:          0 MISS:          0 MSHR_MERGE:          0
cpu4->cpu4_ITLB WRITE        ACCESS:          0 HIT:          0 MISS:          0 MSHR_MERGE:          0
cpu4->cpu4_ITLB TRANSLATION  ACCESS:          0 HIT:          0 MISS:          0 MSHR_MERGE:          0
cpu4->cpu4_ITLB PREFETCH REQUESTED:          0 ISSUED:          0 USEFUL:          0 USELESS:          0
cpu4->cpu4_ITLB AVERAGE MISS LATENCY: - cycles
cpu4->cpu4_DTLB TOTAL        ACCESS:   25544516 HIT:   25544347 MISS:        169 MSHR_MERGE:        115
cpu4->cpu4_DTLB LOAD         ACCESS:   25544516 HIT:   25544347 MISS:        169 MSHR_MERGE:        115
cpu4->cpu4_DTLB RFO          ACCESS:          0 HIT:          0 MISS:          0 MSHR_MERGE:          0
cpu4->cpu4_DTLB PREFETCH     ACCESS:          0 HIT:          0 MISS:          0 MSHR_MERGE:          0
cpu4->cpu4_DTLB WRITE        ACCESS:          0 HIT:          0 MISS:          0 MSHR_MERGE:          0
cpu4->cpu4_DTLB TRANSLATION  ACCESS:          0 HIT:          0 MISS:          0 MSHR_MERGE:          0
cpu4->cpu4_DTLB PREFETCH REQUESTED:          0 ISSUED:          0 USEFUL:          0 USELESS:          0
cpu4->cpu4_DTLB AVERAGE MISS LATENCY: 270.7 cycles
cpu3->cpu3_STLB TOTAL        ACCESS:         54 HIT:          4 MISS:         50 MSHR_MERGE:          0
cpu3->cpu3_STLB LOAD         ACCESS:         54 HIT:          4 MISS:         50 MSHR_MERGE:          0
cpu3->cpu3_STLB RFO          ACCESS:          0 HIT:          0 MISS:          0 MSHR_MERGE:          0
cpu3->cpu3_STLB PREFETCH     ACCESS:          0 HIT:          0 MISS:          0 MSHR_MERGE:          0
cpu3->cpu3_STLB WRITE        ACCESS:          0 HIT:          0 MISS:          0 MSHR_MERGE:          0
cpu3->cpu3_STLB TRANSLATION  ACCESS:          0 HIT:          0 MISS:          0 MSHR_MERGE:          0
cpu3->cpu3_STLB PREFETCH REQUESTED:          0 ISSUED:          0 USEFUL:          0 USELESS:          0
cpu3->cpu3_STLB AVERAGE MISS LATENCY: 359.2 cycles
cpu3->cpu3_L2C TOTAL        ACCESS:    1047254 HIT:     267504 MISS:     779750 MSHR_MERGE:          0
cpu3->cpu3_L2C LOAD         ACCESS:     512469 HIT:         10 MISS:     512459 MSHR_MERGE:          0
cpu3->cpu3_L2C RFO          ACCESS:     267274 HIT:        431 MISS:     266843 MSHR_MERGE:          0
cpu3->cpu3_L2C PREFETCH     ACCESS:          0 HIT:          0 MISS:          0 MSHR_MERGE:          0
cpu3->cpu3_L2C WRITE        ACCESS:     267457 HIT:     267051 MISS:        406 MSHR_MERGE:          0
cpu3->cpu3_L2C TRANSLATION  ACCESS:         54 HIT:         12 MISS:         42 MSHR_MERGE:          0
cpu3->cpu3_L2C PREFETCH REQUESTED:          0 ISSUED:          0 USEFUL:          0 USELESS:          0
cpu3->cpu3_L2C AVERAGE MISS LATENCY: 298.3 cycles
cpu3->cpu3_L1I TOTAL        ACCESS:   20495088 HIT:   20494972 MISS:        116 MSHR_MERGE:         53
cpu3->cpu3_L1I LOAD         ACCESS:   20495088 HIT:   20494972 MISS:        116 MSHR_MERGE:         53
cpu3->cpu3_L1I RFO          ACCESS:          0 HIT:          0 MISS:          0 MSHR_MERGE:          0
cpu3->cpu3_L1I PREFETCH     ACCESS:          0 HIT:          0 MISS:          0 MSHR_MERGE:          0
cpu3->cpu3_L1I WRITE        ACCESS:          0 HIT:          0 MISS:          0 MSHR_MERGE:          0
cpu3->cpu3_L1I TRANSLATION  ACCESS:          0 HIT:          0 MISS:          0 MSHR_MERGE:          0
cpu3->cpu3_L1I PREFETCH REQUESTED:          0 ISSUED:          0 USEFUL:          0 USELESS:          0
cpu3->cpu3_L1I AVERAGE MISS LATENCY: 361.8 cycles
cpu3->cpu3_L1D TOTAL        ACCESS:   27576892 HIT:   25352557 MISS:    2224335 MSHR_MERGE:    1444593
cpu3->cpu3_L1D LOAD         ACCESS:   16291407 HIT:   15032909 MISS:    1258498 MSHR_MERGE:     746092
cpu3->cpu3_L1D RFO          ACCESS:          0 HIT:          0 MISS:          0 MSHR_MERGE:          0
cpu3->cpu3_L1D PREFETCH     ACCESS:          0 HIT:          0 MISS:          0 MSHR_MERGE:          0
cpu3->cpu3_L1D WRITE        ACCESS:   11285431 HIT:   10319648 MISS:     965783 MSHR_MERGE:     698501
cpu3->cpu3_L1D TRANSLATION  ACCESS:         54 HIT:          0 MISS:         54 MSHR_MERGE:          0
cpu3->cpu3_L1D PREFETCH REQUESTED:          0 ISSUED:          0 USEFUL:          0 USELESS:          0
cpu3->cpu3_L1D AVERAGE MISS LATENCY: 307.3 cycles
cpu3->cpu3_ITLB TOTAL        ACCESS:   18947076 HIT:   18947076 MISS:          0 MSHR_MERGE:          0
cpu3->cpu3_ITLB LOAD         ACCESS:   18947076 HIT:   18947076 MISS:          0 MSHR_MERGE:          0
cpu3->cpu3_ITLB RFO          ACCESS:          0 HIT:          0 MISS:          0 MSHR_MERGE:          0
cpu3->cpu3_ITLB PREFETCH     ACCESS:          0 HIT:          0 MISS:          0 MSHR_MERGE:          0
cpu3->cpu3_ITLB WRITE        ACCESS:          0 HIT:          0 MISS:          0 MSHR_MERGE:          0
cpu3->cpu3_ITLB TRANSLATION  ACCESS:          0 HIT:          0 MISS:          0 MSHR_MERGE:          0
cpu3->cpu3_ITLB PREFETCH REQUESTED:          0 ISSUED:          0 USEFUL:          0 USELESS:          0
cpu3->cpu3_ITLB AVERAGE MISS LATENCY: - cycles
cpu3->cpu3_DTLB TOTAL        ACCESS:   25528769 HIT:   25528601 MISS:        168 MSHR_MERGE:        114
cpu3->cpu3_DTLB LOAD         ACCESS:   25528769 HIT:   25528601 MISS:        168 MSHR_MERGE:        114
cpu3->cpu3_DTLB RFO          ACCESS:          0 HIT:          0 MISS:          0 MSHR_MERGE:          0
cpu3->cpu3_DTLB PREFETCH     ACCESS:          0 HIT:          0 MISS:          0 MSHR_MERGE:          0
cpu3->cpu3_DTLB WRITE        ACCESS:          0 HIT:          0 MISS:          0 MSHR_MERGE:          0
cpu3->cpu3_DTLB TRANSLATION  ACCESS:          0 HIT:          0 MISS:          0 MSHR_MERGE:          0
cpu3->cpu3_DTLB PREFETCH REQUESTED:          0 ISSUED:          0 USEFUL:          0 USELESS:          0
cpu3->cpu3_DTLB AVERAGE MISS LATENCY: 338.6 cycles
cpu2->cpu2_STLB TOTAL        ACCESS:         54 HIT:          4 MISS:         50 MSHR_MERGE:          0
cpu2->cpu2_STLB LOAD         ACCESS:         54 HIT:          4 MISS:         50 MSHR_MERGE:          0
cpu2->cpu2_STLB RFO          ACCESS:          0 HIT:          0 MISS:          0 MSHR_MERGE:          0
cpu2->cpu2_STLB PREFETCH     ACCESS:          0 HIT:          0 MISS:          0 MSHR_MERGE:          0
cpu2->cpu2_STLB WRITE        ACCESS:          0 HIT:          0 MISS:          0 MSHR_MERGE:          0
cpu2->cpu2_STLB TRANSLATION  ACCESS:          0 HIT:          0 MISS:          0 MSHR_MERGE:          0
cpu2->cpu2_STLB PREFETCH REQUESTED:          0 ISSUED:          0 USEFUL:          0 USELESS:          0
cpu2->cpu2_STLB AVERAGE MISS LATENCY: 265.9 cycles
cpu2->cpu2_L2C TOTAL        ACCESS:    1044074 HIT:     266734 MISS:     777340 MSHR_MERGE:          0
cpu2->cpu2_L2C LOAD         ACCESS:     510841 HIT:         11 MISS:     510830 MSHR_MERGE:          0
cpu2->cpu2_L2C RFO          ACCESS:     266499 HIT:        438 MISS:     266061 MSHR_MERGE:          0
cpu2->cpu2_L2C PREFETCH     ACCESS:          0 HIT:          0 MISS:          0 MSHR_MERGE:          0
cpu2->cpu2_L2C WRITE        ACCESS:     266680 HIT:     266273 MISS:        407 MSHR_MERGE:          0
cpu2->cpu2_L2C TRANSLATION  ACCESS:         54 HIT:         12 MISS:         42 MSHR_MERGE:          0
cpu2->cpu2_L2C PREFETCH REQUESTED:          0 ISSUED:          0 USEFUL:          0 USELESS:          0
cpu2->cpu2_L2C AVERAGE MISS LATENCY: 299.2 cycles
cpu2->cpu2_L1I TOTAL        ACCESS:   20534410 HIT:   20534303 MISS:        107 MSHR_MERGE:         44
cpu2->cpu2_L1I LOAD         ACCESS:   20534410 HIT:   20534303 MISS:        107 MSHR_MERGE:         44
cpu2->cpu2_L1I RFO          ACCESS:          0 HIT:          0 MISS:          0 MSHR_MERGE:          0
cpu2->cpu2_L1I PREFETCH     ACCESS:          0 HIT:          0 MISS:          0 MSHR_MERGE:          0
cpu2->cpu2_L1I WRITE        ACCESS:          0 HIT:          0 MISS:          0 MSHR_MERGE:          0
cpu2->cpu2_L1I TRANSLATION  ACCESS:          0 HIT:          0 MISS:          0 MSHR_MERGE:          0
cpu2->cpu2_L1I PREFETCH REQUESTED:          0 ISSUED:          0 USEFUL:          0 USELESS:          0
cpu2->cpu2_L1I AVERAGE MISS LATENCY: 252.4 cycles
cpu2->cpu2_L1D TOTAL        ACCESS:   27600783 HIT:   25366767 MISS:    2234016 MSHR_MERGE:    1456682
cpu2->cpu2_L1D LOAD         ACCESS:   16292566 HIT:   15020185 MISS:    1272381 MSHR_MERGE:     761603
cpu2->cpu2_L1D RFO          ACCESS:          0 HIT:          0 MISS:          0 MSHR_MERGE:          0
cpu2->cpu2_L1D PREFETCH     ACCESS:          0 HIT:          0 MISS:          0 MSHR_MERGE:          0
cpu2->cpu2_L1D WRITE        ACCESS:   11308163 HIT:   10346582 MISS:     961581 MSHR_MERGE:     695079
cpu2->cpu2_L1D TRANSLATION  ACCESS:         54 HIT:          0 MISS:         54 MSHR_MERGE:          0
cpu2->cpu2_L1D PREFETCH REQUESTED:          0 ISSUED:          0 USEFUL:          0 USELESS:          0
cpu2->cpu2_L1D AVERAGE MISS LATENCY: 308.2 cycles
cpu2->cpu2_ITLB TOTAL        ACCESS:   18947911 HIT:   18947911 MISS:          0 MSHR_MERGE:          0
cpu2->cpu2_ITLB LOAD         ACCESS:   18947911 HIT:   18947911 MISS:          0 MSHR_MERGE:          0
cpu2->cpu2_ITLB RFO          ACCESS:          0 HIT:          0 MISS:          0 MSHR_MERGE:          0
cpu2->cpu2_ITLB PREFETCH     ACCESS:          0 HIT:          0 MISS:          0 MSHR_MERGE:          0
cpu2->cpu2_ITLB WRITE        ACCESS:          0 HIT:          0 MISS:          0 MSHR_MERGE:          0
cpu2->cpu2_ITLB TRANSLATION  ACCESS:          0 HIT:          0 MISS:          0 MSHR_MERGE:          0
cpu2->cpu2_ITLB PREFETCH REQUESTED:          0 ISSUED:          0 USEFUL:          0 USELESS:          0
cpu2->cpu2_ITLB AVERAGE MISS LATENCY: - cycles
cpu2->cpu2_DTLB TOTAL        ACCESS:   25528852 HIT:   25528682 MISS:        170 MSHR_MERGE:        116
cpu2->cpu2_DTLB LOAD         ACCESS:   25528852 HIT:   25528682 MISS:        170 MSHR_MERGE:        116
cpu2->cpu2_DTLB RFO          ACCESS:          0 HIT:          0 MISS:          0 MSHR_MERGE:          0
cpu2->cpu2_DTLB PREFETCH     ACCESS:          0 HIT:          0 MISS:          0 MSHR_MERGE:          0
cpu2->cpu2_DTLB WRITE        ACCESS:          0 HIT:          0 MISS:          0 MSHR_MERGE:          0
cpu2->cpu2_DTLB TRANSLATION  ACCESS:          0 HIT:          0 MISS:          0 MSHR_MERGE:          0
cpu2->cpu2_DTLB PREFETCH REQUESTED:          0 ISSUED:          0 USEFUL:          0 USELESS:          0
cpu2->cpu2_DTLB AVERAGE MISS LATENCY: 252.1 cycles
cpu1->cpu1_STLB TOTAL        ACCESS:         54 HIT:          4 MISS:         50 MSHR_MERGE:          0
cpu1->cpu1_STLB LOAD         ACCESS:         54 HIT:          4 MISS:         50 MSHR_MERGE:          0
cpu1->cpu1_STLB RFO          ACCESS:          0 HIT:          0 MISS:          0 MSHR_MERGE:          0
cpu1->cpu1_STLB PREFETCH     ACCESS:          0 HIT:          0 MISS:          0 MSHR_MERGE:          0
cpu1->cpu1_STLB WRITE        ACCESS:          0 HIT:          0 MISS:          0 MSHR_MERGE:          0
cpu1->cpu1_STLB TRANSLATION  ACCESS:          0 HIT:          0 MISS:          0 MSHR_MERGE:          0
cpu1->cpu1_STLB PREFETCH REQUESTED:          0 ISSUED:          0 USEFUL:          0 USELESS:          0
cpu1->cpu1_STLB AVERAGE MISS LATENCY: 274.3 cycles
cpu1->cpu1_L2C TOTAL        ACCESS:    1043375 HIT:     266556 MISS:     776819 MSHR_MERGE:          0
cpu1->cpu1_L2C LOAD         ACCESS:     510488 HIT:         12 MISS:     510476 MSHR_MERGE:          0
cpu1->cpu1_L2C RFO          ACCESS:     266325 HIT:        432 MISS:     265893 MSHR_MERGE:          0
cpu1->cpu1_L2C PREFETCH     ACCESS:          0 HIT:          0 MISS:          0 MSHR_MERGE:          0
cpu1->cpu1_L2C WRITE        ACCESS:     266508 HIT:     266100 MISS:        408 MSHR_MERGE:          0
cpu1->cpu1_L2C TRANSLATION  ACCESS:         54 HIT:         12 MISS:         42 MSHR_MERGE:          0
cpu1->cpu1_L2C PREFETCH REQUESTED:          0 ISSUED:          0 USEFUL:          0 USELESS:          0
cpu1->cpu1_L2C AVERAGE MISS LATENCY: 299.1 cycles
cpu1->cpu1_L1I TOTAL        ACCESS:   20529623 HIT:   20529506 MISS:        117 MSHR_MERGE:         54
cpu1->cpu1_L1I LOAD         ACCESS:   20529623 HIT:   20529506 MISS:        117 MSHR_MERGE:         54
cpu1->cpu1_L1I RFO          ACCESS:          0 HIT:          0 MISS:          0 MSHR_MERGE:          0
cpu1->cpu1_L1I PREFETCH     ACCESS:          0 HIT:          0 MISS:          0 MSHR_MERGE:          0
cpu1->cpu1_L1I WRITE        ACCESS:          0 HIT:          0 MISS:          0 MSHR_MERGE:          0
cpu1->cpu1_L1I TRANSLATION  ACCESS:          0 HIT:          0 MISS:          0 MSHR_MERGE:          0
cpu1->cpu1_L1I PREFETCH REQUESTED:          0 ISSUED:          0 USEFUL:          0 USELESS:          0
cpu1->cpu1_L1I AVERAGE MISS LATENCY: 258.8 cycles
cpu1->cpu1_L1D TOTAL        ACCESS:   27602696 HIT:   25382686 MISS:    2220010 MSHR_MERGE:    1443197
cpu1->cpu1_L1D LOAD         ACCESS:   16287507 HIT:   15028103 MISS:    1259404 MSHR_MERGE:     748979
cpu1->cpu1_L1D RFO          ACCESS:          0 HIT:          0 MISS:          0 MSHR_MERGE:          0
cpu1->cpu1_L1D PREFETCH     ACCESS:          0 HIT:          0 MISS:          0 MSHR_MERGE:          0
cpu1->cpu1_L1D WRITE        ACCESS:   11315135 HIT:   10354583 MISS:     960552 MSHR_MERGE:     694218
cpu1->cpu1_L1D TRANSLATION  ACCESS:         54 HIT:          0 MISS:         54 MSHR_MERGE:          0
cpu1->cpu1_L1D PREFETCH REQUESTED:          0 ISSUED:          0 USEFUL:          0 USELESS:          0
cpu1->cpu1_L1D AVERAGE MISS LATENCY: 308.2 cycles
cpu1->cpu1_ITLB TOTAL        ACCESS:   18966995 HIT:   18966995 MISS:          0 MSHR_MERGE:          0
cpu1->cpu1_ITLB LOAD         ACCESS:   18966995 HIT:   18966995 MISS:          0 MSHR_MERGE:          0
cpu1->cpu1_ITLB RFO          ACCESS:          0 HIT:          0 MISS:          0 MSHR_MERGE:          0
cpu1->cpu1_ITLB PREFETCH     ACCESS:          0 HIT:          0 MISS:          0 MSHR_MERGE:          0
cpu1->cpu1_ITLB WRITE        ACCESS:          0 HIT:          0 MISS:          0 MSHR_MERGE:          0
cpu1->cpu1_ITLB TRANSLATION  ACCESS:          0 HIT:          0 MISS:          0 MSHR_MERGE:          0
cpu1->cpu1_ITLB PREFETCH REQUESTED:          0 ISSUED:          0 USEFUL:          0 USELESS:          0
cpu1->cpu1_ITLB AVERAGE MISS LATENCY: - cycles
cpu1->cpu1_DTLB TOTAL        ACCESS:   25539751 HIT:   25539578 MISS:        173 MSHR_MERGE:        119
cpu1->cpu1_DTLB LOAD         ACCESS:   25539751 HIT:   25539578 MISS:        173 MSHR_MERGE:        119
cpu1->cpu1_DTLB RFO          ACCESS:          0 HIT:          0 MISS:          0 MSHR_MERGE:          0
cpu1->cpu1_DTLB PREFETCH     ACCESS:          0 HIT:          0 MISS:          0 MSHR_MERGE:          0
cpu1->cpu1_DTLB WRITE        ACCESS:          0 HIT:          0 MISS:          0 MSHR_MERGE:          0
cpu1->cpu1_DTLB TRANSLATION  ACCESS:          0 HIT:          0 MISS:          0 MSHR_MERGE:          0
cpu1->cpu1_DTLB PREFETCH REQUESTED:          0 ISSUED:          0 USEFUL:          0 USELESS:          0
cpu1->cpu1_DTLB AVERAGE MISS LATENCY: 259.9 cycles
cpu0->cpu0_STLB TOTAL        ACCESS:         54 HIT:          4 MISS:         50 MSHR_MERGE:          0
cpu0->cpu0_STLB LOAD         ACCESS:         54 HIT:          4 MISS:         50 MSHR_MERGE:          0
cpu0->cpu0_STLB RFO          ACCESS:          0 HIT:          0 MISS:          0 MSHR_MERGE:          0
cpu0->cpu0_STLB PREFETCH     ACCESS:          0 HIT:          0 MISS:          0 MSHR_MERGE:          0
cpu0->cpu0_STLB WRITE        ACCESS:          0 HIT:          0 MISS:          0 MSHR_MERGE:          0
cpu0->cpu0_STLB TRANSLATION  ACCESS:          0 HIT:          0 MISS:          0 MSHR_MERGE:          0
cpu0->cpu0_STLB PREFETCH REQUESTED:          0 ISSUED:          0 USEFUL:          0 USELESS:          0
cpu0->cpu0_STLB AVERAGE MISS LATENCY: 261.2 cycles
cpu0->cpu0_L2C TOTAL        ACCESS:    1046883 HIT:     267415 MISS:     779468 MSHR_MERGE:          0
cpu0->cpu0_L2C LOAD         ACCESS:     512282 HIT:         12 MISS:     512270 MSHR_MERGE:          0
cpu0->cpu0_L2C RFO          ACCESS:     267177 HIT:        429 MISS:     266748 MSHR_MERGE:          0
cpu0->cpu0_L2C PREFETCH     ACCESS:          0 HIT:          0 MISS:          0 MSHR_MERGE:          0
cpu0->cpu0_L2C WRITE        ACCESS:     267370 HIT:     266962 MISS:        408 MSHR_MERGE:          0
cpu0->cpu0_L2C TRANSLATION  ACCESS:         54 HIT:         12 MISS:         42 MSHR_MERGE:          0
cpu0->cpu0_L2C PREFETCH REQUESTED:          0 ISSUED:          0 USEFUL:          0 USELESS:          0
cpu0->cpu0_L2C AVERAGE MISS LATENCY: 298.2 cycles
cpu0->cpu0_L1I TOTAL        ACCESS:   20495378 HIT:   20495269 MISS:        109 MSHR_MERGE:         46
cpu0->cpu0_L1I LOAD         ACCESS:   20495378 HIT:   20495269 MISS:        109 MSHR_MERGE:         46
cpu0->cpu0_L1I RFO          ACCESS:          0 HIT:          0 MISS:          0 MSHR_MERGE:          0
cpu0->cpu0_L1I PREFETCH     ACCESS:          0 HIT:          0 MISS:          0 MSHR_MERGE:          0
cpu0->cpu0_L1I WRITE        ACCESS:          0 HIT:          0 MISS:          0 MSHR_MERGE:          0
cpu0->cpu0_L1I TRANSLATION  ACCESS:          0 HIT:          0 MISS:          0 MSHR_MERGE:          0
cpu0->cpu0_L1I PREFETCH REQUESTED:          0 ISSUED:          0 USEFUL:          0 USELESS:          0
cpu0->cpu0_L1I AVERAGE MISS LATENCY: 267.4 cycles
cpu0->cpu0_L1D TOTAL        ACCESS:   27583978 HIT:   25362425 MISS:    2221553 MSHR_MERGE:    1442093
cpu0->cpu0_L1D LOAD         ACCESS:   16298439 HIT:   15042001 MISS:    1256438 MSHR_MERGE:     744219
cpu0->cpu0_L1D RFO          ACCESS:          0 HIT:          0 MISS:          0 MSHR_MERGE:          0
cpu0->cpu0_L1D PREFETCH     ACCESS:          0 HIT:          0 MISS:          0 MSHR_MERGE:          0
cpu0->cpu0_L1D WRITE        ACCESS:   11285485 HIT:   10320424 MISS:     965061 MSHR_MERGE:     697874
cpu0->cpu0_L1D TRANSLATION  ACCESS:         54 HIT:          0 MISS:         54 MSHR_MERGE:          0
cpu0->cpu0_L1D PREFETCH REQUESTED:          0 ISSUED:          0 USEFUL:          0 USELESS:          0
cpu0->cpu0_L1D AVERAGE MISS LATENCY: 307.2 cycles
cpu0->cpu0_ITLB TOTAL        ACCESS:   18950712 HIT:   18950712 MISS:          0 MSHR_MERGE:          0
cpu0->cpu0_ITLB LOAD         ACCESS:   18950712 HIT:   18950712 MISS:          0 MSHR_MERGE:          0
cpu0->cpu0_ITLB RFO          ACCESS:          0 HIT:          0 MISS:          0 MSHR_MERGE:          0
cpu0->cpu0_ITLB PREFETCH     ACCESS:          0 HIT:          0 MISS:          0 MSHR_MERGE:          0
cpu0->cpu0_ITLB WRITE        ACCESS:          0 HIT:          0 MISS:          0 MSHR_MERGE:          0
cpu0->cpu0_ITLB TRANSLATION  ACCESS:          0 HIT:          0 MISS:          0 MSHR_MERGE:          0
cpu0->cpu0_ITLB PREFETCH REQUESTED:          0 ISSUED:          0 USEFUL:          0 USELESS:          0
cpu0->cpu0_ITLB AVERAGE MISS LATENCY: - cycles
cpu0->cpu0_DTLB TOTAL        ACCESS:   25530591 HIT:   25530431 MISS:        160 MSHR_MERGE:        106
cpu0->cpu0_DTLB LOAD         ACCESS:   25530591 HIT:   25530431 MISS:        160 MSHR_MERGE:        106
cpu0->cpu0_DTLB RFO          ACCESS:          0 HIT:          0 MISS:          0 MSHR_MERGE:          0
cpu0->cpu0_DTLB PREFETCH     ACCESS:          0 HIT:          0 MISS:          0 MSHR_MERGE:          0
cpu0->cpu0_DTLB WRITE        ACCESS:          0 HIT:          0 MISS:          0 MSHR_MERGE:          0
cpu0->cpu0_DTLB TRANSLATION  ACCESS:          0 HIT:          0 MISS:          0 MSHR_MERGE:          0
cpu0->cpu0_DTLB PREFETCH REQUESTED:          0 ISSUED:          0 USEFUL:          0 USELESS:          0
cpu0->cpu0_DTLB AVERAGE MISS LATENCY: 247.8 cycles
cpu0->LLC TOTAL        ACCESS:    1046885 HIT:     248008 MISS:     798877 MSHR_MERGE:          0
cpu0->LLC LOAD         ACCESS:     512270 HIT:          0 MISS:     512270 MSHR_MERGE:          0
cpu0->LLC RFO          ACCESS:     266748 HIT:          0 MISS:     266748 MSHR_MERGE:          0
cpu0->LLC PREFETCH     ACCESS:          0 HIT:          0 MISS:          0 MSHR_MERGE:          0
cpu0->LLC WRITE        ACCESS:     267825 HIT:     247970 MISS:      19855 MSHR_MERGE:          0
cpu0->LLC TRANSLATION  ACCESS:         42 HIT:         38 MISS:          4 MSHR_MERGE:          0
cpu0->LLC PREFETCH REQUESTED:          0 ISSUED:          0 USEFUL:          0 USELESS:          0
cpu0->LLC AVERAGE MISS LATENCY: 2202 cycles
cpu1->LLC TOTAL        ACCESS:    1043404 HIT:     248827 MISS:     794577 MSHR_MERGE:          0
cpu1->LLC LOAD         ACCESS:     510476 HIT:          0 MISS:     510476 MSHR_MERGE:          0
cpu1->LLC RFO          ACCESS:     265893 HIT:          0 MISS:     265893 MSHR_MERGE:          0
cpu1->LLC PREFETCH     ACCESS:          0 HIT:          0 MISS:          0 MSHR_MERGE:          0
cpu1->LLC WRITE        ACCESS:     266993 HIT:     248789 MISS:      18204 MSHR_MERGE:          0
cpu1->LLC TRANSLATION  ACCESS:         42 HIT:         38 MISS:          4 MSHR_MERGE:          0
cpu1->LLC PREFETCH REQUESTED:          0 ISSUED:          0 USEFUL:          0 USELESS:          0
cpu1->LLC AVERAGE MISS LATENCY: 2214 cycles
cpu2->LLC TOTAL        ACCESS:    1044084 HIT:     248115 MISS:     795969 MSHR_MERGE:          0
cpu2->LLC LOAD         ACCESS:     510827 HIT:          0 MISS:     510827 MSHR_MERGE:          0
cpu2->LLC RFO          ACCESS:     266061 HIT:          0 MISS:     266061 MSHR_MERGE:          0
cpu2->LLC PREFETCH     ACCESS:          0 HIT:          0 MISS:          0 MSHR_MERGE:          0
cpu2->LLC WRITE        ACCESS:     267154 HIT:     248077 MISS:      19077 MSHR_MERGE:          0
cpu2->LLC TRANSLATION  ACCESS:         42 HIT:         38 MISS:          4 MSHR_MERGE:          0
cpu2->LLC PREFETCH REQUESTED:          0 ISSUED:          0 USEFUL:          0 USELESS:          0
cpu2->LLC AVERAGE MISS LATENCY: 2210 cycles
cpu3->LLC TOTAL        ACCESS:    1047266 HIT:     248192 MISS:     799074 MSHR_MERGE:          0
cpu3->LLC LOAD         ACCESS:     512459 HIT:          0 MISS:     512459 MSHR_MERGE:          0
cpu3->LLC RFO          ACCESS:     266843 HIT:          0 MISS:     266843 MSHR_MERGE:          0
cpu3->LLC PREFETCH     ACCESS:          0 HIT:          0 MISS:          0 MSHR_MERGE:          0
cpu3->LLC WRITE        ACCESS:     267922 HIT:     248173 MISS:      19749 MSHR_MERGE:          0
cpu3->LLC TRANSLATION  ACCESS:         42 HIT:         19 MISS:         23 MSHR_MERGE:          0
cpu3->LLC PREFETCH REQUESTED:          0 ISSUED:          0 USEFUL:          0 USELESS:          0
cpu3->LLC AVERAGE MISS LATENCY: 2201 cycles
cpu4->LLC TOTAL        ACCESS:    1045447 HIT:     247625 MISS:     797822 MSHR_MERGE:          0
cpu4->LLC LOAD         ACCESS:     511485 HIT:          0 MISS:     511485 MSHR_MERGE:          0
cpu4->LLC RFO          ACCESS:     266395 HIT:          0 MISS:     266395 MSHR_MERGE:          0
cpu4->LLC PREFETCH     ACCESS:          0 HIT:          0 MISS:          0 MSHR_MERGE:          0
cpu4->LLC WRITE        ACCESS:     267525 HIT:     247587 MISS:      19938 MSHR_MERGE:          0
cpu4->LLC TRANSLATION  ACCESS:         42 HIT:         38 MISS:          4 MSHR_MERGE:          0
cpu4->LLC PREFETCH REQUESTED:          0 ISSUED:          0 USEFUL:          0 USELESS:          0
cpu4->LLC AVERAGE MISS LATENCY: 2205 cycles
cpu5->LLC TOTAL        ACCESS:    1046628 HIT:     247929 MISS:     798699 MSHR_MERGE:          0
cpu5->LLC LOAD         ACCESS:     512077 HIT:          0 MISS:     512077 MSHR_MERGE:          0
cpu5->LLC RFO          ACCESS:     266684 HIT:          0 MISS:     266684 MSHR_MERGE:          0
cpu5->LLC PREFETCH     ACCESS:          0 HIT:          0 MISS:          0 MSHR_MERGE:          0
cpu5->LLC WRITE        ACCESS:     267825 HIT:     247891 MISS:      19934 MSHR_MERGE:          0
cpu5->LLC TRANSLATION  ACCESS:         42 HIT:         38 MISS:          4 MSHR_MERGE:          0
cpu5->LLC PREFETCH REQUESTED:          0 ISSUED:          0 USEFUL:          0 USELESS:          0
cpu5->LLC AVERAGE MISS LATENCY: 2202 cycles
cpu6->LLC TOTAL        ACCESS:    1044360 HIT:     247300 MISS:     797060 MSHR_MERGE:          0
cpu6->LLC LOAD         ACCESS:     510983 HIT:          0 MISS:     510983 MSHR_MERGE:          0
cpu6->LLC RFO          ACCESS:     266107 HIT:          0 MISS:     266107 MSHR_MERGE:          0
cpu6->LLC PREFETCH     ACCESS:          0 HIT:          0 MISS:          0 MSHR_MERGE:          0
cpu6->LLC WRITE        ACCESS:     267228 HIT:     247263 MISS:      19965 MSHR_MERGE:          0
cpu6->LLC TRANSLATION  ACCESS:         42 HIT:         37 MISS:          5 MSHR_MERGE:          0
cpu6->LLC PREFETCH REQUESTED:          0 ISSUED:          0 USEFUL:          0 USELESS:          0
cpu6->LLC AVERAGE MISS LATENCY: 2207 cycles
cpu7->LLC TOTAL        ACCESS:    1046074 HIT:     247905 MISS:     798169 MSHR_MERGE:          0
cpu7->LLC LOAD         ACCESS:     511805 HIT:          0 MISS:     511805 MSHR_MERGE:          0
cpu7->LLC RFO          ACCESS:     266554 HIT:          0 MISS:     266554 MSHR_MERGE:          0
cpu7->LLC PREFETCH     ACCESS:          0 HIT:          0 MISS:          0 MSHR_MERGE:          0
cpu7->LLC WRITE        ACCESS:     267673 HIT:     247867 MISS:      19806 MSHR_MERGE:          0
cpu7->LLC TRANSLATION  ACCESS:         42 HIT:         38 MISS:          4 MSHR_MERGE:          0
cpu7->LLC PREFETCH REQUESTED:          0 ISSUED:          0 USEFUL:          0 USELESS:          0
cpu7->LLC AVERAGE MISS LATENCY: 2204 cycles

DRAM Statistics

Channel 0 READ REQS:    3111820	WRITE REQS:    1079270
  READS:    3111815	READ_HITS:          0
  WRITES:    1079250	WRITE HITS:          0
  ACTIVATES:    4191067	PRECHARGES:    4191065
  RQ FULL:          0	WQ FULL:          0
  WRITE DRAINS:      81756	FORCED:      12722
  MEAN WRITE IMBALANCE: 1.451783355350066
  READ OCCU PRE DRAIN: 1.4127158862958071	POST DRAIN: 4.623318166250795
  MEAN WLP: 7.63499926610891
  READ LATENCY: 68.30398850831428
  TIME IN WRITE MODE: 7258453696

Channel 1 READ REQS:    3111899	WRITE REQS:    1079294
  READS:    3111890	READ_HITS:          0
  WRITES:    1079264	WRITE HITS:          0
  ACTIVATES:    4191159	PRECHARGES:    4191154
  RQ FULL:          0	WQ FULL:          0
  WRITE DRAINS:      82430	FORCED:      12286
  MEAN WRITE IMBALANCE: 1.4470338469004003
  READ OCCU PRE DRAIN: 1.3484896275627805	POST DRAIN: 4.410214727647701
  MEAN WLP: 7.610869828945773
  READ LATENCY: 66.89849834023696
  TIME IN WRITE MODE: 7287891520
---------------------------------------
Begin Slurm Epilog: Apr-09-2025 17:59:35
Job ID:        3709147
User ID:       svittal8
Account:       gts-mqureshi4-rg
Job name:      wrap
Resources:     cpu=1,mem=4G,node=1
Rsrc Used:     cput=03:14:07,vmem=0,walltime=03:14:07,mem=573196K,energy_used=0
Partition:     cpu-small
QOS:           inferno
Nodes:         atl1-1-02-008-18-2
---------------------------------------
