---------------------------------------
Begin Slurm Prolog: Apr-11-2025 01:28:36
Job ID:    3795500
User ID:   svittal8
Account:   gts-mqureshi4-rg
Job name:  wrap
Partition: cpu-small
QOS:       inferno
---------------------------------------
[VMEM] WARNING: physical memory size is smaller than virtual memory size.

*** ChampSim Multicore Out-of-Order Simulator ***
Warmup Instructions: 25000000
Simulation Instructions: 100000000
Number of CPUs: 8
Page size: 2097152

initializing BARD -- num sampled sets: 64, modulus = 256
CL :	 16.64 ns
CWL :	 15.808 ns
tRP :	 16.224 ns
tRCD :	 16.224 ns
tRAS :	 32.032000000000004 ns
tRTP :	 7.904 ns
tWR :	 30.368000000000002 ns

tCCD_S :	 3.3280000000000003 ns
tCCD_S_WR :	 3.3280000000000003 ns
tCCD_S_WTR :	 22.048000000000002 ns
tCCD_L :	 5.408 ns
tCCD_L_WR :	 20.384 ns
tCCD_L_WTR :	 29.536 ns
tRRD_S :	 3.3280000000000003 ns
tRRD_L :	 5.408 ns
tFAW :	 13.728 ns
Address mapping (perm = 1) 	ch co bg bg bg ba ba co co co co co co ro ro ro ro ro ro ro ro ro ro ro ro ro ro ro 
dram queue size: R = 64 W = 96 (low:high is 16:80)
num evicts: 0, p: 0, s: 0 	 max proactive lookup: 16, max shadow lookup: 16
	evict counters: 128 128 128 128 128 128 128 128 128 128 128 128 128 128 128 128
	eager counters: 128 128 128 128 128 128 128 128 128 128 128 128 128 128 128 128
num evicts: 100000, p: 13126, s: 2790 	 max proactive lookup: 16, max shadow lookup: 16
	evict counters: 128 128 128 128 128 128 128 128 128 128 128 128 128 128 128 128
	eager counters: 128 128 128 128 128 128 128 128 128 128 128 128 128 128 128 128
num evicts: 200000, p: 24530, s: 8849 	 max proactive lookup: 16, max shadow lookup: 16
	evict counters: 128 128 128 128 128 128 128 128 128 128 128 128 128 128 128 128
	eager counters: 128 128 128 128 128 128 128 128 128 128 128 128 128 128 128 128
num evicts: 300000, p: 42702, s: 15494 	 max proactive lookup: 16, max shadow lookup: 16
	evict counters: 128 128 128 128 128 128 128 128 128 128 128 128 128 128 128 128
	eager counters: 128 128 128 128 128 128 128 128 128 128 128 128 128 128 128 128
num evicts: 400000, p: 59251, s: 18489 	 max proactive lookup: 16, max shadow lookup: 16
	evict counters: 128 128 128 128 128 128 128 128 128 128 128 128 128 128 128 128
	eager counters: 128 128 128 128 128 128 128 128 128 128 128 128 128 128 128 128
num evicts: 500000, p: 75453, s: 34061 	 max proactive lookup: 16, max shadow lookup: 16
	evict counters: 128 128 128 128 128 128 128 128 128 128 128 128 128 128 128 128
	eager counters: 128 128 128 128 128 128 128 128 128 128 128 128 128 128 128 128
num evicts: 600000, p: 114674, s: 35495 	 max proactive lookup: 16, max shadow lookup: 16
	evict counters: 128 128 128 128 128 128 128 128 128 128 128 128 128 128 128 128
	eager counters: 128 128 128 128 128 128 128 128 128 128 128 128 128 128 128 128
num evicts: 700000, p: 137240, s: 63452 	 max proactive lookup: 16, max shadow lookup: 16
	evict counters: 128 128 128 128 128 128 128 128 128 128 128 128 128 128 128 128
	eager counters: 128 128 128 128 128 128 128 128 128 128 128 128 128 128 128 128
num evicts: 800000, p: 171340, s: 70916 	 max proactive lookup: 16, max shadow lookup: 16
	evict counters: 128 128 128 128 128 128 128 128 128 128 128 128 128 128 128 128
	eager counters: 128 128 128 128 128 128 128 128 128 128 128 128 128 128 128 128
num evicts: 900000, p: 189166, s: 107154 	 max proactive lookup: 16, max shadow lookup: 16
	evict counters: 128 128 128 128 128 128 128 128 128 128 128 128 128 128 128 128
	eager counters: 128 128 128 128 128 128 128 128 128 128 128 128 128 128 128 128
num evicts: 1000000, p: 218060, s: 136288 	 max proactive lookup: 16, max shadow lookup: 16
	evict counters: 128 128 128 128 128 128 128 128 128 128 128 128 128 128 128 128
	eager counters: 128 128 128 128 128 128 128 128 128 128 128 128 128 128 128 128
num evicts: 1100000, p: 238682, s: 168620 	 max proactive lookup: 16, max shadow lookup: 16
	evict counters: 128 128 128 128 128 128 128 128 128 128 128 128 128 128 128 128
	eager counters: 128 128 128 128 128 128 128 128 128 128 128 128 128 128 128 128
num evicts: 1200000, p: 254576, s: 215299 	 max proactive lookup: 16, max shadow lookup: 16
	evict counters: 128 128 128 128 128 128 128 128 128 128 128 128 128 128 128 128
	eager counters: 128 128 128 128 128 128 128 128 128 128 128 128 128 128 128 128
num evicts: 1300000, p: 270457, s: 242704 	 max proactive lookup: 16, max shadow lookup: 16
	evict counters: 128 128 128 128 128 128 128 128 128 128 128 128 128 128 128 128
	eager counters: 128 128 128 128 128 128 128 128 128 128 128 128 128 128 128 128
num evicts: 1400000, p: 281507, s: 288256 	 max proactive lookup: 16, max shadow lookup: 16
	evict counters: 128 128 128 128 128 128 128 128 128 128 128 128 128 128 128 128
	eager counters: 128 128 128 128 128 128 128 128 128 128 128 128 128 128 128 128
num evicts: 1500000, p: 302168, s: 310982 	 max proactive lookup: 16, max shadow lookup: 16
	evict counters: 128 128 128 128 128 128 128 128 128 128 128 128 128 128 128 128
	eager counters: 128 128 128 128 128 128 128 128 128 128 128 128 128 128 128 128
num evicts: 1600000, p: 313573, s: 355673 	 max proactive lookup: 16, max shadow lookup: 16
	evict counters: 128 128 128 128 128 128 128 128 128 128 128 128 128 128 128 128
	eager counters: 128 128 128 128 128 128 128 128 128 128 128 128 128 128 128 128
num evicts: 1700000, p: 335898, s: 372562 	 max proactive lookup: 16, max shadow lookup: 16
	evict counters: 128 128 128 128 128 128 128 128 128 128 128 128 128 128 128 128
	eager counters: 128 128 128 128 128 128 128 128 128 128 128 128 128 128 128 128
num evicts: 1800000, p: 349513, s: 421164 	 max proactive lookup: 16, max shadow lookup: 16
	evict counters: 128 128 128 128 128 128 128 128 128 128 128 128 128 128 128 128
	eager counters: 128 128 128 128 128 128 128 128 128 128 128 128 128 128 128 128
num evicts: 1900000, p: 375002, s: 448859 	 max proactive lookup: 16, max shadow lookup: 16
	evict counters: 128 128 128 128 128 128 128 128 128 128 128 128 128 128 128 128
	eager counters: 128 128 128 128 128 128 128 128 128 128 128 128 128 128 128 128
num evicts: 2000000, p: 388531, s: 492115 	 max proactive lookup: 16, max shadow lookup: 16
	evict counters: 128 128 128 128 128 128 128 128 128 128 128 128 128 128 128 128
	eager counters: 128 128 128 128 128 128 128 128 128 128 128 128 128 128 128 128
Heartbeat CPU 0 instructions: 10000004 cycles: 4280006 heartbeat IPC: 2.336 cumulative IPC: 2.336 (Simulation time: 00 hr 08 min 58 sec)
Heartbeat CPU 1 instructions: 10000004 cycles: 4280640 heartbeat IPC: 2.336 cumulative IPC: 2.336 (Simulation time: 00 hr 08 min 58 sec)
Heartbeat CPU 2 instructions: 10000004 cycles: 4280994 heartbeat IPC: 2.336 cumulative IPC: 2.336 (Simulation time: 00 hr 08 min 58 sec)
Heartbeat CPU 3 instructions: 10000004 cycles: 4281187 heartbeat IPC: 2.336 cumulative IPC: 2.336 (Simulation time: 00 hr 08 min 58 sec)
Heartbeat CPU 4 instructions: 10000004 cycles: 4281508 heartbeat IPC: 2.336 cumulative IPC: 2.336 (Simulation time: 00 hr 08 min 58 sec)
Heartbeat CPU 5 instructions: 10000004 cycles: 4281605 heartbeat IPC: 2.336 cumulative IPC: 2.336 (Simulation time: 00 hr 08 min 58 sec)
Heartbeat CPU 6 instructions: 10000004 cycles: 4281732 heartbeat IPC: 2.336 cumulative IPC: 2.336 (Simulation time: 00 hr 08 min 58 sec)
Heartbeat CPU 7 instructions: 10000004 cycles: 4281822 heartbeat IPC: 2.335 cumulative IPC: 2.335 (Simulation time: 00 hr 08 min 58 sec)
num evicts: 2100000, p: 405646, s: 536061 	 max proactive lookup: 16, max shadow lookup: 16
	evict counters: 128 128 128 128 128 128 128 128 128 128 128 128 128 128 128 128
	eager counters: 128 128 128 128 128 128 128 128 128 128 128 128 128 128 128 128
num evicts: 2200000, p: 420054, s: 573477 	 max proactive lookup: 16, max shadow lookup: 16
	evict counters: 128 128 128 128 128 128 128 128 128 128 128 128 128 128 128 128
	eager counters: 128 128 128 128 128 128 128 128 128 128 128 128 128 128 128 128
num evicts: 2300000, p: 432554, s: 621746 	 max proactive lookup: 16, max shadow lookup: 16
	evict counters: 128 128 128 128 128 128 128 128 128 128 128 128 128 128 128 128
	eager counters: 128 128 128 128 128 128 128 128 128 128 128 128 128 128 128 128
num evicts: 2400000, p: 450353, s: 656240 	 max proactive lookup: 16, max shadow lookup: 16
	evict counters: 128 128 128 128 128 128 128 128 128 128 128 128 128 128 128 128
	eager counters: 128 128 128 128 128 128 128 128 128 128 128 128 128 128 128 128
num evicts: 2500000, p: 461614, s: 712135 	 max proactive lookup: 16, max shadow lookup: 16
	evict counters: 128 128 128 128 128 128 128 128 128 128 128 128 128 128 128 128
	eager counters: 128 128 128 128 128 128 128 128 128 128 128 128 128 128 128 128
num evicts: 2600000, p: 480535, s: 744339 	 max proactive lookup: 16, max shadow lookup: 16
	evict counters: 128 128 128 128 128 128 128 128 128 128 128 128 128 128 128 128
	eager counters: 128 128 128 128 128 128 128 128 128 128 128 128 128 128 128 128
num evicts: 2700000, p: 488213, s: 805583 	 max proactive lookup: 16, max shadow lookup: 16
	evict counters: 128 128 128 128 128 128 128 128 128 128 128 128 128 128 128 128
	eager counters: 128 128 128 128 128 128 128 128 128 128 128 128 128 128 128 128
num evicts: 2800000, p: 508168, s: 835947 	 max proactive lookup: 16, max shadow lookup: 16
	evict counters: 128 128 128 128 128 128 128 128 128 128 128 128 128 128 128 128
	eager counters: 128 128 128 128 128 128 128 128 128 128 128 128 128 128 128 128
num evicts: 2900000, p: 518509, s: 886367 	 max proactive lookup: 16, max shadow lookup: 16
	evict counters: 128 128 128 128 128 128 128 128 128 128 128 128 128 128 128 128
	eager counters: 128 128 128 128 128 128 128 128 128 128 128 128 128 128 128 128
num evicts: 3000000, p: 537000, s: 924034 	 max proactive lookup: 16, max shadow lookup: 16
	evict counters: 128 128 128 128 128 128 128 128 128 128 128 128 128 128 128 128
	eager counters: 128 128 128 128 128 128 128 128 128 128 128 128 128 128 128 128
num evicts: 3100000, p: 548267, s: 965206 	 max proactive lookup: 16, max shadow lookup: 16
	evict counters: 128 128 128 128 128 128 128 128 128 128 128 128 128 128 128 128
	eager counters: 128 128 128 128 128 128 128 128 128 128 128 128 128 128 128 128
num evicts: 3200000, p: 564148, s: 1001410 	 max proactive lookup: 16, max shadow lookup: 16
	evict counters: 128 128 128 128 128 128 128 128 128 128 128 128 128 128 128 128
	eager counters: 128 128 128 128 128 128 128 128 128 128 128 128 128 128 128 128
num evicts: 3300000, p: 580475, s: 1036007 	 max proactive lookup: 16, max shadow lookup: 16
	evict counters: 128 128 128 128 128 128 128 128 128 128 128 128 128 128 128 128
	eager counters: 128 128 128 128 128 128 128 128 128 128 128 128 128 128 128 128
num evicts: 3400000, p: 599129, s: 1079761 	 max proactive lookup: 16, max shadow lookup: 16
	evict counters: 128 128 128 128 128 128 128 128 128 128 128 128 128 128 128 128
	eager counters: 128 128 128 128 128 128 128 128 128 128 128 128 128 128 128 128
num evicts: 3500000, p: 616750, s: 1112311 	 max proactive lookup: 16, max shadow lookup: 16
	evict counters: 128 128 128 128 128 128 128 128 128 128 128 128 128 128 128 128
	eager counters: 128 128 128 128 128 128 128 128 128 128 128 128 128 128 128 128
num evicts: 3600000, p: 628759, s: 1166491 	 max proactive lookup: 16, max shadow lookup: 16
	evict counters: 128 128 128 128 128 128 128 128 128 128 128 128 128 128 128 128
	eager counters: 128 128 128 128 128 128 128 128 128 128 128 128 128 128 128 128
num evicts: 3700000, p: 650267, s: 1197336 	 max proactive lookup: 16, max shadow lookup: 16
	evict counters: 128 128 128 128 128 128 128 128 128 128 128 128 128 128 128 128
	eager counters: 128 128 128 128 128 128 128 128 128 128 128 128 128 128 128 128
num evicts: 3800000, p: 658294, s: 1257589 	 max proactive lookup: 16, max shadow lookup: 16
	evict counters: 128 128 128 128 128 128 128 128 128 128 128 128 128 128 128 128
	eager counters: 128 128 128 128 128 128 128 128 128 128 128 128 128 128 128 128
num evicts: 3900000, p: 678519, s: 1288565 	 max proactive lookup: 16, max shadow lookup: 16
	evict counters: 128 128 128 128 128 128 128 128 128 128 128 128 128 128 128 128
	eager counters: 128 128 128 128 128 128 128 128 128 128 128 128 128 128 128 128
num evicts: 4000000, p: 687404, s: 1339203 	 max proactive lookup: 16, max shadow lookup: 16
	evict counters: 128 128 128 128 128 128 128 128 128 128 128 128 128 128 128 128
	eager counters: 128 128 128 128 128 128 128 128 128 128 128 128 128 128 128 128
num evicts: 4100000, p: 702471, s: 1374053 	 max proactive lookup: 16, max shadow lookup: 16
	evict counters: 128 128 128 128 128 128 128 128 128 128 128 128 128 128 128 128
	eager counters: 128 128 128 128 128 128 128 128 128 128 128 128 128 128 128 128
num evicts: 4200000, p: 714711, s: 1414545 	 max proactive lookup: 16, max shadow lookup: 16
	evict counters: 128 128 128 128 128 128 128 128 128 128 128 128 128 128 128 128
	eager counters: 128 128 128 128 128 128 128 128 128 128 128 128 128 128 128 128
num evicts: 4300000, p: 733188, s: 1454162 	 max proactive lookup: 16, max shadow lookup: 16
	evict counters: 128 128 128 128 128 128 128 128 128 128 128 128 128 128 128 128
	eager counters: 128 128 128 128 128 128 128 128 128 128 128 128 128 128 128 128
num evicts: 4400000, p: 748371, s: 1491303 	 max proactive lookup: 16, max shadow lookup: 16
	evict counters: 128 128 128 128 128 128 128 128 128 128 128 128 128 128 128 128
	eager counters: 128 128 128 128 128 128 128 128 128 128 128 128 128 128 128 128
Heartbeat CPU 0 instructions: 20000004 cycles: 8613351 heartbeat IPC: 2.308 cumulative IPC: 2.322 (Simulation time: 00 hr 18 min 01 sec)
Heartbeat CPU 1 instructions: 20000004 cycles: 8614769 heartbeat IPC: 2.307 cumulative IPC: 2.322 (Simulation time: 00 hr 18 min 01 sec)
Heartbeat CPU 2 instructions: 20000004 cycles: 8615257 heartbeat IPC: 2.307 cumulative IPC: 2.321 (Simulation time: 00 hr 18 min 01 sec)
Heartbeat CPU 3 instructions: 20000004 cycles: 8615498 heartbeat IPC: 2.307 cumulative IPC: 2.321 (Simulation time: 00 hr 18 min 01 sec)
Heartbeat CPU 4 instructions: 20000004 cycles: 8615692 heartbeat IPC: 2.307 cumulative IPC: 2.321 (Simulation time: 00 hr 18 min 01 sec)
Heartbeat CPU 5 instructions: 20000004 cycles: 8615876 heartbeat IPC: 2.307 cumulative IPC: 2.321 (Simulation time: 00 hr 18 min 01 sec)
Heartbeat CPU 6 instructions: 20000004 cycles: 8616069 heartbeat IPC: 2.307 cumulative IPC: 2.321 (Simulation time: 00 hr 18 min 01 sec)
Heartbeat CPU 7 instructions: 20000004 cycles: 8616247 heartbeat IPC: 2.307 cumulative IPC: 2.321 (Simulation time: 00 hr 18 min 01 sec)
num evicts: 4500000, p: 764708, s: 1533857 	 max proactive lookup: 16, max shadow lookup: 16
	evict counters: 128 128 128 128 128 128 128 128 128 128 128 128 128 128 128 128
	eager counters: 128 128 128 128 128 128 128 128 128 128 128 128 128 128 128 128
num evicts: 4600000, p: 782158, s: 1565421 	 max proactive lookup: 16, max shadow lookup: 16
	evict counters: 128 128 128 128 128 128 128 128 128 128 128 128 128 128 128 128
	eager counters: 128 128 128 128 128 128 128 128 128 128 128 128 128 128 128 128
num evicts: 4700000, p: 793964, s: 1614823 	 max proactive lookup: 16, max shadow lookup: 16
	evict counters: 128 128 128 128 128 128 128 128 128 128 128 128 128 128 128 128
	eager counters: 128 128 128 128 128 128 128 128 128 128 128 128 128 128 128 128
num evicts: 4800000, p: 812285, s: 1643397 	 max proactive lookup: 16, max shadow lookup: 16
	evict counters: 128 128 128 128 128 128 128 128 128 128 128 128 128 128 128 128
	eager counters: 128 128 128 128 128 128 128 128 128 128 128 128 128 128 128 128
num evicts: 4900000, p: 823166, s: 1701000 	 max proactive lookup: 16, max shadow lookup: 16
	evict counters: 128 128 128 128 128 128 128 128 128 128 128 128 128 128 128 128
	eager counters: 128 128 128 128 128 128 128 128 128 128 128 128 128 128 128 128
num evicts: 5000000, p: 844883, s: 1731821 	 max proactive lookup: 16, max shadow lookup: 16
	evict counters: 128 128 128 128 128 128 128 128 128 128 128 128 128 128 128 128
	eager counters: 128 128 128 128 128 128 128 128 128 128 128 128 128 128 128 128
num evicts: 5100000, p: 854599, s: 1787363 	 max proactive lookup: 16, max shadow lookup: 16
	evict counters: 128 128 128 128 128 128 128 128 128 128 128 128 128 128 128 128
	eager counters: 128 128 128 128 128 128 128 128 128 128 128 128 128 128 128 128
num evicts: 5200000, p: 871168, s: 1827769 	 max proactive lookup: 16, max shadow lookup: 16
	evict counters: 128 128 128 128 128 128 128 128 128 128 128 128 128 128 128 128
	eager counters: 128 128 128 128 128 128 128 128 128 128 128 128 128 128 128 128
num evicts: 5300000, p: 881544, s: 1875764 	 max proactive lookup: 16, max shadow lookup: 16
	evict counters: 128 128 128 128 128 128 128 128 128 128 128 128 128 128 128 128
	eager counters: 128 128 128 128 128 128 128 128 128 128 128 128 128 128 128 128
num evicts: 5400000, p: 895010, s: 1923991 	 max proactive lookup: 16, max shadow lookup: 16
	evict counters: 128 128 128 128 128 128 128 128 128 128 128 128 128 128 128 128
	eager counters: 128 128 128 128 128 128 128 128 128 128 128 128 128 128 128 128
num evicts: 5500000, p: 907152, s: 1963658 	 max proactive lookup: 16, max shadow lookup: 16
	evict counters: 128 128 128 128 128 128 128 128 128 128 128 128 128 128 128 128
	eager counters: 128 128 128 128 128 128 128 128 128 128 128 128 128 128 128 128
Warmup finished CPU 0 instructions: 25000004 cycles: 10779054 cumulative IPC: 2.319 (Simulation time: 00 hr 22 min 28 sec)
Warmup finished CPU 1 instructions: 25000004 cycles: 10781016 cumulative IPC: 2.319 (Simulation time: 00 hr 22 min 28 sec)
Warmup finished CPU 2 instructions: 25000004 cycles: 10781505 cumulative IPC: 2.319 (Simulation time: 00 hr 22 min 28 sec)
Warmup finished CPU 3 instructions: 25000004 cycles: 10781834 cumulative IPC: 2.319 (Simulation time: 00 hr 22 min 28 sec)
Warmup finished CPU 4 instructions: 25000004 cycles: 10782004 cumulative IPC: 2.319 (Simulation time: 00 hr 22 min 28 sec)
Warmup finished CPU 5 instructions: 25000004 cycles: 10782252 cumulative IPC: 2.319 (Simulation time: 00 hr 22 min 29 sec)
Warmup finished CPU 6 instructions: 25000004 cycles: 10782381 cumulative IPC: 2.319 (Simulation time: 00 hr 22 min 29 sec)
Warmup finished CPU 7 instructions: 25000004 cycles: 10782582 cumulative IPC: 2.319 (Simulation time: 00 hr 22 min 29 sec)
Warmup complete CPU 7 instructions: 25000004 cycles: 10782582 cumulative IPC: 2.319 (Simulation time: 00 hr 22 min 29 sec)
Warmup complete CPU 6 instructions: 25000374 cycles: 10782582 cumulative IPC: 2.319 (Simulation time: 00 hr 22 min 29 sec)
Warmup complete CPU 5 instructions: 25000694 cycles: 10782582 cumulative IPC: 2.319 (Simulation time: 00 hr 22 min 29 sec)
Warmup complete CPU 4 instructions: 25001269 cycles: 10782582 cumulative IPC: 2.319 (Simulation time: 00 hr 22 min 29 sec)
Warmup complete CPU 3 instructions: 25001509 cycles: 10782582 cumulative IPC: 2.319 (Simulation time: 00 hr 22 min 29 sec)
Warmup complete CPU 2 instructions: 25002229 cycles: 10782582 cumulative IPC: 2.319 (Simulation time: 00 hr 22 min 29 sec)
Warmup complete CPU 1 instructions: 25003349 cycles: 10782582 cumulative IPC: 2.319 (Simulation time: 00 hr 22 min 29 sec)
Warmup complete CPU 0 instructions: 25007509 cycles: 10782582 cumulative IPC: 2.319 (Simulation time: 00 hr 22 min 29 sec)
num evicts: 5600000, p: 919362, s: 2007716 	 max proactive lookup: 16, max shadow lookup: 16
	evict counters: 128 128 128 128 128 128 128 128 128 128 128 128 128 128 128 128
	eager counters: 128 128 128 128 128 128 128 128 128 128 128 128 128 128 128 128
num evicts: 5700000, p: 933229, s: 2036980 	 max proactive lookup: 16, max shadow lookup: 16
	evict counters: 128 128 128 128 128 128 128 128 128 128 128 128 128 128 128 128
	eager counters: 128 128 128 128 128 128 128 128 128 128 128 128 128 128 128 128
num evicts: 5800000, p: 948083, s: 2085459 	 max proactive lookup: 16, max shadow lookup: 16
	evict counters: 128 128 128 128 128 128 128 128 128 128 128 128 128 128 128 128
	eager counters: 128 128 128 128 128 128 128 128 128 128 128 128 128 128 128 128
num evicts: 5900000, p: 968544, s: 2113237 	 max proactive lookup: 16, max shadow lookup: 16
	evict counters: 128 128 128 128 128 128 128 128 128 128 128 128 128 128 128 128
	eager counters: 128 128 128 128 128 128 128 128 128 128 128 128 128 128 128 128
num evicts: 6000000, p: 978552, s: 2167285 	 max proactive lookup: 16, max shadow lookup: 16
	evict counters: 128 128 128 128 128 128 128 128 128 128 128 128 128 128 128 128
	eager counters: 128 128 128 128 128 128 128 128 128 128 128 128 128 128 128 128
num evicts: 6100000, p: 999959, s: 2190655 	 max proactive lookup: 16, max shadow lookup: 16
	evict counters: 128 128 128 128 128 128 128 128 128 128 128 128 128 128 128 128
	eager counters: 128 128 128 128 128 128 128 128 128 128 128 128 128 128 128 128
num evicts: 6200000, p: 1010694, s: 2237036 	 max proactive lookup: 16, max shadow lookup: 16
	evict counters: 128 128 128 128 128 128 128 128 128 128 128 128 128 128 128 128
	eager counters: 128 128 128 128 128 128 128 128 128 128 128 128 128 128 128 128
num evicts: 6300000, p: 1030647, s: 2262172 	 max proactive lookup: 16, max shadow lookup: 16
	evict counters: 128 128 128 128 128 128 128 128 128 128 128 128 128 128 128 128
	eager counters: 128 128 128 128 128 128 128 128 128 128 128 128 128 128 128 128
num evicts: 6400000, p: 1044024, s: 2304793 	 max proactive lookup: 16, max shadow lookup: 16
	evict counters: 128 128 128 128 128 128 128 128 128 128 128 128 128 128 128 128
	eager counters: 128 128 128 128 128 128 128 128 128 128 128 128 128 128 128 128
num evicts: 6500000, p: 1064562, s: 2339009 	 max proactive lookup: 16, max shadow lookup: 16
	evict counters: 128 128 128 128 128 128 128 128 128 128 128 128 128 128 128 128
	eager counters: 128 128 128 128 128 128 128 128 128 128 128 128 128 128 128 128
num evicts: 6600000, p: 1079663, s: 2375624 	 max proactive lookup: 16, max shadow lookup: 16
	evict counters: 128 128 128 128 128 128 128 128 128 128 128 128 128 128 128 128
	eager counters: 128 128 128 128 128 128 128 128 128 128 128 128 128 128 128 128
num evicts: 6700000, p: 1095810, s: 2415623 	 max proactive lookup: 16, max shadow lookup: 16
	evict counters: 128 128 128 128 128 128 128 128 128 128 128 128 128 128 128 128
	eager counters: 128 128 128 128 128 128 128 128 128 128 128 128 128 128 128 128
Heartbeat CPU 0 instructions: 30000008 cycles: 26902999 heartbeat IPC: 0.5468 cumulative IPC: 0.3097 (Simulation time: 00 hr 39 min 05 sec)
Heartbeat CPU 5 instructions: 30000008 cycles: 26941346 heartbeat IPC: 0.5457 cumulative IPC: 0.3094 (Simulation time: 00 hr 39 min 07 sec)
Heartbeat CPU 2 instructions: 30000008 cycles: 26942306 heartbeat IPC: 0.5456 cumulative IPC: 0.3093 (Simulation time: 00 hr 39 min 07 sec)
Heartbeat CPU 1 instructions: 30000008 cycles: 26956022 heartbeat IPC: 0.5452 cumulative IPC: 0.3089 (Simulation time: 00 hr 39 min 08 sec)
Heartbeat CPU 3 instructions: 30000008 cycles: 26965274 heartbeat IPC: 0.545 cumulative IPC: 0.3089 (Simulation time: 00 hr 39 min 09 sec)
Heartbeat CPU 7 instructions: 30000008 cycles: 26970370 heartbeat IPC: 0.5448 cumulative IPC: 0.3089 (Simulation time: 00 hr 39 min 09 sec)
Heartbeat CPU 4 instructions: 30000008 cycles: 26991360 heartbeat IPC: 0.5442 cumulative IPC: 0.3084 (Simulation time: 00 hr 39 min 10 sec)
Heartbeat CPU 6 instructions: 30000008 cycles: 27008452 heartbeat IPC: 0.5437 cumulative IPC: 0.3081 (Simulation time: 00 hr 39 min 11 sec)
num evicts: 6800000, p: 1109628, s: 2440535 	 max proactive lookup: 16, max shadow lookup: 16
	evict counters: 128 128 128 128 128 128 128 128 128 128 128 128 128 128 128 128
	eager counters: 128 128 128 128 128 128 128 128 128 128 128 128 128 128 128 128
num evicts: 6900000, p: 1122731, s: 2479720 	 max proactive lookup: 16, max shadow lookup: 16
	evict counters: 128 128 128 128 128 128 128 128 128 128 128 128 128 128 128 128
	eager counters: 128 128 128 128 128 128 128 128 128 128 128 128 128 128 128 128
num evicts: 7000000, p: 1145974, s: 2501276 	 max proactive lookup: 16, max shadow lookup: 16
	evict counters: 128 128 128 128 128 128 128 128 128 128 128 128 128 128 128 128
	eager counters: 128 128 128 128 128 128 128 128 128 128 128 128 128 128 128 128
num evicts: 7100000, p: 1159255, s: 2550397 	 max proactive lookup: 16, max shadow lookup: 16
	evict counters: 128 128 128 128 128 128 128 128 128 128 128 128 128 128 128 128
	eager counters: 128 128 128 128 128 128 128 128 128 128 128 128 128 128 128 128
num evicts: 7200000, p: 1184632, s: 2568912 	 max proactive lookup: 16, max shadow lookup: 16
	evict counters: 128 128 128 128 128 128 128 128 128 128 128 128 128 128 128 128
	eager counters: 128 128 128 128 128 128 128 128 128 128 128 128 128 128 128 128
num evicts: 7300000, p: 1195090, s: 2613759 	 max proactive lookup: 16, max shadow lookup: 16
	evict counters: 128 128 128 128 128 128 128 128 128 128 128 128 128 128 128 128
	eager counters: 128 128 128 128 128 128 128 128 128 128 128 128 128 128 128 128
num evicts: 7400000, p: 1215062, s: 2636965 	 max proactive lookup: 16, max shadow lookup: 16
	evict counters: 128 128 128 128 128 128 128 128 128 128 128 128 128 128 128 128
	eager counters: 128 128 128 128 128 128 128 128 128 128 128 128 128 128 128 128
num evicts: 7500000, p: 1226535, s: 2666294 	 max proactive lookup: 16, max shadow lookup: 16
	evict counters: 128 128 128 128 128 128 128 128 128 128 128 128 128 128 128 128
	eager counters: 128 128 128 128 128 128 128 128 128 128 128 128 128 128 128 128
num evicts: 7600000, p: 1252940, s: 2691258 	 max proactive lookup: 16, max shadow lookup: 16
	evict counters: 128 128 128 128 128 128 128 128 128 128 128 128 128 128 128 128
	eager counters: 128 128 128 128 128 128 128 128 128 128 128 128 128 128 128 128
num evicts: 7700000, p: 1270789, s: 2729439 	 max proactive lookup: 16, max shadow lookup: 16
	evict counters: 128 128 128 128 128 128 128 128 128 128 128 128 128 128 128 128
	eager counters: 128 128 128 128 128 128 128 128 128 128 128 128 128 128 128 128
num evicts: 7800000, p: 1290475, s: 2772515 	 max proactive lookup: 16, max shadow lookup: 16
	evict counters: 128 128 128 128 128 128 128 128 128 128 128 128 128 128 128 128
	eager counters: 128 128 128 128 128 128 128 128 128 128 128 128 128 128 128 128
num evicts: 7900000, p: 1309230, s: 2806976 	 max proactive lookup: 16, max shadow lookup: 16
	evict counters: 128 128 128 128 128 128 128 128 128 128 128 128 128 128 128 128
	eager counters: 128 128 128 128 128 128 128 128 128 128 128 128 128 128 128 128
num evicts: 8000000, p: 1320836, s: 2862346 	 max proactive lookup: 16, max shadow lookup: 16
	evict counters: 128 128 128 128 128 128 128 128 128 128 128 128 128 128 128 128
	eager counters: 128 128 128 128 128 128 128 128 128 128 128 128 128 128 128 128
num evicts: 8100000, p: 1339724, s: 2895071 	 max proactive lookup: 16, max shadow lookup: 16
	evict counters: 128 128 128 128 128 128 128 128 128 128 128 128 128 128 128 128
	eager counters: 128 128 128 128 128 128 128 128 128 128 128 128 128 128 128 128
num evicts: 8200000, p: 1347941, s: 2954151 	 max proactive lookup: 16, max shadow lookup: 16
	evict counters: 128 128 128 128 128 128 128 128 128 128 128 128 128 128 128 128
	eager counters: 128 128 128 128 128 128 128 128 128 128 128 128 128 128 128 128
num evicts: 8300000, p: 1366455, s: 2988429 	 max proactive lookup: 16, max shadow lookup: 16
	evict counters: 128 128 128 128 128 128 128 128 128 128 128 128 128 128 128 128
	eager counters: 128 128 128 128 128 128 128 128 128 128 128 128 128 128 128 128
num evicts: 8400000, p: 1376413, s: 3041988 	 max proactive lookup: 16, max shadow lookup: 16
	evict counters: 128 128 128 128 128 128 128 128 128 128 128 128 128 128 128 128
	eager counters: 128 128 128 128 128 128 128 128 128 128 128 128 128 128 128 128
num evicts: 8500000, p: 1393961, s: 3077631 	 max proactive lookup: 16, max shadow lookup: 16
	evict counters: 128 128 128 128 128 128 128 128 128 128 128 128 128 128 128 128
	eager counters: 128 128 128 128 128 128 128 128 128 128 128 128 128 128 128 128
num evicts: 8600000, p: 1404517, s: 3123270 	 max proactive lookup: 16, max shadow lookup: 16
	evict counters: 128 128 128 128 128 128 128 128 128 128 128 128 128 128 128 128
	eager counters: 128 128 128 128 128 128 128 128 128 128 128 128 128 128 128 128
num evicts: 8700000, p: 1420920, s: 3159927 	 max proactive lookup: 16, max shadow lookup: 16
	evict counters: 128 128 128 128 128 128 128 128 128 128 128 128 128 128 128 128
	eager counters: 128 128 128 128 128 128 128 128 128 128 128 128 128 128 128 128
num evicts: 8800000, p: 1435578, s: 3196943 	 max proactive lookup: 16, max shadow lookup: 16
	evict counters: 128 128 128 128 128 128 128 128 128 128 128 128 128 128 128 128
	eager counters: 128 128 128 128 128 128 128 128 128 128 128 128 128 128 128 128
num evicts: 8900000, p: 1452829, s: 3241464 	 max proactive lookup: 16, max shadow lookup: 16
	evict counters: 128 128 128 128 128 128 128 128 128 128 128 128 128 128 128 128
	eager counters: 128 128 128 128 128 128 128 128 128 128 128 128 128 128 128 128
num evicts: 9000000, p: 1469404, s: 3275383 	 max proactive lookup: 16, max shadow lookup: 16
	evict counters: 128 128 128 128 128 128 128 128 128 128 128 128 128 128 128 128
	eager counters: 128 128 128 128 128 128 128 128 128 128 128 128 128 128 128 128
Heartbeat CPU 0 instructions: 40000008 cycles: 59567378 heartbeat IPC: 0.3061 cumulative IPC: 0.3073 (Simulation time: 01 hr 12 min 42 sec)
Heartbeat CPU 7 instructions: 40000008 cycles: 59575695 heartbeat IPC: 0.3067 cumulative IPC: 0.3074 (Simulation time: 01 hr 12 min 42 sec)
Heartbeat CPU 3 instructions: 40000008 cycles: 59577757 heartbeat IPC: 0.3066 cumulative IPC: 0.3074 (Simulation time: 01 hr 12 min 42 sec)
Heartbeat CPU 5 instructions: 40000008 cycles: 59584254 heartbeat IPC: 0.3063 cumulative IPC: 0.3074 (Simulation time: 01 hr 12 min 43 sec)
Heartbeat CPU 4 instructions: 40000008 cycles: 59592181 heartbeat IPC: 0.3067 cumulative IPC: 0.3073 (Simulation time: 01 hr 12 min 43 sec)
Heartbeat CPU 2 instructions: 40000008 cycles: 59656366 heartbeat IPC: 0.3057 cumulative IPC: 0.3069 (Simulation time: 01 hr 12 min 47 sec)
Heartbeat CPU 1 instructions: 40000008 cycles: 59687904 heartbeat IPC: 0.3055 cumulative IPC: 0.3066 (Simulation time: 01 hr 12 min 49 sec)
Heartbeat CPU 6 instructions: 40000008 cycles: 59754234 heartbeat IPC: 0.3054 cumulative IPC: 0.3063 (Simulation time: 01 hr 12 min 53 sec)
num evicts: 9100000, p: 1481720, s: 3325613 	 max proactive lookup: 16, max shadow lookup: 16
	evict counters: 128 128 128 128 128 128 128 128 128 128 128 128 128 128 128 128
	eager counters: 128 128 128 128 128 128 128 128 128 128 128 128 128 128 128 128
num evicts: 9200000, p: 1500616, s: 3354090 	 max proactive lookup: 16, max shadow lookup: 16
	evict counters: 128 128 128 128 128 128 128 128 128 128 128 128 128 128 128 128
	eager counters: 128 128 128 128 128 128 128 128 128 128 128 128 128 128 128 128
num evicts: 9300000, p: 1510848, s: 3405366 	 max proactive lookup: 16, max shadow lookup: 16
	evict counters: 128 128 128 128 128 128 128 128 128 128 128 128 128 128 128 128
	eager counters: 128 128 128 128 128 128 128 128 128 128 128 128 128 128 128 128
num evicts: 9400000, p: 1531586, s: 3429493 	 max proactive lookup: 16, max shadow lookup: 16
	evict counters: 128 128 128 128 128 128 128 128 128 128 128 128 128 128 128 128
	eager counters: 128 128 128 128 128 128 128 128 128 128 128 128 128 128 128 128
num evicts: 9500000, p: 1542540, s: 3475963 	 max proactive lookup: 16, max shadow lookup: 16
	evict counters: 128 128 128 128 128 128 128 128 128 128 128 128 128 128 128 128
	eager counters: 128 128 128 128 128 128 128 128 128 128 128 128 128 128 128 128
num evicts: 9600000, p: 1562553, s: 3500533 	 max proactive lookup: 16, max shadow lookup: 16
	evict counters: 128 128 128 128 128 128 128 128 128 128 128 128 128 128 128 128
	eager counters: 128 128 128 128 128 128 128 128 128 128 128 128 128 128 128 128
num evicts: 9700000, p: 1575955, s: 3540220 	 max proactive lookup: 16, max shadow lookup: 16
	evict counters: 128 128 128 128 128 128 128 128 128 128 128 128 128 128 128 128
	eager counters: 128 128 128 128 128 128 128 128 128 128 128 128 128 128 128 128
num evicts: 9800000, p: 1598397, s: 3572035 	 max proactive lookup: 16, max shadow lookup: 16
	evict counters: 128 128 128 128 128 128 128 128 128 128 128 128 128 128 128 128
	eager counters: 128 128 128 128 128 128 128 128 128 128 128 128 128 128 128 128
num evicts: 9900000, p: 1614235, s: 3609646 	 max proactive lookup: 16, max shadow lookup: 16
	evict counters: 128 128 128 128 128 128 128 128 128 128 128 128 128 128 128 128
	eager counters: 128 128 128 128 128 128 128 128 128 128 128 128 128 128 128 128
num evicts: 10000000, p: 1631529, s: 3648967 	 max proactive lookup: 16, max shadow lookup: 16
	evict counters: 128 128 128 128 128 128 128 128 128 128 128 128 128 128 128 128
	eager counters: 128 128 128 128 128 128 128 128 128 128 128 128 128 128 128 128
num evicts: 10100000, p: 1646682, s: 3674258 	 max proactive lookup: 16, max shadow lookup: 16
	evict counters: 128 128 128 128 128 128 128 128 128 128 128 128 128 128 128 128
	eager counters: 128 128 128 128 128 128 128 128 128 128 128 128 128 128 128 128
num evicts: 10200000, p: 1660843, s: 3700297 	 max proactive lookup: 16, max shadow lookup: 16
	evict counters: 128 128 128 128 128 128 128 128 128 128 128 128 128 128 128 128
	eager counters: 128 128 128 128 128 128 128 128 128 128 128 128 128 128 128 128
num evicts: 10300000, p: 1679575, s: 3715867 	 max proactive lookup: 16, max shadow lookup: 16
	evict counters: 128 128 128 128 128 128 128 128 128 128 128 128 128 128 128 128
	eager counters: 128 128 128 128 128 128 128 128 128 128 128 128 128 128 128 128
num evicts: 10400000, p: 1699611, s: 3749099 	 max proactive lookup: 16, max shadow lookup: 16
	evict counters: 128 128 128 128 128 128 128 128 128 128 128 128 128 128 128 128
	eager counters: 128 128 128 128 128 128 128 128 128 128 128 128 128 128 128 128
num evicts: 10500000, p: 1724242, s: 3765748 	 max proactive lookup: 16, max shadow lookup: 16
	evict counters: 128 128 128 128 128 128 128 128 128 128 128 128 128 128 128 128
	eager counters: 128 128 128 128 128 128 128 128 128 128 128 128 128 128 128 128
num evicts: 10600000, p: 1736831, s: 3811010 	 max proactive lookup: 16, max shadow lookup: 16
	evict counters: 128 128 128 128 128 128 128 128 128 128 128 128 128 128 128 128
	eager counters: 128 128 128 128 128 128 128 128 128 128 128 128 128 128 128 128
num evicts: 10700000, p: 1761220, s: 3834069 	 max proactive lookup: 16, max shadow lookup: 16
	evict counters: 128 128 128 128 128 128 128 128 128 128 128 128 128 128 128 128
	eager counters: 128 128 128 128 128 128 128 128 128 128 128 128 128 128 128 128
num evicts: 10800000, p: 1773610, s: 3876109 	 max proactive lookup: 16, max shadow lookup: 16
	evict counters: 128 128 128 128 128 128 128 128 128 128 128 128 128 128 128 128
	eager counters: 128 128 128 128 128 128 128 128 128 128 128 128 128 128 128 128
num evicts: 10900000, p: 1793025, s: 3906322 	 max proactive lookup: 16, max shadow lookup: 16
	evict counters: 128 128 128 128 128 128 128 128 128 128 128 128 128 128 128 128
	eager counters: 128 128 128 128 128 128 128 128 128 128 128 128 128 128 128 128
num evicts: 11000000, p: 1809244, s: 3944166 	 max proactive lookup: 16, max shadow lookup: 16
	evict counters: 128 128 128 128 128 128 128 128 128 128 128 128 128 128 128 128
	eager counters: 128 128 128 128 128 128 128 128 128 128 128 128 128 128 128 128
num evicts: 11100000, p: 1826764, s: 3986383 	 max proactive lookup: 16, max shadow lookup: 16
	evict counters: 128 128 128 128 128 128 128 128 128 128 128 128 128 128 128 128
	eager counters: 128 128 128 128 128 128 128 128 128 128 128 128 128 128 128 128
num evicts: 11200000, p: 1844261, s: 4019188 	 max proactive lookup: 16, max shadow lookup: 16
	evict counters: 128 128 128 128 128 128 128 128 128 128 128 128 128 128 128 128
	eager counters: 128 128 128 128 128 128 128 128 128 128 128 128 128 128 128 128
num evicts: 11300000, p: 1856989, s: 4066385 	 max proactive lookup: 16, max shadow lookup: 16
	evict counters: 128 128 128 128 128 128 128 128 128 128 128 128 128 128 128 128
	eager counters: 128 128 128 128 128 128 128 128 128 128 128 128 128 128 128 128
Heartbeat CPU 7 instructions: 50000008 cycles: 92019530 heartbeat IPC: 0.3082 cumulative IPC: 0.3077 (Simulation time: 01 hr 46 min 08 sec)
Heartbeat CPU 4 instructions: 50000008 cycles: 92114499 heartbeat IPC: 0.3075 cumulative IPC: 0.3074 (Simulation time: 01 hr 46 min 14 sec)
Heartbeat CPU 5 instructions: 50000008 cycles: 92135528 heartbeat IPC: 0.3072 cumulative IPC: 0.3073 (Simulation time: 01 hr 46 min 16 sec)
num evicts: 11400000, p: 1873535, s: 4091533 	 max proactive lookup: 16, max shadow lookup: 16
	evict counters: 128 128 128 128 128 128 128 128 128 128 128 128 128 128 128 128
	eager counters: 128 128 128 128 128 128 128 128 128 128 128 128 128 128 128 128
Heartbeat CPU 0 instructions: 50000008 cycles: 92140222 heartbeat IPC: 0.307 cumulative IPC: 0.3072 (Simulation time: 01 hr 46 min 16 sec)
Heartbeat CPU 3 instructions: 50000008 cycles: 92148074 heartbeat IPC: 0.307 cumulative IPC: 0.3072 (Simulation time: 01 hr 46 min 16 sec)
Heartbeat CPU 2 instructions: 50000008 cycles: 92192143 heartbeat IPC: 0.3074 cumulative IPC: 0.3071 (Simulation time: 01 hr 46 min 19 sec)
Heartbeat CPU 6 instructions: 50000008 cycles: 92281447 heartbeat IPC: 0.3074 cumulative IPC: 0.3067 (Simulation time: 01 hr 46 min 25 sec)
Heartbeat CPU 1 instructions: 50000008 cycles: 92355115 heartbeat IPC: 0.3061 cumulative IPC: 0.3064 (Simulation time: 01 hr 46 min 29 sec)
num evicts: 11500000, p: 1884989, s: 4132827 	 max proactive lookup: 16, max shadow lookup: 16
	evict counters: 128 128 128 128 128 128 128 128 128 128 128 128 128 128 128 128
	eager counters: 128 128 128 128 128 128 128 128 128 128 128 128 128 128 128 128
num evicts: 11600000, p: 1905856, s: 4149810 	 max proactive lookup: 16, max shadow lookup: 16
	evict counters: 128 128 128 128 128 128 128 128 128 128 128 128 128 128 128 128
	eager counters: 128 128 128 128 128 128 128 128 128 128 128 128 128 128 128 128
num evicts: 11700000, p: 1917562, s: 4185119 	 max proactive lookup: 16, max shadow lookup: 16
	evict counters: 128 128 128 128 128 128 128 128 128 128 128 128 128 128 128 128
	eager counters: 128 128 128 128 128 128 128 128 128 128 128 128 128 128 128 128
num evicts: 11800000, p: 1935820, s: 4198660 	 max proactive lookup: 16, max shadow lookup: 16
	evict counters: 128 128 128 128 128 128 128 128 128 128 128 128 128 128 128 128
	eager counters: 128 128 128 128 128 128 128 128 128 128 128 128 128 128 128 128
num evicts: 11900000, p: 1949545, s: 4231479 	 max proactive lookup: 16, max shadow lookup: 16
	evict counters: 128 128 128 128 128 128 128 128 128 128 128 128 128 128 128 128
	eager counters: 128 128 128 128 128 128 128 128 128 128 128 128 128 128 128 128
num evicts: 12000000, p: 1974139, s: 4247755 	 max proactive lookup: 16, max shadow lookup: 16
	evict counters: 128 128 128 128 128 128 128 128 128 128 128 128 128 128 128 128
	eager counters: 128 128 128 128 128 128 128 128 128 128 128 128 128 128 128 128
num evicts: 12100000, p: 1987472, s: 4275498 	 max proactive lookup: 16, max shadow lookup: 16
	evict counters: 128 128 128 128 128 128 128 128 128 128 128 128 128 128 128 128
	eager counters: 128 128 128 128 128 128 128 128 128 128 128 128 128 128 128 128
num evicts: 12200000, p: 2011378, s: 4302708 	 max proactive lookup: 16, max shadow lookup: 16
	evict counters: 128 128 128 128 128 128 128 128 128 128 128 128 128 128 128 128
	eager counters: 128 128 128 128 128 128 128 128 128 128 128 128 128 128 128 128
num evicts: 12300000, p: 2032081, s: 4330922 	 max proactive lookup: 16, max shadow lookup: 16
	evict counters: 128 128 128 128 128 128 128 128 128 128 128 128 128 128 128 128
	eager counters: 128 128 128 128 128 128 128 128 128 128 128 128 128 128 128 128
num evicts: 12400000, p: 2049358, s: 4372117 	 max proactive lookup: 16, max shadow lookup: 16
	evict counters: 128 128 128 128 128 128 128 128 128 128 128 128 128 128 128 128
	eager counters: 128 128 128 128 128 128 128 128 128 128 128 128 128 128 128 128
num evicts: 12500000, p: 2071195, s: 4399932 	 max proactive lookup: 16, max shadow lookup: 16
	evict counters: 128 128 128 128 128 128 128 128 128 128 128 128 128 128 128 128
	eager counters: 128 128 128 128 128 128 128 128 128 128 128 128 128 128 128 128
num evicts: 12600000, p: 2082779, s: 4454423 	 max proactive lookup: 16, max shadow lookup: 16
	evict counters: 128 128 128 128 128 128 128 128 128 128 128 128 128 128 128 128
	eager counters: 128 128 128 128 128 128 128 128 128 128 128 128 128 128 128 128
num evicts: 12700000, p: 2103490, s: 4483313 	 max proactive lookup: 16, max shadow lookup: 16
	evict counters: 128 128 128 128 128 128 128 128 128 128 128 128 128 128 128 128
	eager counters: 128 128 128 128 128 128 128 128 128 128 128 128 128 128 128 128
num evicts: 12800000, p: 2113639, s: 4539018 	 max proactive lookup: 16, max shadow lookup: 16
	evict counters: 128 128 128 128 128 128 128 128 128 128 128 128 128 128 128 128
	eager counters: 128 128 128 128 128 128 128 128 128 128 128 128 128 128 128 128
num evicts: 12900000, p: 2132052, s: 4575127 	 max proactive lookup: 16, max shadow lookup: 16
	evict counters: 128 128 128 128 128 128 128 128 128 128 128 128 128 128 128 128
	eager counters: 128 128 128 128 128 128 128 128 128 128 128 128 128 128 128 128
num evicts: 13000000, p: 2143244, s: 4624129 	 max proactive lookup: 16, max shadow lookup: 16
	evict counters: 128 128 128 128 128 128 128 128 128 128 128 128 128 128 128 128
	eager counters: 128 128 128 128 128 128 128 128 128 128 128 128 128 128 128 128
num evicts: 13100000, p: 2159948, s: 4668017 	 max proactive lookup: 16, max shadow lookup: 16
	evict counters: 128 128 128 128 128 128 128 128 128 128 128 128 128 128 128 128
	eager counters: 128 128 128 128 128 128 128 128 128 128 128 128 128 128 128 128
num evicts: 13200000, p: 2172472, s: 4713368 	 max proactive lookup: 16, max shadow lookup: 16
	evict counters: 128 128 128 128 128 128 128 128 128 128 128 128 128 128 128 128
	eager counters: 128 128 128 128 128 128 128 128 128 128 128 128 128 128 128 128
num evicts: 13300000, p: 2186494, s: 4761173 	 max proactive lookup: 16, max shadow lookup: 16
	evict counters: 128 128 128 128 128 128 128 128 128 128 128 128 128 128 128 128
	eager counters: 128 128 128 128 128 128 128 128 128 128 128 128 128 128 128 128
num evicts: 13400000, p: 2202390, s: 4800573 	 max proactive lookup: 16, max shadow lookup: 16
	evict counters: 128 128 128 128 128 128 128 128 128 128 128 128 128 128 128 128
	eager counters: 128 128 128 128 128 128 128 128 128 128 128 128 128 128 128 128
num evicts: 13500000, p: 2214465, s: 4855087 	 max proactive lookup: 16, max shadow lookup: 16
	evict counters: 128 128 128 128 128 128 128 128 128 128 128 128 128 128 128 128
	eager counters: 128 128 128 128 128 128 128 128 128 128 128 128 128 128 128 128
num evicts: 13600000, p: 2231384, s: 4890692 	 max proactive lookup: 16, max shadow lookup: 16
	evict counters: 128 128 128 128 128 128 128 128 128 128 128 128 128 128 128 128
	eager counters: 128 128 128 128 128 128 128 128 128 128 128 128 128 128 128 128
num evicts: 13700000, p: 2241027, s: 4945441 	 max proactive lookup: 16, max shadow lookup: 16
	evict counters: 128 128 128 128 128 128 128 128 128 128 128 128 128 128 128 128
	eager counters: 128 128 128 128 128 128 128 128 128 128 128 128 128 128 128 128
Heartbeat CPU 7 instructions: 60000008 cycles: 124566903 heartbeat IPC: 0.3072 cumulative IPC: 0.3076 (Simulation time: 02 hr 19 min 41 sec)
Heartbeat CPU 4 instructions: 60000008 cycles: 124699302 heartbeat IPC: 0.3069 cumulative IPC: 0.3072 (Simulation time: 02 hr 19 min 49 sec)
Heartbeat CPU 5 instructions: 60000008 cycles: 124706945 heartbeat IPC: 0.307 cumulative IPC: 0.3072 (Simulation time: 02 hr 19 min 50 sec)
Heartbeat CPU 2 instructions: 60000008 cycles: 124727916 heartbeat IPC: 0.3074 cumulative IPC: 0.3071 (Simulation time: 02 hr 19 min 51 sec)
Heartbeat CPU 0 instructions: 60000008 cycles: 124766625 heartbeat IPC: 0.3065 cumulative IPC: 0.307 (Simulation time: 02 hr 19 min 53 sec)
Heartbeat CPU 6 instructions: 60000008 cycles: 124779932 heartbeat IPC: 0.3077 cumulative IPC: 0.307 (Simulation time: 02 hr 19 min 54 sec)
Heartbeat CPU 3 instructions: 60000008 cycles: 124800112 heartbeat IPC: 0.3063 cumulative IPC: 0.307 (Simulation time: 02 hr 19 min 55 sec)
Heartbeat CPU 1 instructions: 60000008 cycles: 125002047 heartbeat IPC: 0.3063 cumulative IPC: 0.3064 (Simulation time: 02 hr 20 min 08 sec)
num evicts: 13800000, p: 2258752, s: 4975783 	 max proactive lookup: 16, max shadow lookup: 16
	evict counters: 128 128 128 128 128 128 128 128 128 128 128 128 128 128 128 128
	eager counters: 128 128 128 128 128 128 128 128 128 128 128 128 128 128 128 128
num evicts: 13900000, p: 2268517, s: 5024410 	 max proactive lookup: 16, max shadow lookup: 16
	evict counters: 128 128 128 128 128 128 128 128 128 128 128 128 128 128 128 128
	eager counters: 128 128 128 128 128 128 128 128 128 128 128 128 128 128 128 128
num evicts: 14000000, p: 2286898, s: 5059059 	 max proactive lookup: 16, max shadow lookup: 16
	evict counters: 128 128 128 128 128 128 128 128 128 128 128 128 128 128 128 128
	eager counters: 128 128 128 128 128 128 128 128 128 128 128 128 128 128 128 128
num evicts: 14100000, p: 2309324, s: 5091327 	 max proactive lookup: 16, max shadow lookup: 16
	evict counters: 128 128 128 128 128 128 128 128 128 128 128 128 128 128 128 128
	eager counters: 128 128 128 128 128 128 128 128 128 128 128 128 128 128 128 128
num evicts: 14200000, p: 2333503, s: 5126327 	 max proactive lookup: 16, max shadow lookup: 16
	evict counters: 128 128 128 128 128 128 128 128 128 128 128 128 128 128 128 128
	eager counters: 128 128 128 128 128 128 128 128 128 128 128 128 128 128 128 128
num evicts: 14300000, p: 2358459, s: 5157398 	 max proactive lookup: 16, max shadow lookup: 16
	evict counters: 128 128 128 128 128 128 128 128 128 128 128 128 128 128 128 128
	eager counters: 128 128 128 128 128 128 128 128 128 128 128 128 128 128 128 128
num evicts: 14400000, p: 2389662, s: 5172143 	 max proactive lookup: 16, max shadow lookup: 16
	evict counters: 128 128 128 128 128 128 128 128 128 128 128 128 128 128 128 128
	eager counters: 128 128 128 128 128 128 128 128 128 128 128 128 128 128 128 128
num evicts: 14500000, p: 2423260, s: 5186515 	 max proactive lookup: 16, max shadow lookup: 16
	evict counters: 128 128 128 128 128 128 128 128 128 128 128 128 128 128 128 128
	eager counters: 128 128 128 128 128 128 128 128 128 128 128 128 128 128 128 128
num evicts: 14600000, p: 2459717, s: 5200075 	 max proactive lookup: 16, max shadow lookup: 16
	evict counters: 128 128 128 128 128 128 128 128 128 128 128 128 128 128 128 128
	eager counters: 128 128 128 128 128 128 128 128 128 128 128 128 128 128 128 128
num evicts: 14700000, p: 2495087, s: 5211157 	 max proactive lookup: 16, max shadow lookup: 16
	evict counters: 128 128 128 128 128 128 128 128 128 128 128 128 128 128 128 128
	eager counters: 128 128 128 128 128 128 128 128 128 128 128 128 128 128 128 128
num evicts: 14800000, p: 2532424, s: 5217508 	 max proactive lookup: 16, max shadow lookup: 16
	evict counters: 128 128 128 128 128 128 128 128 128 128 128 128 128 128 128 128
	eager counters: 128 128 128 128 128 128 128 128 128 128 128 128 128 128 128 128
num evicts: 14900000, p: 2564438, s: 5222459 	 max proactive lookup: 16, max shadow lookup: 16
	evict counters: 128 128 128 128 128 128 128 128 128 128 128 128 128 128 128 128
	eager counters: 128 128 128 128 128 128 128 128 128 128 128 128 128 128 128 128
num evicts: 15000000, p: 2594305, s: 5224787 	 max proactive lookup: 16, max shadow lookup: 16
	evict counters: 128 128 128 128 128 128 128 128 128 128 128 128 128 128 128 128
	eager counters: 128 128 128 128 128 128 128 128 128 128 128 128 128 128 128 128
num evicts: 15100000, p: 2635044, s: 5225894 	 max proactive lookup: 16, max shadow lookup: 16
	evict counters: 128 128 128 128 128 128 128 128 128 128 128 128 128 128 128 128
	eager counters: 128 128 128 128 128 128 128 128 128 128 128 128 128 128 128 128
num evicts: 15200000, p: 2673190, s: 5226414 	 max proactive lookup: 16, max shadow lookup: 16
	evict counters: 128 128 128 128 128 128 128 128 128 128 128 128 128 128 128 128
	eager counters: 128 128 128 128 128 128 128 128 128 128 128 128 128 128 128 128
num evicts: 15300000, p: 2715028, s: 5226818 	 max proactive lookup: 16, max shadow lookup: 16
	evict counters: 128 128 128 128 128 128 128 128 128 128 128 128 128 128 128 128
	eager counters: 128 128 128 128 128 128 128 128 128 128 128 128 128 128 128 128
num evicts: 15400000, p: 2760652, s: 5227189 	 max proactive lookup: 16, max shadow lookup: 16
	evict counters: 128 128 128 128 128 128 128 128 128 128 128 128 128 128 128 128
	eager counters: 128 128 128 128 128 128 128 128 128 128 128 128 128 128 128 128
num evicts: 15500000, p: 2803350, s: 5227585 	 max proactive lookup: 16, max shadow lookup: 16
	evict counters: 128 128 128 128 128 128 128 128 128 128 128 128 128 128 128 128
	eager counters: 128 128 128 128 128 128 128 128 128 128 128 128 128 128 128 128
num evicts: 15600000, p: 2846255, s: 5227843 	 max proactive lookup: 16, max shadow lookup: 16
	evict counters: 128 128 128 128 128 128 128 128 128 128 128 128 128 128 128 128
	eager counters: 128 128 128 128 128 128 128 128 128 128 128 128 128 128 128 128
num evicts: 15700000, p: 2886545, s: 5228014 	 max proactive lookup: 16, max shadow lookup: 16
	evict counters: 128 128 128 128 128 128 128 128 128 128 128 128 128 128 128 128
	eager counters: 128 128 128 128 128 128 128 128 128 128 128 128 128 128 128 128
num evicts: 15800000, p: 2927545, s: 5228134 	 max proactive lookup: 16, max shadow lookup: 16
	evict counters: 128 128 128 128 128 128 128 128 128 128 128 128 128 128 128 128
	eager counters: 128 128 128 128 128 128 128 128 128 128 128 128 128 128 128 128
num evicts: 15900000, p: 2972057, s: 5228257 	 max proactive lookup: 16, max shadow lookup: 16
	evict counters: 128 128 128 128 128 128 128 128 128 128 128 128 128 128 128 128
	eager counters: 128 128 128 128 128 128 128 128 128 128 128 128 128 128 128 128
num evicts: 16000000, p: 3010340, s: 5228279 	 max proactive lookup: 16, max shadow lookup: 16
	evict counters: 128 128 128 128 128 128 128 128 128 128 128 128 128 128 128 128
	eager counters: 128 128 128 128 128 128 128 128 128 128 128 128 128 128 128 128
num evicts: 16100000, p: 3048833, s: 5229017 	 max proactive lookup: 16, max shadow lookup: 16
	evict counters: 128 128 128 128 128 128 128 128 128 128 128 128 128 128 128 128
	eager counters: 128 128 128 128 128 128 128 128 128 128 128 128 128 128 128 128
num evicts: 16200000, p: 3078795, s: 5229380 	 max proactive lookup: 16, max shadow lookup: 16
	evict counters: 128 128 128 128 128 128 128 128 128 128 128 128 128 128 128 128
	eager counters: 128 128 128 128 128 128 128 128 128 128 128 128 128 128 128 128
num evicts: 16300000, p: 3103171, s: 5245623 	 max proactive lookup: 16, max shadow lookup: 16
	evict counters: 128 128 128 128 128 128 128 128 128 128 128 128 128 128 128 128
	eager counters: 128 128 128 128 128 128 128 128 128 128 128 128 128 128 128 128
num evicts: 16400000, p: 3104204, s: 5295828 	 max proactive lookup: 16, max shadow lookup: 16
	evict counters: 128 128 128 128 128 128 128 128 128 128 128 128 128 128 128 128
	eager counters: 128 128 128 128 128 128 128 128 128 128 128 128 128 128 128 128
num evicts: 16500000, p: 3113630, s: 5337609 	 max proactive lookup: 16, max shadow lookup: 16
	evict counters: 128 128 128 128 128 128 128 128 128 128 128 128 128 128 128 128
	eager counters: 128 128 128 128 128 128 128 128 128 128 128 128 128 128 128 128
num evicts: 16600000, p: 3119741, s: 5361288 	 max proactive lookup: 16, max shadow lookup: 16
	evict counters: 128 128 128 128 128 128 128 128 128 128 128 128 128 128 128 128
	eager counters: 128 128 128 128 128 128 128 128 128 128 128 128 128 128 128 128
Heartbeat CPU 7 instructions: 70000011 cycles: 167801180 heartbeat IPC: 0.2313 cumulative IPC: 0.2866 (Simulation time: 03 hr 01 min 00 sec)
Heartbeat CPU 4 instructions: 70000011 cycles: 167856695 heartbeat IPC: 0.2317 cumulative IPC: 0.2865 (Simulation time: 03 hr 01 min 04 sec)
Heartbeat CPU 2 instructions: 70000011 cycles: 167907161 heartbeat IPC: 0.2316 cumulative IPC: 0.2864 (Simulation time: 03 hr 01 min 07 sec)
Heartbeat CPU 6 instructions: 70000011 cycles: 167953702 heartbeat IPC: 0.2316 cumulative IPC: 0.2863 (Simulation time: 03 hr 01 min 10 sec)
Heartbeat CPU 5 instructions: 70000011 cycles: 167956903 heartbeat IPC: 0.2312 cumulative IPC: 0.2863 (Simulation time: 03 hr 01 min 10 sec)
Heartbeat CPU 0 instructions: 70000011 cycles: 167978817 heartbeat IPC: 0.2314 cumulative IPC: 0.2862 (Simulation time: 03 hr 01 min 11 sec)
Heartbeat CPU 3 instructions: 70000011 cycles: 167982668 heartbeat IPC: 0.2316 cumulative IPC: 0.2862 (Simulation time: 03 hr 01 min 12 sec)
Heartbeat CPU 1 instructions: 70000011 cycles: 168093700 heartbeat IPC: 0.2321 cumulative IPC: 0.286 (Simulation time: 03 hr 01 min 19 sec)
num evicts: 16700000, p: 3124051, s: 5387056 	 max proactive lookup: 16, max shadow lookup: 16
	evict counters: 128 128 128 128 128 128 128 128 128 128 128 128 128 128 128 128
	eager counters: 128 128 128 128 128 128 128 128 128 128 128 128 128 128 128 128
num evicts: 16800000, p: 3126254, s: 5424409 	 max proactive lookup: 16, max shadow lookup: 16
	evict counters: 128 128 128 128 128 128 128 128 128 128 128 128 128 128 128 128
	eager counters: 128 128 128 128 128 128 128 128 128 128 128 128 128 128 128 128
num evicts: 16900000, p: 3134521, s: 5462731 	 max proactive lookup: 16, max shadow lookup: 16
	evict counters: 128 128 128 128 128 128 128 128 128 128 128 128 128 128 128 128
	eager counters: 128 128 128 128 128 128 128 128 128 128 128 128 128 128 128 128
num evicts: 17000000, p: 3143830, s: 5490198 	 max proactive lookup: 16, max shadow lookup: 16
	evict counters: 128 128 128 128 128 128 128 128 128 128 128 128 128 128 128 128
	eager counters: 128 128 128 128 128 128 128 128 128 128 128 128 128 128 128 128
num evicts: 17100000, p: 3148833, s: 5529102 	 max proactive lookup: 16, max shadow lookup: 16
	evict counters: 128 128 128 128 128 128 128 128 128 128 128 128 128 128 128 128
	eager counters: 128 128 128 128 128 128 128 128 128 128 128 128 128 128 128 128
num evicts: 17200000, p: 3150164, s: 5577026 	 max proactive lookup: 16, max shadow lookup: 16
	evict counters: 128 128 128 128 128 128 128 128 128 128 128 128 128 128 128 128
	eager counters: 128 128 128 128 128 128 128 128 128 128 128 128 128 128 128 128
num evicts: 17300000, p: 3158954, s: 5624318 	 max proactive lookup: 16, max shadow lookup: 16
	evict counters: 128 128 128 128 128 128 128 128 128 128 128 128 128 128 128 128
	eager counters: 128 128 128 128 128 128 128 128 128 128 128 128 128 128 128 128
num evicts: 17400000, p: 3165953, s: 5659505 	 max proactive lookup: 16, max shadow lookup: 16
	evict counters: 128 128 128 128 128 128 128 128 128 128 128 128 128 128 128 128
	eager counters: 128 128 128 128 128 128 128 128 128 128 128 128 128 128 128 128
num evicts: 17500000, p: 3169725, s: 5703175 	 max proactive lookup: 16, max shadow lookup: 16
	evict counters: 128 128 128 128 128 128 128 128 128 128 128 128 128 128 128 128
	eager counters: 128 128 128 128 128 128 128 128 128 128 128 128 128 128 128 128
num evicts: 17600000, p: 3170518, s: 5757848 	 max proactive lookup: 16, max shadow lookup: 16
	evict counters: 128 128 128 128 128 128 128 128 128 128 128 128 128 128 128 128
	eager counters: 128 128 128 128 128 128 128 128 128 128 128 128 128 128 128 128
num evicts: 17700000, p: 3177841, s: 5811011 	 max proactive lookup: 16, max shadow lookup: 16
	evict counters: 128 128 128 128 128 128 128 128 128 128 128 128 128 128 128 128
	eager counters: 128 128 128 128 128 128 128 128 128 128 128 128 128 128 128 128
num evicts: 17800000, p: 3184924, s: 5844784 	 max proactive lookup: 16, max shadow lookup: 16
	evict counters: 128 128 128 128 128 128 128 128 128 128 128 128 128 128 128 128
	eager counters: 128 128 128 128 128 128 128 128 128 128 128 128 128 128 128 128
num evicts: 17900000, p: 3188140, s: 5881153 	 max proactive lookup: 16, max shadow lookup: 16
	evict counters: 128 128 128 128 128 128 128 128 128 128 128 128 128 128 128 128
	eager counters: 128 128 128 128 128 128 128 128 128 128 128 128 128 128 128 128
num evicts: 18000000, p: 3189058, s: 5931107 	 max proactive lookup: 16, max shadow lookup: 16
	evict counters: 128 128 128 128 128 128 128 128 128 128 128 128 128 128 128 128
	eager counters: 128 128 128 128 128 128 128 128 128 128 128 128 128 128 128 128
num evicts: 18100000, p: 3195801, s: 5981422 	 max proactive lookup: 16, max shadow lookup: 16
	evict counters: 128 128 128 128 128 128 128 128 128 128 128 128 128 128 128 128
	eager counters: 128 128 128 128 128 128 128 128 128 128 128 128 128 128 128 128
num evicts: 18200000, p: 3205260, s: 6015566 	 max proactive lookup: 16, max shadow lookup: 16
	evict counters: 128 128 128 128 128 128 128 128 128 128 128 128 128 128 128 128
	eager counters: 128 128 128 128 128 128 128 128 128 128 128 128 128 128 128 128
num evicts: 18300000, p: 3209283, s: 6054129 	 max proactive lookup: 16, max shadow lookup: 16
	evict counters: 128 128 128 128 128 128 128 128 128 128 128 128 128 128 128 128
	eager counters: 128 128 128 128 128 128 128 128 128 128 128 128 128 128 128 128
Heartbeat CPU 4 instructions: 80000014 cycles: 194163677 heartbeat IPC: 0.3801 cumulative IPC: 0.2999 (Simulation time: 03 hr 28 min 51 sec)
Heartbeat CPU 7 instructions: 80000014 cycles: 194171179 heartbeat IPC: 0.3792 cumulative IPC: 0.2999 (Simulation time: 03 hr 28 min 52 sec)
Heartbeat CPU 2 instructions: 80000014 cycles: 194179458 heartbeat IPC: 0.3806 cumulative IPC: 0.2999 (Simulation time: 03 hr 28 min 52 sec)
Heartbeat CPU 6 instructions: 80000014 cycles: 194305648 heartbeat IPC: 0.3795 cumulative IPC: 0.2997 (Simulation time: 03 hr 29 min 00 sec)
Heartbeat CPU 0 instructions: 80000014 cycles: 194330462 heartbeat IPC: 0.3795 cumulative IPC: 0.2996 (Simulation time: 03 hr 29 min 02 sec)
Heartbeat CPU 5 instructions: 80000014 cycles: 194335012 heartbeat IPC: 0.3791 cumulative IPC: 0.2996 (Simulation time: 03 hr 29 min 02 sec)
Heartbeat CPU 3 instructions: 80000014 cycles: 194387846 heartbeat IPC: 0.3787 cumulative IPC: 0.2995 (Simulation time: 03 hr 29 min 06 sec)
Heartbeat CPU 1 instructions: 80000014 cycles: 194512940 heartbeat IPC: 0.3785 cumulative IPC: 0.2993 (Simulation time: 03 hr 29 min 14 sec)
num evicts: 18400000, p: 3209643, s: 6108703 	 max proactive lookup: 16, max shadow lookup: 16
	evict counters: 128 128 128 128 128 128 128 128 128 128 128 128 128 128 128 128
	eager counters: 128 128 128 128 128 128 128 128 128 128 128 128 128 128 128 128
num evicts: 18500000, p: 3214904, s: 6166054 	 max proactive lookup: 16, max shadow lookup: 16
	evict counters: 128 128 128 128 128 128 128 128 128 128 128 128 128 128 128 128
	eager counters: 128 128 128 128 128 128 128 128 128 128 128 128 128 128 128 128
num evicts: 18600000, p: 3223621, s: 6200066 	 max proactive lookup: 16, max shadow lookup: 16
	evict counters: 128 128 128 128 128 128 128 128 128 128 128 128 128 128 128 128
	eager counters: 128 128 128 128 128 128 128 128 128 128 128 128 128 128 128 128
num evicts: 18700000, p: 3227544, s: 6235192 	 max proactive lookup: 16, max shadow lookup: 16
	evict counters: 128 128 128 128 128 128 128 128 128 128 128 128 128 128 128 128
	eager counters: 128 128 128 128 128 128 128 128 128 128 128 128 128 128 128 128
num evicts: 18800000, p: 3228309, s: 6285094 	 max proactive lookup: 16, max shadow lookup: 16
	evict counters: 128 128 128 128 128 128 128 128 128 128 128 128 128 128 128 128
	eager counters: 128 128 128 128 128 128 128 128 128 128 128 128 128 128 128 128
num evicts: 18900000, p: 3232432, s: 6341181 	 max proactive lookup: 16, max shadow lookup: 16
	evict counters: 128 128 128 128 128 128 128 128 128 128 128 128 128 128 128 128
	eager counters: 128 128 128 128 128 128 128 128 128 128 128 128 128 128 128 128
num evicts: 19000000, p: 3241770, s: 6372552 	 max proactive lookup: 16, max shadow lookup: 16
	evict counters: 128 128 128 128 128 128 128 128 128 128 128 128 128 128 128 128
	eager counters: 128 128 128 128 128 128 128 128 128 128 128 128 128 128 128 128
num evicts: 19100000, p: 3246099, s: 6403050 	 max proactive lookup: 16, max shadow lookup: 16
	evict counters: 128 128 128 128 128 128 128 128 128 128 128 128 128 128 128 128
	eager counters: 128 128 128 128 128 128 128 128 128 128 128 128 128 128 128 128
num evicts: 19200000, p: 3247210, s: 6448826 	 max proactive lookup: 16, max shadow lookup: 16
	evict counters: 128 128 128 128 128 128 128 128 128 128 128 128 128 128 128 128
	eager counters: 128 128 128 128 128 128 128 128 128 128 128 128 128 128 128 128
num evicts: 19300000, p: 3249959, s: 6506936 	 max proactive lookup: 16, max shadow lookup: 16
	evict counters: 128 128 128 128 128 128 128 128 128 128 128 128 128 128 128 128
	eager counters: 128 128 128 128 128 128 128 128 128 128 128 128 128 128 128 128
num evicts: 19400000, p: 3258900, s: 6538211 	 max proactive lookup: 16, max shadow lookup: 16
	evict counters: 128 128 128 128 128 128 128 128 128 128 128 128 128 128 128 128
	eager counters: 128 128 128 128 128 128 128 128 128 128 128 128 128 128 128 128
num evicts: 19500000, p: 3263823, s: 6575776 	 max proactive lookup: 16, max shadow lookup: 16
	evict counters: 128 128 128 128 128 128 128 128 128 128 128 128 128 128 128 128
	eager counters: 128 128 128 128 128 128 128 128 128 128 128 128 128 128 128 128
num evicts: 19600000, p: 3265060, s: 6616076 	 max proactive lookup: 16, max shadow lookup: 16
	evict counters: 128 128 128 128 128 128 128 128 128 128 128 128 128 128 128 128
	eager counters: 128 128 128 128 128 128 128 128 128 128 128 128 128 128 128 128
num evicts: 19700000, p: 3266845, s: 6674720 	 max proactive lookup: 16, max shadow lookup: 16
	evict counters: 128 128 128 128 128 128 128 128 128 128 128 128 128 128 128 128
	eager counters: 128 128 128 128 128 128 128 128 128 128 128 128 128 128 128 128
num evicts: 19800000, p: 3277633, s: 6707554 	 max proactive lookup: 16, max shadow lookup: 16
	evict counters: 128 128 128 128 128 128 128 128 128 128 128 128 128 128 128 128
	eager counters: 128 128 128 128 128 128 128 128 128 128 128 128 128 128 128 128
num evicts: 19900000, p: 3283185, s: 6743218 	 max proactive lookup: 16, max shadow lookup: 16
	evict counters: 128 128 128 128 128 128 128 128 128 128 128 128 128 128 128 128
	eager counters: 128 128 128 128 128 128 128 128 128 128 128 128 128 128 128 128
num evicts: 20000000, p: 3285327, s: 6783238 	 max proactive lookup: 16, max shadow lookup: 16
	evict counters: 128 128 128 128 128 128 128 128 128 128 128 128 128 128 128 128
	eager counters: 128 128 128 128 128 128 128 128 128 128 128 128 128 128 128 128
Heartbeat CPU 7 instructions: 90000014 cycles: 220566254 heartbeat IPC: 0.3789 cumulative IPC: 0.3098 (Simulation time: 03 hr 56 min 45 sec)
Heartbeat CPU 4 instructions: 90000014 cycles: 220580299 heartbeat IPC: 0.3785 cumulative IPC: 0.3098 (Simulation time: 03 hr 56 min 46 sec)
Heartbeat CPU 2 instructions: 90000014 cycles: 220609710 heartbeat IPC: 0.3784 cumulative IPC: 0.3098 (Simulation time: 03 hr 56 min 48 sec)
Heartbeat CPU 0 instructions: 90000014 cycles: 220669422 heartbeat IPC: 0.3797 cumulative IPC: 0.3097 (Simulation time: 03 hr 56 min 51 sec)
Heartbeat CPU 5 instructions: 90000014 cycles: 220681660 heartbeat IPC: 0.3796 cumulative IPC: 0.3097 (Simulation time: 03 hr 56 min 52 sec)
Heartbeat CPU 6 instructions: 90000014 cycles: 220731082 heartbeat IPC: 0.3784 cumulative IPC: 0.3096 (Simulation time: 03 hr 56 min 55 sec)
Heartbeat CPU 3 instructions: 90000014 cycles: 220771761 heartbeat IPC: 0.379 cumulative IPC: 0.3095 (Simulation time: 03 hr 56 min 58 sec)
Heartbeat CPU 1 instructions: 90000014 cycles: 220993029 heartbeat IPC: 0.3776 cumulative IPC: 0.3092 (Simulation time: 03 hr 57 min 12 sec)
num evicts: 20100000, p: 3286883, s: 6838366 	 max proactive lookup: 16, max shadow lookup: 16
	evict counters: 128 128 128 128 128 128 128 128 128 128 128 128 128 128 128 128
	eager counters: 128 128 128 128 128 128 128 128 128 128 128 128 128 128 128 128
num evicts: 20200000, p: 3297022, s: 6874794 	 max proactive lookup: 16, max shadow lookup: 16
	evict counters: 128 128 128 128 128 128 128 128 128 128 128 128 128 128 128 128
	eager counters: 128 128 128 128 128 128 128 128 128 128 128 128 128 128 128 128
num evicts: 20300000, p: 3302440, s: 6910672 	 max proactive lookup: 16, max shadow lookup: 16
	evict counters: 128 128 128 128 128 128 128 128 128 128 128 128 128 128 128 128
	eager counters: 128 128 128 128 128 128 128 128 128 128 128 128 128 128 128 128
num evicts: 20400000, p: 3304713, s: 6953779 	 max proactive lookup: 16, max shadow lookup: 16
	evict counters: 128 128 128 128 128 128 128 128 128 128 128 128 128 128 128 128
	eager counters: 128 128 128 128 128 128 128 128 128 128 128 128 128 128 128 128
num evicts: 20500000, p: 3306212, s: 7004033 	 max proactive lookup: 16, max shadow lookup: 16
	evict counters: 128 128 128 128 128 128 128 128 128 128 128 128 128 128 128 128
	eager counters: 128 128 128 128 128 128 128 128 128 128 128 128 128 128 128 128
num evicts: 20600000, p: 3316832, s: 7040149 	 max proactive lookup: 16, max shadow lookup: 16
	evict counters: 128 128 128 128 128 128 128 128 128 128 128 128 128 128 128 128
	eager counters: 128 128 128 128 128 128 128 128 128 128 128 128 128 128 128 128
num evicts: 20700000, p: 3323516, s: 7074517 	 max proactive lookup: 16, max shadow lookup: 16
	evict counters: 128 128 128 128 128 128 128 128 128 128 128 128 128 128 128 128
	eager counters: 128 128 128 128 128 128 128 128 128 128 128 128 128 128 128 128
num evicts: 20800000, p: 3326386, s: 7120109 	 max proactive lookup: 16, max shadow lookup: 16
	evict counters: 128 128 128 128 128 128 128 128 128 128 128 128 128 128 128 128
	eager counters: 128 128 128 128 128 128 128 128 128 128 128 128 128 128 128 128
num evicts: 20900000, p: 3327633, s: 7173057 	 max proactive lookup: 16, max shadow lookup: 16
	evict counters: 128 128 128 128 128 128 128 128 128 128 128 128 128 128 128 128
	eager counters: 128 128 128 128 128 128 128 128 128 128 128 128 128 128 128 128
num evicts: 21000000, p: 3336609, s: 7214782 	 max proactive lookup: 16, max shadow lookup: 16
	evict counters: 128 128 128 128 128 128 128 128 128 128 128 128 128 128 128 128
	eager counters: 128 128 128 128 128 128 128 128 128 128 128 128 128 128 128 128
num evicts: 21100000, p: 3341122, s: 7248929 	 max proactive lookup: 16, max shadow lookup: 16
	evict counters: 128 128 128 128 128 128 128 128 128 128 128 128 128 128 128 128
	eager counters: 128 128 128 128 128 128 128 128 128 128 128 128 128 128 128 128
num evicts: 21200000, p: 3344474, s: 7292057 	 max proactive lookup: 16, max shadow lookup: 16
	evict counters: 128 128 128 128 128 128 128 128 128 128 128 128 128 128 128 128
	eager counters: 128 128 128 128 128 128 128 128 128 128 128 128 128 128 128 128
num evicts: 21300000, p: 3345588, s: 7345556 	 max proactive lookup: 16, max shadow lookup: 16
	evict counters: 128 128 128 128 128 128 128 128 128 128 128 128 128 128 128 128
	eager counters: 128 128 128 128 128 128 128 128 128 128 128 128 128 128 128 128
num evicts: 21400000, p: 3354867, s: 7390589 	 max proactive lookup: 16, max shadow lookup: 16
	evict counters: 128 128 128 128 128 128 128 128 128 128 128 128 128 128 128 128
	eager counters: 128 128 128 128 128 128 128 128 128 128 128 128 128 128 128 128
num evicts: 21500000, p: 3360495, s: 7424246 	 max proactive lookup: 16, max shadow lookup: 16
	evict counters: 128 128 128 128 128 128 128 128 128 128 128 128 128 128 128 128
	eager counters: 128 128 128 128 128 128 128 128 128 128 128 128 128 128 128 128
num evicts: 21600000, p: 3363569, s: 7466068 	 max proactive lookup: 16, max shadow lookup: 16
	evict counters: 128 128 128 128 128 128 128 128 128 128 128 128 128 128 128 128
	eager counters: 128 128 128 128 128 128 128 128 128 128 128 128 128 128 128 128
Heartbeat CPU 7 instructions: 100000015 cycles: 246894234 heartbeat IPC: 0.3798 cumulative IPC: 0.3176 (Simulation time: 04 hr 24 min 26 sec)
Heartbeat CPU 4 instructions: 100000015 cycles: 246898693 heartbeat IPC: 0.38 cumulative IPC: 0.3176 (Simulation time: 04 hr 24 min 26 sec)
num evicts: 21700000, p: 3364810, s: 7518933 	 max proactive lookup: 16, max shadow lookup: 16
	evict counters: 128 128 128 128 128 128 128 128 128 128 128 128 128 128 128 128
	eager counters: 128 128 128 128 128 128 128 128 128 128 128 128 128 128 128 128
Heartbeat CPU 2 instructions: 100000015 cycles: 246983692 heartbeat IPC: 0.3792 cumulative IPC: 0.3175 (Simulation time: 04 hr 24 min 32 sec)
Heartbeat CPU 5 instructions: 100000015 cycles: 247084781 heartbeat IPC: 0.3787 cumulative IPC: 0.3174 (Simulation time: 04 hr 24 min 38 sec)
Heartbeat CPU 0 instructions: 100000015 cycles: 247088573 heartbeat IPC: 0.3785 cumulative IPC: 0.3174 (Simulation time: 04 hr 24 min 38 sec)
Heartbeat CPU 6 instructions: 100000015 cycles: 247110949 heartbeat IPC: 0.3791 cumulative IPC: 0.3174 (Simulation time: 04 hr 24 min 40 sec)
Heartbeat CPU 3 instructions: 100000015 cycles: 247166165 heartbeat IPC: 0.3789 cumulative IPC: 0.3173 (Simulation time: 04 hr 24 min 43 sec)
Heartbeat CPU 1 instructions: 100000015 cycles: 247369229 heartbeat IPC: 0.3791 cumulative IPC: 0.317 (Simulation time: 04 hr 24 min 56 sec)
num evicts: 21800000, p: 3374194, s: 7562676 	 max proactive lookup: 16, max shadow lookup: 16
	evict counters: 128 128 128 128 128 128 128 128 128 128 128 128 128 128 128 128
	eager counters: 128 128 128 128 128 128 128 128 128 128 128 128 128 128 128 128
num evicts: 21900000, p: 3380129, s: 7599806 	 max proactive lookup: 16, max shadow lookup: 16
	evict counters: 128 128 128 128 128 128 128 128 128 128 128 128 128 128 128 128
	eager counters: 128 128 128 128 128 128 128 128 128 128 128 128 128 128 128 128
num evicts: 22000000, p: 3383516, s: 7645223 	 max proactive lookup: 16, max shadow lookup: 16
	evict counters: 128 128 128 128 128 128 128 128 128 128 128 128 128 128 128 128
	eager counters: 128 128 128 128 128 128 128 128 128 128 128 128 128 128 128 128
num evicts: 22100000, p: 3384187, s: 7702504 	 max proactive lookup: 16, max shadow lookup: 16
	evict counters: 128 128 128 128 128 128 128 128 128 128 128 128 128 128 128 128
	eager counters: 128 128 128 128 128 128 128 128 128 128 128 128 128 128 128 128
num evicts: 22200000, p: 3393606, s: 7746412 	 max proactive lookup: 16, max shadow lookup: 16
	evict counters: 128 128 128 128 128 128 128 128 128 128 128 128 128 128 128 128
	eager counters: 128 128 128 128 128 128 128 128 128 128 128 128 128 128 128 128
num evicts: 22300000, p: 3398272, s: 7781236 	 max proactive lookup: 16, max shadow lookup: 16
	evict counters: 128 128 128 128 128 128 128 128 128 128 128 128 128 128 128 128
	eager counters: 128 128 128 128 128 128 128 128 128 128 128 128 128 128 128 128
num evicts: 22400000, p: 3400986, s: 7823392 	 max proactive lookup: 16, max shadow lookup: 16
	evict counters: 128 128 128 128 128 128 128 128 128 128 128 128 128 128 128 128
	eager counters: 128 128 128 128 128 128 128 128 128 128 128 128 128 128 128 128
num evicts: 22500000, p: 3402134, s: 7877598 	 max proactive lookup: 16, max shadow lookup: 16
	evict counters: 128 128 128 128 128 128 128 128 128 128 128 128 128 128 128 128
	eager counters: 128 128 128 128 128 128 128 128 128 128 128 128 128 128 128 128
num evicts: 22600000, p: 3410916, s: 7919795 	 max proactive lookup: 16, max shadow lookup: 16
	evict counters: 128 128 128 128 128 128 128 128 128 128 128 128 128 128 128 128
	eager counters: 128 128 128 128 128 128 128 128 128 128 128 128 128 128 128 128
num evicts: 22700000, p: 3416786, s: 7956945 	 max proactive lookup: 16, max shadow lookup: 16
	evict counters: 128 128 128 128 128 128 128 128 128 128 128 128 128 128 128 128
	eager counters: 128 128 128 128 128 128 128 128 128 128 128 128 128 128 128 128
num evicts: 22800000, p: 3420229, s: 8001901 	 max proactive lookup: 16, max shadow lookup: 16
	evict counters: 128 128 128 128 128 128 128 128 128 128 128 128 128 128 128 128
	eager counters: 128 128 128 128 128 128 128 128 128 128 128 128 128 128 128 128
num evicts: 22900000, p: 3421209, s: 8060975 	 max proactive lookup: 16, max shadow lookup: 16
	evict counters: 128 128 128 128 128 128 128 128 128 128 128 128 128 128 128 128
	eager counters: 128 128 128 128 128 128 128 128 128 128 128 128 128 128 128 128
num evicts: 23000000, p: 3430689, s: 8107978 	 max proactive lookup: 16, max shadow lookup: 16
	evict counters: 128 128 128 128 128 128 128 128 128 128 128 128 128 128 128 128
	eager counters: 128 128 128 128 128 128 128 128 128 128 128 128 128 128 128 128
num evicts: 23100000, p: 3434741, s: 8141015 	 max proactive lookup: 16, max shadow lookup: 16
	evict counters: 128 128 128 128 128 128 128 128 128 128 128 128 128 128 128 128
	eager counters: 128 128 128 128 128 128 128 128 128 128 128 128 128 128 128 128
num evicts: 23200000, p: 3437304, s: 8185119 	 max proactive lookup: 16, max shadow lookup: 16
	evict counters: 128 128 128 128 128 128 128 128 128 128 128 128 128 128 128 128
	eager counters: 128 128 128 128 128 128 128 128 128 128 128 128 128 128 128 128
num evicts: 23300000, p: 3438380, s: 8241873 	 max proactive lookup: 16, max shadow lookup: 16
	evict counters: 128 128 128 128 128 128 128 128 128 128 128 128 128 128 128 128
	eager counters: 128 128 128 128 128 128 128 128 128 128 128 128 128 128 128 128
Heartbeat CPU 7 instructions: 110000019 cycles: 273073412 heartbeat IPC: 0.382 cumulative IPC: 0.3241 (Simulation time: 04 hr 51 min 51 sec)
Heartbeat CPU 4 instructions: 110000019 cycles: 273110959 heartbeat IPC: 0.3815 cumulative IPC: 0.324 (Simulation time: 04 hr 51 min 53 sec)
Heartbeat CPU 2 instructions: 110000019 cycles: 273244006 heartbeat IPC: 0.3808 cumulative IPC: 0.3238 (Simulation time: 04 hr 52 min 02 sec)
Heartbeat CPU 6 instructions: 110000019 cycles: 273314858 heartbeat IPC: 0.3816 cumulative IPC: 0.3238 (Simulation time: 04 hr 52 min 06 sec)
Heartbeat CPU 0 instructions: 110000019 cycles: 273337297 heartbeat IPC: 0.381 cumulative IPC: 0.3237 (Simulation time: 04 hr 52 min 07 sec)
Heartbeat CPU 5 instructions: 110000019 cycles: 273350385 heartbeat IPC: 0.3807 cumulative IPC: 0.3237 (Simulation time: 04 hr 52 min 08 sec)
Heartbeat CPU 3 instructions: 110000019 cycles: 273609152 heartbeat IPC: 0.3782 cumulative IPC: 0.3234 (Simulation time: 04 hr 52 min 24 sec)
Heartbeat CPU 1 instructions: 110000019 cycles: 273635778 heartbeat IPC: 0.3807 cumulative IPC: 0.3234 (Simulation time: 04 hr 52 min 26 sec)
num evicts: 23400000, p: 3447605, s: 8286783 	 max proactive lookup: 16, max shadow lookup: 16
	evict counters: 128 128 128 128 128 128 128 128 128 128 128 128 128 128 128 128
	eager counters: 128 128 128 128 128 128 128 128 128 128 128 128 128 128 128 128
num evicts: 23500000, p: 3452797, s: 8324545 	 max proactive lookup: 16, max shadow lookup: 16
	evict counters: 128 128 128 128 128 128 128 128 128 128 128 128 128 128 128 128
	eager counters: 128 128 128 128 128 128 128 128 128 128 128 128 128 128 128 128
num evicts: 23600000, p: 3455997, s: 8371932 	 max proactive lookup: 16, max shadow lookup: 16
	evict counters: 128 128 128 128 128 128 128 128 128 128 128 128 128 128 128 128
	eager counters: 128 128 128 128 128 128 128 128 128 128 128 128 128 128 128 128
num evicts: 23700000, p: 3456867, s: 8431515 	 max proactive lookup: 16, max shadow lookup: 16
	evict counters: 128 128 128 128 128 128 128 128 128 128 128 128 128 128 128 128
	eager counters: 128 128 128 128 128 128 128 128 128 128 128 128 128 128 128 128
num evicts: 23800000, p: 3466451, s: 8478446 	 max proactive lookup: 16, max shadow lookup: 16
	evict counters: 128 128 128 128 128 128 128 128 128 128 128 128 128 128 128 128
	eager counters: 128 128 128 128 128 128 128 128 128 128 128 128 128 128 128 128
num evicts: 23900000, p: 3470464, s: 8515125 	 max proactive lookup: 16, max shadow lookup: 16
	evict counters: 128 128 128 128 128 128 128 128 128 128 128 128 128 128 128 128
	eager counters: 128 128 128 128 128 128 128 128 128 128 128 128 128 128 128 128
num evicts: 24000000, p: 3472755, s: 8560658 	 max proactive lookup: 16, max shadow lookup: 16
	evict counters: 128 128 128 128 128 128 128 128 128 128 128 128 128 128 128 128
	eager counters: 128 128 128 128 128 128 128 128 128 128 128 128 128 128 128 128
num evicts: 24100000, p: 3473841, s: 8616216 	 max proactive lookup: 16, max shadow lookup: 16
	evict counters: 128 128 128 128 128 128 128 128 128 128 128 128 128 128 128 128
	eager counters: 128 128 128 128 128 128 128 128 128 128 128 128 128 128 128 128
num evicts: 24200000, p: 3483126, s: 8657170 	 max proactive lookup: 16, max shadow lookup: 16
	evict counters: 128 128 128 128 128 128 128 128 128 128 128 128 128 128 128 128
	eager counters: 128 128 128 128 128 128 128 128 128 128 128 128 128 128 128 128
num evicts: 24300000, p: 3489072, s: 8685250 	 max proactive lookup: 16, max shadow lookup: 16
	evict counters: 128 128 128 128 128 128 128 128 128 128 128 128 128 128 128 128
	eager counters: 128 128 128 128 128 128 128 128 128 128 128 128 128 128 128 128
num evicts: 24400000, p: 3492128, s: 8720557 	 max proactive lookup: 16, max shadow lookup: 16
	evict counters: 128 128 128 128 128 128 128 128 128 128 128 128 128 128 128 128
	eager counters: 128 128 128 128 128 128 128 128 128 128 128 128 128 128 128 128
num evicts: 24500000, p: 3494227, s: 8762039 	 max proactive lookup: 16, max shadow lookup: 16
	evict counters: 128 128 128 128 128 128 128 128 128 128 128 128 128 128 128 128
	eager counters: 128 128 128 128 128 128 128 128 128 128 128 128 128 128 128 128
num evicts: 24600000, p: 3507110, s: 8796511 	 max proactive lookup: 16, max shadow lookup: 16
	evict counters: 128 128 128 128 128 128 128 128 128 128 128 128 128 128 128 128
	eager counters: 128 128 128 128 128 128 128 128 128 128 128 128 128 128 128 128
num evicts: 24700000, p: 3515725, s: 8831473 	 max proactive lookup: 16, max shadow lookup: 16
	evict counters: 128 128 128 128 128 128 128 128 128 128 128 128 128 128 128 128
	eager counters: 128 128 128 128 128 128 128 128 128 128 128 128 128 128 128 128
num evicts: 24800000, p: 3518825, s: 8872031 	 max proactive lookup: 16, max shadow lookup: 16
	evict counters: 128 128 128 128 128 128 128 128 128 128 128 128 128 128 128 128
	eager counters: 128 128 128 128 128 128 128 128 128 128 128 128 128 128 128 128
num evicts: 24900000, p: 3519668, s: 8929612 	 max proactive lookup: 16, max shadow lookup: 16
	evict counters: 128 128 128 128 128 128 128 128 128 128 128 128 128 128 128 128
	eager counters: 128 128 128 128 128 128 128 128 128 128 128 128 128 128 128 128
num evicts: 25000000, p: 3527794, s: 8971629 	 max proactive lookup: 16, max shadow lookup: 16
	evict counters: 128 128 128 128 128 128 128 128 128 128 128 128 128 128 128 128
	eager counters: 128 128 128 128 128 128 128 128 128 128 128 128 128 128 128 128
Heartbeat CPU 7 instructions: 120000020 cycles: 299457068 heartbeat IPC: 0.379 cumulative IPC: 0.3291 (Simulation time: 05 hr 19 min 41 sec)
Heartbeat CPU 4 instructions: 120000020 cycles: 299460953 heartbeat IPC: 0.3795 cumulative IPC: 0.3291 (Simulation time: 05 hr 19 min 42 sec)
Heartbeat CPU 2 instructions: 120000020 cycles: 299539222 heartbeat IPC: 0.3803 cumulative IPC: 0.329 (Simulation time: 05 hr 19 min 47 sec)
Heartbeat CPU 6 instructions: 120000020 cycles: 299720264 heartbeat IPC: 0.3787 cumulative IPC: 0.3288 (Simulation time: 05 hr 19 min 58 sec)
Heartbeat CPU 5 instructions: 120000020 cycles: 299727336 heartbeat IPC: 0.3791 cumulative IPC: 0.3288 (Simulation time: 05 hr 19 min 59 sec)
Heartbeat CPU 0 instructions: 120000020 cycles: 299739051 heartbeat IPC: 0.3788 cumulative IPC: 0.3287 (Simulation time: 05 hr 20 min 00 sec)
Heartbeat CPU 3 instructions: 120000020 cycles: 299814681 heartbeat IPC: 0.3816 cumulative IPC: 0.3287 (Simulation time: 05 hr 20 min 04 sec)
Heartbeat CPU 1 instructions: 120000020 cycles: 299910647 heartbeat IPC: 0.3806 cumulative IPC: 0.3286 (Simulation time: 05 hr 20 min 10 sec)
num evicts: 25100000, p: 3532842, s: 9005662 	 max proactive lookup: 16, max shadow lookup: 16
	evict counters: 128 128 128 128 128 128 128 128 128 128 128 128 128 128 128 128
	eager counters: 128 128 128 128 128 128 128 128 128 128 128 128 128 128 128 128
num evicts: 25200000, p: 3535915, s: 9039230 	 max proactive lookup: 16, max shadow lookup: 16
	evict counters: 128 128 128 128 128 128 128 128 128 128 128 128 128 128 128 128
	eager counters: 128 128 128 128 128 128 128 128 128 128 128 128 128 128 128 128
num evicts: 25300000, p: 3537454, s: 9088060 	 max proactive lookup: 16, max shadow lookup: 16
	evict counters: 128 128 128 128 128 128 128 128 128 128 128 128 128 128 128 128
	eager counters: 128 128 128 128 128 128 128 128 128 128 128 128 128 128 128 128
num evicts: 25400000, p: 3544917, s: 9132030 	 max proactive lookup: 16, max shadow lookup: 16
	evict counters: 128 128 128 128 128 128 128 128 128 128 128 128 128 128 128 128
	eager counters: 128 128 128 128 128 128 128 128 128 128 128 128 128 128 128 128
num evicts: 25500000, p: 3552198, s: 9167212 	 max proactive lookup: 16, max shadow lookup: 16
	evict counters: 128 128 128 128 128 128 128 128 128 128 128 128 128 128 128 128
	eager counters: 128 128 128 128 128 128 128 128 128 128 128 128 128 128 128 128
num evicts: 25600000, p: 3555995, s: 9204251 	 max proactive lookup: 16, max shadow lookup: 16
	evict counters: 128 128 128 128 128 128 128 128 128 128 128 128 128 128 128 128
	eager counters: 128 128 128 128 128 128 128 128 128 128 128 128 128 128 128 128
num evicts: 25700000, p: 3556830, s: 9255858 	 max proactive lookup: 16, max shadow lookup: 16
	evict counters: 128 128 128 128 128 128 128 128 128 128 128 128 128 128 128 128
	eager counters: 128 128 128 128 128 128 128 128 128 128 128 128 128 128 128 128
num evicts: 25800000, p: 3563157, s: 9306242 	 max proactive lookup: 16, max shadow lookup: 16
	evict counters: 128 128 128 128 128 128 128 128 128 128 128 128 128 128 128 128
	eager counters: 128 128 128 128 128 128 128 128 128 128 128 128 128 128 128 128
num evicts: 25900000, p: 3570139, s: 9340987 	 max proactive lookup: 16, max shadow lookup: 16
	evict counters: 128 128 128 128 128 128 128 128 128 128 128 128 128 128 128 128
	eager counters: 128 128 128 128 128 128 128 128 128 128 128 128 128 128 128 128
Simulation finished CPU 7 instructions: 100000000 cycles: 301867400 cumulative IPC: 0.3313 (Simulation time: 05 hr 33 min 43 sec)
Simulation finished CPU 4 instructions: 100000002 cycles: 301879213 cumulative IPC: 0.3313 (Simulation time: 05 hr 33 min 43 sec)
Simulation finished CPU 2 instructions: 100000000 cycles: 301971890 cumulative IPC: 0.3312 (Simulation time: 05 hr 33 min 49 sec)
Simulation finished CPU 6 instructions: 100000003 cycles: 302132772 cumulative IPC: 0.331 (Simulation time: 05 hr 33 min 59 sec)
Simulation finished CPU 5 instructions: 100000001 cycles: 302158459 cumulative IPC: 0.331 (Simulation time: 05 hr 34 min 01 sec)
Simulation finished CPU 0 instructions: 100000000 cycles: 302191377 cumulative IPC: 0.3309 (Simulation time: 05 hr 34 min 03 sec)
Simulation finished CPU 3 instructions: 100000000 cycles: 302278906 cumulative IPC: 0.3308 (Simulation time: 05 hr 34 min 08 sec)
Simulation finished CPU 1 instructions: 100000002 cycles: 302298655 cumulative IPC: 0.3308 (Simulation time: 05 hr 34 min 10 sec)
Simulation complete CPU 7 instructions: 100160882 cycles: 302298655 cumulative IPC: 0.3313 (Simulation time: 05 hr 34 min 10 sec)
Simulation complete CPU 6 instructions: 100062788 cycles: 302298655 cumulative IPC: 0.331 (Simulation time: 05 hr 34 min 10 sec)
Simulation complete CPU 5 instructions: 100053480 cycles: 302298655 cumulative IPC: 0.331 (Simulation time: 05 hr 34 min 10 sec)
Simulation complete CPU 4 instructions: 100161437 cycles: 302298655 cumulative IPC: 0.3313 (Simulation time: 05 hr 34 min 10 sec)
Simulation complete CPU 3 instructions: 100008145 cycles: 302298655 cumulative IPC: 0.3308 (Simulation time: 05 hr 34 min 10 sec)
Simulation complete CPU 2 instructions: 100123117 cycles: 302298655 cumulative IPC: 0.3312 (Simulation time: 05 hr 34 min 10 sec)
Simulation complete CPU 1 instructions: 100000002 cycles: 302298655 cumulative IPC: 0.3308 (Simulation time: 05 hr 34 min 10 sec)
Simulation complete CPU 0 instructions: 100039561 cycles: 302298655 cumulative IPC: 0.3309 (Simulation time: 05 hr 34 min 10 sec)

ChampSim completed all CPUs

=== Simulation ===
CPU 0 runs TRACES/ctf/ligra/ligra_BC.com-lj.ungraph.gcc_6.3.0_O3.drop_15500M.length_250M.champsimtrace.xz
CPU 1 runs TRACES/ctf/ligra/ligra_BC.com-lj.ungraph.gcc_6.3.0_O3.drop_15500M.length_250M.champsimtrace.xz
CPU 2 runs TRACES/ctf/ligra/ligra_BC.com-lj.ungraph.gcc_6.3.0_O3.drop_15500M.length_250M.champsimtrace.xz
CPU 3 runs TRACES/ctf/ligra/ligra_BC.com-lj.ungraph.gcc_6.3.0_O3.drop_15500M.length_250M.champsimtrace.xz
CPU 4 runs TRACES/ctf/ligra/ligra_BC.com-lj.ungraph.gcc_6.3.0_O3.drop_15500M.length_250M.champsimtrace.xz
CPU 5 runs TRACES/ctf/ligra/ligra_BC.com-lj.ungraph.gcc_6.3.0_O3.drop_15500M.length_250M.champsimtrace.xz
CPU 6 runs TRACES/ctf/ligra/ligra_BC.com-lj.ungraph.gcc_6.3.0_O3.drop_15500M.length_250M.champsimtrace.xz
CPU 7 runs TRACES/ctf/ligra/ligra_BC.com-lj.ungraph.gcc_6.3.0_O3.drop_15500M.length_250M.champsimtrace.xz

Total Simulation Statistics (not including warmup)

CPU 7 cumulative IPC: 0.3313 instructions: 100160882 cycles: 302298655
CPU 7 Branch Prediction Accuracy: 100% MPKI: 0 Average ROB Occupancy at Mispredict: -
Branch type MPKI
BRANCH_DIRECT_JUMP: 0
BRANCH_INDIRECT: 0
BRANCH_CONDITIONAL: 0
BRANCH_DIRECT_CALL: 0
BRANCH_INDIRECT_CALL: 0
BRANCH_RETURN: 0


CPU 6 cumulative IPC: 0.331 instructions: 100062788 cycles: 302298655
CPU 6 Branch Prediction Accuracy: 100% MPKI: 0 Average ROB Occupancy at Mispredict: -
Branch type MPKI
BRANCH_DIRECT_JUMP: 0
BRANCH_INDIRECT: 0
BRANCH_CONDITIONAL: 0
BRANCH_DIRECT_CALL: 0
BRANCH_INDIRECT_CALL: 0
BRANCH_RETURN: 0


CPU 5 cumulative IPC: 0.331 instructions: 100053480 cycles: 302298655
CPU 5 Branch Prediction Accuracy: 100% MPKI: 0 Average ROB Occupancy at Mispredict: -
Branch type MPKI
BRANCH_DIRECT_JUMP: 0
BRANCH_INDIRECT: 0
BRANCH_CONDITIONAL: 0
BRANCH_DIRECT_CALL: 0
BRANCH_INDIRECT_CALL: 0
BRANCH_RETURN: 0


CPU 4 cumulative IPC: 0.3313 instructions: 100161437 cycles: 302298655
CPU 4 Branch Prediction Accuracy: 100% MPKI: 0 Average ROB Occupancy at Mispredict: -
Branch type MPKI
BRANCH_DIRECT_JUMP: 0
BRANCH_INDIRECT: 0
BRANCH_CONDITIONAL: 0
BRANCH_DIRECT_CALL: 0
BRANCH_INDIRECT_CALL: 0
BRANCH_RETURN: 0


CPU 3 cumulative IPC: 0.3308 instructions: 100008145 cycles: 302298655
CPU 3 Branch Prediction Accuracy: 100% MPKI: 0 Average ROB Occupancy at Mispredict: -
Branch type MPKI
BRANCH_DIRECT_JUMP: 0
BRANCH_INDIRECT: 0
BRANCH_CONDITIONAL: 0
BRANCH_DIRECT_CALL: 0
BRANCH_INDIRECT_CALL: 0
BRANCH_RETURN: 0


CPU 2 cumulative IPC: 0.3312 instructions: 100123117 cycles: 302298655
CPU 2 Branch Prediction Accuracy: 100% MPKI: 0 Average ROB Occupancy at Mispredict: -
Branch type MPKI
BRANCH_DIRECT_JUMP: 0
BRANCH_INDIRECT: 0
BRANCH_CONDITIONAL: 0
BRANCH_DIRECT_CALL: 0
BRANCH_INDIRECT_CALL: 0
BRANCH_RETURN: 0


CPU 1 cumulative IPC: 0.3308 instructions: 100000002 cycles: 302298655
CPU 1 Branch Prediction Accuracy: 100% MPKI: 0 Average ROB Occupancy at Mispredict: -
Branch type MPKI
BRANCH_DIRECT_JUMP: 0
BRANCH_INDIRECT: 0
BRANCH_CONDITIONAL: 0
BRANCH_DIRECT_CALL: 0
BRANCH_INDIRECT_CALL: 0
BRANCH_RETURN: 0


CPU 0 cumulative IPC: 0.3309 instructions: 100039561 cycles: 302298655
CPU 0 Branch Prediction Accuracy: 100% MPKI: 0 Average ROB Occupancy at Mispredict: -
Branch type MPKI
BRANCH_DIRECT_JUMP: 0
BRANCH_INDIRECT: 0
BRANCH_CONDITIONAL: 0
BRANCH_DIRECT_CALL: 0
BRANCH_INDIRECT_CALL: 0
BRANCH_RETURN: 0

cpu7->cpu7_STLB TOTAL        ACCESS:         83 HIT:          7 MISS:         76 MSHR_MERGE:          0
cpu7->cpu7_STLB LOAD         ACCESS:         83 HIT:          7 MISS:         76 MSHR_MERGE:          0
cpu7->cpu7_STLB RFO          ACCESS:          0 HIT:          0 MISS:          0 MSHR_MERGE:          0
cpu7->cpu7_STLB PREFETCH     ACCESS:          0 HIT:          0 MISS:          0 MSHR_MERGE:          0
cpu7->cpu7_STLB WRITE        ACCESS:          0 HIT:          0 MISS:          0 MSHR_MERGE:          0
cpu7->cpu7_STLB TRANSLATION  ACCESS:          0 HIT:          0 MISS:          0 MSHR_MERGE:          0
cpu7->cpu7_STLB PREFETCH REQUESTED:          0 ISSUED:          0 USEFUL:          0 USELESS:          0
cpu7->cpu7_STLB AVERAGE MISS LATENCY: 371.1 cycles
cpu7->cpu7_L2C TOTAL        ACCESS:    4500980 HIT:    1955896 MISS:    2545084 MSHR_MERGE:          0
cpu7->cpu7_L2C LOAD         ACCESS:     589374 HIT:         36 MISS:     589338 MSHR_MERGE:          0
cpu7->cpu7_L2C RFO          ACCESS:    1955674 HIT:          0 MISS:    1955674 MSHR_MERGE:          0
cpu7->cpu7_L2C PREFETCH     ACCESS:          0 HIT:          0 MISS:          0 MSHR_MERGE:          0
cpu7->cpu7_L2C WRITE        ACCESS:    1955856 HIT:    1955856 MISS:          0 MSHR_MERGE:          0
cpu7->cpu7_L2C TRANSLATION  ACCESS:         76 HIT:          4 MISS:         72 MSHR_MERGE:          0
cpu7->cpu7_L2C PREFETCH REQUESTED:          0 ISSUED:          0 USEFUL:          0 USELESS:          0
cpu7->cpu7_L2C AVERAGE MISS LATENCY: 676.9 cycles
cpu7->cpu7_L1I TOTAL        ACCESS:   19103332 HIT:   19103306 MISS:         26 MSHR_MERGE:         17
cpu7->cpu7_L1I LOAD         ACCESS:   19103332 HIT:   19103306 MISS:         26 MSHR_MERGE:         17
cpu7->cpu7_L1I RFO          ACCESS:          0 HIT:          0 MISS:          0 MSHR_MERGE:          0
cpu7->cpu7_L1I PREFETCH     ACCESS:          0 HIT:          0 MISS:          0 MSHR_MERGE:          0
cpu7->cpu7_L1I WRITE        ACCESS:          0 HIT:          0 MISS:          0 MSHR_MERGE:          0
cpu7->cpu7_L1I TRANSLATION  ACCESS:          0 HIT:          0 MISS:          0 MSHR_MERGE:          0
cpu7->cpu7_L1I PREFETCH REQUESTED:          0 ISSUED:          0 USEFUL:          0 USELESS:          0
cpu7->cpu7_L1I AVERAGE MISS LATENCY: 990.9 cycles
cpu7->cpu7_L1D TOTAL        ACCESS:   26292396 HIT:    5244044 MISS:   21048352 MSHR_MERGE:   18503236
cpu7->cpu7_L1D LOAD         ACCESS:    7511678 HIT:    4052893 MISS:    3458785 MSHR_MERGE:    2869420
cpu7->cpu7_L1D RFO          ACCESS:          0 HIT:          0 MISS:          0 MSHR_MERGE:          0
cpu7->cpu7_L1D PREFETCH     ACCESS:          0 HIT:          0 MISS:          0 MSHR_MERGE:          0
cpu7->cpu7_L1D WRITE        ACCESS:   18780642 HIT:    1191151 MISS:   17589491 MSHR_MERGE:   15633816
cpu7->cpu7_L1D TRANSLATION  ACCESS:         76 HIT:          0 MISS:         76 MSHR_MERGE:          0
cpu7->cpu7_L1D PREFETCH REQUESTED:          0 ISSUED:          0 USEFUL:          0 USELESS:          0
cpu7->cpu7_L1D AVERAGE MISS LATENCY: 686 cycles
cpu7->cpu7_ITLB TOTAL        ACCESS:   18901463 HIT:   18901463 MISS:          0 MSHR_MERGE:          0
cpu7->cpu7_ITLB LOAD         ACCESS:   18901463 HIT:   18901463 MISS:          0 MSHR_MERGE:          0
cpu7->cpu7_ITLB RFO          ACCESS:          0 HIT:          0 MISS:          0 MSHR_MERGE:          0
cpu7->cpu7_ITLB PREFETCH     ACCESS:          0 HIT:          0 MISS:          0 MSHR_MERGE:          0
cpu7->cpu7_ITLB WRITE        ACCESS:          0 HIT:          0 MISS:          0 MSHR_MERGE:          0
cpu7->cpu7_ITLB TRANSLATION  ACCESS:          0 HIT:          0 MISS:          0 MSHR_MERGE:          0
cpu7->cpu7_ITLB PREFETCH REQUESTED:          0 ISSUED:          0 USEFUL:          0 USELESS:          0
cpu7->cpu7_ITLB AVERAGE MISS LATENCY: - cycles
cpu7->cpu7_DTLB TOTAL        ACCESS:   23429685 HIT:   23428780 MISS:        905 MSHR_MERGE:        822
cpu7->cpu7_DTLB LOAD         ACCESS:   23429685 HIT:   23428780 MISS:        905 MSHR_MERGE:        822
cpu7->cpu7_DTLB RFO          ACCESS:          0 HIT:          0 MISS:          0 MSHR_MERGE:          0
cpu7->cpu7_DTLB PREFETCH     ACCESS:          0 HIT:          0 MISS:          0 MSHR_MERGE:          0
cpu7->cpu7_DTLB WRITE        ACCESS:          0 HIT:          0 MISS:          0 MSHR_MERGE:          0
cpu7->cpu7_DTLB TRANSLATION  ACCESS:          0 HIT:          0 MISS:          0 MSHR_MERGE:          0
cpu7->cpu7_DTLB PREFETCH REQUESTED:          0 ISSUED:          0 USEFUL:          0 USELESS:          0
cpu7->cpu7_DTLB AVERAGE MISS LATENCY: 345.7 cycles
cpu6->cpu6_STLB TOTAL        ACCESS:         83 HIT:          7 MISS:         76 MSHR_MERGE:          0
cpu6->cpu6_STLB LOAD         ACCESS:         83 HIT:          7 MISS:         76 MSHR_MERGE:          0
cpu6->cpu6_STLB RFO          ACCESS:          0 HIT:          0 MISS:          0 MSHR_MERGE:          0
cpu6->cpu6_STLB PREFETCH     ACCESS:          0 HIT:          0 MISS:          0 MSHR_MERGE:          0
cpu6->cpu6_STLB WRITE        ACCESS:          0 HIT:          0 MISS:          0 MSHR_MERGE:          0
cpu6->cpu6_STLB TRANSLATION  ACCESS:          0 HIT:          0 MISS:          0 MSHR_MERGE:          0
cpu6->cpu6_STLB PREFETCH REQUESTED:          0 ISSUED:          0 USEFUL:          0 USELESS:          0
cpu6->cpu6_STLB AVERAGE MISS LATENCY: 237.4 cycles
cpu6->cpu6_L2C TOTAL        ACCESS:    4497560 HIT:    1954542 MISS:    2543018 MSHR_MERGE:          0
cpu6->cpu6_L2C LOAD         ACCESS:     588656 HIT:         37 MISS:     588619 MSHR_MERGE:          0
cpu6->cpu6_L2C RFO          ACCESS:    1954327 HIT:          0 MISS:    1954327 MSHR_MERGE:          0
cpu6->cpu6_L2C PREFETCH     ACCESS:          0 HIT:          0 MISS:          0 MSHR_MERGE:          0
cpu6->cpu6_L2C WRITE        ACCESS:    1954501 HIT:    1954501 MISS:          0 MSHR_MERGE:          0
cpu6->cpu6_L2C TRANSLATION  ACCESS:         76 HIT:          4 MISS:         72 MSHR_MERGE:          0
cpu6->cpu6_L2C PREFETCH REQUESTED:          0 ISSUED:          0 USEFUL:          0 USELESS:          0
cpu6->cpu6_L2C AVERAGE MISS LATENCY: 677.4 cycles
cpu6->cpu6_L1I TOTAL        ACCESS:   19080291 HIT:   19080263 MISS:         28 MSHR_MERGE:         19
cpu6->cpu6_L1I LOAD         ACCESS:   19080291 HIT:   19080263 MISS:         28 MSHR_MERGE:         19
cpu6->cpu6_L1I RFO          ACCESS:          0 HIT:          0 MISS:          0 MSHR_MERGE:          0
cpu6->cpu6_L1I PREFETCH     ACCESS:          0 HIT:          0 MISS:          0 MSHR_MERGE:          0
cpu6->cpu6_L1I WRITE        ACCESS:          0 HIT:          0 MISS:          0 MSHR_MERGE:          0
cpu6->cpu6_L1I TRANSLATION  ACCESS:          0 HIT:          0 MISS:          0 MSHR_MERGE:          0
cpu6->cpu6_L1I PREFETCH REQUESTED:          0 ISSUED:          0 USEFUL:          0 USELESS:          0
cpu6->cpu6_L1I AVERAGE MISS LATENCY: 1312 cycles
cpu6->cpu6_L1D TOTAL        ACCESS:   26264507 HIT:    5253730 MISS:   21010777 MSHR_MERGE:   18467727
cpu6->cpu6_L1D LOAD         ACCESS:    7505253 HIT:    4053760 MISS:    3451493 MSHR_MERGE:    2862846
cpu6->cpu6_L1D RFO          ACCESS:          0 HIT:          0 MISS:          0 MSHR_MERGE:          0
cpu6->cpu6_L1D PREFETCH     ACCESS:          0 HIT:          0 MISS:          0 MSHR_MERGE:          0
cpu6->cpu6_L1D WRITE        ACCESS:   18759178 HIT:    1199970 MISS:   17559208 MSHR_MERGE:   15604881
cpu6->cpu6_L1D TRANSLATION  ACCESS:         76 HIT:          0 MISS:         76 MSHR_MERGE:          0
cpu6->cpu6_L1D PREFETCH REQUESTED:          0 ISSUED:          0 USEFUL:          0 USELESS:          0
cpu6->cpu6_L1D AVERAGE MISS LATENCY: 686.5 cycles
cpu6->cpu6_ITLB TOTAL        ACCESS:   18875741 HIT:   18875741 MISS:          0 MSHR_MERGE:          0
cpu6->cpu6_ITLB LOAD         ACCESS:   18875741 HIT:   18875741 MISS:          0 MSHR_MERGE:          0
cpu6->cpu6_ITLB RFO          ACCESS:          0 HIT:          0 MISS:          0 MSHR_MERGE:          0
cpu6->cpu6_ITLB PREFETCH     ACCESS:          0 HIT:          0 MISS:          0 MSHR_MERGE:          0
cpu6->cpu6_ITLB WRITE        ACCESS:          0 HIT:          0 MISS:          0 MSHR_MERGE:          0
cpu6->cpu6_ITLB TRANSLATION  ACCESS:          0 HIT:          0 MISS:          0 MSHR_MERGE:          0
cpu6->cpu6_ITLB PREFETCH REQUESTED:          0 ISSUED:          0 USEFUL:          0 USELESS:          0
cpu6->cpu6_ITLB AVERAGE MISS LATENCY: - cycles
cpu6->cpu6_DTLB TOTAL        ACCESS:   23468007 HIT:   23467075 MISS:        932 MSHR_MERGE:        849
cpu6->cpu6_DTLB LOAD         ACCESS:   23468007 HIT:   23467075 MISS:        932 MSHR_MERGE:        849
cpu6->cpu6_DTLB RFO          ACCESS:          0 HIT:          0 MISS:          0 MSHR_MERGE:          0
cpu6->cpu6_DTLB PREFETCH     ACCESS:          0 HIT:          0 MISS:          0 MSHR_MERGE:          0
cpu6->cpu6_DTLB WRITE        ACCESS:          0 HIT:          0 MISS:          0 MSHR_MERGE:          0
cpu6->cpu6_DTLB TRANSLATION  ACCESS:          0 HIT:          0 MISS:          0 MSHR_MERGE:          0
cpu6->cpu6_DTLB PREFETCH REQUESTED:          0 ISSUED:          0 USEFUL:          0 USELESS:          0
cpu6->cpu6_DTLB AVERAGE MISS LATENCY: 223.3 cycles
cpu5->cpu5_STLB TOTAL        ACCESS:         83 HIT:          7 MISS:         76 MSHR_MERGE:          0
cpu5->cpu5_STLB LOAD         ACCESS:         83 HIT:          7 MISS:         76 MSHR_MERGE:          0
cpu5->cpu5_STLB RFO          ACCESS:          0 HIT:          0 MISS:          0 MSHR_MERGE:          0
cpu5->cpu5_STLB PREFETCH     ACCESS:          0 HIT:          0 MISS:          0 MSHR_MERGE:          0
cpu5->cpu5_STLB WRITE        ACCESS:          0 HIT:          0 MISS:          0 MSHR_MERGE:          0
cpu5->cpu5_STLB TRANSLATION  ACCESS:          0 HIT:          0 MISS:          0 MSHR_MERGE:          0
cpu5->cpu5_STLB PREFETCH REQUESTED:          0 ISSUED:          0 USEFUL:          0 USELESS:          0
cpu5->cpu5_STLB AVERAGE MISS LATENCY: 262.7 cycles
cpu5->cpu5_L2C TOTAL        ACCESS:    4497234 HIT:    1954412 MISS:    2542822 MSHR_MERGE:          0
cpu5->cpu5_L2C LOAD         ACCESS:     588592 HIT:         37 MISS:     588555 MSHR_MERGE:          0
cpu5->cpu5_L2C RFO          ACCESS:    1954195 HIT:          0 MISS:    1954195 MSHR_MERGE:          0
cpu5->cpu5_L2C PREFETCH     ACCESS:          0 HIT:          0 MISS:          0 MSHR_MERGE:          0
cpu5->cpu5_L2C WRITE        ACCESS:    1954371 HIT:    1954371 MISS:          0 MSHR_MERGE:          0
cpu5->cpu5_L2C TRANSLATION  ACCESS:         76 HIT:          4 MISS:         72 MSHR_MERGE:          0
cpu5->cpu5_L2C PREFETCH REQUESTED:          0 ISSUED:          0 USEFUL:          0 USELESS:          0
cpu5->cpu5_L2C AVERAGE MISS LATENCY: 676.6 cycles
cpu5->cpu5_L1I TOTAL        ACCESS:   19077727 HIT:   19077698 MISS:         29 MSHR_MERGE:         20
cpu5->cpu5_L1I LOAD         ACCESS:   19077727 HIT:   19077698 MISS:         29 MSHR_MERGE:         20
cpu5->cpu5_L1I RFO          ACCESS:          0 HIT:          0 MISS:          0 MSHR_MERGE:          0
cpu5->cpu5_L1I PREFETCH     ACCESS:          0 HIT:          0 MISS:          0 MSHR_MERGE:          0
cpu5->cpu5_L1I WRITE        ACCESS:          0 HIT:          0 MISS:          0 MSHR_MERGE:          0
cpu5->cpu5_L1I TRANSLATION  ACCESS:          0 HIT:          0 MISS:          0 MSHR_MERGE:          0
cpu5->cpu5_L1I PREFETCH REQUESTED:          0 ISSUED:          0 USEFUL:          0 USELESS:          0
cpu5->cpu5_L1I AVERAGE MISS LATENCY: 1478 cycles
cpu5->cpu5_L1D TOTAL        ACCESS:   26279906 HIT:    5251372 MISS:   21028534 MSHR_MERGE:   18485680
cpu5->cpu5_L1D LOAD         ACCESS:    7522677 HIT:    4050070 MISS:    3472607 MSHR_MERGE:    2884024
cpu5->cpu5_L1D RFO          ACCESS:          0 HIT:          0 MISS:          0 MSHR_MERGE:          0
cpu5->cpu5_L1D PREFETCH     ACCESS:          0 HIT:          0 MISS:          0 MSHR_MERGE:          0
cpu5->cpu5_L1D WRITE        ACCESS:   18757153 HIT:    1201302 MISS:   17555851 MSHR_MERGE:   15601656
cpu5->cpu5_L1D TRANSLATION  ACCESS:         76 HIT:          0 MISS:         76 MSHR_MERGE:          0
cpu5->cpu5_L1D PREFETCH REQUESTED:          0 ISSUED:          0 USEFUL:          0 USELESS:          0
cpu5->cpu5_L1D AVERAGE MISS LATENCY: 685.7 cycles
cpu5->cpu5_ITLB TOTAL        ACCESS:   18874357 HIT:   18874357 MISS:          0 MSHR_MERGE:          0
cpu5->cpu5_ITLB LOAD         ACCESS:   18874357 HIT:   18874357 MISS:          0 MSHR_MERGE:          0
cpu5->cpu5_ITLB RFO          ACCESS:          0 HIT:          0 MISS:          0 MSHR_MERGE:          0
cpu5->cpu5_ITLB PREFETCH     ACCESS:          0 HIT:          0 MISS:          0 MSHR_MERGE:          0
cpu5->cpu5_ITLB WRITE        ACCESS:          0 HIT:          0 MISS:          0 MSHR_MERGE:          0
cpu5->cpu5_ITLB TRANSLATION  ACCESS:          0 HIT:          0 MISS:          0 MSHR_MERGE:          0
cpu5->cpu5_ITLB PREFETCH REQUESTED:          0 ISSUED:          0 USEFUL:          0 USELESS:          0
cpu5->cpu5_ITLB AVERAGE MISS LATENCY: - cycles
cpu5->cpu5_DTLB TOTAL        ACCESS:   23385924 HIT:   23385011 MISS:        913 MSHR_MERGE:        830
cpu5->cpu5_DTLB LOAD         ACCESS:   23385924 HIT:   23385011 MISS:        913 MSHR_MERGE:        830
cpu5->cpu5_DTLB RFO          ACCESS:          0 HIT:          0 MISS:          0 MSHR_MERGE:          0
cpu5->cpu5_DTLB PREFETCH     ACCESS:          0 HIT:          0 MISS:          0 MSHR_MERGE:          0
cpu5->cpu5_DTLB WRITE        ACCESS:          0 HIT:          0 MISS:          0 MSHR_MERGE:          0
cpu5->cpu5_DTLB TRANSLATION  ACCESS:          0 HIT:          0 MISS:          0 MSHR_MERGE:          0
cpu5->cpu5_DTLB PREFETCH REQUESTED:          0 ISSUED:          0 USEFUL:          0 USELESS:          0
cpu5->cpu5_DTLB AVERAGE MISS LATENCY: 246.4 cycles
cpu4->cpu4_STLB TOTAL        ACCESS:         83 HIT:          7 MISS:         76 MSHR_MERGE:          0
cpu4->cpu4_STLB LOAD         ACCESS:         83 HIT:          7 MISS:         76 MSHR_MERGE:          0
cpu4->cpu4_STLB RFO          ACCESS:          0 HIT:          0 MISS:          0 MSHR_MERGE:          0
cpu4->cpu4_STLB PREFETCH     ACCESS:          0 HIT:          0 MISS:          0 MSHR_MERGE:          0
cpu4->cpu4_STLB WRITE        ACCESS:          0 HIT:          0 MISS:          0 MSHR_MERGE:          0
cpu4->cpu4_STLB TRANSLATION  ACCESS:          0 HIT:          0 MISS:          0 MSHR_MERGE:          0
cpu4->cpu4_STLB PREFETCH REQUESTED:          0 ISSUED:          0 USEFUL:          0 USELESS:          0
cpu4->cpu4_STLB AVERAGE MISS LATENCY: 239.4 cycles
cpu4->cpu4_L2C TOTAL        ACCESS:    4500962 HIT:    1955876 MISS:    2545086 MSHR_MERGE:          0
cpu4->cpu4_L2C LOAD         ACCESS:     589383 HIT:         37 MISS:     589346 MSHR_MERGE:          0
cpu4->cpu4_L2C RFO          ACCESS:    1955668 HIT:          0 MISS:    1955668 MSHR_MERGE:          0
cpu4->cpu4_L2C PREFETCH     ACCESS:          0 HIT:          0 MISS:          0 MSHR_MERGE:          0
cpu4->cpu4_L2C WRITE        ACCESS:    1955835 HIT:    1955835 MISS:          0 MSHR_MERGE:          0
cpu4->cpu4_L2C TRANSLATION  ACCESS:         76 HIT:          4 MISS:         72 MSHR_MERGE:          0
cpu4->cpu4_L2C PREFETCH REQUESTED:          0 ISSUED:          0 USEFUL:          0 USELESS:          0
cpu4->cpu4_L2C AVERAGE MISS LATENCY: 678.2 cycles
cpu4->cpu4_L1I TOTAL        ACCESS:   19102453 HIT:   19102424 MISS:         29 MSHR_MERGE:         20
cpu4->cpu4_L1I LOAD         ACCESS:   19102453 HIT:   19102424 MISS:         29 MSHR_MERGE:         20
cpu4->cpu4_L1I RFO          ACCESS:          0 HIT:          0 MISS:          0 MSHR_MERGE:          0
cpu4->cpu4_L1I PREFETCH     ACCESS:          0 HIT:          0 MISS:          0 MSHR_MERGE:          0
cpu4->cpu4_L1I WRITE        ACCESS:          0 HIT:          0 MISS:          0 MSHR_MERGE:          0
cpu4->cpu4_L1I TRANSLATION  ACCESS:          0 HIT:          0 MISS:          0 MSHR_MERGE:          0
cpu4->cpu4_L1I PREFETCH REQUESTED:          0 ISSUED:          0 USEFUL:          0 USELESS:          0
cpu4->cpu4_L1I AVERAGE MISS LATENCY: 1053 cycles
cpu4->cpu4_L1D TOTAL        ACCESS:   26309171 HIT:    5238381 MISS:   21070790 MSHR_MERGE:   18525672
cpu4->cpu4_L1D LOAD         ACCESS:    7528214 HIT:    4052921 MISS:    3475293 MSHR_MERGE:    2885919
cpu4->cpu4_L1D RFO          ACCESS:          0 HIT:          0 MISS:          0 MSHR_MERGE:          0
cpu4->cpu4_L1D PREFETCH     ACCESS:          0 HIT:          0 MISS:          0 MSHR_MERGE:          0
cpu4->cpu4_L1D WRITE        ACCESS:   18780881 HIT:    1185460 MISS:   17595421 MSHR_MERGE:   15639753
cpu4->cpu4_L1D TRANSLATION  ACCESS:         76 HIT:          0 MISS:         76 MSHR_MERGE:          0
cpu4->cpu4_L1D PREFETCH REQUESTED:          0 ISSUED:          0 USEFUL:          0 USELESS:          0
cpu4->cpu4_L1D AVERAGE MISS LATENCY: 687.3 cycles
cpu4->cpu4_ITLB TOTAL        ACCESS:   18898527 HIT:   18898527 MISS:          0 MSHR_MERGE:          0
cpu4->cpu4_ITLB LOAD         ACCESS:   18898527 HIT:   18898527 MISS:          0 MSHR_MERGE:          0
cpu4->cpu4_ITLB RFO          ACCESS:          0 HIT:          0 MISS:          0 MSHR_MERGE:          0
cpu4->cpu4_ITLB PREFETCH     ACCESS:          0 HIT:          0 MISS:          0 MSHR_MERGE:          0
cpu4->cpu4_ITLB WRITE        ACCESS:          0 HIT:          0 MISS:          0 MSHR_MERGE:          0
cpu4->cpu4_ITLB TRANSLATION  ACCESS:          0 HIT:          0 MISS:          0 MSHR_MERGE:          0
cpu4->cpu4_ITLB PREFETCH REQUESTED:          0 ISSUED:          0 USEFUL:          0 USELESS:          0
cpu4->cpu4_ITLB AVERAGE MISS LATENCY: - cycles
cpu4->cpu4_DTLB TOTAL        ACCESS:   23410803 HIT:   23409918 MISS:        885 MSHR_MERGE:        802
cpu4->cpu4_DTLB LOAD         ACCESS:   23410803 HIT:   23409918 MISS:        885 MSHR_MERGE:        802
cpu4->cpu4_DTLB RFO          ACCESS:          0 HIT:          0 MISS:          0 MSHR_MERGE:          0
cpu4->cpu4_DTLB PREFETCH     ACCESS:          0 HIT:          0 MISS:          0 MSHR_MERGE:          0
cpu4->cpu4_DTLB WRITE        ACCESS:          0 HIT:          0 MISS:          0 MSHR_MERGE:          0
cpu4->cpu4_DTLB TRANSLATION  ACCESS:          0 HIT:          0 MISS:          0 MSHR_MERGE:          0
cpu4->cpu4_DTLB PREFETCH REQUESTED:          0 ISSUED:          0 USEFUL:          0 USELESS:          0
cpu4->cpu4_DTLB AVERAGE MISS LATENCY: 225.1 cycles
cpu3->cpu3_STLB TOTAL        ACCESS:         83 HIT:          7 MISS:         76 MSHR_MERGE:          0
cpu3->cpu3_STLB LOAD         ACCESS:         83 HIT:          7 MISS:         76 MSHR_MERGE:          0
cpu3->cpu3_STLB RFO          ACCESS:          0 HIT:          0 MISS:          0 MSHR_MERGE:          0
cpu3->cpu3_STLB PREFETCH     ACCESS:          0 HIT:          0 MISS:          0 MSHR_MERGE:          0
cpu3->cpu3_STLB WRITE        ACCESS:          0 HIT:          0 MISS:          0 MSHR_MERGE:          0
cpu3->cpu3_STLB TRANSLATION  ACCESS:          0 HIT:          0 MISS:          0 MSHR_MERGE:          0
cpu3->cpu3_STLB PREFETCH REQUESTED:          0 ISSUED:          0 USEFUL:          0 USELESS:          0
cpu3->cpu3_STLB AVERAGE MISS LATENCY: 236.9 cycles
cpu3->cpu3_L2C TOTAL        ACCESS:    4495631 HIT:    1953765 MISS:    2541866 MSHR_MERGE:          0
cpu3->cpu3_L2C LOAD         ACCESS:     588273 HIT:         37 MISS:     588236 MSHR_MERGE:          0
cpu3->cpu3_L2C RFO          ACCESS:    1953558 HIT:          0 MISS:    1953558 MSHR_MERGE:          0
cpu3->cpu3_L2C PREFETCH     ACCESS:          0 HIT:          0 MISS:          0 MSHR_MERGE:          0
cpu3->cpu3_L2C WRITE        ACCESS:    1953724 HIT:    1953724 MISS:          0 MSHR_MERGE:          0
cpu3->cpu3_L2C TRANSLATION  ACCESS:         76 HIT:          4 MISS:         72 MSHR_MERGE:          0
cpu3->cpu3_L2C PREFETCH REQUESTED:          0 ISSUED:          0 USEFUL:          0 USELESS:          0
cpu3->cpu3_L2C AVERAGE MISS LATENCY: 677.6 cycles
cpu3->cpu3_L1I TOTAL        ACCESS:   19067427 HIT:   19067401 MISS:         26 MSHR_MERGE:         17
cpu3->cpu3_L1I LOAD         ACCESS:   19067427 HIT:   19067401 MISS:         26 MSHR_MERGE:         17
cpu3->cpu3_L1I RFO          ACCESS:          0 HIT:          0 MISS:          0 MSHR_MERGE:          0
cpu3->cpu3_L1I PREFETCH     ACCESS:          0 HIT:          0 MISS:          0 MSHR_MERGE:          0
cpu3->cpu3_L1I WRITE        ACCESS:          0 HIT:          0 MISS:          0 MSHR_MERGE:          0
cpu3->cpu3_L1I TRANSLATION  ACCESS:          0 HIT:          0 MISS:          0 MSHR_MERGE:          0
cpu3->cpu3_L1I PREFETCH REQUESTED:          0 ISSUED:          0 USEFUL:          0 USELESS:          0
cpu3->cpu3_L1I AVERAGE MISS LATENCY: 1164 cycles
cpu3->cpu3_L1D TOTAL        ACCESS:   26232433 HIT:    5251393 MISS:   20981040 MSHR_MERGE:   18439142
cpu3->cpu3_L1D LOAD         ACCESS:    7485172 HIT:    4060067 MISS:    3425105 MSHR_MERGE:    2836841
cpu3->cpu3_L1D RFO          ACCESS:          0 HIT:          0 MISS:          0 MSHR_MERGE:          0
cpu3->cpu3_L1D PREFETCH     ACCESS:          0 HIT:          0 MISS:          0 MSHR_MERGE:          0
cpu3->cpu3_L1D WRITE        ACCESS:   18747185 HIT:    1191326 MISS:   17555859 MSHR_MERGE:   15602301
cpu3->cpu3_L1D TRANSLATION  ACCESS:         76 HIT:          0 MISS:         76 MSHR_MERGE:          0
cpu3->cpu3_L1D PREFETCH REQUESTED:          0 ISSUED:          0 USEFUL:          0 USELESS:          0
cpu3->cpu3_L1D AVERAGE MISS LATENCY: 686.7 cycles
cpu3->cpu3_ITLB TOTAL        ACCESS:   18939194 HIT:   18939194 MISS:          0 MSHR_MERGE:          0
cpu3->cpu3_ITLB LOAD         ACCESS:   18939194 HIT:   18939194 MISS:          0 MSHR_MERGE:          0
cpu3->cpu3_ITLB RFO          ACCESS:          0 HIT:          0 MISS:          0 MSHR_MERGE:          0
cpu3->cpu3_ITLB PREFETCH     ACCESS:          0 HIT:          0 MISS:          0 MSHR_MERGE:          0
cpu3->cpu3_ITLB WRITE        ACCESS:          0 HIT:          0 MISS:          0 MSHR_MERGE:          0
cpu3->cpu3_ITLB TRANSLATION  ACCESS:          0 HIT:          0 MISS:          0 MSHR_MERGE:          0
cpu3->cpu3_ITLB PREFETCH REQUESTED:          0 ISSUED:          0 USEFUL:          0 USELESS:          0
cpu3->cpu3_ITLB AVERAGE MISS LATENCY: - cycles
cpu3->cpu3_DTLB TOTAL        ACCESS:   23444354 HIT:   23443475 MISS:        879 MSHR_MERGE:        796
cpu3->cpu3_DTLB LOAD         ACCESS:   23444354 HIT:   23443475 MISS:        879 MSHR_MERGE:        796
cpu3->cpu3_DTLB RFO          ACCESS:          0 HIT:          0 MISS:          0 MSHR_MERGE:          0
cpu3->cpu3_DTLB PREFETCH     ACCESS:          0 HIT:          0 MISS:          0 MSHR_MERGE:          0
cpu3->cpu3_DTLB WRITE        ACCESS:          0 HIT:          0 MISS:          0 MSHR_MERGE:          0
cpu3->cpu3_DTLB TRANSLATION  ACCESS:          0 HIT:          0 MISS:          0 MSHR_MERGE:          0
cpu3->cpu3_DTLB PREFETCH REQUESTED:          0 ISSUED:          0 USEFUL:          0 USELESS:          0
cpu3->cpu3_DTLB AVERAGE MISS LATENCY: 222.8 cycles
cpu2->cpu2_STLB TOTAL        ACCESS:         83 HIT:          7 MISS:         76 MSHR_MERGE:          0
cpu2->cpu2_STLB LOAD         ACCESS:         83 HIT:          7 MISS:         76 MSHR_MERGE:          0
cpu2->cpu2_STLB RFO          ACCESS:          0 HIT:          0 MISS:          0 MSHR_MERGE:          0
cpu2->cpu2_STLB PREFETCH     ACCESS:          0 HIT:          0 MISS:          0 MSHR_MERGE:          0
cpu2->cpu2_STLB WRITE        ACCESS:          0 HIT:          0 MISS:          0 MSHR_MERGE:          0
cpu2->cpu2_STLB TRANSLATION  ACCESS:          0 HIT:          0 MISS:          0 MSHR_MERGE:          0
cpu2->cpu2_STLB PREFETCH REQUESTED:          0 ISSUED:          0 USEFUL:          0 USELESS:          0
cpu2->cpu2_STLB AVERAGE MISS LATENCY: 242.6 cycles
cpu2->cpu2_L2C TOTAL        ACCESS:    4499611 HIT:    1955338 MISS:    2544273 MSHR_MERGE:          0
cpu2->cpu2_L2C LOAD         ACCESS:     589105 HIT:         36 MISS:     589069 MSHR_MERGE:          0
cpu2->cpu2_L2C RFO          ACCESS:    1955132 HIT:          0 MISS:    1955132 MSHR_MERGE:          0
cpu2->cpu2_L2C PREFETCH     ACCESS:          0 HIT:          0 MISS:          0 MSHR_MERGE:          0
cpu2->cpu2_L2C WRITE        ACCESS:    1955298 HIT:    1955298 MISS:          0 MSHR_MERGE:          0
cpu2->cpu2_L2C TRANSLATION  ACCESS:         76 HIT:          4 MISS:         72 MSHR_MERGE:          0
cpu2->cpu2_L2C PREFETCH REQUESTED:          0 ISSUED:          0 USEFUL:          0 USELESS:          0
cpu2->cpu2_L2C AVERAGE MISS LATENCY: 675.9 cycles
cpu2->cpu2_L1I TOTAL        ACCESS:   19093579 HIT:   19093543 MISS:         36 MSHR_MERGE:         27
cpu2->cpu2_L1I LOAD         ACCESS:   19093579 HIT:   19093543 MISS:         36 MSHR_MERGE:         27
cpu2->cpu2_L1I RFO          ACCESS:          0 HIT:          0 MISS:          0 MSHR_MERGE:          0
cpu2->cpu2_L1I PREFETCH     ACCESS:          0 HIT:          0 MISS:          0 MSHR_MERGE:          0
cpu2->cpu2_L1I WRITE        ACCESS:          0 HIT:          0 MISS:          0 MSHR_MERGE:          0
cpu2->cpu2_L1I TRANSLATION  ACCESS:          0 HIT:          0 MISS:          0 MSHR_MERGE:          0
cpu2->cpu2_L1I PREFETCH REQUESTED:          0 ISSUED:          0 USEFUL:          0 USELESS:          0
cpu2->cpu2_L1I AVERAGE MISS LATENCY: 1264 cycles
cpu2->cpu2_L1D TOTAL        ACCESS:   26318089 HIT:    5258341 MISS:   21059748 MSHR_MERGE:   18515444
cpu2->cpu2_L1D LOAD         ACCESS:    7545452 HIT:    4060057 MISS:    3485395 MSHR_MERGE:    2896299
cpu2->cpu2_L1D RFO          ACCESS:          0 HIT:          0 MISS:          0 MSHR_MERGE:          0
cpu2->cpu2_L1D PREFETCH     ACCESS:          0 HIT:          0 MISS:          0 MSHR_MERGE:          0
cpu2->cpu2_L1D WRITE        ACCESS:   18772561 HIT:    1198284 MISS:   17574277 MSHR_MERGE:   15619145
cpu2->cpu2_L1D TRANSLATION  ACCESS:         76 HIT:          0 MISS:         76 MSHR_MERGE:          0
cpu2->cpu2_L1D PREFETCH REQUESTED:          0 ISSUED:          0 USEFUL:          0 USELESS:          0
cpu2->cpu2_L1D AVERAGE MISS LATENCY: 685 cycles
cpu2->cpu2_ITLB TOTAL        ACCESS:   18889691 HIT:   18889691 MISS:          0 MSHR_MERGE:          0
cpu2->cpu2_ITLB LOAD         ACCESS:   18889691 HIT:   18889691 MISS:          0 MSHR_MERGE:          0
cpu2->cpu2_ITLB RFO          ACCESS:          0 HIT:          0 MISS:          0 MSHR_MERGE:          0
cpu2->cpu2_ITLB PREFETCH     ACCESS:          0 HIT:          0 MISS:          0 MSHR_MERGE:          0
cpu2->cpu2_ITLB WRITE        ACCESS:          0 HIT:          0 MISS:          0 MSHR_MERGE:          0
cpu2->cpu2_ITLB TRANSLATION  ACCESS:          0 HIT:          0 MISS:          0 MSHR_MERGE:          0
cpu2->cpu2_ITLB PREFETCH REQUESTED:          0 ISSUED:          0 USEFUL:          0 USELESS:          0
cpu2->cpu2_ITLB AVERAGE MISS LATENCY: - cycles
cpu2->cpu2_DTLB TOTAL        ACCESS:   23427293 HIT:   23426386 MISS:        907 MSHR_MERGE:        824
cpu2->cpu2_DTLB LOAD         ACCESS:   23427293 HIT:   23426386 MISS:        907 MSHR_MERGE:        824
cpu2->cpu2_DTLB RFO          ACCESS:          0 HIT:          0 MISS:          0 MSHR_MERGE:          0
cpu2->cpu2_DTLB PREFETCH     ACCESS:          0 HIT:          0 MISS:          0 MSHR_MERGE:          0
cpu2->cpu2_DTLB WRITE        ACCESS:          0 HIT:          0 MISS:          0 MSHR_MERGE:          0
cpu2->cpu2_DTLB TRANSLATION  ACCESS:          0 HIT:          0 MISS:          0 MSHR_MERGE:          0
cpu2->cpu2_DTLB PREFETCH REQUESTED:          0 ISSUED:          0 USEFUL:          0 USELESS:          0
cpu2->cpu2_DTLB AVERAGE MISS LATENCY: 228 cycles
cpu1->cpu1_STLB TOTAL        ACCESS:         83 HIT:          7 MISS:         76 MSHR_MERGE:          0
cpu1->cpu1_STLB LOAD         ACCESS:         83 HIT:          7 MISS:         76 MSHR_MERGE:          0
cpu1->cpu1_STLB RFO          ACCESS:          0 HIT:          0 MISS:          0 MSHR_MERGE:          0
cpu1->cpu1_STLB PREFETCH     ACCESS:          0 HIT:          0 MISS:          0 MSHR_MERGE:          0
cpu1->cpu1_STLB WRITE        ACCESS:          0 HIT:          0 MISS:          0 MSHR_MERGE:          0
cpu1->cpu1_STLB TRANSLATION  ACCESS:          0 HIT:          0 MISS:          0 MSHR_MERGE:          0
cpu1->cpu1_STLB PREFETCH REQUESTED:          0 ISSUED:          0 USEFUL:          0 USELESS:          0
cpu1->cpu1_STLB AVERAGE MISS LATENCY: 239.4 cycles
cpu1->cpu1_L2C TOTAL        ACCESS:    4495338 HIT:    1953656 MISS:    2541682 MSHR_MERGE:          0
cpu1->cpu1_L2C LOAD         ACCESS:     588222 HIT:         37 MISS:     588185 MSHR_MERGE:          0
cpu1->cpu1_L2C RFO          ACCESS:    1953425 HIT:          0 MISS:    1953425 MSHR_MERGE:          0
cpu1->cpu1_L2C PREFETCH     ACCESS:          0 HIT:          0 MISS:          0 MSHR_MERGE:          0
cpu1->cpu1_L2C WRITE        ACCESS:    1953615 HIT:    1953615 MISS:          0 MSHR_MERGE:          0
cpu1->cpu1_L2C TRANSLATION  ACCESS:         76 HIT:          4 MISS:         72 MSHR_MERGE:          0
cpu1->cpu1_L2C PREFETCH REQUESTED:          0 ISSUED:          0 USEFUL:          0 USELESS:          0
cpu1->cpu1_L2C AVERAGE MISS LATENCY: 676.3 cycles
cpu1->cpu1_L1I TOTAL        ACCESS:   19065759 HIT:   19065730 MISS:         29 MSHR_MERGE:         20
cpu1->cpu1_L1I LOAD         ACCESS:   19065759 HIT:   19065730 MISS:         29 MSHR_MERGE:         20
cpu1->cpu1_L1I RFO          ACCESS:          0 HIT:          0 MISS:          0 MSHR_MERGE:          0
cpu1->cpu1_L1I PREFETCH     ACCESS:          0 HIT:          0 MISS:          0 MSHR_MERGE:          0
cpu1->cpu1_L1I WRITE        ACCESS:          0 HIT:          0 MISS:          0 MSHR_MERGE:          0
cpu1->cpu1_L1I TRANSLATION  ACCESS:          0 HIT:          0 MISS:          0 MSHR_MERGE:          0
cpu1->cpu1_L1I PREFETCH REQUESTED:          0 ISSUED:          0 USEFUL:          0 USELESS:          0
cpu1->cpu1_L1I AVERAGE MISS LATENCY: 1574 cycles
cpu1->cpu1_L1D TOTAL        ACCESS:   26251785 HIT:    5232308 MISS:   21019477 MSHR_MERGE:   18477763
cpu1->cpu1_L1D LOAD         ACCESS:    7506174 HIT:    4043975 MISS:    3462199 MSHR_MERGE:    2873986
cpu1->cpu1_L1D RFO          ACCESS:          0 HIT:          0 MISS:          0 MSHR_MERGE:          0
cpu1->cpu1_L1D PREFETCH     ACCESS:          0 HIT:          0 MISS:          0 MSHR_MERGE:          0
cpu1->cpu1_L1D WRITE        ACCESS:   18745535 HIT:    1188333 MISS:   17557202 MSHR_MERGE:   15603777
cpu1->cpu1_L1D TRANSLATION  ACCESS:         76 HIT:          0 MISS:         76 MSHR_MERGE:          0
cpu1->cpu1_L1D PREFETCH REQUESTED:          0 ISSUED:          0 USEFUL:          0 USELESS:          0
cpu1->cpu1_L1D AVERAGE MISS LATENCY: 685.4 cycles
cpu1->cpu1_ITLB TOTAL        ACCESS:   18937436 HIT:   18937436 MISS:          0 MSHR_MERGE:          0
cpu1->cpu1_ITLB LOAD         ACCESS:   18937436 HIT:   18937436 MISS:          0 MSHR_MERGE:          0
cpu1->cpu1_ITLB RFO          ACCESS:          0 HIT:          0 MISS:          0 MSHR_MERGE:          0
cpu1->cpu1_ITLB PREFETCH     ACCESS:          0 HIT:          0 MISS:          0 MSHR_MERGE:          0
cpu1->cpu1_ITLB WRITE        ACCESS:          0 HIT:          0 MISS:          0 MSHR_MERGE:          0
cpu1->cpu1_ITLB TRANSLATION  ACCESS:          0 HIT:          0 MISS:          0 MSHR_MERGE:          0
cpu1->cpu1_ITLB PREFETCH REQUESTED:          0 ISSUED:          0 USEFUL:          0 USELESS:          0
cpu1->cpu1_ITLB AVERAGE MISS LATENCY: - cycles
cpu1->cpu1_DTLB TOTAL        ACCESS:   23396844 HIT:   23395950 MISS:        894 MSHR_MERGE:        811
cpu1->cpu1_DTLB LOAD         ACCESS:   23396844 HIT:   23395950 MISS:        894 MSHR_MERGE:        811
cpu1->cpu1_DTLB RFO          ACCESS:          0 HIT:          0 MISS:          0 MSHR_MERGE:          0
cpu1->cpu1_DTLB PREFETCH     ACCESS:          0 HIT:          0 MISS:          0 MSHR_MERGE:          0
cpu1->cpu1_DTLB WRITE        ACCESS:          0 HIT:          0 MISS:          0 MSHR_MERGE:          0
cpu1->cpu1_DTLB TRANSLATION  ACCESS:          0 HIT:          0 MISS:          0 MSHR_MERGE:          0
cpu1->cpu1_DTLB PREFETCH REQUESTED:          0 ISSUED:          0 USEFUL:          0 USELESS:          0
cpu1->cpu1_DTLB AVERAGE MISS LATENCY: 225.1 cycles
cpu0->cpu0_STLB TOTAL        ACCESS:         83 HIT:          7 MISS:         76 MSHR_MERGE:          0
cpu0->cpu0_STLB LOAD         ACCESS:         83 HIT:          7 MISS:         76 MSHR_MERGE:          0
cpu0->cpu0_STLB RFO          ACCESS:          0 HIT:          0 MISS:          0 MSHR_MERGE:          0
cpu0->cpu0_STLB PREFETCH     ACCESS:          0 HIT:          0 MISS:          0 MSHR_MERGE:          0
cpu0->cpu0_STLB WRITE        ACCESS:          0 HIT:          0 MISS:          0 MSHR_MERGE:          0
cpu0->cpu0_STLB TRANSLATION  ACCESS:          0 HIT:          0 MISS:          0 MSHR_MERGE:          0
cpu0->cpu0_STLB PREFETCH REQUESTED:          0 ISSUED:          0 USEFUL:          0 USELESS:          0
cpu0->cpu0_STLB AVERAGE MISS LATENCY: 253.3 cycles
cpu0->cpu0_L2C TOTAL        ACCESS:    4496608 HIT:    1954135 MISS:    2542473 MSHR_MERGE:          0
cpu0->cpu0_L2C LOAD         ACCESS:     588512 HIT:         37 MISS:     588475 MSHR_MERGE:          0
cpu0->cpu0_L2C RFO          ACCESS:    1953926 HIT:          0 MISS:    1953926 MSHR_MERGE:          0
cpu0->cpu0_L2C PREFETCH     ACCESS:          0 HIT:          0 MISS:          0 MSHR_MERGE:          0
cpu0->cpu0_L2C WRITE        ACCESS:    1954094 HIT:    1954094 MISS:          0 MSHR_MERGE:          0
cpu0->cpu0_L2C TRANSLATION  ACCESS:         76 HIT:          4 MISS:         72 MSHR_MERGE:          0
cpu0->cpu0_L2C PREFETCH REQUESTED:          0 ISSUED:          0 USEFUL:          0 USELESS:          0
cpu0->cpu0_L2C AVERAGE MISS LATENCY: 677.4 cycles
cpu0->cpu0_L1I TOTAL        ACCESS:   19075213 HIT:   19075184 MISS:         29 MSHR_MERGE:         20
cpu0->cpu0_L1I LOAD         ACCESS:   19075213 HIT:   19075184 MISS:         29 MSHR_MERGE:         20
cpu0->cpu0_L1I RFO          ACCESS:          0 HIT:          0 MISS:          0 MSHR_MERGE:          0
cpu0->cpu0_L1I PREFETCH     ACCESS:          0 HIT:          0 MISS:          0 MSHR_MERGE:          0
cpu0->cpu0_L1I WRITE        ACCESS:          0 HIT:          0 MISS:          0 MSHR_MERGE:          0
cpu0->cpu0_L1I TRANSLATION  ACCESS:          0 HIT:          0 MISS:          0 MSHR_MERGE:          0
cpu0->cpu0_L1I PREFETCH REQUESTED:          0 ISSUED:          0 USEFUL:          0 USELESS:          0
cpu0->cpu0_L1I AVERAGE MISS LATENCY: 1265 cycles
cpu0->cpu0_L1D TOTAL        ACCESS:   26242140 HIT:    5259671 MISS:   20982469 MSHR_MERGE:   18439964
cpu0->cpu0_L1D LOAD         ACCESS:    7487391 HIT:    4060099 MISS:    3427292 MSHR_MERGE:    2838789
cpu0->cpu0_L1D RFO          ACCESS:          0 HIT:          0 MISS:          0 MSHR_MERGE:          0
cpu0->cpu0_L1D PREFETCH     ACCESS:          0 HIT:          0 MISS:          0 MSHR_MERGE:          0
cpu0->cpu0_L1D WRITE        ACCESS:   18754673 HIT:    1199572 MISS:   17555101 MSHR_MERGE:   15601175
cpu0->cpu0_L1D TRANSLATION  ACCESS:         76 HIT:          0 MISS:         76 MSHR_MERGE:          0
cpu0->cpu0_L1D PREFETCH REQUESTED:          0 ISSUED:          0 USEFUL:          0 USELESS:          0
cpu0->cpu0_L1D AVERAGE MISS LATENCY: 686.5 cycles
cpu0->cpu0_ITLB TOTAL        ACCESS:   18946863 HIT:   18946863 MISS:          0 MSHR_MERGE:          0
cpu0->cpu0_ITLB LOAD         ACCESS:   18946863 HIT:   18946863 MISS:          0 MSHR_MERGE:          0
cpu0->cpu0_ITLB RFO          ACCESS:          0 HIT:          0 MISS:          0 MSHR_MERGE:          0
cpu0->cpu0_ITLB PREFETCH     ACCESS:          0 HIT:          0 MISS:          0 MSHR_MERGE:          0
cpu0->cpu0_ITLB WRITE        ACCESS:          0 HIT:          0 MISS:          0 MSHR_MERGE:          0
cpu0->cpu0_ITLB TRANSLATION  ACCESS:          0 HIT:          0 MISS:          0 MSHR_MERGE:          0
cpu0->cpu0_ITLB PREFETCH REQUESTED:          0 ISSUED:          0 USEFUL:          0 USELESS:          0
cpu0->cpu0_ITLB AVERAGE MISS LATENCY: - cycles
cpu0->cpu0_DTLB TOTAL        ACCESS:   23453525 HIT:   23452603 MISS:        922 MSHR_MERGE:        839
cpu0->cpu0_DTLB LOAD         ACCESS:   23453525 HIT:   23452603 MISS:        922 MSHR_MERGE:        839
cpu0->cpu0_DTLB RFO          ACCESS:          0 HIT:          0 MISS:          0 MSHR_MERGE:          0
cpu0->cpu0_DTLB PREFETCH     ACCESS:          0 HIT:          0 MISS:          0 MSHR_MERGE:          0
cpu0->cpu0_DTLB WRITE        ACCESS:          0 HIT:          0 MISS:          0 MSHR_MERGE:          0
cpu0->cpu0_DTLB TRANSLATION  ACCESS:          0 HIT:          0 MISS:          0 MSHR_MERGE:          0
cpu0->cpu0_DTLB PREFETCH REQUESTED:          0 ISSUED:          0 USEFUL:          0 USELESS:          0
cpu0->cpu0_DTLB AVERAGE MISS LATENCY: 237.9 cycles
cpu0->LLC TOTAL        ACCESS:    4498239 HIT:    1954443 MISS:    2543796 MSHR_MERGE:          0
cpu0->LLC LOAD         ACCESS:     588477 HIT:          0 MISS:     588477 MSHR_MERGE:          0
cpu0->LLC RFO          ACCESS:    1953934 HIT:          0 MISS:    1953934 MSHR_MERGE:          0
cpu0->LLC PREFETCH     ACCESS:          0 HIT:          0 MISS:          0 MSHR_MERGE:          0
cpu0->LLC WRITE        ACCESS:    1955756 HIT:    1954374 MISS:       1382 MSHR_MERGE:          0
cpu0->LLC TRANSLATION  ACCESS:         72 HIT:         69 MISS:          3 MSHR_MERGE:          0
cpu0->LLC PREFETCH REQUESTED:          0 ISSUED:          0 USEFUL:          0 USELESS:          0
cpu0->LLC AVERAGE MISS LATENCY: 5287 cycles
cpu1->LLC TOTAL        ACCESS:    4497018 HIT:    1954324 MISS:    2542694 MSHR_MERGE:          0
cpu1->LLC LOAD         ACCESS:     588186 HIT:          0 MISS:     588186 MSHR_MERGE:          0
cpu1->LLC RFO          ACCESS:    1953433 HIT:          0 MISS:    1953433 MSHR_MERGE:          0
cpu1->LLC PREFETCH     ACCESS:          0 HIT:          0 MISS:          0 MSHR_MERGE:          0
cpu1->LLC WRITE        ACCESS:    1955327 HIT:    1954252 MISS:       1075 MSHR_MERGE:          0
cpu1->LLC TRANSLATION  ACCESS:         72 HIT:         72 MISS:          0 MSHR_MERGE:          0
cpu1->LLC PREFETCH REQUESTED:          0 ISSUED:          0 USEFUL:          0 USELESS:          0
cpu1->LLC AVERAGE MISS LATENCY: 5289 cycles
cpu2->LLC TOTAL        ACCESS:    4501156 HIT:    1955118 MISS:    2546038 MSHR_MERGE:          0
cpu2->LLC LOAD         ACCESS:     589071 HIT:          0 MISS:     589071 MSHR_MERGE:          0
cpu2->LLC RFO          ACCESS:    1955139 HIT:          0 MISS:    1955139 MSHR_MERGE:          0
cpu2->LLC PREFETCH     ACCESS:          0 HIT:          0 MISS:          0 MSHR_MERGE:          0
cpu2->LLC WRITE        ACCESS:    1956874 HIT:    1955047 MISS:       1827 MSHR_MERGE:          0
cpu2->LLC TRANSLATION  ACCESS:         72 HIT:         71 MISS:          1 MSHR_MERGE:          0
cpu2->LLC PREFETCH REQUESTED:          0 ISSUED:          0 USEFUL:          0 USELESS:          0
cpu2->LLC AVERAGE MISS LATENCY: 5282 cycles
cpu3->LLC TOTAL        ACCESS:    4497382 HIT:    1954403 MISS:    2542979 MSHR_MERGE:          0
cpu3->LLC LOAD         ACCESS:     588237 HIT:          0 MISS:     588237 MSHR_MERGE:          0
cpu3->LLC RFO          ACCESS:    1953565 HIT:          0 MISS:    1953565 MSHR_MERGE:          0
cpu3->LLC PREFETCH     ACCESS:          0 HIT:          0 MISS:          0 MSHR_MERGE:          0
cpu3->LLC WRITE        ACCESS:    1955508 HIT:    1954331 MISS:       1177 MSHR_MERGE:          0
cpu3->LLC TRANSLATION  ACCESS:         72 HIT:         72 MISS:          0 MSHR_MERGE:          0
cpu3->LLC PREFETCH REQUESTED:          0 ISSUED:          0 USEFUL:          0 USELESS:          0
cpu3->LLC AVERAGE MISS LATENCY: 5288 cycles
cpu4->LLC TOTAL        ACCESS:    4502697 HIT:    1955696 MISS:    2547001 MSHR_MERGE:          0
cpu4->LLC LOAD         ACCESS:     589348 HIT:          0 MISS:     589348 MSHR_MERGE:          0
cpu4->LLC RFO          ACCESS:    1955678 HIT:          0 MISS:    1955678 MSHR_MERGE:          0
cpu4->LLC PREFETCH     ACCESS:          0 HIT:          0 MISS:          0 MSHR_MERGE:          0
cpu4->LLC WRITE        ACCESS:    1957599 HIT:    1955625 MISS:       1974 MSHR_MERGE:          0
cpu4->LLC TRANSLATION  ACCESS:         72 HIT:         71 MISS:          1 MSHR_MERGE:          0
cpu4->LLC PREFETCH REQUESTED:          0 ISSUED:          0 USEFUL:          0 USELESS:          0
cpu4->LLC AVERAGE MISS LATENCY: 5280 cycles
cpu5->LLC TOTAL        ACCESS:    4498844 HIT:    1954760 MISS:    2544084 MSHR_MERGE:          0
cpu5->LLC LOAD         ACCESS:     588556 HIT:          0 MISS:     588556 MSHR_MERGE:          0
cpu5->LLC RFO          ACCESS:    1954203 HIT:          0 MISS:    1954203 MSHR_MERGE:          0
cpu5->LLC PREFETCH     ACCESS:          0 HIT:          0 MISS:          0 MSHR_MERGE:          0
cpu5->LLC WRITE        ACCESS:    1956013 HIT:    1954689 MISS:       1324 MSHR_MERGE:          0
cpu5->LLC TRANSLATION  ACCESS:         72 HIT:         71 MISS:          1 MSHR_MERGE:          0
cpu5->LLC PREFETCH REQUESTED:          0 ISSUED:          0 USEFUL:          0 USELESS:          0
cpu5->LLC AVERAGE MISS LATENCY: 5286 cycles
cpu6->LLC TOTAL        ACCESS:    4499115 HIT:    1954677 MISS:    2544438 MSHR_MERGE:          0
cpu6->LLC LOAD         ACCESS:     588620 HIT:          0 MISS:     588620 MSHR_MERGE:          0
cpu6->LLC RFO          ACCESS:    1954334 HIT:          0 MISS:    1954334 MSHR_MERGE:          0
cpu6->LLC PREFETCH     ACCESS:          0 HIT:          0 MISS:          0 MSHR_MERGE:          0
cpu6->LLC WRITE        ACCESS:    1956089 HIT:    1954605 MISS:       1484 MSHR_MERGE:          0
cpu6->LLC TRANSLATION  ACCESS:         72 HIT:         72 MISS:          0 MSHR_MERGE:          0
cpu6->LLC PREFETCH REQUESTED:          0 ISSUED:          0 USEFUL:          0 USELESS:          0
cpu6->LLC AVERAGE MISS LATENCY: 5285 cycles
cpu7->LLC TOTAL        ACCESS:    4502718 HIT:    1955810 MISS:    2546908 MSHR_MERGE:          0
cpu7->LLC LOAD         ACCESS:     589339 HIT:          0 MISS:     589339 MSHR_MERGE:          0
cpu7->LLC RFO          ACCESS:    1955683 HIT:          0 MISS:    1955683 MSHR_MERGE:          0
cpu7->LLC PREFETCH     ACCESS:          0 HIT:          0 MISS:          0 MSHR_MERGE:          0
cpu7->LLC WRITE        ACCESS:    1957624 HIT:    1955757 MISS:       1867 MSHR_MERGE:          0
cpu7->LLC TRANSLATION  ACCESS:         72 HIT:         53 MISS:         19 MSHR_MERGE:          0
cpu7->LLC PREFETCH REQUESTED:          0 ISSUED:          0 USEFUL:          0 USELESS:          0
cpu7->LLC AVERAGE MISS LATENCY: 5280 cycles

Region of Interest Statistics

CPU 7 cumulative IPC: 0.3313 instructions: 100000000 cycles: 301867400
CPU 7 Branch Prediction Accuracy: 100% MPKI: 0 Average ROB Occupancy at Mispredict: -
Branch type MPKI
BRANCH_DIRECT_JUMP: 0
BRANCH_INDIRECT: 0
BRANCH_CONDITIONAL: 0
BRANCH_DIRECT_CALL: 0
BRANCH_INDIRECT_CALL: 0
BRANCH_RETURN: 0


CPU 6 cumulative IPC: 0.331 instructions: 100000003 cycles: 302132772
CPU 6 Branch Prediction Accuracy: 100% MPKI: 0 Average ROB Occupancy at Mispredict: -
Branch type MPKI
BRANCH_DIRECT_JUMP: 0
BRANCH_INDIRECT: 0
BRANCH_CONDITIONAL: 0
BRANCH_DIRECT_CALL: 0
BRANCH_INDIRECT_CALL: 0
BRANCH_RETURN: 0


CPU 5 cumulative IPC: 0.331 instructions: 100000001 cycles: 302158459
CPU 5 Branch Prediction Accuracy: 100% MPKI: 0 Average ROB Occupancy at Mispredict: -
Branch type MPKI
BRANCH_DIRECT_JUMP: 0
BRANCH_INDIRECT: 0
BRANCH_CONDITIONAL: 0
BRANCH_DIRECT_CALL: 0
BRANCH_INDIRECT_CALL: 0
BRANCH_RETURN: 0


CPU 4 cumulative IPC: 0.3313 instructions: 100000002 cycles: 301879213
CPU 4 Branch Prediction Accuracy: 100% MPKI: 0 Average ROB Occupancy at Mispredict: -
Branch type MPKI
BRANCH_DIRECT_JUMP: 0
BRANCH_INDIRECT: 0
BRANCH_CONDITIONAL: 0
BRANCH_DIRECT_CALL: 0
BRANCH_INDIRECT_CALL: 0
BRANCH_RETURN: 0


CPU 3 cumulative IPC: 0.3308 instructions: 100000000 cycles: 302278906
CPU 3 Branch Prediction Accuracy: 100% MPKI: 0 Average ROB Occupancy at Mispredict: -
Branch type MPKI
BRANCH_DIRECT_JUMP: 0
BRANCH_INDIRECT: 0
BRANCH_CONDITIONAL: 0
BRANCH_DIRECT_CALL: 0
BRANCH_INDIRECT_CALL: 0
BRANCH_RETURN: 0


CPU 2 cumulative IPC: 0.3312 instructions: 100000000 cycles: 301971890
CPU 2 Branch Prediction Accuracy: 100% MPKI: 0 Average ROB Occupancy at Mispredict: -
Branch type MPKI
BRANCH_DIRECT_JUMP: 0
BRANCH_INDIRECT: 0
BRANCH_CONDITIONAL: 0
BRANCH_DIRECT_CALL: 0
BRANCH_INDIRECT_CALL: 0
BRANCH_RETURN: 0


CPU 1 cumulative IPC: 0.3308 instructions: 100000002 cycles: 302298655
CPU 1 Branch Prediction Accuracy: 100% MPKI: 0 Average ROB Occupancy at Mispredict: -
Branch type MPKI
BRANCH_DIRECT_JUMP: 0
BRANCH_INDIRECT: 0
BRANCH_CONDITIONAL: 0
BRANCH_DIRECT_CALL: 0
BRANCH_INDIRECT_CALL: 0
BRANCH_RETURN: 0


CPU 0 cumulative IPC: 0.3309 instructions: 100000000 cycles: 302191377
CPU 0 Branch Prediction Accuracy: 100% MPKI: 0 Average ROB Occupancy at Mispredict: -
Branch type MPKI
BRANCH_DIRECT_JUMP: 0
BRANCH_INDIRECT: 0
BRANCH_CONDITIONAL: 0
BRANCH_DIRECT_CALL: 0
BRANCH_INDIRECT_CALL: 0
BRANCH_RETURN: 0

cpu7->cpu7_STLB TOTAL        ACCESS:         83 HIT:          7 MISS:         76 MSHR_MERGE:          0
cpu7->cpu7_STLB LOAD         ACCESS:         83 HIT:          7 MISS:         76 MSHR_MERGE:          0
cpu7->cpu7_STLB RFO          ACCESS:          0 HIT:          0 MISS:          0 MSHR_MERGE:          0
cpu7->cpu7_STLB PREFETCH     ACCESS:          0 HIT:          0 MISS:          0 MSHR_MERGE:          0
cpu7->cpu7_STLB WRITE        ACCESS:          0 HIT:          0 MISS:          0 MSHR_MERGE:          0
cpu7->cpu7_STLB TRANSLATION  ACCESS:          0 HIT:          0 MISS:          0 MSHR_MERGE:          0
cpu7->cpu7_STLB PREFETCH REQUESTED:          0 ISSUED:          0 USEFUL:          0 USELESS:          0
cpu7->cpu7_STLB AVERAGE MISS LATENCY: 371.1 cycles
cpu7->cpu7_L2C TOTAL        ACCESS:    4500980 HIT:    1955896 MISS:    2545084 MSHR_MERGE:          0
cpu7->cpu7_L2C LOAD         ACCESS:     589374 HIT:         36 MISS:     589338 MSHR_MERGE:          0
cpu7->cpu7_L2C RFO          ACCESS:    1955674 HIT:          0 MISS:    1955674 MSHR_MERGE:          0
cpu7->cpu7_L2C PREFETCH     ACCESS:          0 HIT:          0 MISS:          0 MSHR_MERGE:          0
cpu7->cpu7_L2C WRITE        ACCESS:    1955856 HIT:    1955856 MISS:          0 MSHR_MERGE:          0
cpu7->cpu7_L2C TRANSLATION  ACCESS:         76 HIT:          4 MISS:         72 MSHR_MERGE:          0
cpu7->cpu7_L2C PREFETCH REQUESTED:          0 ISSUED:          0 USEFUL:          0 USELESS:          0
cpu7->cpu7_L2C AVERAGE MISS LATENCY: 676.9 cycles
cpu7->cpu7_L1I TOTAL        ACCESS:   19103332 HIT:   19103306 MISS:         26 MSHR_MERGE:         17
cpu7->cpu7_L1I LOAD         ACCESS:   19103332 HIT:   19103306 MISS:         26 MSHR_MERGE:         17
cpu7->cpu7_L1I RFO          ACCESS:          0 HIT:          0 MISS:          0 MSHR_MERGE:          0
cpu7->cpu7_L1I PREFETCH     ACCESS:          0 HIT:          0 MISS:          0 MSHR_MERGE:          0
cpu7->cpu7_L1I WRITE        ACCESS:          0 HIT:          0 MISS:          0 MSHR_MERGE:          0
cpu7->cpu7_L1I TRANSLATION  ACCESS:          0 HIT:          0 MISS:          0 MSHR_MERGE:          0
cpu7->cpu7_L1I PREFETCH REQUESTED:          0 ISSUED:          0 USEFUL:          0 USELESS:          0
cpu7->cpu7_L1I AVERAGE MISS LATENCY: 990.9 cycles
cpu7->cpu7_L1D TOTAL        ACCESS:   26292396 HIT:    5244044 MISS:   21048352 MSHR_MERGE:   18503236
cpu7->cpu7_L1D LOAD         ACCESS:    7511678 HIT:    4052893 MISS:    3458785 MSHR_MERGE:    2869420
cpu7->cpu7_L1D RFO          ACCESS:          0 HIT:          0 MISS:          0 MSHR_MERGE:          0
cpu7->cpu7_L1D PREFETCH     ACCESS:          0 HIT:          0 MISS:          0 MSHR_MERGE:          0
cpu7->cpu7_L1D WRITE        ACCESS:   18780642 HIT:    1191151 MISS:   17589491 MSHR_MERGE:   15633816
cpu7->cpu7_L1D TRANSLATION  ACCESS:         76 HIT:          0 MISS:         76 MSHR_MERGE:          0
cpu7->cpu7_L1D PREFETCH REQUESTED:          0 ISSUED:          0 USEFUL:          0 USELESS:          0
cpu7->cpu7_L1D AVERAGE MISS LATENCY: 686 cycles
cpu7->cpu7_ITLB TOTAL        ACCESS:   18901463 HIT:   18901463 MISS:          0 MSHR_MERGE:          0
cpu7->cpu7_ITLB LOAD         ACCESS:   18901463 HIT:   18901463 MISS:          0 MSHR_MERGE:          0
cpu7->cpu7_ITLB RFO          ACCESS:          0 HIT:          0 MISS:          0 MSHR_MERGE:          0
cpu7->cpu7_ITLB PREFETCH     ACCESS:          0 HIT:          0 MISS:          0 MSHR_MERGE:          0
cpu7->cpu7_ITLB WRITE        ACCESS:          0 HIT:          0 MISS:          0 MSHR_MERGE:          0
cpu7->cpu7_ITLB TRANSLATION  ACCESS:          0 HIT:          0 MISS:          0 MSHR_MERGE:          0
cpu7->cpu7_ITLB PREFETCH REQUESTED:          0 ISSUED:          0 USEFUL:          0 USELESS:          0
cpu7->cpu7_ITLB AVERAGE MISS LATENCY: - cycles
cpu7->cpu7_DTLB TOTAL        ACCESS:   23429685 HIT:   23428780 MISS:        905 MSHR_MERGE:        822
cpu7->cpu7_DTLB LOAD         ACCESS:   23429685 HIT:   23428780 MISS:        905 MSHR_MERGE:        822
cpu7->cpu7_DTLB RFO          ACCESS:          0 HIT:          0 MISS:          0 MSHR_MERGE:          0
cpu7->cpu7_DTLB PREFETCH     ACCESS:          0 HIT:          0 MISS:          0 MSHR_MERGE:          0
cpu7->cpu7_DTLB WRITE        ACCESS:          0 HIT:          0 MISS:          0 MSHR_MERGE:          0
cpu7->cpu7_DTLB TRANSLATION  ACCESS:          0 HIT:          0 MISS:          0 MSHR_MERGE:          0
cpu7->cpu7_DTLB PREFETCH REQUESTED:          0 ISSUED:          0 USEFUL:          0 USELESS:          0
cpu7->cpu7_DTLB AVERAGE MISS LATENCY: 345.7 cycles
cpu6->cpu6_STLB TOTAL        ACCESS:         83 HIT:          7 MISS:         76 MSHR_MERGE:          0
cpu6->cpu6_STLB LOAD         ACCESS:         83 HIT:          7 MISS:         76 MSHR_MERGE:          0
cpu6->cpu6_STLB RFO          ACCESS:          0 HIT:          0 MISS:          0 MSHR_MERGE:          0
cpu6->cpu6_STLB PREFETCH     ACCESS:          0 HIT:          0 MISS:          0 MSHR_MERGE:          0
cpu6->cpu6_STLB WRITE        ACCESS:          0 HIT:          0 MISS:          0 MSHR_MERGE:          0
cpu6->cpu6_STLB TRANSLATION  ACCESS:          0 HIT:          0 MISS:          0 MSHR_MERGE:          0
cpu6->cpu6_STLB PREFETCH REQUESTED:          0 ISSUED:          0 USEFUL:          0 USELESS:          0
cpu6->cpu6_STLB AVERAGE MISS LATENCY: 237.4 cycles
cpu6->cpu6_L2C TOTAL        ACCESS:    4497560 HIT:    1954542 MISS:    2543018 MSHR_MERGE:          0
cpu6->cpu6_L2C LOAD         ACCESS:     588656 HIT:         37 MISS:     588619 MSHR_MERGE:          0
cpu6->cpu6_L2C RFO          ACCESS:    1954327 HIT:          0 MISS:    1954327 MSHR_MERGE:          0
cpu6->cpu6_L2C PREFETCH     ACCESS:          0 HIT:          0 MISS:          0 MSHR_MERGE:          0
cpu6->cpu6_L2C WRITE        ACCESS:    1954501 HIT:    1954501 MISS:          0 MSHR_MERGE:          0
cpu6->cpu6_L2C TRANSLATION  ACCESS:         76 HIT:          4 MISS:         72 MSHR_MERGE:          0
cpu6->cpu6_L2C PREFETCH REQUESTED:          0 ISSUED:          0 USEFUL:          0 USELESS:          0
cpu6->cpu6_L2C AVERAGE MISS LATENCY: 677.4 cycles
cpu6->cpu6_L1I TOTAL        ACCESS:   19080291 HIT:   19080263 MISS:         28 MSHR_MERGE:         19
cpu6->cpu6_L1I LOAD         ACCESS:   19080291 HIT:   19080263 MISS:         28 MSHR_MERGE:         19
cpu6->cpu6_L1I RFO          ACCESS:          0 HIT:          0 MISS:          0 MSHR_MERGE:          0
cpu6->cpu6_L1I PREFETCH     ACCESS:          0 HIT:          0 MISS:          0 MSHR_MERGE:          0
cpu6->cpu6_L1I WRITE        ACCESS:          0 HIT:          0 MISS:          0 MSHR_MERGE:          0
cpu6->cpu6_L1I TRANSLATION  ACCESS:          0 HIT:          0 MISS:          0 MSHR_MERGE:          0
cpu6->cpu6_L1I PREFETCH REQUESTED:          0 ISSUED:          0 USEFUL:          0 USELESS:          0
cpu6->cpu6_L1I AVERAGE MISS LATENCY: 1312 cycles
cpu6->cpu6_L1D TOTAL        ACCESS:   26264507 HIT:    5253730 MISS:   21010777 MSHR_MERGE:   18467727
cpu6->cpu6_L1D LOAD         ACCESS:    7505253 HIT:    4053760 MISS:    3451493 MSHR_MERGE:    2862846
cpu6->cpu6_L1D RFO          ACCESS:          0 HIT:          0 MISS:          0 MSHR_MERGE:          0
cpu6->cpu6_L1D PREFETCH     ACCESS:          0 HIT:          0 MISS:          0 MSHR_MERGE:          0
cpu6->cpu6_L1D WRITE        ACCESS:   18759178 HIT:    1199970 MISS:   17559208 MSHR_MERGE:   15604881
cpu6->cpu6_L1D TRANSLATION  ACCESS:         76 HIT:          0 MISS:         76 MSHR_MERGE:          0
cpu6->cpu6_L1D PREFETCH REQUESTED:          0 ISSUED:          0 USEFUL:          0 USELESS:          0
cpu6->cpu6_L1D AVERAGE MISS LATENCY: 686.5 cycles
cpu6->cpu6_ITLB TOTAL        ACCESS:   18875741 HIT:   18875741 MISS:          0 MSHR_MERGE:          0
cpu6->cpu6_ITLB LOAD         ACCESS:   18875741 HIT:   18875741 MISS:          0 MSHR_MERGE:          0
cpu6->cpu6_ITLB RFO          ACCESS:          0 HIT:          0 MISS:          0 MSHR_MERGE:          0
cpu6->cpu6_ITLB PREFETCH     ACCESS:          0 HIT:          0 MISS:          0 MSHR_MERGE:          0
cpu6->cpu6_ITLB WRITE        ACCESS:          0 HIT:          0 MISS:          0 MSHR_MERGE:          0
cpu6->cpu6_ITLB TRANSLATION  ACCESS:          0 HIT:          0 MISS:          0 MSHR_MERGE:          0
cpu6->cpu6_ITLB PREFETCH REQUESTED:          0 ISSUED:          0 USEFUL:          0 USELESS:          0
cpu6->cpu6_ITLB AVERAGE MISS LATENCY: - cycles
cpu6->cpu6_DTLB TOTAL        ACCESS:   23468007 HIT:   23467075 MISS:        932 MSHR_MERGE:        849
cpu6->cpu6_DTLB LOAD         ACCESS:   23468007 HIT:   23467075 MISS:        932 MSHR_MERGE:        849
cpu6->cpu6_DTLB RFO          ACCESS:          0 HIT:          0 MISS:          0 MSHR_MERGE:          0
cpu6->cpu6_DTLB PREFETCH     ACCESS:          0 HIT:          0 MISS:          0 MSHR_MERGE:          0
cpu6->cpu6_DTLB WRITE        ACCESS:          0 HIT:          0 MISS:          0 MSHR_MERGE:          0
cpu6->cpu6_DTLB TRANSLATION  ACCESS:          0 HIT:          0 MISS:          0 MSHR_MERGE:          0
cpu6->cpu6_DTLB PREFETCH REQUESTED:          0 ISSUED:          0 USEFUL:          0 USELESS:          0
cpu6->cpu6_DTLB AVERAGE MISS LATENCY: 223.3 cycles
cpu5->cpu5_STLB TOTAL        ACCESS:         83 HIT:          7 MISS:         76 MSHR_MERGE:          0
cpu5->cpu5_STLB LOAD         ACCESS:         83 HIT:          7 MISS:         76 MSHR_MERGE:          0
cpu5->cpu5_STLB RFO          ACCESS:          0 HIT:          0 MISS:          0 MSHR_MERGE:          0
cpu5->cpu5_STLB PREFETCH     ACCESS:          0 HIT:          0 MISS:          0 MSHR_MERGE:          0
cpu5->cpu5_STLB WRITE        ACCESS:          0 HIT:          0 MISS:          0 MSHR_MERGE:          0
cpu5->cpu5_STLB TRANSLATION  ACCESS:          0 HIT:          0 MISS:          0 MSHR_MERGE:          0
cpu5->cpu5_STLB PREFETCH REQUESTED:          0 ISSUED:          0 USEFUL:          0 USELESS:          0
cpu5->cpu5_STLB AVERAGE MISS LATENCY: 262.7 cycles
cpu5->cpu5_L2C TOTAL        ACCESS:    4497234 HIT:    1954412 MISS:    2542822 MSHR_MERGE:          0
cpu5->cpu5_L2C LOAD         ACCESS:     588592 HIT:         37 MISS:     588555 MSHR_MERGE:          0
cpu5->cpu5_L2C RFO          ACCESS:    1954195 HIT:          0 MISS:    1954195 MSHR_MERGE:          0
cpu5->cpu5_L2C PREFETCH     ACCESS:          0 HIT:          0 MISS:          0 MSHR_MERGE:          0
cpu5->cpu5_L2C WRITE        ACCESS:    1954371 HIT:    1954371 MISS:          0 MSHR_MERGE:          0
cpu5->cpu5_L2C TRANSLATION  ACCESS:         76 HIT:          4 MISS:         72 MSHR_MERGE:          0
cpu5->cpu5_L2C PREFETCH REQUESTED:          0 ISSUED:          0 USEFUL:          0 USELESS:          0
cpu5->cpu5_L2C AVERAGE MISS LATENCY: 676.6 cycles
cpu5->cpu5_L1I TOTAL        ACCESS:   19077727 HIT:   19077698 MISS:         29 MSHR_MERGE:         20
cpu5->cpu5_L1I LOAD         ACCESS:   19077727 HIT:   19077698 MISS:         29 MSHR_MERGE:         20
cpu5->cpu5_L1I RFO          ACCESS:          0 HIT:          0 MISS:          0 MSHR_MERGE:          0
cpu5->cpu5_L1I PREFETCH     ACCESS:          0 HIT:          0 MISS:          0 MSHR_MERGE:          0
cpu5->cpu5_L1I WRITE        ACCESS:          0 HIT:          0 MISS:          0 MSHR_MERGE:          0
cpu5->cpu5_L1I TRANSLATION  ACCESS:          0 HIT:          0 MISS:          0 MSHR_MERGE:          0
cpu5->cpu5_L1I PREFETCH REQUESTED:          0 ISSUED:          0 USEFUL:          0 USELESS:          0
cpu5->cpu5_L1I AVERAGE MISS LATENCY: 1478 cycles
cpu5->cpu5_L1D TOTAL        ACCESS:   26279906 HIT:    5251372 MISS:   21028534 MSHR_MERGE:   18485680
cpu5->cpu5_L1D LOAD         ACCESS:    7522677 HIT:    4050070 MISS:    3472607 MSHR_MERGE:    2884024
cpu5->cpu5_L1D RFO          ACCESS:          0 HIT:          0 MISS:          0 MSHR_MERGE:          0
cpu5->cpu5_L1D PREFETCH     ACCESS:          0 HIT:          0 MISS:          0 MSHR_MERGE:          0
cpu5->cpu5_L1D WRITE        ACCESS:   18757153 HIT:    1201302 MISS:   17555851 MSHR_MERGE:   15601656
cpu5->cpu5_L1D TRANSLATION  ACCESS:         76 HIT:          0 MISS:         76 MSHR_MERGE:          0
cpu5->cpu5_L1D PREFETCH REQUESTED:          0 ISSUED:          0 USEFUL:          0 USELESS:          0
cpu5->cpu5_L1D AVERAGE MISS LATENCY: 685.7 cycles
cpu5->cpu5_ITLB TOTAL        ACCESS:   18874357 HIT:   18874357 MISS:          0 MSHR_MERGE:          0
cpu5->cpu5_ITLB LOAD         ACCESS:   18874357 HIT:   18874357 MISS:          0 MSHR_MERGE:          0
cpu5->cpu5_ITLB RFO          ACCESS:          0 HIT:          0 MISS:          0 MSHR_MERGE:          0
cpu5->cpu5_ITLB PREFETCH     ACCESS:          0 HIT:          0 MISS:          0 MSHR_MERGE:          0
cpu5->cpu5_ITLB WRITE        ACCESS:          0 HIT:          0 MISS:          0 MSHR_MERGE:          0
cpu5->cpu5_ITLB TRANSLATION  ACCESS:          0 HIT:          0 MISS:          0 MSHR_MERGE:          0
cpu5->cpu5_ITLB PREFETCH REQUESTED:          0 ISSUED:          0 USEFUL:          0 USELESS:          0
cpu5->cpu5_ITLB AVERAGE MISS LATENCY: - cycles
cpu5->cpu5_DTLB TOTAL        ACCESS:   23385924 HIT:   23385011 MISS:        913 MSHR_MERGE:        830
cpu5->cpu5_DTLB LOAD         ACCESS:   23385924 HIT:   23385011 MISS:        913 MSHR_MERGE:        830
cpu5->cpu5_DTLB RFO          ACCESS:          0 HIT:          0 MISS:          0 MSHR_MERGE:          0
cpu5->cpu5_DTLB PREFETCH     ACCESS:          0 HIT:          0 MISS:          0 MSHR_MERGE:          0
cpu5->cpu5_DTLB WRITE        ACCESS:          0 HIT:          0 MISS:          0 MSHR_MERGE:          0
cpu5->cpu5_DTLB TRANSLATION  ACCESS:          0 HIT:          0 MISS:          0 MSHR_MERGE:          0
cpu5->cpu5_DTLB PREFETCH REQUESTED:          0 ISSUED:          0 USEFUL:          0 USELESS:          0
cpu5->cpu5_DTLB AVERAGE MISS LATENCY: 246.4 cycles
cpu4->cpu4_STLB TOTAL        ACCESS:         83 HIT:          7 MISS:         76 MSHR_MERGE:          0
cpu4->cpu4_STLB LOAD         ACCESS:         83 HIT:          7 MISS:         76 MSHR_MERGE:          0
cpu4->cpu4_STLB RFO          ACCESS:          0 HIT:          0 MISS:          0 MSHR_MERGE:          0
cpu4->cpu4_STLB PREFETCH     ACCESS:          0 HIT:          0 MISS:          0 MSHR_MERGE:          0
cpu4->cpu4_STLB WRITE        ACCESS:          0 HIT:          0 MISS:          0 MSHR_MERGE:          0
cpu4->cpu4_STLB TRANSLATION  ACCESS:          0 HIT:          0 MISS:          0 MSHR_MERGE:          0
cpu4->cpu4_STLB PREFETCH REQUESTED:          0 ISSUED:          0 USEFUL:          0 USELESS:          0
cpu4->cpu4_STLB AVERAGE MISS LATENCY: 239.4 cycles
cpu4->cpu4_L2C TOTAL        ACCESS:    4500962 HIT:    1955876 MISS:    2545086 MSHR_MERGE:          0
cpu4->cpu4_L2C LOAD         ACCESS:     589383 HIT:         37 MISS:     589346 MSHR_MERGE:          0
cpu4->cpu4_L2C RFO          ACCESS:    1955668 HIT:          0 MISS:    1955668 MSHR_MERGE:          0
cpu4->cpu4_L2C PREFETCH     ACCESS:          0 HIT:          0 MISS:          0 MSHR_MERGE:          0
cpu4->cpu4_L2C WRITE        ACCESS:    1955835 HIT:    1955835 MISS:          0 MSHR_MERGE:          0
cpu4->cpu4_L2C TRANSLATION  ACCESS:         76 HIT:          4 MISS:         72 MSHR_MERGE:          0
cpu4->cpu4_L2C PREFETCH REQUESTED:          0 ISSUED:          0 USEFUL:          0 USELESS:          0
cpu4->cpu4_L2C AVERAGE MISS LATENCY: 678.2 cycles
cpu4->cpu4_L1I TOTAL        ACCESS:   19102453 HIT:   19102424 MISS:         29 MSHR_MERGE:         20
cpu4->cpu4_L1I LOAD         ACCESS:   19102453 HIT:   19102424 MISS:         29 MSHR_MERGE:         20
cpu4->cpu4_L1I RFO          ACCESS:          0 HIT:          0 MISS:          0 MSHR_MERGE:          0
cpu4->cpu4_L1I PREFETCH     ACCESS:          0 HIT:          0 MISS:          0 MSHR_MERGE:          0
cpu4->cpu4_L1I WRITE        ACCESS:          0 HIT:          0 MISS:          0 MSHR_MERGE:          0
cpu4->cpu4_L1I TRANSLATION  ACCESS:          0 HIT:          0 MISS:          0 MSHR_MERGE:          0
cpu4->cpu4_L1I PREFETCH REQUESTED:          0 ISSUED:          0 USEFUL:          0 USELESS:          0
cpu4->cpu4_L1I AVERAGE MISS LATENCY: 1053 cycles
cpu4->cpu4_L1D TOTAL        ACCESS:   26309171 HIT:    5238381 MISS:   21070790 MSHR_MERGE:   18525672
cpu4->cpu4_L1D LOAD         ACCESS:    7528214 HIT:    4052921 MISS:    3475293 MSHR_MERGE:    2885919
cpu4->cpu4_L1D RFO          ACCESS:          0 HIT:          0 MISS:          0 MSHR_MERGE:          0
cpu4->cpu4_L1D PREFETCH     ACCESS:          0 HIT:          0 MISS:          0 MSHR_MERGE:          0
cpu4->cpu4_L1D WRITE        ACCESS:   18780881 HIT:    1185460 MISS:   17595421 MSHR_MERGE:   15639753
cpu4->cpu4_L1D TRANSLATION  ACCESS:         76 HIT:          0 MISS:         76 MSHR_MERGE:          0
cpu4->cpu4_L1D PREFETCH REQUESTED:          0 ISSUED:          0 USEFUL:          0 USELESS:          0
cpu4->cpu4_L1D AVERAGE MISS LATENCY: 687.3 cycles
cpu4->cpu4_ITLB TOTAL        ACCESS:   18898527 HIT:   18898527 MISS:          0 MSHR_MERGE:          0
cpu4->cpu4_ITLB LOAD         ACCESS:   18898527 HIT:   18898527 MISS:          0 MSHR_MERGE:          0
cpu4->cpu4_ITLB RFO          ACCESS:          0 HIT:          0 MISS:          0 MSHR_MERGE:          0
cpu4->cpu4_ITLB PREFETCH     ACCESS:          0 HIT:          0 MISS:          0 MSHR_MERGE:          0
cpu4->cpu4_ITLB WRITE        ACCESS:          0 HIT:          0 MISS:          0 MSHR_MERGE:          0
cpu4->cpu4_ITLB TRANSLATION  ACCESS:          0 HIT:          0 MISS:          0 MSHR_MERGE:          0
cpu4->cpu4_ITLB PREFETCH REQUESTED:          0 ISSUED:          0 USEFUL:          0 USELESS:          0
cpu4->cpu4_ITLB AVERAGE MISS LATENCY: - cycles
cpu4->cpu4_DTLB TOTAL        ACCESS:   23410803 HIT:   23409918 MISS:        885 MSHR_MERGE:        802
cpu4->cpu4_DTLB LOAD         ACCESS:   23410803 HIT:   23409918 MISS:        885 MSHR_MERGE:        802
cpu4->cpu4_DTLB RFO          ACCESS:          0 HIT:          0 MISS:          0 MSHR_MERGE:          0
cpu4->cpu4_DTLB PREFETCH     ACCESS:          0 HIT:          0 MISS:          0 MSHR_MERGE:          0
cpu4->cpu4_DTLB WRITE        ACCESS:          0 HIT:          0 MISS:          0 MSHR_MERGE:          0
cpu4->cpu4_DTLB TRANSLATION  ACCESS:          0 HIT:          0 MISS:          0 MSHR_MERGE:          0
cpu4->cpu4_DTLB PREFETCH REQUESTED:          0 ISSUED:          0 USEFUL:          0 USELESS:          0
cpu4->cpu4_DTLB AVERAGE MISS LATENCY: 225.1 cycles
cpu3->cpu3_STLB TOTAL        ACCESS:         83 HIT:          7 MISS:         76 MSHR_MERGE:          0
cpu3->cpu3_STLB LOAD         ACCESS:         83 HIT:          7 MISS:         76 MSHR_MERGE:          0
cpu3->cpu3_STLB RFO          ACCESS:          0 HIT:          0 MISS:          0 MSHR_MERGE:          0
cpu3->cpu3_STLB PREFETCH     ACCESS:          0 HIT:          0 MISS:          0 MSHR_MERGE:          0
cpu3->cpu3_STLB WRITE        ACCESS:          0 HIT:          0 MISS:          0 MSHR_MERGE:          0
cpu3->cpu3_STLB TRANSLATION  ACCESS:          0 HIT:          0 MISS:          0 MSHR_MERGE:          0
cpu3->cpu3_STLB PREFETCH REQUESTED:          0 ISSUED:          0 USEFUL:          0 USELESS:          0
cpu3->cpu3_STLB AVERAGE MISS LATENCY: 236.9 cycles
cpu3->cpu3_L2C TOTAL        ACCESS:    4495631 HIT:    1953765 MISS:    2541866 MSHR_MERGE:          0
cpu3->cpu3_L2C LOAD         ACCESS:     588273 HIT:         37 MISS:     588236 MSHR_MERGE:          0
cpu3->cpu3_L2C RFO          ACCESS:    1953558 HIT:          0 MISS:    1953558 MSHR_MERGE:          0
cpu3->cpu3_L2C PREFETCH     ACCESS:          0 HIT:          0 MISS:          0 MSHR_MERGE:          0
cpu3->cpu3_L2C WRITE        ACCESS:    1953724 HIT:    1953724 MISS:          0 MSHR_MERGE:          0
cpu3->cpu3_L2C TRANSLATION  ACCESS:         76 HIT:          4 MISS:         72 MSHR_MERGE:          0
cpu3->cpu3_L2C PREFETCH REQUESTED:          0 ISSUED:          0 USEFUL:          0 USELESS:          0
cpu3->cpu3_L2C AVERAGE MISS LATENCY: 677.6 cycles
cpu3->cpu3_L1I TOTAL        ACCESS:   19067427 HIT:   19067401 MISS:         26 MSHR_MERGE:         17
cpu3->cpu3_L1I LOAD         ACCESS:   19067427 HIT:   19067401 MISS:         26 MSHR_MERGE:         17
cpu3->cpu3_L1I RFO          ACCESS:          0 HIT:          0 MISS:          0 MSHR_MERGE:          0
cpu3->cpu3_L1I PREFETCH     ACCESS:          0 HIT:          0 MISS:          0 MSHR_MERGE:          0
cpu3->cpu3_L1I WRITE        ACCESS:          0 HIT:          0 MISS:          0 MSHR_MERGE:          0
cpu3->cpu3_L1I TRANSLATION  ACCESS:          0 HIT:          0 MISS:          0 MSHR_MERGE:          0
cpu3->cpu3_L1I PREFETCH REQUESTED:          0 ISSUED:          0 USEFUL:          0 USELESS:          0
cpu3->cpu3_L1I AVERAGE MISS LATENCY: 1164 cycles
cpu3->cpu3_L1D TOTAL        ACCESS:   26232433 HIT:    5251393 MISS:   20981040 MSHR_MERGE:   18439142
cpu3->cpu3_L1D LOAD         ACCESS:    7485172 HIT:    4060067 MISS:    3425105 MSHR_MERGE:    2836841
cpu3->cpu3_L1D RFO          ACCESS:          0 HIT:          0 MISS:          0 MSHR_MERGE:          0
cpu3->cpu3_L1D PREFETCH     ACCESS:          0 HIT:          0 MISS:          0 MSHR_MERGE:          0
cpu3->cpu3_L1D WRITE        ACCESS:   18747185 HIT:    1191326 MISS:   17555859 MSHR_MERGE:   15602301
cpu3->cpu3_L1D TRANSLATION  ACCESS:         76 HIT:          0 MISS:         76 MSHR_MERGE:          0
cpu3->cpu3_L1D PREFETCH REQUESTED:          0 ISSUED:          0 USEFUL:          0 USELESS:          0
cpu3->cpu3_L1D AVERAGE MISS LATENCY: 686.7 cycles
cpu3->cpu3_ITLB TOTAL        ACCESS:   18939194 HIT:   18939194 MISS:          0 MSHR_MERGE:          0
cpu3->cpu3_ITLB LOAD         ACCESS:   18939194 HIT:   18939194 MISS:          0 MSHR_MERGE:          0
cpu3->cpu3_ITLB RFO          ACCESS:          0 HIT:          0 MISS:          0 MSHR_MERGE:          0
cpu3->cpu3_ITLB PREFETCH     ACCESS:          0 HIT:          0 MISS:          0 MSHR_MERGE:          0
cpu3->cpu3_ITLB WRITE        ACCESS:          0 HIT:          0 MISS:          0 MSHR_MERGE:          0
cpu3->cpu3_ITLB TRANSLATION  ACCESS:          0 HIT:          0 MISS:          0 MSHR_MERGE:          0
cpu3->cpu3_ITLB PREFETCH REQUESTED:          0 ISSUED:          0 USEFUL:          0 USELESS:          0
cpu3->cpu3_ITLB AVERAGE MISS LATENCY: - cycles
cpu3->cpu3_DTLB TOTAL        ACCESS:   23444354 HIT:   23443475 MISS:        879 MSHR_MERGE:        796
cpu3->cpu3_DTLB LOAD         ACCESS:   23444354 HIT:   23443475 MISS:        879 MSHR_MERGE:        796
cpu3->cpu3_DTLB RFO          ACCESS:          0 HIT:          0 MISS:          0 MSHR_MERGE:          0
cpu3->cpu3_DTLB PREFETCH     ACCESS:          0 HIT:          0 MISS:          0 MSHR_MERGE:          0
cpu3->cpu3_DTLB WRITE        ACCESS:          0 HIT:          0 MISS:          0 MSHR_MERGE:          0
cpu3->cpu3_DTLB TRANSLATION  ACCESS:          0 HIT:          0 MISS:          0 MSHR_MERGE:          0
cpu3->cpu3_DTLB PREFETCH REQUESTED:          0 ISSUED:          0 USEFUL:          0 USELESS:          0
cpu3->cpu3_DTLB AVERAGE MISS LATENCY: 222.8 cycles
cpu2->cpu2_STLB TOTAL        ACCESS:         83 HIT:          7 MISS:         76 MSHR_MERGE:          0
cpu2->cpu2_STLB LOAD         ACCESS:         83 HIT:          7 MISS:         76 MSHR_MERGE:          0
cpu2->cpu2_STLB RFO          ACCESS:          0 HIT:          0 MISS:          0 MSHR_MERGE:          0
cpu2->cpu2_STLB PREFETCH     ACCESS:          0 HIT:          0 MISS:          0 MSHR_MERGE:          0
cpu2->cpu2_STLB WRITE        ACCESS:          0 HIT:          0 MISS:          0 MSHR_MERGE:          0
cpu2->cpu2_STLB TRANSLATION  ACCESS:          0 HIT:          0 MISS:          0 MSHR_MERGE:          0
cpu2->cpu2_STLB PREFETCH REQUESTED:          0 ISSUED:          0 USEFUL:          0 USELESS:          0
cpu2->cpu2_STLB AVERAGE MISS LATENCY: 242.6 cycles
cpu2->cpu2_L2C TOTAL        ACCESS:    4499611 HIT:    1955338 MISS:    2544273 MSHR_MERGE:          0
cpu2->cpu2_L2C LOAD         ACCESS:     589105 HIT:         36 MISS:     589069 MSHR_MERGE:          0
cpu2->cpu2_L2C RFO          ACCESS:    1955132 HIT:          0 MISS:    1955132 MSHR_MERGE:          0
cpu2->cpu2_L2C PREFETCH     ACCESS:          0 HIT:          0 MISS:          0 MSHR_MERGE:          0
cpu2->cpu2_L2C WRITE        ACCESS:    1955298 HIT:    1955298 MISS:          0 MSHR_MERGE:          0
cpu2->cpu2_L2C TRANSLATION  ACCESS:         76 HIT:          4 MISS:         72 MSHR_MERGE:          0
cpu2->cpu2_L2C PREFETCH REQUESTED:          0 ISSUED:          0 USEFUL:          0 USELESS:          0
cpu2->cpu2_L2C AVERAGE MISS LATENCY: 675.9 cycles
cpu2->cpu2_L1I TOTAL        ACCESS:   19093579 HIT:   19093543 MISS:         36 MSHR_MERGE:         27
cpu2->cpu2_L1I LOAD         ACCESS:   19093579 HIT:   19093543 MISS:         36 MSHR_MERGE:         27
cpu2->cpu2_L1I RFO          ACCESS:          0 HIT:          0 MISS:          0 MSHR_MERGE:          0
cpu2->cpu2_L1I PREFETCH     ACCESS:          0 HIT:          0 MISS:          0 MSHR_MERGE:          0
cpu2->cpu2_L1I WRITE        ACCESS:          0 HIT:          0 MISS:          0 MSHR_MERGE:          0
cpu2->cpu2_L1I TRANSLATION  ACCESS:          0 HIT:          0 MISS:          0 MSHR_MERGE:          0
cpu2->cpu2_L1I PREFETCH REQUESTED:          0 ISSUED:          0 USEFUL:          0 USELESS:          0
cpu2->cpu2_L1I AVERAGE MISS LATENCY: 1264 cycles
cpu2->cpu2_L1D TOTAL        ACCESS:   26318089 HIT:    5258341 MISS:   21059748 MSHR_MERGE:   18515444
cpu2->cpu2_L1D LOAD         ACCESS:    7545452 HIT:    4060057 MISS:    3485395 MSHR_MERGE:    2896299
cpu2->cpu2_L1D RFO          ACCESS:          0 HIT:          0 MISS:          0 MSHR_MERGE:          0
cpu2->cpu2_L1D PREFETCH     ACCESS:          0 HIT:          0 MISS:          0 MSHR_MERGE:          0
cpu2->cpu2_L1D WRITE        ACCESS:   18772561 HIT:    1198284 MISS:   17574277 MSHR_MERGE:   15619145
cpu2->cpu2_L1D TRANSLATION  ACCESS:         76 HIT:          0 MISS:         76 MSHR_MERGE:          0
cpu2->cpu2_L1D PREFETCH REQUESTED:          0 ISSUED:          0 USEFUL:          0 USELESS:          0
cpu2->cpu2_L1D AVERAGE MISS LATENCY: 685 cycles
cpu2->cpu2_ITLB TOTAL        ACCESS:   18889691 HIT:   18889691 MISS:          0 MSHR_MERGE:          0
cpu2->cpu2_ITLB LOAD         ACCESS:   18889691 HIT:   18889691 MISS:          0 MSHR_MERGE:          0
cpu2->cpu2_ITLB RFO          ACCESS:          0 HIT:          0 MISS:          0 MSHR_MERGE:          0
cpu2->cpu2_ITLB PREFETCH     ACCESS:          0 HIT:          0 MISS:          0 MSHR_MERGE:          0
cpu2->cpu2_ITLB WRITE        ACCESS:          0 HIT:          0 MISS:          0 MSHR_MERGE:          0
cpu2->cpu2_ITLB TRANSLATION  ACCESS:          0 HIT:          0 MISS:          0 MSHR_MERGE:          0
cpu2->cpu2_ITLB PREFETCH REQUESTED:          0 ISSUED:          0 USEFUL:          0 USELESS:          0
cpu2->cpu2_ITLB AVERAGE MISS LATENCY: - cycles
cpu2->cpu2_DTLB TOTAL        ACCESS:   23427293 HIT:   23426386 MISS:        907 MSHR_MERGE:        824
cpu2->cpu2_DTLB LOAD         ACCESS:   23427293 HIT:   23426386 MISS:        907 MSHR_MERGE:        824
cpu2->cpu2_DTLB RFO          ACCESS:          0 HIT:          0 MISS:          0 MSHR_MERGE:          0
cpu2->cpu2_DTLB PREFETCH     ACCESS:          0 HIT:          0 MISS:          0 MSHR_MERGE:          0
cpu2->cpu2_DTLB WRITE        ACCESS:          0 HIT:          0 MISS:          0 MSHR_MERGE:          0
cpu2->cpu2_DTLB TRANSLATION  ACCESS:          0 HIT:          0 MISS:          0 MSHR_MERGE:          0
cpu2->cpu2_DTLB PREFETCH REQUESTED:          0 ISSUED:          0 USEFUL:          0 USELESS:          0
cpu2->cpu2_DTLB AVERAGE MISS LATENCY: 228 cycles
cpu1->cpu1_STLB TOTAL        ACCESS:         83 HIT:          7 MISS:         76 MSHR_MERGE:          0
cpu1->cpu1_STLB LOAD         ACCESS:         83 HIT:          7 MISS:         76 MSHR_MERGE:          0
cpu1->cpu1_STLB RFO          ACCESS:          0 HIT:          0 MISS:          0 MSHR_MERGE:          0
cpu1->cpu1_STLB PREFETCH     ACCESS:          0 HIT:          0 MISS:          0 MSHR_MERGE:          0
cpu1->cpu1_STLB WRITE        ACCESS:          0 HIT:          0 MISS:          0 MSHR_MERGE:          0
cpu1->cpu1_STLB TRANSLATION  ACCESS:          0 HIT:          0 MISS:          0 MSHR_MERGE:          0
cpu1->cpu1_STLB PREFETCH REQUESTED:          0 ISSUED:          0 USEFUL:          0 USELESS:          0
cpu1->cpu1_STLB AVERAGE MISS LATENCY: 239.4 cycles
cpu1->cpu1_L2C TOTAL        ACCESS:    4495338 HIT:    1953656 MISS:    2541682 MSHR_MERGE:          0
cpu1->cpu1_L2C LOAD         ACCESS:     588222 HIT:         37 MISS:     588185 MSHR_MERGE:          0
cpu1->cpu1_L2C RFO          ACCESS:    1953425 HIT:          0 MISS:    1953425 MSHR_MERGE:          0
cpu1->cpu1_L2C PREFETCH     ACCESS:          0 HIT:          0 MISS:          0 MSHR_MERGE:          0
cpu1->cpu1_L2C WRITE        ACCESS:    1953615 HIT:    1953615 MISS:          0 MSHR_MERGE:          0
cpu1->cpu1_L2C TRANSLATION  ACCESS:         76 HIT:          4 MISS:         72 MSHR_MERGE:          0
cpu1->cpu1_L2C PREFETCH REQUESTED:          0 ISSUED:          0 USEFUL:          0 USELESS:          0
cpu1->cpu1_L2C AVERAGE MISS LATENCY: 676.3 cycles
cpu1->cpu1_L1I TOTAL        ACCESS:   19065759 HIT:   19065730 MISS:         29 MSHR_MERGE:         20
cpu1->cpu1_L1I LOAD         ACCESS:   19065759 HIT:   19065730 MISS:         29 MSHR_MERGE:         20
cpu1->cpu1_L1I RFO          ACCESS:          0 HIT:          0 MISS:          0 MSHR_MERGE:          0
cpu1->cpu1_L1I PREFETCH     ACCESS:          0 HIT:          0 MISS:          0 MSHR_MERGE:          0
cpu1->cpu1_L1I WRITE        ACCESS:          0 HIT:          0 MISS:          0 MSHR_MERGE:          0
cpu1->cpu1_L1I TRANSLATION  ACCESS:          0 HIT:          0 MISS:          0 MSHR_MERGE:          0
cpu1->cpu1_L1I PREFETCH REQUESTED:          0 ISSUED:          0 USEFUL:          0 USELESS:          0
cpu1->cpu1_L1I AVERAGE MISS LATENCY: 1574 cycles
cpu1->cpu1_L1D TOTAL        ACCESS:   26251785 HIT:    5232308 MISS:   21019477 MSHR_MERGE:   18477763
cpu1->cpu1_L1D LOAD         ACCESS:    7506174 HIT:    4043975 MISS:    3462199 MSHR_MERGE:    2873986
cpu1->cpu1_L1D RFO          ACCESS:          0 HIT:          0 MISS:          0 MSHR_MERGE:          0
cpu1->cpu1_L1D PREFETCH     ACCESS:          0 HIT:          0 MISS:          0 MSHR_MERGE:          0
cpu1->cpu1_L1D WRITE        ACCESS:   18745535 HIT:    1188333 MISS:   17557202 MSHR_MERGE:   15603777
cpu1->cpu1_L1D TRANSLATION  ACCESS:         76 HIT:          0 MISS:         76 MSHR_MERGE:          0
cpu1->cpu1_L1D PREFETCH REQUESTED:          0 ISSUED:          0 USEFUL:          0 USELESS:          0
cpu1->cpu1_L1D AVERAGE MISS LATENCY: 685.4 cycles
cpu1->cpu1_ITLB TOTAL        ACCESS:   18937436 HIT:   18937436 MISS:          0 MSHR_MERGE:          0
cpu1->cpu1_ITLB LOAD         ACCESS:   18937436 HIT:   18937436 MISS:          0 MSHR_MERGE:          0
cpu1->cpu1_ITLB RFO          ACCESS:          0 HIT:          0 MISS:          0 MSHR_MERGE:          0
cpu1->cpu1_ITLB PREFETCH     ACCESS:          0 HIT:          0 MISS:          0 MSHR_MERGE:          0
cpu1->cpu1_ITLB WRITE        ACCESS:          0 HIT:          0 MISS:          0 MSHR_MERGE:          0
cpu1->cpu1_ITLB TRANSLATION  ACCESS:          0 HIT:          0 MISS:          0 MSHR_MERGE:          0
cpu1->cpu1_ITLB PREFETCH REQUESTED:          0 ISSUED:          0 USEFUL:          0 USELESS:          0
cpu1->cpu1_ITLB AVERAGE MISS LATENCY: - cycles
cpu1->cpu1_DTLB TOTAL        ACCESS:   23396844 HIT:   23395950 MISS:        894 MSHR_MERGE:        811
cpu1->cpu1_DTLB LOAD         ACCESS:   23396844 HIT:   23395950 MISS:        894 MSHR_MERGE:        811
cpu1->cpu1_DTLB RFO          ACCESS:          0 HIT:          0 MISS:          0 MSHR_MERGE:          0
cpu1->cpu1_DTLB PREFETCH     ACCESS:          0 HIT:          0 MISS:          0 MSHR_MERGE:          0
cpu1->cpu1_DTLB WRITE        ACCESS:          0 HIT:          0 MISS:          0 MSHR_MERGE:          0
cpu1->cpu1_DTLB TRANSLATION  ACCESS:          0 HIT:          0 MISS:          0 MSHR_MERGE:          0
cpu1->cpu1_DTLB PREFETCH REQUESTED:          0 ISSUED:          0 USEFUL:          0 USELESS:          0
cpu1->cpu1_DTLB AVERAGE MISS LATENCY: 225.1 cycles
cpu0->cpu0_STLB TOTAL        ACCESS:         83 HIT:          7 MISS:         76 MSHR_MERGE:          0
cpu0->cpu0_STLB LOAD         ACCESS:         83 HIT:          7 MISS:         76 MSHR_MERGE:          0
cpu0->cpu0_STLB RFO          ACCESS:          0 HIT:          0 MISS:          0 MSHR_MERGE:          0
cpu0->cpu0_STLB PREFETCH     ACCESS:          0 HIT:          0 MISS:          0 MSHR_MERGE:          0
cpu0->cpu0_STLB WRITE        ACCESS:          0 HIT:          0 MISS:          0 MSHR_MERGE:          0
cpu0->cpu0_STLB TRANSLATION  ACCESS:          0 HIT:          0 MISS:          0 MSHR_MERGE:          0
cpu0->cpu0_STLB PREFETCH REQUESTED:          0 ISSUED:          0 USEFUL:          0 USELESS:          0
cpu0->cpu0_STLB AVERAGE MISS LATENCY: 253.3 cycles
cpu0->cpu0_L2C TOTAL        ACCESS:    4496608 HIT:    1954135 MISS:    2542473 MSHR_MERGE:          0
cpu0->cpu0_L2C LOAD         ACCESS:     588512 HIT:         37 MISS:     588475 MSHR_MERGE:          0
cpu0->cpu0_L2C RFO          ACCESS:    1953926 HIT:          0 MISS:    1953926 MSHR_MERGE:          0
cpu0->cpu0_L2C PREFETCH     ACCESS:          0 HIT:          0 MISS:          0 MSHR_MERGE:          0
cpu0->cpu0_L2C WRITE        ACCESS:    1954094 HIT:    1954094 MISS:          0 MSHR_MERGE:          0
cpu0->cpu0_L2C TRANSLATION  ACCESS:         76 HIT:          4 MISS:         72 MSHR_MERGE:          0
cpu0->cpu0_L2C PREFETCH REQUESTED:          0 ISSUED:          0 USEFUL:          0 USELESS:          0
cpu0->cpu0_L2C AVERAGE MISS LATENCY: 677.4 cycles
cpu0->cpu0_L1I TOTAL        ACCESS:   19075213 HIT:   19075184 MISS:         29 MSHR_MERGE:         20
cpu0->cpu0_L1I LOAD         ACCESS:   19075213 HIT:   19075184 MISS:         29 MSHR_MERGE:         20
cpu0->cpu0_L1I RFO          ACCESS:          0 HIT:          0 MISS:          0 MSHR_MERGE:          0
cpu0->cpu0_L1I PREFETCH     ACCESS:          0 HIT:          0 MISS:          0 MSHR_MERGE:          0
cpu0->cpu0_L1I WRITE        ACCESS:          0 HIT:          0 MISS:          0 MSHR_MERGE:          0
cpu0->cpu0_L1I TRANSLATION  ACCESS:          0 HIT:          0 MISS:          0 MSHR_MERGE:          0
cpu0->cpu0_L1I PREFETCH REQUESTED:          0 ISSUED:          0 USEFUL:          0 USELESS:          0
cpu0->cpu0_L1I AVERAGE MISS LATENCY: 1265 cycles
cpu0->cpu0_L1D TOTAL        ACCESS:   26242140 HIT:    5259671 MISS:   20982469 MSHR_MERGE:   18439964
cpu0->cpu0_L1D LOAD         ACCESS:    7487391 HIT:    4060099 MISS:    3427292 MSHR_MERGE:    2838789
cpu0->cpu0_L1D RFO          ACCESS:          0 HIT:          0 MISS:          0 MSHR_MERGE:          0
cpu0->cpu0_L1D PREFETCH     ACCESS:          0 HIT:          0 MISS:          0 MSHR_MERGE:          0
cpu0->cpu0_L1D WRITE        ACCESS:   18754673 HIT:    1199572 MISS:   17555101 MSHR_MERGE:   15601175
cpu0->cpu0_L1D TRANSLATION  ACCESS:         76 HIT:          0 MISS:         76 MSHR_MERGE:          0
cpu0->cpu0_L1D PREFETCH REQUESTED:          0 ISSUED:          0 USEFUL:          0 USELESS:          0
cpu0->cpu0_L1D AVERAGE MISS LATENCY: 686.5 cycles
cpu0->cpu0_ITLB TOTAL        ACCESS:   18946863 HIT:   18946863 MISS:          0 MSHR_MERGE:          0
cpu0->cpu0_ITLB LOAD         ACCESS:   18946863 HIT:   18946863 MISS:          0 MSHR_MERGE:          0
cpu0->cpu0_ITLB RFO          ACCESS:          0 HIT:          0 MISS:          0 MSHR_MERGE:          0
cpu0->cpu0_ITLB PREFETCH     ACCESS:          0 HIT:          0 MISS:          0 MSHR_MERGE:          0
cpu0->cpu0_ITLB WRITE        ACCESS:          0 HIT:          0 MISS:          0 MSHR_MERGE:          0
cpu0->cpu0_ITLB TRANSLATION  ACCESS:          0 HIT:          0 MISS:          0 MSHR_MERGE:          0
cpu0->cpu0_ITLB PREFETCH REQUESTED:          0 ISSUED:          0 USEFUL:          0 USELESS:          0
cpu0->cpu0_ITLB AVERAGE MISS LATENCY: - cycles
cpu0->cpu0_DTLB TOTAL        ACCESS:   23453525 HIT:   23452603 MISS:        922 MSHR_MERGE:        839
cpu0->cpu0_DTLB LOAD         ACCESS:   23453525 HIT:   23452603 MISS:        922 MSHR_MERGE:        839
cpu0->cpu0_DTLB RFO          ACCESS:          0 HIT:          0 MISS:          0 MSHR_MERGE:          0
cpu0->cpu0_DTLB PREFETCH     ACCESS:          0 HIT:          0 MISS:          0 MSHR_MERGE:          0
cpu0->cpu0_DTLB WRITE        ACCESS:          0 HIT:          0 MISS:          0 MSHR_MERGE:          0
cpu0->cpu0_DTLB TRANSLATION  ACCESS:          0 HIT:          0 MISS:          0 MSHR_MERGE:          0
cpu0->cpu0_DTLB PREFETCH REQUESTED:          0 ISSUED:          0 USEFUL:          0 USELESS:          0
cpu0->cpu0_DTLB AVERAGE MISS LATENCY: 237.9 cycles
cpu0->LLC TOTAL        ACCESS:    4498239 HIT:    1954443 MISS:    2543796 MSHR_MERGE:          0
cpu0->LLC LOAD         ACCESS:     588477 HIT:          0 MISS:     588477 MSHR_MERGE:          0
cpu0->LLC RFO          ACCESS:    1953934 HIT:          0 MISS:    1953934 MSHR_MERGE:          0
cpu0->LLC PREFETCH     ACCESS:          0 HIT:          0 MISS:          0 MSHR_MERGE:          0
cpu0->LLC WRITE        ACCESS:    1955756 HIT:    1954374 MISS:       1382 MSHR_MERGE:          0
cpu0->LLC TRANSLATION  ACCESS:         72 HIT:         69 MISS:          3 MSHR_MERGE:          0
cpu0->LLC PREFETCH REQUESTED:          0 ISSUED:          0 USEFUL:          0 USELESS:          0
cpu0->LLC AVERAGE MISS LATENCY: 5287 cycles
cpu1->LLC TOTAL        ACCESS:    4497018 HIT:    1954324 MISS:    2542694 MSHR_MERGE:          0
cpu1->LLC LOAD         ACCESS:     588186 HIT:          0 MISS:     588186 MSHR_MERGE:          0
cpu1->LLC RFO          ACCESS:    1953433 HIT:          0 MISS:    1953433 MSHR_MERGE:          0
cpu1->LLC PREFETCH     ACCESS:          0 HIT:          0 MISS:          0 MSHR_MERGE:          0
cpu1->LLC WRITE        ACCESS:    1955327 HIT:    1954252 MISS:       1075 MSHR_MERGE:          0
cpu1->LLC TRANSLATION  ACCESS:         72 HIT:         72 MISS:          0 MSHR_MERGE:          0
cpu1->LLC PREFETCH REQUESTED:          0 ISSUED:          0 USEFUL:          0 USELESS:          0
cpu1->LLC AVERAGE MISS LATENCY: 5289 cycles
cpu2->LLC TOTAL        ACCESS:    4501156 HIT:    1955118 MISS:    2546038 MSHR_MERGE:          0
cpu2->LLC LOAD         ACCESS:     589071 HIT:          0 MISS:     589071 MSHR_MERGE:          0
cpu2->LLC RFO          ACCESS:    1955139 HIT:          0 MISS:    1955139 MSHR_MERGE:          0
cpu2->LLC PREFETCH     ACCESS:          0 HIT:          0 MISS:          0 MSHR_MERGE:          0
cpu2->LLC WRITE        ACCESS:    1956874 HIT:    1955047 MISS:       1827 MSHR_MERGE:          0
cpu2->LLC TRANSLATION  ACCESS:         72 HIT:         71 MISS:          1 MSHR_MERGE:          0
cpu2->LLC PREFETCH REQUESTED:          0 ISSUED:          0 USEFUL:          0 USELESS:          0
cpu2->LLC AVERAGE MISS LATENCY: 5282 cycles
cpu3->LLC TOTAL        ACCESS:    4497382 HIT:    1954403 MISS:    2542979 MSHR_MERGE:          0
cpu3->LLC LOAD         ACCESS:     588237 HIT:          0 MISS:     588237 MSHR_MERGE:          0
cpu3->LLC RFO          ACCESS:    1953565 HIT:          0 MISS:    1953565 MSHR_MERGE:          0
cpu3->LLC PREFETCH     ACCESS:          0 HIT:          0 MISS:          0 MSHR_MERGE:          0
cpu3->LLC WRITE        ACCESS:    1955508 HIT:    1954331 MISS:       1177 MSHR_MERGE:          0
cpu3->LLC TRANSLATION  ACCESS:         72 HIT:         72 MISS:          0 MSHR_MERGE:          0
cpu3->LLC PREFETCH REQUESTED:          0 ISSUED:          0 USEFUL:          0 USELESS:          0
cpu3->LLC AVERAGE MISS LATENCY: 5288 cycles
cpu4->LLC TOTAL        ACCESS:    4502697 HIT:    1955696 MISS:    2547001 MSHR_MERGE:          0
cpu4->LLC LOAD         ACCESS:     589348 HIT:          0 MISS:     589348 MSHR_MERGE:          0
cpu4->LLC RFO          ACCESS:    1955678 HIT:          0 MISS:    1955678 MSHR_MERGE:          0
cpu4->LLC PREFETCH     ACCESS:          0 HIT:          0 MISS:          0 MSHR_MERGE:          0
cpu4->LLC WRITE        ACCESS:    1957599 HIT:    1955625 MISS:       1974 MSHR_MERGE:          0
cpu4->LLC TRANSLATION  ACCESS:         72 HIT:         71 MISS:          1 MSHR_MERGE:          0
cpu4->LLC PREFETCH REQUESTED:          0 ISSUED:          0 USEFUL:          0 USELESS:          0
cpu4->LLC AVERAGE MISS LATENCY: 5280 cycles
cpu5->LLC TOTAL        ACCESS:    4498844 HIT:    1954760 MISS:    2544084 MSHR_MERGE:          0
cpu5->LLC LOAD         ACCESS:     588556 HIT:          0 MISS:     588556 MSHR_MERGE:          0
cpu5->LLC RFO          ACCESS:    1954203 HIT:          0 MISS:    1954203 MSHR_MERGE:          0
cpu5->LLC PREFETCH     ACCESS:          0 HIT:          0 MISS:          0 MSHR_MERGE:          0
cpu5->LLC WRITE        ACCESS:    1956013 HIT:    1954689 MISS:       1324 MSHR_MERGE:          0
cpu5->LLC TRANSLATION  ACCESS:         72 HIT:         71 MISS:          1 MSHR_MERGE:          0
cpu5->LLC PREFETCH REQUESTED:          0 ISSUED:          0 USEFUL:          0 USELESS:          0
cpu5->LLC AVERAGE MISS LATENCY: 5286 cycles
cpu6->LLC TOTAL        ACCESS:    4499115 HIT:    1954677 MISS:    2544438 MSHR_MERGE:          0
cpu6->LLC LOAD         ACCESS:     588620 HIT:          0 MISS:     588620 MSHR_MERGE:          0
cpu6->LLC RFO          ACCESS:    1954334 HIT:          0 MISS:    1954334 MSHR_MERGE:          0
cpu6->LLC PREFETCH     ACCESS:          0 HIT:          0 MISS:          0 MSHR_MERGE:          0
cpu6->LLC WRITE        ACCESS:    1956089 HIT:    1954605 MISS:       1484 MSHR_MERGE:          0
cpu6->LLC TRANSLATION  ACCESS:         72 HIT:         72 MISS:          0 MSHR_MERGE:          0
cpu6->LLC PREFETCH REQUESTED:          0 ISSUED:          0 USEFUL:          0 USELESS:          0
cpu6->LLC AVERAGE MISS LATENCY: 5285 cycles
cpu7->LLC TOTAL        ACCESS:    4502718 HIT:    1955810 MISS:    2546908 MSHR_MERGE:          0
cpu7->LLC LOAD         ACCESS:     589339 HIT:          0 MISS:     589339 MSHR_MERGE:          0
cpu7->LLC RFO          ACCESS:    1955683 HIT:          0 MISS:    1955683 MSHR_MERGE:          0
cpu7->LLC PREFETCH     ACCESS:          0 HIT:          0 MISS:          0 MSHR_MERGE:          0
cpu7->LLC WRITE        ACCESS:    1957624 HIT:    1955757 MISS:       1867 MSHR_MERGE:          0
cpu7->LLC TRANSLATION  ACCESS:         72 HIT:         53 MISS:         19 MSHR_MERGE:          0
cpu7->LLC PREFETCH REQUESTED:          0 ISSUED:          0 USEFUL:          0 USELESS:          0
cpu7->LLC AVERAGE MISS LATENCY: 5280 cycles

DRAM Statistics

Channel 0 READ REQS:   10172914	WRITE REQS:    7848567
  READS:   10172910	READ_HITS:          0
  WRITES:    7848522	WRITE HITS:          0
  ACTIVATES:   18021435	PRECHARGES:   18021432
  RQ FULL:    7122521	WQ FULL:       3907
  WRITE DRAINS:      99123	FORCED:      91829
  MEAN WRITE IMBALANCE: 2.4264398777276717
  READ OCCU PRE DRAIN: 18.58595885919514	POST DRAIN: 26.429859871069276
  MEAN BLP: 31.51634837525095	BGLP: 7.976302170031174
  READ LATENCY: 155.93231061711938
  TIME IN WRITE MODE: 29191074848

Channel 1 READ REQS:   10172914	WRITE REQS:    7848497
  READS:   10172913	READ_HITS:          0
  WRITES:    7848438	WRITE HITS:          0
  ACTIVATES:   18021352	PRECHARGES:   18021351
  RQ FULL:    7903640	WQ FULL:       4816
  WRITE DRAINS:      99350	FORCED:      91385
  MEAN WRITE IMBALANCE: 2.4203522898842476
  READ OCCU PRE DRAIN: 18.53226975339708	POST DRAIN: 26.703160543532963
  MEAN BLP: 31.465566180171113	BGLP: 7.972611977856064
  READ LATENCY: 156.72482581931055
  TIME IN WRITE MODE: 29191538272
BARD NON LRU EVICTS: 3571932	TOTAL EVICTS: 25927575	EAGER WB: 9351519
---------------------------------------
Begin Slurm Epilog: Apr-11-2025 07:02:47
Job ID:        3795500
User ID:       svittal8
Account:       gts-mqureshi4-rg
Job name:      wrap
Resources:     cpu=1,mem=4G,node=1
Rsrc Used:     cput=05:34:11,vmem=0,walltime=05:34:11,mem=177856K,energy_used=0
Partition:     cpu-small
QOS:           inferno
Nodes:         atl1-1-02-006-28-2
---------------------------------------
