---------------------------------------
Begin Slurm Prolog: Apr-11-2025 01:28:36
Job ID:    3795499
User ID:   svittal8
Account:   gts-mqureshi4-rg
Job name:  wrap
Partition: cpu-small
QOS:       inferno
---------------------------------------
[VMEM] WARNING: physical memory size is smaller than virtual memory size.

*** ChampSim Multicore Out-of-Order Simulator ***
Warmup Instructions: 25000000
Simulation Instructions: 100000000
Number of CPUs: 8
Page size: 2097152

initializing BARD -- num sampled sets: 64, modulus = 256
CL :	 16.64 ns
CWL :	 15.808 ns
tRP :	 16.224 ns
tRCD :	 16.224 ns
tRAS :	 32.032000000000004 ns
tRTP :	 7.904 ns
tWR :	 30.368000000000002 ns

tCCD_S :	 3.3280000000000003 ns
tCCD_S_WR :	 3.3280000000000003 ns
tCCD_S_WTR :	 22.048000000000002 ns
tCCD_L :	 5.408 ns
tCCD_L_WR :	 20.384 ns
tCCD_L_WTR :	 29.536 ns
tRRD_S :	 3.3280000000000003 ns
tRRD_L :	 5.408 ns
tFAW :	 13.728 ns
Address mapping (perm = 1) 	ch co bg bg bg ba ba co co co co co co ro ro ro ro ro ro ro ro ro ro ro ro ro ro ro 
dram queue size: R = 64 W = 96 (low:high is 16:80)
num evicts: 0, p: 0, s: 0 	 max proactive lookup: 16, max shadow lookup: 16
	evict counters: 128 128 128 128 128 128 128 128 128 128 128 128 128 128 128 128
	eager counters: 128 128 128 128 128 128 128 128 128 128 128 128 128 128 128 128
num evicts: 100000, p: 3185, s: 4391 	 max proactive lookup: 16, max shadow lookup: 16
	evict counters: 128 128 128 128 128 128 128 128 128 128 128 128 128 128 128 128
	eager counters: 128 128 128 128 128 128 128 128 128 128 128 128 128 128 128 128
num evicts: 200000, p: 6382, s: 10188 	 max proactive lookup: 16, max shadow lookup: 16
	evict counters: 128 128 128 128 128 128 128 128 128 128 128 128 128 128 128 128
	eager counters: 128 128 128 128 128 128 128 128 128 128 128 128 128 128 128 128
num evicts: 300000, p: 9463, s: 16543 	 max proactive lookup: 16, max shadow lookup: 16
	evict counters: 128 128 128 128 128 128 128 128 128 128 128 128 128 128 128 128
	eager counters: 128 128 128 128 128 128 128 128 128 128 128 128 128 128 128 128
num evicts: 400000, p: 13037, s: 25409 	 max proactive lookup: 16, max shadow lookup: 16
	evict counters: 128 128 128 128 128 128 128 128 128 128 128 128 128 128 128 128
	eager counters: 128 128 128 128 128 128 128 128 128 128 128 128 128 128 128 128
num evicts: 500000, p: 15773, s: 32616 	 max proactive lookup: 16, max shadow lookup: 16
	evict counters: 128 128 128 128 128 128 128 128 128 128 128 128 128 128 128 128
	eager counters: 128 128 128 128 128 128 128 128 128 128 128 128 128 128 128 128
num evicts: 600000, p: 18815, s: 40135 	 max proactive lookup: 16, max shadow lookup: 16
	evict counters: 128 128 128 128 128 128 128 128 128 128 128 128 128 128 128 128
	eager counters: 128 128 128 128 128 128 128 128 128 128 128 128 128 128 128 128
num evicts: 700000, p: 22526, s: 49455 	 max proactive lookup: 16, max shadow lookup: 16
	evict counters: 128 128 128 128 128 128 128 128 128 128 128 128 128 128 128 128
	eager counters: 128 128 128 128 128 128 128 128 128 128 128 128 128 128 128 128
num evicts: 800000, p: 28398, s: 75226 	 max proactive lookup: 16, max shadow lookup: 16
	evict counters: 128 128 128 128 128 128 128 128 128 128 128 128 128 128 128 128
	eager counters: 128 128 128 128 128 128 128 128 128 128 128 128 128 128 128 128
num evicts: 900000, p: 33988, s: 104963 	 max proactive lookup: 16, max shadow lookup: 16
	evict counters: 128 128 128 128 128 128 128 128 128 128 128 128 128 128 128 128
	eager counters: 128 128 128 128 128 128 128 128 128 128 128 128 128 128 128 128
num evicts: 1000000, p: 40512, s: 142477 	 max proactive lookup: 16, max shadow lookup: 16
	evict counters: 128 128 128 128 128 128 128 128 128 128 128 128 128 128 128 128
	eager counters: 128 128 128 128 128 128 128 128 128 128 128 128 128 128 128 128
num evicts: 1100000, p: 45800, s: 170472 	 max proactive lookup: 16, max shadow lookup: 16
	evict counters: 128 128 128 128 128 128 128 128 128 128 128 128 128 128 128 128
	eager counters: 128 128 128 128 128 128 128 128 128 128 128 128 128 128 128 128
num evicts: 1200000, p: 50121, s: 193364 	 max proactive lookup: 16, max shadow lookup: 16
	evict counters: 128 128 128 128 128 128 128 128 128 128 128 128 128 128 128 128
	eager counters: 128 128 128 128 128 128 128 128 128 128 128 128 128 128 128 128
num evicts: 1300000, p: 53669, s: 213601 	 max proactive lookup: 16, max shadow lookup: 16
	evict counters: 128 128 128 128 128 128 128 128 128 128 128 128 128 128 128 128
	eager counters: 128 128 128 128 128 128 128 128 128 128 128 128 128 128 128 128
num evicts: 1400000, p: 56998, s: 232825 	 max proactive lookup: 16, max shadow lookup: 16
	evict counters: 128 128 128 128 128 128 128 128 128 128 128 128 128 128 128 128
	eager counters: 128 128 128 128 128 128 128 128 128 128 128 128 128 128 128 128
num evicts: 1500000, p: 60034, s: 251265 	 max proactive lookup: 16, max shadow lookup: 16
	evict counters: 128 128 128 128 128 128 128 128 128 128 128 128 128 128 128 128
	eager counters: 128 128 128 128 128 128 128 128 128 128 128 128 128 128 128 128
num evicts: 1600000, p: 62831, s: 269227 	 max proactive lookup: 16, max shadow lookup: 16
	evict counters: 128 128 128 128 128 128 128 128 128 128 128 128 128 128 128 128
	eager counters: 128 128 128 128 128 128 128 128 128 128 128 128 128 128 128 128
num evicts: 1700000, p: 65618, s: 287585 	 max proactive lookup: 16, max shadow lookup: 16
	evict counters: 128 128 128 128 128 128 128 128 128 128 128 128 128 128 128 128
	eager counters: 128 128 128 128 128 128 128 128 128 128 128 128 128 128 128 128
num evicts: 1800000, p: 67723, s: 304585 	 max proactive lookup: 16, max shadow lookup: 16
	evict counters: 128 128 128 128 128 128 128 128 128 128 128 128 128 128 128 128
	eager counters: 128 128 128 128 128 128 128 128 128 128 128 128 128 128 128 128
num evicts: 1900000, p: 69890, s: 321502 	 max proactive lookup: 16, max shadow lookup: 16
	evict counters: 128 128 128 128 128 128 128 128 128 128 128 128 128 128 128 128
	eager counters: 128 128 128 128 128 128 128 128 128 128 128 128 128 128 128 128
num evicts: 2000000, p: 71989, s: 338431 	 max proactive lookup: 16, max shadow lookup: 16
	evict counters: 128 128 128 128 128 128 128 128 128 128 128 128 128 128 128 128
	eager counters: 128 128 128 128 128 128 128 128 128 128 128 128 128 128 128 128
num evicts: 2100000, p: 74064, s: 356180 	 max proactive lookup: 16, max shadow lookup: 16
	evict counters: 128 128 128 128 128 128 128 128 128 128 128 128 128 128 128 128
	eager counters: 128 128 128 128 128 128 128 128 128 128 128 128 128 128 128 128
num evicts: 2200000, p: 75976, s: 373214 	 max proactive lookup: 16, max shadow lookup: 16
	evict counters: 128 128 128 128 128 128 128 128 128 128 128 128 128 128 128 128
	eager counters: 128 128 128 128 128 128 128 128 128 128 128 128 128 128 128 128
num evicts: 2300000, p: 77929, s: 393209 	 max proactive lookup: 16, max shadow lookup: 16
	evict counters: 128 128 128 128 128 128 128 128 128 128 128 128 128 128 128 128
	eager counters: 128 128 128 128 128 128 128 128 128 128 128 128 128 128 128 128
num evicts: 2400000, p: 80161, s: 414675 	 max proactive lookup: 16, max shadow lookup: 16
	evict counters: 128 128 128 128 128 128 128 128 128 128 128 128 128 128 128 128
	eager counters: 128 128 128 128 128 128 128 128 128 128 128 128 128 128 128 128
num evicts: 2500000, p: 82396, s: 436398 	 max proactive lookup: 16, max shadow lookup: 16
	evict counters: 128 128 128 128 128 128 128 128 128 128 128 128 128 128 128 128
	eager counters: 128 128 128 128 128 128 128 128 128 128 128 128 128 128 128 128
num evicts: 2600000, p: 84621, s: 458706 	 max proactive lookup: 16, max shadow lookup: 16
	evict counters: 128 128 128 128 128 128 128 128 128 128 128 128 128 128 128 128
	eager counters: 128 128 128 128 128 128 128 128 128 128 128 128 128 128 128 128
Heartbeat CPU 0 instructions: 10000000 cycles: 4550467 heartbeat IPC: 2.198 cumulative IPC: 2.198 (Simulation time: 00 hr 09 min 57 sec)
Heartbeat CPU 3 instructions: 10000000 cycles: 4568030 heartbeat IPC: 2.189 cumulative IPC: 2.189 (Simulation time: 00 hr 09 min 59 sec)
Heartbeat CPU 1 instructions: 10000000 cycles: 4609772 heartbeat IPC: 2.169 cumulative IPC: 2.169 (Simulation time: 00 hr 10 min 06 sec)
Heartbeat CPU 4 instructions: 10000000 cycles: 4618032 heartbeat IPC: 2.165 cumulative IPC: 2.165 (Simulation time: 00 hr 10 min 07 sec)
Heartbeat CPU 2 instructions: 10000003 cycles: 4641822 heartbeat IPC: 2.154 cumulative IPC: 2.154 (Simulation time: 00 hr 10 min 10 sec)
Heartbeat CPU 5 instructions: 10000004 cycles: 4644461 heartbeat IPC: 2.153 cumulative IPC: 2.153 (Simulation time: 00 hr 10 min 11 sec)
num evicts: 2700000, p: 86903, s: 480903 	 max proactive lookup: 16, max shadow lookup: 16
	evict counters: 128 128 128 128 128 128 128 128 128 128 128 128 128 128 128 128
	eager counters: 128 128 128 128 128 128 128 128 128 128 128 128 128 128 128 128
Heartbeat CPU 6 instructions: 10000003 cycles: 4657000 heartbeat IPC: 2.147 cumulative IPC: 2.147 (Simulation time: 00 hr 10 min 13 sec)
Heartbeat CPU 7 instructions: 10000000 cycles: 4657593 heartbeat IPC: 2.147 cumulative IPC: 2.147 (Simulation time: 00 hr 10 min 13 sec)
num evicts: 2800000, p: 89523, s: 504259 	 max proactive lookup: 16, max shadow lookup: 16
	evict counters: 128 128 128 128 128 128 128 128 128 128 128 128 128 128 128 128
	eager counters: 128 128 128 128 128 128 128 128 128 128 128 128 128 128 128 128
num evicts: 2900000, p: 92021, s: 528108 	 max proactive lookup: 16, max shadow lookup: 16
	evict counters: 128 128 128 128 128 128 128 128 128 128 128 128 128 128 128 128
	eager counters: 128 128 128 128 128 128 128 128 128 128 128 128 128 128 128 128
num evicts: 3000000, p: 94414, s: 552979 	 max proactive lookup: 16, max shadow lookup: 16
	evict counters: 128 128 128 128 128 128 128 128 128 128 128 128 128 128 128 128
	eager counters: 128 128 128 128 128 128 128 128 128 128 128 128 128 128 128 128
num evicts: 3100000, p: 96911, s: 577873 	 max proactive lookup: 16, max shadow lookup: 16
	evict counters: 128 128 128 128 128 128 128 128 128 128 128 128 128 128 128 128
	eager counters: 128 128 128 128 128 128 128 128 128 128 128 128 128 128 128 128
num evicts: 3200000, p: 99433, s: 603089 	 max proactive lookup: 16, max shadow lookup: 16
	evict counters: 128 128 128 128 128 128 128 128 128 128 128 128 128 128 128 128
	eager counters: 128 128 128 128 128 128 128 128 128 128 128 128 128 128 128 128
num evicts: 3300000, p: 101958, s: 628543 	 max proactive lookup: 16, max shadow lookup: 16
	evict counters: 128 128 128 128 128 128 128 128 128 128 128 128 128 128 128 128
	eager counters: 128 128 128 128 128 128 128 128 128 128 128 128 128 128 128 128
num evicts: 3400000, p: 104533, s: 653936 	 max proactive lookup: 16, max shadow lookup: 16
	evict counters: 128 128 128 128 128 128 128 128 128 128 128 128 128 128 128 128
	eager counters: 128 128 128 128 128 128 128 128 128 128 128 128 128 128 128 128
num evicts: 3500000, p: 107041, s: 678588 	 max proactive lookup: 16, max shadow lookup: 16
	evict counters: 128 128 128 128 128 128 128 128 128 128 128 128 128 128 128 128
	eager counters: 128 128 128 128 128 128 128 128 128 128 128 128 128 128 128 128
num evicts: 3600000, p: 109729, s: 703756 	 max proactive lookup: 16, max shadow lookup: 16
	evict counters: 128 128 128 128 128 128 128 128 128 128 128 128 128 128 128 128
	eager counters: 128 128 128 128 128 128 128 128 128 128 128 128 128 128 128 128
num evicts: 3700000, p: 112431, s: 728802 	 max proactive lookup: 16, max shadow lookup: 16
	evict counters: 128 128 128 128 128 128 128 128 128 128 128 128 128 128 128 128
	eager counters: 128 128 128 128 128 128 128 128 128 128 128 128 128 128 128 128
num evicts: 3800000, p: 114906, s: 753432 	 max proactive lookup: 16, max shadow lookup: 16
	evict counters: 128 128 128 128 128 128 128 128 128 128 128 128 128 128 128 128
	eager counters: 128 128 128 128 128 128 128 128 128 128 128 128 128 128 128 128
num evicts: 3900000, p: 117567, s: 778852 	 max proactive lookup: 16, max shadow lookup: 16
	evict counters: 128 128 128 128 128 128 128 128 128 128 128 128 128 128 128 128
	eager counters: 128 128 128 128 128 128 128 128 128 128 128 128 128 128 128 128
num evicts: 4000000, p: 120112, s: 804893 	 max proactive lookup: 16, max shadow lookup: 16
	evict counters: 128 128 128 128 128 128 128 128 128 128 128 128 128 128 128 128
	eager counters: 128 128 128 128 128 128 128 128 128 128 128 128 128 128 128 128
num evicts: 4100000, p: 122716, s: 829879 	 max proactive lookup: 16, max shadow lookup: 16
	evict counters: 128 128 128 128 128 128 128 128 128 128 128 128 128 128 128 128
	eager counters: 128 128 128 128 128 128 128 128 128 128 128 128 128 128 128 128
num evicts: 4200000, p: 125285, s: 854641 	 max proactive lookup: 16, max shadow lookup: 16
	evict counters: 128 128 128 128 128 128 128 128 128 128 128 128 128 128 128 128
	eager counters: 128 128 128 128 128 128 128 128 128 128 128 128 128 128 128 128
num evicts: 4300000, p: 127954, s: 879871 	 max proactive lookup: 16, max shadow lookup: 16
	evict counters: 128 128 128 128 128 128 128 128 128 128 128 128 128 128 128 128
	eager counters: 128 128 128 128 128 128 128 128 128 128 128 128 128 128 128 128
num evicts: 4400000, p: 130471, s: 905057 	 max proactive lookup: 16, max shadow lookup: 16
	evict counters: 128 128 128 128 128 128 128 128 128 128 128 128 128 128 128 128
	eager counters: 128 128 128 128 128 128 128 128 128 128 128 128 128 128 128 128
num evicts: 4500000, p: 133048, s: 930056 	 max proactive lookup: 16, max shadow lookup: 16
	evict counters: 128 128 128 128 128 128 128 128 128 128 128 128 128 128 128 128
	eager counters: 128 128 128 128 128 128 128 128 128 128 128 128 128 128 128 128
num evicts: 4600000, p: 135719, s: 955413 	 max proactive lookup: 16, max shadow lookup: 16
	evict counters: 128 128 128 128 128 128 128 128 128 128 128 128 128 128 128 128
	eager counters: 128 128 128 128 128 128 128 128 128 128 128 128 128 128 128 128
num evicts: 4700000, p: 138286, s: 980794 	 max proactive lookup: 16, max shadow lookup: 16
	evict counters: 128 128 128 128 128 128 128 128 128 128 128 128 128 128 128 128
	eager counters: 128 128 128 128 128 128 128 128 128 128 128 128 128 128 128 128
num evicts: 4800000, p: 141038, s: 1006267 	 max proactive lookup: 16, max shadow lookup: 16
	evict counters: 128 128 128 128 128 128 128 128 128 128 128 128 128 128 128 128
	eager counters: 128 128 128 128 128 128 128 128 128 128 128 128 128 128 128 128
num evicts: 4900000, p: 143769, s: 1031514 	 max proactive lookup: 16, max shadow lookup: 16
	evict counters: 128 128 128 128 128 128 128 128 128 128 128 128 128 128 128 128
	eager counters: 128 128 128 128 128 128 128 128 128 128 128 128 128 128 128 128
num evicts: 5000000, p: 146469, s: 1056807 	 max proactive lookup: 16, max shadow lookup: 16
	evict counters: 128 128 128 128 128 128 128 128 128 128 128 128 128 128 128 128
	eager counters: 128 128 128 128 128 128 128 128 128 128 128 128 128 128 128 128
num evicts: 5100000, p: 149221, s: 1082283 	 max proactive lookup: 16, max shadow lookup: 16
	evict counters: 128 128 128 128 128 128 128 128 128 128 128 128 128 128 128 128
	eager counters: 128 128 128 128 128 128 128 128 128 128 128 128 128 128 128 128
num evicts: 5200000, p: 151967, s: 1107576 	 max proactive lookup: 16, max shadow lookup: 16
	evict counters: 128 128 128 128 128 128 128 128 128 128 128 128 128 128 128 128
	eager counters: 128 128 128 128 128 128 128 128 128 128 128 128 128 128 128 128
num evicts: 5300000, p: 154732, s: 1132505 	 max proactive lookup: 16, max shadow lookup: 16
	evict counters: 128 128 128 128 128 128 128 128 128 128 128 128 128 128 128 128
	eager counters: 128 128 128 128 128 128 128 128 128 128 128 128 128 128 128 128
num evicts: 5400000, p: 157232, s: 1157462 	 max proactive lookup: 16, max shadow lookup: 16
	evict counters: 128 128 128 128 128 128 128 128 128 128 128 128 128 128 128 128
	eager counters: 128 128 128 128 128 128 128 128 128 128 128 128 128 128 128 128
num evicts: 5500000, p: 159897, s: 1182540 	 max proactive lookup: 16, max shadow lookup: 16
	evict counters: 128 128 128 128 128 128 128 128 128 128 128 128 128 128 128 128
	eager counters: 128 128 128 128 128 128 128 128 128 128 128 128 128 128 128 128
num evicts: 5600000, p: 162546, s: 1207281 	 max proactive lookup: 16, max shadow lookup: 16
	evict counters: 128 128 128 128 128 128 128 128 128 128 128 128 128 128 128 128
	eager counters: 128 128 128 128 128 128 128 128 128 128 128 128 128 128 128 128
num evicts: 5700000, p: 165102, s: 1232391 	 max proactive lookup: 16, max shadow lookup: 16
	evict counters: 128 128 128 128 128 128 128 128 128 128 128 128 128 128 128 128
	eager counters: 128 128 128 128 128 128 128 128 128 128 128 128 128 128 128 128
num evicts: 5800000, p: 167741, s: 1258448 	 max proactive lookup: 16, max shadow lookup: 16
	evict counters: 128 128 128 128 128 128 128 128 128 128 128 128 128 128 128 128
	eager counters: 128 128 128 128 128 128 128 128 128 128 128 128 128 128 128 128
num evicts: 5900000, p: 170317, s: 1283803 	 max proactive lookup: 16, max shadow lookup: 16
	evict counters: 128 128 128 128 128 128 128 128 128 128 128 128 128 128 128 128
	eager counters: 128 128 128 128 128 128 128 128 128 128 128 128 128 128 128 128
num evicts: 6000000, p: 172671, s: 1308436 	 max proactive lookup: 16, max shadow lookup: 16
	evict counters: 128 128 128 128 128 128 128 128 128 128 128 128 128 128 128 128
	eager counters: 128 128 128 128 128 128 128 128 128 128 128 128 128 128 128 128
num evicts: 6100000, p: 174956, s: 1332788 	 max proactive lookup: 16, max shadow lookup: 16
	evict counters: 128 128 128 128 128 128 128 128 128 128 128 128 128 128 128 128
	eager counters: 128 128 128 128 128 128 128 128 128 128 128 128 128 128 128 128
num evicts: 6200000, p: 177282, s: 1357592 	 max proactive lookup: 16, max shadow lookup: 16
	evict counters: 128 128 128 128 128 128 128 128 128 128 128 128 128 128 128 128
	eager counters: 128 128 128 128 128 128 128 128 128 128 128 128 128 128 128 128
num evicts: 6300000, p: 179790, s: 1382840 	 max proactive lookup: 16, max shadow lookup: 16
	evict counters: 128 128 128 128 128 128 128 128 128 128 128 128 128 128 128 128
	eager counters: 128 128 128 128 128 128 128 128 128 128 128 128 128 128 128 128
Heartbeat CPU 0 instructions: 20000003 cycles: 9575925 heartbeat IPC: 1.99 cumulative IPC: 2.089 (Simulation time: 00 hr 21 min 50 sec)
Heartbeat CPU 3 instructions: 20000003 cycles: 9618168 heartbeat IPC: 1.98 cumulative IPC: 2.079 (Simulation time: 00 hr 21 min 56 sec)
Heartbeat CPU 1 instructions: 20000003 cycles: 9667150 heartbeat IPC: 1.977 cumulative IPC: 2.069 (Simulation time: 00 hr 22 min 03 sec)
Heartbeat CPU 4 instructions: 20000003 cycles: 9684402 heartbeat IPC: 1.974 cumulative IPC: 2.065 (Simulation time: 00 hr 22 min 05 sec)
num evicts: 6400000, p: 182291, s: 1408586 	 max proactive lookup: 16, max shadow lookup: 16
	evict counters: 128 128 128 128 128 128 128 128 128 128 128 128 128 128 128 128
	eager counters: 128 128 128 128 128 128 128 128 128 128 128 128 128 128 128 128
Heartbeat CPU 2 instructions: 20000003 cycles: 9704576 heartbeat IPC: 1.975 cumulative IPC: 2.061 (Simulation time: 00 hr 22 min 08 sec)
Heartbeat CPU 5 instructions: 20000008 cycles: 9707868 heartbeat IPC: 1.975 cumulative IPC: 2.06 (Simulation time: 00 hr 22 min 09 sec)
Heartbeat CPU 6 instructions: 20000003 cycles: 9722051 heartbeat IPC: 1.974 cumulative IPC: 2.057 (Simulation time: 00 hr 22 min 10 sec)
Heartbeat CPU 7 instructions: 20000003 cycles: 9729164 heartbeat IPC: 1.972 cumulative IPC: 2.056 (Simulation time: 00 hr 22 min 11 sec)
num evicts: 6500000, p: 184884, s: 1434154 	 max proactive lookup: 16, max shadow lookup: 16
	evict counters: 128 128 128 128 128 128 128 128 128 128 128 128 128 128 128 128
	eager counters: 128 128 128 128 128 128 128 128 128 128 128 128 128 128 128 128
num evicts: 6600000, p: 187505, s: 1459729 	 max proactive lookup: 16, max shadow lookup: 16
	evict counters: 128 128 128 128 128 128 128 128 128 128 128 128 128 128 128 128
	eager counters: 128 128 128 128 128 128 128 128 128 128 128 128 128 128 128 128
num evicts: 6700000, p: 190079, s: 1484255 	 max proactive lookup: 16, max shadow lookup: 16
	evict counters: 128 128 128 128 128 128 128 128 128 128 128 128 128 128 128 128
	eager counters: 128 128 128 128 128 128 128 128 128 128 128 128 128 128 128 128
num evicts: 6800000, p: 192569, s: 1510197 	 max proactive lookup: 16, max shadow lookup: 16
	evict counters: 128 128 128 128 128 128 128 128 128 128 128 128 128 128 128 128
	eager counters: 128 128 128 128 128 128 128 128 128 128 128 128 128 128 128 128
num evicts: 6900000, p: 195378, s: 1535794 	 max proactive lookup: 16, max shadow lookup: 16
	evict counters: 128 128 128 128 128 128 128 128 128 128 128 128 128 128 128 128
	eager counters: 128 128 128 128 128 128 128 128 128 128 128 128 128 128 128 128
num evicts: 7000000, p: 197955, s: 1561615 	 max proactive lookup: 16, max shadow lookup: 16
	evict counters: 128 128 128 128 128 128 128 128 128 128 128 128 128 128 128 128
	eager counters: 128 128 128 128 128 128 128 128 128 128 128 128 128 128 128 128
num evicts: 7100000, p: 200322, s: 1586863 	 max proactive lookup: 16, max shadow lookup: 16
	evict counters: 128 128 128 128 128 128 128 128 128 128 128 128 128 128 128 128
	eager counters: 128 128 128 128 128 128 128 128 128 128 128 128 128 128 128 128
num evicts: 7200000, p: 202773, s: 1613235 	 max proactive lookup: 16, max shadow lookup: 16
	evict counters: 128 128 128 128 128 128 128 128 128 128 128 128 128 128 128 128
	eager counters: 128 128 128 128 128 128 128 128 128 128 128 128 128 128 128 128
num evicts: 7300000, p: 205471, s: 1639938 	 max proactive lookup: 16, max shadow lookup: 16
	evict counters: 128 128 128 128 128 128 128 128 128 128 128 128 128 128 128 128
	eager counters: 128 128 128 128 128 128 128 128 128 128 128 128 128 128 128 128
num evicts: 7400000, p: 208014, s: 1666342 	 max proactive lookup: 16, max shadow lookup: 16
	evict counters: 128 128 128 128 128 128 128 128 128 128 128 128 128 128 128 128
	eager counters: 128 128 128 128 128 128 128 128 128 128 128 128 128 128 128 128
num evicts: 7500000, p: 210567, s: 1693067 	 max proactive lookup: 16, max shadow lookup: 16
	evict counters: 128 128 128 128 128 128 128 128 128 128 128 128 128 128 128 128
	eager counters: 128 128 128 128 128 128 128 128 128 128 128 128 128 128 128 128
num evicts: 7600000, p: 212728, s: 1717512 	 max proactive lookup: 16, max shadow lookup: 16
	evict counters: 128 128 128 128 128 128 128 128 128 128 128 128 128 128 128 128
	eager counters: 128 128 128 128 128 128 128 128 128 128 128 128 128 128 128 128
Warmup finished CPU 0 instructions: 25000000 cycles: 11414358 cumulative IPC: 2.19 (Simulation time: 00 hr 26 min 12 sec)
Warmup finished CPU 1 instructions: 25000003 cycles: 11515246 cumulative IPC: 2.171 (Simulation time: 00 hr 26 min 26 sec)
Warmup finished CPU 3 instructions: 25000003 cycles: 11554654 cumulative IPC: 2.164 (Simulation time: 00 hr 26 min 32 sec)
Warmup finished CPU 2 instructions: 25000002 cycles: 11574900 cumulative IPC: 2.16 (Simulation time: 00 hr 26 min 35 sec)
num evicts: 7700000, p: 214744, s: 1742810 	 max proactive lookup: 16, max shadow lookup: 16
	evict counters: 128 128 128 128 128 128 128 128 128 128 128 128 128 128 128 128
	eager counters: 128 128 128 128 128 128 128 128 128 128 128 128 128 128 128 128
Warmup finished CPU 4 instructions: 25000000 cycles: 11599535 cumulative IPC: 2.155 (Simulation time: 00 hr 26 min 39 sec)
Warmup finished CPU 5 instructions: 25000002 cycles: 11620537 cumulative IPC: 2.151 (Simulation time: 00 hr 26 min 42 sec)
Warmup finished CPU 6 instructions: 25000002 cycles: 11636106 cumulative IPC: 2.148 (Simulation time: 00 hr 26 min 44 sec)
Warmup finished CPU 7 instructions: 25000000 cycles: 11647611 cumulative IPC: 2.146 (Simulation time: 00 hr 26 min 46 sec)
Warmup complete CPU 7 instructions: 25000000 cycles: 11647611 cumulative IPC: 2.146 (Simulation time: 00 hr 26 min 46 sec)
Warmup complete CPU 6 instructions: 25032016 cycles: 11647611 cumulative IPC: 2.149 (Simulation time: 00 hr 26 min 46 sec)
Warmup complete CPU 5 instructions: 25065266 cycles: 11647611 cumulative IPC: 2.152 (Simulation time: 00 hr 26 min 46 sec)
Warmup complete CPU 4 instructions: 25112592 cycles: 11647611 cumulative IPC: 2.156 (Simulation time: 00 hr 26 min 46 sec)
Warmup complete CPU 3 instructions: 25231857 cycles: 11647611 cumulative IPC: 2.166 (Simulation time: 00 hr 26 min 46 sec)
Warmup complete CPU 2 instructions: 25177138 cycles: 11647611 cumulative IPC: 2.162 (Simulation time: 00 hr 26 min 46 sec)
Warmup complete CPU 1 instructions: 25471101 cycles: 11647611 cumulative IPC: 2.187 (Simulation time: 00 hr 26 min 46 sec)
Warmup complete CPU 0 instructions: 25923887 cycles: 11647611 cumulative IPC: 2.226 (Simulation time: 00 hr 26 min 46 sec)
num evicts: 7800000, p: 217494, s: 1772369 	 max proactive lookup: 16, max shadow lookup: 16
	evict counters: 128 128 128 128 128 128 128 128 128 128 128 128 128 128 128 128
	eager counters: 128 128 128 128 128 128 128 128 128 128 128 128 128 128 128 128
num evicts: 7900000, p: 220189, s: 1800478 	 max proactive lookup: 16, max shadow lookup: 16
	evict counters: 128 128 128 128 128 128 128 128 128 128 128 128 128 128 128 128
	eager counters: 128 128 128 128 128 128 128 128 128 128 128 128 128 128 128 128
num evicts: 8000000, p: 222438, s: 1828131 	 max proactive lookup: 16, max shadow lookup: 16
	evict counters: 128 128 128 128 128 128 128 128 128 128 128 128 128 128 128 128
	eager counters: 128 128 128 128 128 128 128 128 128 128 128 128 128 128 128 128
num evicts: 8100000, p: 224562, s: 1856219 	 max proactive lookup: 16, max shadow lookup: 16
	evict counters: 128 128 128 128 128 128 128 128 128 128 128 128 128 128 128 128
	eager counters: 128 128 128 128 128 128 128 128 128 128 128 128 128 128 128 128
num evicts: 8200000, p: 226578, s: 1883757 	 max proactive lookup: 16, max shadow lookup: 16
	evict counters: 128 128 128 128 128 128 128 128 128 128 128 128 128 128 128 128
	eager counters: 128 128 128 128 128 128 128 128 128 128 128 128 128 128 128 128
num evicts: 8300000, p: 228484, s: 1910807 	 max proactive lookup: 16, max shadow lookup: 16
	evict counters: 128 128 128 128 128 128 128 128 128 128 128 128 128 128 128 128
	eager counters: 128 128 128 128 128 128 128 128 128 128 128 128 128 128 128 128
num evicts: 8400000, p: 230486, s: 1938012 	 max proactive lookup: 16, max shadow lookup: 16
	evict counters: 128 128 128 128 128 128 128 128 128 128 128 128 128 128 128 128
	eager counters: 128 128 128 128 128 128 128 128 128 128 128 128 128 128 128 128
num evicts: 8500000, p: 232466, s: 1964851 	 max proactive lookup: 16, max shadow lookup: 16
	evict counters: 128 128 128 128 128 128 128 128 128 128 128 128 128 128 128 128
	eager counters: 128 128 128 128 128 128 128 128 128 128 128 128 128 128 128 128
num evicts: 8600000, p: 234366, s: 1991146 	 max proactive lookup: 16, max shadow lookup: 16
	evict counters: 128 128 128 128 128 128 128 128 128 128 128 128 128 128 128 128
	eager counters: 128 128 128 128 128 128 128 128 128 128 128 128 128 128 128 128
num evicts: 8700000, p: 236220, s: 2016760 	 max proactive lookup: 16, max shadow lookup: 16
	evict counters: 128 128 128 128 128 128 128 128 128 128 128 128 128 128 128 128
	eager counters: 128 128 128 128 128 128 128 128 128 128 128 128 128 128 128 128
num evicts: 8800000, p: 238020, s: 2042743 	 max proactive lookup: 16, max shadow lookup: 16
	evict counters: 128 128 128 128 128 128 128 128 128 128 128 128 128 128 128 128
	eager counters: 128 128 128 128 128 128 128 128 128 128 128 128 128 128 128 128
num evicts: 8900000, p: 239631, s: 2067340 	 max proactive lookup: 16, max shadow lookup: 16
	evict counters: 128 128 128 128 128 128 128 128 128 128 128 128 128 128 128 128
	eager counters: 128 128 128 128 128 128 128 128 128 128 128 128 128 128 128 128
Heartbeat CPU 0 instructions: 30000007 cycles: 25923951 heartbeat IPC: 0.6117 cumulative IPC: 0.2855 (Simulation time: 00 hr 42 min 15 sec)
num evicts: 9000000, p: 241270, s: 2091293 	 max proactive lookup: 16, max shadow lookup: 16
	evict counters: 128 128 128 128 128 128 128 128 128 128 128 128 128 128 128 128
	eager counters: 128 128 128 128 128 128 128 128 128 128 128 128 128 128 128 128
Heartbeat CPU 1 instructions: 30000007 cycles: 27652110 heartbeat IPC: 0.556 cumulative IPC: 0.283 (Simulation time: 00 hr 44 min 08 sec)
num evicts: 9100000, p: 242941, s: 2115876 	 max proactive lookup: 16, max shadow lookup: 16
	evict counters: 128 128 128 128 128 128 128 128 128 128 128 128 128 128 128 128
	eager counters: 128 128 128 128 128 128 128 128 128 128 128 128 128 128 128 128
Heartbeat CPU 3 instructions: 30000007 cycles: 28570048 heartbeat IPC: 0.5277 cumulative IPC: 0.2818 (Simulation time: 00 hr 45 min 08 sec)
Heartbeat CPU 2 instructions: 30000007 cycles: 28793960 heartbeat IPC: 0.5239 cumulative IPC: 0.2813 (Simulation time: 00 hr 45 min 22 sec)
Heartbeat CPU 4 instructions: 30000007 cycles: 29084440 heartbeat IPC: 0.5155 cumulative IPC: 0.2803 (Simulation time: 00 hr 45 min 41 sec)
num evicts: 9200000, p: 244519, s: 2140938 	 max proactive lookup: 16, max shadow lookup: 16
	evict counters: 128 128 128 128 128 128 128 128 128 128 128 128 128 128 128 128
	eager counters: 128 128 128 128 128 128 128 128 128 128 128 128 128 128 128 128
Heartbeat CPU 5 instructions: 30000012 cycles: 29242526 heartbeat IPC: 0.5119 cumulative IPC: 0.2805 (Simulation time: 00 hr 45 min 52 sec)
Heartbeat CPU 6 instructions: 30000007 cycles: 29344046 heartbeat IPC: 0.5096 cumulative IPC: 0.2807 (Simulation time: 00 hr 45 min 58 sec)
Heartbeat CPU 7 instructions: 30000007 cycles: 29370206 heartbeat IPC: 0.5091 cumulative IPC: 0.2821 (Simulation time: 00 hr 46 min 00 sec)
num evicts: 9300000, p: 245982, s: 2164891 	 max proactive lookup: 16, max shadow lookup: 16
	evict counters: 128 128 128 128 128 128 128 128 128 128 128 128 128 128 128 128
	eager counters: 128 128 128 128 128 128 128 128 128 128 128 128 128 128 128 128
num evicts: 9400000, p: 247492, s: 2188813 	 max proactive lookup: 16, max shadow lookup: 16
	evict counters: 128 128 128 128 128 128 128 128 128 128 128 128 128 128 128 128
	eager counters: 128 128 128 128 128 128 128 128 128 128 128 128 128 128 128 128
num evicts: 9500000, p: 248999, s: 2212676 	 max proactive lookup: 16, max shadow lookup: 16
	evict counters: 128 128 128 128 128 128 128 128 128 128 128 128 128 128 128 128
	eager counters: 128 128 128 128 128 128 128 128 128 128 128 128 128 128 128 128
num evicts: 9600000, p: 250698, s: 2236236 	 max proactive lookup: 16, max shadow lookup: 16
	evict counters: 128 128 128 128 128 128 128 128 128 128 128 128 128 128 128 128
	eager counters: 128 128 128 128 128 128 128 128 128 128 128 128 128 128 128 128
num evicts: 9700000, p: 252500, s: 2260400 	 max proactive lookup: 16, max shadow lookup: 16
	evict counters: 128 128 128 128 128 128 128 128 128 128 128 128 128 128 128 128
	eager counters: 128 128 128 128 128 128 128 128 128 128 128 128 128 128 128 128
num evicts: 9800000, p: 253998, s: 2283271 	 max proactive lookup: 16, max shadow lookup: 16
	evict counters: 128 128 128 128 128 128 128 128 128 128 128 128 128 128 128 128
	eager counters: 128 128 128 128 128 128 128 128 128 128 128 128 128 128 128 128
num evicts: 9900000, p: 255233, s: 2302611 	 max proactive lookup: 16, max shadow lookup: 16
	evict counters: 128 128 128 128 128 128 128 128 128 128 128 128 128 128 128 128
	eager counters: 128 128 128 128 128 128 128 128 128 128 128 128 128 128 128 128
num evicts: 10000000, p: 256585, s: 2321550 	 max proactive lookup: 16, max shadow lookup: 16
	evict counters: 128 128 128 128 128 128 128 128 128 128 128 128 128 128 128 128
	eager counters: 128 128 128 128 128 128 128 128 128 128 128 128 128 128 128 128
num evicts: 10100000, p: 257226, s: 2333451 	 max proactive lookup: 16, max shadow lookup: 16
	evict counters: 128 128 128 128 128 128 128 128 128 128 128 128 128 128 128 128
	eager counters: 128 128 128 128 128 128 128 128 128 128 128 128 128 128 128 128
num evicts: 10200000, p: 258097, s: 2345276 	 max proactive lookup: 16, max shadow lookup: 16
	evict counters: 128 128 128 128 128 128 128 128 128 128 128 128 128 128 128 128
	eager counters: 128 128 128 128 128 128 128 128 128 128 128 128 128 128 128 128
num evicts: 10300000, p: 261094, s: 2361156 	 max proactive lookup: 16, max shadow lookup: 16
	evict counters: 128 128 128 128 128 128 128 128 128 128 128 128 128 128 128 128
	eager counters: 128 128 128 128 128 128 128 128 128 128 128 128 128 128 128 128
Heartbeat CPU 0 instructions: 40000008 cycles: 50565389 heartbeat IPC: 0.4058 cumulative IPC: 0.3617 (Simulation time: 01 hr 08 min 59 sec)
num evicts: 10400000, p: 264163, s: 2383679 	 max proactive lookup: 16, max shadow lookup: 16
	evict counters: 128 128 128 128 128 128 128 128 128 128 128 128 128 128 128 128
	eager counters: 128 128 128 128 128 128 128 128 128 128 128 128 128 128 128 128
Heartbeat CPU 1 instructions: 40000008 cycles: 52253951 heartbeat IPC: 0.4065 cumulative IPC: 0.3578 (Simulation time: 01 hr 10 min 44 sec)
num evicts: 10500000, p: 266010, s: 2412985 	 max proactive lookup: 16, max shadow lookup: 16
	evict counters: 128 128 128 128 128 128 128 128 128 128 128 128 128 128 128 128
	eager counters: 128 128 128 128 128 128 128 128 128 128 128 128 128 128 128 128
Heartbeat CPU 3 instructions: 40000008 cycles: 53474643 heartbeat IPC: 0.4015 cumulative IPC: 0.3531 (Simulation time: 01 hr 11 min 57 sec)
Heartbeat CPU 2 instructions: 40000008 cycles: 53954397 heartbeat IPC: 0.3974 cumulative IPC: 0.3504 (Simulation time: 01 hr 12 min 25 sec)
num evicts: 10600000, p: 268123, s: 2446461 	 max proactive lookup: 16, max shadow lookup: 16
	evict counters: 128 128 128 128 128 128 128 128 128 128 128 128 128 128 128 128
	eager counters: 128 128 128 128 128 128 128 128 128 128 128 128 128 128 128 128
Heartbeat CPU 4 instructions: 40000008 cycles: 54456349 heartbeat IPC: 0.3941 cumulative IPC: 0.3478 (Simulation time: 01 hr 12 min 54 sec)
Heartbeat CPU 5 instructions: 40000013 cycles: 54808132 heartbeat IPC: 0.3912 cumulative IPC: 0.346 (Simulation time: 01 hr 13 min 14 sec)
Heartbeat CPU 6 instructions: 40000008 cycles: 55030302 heartbeat IPC: 0.3893 cumulative IPC: 0.345 (Simulation time: 01 hr 13 min 27 sec)
num evicts: 10700000, p: 270488, s: 2480511 	 max proactive lookup: 16, max shadow lookup: 16
	evict counters: 128 128 128 128 128 128 128 128 128 128 128 128 128 128 128 128
	eager counters: 128 128 128 128 128 128 128 128 128 128 128 128 128 128 128 128
Heartbeat CPU 7 instructions: 40000008 cycles: 55048245 heartbeat IPC: 0.3894 cumulative IPC: 0.3456 (Simulation time: 01 hr 13 min 28 sec)
num evicts: 10800000, p: 272927, s: 2520862 	 max proactive lookup: 16, max shadow lookup: 16
	evict counters: 128 128 128 128 128 128 128 128 128 128 128 128 128 128 128 128
	eager counters: 128 128 128 128 128 128 128 128 128 128 128 128 128 128 128 128
num evicts: 10900000, p: 275168, s: 2562746 	 max proactive lookup: 16, max shadow lookup: 16
	evict counters: 128 128 128 128 128 128 128 128 128 128 128 128 128 128 128 128
	eager counters: 128 128 128 128 128 128 128 128 128 128 128 128 128 128 128 128
num evicts: 11000000, p: 277333, s: 2603538 	 max proactive lookup: 16, max shadow lookup: 16
	evict counters: 128 128 128 128 128 128 128 128 128 128 128 128 128 128 128 128
	eager counters: 128 128 128 128 128 128 128 128 128 128 128 128 128 128 128 128
num evicts: 11100000, p: 279496, s: 2644397 	 max proactive lookup: 16, max shadow lookup: 16
	evict counters: 128 128 128 128 128 128 128 128 128 128 128 128 128 128 128 128
	eager counters: 128 128 128 128 128 128 128 128 128 128 128 128 128 128 128 128
num evicts: 11200000, p: 281884, s: 2684878 	 max proactive lookup: 16, max shadow lookup: 16
	evict counters: 128 128 128 128 128 128 128 128 128 128 128 128 128 128 128 128
	eager counters: 128 128 128 128 128 128 128 128 128 128 128 128 128 128 128 128
num evicts: 11300000, p: 284421, s: 2725282 	 max proactive lookup: 16, max shadow lookup: 16
	evict counters: 128 128 128 128 128 128 128 128 128 128 128 128 128 128 128 128
	eager counters: 128 128 128 128 128 128 128 128 128 128 128 128 128 128 128 128
num evicts: 11400000, p: 286888, s: 2765664 	 max proactive lookup: 16, max shadow lookup: 16
	evict counters: 128 128 128 128 128 128 128 128 128 128 128 128 128 128 128 128
	eager counters: 128 128 128 128 128 128 128 128 128 128 128 128 128 128 128 128
num evicts: 11500000, p: 289369, s: 2805884 	 max proactive lookup: 16, max shadow lookup: 16
	evict counters: 128 128 128 128 128 128 128 128 128 128 128 128 128 128 128 128
	eager counters: 128 128 128 128 128 128 128 128 128 128 128 128 128 128 128 128
num evicts: 11600000, p: 291850, s: 2846581 	 max proactive lookup: 16, max shadow lookup: 16
	evict counters: 128 128 128 128 128 128 128 128 128 128 128 128 128 128 128 128
	eager counters: 128 128 128 128 128 128 128 128 128 128 128 128 128 128 128 128
num evicts: 11700000, p: 294219, s: 2886839 	 max proactive lookup: 16, max shadow lookup: 16
	evict counters: 128 128 128 128 128 128 128 128 128 128 128 128 128 128 128 128
	eager counters: 128 128 128 128 128 128 128 128 128 128 128 128 128 128 128 128
num evicts: 11800000, p: 296665, s: 2927382 	 max proactive lookup: 16, max shadow lookup: 16
	evict counters: 128 128 128 128 128 128 128 128 128 128 128 128 128 128 128 128
	eager counters: 128 128 128 128 128 128 128 128 128 128 128 128 128 128 128 128
num evicts: 11900000, p: 299104, s: 2967919 	 max proactive lookup: 16, max shadow lookup: 16
	evict counters: 128 128 128 128 128 128 128 128 128 128 128 128 128 128 128 128
	eager counters: 128 128 128 128 128 128 128 128 128 128 128 128 128 128 128 128
num evicts: 12000000, p: 301561, s: 3008639 	 max proactive lookup: 16, max shadow lookup: 16
	evict counters: 128 128 128 128 128 128 128 128 128 128 128 128 128 128 128 128
	eager counters: 128 128 128 128 128 128 128 128 128 128 128 128 128 128 128 128
num evicts: 12100000, p: 304028, s: 3048962 	 max proactive lookup: 16, max shadow lookup: 16
	evict counters: 128 128 128 128 128 128 128 128 128 128 128 128 128 128 128 128
	eager counters: 128 128 128 128 128 128 128 128 128 128 128 128 128 128 128 128
num evicts: 12200000, p: 306516, s: 3089240 	 max proactive lookup: 16, max shadow lookup: 16
	evict counters: 128 128 128 128 128 128 128 128 128 128 128 128 128 128 128 128
	eager counters: 128 128 128 128 128 128 128 128 128 128 128 128 128 128 128 128
num evicts: 12300000, p: 309037, s: 3129434 	 max proactive lookup: 16, max shadow lookup: 16
	evict counters: 128 128 128 128 128 128 128 128 128 128 128 128 128 128 128 128
	eager counters: 128 128 128 128 128 128 128 128 128 128 128 128 128 128 128 128
num evicts: 12400000, p: 311479, s: 3169068 	 max proactive lookup: 16, max shadow lookup: 16
	evict counters: 128 128 128 128 128 128 128 128 128 128 128 128 128 128 128 128
	eager counters: 128 128 128 128 128 128 128 128 128 128 128 128 128 128 128 128
num evicts: 12500000, p: 313896, s: 3208699 	 max proactive lookup: 16, max shadow lookup: 16
	evict counters: 128 128 128 128 128 128 128 128 128 128 128 128 128 128 128 128
	eager counters: 128 128 128 128 128 128 128 128 128 128 128 128 128 128 128 128
num evicts: 12600000, p: 316250, s: 3247954 	 max proactive lookup: 16, max shadow lookup: 16
	evict counters: 128 128 128 128 128 128 128 128 128 128 128 128 128 128 128 128
	eager counters: 128 128 128 128 128 128 128 128 128 128 128 128 128 128 128 128
num evicts: 12700000, p: 318572, s: 3287162 	 max proactive lookup: 16, max shadow lookup: 16
	evict counters: 128 128 128 128 128 128 128 128 128 128 128 128 128 128 128 128
	eager counters: 128 128 128 128 128 128 128 128 128 128 128 128 128 128 128 128
num evicts: 12800000, p: 320948, s: 3326365 	 max proactive lookup: 16, max shadow lookup: 16
	evict counters: 128 128 128 128 128 128 128 128 128 128 128 128 128 128 128 128
	eager counters: 128 128 128 128 128 128 128 128 128 128 128 128 128 128 128 128
num evicts: 12900000, p: 323207, s: 3365610 	 max proactive lookup: 16, max shadow lookup: 16
	evict counters: 128 128 128 128 128 128 128 128 128 128 128 128 128 128 128 128
	eager counters: 128 128 128 128 128 128 128 128 128 128 128 128 128 128 128 128
num evicts: 13000000, p: 325411, s: 3404354 	 max proactive lookup: 16, max shadow lookup: 16
	evict counters: 128 128 128 128 128 128 128 128 128 128 128 128 128 128 128 128
	eager counters: 128 128 128 128 128 128 128 128 128 128 128 128 128 128 128 128
num evicts: 13100000, p: 327640, s: 3442093 	 max proactive lookup: 16, max shadow lookup: 16
	evict counters: 128 128 128 128 128 128 128 128 128 128 128 128 128 128 128 128
	eager counters: 128 128 128 128 128 128 128 128 128 128 128 128 128 128 128 128
num evicts: 13200000, p: 329934, s: 3479784 	 max proactive lookup: 16, max shadow lookup: 16
	evict counters: 128 128 128 128 128 128 128 128 128 128 128 128 128 128 128 128
	eager counters: 128 128 128 128 128 128 128 128 128 128 128 128 128 128 128 128
num evicts: 13300000, p: 332022, s: 3516578 	 max proactive lookup: 16, max shadow lookup: 16
	evict counters: 128 128 128 128 128 128 128 128 128 128 128 128 128 128 128 128
	eager counters: 128 128 128 128 128 128 128 128 128 128 128 128 128 128 128 128
num evicts: 13400000, p: 333945, s: 3549618 	 max proactive lookup: 16, max shadow lookup: 16
	evict counters: 128 128 128 128 128 128 128 128 128 128 128 128 128 128 128 128
	eager counters: 128 128 128 128 128 128 128 128 128 128 128 128 128 128 128 128
num evicts: 13500000, p: 335584, s: 3578903 	 max proactive lookup: 16, max shadow lookup: 16
	evict counters: 128 128 128 128 128 128 128 128 128 128 128 128 128 128 128 128
	eager counters: 128 128 128 128 128 128 128 128 128 128 128 128 128 128 128 128
num evicts: 13600000, p: 336867, s: 3605659 	 max proactive lookup: 16, max shadow lookup: 16
	evict counters: 128 128 128 128 128 128 128 128 128 128 128 128 128 128 128 128
	eager counters: 128 128 128 128 128 128 128 128 128 128 128 128 128 128 128 128
num evicts: 13700000, p: 337879, s: 3631388 	 max proactive lookup: 16, max shadow lookup: 16
	evict counters: 128 128 128 128 128 128 128 128 128 128 128 128 128 128 128 128
	eager counters: 128 128 128 128 128 128 128 128 128 128 128 128 128 128 128 128
num evicts: 13800000, p: 338670, s: 3657333 	 max proactive lookup: 16, max shadow lookup: 16
	evict counters: 128 128 128 128 128 128 128 128 128 128 128 128 128 128 128 128
	eager counters: 128 128 128 128 128 128 128 128 128 128 128 128 128 128 128 128
num evicts: 13900000, p: 339350, s: 3684716 	 max proactive lookup: 16, max shadow lookup: 16
	evict counters: 128 128 128 128 128 128 128 128 128 128 128 128 128 128 128 128
	eager counters: 128 128 128 128 128 128 128 128 128 128 128 128 128 128 128 128
num evicts: 14000000, p: 339960, s: 3711623 	 max proactive lookup: 16, max shadow lookup: 16
	evict counters: 128 128 128 128 128 128 128 128 128 128 128 128 128 128 128 128
	eager counters: 128 128 128 128 128 128 128 128 128 128 128 128 128 128 128 128
num evicts: 14100000, p: 340470, s: 3737506 	 max proactive lookup: 16, max shadow lookup: 16
	evict counters: 128 128 128 128 128 128 128 128 128 128 128 128 128 128 128 128
	eager counters: 128 128 128 128 128 128 128 128 128 128 128 128 128 128 128 128
num evicts: 14200000, p: 341009, s: 3763772 	 max proactive lookup: 16, max shadow lookup: 16
	evict counters: 128 128 128 128 128 128 128 128 128 128 128 128 128 128 128 128
	eager counters: 128 128 128 128 128 128 128 128 128 128 128 128 128 128 128 128
num evicts: 14300000, p: 341565, s: 3789664 	 max proactive lookup: 16, max shadow lookup: 16
	evict counters: 128 128 128 128 128 128 128 128 128 128 128 128 128 128 128 128
	eager counters: 128 128 128 128 128 128 128 128 128 128 128 128 128 128 128 128
num evicts: 14400000, p: 342054, s: 3815795 	 max proactive lookup: 16, max shadow lookup: 16
	evict counters: 128 128 128 128 128 128 128 128 128 128 128 128 128 128 128 128
	eager counters: 128 128 128 128 128 128 128 128 128 128 128 128 128 128 128 128
num evicts: 14500000, p: 342661, s: 3843183 	 max proactive lookup: 16, max shadow lookup: 16
	evict counters: 128 128 128 128 128 128 128 128 128 128 128 128 128 128 128 128
	eager counters: 128 128 128 128 128 128 128 128 128 128 128 128 128 128 128 128
num evicts: 14600000, p: 343230, s: 3870281 	 max proactive lookup: 16, max shadow lookup: 16
	evict counters: 128 128 128 128 128 128 128 128 128 128 128 128 128 128 128 128
	eager counters: 128 128 128 128 128 128 128 128 128 128 128 128 128 128 128 128
num evicts: 14700000, p: 343687, s: 3896463 	 max proactive lookup: 16, max shadow lookup: 16
	evict counters: 128 128 128 128 128 128 128 128 128 128 128 128 128 128 128 128
	eager counters: 128 128 128 128 128 128 128 128 128 128 128 128 128 128 128 128
num evicts: 14800000, p: 344271, s: 3922366 	 max proactive lookup: 16, max shadow lookup: 16
	evict counters: 128 128 128 128 128 128 128 128 128 128 128 128 128 128 128 128
	eager counters: 128 128 128 128 128 128 128 128 128 128 128 128 128 128 128 128
num evicts: 14900000, p: 344797, s: 3948790 	 max proactive lookup: 16, max shadow lookup: 16
	evict counters: 128 128 128 128 128 128 128 128 128 128 128 128 128 128 128 128
	eager counters: 128 128 128 128 128 128 128 128 128 128 128 128 128 128 128 128
num evicts: 15000000, p: 345313, s: 3974881 	 max proactive lookup: 16, max shadow lookup: 16
	evict counters: 128 128 128 128 128 128 128 128 128 128 128 128 128 128 128 128
	eager counters: 128 128 128 128 128 128 128 128 128 128 128 128 128 128 128 128
num evicts: 15100000, p: 345868, s: 4002741 	 max proactive lookup: 16, max shadow lookup: 16
	evict counters: 128 128 128 128 128 128 128 128 128 128 128 128 128 128 128 128
	eager counters: 128 128 128 128 128 128 128 128 128 128 128 128 128 128 128 128
num evicts: 15200000, p: 346356, s: 4030430 	 max proactive lookup: 16, max shadow lookup: 16
	evict counters: 128 128 128 128 128 128 128 128 128 128 128 128 128 128 128 128
	eager counters: 128 128 128 128 128 128 128 128 128 128 128 128 128 128 128 128
num evicts: 15300000, p: 346852, s: 4058060 	 max proactive lookup: 16, max shadow lookup: 16
	evict counters: 128 128 128 128 128 128 128 128 128 128 128 128 128 128 128 128
	eager counters: 128 128 128 128 128 128 128 128 128 128 128 128 128 128 128 128
num evicts: 15400000, p: 347412, s: 4084246 	 max proactive lookup: 16, max shadow lookup: 16
	evict counters: 128 128 128 128 128 128 128 128 128 128 128 128 128 128 128 128
	eager counters: 128 128 128 128 128 128 128 128 128 128 128 128 128 128 128 128
num evicts: 15500000, p: 347909, s: 4109665 	 max proactive lookup: 16, max shadow lookup: 16
	evict counters: 128 128 128 128 128 128 128 128 128 128 128 128 128 128 128 128
	eager counters: 128 128 128 128 128 128 128 128 128 128 128 128 128 128 128 128
num evicts: 15600000, p: 348491, s: 4135891 	 max proactive lookup: 16, max shadow lookup: 16
	evict counters: 128 128 128 128 128 128 128 128 128 128 128 128 128 128 128 128
	eager counters: 128 128 128 128 128 128 128 128 128 128 128 128 128 128 128 128
num evicts: 15700000, p: 349069, s: 4165007 	 max proactive lookup: 16, max shadow lookup: 16
	evict counters: 128 128 128 128 128 128 128 128 128 128 128 128 128 128 128 128
	eager counters: 128 128 128 128 128 128 128 128 128 128 128 128 128 128 128 128
num evicts: 15800000, p: 349662, s: 4192726 	 max proactive lookup: 16, max shadow lookup: 16
	evict counters: 128 128 128 128 128 128 128 128 128 128 128 128 128 128 128 128
	eager counters: 128 128 128 128 128 128 128 128 128 128 128 128 128 128 128 128
num evicts: 15900000, p: 350153, s: 4217489 	 max proactive lookup: 16, max shadow lookup: 16
	evict counters: 128 128 128 128 128 128 128 128 128 128 128 128 128 128 128 128
	eager counters: 128 128 128 128 128 128 128 128 128 128 128 128 128 128 128 128
num evicts: 16000000, p: 350700, s: 4241217 	 max proactive lookup: 16, max shadow lookup: 16
	evict counters: 128 128 128 128 128 128 128 128 128 128 128 128 128 128 128 128
	eager counters: 128 128 128 128 128 128 128 128 128 128 128 128 128 128 128 128
num evicts: 16100000, p: 352360, s: 4280644 	 max proactive lookup: 16, max shadow lookup: 16
	evict counters: 128 128 128 128 128 128 128 128 128 128 128 128 128 128 128 128
	eager counters: 128 128 128 128 128 128 128 128 128 128 128 128 128 128 128 128
num evicts: 16200000, p: 354932, s: 4323007 	 max proactive lookup: 16, max shadow lookup: 16
	evict counters: 128 128 128 128 128 128 128 128 128 128 128 128 128 128 128 128
	eager counters: 128 128 128 128 128 128 128 128 128 128 128 128 128 128 128 128
num evicts: 16300000, p: 357373, s: 4354360 	 max proactive lookup: 16, max shadow lookup: 16
	evict counters: 128 128 128 128 128 128 128 128 128 128 128 128 128 128 128 128
	eager counters: 128 128 128 128 128 128 128 128 128 128 128 128 128 128 128 128
num evicts: 16400000, p: 359921, s: 4380660 	 max proactive lookup: 16, max shadow lookup: 16
	evict counters: 128 128 128 128 128 128 128 128 128 128 128 128 128 128 128 128
	eager counters: 128 128 128 128 128 128 128 128 128 128 128 128 128 128 128 128
Heartbeat CPU 0 instructions: 50000012 cycles: 117906202 heartbeat IPC: 0.1485 cumulative IPC: 0.2266 (Simulation time: 02 hr 16 min 08 sec)
Heartbeat CPU 1 instructions: 50000011 cycles: 118765034 heartbeat IPC: 0.1504 cumulative IPC: 0.229 (Simulation time: 02 hr 17 min 01 sec)
num evicts: 16500000, p: 362203, s: 4403823 	 max proactive lookup: 16, max shadow lookup: 16
	evict counters: 128 128 128 128 128 128 128 128 128 128 128 128 128 128 128 128
	eager counters: 128 128 128 128 128 128 128 128 128 128 128 128 128 128 128 128
Heartbeat CPU 3 instructions: 50000010 cycles: 119053558 heartbeat IPC: 0.1525 cumulative IPC: 0.2306 (Simulation time: 02 hr 17 min 19 sec)
Heartbeat CPU 2 instructions: 50000008 cycles: 119235484 heartbeat IPC: 0.1532 cumulative IPC: 0.2307 (Simulation time: 02 hr 17 min 31 sec)
Heartbeat CPU 4 instructions: 50000011 cycles: 119378691 heartbeat IPC: 0.154 cumulative IPC: 0.231 (Simulation time: 02 hr 17 min 40 sec)
Heartbeat CPU 7 instructions: 50000012 cycles: 119484414 heartbeat IPC: 0.1552 cumulative IPC: 0.2318 (Simulation time: 02 hr 17 min 46 sec)
Heartbeat CPU 6 instructions: 50000011 cycles: 119517093 heartbeat IPC: 0.1551 cumulative IPC: 0.2315 (Simulation time: 02 hr 17 min 48 sec)
Heartbeat CPU 5 instructions: 50000016 cycles: 119528496 heartbeat IPC: 0.1545 cumulative IPC: 0.2311 (Simulation time: 02 hr 17 min 49 sec)
num evicts: 16600000, p: 364287, s: 4424923 	 max proactive lookup: 16, max shadow lookup: 16
	evict counters: 128 128 128 128 128 128 128 128 128 128 128 128 128 128 128 128
	eager counters: 128 128 128 128 128 128 128 128 128 128 128 128 128 128 128 128
num evicts: 16700000, p: 366185, s: 4445956 	 max proactive lookup: 16, max shadow lookup: 16
	evict counters: 128 128 128 128 128 128 128 128 128 128 128 128 128 128 128 128
	eager counters: 128 128 128 128 128 128 128 128 128 128 128 128 128 128 128 128
num evicts: 16800000, p: 367999, s: 4466224 	 max proactive lookup: 16, max shadow lookup: 16
	evict counters: 128 128 128 128 128 128 128 128 128 128 128 128 128 128 128 128
	eager counters: 128 128 128 128 128 128 128 128 128 128 128 128 128 128 128 128
num evicts: 16900000, p: 369713, s: 4485951 	 max proactive lookup: 16, max shadow lookup: 16
	evict counters: 128 128 128 128 128 128 128 128 128 128 128 128 128 128 128 128
	eager counters: 128 128 128 128 128 128 128 128 128 128 128 128 128 128 128 128
num evicts: 17000000, p: 371309, s: 4504759 	 max proactive lookup: 16, max shadow lookup: 16
	evict counters: 128 128 128 128 128 128 128 128 128 128 128 128 128 128 128 128
	eager counters: 128 128 128 128 128 128 128 128 128 128 128 128 128 128 128 128
num evicts: 17100000, p: 372859, s: 4523702 	 max proactive lookup: 16, max shadow lookup: 16
	evict counters: 128 128 128 128 128 128 128 128 128 128 128 128 128 128 128 128
	eager counters: 128 128 128 128 128 128 128 128 128 128 128 128 128 128 128 128
num evicts: 17200000, p: 374429, s: 4543611 	 max proactive lookup: 16, max shadow lookup: 16
	evict counters: 128 128 128 128 128 128 128 128 128 128 128 128 128 128 128 128
	eager counters: 128 128 128 128 128 128 128 128 128 128 128 128 128 128 128 128
num evicts: 17300000, p: 376039, s: 4564182 	 max proactive lookup: 16, max shadow lookup: 16
	evict counters: 128 128 128 128 128 128 128 128 128 128 128 128 128 128 128 128
	eager counters: 128 128 128 128 128 128 128 128 128 128 128 128 128 128 128 128
num evicts: 17400000, p: 377818, s: 4586677 	 max proactive lookup: 16, max shadow lookup: 16
	evict counters: 128 128 128 128 128 128 128 128 128 128 128 128 128 128 128 128
	eager counters: 128 128 128 128 128 128 128 128 128 128 128 128 128 128 128 128
num evicts: 17500000, p: 379784, s: 4610145 	 max proactive lookup: 16, max shadow lookup: 16
	evict counters: 128 128 128 128 128 128 128 128 128 128 128 128 128 128 128 128
	eager counters: 128 128 128 128 128 128 128 128 128 128 128 128 128 128 128 128
num evicts: 17600000, p: 381839, s: 4634054 	 max proactive lookup: 16, max shadow lookup: 16
	evict counters: 128 128 128 128 128 128 128 128 128 128 128 128 128 128 128 128
	eager counters: 128 128 128 128 128 128 128 128 128 128 128 128 128 128 128 128
num evicts: 17700000, p: 384221, s: 4659018 	 max proactive lookup: 16, max shadow lookup: 16
	evict counters: 128 128 128 128 128 128 128 128 128 128 128 128 128 128 128 128
	eager counters: 128 128 128 128 128 128 128 128 128 128 128 128 128 128 128 128
num evicts: 17800000, p: 386677, s: 4683706 	 max proactive lookup: 16, max shadow lookup: 16
	evict counters: 128 128 128 128 128 128 128 128 128 128 128 128 128 128 128 128
	eager counters: 128 128 128 128 128 128 128 128 128 128 128 128 128 128 128 128
num evicts: 17900000, p: 389058, s: 4707856 	 max proactive lookup: 16, max shadow lookup: 16
	evict counters: 128 128 128 128 128 128 128 128 128 128 128 128 128 128 128 128
	eager counters: 128 128 128 128 128 128 128 128 128 128 128 128 128 128 128 128
num evicts: 18000000, p: 391454, s: 4732211 	 max proactive lookup: 16, max shadow lookup: 16
	evict counters: 128 128 128 128 128 128 128 128 128 128 128 128 128 128 128 128
	eager counters: 128 128 128 128 128 128 128 128 128 128 128 128 128 128 128 128
num evicts: 18100000, p: 393934, s: 4756443 	 max proactive lookup: 16, max shadow lookup: 16
	evict counters: 128 128 128 128 128 128 128 128 128 128 128 128 128 128 128 128
	eager counters: 128 128 128 128 128 128 128 128 128 128 128 128 128 128 128 128
num evicts: 18200000, p: 396498, s: 4781083 	 max proactive lookup: 16, max shadow lookup: 16
	evict counters: 128 128 128 128 128 128 128 128 128 128 128 128 128 128 128 128
	eager counters: 128 128 128 128 128 128 128 128 128 128 128 128 128 128 128 128
num evicts: 18300000, p: 399079, s: 4805603 	 max proactive lookup: 16, max shadow lookup: 16
	evict counters: 128 128 128 128 128 128 128 128 128 128 128 128 128 128 128 128
	eager counters: 128 128 128 128 128 128 128 128 128 128 128 128 128 128 128 128
num evicts: 18400000, p: 401599, s: 4830343 	 max proactive lookup: 16, max shadow lookup: 16
	evict counters: 128 128 128 128 128 128 128 128 128 128 128 128 128 128 128 128
	eager counters: 128 128 128 128 128 128 128 128 128 128 128 128 128 128 128 128
num evicts: 18500000, p: 404165, s: 4855458 	 max proactive lookup: 16, max shadow lookup: 16
	evict counters: 128 128 128 128 128 128 128 128 128 128 128 128 128 128 128 128
	eager counters: 128 128 128 128 128 128 128 128 128 128 128 128 128 128 128 128
num evicts: 18600000, p: 406667, s: 4879743 	 max proactive lookup: 16, max shadow lookup: 16
	evict counters: 128 128 128 128 128 128 128 128 128 128 128 128 128 128 128 128
	eager counters: 128 128 128 128 128 128 128 128 128 128 128 128 128 128 128 128
num evicts: 18700000, p: 409156, s: 4903734 	 max proactive lookup: 16, max shadow lookup: 16
	evict counters: 128 128 128 128 128 128 128 128 128 128 128 128 128 128 128 128
	eager counters: 128 128 128 128 128 128 128 128 128 128 128 128 128 128 128 128
num evicts: 18800000, p: 411896, s: 4929142 	 max proactive lookup: 16, max shadow lookup: 16
	evict counters: 128 128 128 128 128 128 128 128 128 128 128 128 128 128 128 128
	eager counters: 128 128 128 128 128 128 128 128 128 128 128 128 128 128 128 128
num evicts: 18900000, p: 414585, s: 4954251 	 max proactive lookup: 16, max shadow lookup: 16
	evict counters: 128 128 128 128 128 128 128 128 128 128 128 128 128 128 128 128
	eager counters: 128 128 128 128 128 128 128 128 128 128 128 128 128 128 128 128
num evicts: 19000000, p: 417059, s: 4978500 	 max proactive lookup: 16, max shadow lookup: 16
	evict counters: 128 128 128 128 128 128 128 128 128 128 128 128 128 128 128 128
	eager counters: 128 128 128 128 128 128 128 128 128 128 128 128 128 128 128 128
num evicts: 19100000, p: 419625, s: 5003576 	 max proactive lookup: 16, max shadow lookup: 16
	evict counters: 128 128 128 128 128 128 128 128 128 128 128 128 128 128 128 128
	eager counters: 128 128 128 128 128 128 128 128 128 128 128 128 128 128 128 128
num evicts: 19200000, p: 422135, s: 5028795 	 max proactive lookup: 16, max shadow lookup: 16
	evict counters: 128 128 128 128 128 128 128 128 128 128 128 128 128 128 128 128
	eager counters: 128 128 128 128 128 128 128 128 128 128 128 128 128 128 128 128
num evicts: 19300000, p: 424318, s: 5052800 	 max proactive lookup: 16, max shadow lookup: 16
	evict counters: 128 128 128 128 128 128 128 128 128 128 128 128 128 128 128 128
	eager counters: 128 128 128 128 128 128 128 128 128 128 128 128 128 128 128 128
num evicts: 19400000, p: 426739, s: 5076635 	 max proactive lookup: 16, max shadow lookup: 16
	evict counters: 128 128 128 128 128 128 128 128 128 128 128 128 128 128 128 128
	eager counters: 128 128 128 128 128 128 128 128 128 128 128 128 128 128 128 128
num evicts: 19500000, p: 428998, s: 5101347 	 max proactive lookup: 16, max shadow lookup: 16
	evict counters: 128 128 128 128 128 128 128 128 128 128 128 128 128 128 128 128
	eager counters: 128 128 128 128 128 128 128 128 128 128 128 128 128 128 128 128
num evicts: 19600000, p: 431452, s: 5126019 	 max proactive lookup: 16, max shadow lookup: 16
	evict counters: 128 128 128 128 128 128 128 128 128 128 128 128 128 128 128 128
	eager counters: 128 128 128 128 128 128 128 128 128 128 128 128 128 128 128 128
num evicts: 19700000, p: 433916, s: 5151340 	 max proactive lookup: 16, max shadow lookup: 16
	evict counters: 128 128 128 128 128 128 128 128 128 128 128 128 128 128 128 128
	eager counters: 128 128 128 128 128 128 128 128 128 128 128 128 128 128 128 128
num evicts: 19800000, p: 436550, s: 5177053 	 max proactive lookup: 16, max shadow lookup: 16
	evict counters: 128 128 128 128 128 128 128 128 128 128 128 128 128 128 128 128
	eager counters: 128 128 128 128 128 128 128 128 128 128 128 128 128 128 128 128
num evicts: 19900000, p: 439107, s: 5202469 	 max proactive lookup: 16, max shadow lookup: 16
	evict counters: 128 128 128 128 128 128 128 128 128 128 128 128 128 128 128 128
	eager counters: 128 128 128 128 128 128 128 128 128 128 128 128 128 128 128 128
num evicts: 20000000, p: 441698, s: 5227470 	 max proactive lookup: 16, max shadow lookup: 16
	evict counters: 128 128 128 128 128 128 128 128 128 128 128 128 128 128 128 128
	eager counters: 128 128 128 128 128 128 128 128 128 128 128 128 128 128 128 128
Heartbeat CPU 0 instructions: 60000015 cycles: 161161143 heartbeat IPC: 0.2312 cumulative IPC: 0.2279 (Simulation time: 03 hr 01 min 22 sec)
num evicts: 20100000, p: 444380, s: 5253205 	 max proactive lookup: 16, max shadow lookup: 16
	evict counters: 128 128 128 128 128 128 128 128 128 128 128 128 128 128 128 128
	eager counters: 128 128 128 128 128 128 128 128 128 128 128 128 128 128 128 128
Heartbeat CPU 1 instructions: 60000015 cycles: 162014681 heartbeat IPC: 0.2312 cumulative IPC: 0.2296 (Simulation time: 03 hr 02 min 16 sec)
Heartbeat CPU 3 instructions: 60000010 cycles: 162352788 heartbeat IPC: 0.231 cumulative IPC: 0.2307 (Simulation time: 03 hr 02 min 37 sec)
Heartbeat CPU 2 instructions: 60000010 cycles: 162517210 heartbeat IPC: 0.231 cumulative IPC: 0.2308 (Simulation time: 03 hr 02 min 48 sec)
Heartbeat CPU 4 instructions: 60000015 cycles: 162630796 heartbeat IPC: 0.2312 cumulative IPC: 0.2311 (Simulation time: 03 hr 02 min 55 sec)
Heartbeat CPU 7 instructions: 60000015 cycles: 162758673 heartbeat IPC: 0.2311 cumulative IPC: 0.2316 (Simulation time: 03 hr 03 min 03 sec)
Heartbeat CPU 6 instructions: 60000015 cycles: 162776711 heartbeat IPC: 0.2312 cumulative IPC: 0.2314 (Simulation time: 03 hr 03 min 04 sec)
Heartbeat CPU 5 instructions: 60000020 cycles: 162852010 heartbeat IPC: 0.2308 cumulative IPC: 0.231 (Simulation time: 03 hr 03 min 09 sec)
num evicts: 20200000, p: 447239, s: 5279655 	 max proactive lookup: 16, max shadow lookup: 16
	evict counters: 128 128 128 128 128 128 128 128 128 128 128 128 128 128 128 128
	eager counters: 128 128 128 128 128 128 128 128 128 128 128 128 128 128 128 128
num evicts: 20300000, p: 449994, s: 5305280 	 max proactive lookup: 16, max shadow lookup: 16
	evict counters: 128 128 128 128 128 128 128 128 128 128 128 128 128 128 128 128
	eager counters: 128 128 128 128 128 128 128 128 128 128 128 128 128 128 128 128
num evicts: 20400000, p: 452779, s: 5330664 	 max proactive lookup: 16, max shadow lookup: 16
	evict counters: 128 128 128 128 128 128 128 128 128 128 128 128 128 128 128 128
	eager counters: 128 128 128 128 128 128 128 128 128 128 128 128 128 128 128 128
num evicts: 20500000, p: 455528, s: 5355184 	 max proactive lookup: 16, max shadow lookup: 16
	evict counters: 128 128 128 128 128 128 128 128 128 128 128 128 128 128 128 128
	eager counters: 128 128 128 128 128 128 128 128 128 128 128 128 128 128 128 128
num evicts: 20600000, p: 458099, s: 5380147 	 max proactive lookup: 16, max shadow lookup: 16
	evict counters: 128 128 128 128 128 128 128 128 128 128 128 128 128 128 128 128
	eager counters: 128 128 128 128 128 128 128 128 128 128 128 128 128 128 128 128
num evicts: 20700000, p: 460656, s: 5405810 	 max proactive lookup: 16, max shadow lookup: 16
	evict counters: 128 128 128 128 128 128 128 128 128 128 128 128 128 128 128 128
	eager counters: 128 128 128 128 128 128 128 128 128 128 128 128 128 128 128 128
num evicts: 20800000, p: 463296, s: 5430889 	 max proactive lookup: 16, max shadow lookup: 16
	evict counters: 128 128 128 128 128 128 128 128 128 128 128 128 128 128 128 128
	eager counters: 128 128 128 128 128 128 128 128 128 128 128 128 128 128 128 128
num evicts: 20900000, p: 466023, s: 5455963 	 max proactive lookup: 16, max shadow lookup: 16
	evict counters: 128 128 128 128 128 128 128 128 128 128 128 128 128 128 128 128
	eager counters: 128 128 128 128 128 128 128 128 128 128 128 128 128 128 128 128
num evicts: 21000000, p: 468614, s: 5480541 	 max proactive lookup: 16, max shadow lookup: 16
	evict counters: 128 128 128 128 128 128 128 128 128 128 128 128 128 128 128 128
	eager counters: 128 128 128 128 128 128 128 128 128 128 128 128 128 128 128 128
num evicts: 21100000, p: 471247, s: 5505524 	 max proactive lookup: 16, max shadow lookup: 16
	evict counters: 128 128 128 128 128 128 128 128 128 128 128 128 128 128 128 128
	eager counters: 128 128 128 128 128 128 128 128 128 128 128 128 128 128 128 128
num evicts: 21200000, p: 474031, s: 5531000 	 max proactive lookup: 16, max shadow lookup: 16
	evict counters: 128 128 128 128 128 128 128 128 128 128 128 128 128 128 128 128
	eager counters: 128 128 128 128 128 128 128 128 128 128 128 128 128 128 128 128
num evicts: 21300000, p: 476800, s: 5555343 	 max proactive lookup: 16, max shadow lookup: 16
	evict counters: 128 128 128 128 128 128 128 128 128 128 128 128 128 128 128 128
	eager counters: 128 128 128 128 128 128 128 128 128 128 128 128 128 128 128 128
num evicts: 21400000, p: 479603, s: 5580630 	 max proactive lookup: 16, max shadow lookup: 16
	evict counters: 128 128 128 128 128 128 128 128 128 128 128 128 128 128 128 128
	eager counters: 128 128 128 128 128 128 128 128 128 128 128 128 128 128 128 128
num evicts: 21500000, p: 482389, s: 5605518 	 max proactive lookup: 16, max shadow lookup: 16
	evict counters: 128 128 128 128 128 128 128 128 128 128 128 128 128 128 128 128
	eager counters: 128 128 128 128 128 128 128 128 128 128 128 128 128 128 128 128
num evicts: 21600000, p: 485106, s: 5630888 	 max proactive lookup: 16, max shadow lookup: 16
	evict counters: 128 128 128 128 128 128 128 128 128 128 128 128 128 128 128 128
	eager counters: 128 128 128 128 128 128 128 128 128 128 128 128 128 128 128 128
num evicts: 21700000, p: 487539, s: 5654457 	 max proactive lookup: 16, max shadow lookup: 16
	evict counters: 128 128 128 128 128 128 128 128 128 128 128 128 128 128 128 128
	eager counters: 128 128 128 128 128 128 128 128 128 128 128 128 128 128 128 128
num evicts: 21800000, p: 489818, s: 5678225 	 max proactive lookup: 16, max shadow lookup: 16
	evict counters: 128 128 128 128 128 128 128 128 128 128 128 128 128 128 128 128
	eager counters: 128 128 128 128 128 128 128 128 128 128 128 128 128 128 128 128
num evicts: 21900000, p: 492020, s: 5702055 	 max proactive lookup: 16, max shadow lookup: 16
	evict counters: 128 128 128 128 128 128 128 128 128 128 128 128 128 128 128 128
	eager counters: 128 128 128 128 128 128 128 128 128 128 128 128 128 128 128 128
num evicts: 22000000, p: 494171, s: 5725938 	 max proactive lookup: 16, max shadow lookup: 16
	evict counters: 128 128 128 128 128 128 128 128 128 128 128 128 128 128 128 128
	eager counters: 128 128 128 128 128 128 128 128 128 128 128 128 128 128 128 128
num evicts: 22100000, p: 496561, s: 5751464 	 max proactive lookup: 16, max shadow lookup: 16
	evict counters: 128 128 128 128 128 128 128 128 128 128 128 128 128 128 128 128
	eager counters: 128 128 128 128 128 128 128 128 128 128 128 128 128 128 128 128
num evicts: 22200000, p: 498896, s: 5776476 	 max proactive lookup: 16, max shadow lookup: 16
	evict counters: 128 128 128 128 128 128 128 128 128 128 128 128 128 128 128 128
	eager counters: 128 128 128 128 128 128 128 128 128 128 128 128 128 128 128 128
num evicts: 22300000, p: 501344, s: 5801196 	 max proactive lookup: 16, max shadow lookup: 16
	evict counters: 128 128 128 128 128 128 128 128 128 128 128 128 128 128 128 128
	eager counters: 128 128 128 128 128 128 128 128 128 128 128 128 128 128 128 128
num evicts: 22400000, p: 503846, s: 5826150 	 max proactive lookup: 16, max shadow lookup: 16
	evict counters: 128 128 128 128 128 128 128 128 128 128 128 128 128 128 128 128
	eager counters: 128 128 128 128 128 128 128 128 128 128 128 128 128 128 128 128
num evicts: 22500000, p: 506420, s: 5850499 	 max proactive lookup: 16, max shadow lookup: 16
	evict counters: 128 128 128 128 128 128 128 128 128 128 128 128 128 128 128 128
	eager counters: 128 128 128 128 128 128 128 128 128 128 128 128 128 128 128 128
num evicts: 22600000, p: 508914, s: 5874573 	 max proactive lookup: 16, max shadow lookup: 16
	evict counters: 128 128 128 128 128 128 128 128 128 128 128 128 128 128 128 128
	eager counters: 128 128 128 128 128 128 128 128 128 128 128 128 128 128 128 128
num evicts: 22700000, p: 511424, s: 5898924 	 max proactive lookup: 16, max shadow lookup: 16
	evict counters: 128 128 128 128 128 128 128 128 128 128 128 128 128 128 128 128
	eager counters: 128 128 128 128 128 128 128 128 128 128 128 128 128 128 128 128
num evicts: 22800000, p: 513923, s: 5922784 	 max proactive lookup: 16, max shadow lookup: 16
	evict counters: 128 128 128 128 128 128 128 128 128 128 128 128 128 128 128 128
	eager counters: 128 128 128 128 128 128 128 128 128 128 128 128 128 128 128 128
num evicts: 22900000, p: 516503, s: 5946359 	 max proactive lookup: 16, max shadow lookup: 16
	evict counters: 128 128 128 128 128 128 128 128 128 128 128 128 128 128 128 128
	eager counters: 128 128 128 128 128 128 128 128 128 128 128 128 128 128 128 128
num evicts: 23000000, p: 518807, s: 5969238 	 max proactive lookup: 16, max shadow lookup: 16
	evict counters: 128 128 128 128 128 128 128 128 128 128 128 128 128 128 128 128
	eager counters: 128 128 128 128 128 128 128 128 128 128 128 128 128 128 128 128
num evicts: 23100000, p: 521264, s: 5991315 	 max proactive lookup: 16, max shadow lookup: 16
	evict counters: 128 128 128 128 128 128 128 128 128 128 128 128 128 128 128 128
	eager counters: 128 128 128 128 128 128 128 128 128 128 128 128 128 128 128 128
Heartbeat CPU 0 instructions: 70000018 cycles: 199955811 heartbeat IPC: 0.2578 cumulative IPC: 0.2341 (Simulation time: 03 hr 42 min 26 sec)
Heartbeat CPU 1 instructions: 70000019 cycles: 200595350 heartbeat IPC: 0.2592 cumulative IPC: 0.2357 (Simulation time: 03 hr 43 min 09 sec)
num evicts: 23200000, p: 523341, s: 6012026 	 max proactive lookup: 16, max shadow lookup: 16
	evict counters: 128 128 128 128 128 128 128 128 128 128 128 128 128 128 128 128
	eager counters: 128 128 128 128 128 128 128 128 128 128 128 128 128 128 128 128
Heartbeat CPU 3 instructions: 70000012 cycles: 200919891 heartbeat IPC: 0.2593 cumulative IPC: 0.2365 (Simulation time: 03 hr 43 min 31 sec)
Heartbeat CPU 2 instructions: 70000011 cycles: 201051357 heartbeat IPC: 0.2595 cumulative IPC: 0.2367 (Simulation time: 03 hr 43 min 40 sec)
Heartbeat CPU 4 instructions: 70000019 cycles: 201130174 heartbeat IPC: 0.2597 cumulative IPC: 0.2369 (Simulation time: 03 hr 43 min 45 sec)
Heartbeat CPU 7 instructions: 70000019 cycles: 201260907 heartbeat IPC: 0.2597 cumulative IPC: 0.2373 (Simulation time: 03 hr 43 min 54 sec)
Heartbeat CPU 6 instructions: 70000019 cycles: 201332827 heartbeat IPC: 0.2594 cumulative IPC: 0.2371 (Simulation time: 03 hr 44 min 00 sec)
Heartbeat CPU 5 instructions: 70000024 cycles: 201350308 heartbeat IPC: 0.2598 cumulative IPC: 0.2369 (Simulation time: 03 hr 44 min 01 sec)
num evicts: 23300000, p: 525180, s: 6030941 	 max proactive lookup: 16, max shadow lookup: 16
	evict counters: 128 128 128 128 128 128 128 128 128 128 128 128 128 128 128 128
	eager counters: 128 128 128 128 128 128 128 128 128 128 128 128 128 128 128 128
num evicts: 23400000, p: 526863, s: 6050173 	 max proactive lookup: 16, max shadow lookup: 16
	evict counters: 128 128 128 128 128 128 128 128 128 128 128 128 128 128 128 128
	eager counters: 128 128 128 128 128 128 128 128 128 128 128 128 128 128 128 128
num evicts: 23500000, p: 529021, s: 6071587 	 max proactive lookup: 16, max shadow lookup: 16
	evict counters: 128 128 128 128 128 128 128 128 128 128 128 128 128 128 128 128
	eager counters: 128 128 128 128 128 128 128 128 128 128 128 128 128 128 128 128
num evicts: 23600000, p: 530203, s: 6086077 	 max proactive lookup: 16, max shadow lookup: 16
	evict counters: 128 128 128 128 128 128 128 128 128 128 128 128 128 128 128 128
	eager counters: 128 128 128 128 128 128 128 128 128 128 128 128 128 128 128 128
num evicts: 23700000, p: 532211, s: 6103172 	 max proactive lookup: 16, max shadow lookup: 16
	evict counters: 128 128 128 128 128 128 128 128 128 128 128 128 128 128 128 128
	eager counters: 128 128 128 128 128 128 128 128 128 128 128 128 128 128 128 128
num evicts: 23800000, p: 535460, s: 6126256 	 max proactive lookup: 16, max shadow lookup: 16
	evict counters: 128 128 128 128 128 128 128 128 128 128 128 128 128 128 128 128
	eager counters: 128 128 128 128 128 128 128 128 128 128 128 128 128 128 128 128
num evicts: 23900000, p: 538002, s: 6155834 	 max proactive lookup: 16, max shadow lookup: 16
	evict counters: 128 128 128 128 128 128 128 128 128 128 128 128 128 128 128 128
	eager counters: 128 128 128 128 128 128 128 128 128 128 128 128 128 128 128 128
num evicts: 24000000, p: 541581, s: 6189209 	 max proactive lookup: 16, max shadow lookup: 16
	evict counters: 128 128 128 128 128 128 128 128 128 128 128 128 128 128 128 128
	eager counters: 128 128 128 128 128 128 128 128 128 128 128 128 128 128 128 128
num evicts: 24100000, p: 544896, s: 6229201 	 max proactive lookup: 16, max shadow lookup: 16
	evict counters: 128 128 128 128 128 128 128 128 128 128 128 128 128 128 128 128
	eager counters: 128 128 128 128 128 128 128 128 128 128 128 128 128 128 128 128
num evicts: 24200000, p: 547437, s: 6269123 	 max proactive lookup: 16, max shadow lookup: 16
	evict counters: 128 128 128 128 128 128 128 128 128 128 128 128 128 128 128 128
	eager counters: 128 128 128 128 128 128 128 128 128 128 128 128 128 128 128 128
num evicts: 24300000, p: 550103, s: 6308680 	 max proactive lookup: 16, max shadow lookup: 16
	evict counters: 128 128 128 128 128 128 128 128 128 128 128 128 128 128 128 128
	eager counters: 128 128 128 128 128 128 128 128 128 128 128 128 128 128 128 128
num evicts: 24400000, p: 552799, s: 6348365 	 max proactive lookup: 16, max shadow lookup: 16
	evict counters: 128 128 128 128 128 128 128 128 128 128 128 128 128 128 128 128
	eager counters: 128 128 128 128 128 128 128 128 128 128 128 128 128 128 128 128
num evicts: 24500000, p: 555650, s: 6388048 	 max proactive lookup: 16, max shadow lookup: 16
	evict counters: 128 128 128 128 128 128 128 128 128 128 128 128 128 128 128 128
	eager counters: 128 128 128 128 128 128 128 128 128 128 128 128 128 128 128 128
num evicts: 24600000, p: 558472, s: 6427318 	 max proactive lookup: 16, max shadow lookup: 16
	evict counters: 128 128 128 128 128 128 128 128 128 128 128 128 128 128 128 128
	eager counters: 128 128 128 128 128 128 128 128 128 128 128 128 128 128 128 128
num evicts: 24700000, p: 561354, s: 6466500 	 max proactive lookup: 16, max shadow lookup: 16
	evict counters: 128 128 128 128 128 128 128 128 128 128 128 128 128 128 128 128
	eager counters: 128 128 128 128 128 128 128 128 128 128 128 128 128 128 128 128
num evicts: 24800000, p: 564261, s: 6505513 	 max proactive lookup: 16, max shadow lookup: 16
	evict counters: 128 128 128 128 128 128 128 128 128 128 128 128 128 128 128 128
	eager counters: 128 128 128 128 128 128 128 128 128 128 128 128 128 128 128 128
num evicts: 24900000, p: 567171, s: 6544491 	 max proactive lookup: 16, max shadow lookup: 16
	evict counters: 128 128 128 128 128 128 128 128 128 128 128 128 128 128 128 128
	eager counters: 128 128 128 128 128 128 128 128 128 128 128 128 128 128 128 128
num evicts: 25000000, p: 569997, s: 6583524 	 max proactive lookup: 16, max shadow lookup: 16
	evict counters: 128 128 128 128 128 128 128 128 128 128 128 128 128 128 128 128
	eager counters: 128 128 128 128 128 128 128 128 128 128 128 128 128 128 128 128
num evicts: 25100000, p: 572752, s: 6622867 	 max proactive lookup: 16, max shadow lookup: 16
	evict counters: 128 128 128 128 128 128 128 128 128 128 128 128 128 128 128 128
	eager counters: 128 128 128 128 128 128 128 128 128 128 128 128 128 128 128 128
num evicts: 25200000, p: 575507, s: 6662192 	 max proactive lookup: 16, max shadow lookup: 16
	evict counters: 128 128 128 128 128 128 128 128 128 128 128 128 128 128 128 128
	eager counters: 128 128 128 128 128 128 128 128 128 128 128 128 128 128 128 128
num evicts: 25300000, p: 578202, s: 6701414 	 max proactive lookup: 16, max shadow lookup: 16
	evict counters: 128 128 128 128 128 128 128 128 128 128 128 128 128 128 128 128
	eager counters: 128 128 128 128 128 128 128 128 128 128 128 128 128 128 128 128
num evicts: 25400000, p: 580979, s: 6740361 	 max proactive lookup: 16, max shadow lookup: 16
	evict counters: 128 128 128 128 128 128 128 128 128 128 128 128 128 128 128 128
	eager counters: 128 128 128 128 128 128 128 128 128 128 128 128 128 128 128 128
num evicts: 25500000, p: 583843, s: 6779251 	 max proactive lookup: 16, max shadow lookup: 16
	evict counters: 128 128 128 128 128 128 128 128 128 128 128 128 128 128 128 128
	eager counters: 128 128 128 128 128 128 128 128 128 128 128 128 128 128 128 128
num evicts: 25600000, p: 586662, s: 6818049 	 max proactive lookup: 16, max shadow lookup: 16
	evict counters: 128 128 128 128 128 128 128 128 128 128 128 128 128 128 128 128
	eager counters: 128 128 128 128 128 128 128 128 128 128 128 128 128 128 128 128
num evicts: 25700000, p: 589536, s: 6856190 	 max proactive lookup: 16, max shadow lookup: 16
	evict counters: 128 128 128 128 128 128 128 128 128 128 128 128 128 128 128 128
	eager counters: 128 128 128 128 128 128 128 128 128 128 128 128 128 128 128 128
num evicts: 25800000, p: 592357, s: 6894089 	 max proactive lookup: 16, max shadow lookup: 16
	evict counters: 128 128 128 128 128 128 128 128 128 128 128 128 128 128 128 128
	eager counters: 128 128 128 128 128 128 128 128 128 128 128 128 128 128 128 128
num evicts: 25900000, p: 595121, s: 6932418 	 max proactive lookup: 16, max shadow lookup: 16
	evict counters: 128 128 128 128 128 128 128 128 128 128 128 128 128 128 128 128
	eager counters: 128 128 128 128 128 128 128 128 128 128 128 128 128 128 128 128
num evicts: 26000000, p: 597736, s: 6969718 	 max proactive lookup: 16, max shadow lookup: 16
	evict counters: 128 128 128 128 128 128 128 128 128 128 128 128 128 128 128 128
	eager counters: 128 128 128 128 128 128 128 128 128 128 128 128 128 128 128 128
num evicts: 26100000, p: 600340, s: 7005424 	 max proactive lookup: 16, max shadow lookup: 16
	evict counters: 128 128 128 128 128 128 128 128 128 128 128 128 128 128 128 128
	eager counters: 128 128 128 128 128 128 128 128 128 128 128 128 128 128 128 128
num evicts: 26200000, p: 602689, s: 7037731 	 max proactive lookup: 16, max shadow lookup: 16
	evict counters: 128 128 128 128 128 128 128 128 128 128 128 128 128 128 128 128
	eager counters: 128 128 128 128 128 128 128 128 128 128 128 128 128 128 128 128
num evicts: 26300000, p: 604557, s: 7066200 	 max proactive lookup: 16, max shadow lookup: 16
	evict counters: 128 128 128 128 128 128 128 128 128 128 128 128 128 128 128 128
	eager counters: 128 128 128 128 128 128 128 128 128 128 128 128 128 128 128 128
num evicts: 26400000, p: 606129, s: 7091954 	 max proactive lookup: 16, max shadow lookup: 16
	evict counters: 128 128 128 128 128 128 128 128 128 128 128 128 128 128 128 128
	eager counters: 128 128 128 128 128 128 128 128 128 128 128 128 128 128 128 128
num evicts: 26500000, p: 607419, s: 7116481 	 max proactive lookup: 16, max shadow lookup: 16
	evict counters: 128 128 128 128 128 128 128 128 128 128 128 128 128 128 128 128
	eager counters: 128 128 128 128 128 128 128 128 128 128 128 128 128 128 128 128
num evicts: 26600000, p: 608420, s: 7142227 	 max proactive lookup: 16, max shadow lookup: 16
	evict counters: 128 128 128 128 128 128 128 128 128 128 128 128 128 128 128 128
	eager counters: 128 128 128 128 128 128 128 128 128 128 128 128 128 128 128 128
num evicts: 26700000, p: 609254, s: 7168891 	 max proactive lookup: 16, max shadow lookup: 16
	evict counters: 128 128 128 128 128 128 128 128 128 128 128 128 128 128 128 128
	eager counters: 128 128 128 128 128 128 128 128 128 128 128 128 128 128 128 128
num evicts: 26800000, p: 609987, s: 7195280 	 max proactive lookup: 16, max shadow lookup: 16
	evict counters: 128 128 128 128 128 128 128 128 128 128 128 128 128 128 128 128
	eager counters: 128 128 128 128 128 128 128 128 128 128 128 128 128 128 128 128
num evicts: 26900000, p: 610637, s: 7221549 	 max proactive lookup: 16, max shadow lookup: 16
	evict counters: 128 128 128 128 128 128 128 128 128 128 128 128 128 128 128 128
	eager counters: 128 128 128 128 128 128 128 128 128 128 128 128 128 128 128 128
num evicts: 27000000, p: 611233, s: 7246493 	 max proactive lookup: 16, max shadow lookup: 16
	evict counters: 128 128 128 128 128 128 128 128 128 128 128 128 128 128 128 128
	eager counters: 128 128 128 128 128 128 128 128 128 128 128 128 128 128 128 128
num evicts: 27100000, p: 611878, s: 7270910 	 max proactive lookup: 16, max shadow lookup: 16
	evict counters: 128 128 128 128 128 128 128 128 128 128 128 128 128 128 128 128
	eager counters: 128 128 128 128 128 128 128 128 128 128 128 128 128 128 128 128
num evicts: 27200000, p: 612600, s: 7296105 	 max proactive lookup: 16, max shadow lookup: 16
	evict counters: 128 128 128 128 128 128 128 128 128 128 128 128 128 128 128 128
	eager counters: 128 128 128 128 128 128 128 128 128 128 128 128 128 128 128 128
num evicts: 27300000, p: 613311, s: 7322369 	 max proactive lookup: 16, max shadow lookup: 16
	evict counters: 128 128 128 128 128 128 128 128 128 128 128 128 128 128 128 128
	eager counters: 128 128 128 128 128 128 128 128 128 128 128 128 128 128 128 128
num evicts: 27400000, p: 614066, s: 7349017 	 max proactive lookup: 16, max shadow lookup: 16
	evict counters: 128 128 128 128 128 128 128 128 128 128 128 128 128 128 128 128
	eager counters: 128 128 128 128 128 128 128 128 128 128 128 128 128 128 128 128
num evicts: 27500000, p: 614752, s: 7375789 	 max proactive lookup: 16, max shadow lookup: 16
	evict counters: 128 128 128 128 128 128 128 128 128 128 128 128 128 128 128 128
	eager counters: 128 128 128 128 128 128 128 128 128 128 128 128 128 128 128 128
Heartbeat CPU 0 instructions: 80000021 cycles: 252995152 heartbeat IPC: 0.1885 cumulative IPC: 0.2241 (Simulation time: 04 hr 35 min 26 sec)
num evicts: 27600000, p: 615406, s: 7401216 	 max proactive lookup: 16, max shadow lookup: 16
	evict counters: 128 128 128 128 128 128 128 128 128 128 128 128 128 128 128 128
	eager counters: 128 128 128 128 128 128 128 128 128 128 128 128 128 128 128 128
num evicts: 27700000, p: 616165, s: 7426282 	 max proactive lookup: 16, max shadow lookup: 16
	evict counters: 128 128 128 128 128 128 128 128 128 128 128 128 128 128 128 128
	eager counters: 128 128 128 128 128 128 128 128 128 128 128 128 128 128 128 128
Heartbeat CPU 1 instructions: 80000019 cycles: 254949405 heartbeat IPC: 0.184 cumulative IPC: 0.2241 (Simulation time: 04 hr 37 min 20 sec)
num evicts: 27800000, p: 616873, s: 7451669 	 max proactive lookup: 16, max shadow lookup: 16
	evict counters: 128 128 128 128 128 128 128 128 128 128 128 128 128 128 128 128
	eager counters: 128 128 128 128 128 128 128 128 128 128 128 128 128 128 128 128
Heartbeat CPU 3 instructions: 80000016 cycles: 256021050 heartbeat IPC: 0.1815 cumulative IPC: 0.2241 (Simulation time: 04 hr 38 min 22 sec)
Heartbeat CPU 2 instructions: 80000011 cycles: 256303769 heartbeat IPC: 0.181 cumulative IPC: 0.2241 (Simulation time: 04 hr 38 min 39 sec)
Heartbeat CPU 4 instructions: 80000021 cycles: 256470970 heartbeat IPC: 0.1807 cumulative IPC: 0.2242 (Simulation time: 04 hr 38 min 49 sec)
num evicts: 27900000, p: 617680, s: 7478953 	 max proactive lookup: 16, max shadow lookup: 16
	evict counters: 128 128 128 128 128 128 128 128 128 128 128 128 128 128 128 128
	eager counters: 128 128 128 128 128 128 128 128 128 128 128 128 128 128 128 128
Heartbeat CPU 7 instructions: 80000020 cycles: 256815382 heartbeat IPC: 0.18 cumulative IPC: 0.2243 (Simulation time: 04 hr 39 min 09 sec)
Heartbeat CPU 6 instructions: 80000021 cycles: 257017603 heartbeat IPC: 0.1796 cumulative IPC: 0.224 (Simulation time: 04 hr 39 min 20 sec)
Heartbeat CPU 5 instructions: 80000028 cycles: 257099329 heartbeat IPC: 0.1794 cumulative IPC: 0.2238 (Simulation time: 04 hr 39 min 25 sec)
num evicts: 28000000, p: 618418, s: 7506515 	 max proactive lookup: 16, max shadow lookup: 16
	evict counters: 128 128 128 128 128 128 128 128 128 128 128 128 128 128 128 128
	eager counters: 128 128 128 128 128 128 128 128 128 128 128 128 128 128 128 128
num evicts: 28100000, p: 619072, s: 7533726 	 max proactive lookup: 16, max shadow lookup: 16
	evict counters: 128 128 128 128 128 128 128 128 128 128 128 128 128 128 128 128
	eager counters: 128 128 128 128 128 128 128 128 128 128 128 128 128 128 128 128
num evicts: 28200000, p: 619551, s: 7558677 	 max proactive lookup: 16, max shadow lookup: 16
	evict counters: 128 128 128 128 128 128 128 128 128 128 128 128 128 128 128 128
	eager counters: 128 128 128 128 128 128 128 128 128 128 128 128 128 128 128 128
num evicts: 28300000, p: 620080, s: 7580478 	 max proactive lookup: 16, max shadow lookup: 16
	evict counters: 128 128 128 128 128 128 128 128 128 128 128 128 128 128 128 128
	eager counters: 128 128 128 128 128 128 128 128 128 128 128 128 128 128 128 128
num evicts: 28400000, p: 621157, s: 7600371 	 max proactive lookup: 16, max shadow lookup: 16
	evict counters: 128 128 128 128 128 128 128 128 128 128 128 128 128 128 128 128
	eager counters: 128 128 128 128 128 128 128 128 128 128 128 128 128 128 128 128
num evicts: 28500000, p: 624287, s: 7644705 	 max proactive lookup: 16, max shadow lookup: 16
	evict counters: 128 128 128 128 128 128 128 128 128 128 128 128 128 128 128 128
	eager counters: 128 128 128 128 128 128 128 128 128 128 128 128 128 128 128 128
num evicts: 28600000, p: 627474, s: 7678463 	 max proactive lookup: 16, max shadow lookup: 16
	evict counters: 128 128 128 128 128 128 128 128 128 128 128 128 128 128 128 128
	eager counters: 128 128 128 128 128 128 128 128 128 128 128 128 128 128 128 128
num evicts: 28700000, p: 630520, s: 7704531 	 max proactive lookup: 16, max shadow lookup: 16
	evict counters: 128 128 128 128 128 128 128 128 128 128 128 128 128 128 128 128
	eager counters: 128 128 128 128 128 128 128 128 128 128 128 128 128 128 128 128
num evicts: 28800000, p: 633074, s: 7727429 	 max proactive lookup: 16, max shadow lookup: 16
	evict counters: 128 128 128 128 128 128 128 128 128 128 128 128 128 128 128 128
	eager counters: 128 128 128 128 128 128 128 128 128 128 128 128 128 128 128 128
num evicts: 28900000, p: 635403, s: 7747552 	 max proactive lookup: 16, max shadow lookup: 16
	evict counters: 128 128 128 128 128 128 128 128 128 128 128 128 128 128 128 128
	eager counters: 128 128 128 128 128 128 128 128 128 128 128 128 128 128 128 128
num evicts: 29000000, p: 637603, s: 7766526 	 max proactive lookup: 16, max shadow lookup: 16
	evict counters: 128 128 128 128 128 128 128 128 128 128 128 128 128 128 128 128
	eager counters: 128 128 128 128 128 128 128 128 128 128 128 128 128 128 128 128
num evicts: 29100000, p: 639592, s: 7785011 	 max proactive lookup: 16, max shadow lookup: 16
	evict counters: 128 128 128 128 128 128 128 128 128 128 128 128 128 128 128 128
	eager counters: 128 128 128 128 128 128 128 128 128 128 128 128 128 128 128 128
num evicts: 29200000, p: 641632, s: 7803755 	 max proactive lookup: 16, max shadow lookup: 16
	evict counters: 128 128 128 128 128 128 128 128 128 128 128 128 128 128 128 128
	eager counters: 128 128 128 128 128 128 128 128 128 128 128 128 128 128 128 128
num evicts: 29300000, p: 643410, s: 7822443 	 max proactive lookup: 16, max shadow lookup: 16
	evict counters: 128 128 128 128 128 128 128 128 128 128 128 128 128 128 128 128
	eager counters: 128 128 128 128 128 128 128 128 128 128 128 128 128 128 128 128
num evicts: 29400000, p: 645353, s: 7842698 	 max proactive lookup: 16, max shadow lookup: 16
	evict counters: 128 128 128 128 128 128 128 128 128 128 128 128 128 128 128 128
	eager counters: 128 128 128 128 128 128 128 128 128 128 128 128 128 128 128 128
num evicts: 29500000, p: 647361, s: 7864309 	 max proactive lookup: 16, max shadow lookup: 16
	evict counters: 128 128 128 128 128 128 128 128 128 128 128 128 128 128 128 128
	eager counters: 128 128 128 128 128 128 128 128 128 128 128 128 128 128 128 128
num evicts: 29600000, p: 649737, s: 7886131 	 max proactive lookup: 16, max shadow lookup: 16
	evict counters: 128 128 128 128 128 128 128 128 128 128 128 128 128 128 128 128
	eager counters: 128 128 128 128 128 128 128 128 128 128 128 128 128 128 128 128
num evicts: 29700000, p: 652341, s: 7909955 	 max proactive lookup: 16, max shadow lookup: 16
	evict counters: 128 128 128 128 128 128 128 128 128 128 128 128 128 128 128 128
	eager counters: 128 128 128 128 128 128 128 128 128 128 128 128 128 128 128 128
num evicts: 29800000, p: 655151, s: 7933801 	 max proactive lookup: 16, max shadow lookup: 16
	evict counters: 128 128 128 128 128 128 128 128 128 128 128 128 128 128 128 128
	eager counters: 128 128 128 128 128 128 128 128 128 128 128 128 128 128 128 128
num evicts: 29900000, p: 657915, s: 7957310 	 max proactive lookup: 16, max shadow lookup: 16
	evict counters: 128 128 128 128 128 128 128 128 128 128 128 128 128 128 128 128
	eager counters: 128 128 128 128 128 128 128 128 128 128 128 128 128 128 128 128
num evicts: 30000000, p: 660731, s: 7981166 	 max proactive lookup: 16, max shadow lookup: 16
	evict counters: 128 128 128 128 128 128 128 128 128 128 128 128 128 128 128 128
	eager counters: 128 128 128 128 128 128 128 128 128 128 128 128 128 128 128 128
num evicts: 30100000, p: 663500, s: 8004160 	 max proactive lookup: 16, max shadow lookup: 16
	evict counters: 128 128 128 128 128 128 128 128 128 128 128 128 128 128 128 128
	eager counters: 128 128 128 128 128 128 128 128 128 128 128 128 128 128 128 128
num evicts: 30200000, p: 666300, s: 8026789 	 max proactive lookup: 16, max shadow lookup: 16
	evict counters: 128 128 128 128 128 128 128 128 128 128 128 128 128 128 128 128
	eager counters: 128 128 128 128 128 128 128 128 128 128 128 128 128 128 128 128
num evicts: 30300000, p: 669112, s: 8049541 	 max proactive lookup: 16, max shadow lookup: 16
	evict counters: 128 128 128 128 128 128 128 128 128 128 128 128 128 128 128 128
	eager counters: 128 128 128 128 128 128 128 128 128 128 128 128 128 128 128 128
num evicts: 30400000, p: 671860, s: 8072865 	 max proactive lookup: 16, max shadow lookup: 16
	evict counters: 128 128 128 128 128 128 128 128 128 128 128 128 128 128 128 128
	eager counters: 128 128 128 128 128 128 128 128 128 128 128 128 128 128 128 128
num evicts: 30500000, p: 674754, s: 8096277 	 max proactive lookup: 16, max shadow lookup: 16
	evict counters: 128 128 128 128 128 128 128 128 128 128 128 128 128 128 128 128
	eager counters: 128 128 128 128 128 128 128 128 128 128 128 128 128 128 128 128
num evicts: 30600000, p: 677639, s: 8119039 	 max proactive lookup: 16, max shadow lookup: 16
	evict counters: 128 128 128 128 128 128 128 128 128 128 128 128 128 128 128 128
	eager counters: 128 128 128 128 128 128 128 128 128 128 128 128 128 128 128 128
num evicts: 30700000, p: 680221, s: 8141926 	 max proactive lookup: 16, max shadow lookup: 16
	evict counters: 128 128 128 128 128 128 128 128 128 128 128 128 128 128 128 128
	eager counters: 128 128 128 128 128 128 128 128 128 128 128 128 128 128 128 128
num evicts: 30800000, p: 682963, s: 8165881 	 max proactive lookup: 16, max shadow lookup: 16
	evict counters: 128 128 128 128 128 128 128 128 128 128 128 128 128 128 128 128
	eager counters: 128 128 128 128 128 128 128 128 128 128 128 128 128 128 128 128
num evicts: 30900000, p: 685574, s: 8189072 	 max proactive lookup: 16, max shadow lookup: 16
	evict counters: 128 128 128 128 128 128 128 128 128 128 128 128 128 128 128 128
	eager counters: 128 128 128 128 128 128 128 128 128 128 128 128 128 128 128 128
Heartbeat CPU 0 instructions: 90000023 cycles: 294123180 heartbeat IPC: 0.2431 cumulative IPC: 0.2268 (Simulation time: 05 hr 17 min 53 sec)
Heartbeat CPU 1 instructions: 90000023 cycles: 294837666 heartbeat IPC: 0.2507 cumulative IPC: 0.2279 (Simulation time: 05 hr 18 min 38 sec)
Heartbeat CPU 2 instructions: 90000012 cycles: 294995652 heartbeat IPC: 0.2585 cumulative IPC: 0.2288 (Simulation time: 05 hr 18 min 48 sec)
Heartbeat CPU 3 instructions: 90000017 cycles: 295008909 heartbeat IPC: 0.2565 cumulative IPC: 0.2286 (Simulation time: 05 hr 18 min 49 sec)
Heartbeat CPU 4 instructions: 90000023 cycles: 295109287 heartbeat IPC: 0.2588 cumulative IPC: 0.2289 (Simulation time: 05 hr 18 min 56 sec)
Heartbeat CPU 7 instructions: 90000020 cycles: 295209010 heartbeat IPC: 0.2605 cumulative IPC: 0.2292 (Simulation time: 05 hr 19 min 02 sec)
Heartbeat CPU 6 instructions: 90000023 cycles: 295248564 heartbeat IPC: 0.2616 cumulative IPC: 0.2291 (Simulation time: 05 hr 19 min 04 sec)
num evicts: 31000000, p: 687891, s: 8211697 	 max proactive lookup: 16, max shadow lookup: 16
	evict counters: 128 128 128 128 128 128 128 128 128 128 128 128 128 128 128 128
	eager counters: 128 128 128 128 128 128 128 128 128 128 128 128 128 128 128 128
Heartbeat CPU 5 instructions: 90000028 cycles: 295338419 heartbeat IPC: 0.2615 cumulative IPC: 0.2289 (Simulation time: 05 hr 19 min 10 sec)
num evicts: 31100000, p: 690096, s: 8234065 	 max proactive lookup: 16, max shadow lookup: 16
	evict counters: 128 128 128 128 128 128 128 128 128 128 128 128 128 128 128 128
	eager counters: 128 128 128 128 128 128 128 128 128 128 128 128 128 128 128 128
num evicts: 31200000, p: 692538, s: 8255957 	 max proactive lookup: 16, max shadow lookup: 16
	evict counters: 128 128 128 128 128 128 128 128 128 128 128 128 128 128 128 128
	eager counters: 128 128 128 128 128 128 128 128 128 128 128 128 128 128 128 128
num evicts: 31300000, p: 694989, s: 8279214 	 max proactive lookup: 16, max shadow lookup: 16
	evict counters: 128 128 128 128 128 128 128 128 128 128 128 128 128 128 128 128
	eager counters: 128 128 128 128 128 128 128 128 128 128 128 128 128 128 128 128
num evicts: 31400000, p: 697735, s: 8303939 	 max proactive lookup: 16, max shadow lookup: 16
	evict counters: 128 128 128 128 128 128 128 128 128 128 128 128 128 128 128 128
	eager counters: 128 128 128 128 128 128 128 128 128 128 128 128 128 128 128 128
num evicts: 31500000, p: 700553, s: 8328381 	 max proactive lookup: 16, max shadow lookup: 16
	evict counters: 128 128 128 128 128 128 128 128 128 128 128 128 128 128 128 128
	eager counters: 128 128 128 128 128 128 128 128 128 128 128 128 128 128 128 128
num evicts: 31600000, p: 703303, s: 8352423 	 max proactive lookup: 16, max shadow lookup: 16
	evict counters: 128 128 128 128 128 128 128 128 128 128 128 128 128 128 128 128
	eager counters: 128 128 128 128 128 128 128 128 128 128 128 128 128 128 128 128
num evicts: 31700000, p: 706105, s: 8375022 	 max proactive lookup: 16, max shadow lookup: 16
	evict counters: 128 128 128 128 128 128 128 128 128 128 128 128 128 128 128 128
	eager counters: 128 128 128 128 128 128 128 128 128 128 128 128 128 128 128 128
num evicts: 31800000, p: 708783, s: 8398398 	 max proactive lookup: 16, max shadow lookup: 16
	evict counters: 128 128 128 128 128 128 128 128 128 128 128 128 128 128 128 128
	eager counters: 128 128 128 128 128 128 128 128 128 128 128 128 128 128 128 128
num evicts: 31900000, p: 711710, s: 8422329 	 max proactive lookup: 16, max shadow lookup: 16
	evict counters: 128 128 128 128 128 128 128 128 128 128 128 128 128 128 128 128
	eager counters: 128 128 128 128 128 128 128 128 128 128 128 128 128 128 128 128
num evicts: 32000000, p: 714661, s: 8446704 	 max proactive lookup: 16, max shadow lookup: 16
	evict counters: 128 128 128 128 128 128 128 128 128 128 128 128 128 128 128 128
	eager counters: 128 128 128 128 128 128 128 128 128 128 128 128 128 128 128 128
num evicts: 32100000, p: 717586, s: 8470747 	 max proactive lookup: 16, max shadow lookup: 16
	evict counters: 128 128 128 128 128 128 128 128 128 128 128 128 128 128 128 128
	eager counters: 128 128 128 128 128 128 128 128 128 128 128 128 128 128 128 128
num evicts: 32200000, p: 720560, s: 8494645 	 max proactive lookup: 16, max shadow lookup: 16
	evict counters: 128 128 128 128 128 128 128 128 128 128 128 128 128 128 128 128
	eager counters: 128 128 128 128 128 128 128 128 128 128 128 128 128 128 128 128
num evicts: 32300000, p: 723608, s: 8519067 	 max proactive lookup: 16, max shadow lookup: 16
	evict counters: 128 128 128 128 128 128 128 128 128 128 128 128 128 128 128 128
	eager counters: 128 128 128 128 128 128 128 128 128 128 128 128 128 128 128 128
num evicts: 32400000, p: 726691, s: 8543465 	 max proactive lookup: 16, max shadow lookup: 16
	evict counters: 128 128 128 128 128 128 128 128 128 128 128 128 128 128 128 128
	eager counters: 128 128 128 128 128 128 128 128 128 128 128 128 128 128 128 128
num evicts: 32500000, p: 729612, s: 8567016 	 max proactive lookup: 16, max shadow lookup: 16
	evict counters: 128 128 128 128 128 128 128 128 128 128 128 128 128 128 128 128
	eager counters: 128 128 128 128 128 128 128 128 128 128 128 128 128 128 128 128
num evicts: 32600000, p: 732689, s: 8590400 	 max proactive lookup: 16, max shadow lookup: 16
	evict counters: 128 128 128 128 128 128 128 128 128 128 128 128 128 128 128 128
	eager counters: 128 128 128 128 128 128 128 128 128 128 128 128 128 128 128 128
num evicts: 32700000, p: 735627, s: 8614391 	 max proactive lookup: 16, max shadow lookup: 16
	evict counters: 128 128 128 128 128 128 128 128 128 128 128 128 128 128 128 128
	eager counters: 128 128 128 128 128 128 128 128 128 128 128 128 128 128 128 128
num evicts: 32800000, p: 738707, s: 8638124 	 max proactive lookup: 16, max shadow lookup: 16
	evict counters: 128 128 128 128 128 128 128 128 128 128 128 128 128 128 128 128
	eager counters: 128 128 128 128 128 128 128 128 128 128 128 128 128 128 128 128
num evicts: 32900000, p: 741800, s: 8661836 	 max proactive lookup: 16, max shadow lookup: 16
	evict counters: 128 128 128 128 128 128 128 128 128 128 128 128 128 128 128 128
	eager counters: 128 128 128 128 128 128 128 128 128 128 128 128 128 128 128 128
num evicts: 33000000, p: 744847, s: 8685316 	 max proactive lookup: 16, max shadow lookup: 16
	evict counters: 128 128 128 128 128 128 128 128 128 128 128 128 128 128 128 128
	eager counters: 128 128 128 128 128 128 128 128 128 128 128 128 128 128 128 128
num evicts: 33100000, p: 747777, s: 8709132 	 max proactive lookup: 16, max shadow lookup: 16
	evict counters: 128 128 128 128 128 128 128 128 128 128 128 128 128 128 128 128
	eager counters: 128 128 128 128 128 128 128 128 128 128 128 128 128 128 128 128
num evicts: 33200000, p: 750594, s: 8733007 	 max proactive lookup: 16, max shadow lookup: 16
	evict counters: 128 128 128 128 128 128 128 128 128 128 128 128 128 128 128 128
	eager counters: 128 128 128 128 128 128 128 128 128 128 128 128 128 128 128 128
num evicts: 33300000, p: 753074, s: 8755296 	 max proactive lookup: 16, max shadow lookup: 16
	evict counters: 128 128 128 128 128 128 128 128 128 128 128 128 128 128 128 128
	eager counters: 128 128 128 128 128 128 128 128 128 128 128 128 128 128 128 128
num evicts: 33400000, p: 755764, s: 8779038 	 max proactive lookup: 16, max shadow lookup: 16
	evict counters: 128 128 128 128 128 128 128 128 128 128 128 128 128 128 128 128
	eager counters: 128 128 128 128 128 128 128 128 128 128 128 128 128 128 128 128
num evicts: 33500000, p: 758406, s: 8802255 	 max proactive lookup: 16, max shadow lookup: 16
	evict counters: 128 128 128 128 128 128 128 128 128 128 128 128 128 128 128 128
	eager counters: 128 128 128 128 128 128 128 128 128 128 128 128 128 128 128 128
num evicts: 33600000, p: 761125, s: 8825134 	 max proactive lookup: 16, max shadow lookup: 16
	evict counters: 128 128 128 128 128 128 128 128 128 128 128 128 128 128 128 128
	eager counters: 128 128 128 128 128 128 128 128 128 128 128 128 128 128 128 128
num evicts: 33700000, p: 764028, s: 8849057 	 max proactive lookup: 16, max shadow lookup: 16
	evict counters: 128 128 128 128 128 128 128 128 128 128 128 128 128 128 128 128
	eager counters: 128 128 128 128 128 128 128 128 128 128 128 128 128 128 128 128
num evicts: 33800000, p: 766852, s: 8873769 	 max proactive lookup: 16, max shadow lookup: 16
	evict counters: 128 128 128 128 128 128 128 128 128 128 128 128 128 128 128 128
	eager counters: 128 128 128 128 128 128 128 128 128 128 128 128 128 128 128 128
num evicts: 33900000, p: 769628, s: 8897379 	 max proactive lookup: 16, max shadow lookup: 16
	evict counters: 128 128 128 128 128 128 128 128 128 128 128 128 128 128 128 128
	eager counters: 128 128 128 128 128 128 128 128 128 128 128 128 128 128 128 128
num evicts: 34000000, p: 772285, s: 8920511 	 max proactive lookup: 16, max shadow lookup: 16
	evict counters: 128 128 128 128 128 128 128 128 128 128 128 128 128 128 128 128
	eager counters: 128 128 128 128 128 128 128 128 128 128 128 128 128 128 128 128
num evicts: 34100000, p: 774957, s: 8943413 	 max proactive lookup: 16, max shadow lookup: 16
	evict counters: 128 128 128 128 128 128 128 128 128 128 128 128 128 128 128 128
	eager counters: 128 128 128 128 128 128 128 128 128 128 128 128 128 128 128 128
Heartbeat CPU 0 instructions: 100000023 cycles: 333924587 heartbeat IPC: 0.2512 cumulative IPC: 0.2299 (Simulation time: 06 hr 00 min 20 sec)
Heartbeat CPU 1 instructions: 100000023 cycles: 334549287 heartbeat IPC: 0.2518 cumulative IPC: 0.2308 (Simulation time: 06 hr 01 min 01 sec)
Heartbeat CPU 2 instructions: 100000013 cycles: 334693429 heartbeat IPC: 0.2519 cumulative IPC: 0.2316 (Simulation time: 06 hr 01 min 10 sec)
num evicts: 34200000, p: 777736, s: 8966004 	 max proactive lookup: 16, max shadow lookup: 16
	evict counters: 128 128 128 128 128 128 128 128 128 128 128 128 128 128 128 128
	eager counters: 128 128 128 128 128 128 128 128 128 128 128 128 128 128 128 128
Heartbeat CPU 3 instructions: 100000018 cycles: 334775994 heartbeat IPC: 0.2515 cumulative IPC: 0.2314 (Simulation time: 06 hr 01 min 16 sec)
Heartbeat CPU 4 instructions: 100000023 cycles: 334869826 heartbeat IPC: 0.2515 cumulative IPC: 0.2317 (Simulation time: 06 hr 01 min 22 sec)
Heartbeat CPU 6 instructions: 100000023 cycles: 334946700 heartbeat IPC: 0.2519 cumulative IPC: 0.2319 (Simulation time: 06 hr 01 min 27 sec)
Heartbeat CPU 7 instructions: 100000023 cycles: 334988996 heartbeat IPC: 0.2514 cumulative IPC: 0.232 (Simulation time: 06 hr 01 min 30 sec)
Heartbeat CPU 5 instructions: 100000028 cycles: 335030500 heartbeat IPC: 0.2519 cumulative IPC: 0.2317 (Simulation time: 06 hr 01 min 33 sec)
num evicts: 34300000, p: 780511, s: 8988252 	 max proactive lookup: 16, max shadow lookup: 16
	evict counters: 128 128 128 128 128 128 128 128 128 128 128 128 128 128 128 128
	eager counters: 128 128 128 128 128 128 128 128 128 128 128 128 128 128 128 128
num evicts: 34400000, p: 783218, s: 9008575 	 max proactive lookup: 16, max shadow lookup: 16
	evict counters: 128 128 128 128 128 128 128 128 128 128 128 128 128 128 128 128
	eager counters: 128 128 128 128 128 128 128 128 128 128 128 128 128 128 128 128
num evicts: 34500000, p: 787336, s: 9036294 	 max proactive lookup: 16, max shadow lookup: 16
	evict counters: 128 128 128 128 128 128 128 128 128 128 128 128 128 128 128 128
	eager counters: 128 128 128 128 128 128 128 128 128 128 128 128 128 128 128 128
num evicts: 34600000, p: 789693, s: 9051862 	 max proactive lookup: 16, max shadow lookup: 16
	evict counters: 128 128 128 128 128 128 128 128 128 128 128 128 128 128 128 128
	eager counters: 128 128 128 128 128 128 128 128 128 128 128 128 128 128 128 128
num evicts: 34700000, p: 791489, s: 9069614 	 max proactive lookup: 16, max shadow lookup: 16
	evict counters: 128 128 128 128 128 128 128 128 128 128 128 128 128 128 128 128
	eager counters: 128 128 128 128 128 128 128 128 128 128 128 128 128 128 128 128
num evicts: 34800000, p: 795164, s: 9089445 	 max proactive lookup: 16, max shadow lookup: 16
	evict counters: 128 128 128 128 128 128 128 128 128 128 128 128 128 128 128 128
	eager counters: 128 128 128 128 128 128 128 128 128 128 128 128 128 128 128 128
num evicts: 34900000, p: 798827, s: 9107451 	 max proactive lookup: 16, max shadow lookup: 16
	evict counters: 128 128 128 128 128 128 128 128 128 128 128 128 128 128 128 128
	eager counters: 128 128 128 128 128 128 128 128 128 128 128 128 128 128 128 128
num evicts: 35000000, p: 802117, s: 9139095 	 max proactive lookup: 16, max shadow lookup: 16
	evict counters: 128 128 128 128 128 128 128 128 128 128 128 128 128 128 128 128
	eager counters: 128 128 128 128 128 128 128 128 128 128 128 128 128 128 128 128
num evicts: 35100000, p: 804769, s: 9177046 	 max proactive lookup: 16, max shadow lookup: 16
	evict counters: 128 128 128 128 128 128 128 128 128 128 128 128 128 128 128 128
	eager counters: 128 128 128 128 128 128 128 128 128 128 128 128 128 128 128 128
num evicts: 35200000, p: 807597, s: 9214468 	 max proactive lookup: 16, max shadow lookup: 16
	evict counters: 128 128 128 128 128 128 128 128 128 128 128 128 128 128 128 128
	eager counters: 128 128 128 128 128 128 128 128 128 128 128 128 128 128 128 128
num evicts: 35300000, p: 810807, s: 9252429 	 max proactive lookup: 16, max shadow lookup: 16
	evict counters: 128 128 128 128 128 128 128 128 128 128 128 128 128 128 128 128
	eager counters: 128 128 128 128 128 128 128 128 128 128 128 128 128 128 128 128
num evicts: 35400000, p: 813981, s: 9289652 	 max proactive lookup: 16, max shadow lookup: 16
	evict counters: 128 128 128 128 128 128 128 128 128 128 128 128 128 128 128 128
	eager counters: 128 128 128 128 128 128 128 128 128 128 128 128 128 128 128 128
num evicts: 35500000, p: 817288, s: 9327237 	 max proactive lookup: 16, max shadow lookup: 16
	evict counters: 128 128 128 128 128 128 128 128 128 128 128 128 128 128 128 128
	eager counters: 128 128 128 128 128 128 128 128 128 128 128 128 128 128 128 128
num evicts: 35600000, p: 820551, s: 9364668 	 max proactive lookup: 16, max shadow lookup: 16
	evict counters: 128 128 128 128 128 128 128 128 128 128 128 128 128 128 128 128
	eager counters: 128 128 128 128 128 128 128 128 128 128 128 128 128 128 128 128
num evicts: 35700000, p: 823719, s: 9402352 	 max proactive lookup: 16, max shadow lookup: 16
	evict counters: 128 128 128 128 128 128 128 128 128 128 128 128 128 128 128 128
	eager counters: 128 128 128 128 128 128 128 128 128 128 128 128 128 128 128 128
num evicts: 35800000, p: 826982, s: 9439490 	 max proactive lookup: 16, max shadow lookup: 16
	evict counters: 128 128 128 128 128 128 128 128 128 128 128 128 128 128 128 128
	eager counters: 128 128 128 128 128 128 128 128 128 128 128 128 128 128 128 128
num evicts: 35900000, p: 830235, s: 9476609 	 max proactive lookup: 16, max shadow lookup: 16
	evict counters: 128 128 128 128 128 128 128 128 128 128 128 128 128 128 128 128
	eager counters: 128 128 128 128 128 128 128 128 128 128 128 128 128 128 128 128
num evicts: 36000000, p: 833584, s: 9513964 	 max proactive lookup: 16, max shadow lookup: 16
	evict counters: 128 128 128 128 128 128 128 128 128 128 128 128 128 128 128 128
	eager counters: 128 128 128 128 128 128 128 128 128 128 128 128 128 128 128 128
num evicts: 36100000, p: 836924, s: 9551009 	 max proactive lookup: 16, max shadow lookup: 16
	evict counters: 128 128 128 128 128 128 128 128 128 128 128 128 128 128 128 128
	eager counters: 128 128 128 128 128 128 128 128 128 128 128 128 128 128 128 128
num evicts: 36200000, p: 840295, s: 9587992 	 max proactive lookup: 16, max shadow lookup: 16
	evict counters: 128 128 128 128 128 128 128 128 128 128 128 128 128 128 128 128
	eager counters: 128 128 128 128 128 128 128 128 128 128 128 128 128 128 128 128
num evicts: 36300000, p: 843713, s: 9624547 	 max proactive lookup: 16, max shadow lookup: 16
	evict counters: 128 128 128 128 128 128 128 128 128 128 128 128 128 128 128 128
	eager counters: 128 128 128 128 128 128 128 128 128 128 128 128 128 128 128 128
num evicts: 36400000, p: 846958, s: 9661063 	 max proactive lookup: 16, max shadow lookup: 16
	evict counters: 128 128 128 128 128 128 128 128 128 128 128 128 128 128 128 128
	eager counters: 128 128 128 128 128 128 128 128 128 128 128 128 128 128 128 128
num evicts: 36500000, p: 850228, s: 9697472 	 max proactive lookup: 16, max shadow lookup: 16
	evict counters: 128 128 128 128 128 128 128 128 128 128 128 128 128 128 128 128
	eager counters: 128 128 128 128 128 128 128 128 128 128 128 128 128 128 128 128
num evicts: 36600000, p: 853535, s: 9733337 	 max proactive lookup: 16, max shadow lookup: 16
	evict counters: 128 128 128 128 128 128 128 128 128 128 128 128 128 128 128 128
	eager counters: 128 128 128 128 128 128 128 128 128 128 128 128 128 128 128 128
num evicts: 36700000, p: 856637, s: 9767668 	 max proactive lookup: 16, max shadow lookup: 16
	evict counters: 128 128 128 128 128 128 128 128 128 128 128 128 128 128 128 128
	eager counters: 128 128 128 128 128 128 128 128 128 128 128 128 128 128 128 128
num evicts: 36800000, p: 859553, s: 9800031 	 max proactive lookup: 16, max shadow lookup: 16
	evict counters: 128 128 128 128 128 128 128 128 128 128 128 128 128 128 128 128
	eager counters: 128 128 128 128 128 128 128 128 128 128 128 128 128 128 128 128
num evicts: 36900000, p: 862103, s: 9827993 	 max proactive lookup: 16, max shadow lookup: 16
	evict counters: 128 128 128 128 128 128 128 128 128 128 128 128 128 128 128 128
	eager counters: 128 128 128 128 128 128 128 128 128 128 128 128 128 128 128 128
num evicts: 37000000, p: 864122, s: 9853957 	 max proactive lookup: 16, max shadow lookup: 16
	evict counters: 128 128 128 128 128 128 128 128 128 128 128 128 128 128 128 128
	eager counters: 128 128 128 128 128 128 128 128 128 128 128 128 128 128 128 128
num evicts: 37100000, p: 865717, s: 9877567 	 max proactive lookup: 16, max shadow lookup: 16
	evict counters: 128 128 128 128 128 128 128 128 128 128 128 128 128 128 128 128
	eager counters: 128 128 128 128 128 128 128 128 128 128 128 128 128 128 128 128
num evicts: 37200000, p: 867096, s: 9900595 	 max proactive lookup: 16, max shadow lookup: 16
	evict counters: 128 128 128 128 128 128 128 128 128 128 128 128 128 128 128 128
	eager counters: 128 128 128 128 128 128 128 128 128 128 128 128 128 128 128 128
num evicts: 37300000, p: 868152, s: 9924084 	 max proactive lookup: 16, max shadow lookup: 16
	evict counters: 128 128 128 128 128 128 128 128 128 128 128 128 128 128 128 128
	eager counters: 128 128 128 128 128 128 128 128 128 128 128 128 128 128 128 128
num evicts: 37400000, p: 869082, s: 9948870 	 max proactive lookup: 16, max shadow lookup: 16
	evict counters: 128 128 128 128 128 128 128 128 128 128 128 128 128 128 128 128
	eager counters: 128 128 128 128 128 128 128 128 128 128 128 128 128 128 128 128
num evicts: 37500000, p: 870169, s: 9976253 	 max proactive lookup: 16, max shadow lookup: 16
	evict counters: 128 128 128 128 128 128 128 128 128 128 128 128 128 128 128 128
	eager counters: 128 128 128 128 128 128 128 128 128 128 128 128 128 128 128 128
num evicts: 37600000, p: 871046, s: 10003075 	 max proactive lookup: 16, max shadow lookup: 16
	evict counters: 128 128 128 128 128 128 128 128 128 128 128 128 128 128 128 128
	eager counters: 128 128 128 128 128 128 128 128 128 128 128 128 128 128 128 128
num evicts: 37700000, p: 871781, s: 10027197 	 max proactive lookup: 16, max shadow lookup: 16
	evict counters: 128 128 128 128 128 128 128 128 128 128 128 128 128 128 128 128
	eager counters: 128 128 128 128 128 128 128 128 128 128 128 128 128 128 128 128
num evicts: 37800000, p: 872814, s: 10051380 	 max proactive lookup: 16, max shadow lookup: 16
	evict counters: 128 128 128 128 128 128 128 128 128 128 128 128 128 128 128 128
	eager counters: 128 128 128 128 128 128 128 128 128 128 128 128 128 128 128 128
num evicts: 37900000, p: 873648, s: 10074842 	 max proactive lookup: 16, max shadow lookup: 16
	evict counters: 128 128 128 128 128 128 128 128 128 128 128 128 128 128 128 128
	eager counters: 128 128 128 128 128 128 128 128 128 128 128 128 128 128 128 128
num evicts: 38000000, p: 874438, s: 10100144 	 max proactive lookup: 16, max shadow lookup: 16
	evict counters: 128 128 128 128 128 128 128 128 128 128 128 128 128 128 128 128
	eager counters: 128 128 128 128 128 128 128 128 128 128 128 128 128 128 128 128
num evicts: 38100000, p: 875381, s: 10127444 	 max proactive lookup: 16, max shadow lookup: 16
	evict counters: 128 128 128 128 128 128 128 128 128 128 128 128 128 128 128 128
	eager counters: 128 128 128 128 128 128 128 128 128 128 128 128 128 128 128 128
num evicts: 38200000, p: 876287, s: 10154457 	 max proactive lookup: 16, max shadow lookup: 16
	evict counters: 128 128 128 128 128 128 128 128 128 128 128 128 128 128 128 128
	eager counters: 128 128 128 128 128 128 128 128 128 128 128 128 128 128 128 128
num evicts: 38300000, p: 877136, s: 10179151 	 max proactive lookup: 16, max shadow lookup: 16
	evict counters: 128 128 128 128 128 128 128 128 128 128 128 128 128 128 128 128
	eager counters: 128 128 128 128 128 128 128 128 128 128 128 128 128 128 128 128
num evicts: 38400000, p: 878066, s: 10202659 	 max proactive lookup: 16, max shadow lookup: 16
	evict counters: 128 128 128 128 128 128 128 128 128 128 128 128 128 128 128 128
	eager counters: 128 128 128 128 128 128 128 128 128 128 128 128 128 128 128 128
num evicts: 38500000, p: 878812, s: 10225719 	 max proactive lookup: 16, max shadow lookup: 16
	evict counters: 128 128 128 128 128 128 128 128 128 128 128 128 128 128 128 128
	eager counters: 128 128 128 128 128 128 128 128 128 128 128 128 128 128 128 128
num evicts: 38600000, p: 879641, s: 10251410 	 max proactive lookup: 16, max shadow lookup: 16
	evict counters: 128 128 128 128 128 128 128 128 128 128 128 128 128 128 128 128
	eager counters: 128 128 128 128 128 128 128 128 128 128 128 128 128 128 128 128
Heartbeat CPU 0 instructions: 110000023 cycles: 388086257 heartbeat IPC: 0.1846 cumulative IPC: 0.2233 (Simulation time: 06 hr 54 min 53 sec)
Heartbeat CPU 1 instructions: 110000023 cycles: 388288145 heartbeat IPC: 0.1861 cumulative IPC: 0.2244 (Simulation time: 06 hr 55 min 07 sec)
Heartbeat CPU 2 instructions: 110000013 cycles: 388389735 heartbeat IPC: 0.1862 cumulative IPC: 0.2251 (Simulation time: 06 hr 55 min 14 sec)
Heartbeat CPU 3 instructions: 110000018 cycles: 388434817 heartbeat IPC: 0.1864 cumulative IPC: 0.225 (Simulation time: 06 hr 55 min 17 sec)
Heartbeat CPU 4 instructions: 110000023 cycles: 388508609 heartbeat IPC: 0.1864 cumulative IPC: 0.2252 (Simulation time: 06 hr 55 min 22 sec)
Heartbeat CPU 7 instructions: 110000023 cycles: 388540733 heartbeat IPC: 0.1867 cumulative IPC: 0.2255 (Simulation time: 06 hr 55 min 24 sec)
Heartbeat CPU 6 instructions: 110000023 cycles: 388566710 heartbeat IPC: 0.1865 cumulative IPC: 0.2254 (Simulation time: 06 hr 55 min 26 sec)
Heartbeat CPU 5 instructions: 110000028 cycles: 388593666 heartbeat IPC: 0.1867 cumulative IPC: 0.2253 (Simulation time: 06 hr 55 min 28 sec)
num evicts: 38700000, p: 881556, s: 10279666 	 max proactive lookup: 16, max shadow lookup: 16
	evict counters: 128 128 128 128 128 128 128 128 128 128 128 128 128 128 128 128
	eager counters: 128 128 128 128 128 128 128 128 128 128 128 128 128 128 128 128
num evicts: 38800000, p: 884790, s: 10312773 	 max proactive lookup: 16, max shadow lookup: 16
	evict counters: 128 128 128 128 128 128 128 128 128 128 128 128 128 128 128 128
	eager counters: 128 128 128 128 128 128 128 128 128 128 128 128 128 128 128 128
num evicts: 38900000, p: 887969, s: 10338205 	 max proactive lookup: 16, max shadow lookup: 16
	evict counters: 128 128 128 128 128 128 128 128 128 128 128 128 128 128 128 128
	eager counters: 128 128 128 128 128 128 128 128 128 128 128 128 128 128 128 128
num evicts: 39000000, p: 890971, s: 10360416 	 max proactive lookup: 16, max shadow lookup: 16
	evict counters: 128 128 128 128 128 128 128 128 128 128 128 128 128 128 128 128
	eager counters: 128 128 128 128 128 128 128 128 128 128 128 128 128 128 128 128
num evicts: 39100000, p: 893594, s: 10379335 	 max proactive lookup: 16, max shadow lookup: 16
	evict counters: 128 128 128 128 128 128 128 128 128 128 128 128 128 128 128 128
	eager counters: 128 128 128 128 128 128 128 128 128 128 128 128 128 128 128 128
num evicts: 39200000, p: 895984, s: 10396500 	 max proactive lookup: 16, max shadow lookup: 16
	evict counters: 128 128 128 128 128 128 128 128 128 128 128 128 128 128 128 128
	eager counters: 128 128 128 128 128 128 128 128 128 128 128 128 128 128 128 128
num evicts: 39300000, p: 898573, s: 10414641 	 max proactive lookup: 16, max shadow lookup: 16
	evict counters: 128 128 128 128 128 128 128 128 128 128 128 128 128 128 128 128
	eager counters: 128 128 128 128 128 128 128 128 128 128 128 128 128 128 128 128
num evicts: 39400000, p: 901023, s: 10434327 	 max proactive lookup: 16, max shadow lookup: 16
	evict counters: 128 128 128 128 128 128 128 128 128 128 128 128 128 128 128 128
	eager counters: 128 128 128 128 128 128 128 128 128 128 128 128 128 128 128 128
num evicts: 39500000, p: 903555, s: 10454488 	 max proactive lookup: 16, max shadow lookup: 16
	evict counters: 128 128 128 128 128 128 128 128 128 128 128 128 128 128 128 128
	eager counters: 128 128 128 128 128 128 128 128 128 128 128 128 128 128 128 128
num evicts: 39600000, p: 906309, s: 10475994 	 max proactive lookup: 16, max shadow lookup: 16
	evict counters: 128 128 128 128 128 128 128 128 128 128 128 128 128 128 128 128
	eager counters: 128 128 128 128 128 128 128 128 128 128 128 128 128 128 128 128
num evicts: 39700000, p: 909226, s: 10497802 	 max proactive lookup: 16, max shadow lookup: 16
	evict counters: 128 128 128 128 128 128 128 128 128 128 128 128 128 128 128 128
	eager counters: 128 128 128 128 128 128 128 128 128 128 128 128 128 128 128 128
num evicts: 39800000, p: 912081, s: 10519639 	 max proactive lookup: 16, max shadow lookup: 16
	evict counters: 128 128 128 128 128 128 128 128 128 128 128 128 128 128 128 128
	eager counters: 128 128 128 128 128 128 128 128 128 128 128 128 128 128 128 128
num evicts: 39900000, p: 915255, s: 10542133 	 max proactive lookup: 16, max shadow lookup: 16
	evict counters: 128 128 128 128 128 128 128 128 128 128 128 128 128 128 128 128
	eager counters: 128 128 128 128 128 128 128 128 128 128 128 128 128 128 128 128
num evicts: 40000000, p: 918528, s: 10564562 	 max proactive lookup: 16, max shadow lookup: 16
	evict counters: 128 128 128 128 128 128 128 128 128 128 128 128 128 128 128 128
	eager counters: 128 128 128 128 128 128 128 128 128 128 128 128 128 128 128 128
num evicts: 40100000, p: 921530, s: 10586384 	 max proactive lookup: 16, max shadow lookup: 16
	evict counters: 128 128 128 128 128 128 128 128 128 128 128 128 128 128 128 128
	eager counters: 128 128 128 128 128 128 128 128 128 128 128 128 128 128 128 128
num evicts: 40200000, p: 924550, s: 10608436 	 max proactive lookup: 16, max shadow lookup: 16
	evict counters: 128 128 128 128 128 128 128 128 128 128 128 128 128 128 128 128
	eager counters: 128 128 128 128 128 128 128 128 128 128 128 128 128 128 128 128
num evicts: 40300000, p: 927618, s: 10629797 	 max proactive lookup: 16, max shadow lookup: 16
	evict counters: 128 128 128 128 128 128 128 128 128 128 128 128 128 128 128 128
	eager counters: 128 128 128 128 128 128 128 128 128 128 128 128 128 128 128 128
num evicts: 40400000, p: 930508, s: 10651509 	 max proactive lookup: 16, max shadow lookup: 16
	evict counters: 128 128 128 128 128 128 128 128 128 128 128 128 128 128 128 128
	eager counters: 128 128 128 128 128 128 128 128 128 128 128 128 128 128 128 128
num evicts: 40500000, p: 933566, s: 10673120 	 max proactive lookup: 16, max shadow lookup: 16
	evict counters: 128 128 128 128 128 128 128 128 128 128 128 128 128 128 128 128
	eager counters: 128 128 128 128 128 128 128 128 128 128 128 128 128 128 128 128
num evicts: 40600000, p: 936554, s: 10694460 	 max proactive lookup: 16, max shadow lookup: 16
	evict counters: 128 128 128 128 128 128 128 128 128 128 128 128 128 128 128 128
	eager counters: 128 128 128 128 128 128 128 128 128 128 128 128 128 128 128 128
num evicts: 40700000, p: 939541, s: 10715019 	 max proactive lookup: 16, max shadow lookup: 16
	evict counters: 128 128 128 128 128 128 128 128 128 128 128 128 128 128 128 128
	eager counters: 128 128 128 128 128 128 128 128 128 128 128 128 128 128 128 128
num evicts: 40800000, p: 942636, s: 10736368 	 max proactive lookup: 16, max shadow lookup: 16
	evict counters: 128 128 128 128 128 128 128 128 128 128 128 128 128 128 128 128
	eager counters: 128 128 128 128 128 128 128 128 128 128 128 128 128 128 128 128
num evicts: 40900000, p: 945529, s: 10758073 	 max proactive lookup: 16, max shadow lookup: 16
	evict counters: 128 128 128 128 128 128 128 128 128 128 128 128 128 128 128 128
	eager counters: 128 128 128 128 128 128 128 128 128 128 128 128 128 128 128 128
num evicts: 41000000, p: 948503, s: 10779487 	 max proactive lookup: 16, max shadow lookup: 16
	evict counters: 128 128 128 128 128 128 128 128 128 128 128 128 128 128 128 128
	eager counters: 128 128 128 128 128 128 128 128 128 128 128 128 128 128 128 128
num evicts: 41100000, p: 951554, s: 10800972 	 max proactive lookup: 16, max shadow lookup: 16
	evict counters: 128 128 128 128 128 128 128 128 128 128 128 128 128 128 128 128
	eager counters: 128 128 128 128 128 128 128 128 128 128 128 128 128 128 128 128
num evicts: 41200000, p: 954634, s: 10822946 	 max proactive lookup: 16, max shadow lookup: 16
	evict counters: 128 128 128 128 128 128 128 128 128 128 128 128 128 128 128 128
	eager counters: 128 128 128 128 128 128 128 128 128 128 128 128 128 128 128 128
num evicts: 41300000, p: 957687, s: 10845257 	 max proactive lookup: 16, max shadow lookup: 16
	evict counters: 128 128 128 128 128 128 128 128 128 128 128 128 128 128 128 128
	eager counters: 128 128 128 128 128 128 128 128 128 128 128 128 128 128 128 128
num evicts: 41400000, p: 960823, s: 10868857 	 max proactive lookup: 16, max shadow lookup: 16
	evict counters: 128 128 128 128 128 128 128 128 128 128 128 128 128 128 128 128
	eager counters: 128 128 128 128 128 128 128 128 128 128 128 128 128 128 128 128
num evicts: 41500000, p: 964275, s: 10892505 	 max proactive lookup: 16, max shadow lookup: 16
	evict counters: 128 128 128 128 128 128 128 128 128 128 128 128 128 128 128 128
	eager counters: 128 128 128 128 128 128 128 128 128 128 128 128 128 128 128 128
num evicts: 41600000, p: 967363, s: 10914913 	 max proactive lookup: 16, max shadow lookup: 16
	evict counters: 128 128 128 128 128 128 128 128 128 128 128 128 128 128 128 128
	eager counters: 128 128 128 128 128 128 128 128 128 128 128 128 128 128 128 128
num evicts: 41700000, p: 970223, s: 10936328 	 max proactive lookup: 16, max shadow lookup: 16
	evict counters: 128 128 128 128 128 128 128 128 128 128 128 128 128 128 128 128
	eager counters: 128 128 128 128 128 128 128 128 128 128 128 128 128 128 128 128
Heartbeat CPU 0 instructions: 120000027 cycles: 425968836 heartbeat IPC: 0.264 cumulative IPC: 0.2271 (Simulation time: 07 hr 35 min 28 sec)
Heartbeat CPU 1 instructions: 120000027 cycles: 426192494 heartbeat IPC: 0.2638 cumulative IPC: 0.228 (Simulation time: 07 hr 35 min 42 sec)
Heartbeat CPU 2 instructions: 120000013 cycles: 426363835 heartbeat IPC: 0.2633 cumulative IPC: 0.2286 (Simulation time: 07 hr 35 min 53 sec)
Heartbeat CPU 3 instructions: 120000018 cycles: 426402807 heartbeat IPC: 0.2634 cumulative IPC: 0.2285 (Simulation time: 07 hr 35 min 55 sec)
Heartbeat CPU 6 instructions: 120000023 cycles: 426504693 heartbeat IPC: 0.2636 cumulative IPC: 0.2289 (Simulation time: 07 hr 36 min 02 sec)
Heartbeat CPU 4 instructions: 120000023 cycles: 426549303 heartbeat IPC: 0.2629 cumulative IPC: 0.2287 (Simulation time: 07 hr 36 min 05 sec)
Heartbeat CPU 7 instructions: 120000023 cycles: 426603908 heartbeat IPC: 0.2627 cumulative IPC: 0.2289 (Simulation time: 07 hr 36 min 08 sec)
Heartbeat CPU 5 instructions: 120000028 cycles: 426614278 heartbeat IPC: 0.263 cumulative IPC: 0.2288 (Simulation time: 07 hr 36 min 09 sec)
num evicts: 41800000, p: 973171, s: 10958545 	 max proactive lookup: 16, max shadow lookup: 16
	evict counters: 128 128 128 128 128 128 128 128 128 128 128 128 128 128 128 128
	eager counters: 128 128 128 128 128 128 128 128 128 128 128 128 128 128 128 128
num evicts: 41900000, p: 976191, s: 10980753 	 max proactive lookup: 16, max shadow lookup: 16
	evict counters: 128 128 128 128 128 128 128 128 128 128 128 128 128 128 128 128
	eager counters: 128 128 128 128 128 128 128 128 128 128 128 128 128 128 128 128
num evicts: 42000000, p: 979305, s: 11003828 	 max proactive lookup: 16, max shadow lookup: 16
	evict counters: 128 128 128 128 128 128 128 128 128 128 128 128 128 128 128 128
	eager counters: 128 128 128 128 128 128 128 128 128 128 128 128 128 128 128 128
num evicts: 42100000, p: 982470, s: 11026223 	 max proactive lookup: 16, max shadow lookup: 16
	evict counters: 128 128 128 128 128 128 128 128 128 128 128 128 128 128 128 128
	eager counters: 128 128 128 128 128 128 128 128 128 128 128 128 128 128 128 128
num evicts: 42200000, p: 985807, s: 11049029 	 max proactive lookup: 16, max shadow lookup: 16
	evict counters: 128 128 128 128 128 128 128 128 128 128 128 128 128 128 128 128
	eager counters: 128 128 128 128 128 128 128 128 128 128 128 128 128 128 128 128
num evicts: 42300000, p: 989226, s: 11071774 	 max proactive lookup: 16, max shadow lookup: 16
	evict counters: 128 128 128 128 128 128 128 128 128 128 128 128 128 128 128 128
	eager counters: 128 128 128 128 128 128 128 128 128 128 128 128 128 128 128 128
num evicts: 42400000, p: 992859, s: 11094826 	 max proactive lookup: 16, max shadow lookup: 16
	evict counters: 128 128 128 128 128 128 128 128 128 128 128 128 128 128 128 128
	eager counters: 128 128 128 128 128 128 128 128 128 128 128 128 128 128 128 128
num evicts: 42500000, p: 996382, s: 11117467 	 max proactive lookup: 16, max shadow lookup: 16
	evict counters: 128 128 128 128 128 128 128 128 128 128 128 128 128 128 128 128
	eager counters: 128 128 128 128 128 128 128 128 128 128 128 128 128 128 128 128
num evicts: 42600000, p: 999799, s: 11140546 	 max proactive lookup: 16, max shadow lookup: 16
	evict counters: 128 128 128 128 128 128 128 128 128 128 128 128 128 128 128 128
	eager counters: 128 128 128 128 128 128 128 128 128 128 128 128 128 128 128 128
num evicts: 42700000, p: 1003291, s: 11163568 	 max proactive lookup: 16, max shadow lookup: 16
	evict counters: 128 128 128 128 128 128 128 128 128 128 128 128 128 128 128 128
	eager counters: 128 128 128 128 128 128 128 128 128 128 128 128 128 128 128 128
num evicts: 42800000, p: 1006618, s: 11186237 	 max proactive lookup: 16, max shadow lookup: 16
	evict counters: 128 128 128 128 128 128 128 128 128 128 128 128 128 128 128 128
	eager counters: 128 128 128 128 128 128 128 128 128 128 128 128 128 128 128 128
num evicts: 42900000, p: 1009782, s: 11208145 	 max proactive lookup: 16, max shadow lookup: 16
	evict counters: 128 128 128 128 128 128 128 128 128 128 128 128 128 128 128 128
	eager counters: 128 128 128 128 128 128 128 128 128 128 128 128 128 128 128 128
num evicts: 43000000, p: 1013073, s: 11230392 	 max proactive lookup: 16, max shadow lookup: 16
	evict counters: 128 128 128 128 128 128 128 128 128 128 128 128 128 128 128 128
	eager counters: 128 128 128 128 128 128 128 128 128 128 128 128 128 128 128 128
num evicts: 43100000, p: 1016646, s: 11252012 	 max proactive lookup: 16, max shadow lookup: 16
	evict counters: 128 128 128 128 128 128 128 128 128 128 128 128 128 128 128 128
	eager counters: 128 128 128 128 128 128 128 128 128 128 128 128 128 128 128 128
num evicts: 43200000, p: 1020079, s: 11273875 	 max proactive lookup: 16, max shadow lookup: 16
	evict counters: 128 128 128 128 128 128 128 128 128 128 128 128 128 128 128 128
	eager counters: 128 128 128 128 128 128 128 128 128 128 128 128 128 128 128 128
num evicts: 43300000, p: 1023624, s: 11296544 	 max proactive lookup: 16, max shadow lookup: 16
	evict counters: 128 128 128 128 128 128 128 128 128 128 128 128 128 128 128 128
	eager counters: 128 128 128 128 128 128 128 128 128 128 128 128 128 128 128 128
num evicts: 43400000, p: 1027203, s: 11319810 	 max proactive lookup: 16, max shadow lookup: 16
	evict counters: 128 128 128 128 128 128 128 128 128 128 128 128 128 128 128 128
	eager counters: 128 128 128 128 128 128 128 128 128 128 128 128 128 128 128 128
Simulation finished CPU 6 instructions: 100000000 cycles: 435047288 cumulative IPC: 0.2299 (Simulation time: 07 hr 57 min 37 sec)
Simulation finished CPU 7 instructions: 100000001 cycles: 435101761 cumulative IPC: 0.2298 (Simulation time: 07 hr 57 min 40 sec)
Simulation finished CPU 5 instructions: 100000002 cycles: 435259070 cumulative IPC: 0.2297 (Simulation time: 07 hr 57 min 51 sec)
Simulation finished CPU 4 instructions: 100000001 cycles: 435394442 cumulative IPC: 0.2297 (Simulation time: 07 hr 57 min 59 sec)
Simulation finished CPU 2 instructions: 100000004 cycles: 435499500 cumulative IPC: 0.2296 (Simulation time: 07 hr 58 min 06 sec)
Simulation finished CPU 3 instructions: 100000000 cycles: 435783137 cumulative IPC: 0.2295 (Simulation time: 07 hr 58 min 24 sec)
num evicts: 43500000, p: 1030055, s: 11341142 	 max proactive lookup: 16, max shadow lookup: 16
	evict counters: 128 128 128 128 128 128 128 128 128 128 128 128 128 128 128 128
	eager counters: 128 128 128 128 128 128 128 128 128 128 128 128 128 128 128 128
Simulation finished CPU 1 instructions: 100000001 cycles: 436414825 cumulative IPC: 0.2291 (Simulation time: 07 hr 59 min 05 sec)
num evicts: 43600000, p: 1032533, s: 11360535 	 max proactive lookup: 16, max shadow lookup: 16
	evict counters: 128 128 128 128 128 128 128 128 128 128 128 128 128 128 128 128
	eager counters: 128 128 128 128 128 128 128 128 128 128 128 128 128 128 128 128
Simulation finished CPU 0 instructions: 100000004 cycles: 437572771 cumulative IPC: 0.2285 (Simulation time: 08 hr 00 min 21 sec)
Simulation complete CPU 7 instructions: 100705099 cycles: 437572771 cumulative IPC: 0.2301 (Simulation time: 08 hr 00 min 21 sec)
Simulation complete CPU 6 instructions: 100706700 cycles: 437572771 cumulative IPC: 0.2301 (Simulation time: 08 hr 00 min 21 sec)
Simulation complete CPU 5 instructions: 100642049 cycles: 437572771 cumulative IPC: 0.23 (Simulation time: 08 hr 00 min 21 sec)
Simulation complete CPU 4 instructions: 100619636 cycles: 437572771 cumulative IPC: 0.2299 (Simulation time: 08 hr 00 min 21 sec)
Simulation complete CPU 3 instructions: 100537932 cycles: 437572771 cumulative IPC: 0.2298 (Simulation time: 08 hr 00 min 21 sec)
Simulation complete CPU 2 instructions: 100598930 cycles: 437572771 cumulative IPC: 0.2299 (Simulation time: 08 hr 00 min 21 sec)
Simulation complete CPU 1 instructions: 100377501 cycles: 437572771 cumulative IPC: 0.2294 (Simulation time: 08 hr 00 min 21 sec)
Simulation complete CPU 0 instructions: 100000004 cycles: 437572771 cumulative IPC: 0.2285 (Simulation time: 08 hr 00 min 21 sec)

ChampSim completed all CPUs

=== Simulation ===
CPU 0 runs TRACES/ctf/ligra/ligra_Radii.com-lj.ungraph.gcc_6.3.0_O3.drop_25000M.length_250M.champsimtrace.xz
CPU 1 runs TRACES/ctf/ligra/ligra_Radii.com-lj.ungraph.gcc_6.3.0_O3.drop_25000M.length_250M.champsimtrace.xz
CPU 2 runs TRACES/ctf/ligra/ligra_Radii.com-lj.ungraph.gcc_6.3.0_O3.drop_25000M.length_250M.champsimtrace.xz
CPU 3 runs TRACES/ctf/ligra/ligra_Radii.com-lj.ungraph.gcc_6.3.0_O3.drop_25000M.length_250M.champsimtrace.xz
CPU 4 runs TRACES/ctf/ligra/ligra_Radii.com-lj.ungraph.gcc_6.3.0_O3.drop_25000M.length_250M.champsimtrace.xz
CPU 5 runs TRACES/ctf/ligra/ligra_Radii.com-lj.ungraph.gcc_6.3.0_O3.drop_25000M.length_250M.champsimtrace.xz
CPU 6 runs TRACES/ctf/ligra/ligra_Radii.com-lj.ungraph.gcc_6.3.0_O3.drop_25000M.length_250M.champsimtrace.xz
CPU 7 runs TRACES/ctf/ligra/ligra_Radii.com-lj.ungraph.gcc_6.3.0_O3.drop_25000M.length_250M.champsimtrace.xz

Total Simulation Statistics (not including warmup)

CPU 7 cumulative IPC: 0.2301 instructions: 100705099 cycles: 437572771
CPU 7 Branch Prediction Accuracy: 100% MPKI: 0 Average ROB Occupancy at Mispredict: -
Branch type MPKI
BRANCH_DIRECT_JUMP: 0
BRANCH_INDIRECT: 0
BRANCH_CONDITIONAL: 0
BRANCH_DIRECT_CALL: 0
BRANCH_INDIRECT_CALL: 0
BRANCH_RETURN: 0


CPU 6 cumulative IPC: 0.2301 instructions: 100706700 cycles: 437572771
CPU 6 Branch Prediction Accuracy: 100% MPKI: 0 Average ROB Occupancy at Mispredict: -
Branch type MPKI
BRANCH_DIRECT_JUMP: 0
BRANCH_INDIRECT: 0
BRANCH_CONDITIONAL: 0
BRANCH_DIRECT_CALL: 0
BRANCH_INDIRECT_CALL: 0
BRANCH_RETURN: 0


CPU 5 cumulative IPC: 0.23 instructions: 100642049 cycles: 437572771
CPU 5 Branch Prediction Accuracy: 100% MPKI: 0 Average ROB Occupancy at Mispredict: -
Branch type MPKI
BRANCH_DIRECT_JUMP: 0
BRANCH_INDIRECT: 0
BRANCH_CONDITIONAL: 0
BRANCH_DIRECT_CALL: 0
BRANCH_INDIRECT_CALL: 0
BRANCH_RETURN: 0


CPU 4 cumulative IPC: 0.2299 instructions: 100619636 cycles: 437572771
CPU 4 Branch Prediction Accuracy: 100% MPKI: 0 Average ROB Occupancy at Mispredict: -
Branch type MPKI
BRANCH_DIRECT_JUMP: 0
BRANCH_INDIRECT: 0
BRANCH_CONDITIONAL: 0
BRANCH_DIRECT_CALL: 0
BRANCH_INDIRECT_CALL: 0
BRANCH_RETURN: 0


CPU 3 cumulative IPC: 0.2298 instructions: 100537932 cycles: 437572771
CPU 3 Branch Prediction Accuracy: 100% MPKI: 0 Average ROB Occupancy at Mispredict: -
Branch type MPKI
BRANCH_DIRECT_JUMP: 0
BRANCH_INDIRECT: 0
BRANCH_CONDITIONAL: 0
BRANCH_DIRECT_CALL: 0
BRANCH_INDIRECT_CALL: 0
BRANCH_RETURN: 0


CPU 2 cumulative IPC: 0.2299 instructions: 100598930 cycles: 437572771
CPU 2 Branch Prediction Accuracy: 100% MPKI: 0 Average ROB Occupancy at Mispredict: -
Branch type MPKI
BRANCH_DIRECT_JUMP: 0
BRANCH_INDIRECT: 0
BRANCH_CONDITIONAL: 0
BRANCH_DIRECT_CALL: 0
BRANCH_INDIRECT_CALL: 0
BRANCH_RETURN: 0


CPU 1 cumulative IPC: 0.2294 instructions: 100377501 cycles: 437572771
CPU 1 Branch Prediction Accuracy: 100% MPKI: 0 Average ROB Occupancy at Mispredict: -
Branch type MPKI
BRANCH_DIRECT_JUMP: 0
BRANCH_INDIRECT: 0
BRANCH_CONDITIONAL: 0
BRANCH_DIRECT_CALL: 0
BRANCH_INDIRECT_CALL: 0
BRANCH_RETURN: 0


CPU 0 cumulative IPC: 0.2285 instructions: 100000004 cycles: 437572771
CPU 0 Branch Prediction Accuracy: 100% MPKI: 0 Average ROB Occupancy at Mispredict: -
Branch type MPKI
BRANCH_DIRECT_JUMP: 0
BRANCH_INDIRECT: 0
BRANCH_CONDITIONAL: 0
BRANCH_DIRECT_CALL: 0
BRANCH_INDIRECT_CALL: 0
BRANCH_RETURN: 0

cpu7->cpu7_STLB TOTAL        ACCESS:      26527 HIT:      26498 MISS:         29 MSHR_MERGE:          0
cpu7->cpu7_STLB LOAD         ACCESS:      26527 HIT:      26498 MISS:         29 MSHR_MERGE:          0
cpu7->cpu7_STLB RFO          ACCESS:          0 HIT:          0 MISS:          0 MSHR_MERGE:          0
cpu7->cpu7_STLB PREFETCH     ACCESS:          0 HIT:          0 MISS:          0 MSHR_MERGE:          0
cpu7->cpu7_STLB WRITE        ACCESS:          0 HIT:          0 MISS:          0 MSHR_MERGE:          0
cpu7->cpu7_STLB TRANSLATION  ACCESS:          0 HIT:          0 MISS:          0 MSHR_MERGE:          0
cpu7->cpu7_STLB PREFETCH REQUESTED:          0 ISSUED:          0 USEFUL:          0 USELESS:          0
cpu7->cpu7_STLB AVERAGE MISS LATENCY: 229.9 cycles
cpu7->cpu7_L2C TOTAL        ACCESS:    6297246 HIT:    1704554 MISS:    4592692 MSHR_MERGE:          0
cpu7->cpu7_L2C LOAD         ACCESS:    3818770 HIT:      54511 MISS:    3764259 MSHR_MERGE:          0
cpu7->cpu7_L2C RFO          ACCESS:     838779 HIT:      10379 MISS:     828400 MSHR_MERGE:          0
cpu7->cpu7_L2C PREFETCH     ACCESS:          0 HIT:          0 MISS:          0 MSHR_MERGE:          0
cpu7->cpu7_L2C WRITE        ACCESS:    1639671 HIT:    1639664 MISS:          7 MSHR_MERGE:          0
cpu7->cpu7_L2C TRANSLATION  ACCESS:         26 HIT:          0 MISS:         26 MSHR_MERGE:          0
cpu7->cpu7_L2C PREFETCH REQUESTED:          0 ISSUED:          0 USEFUL:          0 USELESS:          0
cpu7->cpu7_L2C AVERAGE MISS LATENCY: 470.3 cycles
cpu7->cpu7_L1I TOTAL        ACCESS:   21185834 HIT:   21185690 MISS:        144 MSHR_MERGE:         77
cpu7->cpu7_L1I LOAD         ACCESS:   21185834 HIT:   21185690 MISS:        144 MSHR_MERGE:         77
cpu7->cpu7_L1I RFO          ACCESS:          0 HIT:          0 MISS:          0 MSHR_MERGE:          0
cpu7->cpu7_L1I PREFETCH     ACCESS:          0 HIT:          0 MISS:          0 MSHR_MERGE:          0
cpu7->cpu7_L1I WRITE        ACCESS:          0 HIT:          0 MISS:          0 MSHR_MERGE:          0
cpu7->cpu7_L1I TRANSLATION  ACCESS:          0 HIT:          0 MISS:          0 MSHR_MERGE:          0
cpu7->cpu7_L1I PREFETCH REQUESTED:          0 ISSUED:          0 USEFUL:          0 USELESS:          0
cpu7->cpu7_L1I AVERAGE MISS LATENCY: 610 cycles
cpu7->cpu7_L1D TOTAL        ACCESS:   31002943 HIT:   19323519 MISS:   11679424 MSHR_MERGE:    7021899
cpu7->cpu7_L1D LOAD         ACCESS:   21500954 HIT:   13622360 MISS:    7878594 MSHR_MERGE:    4059890
cpu7->cpu7_L1D RFO          ACCESS:          0 HIT:          0 MISS:          0 MSHR_MERGE:          0
cpu7->cpu7_L1D PREFETCH     ACCESS:          0 HIT:          0 MISS:          0 MSHR_MERGE:          0
cpu7->cpu7_L1D WRITE        ACCESS:    9501960 HIT:    5701156 MISS:    3800804 MSHR_MERGE:    2962009
cpu7->cpu7_L1D TRANSLATION  ACCESS:         29 HIT:          3 MISS:         26 MSHR_MERGE:          0
cpu7->cpu7_L1D PREFETCH REQUESTED:          0 ISSUED:          0 USEFUL:          0 USELESS:          0
cpu7->cpu7_L1D AVERAGE MISS LATENCY: 472.8 cycles
cpu7->cpu7_ITLB TOTAL        ACCESS:   19873857 HIT:   19873857 MISS:          0 MSHR_MERGE:          0
cpu7->cpu7_ITLB LOAD         ACCESS:   19873857 HIT:   19873857 MISS:          0 MSHR_MERGE:          0
cpu7->cpu7_ITLB RFO          ACCESS:          0 HIT:          0 MISS:          0 MSHR_MERGE:          0
cpu7->cpu7_ITLB PREFETCH     ACCESS:          0 HIT:          0 MISS:          0 MSHR_MERGE:          0
cpu7->cpu7_ITLB WRITE        ACCESS:          0 HIT:          0 MISS:          0 MSHR_MERGE:          0
cpu7->cpu7_ITLB TRANSLATION  ACCESS:          0 HIT:          0 MISS:          0 MSHR_MERGE:          0
cpu7->cpu7_ITLB PREFETCH REQUESTED:          0 ISSUED:          0 USEFUL:          0 USELESS:          0
cpu7->cpu7_ITLB AVERAGE MISS LATENCY: - cycles
cpu7->cpu7_DTLB TOTAL        ACCESS:   29522016 HIT:   29490214 MISS:      31802 MSHR_MERGE:       5275
cpu7->cpu7_DTLB LOAD         ACCESS:   29522016 HIT:   29490214 MISS:      31802 MSHR_MERGE:       5275
cpu7->cpu7_DTLB RFO          ACCESS:          0 HIT:          0 MISS:          0 MSHR_MERGE:          0
cpu7->cpu7_DTLB PREFETCH     ACCESS:          0 HIT:          0 MISS:          0 MSHR_MERGE:          0
cpu7->cpu7_DTLB WRITE        ACCESS:          0 HIT:          0 MISS:          0 MSHR_MERGE:          0
cpu7->cpu7_DTLB TRANSLATION  ACCESS:          0 HIT:          0 MISS:          0 MSHR_MERGE:          0
cpu7->cpu7_DTLB PREFETCH REQUESTED:          0 ISSUED:          0 USEFUL:          0 USELESS:          0
cpu7->cpu7_DTLB AVERAGE MISS LATENCY: 5.252 cycles
cpu6->cpu6_STLB TOTAL        ACCESS:      26630 HIT:      26601 MISS:         29 MSHR_MERGE:          0
cpu6->cpu6_STLB LOAD         ACCESS:      26630 HIT:      26601 MISS:         29 MSHR_MERGE:          0
cpu6->cpu6_STLB RFO          ACCESS:          0 HIT:          0 MISS:          0 MSHR_MERGE:          0
cpu6->cpu6_STLB PREFETCH     ACCESS:          0 HIT:          0 MISS:          0 MSHR_MERGE:          0
cpu6->cpu6_STLB WRITE        ACCESS:          0 HIT:          0 MISS:          0 MSHR_MERGE:          0
cpu6->cpu6_STLB TRANSLATION  ACCESS:          0 HIT:          0 MISS:          0 MSHR_MERGE:          0
cpu6->cpu6_STLB PREFETCH REQUESTED:          0 ISSUED:          0 USEFUL:          0 USELESS:          0
cpu6->cpu6_STLB AVERAGE MISS LATENCY: 229.8 cycles
cpu6->cpu6_L2C TOTAL        ACCESS:    6297646 HIT:    1704556 MISS:    4593090 MSHR_MERGE:          0
cpu6->cpu6_L2C LOAD         ACCESS:    3819195 HIT:      54500 MISS:    3764695 MSHR_MERGE:          0
cpu6->cpu6_L2C RFO          ACCESS:     838745 HIT:      10383 MISS:     828362 MSHR_MERGE:          0
cpu6->cpu6_L2C PREFETCH     ACCESS:          0 HIT:          0 MISS:          0 MSHR_MERGE:          0
cpu6->cpu6_L2C WRITE        ACCESS:    1639680 HIT:    1639673 MISS:          7 MSHR_MERGE:          0
cpu6->cpu6_L2C TRANSLATION  ACCESS:         26 HIT:          0 MISS:         26 MSHR_MERGE:          0
cpu6->cpu6_L2C PREFETCH REQUESTED:          0 ISSUED:          0 USEFUL:          0 USELESS:          0
cpu6->cpu6_L2C AVERAGE MISS LATENCY: 470.2 cycles
cpu6->cpu6_L1I TOTAL        ACCESS:   21182422 HIT:   21182285 MISS:        137 MSHR_MERGE:         70
cpu6->cpu6_L1I LOAD         ACCESS:   21182422 HIT:   21182285 MISS:        137 MSHR_MERGE:         70
cpu6->cpu6_L1I RFO          ACCESS:          0 HIT:          0 MISS:          0 MSHR_MERGE:          0
cpu6->cpu6_L1I PREFETCH     ACCESS:          0 HIT:          0 MISS:          0 MSHR_MERGE:          0
cpu6->cpu6_L1I WRITE        ACCESS:          0 HIT:          0 MISS:          0 MSHR_MERGE:          0
cpu6->cpu6_L1I TRANSLATION  ACCESS:          0 HIT:          0 MISS:          0 MSHR_MERGE:          0
cpu6->cpu6_L1I PREFETCH REQUESTED:          0 ISSUED:          0 USEFUL:          0 USELESS:          0
cpu6->cpu6_L1I AVERAGE MISS LATENCY: 583.7 cycles
cpu6->cpu6_L1D TOTAL        ACCESS:   30997969 HIT:   19317540 MISS:   11680429 MSHR_MERGE:    7022519
cpu6->cpu6_L1D LOAD         ACCESS:   21495911 HIT:   13617778 MISS:    7878133 MSHR_MERGE:    4059004
cpu6->cpu6_L1D RFO          ACCESS:          0 HIT:          0 MISS:          0 MSHR_MERGE:          0
cpu6->cpu6_L1D PREFETCH     ACCESS:          0 HIT:          0 MISS:          0 MSHR_MERGE:          0
cpu6->cpu6_L1D WRITE        ACCESS:    9502029 HIT:    5699759 MISS:    3802270 MSHR_MERGE:    2963515
cpu6->cpu6_L1D TRANSLATION  ACCESS:         29 HIT:          3 MISS:         26 MSHR_MERGE:          0
cpu6->cpu6_L1D PREFETCH REQUESTED:          0 ISSUED:          0 USEFUL:          0 USELESS:          0
cpu6->cpu6_L1D AVERAGE MISS LATENCY: 472.7 cycles
cpu6->cpu6_ITLB TOTAL        ACCESS:   19873782 HIT:   19873782 MISS:          0 MSHR_MERGE:          0
cpu6->cpu6_ITLB LOAD         ACCESS:   19873782 HIT:   19873782 MISS:          0 MSHR_MERGE:          0
cpu6->cpu6_ITLB RFO          ACCESS:          0 HIT:          0 MISS:          0 MSHR_MERGE:          0
cpu6->cpu6_ITLB PREFETCH     ACCESS:          0 HIT:          0 MISS:          0 MSHR_MERGE:          0
cpu6->cpu6_ITLB WRITE        ACCESS:          0 HIT:          0 MISS:          0 MSHR_MERGE:          0
cpu6->cpu6_ITLB TRANSLATION  ACCESS:          0 HIT:          0 MISS:          0 MSHR_MERGE:          0
cpu6->cpu6_ITLB PREFETCH REQUESTED:          0 ISSUED:          0 USEFUL:          0 USELESS:          0
cpu6->cpu6_ITLB AVERAGE MISS LATENCY: - cycles
cpu6->cpu6_DTLB TOTAL        ACCESS:   29524486 HIT:   29492498 MISS:      31988 MSHR_MERGE:       5358
cpu6->cpu6_DTLB LOAD         ACCESS:   29524486 HIT:   29492498 MISS:      31988 MSHR_MERGE:       5358
cpu6->cpu6_DTLB RFO          ACCESS:          0 HIT:          0 MISS:          0 MSHR_MERGE:          0
cpu6->cpu6_DTLB PREFETCH     ACCESS:          0 HIT:          0 MISS:          0 MSHR_MERGE:          0
cpu6->cpu6_DTLB WRITE        ACCESS:          0 HIT:          0 MISS:          0 MSHR_MERGE:          0
cpu6->cpu6_DTLB TRANSLATION  ACCESS:          0 HIT:          0 MISS:          0 MSHR_MERGE:          0
cpu6->cpu6_DTLB PREFETCH REQUESTED:          0 ISSUED:          0 USEFUL:          0 USELESS:          0
cpu6->cpu6_DTLB AVERAGE MISS LATENCY: 5.251 cycles
cpu5->cpu5_STLB TOTAL        ACCESS:      26499 HIT:      26470 MISS:         29 MSHR_MERGE:          0
cpu5->cpu5_STLB LOAD         ACCESS:      26499 HIT:      26470 MISS:         29 MSHR_MERGE:          0
cpu5->cpu5_STLB RFO          ACCESS:          0 HIT:          0 MISS:          0 MSHR_MERGE:          0
cpu5->cpu5_STLB PREFETCH     ACCESS:          0 HIT:          0 MISS:          0 MSHR_MERGE:          0
cpu5->cpu5_STLB WRITE        ACCESS:          0 HIT:          0 MISS:          0 MSHR_MERGE:          0
cpu5->cpu5_STLB TRANSLATION  ACCESS:          0 HIT:          0 MISS:          0 MSHR_MERGE:          0
cpu5->cpu5_STLB PREFETCH REQUESTED:          0 ISSUED:          0 USEFUL:          0 USELESS:          0
cpu5->cpu5_STLB AVERAGE MISS LATENCY: 229.6 cycles
cpu5->cpu5_L2C TOTAL        ACCESS:    6294488 HIT:    1703776 MISS:    4590712 MSHR_MERGE:          0
cpu5->cpu5_L2C LOAD         ACCESS:    3816923 HIT:      54492 MISS:    3762431 MSHR_MERGE:          0
cpu5->cpu5_L2C RFO          ACCESS:     838627 HIT:      10379 MISS:     828248 MSHR_MERGE:          0
cpu5->cpu5_L2C PREFETCH     ACCESS:          0 HIT:          0 MISS:          0 MSHR_MERGE:          0
cpu5->cpu5_L2C WRITE        ACCESS:    1638912 HIT:    1638905 MISS:          7 MSHR_MERGE:          0
cpu5->cpu5_L2C TRANSLATION  ACCESS:         26 HIT:          0 MISS:         26 MSHR_MERGE:          0
cpu5->cpu5_L2C PREFETCH REQUESTED:          0 ISSUED:          0 USEFUL:          0 USELESS:          0
cpu5->cpu5_L2C AVERAGE MISS LATENCY: 470.6 cycles
cpu5->cpu5_L1I TOTAL        ACCESS:   21176158 HIT:   21176022 MISS:        136 MSHR_MERGE:         69
cpu5->cpu5_L1I LOAD         ACCESS:   21176158 HIT:   21176022 MISS:        136 MSHR_MERGE:         69
cpu5->cpu5_L1I RFO          ACCESS:          0 HIT:          0 MISS:          0 MSHR_MERGE:          0
cpu5->cpu5_L1I PREFETCH     ACCESS:          0 HIT:          0 MISS:          0 MSHR_MERGE:          0
cpu5->cpu5_L1I WRITE        ACCESS:          0 HIT:          0 MISS:          0 MSHR_MERGE:          0
cpu5->cpu5_L1I TRANSLATION  ACCESS:          0 HIT:          0 MISS:          0 MSHR_MERGE:          0
cpu5->cpu5_L1I PREFETCH REQUESTED:          0 ISSUED:          0 USEFUL:          0 USELESS:          0
cpu5->cpu5_L1I AVERAGE MISS LATENCY: 664.4 cycles
cpu5->cpu5_L1D TOTAL        ACCESS:   30990383 HIT:   19310059 MISS:   11680324 MSHR_MERGE:    7024794
cpu5->cpu5_L1D LOAD         ACCESS:   21492821 HIT:   13614645 MISS:    7878176 MSHR_MERGE:    4061318
cpu5->cpu5_L1D RFO          ACCESS:          0 HIT:          0 MISS:          0 MSHR_MERGE:          0
cpu5->cpu5_L1D PREFETCH     ACCESS:          0 HIT:          0 MISS:          0 MSHR_MERGE:          0
cpu5->cpu5_L1D WRITE        ACCESS:    9497533 HIT:    5695411 MISS:    3802122 MSHR_MERGE:    2963476
cpu5->cpu5_L1D TRANSLATION  ACCESS:         29 HIT:          3 MISS:         26 MSHR_MERGE:          0
cpu5->cpu5_L1D PREFETCH REQUESTED:          0 ISSUED:          0 USEFUL:          0 USELESS:          0
cpu5->cpu5_L1D AVERAGE MISS LATENCY: 473.1 cycles
cpu5->cpu5_ITLB TOTAL        ACCESS:   19873987 HIT:   19873987 MISS:          0 MSHR_MERGE:          0
cpu5->cpu5_ITLB LOAD         ACCESS:   19873987 HIT:   19873987 MISS:          0 MSHR_MERGE:          0
cpu5->cpu5_ITLB RFO          ACCESS:          0 HIT:          0 MISS:          0 MSHR_MERGE:          0
cpu5->cpu5_ITLB PREFETCH     ACCESS:          0 HIT:          0 MISS:          0 MSHR_MERGE:          0
cpu5->cpu5_ITLB WRITE        ACCESS:          0 HIT:          0 MISS:          0 MSHR_MERGE:          0
cpu5->cpu5_ITLB TRANSLATION  ACCESS:          0 HIT:          0 MISS:          0 MSHR_MERGE:          0
cpu5->cpu5_ITLB PREFETCH REQUESTED:          0 ISSUED:          0 USEFUL:          0 USELESS:          0
cpu5->cpu5_ITLB AVERAGE MISS LATENCY: - cycles
cpu5->cpu5_DTLB TOTAL        ACCESS:   29498150 HIT:   29466415 MISS:      31735 MSHR_MERGE:       5236
cpu5->cpu5_DTLB LOAD         ACCESS:   29498150 HIT:   29466415 MISS:      31735 MSHR_MERGE:       5236
cpu5->cpu5_DTLB RFO          ACCESS:          0 HIT:          0 MISS:          0 MSHR_MERGE:          0
cpu5->cpu5_DTLB PREFETCH     ACCESS:          0 HIT:          0 MISS:          0 MSHR_MERGE:          0
cpu5->cpu5_DTLB WRITE        ACCESS:          0 HIT:          0 MISS:          0 MSHR_MERGE:          0
cpu5->cpu5_DTLB TRANSLATION  ACCESS:          0 HIT:          0 MISS:          0 MSHR_MERGE:          0
cpu5->cpu5_DTLB PREFETCH REQUESTED:          0 ISSUED:          0 USEFUL:          0 USELESS:          0
cpu5->cpu5_DTLB AVERAGE MISS LATENCY: 5.253 cycles
cpu4->cpu4_STLB TOTAL        ACCESS:      26518 HIT:      26489 MISS:         29 MSHR_MERGE:          0
cpu4->cpu4_STLB LOAD         ACCESS:      26518 HIT:      26489 MISS:         29 MSHR_MERGE:          0
cpu4->cpu4_STLB RFO          ACCESS:          0 HIT:          0 MISS:          0 MSHR_MERGE:          0
cpu4->cpu4_STLB PREFETCH     ACCESS:          0 HIT:          0 MISS:          0 MSHR_MERGE:          0
cpu4->cpu4_STLB WRITE        ACCESS:          0 HIT:          0 MISS:          0 MSHR_MERGE:          0
cpu4->cpu4_STLB TRANSLATION  ACCESS:          0 HIT:          0 MISS:          0 MSHR_MERGE:          0
cpu4->cpu4_STLB PREFETCH REQUESTED:          0 ISSUED:          0 USEFUL:          0 USELESS:          0
cpu4->cpu4_STLB AVERAGE MISS LATENCY: 229.8 cycles
cpu4->cpu4_L2C TOTAL        ACCESS:    6292995 HIT:    1703346 MISS:    4589649 MSHR_MERGE:          0
cpu4->cpu4_L2C LOAD         ACCESS:    3815908 HIT:      54507 MISS:    3761401 MSHR_MERGE:          0
cpu4->cpu4_L2C RFO          ACCESS:     838588 HIT:      10373 MISS:     828215 MSHR_MERGE:          0
cpu4->cpu4_L2C PREFETCH     ACCESS:          0 HIT:          0 MISS:          0 MSHR_MERGE:          0
cpu4->cpu4_L2C WRITE        ACCESS:    1638473 HIT:    1638466 MISS:          7 MSHR_MERGE:          0
cpu4->cpu4_L2C TRANSLATION  ACCESS:         26 HIT:          0 MISS:         26 MSHR_MERGE:          0
cpu4->cpu4_L2C PREFETCH REQUESTED:          0 ISSUED:          0 USEFUL:          0 USELESS:          0
cpu4->cpu4_L2C AVERAGE MISS LATENCY: 471.9 cycles
cpu4->cpu4_L1I TOTAL        ACCESS:   21168507 HIT:   21168359 MISS:        148 MSHR_MERGE:         81
cpu4->cpu4_L1I LOAD         ACCESS:   21168507 HIT:   21168359 MISS:        148 MSHR_MERGE:         81
cpu4->cpu4_L1I RFO          ACCESS:          0 HIT:          0 MISS:          0 MSHR_MERGE:          0
cpu4->cpu4_L1I PREFETCH     ACCESS:          0 HIT:          0 MISS:          0 MSHR_MERGE:          0
cpu4->cpu4_L1I WRITE        ACCESS:          0 HIT:          0 MISS:          0 MSHR_MERGE:          0
cpu4->cpu4_L1I TRANSLATION  ACCESS:          0 HIT:          0 MISS:          0 MSHR_MERGE:          0
cpu4->cpu4_L1I PREFETCH REQUESTED:          0 ISSUED:          0 USEFUL:          0 USELESS:          0
cpu4->cpu4_L1I AVERAGE MISS LATENCY: 425.7 cycles
cpu4->cpu4_L1D TOTAL        ACCESS:   30983220 HIT:   19302361 MISS:   11680859 MSHR_MERGE:    7026386
cpu4->cpu4_L1D LOAD         ACCESS:   21488005 HIT:   13609213 MISS:    7878792 MSHR_MERGE:    4062950
cpu4->cpu4_L1D RFO          ACCESS:          0 HIT:          0 MISS:          0 MSHR_MERGE:          0
cpu4->cpu4_L1D PREFETCH     ACCESS:          0 HIT:          0 MISS:          0 MSHR_MERGE:          0
cpu4->cpu4_L1D WRITE        ACCESS:    9495186 HIT:    5693145 MISS:    3802041 MSHR_MERGE:    2963436
cpu4->cpu4_L1D TRANSLATION  ACCESS:         29 HIT:          3 MISS:         26 MSHR_MERGE:          0
cpu4->cpu4_L1D PREFETCH REQUESTED:          0 ISSUED:          0 USEFUL:          0 USELESS:          0
cpu4->cpu4_L1D AVERAGE MISS LATENCY: 474.4 cycles
cpu4->cpu4_ITLB TOTAL        ACCESS:   19867342 HIT:   19867342 MISS:          0 MSHR_MERGE:          0
cpu4->cpu4_ITLB LOAD         ACCESS:   19867342 HIT:   19867342 MISS:          0 MSHR_MERGE:          0
cpu4->cpu4_ITLB RFO          ACCESS:          0 HIT:          0 MISS:          0 MSHR_MERGE:          0
cpu4->cpu4_ITLB PREFETCH     ACCESS:          0 HIT:          0 MISS:          0 MSHR_MERGE:          0
cpu4->cpu4_ITLB WRITE        ACCESS:          0 HIT:          0 MISS:          0 MSHR_MERGE:          0
cpu4->cpu4_ITLB TRANSLATION  ACCESS:          0 HIT:          0 MISS:          0 MSHR_MERGE:          0
cpu4->cpu4_ITLB PREFETCH REQUESTED:          0 ISSUED:          0 USEFUL:          0 USELESS:          0
cpu4->cpu4_ITLB AVERAGE MISS LATENCY: - cycles
cpu4->cpu4_DTLB TOTAL        ACCESS:   29491750 HIT:   29459973 MISS:      31777 MSHR_MERGE:       5259
cpu4->cpu4_DTLB LOAD         ACCESS:   29491750 HIT:   29459973 MISS:      31777 MSHR_MERGE:       5259
cpu4->cpu4_DTLB RFO          ACCESS:          0 HIT:          0 MISS:          0 MSHR_MERGE:          0
cpu4->cpu4_DTLB PREFETCH     ACCESS:          0 HIT:          0 MISS:          0 MSHR_MERGE:          0
cpu4->cpu4_DTLB WRITE        ACCESS:          0 HIT:          0 MISS:          0 MSHR_MERGE:          0
cpu4->cpu4_DTLB TRANSLATION  ACCESS:          0 HIT:          0 MISS:          0 MSHR_MERGE:          0
cpu4->cpu4_DTLB PREFETCH REQUESTED:          0 ISSUED:          0 USEFUL:          0 USELESS:          0
cpu4->cpu4_DTLB AVERAGE MISS LATENCY: 5.252 cycles
cpu3->cpu3_STLB TOTAL        ACCESS:      26488 HIT:      26459 MISS:         29 MSHR_MERGE:          0
cpu3->cpu3_STLB LOAD         ACCESS:      26488 HIT:      26459 MISS:         29 MSHR_MERGE:          0
cpu3->cpu3_STLB RFO          ACCESS:          0 HIT:          0 MISS:          0 MSHR_MERGE:          0
cpu3->cpu3_STLB PREFETCH     ACCESS:          0 HIT:          0 MISS:          0 MSHR_MERGE:          0
cpu3->cpu3_STLB WRITE        ACCESS:          0 HIT:          0 MISS:          0 MSHR_MERGE:          0
cpu3->cpu3_STLB TRANSLATION  ACCESS:          0 HIT:          0 MISS:          0 MSHR_MERGE:          0
cpu3->cpu3_STLB PREFETCH REQUESTED:          0 ISSUED:          0 USEFUL:          0 USELESS:          0
cpu3->cpu3_STLB AVERAGE MISS LATENCY: 741 cycles
cpu3->cpu3_L2C TOTAL        ACCESS:    6286832 HIT:    1701640 MISS:    4585192 MSHR_MERGE:          0
cpu3->cpu3_L2C LOAD         ACCESS:    3811588 HIT:      54501 MISS:    3757087 MSHR_MERGE:          0
cpu3->cpu3_L2C RFO          ACCESS:     838447 HIT:      10375 MISS:     828072 MSHR_MERGE:          0
cpu3->cpu3_L2C PREFETCH     ACCESS:          0 HIT:          0 MISS:          0 MSHR_MERGE:          0
cpu3->cpu3_L2C WRITE        ACCESS:    1636771 HIT:    1636764 MISS:          7 MSHR_MERGE:          0
cpu3->cpu3_L2C TRANSLATION  ACCESS:         26 HIT:          0 MISS:         26 MSHR_MERGE:          0
cpu3->cpu3_L2C PREFETCH REQUESTED:          0 ISSUED:          0 USEFUL:          0 USELESS:          0
cpu3->cpu3_L2C AVERAGE MISS LATENCY: 472 cycles
cpu3->cpu3_L1I TOTAL        ACCESS:   21155903 HIT:   21155748 MISS:        155 MSHR_MERGE:         88
cpu3->cpu3_L1I LOAD         ACCESS:   21155903 HIT:   21155748 MISS:        155 MSHR_MERGE:         88
cpu3->cpu3_L1I RFO          ACCESS:          0 HIT:          0 MISS:          0 MSHR_MERGE:          0
cpu3->cpu3_L1I PREFETCH     ACCESS:          0 HIT:          0 MISS:          0 MSHR_MERGE:          0
cpu3->cpu3_L1I WRITE        ACCESS:          0 HIT:          0 MISS:          0 MSHR_MERGE:          0
cpu3->cpu3_L1I TRANSLATION  ACCESS:          0 HIT:          0 MISS:          0 MSHR_MERGE:          0
cpu3->cpu3_L1I PREFETCH REQUESTED:          0 ISSUED:          0 USEFUL:          0 USELESS:          0
cpu3->cpu3_L1I AVERAGE MISS LATENCY: 452 cycles
cpu3->cpu3_L1D TOTAL        ACCESS:   30960022 HIT:   19284218 MISS:   11675804 MSHR_MERGE:    7025801
cpu3->cpu3_L1D LOAD         ACCESS:   21471817 HIT:   13600098 MISS:    7871719 MSHR_MERGE:    4060197
cpu3->cpu3_L1D RFO          ACCESS:          0 HIT:          0 MISS:          0 MSHR_MERGE:          0
cpu3->cpu3_L1D PREFETCH     ACCESS:          0 HIT:          0 MISS:          0 MSHR_MERGE:          0
cpu3->cpu3_L1D WRITE        ACCESS:    9488176 HIT:    5684117 MISS:    3804059 MSHR_MERGE:    2965604
cpu3->cpu3_L1D TRANSLATION  ACCESS:         29 HIT:          3 MISS:         26 MSHR_MERGE:          0
cpu3->cpu3_L1D PREFETCH REQUESTED:          0 ISSUED:          0 USEFUL:          0 USELESS:          0
cpu3->cpu3_L1D AVERAGE MISS LATENCY: 474.4 cycles
cpu3->cpu3_ITLB TOTAL        ACCESS:   19891861 HIT:   19891861 MISS:          0 MSHR_MERGE:          0
cpu3->cpu3_ITLB LOAD         ACCESS:   19891861 HIT:   19891861 MISS:          0 MSHR_MERGE:          0
cpu3->cpu3_ITLB RFO          ACCESS:          0 HIT:          0 MISS:          0 MSHR_MERGE:          0
cpu3->cpu3_ITLB PREFETCH     ACCESS:          0 HIT:          0 MISS:          0 MSHR_MERGE:          0
cpu3->cpu3_ITLB WRITE        ACCESS:          0 HIT:          0 MISS:          0 MSHR_MERGE:          0
cpu3->cpu3_ITLB TRANSLATION  ACCESS:          0 HIT:          0 MISS:          0 MSHR_MERGE:          0
cpu3->cpu3_ITLB PREFETCH REQUESTED:          0 ISSUED:          0 USEFUL:          0 USELESS:          0
cpu3->cpu3_ITLB AVERAGE MISS LATENCY: - cycles
cpu3->cpu3_DTLB TOTAL        ACCESS:   29493310 HIT:   29461531 MISS:      31779 MSHR_MERGE:       5291
cpu3->cpu3_DTLB LOAD         ACCESS:   29493310 HIT:   29461531 MISS:      31779 MSHR_MERGE:       5291
cpu3->cpu3_DTLB RFO          ACCESS:          0 HIT:          0 MISS:          0 MSHR_MERGE:          0
cpu3->cpu3_DTLB PREFETCH     ACCESS:          0 HIT:          0 MISS:          0 MSHR_MERGE:          0
cpu3->cpu3_DTLB WRITE        ACCESS:          0 HIT:          0 MISS:          0 MSHR_MERGE:          0
cpu3->cpu3_DTLB TRANSLATION  ACCESS:          0 HIT:          0 MISS:          0 MSHR_MERGE:          0
cpu3->cpu3_DTLB PREFETCH REQUESTED:          0 ISSUED:          0 USEFUL:          0 USELESS:          0
cpu3->cpu3_DTLB AVERAGE MISS LATENCY: 5.812 cycles
cpu2->cpu2_STLB TOTAL        ACCESS:      26471 HIT:      26442 MISS:         29 MSHR_MERGE:          0
cpu2->cpu2_STLB LOAD         ACCESS:      26471 HIT:      26442 MISS:         29 MSHR_MERGE:          0
cpu2->cpu2_STLB RFO          ACCESS:          0 HIT:          0 MISS:          0 MSHR_MERGE:          0
cpu2->cpu2_STLB PREFETCH     ACCESS:          0 HIT:          0 MISS:          0 MSHR_MERGE:          0
cpu2->cpu2_STLB WRITE        ACCESS:          0 HIT:          0 MISS:          0 MSHR_MERGE:          0
cpu2->cpu2_STLB TRANSLATION  ACCESS:          0 HIT:          0 MISS:          0 MSHR_MERGE:          0
cpu2->cpu2_STLB PREFETCH REQUESTED:          0 ISSUED:          0 USEFUL:          0 USELESS:          0
cpu2->cpu2_STLB AVERAGE MISS LATENCY: 229.7 cycles
cpu2->cpu2_L2C TOTAL        ACCESS:    6290479 HIT:    1702561 MISS:    4587918 MSHR_MERGE:          0
cpu2->cpu2_L2C LOAD         ACCESS:    3814217 HIT:      54508 MISS:    3759709 MSHR_MERGE:          0
cpu2->cpu2_L2C RFO          ACCESS:     838541 HIT:      10365 MISS:     828176 MSHR_MERGE:          0
cpu2->cpu2_L2C PREFETCH     ACCESS:          0 HIT:          0 MISS:          0 MSHR_MERGE:          0
cpu2->cpu2_L2C WRITE        ACCESS:    1637695 HIT:    1637688 MISS:          7 MSHR_MERGE:          0
cpu2->cpu2_L2C TRANSLATION  ACCESS:         26 HIT:          0 MISS:         26 MSHR_MERGE:          0
cpu2->cpu2_L2C PREFETCH REQUESTED:          0 ISSUED:          0 USEFUL:          0 USELESS:          0
cpu2->cpu2_L2C AVERAGE MISS LATENCY: 472.3 cycles
cpu2->cpu2_L1I TOTAL        ACCESS:   21161104 HIT:   21160963 MISS:        141 MSHR_MERGE:         74
cpu2->cpu2_L1I LOAD         ACCESS:   21161104 HIT:   21160963 MISS:        141 MSHR_MERGE:         74
cpu2->cpu2_L1I RFO          ACCESS:          0 HIT:          0 MISS:          0 MSHR_MERGE:          0
cpu2->cpu2_L1I PREFETCH     ACCESS:          0 HIT:          0 MISS:          0 MSHR_MERGE:          0
cpu2->cpu2_L1I WRITE        ACCESS:          0 HIT:          0 MISS:          0 MSHR_MERGE:          0
cpu2->cpu2_L1I TRANSLATION  ACCESS:          0 HIT:          0 MISS:          0 MSHR_MERGE:          0
cpu2->cpu2_L1I PREFETCH REQUESTED:          0 ISSUED:          0 USEFUL:          0 USELESS:          0
cpu2->cpu2_L1I AVERAGE MISS LATENCY: 472.9 cycles
cpu2->cpu2_L1D TOTAL        ACCESS:   30973971 HIT:   19292463 MISS:   11681508 MSHR_MERGE:    7028770
cpu2->cpu2_L1D LOAD         ACCESS:   21481314 HIT:   13605564 MISS:    7875750 MSHR_MERGE:    4061599
cpu2->cpu2_L1D RFO          ACCESS:          0 HIT:          0 MISS:          0 MSHR_MERGE:          0
cpu2->cpu2_L1D PREFETCH     ACCESS:          0 HIT:          0 MISS:          0 MSHR_MERGE:          0
cpu2->cpu2_L1D WRITE        ACCESS:    9492628 HIT:    5686896 MISS:    3805732 MSHR_MERGE:    2967171
cpu2->cpu2_L1D TRANSLATION  ACCESS:         29 HIT:          3 MISS:         26 MSHR_MERGE:          0
cpu2->cpu2_L1D PREFETCH REQUESTED:          0 ISSUED:          0 USEFUL:          0 USELESS:          0
cpu2->cpu2_L1D AVERAGE MISS LATENCY: 474.8 cycles
cpu2->cpu2_ITLB TOTAL        ACCESS:   19862122 HIT:   19862122 MISS:          0 MSHR_MERGE:          0
cpu2->cpu2_ITLB LOAD         ACCESS:   19862122 HIT:   19862122 MISS:          0 MSHR_MERGE:          0
cpu2->cpu2_ITLB RFO          ACCESS:          0 HIT:          0 MISS:          0 MSHR_MERGE:          0
cpu2->cpu2_ITLB PREFETCH     ACCESS:          0 HIT:          0 MISS:          0 MSHR_MERGE:          0
cpu2->cpu2_ITLB WRITE        ACCESS:          0 HIT:          0 MISS:          0 MSHR_MERGE:          0
cpu2->cpu2_ITLB TRANSLATION  ACCESS:          0 HIT:          0 MISS:          0 MSHR_MERGE:          0
cpu2->cpu2_ITLB PREFETCH REQUESTED:          0 ISSUED:          0 USEFUL:          0 USELESS:          0
cpu2->cpu2_ITLB AVERAGE MISS LATENCY: - cycles
cpu2->cpu2_DTLB TOTAL        ACCESS:   29482384 HIT:   29450650 MISS:      31734 MSHR_MERGE:       5263
cpu2->cpu2_DTLB LOAD         ACCESS:   29482384 HIT:   29450650 MISS:      31734 MSHR_MERGE:       5263
cpu2->cpu2_DTLB RFO          ACCESS:          0 HIT:          0 MISS:          0 MSHR_MERGE:          0
cpu2->cpu2_DTLB PREFETCH     ACCESS:          0 HIT:          0 MISS:          0 MSHR_MERGE:          0
cpu2->cpu2_DTLB WRITE        ACCESS:          0 HIT:          0 MISS:          0 MSHR_MERGE:          0
cpu2->cpu2_DTLB TRANSLATION  ACCESS:          0 HIT:          0 MISS:          0 MSHR_MERGE:          0
cpu2->cpu2_DTLB PREFETCH REQUESTED:          0 ISSUED:          0 USEFUL:          0 USELESS:          0
cpu2->cpu2_DTLB AVERAGE MISS LATENCY: 5.253 cycles
cpu1->cpu1_STLB TOTAL        ACCESS:      26365 HIT:      26336 MISS:         29 MSHR_MERGE:          0
cpu1->cpu1_STLB LOAD         ACCESS:      26365 HIT:      26336 MISS:         29 MSHR_MERGE:          0
cpu1->cpu1_STLB RFO          ACCESS:          0 HIT:          0 MISS:          0 MSHR_MERGE:          0
cpu1->cpu1_STLB PREFETCH     ACCESS:          0 HIT:          0 MISS:          0 MSHR_MERGE:          0
cpu1->cpu1_STLB WRITE        ACCESS:          0 HIT:          0 MISS:          0 MSHR_MERGE:          0
cpu1->cpu1_STLB TRANSLATION  ACCESS:          0 HIT:          0 MISS:          0 MSHR_MERGE:          0
cpu1->cpu1_STLB PREFETCH REQUESTED:          0 ISSUED:          0 USEFUL:          0 USELESS:          0
cpu1->cpu1_STLB AVERAGE MISS LATENCY: 956.4 cycles
cpu1->cpu1_L2C TOTAL        ACCESS:    6274162 HIT:    1698269 MISS:    4575893 MSHR_MERGE:          0
cpu1->cpu1_L2C LOAD         ACCESS:    3802409 HIT:      54382 MISS:    3748027 MSHR_MERGE:          0
cpu1->cpu1_L2C RFO          ACCESS:     838192 HIT:      10359 MISS:     827833 MSHR_MERGE:          0
cpu1->cpu1_L2C PREFETCH     ACCESS:          0 HIT:          0 MISS:          0 MSHR_MERGE:          0
cpu1->cpu1_L2C WRITE        ACCESS:    1633535 HIT:    1633528 MISS:          7 MSHR_MERGE:          0
cpu1->cpu1_L2C TRANSLATION  ACCESS:         26 HIT:          0 MISS:         26 MSHR_MERGE:          0
cpu1->cpu1_L2C PREFETCH REQUESTED:          0 ISSUED:          0 USEFUL:          0 USELESS:          0
cpu1->cpu1_L2C AVERAGE MISS LATENCY: 467.6 cycles
cpu1->cpu1_L1I TOTAL        ACCESS:   21120051 HIT:   21119904 MISS:        147 MSHR_MERGE:         80
cpu1->cpu1_L1I LOAD         ACCESS:   21120051 HIT:   21119904 MISS:        147 MSHR_MERGE:         80
cpu1->cpu1_L1I RFO          ACCESS:          0 HIT:          0 MISS:          0 MSHR_MERGE:          0
cpu1->cpu1_L1I PREFETCH     ACCESS:          0 HIT:          0 MISS:          0 MSHR_MERGE:          0
cpu1->cpu1_L1I WRITE        ACCESS:          0 HIT:          0 MISS:          0 MSHR_MERGE:          0
cpu1->cpu1_L1I TRANSLATION  ACCESS:          0 HIT:          0 MISS:          0 MSHR_MERGE:          0
cpu1->cpu1_L1I PREFETCH REQUESTED:          0 ISSUED:          0 USEFUL:          0 USELESS:          0
cpu1->cpu1_L1I AVERAGE MISS LATENCY: 312.3 cycles
cpu1->cpu1_L1D TOTAL        ACCESS:   30890538 HIT:   19246353 MISS:   11644185 MSHR_MERGE:    7003610
cpu1->cpu1_L1D LOAD         ACCESS:   21414641 HIT:   13573067 MISS:    7841574 MSHR_MERGE:    4039230
cpu1->cpu1_L1D RFO          ACCESS:          0 HIT:          0 MISS:          0 MSHR_MERGE:          0
cpu1->cpu1_L1D PREFETCH     ACCESS:          0 HIT:          0 MISS:          0 MSHR_MERGE:          0
cpu1->cpu1_L1D WRITE        ACCESS:    9475868 HIT:    5673283 MISS:    3802585 MSHR_MERGE:    2964380
cpu1->cpu1_L1D TRANSLATION  ACCESS:         29 HIT:          3 MISS:         26 MSHR_MERGE:          0
cpu1->cpu1_L1D PREFETCH REQUESTED:          0 ISSUED:          0 USEFUL:          0 USELESS:          0
cpu1->cpu1_L1D AVERAGE MISS LATENCY: 470.1 cycles
cpu1->cpu1_ITLB TOTAL        ACCESS:   19857678 HIT:   19857678 MISS:          0 MSHR_MERGE:          0
cpu1->cpu1_ITLB LOAD         ACCESS:   19857678 HIT:   19857678 MISS:          0 MSHR_MERGE:          0
cpu1->cpu1_ITLB RFO          ACCESS:          0 HIT:          0 MISS:          0 MSHR_MERGE:          0
cpu1->cpu1_ITLB PREFETCH     ACCESS:          0 HIT:          0 MISS:          0 MSHR_MERGE:          0
cpu1->cpu1_ITLB WRITE        ACCESS:          0 HIT:          0 MISS:          0 MSHR_MERGE:          0
cpu1->cpu1_ITLB TRANSLATION  ACCESS:          0 HIT:          0 MISS:          0 MSHR_MERGE:          0
cpu1->cpu1_ITLB PREFETCH REQUESTED:          0 ISSUED:          0 USEFUL:          0 USELESS:          0
cpu1->cpu1_ITLB AVERAGE MISS LATENCY: - cycles
cpu1->cpu1_DTLB TOTAL        ACCESS:   29407613 HIT:   29375997 MISS:      31616 MSHR_MERGE:       5251
cpu1->cpu1_DTLB LOAD         ACCESS:   29407613 HIT:   29375997 MISS:      31616 MSHR_MERGE:       5251
cpu1->cpu1_DTLB RFO          ACCESS:          0 HIT:          0 MISS:          0 MSHR_MERGE:          0
cpu1->cpu1_DTLB PREFETCH     ACCESS:          0 HIT:          0 MISS:          0 MSHR_MERGE:          0
cpu1->cpu1_DTLB WRITE        ACCESS:          0 HIT:          0 MISS:          0 MSHR_MERGE:          0
cpu1->cpu1_DTLB TRANSLATION  ACCESS:          0 HIT:          0 MISS:          0 MSHR_MERGE:          0
cpu1->cpu1_DTLB PREFETCH REQUESTED:          0 ISSUED:          0 USEFUL:          0 USELESS:          0
cpu1->cpu1_DTLB AVERAGE MISS LATENCY: 6.054 cycles
cpu0->cpu0_STLB TOTAL        ACCESS:      26153 HIT:      26124 MISS:         29 MSHR_MERGE:          0
cpu0->cpu0_STLB LOAD         ACCESS:      26153 HIT:      26124 MISS:         29 MSHR_MERGE:          0
cpu0->cpu0_STLB RFO          ACCESS:          0 HIT:          0 MISS:          0 MSHR_MERGE:          0
cpu0->cpu0_STLB PREFETCH     ACCESS:          0 HIT:          0 MISS:          0 MSHR_MERGE:          0
cpu0->cpu0_STLB WRITE        ACCESS:          0 HIT:          0 MISS:          0 MSHR_MERGE:          0
cpu0->cpu0_STLB TRANSLATION  ACCESS:          0 HIT:          0 MISS:          0 MSHR_MERGE:          0
cpu0->cpu0_STLB PREFETCH REQUESTED:          0 ISSUED:          0 USEFUL:          0 USELESS:          0
cpu0->cpu0_STLB AVERAGE MISS LATENCY: 1265 cycles
cpu0->cpu0_L2C TOTAL        ACCESS:    6248579 HIT:    1691390 MISS:    4557189 MSHR_MERGE:          0
cpu0->cpu0_L2C LOAD         ACCESS:    3784116 HIT:      54175 MISS:    3729941 MSHR_MERGE:          0
cpu0->cpu0_L2C RFO          ACCESS:     837549 HIT:      10334 MISS:     827215 MSHR_MERGE:          0
cpu0->cpu0_L2C PREFETCH     ACCESS:          0 HIT:          0 MISS:          0 MSHR_MERGE:          0
cpu0->cpu0_L2C WRITE        ACCESS:    1626888 HIT:    1626881 MISS:          7 MSHR_MERGE:          0
cpu0->cpu0_L2C TRANSLATION  ACCESS:         26 HIT:          0 MISS:         26 MSHR_MERGE:          0
cpu0->cpu0_L2C PREFETCH REQUESTED:          0 ISSUED:          0 USEFUL:          0 USELESS:          0
cpu0->cpu0_L2C AVERAGE MISS LATENCY: 450 cycles
cpu0->cpu0_L1I TOTAL        ACCESS:   21044986 HIT:   21044835 MISS:        151 MSHR_MERGE:         84
cpu0->cpu0_L1I LOAD         ACCESS:   21044986 HIT:   21044835 MISS:        151 MSHR_MERGE:         84
cpu0->cpu0_L1I RFO          ACCESS:          0 HIT:          0 MISS:          0 MSHR_MERGE:          0
cpu0->cpu0_L1I PREFETCH     ACCESS:          0 HIT:          0 MISS:          0 MSHR_MERGE:          0
cpu0->cpu0_L1I WRITE        ACCESS:          0 HIT:          0 MISS:          0 MSHR_MERGE:          0
cpu0->cpu0_L1I TRANSLATION  ACCESS:          0 HIT:          0 MISS:          0 MSHR_MERGE:          0
cpu0->cpu0_L1I PREFETCH REQUESTED:          0 ISSUED:          0 USEFUL:          0 USELESS:          0
cpu0->cpu0_L1I AVERAGE MISS LATENCY: 369.5 cycles
cpu0->cpu0_L1D TOTAL        ACCESS:   30770757 HIT:   19182589 MISS:   11588168 MSHR_MERGE:    6966530
cpu0->cpu0_L1D LOAD         ACCESS:   21322889 HIT:   13539326 MISS:    7783563 MSHR_MERGE:    3999511
cpu0->cpu0_L1D RFO          ACCESS:          0 HIT:          0 MISS:          0 MSHR_MERGE:          0
cpu0->cpu0_L1D PREFETCH     ACCESS:          0 HIT:          0 MISS:          0 MSHR_MERGE:          0
cpu0->cpu0_L1D WRITE        ACCESS:    9447839 HIT:    5643260 MISS:    3804579 MSHR_MERGE:    2967019
cpu0->cpu0_L1D TRANSLATION  ACCESS:         29 HIT:          3 MISS:         26 MSHR_MERGE:          0
cpu0->cpu0_L1D PREFETCH REQUESTED:          0 ISSUED:          0 USEFUL:          0 USELESS:          0
cpu0->cpu0_L1D AVERAGE MISS LATENCY: 452.8 cycles
cpu0->cpu0_ITLB TOTAL        ACCESS:   19787421 HIT:   19787421 MISS:          0 MSHR_MERGE:          0
cpu0->cpu0_ITLB LOAD         ACCESS:   19787421 HIT:   19787421 MISS:          0 MSHR_MERGE:          0
cpu0->cpu0_ITLB RFO          ACCESS:          0 HIT:          0 MISS:          0 MSHR_MERGE:          0
cpu0->cpu0_ITLB PREFETCH     ACCESS:          0 HIT:          0 MISS:          0 MSHR_MERGE:          0
cpu0->cpu0_ITLB WRITE        ACCESS:          0 HIT:          0 MISS:          0 MSHR_MERGE:          0
cpu0->cpu0_ITLB TRANSLATION  ACCESS:          0 HIT:          0 MISS:          0 MSHR_MERGE:          0
cpu0->cpu0_ITLB PREFETCH REQUESTED:          0 ISSUED:          0 USEFUL:          0 USELESS:          0
cpu0->cpu0_ITLB AVERAGE MISS LATENCY: - cycles
cpu0->cpu0_DTLB TOTAL        ACCESS:   29312535 HIT:   29281067 MISS:      31468 MSHR_MERGE:       5315
cpu0->cpu0_DTLB LOAD         ACCESS:   29312535 HIT:   29281067 MISS:      31468 MSHR_MERGE:       5315
cpu0->cpu0_DTLB RFO          ACCESS:          0 HIT:          0 MISS:          0 MSHR_MERGE:          0
cpu0->cpu0_DTLB PREFETCH     ACCESS:          0 HIT:          0 MISS:          0 MSHR_MERGE:          0
cpu0->cpu0_DTLB WRITE        ACCESS:          0 HIT:          0 MISS:          0 MSHR_MERGE:          0
cpu0->cpu0_DTLB TRANSLATION  ACCESS:          0 HIT:          0 MISS:          0 MSHR_MERGE:          0
cpu0->cpu0_DTLB PREFETCH REQUESTED:          0 ISSUED:          0 USEFUL:          0 USELESS:          0
cpu0->cpu0_DTLB AVERAGE MISS LATENCY: 6.404 cycles
cpu0->LLC TOTAL        ACCESS:    6166438 HIT:    1751507 MISS:    4414931 MSHR_MERGE:          0
cpu0->LLC LOAD         ACCESS:    3729955 HIT:     181653 MISS:    3548302 MSHR_MERGE:          0
cpu0->LLC RFO          ACCESS:     827215 HIT:      20534 MISS:     806681 MSHR_MERGE:          0
cpu0->LLC PREFETCH     ACCESS:          0 HIT:          0 MISS:          0 MSHR_MERGE:          0
cpu0->LLC WRITE        ACCESS:    1609242 HIT:    1549320 MISS:      59922 MSHR_MERGE:          0
cpu0->LLC TRANSLATION  ACCESS:         26 HIT:          0 MISS:         26 MSHR_MERGE:          0
cpu0->LLC PREFETCH REQUESTED:          0 ISSUED:          0 USEFUL:          0 USELESS:          0
cpu0->LLC AVERAGE MISS LATENCY: 3756 cycles
cpu1->LLC TOTAL        ACCESS:    6191695 HIT:    1709433 MISS:    4482262 MSHR_MERGE:          0
cpu1->LLC LOAD         ACCESS:    3748041 HIT:     163976 MISS:    3584065 MSHR_MERGE:          0
cpu1->LLC RFO          ACCESS:     827833 HIT:      15484 MISS:     812349 MSHR_MERGE:          0
cpu1->LLC PREFETCH     ACCESS:          0 HIT:          0 MISS:          0 MSHR_MERGE:          0
cpu1->LLC WRITE        ACCESS:    1615795 HIT:    1529968 MISS:      85827 MSHR_MERGE:          0
cpu1->LLC TRANSLATION  ACCESS:         26 HIT:          5 MISS:         21 MSHR_MERGE:          0
cpu1->LLC PREFETCH REQUESTED:          0 ISSUED:          0 USEFUL:          0 USELESS:          0
cpu1->LLC AVERAGE MISS LATENCY: 3700 cycles
cpu2->LLC TOTAL        ACCESS:    6208335 HIT:    1706537 MISS:    4501798 MSHR_MERGE:          0
cpu2->LLC LOAD         ACCESS:    3759724 HIT:     157651 MISS:    3602073 MSHR_MERGE:          0
cpu2->LLC RFO          ACCESS:     828176 HIT:      12317 MISS:     815859 MSHR_MERGE:          0
cpu2->LLC PREFETCH     ACCESS:          0 HIT:          0 MISS:          0 MSHR_MERGE:          0
cpu2->LLC WRITE        ACCESS:    1620409 HIT:    1536543 MISS:      83866 MSHR_MERGE:          0
cpu2->LLC TRANSLATION  ACCESS:         26 HIT:         26 MISS:          0 MSHR_MERGE:          0
cpu2->LLC PREFETCH REQUESTED:          0 ISSUED:          0 USEFUL:          0 USELESS:          0
cpu2->LLC AVERAGE MISS LATENCY: 3684 cycles
cpu3->LLC TOTAL        ACCESS:    6204424 HIT:    1704652 MISS:    4499772 MSHR_MERGE:          0
cpu3->LLC LOAD         ACCESS:    3757100 HIT:     158256 MISS:    3598844 MSHR_MERGE:          0
cpu3->LLC RFO          ACCESS:     828073 HIT:      12889 MISS:     815184 MSHR_MERGE:          0
cpu3->LLC PREFETCH     ACCESS:          0 HIT:          0 MISS:          0 MSHR_MERGE:          0
cpu3->LLC WRITE        ACCESS:    1619225 HIT:    1533497 MISS:      85728 MSHR_MERGE:          0
cpu3->LLC TRANSLATION  ACCESS:         26 HIT:         10 MISS:         16 MSHR_MERGE:          0
cpu3->LLC PREFETCH REQUESTED:          0 ISSUED:          0 USEFUL:          0 USELESS:          0
cpu3->LLC AVERAGE MISS LATENCY: 3685 cycles
cpu4->LLC TOTAL        ACCESS:    6211115 HIT:    1715257 MISS:    4495858 MSHR_MERGE:          0
cpu4->LLC LOAD         ACCESS:    3761416 HIT:     157046 MISS:    3604370 MSHR_MERGE:          0
cpu4->LLC RFO          ACCESS:     828216 HIT:      12188 MISS:     816028 MSHR_MERGE:          0
cpu4->LLC PREFETCH     ACCESS:          0 HIT:          0 MISS:          0 MSHR_MERGE:          0
cpu4->LLC WRITE        ACCESS:    1621457 HIT:    1545997 MISS:      75460 MSHR_MERGE:          0
cpu4->LLC TRANSLATION  ACCESS:         26 HIT:         26 MISS:          0 MSHR_MERGE:          0
cpu4->LLC PREFETCH REQUESTED:          0 ISSUED:          0 USEFUL:          0 USELESS:          0
cpu4->LLC AVERAGE MISS LATENCY: 3689 cycles
cpu5->LLC TOTAL        ACCESS:    6212686 HIT:    1728846 MISS:    4483840 MSHR_MERGE:          0
cpu5->LLC LOAD         ACCESS:    3762446 HIT:     157787 MISS:    3604659 MSHR_MERGE:          0
cpu5->LLC RFO          ACCESS:     828249 HIT:      12844 MISS:     815405 MSHR_MERGE:          0
cpu5->LLC PREFETCH     ACCESS:          0 HIT:          0 MISS:          0 MSHR_MERGE:          0
cpu5->LLC WRITE        ACCESS:    1621965 HIT:    1558189 MISS:      63776 MSHR_MERGE:          0
cpu5->LLC TRANSLATION  ACCESS:         26 HIT:         26 MISS:          0 MSHR_MERGE:          0
cpu5->LLC PREFETCH REQUESTED:          0 ISSUED:          0 USEFUL:          0 USELESS:          0
cpu5->LLC AVERAGE MISS LATENCY: 3699 cycles
cpu6->LLC TOTAL        ACCESS:    6215997 HIT:    1726239 MISS:    4489758 MSHR_MERGE:          0
cpu6->LLC LOAD         ACCESS:    3764710 HIT:     158479 MISS:    3606231 MSHR_MERGE:          0
cpu6->LLC RFO          ACCESS:     828363 HIT:      12916 MISS:     815447 MSHR_MERGE:          0
cpu6->LLC PREFETCH     ACCESS:          0 HIT:          0 MISS:          0 MSHR_MERGE:          0
cpu6->LLC WRITE        ACCESS:    1622898 HIT:    1554818 MISS:      68080 MSHR_MERGE:          0
cpu6->LLC TRANSLATION  ACCESS:         26 HIT:         26 MISS:          0 MSHR_MERGE:          0
cpu6->LLC PREFETCH REQUESTED:          0 ISSUED:          0 USEFUL:          0 USELESS:          0
cpu6->LLC AVERAGE MISS LATENCY: 3694 cycles
cpu7->LLC TOTAL        ACCESS:    6215574 HIT:    1725318 MISS:    4490256 MSHR_MERGE:          0
cpu7->LLC LOAD         ACCESS:    3764259 HIT:     158461 MISS:    3605798 MSHR_MERGE:          0
cpu7->LLC RFO          ACCESS:     828400 HIT:      12742 MISS:     815658 MSHR_MERGE:          0
cpu7->LLC PREFETCH     ACCESS:          0 HIT:          0 MISS:          0 MSHR_MERGE:          0
cpu7->LLC WRITE        ACCESS:    1622889 HIT:    1554089 MISS:      68800 MSHR_MERGE:          0
cpu7->LLC TRANSLATION  ACCESS:         26 HIT:         26 MISS:          0 MSHR_MERGE:          0
cpu7->LLC PREFETCH REQUESTED:          0 ISSUED:          0 USEFUL:          0 USELESS:          0
cpu7->LLC AVERAGE MISS LATENCY: 3693 cycles

Region of Interest Statistics

CPU 7 cumulative IPC: 0.2298 instructions: 100000001 cycles: 435101761
CPU 7 Branch Prediction Accuracy: 100% MPKI: 0 Average ROB Occupancy at Mispredict: -
Branch type MPKI
BRANCH_DIRECT_JUMP: 0
BRANCH_INDIRECT: 0
BRANCH_CONDITIONAL: 0
BRANCH_DIRECT_CALL: 0
BRANCH_INDIRECT_CALL: 0
BRANCH_RETURN: 0


CPU 6 cumulative IPC: 0.2299 instructions: 100000000 cycles: 435047288
CPU 6 Branch Prediction Accuracy: 100% MPKI: 0 Average ROB Occupancy at Mispredict: -
Branch type MPKI
BRANCH_DIRECT_JUMP: 0
BRANCH_INDIRECT: 0
BRANCH_CONDITIONAL: 0
BRANCH_DIRECT_CALL: 0
BRANCH_INDIRECT_CALL: 0
BRANCH_RETURN: 0


CPU 5 cumulative IPC: 0.2297 instructions: 100000002 cycles: 435259070
CPU 5 Branch Prediction Accuracy: 100% MPKI: 0 Average ROB Occupancy at Mispredict: -
Branch type MPKI
BRANCH_DIRECT_JUMP: 0
BRANCH_INDIRECT: 0
BRANCH_CONDITIONAL: 0
BRANCH_DIRECT_CALL: 0
BRANCH_INDIRECT_CALL: 0
BRANCH_RETURN: 0


CPU 4 cumulative IPC: 0.2297 instructions: 100000001 cycles: 435394442
CPU 4 Branch Prediction Accuracy: 100% MPKI: 0 Average ROB Occupancy at Mispredict: -
Branch type MPKI
BRANCH_DIRECT_JUMP: 0
BRANCH_INDIRECT: 0
BRANCH_CONDITIONAL: 0
BRANCH_DIRECT_CALL: 0
BRANCH_INDIRECT_CALL: 0
BRANCH_RETURN: 0


CPU 3 cumulative IPC: 0.2295 instructions: 100000000 cycles: 435783137
CPU 3 Branch Prediction Accuracy: 100% MPKI: 0 Average ROB Occupancy at Mispredict: -
Branch type MPKI
BRANCH_DIRECT_JUMP: 0
BRANCH_INDIRECT: 0
BRANCH_CONDITIONAL: 0
BRANCH_DIRECT_CALL: 0
BRANCH_INDIRECT_CALL: 0
BRANCH_RETURN: 0


CPU 2 cumulative IPC: 0.2296 instructions: 100000004 cycles: 435499500
CPU 2 Branch Prediction Accuracy: 100% MPKI: 0 Average ROB Occupancy at Mispredict: -
Branch type MPKI
BRANCH_DIRECT_JUMP: 0
BRANCH_INDIRECT: 0
BRANCH_CONDITIONAL: 0
BRANCH_DIRECT_CALL: 0
BRANCH_INDIRECT_CALL: 0
BRANCH_RETURN: 0


CPU 1 cumulative IPC: 0.2291 instructions: 100000001 cycles: 436414825
CPU 1 Branch Prediction Accuracy: 100% MPKI: 0 Average ROB Occupancy at Mispredict: -
Branch type MPKI
BRANCH_DIRECT_JUMP: 0
BRANCH_INDIRECT: 0
BRANCH_CONDITIONAL: 0
BRANCH_DIRECT_CALL: 0
BRANCH_INDIRECT_CALL: 0
BRANCH_RETURN: 0


CPU 0 cumulative IPC: 0.2285 instructions: 100000004 cycles: 437572771
CPU 0 Branch Prediction Accuracy: 100% MPKI: 0 Average ROB Occupancy at Mispredict: -
Branch type MPKI
BRANCH_DIRECT_JUMP: 0
BRANCH_INDIRECT: 0
BRANCH_CONDITIONAL: 0
BRANCH_DIRECT_CALL: 0
BRANCH_INDIRECT_CALL: 0
BRANCH_RETURN: 0

cpu7->cpu7_STLB TOTAL        ACCESS:      26527 HIT:      26498 MISS:         29 MSHR_MERGE:          0
cpu7->cpu7_STLB LOAD         ACCESS:      26527 HIT:      26498 MISS:         29 MSHR_MERGE:          0
cpu7->cpu7_STLB RFO          ACCESS:          0 HIT:          0 MISS:          0 MSHR_MERGE:          0
cpu7->cpu7_STLB PREFETCH     ACCESS:          0 HIT:          0 MISS:          0 MSHR_MERGE:          0
cpu7->cpu7_STLB WRITE        ACCESS:          0 HIT:          0 MISS:          0 MSHR_MERGE:          0
cpu7->cpu7_STLB TRANSLATION  ACCESS:          0 HIT:          0 MISS:          0 MSHR_MERGE:          0
cpu7->cpu7_STLB PREFETCH REQUESTED:          0 ISSUED:          0 USEFUL:          0 USELESS:          0
cpu7->cpu7_STLB AVERAGE MISS LATENCY: 229.9 cycles
cpu7->cpu7_L2C TOTAL        ACCESS:    6297246 HIT:    1704554 MISS:    4592692 MSHR_MERGE:          0
cpu7->cpu7_L2C LOAD         ACCESS:    3818770 HIT:      54511 MISS:    3764259 MSHR_MERGE:          0
cpu7->cpu7_L2C RFO          ACCESS:     838779 HIT:      10379 MISS:     828400 MSHR_MERGE:          0
cpu7->cpu7_L2C PREFETCH     ACCESS:          0 HIT:          0 MISS:          0 MSHR_MERGE:          0
cpu7->cpu7_L2C WRITE        ACCESS:    1639671 HIT:    1639664 MISS:          7 MSHR_MERGE:          0
cpu7->cpu7_L2C TRANSLATION  ACCESS:         26 HIT:          0 MISS:         26 MSHR_MERGE:          0
cpu7->cpu7_L2C PREFETCH REQUESTED:          0 ISSUED:          0 USEFUL:          0 USELESS:          0
cpu7->cpu7_L2C AVERAGE MISS LATENCY: 470.3 cycles
cpu7->cpu7_L1I TOTAL        ACCESS:   21185834 HIT:   21185690 MISS:        144 MSHR_MERGE:         77
cpu7->cpu7_L1I LOAD         ACCESS:   21185834 HIT:   21185690 MISS:        144 MSHR_MERGE:         77
cpu7->cpu7_L1I RFO          ACCESS:          0 HIT:          0 MISS:          0 MSHR_MERGE:          0
cpu7->cpu7_L1I PREFETCH     ACCESS:          0 HIT:          0 MISS:          0 MSHR_MERGE:          0
cpu7->cpu7_L1I WRITE        ACCESS:          0 HIT:          0 MISS:          0 MSHR_MERGE:          0
cpu7->cpu7_L1I TRANSLATION  ACCESS:          0 HIT:          0 MISS:          0 MSHR_MERGE:          0
cpu7->cpu7_L1I PREFETCH REQUESTED:          0 ISSUED:          0 USEFUL:          0 USELESS:          0
cpu7->cpu7_L1I AVERAGE MISS LATENCY: 610 cycles
cpu7->cpu7_L1D TOTAL        ACCESS:   31002943 HIT:   19323519 MISS:   11679424 MSHR_MERGE:    7021899
cpu7->cpu7_L1D LOAD         ACCESS:   21500954 HIT:   13622360 MISS:    7878594 MSHR_MERGE:    4059890
cpu7->cpu7_L1D RFO          ACCESS:          0 HIT:          0 MISS:          0 MSHR_MERGE:          0
cpu7->cpu7_L1D PREFETCH     ACCESS:          0 HIT:          0 MISS:          0 MSHR_MERGE:          0
cpu7->cpu7_L1D WRITE        ACCESS:    9501960 HIT:    5701156 MISS:    3800804 MSHR_MERGE:    2962009
cpu7->cpu7_L1D TRANSLATION  ACCESS:         29 HIT:          3 MISS:         26 MSHR_MERGE:          0
cpu7->cpu7_L1D PREFETCH REQUESTED:          0 ISSUED:          0 USEFUL:          0 USELESS:          0
cpu7->cpu7_L1D AVERAGE MISS LATENCY: 472.8 cycles
cpu7->cpu7_ITLB TOTAL        ACCESS:   19873857 HIT:   19873857 MISS:          0 MSHR_MERGE:          0
cpu7->cpu7_ITLB LOAD         ACCESS:   19873857 HIT:   19873857 MISS:          0 MSHR_MERGE:          0
cpu7->cpu7_ITLB RFO          ACCESS:          0 HIT:          0 MISS:          0 MSHR_MERGE:          0
cpu7->cpu7_ITLB PREFETCH     ACCESS:          0 HIT:          0 MISS:          0 MSHR_MERGE:          0
cpu7->cpu7_ITLB WRITE        ACCESS:          0 HIT:          0 MISS:          0 MSHR_MERGE:          0
cpu7->cpu7_ITLB TRANSLATION  ACCESS:          0 HIT:          0 MISS:          0 MSHR_MERGE:          0
cpu7->cpu7_ITLB PREFETCH REQUESTED:          0 ISSUED:          0 USEFUL:          0 USELESS:          0
cpu7->cpu7_ITLB AVERAGE MISS LATENCY: - cycles
cpu7->cpu7_DTLB TOTAL        ACCESS:   29522016 HIT:   29490214 MISS:      31802 MSHR_MERGE:       5275
cpu7->cpu7_DTLB LOAD         ACCESS:   29522016 HIT:   29490214 MISS:      31802 MSHR_MERGE:       5275
cpu7->cpu7_DTLB RFO          ACCESS:          0 HIT:          0 MISS:          0 MSHR_MERGE:          0
cpu7->cpu7_DTLB PREFETCH     ACCESS:          0 HIT:          0 MISS:          0 MSHR_MERGE:          0
cpu7->cpu7_DTLB WRITE        ACCESS:          0 HIT:          0 MISS:          0 MSHR_MERGE:          0
cpu7->cpu7_DTLB TRANSLATION  ACCESS:          0 HIT:          0 MISS:          0 MSHR_MERGE:          0
cpu7->cpu7_DTLB PREFETCH REQUESTED:          0 ISSUED:          0 USEFUL:          0 USELESS:          0
cpu7->cpu7_DTLB AVERAGE MISS LATENCY: 5.252 cycles
cpu6->cpu6_STLB TOTAL        ACCESS:      26630 HIT:      26601 MISS:         29 MSHR_MERGE:          0
cpu6->cpu6_STLB LOAD         ACCESS:      26630 HIT:      26601 MISS:         29 MSHR_MERGE:          0
cpu6->cpu6_STLB RFO          ACCESS:          0 HIT:          0 MISS:          0 MSHR_MERGE:          0
cpu6->cpu6_STLB PREFETCH     ACCESS:          0 HIT:          0 MISS:          0 MSHR_MERGE:          0
cpu6->cpu6_STLB WRITE        ACCESS:          0 HIT:          0 MISS:          0 MSHR_MERGE:          0
cpu6->cpu6_STLB TRANSLATION  ACCESS:          0 HIT:          0 MISS:          0 MSHR_MERGE:          0
cpu6->cpu6_STLB PREFETCH REQUESTED:          0 ISSUED:          0 USEFUL:          0 USELESS:          0
cpu6->cpu6_STLB AVERAGE MISS LATENCY: 229.8 cycles
cpu6->cpu6_L2C TOTAL        ACCESS:    6297646 HIT:    1704556 MISS:    4593090 MSHR_MERGE:          0
cpu6->cpu6_L2C LOAD         ACCESS:    3819195 HIT:      54500 MISS:    3764695 MSHR_MERGE:          0
cpu6->cpu6_L2C RFO          ACCESS:     838745 HIT:      10383 MISS:     828362 MSHR_MERGE:          0
cpu6->cpu6_L2C PREFETCH     ACCESS:          0 HIT:          0 MISS:          0 MSHR_MERGE:          0
cpu6->cpu6_L2C WRITE        ACCESS:    1639680 HIT:    1639673 MISS:          7 MSHR_MERGE:          0
cpu6->cpu6_L2C TRANSLATION  ACCESS:         26 HIT:          0 MISS:         26 MSHR_MERGE:          0
cpu6->cpu6_L2C PREFETCH REQUESTED:          0 ISSUED:          0 USEFUL:          0 USELESS:          0
cpu6->cpu6_L2C AVERAGE MISS LATENCY: 470.2 cycles
cpu6->cpu6_L1I TOTAL        ACCESS:   21182422 HIT:   21182285 MISS:        137 MSHR_MERGE:         70
cpu6->cpu6_L1I LOAD         ACCESS:   21182422 HIT:   21182285 MISS:        137 MSHR_MERGE:         70
cpu6->cpu6_L1I RFO          ACCESS:          0 HIT:          0 MISS:          0 MSHR_MERGE:          0
cpu6->cpu6_L1I PREFETCH     ACCESS:          0 HIT:          0 MISS:          0 MSHR_MERGE:          0
cpu6->cpu6_L1I WRITE        ACCESS:          0 HIT:          0 MISS:          0 MSHR_MERGE:          0
cpu6->cpu6_L1I TRANSLATION  ACCESS:          0 HIT:          0 MISS:          0 MSHR_MERGE:          0
cpu6->cpu6_L1I PREFETCH REQUESTED:          0 ISSUED:          0 USEFUL:          0 USELESS:          0
cpu6->cpu6_L1I AVERAGE MISS LATENCY: 583.7 cycles
cpu6->cpu6_L1D TOTAL        ACCESS:   30997969 HIT:   19317540 MISS:   11680429 MSHR_MERGE:    7022519
cpu6->cpu6_L1D LOAD         ACCESS:   21495911 HIT:   13617778 MISS:    7878133 MSHR_MERGE:    4059004
cpu6->cpu6_L1D RFO          ACCESS:          0 HIT:          0 MISS:          0 MSHR_MERGE:          0
cpu6->cpu6_L1D PREFETCH     ACCESS:          0 HIT:          0 MISS:          0 MSHR_MERGE:          0
cpu6->cpu6_L1D WRITE        ACCESS:    9502029 HIT:    5699759 MISS:    3802270 MSHR_MERGE:    2963515
cpu6->cpu6_L1D TRANSLATION  ACCESS:         29 HIT:          3 MISS:         26 MSHR_MERGE:          0
cpu6->cpu6_L1D PREFETCH REQUESTED:          0 ISSUED:          0 USEFUL:          0 USELESS:          0
cpu6->cpu6_L1D AVERAGE MISS LATENCY: 472.7 cycles
cpu6->cpu6_ITLB TOTAL        ACCESS:   19873782 HIT:   19873782 MISS:          0 MSHR_MERGE:          0
cpu6->cpu6_ITLB LOAD         ACCESS:   19873782 HIT:   19873782 MISS:          0 MSHR_MERGE:          0
cpu6->cpu6_ITLB RFO          ACCESS:          0 HIT:          0 MISS:          0 MSHR_MERGE:          0
cpu6->cpu6_ITLB PREFETCH     ACCESS:          0 HIT:          0 MISS:          0 MSHR_MERGE:          0
cpu6->cpu6_ITLB WRITE        ACCESS:          0 HIT:          0 MISS:          0 MSHR_MERGE:          0
cpu6->cpu6_ITLB TRANSLATION  ACCESS:          0 HIT:          0 MISS:          0 MSHR_MERGE:          0
cpu6->cpu6_ITLB PREFETCH REQUESTED:          0 ISSUED:          0 USEFUL:          0 USELESS:          0
cpu6->cpu6_ITLB AVERAGE MISS LATENCY: - cycles
cpu6->cpu6_DTLB TOTAL        ACCESS:   29524486 HIT:   29492498 MISS:      31988 MSHR_MERGE:       5358
cpu6->cpu6_DTLB LOAD         ACCESS:   29524486 HIT:   29492498 MISS:      31988 MSHR_MERGE:       5358
cpu6->cpu6_DTLB RFO          ACCESS:          0 HIT:          0 MISS:          0 MSHR_MERGE:          0
cpu6->cpu6_DTLB PREFETCH     ACCESS:          0 HIT:          0 MISS:          0 MSHR_MERGE:          0
cpu6->cpu6_DTLB WRITE        ACCESS:          0 HIT:          0 MISS:          0 MSHR_MERGE:          0
cpu6->cpu6_DTLB TRANSLATION  ACCESS:          0 HIT:          0 MISS:          0 MSHR_MERGE:          0
cpu6->cpu6_DTLB PREFETCH REQUESTED:          0 ISSUED:          0 USEFUL:          0 USELESS:          0
cpu6->cpu6_DTLB AVERAGE MISS LATENCY: 5.251 cycles
cpu5->cpu5_STLB TOTAL        ACCESS:      26499 HIT:      26470 MISS:         29 MSHR_MERGE:          0
cpu5->cpu5_STLB LOAD         ACCESS:      26499 HIT:      26470 MISS:         29 MSHR_MERGE:          0
cpu5->cpu5_STLB RFO          ACCESS:          0 HIT:          0 MISS:          0 MSHR_MERGE:          0
cpu5->cpu5_STLB PREFETCH     ACCESS:          0 HIT:          0 MISS:          0 MSHR_MERGE:          0
cpu5->cpu5_STLB WRITE        ACCESS:          0 HIT:          0 MISS:          0 MSHR_MERGE:          0
cpu5->cpu5_STLB TRANSLATION  ACCESS:          0 HIT:          0 MISS:          0 MSHR_MERGE:          0
cpu5->cpu5_STLB PREFETCH REQUESTED:          0 ISSUED:          0 USEFUL:          0 USELESS:          0
cpu5->cpu5_STLB AVERAGE MISS LATENCY: 229.6 cycles
cpu5->cpu5_L2C TOTAL        ACCESS:    6294488 HIT:    1703776 MISS:    4590712 MSHR_MERGE:          0
cpu5->cpu5_L2C LOAD         ACCESS:    3816923 HIT:      54492 MISS:    3762431 MSHR_MERGE:          0
cpu5->cpu5_L2C RFO          ACCESS:     838627 HIT:      10379 MISS:     828248 MSHR_MERGE:          0
cpu5->cpu5_L2C PREFETCH     ACCESS:          0 HIT:          0 MISS:          0 MSHR_MERGE:          0
cpu5->cpu5_L2C WRITE        ACCESS:    1638912 HIT:    1638905 MISS:          7 MSHR_MERGE:          0
cpu5->cpu5_L2C TRANSLATION  ACCESS:         26 HIT:          0 MISS:         26 MSHR_MERGE:          0
cpu5->cpu5_L2C PREFETCH REQUESTED:          0 ISSUED:          0 USEFUL:          0 USELESS:          0
cpu5->cpu5_L2C AVERAGE MISS LATENCY: 470.6 cycles
cpu5->cpu5_L1I TOTAL        ACCESS:   21176158 HIT:   21176022 MISS:        136 MSHR_MERGE:         69
cpu5->cpu5_L1I LOAD         ACCESS:   21176158 HIT:   21176022 MISS:        136 MSHR_MERGE:         69
cpu5->cpu5_L1I RFO          ACCESS:          0 HIT:          0 MISS:          0 MSHR_MERGE:          0
cpu5->cpu5_L1I PREFETCH     ACCESS:          0 HIT:          0 MISS:          0 MSHR_MERGE:          0
cpu5->cpu5_L1I WRITE        ACCESS:          0 HIT:          0 MISS:          0 MSHR_MERGE:          0
cpu5->cpu5_L1I TRANSLATION  ACCESS:          0 HIT:          0 MISS:          0 MSHR_MERGE:          0
cpu5->cpu5_L1I PREFETCH REQUESTED:          0 ISSUED:          0 USEFUL:          0 USELESS:          0
cpu5->cpu5_L1I AVERAGE MISS LATENCY: 664.4 cycles
cpu5->cpu5_L1D TOTAL        ACCESS:   30990383 HIT:   19310059 MISS:   11680324 MSHR_MERGE:    7024794
cpu5->cpu5_L1D LOAD         ACCESS:   21492821 HIT:   13614645 MISS:    7878176 MSHR_MERGE:    4061318
cpu5->cpu5_L1D RFO          ACCESS:          0 HIT:          0 MISS:          0 MSHR_MERGE:          0
cpu5->cpu5_L1D PREFETCH     ACCESS:          0 HIT:          0 MISS:          0 MSHR_MERGE:          0
cpu5->cpu5_L1D WRITE        ACCESS:    9497533 HIT:    5695411 MISS:    3802122 MSHR_MERGE:    2963476
cpu5->cpu5_L1D TRANSLATION  ACCESS:         29 HIT:          3 MISS:         26 MSHR_MERGE:          0
cpu5->cpu5_L1D PREFETCH REQUESTED:          0 ISSUED:          0 USEFUL:          0 USELESS:          0
cpu5->cpu5_L1D AVERAGE MISS LATENCY: 473.1 cycles
cpu5->cpu5_ITLB TOTAL        ACCESS:   19873987 HIT:   19873987 MISS:          0 MSHR_MERGE:          0
cpu5->cpu5_ITLB LOAD         ACCESS:   19873987 HIT:   19873987 MISS:          0 MSHR_MERGE:          0
cpu5->cpu5_ITLB RFO          ACCESS:          0 HIT:          0 MISS:          0 MSHR_MERGE:          0
cpu5->cpu5_ITLB PREFETCH     ACCESS:          0 HIT:          0 MISS:          0 MSHR_MERGE:          0
cpu5->cpu5_ITLB WRITE        ACCESS:          0 HIT:          0 MISS:          0 MSHR_MERGE:          0
cpu5->cpu5_ITLB TRANSLATION  ACCESS:          0 HIT:          0 MISS:          0 MSHR_MERGE:          0
cpu5->cpu5_ITLB PREFETCH REQUESTED:          0 ISSUED:          0 USEFUL:          0 USELESS:          0
cpu5->cpu5_ITLB AVERAGE MISS LATENCY: - cycles
cpu5->cpu5_DTLB TOTAL        ACCESS:   29498150 HIT:   29466415 MISS:      31735 MSHR_MERGE:       5236
cpu5->cpu5_DTLB LOAD         ACCESS:   29498150 HIT:   29466415 MISS:      31735 MSHR_MERGE:       5236
cpu5->cpu5_DTLB RFO          ACCESS:          0 HIT:          0 MISS:          0 MSHR_MERGE:          0
cpu5->cpu5_DTLB PREFETCH     ACCESS:          0 HIT:          0 MISS:          0 MSHR_MERGE:          0
cpu5->cpu5_DTLB WRITE        ACCESS:          0 HIT:          0 MISS:          0 MSHR_MERGE:          0
cpu5->cpu5_DTLB TRANSLATION  ACCESS:          0 HIT:          0 MISS:          0 MSHR_MERGE:          0
cpu5->cpu5_DTLB PREFETCH REQUESTED:          0 ISSUED:          0 USEFUL:          0 USELESS:          0
cpu5->cpu5_DTLB AVERAGE MISS LATENCY: 5.253 cycles
cpu4->cpu4_STLB TOTAL        ACCESS:      26518 HIT:      26489 MISS:         29 MSHR_MERGE:          0
cpu4->cpu4_STLB LOAD         ACCESS:      26518 HIT:      26489 MISS:         29 MSHR_MERGE:          0
cpu4->cpu4_STLB RFO          ACCESS:          0 HIT:          0 MISS:          0 MSHR_MERGE:          0
cpu4->cpu4_STLB PREFETCH     ACCESS:          0 HIT:          0 MISS:          0 MSHR_MERGE:          0
cpu4->cpu4_STLB WRITE        ACCESS:          0 HIT:          0 MISS:          0 MSHR_MERGE:          0
cpu4->cpu4_STLB TRANSLATION  ACCESS:          0 HIT:          0 MISS:          0 MSHR_MERGE:          0
cpu4->cpu4_STLB PREFETCH REQUESTED:          0 ISSUED:          0 USEFUL:          0 USELESS:          0
cpu4->cpu4_STLB AVERAGE MISS LATENCY: 229.8 cycles
cpu4->cpu4_L2C TOTAL        ACCESS:    6292995 HIT:    1703346 MISS:    4589649 MSHR_MERGE:          0
cpu4->cpu4_L2C LOAD         ACCESS:    3815908 HIT:      54507 MISS:    3761401 MSHR_MERGE:          0
cpu4->cpu4_L2C RFO          ACCESS:     838588 HIT:      10373 MISS:     828215 MSHR_MERGE:          0
cpu4->cpu4_L2C PREFETCH     ACCESS:          0 HIT:          0 MISS:          0 MSHR_MERGE:          0
cpu4->cpu4_L2C WRITE        ACCESS:    1638473 HIT:    1638466 MISS:          7 MSHR_MERGE:          0
cpu4->cpu4_L2C TRANSLATION  ACCESS:         26 HIT:          0 MISS:         26 MSHR_MERGE:          0
cpu4->cpu4_L2C PREFETCH REQUESTED:          0 ISSUED:          0 USEFUL:          0 USELESS:          0
cpu4->cpu4_L2C AVERAGE MISS LATENCY: 471.9 cycles
cpu4->cpu4_L1I TOTAL        ACCESS:   21168507 HIT:   21168359 MISS:        148 MSHR_MERGE:         81
cpu4->cpu4_L1I LOAD         ACCESS:   21168507 HIT:   21168359 MISS:        148 MSHR_MERGE:         81
cpu4->cpu4_L1I RFO          ACCESS:          0 HIT:          0 MISS:          0 MSHR_MERGE:          0
cpu4->cpu4_L1I PREFETCH     ACCESS:          0 HIT:          0 MISS:          0 MSHR_MERGE:          0
cpu4->cpu4_L1I WRITE        ACCESS:          0 HIT:          0 MISS:          0 MSHR_MERGE:          0
cpu4->cpu4_L1I TRANSLATION  ACCESS:          0 HIT:          0 MISS:          0 MSHR_MERGE:          0
cpu4->cpu4_L1I PREFETCH REQUESTED:          0 ISSUED:          0 USEFUL:          0 USELESS:          0
cpu4->cpu4_L1I AVERAGE MISS LATENCY: 425.7 cycles
cpu4->cpu4_L1D TOTAL        ACCESS:   30983220 HIT:   19302361 MISS:   11680859 MSHR_MERGE:    7026386
cpu4->cpu4_L1D LOAD         ACCESS:   21488005 HIT:   13609213 MISS:    7878792 MSHR_MERGE:    4062950
cpu4->cpu4_L1D RFO          ACCESS:          0 HIT:          0 MISS:          0 MSHR_MERGE:          0
cpu4->cpu4_L1D PREFETCH     ACCESS:          0 HIT:          0 MISS:          0 MSHR_MERGE:          0
cpu4->cpu4_L1D WRITE        ACCESS:    9495186 HIT:    5693145 MISS:    3802041 MSHR_MERGE:    2963436
cpu4->cpu4_L1D TRANSLATION  ACCESS:         29 HIT:          3 MISS:         26 MSHR_MERGE:          0
cpu4->cpu4_L1D PREFETCH REQUESTED:          0 ISSUED:          0 USEFUL:          0 USELESS:          0
cpu4->cpu4_L1D AVERAGE MISS LATENCY: 474.4 cycles
cpu4->cpu4_ITLB TOTAL        ACCESS:   19867342 HIT:   19867342 MISS:          0 MSHR_MERGE:          0
cpu4->cpu4_ITLB LOAD         ACCESS:   19867342 HIT:   19867342 MISS:          0 MSHR_MERGE:          0
cpu4->cpu4_ITLB RFO          ACCESS:          0 HIT:          0 MISS:          0 MSHR_MERGE:          0
cpu4->cpu4_ITLB PREFETCH     ACCESS:          0 HIT:          0 MISS:          0 MSHR_MERGE:          0
cpu4->cpu4_ITLB WRITE        ACCESS:          0 HIT:          0 MISS:          0 MSHR_MERGE:          0
cpu4->cpu4_ITLB TRANSLATION  ACCESS:          0 HIT:          0 MISS:          0 MSHR_MERGE:          0
cpu4->cpu4_ITLB PREFETCH REQUESTED:          0 ISSUED:          0 USEFUL:          0 USELESS:          0
cpu4->cpu4_ITLB AVERAGE MISS LATENCY: - cycles
cpu4->cpu4_DTLB TOTAL        ACCESS:   29491750 HIT:   29459973 MISS:      31777 MSHR_MERGE:       5259
cpu4->cpu4_DTLB LOAD         ACCESS:   29491750 HIT:   29459973 MISS:      31777 MSHR_MERGE:       5259
cpu4->cpu4_DTLB RFO          ACCESS:          0 HIT:          0 MISS:          0 MSHR_MERGE:          0
cpu4->cpu4_DTLB PREFETCH     ACCESS:          0 HIT:          0 MISS:          0 MSHR_MERGE:          0
cpu4->cpu4_DTLB WRITE        ACCESS:          0 HIT:          0 MISS:          0 MSHR_MERGE:          0
cpu4->cpu4_DTLB TRANSLATION  ACCESS:          0 HIT:          0 MISS:          0 MSHR_MERGE:          0
cpu4->cpu4_DTLB PREFETCH REQUESTED:          0 ISSUED:          0 USEFUL:          0 USELESS:          0
cpu4->cpu4_DTLB AVERAGE MISS LATENCY: 5.252 cycles
cpu3->cpu3_STLB TOTAL        ACCESS:      26488 HIT:      26459 MISS:         29 MSHR_MERGE:          0
cpu3->cpu3_STLB LOAD         ACCESS:      26488 HIT:      26459 MISS:         29 MSHR_MERGE:          0
cpu3->cpu3_STLB RFO          ACCESS:          0 HIT:          0 MISS:          0 MSHR_MERGE:          0
cpu3->cpu3_STLB PREFETCH     ACCESS:          0 HIT:          0 MISS:          0 MSHR_MERGE:          0
cpu3->cpu3_STLB WRITE        ACCESS:          0 HIT:          0 MISS:          0 MSHR_MERGE:          0
cpu3->cpu3_STLB TRANSLATION  ACCESS:          0 HIT:          0 MISS:          0 MSHR_MERGE:          0
cpu3->cpu3_STLB PREFETCH REQUESTED:          0 ISSUED:          0 USEFUL:          0 USELESS:          0
cpu3->cpu3_STLB AVERAGE MISS LATENCY: 741 cycles
cpu3->cpu3_L2C TOTAL        ACCESS:    6286832 HIT:    1701640 MISS:    4585192 MSHR_MERGE:          0
cpu3->cpu3_L2C LOAD         ACCESS:    3811588 HIT:      54501 MISS:    3757087 MSHR_MERGE:          0
cpu3->cpu3_L2C RFO          ACCESS:     838447 HIT:      10375 MISS:     828072 MSHR_MERGE:          0
cpu3->cpu3_L2C PREFETCH     ACCESS:          0 HIT:          0 MISS:          0 MSHR_MERGE:          0
cpu3->cpu3_L2C WRITE        ACCESS:    1636771 HIT:    1636764 MISS:          7 MSHR_MERGE:          0
cpu3->cpu3_L2C TRANSLATION  ACCESS:         26 HIT:          0 MISS:         26 MSHR_MERGE:          0
cpu3->cpu3_L2C PREFETCH REQUESTED:          0 ISSUED:          0 USEFUL:          0 USELESS:          0
cpu3->cpu3_L2C AVERAGE MISS LATENCY: 472 cycles
cpu3->cpu3_L1I TOTAL        ACCESS:   21155903 HIT:   21155748 MISS:        155 MSHR_MERGE:         88
cpu3->cpu3_L1I LOAD         ACCESS:   21155903 HIT:   21155748 MISS:        155 MSHR_MERGE:         88
cpu3->cpu3_L1I RFO          ACCESS:          0 HIT:          0 MISS:          0 MSHR_MERGE:          0
cpu3->cpu3_L1I PREFETCH     ACCESS:          0 HIT:          0 MISS:          0 MSHR_MERGE:          0
cpu3->cpu3_L1I WRITE        ACCESS:          0 HIT:          0 MISS:          0 MSHR_MERGE:          0
cpu3->cpu3_L1I TRANSLATION  ACCESS:          0 HIT:          0 MISS:          0 MSHR_MERGE:          0
cpu3->cpu3_L1I PREFETCH REQUESTED:          0 ISSUED:          0 USEFUL:          0 USELESS:          0
cpu3->cpu3_L1I AVERAGE MISS LATENCY: 452 cycles
cpu3->cpu3_L1D TOTAL        ACCESS:   30960022 HIT:   19284218 MISS:   11675804 MSHR_MERGE:    7025801
cpu3->cpu3_L1D LOAD         ACCESS:   21471817 HIT:   13600098 MISS:    7871719 MSHR_MERGE:    4060197
cpu3->cpu3_L1D RFO          ACCESS:          0 HIT:          0 MISS:          0 MSHR_MERGE:          0
cpu3->cpu3_L1D PREFETCH     ACCESS:          0 HIT:          0 MISS:          0 MSHR_MERGE:          0
cpu3->cpu3_L1D WRITE        ACCESS:    9488176 HIT:    5684117 MISS:    3804059 MSHR_MERGE:    2965604
cpu3->cpu3_L1D TRANSLATION  ACCESS:         29 HIT:          3 MISS:         26 MSHR_MERGE:          0
cpu3->cpu3_L1D PREFETCH REQUESTED:          0 ISSUED:          0 USEFUL:          0 USELESS:          0
cpu3->cpu3_L1D AVERAGE MISS LATENCY: 474.4 cycles
cpu3->cpu3_ITLB TOTAL        ACCESS:   19891861 HIT:   19891861 MISS:          0 MSHR_MERGE:          0
cpu3->cpu3_ITLB LOAD         ACCESS:   19891861 HIT:   19891861 MISS:          0 MSHR_MERGE:          0
cpu3->cpu3_ITLB RFO          ACCESS:          0 HIT:          0 MISS:          0 MSHR_MERGE:          0
cpu3->cpu3_ITLB PREFETCH     ACCESS:          0 HIT:          0 MISS:          0 MSHR_MERGE:          0
cpu3->cpu3_ITLB WRITE        ACCESS:          0 HIT:          0 MISS:          0 MSHR_MERGE:          0
cpu3->cpu3_ITLB TRANSLATION  ACCESS:          0 HIT:          0 MISS:          0 MSHR_MERGE:          0
cpu3->cpu3_ITLB PREFETCH REQUESTED:          0 ISSUED:          0 USEFUL:          0 USELESS:          0
cpu3->cpu3_ITLB AVERAGE MISS LATENCY: - cycles
cpu3->cpu3_DTLB TOTAL        ACCESS:   29493310 HIT:   29461531 MISS:      31779 MSHR_MERGE:       5291
cpu3->cpu3_DTLB LOAD         ACCESS:   29493310 HIT:   29461531 MISS:      31779 MSHR_MERGE:       5291
cpu3->cpu3_DTLB RFO          ACCESS:          0 HIT:          0 MISS:          0 MSHR_MERGE:          0
cpu3->cpu3_DTLB PREFETCH     ACCESS:          0 HIT:          0 MISS:          0 MSHR_MERGE:          0
cpu3->cpu3_DTLB WRITE        ACCESS:          0 HIT:          0 MISS:          0 MSHR_MERGE:          0
cpu3->cpu3_DTLB TRANSLATION  ACCESS:          0 HIT:          0 MISS:          0 MSHR_MERGE:          0
cpu3->cpu3_DTLB PREFETCH REQUESTED:          0 ISSUED:          0 USEFUL:          0 USELESS:          0
cpu3->cpu3_DTLB AVERAGE MISS LATENCY: 5.812 cycles
cpu2->cpu2_STLB TOTAL        ACCESS:      26471 HIT:      26442 MISS:         29 MSHR_MERGE:          0
cpu2->cpu2_STLB LOAD         ACCESS:      26471 HIT:      26442 MISS:         29 MSHR_MERGE:          0
cpu2->cpu2_STLB RFO          ACCESS:          0 HIT:          0 MISS:          0 MSHR_MERGE:          0
cpu2->cpu2_STLB PREFETCH     ACCESS:          0 HIT:          0 MISS:          0 MSHR_MERGE:          0
cpu2->cpu2_STLB WRITE        ACCESS:          0 HIT:          0 MISS:          0 MSHR_MERGE:          0
cpu2->cpu2_STLB TRANSLATION  ACCESS:          0 HIT:          0 MISS:          0 MSHR_MERGE:          0
cpu2->cpu2_STLB PREFETCH REQUESTED:          0 ISSUED:          0 USEFUL:          0 USELESS:          0
cpu2->cpu2_STLB AVERAGE MISS LATENCY: 229.7 cycles
cpu2->cpu2_L2C TOTAL        ACCESS:    6290479 HIT:    1702561 MISS:    4587918 MSHR_MERGE:          0
cpu2->cpu2_L2C LOAD         ACCESS:    3814217 HIT:      54508 MISS:    3759709 MSHR_MERGE:          0
cpu2->cpu2_L2C RFO          ACCESS:     838541 HIT:      10365 MISS:     828176 MSHR_MERGE:          0
cpu2->cpu2_L2C PREFETCH     ACCESS:          0 HIT:          0 MISS:          0 MSHR_MERGE:          0
cpu2->cpu2_L2C WRITE        ACCESS:    1637695 HIT:    1637688 MISS:          7 MSHR_MERGE:          0
cpu2->cpu2_L2C TRANSLATION  ACCESS:         26 HIT:          0 MISS:         26 MSHR_MERGE:          0
cpu2->cpu2_L2C PREFETCH REQUESTED:          0 ISSUED:          0 USEFUL:          0 USELESS:          0
cpu2->cpu2_L2C AVERAGE MISS LATENCY: 472.3 cycles
cpu2->cpu2_L1I TOTAL        ACCESS:   21161104 HIT:   21160963 MISS:        141 MSHR_MERGE:         74
cpu2->cpu2_L1I LOAD         ACCESS:   21161104 HIT:   21160963 MISS:        141 MSHR_MERGE:         74
cpu2->cpu2_L1I RFO          ACCESS:          0 HIT:          0 MISS:          0 MSHR_MERGE:          0
cpu2->cpu2_L1I PREFETCH     ACCESS:          0 HIT:          0 MISS:          0 MSHR_MERGE:          0
cpu2->cpu2_L1I WRITE        ACCESS:          0 HIT:          0 MISS:          0 MSHR_MERGE:          0
cpu2->cpu2_L1I TRANSLATION  ACCESS:          0 HIT:          0 MISS:          0 MSHR_MERGE:          0
cpu2->cpu2_L1I PREFETCH REQUESTED:          0 ISSUED:          0 USEFUL:          0 USELESS:          0
cpu2->cpu2_L1I AVERAGE MISS LATENCY: 472.9 cycles
cpu2->cpu2_L1D TOTAL        ACCESS:   30973971 HIT:   19292463 MISS:   11681508 MSHR_MERGE:    7028770
cpu2->cpu2_L1D LOAD         ACCESS:   21481314 HIT:   13605564 MISS:    7875750 MSHR_MERGE:    4061599
cpu2->cpu2_L1D RFO          ACCESS:          0 HIT:          0 MISS:          0 MSHR_MERGE:          0
cpu2->cpu2_L1D PREFETCH     ACCESS:          0 HIT:          0 MISS:          0 MSHR_MERGE:          0
cpu2->cpu2_L1D WRITE        ACCESS:    9492628 HIT:    5686896 MISS:    3805732 MSHR_MERGE:    2967171
cpu2->cpu2_L1D TRANSLATION  ACCESS:         29 HIT:          3 MISS:         26 MSHR_MERGE:          0
cpu2->cpu2_L1D PREFETCH REQUESTED:          0 ISSUED:          0 USEFUL:          0 USELESS:          0
cpu2->cpu2_L1D AVERAGE MISS LATENCY: 474.8 cycles
cpu2->cpu2_ITLB TOTAL        ACCESS:   19862122 HIT:   19862122 MISS:          0 MSHR_MERGE:          0
cpu2->cpu2_ITLB LOAD         ACCESS:   19862122 HIT:   19862122 MISS:          0 MSHR_MERGE:          0
cpu2->cpu2_ITLB RFO          ACCESS:          0 HIT:          0 MISS:          0 MSHR_MERGE:          0
cpu2->cpu2_ITLB PREFETCH     ACCESS:          0 HIT:          0 MISS:          0 MSHR_MERGE:          0
cpu2->cpu2_ITLB WRITE        ACCESS:          0 HIT:          0 MISS:          0 MSHR_MERGE:          0
cpu2->cpu2_ITLB TRANSLATION  ACCESS:          0 HIT:          0 MISS:          0 MSHR_MERGE:          0
cpu2->cpu2_ITLB PREFETCH REQUESTED:          0 ISSUED:          0 USEFUL:          0 USELESS:          0
cpu2->cpu2_ITLB AVERAGE MISS LATENCY: - cycles
cpu2->cpu2_DTLB TOTAL        ACCESS:   29482384 HIT:   29450650 MISS:      31734 MSHR_MERGE:       5263
cpu2->cpu2_DTLB LOAD         ACCESS:   29482384 HIT:   29450650 MISS:      31734 MSHR_MERGE:       5263
cpu2->cpu2_DTLB RFO          ACCESS:          0 HIT:          0 MISS:          0 MSHR_MERGE:          0
cpu2->cpu2_DTLB PREFETCH     ACCESS:          0 HIT:          0 MISS:          0 MSHR_MERGE:          0
cpu2->cpu2_DTLB WRITE        ACCESS:          0 HIT:          0 MISS:          0 MSHR_MERGE:          0
cpu2->cpu2_DTLB TRANSLATION  ACCESS:          0 HIT:          0 MISS:          0 MSHR_MERGE:          0
cpu2->cpu2_DTLB PREFETCH REQUESTED:          0 ISSUED:          0 USEFUL:          0 USELESS:          0
cpu2->cpu2_DTLB AVERAGE MISS LATENCY: 5.253 cycles
cpu1->cpu1_STLB TOTAL        ACCESS:      26365 HIT:      26336 MISS:         29 MSHR_MERGE:          0
cpu1->cpu1_STLB LOAD         ACCESS:      26365 HIT:      26336 MISS:         29 MSHR_MERGE:          0
cpu1->cpu1_STLB RFO          ACCESS:          0 HIT:          0 MISS:          0 MSHR_MERGE:          0
cpu1->cpu1_STLB PREFETCH     ACCESS:          0 HIT:          0 MISS:          0 MSHR_MERGE:          0
cpu1->cpu1_STLB WRITE        ACCESS:          0 HIT:          0 MISS:          0 MSHR_MERGE:          0
cpu1->cpu1_STLB TRANSLATION  ACCESS:          0 HIT:          0 MISS:          0 MSHR_MERGE:          0
cpu1->cpu1_STLB PREFETCH REQUESTED:          0 ISSUED:          0 USEFUL:          0 USELESS:          0
cpu1->cpu1_STLB AVERAGE MISS LATENCY: 956.4 cycles
cpu1->cpu1_L2C TOTAL        ACCESS:    6274162 HIT:    1698269 MISS:    4575893 MSHR_MERGE:          0
cpu1->cpu1_L2C LOAD         ACCESS:    3802409 HIT:      54382 MISS:    3748027 MSHR_MERGE:          0
cpu1->cpu1_L2C RFO          ACCESS:     838192 HIT:      10359 MISS:     827833 MSHR_MERGE:          0
cpu1->cpu1_L2C PREFETCH     ACCESS:          0 HIT:          0 MISS:          0 MSHR_MERGE:          0
cpu1->cpu1_L2C WRITE        ACCESS:    1633535 HIT:    1633528 MISS:          7 MSHR_MERGE:          0
cpu1->cpu1_L2C TRANSLATION  ACCESS:         26 HIT:          0 MISS:         26 MSHR_MERGE:          0
cpu1->cpu1_L2C PREFETCH REQUESTED:          0 ISSUED:          0 USEFUL:          0 USELESS:          0
cpu1->cpu1_L2C AVERAGE MISS LATENCY: 467.6 cycles
cpu1->cpu1_L1I TOTAL        ACCESS:   21120051 HIT:   21119904 MISS:        147 MSHR_MERGE:         80
cpu1->cpu1_L1I LOAD         ACCESS:   21120051 HIT:   21119904 MISS:        147 MSHR_MERGE:         80
cpu1->cpu1_L1I RFO          ACCESS:          0 HIT:          0 MISS:          0 MSHR_MERGE:          0
cpu1->cpu1_L1I PREFETCH     ACCESS:          0 HIT:          0 MISS:          0 MSHR_MERGE:          0
cpu1->cpu1_L1I WRITE        ACCESS:          0 HIT:          0 MISS:          0 MSHR_MERGE:          0
cpu1->cpu1_L1I TRANSLATION  ACCESS:          0 HIT:          0 MISS:          0 MSHR_MERGE:          0
cpu1->cpu1_L1I PREFETCH REQUESTED:          0 ISSUED:          0 USEFUL:          0 USELESS:          0
cpu1->cpu1_L1I AVERAGE MISS LATENCY: 312.3 cycles
cpu1->cpu1_L1D TOTAL        ACCESS:   30890538 HIT:   19246353 MISS:   11644185 MSHR_MERGE:    7003610
cpu1->cpu1_L1D LOAD         ACCESS:   21414641 HIT:   13573067 MISS:    7841574 MSHR_MERGE:    4039230
cpu1->cpu1_L1D RFO          ACCESS:          0 HIT:          0 MISS:          0 MSHR_MERGE:          0
cpu1->cpu1_L1D PREFETCH     ACCESS:          0 HIT:          0 MISS:          0 MSHR_MERGE:          0
cpu1->cpu1_L1D WRITE        ACCESS:    9475868 HIT:    5673283 MISS:    3802585 MSHR_MERGE:    2964380
cpu1->cpu1_L1D TRANSLATION  ACCESS:         29 HIT:          3 MISS:         26 MSHR_MERGE:          0
cpu1->cpu1_L1D PREFETCH REQUESTED:          0 ISSUED:          0 USEFUL:          0 USELESS:          0
cpu1->cpu1_L1D AVERAGE MISS LATENCY: 470.1 cycles
cpu1->cpu1_ITLB TOTAL        ACCESS:   19857678 HIT:   19857678 MISS:          0 MSHR_MERGE:          0
cpu1->cpu1_ITLB LOAD         ACCESS:   19857678 HIT:   19857678 MISS:          0 MSHR_MERGE:          0
cpu1->cpu1_ITLB RFO          ACCESS:          0 HIT:          0 MISS:          0 MSHR_MERGE:          0
cpu1->cpu1_ITLB PREFETCH     ACCESS:          0 HIT:          0 MISS:          0 MSHR_MERGE:          0
cpu1->cpu1_ITLB WRITE        ACCESS:          0 HIT:          0 MISS:          0 MSHR_MERGE:          0
cpu1->cpu1_ITLB TRANSLATION  ACCESS:          0 HIT:          0 MISS:          0 MSHR_MERGE:          0
cpu1->cpu1_ITLB PREFETCH REQUESTED:          0 ISSUED:          0 USEFUL:          0 USELESS:          0
cpu1->cpu1_ITLB AVERAGE MISS LATENCY: - cycles
cpu1->cpu1_DTLB TOTAL        ACCESS:   29407613 HIT:   29375997 MISS:      31616 MSHR_MERGE:       5251
cpu1->cpu1_DTLB LOAD         ACCESS:   29407613 HIT:   29375997 MISS:      31616 MSHR_MERGE:       5251
cpu1->cpu1_DTLB RFO          ACCESS:          0 HIT:          0 MISS:          0 MSHR_MERGE:          0
cpu1->cpu1_DTLB PREFETCH     ACCESS:          0 HIT:          0 MISS:          0 MSHR_MERGE:          0
cpu1->cpu1_DTLB WRITE        ACCESS:          0 HIT:          0 MISS:          0 MSHR_MERGE:          0
cpu1->cpu1_DTLB TRANSLATION  ACCESS:          0 HIT:          0 MISS:          0 MSHR_MERGE:          0
cpu1->cpu1_DTLB PREFETCH REQUESTED:          0 ISSUED:          0 USEFUL:          0 USELESS:          0
cpu1->cpu1_DTLB AVERAGE MISS LATENCY: 6.054 cycles
cpu0->cpu0_STLB TOTAL        ACCESS:      26153 HIT:      26124 MISS:         29 MSHR_MERGE:          0
cpu0->cpu0_STLB LOAD         ACCESS:      26153 HIT:      26124 MISS:         29 MSHR_MERGE:          0
cpu0->cpu0_STLB RFO          ACCESS:          0 HIT:          0 MISS:          0 MSHR_MERGE:          0
cpu0->cpu0_STLB PREFETCH     ACCESS:          0 HIT:          0 MISS:          0 MSHR_MERGE:          0
cpu0->cpu0_STLB WRITE        ACCESS:          0 HIT:          0 MISS:          0 MSHR_MERGE:          0
cpu0->cpu0_STLB TRANSLATION  ACCESS:          0 HIT:          0 MISS:          0 MSHR_MERGE:          0
cpu0->cpu0_STLB PREFETCH REQUESTED:          0 ISSUED:          0 USEFUL:          0 USELESS:          0
cpu0->cpu0_STLB AVERAGE MISS LATENCY: 1265 cycles
cpu0->cpu0_L2C TOTAL        ACCESS:    6248579 HIT:    1691390 MISS:    4557189 MSHR_MERGE:          0
cpu0->cpu0_L2C LOAD         ACCESS:    3784116 HIT:      54175 MISS:    3729941 MSHR_MERGE:          0
cpu0->cpu0_L2C RFO          ACCESS:     837549 HIT:      10334 MISS:     827215 MSHR_MERGE:          0
cpu0->cpu0_L2C PREFETCH     ACCESS:          0 HIT:          0 MISS:          0 MSHR_MERGE:          0
cpu0->cpu0_L2C WRITE        ACCESS:    1626888 HIT:    1626881 MISS:          7 MSHR_MERGE:          0
cpu0->cpu0_L2C TRANSLATION  ACCESS:         26 HIT:          0 MISS:         26 MSHR_MERGE:          0
cpu0->cpu0_L2C PREFETCH REQUESTED:          0 ISSUED:          0 USEFUL:          0 USELESS:          0
cpu0->cpu0_L2C AVERAGE MISS LATENCY: 450 cycles
cpu0->cpu0_L1I TOTAL        ACCESS:   21044986 HIT:   21044835 MISS:        151 MSHR_MERGE:         84
cpu0->cpu0_L1I LOAD         ACCESS:   21044986 HIT:   21044835 MISS:        151 MSHR_MERGE:         84
cpu0->cpu0_L1I RFO          ACCESS:          0 HIT:          0 MISS:          0 MSHR_MERGE:          0
cpu0->cpu0_L1I PREFETCH     ACCESS:          0 HIT:          0 MISS:          0 MSHR_MERGE:          0
cpu0->cpu0_L1I WRITE        ACCESS:          0 HIT:          0 MISS:          0 MSHR_MERGE:          0
cpu0->cpu0_L1I TRANSLATION  ACCESS:          0 HIT:          0 MISS:          0 MSHR_MERGE:          0
cpu0->cpu0_L1I PREFETCH REQUESTED:          0 ISSUED:          0 USEFUL:          0 USELESS:          0
cpu0->cpu0_L1I AVERAGE MISS LATENCY: 369.5 cycles
cpu0->cpu0_L1D TOTAL        ACCESS:   30770757 HIT:   19182589 MISS:   11588168 MSHR_MERGE:    6966530
cpu0->cpu0_L1D LOAD         ACCESS:   21322889 HIT:   13539326 MISS:    7783563 MSHR_MERGE:    3999511
cpu0->cpu0_L1D RFO          ACCESS:          0 HIT:          0 MISS:          0 MSHR_MERGE:          0
cpu0->cpu0_L1D PREFETCH     ACCESS:          0 HIT:          0 MISS:          0 MSHR_MERGE:          0
cpu0->cpu0_L1D WRITE        ACCESS:    9447839 HIT:    5643260 MISS:    3804579 MSHR_MERGE:    2967019
cpu0->cpu0_L1D TRANSLATION  ACCESS:         29 HIT:          3 MISS:         26 MSHR_MERGE:          0
cpu0->cpu0_L1D PREFETCH REQUESTED:          0 ISSUED:          0 USEFUL:          0 USELESS:          0
cpu0->cpu0_L1D AVERAGE MISS LATENCY: 452.8 cycles
cpu0->cpu0_ITLB TOTAL        ACCESS:   19787421 HIT:   19787421 MISS:          0 MSHR_MERGE:          0
cpu0->cpu0_ITLB LOAD         ACCESS:   19787421 HIT:   19787421 MISS:          0 MSHR_MERGE:          0
cpu0->cpu0_ITLB RFO          ACCESS:          0 HIT:          0 MISS:          0 MSHR_MERGE:          0
cpu0->cpu0_ITLB PREFETCH     ACCESS:          0 HIT:          0 MISS:          0 MSHR_MERGE:          0
cpu0->cpu0_ITLB WRITE        ACCESS:          0 HIT:          0 MISS:          0 MSHR_MERGE:          0
cpu0->cpu0_ITLB TRANSLATION  ACCESS:          0 HIT:          0 MISS:          0 MSHR_MERGE:          0
cpu0->cpu0_ITLB PREFETCH REQUESTED:          0 ISSUED:          0 USEFUL:          0 USELESS:          0
cpu0->cpu0_ITLB AVERAGE MISS LATENCY: - cycles
cpu0->cpu0_DTLB TOTAL        ACCESS:   29312535 HIT:   29281067 MISS:      31468 MSHR_MERGE:       5315
cpu0->cpu0_DTLB LOAD         ACCESS:   29312535 HIT:   29281067 MISS:      31468 MSHR_MERGE:       5315
cpu0->cpu0_DTLB RFO          ACCESS:          0 HIT:          0 MISS:          0 MSHR_MERGE:          0
cpu0->cpu0_DTLB PREFETCH     ACCESS:          0 HIT:          0 MISS:          0 MSHR_MERGE:          0
cpu0->cpu0_DTLB WRITE        ACCESS:          0 HIT:          0 MISS:          0 MSHR_MERGE:          0
cpu0->cpu0_DTLB TRANSLATION  ACCESS:          0 HIT:          0 MISS:          0 MSHR_MERGE:          0
cpu0->cpu0_DTLB PREFETCH REQUESTED:          0 ISSUED:          0 USEFUL:          0 USELESS:          0
cpu0->cpu0_DTLB AVERAGE MISS LATENCY: 6.404 cycles
cpu0->LLC TOTAL        ACCESS:    6166438 HIT:    1751507 MISS:    4414931 MSHR_MERGE:          0
cpu0->LLC LOAD         ACCESS:    3729955 HIT:     181653 MISS:    3548302 MSHR_MERGE:          0
cpu0->LLC RFO          ACCESS:     827215 HIT:      20534 MISS:     806681 MSHR_MERGE:          0
cpu0->LLC PREFETCH     ACCESS:          0 HIT:          0 MISS:          0 MSHR_MERGE:          0
cpu0->LLC WRITE        ACCESS:    1609242 HIT:    1549320 MISS:      59922 MSHR_MERGE:          0
cpu0->LLC TRANSLATION  ACCESS:         26 HIT:          0 MISS:         26 MSHR_MERGE:          0
cpu0->LLC PREFETCH REQUESTED:          0 ISSUED:          0 USEFUL:          0 USELESS:          0
cpu0->LLC AVERAGE MISS LATENCY: 3756 cycles
cpu1->LLC TOTAL        ACCESS:    6191695 HIT:    1709433 MISS:    4482262 MSHR_MERGE:          0
cpu1->LLC LOAD         ACCESS:    3748041 HIT:     163976 MISS:    3584065 MSHR_MERGE:          0
cpu1->LLC RFO          ACCESS:     827833 HIT:      15484 MISS:     812349 MSHR_MERGE:          0
cpu1->LLC PREFETCH     ACCESS:          0 HIT:          0 MISS:          0 MSHR_MERGE:          0
cpu1->LLC WRITE        ACCESS:    1615795 HIT:    1529968 MISS:      85827 MSHR_MERGE:          0
cpu1->LLC TRANSLATION  ACCESS:         26 HIT:          5 MISS:         21 MSHR_MERGE:          0
cpu1->LLC PREFETCH REQUESTED:          0 ISSUED:          0 USEFUL:          0 USELESS:          0
cpu1->LLC AVERAGE MISS LATENCY: 3700 cycles
cpu2->LLC TOTAL        ACCESS:    6208335 HIT:    1706537 MISS:    4501798 MSHR_MERGE:          0
cpu2->LLC LOAD         ACCESS:    3759724 HIT:     157651 MISS:    3602073 MSHR_MERGE:          0
cpu2->LLC RFO          ACCESS:     828176 HIT:      12317 MISS:     815859 MSHR_MERGE:          0
cpu2->LLC PREFETCH     ACCESS:          0 HIT:          0 MISS:          0 MSHR_MERGE:          0
cpu2->LLC WRITE        ACCESS:    1620409 HIT:    1536543 MISS:      83866 MSHR_MERGE:          0
cpu2->LLC TRANSLATION  ACCESS:         26 HIT:         26 MISS:          0 MSHR_MERGE:          0
cpu2->LLC PREFETCH REQUESTED:          0 ISSUED:          0 USEFUL:          0 USELESS:          0
cpu2->LLC AVERAGE MISS LATENCY: 3684 cycles
cpu3->LLC TOTAL        ACCESS:    6204424 HIT:    1704652 MISS:    4499772 MSHR_MERGE:          0
cpu3->LLC LOAD         ACCESS:    3757100 HIT:     158256 MISS:    3598844 MSHR_MERGE:          0
cpu3->LLC RFO          ACCESS:     828073 HIT:      12889 MISS:     815184 MSHR_MERGE:          0
cpu3->LLC PREFETCH     ACCESS:          0 HIT:          0 MISS:          0 MSHR_MERGE:          0
cpu3->LLC WRITE        ACCESS:    1619225 HIT:    1533497 MISS:      85728 MSHR_MERGE:          0
cpu3->LLC TRANSLATION  ACCESS:         26 HIT:         10 MISS:         16 MSHR_MERGE:          0
cpu3->LLC PREFETCH REQUESTED:          0 ISSUED:          0 USEFUL:          0 USELESS:          0
cpu3->LLC AVERAGE MISS LATENCY: 3685 cycles
cpu4->LLC TOTAL        ACCESS:    6211115 HIT:    1715257 MISS:    4495858 MSHR_MERGE:          0
cpu4->LLC LOAD         ACCESS:    3761416 HIT:     157046 MISS:    3604370 MSHR_MERGE:          0
cpu4->LLC RFO          ACCESS:     828216 HIT:      12188 MISS:     816028 MSHR_MERGE:          0
cpu4->LLC PREFETCH     ACCESS:          0 HIT:          0 MISS:          0 MSHR_MERGE:          0
cpu4->LLC WRITE        ACCESS:    1621457 HIT:    1545997 MISS:      75460 MSHR_MERGE:          0
cpu4->LLC TRANSLATION  ACCESS:         26 HIT:         26 MISS:          0 MSHR_MERGE:          0
cpu4->LLC PREFETCH REQUESTED:          0 ISSUED:          0 USEFUL:          0 USELESS:          0
cpu4->LLC AVERAGE MISS LATENCY: 3689 cycles
cpu5->LLC TOTAL        ACCESS:    6212686 HIT:    1728846 MISS:    4483840 MSHR_MERGE:          0
cpu5->LLC LOAD         ACCESS:    3762446 HIT:     157787 MISS:    3604659 MSHR_MERGE:          0
cpu5->LLC RFO          ACCESS:     828249 HIT:      12844 MISS:     815405 MSHR_MERGE:          0
cpu5->LLC PREFETCH     ACCESS:          0 HIT:          0 MISS:          0 MSHR_MERGE:          0
cpu5->LLC WRITE        ACCESS:    1621965 HIT:    1558189 MISS:      63776 MSHR_MERGE:          0
cpu5->LLC TRANSLATION  ACCESS:         26 HIT:         26 MISS:          0 MSHR_MERGE:          0
cpu5->LLC PREFETCH REQUESTED:          0 ISSUED:          0 USEFUL:          0 USELESS:          0
cpu5->LLC AVERAGE MISS LATENCY: 3699 cycles
cpu6->LLC TOTAL        ACCESS:    6215997 HIT:    1726239 MISS:    4489758 MSHR_MERGE:          0
cpu6->LLC LOAD         ACCESS:    3764710 HIT:     158479 MISS:    3606231 MSHR_MERGE:          0
cpu6->LLC RFO          ACCESS:     828363 HIT:      12916 MISS:     815447 MSHR_MERGE:          0
cpu6->LLC PREFETCH     ACCESS:          0 HIT:          0 MISS:          0 MSHR_MERGE:          0
cpu6->LLC WRITE        ACCESS:    1622898 HIT:    1554818 MISS:      68080 MSHR_MERGE:          0
cpu6->LLC TRANSLATION  ACCESS:         26 HIT:         26 MISS:          0 MSHR_MERGE:          0
cpu6->LLC PREFETCH REQUESTED:          0 ISSUED:          0 USEFUL:          0 USELESS:          0
cpu6->LLC AVERAGE MISS LATENCY: 3694 cycles
cpu7->LLC TOTAL        ACCESS:    6215574 HIT:    1725318 MISS:    4490256 MSHR_MERGE:          0
cpu7->LLC LOAD         ACCESS:    3764259 HIT:     158461 MISS:    3605798 MSHR_MERGE:          0
cpu7->LLC RFO          ACCESS:     828400 HIT:      12742 MISS:     815658 MSHR_MERGE:          0
cpu7->LLC PREFETCH     ACCESS:          0 HIT:          0 MISS:          0 MSHR_MERGE:          0
cpu7->LLC WRITE        ACCESS:    1622889 HIT:    1554089 MISS:      68800 MSHR_MERGE:          0
cpu7->LLC TRANSLATION  ACCESS:         26 HIT:         26 MISS:          0 MSHR_MERGE:          0
cpu7->LLC PREFETCH REQUESTED:          0 ISSUED:          0 USEFUL:          0 USELESS:          0
cpu7->LLC AVERAGE MISS LATENCY: 3693 cycles

DRAM Statistics

Channel 0 READ REQS:   17629836	WRITE REQS:    6409361
  READS:   17629755	READ_HITS:          0
  WRITES:    6409297	WRITE HITS:          0
  ACTIVATES:   24039056	PRECHARGES:   24039052
  RQ FULL:    8869414	WQ FULL:          0
  WRITE DRAINS:     116175	FORCED:      62898
  MEAN WRITE IMBALANCE: 1.7941467613514095
  READ OCCU PRE DRAIN: 11.950238863783087	POST DRAIN: 18.302448891758125
  MEAN BLP: 23.652283193458146	BGLP: 6.444734237142242
  READ LATENCY: 111.83537048586325
  TIME IN WRITE MODE: 24492615680

Channel 1 READ REQS:   17637180	WRITE REQS:    6412592
  READS:   17637085	READ_HITS:          0
  WRITES:    6412532	WRITE HITS:          0
  ACTIVATES:   24049619	PRECHARGES:   24049617
  RQ FULL:    8559897	WQ FULL:          0
  WRITE DRAINS:     118025	FORCED:      62868
  MEAN WRITE IMBALANCE: 1.782825672527007
  READ OCCU PRE DRAIN: 11.672577843677187	POST DRAIN: 17.97351408599873
  MEAN BLP: 23.319466214785002	BGLP: 6.38189366659606
  READ LATENCY: 111.50203471832222
  TIME IN WRITE MODE: 24478489152
BARD NON LRU EVICTS: 1032592	TOTAL EVICTS: 43602360	EAGER WB: 11361031
---------------------------------------
Begin Slurm Epilog: Apr-11-2025 09:28:58
Job ID:        3795499
User ID:       svittal8
Account:       gts-mqureshi4-rg
Job name:      wrap
Resources:     cpu=1,mem=4G,node=1
Rsrc Used:     cput=08:00:23,vmem=0,walltime=08:00:23,mem=177744K,energy_used=0
Partition:     cpu-small
QOS:           inferno
Nodes:         atl1-1-02-006-28-2
---------------------------------------
