[VMEM] WARNING: physical memory size is smaller than virtual memory size.

*** ChampSim Multicore Out-of-Order Simulator ***
Warmup Instructions: 25000000
Simulation Instructions: 50000000
Number of CPUs: 8
Page size: 2097152

BARD: USING BITVECTOR
CL :	 16.64 ns
CWL :	 15.808 ns
tRP :	 16.224 ns
tRCD :	 16.224 ns
tRAS :	 32.032000000000004 ns
tRTP :	 7.904 ns
tWR :	 30.368000000000002 ns

tCCD_S :	 3.3280000000000003 ns
tCCD_S_WR :	 3.3280000000000003 ns
tCCD_S_WTR :	 22.048000000000002 ns
tCCD_L :	 5.408 ns
tCCD_L_WR :	 20.384 ns
tCCD_L_WTR :	 29.536 ns
tRRD_S :	 3.3280000000000003 ns
tRRD_L :	 5.408 ns
tFAW :	 13.728 ns
Address mapping (perm = 1) 	ch co bg bg bg ba ba co co co co co co ro ro ro ro ro ro ro ro ro ro ro ro ro ro ro 
dram queue size: R = 64 W = 48 (low:high is 9:39)
max lookup for evict 0	evict = 16, eager = 16
max lookup for evict 100000	evict = 3, eager = 16
max lookup for evict 200000	evict = 4, eager = 16
max lookup for evict 300000	evict = 3, eager = 16
max lookup for evict 400000	evict = 2, eager = 16
max lookup for evict 500000	evict = 2, eager = 16
max lookup for evict 600000	evict = 2, eager = 16
max lookup for evict 700000	evict = 2, eager = 16
max lookup for evict 800000	evict = 2, eager = 16
max lookup for evict 900000	evict = 2, eager = 16
max lookup for evict 1000000	evict = 2, eager = 16
max lookup for evict 1100000	evict = 2, eager = 16
Heartbeat CPU 0 instructions: 10000000 cycles: 3254725 heartbeat IPC: 3.072 cumulative IPC: 3.072 (Simulation time: 00 hr 11 min 45 sec)
Heartbeat CPU 1 instructions: 10000003 cycles: 3255205 heartbeat IPC: 3.072 cumulative IPC: 3.072 (Simulation time: 00 hr 11 min 45 sec)
Heartbeat CPU 3 instructions: 10000002 cycles: 3255500 heartbeat IPC: 3.072 cumulative IPC: 3.072 (Simulation time: 00 hr 11 min 45 sec)
Heartbeat CPU 2 instructions: 10000001 cycles: 3255647 heartbeat IPC: 3.072 cumulative IPC: 3.072 (Simulation time: 00 hr 11 min 45 sec)
Heartbeat CPU 4 instructions: 10000001 cycles: 3255697 heartbeat IPC: 3.072 cumulative IPC: 3.072 (Simulation time: 00 hr 11 min 45 sec)
Heartbeat CPU 7 instructions: 10000001 cycles: 3255855 heartbeat IPC: 3.071 cumulative IPC: 3.071 (Simulation time: 00 hr 11 min 45 sec)
Heartbeat CPU 6 instructions: 10000001 cycles: 3256047 heartbeat IPC: 3.071 cumulative IPC: 3.071 (Simulation time: 00 hr 11 min 45 sec)
Heartbeat CPU 5 instructions: 10000002 cycles: 3257216 heartbeat IPC: 3.07 cumulative IPC: 3.07 (Simulation time: 00 hr 11 min 46 sec)
max lookup for evict 1200000	evict = 2, eager = 16
max lookup for evict 1300000	evict = 2, eager = 16
max lookup for evict 1400000	evict = 2, eager = 16
max lookup for evict 1500000	evict = 2, eager = 16
max lookup for evict 1600000	evict = 2, eager = 16
max lookup for evict 1700000	evict = 4, eager = 16
max lookup for evict 1800000	evict = 3, eager = 16
max lookup for evict 1900000	evict = 3, eager = 16
max lookup for evict 2000000	evict = 2, eager = 16
max lookup for evict 2100000	evict = 2, eager = 16
max lookup for evict 2200000	evict = 3, eager = 16
max lookup for evict 2300000	evict = 3, eager = 16
max lookup for evict 2400000	evict = 3, eager = 16
max lookup for evict 2500000	evict = 3, eager = 16
Heartbeat CPU 3 instructions: 20000004 cycles: 6508061 heartbeat IPC: 3.075 cumulative IPC: 3.073 (Simulation time: 00 hr 23 min 38 sec)
Heartbeat CPU 0 instructions: 20000000 cycles: 6508407 heartbeat IPC: 3.073 cumulative IPC: 3.073 (Simulation time: 00 hr 23 min 39 sec)
Heartbeat CPU 6 instructions: 20000005 cycles: 6508596 heartbeat IPC: 3.075 cumulative IPC: 3.073 (Simulation time: 00 hr 23 min 39 sec)
Heartbeat CPU 4 instructions: 20000004 cycles: 6508992 heartbeat IPC: 3.074 cumulative IPC: 3.073 (Simulation time: 00 hr 23 min 39 sec)
Heartbeat CPU 1 instructions: 20000004 cycles: 6509701 heartbeat IPC: 3.073 cumulative IPC: 3.072 (Simulation time: 00 hr 23 min 39 sec)
Heartbeat CPU 2 instructions: 20000004 cycles: 6510557 heartbeat IPC: 3.072 cumulative IPC: 3.072 (Simulation time: 00 hr 23 min 39 sec)
Heartbeat CPU 5 instructions: 20000004 cycles: 6511142 heartbeat IPC: 3.073 cumulative IPC: 3.072 (Simulation time: 00 hr 23 min 39 sec)
Heartbeat CPU 7 instructions: 20000003 cycles: 6511195 heartbeat IPC: 3.072 cumulative IPC: 3.072 (Simulation time: 00 hr 23 min 39 sec)
max lookup for evict 2600000	evict = 3, eager = 16
max lookup for evict 2700000	evict = 4, eager = 16
max lookup for evict 2800000	evict = 4, eager = 16
max lookup for evict 2900000	evict = 4, eager = 16
max lookup for evict 3000000	evict = 4, eager = 16
max lookup for evict 3100000	evict = 2, eager = 16
max lookup for evict 3200000	evict = 2, eager = 16
Warmup finished CPU 3 instructions: 25000000 cycles: 8134421 cumulative IPC: 3.073 (Simulation time: 00 hr 29 min 37 sec)
Warmup finished CPU 6 instructions: 25000003 cycles: 8134706 cumulative IPC: 3.073 (Simulation time: 00 hr 29 min 37 sec)
Warmup finished CPU 0 instructions: 25000000 cycles: 8135073 cumulative IPC: 3.073 (Simulation time: 00 hr 29 min 37 sec)
Warmup finished CPU 4 instructions: 25000003 cycles: 8136171 cumulative IPC: 3.073 (Simulation time: 00 hr 29 min 38 sec)
Warmup finished CPU 7 instructions: 25000002 cycles: 8136901 cumulative IPC: 3.072 (Simulation time: 00 hr 29 min 38 sec)
Warmup finished CPU 1 instructions: 25000001 cycles: 8137075 cumulative IPC: 3.072 (Simulation time: 00 hr 29 min 38 sec)
Warmup finished CPU 5 instructions: 25000004 cycles: 8137725 cumulative IPC: 3.072 (Simulation time: 00 hr 29 min 38 sec)
Warmup finished CPU 2 instructions: 25000000 cycles: 8138119 cumulative IPC: 3.072 (Simulation time: 00 hr 29 min 38 sec)
Warmup complete CPU 7 instructions: 25003697 cycles: 8138119 cumulative IPC: 3.072 (Simulation time: 00 hr 29 min 38 sec)
Warmup complete CPU 6 instructions: 25010438 cycles: 8138119 cumulative IPC: 3.073 (Simulation time: 00 hr 29 min 38 sec)
Warmup complete CPU 5 instructions: 25001258 cycles: 8138119 cumulative IPC: 3.072 (Simulation time: 00 hr 29 min 38 sec)
Warmup complete CPU 4 instructions: 25006012 cycles: 8138119 cumulative IPC: 3.073 (Simulation time: 00 hr 29 min 38 sec)
Warmup complete CPU 3 instructions: 25011412 cycles: 8138119 cumulative IPC: 3.073 (Simulation time: 00 hr 29 min 38 sec)
Warmup complete CPU 2 instructions: 25000000 cycles: 8138119 cumulative IPC: 3.072 (Simulation time: 00 hr 29 min 38 sec)
Warmup complete CPU 1 instructions: 25003340 cycles: 8138119 cumulative IPC: 3.072 (Simulation time: 00 hr 29 min 38 sec)
Warmup complete CPU 0 instructions: 25009512 cycles: 8138119 cumulative IPC: 3.073 (Simulation time: 00 hr 29 min 38 sec)
max lookup for evict 3300000	evict = 2, eager = 16
max lookup for evict 3400000	evict = 2, eager = 16
max lookup for evict 3500000	evict = 4, eager = 16
max lookup for evict 3600000	evict = 4, eager = 16
max lookup for evict 3700000	evict = 4, eager = 16
max lookup for evict 3800000	evict = 4, eager = 16
max lookup for evict 3900000	evict = 4, eager = 16
Heartbeat CPU 4 instructions: 30000005 cycles: 20324414 heartbeat IPC: 0.7238 cumulative IPC: 0.4098 (Simulation time: 00 hr 48 min 40 sec)
Heartbeat CPU 6 instructions: 30000005 cycles: 20389738 heartbeat IPC: 0.7204 cumulative IPC: 0.4073 (Simulation time: 00 hr 48 min 46 sec)
Heartbeat CPU 2 instructions: 30000004 cycles: 20395455 heartbeat IPC: 0.7202 cumulative IPC: 0.4079 (Simulation time: 00 hr 48 min 47 sec)
Heartbeat CPU 0 instructions: 30000000 cycles: 20406330 heartbeat IPC: 0.7195 cumulative IPC: 0.4068 (Simulation time: 00 hr 48 min 48 sec)
Heartbeat CPU 3 instructions: 30000005 cycles: 20420124 heartbeat IPC: 0.7188 cumulative IPC: 0.4062 (Simulation time: 00 hr 48 min 49 sec)
Heartbeat CPU 7 instructions: 30000004 cycles: 20471823 heartbeat IPC: 0.7163 cumulative IPC: 0.4051 (Simulation time: 00 hr 48 min 54 sec)
Heartbeat CPU 5 instructions: 30000004 cycles: 20511789 heartbeat IPC: 0.7143 cumulative IPC: 0.404 (Simulation time: 00 hr 48 min 58 sec)
Heartbeat CPU 1 instructions: 30000005 cycles: 20516901 heartbeat IPC: 0.7139 cumulative IPC: 0.4036 (Simulation time: 00 hr 48 min 58 sec)
max lookup for evict 4000000	evict = 4, eager = 16
max lookup for evict 4100000	evict = 4, eager = 16
max lookup for evict 4200000	evict = 4, eager = 16
max lookup for evict 4300000	evict = 4, eager = 16
max lookup for evict 4400000	evict = 2, eager = 16
max lookup for evict 4500000	evict = 3, eager = 16
max lookup for evict 4600000	evict = 3, eager = 16
max lookup for evict 4700000	evict = 4, eager = 16
max lookup for evict 4800000	evict = 3, eager = 16
max lookup for evict 4900000	evict = 4, eager = 16
max lookup for evict 5000000	evict = 3, eager = 16
max lookup for evict 5100000	evict = 3, eager = 16
max lookup for evict 5200000	evict = 3, eager = 16
max lookup for evict 5300000	evict = 3, eager = 16
Heartbeat CPU 4 instructions: 40000008 cycles: 44736620 heartbeat IPC: 0.4096 cumulative IPC: 0.4097 (Simulation time: 01 hr 26 min 42 sec)
Heartbeat CPU 6 instructions: 40000008 cycles: 44766277 heartbeat IPC: 0.4102 cumulative IPC: 0.4092 (Simulation time: 01 hr 26 min 45 sec)
Heartbeat CPU 0 instructions: 40000004 cycles: 44930918 heartbeat IPC: 0.4078 cumulative IPC: 0.4074 (Simulation time: 01 hr 27 min 00 sec)
Heartbeat CPU 2 instructions: 40000008 cycles: 44951991 heartbeat IPC: 0.4072 cumulative IPC: 0.4075 (Simulation time: 01 hr 27 min 02 sec)
max lookup for evict 5400000	evict = 5, eager = 16
Heartbeat CPU 3 instructions: 40000009 cycles: 44985724 heartbeat IPC: 0.4071 cumulative IPC: 0.4068 (Simulation time: 01 hr 27 min 06 sec)
Heartbeat CPU 7 instructions: 40000005 cycles: 45039658 heartbeat IPC: 0.407 cumulative IPC: 0.4064 (Simulation time: 01 hr 27 min 11 sec)
Heartbeat CPU 1 instructions: 40000008 cycles: 45062709 heartbeat IPC: 0.4074 cumulative IPC: 0.4061 (Simulation time: 01 hr 27 min 13 sec)
Heartbeat CPU 5 instructions: 40000004 cycles: 45387121 heartbeat IPC: 0.402 cumulative IPC: 0.4027 (Simulation time: 01 hr 27 min 43 sec)
max lookup for evict 5500000	evict = 5, eager = 16
max lookup for evict 5600000	evict = 2, eager = 16
max lookup for evict 5700000	evict = 2, eager = 16
max lookup for evict 5800000	evict = 5, eager = 16
max lookup for evict 5900000	evict = 5, eager = 16
max lookup for evict 6000000	evict = 5, eager = 16
max lookup for evict 6100000	evict = 5, eager = 16
max lookup for evict 6200000	evict = 3, eager = 16
max lookup for evict 6300000	evict = 3, eager = 16
max lookup for evict 6400000	evict = 3, eager = 16
max lookup for evict 6500000	evict = 3, eager = 16
max lookup for evict 6600000	evict = 2, eager = 16
max lookup for evict 6700000	evict = 2, eager = 16
max lookup for evict 6800000	evict = 3, eager = 16
Heartbeat CPU 4 instructions: 50000010 cycles: 69268778 heartbeat IPC: 0.4076 cumulative IPC: 0.4089 (Simulation time: 02 hr 05 min 01 sec)
Heartbeat CPU 6 instructions: 50000010 cycles: 69326679 heartbeat IPC: 0.4072 cumulative IPC: 0.4084 (Simulation time: 02 hr 05 min 06 sec)
Heartbeat CPU 2 instructions: 50000010 cycles: 69494687 heartbeat IPC: 0.4075 cumulative IPC: 0.4075 (Simulation time: 02 hr 05 min 22 sec)
Heartbeat CPU 0 instructions: 50000008 cycles: 69555327 heartbeat IPC: 0.4061 cumulative IPC: 0.4069 (Simulation time: 02 hr 05 min 28 sec)
Heartbeat CPU 3 instructions: 50000010 cycles: 69576883 heartbeat IPC: 0.4067 cumulative IPC: 0.4067 (Simulation time: 02 hr 05 min 30 sec)
Heartbeat CPU 1 instructions: 50000010 cycles: 69659696 heartbeat IPC: 0.4066 cumulative IPC: 0.4063 (Simulation time: 02 hr 05 min 37 sec)
Heartbeat CPU 7 instructions: 50000005 cycles: 69966097 heartbeat IPC: 0.4012 cumulative IPC: 0.4043 (Simulation time: 02 hr 06 min 06 sec)
Heartbeat CPU 5 instructions: 50000008 cycles: 70075897 heartbeat IPC: 0.405 cumulative IPC: 0.4036 (Simulation time: 02 hr 06 min 16 sec)
max lookup for evict 6900000	evict = 3, eager = 16
max lookup for evict 7000000	evict = 3, eager = 16
max lookup for evict 7100000	evict = 6, eager = 16
max lookup for evict 7200000	evict = 3, eager = 16
max lookup for evict 7300000	evict = 3, eager = 16
max lookup for evict 7400000	evict = 3, eager = 16
max lookup for evict 7500000	evict = 3, eager = 16
max lookup for evict 7600000	evict = 3, eager = 16
max lookup for evict 7700000	evict = 3, eager = 16
max lookup for evict 7800000	evict = 3, eager = 16
max lookup for evict 7900000	evict = 3, eager = 16
max lookup for evict 8000000	evict = 3, eager = 16
max lookup for evict 8100000	evict = 3, eager = 16
max lookup for evict 8200000	evict = 3, eager = 16
Heartbeat CPU 4 instructions: 60000010 cycles: 93875678 heartbeat IPC: 0.4064 cumulative IPC: 0.4082 (Simulation time: 02 hr 43 min 13 sec)
Heartbeat CPU 6 instructions: 60000010 cycles: 93896219 heartbeat IPC: 0.407 cumulative IPC: 0.408 (Simulation time: 02 hr 43 min 15 sec)
Heartbeat CPU 2 instructions: 60000010 cycles: 94150561 heartbeat IPC: 0.4056 cumulative IPC: 0.4069 (Simulation time: 02 hr 43 min 38 sec)
Heartbeat CPU 0 instructions: 60000009 cycles: 94180604 heartbeat IPC: 0.4061 cumulative IPC: 0.4067 (Simulation time: 02 hr 43 min 41 sec)
Heartbeat CPU 3 instructions: 60000010 cycles: 94272395 heartbeat IPC: 0.4049 cumulative IPC: 0.4062 (Simulation time: 02 hr 43 min 49 sec)
max lookup for evict 8300000	evict = 3, eager = 16
Heartbeat CPU 1 instructions: 60000010 cycles: 94411551 heartbeat IPC: 0.404 cumulative IPC: 0.4056 (Simulation time: 02 hr 44 min 02 sec)
Heartbeat CPU 5 instructions: 60000009 cycles: 94724159 heartbeat IPC: 0.4057 cumulative IPC: 0.4042 (Simulation time: 02 hr 44 min 31 sec)
Heartbeat CPU 7 instructions: 60000005 cycles: 95042687 heartbeat IPC: 0.3988 cumulative IPC: 0.4027 (Simulation time: 02 hr 45 min 00 sec)
max lookup for evict 8400000	evict = 3, eager = 16
max lookup for evict 8500000	evict = 3, eager = 16
max lookup for evict 8600000	evict = 3, eager = 16
max lookup for evict 8700000	evict = 3, eager = 16
max lookup for evict 8800000	evict = 3, eager = 16
max lookup for evict 8900000	evict = 3, eager = 16
max lookup for evict 9000000	evict = 3, eager = 16
max lookup for evict 9100000	evict = 3, eager = 16
max lookup for evict 9200000	evict = 3, eager = 16
max lookup for evict 9300000	evict = 3, eager = 16
max lookup for evict 9400000	evict = 3, eager = 16
max lookup for evict 9500000	evict = 3, eager = 16
max lookup for evict 9600000	evict = 4, eager = 16
max lookup for evict 9700000	evict = 4, eager = 16
Heartbeat CPU 6 instructions: 70000012 cycles: 118468705 heartbeat IPC: 0.407 cumulative IPC: 0.4078 (Simulation time: 03 hr 21 min 05 sec)
Heartbeat CPU 0 instructions: 70000010 cycles: 118763126 heartbeat IPC: 0.4068 cumulative IPC: 0.4067 (Simulation time: 03 hr 21 min 31 sec)
Heartbeat CPU 4 instructions: 70000012 cycles: 118821181 heartbeat IPC: 0.4009 cumulative IPC: 0.4065 (Simulation time: 03 hr 21 min 37 sec)
Heartbeat CPU 2 instructions: 70000012 cycles: 118845340 heartbeat IPC: 0.4049 cumulative IPC: 0.4065 (Simulation time: 03 hr 21 min 39 sec)
Heartbeat CPU 3 instructions: 70000013 cycles: 118907648 heartbeat IPC: 0.4059 cumulative IPC: 0.4061 (Simulation time: 03 hr 21 min 44 sec)
Heartbeat CPU 1 instructions: 70000012 cycles: 119090423 heartbeat IPC: 0.4052 cumulative IPC: 0.4055 (Simulation time: 03 hr 22 min 01 sec)
Heartbeat CPU 5 instructions: 70000012 cycles: 119332601 heartbeat IPC: 0.4064 cumulative IPC: 0.4047 (Simulation time: 03 hr 22 min 23 sec)
Heartbeat CPU 7 instructions: 70000007 cycles: 119685115 heartbeat IPC: 0.4058 cumulative IPC: 0.4034 (Simulation time: 03 hr 22 min 56 sec)
max lookup for evict 9800000	evict = 4, eager = 16
max lookup for evict 9900000	evict = 3, eager = 16
max lookup for evict 10000000	evict = 3, eager = 16
max lookup for evict 10100000	evict = 3, eager = 16
max lookup for evict 10200000	evict = 3, eager = 16
max lookup for evict 10300000	evict = 3, eager = 16
max lookup for evict 10400000	evict = 1, eager = 16
Simulation finished CPU 6 instructions: 50000002 cycles: 122613502 cumulative IPC: 0.4078 (Simulation time: 03 hr 40 min 22 sec)
Simulation finished CPU 0 instructions: 50000001 cycles: 122908628 cumulative IPC: 0.4068 (Simulation time: 03 hr 40 min 50 sec)
Simulation finished CPU 4 instructions: 50000004 cycles: 122958148 cumulative IPC: 0.4066 (Simulation time: 03 hr 40 min 55 sec)
Simulation finished CPU 2 instructions: 50000004 cycles: 123050593 cumulative IPC: 0.4063 (Simulation time: 03 hr 41 min 03 sec)
Simulation finished CPU 3 instructions: 50000003 cycles: 123051324 cumulative IPC: 0.4063 (Simulation time: 03 hr 41 min 03 sec)
Simulation finished CPU 1 instructions: 50000002 cycles: 123240808 cumulative IPC: 0.4057 (Simulation time: 03 hr 41 min 21 sec)
Simulation finished CPU 5 instructions: 50000004 cycles: 123490362 cumulative IPC: 0.4049 (Simulation time: 03 hr 41 min 45 sec)
max lookup for evict 10500000	evict = 1, eager = 16
Simulation finished CPU 7 instructions: 50000004 cycles: 123836168 cumulative IPC: 0.4038 (Simulation time: 03 hr 42 min 18 sec)
Simulation complete CPU 7 instructions: 50000004 cycles: 123836168 cumulative IPC: 0.4038 (Simulation time: 03 hr 42 min 18 sec)
Simulation complete CPU 6 instructions: 50488829 cycles: 123836168 cumulative IPC: 0.4077 (Simulation time: 03 hr 42 min 18 sec)
Simulation complete CPU 5 instructions: 50135098 cycles: 123836168 cumulative IPC: 0.4049 (Simulation time: 03 hr 42 min 18 sec)
Simulation complete CPU 4 instructions: 50351520 cycles: 123836168 cumulative IPC: 0.4066 (Simulation time: 03 hr 42 min 18 sec)
Simulation complete CPU 3 instructions: 50312230 cycles: 123836168 cumulative IPC: 0.4063 (Simulation time: 03 hr 42 min 18 sec)
Simulation complete CPU 2 instructions: 50308670 cycles: 123836168 cumulative IPC: 0.4063 (Simulation time: 03 hr 42 min 18 sec)
Simulation complete CPU 1 instructions: 50235774 cycles: 123836168 cumulative IPC: 0.4057 (Simulation time: 03 hr 42 min 18 sec)
Simulation complete CPU 0 instructions: 50370741 cycles: 123836168 cumulative IPC: 0.4068 (Simulation time: 03 hr 42 min 18 sec)

ChampSim completed all CPUs

=== Simulation ===
CPU 0 runs ../frost/TRACES/ctf/spec2017/649.fotonik3d_s-10881B.champsimtrace.xz
CPU 1 runs ../frost/TRACES/ctf/spec2017/649.fotonik3d_s-10881B.champsimtrace.xz
CPU 2 runs ../frost/TRACES/ctf/spec2017/649.fotonik3d_s-10881B.champsimtrace.xz
CPU 3 runs ../frost/TRACES/ctf/spec2017/649.fotonik3d_s-10881B.champsimtrace.xz
CPU 4 runs ../frost/TRACES/ctf/spec2017/649.fotonik3d_s-10881B.champsimtrace.xz
CPU 5 runs ../frost/TRACES/ctf/spec2017/649.fotonik3d_s-10881B.champsimtrace.xz
CPU 6 runs ../frost/TRACES/ctf/spec2017/649.fotonik3d_s-10881B.champsimtrace.xz
CPU 7 runs ../frost/TRACES/ctf/spec2017/649.fotonik3d_s-10881B.champsimtrace.xz

Total Simulation Statistics (not including warmup)

CPU 7 cumulative IPC: 0.4038 instructions: 50000004 cycles: 123836168
CPU 7 Branch Prediction Accuracy: 100% MPKI: 0 Average ROB Occupancy at Mispredict: -
Branch type MPKI
BRANCH_DIRECT_JUMP: 0
BRANCH_INDIRECT: 0
BRANCH_CONDITIONAL: 0
BRANCH_DIRECT_CALL: 0
BRANCH_INDIRECT_CALL: 0
BRANCH_RETURN: 0


CPU 6 cumulative IPC: 0.4077 instructions: 50488829 cycles: 123836168
CPU 6 Branch Prediction Accuracy: 100% MPKI: 0 Average ROB Occupancy at Mispredict: -
Branch type MPKI
BRANCH_DIRECT_JUMP: 0
BRANCH_INDIRECT: 0
BRANCH_CONDITIONAL: 0
BRANCH_DIRECT_CALL: 0
BRANCH_INDIRECT_CALL: 0
BRANCH_RETURN: 0


CPU 5 cumulative IPC: 0.4049 instructions: 50135098 cycles: 123836168
CPU 5 Branch Prediction Accuracy: 100% MPKI: 0 Average ROB Occupancy at Mispredict: -
Branch type MPKI
BRANCH_DIRECT_JUMP: 0
BRANCH_INDIRECT: 0
BRANCH_CONDITIONAL: 0
BRANCH_DIRECT_CALL: 0
BRANCH_INDIRECT_CALL: 0
BRANCH_RETURN: 0


CPU 4 cumulative IPC: 0.4066 instructions: 50351520 cycles: 123836168
CPU 4 Branch Prediction Accuracy: 100% MPKI: 0 Average ROB Occupancy at Mispredict: -
Branch type MPKI
BRANCH_DIRECT_JUMP: 0
BRANCH_INDIRECT: 0
BRANCH_CONDITIONAL: 0
BRANCH_DIRECT_CALL: 0
BRANCH_INDIRECT_CALL: 0
BRANCH_RETURN: 0


CPU 3 cumulative IPC: 0.4063 instructions: 50312230 cycles: 123836168
CPU 3 Branch Prediction Accuracy: 100% MPKI: 0 Average ROB Occupancy at Mispredict: -
Branch type MPKI
BRANCH_DIRECT_JUMP: 0
BRANCH_INDIRECT: 0
BRANCH_CONDITIONAL: 0
BRANCH_DIRECT_CALL: 0
BRANCH_INDIRECT_CALL: 0
BRANCH_RETURN: 0


CPU 2 cumulative IPC: 0.4063 instructions: 50308670 cycles: 123836168
CPU 2 Branch Prediction Accuracy: 100% MPKI: 0 Average ROB Occupancy at Mispredict: -
Branch type MPKI
BRANCH_DIRECT_JUMP: 0
BRANCH_INDIRECT: 0
BRANCH_CONDITIONAL: 0
BRANCH_DIRECT_CALL: 0
BRANCH_INDIRECT_CALL: 0
BRANCH_RETURN: 0


CPU 1 cumulative IPC: 0.4057 instructions: 50235774 cycles: 123836168
CPU 1 Branch Prediction Accuracy: 100% MPKI: 0 Average ROB Occupancy at Mispredict: -
Branch type MPKI
BRANCH_DIRECT_JUMP: 0
BRANCH_INDIRECT: 0
BRANCH_CONDITIONAL: 0
BRANCH_DIRECT_CALL: 0
BRANCH_INDIRECT_CALL: 0
BRANCH_RETURN: 0


CPU 0 cumulative IPC: 0.4068 instructions: 50370741 cycles: 123836168
CPU 0 Branch Prediction Accuracy: 100% MPKI: 0 Average ROB Occupancy at Mispredict: -
Branch type MPKI
BRANCH_DIRECT_JUMP: 0
BRANCH_INDIRECT: 0
BRANCH_CONDITIONAL: 0
BRANCH_DIRECT_CALL: 0
BRANCH_INDIRECT_CALL: 0
BRANCH_RETURN: 0

cpu7->cpu7_STLB TOTAL        ACCESS:        252 HIT:          0 MISS:        252 MSHR_MERGE:          0
cpu7->cpu7_STLB LOAD         ACCESS:        252 HIT:          0 MISS:        252 MSHR_MERGE:          0
cpu7->cpu7_STLB RFO          ACCESS:          0 HIT:          0 MISS:          0 MSHR_MERGE:          0
cpu7->cpu7_STLB PREFETCH     ACCESS:          0 HIT:          0 MISS:          0 MSHR_MERGE:          0
cpu7->cpu7_STLB WRITE        ACCESS:          0 HIT:          0 MISS:          0 MSHR_MERGE:          0
cpu7->cpu7_STLB TRANSLATION  ACCESS:          0 HIT:          0 MISS:          0 MSHR_MERGE:          0
cpu7->cpu7_STLB PREFETCH REQUESTED:          0 ISSUED:          0 USEFUL:          0 USELESS:          0
cpu7->cpu7_STLB AVERAGE MISS LATENCY: 215.4 cycles
cpu7->cpu7_L2C TOTAL        ACCESS:    1447900 HIT:     485855 MISS:     962045 MSHR_MERGE:          0
cpu7->cpu7_L2C LOAD         ACCESS:     962002 HIT:          0 MISS:     962002 MSHR_MERGE:          0
cpu7->cpu7_L2C RFO          ACCESS:          0 HIT:          0 MISS:          0 MSHR_MERGE:          0
cpu7->cpu7_L2C PREFETCH     ACCESS:          0 HIT:          0 MISS:          0 MSHR_MERGE:          0
cpu7->cpu7_L2C WRITE        ACCESS:     485745 HIT:     485745 MISS:          0 MSHR_MERGE:          0
cpu7->cpu7_L2C TRANSLATION  ACCESS:        153 HIT:        110 MISS:         43 MSHR_MERGE:          0
cpu7->cpu7_L2C PREFETCH REQUESTED:          0 ISSUED:          0 USEFUL:          0 USELESS:          0
cpu7->cpu7_L2C AVERAGE MISS LATENCY: 303.2 cycles
cpu7->cpu7_L1I TOTAL        ACCESS:   16722962 HIT:   16722962 MISS:          0 MSHR_MERGE:          0
cpu7->cpu7_L1I LOAD         ACCESS:   16722962 HIT:   16722962 MISS:          0 MSHR_MERGE:          0
cpu7->cpu7_L1I RFO          ACCESS:          0 HIT:          0 MISS:          0 MSHR_MERGE:          0
cpu7->cpu7_L1I PREFETCH     ACCESS:          0 HIT:          0 MISS:          0 MSHR_MERGE:          0
cpu7->cpu7_L1I WRITE        ACCESS:          0 HIT:          0 MISS:          0 MSHR_MERGE:          0
cpu7->cpu7_L1I TRANSLATION  ACCESS:          0 HIT:          0 MISS:          0 MSHR_MERGE:          0
cpu7->cpu7_L1I PREFETCH REQUESTED:          0 ISSUED:          0 USEFUL:          0 USELESS:          0
cpu7->cpu7_L1I AVERAGE MISS LATENCY: - cycles
cpu7->cpu7_L1D TOTAL        ACCESS:   27496666 HIT:   26103875 MISS:    1392791 MSHR_MERGE:     430636
cpu7->cpu7_L1D LOAD         ACCESS:   24290767 HIT:   22898131 MISS:    1392636 MSHR_MERGE:     430634
cpu7->cpu7_L1D RFO          ACCESS:          0 HIT:          0 MISS:          0 MSHR_MERGE:          0
cpu7->cpu7_L1D PREFETCH     ACCESS:          0 HIT:          0 MISS:          0 MSHR_MERGE:          0
cpu7->cpu7_L1D WRITE        ACCESS:    3205647 HIT:    3205647 MISS:          0 MSHR_MERGE:          0
cpu7->cpu7_L1D TRANSLATION  ACCESS:        252 HIT:         97 MISS:        155 MSHR_MERGE:          2
cpu7->cpu7_L1D PREFETCH REQUESTED:          0 ISSUED:          0 USEFUL:          0 USELESS:          0
cpu7->cpu7_L1D AVERAGE MISS LATENCY: 312.2 cycles
cpu7->cpu7_ITLB TOTAL        ACCESS:   14901387 HIT:   14901387 MISS:          0 MSHR_MERGE:          0
cpu7->cpu7_ITLB LOAD         ACCESS:   14901387 HIT:   14901387 MISS:          0 MSHR_MERGE:          0
cpu7->cpu7_ITLB RFO          ACCESS:          0 HIT:          0 MISS:          0 MSHR_MERGE:          0
cpu7->cpu7_ITLB PREFETCH     ACCESS:          0 HIT:          0 MISS:          0 MSHR_MERGE:          0
cpu7->cpu7_ITLB WRITE        ACCESS:          0 HIT:          0 MISS:          0 MSHR_MERGE:          0
cpu7->cpu7_ITLB TRANSLATION  ACCESS:          0 HIT:          0 MISS:          0 MSHR_MERGE:          0
cpu7->cpu7_ITLB PREFETCH REQUESTED:          0 ISSUED:          0 USEFUL:          0 USELESS:          0
cpu7->cpu7_ITLB AVERAGE MISS LATENCY: - cycles
cpu7->cpu7_DTLB TOTAL        ACCESS:   26570408 HIT:   26570082 MISS:        326 MSHR_MERGE:         74
cpu7->cpu7_DTLB LOAD         ACCESS:   26570408 HIT:   26570082 MISS:        326 MSHR_MERGE:         74
cpu7->cpu7_DTLB RFO          ACCESS:          0 HIT:          0 MISS:          0 MSHR_MERGE:          0
cpu7->cpu7_DTLB PREFETCH     ACCESS:          0 HIT:          0 MISS:          0 MSHR_MERGE:          0
cpu7->cpu7_DTLB WRITE        ACCESS:          0 HIT:          0 MISS:          0 MSHR_MERGE:          0
cpu7->cpu7_DTLB TRANSLATION  ACCESS:          0 HIT:          0 MISS:          0 MSHR_MERGE:          0
cpu7->cpu7_DTLB PREFETCH REQUESTED:          0 ISSUED:          0 USEFUL:          0 USELESS:          0
cpu7->cpu7_DTLB AVERAGE MISS LATENCY: 221.4 cycles
cpu6->cpu6_STLB TOTAL        ACCESS:        252 HIT:          0 MISS:        252 MSHR_MERGE:          0
cpu6->cpu6_STLB LOAD         ACCESS:        252 HIT:          0 MISS:        252 MSHR_MERGE:          0
cpu6->cpu6_STLB RFO          ACCESS:          0 HIT:          0 MISS:          0 MSHR_MERGE:          0
cpu6->cpu6_STLB PREFETCH     ACCESS:          0 HIT:          0 MISS:          0 MSHR_MERGE:          0
cpu6->cpu6_STLB WRITE        ACCESS:          0 HIT:          0 MISS:          0 MSHR_MERGE:          0
cpu6->cpu6_STLB TRANSLATION  ACCESS:          0 HIT:          0 MISS:          0 MSHR_MERGE:          0
cpu6->cpu6_STLB PREFETCH REQUESTED:          0 ISSUED:          0 USEFUL:          0 USELESS:          0
cpu6->cpu6_STLB AVERAGE MISS LATENCY: 218.2 cycles
cpu6->cpu6_L2C TOTAL        ACCESS:    1462046 HIT:     490584 MISS:     971462 MSHR_MERGE:          0
cpu6->cpu6_L2C LOAD         ACCESS:     971419 HIT:          0 MISS:     971419 MSHR_MERGE:          0
cpu6->cpu6_L2C RFO          ACCESS:          0 HIT:          0 MISS:          0 MSHR_MERGE:          0
cpu6->cpu6_L2C PREFETCH     ACCESS:          0 HIT:          0 MISS:          0 MSHR_MERGE:          0
cpu6->cpu6_L2C WRITE        ACCESS:     490474 HIT:     490474 MISS:          0 MSHR_MERGE:          0
cpu6->cpu6_L2C TRANSLATION  ACCESS:        153 HIT:        110 MISS:         43 MSHR_MERGE:          0
cpu6->cpu6_L2C PREFETCH REQUESTED:          0 ISSUED:          0 USEFUL:          0 USELESS:          0
cpu6->cpu6_L2C AVERAGE MISS LATENCY: 300.1 cycles
cpu6->cpu6_L1I TOTAL        ACCESS:   16811898 HIT:   16811898 MISS:          0 MSHR_MERGE:          0
cpu6->cpu6_L1I LOAD         ACCESS:   16811898 HIT:   16811898 MISS:          0 MSHR_MERGE:          0
cpu6->cpu6_L1I RFO          ACCESS:          0 HIT:          0 MISS:          0 MSHR_MERGE:          0
cpu6->cpu6_L1I PREFETCH     ACCESS:          0 HIT:          0 MISS:          0 MSHR_MERGE:          0
cpu6->cpu6_L1I WRITE        ACCESS:          0 HIT:          0 MISS:          0 MSHR_MERGE:          0
cpu6->cpu6_L1I TRANSLATION  ACCESS:          0 HIT:          0 MISS:          0 MSHR_MERGE:          0
cpu6->cpu6_L1I PREFETCH REQUESTED:          0 ISSUED:          0 USEFUL:          0 USELESS:          0
cpu6->cpu6_L1I AVERAGE MISS LATENCY: - cycles
cpu6->cpu6_L1D TOTAL        ACCESS:   27734698 HIT:   26336620 MISS:    1398078 MSHR_MERGE:     426506
cpu6->cpu6_L1D LOAD         ACCESS:   24497451 HIT:   23099528 MISS:    1397923 MSHR_MERGE:     426504
cpu6->cpu6_L1D RFO          ACCESS:          0 HIT:          0 MISS:          0 MSHR_MERGE:          0
cpu6->cpu6_L1D PREFETCH     ACCESS:          0 HIT:          0 MISS:          0 MSHR_MERGE:          0
cpu6->cpu6_L1D WRITE        ACCESS:    3236995 HIT:    3236995 MISS:          0 MSHR_MERGE:          0
cpu6->cpu6_L1D TRANSLATION  ACCESS:        252 HIT:         97 MISS:        155 MSHR_MERGE:          2
cpu6->cpu6_L1D PREFETCH REQUESTED:          0 ISSUED:          0 USEFUL:          0 USELESS:          0
cpu6->cpu6_L1D AVERAGE MISS LATENCY: 309.1 cycles
cpu6->cpu6_ITLB TOTAL        ACCESS:   15003775 HIT:   15003775 MISS:          0 MSHR_MERGE:          0
cpu6->cpu6_ITLB LOAD         ACCESS:   15003775 HIT:   15003775 MISS:          0 MSHR_MERGE:          0
cpu6->cpu6_ITLB RFO          ACCESS:          0 HIT:          0 MISS:          0 MSHR_MERGE:          0
cpu6->cpu6_ITLB PREFETCH     ACCESS:          0 HIT:          0 MISS:          0 MSHR_MERGE:          0
cpu6->cpu6_ITLB WRITE        ACCESS:          0 HIT:          0 MISS:          0 MSHR_MERGE:          0
cpu6->cpu6_ITLB TRANSLATION  ACCESS:          0 HIT:          0 MISS:          0 MSHR_MERGE:          0
cpu6->cpu6_ITLB PREFETCH REQUESTED:          0 ISSUED:          0 USEFUL:          0 USELESS:          0
cpu6->cpu6_ITLB AVERAGE MISS LATENCY: - cycles
cpu6->cpu6_DTLB TOTAL        ACCESS:   26829203 HIT:   26828878 MISS:        325 MSHR_MERGE:         73
cpu6->cpu6_DTLB LOAD         ACCESS:   26829203 HIT:   26828878 MISS:        325 MSHR_MERGE:         73
cpu6->cpu6_DTLB RFO          ACCESS:          0 HIT:          0 MISS:          0 MSHR_MERGE:          0
cpu6->cpu6_DTLB PREFETCH     ACCESS:          0 HIT:          0 MISS:          0 MSHR_MERGE:          0
cpu6->cpu6_DTLB WRITE        ACCESS:          0 HIT:          0 MISS:          0 MSHR_MERGE:          0
cpu6->cpu6_DTLB TRANSLATION  ACCESS:          0 HIT:          0 MISS:          0 MSHR_MERGE:          0
cpu6->cpu6_DTLB PREFETCH REQUESTED:          0 ISSUED:          0 USEFUL:          0 USELESS:          0
cpu6->cpu6_DTLB AVERAGE MISS LATENCY: 224.2 cycles
cpu5->cpu5_STLB TOTAL        ACCESS:        252 HIT:          0 MISS:        252 MSHR_MERGE:          0
cpu5->cpu5_STLB LOAD         ACCESS:        252 HIT:          0 MISS:        252 MSHR_MERGE:          0
cpu5->cpu5_STLB RFO          ACCESS:          0 HIT:          0 MISS:          0 MSHR_MERGE:          0
cpu5->cpu5_STLB PREFETCH     ACCESS:          0 HIT:          0 MISS:          0 MSHR_MERGE:          0
cpu5->cpu5_STLB WRITE        ACCESS:          0 HIT:          0 MISS:          0 MSHR_MERGE:          0
cpu5->cpu5_STLB TRANSLATION  ACCESS:          0 HIT:          0 MISS:          0 MSHR_MERGE:          0
cpu5->cpu5_STLB PREFETCH REQUESTED:          0 ISSUED:          0 USEFUL:          0 USELESS:          0
cpu5->cpu5_STLB AVERAGE MISS LATENCY: 215.4 cycles
cpu5->cpu5_L2C TOTAL        ACCESS:    1451833 HIT:     487183 MISS:     964650 MSHR_MERGE:          0
cpu5->cpu5_L2C LOAD         ACCESS:     964607 HIT:          0 MISS:     964607 MSHR_MERGE:          0
cpu5->cpu5_L2C RFO          ACCESS:          0 HIT:          0 MISS:          0 MSHR_MERGE:          0
cpu5->cpu5_L2C PREFETCH     ACCESS:          0 HIT:          0 MISS:          0 MSHR_MERGE:          0
cpu5->cpu5_L2C WRITE        ACCESS:     487073 HIT:     487073 MISS:          0 MSHR_MERGE:          0
cpu5->cpu5_L2C TRANSLATION  ACCESS:        153 HIT:        110 MISS:         43 MSHR_MERGE:          0
cpu5->cpu5_L2C PREFETCH REQUESTED:          0 ISSUED:          0 USEFUL:          0 USELESS:          0
cpu5->cpu5_L2C AVERAGE MISS LATENCY: 302.5 cycles
cpu5->cpu5_L1I TOTAL        ACCESS:   16733595 HIT:   16733595 MISS:          0 MSHR_MERGE:          0
cpu5->cpu5_L1I LOAD         ACCESS:   16733595 HIT:   16733595 MISS:          0 MSHR_MERGE:          0
cpu5->cpu5_L1I RFO          ACCESS:          0 HIT:          0 MISS:          0 MSHR_MERGE:          0
cpu5->cpu5_L1I PREFETCH     ACCESS:          0 HIT:          0 MISS:          0 MSHR_MERGE:          0
cpu5->cpu5_L1I WRITE        ACCESS:          0 HIT:          0 MISS:          0 MSHR_MERGE:          0
cpu5->cpu5_L1I TRANSLATION  ACCESS:          0 HIT:          0 MISS:          0 MSHR_MERGE:          0
cpu5->cpu5_L1I PREFETCH REQUESTED:          0 ISSUED:          0 USEFUL:          0 USELESS:          0
cpu5->cpu5_L1I AVERAGE MISS LATENCY: - cycles
cpu5->cpu5_L1D TOTAL        ACCESS:   27563771 HIT:   26169239 MISS:    1394532 MSHR_MERGE:     429772
cpu5->cpu5_L1D LOAD         ACCESS:   24349210 HIT:   22954832 MISS:    1394378 MSHR_MERGE:     429771
cpu5->cpu5_L1D RFO          ACCESS:          0 HIT:          0 MISS:          0 MSHR_MERGE:          0
cpu5->cpu5_L1D PREFETCH     ACCESS:          0 HIT:          0 MISS:          0 MSHR_MERGE:          0
cpu5->cpu5_L1D WRITE        ACCESS:    3214309 HIT:    3214309 MISS:          0 MSHR_MERGE:          0
cpu5->cpu5_L1D TRANSLATION  ACCESS:        252 HIT:         98 MISS:        154 MSHR_MERGE:          1
cpu5->cpu5_L1D PREFETCH REQUESTED:          0 ISSUED:          0 USEFUL:          0 USELESS:          0
cpu5->cpu5_L1D AVERAGE MISS LATENCY: 311.5 cycles
cpu5->cpu5_ITLB TOTAL        ACCESS:   14922988 HIT:   14922988 MISS:          0 MSHR_MERGE:          0
cpu5->cpu5_ITLB LOAD         ACCESS:   14922988 HIT:   14922988 MISS:          0 MSHR_MERGE:          0
cpu5->cpu5_ITLB RFO          ACCESS:          0 HIT:          0 MISS:          0 MSHR_MERGE:          0
cpu5->cpu5_ITLB PREFETCH     ACCESS:          0 HIT:          0 MISS:          0 MSHR_MERGE:          0
cpu5->cpu5_ITLB WRITE        ACCESS:          0 HIT:          0 MISS:          0 MSHR_MERGE:          0
cpu5->cpu5_ITLB TRANSLATION  ACCESS:          0 HIT:          0 MISS:          0 MSHR_MERGE:          0
cpu5->cpu5_ITLB PREFETCH REQUESTED:          0 ISSUED:          0 USEFUL:          0 USELESS:          0
cpu5->cpu5_ITLB AVERAGE MISS LATENCY: - cycles
cpu5->cpu5_DTLB TOTAL        ACCESS:   26641669 HIT:   26641338 MISS:        331 MSHR_MERGE:         79
cpu5->cpu5_DTLB LOAD         ACCESS:   26641669 HIT:   26641338 MISS:        331 MSHR_MERGE:         79
cpu5->cpu5_DTLB RFO          ACCESS:          0 HIT:          0 MISS:          0 MSHR_MERGE:          0
cpu5->cpu5_DTLB PREFETCH     ACCESS:          0 HIT:          0 MISS:          0 MSHR_MERGE:          0
cpu5->cpu5_DTLB WRITE        ACCESS:          0 HIT:          0 MISS:          0 MSHR_MERGE:          0
cpu5->cpu5_DTLB TRANSLATION  ACCESS:          0 HIT:          0 MISS:          0 MSHR_MERGE:          0
cpu5->cpu5_DTLB PREFETCH REQUESTED:          0 ISSUED:          0 USEFUL:          0 USELESS:          0
cpu5->cpu5_DTLB AVERAGE MISS LATENCY: 221.4 cycles
cpu4->cpu4_STLB TOTAL        ACCESS:        252 HIT:          0 MISS:        252 MSHR_MERGE:          0
cpu4->cpu4_STLB LOAD         ACCESS:        252 HIT:          0 MISS:        252 MSHR_MERGE:          0
cpu4->cpu4_STLB RFO          ACCESS:          0 HIT:          0 MISS:          0 MSHR_MERGE:          0
cpu4->cpu4_STLB PREFETCH     ACCESS:          0 HIT:          0 MISS:          0 MSHR_MERGE:          0
cpu4->cpu4_STLB WRITE        ACCESS:          0 HIT:          0 MISS:          0 MSHR_MERGE:          0
cpu4->cpu4_STLB TRANSLATION  ACCESS:          0 HIT:          0 MISS:          0 MSHR_MERGE:          0
cpu4->cpu4_STLB PREFETCH REQUESTED:          0 ISSUED:          0 USEFUL:          0 USELESS:          0
cpu4->cpu4_STLB AVERAGE MISS LATENCY: 221.4 cycles
cpu4->cpu4_L2C TOTAL        ACCESS:    1458098 HIT:     489283 MISS:     968815 MSHR_MERGE:          0
cpu4->cpu4_L2C LOAD         ACCESS:     968772 HIT:          0 MISS:     968772 MSHR_MERGE:          0
cpu4->cpu4_L2C RFO          ACCESS:          0 HIT:          0 MISS:          0 MSHR_MERGE:          0
cpu4->cpu4_L2C PREFETCH     ACCESS:          0 HIT:          0 MISS:          0 MSHR_MERGE:          0
cpu4->cpu4_L2C WRITE        ACCESS:     489173 HIT:     489173 MISS:          0 MSHR_MERGE:          0
cpu4->cpu4_L2C TRANSLATION  ACCESS:        153 HIT:        110 MISS:         43 MSHR_MERGE:          0
cpu4->cpu4_L2C PREFETCH REQUESTED:          0 ISSUED:          0 USEFUL:          0 USELESS:          0
cpu4->cpu4_L2C AVERAGE MISS LATENCY: 301.6 cycles
cpu4->cpu4_L1I TOTAL        ACCESS:   16793167 HIT:   16793167 MISS:          0 MSHR_MERGE:          0
cpu4->cpu4_L1I LOAD         ACCESS:   16793167 HIT:   16793167 MISS:          0 MSHR_MERGE:          0
cpu4->cpu4_L1I RFO          ACCESS:          0 HIT:          0 MISS:          0 MSHR_MERGE:          0
cpu4->cpu4_L1I PREFETCH     ACCESS:          0 HIT:          0 MISS:          0 MSHR_MERGE:          0
cpu4->cpu4_L1I WRITE        ACCESS:          0 HIT:          0 MISS:          0 MSHR_MERGE:          0
cpu4->cpu4_L1I TRANSLATION  ACCESS:          0 HIT:          0 MISS:          0 MSHR_MERGE:          0
cpu4->cpu4_L1I PREFETCH REQUESTED:          0 ISSUED:          0 USEFUL:          0 USELESS:          0
cpu4->cpu4_L1I AVERAGE MISS LATENCY: - cycles
cpu4->cpu4_L1D TOTAL        ACCESS:   27672760 HIT:   26275651 MISS:    1397109 MSHR_MERGE:     428184
cpu4->cpu4_L1D LOAD         ACCESS:   24444314 HIT:   23047360 MISS:    1396954 MSHR_MERGE:     428182
cpu4->cpu4_L1D RFO          ACCESS:          0 HIT:          0 MISS:          0 MSHR_MERGE:          0
cpu4->cpu4_L1D PREFETCH     ACCESS:          0 HIT:          0 MISS:          0 MSHR_MERGE:          0
cpu4->cpu4_L1D WRITE        ACCESS:    3228194 HIT:    3228194 MISS:          0 MSHR_MERGE:          0
cpu4->cpu4_L1D TRANSLATION  ACCESS:        252 HIT:         97 MISS:        155 MSHR_MERGE:          2
cpu4->cpu4_L1D PREFETCH REQUESTED:          0 ISSUED:          0 USEFUL:          0 USELESS:          0
cpu4->cpu4_L1D AVERAGE MISS LATENCY: 310.6 cycles
cpu4->cpu4_ITLB TOTAL        ACCESS:   14980467 HIT:   14980467 MISS:          0 MSHR_MERGE:          0
cpu4->cpu4_ITLB LOAD         ACCESS:   14980467 HIT:   14980467 MISS:          0 MSHR_MERGE:          0
cpu4->cpu4_ITLB RFO          ACCESS:          0 HIT:          0 MISS:          0 MSHR_MERGE:          0
cpu4->cpu4_ITLB PREFETCH     ACCESS:          0 HIT:          0 MISS:          0 MSHR_MERGE:          0
cpu4->cpu4_ITLB WRITE        ACCESS:          0 HIT:          0 MISS:          0 MSHR_MERGE:          0
cpu4->cpu4_ITLB TRANSLATION  ACCESS:          0 HIT:          0 MISS:          0 MSHR_MERGE:          0
cpu4->cpu4_ITLB PREFETCH REQUESTED:          0 ISSUED:          0 USEFUL:          0 USELESS:          0
cpu4->cpu4_ITLB AVERAGE MISS LATENCY: - cycles
cpu4->cpu4_DTLB TOTAL        ACCESS:   26750082 HIT:   26749753 MISS:        329 MSHR_MERGE:         77
cpu4->cpu4_DTLB LOAD         ACCESS:   26750082 HIT:   26749753 MISS:        329 MSHR_MERGE:         77
cpu4->cpu4_DTLB RFO          ACCESS:          0 HIT:          0 MISS:          0 MSHR_MERGE:          0
cpu4->cpu4_DTLB PREFETCH     ACCESS:          0 HIT:          0 MISS:          0 MSHR_MERGE:          0
cpu4->cpu4_DTLB WRITE        ACCESS:          0 HIT:          0 MISS:          0 MSHR_MERGE:          0
cpu4->cpu4_DTLB TRANSLATION  ACCESS:          0 HIT:          0 MISS:          0 MSHR_MERGE:          0
cpu4->cpu4_DTLB PREFETCH REQUESTED:          0 ISSUED:          0 USEFUL:          0 USELESS:          0
cpu4->cpu4_DTLB AVERAGE MISS LATENCY: 227.4 cycles
cpu3->cpu3_STLB TOTAL        ACCESS:        252 HIT:          0 MISS:        252 MSHR_MERGE:          0
cpu3->cpu3_STLB LOAD         ACCESS:        252 HIT:          0 MISS:        252 MSHR_MERGE:          0
cpu3->cpu3_STLB RFO          ACCESS:          0 HIT:          0 MISS:          0 MSHR_MERGE:          0
cpu3->cpu3_STLB PREFETCH     ACCESS:          0 HIT:          0 MISS:          0 MSHR_MERGE:          0
cpu3->cpu3_STLB WRITE        ACCESS:          0 HIT:          0 MISS:          0 MSHR_MERGE:          0
cpu3->cpu3_STLB TRANSLATION  ACCESS:          0 HIT:          0 MISS:          0 MSHR_MERGE:          0
cpu3->cpu3_STLB PREFETCH REQUESTED:          0 ISSUED:          0 USEFUL:          0 USELESS:          0
cpu3->cpu3_STLB AVERAGE MISS LATENCY: 215.4 cycles
cpu3->cpu3_L2C TOTAL        ACCESS:    1456951 HIT:     488887 MISS:     968064 MSHR_MERGE:          0
cpu3->cpu3_L2C LOAD         ACCESS:     968021 HIT:          0 MISS:     968021 MSHR_MERGE:          0
cpu3->cpu3_L2C RFO          ACCESS:          0 HIT:          0 MISS:          0 MSHR_MERGE:          0
cpu3->cpu3_L2C PREFETCH     ACCESS:          0 HIT:          0 MISS:          0 MSHR_MERGE:          0
cpu3->cpu3_L2C WRITE        ACCESS:     488777 HIT:     488777 MISS:          0 MSHR_MERGE:          0
cpu3->cpu3_L2C TRANSLATION  ACCESS:        153 HIT:        110 MISS:         43 MSHR_MERGE:          0
cpu3->cpu3_L2C PREFETCH REQUESTED:          0 ISSUED:          0 USEFUL:          0 USELESS:          0
cpu3->cpu3_L2C AVERAGE MISS LATENCY: 302.8 cycles
cpu3->cpu3_L1I TOTAL        ACCESS:   16784467 HIT:   16784467 MISS:          0 MSHR_MERGE:          0
cpu3->cpu3_L1I LOAD         ACCESS:   16784467 HIT:   16784467 MISS:          0 MSHR_MERGE:          0
cpu3->cpu3_L1I RFO          ACCESS:          0 HIT:          0 MISS:          0 MSHR_MERGE:          0
cpu3->cpu3_L1I PREFETCH     ACCESS:          0 HIT:          0 MISS:          0 MSHR_MERGE:          0
cpu3->cpu3_L1I WRITE        ACCESS:          0 HIT:          0 MISS:          0 MSHR_MERGE:          0
cpu3->cpu3_L1I TRANSLATION  ACCESS:          0 HIT:          0 MISS:          0 MSHR_MERGE:          0
cpu3->cpu3_L1I PREFETCH REQUESTED:          0 ISSUED:          0 USEFUL:          0 USELESS:          0
cpu3->cpu3_L1I AVERAGE MISS LATENCY: - cycles
cpu3->cpu3_L1D TOTAL        ACCESS:   27652632 HIT:   26255766 MISS:    1396866 MSHR_MERGE:     428692
cpu3->cpu3_L1D LOAD         ACCESS:   24426703 HIT:   23029991 MISS:    1396712 MSHR_MERGE:     428691
cpu3->cpu3_L1D RFO          ACCESS:          0 HIT:          0 MISS:          0 MSHR_MERGE:          0
cpu3->cpu3_L1D PREFETCH     ACCESS:          0 HIT:          0 MISS:          0 MSHR_MERGE:          0
cpu3->cpu3_L1D WRITE        ACCESS:    3225677 HIT:    3225677 MISS:          0 MSHR_MERGE:          0
cpu3->cpu3_L1D TRANSLATION  ACCESS:        252 HIT:         98 MISS:        154 MSHR_MERGE:          1
cpu3->cpu3_L1D PREFETCH REQUESTED:          0 ISSUED:          0 USEFUL:          0 USELESS:          0
cpu3->cpu3_L1D AVERAGE MISS LATENCY: 311.8 cycles
cpu3->cpu3_ITLB TOTAL        ACCESS:   14983014 HIT:   14983014 MISS:          0 MSHR_MERGE:          0
cpu3->cpu3_ITLB LOAD         ACCESS:   14983014 HIT:   14983014 MISS:          0 MSHR_MERGE:          0
cpu3->cpu3_ITLB RFO          ACCESS:          0 HIT:          0 MISS:          0 MSHR_MERGE:          0
cpu3->cpu3_ITLB PREFETCH     ACCESS:          0 HIT:          0 MISS:          0 MSHR_MERGE:          0
cpu3->cpu3_ITLB WRITE        ACCESS:          0 HIT:          0 MISS:          0 MSHR_MERGE:          0
cpu3->cpu3_ITLB TRANSLATION  ACCESS:          0 HIT:          0 MISS:          0 MSHR_MERGE:          0
cpu3->cpu3_ITLB PREFETCH REQUESTED:          0 ISSUED:          0 USEFUL:          0 USELESS:          0
cpu3->cpu3_ITLB AVERAGE MISS LATENCY: - cycles
cpu3->cpu3_DTLB TOTAL        ACCESS:   26746044 HIT:   26745726 MISS:        318 MSHR_MERGE:         66
cpu3->cpu3_DTLB LOAD         ACCESS:   26746044 HIT:   26745726 MISS:        318 MSHR_MERGE:         66
cpu3->cpu3_DTLB RFO          ACCESS:          0 HIT:          0 MISS:          0 MSHR_MERGE:          0
cpu3->cpu3_DTLB PREFETCH     ACCESS:          0 HIT:          0 MISS:          0 MSHR_MERGE:          0
cpu3->cpu3_DTLB WRITE        ACCESS:          0 HIT:          0 MISS:          0 MSHR_MERGE:          0
cpu3->cpu3_DTLB TRANSLATION  ACCESS:          0 HIT:          0 MISS:          0 MSHR_MERGE:          0
cpu3->cpu3_DTLB PREFETCH REQUESTED:          0 ISSUED:          0 USEFUL:          0 USELESS:          0
cpu3->cpu3_DTLB AVERAGE MISS LATENCY: 221.4 cycles
cpu2->cpu2_STLB TOTAL        ACCESS:        252 HIT:          0 MISS:        252 MSHR_MERGE:          0
cpu2->cpu2_STLB LOAD         ACCESS:        252 HIT:          0 MISS:        252 MSHR_MERGE:          0
cpu2->cpu2_STLB RFO          ACCESS:          0 HIT:          0 MISS:          0 MSHR_MERGE:          0
cpu2->cpu2_STLB PREFETCH     ACCESS:          0 HIT:          0 MISS:          0 MSHR_MERGE:          0
cpu2->cpu2_STLB WRITE        ACCESS:          0 HIT:          0 MISS:          0 MSHR_MERGE:          0
cpu2->cpu2_STLB TRANSLATION  ACCESS:          0 HIT:          0 MISS:          0 MSHR_MERGE:          0
cpu2->cpu2_STLB PREFETCH REQUESTED:          0 ISSUED:          0 USEFUL:          0 USELESS:          0
cpu2->cpu2_STLB AVERAGE MISS LATENCY: 215.4 cycles
cpu2->cpu2_L2C TOTAL        ACCESS:    1456854 HIT:     488852 MISS:     968002 MSHR_MERGE:          0
cpu2->cpu2_L2C LOAD         ACCESS:     967959 HIT:          0 MISS:     967959 MSHR_MERGE:          0
cpu2->cpu2_L2C RFO          ACCESS:          0 HIT:          0 MISS:          0 MSHR_MERGE:          0
cpu2->cpu2_L2C PREFETCH     ACCESS:          0 HIT:          0 MISS:          0 MSHR_MERGE:          0
cpu2->cpu2_L2C WRITE        ACCESS:     488742 HIT:     488742 MISS:          0 MSHR_MERGE:          0
cpu2->cpu2_L2C TRANSLATION  ACCESS:        153 HIT:        110 MISS:         43 MSHR_MERGE:          0
cpu2->cpu2_L2C PREFETCH REQUESTED:          0 ISSUED:          0 USEFUL:          0 USELESS:          0
cpu2->cpu2_L2C AVERAGE MISS LATENCY: 302.9 cycles
cpu2->cpu2_L1I TOTAL        ACCESS:   16777749 HIT:   16777749 MISS:          0 MSHR_MERGE:          0
cpu2->cpu2_L1I LOAD         ACCESS:   16777749 HIT:   16777749 MISS:          0 MSHR_MERGE:          0
cpu2->cpu2_L1I RFO          ACCESS:          0 HIT:          0 MISS:          0 MSHR_MERGE:          0
cpu2->cpu2_L1I PREFETCH     ACCESS:          0 HIT:          0 MISS:          0 MSHR_MERGE:          0
cpu2->cpu2_L1I WRITE        ACCESS:          0 HIT:          0 MISS:          0 MSHR_MERGE:          0
cpu2->cpu2_L1I TRANSLATION  ACCESS:          0 HIT:          0 MISS:          0 MSHR_MERGE:          0
cpu2->cpu2_L1I PREFETCH REQUESTED:          0 ISSUED:          0 USEFUL:          0 USELESS:          0
cpu2->cpu2_L1I AVERAGE MISS LATENCY: - cycles
cpu2->cpu2_L1D TOTAL        ACCESS:   27645056 HIT:   26249666 MISS:    1395390 MSHR_MERGE:     427278
cpu2->cpu2_L1D LOAD         ACCESS:   24419356 HIT:   23024121 MISS:    1395235 MSHR_MERGE:     427276
cpu2->cpu2_L1D RFO          ACCESS:          0 HIT:          0 MISS:          0 MSHR_MERGE:          0
cpu2->cpu2_L1D PREFETCH     ACCESS:          0 HIT:          0 MISS:          0 MSHR_MERGE:          0
cpu2->cpu2_L1D WRITE        ACCESS:    3225448 HIT:    3225448 MISS:          0 MSHR_MERGE:          0
cpu2->cpu2_L1D TRANSLATION  ACCESS:        252 HIT:         97 MISS:        155 MSHR_MERGE:          2
cpu2->cpu2_L1D PREFETCH REQUESTED:          0 ISSUED:          0 USEFUL:          0 USELESS:          0
cpu2->cpu2_L1D AVERAGE MISS LATENCY: 311.9 cycles
cpu2->cpu2_ITLB TOTAL        ACCESS:   14964371 HIT:   14964371 MISS:          0 MSHR_MERGE:          0
cpu2->cpu2_ITLB LOAD         ACCESS:   14964371 HIT:   14964371 MISS:          0 MSHR_MERGE:          0
cpu2->cpu2_ITLB RFO          ACCESS:          0 HIT:          0 MISS:          0 MSHR_MERGE:          0
cpu2->cpu2_ITLB PREFETCH     ACCESS:          0 HIT:          0 MISS:          0 MSHR_MERGE:          0
cpu2->cpu2_ITLB WRITE        ACCESS:          0 HIT:          0 MISS:          0 MSHR_MERGE:          0
cpu2->cpu2_ITLB TRANSLATION  ACCESS:          0 HIT:          0 MISS:          0 MSHR_MERGE:          0
cpu2->cpu2_ITLB PREFETCH REQUESTED:          0 ISSUED:          0 USEFUL:          0 USELESS:          0
cpu2->cpu2_ITLB AVERAGE MISS LATENCY: - cycles
cpu2->cpu2_DTLB TOTAL        ACCESS:   26721354 HIT:   26721024 MISS:        330 MSHR_MERGE:         78
cpu2->cpu2_DTLB LOAD         ACCESS:   26721354 HIT:   26721024 MISS:        330 MSHR_MERGE:         78
cpu2->cpu2_DTLB RFO          ACCESS:          0 HIT:          0 MISS:          0 MSHR_MERGE:          0
cpu2->cpu2_DTLB PREFETCH     ACCESS:          0 HIT:          0 MISS:          0 MSHR_MERGE:          0
cpu2->cpu2_DTLB WRITE        ACCESS:          0 HIT:          0 MISS:          0 MSHR_MERGE:          0
cpu2->cpu2_DTLB TRANSLATION  ACCESS:          0 HIT:          0 MISS:          0 MSHR_MERGE:          0
cpu2->cpu2_DTLB PREFETCH REQUESTED:          0 ISSUED:          0 USEFUL:          0 USELESS:          0
cpu2->cpu2_DTLB AVERAGE MISS LATENCY: 221.4 cycles
cpu1->cpu1_STLB TOTAL        ACCESS:        252 HIT:          0 MISS:        252 MSHR_MERGE:          0
cpu1->cpu1_STLB LOAD         ACCESS:        252 HIT:          0 MISS:        252 MSHR_MERGE:          0
cpu1->cpu1_STLB RFO          ACCESS:          0 HIT:          0 MISS:          0 MSHR_MERGE:          0
cpu1->cpu1_STLB PREFETCH     ACCESS:          0 HIT:          0 MISS:          0 MSHR_MERGE:          0
cpu1->cpu1_STLB WRITE        ACCESS:          0 HIT:          0 MISS:          0 MSHR_MERGE:          0
cpu1->cpu1_STLB TRANSLATION  ACCESS:          0 HIT:          0 MISS:          0 MSHR_MERGE:          0
cpu1->cpu1_STLB PREFETCH REQUESTED:          0 ISSUED:          0 USEFUL:          0 USELESS:          0
cpu1->cpu1_STLB AVERAGE MISS LATENCY: 215.4 cycles
cpu1->cpu1_L2C TOTAL        ACCESS:    1454742 HIT:     488151 MISS:     966591 MSHR_MERGE:          0
cpu1->cpu1_L2C LOAD         ACCESS:     966548 HIT:          0 MISS:     966548 MSHR_MERGE:          0
cpu1->cpu1_L2C RFO          ACCESS:          0 HIT:          0 MISS:          0 MSHR_MERGE:          0
cpu1->cpu1_L2C PREFETCH     ACCESS:          0 HIT:          0 MISS:          0 MSHR_MERGE:          0
cpu1->cpu1_L2C WRITE        ACCESS:     488041 HIT:     488041 MISS:          0 MSHR_MERGE:          0
cpu1->cpu1_L2C TRANSLATION  ACCESS:        153 HIT:        110 MISS:         43 MSHR_MERGE:          0
cpu1->cpu1_L2C PREFETCH REQUESTED:          0 ISSUED:          0 USEFUL:          0 USELESS:          0
cpu1->cpu1_L2C AVERAGE MISS LATENCY: 302.1 cycles
cpu1->cpu1_L1I TOTAL        ACCESS:   16777000 HIT:   16777000 MISS:          0 MSHR_MERGE:          0
cpu1->cpu1_L1I LOAD         ACCESS:   16777000 HIT:   16777000 MISS:          0 MSHR_MERGE:          0
cpu1->cpu1_L1I RFO          ACCESS:          0 HIT:          0 MISS:          0 MSHR_MERGE:          0
cpu1->cpu1_L1I PREFETCH     ACCESS:          0 HIT:          0 MISS:          0 MSHR_MERGE:          0
cpu1->cpu1_L1I WRITE        ACCESS:          0 HIT:          0 MISS:          0 MSHR_MERGE:          0
cpu1->cpu1_L1I TRANSLATION  ACCESS:          0 HIT:          0 MISS:          0 MSHR_MERGE:          0
cpu1->cpu1_L1I PREFETCH REQUESTED:          0 ISSUED:          0 USEFUL:          0 USELESS:          0
cpu1->cpu1_L1I AVERAGE MISS LATENCY: - cycles
cpu1->cpu1_L1D TOTAL        ACCESS:   27603285 HIT:   26209190 MISS:    1394095 MSHR_MERGE:     427394
cpu1->cpu1_L1D LOAD         ACCESS:   24382259 HIT:   22988318 MISS:    1393941 MSHR_MERGE:     427393
cpu1->cpu1_L1D RFO          ACCESS:          0 HIT:          0 MISS:          0 MSHR_MERGE:          0
cpu1->cpu1_L1D PREFETCH     ACCESS:          0 HIT:          0 MISS:          0 MSHR_MERGE:          0
cpu1->cpu1_L1D WRITE        ACCESS:    3220774 HIT:    3220774 MISS:          0 MSHR_MERGE:          0
cpu1->cpu1_L1D TRANSLATION  ACCESS:        252 HIT:         98 MISS:        154 MSHR_MERGE:          1
cpu1->cpu1_L1D PREFETCH REQUESTED:          0 ISSUED:          0 USEFUL:          0 USELESS:          0
cpu1->cpu1_L1D AVERAGE MISS LATENCY: 311.1 cycles
cpu1->cpu1_ITLB TOTAL        ACCESS:   14967204 HIT:   14967204 MISS:          0 MSHR_MERGE:          0
cpu1->cpu1_ITLB LOAD         ACCESS:   14967204 HIT:   14967204 MISS:          0 MSHR_MERGE:          0
cpu1->cpu1_ITLB RFO          ACCESS:          0 HIT:          0 MISS:          0 MSHR_MERGE:          0
cpu1->cpu1_ITLB PREFETCH     ACCESS:          0 HIT:          0 MISS:          0 MSHR_MERGE:          0
cpu1->cpu1_ITLB WRITE        ACCESS:          0 HIT:          0 MISS:          0 MSHR_MERGE:          0
cpu1->cpu1_ITLB TRANSLATION  ACCESS:          0 HIT:          0 MISS:          0 MSHR_MERGE:          0
cpu1->cpu1_ITLB PREFETCH REQUESTED:          0 ISSUED:          0 USEFUL:          0 USELESS:          0
cpu1->cpu1_ITLB AVERAGE MISS LATENCY: - cycles
cpu1->cpu1_DTLB TOTAL        ACCESS:   26676518 HIT:   26676197 MISS:        321 MSHR_MERGE:         69
cpu1->cpu1_DTLB LOAD         ACCESS:   26676518 HIT:   26676197 MISS:        321 MSHR_MERGE:         69
cpu1->cpu1_DTLB RFO          ACCESS:          0 HIT:          0 MISS:          0 MSHR_MERGE:          0
cpu1->cpu1_DTLB PREFETCH     ACCESS:          0 HIT:          0 MISS:          0 MSHR_MERGE:          0
cpu1->cpu1_DTLB WRITE        ACCESS:          0 HIT:          0 MISS:          0 MSHR_MERGE:          0
cpu1->cpu1_DTLB TRANSLATION  ACCESS:          0 HIT:          0 MISS:          0 MSHR_MERGE:          0
cpu1->cpu1_DTLB PREFETCH REQUESTED:          0 ISSUED:          0 USEFUL:          0 USELESS:          0
cpu1->cpu1_DTLB AVERAGE MISS LATENCY: 221.4 cycles
cpu0->cpu0_STLB TOTAL        ACCESS:        252 HIT:          0 MISS:        252 MSHR_MERGE:          0
cpu0->cpu0_STLB LOAD         ACCESS:        252 HIT:          0 MISS:        252 MSHR_MERGE:          0
cpu0->cpu0_STLB RFO          ACCESS:          0 HIT:          0 MISS:          0 MSHR_MERGE:          0
cpu0->cpu0_STLB PREFETCH     ACCESS:          0 HIT:          0 MISS:          0 MSHR_MERGE:          0
cpu0->cpu0_STLB WRITE        ACCESS:          0 HIT:          0 MISS:          0 MSHR_MERGE:          0
cpu0->cpu0_STLB TRANSLATION  ACCESS:          0 HIT:          0 MISS:          0 MSHR_MERGE:          0
cpu0->cpu0_STLB PREFETCH REQUESTED:          0 ISSUED:          0 USEFUL:          0 USELESS:          0
cpu0->cpu0_STLB AVERAGE MISS LATENCY: 215.4 cycles
cpu0->cpu0_L2C TOTAL        ACCESS:    1458645 HIT:     489458 MISS:     969187 MSHR_MERGE:          0
cpu0->cpu0_L2C LOAD         ACCESS:     969144 HIT:          0 MISS:     969144 MSHR_MERGE:          0
cpu0->cpu0_L2C RFO          ACCESS:          0 HIT:          0 MISS:          0 MSHR_MERGE:          0
cpu0->cpu0_L2C PREFETCH     ACCESS:          0 HIT:          0 MISS:          0 MSHR_MERGE:          0
cpu0->cpu0_L2C WRITE        ACCESS:     489348 HIT:     489348 MISS:          0 MSHR_MERGE:          0
cpu0->cpu0_L2C TRANSLATION  ACCESS:        153 HIT:        110 MISS:         43 MSHR_MERGE:          0
cpu0->cpu0_L2C PREFETCH REQUESTED:          0 ISSUED:          0 USEFUL:          0 USELESS:          0
cpu0->cpu0_L2C AVERAGE MISS LATENCY: 302.9 cycles
cpu0->cpu0_L1I TOTAL        ACCESS:   16800176 HIT:   16800176 MISS:          0 MSHR_MERGE:          0
cpu0->cpu0_L1I LOAD         ACCESS:   16800176 HIT:   16800176 MISS:          0 MSHR_MERGE:          0
cpu0->cpu0_L1I RFO          ACCESS:          0 HIT:          0 MISS:          0 MSHR_MERGE:          0
cpu0->cpu0_L1I PREFETCH     ACCESS:          0 HIT:          0 MISS:          0 MSHR_MERGE:          0
cpu0->cpu0_L1I WRITE        ACCESS:          0 HIT:          0 MISS:          0 MSHR_MERGE:          0
cpu0->cpu0_L1I TRANSLATION  ACCESS:          0 HIT:          0 MISS:          0 MSHR_MERGE:          0
cpu0->cpu0_L1I PREFETCH REQUESTED:          0 ISSUED:          0 USEFUL:          0 USELESS:          0
cpu0->cpu0_L1I AVERAGE MISS LATENCY: - cycles
cpu0->cpu0_L1D TOTAL        ACCESS:   27681537 HIT:   26283998 MISS:    1397539 MSHR_MERGE:     428242
cpu0->cpu0_L1D LOAD         ACCESS:   24451861 HIT:   23054476 MISS:    1397385 MSHR_MERGE:     428241
cpu0->cpu0_L1D RFO          ACCESS:          0 HIT:          0 MISS:          0 MSHR_MERGE:          0
cpu0->cpu0_L1D PREFETCH     ACCESS:          0 HIT:          0 MISS:          0 MSHR_MERGE:          0
cpu0->cpu0_L1D WRITE        ACCESS:    3229424 HIT:    3229424 MISS:          0 MSHR_MERGE:          0
cpu0->cpu0_L1D TRANSLATION  ACCESS:        252 HIT:         98 MISS:        154 MSHR_MERGE:          1
cpu0->cpu0_L1D PREFETCH REQUESTED:          0 ISSUED:          0 USEFUL:          0 USELESS:          0
cpu0->cpu0_L1D AVERAGE MISS LATENCY: 311.9 cycles
cpu0->cpu0_ITLB TOTAL        ACCESS:   14996391 HIT:   14996391 MISS:          0 MSHR_MERGE:          0
cpu0->cpu0_ITLB LOAD         ACCESS:   14996391 HIT:   14996391 MISS:          0 MSHR_MERGE:          0
cpu0->cpu0_ITLB RFO          ACCESS:          0 HIT:          0 MISS:          0 MSHR_MERGE:          0
cpu0->cpu0_ITLB PREFETCH     ACCESS:          0 HIT:          0 MISS:          0 MSHR_MERGE:          0
cpu0->cpu0_ITLB WRITE        ACCESS:          0 HIT:          0 MISS:          0 MSHR_MERGE:          0
cpu0->cpu0_ITLB TRANSLATION  ACCESS:          0 HIT:          0 MISS:          0 MSHR_MERGE:          0
cpu0->cpu0_ITLB PREFETCH REQUESTED:          0 ISSUED:          0 USEFUL:          0 USELESS:          0
cpu0->cpu0_ITLB AVERAGE MISS LATENCY: - cycles
cpu0->cpu0_DTLB TOTAL        ACCESS:   26775152 HIT:   26774825 MISS:        327 MSHR_MERGE:         75
cpu0->cpu0_DTLB LOAD         ACCESS:   26775152 HIT:   26774825 MISS:        327 MSHR_MERGE:         75
cpu0->cpu0_DTLB RFO          ACCESS:          0 HIT:          0 MISS:          0 MSHR_MERGE:          0
cpu0->cpu0_DTLB PREFETCH     ACCESS:          0 HIT:          0 MISS:          0 MSHR_MERGE:          0
cpu0->cpu0_DTLB WRITE        ACCESS:          0 HIT:          0 MISS:          0 MSHR_MERGE:          0
cpu0->cpu0_DTLB TRANSLATION  ACCESS:          0 HIT:          0 MISS:          0 MSHR_MERGE:          0
cpu0->cpu0_DTLB PREFETCH REQUESTED:          0 ISSUED:          0 USEFUL:          0 USELESS:          0
cpu0->cpu0_DTLB AVERAGE MISS LATENCY: 221.4 cycles
cpu0->LLC TOTAL        ACCESS:    1458503 HIT:     540864 MISS:     917639 MSHR_MERGE:          0
cpu0->LLC LOAD         ACCESS:     969144 HIT:      95590 MISS:     873554 MSHR_MERGE:          0
cpu0->LLC RFO          ACCESS:          0 HIT:          0 MISS:          0 MSHR_MERGE:          0
cpu0->LLC PREFETCH     ACCESS:          0 HIT:          0 MISS:          0 MSHR_MERGE:          0
cpu0->LLC WRITE        ACCESS:     489316 HIT:     445231 MISS:      44085 MSHR_MERGE:          0
cpu0->LLC TRANSLATION  ACCESS:         43 HIT:         43 MISS:          0 MSHR_MERGE:          0
cpu0->LLC PREFETCH REQUESTED:          0 ISSUED:          0 USEFUL:          0 USELESS:          0
cpu0->LLC AVERAGE MISS LATENCY: 2418 cycles
cpu1->LLC TOTAL        ACCESS:    1454512 HIT:     545115 MISS:     909397 MSHR_MERGE:          0
cpu1->LLC LOAD         ACCESS:     966548 HIT:      96310 MISS:     870238 MSHR_MERGE:          0
cpu1->LLC RFO          ACCESS:          0 HIT:          0 MISS:          0 MSHR_MERGE:          0
cpu1->LLC PREFETCH     ACCESS:          0 HIT:          0 MISS:          0 MSHR_MERGE:          0
cpu1->LLC WRITE        ACCESS:     487921 HIT:     448762 MISS:      39159 MSHR_MERGE:          0
cpu1->LLC TRANSLATION  ACCESS:         43 HIT:         43 MISS:          0 MSHR_MERGE:          0
cpu1->LLC PREFETCH REQUESTED:          0 ISSUED:          0 USEFUL:          0 USELESS:          0
cpu1->LLC AVERAGE MISS LATENCY: 2440 cycles
cpu2->LLC TOTAL        ACCESS:    1456673 HIT:     540755 MISS:     915918 MSHR_MERGE:          0
cpu2->LLC LOAD         ACCESS:     967959 HIT:      95954 MISS:     872005 MSHR_MERGE:          0
cpu2->LLC RFO          ACCESS:          0 HIT:          0 MISS:          0 MSHR_MERGE:          0
cpu2->LLC PREFETCH     ACCESS:          0 HIT:          0 MISS:          0 MSHR_MERGE:          0
cpu2->LLC WRITE        ACCESS:     488671 HIT:     444758 MISS:      43913 MSHR_MERGE:          0
cpu2->LLC TRANSLATION  ACCESS:         43 HIT:         43 MISS:          0 MSHR_MERGE:          0
cpu2->LLC PREFETCH REQUESTED:          0 ISSUED:          0 USEFUL:          0 USELESS:          0
cpu2->LLC AVERAGE MISS LATENCY: 2422 cycles
cpu3->LLC TOTAL        ACCESS:    1456748 HIT:     543324 MISS:     913424 MSHR_MERGE:          0
cpu3->LLC LOAD         ACCESS:     968019 HIT:      96749 MISS:     871270 MSHR_MERGE:          0
cpu3->LLC RFO          ACCESS:          0 HIT:          0 MISS:          0 MSHR_MERGE:          0
cpu3->LLC PREFETCH     ACCESS:          0 HIT:          0 MISS:          0 MSHR_MERGE:          0
cpu3->LLC WRITE        ACCESS:     488686 HIT:     446532 MISS:      42154 MSHR_MERGE:          0
cpu3->LLC TRANSLATION  ACCESS:         43 HIT:         43 MISS:          0 MSHR_MERGE:          0
cpu3->LLC PREFETCH REQUESTED:          0 ISSUED:          0 USEFUL:          0 USELESS:          0
cpu3->LLC AVERAGE MISS LATENCY: 2429 cycles
cpu4->LLC TOTAL        ACCESS:    1457909 HIT:     546486 MISS:     911423 MSHR_MERGE:          0
cpu4->LLC LOAD         ACCESS:     968773 HIT:     103755 MISS:     865018 MSHR_MERGE:          0
cpu4->LLC RFO          ACCESS:          0 HIT:          0 MISS:          0 MSHR_MERGE:          0
cpu4->LLC PREFETCH     ACCESS:          0 HIT:          0 MISS:          0 MSHR_MERGE:          0
cpu4->LLC WRITE        ACCESS:     489093 HIT:     442696 MISS:      46397 MSHR_MERGE:          0
cpu4->LLC TRANSLATION  ACCESS:         43 HIT:         35 MISS:          8 MSHR_MERGE:          0
cpu4->LLC PREFETCH REQUESTED:          0 ISSUED:          0 USEFUL:          0 USELESS:          0
cpu4->LLC AVERAGE MISS LATENCY: 2434 cycles
cpu5->LLC TOTAL        ACCESS:    1451628 HIT:     551749 MISS:     899879 MSHR_MERGE:          0
cpu5->LLC LOAD         ACCESS:     964607 HIT:      98674 MISS:     865933 MSHR_MERGE:          0
cpu5->LLC RFO          ACCESS:          0 HIT:          0 MISS:          0 MSHR_MERGE:          0
cpu5->LLC PREFETCH     ACCESS:          0 HIT:          0 MISS:          0 MSHR_MERGE:          0
cpu5->LLC WRITE        ACCESS:     486978 HIT:     453032 MISS:      33946 MSHR_MERGE:          0
cpu5->LLC TRANSLATION  ACCESS:         43 HIT:         43 MISS:          0 MSHR_MERGE:          0
cpu5->LLC PREFETCH REQUESTED:          0 ISSUED:          0 USEFUL:          0 USELESS:          0
cpu5->LLC AVERAGE MISS LATENCY: 2465 cycles
cpu6->LLC TOTAL        ACCESS:    1461852 HIT:     552081 MISS:     909771 MSHR_MERGE:          0
cpu6->LLC LOAD         ACCESS:     971419 HIT:     106593 MISS:     864826 MSHR_MERGE:          0
cpu6->LLC RFO          ACCESS:          0 HIT:          0 MISS:          0 MSHR_MERGE:          0
cpu6->LLC PREFETCH     ACCESS:          0 HIT:          0 MISS:          0 MSHR_MERGE:          0
cpu6->LLC WRITE        ACCESS:     490390 HIT:     445447 MISS:      44943 MSHR_MERGE:          0
cpu6->LLC TRANSLATION  ACCESS:         43 HIT:         41 MISS:          2 MSHR_MERGE:          0
cpu6->LLC PREFETCH REQUESTED:          0 ISSUED:          0 USEFUL:          0 USELESS:          0
cpu6->LLC AVERAGE MISS LATENCY: 2439 cycles
cpu7->LLC TOTAL        ACCESS:    1447703 HIT:     554095 MISS:     893608 MSHR_MERGE:          0
cpu7->LLC LOAD         ACCESS:     962002 HIT:     101497 MISS:     860505 MSHR_MERGE:          0
cpu7->LLC RFO          ACCESS:          0 HIT:          0 MISS:          0 MSHR_MERGE:          0
cpu7->LLC PREFETCH     ACCESS:          0 HIT:          0 MISS:          0 MSHR_MERGE:          0
cpu7->LLC WRITE        ACCESS:     485658 HIT:     452555 MISS:      33103 MSHR_MERGE:          0
cpu7->LLC TRANSLATION  ACCESS:         43 HIT:         43 MISS:          0 MSHR_MERGE:          0
cpu7->LLC PREFETCH REQUESTED:          0 ISSUED:          0 USEFUL:          0 USELESS:          0
cpu7->LLC AVERAGE MISS LATENCY: 2483 cycles

Region of Interest Statistics

CPU 7 cumulative IPC: 0.4038 instructions: 50000004 cycles: 123836168
CPU 7 Branch Prediction Accuracy: 100% MPKI: 0 Average ROB Occupancy at Mispredict: -
Branch type MPKI
BRANCH_DIRECT_JUMP: 0
BRANCH_INDIRECT: 0
BRANCH_CONDITIONAL: 0
BRANCH_DIRECT_CALL: 0
BRANCH_INDIRECT_CALL: 0
BRANCH_RETURN: 0


CPU 6 cumulative IPC: 0.4078 instructions: 50000002 cycles: 122613502
CPU 6 Branch Prediction Accuracy: 100% MPKI: 0 Average ROB Occupancy at Mispredict: -
Branch type MPKI
BRANCH_DIRECT_JUMP: 0
BRANCH_INDIRECT: 0
BRANCH_CONDITIONAL: 0
BRANCH_DIRECT_CALL: 0
BRANCH_INDIRECT_CALL: 0
BRANCH_RETURN: 0


CPU 5 cumulative IPC: 0.4049 instructions: 50000004 cycles: 123490362
CPU 5 Branch Prediction Accuracy: 100% MPKI: 0 Average ROB Occupancy at Mispredict: -
Branch type MPKI
BRANCH_DIRECT_JUMP: 0
BRANCH_INDIRECT: 0
BRANCH_CONDITIONAL: 0
BRANCH_DIRECT_CALL: 0
BRANCH_INDIRECT_CALL: 0
BRANCH_RETURN: 0


CPU 4 cumulative IPC: 0.4066 instructions: 50000004 cycles: 122958148
CPU 4 Branch Prediction Accuracy: 100% MPKI: 0 Average ROB Occupancy at Mispredict: -
Branch type MPKI
BRANCH_DIRECT_JUMP: 0
BRANCH_INDIRECT: 0
BRANCH_CONDITIONAL: 0
BRANCH_DIRECT_CALL: 0
BRANCH_INDIRECT_CALL: 0
BRANCH_RETURN: 0


CPU 3 cumulative IPC: 0.4063 instructions: 50000003 cycles: 123051324
CPU 3 Branch Prediction Accuracy: 100% MPKI: 0 Average ROB Occupancy at Mispredict: -
Branch type MPKI
BRANCH_DIRECT_JUMP: 0
BRANCH_INDIRECT: 0
BRANCH_CONDITIONAL: 0
BRANCH_DIRECT_CALL: 0
BRANCH_INDIRECT_CALL: 0
BRANCH_RETURN: 0


CPU 2 cumulative IPC: 0.4063 instructions: 50000004 cycles: 123050593
CPU 2 Branch Prediction Accuracy: 100% MPKI: 0 Average ROB Occupancy at Mispredict: -
Branch type MPKI
BRANCH_DIRECT_JUMP: 0
BRANCH_INDIRECT: 0
BRANCH_CONDITIONAL: 0
BRANCH_DIRECT_CALL: 0
BRANCH_INDIRECT_CALL: 0
BRANCH_RETURN: 0


CPU 1 cumulative IPC: 0.4057 instructions: 50000002 cycles: 123240808
CPU 1 Branch Prediction Accuracy: 100% MPKI: 0 Average ROB Occupancy at Mispredict: -
Branch type MPKI
BRANCH_DIRECT_JUMP: 0
BRANCH_INDIRECT: 0
BRANCH_CONDITIONAL: 0
BRANCH_DIRECT_CALL: 0
BRANCH_INDIRECT_CALL: 0
BRANCH_RETURN: 0


CPU 0 cumulative IPC: 0.4068 instructions: 50000001 cycles: 122908628
CPU 0 Branch Prediction Accuracy: 100% MPKI: 0 Average ROB Occupancy at Mispredict: -
Branch type MPKI
BRANCH_DIRECT_JUMP: 0
BRANCH_INDIRECT: 0
BRANCH_CONDITIONAL: 0
BRANCH_DIRECT_CALL: 0
BRANCH_INDIRECT_CALL: 0
BRANCH_RETURN: 0

cpu7->cpu7_STLB TOTAL        ACCESS:        252 HIT:          0 MISS:        252 MSHR_MERGE:          0
cpu7->cpu7_STLB LOAD         ACCESS:        252 HIT:          0 MISS:        252 MSHR_MERGE:          0
cpu7->cpu7_STLB RFO          ACCESS:          0 HIT:          0 MISS:          0 MSHR_MERGE:          0
cpu7->cpu7_STLB PREFETCH     ACCESS:          0 HIT:          0 MISS:          0 MSHR_MERGE:          0
cpu7->cpu7_STLB WRITE        ACCESS:          0 HIT:          0 MISS:          0 MSHR_MERGE:          0
cpu7->cpu7_STLB TRANSLATION  ACCESS:          0 HIT:          0 MISS:          0 MSHR_MERGE:          0
cpu7->cpu7_STLB PREFETCH REQUESTED:          0 ISSUED:          0 USEFUL:          0 USELESS:          0
cpu7->cpu7_STLB AVERAGE MISS LATENCY: 215.4 cycles
cpu7->cpu7_L2C TOTAL        ACCESS:    1447900 HIT:     485855 MISS:     962045 MSHR_MERGE:          0
cpu7->cpu7_L2C LOAD         ACCESS:     962002 HIT:          0 MISS:     962002 MSHR_MERGE:          0
cpu7->cpu7_L2C RFO          ACCESS:          0 HIT:          0 MISS:          0 MSHR_MERGE:          0
cpu7->cpu7_L2C PREFETCH     ACCESS:          0 HIT:          0 MISS:          0 MSHR_MERGE:          0
cpu7->cpu7_L2C WRITE        ACCESS:     485745 HIT:     485745 MISS:          0 MSHR_MERGE:          0
cpu7->cpu7_L2C TRANSLATION  ACCESS:        153 HIT:        110 MISS:         43 MSHR_MERGE:          0
cpu7->cpu7_L2C PREFETCH REQUESTED:          0 ISSUED:          0 USEFUL:          0 USELESS:          0
cpu7->cpu7_L2C AVERAGE MISS LATENCY: 303.2 cycles
cpu7->cpu7_L1I TOTAL        ACCESS:   16722962 HIT:   16722962 MISS:          0 MSHR_MERGE:          0
cpu7->cpu7_L1I LOAD         ACCESS:   16722962 HIT:   16722962 MISS:          0 MSHR_MERGE:          0
cpu7->cpu7_L1I RFO          ACCESS:          0 HIT:          0 MISS:          0 MSHR_MERGE:          0
cpu7->cpu7_L1I PREFETCH     ACCESS:          0 HIT:          0 MISS:          0 MSHR_MERGE:          0
cpu7->cpu7_L1I WRITE        ACCESS:          0 HIT:          0 MISS:          0 MSHR_MERGE:          0
cpu7->cpu7_L1I TRANSLATION  ACCESS:          0 HIT:          0 MISS:          0 MSHR_MERGE:          0
cpu7->cpu7_L1I PREFETCH REQUESTED:          0 ISSUED:          0 USEFUL:          0 USELESS:          0
cpu7->cpu7_L1I AVERAGE MISS LATENCY: - cycles
cpu7->cpu7_L1D TOTAL        ACCESS:   27496666 HIT:   26103875 MISS:    1392791 MSHR_MERGE:     430636
cpu7->cpu7_L1D LOAD         ACCESS:   24290767 HIT:   22898131 MISS:    1392636 MSHR_MERGE:     430634
cpu7->cpu7_L1D RFO          ACCESS:          0 HIT:          0 MISS:          0 MSHR_MERGE:          0
cpu7->cpu7_L1D PREFETCH     ACCESS:          0 HIT:          0 MISS:          0 MSHR_MERGE:          0
cpu7->cpu7_L1D WRITE        ACCESS:    3205647 HIT:    3205647 MISS:          0 MSHR_MERGE:          0
cpu7->cpu7_L1D TRANSLATION  ACCESS:        252 HIT:         97 MISS:        155 MSHR_MERGE:          2
cpu7->cpu7_L1D PREFETCH REQUESTED:          0 ISSUED:          0 USEFUL:          0 USELESS:          0
cpu7->cpu7_L1D AVERAGE MISS LATENCY: 312.2 cycles
cpu7->cpu7_ITLB TOTAL        ACCESS:   14901387 HIT:   14901387 MISS:          0 MSHR_MERGE:          0
cpu7->cpu7_ITLB LOAD         ACCESS:   14901387 HIT:   14901387 MISS:          0 MSHR_MERGE:          0
cpu7->cpu7_ITLB RFO          ACCESS:          0 HIT:          0 MISS:          0 MSHR_MERGE:          0
cpu7->cpu7_ITLB PREFETCH     ACCESS:          0 HIT:          0 MISS:          0 MSHR_MERGE:          0
cpu7->cpu7_ITLB WRITE        ACCESS:          0 HIT:          0 MISS:          0 MSHR_MERGE:          0
cpu7->cpu7_ITLB TRANSLATION  ACCESS:          0 HIT:          0 MISS:          0 MSHR_MERGE:          0
cpu7->cpu7_ITLB PREFETCH REQUESTED:          0 ISSUED:          0 USEFUL:          0 USELESS:          0
cpu7->cpu7_ITLB AVERAGE MISS LATENCY: - cycles
cpu7->cpu7_DTLB TOTAL        ACCESS:   26570408 HIT:   26570082 MISS:        326 MSHR_MERGE:         74
cpu7->cpu7_DTLB LOAD         ACCESS:   26570408 HIT:   26570082 MISS:        326 MSHR_MERGE:         74
cpu7->cpu7_DTLB RFO          ACCESS:          0 HIT:          0 MISS:          0 MSHR_MERGE:          0
cpu7->cpu7_DTLB PREFETCH     ACCESS:          0 HIT:          0 MISS:          0 MSHR_MERGE:          0
cpu7->cpu7_DTLB WRITE        ACCESS:          0 HIT:          0 MISS:          0 MSHR_MERGE:          0
cpu7->cpu7_DTLB TRANSLATION  ACCESS:          0 HIT:          0 MISS:          0 MSHR_MERGE:          0
cpu7->cpu7_DTLB PREFETCH REQUESTED:          0 ISSUED:          0 USEFUL:          0 USELESS:          0
cpu7->cpu7_DTLB AVERAGE MISS LATENCY: 221.4 cycles
cpu6->cpu6_STLB TOTAL        ACCESS:        252 HIT:          0 MISS:        252 MSHR_MERGE:          0
cpu6->cpu6_STLB LOAD         ACCESS:        252 HIT:          0 MISS:        252 MSHR_MERGE:          0
cpu6->cpu6_STLB RFO          ACCESS:          0 HIT:          0 MISS:          0 MSHR_MERGE:          0
cpu6->cpu6_STLB PREFETCH     ACCESS:          0 HIT:          0 MISS:          0 MSHR_MERGE:          0
cpu6->cpu6_STLB WRITE        ACCESS:          0 HIT:          0 MISS:          0 MSHR_MERGE:          0
cpu6->cpu6_STLB TRANSLATION  ACCESS:          0 HIT:          0 MISS:          0 MSHR_MERGE:          0
cpu6->cpu6_STLB PREFETCH REQUESTED:          0 ISSUED:          0 USEFUL:          0 USELESS:          0
cpu6->cpu6_STLB AVERAGE MISS LATENCY: 218.2 cycles
cpu6->cpu6_L2C TOTAL        ACCESS:    1462046 HIT:     490584 MISS:     971462 MSHR_MERGE:          0
cpu6->cpu6_L2C LOAD         ACCESS:     971419 HIT:          0 MISS:     971419 MSHR_MERGE:          0
cpu6->cpu6_L2C RFO          ACCESS:          0 HIT:          0 MISS:          0 MSHR_MERGE:          0
cpu6->cpu6_L2C PREFETCH     ACCESS:          0 HIT:          0 MISS:          0 MSHR_MERGE:          0
cpu6->cpu6_L2C WRITE        ACCESS:     490474 HIT:     490474 MISS:          0 MSHR_MERGE:          0
cpu6->cpu6_L2C TRANSLATION  ACCESS:        153 HIT:        110 MISS:         43 MSHR_MERGE:          0
cpu6->cpu6_L2C PREFETCH REQUESTED:          0 ISSUED:          0 USEFUL:          0 USELESS:          0
cpu6->cpu6_L2C AVERAGE MISS LATENCY: 300.1 cycles
cpu6->cpu6_L1I TOTAL        ACCESS:   16811898 HIT:   16811898 MISS:          0 MSHR_MERGE:          0
cpu6->cpu6_L1I LOAD         ACCESS:   16811898 HIT:   16811898 MISS:          0 MSHR_MERGE:          0
cpu6->cpu6_L1I RFO          ACCESS:          0 HIT:          0 MISS:          0 MSHR_MERGE:          0
cpu6->cpu6_L1I PREFETCH     ACCESS:          0 HIT:          0 MISS:          0 MSHR_MERGE:          0
cpu6->cpu6_L1I WRITE        ACCESS:          0 HIT:          0 MISS:          0 MSHR_MERGE:          0
cpu6->cpu6_L1I TRANSLATION  ACCESS:          0 HIT:          0 MISS:          0 MSHR_MERGE:          0
cpu6->cpu6_L1I PREFETCH REQUESTED:          0 ISSUED:          0 USEFUL:          0 USELESS:          0
cpu6->cpu6_L1I AVERAGE MISS LATENCY: - cycles
cpu6->cpu6_L1D TOTAL        ACCESS:   27734698 HIT:   26336620 MISS:    1398078 MSHR_MERGE:     426506
cpu6->cpu6_L1D LOAD         ACCESS:   24497451 HIT:   23099528 MISS:    1397923 MSHR_MERGE:     426504
cpu6->cpu6_L1D RFO          ACCESS:          0 HIT:          0 MISS:          0 MSHR_MERGE:          0
cpu6->cpu6_L1D PREFETCH     ACCESS:          0 HIT:          0 MISS:          0 MSHR_MERGE:          0
cpu6->cpu6_L1D WRITE        ACCESS:    3236995 HIT:    3236995 MISS:          0 MSHR_MERGE:          0
cpu6->cpu6_L1D TRANSLATION  ACCESS:        252 HIT:         97 MISS:        155 MSHR_MERGE:          2
cpu6->cpu6_L1D PREFETCH REQUESTED:          0 ISSUED:          0 USEFUL:          0 USELESS:          0
cpu6->cpu6_L1D AVERAGE MISS LATENCY: 309.1 cycles
cpu6->cpu6_ITLB TOTAL        ACCESS:   15003775 HIT:   15003775 MISS:          0 MSHR_MERGE:          0
cpu6->cpu6_ITLB LOAD         ACCESS:   15003775 HIT:   15003775 MISS:          0 MSHR_MERGE:          0
cpu6->cpu6_ITLB RFO          ACCESS:          0 HIT:          0 MISS:          0 MSHR_MERGE:          0
cpu6->cpu6_ITLB PREFETCH     ACCESS:          0 HIT:          0 MISS:          0 MSHR_MERGE:          0
cpu6->cpu6_ITLB WRITE        ACCESS:          0 HIT:          0 MISS:          0 MSHR_MERGE:          0
cpu6->cpu6_ITLB TRANSLATION  ACCESS:          0 HIT:          0 MISS:          0 MSHR_MERGE:          0
cpu6->cpu6_ITLB PREFETCH REQUESTED:          0 ISSUED:          0 USEFUL:          0 USELESS:          0
cpu6->cpu6_ITLB AVERAGE MISS LATENCY: - cycles
cpu6->cpu6_DTLB TOTAL        ACCESS:   26829203 HIT:   26828878 MISS:        325 MSHR_MERGE:         73
cpu6->cpu6_DTLB LOAD         ACCESS:   26829203 HIT:   26828878 MISS:        325 MSHR_MERGE:         73
cpu6->cpu6_DTLB RFO          ACCESS:          0 HIT:          0 MISS:          0 MSHR_MERGE:          0
cpu6->cpu6_DTLB PREFETCH     ACCESS:          0 HIT:          0 MISS:          0 MSHR_MERGE:          0
cpu6->cpu6_DTLB WRITE        ACCESS:          0 HIT:          0 MISS:          0 MSHR_MERGE:          0
cpu6->cpu6_DTLB TRANSLATION  ACCESS:          0 HIT:          0 MISS:          0 MSHR_MERGE:          0
cpu6->cpu6_DTLB PREFETCH REQUESTED:          0 ISSUED:          0 USEFUL:          0 USELESS:          0
cpu6->cpu6_DTLB AVERAGE MISS LATENCY: 224.2 cycles
cpu5->cpu5_STLB TOTAL        ACCESS:        252 HIT:          0 MISS:        252 MSHR_MERGE:          0
cpu5->cpu5_STLB LOAD         ACCESS:        252 HIT:          0 MISS:        252 MSHR_MERGE:          0
cpu5->cpu5_STLB RFO          ACCESS:          0 HIT:          0 MISS:          0 MSHR_MERGE:          0
cpu5->cpu5_STLB PREFETCH     ACCESS:          0 HIT:          0 MISS:          0 MSHR_MERGE:          0
cpu5->cpu5_STLB WRITE        ACCESS:          0 HIT:          0 MISS:          0 MSHR_MERGE:          0
cpu5->cpu5_STLB TRANSLATION  ACCESS:          0 HIT:          0 MISS:          0 MSHR_MERGE:          0
cpu5->cpu5_STLB PREFETCH REQUESTED:          0 ISSUED:          0 USEFUL:          0 USELESS:          0
cpu5->cpu5_STLB AVERAGE MISS LATENCY: 215.4 cycles
cpu5->cpu5_L2C TOTAL        ACCESS:    1451833 HIT:     487183 MISS:     964650 MSHR_MERGE:          0
cpu5->cpu5_L2C LOAD         ACCESS:     964607 HIT:          0 MISS:     964607 MSHR_MERGE:          0
cpu5->cpu5_L2C RFO          ACCESS:          0 HIT:          0 MISS:          0 MSHR_MERGE:          0
cpu5->cpu5_L2C PREFETCH     ACCESS:          0 HIT:          0 MISS:          0 MSHR_MERGE:          0
cpu5->cpu5_L2C WRITE        ACCESS:     487073 HIT:     487073 MISS:          0 MSHR_MERGE:          0
cpu5->cpu5_L2C TRANSLATION  ACCESS:        153 HIT:        110 MISS:         43 MSHR_MERGE:          0
cpu5->cpu5_L2C PREFETCH REQUESTED:          0 ISSUED:          0 USEFUL:          0 USELESS:          0
cpu5->cpu5_L2C AVERAGE MISS LATENCY: 302.5 cycles
cpu5->cpu5_L1I TOTAL        ACCESS:   16733595 HIT:   16733595 MISS:          0 MSHR_MERGE:          0
cpu5->cpu5_L1I LOAD         ACCESS:   16733595 HIT:   16733595 MISS:          0 MSHR_MERGE:          0
cpu5->cpu5_L1I RFO          ACCESS:          0 HIT:          0 MISS:          0 MSHR_MERGE:          0
cpu5->cpu5_L1I PREFETCH     ACCESS:          0 HIT:          0 MISS:          0 MSHR_MERGE:          0
cpu5->cpu5_L1I WRITE        ACCESS:          0 HIT:          0 MISS:          0 MSHR_MERGE:          0
cpu5->cpu5_L1I TRANSLATION  ACCESS:          0 HIT:          0 MISS:          0 MSHR_MERGE:          0
cpu5->cpu5_L1I PREFETCH REQUESTED:          0 ISSUED:          0 USEFUL:          0 USELESS:          0
cpu5->cpu5_L1I AVERAGE MISS LATENCY: - cycles
cpu5->cpu5_L1D TOTAL        ACCESS:   27563771 HIT:   26169239 MISS:    1394532 MSHR_MERGE:     429772
cpu5->cpu5_L1D LOAD         ACCESS:   24349210 HIT:   22954832 MISS:    1394378 MSHR_MERGE:     429771
cpu5->cpu5_L1D RFO          ACCESS:          0 HIT:          0 MISS:          0 MSHR_MERGE:          0
cpu5->cpu5_L1D PREFETCH     ACCESS:          0 HIT:          0 MISS:          0 MSHR_MERGE:          0
cpu5->cpu5_L1D WRITE        ACCESS:    3214309 HIT:    3214309 MISS:          0 MSHR_MERGE:          0
cpu5->cpu5_L1D TRANSLATION  ACCESS:        252 HIT:         98 MISS:        154 MSHR_MERGE:          1
cpu5->cpu5_L1D PREFETCH REQUESTED:          0 ISSUED:          0 USEFUL:          0 USELESS:          0
cpu5->cpu5_L1D AVERAGE MISS LATENCY: 311.5 cycles
cpu5->cpu5_ITLB TOTAL        ACCESS:   14922988 HIT:   14922988 MISS:          0 MSHR_MERGE:          0
cpu5->cpu5_ITLB LOAD         ACCESS:   14922988 HIT:   14922988 MISS:          0 MSHR_MERGE:          0
cpu5->cpu5_ITLB RFO          ACCESS:          0 HIT:          0 MISS:          0 MSHR_MERGE:          0
cpu5->cpu5_ITLB PREFETCH     ACCESS:          0 HIT:          0 MISS:          0 MSHR_MERGE:          0
cpu5->cpu5_ITLB WRITE        ACCESS:          0 HIT:          0 MISS:          0 MSHR_MERGE:          0
cpu5->cpu5_ITLB TRANSLATION  ACCESS:          0 HIT:          0 MISS:          0 MSHR_MERGE:          0
cpu5->cpu5_ITLB PREFETCH REQUESTED:          0 ISSUED:          0 USEFUL:          0 USELESS:          0
cpu5->cpu5_ITLB AVERAGE MISS LATENCY: - cycles
cpu5->cpu5_DTLB TOTAL        ACCESS:   26641669 HIT:   26641338 MISS:        331 MSHR_MERGE:         79
cpu5->cpu5_DTLB LOAD         ACCESS:   26641669 HIT:   26641338 MISS:        331 MSHR_MERGE:         79
cpu5->cpu5_DTLB RFO          ACCESS:          0 HIT:          0 MISS:          0 MSHR_MERGE:          0
cpu5->cpu5_DTLB PREFETCH     ACCESS:          0 HIT:          0 MISS:          0 MSHR_MERGE:          0
cpu5->cpu5_DTLB WRITE        ACCESS:          0 HIT:          0 MISS:          0 MSHR_MERGE:          0
cpu5->cpu5_DTLB TRANSLATION  ACCESS:          0 HIT:          0 MISS:          0 MSHR_MERGE:          0
cpu5->cpu5_DTLB PREFETCH REQUESTED:          0 ISSUED:          0 USEFUL:          0 USELESS:          0
cpu5->cpu5_DTLB AVERAGE MISS LATENCY: 221.4 cycles
cpu4->cpu4_STLB TOTAL        ACCESS:        252 HIT:          0 MISS:        252 MSHR_MERGE:          0
cpu4->cpu4_STLB LOAD         ACCESS:        252 HIT:          0 MISS:        252 MSHR_MERGE:          0
cpu4->cpu4_STLB RFO          ACCESS:          0 HIT:          0 MISS:          0 MSHR_MERGE:          0
cpu4->cpu4_STLB PREFETCH     ACCESS:          0 HIT:          0 MISS:          0 MSHR_MERGE:          0
cpu4->cpu4_STLB WRITE        ACCESS:          0 HIT:          0 MISS:          0 MSHR_MERGE:          0
cpu4->cpu4_STLB TRANSLATION  ACCESS:          0 HIT:          0 MISS:          0 MSHR_MERGE:          0
cpu4->cpu4_STLB PREFETCH REQUESTED:          0 ISSUED:          0 USEFUL:          0 USELESS:          0
cpu4->cpu4_STLB AVERAGE MISS LATENCY: 221.4 cycles
cpu4->cpu4_L2C TOTAL        ACCESS:    1458098 HIT:     489283 MISS:     968815 MSHR_MERGE:          0
cpu4->cpu4_L2C LOAD         ACCESS:     968772 HIT:          0 MISS:     968772 MSHR_MERGE:          0
cpu4->cpu4_L2C RFO          ACCESS:          0 HIT:          0 MISS:          0 MSHR_MERGE:          0
cpu4->cpu4_L2C PREFETCH     ACCESS:          0 HIT:          0 MISS:          0 MSHR_MERGE:          0
cpu4->cpu4_L2C WRITE        ACCESS:     489173 HIT:     489173 MISS:          0 MSHR_MERGE:          0
cpu4->cpu4_L2C TRANSLATION  ACCESS:        153 HIT:        110 MISS:         43 MSHR_MERGE:          0
cpu4->cpu4_L2C PREFETCH REQUESTED:          0 ISSUED:          0 USEFUL:          0 USELESS:          0
cpu4->cpu4_L2C AVERAGE MISS LATENCY: 301.6 cycles
cpu4->cpu4_L1I TOTAL        ACCESS:   16793167 HIT:   16793167 MISS:          0 MSHR_MERGE:          0
cpu4->cpu4_L1I LOAD         ACCESS:   16793167 HIT:   16793167 MISS:          0 MSHR_MERGE:          0
cpu4->cpu4_L1I RFO          ACCESS:          0 HIT:          0 MISS:          0 MSHR_MERGE:          0
cpu4->cpu4_L1I PREFETCH     ACCESS:          0 HIT:          0 MISS:          0 MSHR_MERGE:          0
cpu4->cpu4_L1I WRITE        ACCESS:          0 HIT:          0 MISS:          0 MSHR_MERGE:          0
cpu4->cpu4_L1I TRANSLATION  ACCESS:          0 HIT:          0 MISS:          0 MSHR_MERGE:          0
cpu4->cpu4_L1I PREFETCH REQUESTED:          0 ISSUED:          0 USEFUL:          0 USELESS:          0
cpu4->cpu4_L1I AVERAGE MISS LATENCY: - cycles
cpu4->cpu4_L1D TOTAL        ACCESS:   27672760 HIT:   26275651 MISS:    1397109 MSHR_MERGE:     428184
cpu4->cpu4_L1D LOAD         ACCESS:   24444314 HIT:   23047360 MISS:    1396954 MSHR_MERGE:     428182
cpu4->cpu4_L1D RFO          ACCESS:          0 HIT:          0 MISS:          0 MSHR_MERGE:          0
cpu4->cpu4_L1D PREFETCH     ACCESS:          0 HIT:          0 MISS:          0 MSHR_MERGE:          0
cpu4->cpu4_L1D WRITE        ACCESS:    3228194 HIT:    3228194 MISS:          0 MSHR_MERGE:          0
cpu4->cpu4_L1D TRANSLATION  ACCESS:        252 HIT:         97 MISS:        155 MSHR_MERGE:          2
cpu4->cpu4_L1D PREFETCH REQUESTED:          0 ISSUED:          0 USEFUL:          0 USELESS:          0
cpu4->cpu4_L1D AVERAGE MISS LATENCY: 310.6 cycles
cpu4->cpu4_ITLB TOTAL        ACCESS:   14980467 HIT:   14980467 MISS:          0 MSHR_MERGE:          0
cpu4->cpu4_ITLB LOAD         ACCESS:   14980467 HIT:   14980467 MISS:          0 MSHR_MERGE:          0
cpu4->cpu4_ITLB RFO          ACCESS:          0 HIT:          0 MISS:          0 MSHR_MERGE:          0
cpu4->cpu4_ITLB PREFETCH     ACCESS:          0 HIT:          0 MISS:          0 MSHR_MERGE:          0
cpu4->cpu4_ITLB WRITE        ACCESS:          0 HIT:          0 MISS:          0 MSHR_MERGE:          0
cpu4->cpu4_ITLB TRANSLATION  ACCESS:          0 HIT:          0 MISS:          0 MSHR_MERGE:          0
cpu4->cpu4_ITLB PREFETCH REQUESTED:          0 ISSUED:          0 USEFUL:          0 USELESS:          0
cpu4->cpu4_ITLB AVERAGE MISS LATENCY: - cycles
cpu4->cpu4_DTLB TOTAL        ACCESS:   26750082 HIT:   26749753 MISS:        329 MSHR_MERGE:         77
cpu4->cpu4_DTLB LOAD         ACCESS:   26750082 HIT:   26749753 MISS:        329 MSHR_MERGE:         77
cpu4->cpu4_DTLB RFO          ACCESS:          0 HIT:          0 MISS:          0 MSHR_MERGE:          0
cpu4->cpu4_DTLB PREFETCH     ACCESS:          0 HIT:          0 MISS:          0 MSHR_MERGE:          0
cpu4->cpu4_DTLB WRITE        ACCESS:          0 HIT:          0 MISS:          0 MSHR_MERGE:          0
cpu4->cpu4_DTLB TRANSLATION  ACCESS:          0 HIT:          0 MISS:          0 MSHR_MERGE:          0
cpu4->cpu4_DTLB PREFETCH REQUESTED:          0 ISSUED:          0 USEFUL:          0 USELESS:          0
cpu4->cpu4_DTLB AVERAGE MISS LATENCY: 227.4 cycles
cpu3->cpu3_STLB TOTAL        ACCESS:        252 HIT:          0 MISS:        252 MSHR_MERGE:          0
cpu3->cpu3_STLB LOAD         ACCESS:        252 HIT:          0 MISS:        252 MSHR_MERGE:          0
cpu3->cpu3_STLB RFO          ACCESS:          0 HIT:          0 MISS:          0 MSHR_MERGE:          0
cpu3->cpu3_STLB PREFETCH     ACCESS:          0 HIT:          0 MISS:          0 MSHR_MERGE:          0
cpu3->cpu3_STLB WRITE        ACCESS:          0 HIT:          0 MISS:          0 MSHR_MERGE:          0
cpu3->cpu3_STLB TRANSLATION  ACCESS:          0 HIT:          0 MISS:          0 MSHR_MERGE:          0
cpu3->cpu3_STLB PREFETCH REQUESTED:          0 ISSUED:          0 USEFUL:          0 USELESS:          0
cpu3->cpu3_STLB AVERAGE MISS LATENCY: 215.4 cycles
cpu3->cpu3_L2C TOTAL        ACCESS:    1456951 HIT:     488887 MISS:     968064 MSHR_MERGE:          0
cpu3->cpu3_L2C LOAD         ACCESS:     968021 HIT:          0 MISS:     968021 MSHR_MERGE:          0
cpu3->cpu3_L2C RFO          ACCESS:          0 HIT:          0 MISS:          0 MSHR_MERGE:          0
cpu3->cpu3_L2C PREFETCH     ACCESS:          0 HIT:          0 MISS:          0 MSHR_MERGE:          0
cpu3->cpu3_L2C WRITE        ACCESS:     488777 HIT:     488777 MISS:          0 MSHR_MERGE:          0
cpu3->cpu3_L2C TRANSLATION  ACCESS:        153 HIT:        110 MISS:         43 MSHR_MERGE:          0
cpu3->cpu3_L2C PREFETCH REQUESTED:          0 ISSUED:          0 USEFUL:          0 USELESS:          0
cpu3->cpu3_L2C AVERAGE MISS LATENCY: 302.8 cycles
cpu3->cpu3_L1I TOTAL        ACCESS:   16784467 HIT:   16784467 MISS:          0 MSHR_MERGE:          0
cpu3->cpu3_L1I LOAD         ACCESS:   16784467 HIT:   16784467 MISS:          0 MSHR_MERGE:          0
cpu3->cpu3_L1I RFO          ACCESS:          0 HIT:          0 MISS:          0 MSHR_MERGE:          0
cpu3->cpu3_L1I PREFETCH     ACCESS:          0 HIT:          0 MISS:          0 MSHR_MERGE:          0
cpu3->cpu3_L1I WRITE        ACCESS:          0 HIT:          0 MISS:          0 MSHR_MERGE:          0
cpu3->cpu3_L1I TRANSLATION  ACCESS:          0 HIT:          0 MISS:          0 MSHR_MERGE:          0
cpu3->cpu3_L1I PREFETCH REQUESTED:          0 ISSUED:          0 USEFUL:          0 USELESS:          0
cpu3->cpu3_L1I AVERAGE MISS LATENCY: - cycles
cpu3->cpu3_L1D TOTAL        ACCESS:   27652632 HIT:   26255766 MISS:    1396866 MSHR_MERGE:     428692
cpu3->cpu3_L1D LOAD         ACCESS:   24426703 HIT:   23029991 MISS:    1396712 MSHR_MERGE:     428691
cpu3->cpu3_L1D RFO          ACCESS:          0 HIT:          0 MISS:          0 MSHR_MERGE:          0
cpu3->cpu3_L1D PREFETCH     ACCESS:          0 HIT:          0 MISS:          0 MSHR_MERGE:          0
cpu3->cpu3_L1D WRITE        ACCESS:    3225677 HIT:    3225677 MISS:          0 MSHR_MERGE:          0
cpu3->cpu3_L1D TRANSLATION  ACCESS:        252 HIT:         98 MISS:        154 MSHR_MERGE:          1
cpu3->cpu3_L1D PREFETCH REQUESTED:          0 ISSUED:          0 USEFUL:          0 USELESS:          0
cpu3->cpu3_L1D AVERAGE MISS LATENCY: 311.8 cycles
cpu3->cpu3_ITLB TOTAL        ACCESS:   14983014 HIT:   14983014 MISS:          0 MSHR_MERGE:          0
cpu3->cpu3_ITLB LOAD         ACCESS:   14983014 HIT:   14983014 MISS:          0 MSHR_MERGE:          0
cpu3->cpu3_ITLB RFO          ACCESS:          0 HIT:          0 MISS:          0 MSHR_MERGE:          0
cpu3->cpu3_ITLB PREFETCH     ACCESS:          0 HIT:          0 MISS:          0 MSHR_MERGE:          0
cpu3->cpu3_ITLB WRITE        ACCESS:          0 HIT:          0 MISS:          0 MSHR_MERGE:          0
cpu3->cpu3_ITLB TRANSLATION  ACCESS:          0 HIT:          0 MISS:          0 MSHR_MERGE:          0
cpu3->cpu3_ITLB PREFETCH REQUESTED:          0 ISSUED:          0 USEFUL:          0 USELESS:          0
cpu3->cpu3_ITLB AVERAGE MISS LATENCY: - cycles
cpu3->cpu3_DTLB TOTAL        ACCESS:   26746044 HIT:   26745726 MISS:        318 MSHR_MERGE:         66
cpu3->cpu3_DTLB LOAD         ACCESS:   26746044 HIT:   26745726 MISS:        318 MSHR_MERGE:         66
cpu3->cpu3_DTLB RFO          ACCESS:          0 HIT:          0 MISS:          0 MSHR_MERGE:          0
cpu3->cpu3_DTLB PREFETCH     ACCESS:          0 HIT:          0 MISS:          0 MSHR_MERGE:          0
cpu3->cpu3_DTLB WRITE        ACCESS:          0 HIT:          0 MISS:          0 MSHR_MERGE:          0
cpu3->cpu3_DTLB TRANSLATION  ACCESS:          0 HIT:          0 MISS:          0 MSHR_MERGE:          0
cpu3->cpu3_DTLB PREFETCH REQUESTED:          0 ISSUED:          0 USEFUL:          0 USELESS:          0
cpu3->cpu3_DTLB AVERAGE MISS LATENCY: 221.4 cycles
cpu2->cpu2_STLB TOTAL        ACCESS:        252 HIT:          0 MISS:        252 MSHR_MERGE:          0
cpu2->cpu2_STLB LOAD         ACCESS:        252 HIT:          0 MISS:        252 MSHR_MERGE:          0
cpu2->cpu2_STLB RFO          ACCESS:          0 HIT:          0 MISS:          0 MSHR_MERGE:          0
cpu2->cpu2_STLB PREFETCH     ACCESS:          0 HIT:          0 MISS:          0 MSHR_MERGE:          0
cpu2->cpu2_STLB WRITE        ACCESS:          0 HIT:          0 MISS:          0 MSHR_MERGE:          0
cpu2->cpu2_STLB TRANSLATION  ACCESS:          0 HIT:          0 MISS:          0 MSHR_MERGE:          0
cpu2->cpu2_STLB PREFETCH REQUESTED:          0 ISSUED:          0 USEFUL:          0 USELESS:          0
cpu2->cpu2_STLB AVERAGE MISS LATENCY: 215.4 cycles
cpu2->cpu2_L2C TOTAL        ACCESS:    1456854 HIT:     488852 MISS:     968002 MSHR_MERGE:          0
cpu2->cpu2_L2C LOAD         ACCESS:     967959 HIT:          0 MISS:     967959 MSHR_MERGE:          0
cpu2->cpu2_L2C RFO          ACCESS:          0 HIT:          0 MISS:          0 MSHR_MERGE:          0
cpu2->cpu2_L2C PREFETCH     ACCESS:          0 HIT:          0 MISS:          0 MSHR_MERGE:          0
cpu2->cpu2_L2C WRITE        ACCESS:     488742 HIT:     488742 MISS:          0 MSHR_MERGE:          0
cpu2->cpu2_L2C TRANSLATION  ACCESS:        153 HIT:        110 MISS:         43 MSHR_MERGE:          0
cpu2->cpu2_L2C PREFETCH REQUESTED:          0 ISSUED:          0 USEFUL:          0 USELESS:          0
cpu2->cpu2_L2C AVERAGE MISS LATENCY: 302.9 cycles
cpu2->cpu2_L1I TOTAL        ACCESS:   16777749 HIT:   16777749 MISS:          0 MSHR_MERGE:          0
cpu2->cpu2_L1I LOAD         ACCESS:   16777749 HIT:   16777749 MISS:          0 MSHR_MERGE:          0
cpu2->cpu2_L1I RFO          ACCESS:          0 HIT:          0 MISS:          0 MSHR_MERGE:          0
cpu2->cpu2_L1I PREFETCH     ACCESS:          0 HIT:          0 MISS:          0 MSHR_MERGE:          0
cpu2->cpu2_L1I WRITE        ACCESS:          0 HIT:          0 MISS:          0 MSHR_MERGE:          0
cpu2->cpu2_L1I TRANSLATION  ACCESS:          0 HIT:          0 MISS:          0 MSHR_MERGE:          0
cpu2->cpu2_L1I PREFETCH REQUESTED:          0 ISSUED:          0 USEFUL:          0 USELESS:          0
cpu2->cpu2_L1I AVERAGE MISS LATENCY: - cycles
cpu2->cpu2_L1D TOTAL        ACCESS:   27645056 HIT:   26249666 MISS:    1395390 MSHR_MERGE:     427278
cpu2->cpu2_L1D LOAD         ACCESS:   24419356 HIT:   23024121 MISS:    1395235 MSHR_MERGE:     427276
cpu2->cpu2_L1D RFO          ACCESS:          0 HIT:          0 MISS:          0 MSHR_MERGE:          0
cpu2->cpu2_L1D PREFETCH     ACCESS:          0 HIT:          0 MISS:          0 MSHR_MERGE:          0
cpu2->cpu2_L1D WRITE        ACCESS:    3225448 HIT:    3225448 MISS:          0 MSHR_MERGE:          0
cpu2->cpu2_L1D TRANSLATION  ACCESS:        252 HIT:         97 MISS:        155 MSHR_MERGE:          2
cpu2->cpu2_L1D PREFETCH REQUESTED:          0 ISSUED:          0 USEFUL:          0 USELESS:          0
cpu2->cpu2_L1D AVERAGE MISS LATENCY: 311.9 cycles
cpu2->cpu2_ITLB TOTAL        ACCESS:   14964371 HIT:   14964371 MISS:          0 MSHR_MERGE:          0
cpu2->cpu2_ITLB LOAD         ACCESS:   14964371 HIT:   14964371 MISS:          0 MSHR_MERGE:          0
cpu2->cpu2_ITLB RFO          ACCESS:          0 HIT:          0 MISS:          0 MSHR_MERGE:          0
cpu2->cpu2_ITLB PREFETCH     ACCESS:          0 HIT:          0 MISS:          0 MSHR_MERGE:          0
cpu2->cpu2_ITLB WRITE        ACCESS:          0 HIT:          0 MISS:          0 MSHR_MERGE:          0
cpu2->cpu2_ITLB TRANSLATION  ACCESS:          0 HIT:          0 MISS:          0 MSHR_MERGE:          0
cpu2->cpu2_ITLB PREFETCH REQUESTED:          0 ISSUED:          0 USEFUL:          0 USELESS:          0
cpu2->cpu2_ITLB AVERAGE MISS LATENCY: - cycles
cpu2->cpu2_DTLB TOTAL        ACCESS:   26721354 HIT:   26721024 MISS:        330 MSHR_MERGE:         78
cpu2->cpu2_DTLB LOAD         ACCESS:   26721354 HIT:   26721024 MISS:        330 MSHR_MERGE:         78
cpu2->cpu2_DTLB RFO          ACCESS:          0 HIT:          0 MISS:          0 MSHR_MERGE:          0
cpu2->cpu2_DTLB PREFETCH     ACCESS:          0 HIT:          0 MISS:          0 MSHR_MERGE:          0
cpu2->cpu2_DTLB WRITE        ACCESS:          0 HIT:          0 MISS:          0 MSHR_MERGE:          0
cpu2->cpu2_DTLB TRANSLATION  ACCESS:          0 HIT:          0 MISS:          0 MSHR_MERGE:          0
cpu2->cpu2_DTLB PREFETCH REQUESTED:          0 ISSUED:          0 USEFUL:          0 USELESS:          0
cpu2->cpu2_DTLB AVERAGE MISS LATENCY: 221.4 cycles
cpu1->cpu1_STLB TOTAL        ACCESS:        252 HIT:          0 MISS:        252 MSHR_MERGE:          0
cpu1->cpu1_STLB LOAD         ACCESS:        252 HIT:          0 MISS:        252 MSHR_MERGE:          0
cpu1->cpu1_STLB RFO          ACCESS:          0 HIT:          0 MISS:          0 MSHR_MERGE:          0
cpu1->cpu1_STLB PREFETCH     ACCESS:          0 HIT:          0 MISS:          0 MSHR_MERGE:          0
cpu1->cpu1_STLB WRITE        ACCESS:          0 HIT:          0 MISS:          0 MSHR_MERGE:          0
cpu1->cpu1_STLB TRANSLATION  ACCESS:          0 HIT:          0 MISS:          0 MSHR_MERGE:          0
cpu1->cpu1_STLB PREFETCH REQUESTED:          0 ISSUED:          0 USEFUL:          0 USELESS:          0
cpu1->cpu1_STLB AVERAGE MISS LATENCY: 215.4 cycles
cpu1->cpu1_L2C TOTAL        ACCESS:    1454742 HIT:     488151 MISS:     966591 MSHR_MERGE:          0
cpu1->cpu1_L2C LOAD         ACCESS:     966548 HIT:          0 MISS:     966548 MSHR_MERGE:          0
cpu1->cpu1_L2C RFO          ACCESS:          0 HIT:          0 MISS:          0 MSHR_MERGE:          0
cpu1->cpu1_L2C PREFETCH     ACCESS:          0 HIT:          0 MISS:          0 MSHR_MERGE:          0
cpu1->cpu1_L2C WRITE        ACCESS:     488041 HIT:     488041 MISS:          0 MSHR_MERGE:          0
cpu1->cpu1_L2C TRANSLATION  ACCESS:        153 HIT:        110 MISS:         43 MSHR_MERGE:          0
cpu1->cpu1_L2C PREFETCH REQUESTED:          0 ISSUED:          0 USEFUL:          0 USELESS:          0
cpu1->cpu1_L2C AVERAGE MISS LATENCY: 302.1 cycles
cpu1->cpu1_L1I TOTAL        ACCESS:   16777000 HIT:   16777000 MISS:          0 MSHR_MERGE:          0
cpu1->cpu1_L1I LOAD         ACCESS:   16777000 HIT:   16777000 MISS:          0 MSHR_MERGE:          0
cpu1->cpu1_L1I RFO          ACCESS:          0 HIT:          0 MISS:          0 MSHR_MERGE:          0
cpu1->cpu1_L1I PREFETCH     ACCESS:          0 HIT:          0 MISS:          0 MSHR_MERGE:          0
cpu1->cpu1_L1I WRITE        ACCESS:          0 HIT:          0 MISS:          0 MSHR_MERGE:          0
cpu1->cpu1_L1I TRANSLATION  ACCESS:          0 HIT:          0 MISS:          0 MSHR_MERGE:          0
cpu1->cpu1_L1I PREFETCH REQUESTED:          0 ISSUED:          0 USEFUL:          0 USELESS:          0
cpu1->cpu1_L1I AVERAGE MISS LATENCY: - cycles
cpu1->cpu1_L1D TOTAL        ACCESS:   27603285 HIT:   26209190 MISS:    1394095 MSHR_MERGE:     427394
cpu1->cpu1_L1D LOAD         ACCESS:   24382259 HIT:   22988318 MISS:    1393941 MSHR_MERGE:     427393
cpu1->cpu1_L1D RFO          ACCESS:          0 HIT:          0 MISS:          0 MSHR_MERGE:          0
cpu1->cpu1_L1D PREFETCH     ACCESS:          0 HIT:          0 MISS:          0 MSHR_MERGE:          0
cpu1->cpu1_L1D WRITE        ACCESS:    3220774 HIT:    3220774 MISS:          0 MSHR_MERGE:          0
cpu1->cpu1_L1D TRANSLATION  ACCESS:        252 HIT:         98 MISS:        154 MSHR_MERGE:          1
cpu1->cpu1_L1D PREFETCH REQUESTED:          0 ISSUED:          0 USEFUL:          0 USELESS:          0
cpu1->cpu1_L1D AVERAGE MISS LATENCY: 311.1 cycles
cpu1->cpu1_ITLB TOTAL        ACCESS:   14967204 HIT:   14967204 MISS:          0 MSHR_MERGE:          0
cpu1->cpu1_ITLB LOAD         ACCESS:   14967204 HIT:   14967204 MISS:          0 MSHR_MERGE:          0
cpu1->cpu1_ITLB RFO          ACCESS:          0 HIT:          0 MISS:          0 MSHR_MERGE:          0
cpu1->cpu1_ITLB PREFETCH     ACCESS:          0 HIT:          0 MISS:          0 MSHR_MERGE:          0
cpu1->cpu1_ITLB WRITE        ACCESS:          0 HIT:          0 MISS:          0 MSHR_MERGE:          0
cpu1->cpu1_ITLB TRANSLATION  ACCESS:          0 HIT:          0 MISS:          0 MSHR_MERGE:          0
cpu1->cpu1_ITLB PREFETCH REQUESTED:          0 ISSUED:          0 USEFUL:          0 USELESS:          0
cpu1->cpu1_ITLB AVERAGE MISS LATENCY: - cycles
cpu1->cpu1_DTLB TOTAL        ACCESS:   26676518 HIT:   26676197 MISS:        321 MSHR_MERGE:         69
cpu1->cpu1_DTLB LOAD         ACCESS:   26676518 HIT:   26676197 MISS:        321 MSHR_MERGE:         69
cpu1->cpu1_DTLB RFO          ACCESS:          0 HIT:          0 MISS:          0 MSHR_MERGE:          0
cpu1->cpu1_DTLB PREFETCH     ACCESS:          0 HIT:          0 MISS:          0 MSHR_MERGE:          0
cpu1->cpu1_DTLB WRITE        ACCESS:          0 HIT:          0 MISS:          0 MSHR_MERGE:          0
cpu1->cpu1_DTLB TRANSLATION  ACCESS:          0 HIT:          0 MISS:          0 MSHR_MERGE:          0
cpu1->cpu1_DTLB PREFETCH REQUESTED:          0 ISSUED:          0 USEFUL:          0 USELESS:          0
cpu1->cpu1_DTLB AVERAGE MISS LATENCY: 221.4 cycles
cpu0->cpu0_STLB TOTAL        ACCESS:        252 HIT:          0 MISS:        252 MSHR_MERGE:          0
cpu0->cpu0_STLB LOAD         ACCESS:        252 HIT:          0 MISS:        252 MSHR_MERGE:          0
cpu0->cpu0_STLB RFO          ACCESS:          0 HIT:          0 MISS:          0 MSHR_MERGE:          0
cpu0->cpu0_STLB PREFETCH     ACCESS:          0 HIT:          0 MISS:          0 MSHR_MERGE:          0
cpu0->cpu0_STLB WRITE        ACCESS:          0 HIT:          0 MISS:          0 MSHR_MERGE:          0
cpu0->cpu0_STLB TRANSLATION  ACCESS:          0 HIT:          0 MISS:          0 MSHR_MERGE:          0
cpu0->cpu0_STLB PREFETCH REQUESTED:          0 ISSUED:          0 USEFUL:          0 USELESS:          0
cpu0->cpu0_STLB AVERAGE MISS LATENCY: 215.4 cycles
cpu0->cpu0_L2C TOTAL        ACCESS:    1458645 HIT:     489458 MISS:     969187 MSHR_MERGE:          0
cpu0->cpu0_L2C LOAD         ACCESS:     969144 HIT:          0 MISS:     969144 MSHR_MERGE:          0
cpu0->cpu0_L2C RFO          ACCESS:          0 HIT:          0 MISS:          0 MSHR_MERGE:          0
cpu0->cpu0_L2C PREFETCH     ACCESS:          0 HIT:          0 MISS:          0 MSHR_MERGE:          0
cpu0->cpu0_L2C WRITE        ACCESS:     489348 HIT:     489348 MISS:          0 MSHR_MERGE:          0
cpu0->cpu0_L2C TRANSLATION  ACCESS:        153 HIT:        110 MISS:         43 MSHR_MERGE:          0
cpu0->cpu0_L2C PREFETCH REQUESTED:          0 ISSUED:          0 USEFUL:          0 USELESS:          0
cpu0->cpu0_L2C AVERAGE MISS LATENCY: 302.9 cycles
cpu0->cpu0_L1I TOTAL        ACCESS:   16800176 HIT:   16800176 MISS:          0 MSHR_MERGE:          0
cpu0->cpu0_L1I LOAD         ACCESS:   16800176 HIT:   16800176 MISS:          0 MSHR_MERGE:          0
cpu0->cpu0_L1I RFO          ACCESS:          0 HIT:          0 MISS:          0 MSHR_MERGE:          0
cpu0->cpu0_L1I PREFETCH     ACCESS:          0 HIT:          0 MISS:          0 MSHR_MERGE:          0
cpu0->cpu0_L1I WRITE        ACCESS:          0 HIT:          0 MISS:          0 MSHR_MERGE:          0
cpu0->cpu0_L1I TRANSLATION  ACCESS:          0 HIT:          0 MISS:          0 MSHR_MERGE:          0
cpu0->cpu0_L1I PREFETCH REQUESTED:          0 ISSUED:          0 USEFUL:          0 USELESS:          0
cpu0->cpu0_L1I AVERAGE MISS LATENCY: - cycles
cpu0->cpu0_L1D TOTAL        ACCESS:   27681537 HIT:   26283998 MISS:    1397539 MSHR_MERGE:     428242
cpu0->cpu0_L1D LOAD         ACCESS:   24451861 HIT:   23054476 MISS:    1397385 MSHR_MERGE:     428241
cpu0->cpu0_L1D RFO          ACCESS:          0 HIT:          0 MISS:          0 MSHR_MERGE:          0
cpu0->cpu0_L1D PREFETCH     ACCESS:          0 HIT:          0 MISS:          0 MSHR_MERGE:          0
cpu0->cpu0_L1D WRITE        ACCESS:    3229424 HIT:    3229424 MISS:          0 MSHR_MERGE:          0
cpu0->cpu0_L1D TRANSLATION  ACCESS:        252 HIT:         98 MISS:        154 MSHR_MERGE:          1
cpu0->cpu0_L1D PREFETCH REQUESTED:          0 ISSUED:          0 USEFUL:          0 USELESS:          0
cpu0->cpu0_L1D AVERAGE MISS LATENCY: 311.9 cycles
cpu0->cpu0_ITLB TOTAL        ACCESS:   14996391 HIT:   14996391 MISS:          0 MSHR_MERGE:          0
cpu0->cpu0_ITLB LOAD         ACCESS:   14996391 HIT:   14996391 MISS:          0 MSHR_MERGE:          0
cpu0->cpu0_ITLB RFO          ACCESS:          0 HIT:          0 MISS:          0 MSHR_MERGE:          0
cpu0->cpu0_ITLB PREFETCH     ACCESS:          0 HIT:          0 MISS:          0 MSHR_MERGE:          0
cpu0->cpu0_ITLB WRITE        ACCESS:          0 HIT:          0 MISS:          0 MSHR_MERGE:          0
cpu0->cpu0_ITLB TRANSLATION  ACCESS:          0 HIT:          0 MISS:          0 MSHR_MERGE:          0
cpu0->cpu0_ITLB PREFETCH REQUESTED:          0 ISSUED:          0 USEFUL:          0 USELESS:          0
cpu0->cpu0_ITLB AVERAGE MISS LATENCY: - cycles
cpu0->cpu0_DTLB TOTAL        ACCESS:   26775152 HIT:   26774825 MISS:        327 MSHR_MERGE:         75
cpu0->cpu0_DTLB LOAD         ACCESS:   26775152 HIT:   26774825 MISS:        327 MSHR_MERGE:         75
cpu0->cpu0_DTLB RFO          ACCESS:          0 HIT:          0 MISS:          0 MSHR_MERGE:          0
cpu0->cpu0_DTLB PREFETCH     ACCESS:          0 HIT:          0 MISS:          0 MSHR_MERGE:          0
cpu0->cpu0_DTLB WRITE        ACCESS:          0 HIT:          0 MISS:          0 MSHR_MERGE:          0
cpu0->cpu0_DTLB TRANSLATION  ACCESS:          0 HIT:          0 MISS:          0 MSHR_MERGE:          0
cpu0->cpu0_DTLB PREFETCH REQUESTED:          0 ISSUED:          0 USEFUL:          0 USELESS:          0
cpu0->cpu0_DTLB AVERAGE MISS LATENCY: 221.4 cycles
cpu0->LLC TOTAL        ACCESS:    1458503 HIT:     540864 MISS:     917639 MSHR_MERGE:          0
cpu0->LLC LOAD         ACCESS:     969144 HIT:      95590 MISS:     873554 MSHR_MERGE:          0
cpu0->LLC RFO          ACCESS:          0 HIT:          0 MISS:          0 MSHR_MERGE:          0
cpu0->LLC PREFETCH     ACCESS:          0 HIT:          0 MISS:          0 MSHR_MERGE:          0
cpu0->LLC WRITE        ACCESS:     489316 HIT:     445231 MISS:      44085 MSHR_MERGE:          0
cpu0->LLC TRANSLATION  ACCESS:         43 HIT:         43 MISS:          0 MSHR_MERGE:          0
cpu0->LLC PREFETCH REQUESTED:          0 ISSUED:          0 USEFUL:          0 USELESS:          0
cpu0->LLC AVERAGE MISS LATENCY: 2418 cycles
cpu1->LLC TOTAL        ACCESS:    1454512 HIT:     545115 MISS:     909397 MSHR_MERGE:          0
cpu1->LLC LOAD         ACCESS:     966548 HIT:      96310 MISS:     870238 MSHR_MERGE:          0
cpu1->LLC RFO          ACCESS:          0 HIT:          0 MISS:          0 MSHR_MERGE:          0
cpu1->LLC PREFETCH     ACCESS:          0 HIT:          0 MISS:          0 MSHR_MERGE:          0
cpu1->LLC WRITE        ACCESS:     487921 HIT:     448762 MISS:      39159 MSHR_MERGE:          0
cpu1->LLC TRANSLATION  ACCESS:         43 HIT:         43 MISS:          0 MSHR_MERGE:          0
cpu1->LLC PREFETCH REQUESTED:          0 ISSUED:          0 USEFUL:          0 USELESS:          0
cpu1->LLC AVERAGE MISS LATENCY: 2440 cycles
cpu2->LLC TOTAL        ACCESS:    1456673 HIT:     540755 MISS:     915918 MSHR_MERGE:          0
cpu2->LLC LOAD         ACCESS:     967959 HIT:      95954 MISS:     872005 MSHR_MERGE:          0
cpu2->LLC RFO          ACCESS:          0 HIT:          0 MISS:          0 MSHR_MERGE:          0
cpu2->LLC PREFETCH     ACCESS:          0 HIT:          0 MISS:          0 MSHR_MERGE:          0
cpu2->LLC WRITE        ACCESS:     488671 HIT:     444758 MISS:      43913 MSHR_MERGE:          0
cpu2->LLC TRANSLATION  ACCESS:         43 HIT:         43 MISS:          0 MSHR_MERGE:          0
cpu2->LLC PREFETCH REQUESTED:          0 ISSUED:          0 USEFUL:          0 USELESS:          0
cpu2->LLC AVERAGE MISS LATENCY: 2422 cycles
cpu3->LLC TOTAL        ACCESS:    1456748 HIT:     543324 MISS:     913424 MSHR_MERGE:          0
cpu3->LLC LOAD         ACCESS:     968019 HIT:      96749 MISS:     871270 MSHR_MERGE:          0
cpu3->LLC RFO          ACCESS:          0 HIT:          0 MISS:          0 MSHR_MERGE:          0
cpu3->LLC PREFETCH     ACCESS:          0 HIT:          0 MISS:          0 MSHR_MERGE:          0
cpu3->LLC WRITE        ACCESS:     488686 HIT:     446532 MISS:      42154 MSHR_MERGE:          0
cpu3->LLC TRANSLATION  ACCESS:         43 HIT:         43 MISS:          0 MSHR_MERGE:          0
cpu3->LLC PREFETCH REQUESTED:          0 ISSUED:          0 USEFUL:          0 USELESS:          0
cpu3->LLC AVERAGE MISS LATENCY: 2429 cycles
cpu4->LLC TOTAL        ACCESS:    1457909 HIT:     546486 MISS:     911423 MSHR_MERGE:          0
cpu4->LLC LOAD         ACCESS:     968773 HIT:     103755 MISS:     865018 MSHR_MERGE:          0
cpu4->LLC RFO          ACCESS:          0 HIT:          0 MISS:          0 MSHR_MERGE:          0
cpu4->LLC PREFETCH     ACCESS:          0 HIT:          0 MISS:          0 MSHR_MERGE:          0
cpu4->LLC WRITE        ACCESS:     489093 HIT:     442696 MISS:      46397 MSHR_MERGE:          0
cpu4->LLC TRANSLATION  ACCESS:         43 HIT:         35 MISS:          8 MSHR_MERGE:          0
cpu4->LLC PREFETCH REQUESTED:          0 ISSUED:          0 USEFUL:          0 USELESS:          0
cpu4->LLC AVERAGE MISS LATENCY: 2434 cycles
cpu5->LLC TOTAL        ACCESS:    1451628 HIT:     551749 MISS:     899879 MSHR_MERGE:          0
cpu5->LLC LOAD         ACCESS:     964607 HIT:      98674 MISS:     865933 MSHR_MERGE:          0
cpu5->LLC RFO          ACCESS:          0 HIT:          0 MISS:          0 MSHR_MERGE:          0
cpu5->LLC PREFETCH     ACCESS:          0 HIT:          0 MISS:          0 MSHR_MERGE:          0
cpu5->LLC WRITE        ACCESS:     486978 HIT:     453032 MISS:      33946 MSHR_MERGE:          0
cpu5->LLC TRANSLATION  ACCESS:         43 HIT:         43 MISS:          0 MSHR_MERGE:          0
cpu5->LLC PREFETCH REQUESTED:          0 ISSUED:          0 USEFUL:          0 USELESS:          0
cpu5->LLC AVERAGE MISS LATENCY: 2465 cycles
cpu6->LLC TOTAL        ACCESS:    1461852 HIT:     552081 MISS:     909771 MSHR_MERGE:          0
cpu6->LLC LOAD         ACCESS:     971419 HIT:     106593 MISS:     864826 MSHR_MERGE:          0
cpu6->LLC RFO          ACCESS:          0 HIT:          0 MISS:          0 MSHR_MERGE:          0
cpu6->LLC PREFETCH     ACCESS:          0 HIT:          0 MISS:          0 MSHR_MERGE:          0
cpu6->LLC WRITE        ACCESS:     490390 HIT:     445447 MISS:      44943 MSHR_MERGE:          0
cpu6->LLC TRANSLATION  ACCESS:         43 HIT:         41 MISS:          2 MSHR_MERGE:          0
cpu6->LLC PREFETCH REQUESTED:          0 ISSUED:          0 USEFUL:          0 USELESS:          0
cpu6->LLC AVERAGE MISS LATENCY: 2439 cycles
cpu7->LLC TOTAL        ACCESS:    1447703 HIT:     554095 MISS:     893608 MSHR_MERGE:          0
cpu7->LLC LOAD         ACCESS:     962002 HIT:     101497 MISS:     860505 MSHR_MERGE:          0
cpu7->LLC RFO          ACCESS:          0 HIT:          0 MISS:          0 MSHR_MERGE:          0
cpu7->LLC PREFETCH     ACCESS:          0 HIT:          0 MISS:          0 MSHR_MERGE:          0
cpu7->LLC WRITE        ACCESS:     485658 HIT:     452555 MISS:      33103 MSHR_MERGE:          0
cpu7->LLC TRANSLATION  ACCESS:         43 HIT:         43 MISS:          0 MSHR_MERGE:          0
cpu7->LLC PREFETCH REQUESTED:          0 ISSUED:          0 USEFUL:          0 USELESS:          0
cpu7->LLC AVERAGE MISS LATENCY: 2483 cycles

DRAM Statistics

Channel 0 READ REQS:    3471407	WRITE REQS:    1955640
  READS:    3471400	READ_HITS:          0
  WRITES:    1955602	WRITE HITS:          0
  ACTIVATES:    5427005	PRECHARGES:    5427002
  RQ FULL:          0	WQ FULL:        356
  WRITE DRAINS:      62715	FORCED:      35957
  MEAN WRITE IMBALANCE: 1.8605596747189668
  READ OCCU PRE DRAIN: 4.511089850912859	POST DRAIN: 11.780754205532967
  MEAN WLP: 22.48347285338436
  READ LATENCY: 76.68118223195253
  TIME IN WRITE MODE: 9134748480

Channel 1 READ REQS:    3471952	WRITE REQS:    1955581
  READS:    3471942	READ_HITS:          0
  WRITES:    1955542	WRITE HITS:          0
  ACTIVATES:    5427490	PRECHARGES:    5427484
  RQ FULL:          0	WQ FULL:        321
  WRITE DRAINS:      62140	FORCED:      36916
  MEAN WRITE IMBALANCE: 1.8674927582877374
  READ OCCU PRE DRAIN: 4.60217251367879	POST DRAIN: 12.069295140006437
  MEAN WLP: 22.63739942066302
  READ LATENCY: 76.82007245512742
  TIME IN WRITE MODE: 9128982304
WCACHE NON LRU EVICTS: 1300443	TOTAL EVICTS: 10500173	EAGER WB: 0
