---------------------------------------
Begin Slurm Prolog: Apr-11-2025 01:22:25
Job ID:    3795371
User ID:   svittal8
Account:   gts-mqureshi4-rg
Job name:  wrap
Partition: cpu-small
QOS:       inferno
---------------------------------------
[VMEM] WARNING: physical memory size is smaller than virtual memory size.

*** ChampSim Multicore Out-of-Order Simulator ***
Warmup Instructions: 25000000
Simulation Instructions: 100000000
Number of CPUs: 8
Page size: 2097152

initializing BARD -- num sampled sets: 64, modulus = 256
CL :	 16.64 ns
CWL :	 15.808 ns
tRP :	 16.224 ns
tRCD :	 16.224 ns
tRAS :	 32.032000000000004 ns
tRTP :	 7.904 ns
tWR :	 30.368000000000002 ns

tCCD_S :	 3.3280000000000003 ns
tCCD_S_WR :	 3.3280000000000003 ns
tCCD_S_WTR :	 22.048000000000002 ns
tCCD_L :	 5.408 ns
tCCD_L_WR :	 20.384 ns
tCCD_L_WTR :	 29.536 ns
tRRD_S :	 3.3280000000000003 ns
tRRD_L :	 5.408 ns
tFAW :	 13.728 ns
Address mapping (perm = 1) 	ch co bg bg bg ba ba co co co co co co ro ro ro ro ro ro ro ro ro ro ro ro ro ro ro 
dram queue size: R = 64 W = 48 (low:high is 8:40)
num evicts: 0, p: 0, s: 0 	 max proactive lookup: 0, max shadow lookup: 0
	evict counters: 128 128 128 128
	eager counters: 128 128 128 128
num evicts: 100000, p: 7087, s: 17408 	 max proactive lookup: 0, max shadow lookup: 0
	evict counters: 128 128 128 128
	eager counters: 128 128 128 128
num evicts: 200000, p: 14890, s: 38934 	 max proactive lookup: 0, max shadow lookup: 0
	evict counters: 128 128 128 128
	eager counters: 128 128 128 128
num evicts: 300000, p: 22838, s: 63096 	 max proactive lookup: 0, max shadow lookup: 0
	evict counters: 128 128 128 128
	eager counters: 128 128 128 128
num evicts: 400000, p: 30992, s: 88882 	 max proactive lookup: 0, max shadow lookup: 0
	evict counters: 128 128 128 128
	eager counters: 128 128 128 128
num evicts: 500000, p: 38407, s: 115444 	 max proactive lookup: 0, max shadow lookup: 0
	evict counters: 128 128 128 128
	eager counters: 128 128 128 128
num evicts: 600000, p: 45408, s: 142255 	 max proactive lookup: 0, max shadow lookup: 0
	evict counters: 128 128 128 128
	eager counters: 128 128 128 128
num evicts: 700000, p: 52277, s: 169105 	 max proactive lookup: 0, max shadow lookup: 0
	evict counters: 128 128 128 128
	eager counters: 128 128 128 128
Heartbeat CPU 1 instructions: 10000002 cycles: 2706919 heartbeat IPC: 3.694 cumulative IPC: 3.694 (Simulation time: 00 hr 09 min 28 sec)
Heartbeat CPU 5 instructions: 10000002 cycles: 2709537 heartbeat IPC: 3.691 cumulative IPC: 3.691 (Simulation time: 00 hr 09 min 29 sec)
Heartbeat CPU 7 instructions: 10000002 cycles: 2714568 heartbeat IPC: 3.684 cumulative IPC: 3.684 (Simulation time: 00 hr 09 min 30 sec)
Heartbeat CPU 2 instructions: 10000002 cycles: 2714611 heartbeat IPC: 3.684 cumulative IPC: 3.684 (Simulation time: 00 hr 09 min 30 sec)
Heartbeat CPU 4 instructions: 10000002 cycles: 2715973 heartbeat IPC: 3.682 cumulative IPC: 3.682 (Simulation time: 00 hr 09 min 30 sec)
Heartbeat CPU 3 instructions: 10000002 cycles: 2732666 heartbeat IPC: 3.659 cumulative IPC: 3.659 (Simulation time: 00 hr 09 min 34 sec)
Heartbeat CPU 6 instructions: 10000002 cycles: 2737248 heartbeat IPC: 3.653 cumulative IPC: 3.653 (Simulation time: 00 hr 09 min 35 sec)
Heartbeat CPU 0 instructions: 10000002 cycles: 2738610 heartbeat IPC: 3.651 cumulative IPC: 3.651 (Simulation time: 00 hr 09 min 35 sec)
num evicts: 800000, p: 58954, s: 195684 	 max proactive lookup: 0, max shadow lookup: 0
	evict counters: 128 128 128 128
	eager counters: 128 128 128 128
num evicts: 900000, p: 65459, s: 222677 	 max proactive lookup: 0, max shadow lookup: 0
	evict counters: 128 128 128 128
	eager counters: 128 128 128 128
num evicts: 1000000, p: 71824, s: 250437 	 max proactive lookup: 0, max shadow lookup: 0
	evict counters: 128 128 128 128
	eager counters: 128 128 128 128
num evicts: 1100000, p: 77839, s: 278338 	 max proactive lookup: 0, max shadow lookup: 0
	evict counters: 128 128 128 128
	eager counters: 128 128 128 128
num evicts: 1200000, p: 84151, s: 305929 	 max proactive lookup: 0, max shadow lookup: 0
	evict counters: 128 128 128 128
	eager counters: 128 128 128 128
num evicts: 1300000, p: 89924, s: 332992 	 max proactive lookup: 0, max shadow lookup: 0
	evict counters: 128 128 128 128
	eager counters: 128 128 128 128
num evicts: 1400000, p: 95620, s: 360120 	 max proactive lookup: 0, max shadow lookup: 0
	evict counters: 128 128 128 128
	eager counters: 128 128 128 128
num evicts: 1500000, p: 101527, s: 387233 	 max proactive lookup: 0, max shadow lookup: 0
	evict counters: 128 128 128 128
	eager counters: 128 128 128 128
num evicts: 1600000, p: 107382, s: 415688 	 max proactive lookup: 0, max shadow lookup: 0
	evict counters: 128 128 128 128
	eager counters: 128 128 128 128
num evicts: 1700000, p: 113632, s: 444498 	 max proactive lookup: 0, max shadow lookup: 0
	evict counters: 128 128 128 128
	eager counters: 128 128 128 128
Heartbeat CPU 1 instructions: 20000003 cycles: 5404196 heartbeat IPC: 3.707 cumulative IPC: 3.701 (Simulation time: 00 hr 18 min 54 sec)
Heartbeat CPU 5 instructions: 20000005 cycles: 5405568 heartbeat IPC: 3.709 cumulative IPC: 3.7 (Simulation time: 00 hr 18 min 54 sec)
Heartbeat CPU 7 instructions: 20000006 cycles: 5414570 heartbeat IPC: 3.704 cumulative IPC: 3.694 (Simulation time: 00 hr 18 min 56 sec)
Heartbeat CPU 2 instructions: 20000003 cycles: 5418891 heartbeat IPC: 3.698 cumulative IPC: 3.691 (Simulation time: 00 hr 18 min 57 sec)
Heartbeat CPU 4 instructions: 20000005 cycles: 5419030 heartbeat IPC: 3.7 cumulative IPC: 3.691 (Simulation time: 00 hr 18 min 57 sec)
Heartbeat CPU 3 instructions: 20000003 cycles: 5451843 heartbeat IPC: 3.678 cumulative IPC: 3.668 (Simulation time: 00 hr 19 min 04 sec)
Heartbeat CPU 6 instructions: 20000005 cycles: 5455921 heartbeat IPC: 3.678 cumulative IPC: 3.666 (Simulation time: 00 hr 19 min 05 sec)
Heartbeat CPU 0 instructions: 20000005 cycles: 5461987 heartbeat IPC: 3.672 cumulative IPC: 3.662 (Simulation time: 00 hr 19 min 06 sec)
num evicts: 1800000, p: 120041, s: 472765 	 max proactive lookup: 0, max shadow lookup: 0
	evict counters: 128 128 128 128
	eager counters: 128 128 128 128
num evicts: 1900000, p: 126128, s: 500099 	 max proactive lookup: 0, max shadow lookup: 0
	evict counters: 128 128 128 128
	eager counters: 128 128 128 128
num evicts: 2000000, p: 132060, s: 527900 	 max proactive lookup: 0, max shadow lookup: 0
	evict counters: 128 128 128 128
	eager counters: 128 128 128 128
num evicts: 2100000, p: 137709, s: 554924 	 max proactive lookup: 0, max shadow lookup: 0
	evict counters: 128 128 128 128
	eager counters: 128 128 128 128
Warmup finished CPU 1 instructions: 25000002 cycles: 6750592 cumulative IPC: 3.703 (Simulation time: 00 hr 23 min 33 sec)
Warmup finished CPU 5 instructions: 25000004 cycles: 6752527 cumulative IPC: 3.702 (Simulation time: 00 hr 23 min 33 sec)
Warmup finished CPU 7 instructions: 25000002 cycles: 6759010 cumulative IPC: 3.699 (Simulation time: 00 hr 23 min 35 sec)
num evicts: 2200000, p: 143469, s: 582189 	 max proactive lookup: 0, max shadow lookup: 0
	evict counters: 128 128 128 128
	eager counters: 128 128 128 128
Warmup finished CPU 2 instructions: 25000002 cycles: 6764858 cumulative IPC: 3.696 (Simulation time: 00 hr 23 min 36 sec)
Warmup finished CPU 4 instructions: 25000002 cycles: 6768489 cumulative IPC: 3.694 (Simulation time: 00 hr 23 min 37 sec)
Warmup finished CPU 3 instructions: 25000002 cycles: 6808996 cumulative IPC: 3.672 (Simulation time: 00 hr 23 min 45 sec)
Warmup finished CPU 6 instructions: 25000002 cycles: 6814269 cumulative IPC: 3.669 (Simulation time: 00 hr 23 min 46 sec)
Warmup finished CPU 0 instructions: 25000002 cycles: 6818509 cumulative IPC: 3.666 (Simulation time: 00 hr 23 min 47 sec)
Warmup complete CPU 7 instructions: 25220239 cycles: 6818509 cumulative IPC: 3.699 (Simulation time: 00 hr 23 min 47 sec)
Warmup complete CPU 6 instructions: 25016145 cycles: 6818509 cumulative IPC: 3.669 (Simulation time: 00 hr 23 min 47 sec)
Warmup complete CPU 5 instructions: 25245575 cycles: 6818509 cumulative IPC: 3.703 (Simulation time: 00 hr 23 min 47 sec)
Warmup complete CPU 4 instructions: 25186474 cycles: 6818509 cumulative IPC: 3.694 (Simulation time: 00 hr 23 min 47 sec)
Warmup complete CPU 3 instructions: 25034680 cycles: 6818509 cumulative IPC: 3.672 (Simulation time: 00 hr 23 min 47 sec)
Warmup complete CPU 2 instructions: 25198137 cycles: 6818509 cumulative IPC: 3.696 (Simulation time: 00 hr 23 min 47 sec)
Warmup complete CPU 1 instructions: 25253276 cycles: 6818509 cumulative IPC: 3.704 (Simulation time: 00 hr 23 min 47 sec)
Warmup complete CPU 0 instructions: 25000002 cycles: 6818509 cumulative IPC: 3.666 (Simulation time: 00 hr 23 min 47 sec)
num evicts: 2300000, p: 148899, s: 609590 	 max proactive lookup: 0, max shadow lookup: 0
	evict counters: 128 128 128 128
	eager counters: 128 128 128 128
num evicts: 2400000, p: 154514, s: 637474 	 max proactive lookup: 0, max shadow lookup: 0
	evict counters: 128 128 128 128
	eager counters: 128 128 128 128
num evicts: 2500000, p: 160078, s: 665459 	 max proactive lookup: 0, max shadow lookup: 0
	evict counters: 128 128 128 128
	eager counters: 128 128 128 128
num evicts: 2600000, p: 165812, s: 694201 	 max proactive lookup: 0, max shadow lookup: 0
	evict counters: 128 128 128 128
	eager counters: 128 128 128 128
Heartbeat CPU 1 instructions: 30000003 cycles: 16274876 heartbeat IPC: 0.9199 cumulative IPC: 0.502 (Simulation time: 00 hr 36 min 49 sec)
Heartbeat CPU 5 instructions: 30000008 cycles: 16310260 heartbeat IPC: 0.917 cumulative IPC: 0.5009 (Simulation time: 00 hr 36 min 52 sec)
Heartbeat CPU 7 instructions: 30000008 cycles: 16367492 heartbeat IPC: 0.913 cumulative IPC: 0.5006 (Simulation time: 00 hr 36 min 57 sec)
Heartbeat CPU 2 instructions: 30000003 cycles: 16380355 heartbeat IPC: 0.9123 cumulative IPC: 0.5022 (Simulation time: 00 hr 36 min 58 sec)
Heartbeat CPU 4 instructions: 30000008 cycles: 16392477 heartbeat IPC: 0.9113 cumulative IPC: 0.5028 (Simulation time: 00 hr 36 min 59 sec)
num evicts: 2700000, p: 171627, s: 722767 	 max proactive lookup: 0, max shadow lookup: 0
	evict counters: 128 128 128 128
	eager counters: 128 128 128 128
Heartbeat CPU 3 instructions: 30000003 cycles: 16687649 heartbeat IPC: 0.89 cumulative IPC: 0.5031 (Simulation time: 00 hr 37 min 23 sec)
Heartbeat CPU 6 instructions: 30000008 cycles: 16731085 heartbeat IPC: 0.8869 cumulative IPC: 0.5028 (Simulation time: 00 hr 37 min 27 sec)
Heartbeat CPU 0 instructions: 30000008 cycles: 16783903 heartbeat IPC: 0.8832 cumulative IPC: 0.5017 (Simulation time: 00 hr 37 min 30 sec)
num evicts: 2800000, p: 177061, s: 751161 	 max proactive lookup: 0, max shadow lookup: 0
	evict counters: 128 128 128 128
	eager counters: 128 128 128 128
num evicts: 2900000, p: 182914, s: 780729 	 max proactive lookup: 0, max shadow lookup: 0
	evict counters: 128 128 128 128
	eager counters: 128 128 128 128
num evicts: 3000000, p: 189103, s: 810279 	 max proactive lookup: 0, max shadow lookup: 0
	evict counters: 128 128 128 128
	eager counters: 128 128 128 128
num evicts: 3100000, p: 194893, s: 838881 	 max proactive lookup: 0, max shadow lookup: 0
	evict counters: 128 128 128 128
	eager counters: 128 128 128 128
num evicts: 3200000, p: 200963, s: 867182 	 max proactive lookup: 0, max shadow lookup: 0
	evict counters: 128 128 128 128
	eager counters: 128 128 128 128
num evicts: 3300000, p: 206647, s: 895219 	 max proactive lookup: 0, max shadow lookup: 0
	evict counters: 128 128 128 128
	eager counters: 128 128 128 128
num evicts: 3400000, p: 212337, s: 923804 	 max proactive lookup: 0, max shadow lookup: 0
	evict counters: 128 128 128 128
	eager counters: 128 128 128 128
num evicts: 3500000, p: 217829, s: 951134 	 max proactive lookup: 0, max shadow lookup: 0
	evict counters: 128 128 128 128
	eager counters: 128 128 128 128
num evicts: 3600000, p: 223573, s: 977802 	 max proactive lookup: 0, max shadow lookup: 0
	evict counters: 128 128 128 128
	eager counters: 128 128 128 128
Heartbeat CPU 5 instructions: 40000008 cycles: 37036996 heartbeat IPC: 0.4825 cumulative IPC: 0.4883 (Simulation time: 01 hr 04 min 50 sec)
Heartbeat CPU 7 instructions: 40000008 cycles: 37041649 heartbeat IPC: 0.4837 cumulative IPC: 0.489 (Simulation time: 01 hr 04 min 51 sec)
Heartbeat CPU 2 instructions: 40000003 cycles: 37052753 heartbeat IPC: 0.4837 cumulative IPC: 0.4896 (Simulation time: 01 hr 04 min 52 sec)
Heartbeat CPU 1 instructions: 40000003 cycles: 37064091 heartbeat IPC: 0.481 cumulative IPC: 0.4876 (Simulation time: 01 hr 04 min 53 sec)
Heartbeat CPU 4 instructions: 40000009 cycles: 37088047 heartbeat IPC: 0.4832 cumulative IPC: 0.4894 (Simulation time: 01 hr 04 min 55 sec)
num evicts: 3700000, p: 229548, s: 1005312 	 max proactive lookup: 0, max shadow lookup: 0
	evict counters: 128 128 128 128
	eager counters: 128 128 128 128
Heartbeat CPU 3 instructions: 40000003 cycles: 37371073 heartbeat IPC: 0.4835 cumulative IPC: 0.4898 (Simulation time: 01 hr 05 min 20 sec)
Heartbeat CPU 6 instructions: 40000008 cycles: 37392112 heartbeat IPC: 0.484 cumulative IPC: 0.4901 (Simulation time: 01 hr 05 min 22 sec)
Heartbeat CPU 0 instructions: 40000008 cycles: 37421841 heartbeat IPC: 0.4845 cumulative IPC: 0.4901 (Simulation time: 01 hr 05 min 24 sec)
num evicts: 3800000, p: 235845, s: 1033427 	 max proactive lookup: 0, max shadow lookup: 0
	evict counters: 128 128 128 128
	eager counters: 128 128 128 128
num evicts: 3900000, p: 241591, s: 1061429 	 max proactive lookup: 0, max shadow lookup: 0
	evict counters: 128 128 128 128
	eager counters: 128 128 128 128
num evicts: 4000000, p: 247486, s: 1089333 	 max proactive lookup: 0, max shadow lookup: 0
	evict counters: 128 128 128 128
	eager counters: 128 128 128 128
num evicts: 4100000, p: 253207, s: 1116251 	 max proactive lookup: 0, max shadow lookup: 0
	evict counters: 128 128 128 128
	eager counters: 128 128 128 128
num evicts: 4200000, p: 259065, s: 1143474 	 max proactive lookup: 0, max shadow lookup: 0
	evict counters: 128 128 128 128
	eager counters: 128 128 128 128
num evicts: 4300000, p: 264788, s: 1171166 	 max proactive lookup: 0, max shadow lookup: 0
	evict counters: 128 128 128 128
	eager counters: 128 128 128 128
num evicts: 4400000, p: 270579, s: 1198472 	 max proactive lookup: 0, max shadow lookup: 0
	evict counters: 128 128 128 128
	eager counters: 128 128 128 128
num evicts: 4500000, p: 276312, s: 1225709 	 max proactive lookup: 0, max shadow lookup: 0
	evict counters: 128 128 128 128
	eager counters: 128 128 128 128
num evicts: 4600000, p: 282165, s: 1252918 	 max proactive lookup: 0, max shadow lookup: 0
	evict counters: 128 128 128 128
	eager counters: 128 128 128 128
Heartbeat CPU 5 instructions: 50000010 cycles: 57678564 heartbeat IPC: 0.4845 cumulative IPC: 0.4867 (Simulation time: 01 hr 32 min 42 sec)
Heartbeat CPU 7 instructions: 50000010 cycles: 57678722 heartbeat IPC: 0.4846 cumulative IPC: 0.4872 (Simulation time: 01 hr 32 min 42 sec)
Heartbeat CPU 2 instructions: 50000007 cycles: 57688258 heartbeat IPC: 0.4846 cumulative IPC: 0.4876 (Simulation time: 01 hr 32 min 43 sec)
Heartbeat CPU 1 instructions: 50000007 cycles: 57715075 heartbeat IPC: 0.4842 cumulative IPC: 0.4862 (Simulation time: 01 hr 32 min 45 sec)
Heartbeat CPU 4 instructions: 50000010 cycles: 57718302 heartbeat IPC: 0.4847 cumulative IPC: 0.4875 (Simulation time: 01 hr 32 min 45 sec)
num evicts: 4700000, p: 287941, s: 1279283 	 max proactive lookup: 0, max shadow lookup: 0
	evict counters: 128 128 128 128
	eager counters: 128 128 128 128
Heartbeat CPU 6 instructions: 50000010 cycles: 57966976 heartbeat IPC: 0.486 cumulative IPC: 0.4885 (Simulation time: 01 hr 33 min 06 sec)
Heartbeat CPU 3 instructions: 50000007 cycles: 58012094 heartbeat IPC: 0.4845 cumulative IPC: 0.4877 (Simulation time: 01 hr 33 min 09 sec)
Heartbeat CPU 0 instructions: 50000010 cycles: 58046411 heartbeat IPC: 0.4849 cumulative IPC: 0.488 (Simulation time: 01 hr 33 min 12 sec)
num evicts: 4800000, p: 293633, s: 1306726 	 max proactive lookup: 0, max shadow lookup: 0
	evict counters: 128 128 128 128
	eager counters: 128 128 128 128
num evicts: 4900000, p: 298995, s: 1333374 	 max proactive lookup: 0, max shadow lookup: 0
	evict counters: 128 128 128 128
	eager counters: 128 128 128 128
num evicts: 5000000, p: 304581, s: 1360988 	 max proactive lookup: 0, max shadow lookup: 0
	evict counters: 128 128 128 128
	eager counters: 128 128 128 128
num evicts: 5100000, p: 310423, s: 1389543 	 max proactive lookup: 0, max shadow lookup: 0
	evict counters: 128 128 128 128
	eager counters: 128 128 128 128
num evicts: 5200000, p: 316401, s: 1416937 	 max proactive lookup: 0, max shadow lookup: 0
	evict counters: 128 128 128 128
	eager counters: 128 128 128 128
num evicts: 5300000, p: 322551, s: 1444415 	 max proactive lookup: 0, max shadow lookup: 0
	evict counters: 128 128 128 128
	eager counters: 128 128 128 128
num evicts: 5400000, p: 328471, s: 1472553 	 max proactive lookup: 0, max shadow lookup: 0
	evict counters: 128 128 128 128
	eager counters: 128 128 128 128
num evicts: 5500000, p: 334462, s: 1499759 	 max proactive lookup: 0, max shadow lookup: 0
	evict counters: 128 128 128 128
	eager counters: 128 128 128 128
num evicts: 5600000, p: 340291, s: 1527254 	 max proactive lookup: 0, max shadow lookup: 0
	evict counters: 128 128 128 128
	eager counters: 128 128 128 128
Heartbeat CPU 1 instructions: 60000011 cycles: 77643492 heartbeat IPC: 0.5018 cumulative IPC: 0.4906 (Simulation time: 01 hr 59 min 44 sec)
Heartbeat CPU 7 instructions: 60000010 cycles: 77654341 heartbeat IPC: 0.5006 cumulative IPC: 0.491 (Simulation time: 01 hr 59 min 45 sec)
Heartbeat CPU 5 instructions: 60000011 cycles: 77658763 heartbeat IPC: 0.5005 cumulative IPC: 0.4906 (Simulation time: 01 hr 59 min 45 sec)
Heartbeat CPU 4 instructions: 60000011 cycles: 77659857 heartbeat IPC: 0.5015 cumulative IPC: 0.4914 (Simulation time: 01 hr 59 min 45 sec)
Heartbeat CPU 2 instructions: 60000011 cycles: 77689651 heartbeat IPC: 0.5 cumulative IPC: 0.4911 (Simulation time: 01 hr 59 min 48 sec)
Heartbeat CPU 6 instructions: 60000010 cycles: 77924164 heartbeat IPC: 0.5011 cumulative IPC: 0.492 (Simulation time: 02 hr 00 min 08 sec)
Heartbeat CPU 3 instructions: 60000011 cycles: 77937578 heartbeat IPC: 0.5019 cumulative IPC: 0.4916 (Simulation time: 02 hr 00 min 09 sec)
Heartbeat CPU 0 instructions: 60000011 cycles: 77945833 heartbeat IPC: 0.5025 cumulative IPC: 0.4921 (Simulation time: 02 hr 00 min 09 sec)
num evicts: 5700000, p: 346051, s: 1554957 	 max proactive lookup: 0, max shadow lookup: 0
	evict counters: 128 128 128 128
	eager counters: 128 128 128 128
num evicts: 5800000, p: 351950, s: 1581980 	 max proactive lookup: 0, max shadow lookup: 0
	evict counters: 128 128 128 128
	eager counters: 128 128 128 128
num evicts: 5900000, p: 357860, s: 1609795 	 max proactive lookup: 0, max shadow lookup: 0
	evict counters: 128 128 128 128
	eager counters: 128 128 128 128
num evicts: 6000000, p: 363858, s: 1636603 	 max proactive lookup: 0, max shadow lookup: 0
	evict counters: 128 128 128 128
	eager counters: 128 128 128 128
num evicts: 6100000, p: 369722, s: 1664228 	 max proactive lookup: 0, max shadow lookup: 0
	evict counters: 128 128 128 128
	eager counters: 128 128 128 128
num evicts: 6200000, p: 375490, s: 1691566 	 max proactive lookup: 0, max shadow lookup: 0
	evict counters: 128 128 128 128
	eager counters: 128 128 128 128
num evicts: 6300000, p: 381466, s: 1718589 	 max proactive lookup: 0, max shadow lookup: 0
	evict counters: 128 128 128 128
	eager counters: 128 128 128 128
num evicts: 6400000, p: 387416, s: 1745477 	 max proactive lookup: 0, max shadow lookup: 0
	evict counters: 128 128 128 128
	eager counters: 128 128 128 128
num evicts: 6500000, p: 393289, s: 1772234 	 max proactive lookup: 0, max shadow lookup: 0
	evict counters: 128 128 128 128
	eager counters: 128 128 128 128
num evicts: 6600000, p: 399115, s: 1799795 	 max proactive lookup: 0, max shadow lookup: 0
	evict counters: 128 128 128 128
	eager counters: 128 128 128 128
Heartbeat CPU 4 instructions: 70000011 cycles: 97849199 heartbeat IPC: 0.4953 cumulative IPC: 0.4923 (Simulation time: 02 hr 26 min 46 sec)
Heartbeat CPU 5 instructions: 70000011 cycles: 97859691 heartbeat IPC: 0.495 cumulative IPC: 0.4916 (Simulation time: 02 hr 26 min 47 sec)
Heartbeat CPU 7 instructions: 70000011 cycles: 97877484 heartbeat IPC: 0.4945 cumulative IPC: 0.4918 (Simulation time: 02 hr 26 min 48 sec)
Heartbeat CPU 1 instructions: 70000011 cycles: 97887972 heartbeat IPC: 0.494 cumulative IPC: 0.4913 (Simulation time: 02 hr 26 min 49 sec)
Heartbeat CPU 2 instructions: 70000011 cycles: 97912859 heartbeat IPC: 0.4945 cumulative IPC: 0.4918 (Simulation time: 02 hr 26 min 51 sec)
Heartbeat CPU 0 instructions: 70000011 cycles: 98117379 heartbeat IPC: 0.4957 cumulative IPC: 0.4929 (Simulation time: 02 hr 27 min 07 sec)
Heartbeat CPU 6 instructions: 70000011 cycles: 98141187 heartbeat IPC: 0.4946 cumulative IPC: 0.4926 (Simulation time: 02 hr 27 min 09 sec)
Heartbeat CPU 3 instructions: 70000011 cycles: 98171158 heartbeat IPC: 0.4942 cumulative IPC: 0.4922 (Simulation time: 02 hr 27 min 12 sec)
num evicts: 6700000, p: 404580, s: 1826351 	 max proactive lookup: 0, max shadow lookup: 0
	evict counters: 128 128 128 128
	eager counters: 128 128 128 128
num evicts: 6800000, p: 410356, s: 1852467 	 max proactive lookup: 0, max shadow lookup: 0
	evict counters: 128 128 128 128
	eager counters: 128 128 128 128
num evicts: 6900000, p: 415885, s: 1879283 	 max proactive lookup: 0, max shadow lookup: 0
	evict counters: 128 128 128 128
	eager counters: 128 128 128 128
num evicts: 7000000, p: 421662, s: 1906826 	 max proactive lookup: 0, max shadow lookup: 0
	evict counters: 128 128 128 128
	eager counters: 128 128 128 128
num evicts: 7100000, p: 427250, s: 1933458 	 max proactive lookup: 0, max shadow lookup: 0
	evict counters: 128 128 128 128
	eager counters: 128 128 128 128
num evicts: 7200000, p: 433115, s: 1960288 	 max proactive lookup: 0, max shadow lookup: 0
	evict counters: 128 128 128 128
	eager counters: 128 128 128 128
num evicts: 7300000, p: 438913, s: 1988562 	 max proactive lookup: 0, max shadow lookup: 0
	evict counters: 128 128 128 128
	eager counters: 128 128 128 128
num evicts: 7400000, p: 444910, s: 2016323 	 max proactive lookup: 0, max shadow lookup: 0
	evict counters: 128 128 128 128
	eager counters: 128 128 128 128
num evicts: 7500000, p: 450446, s: 2043504 	 max proactive lookup: 0, max shadow lookup: 0
	evict counters: 128 128 128 128
	eager counters: 128 128 128 128
num evicts: 7600000, p: 456269, s: 2071996 	 max proactive lookup: 0, max shadow lookup: 0
	evict counters: 128 128 128 128
	eager counters: 128 128 128 128
Heartbeat CPU 4 instructions: 80000013 cycles: 118113244 heartbeat IPC: 0.4935 cumulative IPC: 0.4925 (Simulation time: 02 hr 52 min 49 sec)
Heartbeat CPU 5 instructions: 80000012 cycles: 118119366 heartbeat IPC: 0.4936 cumulative IPC: 0.4919 (Simulation time: 02 hr 52 min 50 sec)
Heartbeat CPU 1 instructions: 80000013 cycles: 118143293 heartbeat IPC: 0.4937 cumulative IPC: 0.4918 (Simulation time: 02 hr 52 min 51 sec)
Heartbeat CPU 7 instructions: 80000013 cycles: 118156860 heartbeat IPC: 0.4931 cumulative IPC: 0.492 (Simulation time: 02 hr 52 min 52 sec)
Heartbeat CPU 2 instructions: 80000013 cycles: 118239146 heartbeat IPC: 0.492 cumulative IPC: 0.4918 (Simulation time: 02 hr 52 min 59 sec)
Heartbeat CPU 6 instructions: 80000012 cycles: 118381903 heartbeat IPC: 0.4941 cumulative IPC: 0.4928 (Simulation time: 02 hr 53 min 10 sec)
Heartbeat CPU 3 instructions: 80000012 cycles: 118407575 heartbeat IPC: 0.4942 cumulative IPC: 0.4926 (Simulation time: 02 hr 53 min 12 sec)
Heartbeat CPU 0 instructions: 80000013 cycles: 118437509 heartbeat IPC: 0.4921 cumulative IPC: 0.4927 (Simulation time: 02 hr 53 min 14 sec)
num evicts: 7700000, p: 462073, s: 2099359 	 max proactive lookup: 0, max shadow lookup: 0
	evict counters: 128 128 128 128
	eager counters: 128 128 128 128
num evicts: 7800000, p: 467867, s: 2127998 	 max proactive lookup: 0, max shadow lookup: 0
	evict counters: 128 128 128 128
	eager counters: 128 128 128 128
num evicts: 7900000, p: 473911, s: 2155398 	 max proactive lookup: 0, max shadow lookup: 0
	evict counters: 128 128 128 128
	eager counters: 128 128 128 128
num evicts: 8000000, p: 479811, s: 2182711 	 max proactive lookup: 0, max shadow lookup: 0
	evict counters: 128 128 128 128
	eager counters: 128 128 128 128
num evicts: 8100000, p: 485922, s: 2210054 	 max proactive lookup: 0, max shadow lookup: 0
	evict counters: 128 128 128 128
	eager counters: 128 128 128 128
num evicts: 8200000, p: 492066, s: 2237506 	 max proactive lookup: 0, max shadow lookup: 0
	evict counters: 128 128 128 128
	eager counters: 128 128 128 128
num evicts: 8300000, p: 498246, s: 2264294 	 max proactive lookup: 0, max shadow lookup: 0
	evict counters: 128 128 128 128
	eager counters: 128 128 128 128
num evicts: 8400000, p: 504348, s: 2292629 	 max proactive lookup: 0, max shadow lookup: 0
	evict counters: 128 128 128 128
	eager counters: 128 128 128 128
num evicts: 8500000, p: 510357, s: 2320371 	 max proactive lookup: 0, max shadow lookup: 0
	evict counters: 128 128 128 128
	eager counters: 128 128 128 128
num evicts: 8600000, p: 516299, s: 2347520 	 max proactive lookup: 0, max shadow lookup: 0
	evict counters: 128 128 128 128
	eager counters: 128 128 128 128
Heartbeat CPU 4 instructions: 90000013 cycles: 138360859 heartbeat IPC: 0.4939 cumulative IPC: 0.4927 (Simulation time: 03 hr 18 min 49 sec)
Heartbeat CPU 7 instructions: 90000013 cycles: 138404253 heartbeat IPC: 0.4939 cumulative IPC: 0.4923 (Simulation time: 03 hr 18 min 52 sec)
Heartbeat CPU 1 instructions: 90000013 cycles: 138412345 heartbeat IPC: 0.4934 cumulative IPC: 0.492 (Simulation time: 03 hr 18 min 53 sec)
Heartbeat CPU 5 instructions: 90000013 cycles: 138415588 heartbeat IPC: 0.4927 cumulative IPC: 0.4921 (Simulation time: 03 hr 18 min 53 sec)
Heartbeat CPU 2 instructions: 90000013 cycles: 138513413 heartbeat IPC: 0.4932 cumulative IPC: 0.4921 (Simulation time: 03 hr 19 min 00 sec)
Heartbeat CPU 6 instructions: 90000013 cycles: 138693648 heartbeat IPC: 0.4923 cumulative IPC: 0.4928 (Simulation time: 03 hr 19 min 14 sec)
Heartbeat CPU 0 instructions: 90000013 cycles: 138697124 heartbeat IPC: 0.4936 cumulative IPC: 0.4929 (Simulation time: 03 hr 19 min 14 sec)
Heartbeat CPU 3 instructions: 90000013 cycles: 138702252 heartbeat IPC: 0.4927 cumulative IPC: 0.4926 (Simulation time: 03 hr 19 min 15 sec)
num evicts: 8700000, p: 522188, s: 2374354 	 max proactive lookup: 0, max shadow lookup: 0
	evict counters: 128 128 128 128
	eager counters: 128 128 128 128
num evicts: 8800000, p: 528242, s: 2401813 	 max proactive lookup: 0, max shadow lookup: 0
	evict counters: 128 128 128 128
	eager counters: 128 128 128 128
num evicts: 8900000, p: 533939, s: 2428213 	 max proactive lookup: 0, max shadow lookup: 0
	evict counters: 128 128 128 128
	eager counters: 128 128 128 128
num evicts: 9000000, p: 539669, s: 2455439 	 max proactive lookup: 0, max shadow lookup: 0
	evict counters: 128 128 128 128
	eager counters: 128 128 128 128
num evicts: 9100000, p: 545464, s: 2483168 	 max proactive lookup: 0, max shadow lookup: 0
	evict counters: 128 128 128 128
	eager counters: 128 128 128 128
num evicts: 9200000, p: 551165, s: 2511450 	 max proactive lookup: 0, max shadow lookup: 0
	evict counters: 128 128 128 128
	eager counters: 128 128 128 128
num evicts: 9300000, p: 556997, s: 2539613 	 max proactive lookup: 0, max shadow lookup: 0
	evict counters: 128 128 128 128
	eager counters: 128 128 128 128
num evicts: 9400000, p: 562869, s: 2567751 	 max proactive lookup: 0, max shadow lookup: 0
	evict counters: 128 128 128 128
	eager counters: 128 128 128 128
num evicts: 9500000, p: 568374, s: 2595165 	 max proactive lookup: 0, max shadow lookup: 0
	evict counters: 128 128 128 128
	eager counters: 128 128 128 128
Heartbeat CPU 1 instructions: 100000013 cycles: 158457253 heartbeat IPC: 0.4989 cumulative IPC: 0.4929 (Simulation time: 03 hr 44 min 40 sec)
Heartbeat CPU 7 instructions: 100000013 cycles: 158520050 heartbeat IPC: 0.4971 cumulative IPC: 0.4929 (Simulation time: 03 hr 44 min 44 sec)
Heartbeat CPU 4 instructions: 100000013 cycles: 158542034 heartbeat IPC: 0.4955 cumulative IPC: 0.4931 (Simulation time: 03 hr 44 min 46 sec)
Heartbeat CPU 5 instructions: 100000017 cycles: 158556631 heartbeat IPC: 0.4965 cumulative IPC: 0.4927 (Simulation time: 03 hr 44 min 47 sec)
Heartbeat CPU 2 instructions: 100000013 cycles: 158675720 heartbeat IPC: 0.496 cumulative IPC: 0.4926 (Simulation time: 03 hr 44 min 56 sec)
Heartbeat CPU 0 instructions: 100000017 cycles: 158809205 heartbeat IPC: 0.4972 cumulative IPC: 0.4935 (Simulation time: 03 hr 45 min 06 sec)
Heartbeat CPU 3 instructions: 100000013 cycles: 158816189 heartbeat IPC: 0.4972 cumulative IPC: 0.4932 (Simulation time: 03 hr 45 min 07 sec)
num evicts: 9600000, p: 573971, s: 2622803 	 max proactive lookup: 0, max shadow lookup: 0
	evict counters: 128 128 128 128
	eager counters: 128 128 128 128
Heartbeat CPU 6 instructions: 100000013 cycles: 158863296 heartbeat IPC: 0.4958 cumulative IPC: 0.4932 (Simulation time: 03 hr 45 min 10 sec)
num evicts: 9700000, p: 579316, s: 2650561 	 max proactive lookup: 0, max shadow lookup: 0
	evict counters: 128 128 128 128
	eager counters: 128 128 128 128
num evicts: 9800000, p: 585208, s: 2679221 	 max proactive lookup: 0, max shadow lookup: 0
	evict counters: 128 128 128 128
	eager counters: 128 128 128 128
num evicts: 9900000, p: 591174, s: 2706963 	 max proactive lookup: 0, max shadow lookup: 0
	evict counters: 128 128 128 128
	eager counters: 128 128 128 128
num evicts: 10000000, p: 597067, s: 2734934 	 max proactive lookup: 0, max shadow lookup: 0
	evict counters: 128 128 128 128
	eager counters: 128 128 128 128
num evicts: 10100000, p: 602921, s: 2762222 	 max proactive lookup: 0, max shadow lookup: 0
	evict counters: 128 128 128 128
	eager counters: 128 128 128 128
num evicts: 10200000, p: 608487, s: 2790153 	 max proactive lookup: 0, max shadow lookup: 0
	evict counters: 128 128 128 128
	eager counters: 128 128 128 128
num evicts: 10300000, p: 614206, s: 2818279 	 max proactive lookup: 0, max shadow lookup: 0
	evict counters: 128 128 128 128
	eager counters: 128 128 128 128
num evicts: 10400000, p: 620099, s: 2846137 	 max proactive lookup: 0, max shadow lookup: 0
	evict counters: 128 128 128 128
	eager counters: 128 128 128 128
num evicts: 10500000, p: 625855, s: 2873996 	 max proactive lookup: 0, max shadow lookup: 0
	evict counters: 128 128 128 128
	eager counters: 128 128 128 128
Heartbeat CPU 7 instructions: 110000014 cycles: 178859243 heartbeat IPC: 0.4917 cumulative IPC: 0.4928 (Simulation time: 04 hr 10 min 47 sec)
Heartbeat CPU 1 instructions: 110000014 cycles: 178861969 heartbeat IPC: 0.4901 cumulative IPC: 0.4926 (Simulation time: 04 hr 10 min 47 sec)
Heartbeat CPU 4 instructions: 110000013 cycles: 178936814 heartbeat IPC: 0.4903 cumulative IPC: 0.4928 (Simulation time: 04 hr 10 min 53 sec)
Heartbeat CPU 5 instructions: 110000018 cycles: 178947963 heartbeat IPC: 0.4904 cumulative IPC: 0.4924 (Simulation time: 04 hr 10 min 54 sec)
Heartbeat CPU 2 instructions: 110000014 cycles: 179060597 heartbeat IPC: 0.4906 cumulative IPC: 0.4923 (Simulation time: 04 hr 11 min 02 sec)
Heartbeat CPU 0 instructions: 110000018 cycles: 179148853 heartbeat IPC: 0.4917 cumulative IPC: 0.4932 (Simulation time: 04 hr 11 min 09 sec)
Heartbeat CPU 3 instructions: 110000013 cycles: 179165831 heartbeat IPC: 0.4914 cumulative IPC: 0.493 (Simulation time: 04 hr 11 min 10 sec)
Heartbeat CPU 6 instructions: 110000014 cycles: 179224734 heartbeat IPC: 0.4911 cumulative IPC: 0.4929 (Simulation time: 04 hr 11 min 15 sec)
num evicts: 10600000, p: 631595, s: 2902084 	 max proactive lookup: 0, max shadow lookup: 0
	evict counters: 128 128 128 128
	eager counters: 128 128 128 128
num evicts: 10700000, p: 637361, s: 2930426 	 max proactive lookup: 0, max shadow lookup: 0
	evict counters: 128 128 128 128
	eager counters: 128 128 128 128
num evicts: 10800000, p: 643311, s: 2959013 	 max proactive lookup: 0, max shadow lookup: 0
	evict counters: 128 128 128 128
	eager counters: 128 128 128 128
num evicts: 10900000, p: 649253, s: 2987530 	 max proactive lookup: 0, max shadow lookup: 0
	evict counters: 128 128 128 128
	eager counters: 128 128 128 128
num evicts: 11000000, p: 655139, s: 3015044 	 max proactive lookup: 0, max shadow lookup: 0
	evict counters: 128 128 128 128
	eager counters: 128 128 128 128
num evicts: 11100000, p: 660852, s: 3042733 	 max proactive lookup: 0, max shadow lookup: 0
	evict counters: 128 128 128 128
	eager counters: 128 128 128 128
num evicts: 11200000, p: 666823, s: 3070783 	 max proactive lookup: 0, max shadow lookup: 0
	evict counters: 128 128 128 128
	eager counters: 128 128 128 128
num evicts: 11300000, p: 672499, s: 3099027 	 max proactive lookup: 0, max shadow lookup: 0
	evict counters: 128 128 128 128
	eager counters: 128 128 128 128
num evicts: 11400000, p: 678241, s: 3128475 	 max proactive lookup: 0, max shadow lookup: 0
	evict counters: 128 128 128 128
	eager counters: 128 128 128 128
num evicts: 11500000, p: 684054, s: 3156492 	 max proactive lookup: 0, max shadow lookup: 0
	evict counters: 128 128 128 128
	eager counters: 128 128 128 128
Heartbeat CPU 1 instructions: 120000018 cycles: 199093335 heartbeat IPC: 0.4943 cumulative IPC: 0.4928 (Simulation time: 04 hr 36 min 47 sec)
Heartbeat CPU 7 instructions: 120000018 cycles: 199126414 heartbeat IPC: 0.4934 cumulative IPC: 0.4929 (Simulation time: 04 hr 36 min 49 sec)
Heartbeat CPU 4 instructions: 120000013 cycles: 199167041 heartbeat IPC: 0.4943 cumulative IPC: 0.4929 (Simulation time: 04 hr 36 min 52 sec)
Heartbeat CPU 5 instructions: 120000018 cycles: 199186828 heartbeat IPC: 0.4941 cumulative IPC: 0.4926 (Simulation time: 04 hr 36 min 54 sec)
Heartbeat CPU 2 instructions: 120000018 cycles: 199266404 heartbeat IPC: 0.4949 cumulative IPC: 0.4926 (Simulation time: 04 hr 37 min 00 sec)
Heartbeat CPU 0 instructions: 120000018 cycles: 199342890 heartbeat IPC: 0.4952 cumulative IPC: 0.4934 (Simulation time: 04 hr 37 min 06 sec)
Heartbeat CPU 3 instructions: 120000013 cycles: 199353744 heartbeat IPC: 0.4953 cumulative IPC: 0.4932 (Simulation time: 04 hr 37 min 07 sec)
Heartbeat CPU 6 instructions: 120000018 cycles: 199423516 heartbeat IPC: 0.4951 cumulative IPC: 0.4932 (Simulation time: 04 hr 37 min 13 sec)
num evicts: 11600000, p: 689827, s: 3183834 	 max proactive lookup: 0, max shadow lookup: 0
	evict counters: 128 128 128 128
	eager counters: 128 128 128 128
num evicts: 11700000, p: 695511, s: 3211162 	 max proactive lookup: 0, max shadow lookup: 0
	evict counters: 128 128 128 128
	eager counters: 128 128 128 128
num evicts: 11800000, p: 701382, s: 3238884 	 max proactive lookup: 0, max shadow lookup: 0
	evict counters: 128 128 128 128
	eager counters: 128 128 128 128
num evicts: 11900000, p: 707334, s: 3266619 	 max proactive lookup: 0, max shadow lookup: 0
	evict counters: 128 128 128 128
	eager counters: 128 128 128 128
num evicts: 12000000, p: 713175, s: 3294361 	 max proactive lookup: 0, max shadow lookup: 0
	evict counters: 128 128 128 128
	eager counters: 128 128 128 128
Simulation finished CPU 0 instructions: 100000001 cycles: 202618874 cumulative IPC: 0.4935 (Simulation time: 04 hr 50 min 02 sec)
Simulation finished CPU 3 instructions: 100000000 cycles: 202702552 cumulative IPC: 0.4933 (Simulation time: 04 hr 50 min 08 sec)
Simulation finished CPU 6 instructions: 100000003 cycles: 202736353 cumulative IPC: 0.4933 (Simulation time: 04 hr 50 min 10 sec)
Simulation finished CPU 4 instructions: 100000003 cycles: 202878157 cumulative IPC: 0.4929 (Simulation time: 04 hr 50 min 21 sec)
Simulation finished CPU 7 instructions: 100000003 cycles: 202901734 cumulative IPC: 0.4928 (Simulation time: 04 hr 50 min 23 sec)
Simulation finished CPU 1 instructions: 100000000 cycles: 202937605 cumulative IPC: 0.4928 (Simulation time: 04 hr 50 min 25 sec)
Simulation finished CPU 2 instructions: 100000001 cycles: 202997272 cumulative IPC: 0.4926 (Simulation time: 04 hr 50 min 30 sec)
Simulation finished CPU 5 instructions: 100000000 cycles: 203016039 cumulative IPC: 0.4926 (Simulation time: 04 hr 50 min 31 sec)
Simulation complete CPU 7 instructions: 100050735 cycles: 203016039 cumulative IPC: 0.4928 (Simulation time: 04 hr 50 min 31 sec)
Simulation complete CPU 6 instructions: 100119970 cycles: 203016039 cumulative IPC: 0.4932 (Simulation time: 04 hr 50 min 31 sec)
Simulation complete CPU 5 instructions: 100000000 cycles: 203016039 cumulative IPC: 0.4926 (Simulation time: 04 hr 50 min 31 sec)
Simulation complete CPU 4 instructions: 100067451 cycles: 203016039 cumulative IPC: 0.4929 (Simulation time: 04 hr 50 min 31 sec)
Simulation complete CPU 3 instructions: 100135329 cycles: 203016039 cumulative IPC: 0.4932 (Simulation time: 04 hr 50 min 31 sec)
Simulation complete CPU 2 instructions: 100011753 cycles: 203016039 cumulative IPC: 0.4926 (Simulation time: 04 hr 50 min 31 sec)
Simulation complete CPU 1 instructions: 100029732 cycles: 203016039 cumulative IPC: 0.4927 (Simulation time: 04 hr 50 min 31 sec)
Simulation complete CPU 0 instructions: 100171838 cycles: 203016039 cumulative IPC: 0.4934 (Simulation time: 04 hr 50 min 31 sec)

ChampSim completed all CPUs

=== Simulation ===
CPU 0 runs TRACES/ctf/spec2017/620.omnetpp_s-141B.champsimtrace.xz
CPU 1 runs TRACES/ctf/spec2017/620.omnetpp_s-141B.champsimtrace.xz
CPU 2 runs TRACES/ctf/spec2017/620.omnetpp_s-141B.champsimtrace.xz
CPU 3 runs TRACES/ctf/spec2017/620.omnetpp_s-141B.champsimtrace.xz
CPU 4 runs TRACES/ctf/spec2017/620.omnetpp_s-141B.champsimtrace.xz
CPU 5 runs TRACES/ctf/spec2017/620.omnetpp_s-141B.champsimtrace.xz
CPU 6 runs TRACES/ctf/spec2017/620.omnetpp_s-141B.champsimtrace.xz
CPU 7 runs TRACES/ctf/spec2017/620.omnetpp_s-141B.champsimtrace.xz

Total Simulation Statistics (not including warmup)

CPU 7 cumulative IPC: 0.4928 instructions: 100050735 cycles: 203016039
CPU 7 Branch Prediction Accuracy: 100% MPKI: 0 Average ROB Occupancy at Mispredict: -
Branch type MPKI
BRANCH_DIRECT_JUMP: 0
BRANCH_INDIRECT: 0
BRANCH_CONDITIONAL: 0
BRANCH_DIRECT_CALL: 0
BRANCH_INDIRECT_CALL: 0
BRANCH_RETURN: 0


CPU 6 cumulative IPC: 0.4932 instructions: 100119970 cycles: 203016039
CPU 6 Branch Prediction Accuracy: 100% MPKI: 0 Average ROB Occupancy at Mispredict: -
Branch type MPKI
BRANCH_DIRECT_JUMP: 0
BRANCH_INDIRECT: 0
BRANCH_CONDITIONAL: 0
BRANCH_DIRECT_CALL: 0
BRANCH_INDIRECT_CALL: 0
BRANCH_RETURN: 0


CPU 5 cumulative IPC: 0.4926 instructions: 100000000 cycles: 203016039
CPU 5 Branch Prediction Accuracy: 100% MPKI: 0 Average ROB Occupancy at Mispredict: -
Branch type MPKI
BRANCH_DIRECT_JUMP: 0
BRANCH_INDIRECT: 0
BRANCH_CONDITIONAL: 0
BRANCH_DIRECT_CALL: 0
BRANCH_INDIRECT_CALL: 0
BRANCH_RETURN: 0


CPU 4 cumulative IPC: 0.4929 instructions: 100067451 cycles: 203016039
CPU 4 Branch Prediction Accuracy: 100% MPKI: 0 Average ROB Occupancy at Mispredict: -
Branch type MPKI
BRANCH_DIRECT_JUMP: 0
BRANCH_INDIRECT: 0
BRANCH_CONDITIONAL: 0
BRANCH_DIRECT_CALL: 0
BRANCH_INDIRECT_CALL: 0
BRANCH_RETURN: 0


CPU 3 cumulative IPC: 0.4932 instructions: 100135329 cycles: 203016039
CPU 3 Branch Prediction Accuracy: 100% MPKI: 0 Average ROB Occupancy at Mispredict: -
Branch type MPKI
BRANCH_DIRECT_JUMP: 0
BRANCH_INDIRECT: 0
BRANCH_CONDITIONAL: 0
BRANCH_DIRECT_CALL: 0
BRANCH_INDIRECT_CALL: 0
BRANCH_RETURN: 0


CPU 2 cumulative IPC: 0.4926 instructions: 100011753 cycles: 203016039
CPU 2 Branch Prediction Accuracy: 100% MPKI: 0 Average ROB Occupancy at Mispredict: -
Branch type MPKI
BRANCH_DIRECT_JUMP: 0
BRANCH_INDIRECT: 0
BRANCH_CONDITIONAL: 0
BRANCH_DIRECT_CALL: 0
BRANCH_INDIRECT_CALL: 0
BRANCH_RETURN: 0


CPU 1 cumulative IPC: 0.4927 instructions: 100029732 cycles: 203016039
CPU 1 Branch Prediction Accuracy: 100% MPKI: 0 Average ROB Occupancy at Mispredict: -
Branch type MPKI
BRANCH_DIRECT_JUMP: 0
BRANCH_INDIRECT: 0
BRANCH_CONDITIONAL: 0
BRANCH_DIRECT_CALL: 0
BRANCH_INDIRECT_CALL: 0
BRANCH_RETURN: 0


CPU 0 cumulative IPC: 0.4934 instructions: 100171838 cycles: 203016039
CPU 0 Branch Prediction Accuracy: 100% MPKI: 0 Average ROB Occupancy at Mispredict: -
Branch type MPKI
BRANCH_DIRECT_JUMP: 0
BRANCH_INDIRECT: 0
BRANCH_CONDITIONAL: 0
BRANCH_DIRECT_CALL: 0
BRANCH_INDIRECT_CALL: 0
BRANCH_RETURN: 0

cpu7->cpu7_STLB TOTAL        ACCESS:     139413 HIT:     139413 MISS:          0 MSHR_MERGE:          0
cpu7->cpu7_STLB LOAD         ACCESS:     139413 HIT:     139413 MISS:          0 MSHR_MERGE:          0
cpu7->cpu7_STLB RFO          ACCESS:          0 HIT:          0 MISS:          0 MSHR_MERGE:          0
cpu7->cpu7_STLB PREFETCH     ACCESS:          0 HIT:          0 MISS:          0 MSHR_MERGE:          0
cpu7->cpu7_STLB WRITE        ACCESS:          0 HIT:          0 MISS:          0 MSHR_MERGE:          0
cpu7->cpu7_STLB TRANSLATION  ACCESS:          0 HIT:          0 MISS:          0 MSHR_MERGE:          0
cpu7->cpu7_STLB PREFETCH REQUESTED:          0 ISSUED:          0 USEFUL:          0 USELESS:          0
cpu7->cpu7_STLB AVERAGE MISS LATENCY: - cycles
cpu7->cpu7_L2C TOTAL        ACCESS:    2850099 HIT:    1484516 MISS:    1365583 MSHR_MERGE:          0
cpu7->cpu7_L2C LOAD         ACCESS:    1682507 HIT:     498600 MISS:    1183907 MSHR_MERGE:          0
cpu7->cpu7_L2C RFO          ACCESS:     246998 HIT:      66445 MISS:     180553 MSHR_MERGE:          0
cpu7->cpu7_L2C PREFETCH     ACCESS:          0 HIT:          0 MISS:          0 MSHR_MERGE:          0
cpu7->cpu7_L2C WRITE        ACCESS:     920594 HIT:     919471 MISS:       1123 MSHR_MERGE:          0
cpu7->cpu7_L2C TRANSLATION  ACCESS:          0 HIT:          0 MISS:          0 MSHR_MERGE:          0
cpu7->cpu7_L2C PREFETCH REQUESTED:          0 ISSUED:          0 USEFUL:          0 USELESS:          0
cpu7->cpu7_L2C AVERAGE MISS LATENCY: 213.7 cycles
cpu7->cpu7_L1I TOTAL        ACCESS:   22166836 HIT:   22076135 MISS:      90701 MSHR_MERGE:      29284
cpu7->cpu7_L1I LOAD         ACCESS:   22166836 HIT:   22076135 MISS:      90701 MSHR_MERGE:      29284
cpu7->cpu7_L1I RFO          ACCESS:          0 HIT:          0 MISS:          0 MSHR_MERGE:          0
cpu7->cpu7_L1I PREFETCH     ACCESS:          0 HIT:          0 MISS:          0 MSHR_MERGE:          0
cpu7->cpu7_L1I WRITE        ACCESS:          0 HIT:          0 MISS:          0 MSHR_MERGE:          0
cpu7->cpu7_L1I TRANSLATION  ACCESS:          0 HIT:          0 MISS:          0 MSHR_MERGE:          0
cpu7->cpu7_L1I PREFETCH REQUESTED:          0 ISSUED:          0 USEFUL:          0 USELESS:          0
cpu7->cpu7_L1I AVERAGE MISS LATENCY: 20.81 cycles
cpu7->cpu7_L1D TOTAL        ACCESS:   36165522 HIT:   33147119 MISS:    3018403 MSHR_MERGE:    1150274
cpu7->cpu7_L1D LOAD         ACCESS:   18034096 HIT:   15802682 MISS:    2231414 MSHR_MERGE:     610313
cpu7->cpu7_L1D RFO          ACCESS:          0 HIT:          0 MISS:          0 MSHR_MERGE:          0
cpu7->cpu7_L1D PREFETCH     ACCESS:          0 HIT:          0 MISS:          0 MSHR_MERGE:          0
cpu7->cpu7_L1D WRITE        ACCESS:   18131426 HIT:   17344437 MISS:     786989 MSHR_MERGE:     539961
cpu7->cpu7_L1D TRANSLATION  ACCESS:          0 HIT:          0 MISS:          0 MSHR_MERGE:          0
cpu7->cpu7_L1D PREFETCH REQUESTED:          0 ISSUED:          0 USEFUL:          0 USELESS:          0
cpu7->cpu7_L1D AVERAGE MISS LATENCY: 164.5 cycles
cpu7->cpu7_ITLB TOTAL        ACCESS:   20048360 HIT:   20048360 MISS:          0 MSHR_MERGE:          0
cpu7->cpu7_ITLB LOAD         ACCESS:   20048360 HIT:   20048360 MISS:          0 MSHR_MERGE:          0
cpu7->cpu7_ITLB RFO          ACCESS:          0 HIT:          0 MISS:          0 MSHR_MERGE:          0
cpu7->cpu7_ITLB PREFETCH     ACCESS:          0 HIT:          0 MISS:          0 MSHR_MERGE:          0
cpu7->cpu7_ITLB WRITE        ACCESS:          0 HIT:          0 MISS:          0 MSHR_MERGE:          0
cpu7->cpu7_ITLB TRANSLATION  ACCESS:          0 HIT:          0 MISS:          0 MSHR_MERGE:          0
cpu7->cpu7_ITLB PREFETCH REQUESTED:          0 ISSUED:          0 USEFUL:          0 USELESS:          0
cpu7->cpu7_ITLB AVERAGE MISS LATENCY: - cycles
cpu7->cpu7_DTLB TOTAL        ACCESS:   33492139 HIT:   33309694 MISS:     182445 MSHR_MERGE:      43032
cpu7->cpu7_DTLB LOAD         ACCESS:   33492139 HIT:   33309694 MISS:     182445 MSHR_MERGE:      43032
cpu7->cpu7_DTLB RFO          ACCESS:          0 HIT:          0 MISS:          0 MSHR_MERGE:          0
cpu7->cpu7_DTLB PREFETCH     ACCESS:          0 HIT:          0 MISS:          0 MSHR_MERGE:          0
cpu7->cpu7_DTLB WRITE        ACCESS:          0 HIT:          0 MISS:          0 MSHR_MERGE:          0
cpu7->cpu7_DTLB TRANSLATION  ACCESS:          0 HIT:          0 MISS:          0 MSHR_MERGE:          0
cpu7->cpu7_DTLB PREFETCH REQUESTED:          0 ISSUED:          0 USEFUL:          0 USELESS:          0
cpu7->cpu7_DTLB AVERAGE MISS LATENCY: 5 cycles
cpu6->cpu6_STLB TOTAL        ACCESS:     139616 HIT:     139616 MISS:          0 MSHR_MERGE:          0
cpu6->cpu6_STLB LOAD         ACCESS:     139616 HIT:     139616 MISS:          0 MSHR_MERGE:          0
cpu6->cpu6_STLB RFO          ACCESS:          0 HIT:          0 MISS:          0 MSHR_MERGE:          0
cpu6->cpu6_STLB PREFETCH     ACCESS:          0 HIT:          0 MISS:          0 MSHR_MERGE:          0
cpu6->cpu6_STLB WRITE        ACCESS:          0 HIT:          0 MISS:          0 MSHR_MERGE:          0
cpu6->cpu6_STLB TRANSLATION  ACCESS:          0 HIT:          0 MISS:          0 MSHR_MERGE:          0
cpu6->cpu6_STLB PREFETCH REQUESTED:          0 ISSUED:          0 USEFUL:          0 USELESS:          0
cpu6->cpu6_STLB AVERAGE MISS LATENCY: - cycles
cpu6->cpu6_L2C TOTAL        ACCESS:    2850760 HIT:    1484961 MISS:    1365799 MSHR_MERGE:          0
cpu6->cpu6_L2C LOAD         ACCESS:    1683082 HIT:     498955 MISS:    1184127 MSHR_MERGE:          0
cpu6->cpu6_L2C RFO          ACCESS:     247096 HIT:      66540 MISS:     180556 MSHR_MERGE:          0
cpu6->cpu6_L2C PREFETCH     ACCESS:          0 HIT:          0 MISS:          0 MSHR_MERGE:          0
cpu6->cpu6_L2C WRITE        ACCESS:     920582 HIT:     919466 MISS:       1116 MSHR_MERGE:          0
cpu6->cpu6_L2C TRANSLATION  ACCESS:          0 HIT:          0 MISS:          0 MSHR_MERGE:          0
cpu6->cpu6_L2C PREFETCH REQUESTED:          0 ISSUED:          0 USEFUL:          0 USELESS:          0
cpu6->cpu6_L2C AVERAGE MISS LATENCY: 213.3 cycles
cpu6->cpu6_L1I TOTAL        ACCESS:   22178168 HIT:   22087299 MISS:      90869 MSHR_MERGE:      29358
cpu6->cpu6_L1I LOAD         ACCESS:   22178168 HIT:   22087299 MISS:      90869 MSHR_MERGE:      29358
cpu6->cpu6_L1I RFO          ACCESS:          0 HIT:          0 MISS:          0 MSHR_MERGE:          0
cpu6->cpu6_L1I PREFETCH     ACCESS:          0 HIT:          0 MISS:          0 MSHR_MERGE:          0
cpu6->cpu6_L1I WRITE        ACCESS:          0 HIT:          0 MISS:          0 MSHR_MERGE:          0
cpu6->cpu6_L1I TRANSLATION  ACCESS:          0 HIT:          0 MISS:          0 MSHR_MERGE:          0
cpu6->cpu6_L1I PREFETCH REQUESTED:          0 ISSUED:          0 USEFUL:          0 USELESS:          0
cpu6->cpu6_L1I AVERAGE MISS LATENCY: 20.47 cycles
cpu6->cpu6_L1D TOTAL        ACCESS:   36192203 HIT:   33173534 MISS:    3018669 MSHR_MERGE:    1149948
cpu6->cpu6_L1D LOAD         ACCESS:   18050572 HIT:   15818833 MISS:    2231739 MSHR_MERGE:     610153
cpu6->cpu6_L1D RFO          ACCESS:          0 HIT:          0 MISS:          0 MSHR_MERGE:          0
cpu6->cpu6_L1D PREFETCH     ACCESS:          0 HIT:          0 MISS:          0 MSHR_MERGE:          0
cpu6->cpu6_L1D WRITE        ACCESS:   18141631 HIT:   17354701 MISS:     786930 MSHR_MERGE:     539795
cpu6->cpu6_L1D TRANSLATION  ACCESS:          0 HIT:          0 MISS:          0 MSHR_MERGE:          0
cpu6->cpu6_L1D PREFETCH REQUESTED:          0 ISSUED:          0 USEFUL:          0 USELESS:          0
cpu6->cpu6_L1D AVERAGE MISS LATENCY: 164.2 cycles
cpu6->cpu6_ITLB TOTAL        ACCESS:   20062902 HIT:   20062902 MISS:          0 MSHR_MERGE:          0
cpu6->cpu6_ITLB LOAD         ACCESS:   20062902 HIT:   20062902 MISS:          0 MSHR_MERGE:          0
cpu6->cpu6_ITLB RFO          ACCESS:          0 HIT:          0 MISS:          0 MSHR_MERGE:          0
cpu6->cpu6_ITLB PREFETCH     ACCESS:          0 HIT:          0 MISS:          0 MSHR_MERGE:          0
cpu6->cpu6_ITLB WRITE        ACCESS:          0 HIT:          0 MISS:          0 MSHR_MERGE:          0
cpu6->cpu6_ITLB TRANSLATION  ACCESS:          0 HIT:          0 MISS:          0 MSHR_MERGE:          0
cpu6->cpu6_ITLB PREFETCH REQUESTED:          0 ISSUED:          0 USEFUL:          0 USELESS:          0
cpu6->cpu6_ITLB AVERAGE MISS LATENCY: - cycles
cpu6->cpu6_DTLB TOTAL        ACCESS:   33532729 HIT:   33350256 MISS:     182473 MSHR_MERGE:      42857
cpu6->cpu6_DTLB LOAD         ACCESS:   33532729 HIT:   33350256 MISS:     182473 MSHR_MERGE:      42857
cpu6->cpu6_DTLB RFO          ACCESS:          0 HIT:          0 MISS:          0 MSHR_MERGE:          0
cpu6->cpu6_DTLB PREFETCH     ACCESS:          0 HIT:          0 MISS:          0 MSHR_MERGE:          0
cpu6->cpu6_DTLB WRITE        ACCESS:          0 HIT:          0 MISS:          0 MSHR_MERGE:          0
cpu6->cpu6_DTLB TRANSLATION  ACCESS:          0 HIT:          0 MISS:          0 MSHR_MERGE:          0
cpu6->cpu6_DTLB PREFETCH REQUESTED:          0 ISSUED:          0 USEFUL:          0 USELESS:          0
cpu6->cpu6_DTLB AVERAGE MISS LATENCY: 5 cycles
cpu5->cpu5_STLB TOTAL        ACCESS:     139358 HIT:     139358 MISS:          0 MSHR_MERGE:          0
cpu5->cpu5_STLB LOAD         ACCESS:     139358 HIT:     139358 MISS:          0 MSHR_MERGE:          0
cpu5->cpu5_STLB RFO          ACCESS:          0 HIT:          0 MISS:          0 MSHR_MERGE:          0
cpu5->cpu5_STLB PREFETCH     ACCESS:          0 HIT:          0 MISS:          0 MSHR_MERGE:          0
cpu5->cpu5_STLB WRITE        ACCESS:          0 HIT:          0 MISS:          0 MSHR_MERGE:          0
cpu5->cpu5_STLB TRANSLATION  ACCESS:          0 HIT:          0 MISS:          0 MSHR_MERGE:          0
cpu5->cpu5_STLB PREFETCH REQUESTED:          0 ISSUED:          0 USEFUL:          0 USELESS:          0
cpu5->cpu5_STLB AVERAGE MISS LATENCY: - cycles
cpu5->cpu5_L2C TOTAL        ACCESS:    2848538 HIT:    1483686 MISS:    1364852 MSHR_MERGE:          0
cpu5->cpu5_L2C LOAD         ACCESS:    1681600 HIT:     498330 MISS:    1183270 MSHR_MERGE:          0
cpu5->cpu5_L2C RFO          ACCESS:     246874 HIT:      66415 MISS:     180459 MSHR_MERGE:          0
cpu5->cpu5_L2C PREFETCH     ACCESS:          0 HIT:          0 MISS:          0 MSHR_MERGE:          0
cpu5->cpu5_L2C WRITE        ACCESS:     920064 HIT:     918941 MISS:       1123 MSHR_MERGE:          0
cpu5->cpu5_L2C TRANSLATION  ACCESS:          0 HIT:          0 MISS:          0 MSHR_MERGE:          0
cpu5->cpu5_L2C PREFETCH REQUESTED:          0 ISSUED:          0 USEFUL:          0 USELESS:          0
cpu5->cpu5_L2C AVERAGE MISS LATENCY: 213.9 cycles
cpu5->cpu5_L1I TOTAL        ACCESS:   22150170 HIT:   22059385 MISS:      90785 MSHR_MERGE:      29382
cpu5->cpu5_L1I LOAD         ACCESS:   22150170 HIT:   22059385 MISS:      90785 MSHR_MERGE:      29382
cpu5->cpu5_L1I RFO          ACCESS:          0 HIT:          0 MISS:          0 MSHR_MERGE:          0
cpu5->cpu5_L1I PREFETCH     ACCESS:          0 HIT:          0 MISS:          0 MSHR_MERGE:          0
cpu5->cpu5_L1I WRITE        ACCESS:          0 HIT:          0 MISS:          0 MSHR_MERGE:          0
cpu5->cpu5_L1I TRANSLATION  ACCESS:          0 HIT:          0 MISS:          0 MSHR_MERGE:          0
cpu5->cpu5_L1I PREFETCH REQUESTED:          0 ISSUED:          0 USEFUL:          0 USELESS:          0
cpu5->cpu5_L1I AVERAGE MISS LATENCY: 21.21 cycles
cpu5->cpu5_L1D TOTAL        ACCESS:   36152291 HIT:   33133714 MISS:    3018577 MSHR_MERGE:    1151468
cpu5->cpu5_L1D LOAD         ACCESS:   18031032 HIT:   15799115 MISS:    2231917 MSHR_MERGE:     611702
cpu5->cpu5_L1D RFO          ACCESS:          0 HIT:          0 MISS:          0 MSHR_MERGE:          0
cpu5->cpu5_L1D PREFETCH     ACCESS:          0 HIT:          0 MISS:          0 MSHR_MERGE:          0
cpu5->cpu5_L1D WRITE        ACCESS:   18121259 HIT:   17334599 MISS:     786660 MSHR_MERGE:     539766
cpu5->cpu5_L1D TRANSLATION  ACCESS:          0 HIT:          0 MISS:          0 MSHR_MERGE:          0
cpu5->cpu5_L1D PREFETCH REQUESTED:          0 ISSUED:          0 USEFUL:          0 USELESS:          0
cpu5->cpu5_L1D AVERAGE MISS LATENCY: 164.7 cycles
cpu5->cpu5_ITLB TOTAL        ACCESS:   20033925 HIT:   20033925 MISS:          0 MSHR_MERGE:          0
cpu5->cpu5_ITLB LOAD         ACCESS:   20033925 HIT:   20033925 MISS:          0 MSHR_MERGE:          0
cpu5->cpu5_ITLB RFO          ACCESS:          0 HIT:          0 MISS:          0 MSHR_MERGE:          0
cpu5->cpu5_ITLB PREFETCH     ACCESS:          0 HIT:          0 MISS:          0 MSHR_MERGE:          0
cpu5->cpu5_ITLB WRITE        ACCESS:          0 HIT:          0 MISS:          0 MSHR_MERGE:          0
cpu5->cpu5_ITLB TRANSLATION  ACCESS:          0 HIT:          0 MISS:          0 MSHR_MERGE:          0
cpu5->cpu5_ITLB PREFETCH REQUESTED:          0 ISSUED:          0 USEFUL:          0 USELESS:          0
cpu5->cpu5_ITLB AVERAGE MISS LATENCY: - cycles
cpu5->cpu5_DTLB TOTAL        ACCESS:   33458890 HIT:   33276482 MISS:     182408 MSHR_MERGE:      43050
cpu5->cpu5_DTLB LOAD         ACCESS:   33458890 HIT:   33276482 MISS:     182408 MSHR_MERGE:      43050
cpu5->cpu5_DTLB RFO          ACCESS:          0 HIT:          0 MISS:          0 MSHR_MERGE:          0
cpu5->cpu5_DTLB PREFETCH     ACCESS:          0 HIT:          0 MISS:          0 MSHR_MERGE:          0
cpu5->cpu5_DTLB WRITE        ACCESS:          0 HIT:          0 MISS:          0 MSHR_MERGE:          0
cpu5->cpu5_DTLB TRANSLATION  ACCESS:          0 HIT:          0 MISS:          0 MSHR_MERGE:          0
cpu5->cpu5_DTLB PREFETCH REQUESTED:          0 ISSUED:          0 USEFUL:          0 USELESS:          0
cpu5->cpu5_DTLB AVERAGE MISS LATENCY: 5 cycles
cpu4->cpu4_STLB TOTAL        ACCESS:     139463 HIT:     139463 MISS:          0 MSHR_MERGE:          0
cpu4->cpu4_STLB LOAD         ACCESS:     139463 HIT:     139463 MISS:          0 MSHR_MERGE:          0
cpu4->cpu4_STLB RFO          ACCESS:          0 HIT:          0 MISS:          0 MSHR_MERGE:          0
cpu4->cpu4_STLB PREFETCH     ACCESS:          0 HIT:          0 MISS:          0 MSHR_MERGE:          0
cpu4->cpu4_STLB WRITE        ACCESS:          0 HIT:          0 MISS:          0 MSHR_MERGE:          0
cpu4->cpu4_STLB TRANSLATION  ACCESS:          0 HIT:          0 MISS:          0 MSHR_MERGE:          0
cpu4->cpu4_STLB PREFETCH REQUESTED:          0 ISSUED:          0 USEFUL:          0 USELESS:          0
cpu4->cpu4_STLB AVERAGE MISS LATENCY: - cycles
cpu4->cpu4_L2C TOTAL        ACCESS:    2849933 HIT:    1484434 MISS:    1365499 MSHR_MERGE:          0
cpu4->cpu4_L2C LOAD         ACCESS:    1682451 HIT:     498628 MISS:    1183823 MSHR_MERGE:          0
cpu4->cpu4_L2C RFO          ACCESS:     247016 HIT:      66463 MISS:     180553 MSHR_MERGE:          0
cpu4->cpu4_L2C PREFETCH     ACCESS:          0 HIT:          0 MISS:          0 MSHR_MERGE:          0
cpu4->cpu4_L2C WRITE        ACCESS:     920466 HIT:     919343 MISS:       1123 MSHR_MERGE:          0
cpu4->cpu4_L2C TRANSLATION  ACCESS:          0 HIT:          0 MISS:          0 MSHR_MERGE:          0
cpu4->cpu4_L2C PREFETCH REQUESTED:          0 ISSUED:          0 USEFUL:          0 USELESS:          0
cpu4->cpu4_L2C AVERAGE MISS LATENCY: 213.6 cycles
cpu4->cpu4_L1I TOTAL        ACCESS:   22167020 HIT:   22076194 MISS:      90826 MSHR_MERGE:      29382
cpu4->cpu4_L1I LOAD         ACCESS:   22167020 HIT:   22076194 MISS:      90826 MSHR_MERGE:      29382
cpu4->cpu4_L1I RFO          ACCESS:          0 HIT:          0 MISS:          0 MSHR_MERGE:          0
cpu4->cpu4_L1I PREFETCH     ACCESS:          0 HIT:          0 MISS:          0 MSHR_MERGE:          0
cpu4->cpu4_L1I WRITE        ACCESS:          0 HIT:          0 MISS:          0 MSHR_MERGE:          0
cpu4->cpu4_L1I TRANSLATION  ACCESS:          0 HIT:          0 MISS:          0 MSHR_MERGE:          0
cpu4->cpu4_L1I PREFETCH REQUESTED:          0 ISSUED:          0 USEFUL:          0 USELESS:          0
cpu4->cpu4_L1I AVERAGE MISS LATENCY: 20.65 cycles
cpu4->cpu4_L1D TOTAL        ACCESS:   36176533 HIT:   33155791 MISS:    3020742 MSHR_MERGE:    1152678
cpu4->cpu4_L1D LOAD         ACCESS:   18043432 HIT:   15810156 MISS:    2233276 MSHR_MERGE:     612257
cpu4->cpu4_L1D RFO          ACCESS:          0 HIT:          0 MISS:          0 MSHR_MERGE:          0
cpu4->cpu4_L1D PREFETCH     ACCESS:          0 HIT:          0 MISS:          0 MSHR_MERGE:          0
cpu4->cpu4_L1D WRITE        ACCESS:   18133101 HIT:   17345635 MISS:     787466 MSHR_MERGE:     540421
cpu4->cpu4_L1D TRANSLATION  ACCESS:          0 HIT:          0 MISS:          0 MSHR_MERGE:          0
cpu4->cpu4_L1D PREFETCH REQUESTED:          0 ISSUED:          0 USEFUL:          0 USELESS:          0
cpu4->cpu4_L1D AVERAGE MISS LATENCY: 164.5 cycles
cpu4->cpu4_ITLB TOTAL        ACCESS:   20048965 HIT:   20048965 MISS:          0 MSHR_MERGE:          0
cpu4->cpu4_ITLB LOAD         ACCESS:   20048965 HIT:   20048965 MISS:          0 MSHR_MERGE:          0
cpu4->cpu4_ITLB RFO          ACCESS:          0 HIT:          0 MISS:          0 MSHR_MERGE:          0
cpu4->cpu4_ITLB PREFETCH     ACCESS:          0 HIT:          0 MISS:          0 MSHR_MERGE:          0
cpu4->cpu4_ITLB WRITE        ACCESS:          0 HIT:          0 MISS:          0 MSHR_MERGE:          0
cpu4->cpu4_ITLB TRANSLATION  ACCESS:          0 HIT:          0 MISS:          0 MSHR_MERGE:          0
cpu4->cpu4_ITLB PREFETCH REQUESTED:          0 ISSUED:          0 USEFUL:          0 USELESS:          0
cpu4->cpu4_ITLB AVERAGE MISS LATENCY: - cycles
cpu4->cpu4_DTLB TOTAL        ACCESS:   33481746 HIT:   33299279 MISS:     182467 MSHR_MERGE:      43004
cpu4->cpu4_DTLB LOAD         ACCESS:   33481746 HIT:   33299279 MISS:     182467 MSHR_MERGE:      43004
cpu4->cpu4_DTLB RFO          ACCESS:          0 HIT:          0 MISS:          0 MSHR_MERGE:          0
cpu4->cpu4_DTLB PREFETCH     ACCESS:          0 HIT:          0 MISS:          0 MSHR_MERGE:          0
cpu4->cpu4_DTLB WRITE        ACCESS:          0 HIT:          0 MISS:          0 MSHR_MERGE:          0
cpu4->cpu4_DTLB TRANSLATION  ACCESS:          0 HIT:          0 MISS:          0 MSHR_MERGE:          0
cpu4->cpu4_DTLB PREFETCH REQUESTED:          0 ISSUED:          0 USEFUL:          0 USELESS:          0
cpu4->cpu4_DTLB AVERAGE MISS LATENCY: 5 cycles
cpu3->cpu3_STLB TOTAL        ACCESS:     139640 HIT:     139640 MISS:          0 MSHR_MERGE:          0
cpu3->cpu3_STLB LOAD         ACCESS:     139640 HIT:     139640 MISS:          0 MSHR_MERGE:          0
cpu3->cpu3_STLB RFO          ACCESS:          0 HIT:          0 MISS:          0 MSHR_MERGE:          0
cpu3->cpu3_STLB PREFETCH     ACCESS:          0 HIT:          0 MISS:          0 MSHR_MERGE:          0
cpu3->cpu3_STLB WRITE        ACCESS:          0 HIT:          0 MISS:          0 MSHR_MERGE:          0
cpu3->cpu3_STLB TRANSLATION  ACCESS:          0 HIT:          0 MISS:          0 MSHR_MERGE:          0
cpu3->cpu3_STLB PREFETCH REQUESTED:          0 ISSUED:          0 USEFUL:          0 USELESS:          0
cpu3->cpu3_STLB AVERAGE MISS LATENCY: - cycles
cpu3->cpu3_L2C TOTAL        ACCESS:    2851761 HIT:    1485481 MISS:    1366280 MSHR_MERGE:          0
cpu3->cpu3_L2C LOAD         ACCESS:    1683658 HIT:     499117 MISS:    1184541 MSHR_MERGE:          0
cpu3->cpu3_L2C RFO          ACCESS:     247163 HIT:      66549 MISS:     180614 MSHR_MERGE:          0
cpu3->cpu3_L2C PREFETCH     ACCESS:          0 HIT:          0 MISS:          0 MSHR_MERGE:          0
cpu3->cpu3_L2C WRITE        ACCESS:     920940 HIT:     919815 MISS:       1125 MSHR_MERGE:          0
cpu3->cpu3_L2C TRANSLATION  ACCESS:          0 HIT:          0 MISS:          0 MSHR_MERGE:          0
cpu3->cpu3_L2C PREFETCH REQUESTED:          0 ISSUED:          0 USEFUL:          0 USELESS:          0
cpu3->cpu3_L2C AVERAGE MISS LATENCY: 213.6 cycles
cpu3->cpu3_L1I TOTAL        ACCESS:   22179735 HIT:   22088790 MISS:      90945 MSHR_MERGE:      29402
cpu3->cpu3_L1I LOAD         ACCESS:   22179735 HIT:   22088790 MISS:      90945 MSHR_MERGE:      29402
cpu3->cpu3_L1I RFO          ACCESS:          0 HIT:          0 MISS:          0 MSHR_MERGE:          0
cpu3->cpu3_L1I PREFETCH     ACCESS:          0 HIT:          0 MISS:          0 MSHR_MERGE:          0
cpu3->cpu3_L1I WRITE        ACCESS:          0 HIT:          0 MISS:          0 MSHR_MERGE:          0
cpu3->cpu3_L1I TRANSLATION  ACCESS:          0 HIT:          0 MISS:          0 MSHR_MERGE:          0
cpu3->cpu3_L1I PREFETCH REQUESTED:          0 ISSUED:          0 USEFUL:          0 USELESS:          0
cpu3->cpu3_L1I AVERAGE MISS LATENCY: 20.9 cycles
cpu3->cpu3_L1D TOTAL        ACCESS:   36201771 HIT:   33180500 MISS:    3021271 MSHR_MERGE:    1151950
cpu3->cpu3_L1D LOAD         ACCESS:   18056317 HIT:   15821889 MISS:    2234428 MSHR_MERGE:     612299
cpu3->cpu3_L1D RFO          ACCESS:          0 HIT:          0 MISS:          0 MSHR_MERGE:          0
cpu3->cpu3_L1D PREFETCH     ACCESS:          0 HIT:          0 MISS:          0 MSHR_MERGE:          0
cpu3->cpu3_L1D WRITE        ACCESS:   18145454 HIT:   17358611 MISS:     786843 MSHR_MERGE:     539651
cpu3->cpu3_L1D TRANSLATION  ACCESS:          0 HIT:          0 MISS:          0 MSHR_MERGE:          0
cpu3->cpu3_L1D PREFETCH REQUESTED:          0 ISSUED:          0 USEFUL:          0 USELESS:          0
cpu3->cpu3_L1D AVERAGE MISS LATENCY: 164.4 cycles
cpu3->cpu3_ITLB TOTAL        ACCESS:   20091874 HIT:   20091874 MISS:          0 MSHR_MERGE:          0
cpu3->cpu3_ITLB LOAD         ACCESS:   20091874 HIT:   20091874 MISS:          0 MSHR_MERGE:          0
cpu3->cpu3_ITLB RFO          ACCESS:          0 HIT:          0 MISS:          0 MSHR_MERGE:          0
cpu3->cpu3_ITLB PREFETCH     ACCESS:          0 HIT:          0 MISS:          0 MSHR_MERGE:          0
cpu3->cpu3_ITLB WRITE        ACCESS:          0 HIT:          0 MISS:          0 MSHR_MERGE:          0
cpu3->cpu3_ITLB TRANSLATION  ACCESS:          0 HIT:          0 MISS:          0 MSHR_MERGE:          0
cpu3->cpu3_ITLB PREFETCH REQUESTED:          0 ISSUED:          0 USEFUL:          0 USELESS:          0
cpu3->cpu3_ITLB AVERAGE MISS LATENCY: - cycles
cpu3->cpu3_DTLB TOTAL        ACCESS:   33538679 HIT:   33355876 MISS:     182803 MSHR_MERGE:      43163
cpu3->cpu3_DTLB LOAD         ACCESS:   33538679 HIT:   33355876 MISS:     182803 MSHR_MERGE:      43163
cpu3->cpu3_DTLB RFO          ACCESS:          0 HIT:          0 MISS:          0 MSHR_MERGE:          0
cpu3->cpu3_DTLB PREFETCH     ACCESS:          0 HIT:          0 MISS:          0 MSHR_MERGE:          0
cpu3->cpu3_DTLB WRITE        ACCESS:          0 HIT:          0 MISS:          0 MSHR_MERGE:          0
cpu3->cpu3_DTLB TRANSLATION  ACCESS:          0 HIT:          0 MISS:          0 MSHR_MERGE:          0
cpu3->cpu3_DTLB PREFETCH REQUESTED:          0 ISSUED:          0 USEFUL:          0 USELESS:          0
cpu3->cpu3_DTLB AVERAGE MISS LATENCY: 5 cycles
cpu2->cpu2_STLB TOTAL        ACCESS:     139385 HIT:     139385 MISS:          0 MSHR_MERGE:          0
cpu2->cpu2_STLB LOAD         ACCESS:     139385 HIT:     139385 MISS:          0 MSHR_MERGE:          0
cpu2->cpu2_STLB RFO          ACCESS:          0 HIT:          0 MISS:          0 MSHR_MERGE:          0
cpu2->cpu2_STLB PREFETCH     ACCESS:          0 HIT:          0 MISS:          0 MSHR_MERGE:          0
cpu2->cpu2_STLB WRITE        ACCESS:          0 HIT:          0 MISS:          0 MSHR_MERGE:          0
cpu2->cpu2_STLB TRANSLATION  ACCESS:          0 HIT:          0 MISS:          0 MSHR_MERGE:          0
cpu2->cpu2_STLB PREFETCH REQUESTED:          0 ISSUED:          0 USEFUL:          0 USELESS:          0
cpu2->cpu2_STLB AVERAGE MISS LATENCY: - cycles
cpu2->cpu2_L2C TOTAL        ACCESS:    2848656 HIT:    1483883 MISS:    1364773 MSHR_MERGE:          0
cpu2->cpu2_L2C LOAD         ACCESS:    1681736 HIT:     498502 MISS:    1183234 MSHR_MERGE:          0
cpu2->cpu2_L2C RFO          ACCESS:     246857 HIT:      66440 MISS:     180417 MSHR_MERGE:          0
cpu2->cpu2_L2C PREFETCH     ACCESS:          0 HIT:          0 MISS:          0 MSHR_MERGE:          0
cpu2->cpu2_L2C WRITE        ACCESS:     920063 HIT:     918941 MISS:       1122 MSHR_MERGE:          0
cpu2->cpu2_L2C TRANSLATION  ACCESS:          0 HIT:          0 MISS:          0 MSHR_MERGE:          0
cpu2->cpu2_L2C PREFETCH REQUESTED:          0 ISSUED:          0 USEFUL:          0 USELESS:          0
cpu2->cpu2_L2C AVERAGE MISS LATENCY: 213.8 cycles
cpu2->cpu2_L1I TOTAL        ACCESS:   22153913 HIT:   22063018 MISS:      90895 MSHR_MERGE:      29466
cpu2->cpu2_L1I LOAD         ACCESS:   22153913 HIT:   22063018 MISS:      90895 MSHR_MERGE:      29466
cpu2->cpu2_L1I RFO          ACCESS:          0 HIT:          0 MISS:          0 MSHR_MERGE:          0
cpu2->cpu2_L1I PREFETCH     ACCESS:          0 HIT:          0 MISS:          0 MSHR_MERGE:          0
cpu2->cpu2_L1I WRITE        ACCESS:          0 HIT:          0 MISS:          0 MSHR_MERGE:          0
cpu2->cpu2_L1I TRANSLATION  ACCESS:          0 HIT:          0 MISS:          0 MSHR_MERGE:          0
cpu2->cpu2_L1I PREFETCH REQUESTED:          0 ISSUED:          0 USEFUL:          0 USELESS:          0
cpu2->cpu2_L1I AVERAGE MISS LATENCY: 21.06 cycles
cpu2->cpu2_L1D TOTAL        ACCESS:   36155901 HIT:   33137396 MISS:    3018505 MSHR_MERGE:    1151296
cpu2->cpu2_L1D LOAD         ACCESS:   18032889 HIT:   15800762 MISS:    2232127 MSHR_MERGE:     611801
cpu2->cpu2_L1D RFO          ACCESS:          0 HIT:          0 MISS:          0 MSHR_MERGE:          0
cpu2->cpu2_L1D PREFETCH     ACCESS:          0 HIT:          0 MISS:          0 MSHR_MERGE:          0
cpu2->cpu2_L1D WRITE        ACCESS:   18123012 HIT:   17336634 MISS:     786378 MSHR_MERGE:     539495
cpu2->cpu2_L1D TRANSLATION  ACCESS:          0 HIT:          0 MISS:          0 MSHR_MERGE:          0
cpu2->cpu2_L1D PREFETCH REQUESTED:          0 ISSUED:          0 USEFUL:          0 USELESS:          0
cpu2->cpu2_L1D AVERAGE MISS LATENCY: 164.6 cycles
cpu2->cpu2_ITLB TOTAL        ACCESS:   20038004 HIT:   20038004 MISS:          0 MSHR_MERGE:          0
cpu2->cpu2_ITLB LOAD         ACCESS:   20038004 HIT:   20038004 MISS:          0 MSHR_MERGE:          0
cpu2->cpu2_ITLB RFO          ACCESS:          0 HIT:          0 MISS:          0 MSHR_MERGE:          0
cpu2->cpu2_ITLB PREFETCH     ACCESS:          0 HIT:          0 MISS:          0 MSHR_MERGE:          0
cpu2->cpu2_ITLB WRITE        ACCESS:          0 HIT:          0 MISS:          0 MSHR_MERGE:          0
cpu2->cpu2_ITLB TRANSLATION  ACCESS:          0 HIT:          0 MISS:          0 MSHR_MERGE:          0
cpu2->cpu2_ITLB PREFETCH REQUESTED:          0 ISSUED:          0 USEFUL:          0 USELESS:          0
cpu2->cpu2_ITLB AVERAGE MISS LATENCY: - cycles
cpu2->cpu2_DTLB TOTAL        ACCESS:   33461427 HIT:   33278918 MISS:     182509 MSHR_MERGE:      43124
cpu2->cpu2_DTLB LOAD         ACCESS:   33461427 HIT:   33278918 MISS:     182509 MSHR_MERGE:      43124
cpu2->cpu2_DTLB RFO          ACCESS:          0 HIT:          0 MISS:          0 MSHR_MERGE:          0
cpu2->cpu2_DTLB PREFETCH     ACCESS:          0 HIT:          0 MISS:          0 MSHR_MERGE:          0
cpu2->cpu2_DTLB WRITE        ACCESS:          0 HIT:          0 MISS:          0 MSHR_MERGE:          0
cpu2->cpu2_DTLB TRANSLATION  ACCESS:          0 HIT:          0 MISS:          0 MSHR_MERGE:          0
cpu2->cpu2_DTLB PREFETCH REQUESTED:          0 ISSUED:          0 USEFUL:          0 USELESS:          0
cpu2->cpu2_DTLB AVERAGE MISS LATENCY: 5 cycles
cpu1->cpu1_STLB TOTAL        ACCESS:     139403 HIT:     139403 MISS:          0 MSHR_MERGE:          0
cpu1->cpu1_STLB LOAD         ACCESS:     139403 HIT:     139403 MISS:          0 MSHR_MERGE:          0
cpu1->cpu1_STLB RFO          ACCESS:          0 HIT:          0 MISS:          0 MSHR_MERGE:          0
cpu1->cpu1_STLB PREFETCH     ACCESS:          0 HIT:          0 MISS:          0 MSHR_MERGE:          0
cpu1->cpu1_STLB WRITE        ACCESS:          0 HIT:          0 MISS:          0 MSHR_MERGE:          0
cpu1->cpu1_STLB TRANSLATION  ACCESS:          0 HIT:          0 MISS:          0 MSHR_MERGE:          0
cpu1->cpu1_STLB PREFETCH REQUESTED:          0 ISSUED:          0 USEFUL:          0 USELESS:          0
cpu1->cpu1_STLB AVERAGE MISS LATENCY: - cycles
cpu1->cpu1_L2C TOTAL        ACCESS:    2849554 HIT:    1484217 MISS:    1365337 MSHR_MERGE:          0
cpu1->cpu1_L2C LOAD         ACCESS:    1682147 HIT:     498445 MISS:    1183702 MSHR_MERGE:          0
cpu1->cpu1_L2C RFO          ACCESS:     246954 HIT:      66442 MISS:     180512 MSHR_MERGE:          0
cpu1->cpu1_L2C PREFETCH     ACCESS:          0 HIT:          0 MISS:          0 MSHR_MERGE:          0
cpu1->cpu1_L2C WRITE        ACCESS:     920453 HIT:     919330 MISS:       1123 MSHR_MERGE:          0
cpu1->cpu1_L2C TRANSLATION  ACCESS:          0 HIT:          0 MISS:          0 MSHR_MERGE:          0
cpu1->cpu1_L2C PREFETCH REQUESTED:          0 ISSUED:          0 USEFUL:          0 USELESS:          0
cpu1->cpu1_L2C AVERAGE MISS LATENCY: 213.8 cycles
cpu1->cpu1_L1I TOTAL        ACCESS:   22162559 HIT:   22071882 MISS:      90677 MSHR_MERGE:      29281
cpu1->cpu1_L1I LOAD         ACCESS:   22162559 HIT:   22071882 MISS:      90677 MSHR_MERGE:      29281
cpu1->cpu1_L1I RFO          ACCESS:          0 HIT:          0 MISS:          0 MSHR_MERGE:          0
cpu1->cpu1_L1I PREFETCH     ACCESS:          0 HIT:          0 MISS:          0 MSHR_MERGE:          0
cpu1->cpu1_L1I WRITE        ACCESS:          0 HIT:          0 MISS:          0 MSHR_MERGE:          0
cpu1->cpu1_L1I TRANSLATION  ACCESS:          0 HIT:          0 MISS:          0 MSHR_MERGE:          0
cpu1->cpu1_L1I PREFETCH REQUESTED:          0 ISSUED:          0 USEFUL:          0 USELESS:          0
cpu1->cpu1_L1I AVERAGE MISS LATENCY: 20.88 cycles
cpu1->cpu1_L1D TOTAL        ACCESS:   36160018 HIT:   33141246 MISS:    3018772 MSHR_MERGE:    1151012
cpu1->cpu1_L1D LOAD         ACCESS:   18032890 HIT:   15801222 MISS:    2231668 MSHR_MERGE:     610892
cpu1->cpu1_L1D RFO          ACCESS:          0 HIT:          0 MISS:          0 MSHR_MERGE:          0
cpu1->cpu1_L1D PREFETCH     ACCESS:          0 HIT:          0 MISS:          0 MSHR_MERGE:          0
cpu1->cpu1_L1D WRITE        ACCESS:   18127128 HIT:   17340024 MISS:     787104 MSHR_MERGE:     540120
cpu1->cpu1_L1D TRANSLATION  ACCESS:          0 HIT:          0 MISS:          0 MSHR_MERGE:          0
cpu1->cpu1_L1D PREFETCH REQUESTED:          0 ISSUED:          0 USEFUL:          0 USELESS:          0
cpu1->cpu1_L1D AVERAGE MISS LATENCY: 164.6 cycles
cpu1->cpu1_ITLB TOTAL        ACCESS:   20076318 HIT:   20076318 MISS:          0 MSHR_MERGE:          0
cpu1->cpu1_ITLB LOAD         ACCESS:   20076318 HIT:   20076318 MISS:          0 MSHR_MERGE:          0
cpu1->cpu1_ITLB RFO          ACCESS:          0 HIT:          0 MISS:          0 MSHR_MERGE:          0
cpu1->cpu1_ITLB PREFETCH     ACCESS:          0 HIT:          0 MISS:          0 MSHR_MERGE:          0
cpu1->cpu1_ITLB WRITE        ACCESS:          0 HIT:          0 MISS:          0 MSHR_MERGE:          0
cpu1->cpu1_ITLB TRANSLATION  ACCESS:          0 HIT:          0 MISS:          0 MSHR_MERGE:          0
cpu1->cpu1_ITLB PREFETCH REQUESTED:          0 ISSUED:          0 USEFUL:          0 USELESS:          0
cpu1->cpu1_ITLB AVERAGE MISS LATENCY: - cycles
cpu1->cpu1_DTLB TOTAL        ACCESS:   33482107 HIT:   33300028 MISS:     182079 MSHR_MERGE:      42676
cpu1->cpu1_DTLB LOAD         ACCESS:   33482107 HIT:   33300028 MISS:     182079 MSHR_MERGE:      42676
cpu1->cpu1_DTLB RFO          ACCESS:          0 HIT:          0 MISS:          0 MSHR_MERGE:          0
cpu1->cpu1_DTLB PREFETCH     ACCESS:          0 HIT:          0 MISS:          0 MSHR_MERGE:          0
cpu1->cpu1_DTLB WRITE        ACCESS:          0 HIT:          0 MISS:          0 MSHR_MERGE:          0
cpu1->cpu1_DTLB TRANSLATION  ACCESS:          0 HIT:          0 MISS:          0 MSHR_MERGE:          0
cpu1->cpu1_DTLB PREFETCH REQUESTED:          0 ISSUED:          0 USEFUL:          0 USELESS:          0
cpu1->cpu1_DTLB AVERAGE MISS LATENCY: 5 cycles
cpu0->cpu0_STLB TOTAL        ACCESS:     139694 HIT:     139694 MISS:          0 MSHR_MERGE:          0
cpu0->cpu0_STLB LOAD         ACCESS:     139694 HIT:     139694 MISS:          0 MSHR_MERGE:          0
cpu0->cpu0_STLB RFO          ACCESS:          0 HIT:          0 MISS:          0 MSHR_MERGE:          0
cpu0->cpu0_STLB PREFETCH     ACCESS:          0 HIT:          0 MISS:          0 MSHR_MERGE:          0
cpu0->cpu0_STLB WRITE        ACCESS:          0 HIT:          0 MISS:          0 MSHR_MERGE:          0
cpu0->cpu0_STLB TRANSLATION  ACCESS:          0 HIT:          0 MISS:          0 MSHR_MERGE:          0
cpu0->cpu0_STLB PREFETCH REQUESTED:          0 ISSUED:          0 USEFUL:          0 USELESS:          0
cpu0->cpu0_STLB AVERAGE MISS LATENCY: - cycles
cpu0->cpu0_L2C TOTAL        ACCESS:    2852875 HIT:    1486103 MISS:    1366772 MSHR_MERGE:          0
cpu0->cpu0_L2C LOAD         ACCESS:    1684322 HIT:     499323 MISS:    1184999 MSHR_MERGE:          0
cpu0->cpu0_L2C RFO          ACCESS:     247240 HIT:      66592 MISS:     180648 MSHR_MERGE:          0
cpu0->cpu0_L2C PREFETCH     ACCESS:          0 HIT:          0 MISS:          0 MSHR_MERGE:          0
cpu0->cpu0_L2C WRITE        ACCESS:     921313 HIT:     920188 MISS:       1125 MSHR_MERGE:          0
cpu0->cpu0_L2C TRANSLATION  ACCESS:          0 HIT:          0 MISS:          0 MSHR_MERGE:          0
cpu0->cpu0_L2C PREFETCH REQUESTED:          0 ISSUED:          0 USEFUL:          0 USELESS:          0
cpu0->cpu0_L2C AVERAGE MISS LATENCY: 213.4 cycles
cpu0->cpu0_L1I TOTAL        ACCESS:   22189279 HIT:   22098389 MISS:      90890 MSHR_MERGE:      29344
cpu0->cpu0_L1I LOAD         ACCESS:   22189279 HIT:   22098389 MISS:      90890 MSHR_MERGE:      29344
cpu0->cpu0_L1I RFO          ACCESS:          0 HIT:          0 MISS:          0 MSHR_MERGE:          0
cpu0->cpu0_L1I PREFETCH     ACCESS:          0 HIT:          0 MISS:          0 MSHR_MERGE:          0
cpu0->cpu0_L1I WRITE        ACCESS:          0 HIT:          0 MISS:          0 MSHR_MERGE:          0
cpu0->cpu0_L1I TRANSLATION  ACCESS:          0 HIT:          0 MISS:          0 MSHR_MERGE:          0
cpu0->cpu0_L1I PREFETCH REQUESTED:          0 ISSUED:          0 USEFUL:          0 USELESS:          0
cpu0->cpu0_L1I AVERAGE MISS LATENCY: 20.91 cycles
cpu0->cpu0_L1D TOTAL        ACCESS:   36214798 HIT:   33194773 MISS:    3020025 MSHR_MERGE:    1149961
cpu0->cpu0_L1D LOAD         ACCESS:   18062514 HIT:   15829167 MISS:    2233347 MSHR_MERGE:     610554
cpu0->cpu0_L1D RFO          ACCESS:          0 HIT:          0 MISS:          0 MSHR_MERGE:          0
cpu0->cpu0_L1D PREFETCH     ACCESS:          0 HIT:          0 MISS:          0 MSHR_MERGE:          0
cpu0->cpu0_L1D WRITE        ACCESS:   18152284 HIT:   17365606 MISS:     786678 MSHR_MERGE:     539407
cpu0->cpu0_L1D TRANSLATION  ACCESS:          0 HIT:          0 MISS:          0 MSHR_MERGE:          0
cpu0->cpu0_L1D PREFETCH REQUESTED:          0 ISSUED:          0 USEFUL:          0 USELESS:          0
cpu0->cpu0_L1D AVERAGE MISS LATENCY: 164.2 cycles
cpu0->cpu0_ITLB TOTAL        ACCESS:   20100471 HIT:   20100471 MISS:          0 MSHR_MERGE:          0
cpu0->cpu0_ITLB LOAD         ACCESS:   20100471 HIT:   20100471 MISS:          0 MSHR_MERGE:          0
cpu0->cpu0_ITLB RFO          ACCESS:          0 HIT:          0 MISS:          0 MSHR_MERGE:          0
cpu0->cpu0_ITLB PREFETCH     ACCESS:          0 HIT:          0 MISS:          0 MSHR_MERGE:          0
cpu0->cpu0_ITLB WRITE        ACCESS:          0 HIT:          0 MISS:          0 MSHR_MERGE:          0
cpu0->cpu0_ITLB TRANSLATION  ACCESS:          0 HIT:          0 MISS:          0 MSHR_MERGE:          0
cpu0->cpu0_ITLB PREFETCH REQUESTED:          0 ISSUED:          0 USEFUL:          0 USELESS:          0
cpu0->cpu0_ITLB AVERAGE MISS LATENCY: - cycles
cpu0->cpu0_DTLB TOTAL        ACCESS:   33553541 HIT:   33371066 MISS:     182475 MSHR_MERGE:      42781
cpu0->cpu0_DTLB LOAD         ACCESS:   33553541 HIT:   33371066 MISS:     182475 MSHR_MERGE:      42781
cpu0->cpu0_DTLB RFO          ACCESS:          0 HIT:          0 MISS:          0 MSHR_MERGE:          0
cpu0->cpu0_DTLB PREFETCH     ACCESS:          0 HIT:          0 MISS:          0 MSHR_MERGE:          0
cpu0->cpu0_DTLB WRITE        ACCESS:          0 HIT:          0 MISS:          0 MSHR_MERGE:          0
cpu0->cpu0_DTLB TRANSLATION  ACCESS:          0 HIT:          0 MISS:          0 MSHR_MERGE:          0
cpu0->cpu0_DTLB PREFETCH REQUESTED:          0 ISSUED:          0 USEFUL:          0 USELESS:          0
cpu0->cpu0_DTLB AVERAGE MISS LATENCY: 5 cycles
cpu0->LLC TOTAL        ACCESS:    2032405 HIT:     814396 MISS:    1218009 MSHR_MERGE:          0
cpu0->LLC LOAD         ACCESS:    1184999 HIT:     209834 MISS:     975165 MSHR_MERGE:          0
cpu0->LLC RFO          ACCESS:     180648 HIT:      51682 MISS:     128966 MSHR_MERGE:          0
cpu0->LLC PREFETCH     ACCESS:          0 HIT:          0 MISS:          0 MSHR_MERGE:          0
cpu0->LLC WRITE        ACCESS:     666758 HIT:     552880 MISS:     113878 MSHR_MERGE:          0
cpu0->LLC TRANSLATION  ACCESS:          0 HIT:          0 MISS:          0 MSHR_MERGE:          0
cpu0->LLC PREFETCH REQUESTED:          0 ISSUED:          0 USEFUL:          0 USELESS:          0
cpu0->LLC AVERAGE MISS LATENCY: 1782 cycles
cpu1->LLC TOTAL        ACCESS:    2030293 HIT:     784987 MISS:    1245306 MSHR_MERGE:          0
cpu1->LLC LOAD         ACCESS:    1183705 HIT:     208581 MISS:     975124 MSHR_MERGE:          0
cpu1->LLC RFO          ACCESS:     180512 HIT:      51573 MISS:     128939 MSHR_MERGE:          0
cpu1->LLC PREFETCH     ACCESS:          0 HIT:          0 MISS:          0 MSHR_MERGE:          0
cpu1->LLC WRITE        ACCESS:     666076 HIT:     524833 MISS:     141243 MSHR_MERGE:          0
cpu1->LLC TRANSLATION  ACCESS:          0 HIT:          0 MISS:          0 MSHR_MERGE:          0
cpu1->LLC PREFETCH REQUESTED:          0 ISSUED:          0 USEFUL:          0 USELESS:          0
cpu1->LLC AVERAGE MISS LATENCY: 1743 cycles
cpu2->LLC TOTAL        ACCESS:    2029468 HIT:     795762 MISS:    1233706 MSHR_MERGE:          0
cpu2->LLC LOAD         ACCESS:    1183234 HIT:     207863 MISS:     975371 MSHR_MERGE:          0
cpu2->LLC RFO          ACCESS:     180417 HIT:      51373 MISS:     129044 MSHR_MERGE:          0
cpu2->LLC PREFETCH     ACCESS:          0 HIT:          0 MISS:          0 MSHR_MERGE:          0
cpu2->LLC WRITE        ACCESS:     665817 HIT:     536526 MISS:     129291 MSHR_MERGE:          0
cpu2->LLC TRANSLATION  ACCESS:          0 HIT:          0 MISS:          0 MSHR_MERGE:          0
cpu2->LLC PREFETCH REQUESTED:          0 ISSUED:          0 USEFUL:          0 USELESS:          0
cpu2->LLC AVERAGE MISS LATENCY: 1759 cycles
cpu3->LLC TOTAL        ACCESS:    2031686 HIT:     812392 MISS:    1219294 MSHR_MERGE:          0
cpu3->LLC LOAD         ACCESS:    1184541 HIT:     209042 MISS:     975499 MSHR_MERGE:          0
cpu3->LLC RFO          ACCESS:     180614 HIT:      51557 MISS:     129057 MSHR_MERGE:          0
cpu3->LLC PREFETCH     ACCESS:          0 HIT:          0 MISS:          0 MSHR_MERGE:          0
cpu3->LLC WRITE        ACCESS:     666531 HIT:     551793 MISS:     114738 MSHR_MERGE:          0
cpu3->LLC TRANSLATION  ACCESS:          0 HIT:          0 MISS:          0 MSHR_MERGE:          0
cpu3->LLC PREFETCH REQUESTED:          0 ISSUED:          0 USEFUL:          0 USELESS:          0
cpu3->LLC AVERAGE MISS LATENCY: 1780 cycles
cpu4->LLC TOTAL        ACCESS:    2030512 HIT:     788515 MISS:    1241997 MSHR_MERGE:          0
cpu4->LLC LOAD         ACCESS:    1183823 HIT:     208793 MISS:     975030 MSHR_MERGE:          0
cpu4->LLC RFO          ACCESS:     180553 HIT:      51566 MISS:     128987 MSHR_MERGE:          0
cpu4->LLC PREFETCH     ACCESS:          0 HIT:          0 MISS:          0 MSHR_MERGE:          0
cpu4->LLC WRITE        ACCESS:     666136 HIT:     528156 MISS:     137980 MSHR_MERGE:          0
cpu4->LLC TRANSLATION  ACCESS:          0 HIT:          0 MISS:          0 MSHR_MERGE:          0
cpu4->LLC PREFETCH REQUESTED:          0 ISSUED:          0 USEFUL:          0 USELESS:          0
cpu4->LLC AVERAGE MISS LATENCY: 1747 cycles
cpu5->LLC TOTAL        ACCESS:    2029552 HIT:     786776 MISS:    1242776 MSHR_MERGE:          0
cpu5->LLC LOAD         ACCESS:    1183270 HIT:     208391 MISS:     974879 MSHR_MERGE:          0
cpu5->LLC RFO          ACCESS:     180459 HIT:      51470 MISS:     128989 MSHR_MERGE:          0
cpu5->LLC PREFETCH     ACCESS:          0 HIT:          0 MISS:          0 MSHR_MERGE:          0
cpu5->LLC WRITE        ACCESS:     665823 HIT:     526915 MISS:     138908 MSHR_MERGE:          0
cpu5->LLC TRANSLATION  ACCESS:          0 HIT:          0 MISS:          0 MSHR_MERGE:          0
cpu5->LLC PREFETCH REQUESTED:          0 ISSUED:          0 USEFUL:          0 USELESS:          0
cpu5->LLC AVERAGE MISS LATENCY: 1746 cycles
cpu6->LLC TOTAL        ACCESS:    2030960 HIT:     811854 MISS:    1219106 MSHR_MERGE:          0
cpu6->LLC LOAD         ACCESS:    1184127 HIT:     208755 MISS:     975372 MSHR_MERGE:          0
cpu6->LLC RFO          ACCESS:     180556 HIT:      51414 MISS:     129142 MSHR_MERGE:          0
cpu6->LLC PREFETCH     ACCESS:          0 HIT:          0 MISS:          0 MSHR_MERGE:          0
cpu6->LLC WRITE        ACCESS:     666277 HIT:     551685 MISS:     114592 MSHR_MERGE:          0
cpu6->LLC TRANSLATION  ACCESS:          0 HIT:          0 MISS:          0 MSHR_MERGE:          0
cpu6->LLC PREFETCH REQUESTED:          0 ISSUED:          0 USEFUL:          0 USELESS:          0
cpu6->LLC AVERAGE MISS LATENCY: 1780 cycles
cpu7->LLC TOTAL        ACCESS:    2030672 HIT:     785965 MISS:    1244707 MSHR_MERGE:          0
cpu7->LLC LOAD         ACCESS:    1183907 HIT:     208668 MISS:     975239 MSHR_MERGE:          0
cpu7->LLC RFO          ACCESS:     180553 HIT:      51655 MISS:     128898 MSHR_MERGE:          0
cpu7->LLC PREFETCH     ACCESS:          0 HIT:          0 MISS:          0 MSHR_MERGE:          0
cpu7->LLC WRITE        ACCESS:     666212 HIT:     525642 MISS:     140570 MSHR_MERGE:          0
cpu7->LLC TRANSLATION  ACCESS:          0 HIT:          0 MISS:          0 MSHR_MERGE:          0
cpu7->LLC PREFETCH REQUESTED:          0 ISSUED:          0 USEFUL:          0 USELESS:          0
cpu7->LLC AVERAGE MISS LATENCY: 1743 cycles

Region of Interest Statistics

CPU 7 cumulative IPC: 0.4928 instructions: 100000003 cycles: 202901734
CPU 7 Branch Prediction Accuracy: 100% MPKI: 0 Average ROB Occupancy at Mispredict: -
Branch type MPKI
BRANCH_DIRECT_JUMP: 0
BRANCH_INDIRECT: 0
BRANCH_CONDITIONAL: 0
BRANCH_DIRECT_CALL: 0
BRANCH_INDIRECT_CALL: 0
BRANCH_RETURN: 0


CPU 6 cumulative IPC: 0.4933 instructions: 100000003 cycles: 202736353
CPU 6 Branch Prediction Accuracy: 100% MPKI: 0 Average ROB Occupancy at Mispredict: -
Branch type MPKI
BRANCH_DIRECT_JUMP: 0
BRANCH_INDIRECT: 0
BRANCH_CONDITIONAL: 0
BRANCH_DIRECT_CALL: 0
BRANCH_INDIRECT_CALL: 0
BRANCH_RETURN: 0


CPU 5 cumulative IPC: 0.4926 instructions: 100000000 cycles: 203016039
CPU 5 Branch Prediction Accuracy: 100% MPKI: 0 Average ROB Occupancy at Mispredict: -
Branch type MPKI
BRANCH_DIRECT_JUMP: 0
BRANCH_INDIRECT: 0
BRANCH_CONDITIONAL: 0
BRANCH_DIRECT_CALL: 0
BRANCH_INDIRECT_CALL: 0
BRANCH_RETURN: 0


CPU 4 cumulative IPC: 0.4929 instructions: 100000003 cycles: 202878157
CPU 4 Branch Prediction Accuracy: 100% MPKI: 0 Average ROB Occupancy at Mispredict: -
Branch type MPKI
BRANCH_DIRECT_JUMP: 0
BRANCH_INDIRECT: 0
BRANCH_CONDITIONAL: 0
BRANCH_DIRECT_CALL: 0
BRANCH_INDIRECT_CALL: 0
BRANCH_RETURN: 0


CPU 3 cumulative IPC: 0.4933 instructions: 100000000 cycles: 202702552
CPU 3 Branch Prediction Accuracy: 100% MPKI: 0 Average ROB Occupancy at Mispredict: -
Branch type MPKI
BRANCH_DIRECT_JUMP: 0
BRANCH_INDIRECT: 0
BRANCH_CONDITIONAL: 0
BRANCH_DIRECT_CALL: 0
BRANCH_INDIRECT_CALL: 0
BRANCH_RETURN: 0


CPU 2 cumulative IPC: 0.4926 instructions: 100000001 cycles: 202997272
CPU 2 Branch Prediction Accuracy: 100% MPKI: 0 Average ROB Occupancy at Mispredict: -
Branch type MPKI
BRANCH_DIRECT_JUMP: 0
BRANCH_INDIRECT: 0
BRANCH_CONDITIONAL: 0
BRANCH_DIRECT_CALL: 0
BRANCH_INDIRECT_CALL: 0
BRANCH_RETURN: 0


CPU 1 cumulative IPC: 0.4928 instructions: 100000000 cycles: 202937605
CPU 1 Branch Prediction Accuracy: 100% MPKI: 0 Average ROB Occupancy at Mispredict: -
Branch type MPKI
BRANCH_DIRECT_JUMP: 0
BRANCH_INDIRECT: 0
BRANCH_CONDITIONAL: 0
BRANCH_DIRECT_CALL: 0
BRANCH_INDIRECT_CALL: 0
BRANCH_RETURN: 0


CPU 0 cumulative IPC: 0.4935 instructions: 100000001 cycles: 202618874
CPU 0 Branch Prediction Accuracy: 100% MPKI: 0 Average ROB Occupancy at Mispredict: -
Branch type MPKI
BRANCH_DIRECT_JUMP: 0
BRANCH_INDIRECT: 0
BRANCH_CONDITIONAL: 0
BRANCH_DIRECT_CALL: 0
BRANCH_INDIRECT_CALL: 0
BRANCH_RETURN: 0

cpu7->cpu7_STLB TOTAL        ACCESS:     139413 HIT:     139413 MISS:          0 MSHR_MERGE:          0
cpu7->cpu7_STLB LOAD         ACCESS:     139413 HIT:     139413 MISS:          0 MSHR_MERGE:          0
cpu7->cpu7_STLB RFO          ACCESS:          0 HIT:          0 MISS:          0 MSHR_MERGE:          0
cpu7->cpu7_STLB PREFETCH     ACCESS:          0 HIT:          0 MISS:          0 MSHR_MERGE:          0
cpu7->cpu7_STLB WRITE        ACCESS:          0 HIT:          0 MISS:          0 MSHR_MERGE:          0
cpu7->cpu7_STLB TRANSLATION  ACCESS:          0 HIT:          0 MISS:          0 MSHR_MERGE:          0
cpu7->cpu7_STLB PREFETCH REQUESTED:          0 ISSUED:          0 USEFUL:          0 USELESS:          0
cpu7->cpu7_STLB AVERAGE MISS LATENCY: - cycles
cpu7->cpu7_L2C TOTAL        ACCESS:    2850099 HIT:    1484516 MISS:    1365583 MSHR_MERGE:          0
cpu7->cpu7_L2C LOAD         ACCESS:    1682507 HIT:     498600 MISS:    1183907 MSHR_MERGE:          0
cpu7->cpu7_L2C RFO          ACCESS:     246998 HIT:      66445 MISS:     180553 MSHR_MERGE:          0
cpu7->cpu7_L2C PREFETCH     ACCESS:          0 HIT:          0 MISS:          0 MSHR_MERGE:          0
cpu7->cpu7_L2C WRITE        ACCESS:     920594 HIT:     919471 MISS:       1123 MSHR_MERGE:          0
cpu7->cpu7_L2C TRANSLATION  ACCESS:          0 HIT:          0 MISS:          0 MSHR_MERGE:          0
cpu7->cpu7_L2C PREFETCH REQUESTED:          0 ISSUED:          0 USEFUL:          0 USELESS:          0
cpu7->cpu7_L2C AVERAGE MISS LATENCY: 213.7 cycles
cpu7->cpu7_L1I TOTAL        ACCESS:   22166836 HIT:   22076135 MISS:      90701 MSHR_MERGE:      29284
cpu7->cpu7_L1I LOAD         ACCESS:   22166836 HIT:   22076135 MISS:      90701 MSHR_MERGE:      29284
cpu7->cpu7_L1I RFO          ACCESS:          0 HIT:          0 MISS:          0 MSHR_MERGE:          0
cpu7->cpu7_L1I PREFETCH     ACCESS:          0 HIT:          0 MISS:          0 MSHR_MERGE:          0
cpu7->cpu7_L1I WRITE        ACCESS:          0 HIT:          0 MISS:          0 MSHR_MERGE:          0
cpu7->cpu7_L1I TRANSLATION  ACCESS:          0 HIT:          0 MISS:          0 MSHR_MERGE:          0
cpu7->cpu7_L1I PREFETCH REQUESTED:          0 ISSUED:          0 USEFUL:          0 USELESS:          0
cpu7->cpu7_L1I AVERAGE MISS LATENCY: 20.81 cycles
cpu7->cpu7_L1D TOTAL        ACCESS:   36165522 HIT:   33147119 MISS:    3018403 MSHR_MERGE:    1150274
cpu7->cpu7_L1D LOAD         ACCESS:   18034096 HIT:   15802682 MISS:    2231414 MSHR_MERGE:     610313
cpu7->cpu7_L1D RFO          ACCESS:          0 HIT:          0 MISS:          0 MSHR_MERGE:          0
cpu7->cpu7_L1D PREFETCH     ACCESS:          0 HIT:          0 MISS:          0 MSHR_MERGE:          0
cpu7->cpu7_L1D WRITE        ACCESS:   18131426 HIT:   17344437 MISS:     786989 MSHR_MERGE:     539961
cpu7->cpu7_L1D TRANSLATION  ACCESS:          0 HIT:          0 MISS:          0 MSHR_MERGE:          0
cpu7->cpu7_L1D PREFETCH REQUESTED:          0 ISSUED:          0 USEFUL:          0 USELESS:          0
cpu7->cpu7_L1D AVERAGE MISS LATENCY: 164.5 cycles
cpu7->cpu7_ITLB TOTAL        ACCESS:   20048360 HIT:   20048360 MISS:          0 MSHR_MERGE:          0
cpu7->cpu7_ITLB LOAD         ACCESS:   20048360 HIT:   20048360 MISS:          0 MSHR_MERGE:          0
cpu7->cpu7_ITLB RFO          ACCESS:          0 HIT:          0 MISS:          0 MSHR_MERGE:          0
cpu7->cpu7_ITLB PREFETCH     ACCESS:          0 HIT:          0 MISS:          0 MSHR_MERGE:          0
cpu7->cpu7_ITLB WRITE        ACCESS:          0 HIT:          0 MISS:          0 MSHR_MERGE:          0
cpu7->cpu7_ITLB TRANSLATION  ACCESS:          0 HIT:          0 MISS:          0 MSHR_MERGE:          0
cpu7->cpu7_ITLB PREFETCH REQUESTED:          0 ISSUED:          0 USEFUL:          0 USELESS:          0
cpu7->cpu7_ITLB AVERAGE MISS LATENCY: - cycles
cpu7->cpu7_DTLB TOTAL        ACCESS:   33492139 HIT:   33309694 MISS:     182445 MSHR_MERGE:      43032
cpu7->cpu7_DTLB LOAD         ACCESS:   33492139 HIT:   33309694 MISS:     182445 MSHR_MERGE:      43032
cpu7->cpu7_DTLB RFO          ACCESS:          0 HIT:          0 MISS:          0 MSHR_MERGE:          0
cpu7->cpu7_DTLB PREFETCH     ACCESS:          0 HIT:          0 MISS:          0 MSHR_MERGE:          0
cpu7->cpu7_DTLB WRITE        ACCESS:          0 HIT:          0 MISS:          0 MSHR_MERGE:          0
cpu7->cpu7_DTLB TRANSLATION  ACCESS:          0 HIT:          0 MISS:          0 MSHR_MERGE:          0
cpu7->cpu7_DTLB PREFETCH REQUESTED:          0 ISSUED:          0 USEFUL:          0 USELESS:          0
cpu7->cpu7_DTLB AVERAGE MISS LATENCY: 5 cycles
cpu6->cpu6_STLB TOTAL        ACCESS:     139616 HIT:     139616 MISS:          0 MSHR_MERGE:          0
cpu6->cpu6_STLB LOAD         ACCESS:     139616 HIT:     139616 MISS:          0 MSHR_MERGE:          0
cpu6->cpu6_STLB RFO          ACCESS:          0 HIT:          0 MISS:          0 MSHR_MERGE:          0
cpu6->cpu6_STLB PREFETCH     ACCESS:          0 HIT:          0 MISS:          0 MSHR_MERGE:          0
cpu6->cpu6_STLB WRITE        ACCESS:          0 HIT:          0 MISS:          0 MSHR_MERGE:          0
cpu6->cpu6_STLB TRANSLATION  ACCESS:          0 HIT:          0 MISS:          0 MSHR_MERGE:          0
cpu6->cpu6_STLB PREFETCH REQUESTED:          0 ISSUED:          0 USEFUL:          0 USELESS:          0
cpu6->cpu6_STLB AVERAGE MISS LATENCY: - cycles
cpu6->cpu6_L2C TOTAL        ACCESS:    2850760 HIT:    1484961 MISS:    1365799 MSHR_MERGE:          0
cpu6->cpu6_L2C LOAD         ACCESS:    1683082 HIT:     498955 MISS:    1184127 MSHR_MERGE:          0
cpu6->cpu6_L2C RFO          ACCESS:     247096 HIT:      66540 MISS:     180556 MSHR_MERGE:          0
cpu6->cpu6_L2C PREFETCH     ACCESS:          0 HIT:          0 MISS:          0 MSHR_MERGE:          0
cpu6->cpu6_L2C WRITE        ACCESS:     920582 HIT:     919466 MISS:       1116 MSHR_MERGE:          0
cpu6->cpu6_L2C TRANSLATION  ACCESS:          0 HIT:          0 MISS:          0 MSHR_MERGE:          0
cpu6->cpu6_L2C PREFETCH REQUESTED:          0 ISSUED:          0 USEFUL:          0 USELESS:          0
cpu6->cpu6_L2C AVERAGE MISS LATENCY: 213.3 cycles
cpu6->cpu6_L1I TOTAL        ACCESS:   22178168 HIT:   22087299 MISS:      90869 MSHR_MERGE:      29358
cpu6->cpu6_L1I LOAD         ACCESS:   22178168 HIT:   22087299 MISS:      90869 MSHR_MERGE:      29358
cpu6->cpu6_L1I RFO          ACCESS:          0 HIT:          0 MISS:          0 MSHR_MERGE:          0
cpu6->cpu6_L1I PREFETCH     ACCESS:          0 HIT:          0 MISS:          0 MSHR_MERGE:          0
cpu6->cpu6_L1I WRITE        ACCESS:          0 HIT:          0 MISS:          0 MSHR_MERGE:          0
cpu6->cpu6_L1I TRANSLATION  ACCESS:          0 HIT:          0 MISS:          0 MSHR_MERGE:          0
cpu6->cpu6_L1I PREFETCH REQUESTED:          0 ISSUED:          0 USEFUL:          0 USELESS:          0
cpu6->cpu6_L1I AVERAGE MISS LATENCY: 20.47 cycles
cpu6->cpu6_L1D TOTAL        ACCESS:   36192203 HIT:   33173534 MISS:    3018669 MSHR_MERGE:    1149948
cpu6->cpu6_L1D LOAD         ACCESS:   18050572 HIT:   15818833 MISS:    2231739 MSHR_MERGE:     610153
cpu6->cpu6_L1D RFO          ACCESS:          0 HIT:          0 MISS:          0 MSHR_MERGE:          0
cpu6->cpu6_L1D PREFETCH     ACCESS:          0 HIT:          0 MISS:          0 MSHR_MERGE:          0
cpu6->cpu6_L1D WRITE        ACCESS:   18141631 HIT:   17354701 MISS:     786930 MSHR_MERGE:     539795
cpu6->cpu6_L1D TRANSLATION  ACCESS:          0 HIT:          0 MISS:          0 MSHR_MERGE:          0
cpu6->cpu6_L1D PREFETCH REQUESTED:          0 ISSUED:          0 USEFUL:          0 USELESS:          0
cpu6->cpu6_L1D AVERAGE MISS LATENCY: 164.2 cycles
cpu6->cpu6_ITLB TOTAL        ACCESS:   20062902 HIT:   20062902 MISS:          0 MSHR_MERGE:          0
cpu6->cpu6_ITLB LOAD         ACCESS:   20062902 HIT:   20062902 MISS:          0 MSHR_MERGE:          0
cpu6->cpu6_ITLB RFO          ACCESS:          0 HIT:          0 MISS:          0 MSHR_MERGE:          0
cpu6->cpu6_ITLB PREFETCH     ACCESS:          0 HIT:          0 MISS:          0 MSHR_MERGE:          0
cpu6->cpu6_ITLB WRITE        ACCESS:          0 HIT:          0 MISS:          0 MSHR_MERGE:          0
cpu6->cpu6_ITLB TRANSLATION  ACCESS:          0 HIT:          0 MISS:          0 MSHR_MERGE:          0
cpu6->cpu6_ITLB PREFETCH REQUESTED:          0 ISSUED:          0 USEFUL:          0 USELESS:          0
cpu6->cpu6_ITLB AVERAGE MISS LATENCY: - cycles
cpu6->cpu6_DTLB TOTAL        ACCESS:   33532729 HIT:   33350256 MISS:     182473 MSHR_MERGE:      42857
cpu6->cpu6_DTLB LOAD         ACCESS:   33532729 HIT:   33350256 MISS:     182473 MSHR_MERGE:      42857
cpu6->cpu6_DTLB RFO          ACCESS:          0 HIT:          0 MISS:          0 MSHR_MERGE:          0
cpu6->cpu6_DTLB PREFETCH     ACCESS:          0 HIT:          0 MISS:          0 MSHR_MERGE:          0
cpu6->cpu6_DTLB WRITE        ACCESS:          0 HIT:          0 MISS:          0 MSHR_MERGE:          0
cpu6->cpu6_DTLB TRANSLATION  ACCESS:          0 HIT:          0 MISS:          0 MSHR_MERGE:          0
cpu6->cpu6_DTLB PREFETCH REQUESTED:          0 ISSUED:          0 USEFUL:          0 USELESS:          0
cpu6->cpu6_DTLB AVERAGE MISS LATENCY: 5 cycles
cpu5->cpu5_STLB TOTAL        ACCESS:     139358 HIT:     139358 MISS:          0 MSHR_MERGE:          0
cpu5->cpu5_STLB LOAD         ACCESS:     139358 HIT:     139358 MISS:          0 MSHR_MERGE:          0
cpu5->cpu5_STLB RFO          ACCESS:          0 HIT:          0 MISS:          0 MSHR_MERGE:          0
cpu5->cpu5_STLB PREFETCH     ACCESS:          0 HIT:          0 MISS:          0 MSHR_MERGE:          0
cpu5->cpu5_STLB WRITE        ACCESS:          0 HIT:          0 MISS:          0 MSHR_MERGE:          0
cpu5->cpu5_STLB TRANSLATION  ACCESS:          0 HIT:          0 MISS:          0 MSHR_MERGE:          0
cpu5->cpu5_STLB PREFETCH REQUESTED:          0 ISSUED:          0 USEFUL:          0 USELESS:          0
cpu5->cpu5_STLB AVERAGE MISS LATENCY: - cycles
cpu5->cpu5_L2C TOTAL        ACCESS:    2848538 HIT:    1483686 MISS:    1364852 MSHR_MERGE:          0
cpu5->cpu5_L2C LOAD         ACCESS:    1681600 HIT:     498330 MISS:    1183270 MSHR_MERGE:          0
cpu5->cpu5_L2C RFO          ACCESS:     246874 HIT:      66415 MISS:     180459 MSHR_MERGE:          0
cpu5->cpu5_L2C PREFETCH     ACCESS:          0 HIT:          0 MISS:          0 MSHR_MERGE:          0
cpu5->cpu5_L2C WRITE        ACCESS:     920064 HIT:     918941 MISS:       1123 MSHR_MERGE:          0
cpu5->cpu5_L2C TRANSLATION  ACCESS:          0 HIT:          0 MISS:          0 MSHR_MERGE:          0
cpu5->cpu5_L2C PREFETCH REQUESTED:          0 ISSUED:          0 USEFUL:          0 USELESS:          0
cpu5->cpu5_L2C AVERAGE MISS LATENCY: 213.9 cycles
cpu5->cpu5_L1I TOTAL        ACCESS:   22150170 HIT:   22059385 MISS:      90785 MSHR_MERGE:      29382
cpu5->cpu5_L1I LOAD         ACCESS:   22150170 HIT:   22059385 MISS:      90785 MSHR_MERGE:      29382
cpu5->cpu5_L1I RFO          ACCESS:          0 HIT:          0 MISS:          0 MSHR_MERGE:          0
cpu5->cpu5_L1I PREFETCH     ACCESS:          0 HIT:          0 MISS:          0 MSHR_MERGE:          0
cpu5->cpu5_L1I WRITE        ACCESS:          0 HIT:          0 MISS:          0 MSHR_MERGE:          0
cpu5->cpu5_L1I TRANSLATION  ACCESS:          0 HIT:          0 MISS:          0 MSHR_MERGE:          0
cpu5->cpu5_L1I PREFETCH REQUESTED:          0 ISSUED:          0 USEFUL:          0 USELESS:          0
cpu5->cpu5_L1I AVERAGE MISS LATENCY: 21.21 cycles
cpu5->cpu5_L1D TOTAL        ACCESS:   36152291 HIT:   33133714 MISS:    3018577 MSHR_MERGE:    1151468
cpu5->cpu5_L1D LOAD         ACCESS:   18031032 HIT:   15799115 MISS:    2231917 MSHR_MERGE:     611702
cpu5->cpu5_L1D RFO          ACCESS:          0 HIT:          0 MISS:          0 MSHR_MERGE:          0
cpu5->cpu5_L1D PREFETCH     ACCESS:          0 HIT:          0 MISS:          0 MSHR_MERGE:          0
cpu5->cpu5_L1D WRITE        ACCESS:   18121259 HIT:   17334599 MISS:     786660 MSHR_MERGE:     539766
cpu5->cpu5_L1D TRANSLATION  ACCESS:          0 HIT:          0 MISS:          0 MSHR_MERGE:          0
cpu5->cpu5_L1D PREFETCH REQUESTED:          0 ISSUED:          0 USEFUL:          0 USELESS:          0
cpu5->cpu5_L1D AVERAGE MISS LATENCY: 164.7 cycles
cpu5->cpu5_ITLB TOTAL        ACCESS:   20033925 HIT:   20033925 MISS:          0 MSHR_MERGE:          0
cpu5->cpu5_ITLB LOAD         ACCESS:   20033925 HIT:   20033925 MISS:          0 MSHR_MERGE:          0
cpu5->cpu5_ITLB RFO          ACCESS:          0 HIT:          0 MISS:          0 MSHR_MERGE:          0
cpu5->cpu5_ITLB PREFETCH     ACCESS:          0 HIT:          0 MISS:          0 MSHR_MERGE:          0
cpu5->cpu5_ITLB WRITE        ACCESS:          0 HIT:          0 MISS:          0 MSHR_MERGE:          0
cpu5->cpu5_ITLB TRANSLATION  ACCESS:          0 HIT:          0 MISS:          0 MSHR_MERGE:          0
cpu5->cpu5_ITLB PREFETCH REQUESTED:          0 ISSUED:          0 USEFUL:          0 USELESS:          0
cpu5->cpu5_ITLB AVERAGE MISS LATENCY: - cycles
cpu5->cpu5_DTLB TOTAL        ACCESS:   33458890 HIT:   33276482 MISS:     182408 MSHR_MERGE:      43050
cpu5->cpu5_DTLB LOAD         ACCESS:   33458890 HIT:   33276482 MISS:     182408 MSHR_MERGE:      43050
cpu5->cpu5_DTLB RFO          ACCESS:          0 HIT:          0 MISS:          0 MSHR_MERGE:          0
cpu5->cpu5_DTLB PREFETCH     ACCESS:          0 HIT:          0 MISS:          0 MSHR_MERGE:          0
cpu5->cpu5_DTLB WRITE        ACCESS:          0 HIT:          0 MISS:          0 MSHR_MERGE:          0
cpu5->cpu5_DTLB TRANSLATION  ACCESS:          0 HIT:          0 MISS:          0 MSHR_MERGE:          0
cpu5->cpu5_DTLB PREFETCH REQUESTED:          0 ISSUED:          0 USEFUL:          0 USELESS:          0
cpu5->cpu5_DTLB AVERAGE MISS LATENCY: 5 cycles
cpu4->cpu4_STLB TOTAL        ACCESS:     139463 HIT:     139463 MISS:          0 MSHR_MERGE:          0
cpu4->cpu4_STLB LOAD         ACCESS:     139463 HIT:     139463 MISS:          0 MSHR_MERGE:          0
cpu4->cpu4_STLB RFO          ACCESS:          0 HIT:          0 MISS:          0 MSHR_MERGE:          0
cpu4->cpu4_STLB PREFETCH     ACCESS:          0 HIT:          0 MISS:          0 MSHR_MERGE:          0
cpu4->cpu4_STLB WRITE        ACCESS:          0 HIT:          0 MISS:          0 MSHR_MERGE:          0
cpu4->cpu4_STLB TRANSLATION  ACCESS:          0 HIT:          0 MISS:          0 MSHR_MERGE:          0
cpu4->cpu4_STLB PREFETCH REQUESTED:          0 ISSUED:          0 USEFUL:          0 USELESS:          0
cpu4->cpu4_STLB AVERAGE MISS LATENCY: - cycles
cpu4->cpu4_L2C TOTAL        ACCESS:    2849933 HIT:    1484434 MISS:    1365499 MSHR_MERGE:          0
cpu4->cpu4_L2C LOAD         ACCESS:    1682451 HIT:     498628 MISS:    1183823 MSHR_MERGE:          0
cpu4->cpu4_L2C RFO          ACCESS:     247016 HIT:      66463 MISS:     180553 MSHR_MERGE:          0
cpu4->cpu4_L2C PREFETCH     ACCESS:          0 HIT:          0 MISS:          0 MSHR_MERGE:          0
cpu4->cpu4_L2C WRITE        ACCESS:     920466 HIT:     919343 MISS:       1123 MSHR_MERGE:          0
cpu4->cpu4_L2C TRANSLATION  ACCESS:          0 HIT:          0 MISS:          0 MSHR_MERGE:          0
cpu4->cpu4_L2C PREFETCH REQUESTED:          0 ISSUED:          0 USEFUL:          0 USELESS:          0
cpu4->cpu4_L2C AVERAGE MISS LATENCY: 213.6 cycles
cpu4->cpu4_L1I TOTAL        ACCESS:   22167020 HIT:   22076194 MISS:      90826 MSHR_MERGE:      29382
cpu4->cpu4_L1I LOAD         ACCESS:   22167020 HIT:   22076194 MISS:      90826 MSHR_MERGE:      29382
cpu4->cpu4_L1I RFO          ACCESS:          0 HIT:          0 MISS:          0 MSHR_MERGE:          0
cpu4->cpu4_L1I PREFETCH     ACCESS:          0 HIT:          0 MISS:          0 MSHR_MERGE:          0
cpu4->cpu4_L1I WRITE        ACCESS:          0 HIT:          0 MISS:          0 MSHR_MERGE:          0
cpu4->cpu4_L1I TRANSLATION  ACCESS:          0 HIT:          0 MISS:          0 MSHR_MERGE:          0
cpu4->cpu4_L1I PREFETCH REQUESTED:          0 ISSUED:          0 USEFUL:          0 USELESS:          0
cpu4->cpu4_L1I AVERAGE MISS LATENCY: 20.65 cycles
cpu4->cpu4_L1D TOTAL        ACCESS:   36176533 HIT:   33155791 MISS:    3020742 MSHR_MERGE:    1152678
cpu4->cpu4_L1D LOAD         ACCESS:   18043432 HIT:   15810156 MISS:    2233276 MSHR_MERGE:     612257
cpu4->cpu4_L1D RFO          ACCESS:          0 HIT:          0 MISS:          0 MSHR_MERGE:          0
cpu4->cpu4_L1D PREFETCH     ACCESS:          0 HIT:          0 MISS:          0 MSHR_MERGE:          0
cpu4->cpu4_L1D WRITE        ACCESS:   18133101 HIT:   17345635 MISS:     787466 MSHR_MERGE:     540421
cpu4->cpu4_L1D TRANSLATION  ACCESS:          0 HIT:          0 MISS:          0 MSHR_MERGE:          0
cpu4->cpu4_L1D PREFETCH REQUESTED:          0 ISSUED:          0 USEFUL:          0 USELESS:          0
cpu4->cpu4_L1D AVERAGE MISS LATENCY: 164.5 cycles
cpu4->cpu4_ITLB TOTAL        ACCESS:   20048965 HIT:   20048965 MISS:          0 MSHR_MERGE:          0
cpu4->cpu4_ITLB LOAD         ACCESS:   20048965 HIT:   20048965 MISS:          0 MSHR_MERGE:          0
cpu4->cpu4_ITLB RFO          ACCESS:          0 HIT:          0 MISS:          0 MSHR_MERGE:          0
cpu4->cpu4_ITLB PREFETCH     ACCESS:          0 HIT:          0 MISS:          0 MSHR_MERGE:          0
cpu4->cpu4_ITLB WRITE        ACCESS:          0 HIT:          0 MISS:          0 MSHR_MERGE:          0
cpu4->cpu4_ITLB TRANSLATION  ACCESS:          0 HIT:          0 MISS:          0 MSHR_MERGE:          0
cpu4->cpu4_ITLB PREFETCH REQUESTED:          0 ISSUED:          0 USEFUL:          0 USELESS:          0
cpu4->cpu4_ITLB AVERAGE MISS LATENCY: - cycles
cpu4->cpu4_DTLB TOTAL        ACCESS:   33481746 HIT:   33299279 MISS:     182467 MSHR_MERGE:      43004
cpu4->cpu4_DTLB LOAD         ACCESS:   33481746 HIT:   33299279 MISS:     182467 MSHR_MERGE:      43004
cpu4->cpu4_DTLB RFO          ACCESS:          0 HIT:          0 MISS:          0 MSHR_MERGE:          0
cpu4->cpu4_DTLB PREFETCH     ACCESS:          0 HIT:          0 MISS:          0 MSHR_MERGE:          0
cpu4->cpu4_DTLB WRITE        ACCESS:          0 HIT:          0 MISS:          0 MSHR_MERGE:          0
cpu4->cpu4_DTLB TRANSLATION  ACCESS:          0 HIT:          0 MISS:          0 MSHR_MERGE:          0
cpu4->cpu4_DTLB PREFETCH REQUESTED:          0 ISSUED:          0 USEFUL:          0 USELESS:          0
cpu4->cpu4_DTLB AVERAGE MISS LATENCY: 5 cycles
cpu3->cpu3_STLB TOTAL        ACCESS:     139640 HIT:     139640 MISS:          0 MSHR_MERGE:          0
cpu3->cpu3_STLB LOAD         ACCESS:     139640 HIT:     139640 MISS:          0 MSHR_MERGE:          0
cpu3->cpu3_STLB RFO          ACCESS:          0 HIT:          0 MISS:          0 MSHR_MERGE:          0
cpu3->cpu3_STLB PREFETCH     ACCESS:          0 HIT:          0 MISS:          0 MSHR_MERGE:          0
cpu3->cpu3_STLB WRITE        ACCESS:          0 HIT:          0 MISS:          0 MSHR_MERGE:          0
cpu3->cpu3_STLB TRANSLATION  ACCESS:          0 HIT:          0 MISS:          0 MSHR_MERGE:          0
cpu3->cpu3_STLB PREFETCH REQUESTED:          0 ISSUED:          0 USEFUL:          0 USELESS:          0
cpu3->cpu3_STLB AVERAGE MISS LATENCY: - cycles
cpu3->cpu3_L2C TOTAL        ACCESS:    2851761 HIT:    1485481 MISS:    1366280 MSHR_MERGE:          0
cpu3->cpu3_L2C LOAD         ACCESS:    1683658 HIT:     499117 MISS:    1184541 MSHR_MERGE:          0
cpu3->cpu3_L2C RFO          ACCESS:     247163 HIT:      66549 MISS:     180614 MSHR_MERGE:          0
cpu3->cpu3_L2C PREFETCH     ACCESS:          0 HIT:          0 MISS:          0 MSHR_MERGE:          0
cpu3->cpu3_L2C WRITE        ACCESS:     920940 HIT:     919815 MISS:       1125 MSHR_MERGE:          0
cpu3->cpu3_L2C TRANSLATION  ACCESS:          0 HIT:          0 MISS:          0 MSHR_MERGE:          0
cpu3->cpu3_L2C PREFETCH REQUESTED:          0 ISSUED:          0 USEFUL:          0 USELESS:          0
cpu3->cpu3_L2C AVERAGE MISS LATENCY: 213.6 cycles
cpu3->cpu3_L1I TOTAL        ACCESS:   22179735 HIT:   22088790 MISS:      90945 MSHR_MERGE:      29402
cpu3->cpu3_L1I LOAD         ACCESS:   22179735 HIT:   22088790 MISS:      90945 MSHR_MERGE:      29402
cpu3->cpu3_L1I RFO          ACCESS:          0 HIT:          0 MISS:          0 MSHR_MERGE:          0
cpu3->cpu3_L1I PREFETCH     ACCESS:          0 HIT:          0 MISS:          0 MSHR_MERGE:          0
cpu3->cpu3_L1I WRITE        ACCESS:          0 HIT:          0 MISS:          0 MSHR_MERGE:          0
cpu3->cpu3_L1I TRANSLATION  ACCESS:          0 HIT:          0 MISS:          0 MSHR_MERGE:          0
cpu3->cpu3_L1I PREFETCH REQUESTED:          0 ISSUED:          0 USEFUL:          0 USELESS:          0
cpu3->cpu3_L1I AVERAGE MISS LATENCY: 20.9 cycles
cpu3->cpu3_L1D TOTAL        ACCESS:   36201771 HIT:   33180500 MISS:    3021271 MSHR_MERGE:    1151950
cpu3->cpu3_L1D LOAD         ACCESS:   18056317 HIT:   15821889 MISS:    2234428 MSHR_MERGE:     612299
cpu3->cpu3_L1D RFO          ACCESS:          0 HIT:          0 MISS:          0 MSHR_MERGE:          0
cpu3->cpu3_L1D PREFETCH     ACCESS:          0 HIT:          0 MISS:          0 MSHR_MERGE:          0
cpu3->cpu3_L1D WRITE        ACCESS:   18145454 HIT:   17358611 MISS:     786843 MSHR_MERGE:     539651
cpu3->cpu3_L1D TRANSLATION  ACCESS:          0 HIT:          0 MISS:          0 MSHR_MERGE:          0
cpu3->cpu3_L1D PREFETCH REQUESTED:          0 ISSUED:          0 USEFUL:          0 USELESS:          0
cpu3->cpu3_L1D AVERAGE MISS LATENCY: 164.4 cycles
cpu3->cpu3_ITLB TOTAL        ACCESS:   20091874 HIT:   20091874 MISS:          0 MSHR_MERGE:          0
cpu3->cpu3_ITLB LOAD         ACCESS:   20091874 HIT:   20091874 MISS:          0 MSHR_MERGE:          0
cpu3->cpu3_ITLB RFO          ACCESS:          0 HIT:          0 MISS:          0 MSHR_MERGE:          0
cpu3->cpu3_ITLB PREFETCH     ACCESS:          0 HIT:          0 MISS:          0 MSHR_MERGE:          0
cpu3->cpu3_ITLB WRITE        ACCESS:          0 HIT:          0 MISS:          0 MSHR_MERGE:          0
cpu3->cpu3_ITLB TRANSLATION  ACCESS:          0 HIT:          0 MISS:          0 MSHR_MERGE:          0
cpu3->cpu3_ITLB PREFETCH REQUESTED:          0 ISSUED:          0 USEFUL:          0 USELESS:          0
cpu3->cpu3_ITLB AVERAGE MISS LATENCY: - cycles
cpu3->cpu3_DTLB TOTAL        ACCESS:   33538679 HIT:   33355876 MISS:     182803 MSHR_MERGE:      43163
cpu3->cpu3_DTLB LOAD         ACCESS:   33538679 HIT:   33355876 MISS:     182803 MSHR_MERGE:      43163
cpu3->cpu3_DTLB RFO          ACCESS:          0 HIT:          0 MISS:          0 MSHR_MERGE:          0
cpu3->cpu3_DTLB PREFETCH     ACCESS:          0 HIT:          0 MISS:          0 MSHR_MERGE:          0
cpu3->cpu3_DTLB WRITE        ACCESS:          0 HIT:          0 MISS:          0 MSHR_MERGE:          0
cpu3->cpu3_DTLB TRANSLATION  ACCESS:          0 HIT:          0 MISS:          0 MSHR_MERGE:          0
cpu3->cpu3_DTLB PREFETCH REQUESTED:          0 ISSUED:          0 USEFUL:          0 USELESS:          0
cpu3->cpu3_DTLB AVERAGE MISS LATENCY: 5 cycles
cpu2->cpu2_STLB TOTAL        ACCESS:     139385 HIT:     139385 MISS:          0 MSHR_MERGE:          0
cpu2->cpu2_STLB LOAD         ACCESS:     139385 HIT:     139385 MISS:          0 MSHR_MERGE:          0
cpu2->cpu2_STLB RFO          ACCESS:          0 HIT:          0 MISS:          0 MSHR_MERGE:          0
cpu2->cpu2_STLB PREFETCH     ACCESS:          0 HIT:          0 MISS:          0 MSHR_MERGE:          0
cpu2->cpu2_STLB WRITE        ACCESS:          0 HIT:          0 MISS:          0 MSHR_MERGE:          0
cpu2->cpu2_STLB TRANSLATION  ACCESS:          0 HIT:          0 MISS:          0 MSHR_MERGE:          0
cpu2->cpu2_STLB PREFETCH REQUESTED:          0 ISSUED:          0 USEFUL:          0 USELESS:          0
cpu2->cpu2_STLB AVERAGE MISS LATENCY: - cycles
cpu2->cpu2_L2C TOTAL        ACCESS:    2848656 HIT:    1483883 MISS:    1364773 MSHR_MERGE:          0
cpu2->cpu2_L2C LOAD         ACCESS:    1681736 HIT:     498502 MISS:    1183234 MSHR_MERGE:          0
cpu2->cpu2_L2C RFO          ACCESS:     246857 HIT:      66440 MISS:     180417 MSHR_MERGE:          0
cpu2->cpu2_L2C PREFETCH     ACCESS:          0 HIT:          0 MISS:          0 MSHR_MERGE:          0
cpu2->cpu2_L2C WRITE        ACCESS:     920063 HIT:     918941 MISS:       1122 MSHR_MERGE:          0
cpu2->cpu2_L2C TRANSLATION  ACCESS:          0 HIT:          0 MISS:          0 MSHR_MERGE:          0
cpu2->cpu2_L2C PREFETCH REQUESTED:          0 ISSUED:          0 USEFUL:          0 USELESS:          0
cpu2->cpu2_L2C AVERAGE MISS LATENCY: 213.8 cycles
cpu2->cpu2_L1I TOTAL        ACCESS:   22153913 HIT:   22063018 MISS:      90895 MSHR_MERGE:      29466
cpu2->cpu2_L1I LOAD         ACCESS:   22153913 HIT:   22063018 MISS:      90895 MSHR_MERGE:      29466
cpu2->cpu2_L1I RFO          ACCESS:          0 HIT:          0 MISS:          0 MSHR_MERGE:          0
cpu2->cpu2_L1I PREFETCH     ACCESS:          0 HIT:          0 MISS:          0 MSHR_MERGE:          0
cpu2->cpu2_L1I WRITE        ACCESS:          0 HIT:          0 MISS:          0 MSHR_MERGE:          0
cpu2->cpu2_L1I TRANSLATION  ACCESS:          0 HIT:          0 MISS:          0 MSHR_MERGE:          0
cpu2->cpu2_L1I PREFETCH REQUESTED:          0 ISSUED:          0 USEFUL:          0 USELESS:          0
cpu2->cpu2_L1I AVERAGE MISS LATENCY: 21.06 cycles
cpu2->cpu2_L1D TOTAL        ACCESS:   36155901 HIT:   33137396 MISS:    3018505 MSHR_MERGE:    1151296
cpu2->cpu2_L1D LOAD         ACCESS:   18032889 HIT:   15800762 MISS:    2232127 MSHR_MERGE:     611801
cpu2->cpu2_L1D RFO          ACCESS:          0 HIT:          0 MISS:          0 MSHR_MERGE:          0
cpu2->cpu2_L1D PREFETCH     ACCESS:          0 HIT:          0 MISS:          0 MSHR_MERGE:          0
cpu2->cpu2_L1D WRITE        ACCESS:   18123012 HIT:   17336634 MISS:     786378 MSHR_MERGE:     539495
cpu2->cpu2_L1D TRANSLATION  ACCESS:          0 HIT:          0 MISS:          0 MSHR_MERGE:          0
cpu2->cpu2_L1D PREFETCH REQUESTED:          0 ISSUED:          0 USEFUL:          0 USELESS:          0
cpu2->cpu2_L1D AVERAGE MISS LATENCY: 164.6 cycles
cpu2->cpu2_ITLB TOTAL        ACCESS:   20038004 HIT:   20038004 MISS:          0 MSHR_MERGE:          0
cpu2->cpu2_ITLB LOAD         ACCESS:   20038004 HIT:   20038004 MISS:          0 MSHR_MERGE:          0
cpu2->cpu2_ITLB RFO          ACCESS:          0 HIT:          0 MISS:          0 MSHR_MERGE:          0
cpu2->cpu2_ITLB PREFETCH     ACCESS:          0 HIT:          0 MISS:          0 MSHR_MERGE:          0
cpu2->cpu2_ITLB WRITE        ACCESS:          0 HIT:          0 MISS:          0 MSHR_MERGE:          0
cpu2->cpu2_ITLB TRANSLATION  ACCESS:          0 HIT:          0 MISS:          0 MSHR_MERGE:          0
cpu2->cpu2_ITLB PREFETCH REQUESTED:          0 ISSUED:          0 USEFUL:          0 USELESS:          0
cpu2->cpu2_ITLB AVERAGE MISS LATENCY: - cycles
cpu2->cpu2_DTLB TOTAL        ACCESS:   33461427 HIT:   33278918 MISS:     182509 MSHR_MERGE:      43124
cpu2->cpu2_DTLB LOAD         ACCESS:   33461427 HIT:   33278918 MISS:     182509 MSHR_MERGE:      43124
cpu2->cpu2_DTLB RFO          ACCESS:          0 HIT:          0 MISS:          0 MSHR_MERGE:          0
cpu2->cpu2_DTLB PREFETCH     ACCESS:          0 HIT:          0 MISS:          0 MSHR_MERGE:          0
cpu2->cpu2_DTLB WRITE        ACCESS:          0 HIT:          0 MISS:          0 MSHR_MERGE:          0
cpu2->cpu2_DTLB TRANSLATION  ACCESS:          0 HIT:          0 MISS:          0 MSHR_MERGE:          0
cpu2->cpu2_DTLB PREFETCH REQUESTED:          0 ISSUED:          0 USEFUL:          0 USELESS:          0
cpu2->cpu2_DTLB AVERAGE MISS LATENCY: 5 cycles
cpu1->cpu1_STLB TOTAL        ACCESS:     139403 HIT:     139403 MISS:          0 MSHR_MERGE:          0
cpu1->cpu1_STLB LOAD         ACCESS:     139403 HIT:     139403 MISS:          0 MSHR_MERGE:          0
cpu1->cpu1_STLB RFO          ACCESS:          0 HIT:          0 MISS:          0 MSHR_MERGE:          0
cpu1->cpu1_STLB PREFETCH     ACCESS:          0 HIT:          0 MISS:          0 MSHR_MERGE:          0
cpu1->cpu1_STLB WRITE        ACCESS:          0 HIT:          0 MISS:          0 MSHR_MERGE:          0
cpu1->cpu1_STLB TRANSLATION  ACCESS:          0 HIT:          0 MISS:          0 MSHR_MERGE:          0
cpu1->cpu1_STLB PREFETCH REQUESTED:          0 ISSUED:          0 USEFUL:          0 USELESS:          0
cpu1->cpu1_STLB AVERAGE MISS LATENCY: - cycles
cpu1->cpu1_L2C TOTAL        ACCESS:    2849554 HIT:    1484217 MISS:    1365337 MSHR_MERGE:          0
cpu1->cpu1_L2C LOAD         ACCESS:    1682147 HIT:     498445 MISS:    1183702 MSHR_MERGE:          0
cpu1->cpu1_L2C RFO          ACCESS:     246954 HIT:      66442 MISS:     180512 MSHR_MERGE:          0
cpu1->cpu1_L2C PREFETCH     ACCESS:          0 HIT:          0 MISS:          0 MSHR_MERGE:          0
cpu1->cpu1_L2C WRITE        ACCESS:     920453 HIT:     919330 MISS:       1123 MSHR_MERGE:          0
cpu1->cpu1_L2C TRANSLATION  ACCESS:          0 HIT:          0 MISS:          0 MSHR_MERGE:          0
cpu1->cpu1_L2C PREFETCH REQUESTED:          0 ISSUED:          0 USEFUL:          0 USELESS:          0
cpu1->cpu1_L2C AVERAGE MISS LATENCY: 213.8 cycles
cpu1->cpu1_L1I TOTAL        ACCESS:   22162559 HIT:   22071882 MISS:      90677 MSHR_MERGE:      29281
cpu1->cpu1_L1I LOAD         ACCESS:   22162559 HIT:   22071882 MISS:      90677 MSHR_MERGE:      29281
cpu1->cpu1_L1I RFO          ACCESS:          0 HIT:          0 MISS:          0 MSHR_MERGE:          0
cpu1->cpu1_L1I PREFETCH     ACCESS:          0 HIT:          0 MISS:          0 MSHR_MERGE:          0
cpu1->cpu1_L1I WRITE        ACCESS:          0 HIT:          0 MISS:          0 MSHR_MERGE:          0
cpu1->cpu1_L1I TRANSLATION  ACCESS:          0 HIT:          0 MISS:          0 MSHR_MERGE:          0
cpu1->cpu1_L1I PREFETCH REQUESTED:          0 ISSUED:          0 USEFUL:          0 USELESS:          0
cpu1->cpu1_L1I AVERAGE MISS LATENCY: 20.88 cycles
cpu1->cpu1_L1D TOTAL        ACCESS:   36160018 HIT:   33141246 MISS:    3018772 MSHR_MERGE:    1151012
cpu1->cpu1_L1D LOAD         ACCESS:   18032890 HIT:   15801222 MISS:    2231668 MSHR_MERGE:     610892
cpu1->cpu1_L1D RFO          ACCESS:          0 HIT:          0 MISS:          0 MSHR_MERGE:          0
cpu1->cpu1_L1D PREFETCH     ACCESS:          0 HIT:          0 MISS:          0 MSHR_MERGE:          0
cpu1->cpu1_L1D WRITE        ACCESS:   18127128 HIT:   17340024 MISS:     787104 MSHR_MERGE:     540120
cpu1->cpu1_L1D TRANSLATION  ACCESS:          0 HIT:          0 MISS:          0 MSHR_MERGE:          0
cpu1->cpu1_L1D PREFETCH REQUESTED:          0 ISSUED:          0 USEFUL:          0 USELESS:          0
cpu1->cpu1_L1D AVERAGE MISS LATENCY: 164.6 cycles
cpu1->cpu1_ITLB TOTAL        ACCESS:   20076318 HIT:   20076318 MISS:          0 MSHR_MERGE:          0
cpu1->cpu1_ITLB LOAD         ACCESS:   20076318 HIT:   20076318 MISS:          0 MSHR_MERGE:          0
cpu1->cpu1_ITLB RFO          ACCESS:          0 HIT:          0 MISS:          0 MSHR_MERGE:          0
cpu1->cpu1_ITLB PREFETCH     ACCESS:          0 HIT:          0 MISS:          0 MSHR_MERGE:          0
cpu1->cpu1_ITLB WRITE        ACCESS:          0 HIT:          0 MISS:          0 MSHR_MERGE:          0
cpu1->cpu1_ITLB TRANSLATION  ACCESS:          0 HIT:          0 MISS:          0 MSHR_MERGE:          0
cpu1->cpu1_ITLB PREFETCH REQUESTED:          0 ISSUED:          0 USEFUL:          0 USELESS:          0
cpu1->cpu1_ITLB AVERAGE MISS LATENCY: - cycles
cpu1->cpu1_DTLB TOTAL        ACCESS:   33482107 HIT:   33300028 MISS:     182079 MSHR_MERGE:      42676
cpu1->cpu1_DTLB LOAD         ACCESS:   33482107 HIT:   33300028 MISS:     182079 MSHR_MERGE:      42676
cpu1->cpu1_DTLB RFO          ACCESS:          0 HIT:          0 MISS:          0 MSHR_MERGE:          0
cpu1->cpu1_DTLB PREFETCH     ACCESS:          0 HIT:          0 MISS:          0 MSHR_MERGE:          0
cpu1->cpu1_DTLB WRITE        ACCESS:          0 HIT:          0 MISS:          0 MSHR_MERGE:          0
cpu1->cpu1_DTLB TRANSLATION  ACCESS:          0 HIT:          0 MISS:          0 MSHR_MERGE:          0
cpu1->cpu1_DTLB PREFETCH REQUESTED:          0 ISSUED:          0 USEFUL:          0 USELESS:          0
cpu1->cpu1_DTLB AVERAGE MISS LATENCY: 5 cycles
cpu0->cpu0_STLB TOTAL        ACCESS:     139694 HIT:     139694 MISS:          0 MSHR_MERGE:          0
cpu0->cpu0_STLB LOAD         ACCESS:     139694 HIT:     139694 MISS:          0 MSHR_MERGE:          0
cpu0->cpu0_STLB RFO          ACCESS:          0 HIT:          0 MISS:          0 MSHR_MERGE:          0
cpu0->cpu0_STLB PREFETCH     ACCESS:          0 HIT:          0 MISS:          0 MSHR_MERGE:          0
cpu0->cpu0_STLB WRITE        ACCESS:          0 HIT:          0 MISS:          0 MSHR_MERGE:          0
cpu0->cpu0_STLB TRANSLATION  ACCESS:          0 HIT:          0 MISS:          0 MSHR_MERGE:          0
cpu0->cpu0_STLB PREFETCH REQUESTED:          0 ISSUED:          0 USEFUL:          0 USELESS:          0
cpu0->cpu0_STLB AVERAGE MISS LATENCY: - cycles
cpu0->cpu0_L2C TOTAL        ACCESS:    2852875 HIT:    1486103 MISS:    1366772 MSHR_MERGE:          0
cpu0->cpu0_L2C LOAD         ACCESS:    1684322 HIT:     499323 MISS:    1184999 MSHR_MERGE:          0
cpu0->cpu0_L2C RFO          ACCESS:     247240 HIT:      66592 MISS:     180648 MSHR_MERGE:          0
cpu0->cpu0_L2C PREFETCH     ACCESS:          0 HIT:          0 MISS:          0 MSHR_MERGE:          0
cpu0->cpu0_L2C WRITE        ACCESS:     921313 HIT:     920188 MISS:       1125 MSHR_MERGE:          0
cpu0->cpu0_L2C TRANSLATION  ACCESS:          0 HIT:          0 MISS:          0 MSHR_MERGE:          0
cpu0->cpu0_L2C PREFETCH REQUESTED:          0 ISSUED:          0 USEFUL:          0 USELESS:          0
cpu0->cpu0_L2C AVERAGE MISS LATENCY: 213.4 cycles
cpu0->cpu0_L1I TOTAL        ACCESS:   22189279 HIT:   22098389 MISS:      90890 MSHR_MERGE:      29344
cpu0->cpu0_L1I LOAD         ACCESS:   22189279 HIT:   22098389 MISS:      90890 MSHR_MERGE:      29344
cpu0->cpu0_L1I RFO          ACCESS:          0 HIT:          0 MISS:          0 MSHR_MERGE:          0
cpu0->cpu0_L1I PREFETCH     ACCESS:          0 HIT:          0 MISS:          0 MSHR_MERGE:          0
cpu0->cpu0_L1I WRITE        ACCESS:          0 HIT:          0 MISS:          0 MSHR_MERGE:          0
cpu0->cpu0_L1I TRANSLATION  ACCESS:          0 HIT:          0 MISS:          0 MSHR_MERGE:          0
cpu0->cpu0_L1I PREFETCH REQUESTED:          0 ISSUED:          0 USEFUL:          0 USELESS:          0
cpu0->cpu0_L1I AVERAGE MISS LATENCY: 20.91 cycles
cpu0->cpu0_L1D TOTAL        ACCESS:   36214798 HIT:   33194773 MISS:    3020025 MSHR_MERGE:    1149961
cpu0->cpu0_L1D LOAD         ACCESS:   18062514 HIT:   15829167 MISS:    2233347 MSHR_MERGE:     610554
cpu0->cpu0_L1D RFO          ACCESS:          0 HIT:          0 MISS:          0 MSHR_MERGE:          0
cpu0->cpu0_L1D PREFETCH     ACCESS:          0 HIT:          0 MISS:          0 MSHR_MERGE:          0
cpu0->cpu0_L1D WRITE        ACCESS:   18152284 HIT:   17365606 MISS:     786678 MSHR_MERGE:     539407
cpu0->cpu0_L1D TRANSLATION  ACCESS:          0 HIT:          0 MISS:          0 MSHR_MERGE:          0
cpu0->cpu0_L1D PREFETCH REQUESTED:          0 ISSUED:          0 USEFUL:          0 USELESS:          0
cpu0->cpu0_L1D AVERAGE MISS LATENCY: 164.2 cycles
cpu0->cpu0_ITLB TOTAL        ACCESS:   20100471 HIT:   20100471 MISS:          0 MSHR_MERGE:          0
cpu0->cpu0_ITLB LOAD         ACCESS:   20100471 HIT:   20100471 MISS:          0 MSHR_MERGE:          0
cpu0->cpu0_ITLB RFO          ACCESS:          0 HIT:          0 MISS:          0 MSHR_MERGE:          0
cpu0->cpu0_ITLB PREFETCH     ACCESS:          0 HIT:          0 MISS:          0 MSHR_MERGE:          0
cpu0->cpu0_ITLB WRITE        ACCESS:          0 HIT:          0 MISS:          0 MSHR_MERGE:          0
cpu0->cpu0_ITLB TRANSLATION  ACCESS:          0 HIT:          0 MISS:          0 MSHR_MERGE:          0
cpu0->cpu0_ITLB PREFETCH REQUESTED:          0 ISSUED:          0 USEFUL:          0 USELESS:          0
cpu0->cpu0_ITLB AVERAGE MISS LATENCY: - cycles
cpu0->cpu0_DTLB TOTAL        ACCESS:   33553541 HIT:   33371066 MISS:     182475 MSHR_MERGE:      42781
cpu0->cpu0_DTLB LOAD         ACCESS:   33553541 HIT:   33371066 MISS:     182475 MSHR_MERGE:      42781
cpu0->cpu0_DTLB RFO          ACCESS:          0 HIT:          0 MISS:          0 MSHR_MERGE:          0
cpu0->cpu0_DTLB PREFETCH     ACCESS:          0 HIT:          0 MISS:          0 MSHR_MERGE:          0
cpu0->cpu0_DTLB WRITE        ACCESS:          0 HIT:          0 MISS:          0 MSHR_MERGE:          0
cpu0->cpu0_DTLB TRANSLATION  ACCESS:          0 HIT:          0 MISS:          0 MSHR_MERGE:          0
cpu0->cpu0_DTLB PREFETCH REQUESTED:          0 ISSUED:          0 USEFUL:          0 USELESS:          0
cpu0->cpu0_DTLB AVERAGE MISS LATENCY: 5 cycles
cpu0->LLC TOTAL        ACCESS:    2032405 HIT:     814396 MISS:    1218009 MSHR_MERGE:          0
cpu0->LLC LOAD         ACCESS:    1184999 HIT:     209834 MISS:     975165 MSHR_MERGE:          0
cpu0->LLC RFO          ACCESS:     180648 HIT:      51682 MISS:     128966 MSHR_MERGE:          0
cpu0->LLC PREFETCH     ACCESS:          0 HIT:          0 MISS:          0 MSHR_MERGE:          0
cpu0->LLC WRITE        ACCESS:     666758 HIT:     552880 MISS:     113878 MSHR_MERGE:          0
cpu0->LLC TRANSLATION  ACCESS:          0 HIT:          0 MISS:          0 MSHR_MERGE:          0
cpu0->LLC PREFETCH REQUESTED:          0 ISSUED:          0 USEFUL:          0 USELESS:          0
cpu0->LLC AVERAGE MISS LATENCY: 1782 cycles
cpu1->LLC TOTAL        ACCESS:    2030293 HIT:     784987 MISS:    1245306 MSHR_MERGE:          0
cpu1->LLC LOAD         ACCESS:    1183705 HIT:     208581 MISS:     975124 MSHR_MERGE:          0
cpu1->LLC RFO          ACCESS:     180512 HIT:      51573 MISS:     128939 MSHR_MERGE:          0
cpu1->LLC PREFETCH     ACCESS:          0 HIT:          0 MISS:          0 MSHR_MERGE:          0
cpu1->LLC WRITE        ACCESS:     666076 HIT:     524833 MISS:     141243 MSHR_MERGE:          0
cpu1->LLC TRANSLATION  ACCESS:          0 HIT:          0 MISS:          0 MSHR_MERGE:          0
cpu1->LLC PREFETCH REQUESTED:          0 ISSUED:          0 USEFUL:          0 USELESS:          0
cpu1->LLC AVERAGE MISS LATENCY: 1743 cycles
cpu2->LLC TOTAL        ACCESS:    2029468 HIT:     795762 MISS:    1233706 MSHR_MERGE:          0
cpu2->LLC LOAD         ACCESS:    1183234 HIT:     207863 MISS:     975371 MSHR_MERGE:          0
cpu2->LLC RFO          ACCESS:     180417 HIT:      51373 MISS:     129044 MSHR_MERGE:          0
cpu2->LLC PREFETCH     ACCESS:          0 HIT:          0 MISS:          0 MSHR_MERGE:          0
cpu2->LLC WRITE        ACCESS:     665817 HIT:     536526 MISS:     129291 MSHR_MERGE:          0
cpu2->LLC TRANSLATION  ACCESS:          0 HIT:          0 MISS:          0 MSHR_MERGE:          0
cpu2->LLC PREFETCH REQUESTED:          0 ISSUED:          0 USEFUL:          0 USELESS:          0
cpu2->LLC AVERAGE MISS LATENCY: 1759 cycles
cpu3->LLC TOTAL        ACCESS:    2031686 HIT:     812392 MISS:    1219294 MSHR_MERGE:          0
cpu3->LLC LOAD         ACCESS:    1184541 HIT:     209042 MISS:     975499 MSHR_MERGE:          0
cpu3->LLC RFO          ACCESS:     180614 HIT:      51557 MISS:     129057 MSHR_MERGE:          0
cpu3->LLC PREFETCH     ACCESS:          0 HIT:          0 MISS:          0 MSHR_MERGE:          0
cpu3->LLC WRITE        ACCESS:     666531 HIT:     551793 MISS:     114738 MSHR_MERGE:          0
cpu3->LLC TRANSLATION  ACCESS:          0 HIT:          0 MISS:          0 MSHR_MERGE:          0
cpu3->LLC PREFETCH REQUESTED:          0 ISSUED:          0 USEFUL:          0 USELESS:          0
cpu3->LLC AVERAGE MISS LATENCY: 1780 cycles
cpu4->LLC TOTAL        ACCESS:    2030512 HIT:     788515 MISS:    1241997 MSHR_MERGE:          0
cpu4->LLC LOAD         ACCESS:    1183823 HIT:     208793 MISS:     975030 MSHR_MERGE:          0
cpu4->LLC RFO          ACCESS:     180553 HIT:      51566 MISS:     128987 MSHR_MERGE:          0
cpu4->LLC PREFETCH     ACCESS:          0 HIT:          0 MISS:          0 MSHR_MERGE:          0
cpu4->LLC WRITE        ACCESS:     666136 HIT:     528156 MISS:     137980 MSHR_MERGE:          0
cpu4->LLC TRANSLATION  ACCESS:          0 HIT:          0 MISS:          0 MSHR_MERGE:          0
cpu4->LLC PREFETCH REQUESTED:          0 ISSUED:          0 USEFUL:          0 USELESS:          0
cpu4->LLC AVERAGE MISS LATENCY: 1747 cycles
cpu5->LLC TOTAL        ACCESS:    2029552 HIT:     786776 MISS:    1242776 MSHR_MERGE:          0
cpu5->LLC LOAD         ACCESS:    1183270 HIT:     208391 MISS:     974879 MSHR_MERGE:          0
cpu5->LLC RFO          ACCESS:     180459 HIT:      51470 MISS:     128989 MSHR_MERGE:          0
cpu5->LLC PREFETCH     ACCESS:          0 HIT:          0 MISS:          0 MSHR_MERGE:          0
cpu5->LLC WRITE        ACCESS:     665823 HIT:     526915 MISS:     138908 MSHR_MERGE:          0
cpu5->LLC TRANSLATION  ACCESS:          0 HIT:          0 MISS:          0 MSHR_MERGE:          0
cpu5->LLC PREFETCH REQUESTED:          0 ISSUED:          0 USEFUL:          0 USELESS:          0
cpu5->LLC AVERAGE MISS LATENCY: 1746 cycles
cpu6->LLC TOTAL        ACCESS:    2030960 HIT:     811854 MISS:    1219106 MSHR_MERGE:          0
cpu6->LLC LOAD         ACCESS:    1184127 HIT:     208755 MISS:     975372 MSHR_MERGE:          0
cpu6->LLC RFO          ACCESS:     180556 HIT:      51414 MISS:     129142 MSHR_MERGE:          0
cpu6->LLC PREFETCH     ACCESS:          0 HIT:          0 MISS:          0 MSHR_MERGE:          0
cpu6->LLC WRITE        ACCESS:     666277 HIT:     551685 MISS:     114592 MSHR_MERGE:          0
cpu6->LLC TRANSLATION  ACCESS:          0 HIT:          0 MISS:          0 MSHR_MERGE:          0
cpu6->LLC PREFETCH REQUESTED:          0 ISSUED:          0 USEFUL:          0 USELESS:          0
cpu6->LLC AVERAGE MISS LATENCY: 1780 cycles
cpu7->LLC TOTAL        ACCESS:    2030672 HIT:     785965 MISS:    1244707 MSHR_MERGE:          0
cpu7->LLC LOAD         ACCESS:    1183907 HIT:     208668 MISS:     975239 MSHR_MERGE:          0
cpu7->LLC RFO          ACCESS:     180553 HIT:      51655 MISS:     128898 MSHR_MERGE:          0
cpu7->LLC PREFETCH     ACCESS:          0 HIT:          0 MISS:          0 MSHR_MERGE:          0
cpu7->LLC WRITE        ACCESS:     666212 HIT:     525642 MISS:     140570 MSHR_MERGE:          0
cpu7->LLC TRANSLATION  ACCESS:          0 HIT:          0 MISS:          0 MSHR_MERGE:          0
cpu7->LLC PREFETCH REQUESTED:          0 ISSUED:          0 USEFUL:          0 USELESS:          0
cpu7->LLC AVERAGE MISS LATENCY: 1743 cycles

DRAM Statistics

Channel 0 READ REQS:    4419891	WRITE REQS:    2284740
  READS:    4419658	READ_HITS:          0
  WRITES:    2284711	WRITE HITS:          0
  ACTIVATES:    6704369	PRECHARGES:    6704369
  RQ FULL:          0	WQ FULL:        264
  WRITE DRAINS:      85239	FORCED:      26409
  MEAN WRITE IMBALANCE: 1.5193866657281292
  READ OCCU PRE DRAIN: 1.4313401142669435	POST DRAIN: 6.980020882459907
  MEAN BLP: 20.808902028414224	BGLP: 7.376670303499572
  READ LATENCY: 58.288525718505824
  TIME IN WRITE MODE: 10054100992

Channel 1 READ REQS:    4413811	WRITE REQS:    2276682
  READS:    4413547	READ_HITS:          0
  WRITES:    2276655	WRITE HITS:          0
  ACTIVATES:    6690203	PRECHARGES:    6690202
  RQ FULL:          0	WQ FULL:        330
  WRITE DRAINS:      85454	FORCED:      26057
  MEAN WRITE IMBALANCE: 1.5153649916914362
  READ OCCU PRE DRAIN: 1.4069908956865682	POST DRAIN: 6.88848971376413
  MEAN BLP: 20.679617103938963	BGLP: 7.357233131275306
  READ LATENCY: 58.09850625811847
  TIME IN WRITE MODE: 10029236672
BARD NON LRU EVICTS: 717849	TOTAL EVICTS: 12086469	EAGER WB: 3317691
---------------------------------------
Begin Slurm Epilog: Apr-11-2025 06:12:57
Job ID:        3795371
User ID:       svittal8
Account:       gts-mqureshi4-rg
Job name:      wrap
Resources:     cpu=1,mem=4G,node=1
Rsrc Used:     cput=04:50:32,vmem=0,walltime=04:50:32,mem=637508K,energy_used=0
Partition:     cpu-small
QOS:           inferno
Nodes:         atl1-1-02-008-4-1
---------------------------------------
