[VMEM] WARNING: physical memory size is smaller than virtual memory size.
dram page policy: is open = 0	is close = 0	is soft close = 1	cmd arg = 2

*** ChampSim Multicore Out-of-Order Simulator ***
Warmup Instructions: 25000000
Simulation Instructions: 50000000
Number of CPUs: 8
Page size: 2097152

CL :	 16.64 ns
CWL :	 15.808 ns
tRP :	 16.224 ns
tRCD :	 16.224 ns
tRAS :	 32.032000000000004 ns
tRTP :	 7.904 ns
tWR :	 30.368000000000002 ns

tCCD_S :	 3.3280000000000003 ns
tCCD_S_WR :	 3.3280000000000003 ns
tCCD_S_WTR :	 22.048000000000002 ns
tCCD_L :	 5.408 ns
tCCD_L_WR :	 20.384 ns
tCCD_L_WTR :	 29.536 ns
tRRD_S :	 3.3280000000000003 ns
tRRD_L :	 5.408 ns
tFAW :	 13.728 ns
Address mapping (perm = 1) 	ch co bg bg bg ba ba co co co co co co ro ro ro ro ro ro ro ro ro ro ro ro ro ro ro 
dram queue size: R = 64 W = 48 (low:high is 9:39)
Heartbeat CPU 0 instructions: 10000003 cycles: 6643770 heartbeat IPC: 1.505 cumulative IPC: 1.505 (Simulation time: 00 hr 24 min 44 sec)
Heartbeat CPU 1 instructions: 10000003 cycles: 6644404 heartbeat IPC: 1.505 cumulative IPC: 1.505 (Simulation time: 00 hr 24 min 44 sec)
Heartbeat CPU 2 instructions: 10000003 cycles: 6644900 heartbeat IPC: 1.505 cumulative IPC: 1.505 (Simulation time: 00 hr 24 min 44 sec)
Heartbeat CPU 3 instructions: 10000003 cycles: 6645078 heartbeat IPC: 1.505 cumulative IPC: 1.505 (Simulation time: 00 hr 24 min 44 sec)
Heartbeat CPU 4 instructions: 10000003 cycles: 6645255 heartbeat IPC: 1.505 cumulative IPC: 1.505 (Simulation time: 00 hr 24 min 44 sec)
Heartbeat CPU 5 instructions: 10000003 cycles: 6645464 heartbeat IPC: 1.505 cumulative IPC: 1.505 (Simulation time: 00 hr 24 min 44 sec)
Heartbeat CPU 6 instructions: 10000003 cycles: 6645663 heartbeat IPC: 1.505 cumulative IPC: 1.505 (Simulation time: 00 hr 24 min 44 sec)
Heartbeat CPU 7 instructions: 10000003 cycles: 6645816 heartbeat IPC: 1.505 cumulative IPC: 1.505 (Simulation time: 00 hr 24 min 44 sec)
Heartbeat CPU 0 instructions: 20000004 cycles: 13310447 heartbeat IPC: 1.5 cumulative IPC: 1.503 (Simulation time: 00 hr 47 min 19 sec)
Heartbeat CPU 1 instructions: 20000004 cycles: 13310976 heartbeat IPC: 1.5 cumulative IPC: 1.503 (Simulation time: 00 hr 47 min 20 sec)
Heartbeat CPU 3 instructions: 20000004 cycles: 13311994 heartbeat IPC: 1.5 cumulative IPC: 1.502 (Simulation time: 00 hr 47 min 20 sec)
Heartbeat CPU 2 instructions: 20000004 cycles: 13312008 heartbeat IPC: 1.5 cumulative IPC: 1.502 (Simulation time: 00 hr 47 min 20 sec)
Heartbeat CPU 4 instructions: 20000004 cycles: 13312123 heartbeat IPC: 1.5 cumulative IPC: 1.502 (Simulation time: 00 hr 47 min 20 sec)
Heartbeat CPU 5 instructions: 20000004 cycles: 13312276 heartbeat IPC: 1.5 cumulative IPC: 1.502 (Simulation time: 00 hr 47 min 20 sec)
Heartbeat CPU 6 instructions: 20000004 cycles: 13312411 heartbeat IPC: 1.5 cumulative IPC: 1.502 (Simulation time: 00 hr 47 min 20 sec)
Heartbeat CPU 7 instructions: 20000004 cycles: 13312548 heartbeat IPC: 1.5 cumulative IPC: 1.502 (Simulation time: 00 hr 47 min 20 sec)
Warmup finished CPU 0 instructions: 25000003 cycles: 16643466 cumulative IPC: 1.502 (Simulation time: 00 hr 57 min 39 sec)
Warmup finished CPU 1 instructions: 25000003 cycles: 16644108 cumulative IPC: 1.502 (Simulation time: 00 hr 57 min 39 sec)
Warmup finished CPU 2 instructions: 25000003 cycles: 16645629 cumulative IPC: 1.502 (Simulation time: 00 hr 57 min 39 sec)
Warmup finished CPU 3 instructions: 25000003 cycles: 16645670 cumulative IPC: 1.502 (Simulation time: 00 hr 57 min 39 sec)
Warmup finished CPU 4 instructions: 25000003 cycles: 16645718 cumulative IPC: 1.502 (Simulation time: 00 hr 57 min 39 sec)
Warmup finished CPU 5 instructions: 25000003 cycles: 16645760 cumulative IPC: 1.502 (Simulation time: 00 hr 57 min 39 sec)
Warmup finished CPU 6 instructions: 25000003 cycles: 16645824 cumulative IPC: 1.502 (Simulation time: 00 hr 57 min 39 sec)
Warmup finished CPU 7 instructions: 25000003 cycles: 16645905 cumulative IPC: 1.502 (Simulation time: 00 hr 57 min 39 sec)
Warmup complete CPU 7 instructions: 25000003 cycles: 16645905 cumulative IPC: 1.502 (Simulation time: 00 hr 57 min 39 sec)
Warmup complete CPU 6 instructions: 25000116 cycles: 16645905 cumulative IPC: 1.502 (Simulation time: 00 hr 57 min 39 sec)
Warmup complete CPU 5 instructions: 25000212 cycles: 16645905 cumulative IPC: 1.502 (Simulation time: 00 hr 57 min 39 sec)
Warmup complete CPU 4 instructions: 25000261 cycles: 16645905 cumulative IPC: 1.502 (Simulation time: 00 hr 57 min 39 sec)
Warmup complete CPU 3 instructions: 25000356 cycles: 16645905 cumulative IPC: 1.502 (Simulation time: 00 hr 57 min 39 sec)
Warmup complete CPU 2 instructions: 25000405 cycles: 16645905 cumulative IPC: 1.502 (Simulation time: 00 hr 57 min 39 sec)
Warmup complete CPU 1 instructions: 25002708 cycles: 16645905 cumulative IPC: 1.502 (Simulation time: 00 hr 57 min 39 sec)
Warmup complete CPU 0 instructions: 25003668 cycles: 16645905 cumulative IPC: 1.502 (Simulation time: 00 hr 57 min 39 sec)
Heartbeat CPU 5 instructions: 30000005 cycles: 43712887 heartbeat IPC: 0.3289 cumulative IPC: 0.1847 (Simulation time: 01 hr 31 min 06 sec)
Heartbeat CPU 3 instructions: 30000005 cycles: 43807956 heartbeat IPC: 0.3279 cumulative IPC: 0.1841 (Simulation time: 01 hr 31 min 13 sec)
Heartbeat CPU 6 instructions: 30000005 cycles: 43822260 heartbeat IPC: 0.3278 cumulative IPC: 0.184 (Simulation time: 01 hr 31 min 14 sec)
Heartbeat CPU 7 instructions: 30000005 cycles: 43828566 heartbeat IPC: 0.3277 cumulative IPC: 0.1839 (Simulation time: 01 hr 31 min 14 sec)
Heartbeat CPU 4 instructions: 30000005 cycles: 43909620 heartbeat IPC: 0.3268 cumulative IPC: 0.1834 (Simulation time: 01 hr 31 min 20 sec)
Heartbeat CPU 0 instructions: 30000005 cycles: 43955692 heartbeat IPC: 0.3263 cumulative IPC: 0.183 (Simulation time: 01 hr 31 min 24 sec)
Heartbeat CPU 1 instructions: 30000005 cycles: 43967654 heartbeat IPC: 0.3262 cumulative IPC: 0.1829 (Simulation time: 01 hr 31 min 25 sec)
Heartbeat CPU 2 instructions: 30000005 cycles: 44140016 heartbeat IPC: 0.3244 cumulative IPC: 0.1818 (Simulation time: 01 hr 31 min 38 sec)
Heartbeat CPU 1 instructions: 40000009 cycles: 98505368 heartbeat IPC: 0.1834 cumulative IPC: 0.1832 (Simulation time: 02 hr 38 min 21 sec)
Heartbeat CPU 6 instructions: 40000006 cycles: 98520630 heartbeat IPC: 0.1828 cumulative IPC: 0.1832 (Simulation time: 02 hr 38 min 22 sec)
Heartbeat CPU 7 instructions: 40000006 cycles: 98660317 heartbeat IPC: 0.1824 cumulative IPC: 0.1829 (Simulation time: 02 hr 38 min 32 sec)
Heartbeat CPU 0 instructions: 40000009 cycles: 98974320 heartbeat IPC: 0.1818 cumulative IPC: 0.1822 (Simulation time: 02 hr 38 min 54 sec)
Heartbeat CPU 4 instructions: 40000009 cycles: 99024494 heartbeat IPC: 0.1814 cumulative IPC: 0.1821 (Simulation time: 02 hr 38 min 58 sec)
Heartbeat CPU 5 instructions: 40000006 cycles: 99028876 heartbeat IPC: 0.1808 cumulative IPC: 0.1821 (Simulation time: 02 hr 38 min 58 sec)
Heartbeat CPU 3 instructions: 40000009 cycles: 99104917 heartbeat IPC: 0.1808 cumulative IPC: 0.1819 (Simulation time: 02 hr 39 min 04 sec)
Heartbeat CPU 2 instructions: 40000009 cycles: 99106578 heartbeat IPC: 0.1819 cumulative IPC: 0.1819 (Simulation time: 02 hr 39 min 04 sec)
Heartbeat CPU 1 instructions: 50000011 cycles: 152988466 heartbeat IPC: 0.1835 cumulative IPC: 0.1833 (Simulation time: 03 hr 43 min 11 sec)
Heartbeat CPU 7 instructions: 50000006 cycles: 153397373 heartbeat IPC: 0.1827 cumulative IPC: 0.1828 (Simulation time: 03 hr 43 min 39 sec)
Heartbeat CPU 5 instructions: 50000006 cycles: 153502839 heartbeat IPC: 0.1836 cumulative IPC: 0.1827 (Simulation time: 03 hr 43 min 47 sec)
Heartbeat CPU 2 instructions: 50000011 cycles: 153505926 heartbeat IPC: 0.1838 cumulative IPC: 0.1827 (Simulation time: 03 hr 43 min 47 sec)
Heartbeat CPU 6 instructions: 50000006 cycles: 153610593 heartbeat IPC: 0.1815 cumulative IPC: 0.1825 (Simulation time: 03 hr 43 min 54 sec)
Heartbeat CPU 4 instructions: 50000011 cycles: 153632414 heartbeat IPC: 0.1831 cumulative IPC: 0.1825 (Simulation time: 03 hr 43 min 56 sec)
Heartbeat CPU 0 instructions: 50000011 cycles: 153680745 heartbeat IPC: 0.1828 cumulative IPC: 0.1824 (Simulation time: 03 hr 43 min 59 sec)
Heartbeat CPU 3 instructions: 50000011 cycles: 153917241 heartbeat IPC: 0.1824 cumulative IPC: 0.1821 (Simulation time: 03 hr 44 min 16 sec)
Heartbeat CPU 1 instructions: 60000015 cycles: 207409643 heartbeat IPC: 0.1838 cumulative IPC: 0.1835 (Simulation time: 04 hr 46 min 24 sec)
Heartbeat CPU 5 instructions: 60000010 cycles: 208050926 heartbeat IPC: 0.1833 cumulative IPC: 0.1829 (Simulation time: 04 hr 47 min 09 sec)
Heartbeat CPU 6 instructions: 60000007 cycles: 208192597 heartbeat IPC: 0.1832 cumulative IPC: 0.1827 (Simulation time: 04 hr 47 min 18 sec)
Heartbeat CPU 0 instructions: 60000015 cycles: 208221514 heartbeat IPC: 0.1833 cumulative IPC: 0.1827 (Simulation time: 04 hr 47 min 20 sec)
Heartbeat CPU 2 instructions: 60000015 cycles: 208333978 heartbeat IPC: 0.1824 cumulative IPC: 0.1826 (Simulation time: 04 hr 47 min 28 sec)
Heartbeat CPU 3 instructions: 60000012 cycles: 208347131 heartbeat IPC: 0.1837 cumulative IPC: 0.1826 (Simulation time: 04 hr 47 min 29 sec)
Heartbeat CPU 4 instructions: 60000015 cycles: 208406905 heartbeat IPC: 0.1826 cumulative IPC: 0.1825 (Simulation time: 04 hr 47 min 33 sec)
Heartbeat CPU 7 instructions: 60000010 cycles: 208697379 heartbeat IPC: 0.1808 cumulative IPC: 0.1822 (Simulation time: 04 hr 47 min 53 sec)
Heartbeat CPU 1 instructions: 70000019 cycles: 261783990 heartbeat IPC: 0.1839 cumulative IPC: 0.1836 (Simulation time: 05 hr 49 min 17 sec)
Heartbeat CPU 5 instructions: 70000014 cycles: 262322360 heartbeat IPC: 0.1843 cumulative IPC: 0.1832 (Simulation time: 05 hr 49 min 53 sec)
Heartbeat CPU 6 instructions: 70000009 cycles: 262609378 heartbeat IPC: 0.1838 cumulative IPC: 0.183 (Simulation time: 05 hr 50 min 13 sec)
Heartbeat CPU 3 instructions: 70000014 cycles: 262942118 heartbeat IPC: 0.1832 cumulative IPC: 0.1827 (Simulation time: 05 hr 50 min 36 sec)
Heartbeat CPU 4 instructions: 70000019 cycles: 262997858 heartbeat IPC: 0.1832 cumulative IPC: 0.1827 (Simulation time: 05 hr 50 min 39 sec)
Heartbeat CPU 2 instructions: 70000019 cycles: 263126823 heartbeat IPC: 0.1825 cumulative IPC: 0.1826 (Simulation time: 05 hr 50 min 48 sec)
Heartbeat CPU 0 instructions: 70000019 cycles: 263184734 heartbeat IPC: 0.1819 cumulative IPC: 0.1825 (Simulation time: 05 hr 50 min 52 sec)
Heartbeat CPU 7 instructions: 70000014 cycles: 263275313 heartbeat IPC: 0.1832 cumulative IPC: 0.1825 (Simulation time: 05 hr 50 min 58 sec)
Simulation finished CPU 1 instructions: 50000000 cycles: 272514064 cumulative IPC: 0.1835 (Simulation time: 06 hr 20 min 30 sec)
Simulation finished CPU 5 instructions: 50000000 cycles: 273042878 cumulative IPC: 0.1831 (Simulation time: 06 hr 21 min 05 sec)
Simulation finished CPU 6 instructions: 50000000 cycles: 273288230 cumulative IPC: 0.183 (Simulation time: 06 hr 21 min 22 sec)
Simulation finished CPU 4 instructions: 50000001 cycles: 273815888 cumulative IPC: 0.1826 (Simulation time: 06 hr 21 min 57 sec)
Simulation finished CPU 0 instructions: 50000000 cycles: 273856192 cumulative IPC: 0.1826 (Simulation time: 06 hr 22 min 00 sec)
Simulation finished CPU 2 instructions: 50000004 cycles: 274010047 cumulative IPC: 0.1825 (Simulation time: 06 hr 22 min 10 sec)
Simulation finished CPU 3 instructions: 50000002 cycles: 274012271 cumulative IPC: 0.1825 (Simulation time: 06 hr 22 min 10 sec)
Simulation finished CPU 7 instructions: 50000004 cycles: 274203705 cumulative IPC: 0.1823 (Simulation time: 06 hr 22 min 23 sec)
Simulation complete CPU 7 instructions: 50000004 cycles: 274203705 cumulative IPC: 0.1823 (Simulation time: 06 hr 22 min 23 sec)
Simulation complete CPU 6 instructions: 50162353 cycles: 274203705 cumulative IPC: 0.1829 (Simulation time: 06 hr 22 min 23 sec)
Simulation complete CPU 5 instructions: 50204305 cycles: 274203705 cumulative IPC: 0.1831 (Simulation time: 06 hr 22 min 23 sec)
Simulation complete CPU 4 instructions: 50069712 cycles: 274203705 cumulative IPC: 0.1826 (Simulation time: 06 hr 22 min 23 sec)
Simulation complete CPU 3 instructions: 50035201 cycles: 274203705 cumulative IPC: 0.1825 (Simulation time: 06 hr 22 min 23 sec)
Simulation complete CPU 2 instructions: 50035919 cycles: 274203705 cumulative IPC: 0.1825 (Simulation time: 06 hr 22 min 23 sec)
Simulation complete CPU 1 instructions: 50301073 cycles: 274203705 cumulative IPC: 0.1834 (Simulation time: 06 hr 22 min 23 sec)
Simulation complete CPU 0 instructions: 50062609 cycles: 274203705 cumulative IPC: 0.1826 (Simulation time: 06 hr 22 min 23 sec)

ChampSim completed all CPUs

=== Simulation ===
CPU 0 runs ../frost/TRACES/ctf/stream/add.champsimtrace.xz
CPU 1 runs ../frost/TRACES/ctf/stream/add.champsimtrace.xz
CPU 2 runs ../frost/TRACES/ctf/stream/add.champsimtrace.xz
CPU 3 runs ../frost/TRACES/ctf/stream/add.champsimtrace.xz
CPU 4 runs ../frost/TRACES/ctf/stream/add.champsimtrace.xz
CPU 5 runs ../frost/TRACES/ctf/stream/add.champsimtrace.xz
CPU 6 runs ../frost/TRACES/ctf/stream/add.champsimtrace.xz
CPU 7 runs ../frost/TRACES/ctf/stream/add.champsimtrace.xz

Total Simulation Statistics (not including warmup)

CPU 7 cumulative IPC: 0.1823 instructions: 50000004 cycles: 274203705
CPU 7 Branch Prediction Accuracy: 100% MPKI: 0 Average ROB Occupancy at Mispredict: -
Branch type MPKI
BRANCH_DIRECT_JUMP: 0
BRANCH_INDIRECT: 0
BRANCH_CONDITIONAL: 0
BRANCH_DIRECT_CALL: 0
BRANCH_INDIRECT_CALL: 0
BRANCH_RETURN: 0


CPU 6 cumulative IPC: 0.1829 instructions: 50162353 cycles: 274203705
CPU 6 Branch Prediction Accuracy: 100% MPKI: 0 Average ROB Occupancy at Mispredict: -
Branch type MPKI
BRANCH_DIRECT_JUMP: 0
BRANCH_INDIRECT: 0
BRANCH_CONDITIONAL: 0
BRANCH_DIRECT_CALL: 0
BRANCH_INDIRECT_CALL: 0
BRANCH_RETURN: 0


CPU 5 cumulative IPC: 0.1831 instructions: 50204305 cycles: 274203705
CPU 5 Branch Prediction Accuracy: 100% MPKI: 0 Average ROB Occupancy at Mispredict: -
Branch type MPKI
BRANCH_DIRECT_JUMP: 0
BRANCH_INDIRECT: 0
BRANCH_CONDITIONAL: 0
BRANCH_DIRECT_CALL: 0
BRANCH_INDIRECT_CALL: 0
BRANCH_RETURN: 0


CPU 4 cumulative IPC: 0.1826 instructions: 50069712 cycles: 274203705
CPU 4 Branch Prediction Accuracy: 100% MPKI: 0 Average ROB Occupancy at Mispredict: -
Branch type MPKI
BRANCH_DIRECT_JUMP: 0
BRANCH_INDIRECT: 0
BRANCH_CONDITIONAL: 0
BRANCH_DIRECT_CALL: 0
BRANCH_INDIRECT_CALL: 0
BRANCH_RETURN: 0


CPU 3 cumulative IPC: 0.1825 instructions: 50035201 cycles: 274203705
CPU 3 Branch Prediction Accuracy: 100% MPKI: 0 Average ROB Occupancy at Mispredict: -
Branch type MPKI
BRANCH_DIRECT_JUMP: 0
BRANCH_INDIRECT: 0
BRANCH_CONDITIONAL: 0
BRANCH_DIRECT_CALL: 0
BRANCH_INDIRECT_CALL: 0
BRANCH_RETURN: 0


CPU 2 cumulative IPC: 0.1825 instructions: 50035919 cycles: 274203705
CPU 2 Branch Prediction Accuracy: 100% MPKI: 0 Average ROB Occupancy at Mispredict: -
Branch type MPKI
BRANCH_DIRECT_JUMP: 0
BRANCH_INDIRECT: 0
BRANCH_CONDITIONAL: 0
BRANCH_DIRECT_CALL: 0
BRANCH_INDIRECT_CALL: 0
BRANCH_RETURN: 0


CPU 1 cumulative IPC: 0.1834 instructions: 50301073 cycles: 274203705
CPU 1 Branch Prediction Accuracy: 100% MPKI: 0 Average ROB Occupancy at Mispredict: -
Branch type MPKI
BRANCH_DIRECT_JUMP: 0
BRANCH_INDIRECT: 0
BRANCH_CONDITIONAL: 0
BRANCH_DIRECT_CALL: 0
BRANCH_INDIRECT_CALL: 0
BRANCH_RETURN: 0


CPU 0 cumulative IPC: 0.1826 instructions: 50062609 cycles: 274203705
CPU 0 Branch Prediction Accuracy: 100% MPKI: 0 Average ROB Occupancy at Mispredict: -
Branch type MPKI
BRANCH_DIRECT_JUMP: 0
BRANCH_INDIRECT: 0
BRANCH_CONDITIONAL: 0
BRANCH_DIRECT_CALL: 0
BRANCH_INDIRECT_CALL: 0
BRANCH_RETURN: 0

cpu7->cpu7_STLB TOTAL        ACCESS:         96 HIT:          0 MISS:         96 MSHR_MERGE:          0
cpu7->cpu7_STLB LOAD         ACCESS:         96 HIT:          0 MISS:         96 MSHR_MERGE:          0
cpu7->cpu7_STLB RFO          ACCESS:          0 HIT:          0 MISS:          0 MSHR_MERGE:          0
cpu7->cpu7_STLB PREFETCH     ACCESS:          0 HIT:          0 MISS:          0 MSHR_MERGE:          0
cpu7->cpu7_STLB WRITE        ACCESS:          0 HIT:          0 MISS:          0 MSHR_MERGE:          0
cpu7->cpu7_STLB TRANSLATION  ACCESS:          0 HIT:          0 MISS:          0 MSHR_MERGE:          0
cpu7->cpu7_STLB PREFETCH REQUESTED:          0 ISSUED:          0 USEFUL:          0 USELESS:          0
cpu7->cpu7_STLB AVERAGE MISS LATENCY: 249.3 cycles
cpu7->cpu7_L2C TOTAL        ACCESS:    4166778 HIT:    1041681 MISS:    3125097 MSHR_MERGE:          0
cpu7->cpu7_L2C LOAD         ACCESS:    2083325 HIT:          0 MISS:    2083325 MSHR_MERGE:          0
cpu7->cpu7_L2C RFO          ACCESS:    1041676 HIT:          0 MISS:    1041676 MSHR_MERGE:          0
cpu7->cpu7_L2C PREFETCH     ACCESS:          0 HIT:          0 MISS:          0 MSHR_MERGE:          0
cpu7->cpu7_L2C WRITE        ACCESS:    1041681 HIT:    1041681 MISS:          0 MSHR_MERGE:          0
cpu7->cpu7_L2C TRANSLATION  ACCESS:         96 HIT:          0 MISS:         96 MSHR_MERGE:          0
cpu7->cpu7_L2C PREFETCH REQUESTED:          0 ISSUED:          0 USEFUL:          0 USELESS:          0
cpu7->cpu7_L2C AVERAGE MISS LATENCY: 352.1 cycles
cpu7->cpu7_L1I TOTAL        ACCESS:    6229542 HIT:    6229542 MISS:          0 MSHR_MERGE:          0
cpu7->cpu7_L1I LOAD         ACCESS:    6229542 HIT:    6229542 MISS:          0 MSHR_MERGE:          0
cpu7->cpu7_L1I RFO          ACCESS:          0 HIT:          0 MISS:          0 MSHR_MERGE:          0
cpu7->cpu7_L1I PREFETCH     ACCESS:          0 HIT:          0 MISS:          0 MSHR_MERGE:          0
cpu7->cpu7_L1I WRITE        ACCESS:          0 HIT:          0 MISS:          0 MSHR_MERGE:          0
cpu7->cpu7_L1I TRANSLATION  ACCESS:          0 HIT:          0 MISS:          0 MSHR_MERGE:          0
cpu7->cpu7_L1I PREFETCH REQUESTED:          0 ISSUED:          0 USEFUL:          0 USELESS:          0
cpu7->cpu7_L1I AVERAGE MISS LATENCY: - cycles
cpu7->cpu7_L1D TOTAL        ACCESS:   17934903 HIT:    1083829 MISS:   16851074 MSHR_MERGE:   13725975
cpu7->cpu7_L1D LOAD         ACCESS:    9601395 HIT:    1083829 MISS:    8517566 MSHR_MERGE:    6434240
cpu7->cpu7_L1D RFO          ACCESS:          0 HIT:          0 MISS:          0 MSHR_MERGE:          0
cpu7->cpu7_L1D PREFETCH     ACCESS:          0 HIT:          0 MISS:          0 MSHR_MERGE:          0
cpu7->cpu7_L1D WRITE        ACCESS:    8333412 HIT:          0 MISS:    8333412 MSHR_MERGE:    7291735
cpu7->cpu7_L1D TRANSLATION  ACCESS:         96 HIT:          0 MISS:         96 MSHR_MERGE:          0
cpu7->cpu7_L1D PREFETCH REQUESTED:          0 ISSUED:          0 USEFUL:          0 USELESS:          0
cpu7->cpu7_L1D AVERAGE MISS LATENCY: 361.1 cycles
cpu7->cpu7_ITLB TOTAL        ACCESS:    6229543 HIT:    6229543 MISS:          0 MSHR_MERGE:          0
cpu7->cpu7_ITLB LOAD         ACCESS:    6229543 HIT:    6229543 MISS:          0 MSHR_MERGE:          0
cpu7->cpu7_ITLB RFO          ACCESS:          0 HIT:          0 MISS:          0 MSHR_MERGE:          0
cpu7->cpu7_ITLB PREFETCH     ACCESS:          0 HIT:          0 MISS:          0 MSHR_MERGE:          0
cpu7->cpu7_ITLB WRITE        ACCESS:          0 HIT:          0 MISS:          0 MSHR_MERGE:          0
cpu7->cpu7_ITLB TRANSLATION  ACCESS:          0 HIT:          0 MISS:          0 MSHR_MERGE:          0
cpu7->cpu7_ITLB PREFETCH REQUESTED:          0 ISSUED:          0 USEFUL:          0 USELESS:          0
cpu7->cpu7_ITLB AVERAGE MISS LATENCY: - cycles
cpu7->cpu7_DTLB TOTAL        ACCESS:   15350202 HIT:   15349467 MISS:        735 MSHR_MERGE:        639
cpu7->cpu7_DTLB LOAD         ACCESS:   15350202 HIT:   15349467 MISS:        735 MSHR_MERGE:        639
cpu7->cpu7_DTLB RFO          ACCESS:          0 HIT:          0 MISS:          0 MSHR_MERGE:          0
cpu7->cpu7_DTLB PREFETCH     ACCESS:          0 HIT:          0 MISS:          0 MSHR_MERGE:          0
cpu7->cpu7_DTLB WRITE        ACCESS:          0 HIT:          0 MISS:          0 MSHR_MERGE:          0
cpu7->cpu7_DTLB TRANSLATION  ACCESS:          0 HIT:          0 MISS:          0 MSHR_MERGE:          0
cpu7->cpu7_DTLB PREFETCH REQUESTED:          0 ISSUED:          0 USEFUL:          0 USELESS:          0
cpu7->cpu7_DTLB AVERAGE MISS LATENCY: 255.3 cycles
cpu6->cpu6_STLB TOTAL        ACCESS:         96 HIT:          0 MISS:         96 MSHR_MERGE:          0
cpu6->cpu6_STLB LOAD         ACCESS:         96 HIT:          0 MISS:         96 MSHR_MERGE:          0
cpu6->cpu6_STLB RFO          ACCESS:          0 HIT:          0 MISS:          0 MSHR_MERGE:          0
cpu6->cpu6_STLB PREFETCH     ACCESS:          0 HIT:          0 MISS:          0 MSHR_MERGE:          0
cpu6->cpu6_STLB WRITE        ACCESS:          0 HIT:          0 MISS:          0 MSHR_MERGE:          0
cpu6->cpu6_STLB TRANSLATION  ACCESS:          0 HIT:          0 MISS:          0 MSHR_MERGE:          0
cpu6->cpu6_STLB PREFETCH REQUESTED:          0 ISSUED:          0 USEFUL:          0 USELESS:          0
cpu6->cpu6_STLB AVERAGE MISS LATENCY: 239 cycles
cpu6->cpu6_L2C TOTAL        ACCESS:    4180311 HIT:    1045064 MISS:    3135247 MSHR_MERGE:          0
cpu6->cpu6_L2C LOAD         ACCESS:    2090091 HIT:          0 MISS:    2090091 MSHR_MERGE:          0
cpu6->cpu6_L2C RFO          ACCESS:    1045060 HIT:          0 MISS:    1045060 MSHR_MERGE:          0
cpu6->cpu6_L2C PREFETCH     ACCESS:          0 HIT:          0 MISS:          0 MSHR_MERGE:          0
cpu6->cpu6_L2C WRITE        ACCESS:    1045064 HIT:    1045064 MISS:          0 MSHR_MERGE:          0
cpu6->cpu6_L2C TRANSLATION  ACCESS:         96 HIT:          0 MISS:         96 MSHR_MERGE:          0
cpu6->cpu6_L2C PREFETCH REQUESTED:          0 ISSUED:          0 USEFUL:          0 USELESS:          0
cpu6->cpu6_L2C AVERAGE MISS LATENCY: 349.4 cycles
cpu6->cpu6_L1I TOTAL        ACCESS:    6253946 HIT:    6253946 MISS:          0 MSHR_MERGE:          0
cpu6->cpu6_L1I LOAD         ACCESS:    6253946 HIT:    6253946 MISS:          0 MSHR_MERGE:          0
cpu6->cpu6_L1I RFO          ACCESS:          0 HIT:          0 MISS:          0 MSHR_MERGE:          0
cpu6->cpu6_L1I PREFETCH     ACCESS:          0 HIT:          0 MISS:          0 MSHR_MERGE:          0
cpu6->cpu6_L1I WRITE        ACCESS:          0 HIT:          0 MISS:          0 MSHR_MERGE:          0
cpu6->cpu6_L1I TRANSLATION  ACCESS:          0 HIT:          0 MISS:          0 MSHR_MERGE:          0
cpu6->cpu6_L1I PREFETCH REQUESTED:          0 ISSUED:          0 USEFUL:          0 USELESS:          0
cpu6->cpu6_L1I AVERAGE MISS LATENCY: - cycles
cpu6->cpu6_L1D TOTAL        ACCESS:   18001630 HIT:    1079479 MISS:   16922151 MSHR_MERGE:   13786904
cpu6->cpu6_L1D LOAD         ACCESS:    9641054 HIT:    1079479 MISS:    8561575 MSHR_MERGE:    6471484
cpu6->cpu6_L1D RFO          ACCESS:          0 HIT:          0 MISS:          0 MSHR_MERGE:          0
cpu6->cpu6_L1D PREFETCH     ACCESS:          0 HIT:          0 MISS:          0 MSHR_MERGE:          0
cpu6->cpu6_L1D WRITE        ACCESS:    8360480 HIT:          0 MISS:    8360480 MSHR_MERGE:    7315420
cpu6->cpu6_L1D TRANSLATION  ACCESS:         96 HIT:          0 MISS:         96 MSHR_MERGE:          0
cpu6->cpu6_L1D PREFETCH REQUESTED:          0 ISSUED:          0 USEFUL:          0 USELESS:          0
cpu6->cpu6_L1D AVERAGE MISS LATENCY: 358.4 cycles
cpu6->cpu6_ITLB TOTAL        ACCESS:    6253946 HIT:    6253946 MISS:          0 MSHR_MERGE:          0
cpu6->cpu6_ITLB LOAD         ACCESS:    6253946 HIT:    6253946 MISS:          0 MSHR_MERGE:          0
cpu6->cpu6_ITLB RFO          ACCESS:          0 HIT:          0 MISS:          0 MSHR_MERGE:          0
cpu6->cpu6_ITLB PREFETCH     ACCESS:          0 HIT:          0 MISS:          0 MSHR_MERGE:          0
cpu6->cpu6_ITLB WRITE        ACCESS:          0 HIT:          0 MISS:          0 MSHR_MERGE:          0
cpu6->cpu6_ITLB TRANSLATION  ACCESS:          0 HIT:          0 MISS:          0 MSHR_MERGE:          0
cpu6->cpu6_ITLB PREFETCH REQUESTED:          0 ISSUED:          0 USEFUL:          0 USELESS:          0
cpu6->cpu6_ITLB AVERAGE MISS LATENCY: - cycles
cpu6->cpu6_DTLB TOTAL        ACCESS:   15400158 HIT:   15399423 MISS:        735 MSHR_MERGE:        639
cpu6->cpu6_DTLB LOAD         ACCESS:   15400158 HIT:   15399423 MISS:        735 MSHR_MERGE:        639
cpu6->cpu6_DTLB RFO          ACCESS:          0 HIT:          0 MISS:          0 MSHR_MERGE:          0
cpu6->cpu6_DTLB PREFETCH     ACCESS:          0 HIT:          0 MISS:          0 MSHR_MERGE:          0
cpu6->cpu6_DTLB WRITE        ACCESS:          0 HIT:          0 MISS:          0 MSHR_MERGE:          0
cpu6->cpu6_DTLB TRANSLATION  ACCESS:          0 HIT:          0 MISS:          0 MSHR_MERGE:          0
cpu6->cpu6_DTLB PREFETCH REQUESTED:          0 ISSUED:          0 USEFUL:          0 USELESS:          0
cpu6->cpu6_DTLB AVERAGE MISS LATENCY: 245 cycles
cpu5->cpu5_STLB TOTAL        ACCESS:         96 HIT:          0 MISS:         96 MSHR_MERGE:          0
cpu5->cpu5_STLB LOAD         ACCESS:         96 HIT:          0 MISS:         96 MSHR_MERGE:          0
cpu5->cpu5_STLB RFO          ACCESS:          0 HIT:          0 MISS:          0 MSHR_MERGE:          0
cpu5->cpu5_STLB PREFETCH     ACCESS:          0 HIT:          0 MISS:          0 MSHR_MERGE:          0
cpu5->cpu5_STLB WRITE        ACCESS:          0 HIT:          0 MISS:          0 MSHR_MERGE:          0
cpu5->cpu5_STLB TRANSLATION  ACCESS:          0 HIT:          0 MISS:          0 MSHR_MERGE:          0
cpu5->cpu5_STLB PREFETCH REQUESTED:          0 ISSUED:          0 USEFUL:          0 USELESS:          0
cpu5->cpu5_STLB AVERAGE MISS LATENCY: 236.1 cycles
cpu5->cpu5_L2C TOTAL        ACCESS:    4183807 HIT:    1045938 MISS:    3137869 MSHR_MERGE:          0
cpu5->cpu5_L2C LOAD         ACCESS:    2091839 HIT:          0 MISS:    2091839 MSHR_MERGE:          0
cpu5->cpu5_L2C RFO          ACCESS:    1045934 HIT:          0 MISS:    1045934 MSHR_MERGE:          0
cpu5->cpu5_L2C PREFETCH     ACCESS:          0 HIT:          0 MISS:          0 MSHR_MERGE:          0
cpu5->cpu5_L2C WRITE        ACCESS:    1045938 HIT:    1045938 MISS:          0 MSHR_MERGE:          0
cpu5->cpu5_L2C TRANSLATION  ACCESS:         96 HIT:          0 MISS:         96 MSHR_MERGE:          0
cpu5->cpu5_L2C PREFETCH REQUESTED:          0 ISSUED:          0 USEFUL:          0 USELESS:          0
cpu5->cpu5_L2C AVERAGE MISS LATENCY: 349.2 cycles
cpu5->cpu5_L1I TOTAL        ACCESS:    6257402 HIT:    6257402 MISS:          0 MSHR_MERGE:          0
cpu5->cpu5_L1I LOAD         ACCESS:    6257402 HIT:    6257402 MISS:          0 MSHR_MERGE:          0
cpu5->cpu5_L1I RFO          ACCESS:          0 HIT:          0 MISS:          0 MSHR_MERGE:          0
cpu5->cpu5_L1I PREFETCH     ACCESS:          0 HIT:          0 MISS:          0 MSHR_MERGE:          0
cpu5->cpu5_L1I WRITE        ACCESS:          0 HIT:          0 MISS:          0 MSHR_MERGE:          0
cpu5->cpu5_L1I TRANSLATION  ACCESS:          0 HIT:          0 MISS:          0 MSHR_MERGE:          0
cpu5->cpu5_L1I PREFETCH REQUESTED:          0 ISSUED:          0 USEFUL:          0 USELESS:          0
cpu5->cpu5_L1I AVERAGE MISS LATENCY: - cycles
cpu5->cpu5_L1D TOTAL        ACCESS:   18045429 HIT:    1081524 MISS:   16963905 MSHR_MERGE:   13826036
cpu5->cpu5_L1D LOAD         ACCESS:    9677861 HIT:    1081524 MISS:    8596337 MSHR_MERGE:    6504498
cpu5->cpu5_L1D RFO          ACCESS:          0 HIT:          0 MISS:          0 MSHR_MERGE:          0
cpu5->cpu5_L1D PREFETCH     ACCESS:          0 HIT:          0 MISS:          0 MSHR_MERGE:          0
cpu5->cpu5_L1D WRITE        ACCESS:    8367472 HIT:          0 MISS:    8367472 MSHR_MERGE:    7321538
cpu5->cpu5_L1D TRANSLATION  ACCESS:         96 HIT:          0 MISS:         96 MSHR_MERGE:          0
cpu5->cpu5_L1D PREFETCH REQUESTED:          0 ISSUED:          0 USEFUL:          0 USELESS:          0
cpu5->cpu5_L1D AVERAGE MISS LATENCY: 358.3 cycles
cpu5->cpu5_ITLB TOTAL        ACCESS:    6257402 HIT:    6257402 MISS:          0 MSHR_MERGE:          0
cpu5->cpu5_ITLB LOAD         ACCESS:    6257402 HIT:    6257402 MISS:          0 MSHR_MERGE:          0
cpu5->cpu5_ITLB RFO          ACCESS:          0 HIT:          0 MISS:          0 MSHR_MERGE:          0
cpu5->cpu5_ITLB PREFETCH     ACCESS:          0 HIT:          0 MISS:          0 MSHR_MERGE:          0
cpu5->cpu5_ITLB WRITE        ACCESS:          0 HIT:          0 MISS:          0 MSHR_MERGE:          0
cpu5->cpu5_ITLB TRANSLATION  ACCESS:          0 HIT:          0 MISS:          0 MSHR_MERGE:          0
cpu5->cpu5_ITLB PREFETCH REQUESTED:          0 ISSUED:          0 USEFUL:          0 USELESS:          0
cpu5->cpu5_ITLB AVERAGE MISS LATENCY: - cycles
cpu5->cpu5_DTLB TOTAL        ACCESS:   15420170 HIT:   15419415 MISS:        755 MSHR_MERGE:        659
cpu5->cpu5_DTLB LOAD         ACCESS:   15420170 HIT:   15419415 MISS:        755 MSHR_MERGE:        659
cpu5->cpu5_DTLB RFO          ACCESS:          0 HIT:          0 MISS:          0 MSHR_MERGE:          0
cpu5->cpu5_DTLB PREFETCH     ACCESS:          0 HIT:          0 MISS:          0 MSHR_MERGE:          0
cpu5->cpu5_DTLB WRITE        ACCESS:          0 HIT:          0 MISS:          0 MSHR_MERGE:          0
cpu5->cpu5_DTLB TRANSLATION  ACCESS:          0 HIT:          0 MISS:          0 MSHR_MERGE:          0
cpu5->cpu5_DTLB PREFETCH REQUESTED:          0 ISSUED:          0 USEFUL:          0 USELESS:          0
cpu5->cpu5_DTLB AVERAGE MISS LATENCY: 242.1 cycles
cpu4->cpu4_STLB TOTAL        ACCESS:         96 HIT:          0 MISS:         96 MSHR_MERGE:          0
cpu4->cpu4_STLB LOAD         ACCESS:         96 HIT:          0 MISS:         96 MSHR_MERGE:          0
cpu4->cpu4_STLB RFO          ACCESS:          0 HIT:          0 MISS:          0 MSHR_MERGE:          0
cpu4->cpu4_STLB PREFETCH     ACCESS:          0 HIT:          0 MISS:          0 MSHR_MERGE:          0
cpu4->cpu4_STLB WRITE        ACCESS:          0 HIT:          0 MISS:          0 MSHR_MERGE:          0
cpu4->cpu4_STLB TRANSLATION  ACCESS:          0 HIT:          0 MISS:          0 MSHR_MERGE:          0
cpu4->cpu4_STLB PREFETCH REQUESTED:          0 ISSUED:          0 USEFUL:          0 USELESS:          0
cpu4->cpu4_STLB AVERAGE MISS LATENCY: 235.1 cycles
cpu4->cpu4_L2C TOTAL        ACCESS:    4172589 HIT:    1043134 MISS:    3129455 MSHR_MERGE:          0
cpu4->cpu4_L2C LOAD         ACCESS:    2086230 HIT:          0 MISS:    2086230 MSHR_MERGE:          0
cpu4->cpu4_L2C RFO          ACCESS:    1043129 HIT:          0 MISS:    1043129 MSHR_MERGE:          0
cpu4->cpu4_L2C PREFETCH     ACCESS:          0 HIT:          0 MISS:          0 MSHR_MERGE:          0
cpu4->cpu4_L2C WRITE        ACCESS:    1043134 HIT:    1043134 MISS:          0 MSHR_MERGE:          0
cpu4->cpu4_L2C TRANSLATION  ACCESS:         96 HIT:          0 MISS:         96 MSHR_MERGE:          0
cpu4->cpu4_L2C PREFETCH REQUESTED:          0 ISSUED:          0 USEFUL:          0 USELESS:          0
cpu4->cpu4_L2C AVERAGE MISS LATENCY: 349.8 cycles
cpu4->cpu4_L1I TOTAL        ACCESS:    6242345 HIT:    6242345 MISS:          0 MSHR_MERGE:          0
cpu4->cpu4_L1I LOAD         ACCESS:    6242345 HIT:    6242345 MISS:          0 MSHR_MERGE:          0
cpu4->cpu4_L1I RFO          ACCESS:          0 HIT:          0 MISS:          0 MSHR_MERGE:          0
cpu4->cpu4_L1I PREFETCH     ACCESS:          0 HIT:          0 MISS:          0 MSHR_MERGE:          0
cpu4->cpu4_L1I WRITE        ACCESS:          0 HIT:          0 MISS:          0 MSHR_MERGE:          0
cpu4->cpu4_L1I TRANSLATION  ACCESS:          0 HIT:          0 MISS:          0 MSHR_MERGE:          0
cpu4->cpu4_L1I PREFETCH REQUESTED:          0 ISSUED:          0 USEFUL:          0 USELESS:          0
cpu4->cpu4_L1I AVERAGE MISS LATENCY: - cycles
cpu4->cpu4_L1D TOTAL        ACCESS:   17997758 HIT:    1076007 MISS:   16921751 MSHR_MERGE:   13792296
cpu4->cpu4_L1D LOAD         ACCESS:    9652627 HIT:    1076007 MISS:    8576620 MSHR_MERGE:    6490390
cpu4->cpu4_L1D RFO          ACCESS:          0 HIT:          0 MISS:          0 MSHR_MERGE:          0
cpu4->cpu4_L1D PREFETCH     ACCESS:          0 HIT:          0 MISS:          0 MSHR_MERGE:          0
cpu4->cpu4_L1D WRITE        ACCESS:    8345035 HIT:          0 MISS:    8345035 MSHR_MERGE:    7301906
cpu4->cpu4_L1D TRANSLATION  ACCESS:         96 HIT:          0 MISS:         96 MSHR_MERGE:          0
cpu4->cpu4_L1D PREFETCH REQUESTED:          0 ISSUED:          0 USEFUL:          0 USELESS:          0
cpu4->cpu4_L1D AVERAGE MISS LATENCY: 358.8 cycles
cpu4->cpu4_ITLB TOTAL        ACCESS:    6242345 HIT:    6242345 MISS:          0 MSHR_MERGE:          0
cpu4->cpu4_ITLB LOAD         ACCESS:    6242345 HIT:    6242345 MISS:          0 MSHR_MERGE:          0
cpu4->cpu4_ITLB RFO          ACCESS:          0 HIT:          0 MISS:          0 MSHR_MERGE:          0
cpu4->cpu4_ITLB PREFETCH     ACCESS:          0 HIT:          0 MISS:          0 MSHR_MERGE:          0
cpu4->cpu4_ITLB WRITE        ACCESS:          0 HIT:          0 MISS:          0 MSHR_MERGE:          0
cpu4->cpu4_ITLB TRANSLATION  ACCESS:          0 HIT:          0 MISS:          0 MSHR_MERGE:          0
cpu4->cpu4_ITLB PREFETCH REQUESTED:          0 ISSUED:          0 USEFUL:          0 USELESS:          0
cpu4->cpu4_ITLB AVERAGE MISS LATENCY: - cycles
cpu4->cpu4_DTLB TOTAL        ACCESS:   15379985 HIT:   15379256 MISS:        729 MSHR_MERGE:        633
cpu4->cpu4_DTLB LOAD         ACCESS:   15379985 HIT:   15379256 MISS:        729 MSHR_MERGE:        633
cpu4->cpu4_DTLB RFO          ACCESS:          0 HIT:          0 MISS:          0 MSHR_MERGE:          0
cpu4->cpu4_DTLB PREFETCH     ACCESS:          0 HIT:          0 MISS:          0 MSHR_MERGE:          0
cpu4->cpu4_DTLB WRITE        ACCESS:          0 HIT:          0 MISS:          0 MSHR_MERGE:          0
cpu4->cpu4_DTLB TRANSLATION  ACCESS:          0 HIT:          0 MISS:          0 MSHR_MERGE:          0
cpu4->cpu4_DTLB PREFETCH REQUESTED:          0 ISSUED:          0 USEFUL:          0 USELESS:          0
cpu4->cpu4_DTLB AVERAGE MISS LATENCY: 241.1 cycles
cpu3->cpu3_STLB TOTAL        ACCESS:         96 HIT:          0 MISS:         96 MSHR_MERGE:          0
cpu3->cpu3_STLB LOAD         ACCESS:         96 HIT:          0 MISS:         96 MSHR_MERGE:          0
cpu3->cpu3_STLB RFO          ACCESS:          0 HIT:          0 MISS:          0 MSHR_MERGE:          0
cpu3->cpu3_STLB PREFETCH     ACCESS:          0 HIT:          0 MISS:          0 MSHR_MERGE:          0
cpu3->cpu3_STLB WRITE        ACCESS:          0 HIT:          0 MISS:          0 MSHR_MERGE:          0
cpu3->cpu3_STLB TRANSLATION  ACCESS:          0 HIT:          0 MISS:          0 MSHR_MERGE:          0
cpu3->cpu3_STLB PREFETCH REQUESTED:          0 ISSUED:          0 USEFUL:          0 USELESS:          0
cpu3->cpu3_STLB AVERAGE MISS LATENCY: 232.6 cycles
cpu3->cpu3_L2C TOTAL        ACCESS:    4169716 HIT:    1042414 MISS:    3127302 MSHR_MERGE:          0
cpu3->cpu3_L2C LOAD         ACCESS:    2084795 HIT:          0 MISS:    2084795 MSHR_MERGE:          0
cpu3->cpu3_L2C RFO          ACCESS:    1042411 HIT:          0 MISS:    1042411 MSHR_MERGE:          0
cpu3->cpu3_L2C PREFETCH     ACCESS:          0 HIT:          0 MISS:          0 MSHR_MERGE:          0
cpu3->cpu3_L2C WRITE        ACCESS:    1042414 HIT:    1042414 MISS:          0 MSHR_MERGE:          0
cpu3->cpu3_L2C TRANSLATION  ACCESS:         96 HIT:          0 MISS:         96 MSHR_MERGE:          0
cpu3->cpu3_L2C PREFETCH REQUESTED:          0 ISSUED:          0 USEFUL:          0 USELESS:          0
cpu3->cpu3_L2C AVERAGE MISS LATENCY: 351 cycles
cpu3->cpu3_L1I TOTAL        ACCESS:    6235070 HIT:    6235070 MISS:          0 MSHR_MERGE:          0
cpu3->cpu3_L1I LOAD         ACCESS:    6235070 HIT:    6235070 MISS:          0 MSHR_MERGE:          0
cpu3->cpu3_L1I RFO          ACCESS:          0 HIT:          0 MISS:          0 MSHR_MERGE:          0
cpu3->cpu3_L1I PREFETCH     ACCESS:          0 HIT:          0 MISS:          0 MSHR_MERGE:          0
cpu3->cpu3_L1I WRITE        ACCESS:          0 HIT:          0 MISS:          0 MSHR_MERGE:          0
cpu3->cpu3_L1I TRANSLATION  ACCESS:          0 HIT:          0 MISS:          0 MSHR_MERGE:          0
cpu3->cpu3_L1I PREFETCH REQUESTED:          0 ISSUED:          0 USEFUL:          0 USELESS:          0
cpu3->cpu3_L1I AVERAGE MISS LATENCY: - cycles
cpu3->cpu3_L1D TOTAL        ACCESS:   17980101 HIT:    1085469 MISS:   16894632 MSHR_MERGE:   13767330
cpu3->cpu3_L1D LOAD         ACCESS:    9640717 HIT:    1085468 MISS:    8555249 MSHR_MERGE:    6470454
cpu3->cpu3_L1D RFO          ACCESS:          0 HIT:          0 MISS:          0 MSHR_MERGE:          0
cpu3->cpu3_L1D PREFETCH     ACCESS:          0 HIT:          0 MISS:          0 MSHR_MERGE:          0
cpu3->cpu3_L1D WRITE        ACCESS:    8339288 HIT:          1 MISS:    8339287 MSHR_MERGE:    7296876
cpu3->cpu3_L1D TRANSLATION  ACCESS:         96 HIT:          0 MISS:         96 MSHR_MERGE:          0
cpu3->cpu3_L1D PREFETCH REQUESTED:          0 ISSUED:          0 USEFUL:          0 USELESS:          0
cpu3->cpu3_L1D AVERAGE MISS LATENCY: 360.1 cycles
cpu3->cpu3_ITLB TOTAL        ACCESS:    6235070 HIT:    6235070 MISS:          0 MSHR_MERGE:          0
cpu3->cpu3_ITLB LOAD         ACCESS:    6235070 HIT:    6235070 MISS:          0 MSHR_MERGE:          0
cpu3->cpu3_ITLB RFO          ACCESS:          0 HIT:          0 MISS:          0 MSHR_MERGE:          0
cpu3->cpu3_ITLB PREFETCH     ACCESS:          0 HIT:          0 MISS:          0 MSHR_MERGE:          0
cpu3->cpu3_ITLB WRITE        ACCESS:          0 HIT:          0 MISS:          0 MSHR_MERGE:          0
cpu3->cpu3_ITLB TRANSLATION  ACCESS:          0 HIT:          0 MISS:          0 MSHR_MERGE:          0
cpu3->cpu3_ITLB PREFETCH REQUESTED:          0 ISSUED:          0 USEFUL:          0 USELESS:          0
cpu3->cpu3_ITLB AVERAGE MISS LATENCY: - cycles
cpu3->cpu3_DTLB TOTAL        ACCESS:   15383377 HIT:   15382618 MISS:        759 MSHR_MERGE:        663
cpu3->cpu3_DTLB LOAD         ACCESS:   15383377 HIT:   15382618 MISS:        759 MSHR_MERGE:        663
cpu3->cpu3_DTLB RFO          ACCESS:          0 HIT:          0 MISS:          0 MSHR_MERGE:          0
cpu3->cpu3_DTLB PREFETCH     ACCESS:          0 HIT:          0 MISS:          0 MSHR_MERGE:          0
cpu3->cpu3_DTLB WRITE        ACCESS:          0 HIT:          0 MISS:          0 MSHR_MERGE:          0
cpu3->cpu3_DTLB TRANSLATION  ACCESS:          0 HIT:          0 MISS:          0 MSHR_MERGE:          0
cpu3->cpu3_DTLB PREFETCH REQUESTED:          0 ISSUED:          0 USEFUL:          0 USELESS:          0
cpu3->cpu3_DTLB AVERAGE MISS LATENCY: 238.6 cycles
cpu2->cpu2_STLB TOTAL        ACCESS:         96 HIT:          0 MISS:         96 MSHR_MERGE:          0
cpu2->cpu2_STLB LOAD         ACCESS:         96 HIT:          0 MISS:         96 MSHR_MERGE:          0
cpu2->cpu2_STLB RFO          ACCESS:          0 HIT:          0 MISS:          0 MSHR_MERGE:          0
cpu2->cpu2_STLB PREFETCH     ACCESS:          0 HIT:          0 MISS:          0 MSHR_MERGE:          0
cpu2->cpu2_STLB WRITE        ACCESS:          0 HIT:          0 MISS:          0 MSHR_MERGE:          0
cpu2->cpu2_STLB TRANSLATION  ACCESS:          0 HIT:          0 MISS:          0 MSHR_MERGE:          0
cpu2->cpu2_STLB PREFETCH REQUESTED:          0 ISSUED:          0 USEFUL:          0 USELESS:          0
cpu2->cpu2_STLB AVERAGE MISS LATENCY: 232.8 cycles
cpu2->cpu2_L2C TOTAL        ACCESS:    4169771 HIT:    1042428 MISS:    3127343 MSHR_MERGE:          0
cpu2->cpu2_L2C LOAD         ACCESS:    2084821 HIT:          0 MISS:    2084821 MSHR_MERGE:          0
cpu2->cpu2_L2C RFO          ACCESS:    1042426 HIT:          0 MISS:    1042426 MSHR_MERGE:          0
cpu2->cpu2_L2C PREFETCH     ACCESS:          0 HIT:          0 MISS:          0 MSHR_MERGE:          0
cpu2->cpu2_L2C WRITE        ACCESS:    1042428 HIT:    1042428 MISS:          0 MSHR_MERGE:          0
cpu2->cpu2_L2C TRANSLATION  ACCESS:         96 HIT:          0 MISS:         96 MSHR_MERGE:          0
cpu2->cpu2_L2C PREFETCH REQUESTED:          0 ISSUED:          0 USEFUL:          0 USELESS:          0
cpu2->cpu2_L2C AVERAGE MISS LATENCY: 350.1 cycles
cpu2->cpu2_L1I TOTAL        ACCESS:    6236204 HIT:    6236204 MISS:          0 MSHR_MERGE:          0
cpu2->cpu2_L1I LOAD         ACCESS:    6236204 HIT:    6236204 MISS:          0 MSHR_MERGE:          0
cpu2->cpu2_L1I RFO          ACCESS:          0 HIT:          0 MISS:          0 MSHR_MERGE:          0
cpu2->cpu2_L1I PREFETCH     ACCESS:          0 HIT:          0 MISS:          0 MSHR_MERGE:          0
cpu2->cpu2_L1I WRITE        ACCESS:          0 HIT:          0 MISS:          0 MSHR_MERGE:          0
cpu2->cpu2_L1I TRANSLATION  ACCESS:          0 HIT:          0 MISS:          0 MSHR_MERGE:          0
cpu2->cpu2_L1I PREFETCH REQUESTED:          0 ISSUED:          0 USEFUL:          0 USELESS:          0
cpu2->cpu2_L1I AVERAGE MISS LATENCY: - cycles
cpu2->cpu2_L1D TOTAL        ACCESS:   17982586 HIT:    1079930 MISS:   16902656 MSHR_MERGE:   13775313
cpu2->cpu2_L1D LOAD         ACCESS:    9643082 HIT:    1079930 MISS:    8563152 MSHR_MERGE:    6478331
cpu2->cpu2_L1D RFO          ACCESS:          0 HIT:          0 MISS:          0 MSHR_MERGE:          0
cpu2->cpu2_L1D PREFETCH     ACCESS:          0 HIT:          0 MISS:          0 MSHR_MERGE:          0
cpu2->cpu2_L1D WRITE        ACCESS:    8339408 HIT:          0 MISS:    8339408 MSHR_MERGE:    7296982
cpu2->cpu2_L1D TRANSLATION  ACCESS:         96 HIT:          0 MISS:         96 MSHR_MERGE:          0
cpu2->cpu2_L1D PREFETCH REQUESTED:          0 ISSUED:          0 USEFUL:          0 USELESS:          0
cpu2->cpu2_L1D AVERAGE MISS LATENCY: 359.1 cycles
cpu2->cpu2_ITLB TOTAL        ACCESS:    6236203 HIT:    6236203 MISS:          0 MSHR_MERGE:          0
cpu2->cpu2_ITLB LOAD         ACCESS:    6236203 HIT:    6236203 MISS:          0 MSHR_MERGE:          0
cpu2->cpu2_ITLB RFO          ACCESS:          0 HIT:          0 MISS:          0 MSHR_MERGE:          0
cpu2->cpu2_ITLB PREFETCH     ACCESS:          0 HIT:          0 MISS:          0 MSHR_MERGE:          0
cpu2->cpu2_ITLB WRITE        ACCESS:          0 HIT:          0 MISS:          0 MSHR_MERGE:          0
cpu2->cpu2_ITLB TRANSLATION  ACCESS:          0 HIT:          0 MISS:          0 MSHR_MERGE:          0
cpu2->cpu2_ITLB PREFETCH REQUESTED:          0 ISSUED:          0 USEFUL:          0 USELESS:          0
cpu2->cpu2_ITLB AVERAGE MISS LATENCY: - cycles
cpu2->cpu2_DTLB TOTAL        ACCESS:   15379122 HIT:   15378401 MISS:        721 MSHR_MERGE:        625
cpu2->cpu2_DTLB LOAD         ACCESS:   15379122 HIT:   15378401 MISS:        721 MSHR_MERGE:        625
cpu2->cpu2_DTLB RFO          ACCESS:          0 HIT:          0 MISS:          0 MSHR_MERGE:          0
cpu2->cpu2_DTLB PREFETCH     ACCESS:          0 HIT:          0 MISS:          0 MSHR_MERGE:          0
cpu2->cpu2_DTLB WRITE        ACCESS:          0 HIT:          0 MISS:          0 MSHR_MERGE:          0
cpu2->cpu2_DTLB TRANSLATION  ACCESS:          0 HIT:          0 MISS:          0 MSHR_MERGE:          0
cpu2->cpu2_DTLB PREFETCH REQUESTED:          0 ISSUED:          0 USEFUL:          0 USELESS:          0
cpu2->cpu2_DTLB AVERAGE MISS LATENCY: 238.8 cycles
cpu1->cpu1_STLB TOTAL        ACCESS:         96 HIT:          0 MISS:         96 MSHR_MERGE:          0
cpu1->cpu1_STLB LOAD         ACCESS:         96 HIT:          0 MISS:         96 MSHR_MERGE:          0
cpu1->cpu1_STLB RFO          ACCESS:          0 HIT:          0 MISS:          0 MSHR_MERGE:          0
cpu1->cpu1_STLB PREFETCH     ACCESS:          0 HIT:          0 MISS:          0 MSHR_MERGE:          0
cpu1->cpu1_STLB WRITE        ACCESS:          0 HIT:          0 MISS:          0 MSHR_MERGE:          0
cpu1->cpu1_STLB TRANSLATION  ACCESS:          0 HIT:          0 MISS:          0 MSHR_MERGE:          0
cpu1->cpu1_STLB PREFETCH REQUESTED:          0 ISSUED:          0 USEFUL:          0 USELESS:          0
cpu1->cpu1_STLB AVERAGE MISS LATENCY: 308.4 cycles
cpu1->cpu1_L2C TOTAL        ACCESS:    4191874 HIT:    1047955 MISS:    3143919 MSHR_MERGE:          0
cpu1->cpu1_L2C LOAD         ACCESS:    2095873 HIT:          0 MISS:    2095873 MSHR_MERGE:          0
cpu1->cpu1_L2C RFO          ACCESS:    1047950 HIT:          0 MISS:    1047950 MSHR_MERGE:          0
cpu1->cpu1_L2C PREFETCH     ACCESS:          0 HIT:          0 MISS:          0 MSHR_MERGE:          0
cpu1->cpu1_L2C WRITE        ACCESS:    1047955 HIT:    1047955 MISS:          0 MSHR_MERGE:          0
cpu1->cpu1_L2C TRANSLATION  ACCESS:         96 HIT:          0 MISS:         96 MSHR_MERGE:          0
cpu1->cpu1_L2C PREFETCH REQUESTED:          0 ISSUED:          0 USEFUL:          0 USELESS:          0
cpu1->cpu1_L2C AVERAGE MISS LATENCY: 349.4 cycles
cpu1->cpu1_L1I TOTAL        ACCESS:    6272951 HIT:    6272951 MISS:          0 MSHR_MERGE:          0
cpu1->cpu1_L1I LOAD         ACCESS:    6272951 HIT:    6272951 MISS:          0 MSHR_MERGE:          0
cpu1->cpu1_L1I RFO          ACCESS:          0 HIT:          0 MISS:          0 MSHR_MERGE:          0
cpu1->cpu1_L1I PREFETCH     ACCESS:          0 HIT:          0 MISS:          0 MSHR_MERGE:          0
cpu1->cpu1_L1I WRITE        ACCESS:          0 HIT:          0 MISS:          0 MSHR_MERGE:          0
cpu1->cpu1_L1I TRANSLATION  ACCESS:          0 HIT:          0 MISS:          0 MSHR_MERGE:          0
cpu1->cpu1_L1I PREFETCH REQUESTED:          0 ISSUED:          0 USEFUL:          0 USELESS:          0
cpu1->cpu1_L1I AVERAGE MISS LATENCY: - cycles
cpu1->cpu1_L1D TOTAL        ACCESS:   18069856 HIT:    1083959 MISS:   16985897 MSHR_MERGE:   13841978
cpu1->cpu1_L1D LOAD         ACCESS:    9686160 HIT:    1083959 MISS:    8602201 MSHR_MERGE:    6506328
cpu1->cpu1_L1D RFO          ACCESS:          0 HIT:          0 MISS:          0 MSHR_MERGE:          0
cpu1->cpu1_L1D PREFETCH     ACCESS:          0 HIT:          0 MISS:          0 MSHR_MERGE:          0
cpu1->cpu1_L1D WRITE        ACCESS:    8383600 HIT:          0 MISS:    8383600 MSHR_MERGE:    7335650
cpu1->cpu1_L1D TRANSLATION  ACCESS:         96 HIT:          0 MISS:         96 MSHR_MERGE:          0
cpu1->cpu1_L1D PREFETCH REQUESTED:          0 ISSUED:          0 USEFUL:          0 USELESS:          0
cpu1->cpu1_L1D AVERAGE MISS LATENCY: 358.4 cycles
cpu1->cpu1_ITLB TOTAL        ACCESS:    6272951 HIT:    6272951 MISS:          0 MSHR_MERGE:          0
cpu1->cpu1_ITLB LOAD         ACCESS:    6272951 HIT:    6272951 MISS:          0 MSHR_MERGE:          0
cpu1->cpu1_ITLB RFO          ACCESS:          0 HIT:          0 MISS:          0 MSHR_MERGE:          0
cpu1->cpu1_ITLB PREFETCH     ACCESS:          0 HIT:          0 MISS:          0 MSHR_MERGE:          0
cpu1->cpu1_ITLB WRITE        ACCESS:          0 HIT:          0 MISS:          0 MSHR_MERGE:          0
cpu1->cpu1_ITLB TRANSLATION  ACCESS:          0 HIT:          0 MISS:          0 MSHR_MERGE:          0
cpu1->cpu1_ITLB PREFETCH REQUESTED:          0 ISSUED:          0 USEFUL:          0 USELESS:          0
cpu1->cpu1_ITLB AVERAGE MISS LATENCY: - cycles
cpu1->cpu1_DTLB TOTAL        ACCESS:   15455266 HIT:   15454441 MISS:        825 MSHR_MERGE:        729
cpu1->cpu1_DTLB LOAD         ACCESS:   15455266 HIT:   15454441 MISS:        825 MSHR_MERGE:        729
cpu1->cpu1_DTLB RFO          ACCESS:          0 HIT:          0 MISS:          0 MSHR_MERGE:          0
cpu1->cpu1_DTLB PREFETCH     ACCESS:          0 HIT:          0 MISS:          0 MSHR_MERGE:          0
cpu1->cpu1_DTLB WRITE        ACCESS:          0 HIT:          0 MISS:          0 MSHR_MERGE:          0
cpu1->cpu1_DTLB TRANSLATION  ACCESS:          0 HIT:          0 MISS:          0 MSHR_MERGE:          0
cpu1->cpu1_DTLB PREFETCH REQUESTED:          0 ISSUED:          0 USEFUL:          0 USELESS:          0
cpu1->cpu1_DTLB AVERAGE MISS LATENCY: 314.3 cycles
cpu0->cpu0_STLB TOTAL        ACCESS:         96 HIT:          0 MISS:         96 MSHR_MERGE:          0
cpu0->cpu0_STLB LOAD         ACCESS:         96 HIT:          0 MISS:         96 MSHR_MERGE:          0
cpu0->cpu0_STLB RFO          ACCESS:          0 HIT:          0 MISS:          0 MSHR_MERGE:          0
cpu0->cpu0_STLB PREFETCH     ACCESS:          0 HIT:          0 MISS:          0 MSHR_MERGE:          0
cpu0->cpu0_STLB WRITE        ACCESS:          0 HIT:          0 MISS:          0 MSHR_MERGE:          0
cpu0->cpu0_STLB TRANSLATION  ACCESS:          0 HIT:          0 MISS:          0 MSHR_MERGE:          0
cpu0->cpu0_STLB PREFETCH REQUESTED:          0 ISSUED:          0 USEFUL:          0 USELESS:          0
cpu0->cpu0_STLB AVERAGE MISS LATENCY: 232.5 cycles
cpu0->cpu0_L2C TOTAL        ACCESS:    4172002 HIT:    1042987 MISS:    3129015 MSHR_MERGE:          0
cpu0->cpu0_L2C LOAD         ACCESS:    2085937 HIT:          0 MISS:    2085937 MSHR_MERGE:          0
cpu0->cpu0_L2C RFO          ACCESS:    1042982 HIT:          0 MISS:    1042982 MSHR_MERGE:          0
cpu0->cpu0_L2C PREFETCH     ACCESS:          0 HIT:          0 MISS:          0 MSHR_MERGE:          0
cpu0->cpu0_L2C WRITE        ACCESS:    1042987 HIT:    1042987 MISS:          0 MSHR_MERGE:          0
cpu0->cpu0_L2C TRANSLATION  ACCESS:         96 HIT:          0 MISS:         96 MSHR_MERGE:          0
cpu0->cpu0_L2C PREFETCH REQUESTED:          0 ISSUED:          0 USEFUL:          0 USELESS:          0
cpu0->cpu0_L2C AVERAGE MISS LATENCY: 350.6 cycles
cpu0->cpu0_L1I TOTAL        ACCESS:    6239264 HIT:    6239264 MISS:          0 MSHR_MERGE:          0
cpu0->cpu0_L1I LOAD         ACCESS:    6239264 HIT:    6239264 MISS:          0 MSHR_MERGE:          0
cpu0->cpu0_L1I RFO          ACCESS:          0 HIT:          0 MISS:          0 MSHR_MERGE:          0
cpu0->cpu0_L1I PREFETCH     ACCESS:          0 HIT:          0 MISS:          0 MSHR_MERGE:          0
cpu0->cpu0_L1I WRITE        ACCESS:          0 HIT:          0 MISS:          0 MSHR_MERGE:          0
cpu0->cpu0_L1I TRANSLATION  ACCESS:          0 HIT:          0 MISS:          0 MSHR_MERGE:          0
cpu0->cpu0_L1I PREFETCH REQUESTED:          0 ISSUED:          0 USEFUL:          0 USELESS:          0
cpu0->cpu0_L1I AVERAGE MISS LATENCY: - cycles
cpu0->cpu0_L1D TOTAL        ACCESS:   17998144 HIT:    1078707 MISS:   16919437 MSHR_MERGE:   13790422
cpu0->cpu0_L1D LOAD         ACCESS:    9654192 HIT:    1078707 MISS:    8575485 MSHR_MERGE:    6489548
cpu0->cpu0_L1D RFO          ACCESS:          0 HIT:          0 MISS:          0 MSHR_MERGE:          0
cpu0->cpu0_L1D PREFETCH     ACCESS:          0 HIT:          0 MISS:          0 MSHR_MERGE:          0
cpu0->cpu0_L1D WRITE        ACCESS:    8343856 HIT:          0 MISS:    8343856 MSHR_MERGE:    7300874
cpu0->cpu0_L1D TRANSLATION  ACCESS:         96 HIT:          0 MISS:         96 MSHR_MERGE:          0
cpu0->cpu0_L1D PREFETCH REQUESTED:          0 ISSUED:          0 USEFUL:          0 USELESS:          0
cpu0->cpu0_L1D AVERAGE MISS LATENCY: 359.6 cycles
cpu0->cpu0_ITLB TOTAL        ACCESS:    6239264 HIT:    6239264 MISS:          0 MSHR_MERGE:          0
cpu0->cpu0_ITLB LOAD         ACCESS:    6239264 HIT:    6239264 MISS:          0 MSHR_MERGE:          0
cpu0->cpu0_ITLB RFO          ACCESS:          0 HIT:          0 MISS:          0 MSHR_MERGE:          0
cpu0->cpu0_ITLB PREFETCH     ACCESS:          0 HIT:          0 MISS:          0 MSHR_MERGE:          0
cpu0->cpu0_ITLB WRITE        ACCESS:          0 HIT:          0 MISS:          0 MSHR_MERGE:          0
cpu0->cpu0_ITLB TRANSLATION  ACCESS:          0 HIT:          0 MISS:          0 MSHR_MERGE:          0
cpu0->cpu0_ITLB PREFETCH REQUESTED:          0 ISSUED:          0 USEFUL:          0 USELESS:          0
cpu0->cpu0_ITLB AVERAGE MISS LATENCY: - cycles
cpu0->cpu0_DTLB TOTAL        ACCESS:   15395460 HIT:   15394748 MISS:        712 MSHR_MERGE:        616
cpu0->cpu0_DTLB LOAD         ACCESS:   15395460 HIT:   15394748 MISS:        712 MSHR_MERGE:        616
cpu0->cpu0_DTLB RFO          ACCESS:          0 HIT:          0 MISS:          0 MSHR_MERGE:          0
cpu0->cpu0_DTLB PREFETCH     ACCESS:          0 HIT:          0 MISS:          0 MSHR_MERGE:          0
cpu0->cpu0_DTLB WRITE        ACCESS:          0 HIT:          0 MISS:          0 MSHR_MERGE:          0
cpu0->cpu0_DTLB TRANSLATION  ACCESS:          0 HIT:          0 MISS:          0 MSHR_MERGE:          0
cpu0->cpu0_DTLB PREFETCH REQUESTED:          0 ISSUED:          0 USEFUL:          0 USELESS:          0
cpu0->cpu0_DTLB AVERAGE MISS LATENCY: 238.5 cycles
cpu0->LLC TOTAL        ACCESS:    4172001 HIT:    1043067 MISS:    3128934 MSHR_MERGE:          0
cpu0->LLC LOAD         ACCESS:    2085947 HIT:          0 MISS:    2085947 MSHR_MERGE:          0
cpu0->LLC RFO          ACCESS:    1042987 HIT:          0 MISS:    1042987 MSHR_MERGE:          0
cpu0->LLC PREFETCH     ACCESS:          0 HIT:          0 MISS:          0 MSHR_MERGE:          0
cpu0->LLC WRITE        ACCESS:    1042971 HIT:    1042971 MISS:          0 MSHR_MERGE:          0
cpu0->LLC TRANSLATION  ACCESS:         96 HIT:         96 MISS:          0 MSHR_MERGE:          0
cpu0->LLC PREFETCH REQUESTED:          0 ISSUED:          0 USEFUL:          0 USELESS:          0
cpu0->LLC AVERAGE MISS LATENCY: 2676 cycles
cpu1->LLC TOTAL        ACCESS:    4191873 HIT:    1048011 MISS:    3143862 MSHR_MERGE:          0
cpu1->LLC LOAD         ACCESS:    2095883 HIT:          0 MISS:    2095883 MSHR_MERGE:          0
cpu1->LLC RFO          ACCESS:    1047955 HIT:          0 MISS:    1047955 MSHR_MERGE:          0
cpu1->LLC PREFETCH     ACCESS:          0 HIT:          0 MISS:          0 MSHR_MERGE:          0
cpu1->LLC WRITE        ACCESS:    1047939 HIT:    1047939 MISS:          0 MSHR_MERGE:          0
cpu1->LLC TRANSLATION  ACCESS:         96 HIT:         72 MISS:         24 MSHR_MERGE:          0
cpu1->LLC PREFETCH REQUESTED:          0 ISSUED:          0 USEFUL:          0 USELESS:          0
cpu1->LLC AVERAGE MISS LATENCY: 2663 cycles
cpu2->LLC TOTAL        ACCESS:    4169773 HIT:    1042511 MISS:    3127262 MSHR_MERGE:          0
cpu2->LLC LOAD         ACCESS:    2084831 HIT:          0 MISS:    2084831 MSHR_MERGE:          0
cpu2->LLC RFO          ACCESS:    1042431 HIT:          0 MISS:    1042431 MSHR_MERGE:          0
cpu2->LLC PREFETCH     ACCESS:          0 HIT:          0 MISS:          0 MSHR_MERGE:          0
cpu2->LLC WRITE        ACCESS:    1042415 HIT:    1042415 MISS:          0 MSHR_MERGE:          0
cpu2->LLC TRANSLATION  ACCESS:         96 HIT:         96 MISS:          0 MSHR_MERGE:          0
cpu2->LLC PREFETCH REQUESTED:          0 ISSUED:          0 USEFUL:          0 USELESS:          0
cpu2->LLC AVERAGE MISS LATENCY: 2677 cycles
cpu3->LLC TOTAL        ACCESS:    4169718 HIT:    1042496 MISS:    3127222 MSHR_MERGE:          0
cpu3->LLC LOAD         ACCESS:    2084806 HIT:          0 MISS:    2084806 MSHR_MERGE:          0
cpu3->LLC RFO          ACCESS:    1042416 HIT:          0 MISS:    1042416 MSHR_MERGE:          0
cpu3->LLC PREFETCH     ACCESS:          0 HIT:          0 MISS:          0 MSHR_MERGE:          0
cpu3->LLC WRITE        ACCESS:    1042400 HIT:    1042400 MISS:          0 MSHR_MERGE:          0
cpu3->LLC TRANSLATION  ACCESS:         96 HIT:         96 MISS:          0 MSHR_MERGE:          0
cpu3->LLC PREFETCH REQUESTED:          0 ISSUED:          0 USEFUL:          0 USELESS:          0
cpu3->LLC AVERAGE MISS LATENCY: 2677 cycles
cpu4->LLC TOTAL        ACCESS:    4172590 HIT:    1043214 MISS:    3129376 MSHR_MERGE:          0
cpu4->LLC LOAD         ACCESS:    2086240 HIT:          0 MISS:    2086240 MSHR_MERGE:          0
cpu4->LLC RFO          ACCESS:    1043135 HIT:          0 MISS:    1043135 MSHR_MERGE:          0
cpu4->LLC PREFETCH     ACCESS:          0 HIT:          0 MISS:          0 MSHR_MERGE:          0
cpu4->LLC WRITE        ACCESS:    1043119 HIT:    1043119 MISS:          0 MSHR_MERGE:          0
cpu4->LLC TRANSLATION  ACCESS:         96 HIT:         95 MISS:          1 MSHR_MERGE:          0
cpu4->LLC PREFETCH REQUESTED:          0 ISSUED:          0 USEFUL:          0 USELESS:          0
cpu4->LLC AVERAGE MISS LATENCY: 2675 cycles
cpu5->LLC TOTAL        ACCESS:    4183808 HIT:    1046017 MISS:    3137791 MSHR_MERGE:          0
cpu5->LLC LOAD         ACCESS:    2091850 HIT:          0 MISS:    2091850 MSHR_MERGE:          0
cpu5->LLC RFO          ACCESS:    1045939 HIT:          0 MISS:    1045939 MSHR_MERGE:          0
cpu5->LLC PREFETCH     ACCESS:          0 HIT:          0 MISS:          0 MSHR_MERGE:          0
cpu5->LLC WRITE        ACCESS:    1045923 HIT:    1045923 MISS:          0 MSHR_MERGE:          0
cpu5->LLC TRANSLATION  ACCESS:         96 HIT:         94 MISS:          2 MSHR_MERGE:          0
cpu5->LLC PREFETCH REQUESTED:          0 ISSUED:          0 USEFUL:          0 USELESS:          0
cpu5->LLC AVERAGE MISS LATENCY: 2668 cycles
cpu6->LLC TOTAL        ACCESS:    4180312 HIT:    1045143 MISS:    3135169 MSHR_MERGE:          0
cpu6->LLC LOAD         ACCESS:    2090102 HIT:          0 MISS:    2090102 MSHR_MERGE:          0
cpu6->LLC RFO          ACCESS:    1045065 HIT:          0 MISS:    1045065 MSHR_MERGE:          0
cpu6->LLC PREFETCH     ACCESS:          0 HIT:          0 MISS:          0 MSHR_MERGE:          0
cpu6->LLC WRITE        ACCESS:    1045049 HIT:    1045049 MISS:          0 MSHR_MERGE:          0
cpu6->LLC TRANSLATION  ACCESS:         96 HIT:         94 MISS:          2 MSHR_MERGE:          0
cpu6->LLC PREFETCH REQUESTED:          0 ISSUED:          0 USEFUL:          0 USELESS:          0
cpu6->LLC AVERAGE MISS LATENCY: 2670 cycles
cpu7->LLC TOTAL        ACCESS:    4166780 HIT:    1041760 MISS:    3125020 MSHR_MERGE:          0
cpu7->LLC LOAD         ACCESS:    2083335 HIT:          0 MISS:    2083335 MSHR_MERGE:          0
cpu7->LLC RFO          ACCESS:    1041682 HIT:          0 MISS:    1041682 MSHR_MERGE:          0
cpu7->LLC PREFETCH     ACCESS:          0 HIT:          0 MISS:          0 MSHR_MERGE:          0
cpu7->LLC WRITE        ACCESS:    1041667 HIT:    1041667 MISS:          0 MSHR_MERGE:          0
cpu7->LLC TRANSLATION  ACCESS:         96 HIT:         93 MISS:          3 MSHR_MERGE:          0
cpu7->LLC PREFETCH REQUESTED:          0 ISSUED:          0 USEFUL:          0 USELESS:          0
cpu7->LLC AVERAGE MISS LATENCY: 2679 cycles

Region of Interest Statistics

CPU 7 cumulative IPC: 0.1823 instructions: 50000004 cycles: 274203705
CPU 7 Branch Prediction Accuracy: 100% MPKI: 0 Average ROB Occupancy at Mispredict: -
Branch type MPKI
BRANCH_DIRECT_JUMP: 0
BRANCH_INDIRECT: 0
BRANCH_CONDITIONAL: 0
BRANCH_DIRECT_CALL: 0
BRANCH_INDIRECT_CALL: 0
BRANCH_RETURN: 0


CPU 6 cumulative IPC: 0.183 instructions: 50000000 cycles: 273288230
CPU 6 Branch Prediction Accuracy: 100% MPKI: 0 Average ROB Occupancy at Mispredict: -
Branch type MPKI
BRANCH_DIRECT_JUMP: 0
BRANCH_INDIRECT: 0
BRANCH_CONDITIONAL: 0
BRANCH_DIRECT_CALL: 0
BRANCH_INDIRECT_CALL: 0
BRANCH_RETURN: 0


CPU 5 cumulative IPC: 0.1831 instructions: 50000000 cycles: 273042878
CPU 5 Branch Prediction Accuracy: 100% MPKI: 0 Average ROB Occupancy at Mispredict: -
Branch type MPKI
BRANCH_DIRECT_JUMP: 0
BRANCH_INDIRECT: 0
BRANCH_CONDITIONAL: 0
BRANCH_DIRECT_CALL: 0
BRANCH_INDIRECT_CALL: 0
BRANCH_RETURN: 0


CPU 4 cumulative IPC: 0.1826 instructions: 50000001 cycles: 273815888
CPU 4 Branch Prediction Accuracy: 100% MPKI: 0 Average ROB Occupancy at Mispredict: -
Branch type MPKI
BRANCH_DIRECT_JUMP: 0
BRANCH_INDIRECT: 0
BRANCH_CONDITIONAL: 0
BRANCH_DIRECT_CALL: 0
BRANCH_INDIRECT_CALL: 0
BRANCH_RETURN: 0


CPU 3 cumulative IPC: 0.1825 instructions: 50000002 cycles: 274012271
CPU 3 Branch Prediction Accuracy: 100% MPKI: 0 Average ROB Occupancy at Mispredict: -
Branch type MPKI
BRANCH_DIRECT_JUMP: 0
BRANCH_INDIRECT: 0
BRANCH_CONDITIONAL: 0
BRANCH_DIRECT_CALL: 0
BRANCH_INDIRECT_CALL: 0
BRANCH_RETURN: 0


CPU 2 cumulative IPC: 0.1825 instructions: 50000004 cycles: 274010047
CPU 2 Branch Prediction Accuracy: 100% MPKI: 0 Average ROB Occupancy at Mispredict: -
Branch type MPKI
BRANCH_DIRECT_JUMP: 0
BRANCH_INDIRECT: 0
BRANCH_CONDITIONAL: 0
BRANCH_DIRECT_CALL: 0
BRANCH_INDIRECT_CALL: 0
BRANCH_RETURN: 0


CPU 1 cumulative IPC: 0.1835 instructions: 50000000 cycles: 272514064
CPU 1 Branch Prediction Accuracy: 100% MPKI: 0 Average ROB Occupancy at Mispredict: -
Branch type MPKI
BRANCH_DIRECT_JUMP: 0
BRANCH_INDIRECT: 0
BRANCH_CONDITIONAL: 0
BRANCH_DIRECT_CALL: 0
BRANCH_INDIRECT_CALL: 0
BRANCH_RETURN: 0


CPU 0 cumulative IPC: 0.1826 instructions: 50000000 cycles: 273856192
CPU 0 Branch Prediction Accuracy: 100% MPKI: 0 Average ROB Occupancy at Mispredict: -
Branch type MPKI
BRANCH_DIRECT_JUMP: 0
BRANCH_INDIRECT: 0
BRANCH_CONDITIONAL: 0
BRANCH_DIRECT_CALL: 0
BRANCH_INDIRECT_CALL: 0
BRANCH_RETURN: 0

cpu7->cpu7_STLB TOTAL        ACCESS:         96 HIT:          0 MISS:         96 MSHR_MERGE:          0
cpu7->cpu7_STLB LOAD         ACCESS:         96 HIT:          0 MISS:         96 MSHR_MERGE:          0
cpu7->cpu7_STLB RFO          ACCESS:          0 HIT:          0 MISS:          0 MSHR_MERGE:          0
cpu7->cpu7_STLB PREFETCH     ACCESS:          0 HIT:          0 MISS:          0 MSHR_MERGE:          0
cpu7->cpu7_STLB WRITE        ACCESS:          0 HIT:          0 MISS:          0 MSHR_MERGE:          0
cpu7->cpu7_STLB TRANSLATION  ACCESS:          0 HIT:          0 MISS:          0 MSHR_MERGE:          0
cpu7->cpu7_STLB PREFETCH REQUESTED:          0 ISSUED:          0 USEFUL:          0 USELESS:          0
cpu7->cpu7_STLB AVERAGE MISS LATENCY: 249.3 cycles
cpu7->cpu7_L2C TOTAL        ACCESS:    4166778 HIT:    1041681 MISS:    3125097 MSHR_MERGE:          0
cpu7->cpu7_L2C LOAD         ACCESS:    2083325 HIT:          0 MISS:    2083325 MSHR_MERGE:          0
cpu7->cpu7_L2C RFO          ACCESS:    1041676 HIT:          0 MISS:    1041676 MSHR_MERGE:          0
cpu7->cpu7_L2C PREFETCH     ACCESS:          0 HIT:          0 MISS:          0 MSHR_MERGE:          0
cpu7->cpu7_L2C WRITE        ACCESS:    1041681 HIT:    1041681 MISS:          0 MSHR_MERGE:          0
cpu7->cpu7_L2C TRANSLATION  ACCESS:         96 HIT:          0 MISS:         96 MSHR_MERGE:          0
cpu7->cpu7_L2C PREFETCH REQUESTED:          0 ISSUED:          0 USEFUL:          0 USELESS:          0
cpu7->cpu7_L2C AVERAGE MISS LATENCY: 352.1 cycles
cpu7->cpu7_L1I TOTAL        ACCESS:    6229542 HIT:    6229542 MISS:          0 MSHR_MERGE:          0
cpu7->cpu7_L1I LOAD         ACCESS:    6229542 HIT:    6229542 MISS:          0 MSHR_MERGE:          0
cpu7->cpu7_L1I RFO          ACCESS:          0 HIT:          0 MISS:          0 MSHR_MERGE:          0
cpu7->cpu7_L1I PREFETCH     ACCESS:          0 HIT:          0 MISS:          0 MSHR_MERGE:          0
cpu7->cpu7_L1I WRITE        ACCESS:          0 HIT:          0 MISS:          0 MSHR_MERGE:          0
cpu7->cpu7_L1I TRANSLATION  ACCESS:          0 HIT:          0 MISS:          0 MSHR_MERGE:          0
cpu7->cpu7_L1I PREFETCH REQUESTED:          0 ISSUED:          0 USEFUL:          0 USELESS:          0
cpu7->cpu7_L1I AVERAGE MISS LATENCY: - cycles
cpu7->cpu7_L1D TOTAL        ACCESS:   17934903 HIT:    1083829 MISS:   16851074 MSHR_MERGE:   13725975
cpu7->cpu7_L1D LOAD         ACCESS:    9601395 HIT:    1083829 MISS:    8517566 MSHR_MERGE:    6434240
cpu7->cpu7_L1D RFO          ACCESS:          0 HIT:          0 MISS:          0 MSHR_MERGE:          0
cpu7->cpu7_L1D PREFETCH     ACCESS:          0 HIT:          0 MISS:          0 MSHR_MERGE:          0
cpu7->cpu7_L1D WRITE        ACCESS:    8333412 HIT:          0 MISS:    8333412 MSHR_MERGE:    7291735
cpu7->cpu7_L1D TRANSLATION  ACCESS:         96 HIT:          0 MISS:         96 MSHR_MERGE:          0
cpu7->cpu7_L1D PREFETCH REQUESTED:          0 ISSUED:          0 USEFUL:          0 USELESS:          0
cpu7->cpu7_L1D AVERAGE MISS LATENCY: 361.1 cycles
cpu7->cpu7_ITLB TOTAL        ACCESS:    6229543 HIT:    6229543 MISS:          0 MSHR_MERGE:          0
cpu7->cpu7_ITLB LOAD         ACCESS:    6229543 HIT:    6229543 MISS:          0 MSHR_MERGE:          0
cpu7->cpu7_ITLB RFO          ACCESS:          0 HIT:          0 MISS:          0 MSHR_MERGE:          0
cpu7->cpu7_ITLB PREFETCH     ACCESS:          0 HIT:          0 MISS:          0 MSHR_MERGE:          0
cpu7->cpu7_ITLB WRITE        ACCESS:          0 HIT:          0 MISS:          0 MSHR_MERGE:          0
cpu7->cpu7_ITLB TRANSLATION  ACCESS:          0 HIT:          0 MISS:          0 MSHR_MERGE:          0
cpu7->cpu7_ITLB PREFETCH REQUESTED:          0 ISSUED:          0 USEFUL:          0 USELESS:          0
cpu7->cpu7_ITLB AVERAGE MISS LATENCY: - cycles
cpu7->cpu7_DTLB TOTAL        ACCESS:   15350202 HIT:   15349467 MISS:        735 MSHR_MERGE:        639
cpu7->cpu7_DTLB LOAD         ACCESS:   15350202 HIT:   15349467 MISS:        735 MSHR_MERGE:        639
cpu7->cpu7_DTLB RFO          ACCESS:          0 HIT:          0 MISS:          0 MSHR_MERGE:          0
cpu7->cpu7_DTLB PREFETCH     ACCESS:          0 HIT:          0 MISS:          0 MSHR_MERGE:          0
cpu7->cpu7_DTLB WRITE        ACCESS:          0 HIT:          0 MISS:          0 MSHR_MERGE:          0
cpu7->cpu7_DTLB TRANSLATION  ACCESS:          0 HIT:          0 MISS:          0 MSHR_MERGE:          0
cpu7->cpu7_DTLB PREFETCH REQUESTED:          0 ISSUED:          0 USEFUL:          0 USELESS:          0
cpu7->cpu7_DTLB AVERAGE MISS LATENCY: 255.3 cycles
cpu6->cpu6_STLB TOTAL        ACCESS:         96 HIT:          0 MISS:         96 MSHR_MERGE:          0
cpu6->cpu6_STLB LOAD         ACCESS:         96 HIT:          0 MISS:         96 MSHR_MERGE:          0
cpu6->cpu6_STLB RFO          ACCESS:          0 HIT:          0 MISS:          0 MSHR_MERGE:          0
cpu6->cpu6_STLB PREFETCH     ACCESS:          0 HIT:          0 MISS:          0 MSHR_MERGE:          0
cpu6->cpu6_STLB WRITE        ACCESS:          0 HIT:          0 MISS:          0 MSHR_MERGE:          0
cpu6->cpu6_STLB TRANSLATION  ACCESS:          0 HIT:          0 MISS:          0 MSHR_MERGE:          0
cpu6->cpu6_STLB PREFETCH REQUESTED:          0 ISSUED:          0 USEFUL:          0 USELESS:          0
cpu6->cpu6_STLB AVERAGE MISS LATENCY: 239 cycles
cpu6->cpu6_L2C TOTAL        ACCESS:    4180311 HIT:    1045064 MISS:    3135247 MSHR_MERGE:          0
cpu6->cpu6_L2C LOAD         ACCESS:    2090091 HIT:          0 MISS:    2090091 MSHR_MERGE:          0
cpu6->cpu6_L2C RFO          ACCESS:    1045060 HIT:          0 MISS:    1045060 MSHR_MERGE:          0
cpu6->cpu6_L2C PREFETCH     ACCESS:          0 HIT:          0 MISS:          0 MSHR_MERGE:          0
cpu6->cpu6_L2C WRITE        ACCESS:    1045064 HIT:    1045064 MISS:          0 MSHR_MERGE:          0
cpu6->cpu6_L2C TRANSLATION  ACCESS:         96 HIT:          0 MISS:         96 MSHR_MERGE:          0
cpu6->cpu6_L2C PREFETCH REQUESTED:          0 ISSUED:          0 USEFUL:          0 USELESS:          0
cpu6->cpu6_L2C AVERAGE MISS LATENCY: 349.4 cycles
cpu6->cpu6_L1I TOTAL        ACCESS:    6253946 HIT:    6253946 MISS:          0 MSHR_MERGE:          0
cpu6->cpu6_L1I LOAD         ACCESS:    6253946 HIT:    6253946 MISS:          0 MSHR_MERGE:          0
cpu6->cpu6_L1I RFO          ACCESS:          0 HIT:          0 MISS:          0 MSHR_MERGE:          0
cpu6->cpu6_L1I PREFETCH     ACCESS:          0 HIT:          0 MISS:          0 MSHR_MERGE:          0
cpu6->cpu6_L1I WRITE        ACCESS:          0 HIT:          0 MISS:          0 MSHR_MERGE:          0
cpu6->cpu6_L1I TRANSLATION  ACCESS:          0 HIT:          0 MISS:          0 MSHR_MERGE:          0
cpu6->cpu6_L1I PREFETCH REQUESTED:          0 ISSUED:          0 USEFUL:          0 USELESS:          0
cpu6->cpu6_L1I AVERAGE MISS LATENCY: - cycles
cpu6->cpu6_L1D TOTAL        ACCESS:   18001630 HIT:    1079479 MISS:   16922151 MSHR_MERGE:   13786904
cpu6->cpu6_L1D LOAD         ACCESS:    9641054 HIT:    1079479 MISS:    8561575 MSHR_MERGE:    6471484
cpu6->cpu6_L1D RFO          ACCESS:          0 HIT:          0 MISS:          0 MSHR_MERGE:          0
cpu6->cpu6_L1D PREFETCH     ACCESS:          0 HIT:          0 MISS:          0 MSHR_MERGE:          0
cpu6->cpu6_L1D WRITE        ACCESS:    8360480 HIT:          0 MISS:    8360480 MSHR_MERGE:    7315420
cpu6->cpu6_L1D TRANSLATION  ACCESS:         96 HIT:          0 MISS:         96 MSHR_MERGE:          0
cpu6->cpu6_L1D PREFETCH REQUESTED:          0 ISSUED:          0 USEFUL:          0 USELESS:          0
cpu6->cpu6_L1D AVERAGE MISS LATENCY: 358.4 cycles
cpu6->cpu6_ITLB TOTAL        ACCESS:    6253946 HIT:    6253946 MISS:          0 MSHR_MERGE:          0
cpu6->cpu6_ITLB LOAD         ACCESS:    6253946 HIT:    6253946 MISS:          0 MSHR_MERGE:          0
cpu6->cpu6_ITLB RFO          ACCESS:          0 HIT:          0 MISS:          0 MSHR_MERGE:          0
cpu6->cpu6_ITLB PREFETCH     ACCESS:          0 HIT:          0 MISS:          0 MSHR_MERGE:          0
cpu6->cpu6_ITLB WRITE        ACCESS:          0 HIT:          0 MISS:          0 MSHR_MERGE:          0
cpu6->cpu6_ITLB TRANSLATION  ACCESS:          0 HIT:          0 MISS:          0 MSHR_MERGE:          0
cpu6->cpu6_ITLB PREFETCH REQUESTED:          0 ISSUED:          0 USEFUL:          0 USELESS:          0
cpu6->cpu6_ITLB AVERAGE MISS LATENCY: - cycles
cpu6->cpu6_DTLB TOTAL        ACCESS:   15400158 HIT:   15399423 MISS:        735 MSHR_MERGE:        639
cpu6->cpu6_DTLB LOAD         ACCESS:   15400158 HIT:   15399423 MISS:        735 MSHR_MERGE:        639
cpu6->cpu6_DTLB RFO          ACCESS:          0 HIT:          0 MISS:          0 MSHR_MERGE:          0
cpu6->cpu6_DTLB PREFETCH     ACCESS:          0 HIT:          0 MISS:          0 MSHR_MERGE:          0
cpu6->cpu6_DTLB WRITE        ACCESS:          0 HIT:          0 MISS:          0 MSHR_MERGE:          0
cpu6->cpu6_DTLB TRANSLATION  ACCESS:          0 HIT:          0 MISS:          0 MSHR_MERGE:          0
cpu6->cpu6_DTLB PREFETCH REQUESTED:          0 ISSUED:          0 USEFUL:          0 USELESS:          0
cpu6->cpu6_DTLB AVERAGE MISS LATENCY: 245 cycles
cpu5->cpu5_STLB TOTAL        ACCESS:         96 HIT:          0 MISS:         96 MSHR_MERGE:          0
cpu5->cpu5_STLB LOAD         ACCESS:         96 HIT:          0 MISS:         96 MSHR_MERGE:          0
cpu5->cpu5_STLB RFO          ACCESS:          0 HIT:          0 MISS:          0 MSHR_MERGE:          0
cpu5->cpu5_STLB PREFETCH     ACCESS:          0 HIT:          0 MISS:          0 MSHR_MERGE:          0
cpu5->cpu5_STLB WRITE        ACCESS:          0 HIT:          0 MISS:          0 MSHR_MERGE:          0
cpu5->cpu5_STLB TRANSLATION  ACCESS:          0 HIT:          0 MISS:          0 MSHR_MERGE:          0
cpu5->cpu5_STLB PREFETCH REQUESTED:          0 ISSUED:          0 USEFUL:          0 USELESS:          0
cpu5->cpu5_STLB AVERAGE MISS LATENCY: 236.1 cycles
cpu5->cpu5_L2C TOTAL        ACCESS:    4183807 HIT:    1045938 MISS:    3137869 MSHR_MERGE:          0
cpu5->cpu5_L2C LOAD         ACCESS:    2091839 HIT:          0 MISS:    2091839 MSHR_MERGE:          0
cpu5->cpu5_L2C RFO          ACCESS:    1045934 HIT:          0 MISS:    1045934 MSHR_MERGE:          0
cpu5->cpu5_L2C PREFETCH     ACCESS:          0 HIT:          0 MISS:          0 MSHR_MERGE:          0
cpu5->cpu5_L2C WRITE        ACCESS:    1045938 HIT:    1045938 MISS:          0 MSHR_MERGE:          0
cpu5->cpu5_L2C TRANSLATION  ACCESS:         96 HIT:          0 MISS:         96 MSHR_MERGE:          0
cpu5->cpu5_L2C PREFETCH REQUESTED:          0 ISSUED:          0 USEFUL:          0 USELESS:          0
cpu5->cpu5_L2C AVERAGE MISS LATENCY: 349.2 cycles
cpu5->cpu5_L1I TOTAL        ACCESS:    6257402 HIT:    6257402 MISS:          0 MSHR_MERGE:          0
cpu5->cpu5_L1I LOAD         ACCESS:    6257402 HIT:    6257402 MISS:          0 MSHR_MERGE:          0
cpu5->cpu5_L1I RFO          ACCESS:          0 HIT:          0 MISS:          0 MSHR_MERGE:          0
cpu5->cpu5_L1I PREFETCH     ACCESS:          0 HIT:          0 MISS:          0 MSHR_MERGE:          0
cpu5->cpu5_L1I WRITE        ACCESS:          0 HIT:          0 MISS:          0 MSHR_MERGE:          0
cpu5->cpu5_L1I TRANSLATION  ACCESS:          0 HIT:          0 MISS:          0 MSHR_MERGE:          0
cpu5->cpu5_L1I PREFETCH REQUESTED:          0 ISSUED:          0 USEFUL:          0 USELESS:          0
cpu5->cpu5_L1I AVERAGE MISS LATENCY: - cycles
cpu5->cpu5_L1D TOTAL        ACCESS:   18045429 HIT:    1081524 MISS:   16963905 MSHR_MERGE:   13826036
cpu5->cpu5_L1D LOAD         ACCESS:    9677861 HIT:    1081524 MISS:    8596337 MSHR_MERGE:    6504498
cpu5->cpu5_L1D RFO          ACCESS:          0 HIT:          0 MISS:          0 MSHR_MERGE:          0
cpu5->cpu5_L1D PREFETCH     ACCESS:          0 HIT:          0 MISS:          0 MSHR_MERGE:          0
cpu5->cpu5_L1D WRITE        ACCESS:    8367472 HIT:          0 MISS:    8367472 MSHR_MERGE:    7321538
cpu5->cpu5_L1D TRANSLATION  ACCESS:         96 HIT:          0 MISS:         96 MSHR_MERGE:          0
cpu5->cpu5_L1D PREFETCH REQUESTED:          0 ISSUED:          0 USEFUL:          0 USELESS:          0
cpu5->cpu5_L1D AVERAGE MISS LATENCY: 358.3 cycles
cpu5->cpu5_ITLB TOTAL        ACCESS:    6257402 HIT:    6257402 MISS:          0 MSHR_MERGE:          0
cpu5->cpu5_ITLB LOAD         ACCESS:    6257402 HIT:    6257402 MISS:          0 MSHR_MERGE:          0
cpu5->cpu5_ITLB RFO          ACCESS:          0 HIT:          0 MISS:          0 MSHR_MERGE:          0
cpu5->cpu5_ITLB PREFETCH     ACCESS:          0 HIT:          0 MISS:          0 MSHR_MERGE:          0
cpu5->cpu5_ITLB WRITE        ACCESS:          0 HIT:          0 MISS:          0 MSHR_MERGE:          0
cpu5->cpu5_ITLB TRANSLATION  ACCESS:          0 HIT:          0 MISS:          0 MSHR_MERGE:          0
cpu5->cpu5_ITLB PREFETCH REQUESTED:          0 ISSUED:          0 USEFUL:          0 USELESS:          0
cpu5->cpu5_ITLB AVERAGE MISS LATENCY: - cycles
cpu5->cpu5_DTLB TOTAL        ACCESS:   15420170 HIT:   15419415 MISS:        755 MSHR_MERGE:        659
cpu5->cpu5_DTLB LOAD         ACCESS:   15420170 HIT:   15419415 MISS:        755 MSHR_MERGE:        659
cpu5->cpu5_DTLB RFO          ACCESS:          0 HIT:          0 MISS:          0 MSHR_MERGE:          0
cpu5->cpu5_DTLB PREFETCH     ACCESS:          0 HIT:          0 MISS:          0 MSHR_MERGE:          0
cpu5->cpu5_DTLB WRITE        ACCESS:          0 HIT:          0 MISS:          0 MSHR_MERGE:          0
cpu5->cpu5_DTLB TRANSLATION  ACCESS:          0 HIT:          0 MISS:          0 MSHR_MERGE:          0
cpu5->cpu5_DTLB PREFETCH REQUESTED:          0 ISSUED:          0 USEFUL:          0 USELESS:          0
cpu5->cpu5_DTLB AVERAGE MISS LATENCY: 242.1 cycles
cpu4->cpu4_STLB TOTAL        ACCESS:         96 HIT:          0 MISS:         96 MSHR_MERGE:          0
cpu4->cpu4_STLB LOAD         ACCESS:         96 HIT:          0 MISS:         96 MSHR_MERGE:          0
cpu4->cpu4_STLB RFO          ACCESS:          0 HIT:          0 MISS:          0 MSHR_MERGE:          0
cpu4->cpu4_STLB PREFETCH     ACCESS:          0 HIT:          0 MISS:          0 MSHR_MERGE:          0
cpu4->cpu4_STLB WRITE        ACCESS:          0 HIT:          0 MISS:          0 MSHR_MERGE:          0
cpu4->cpu4_STLB TRANSLATION  ACCESS:          0 HIT:          0 MISS:          0 MSHR_MERGE:          0
cpu4->cpu4_STLB PREFETCH REQUESTED:          0 ISSUED:          0 USEFUL:          0 USELESS:          0
cpu4->cpu4_STLB AVERAGE MISS LATENCY: 235.1 cycles
cpu4->cpu4_L2C TOTAL        ACCESS:    4172589 HIT:    1043134 MISS:    3129455 MSHR_MERGE:          0
cpu4->cpu4_L2C LOAD         ACCESS:    2086230 HIT:          0 MISS:    2086230 MSHR_MERGE:          0
cpu4->cpu4_L2C RFO          ACCESS:    1043129 HIT:          0 MISS:    1043129 MSHR_MERGE:          0
cpu4->cpu4_L2C PREFETCH     ACCESS:          0 HIT:          0 MISS:          0 MSHR_MERGE:          0
cpu4->cpu4_L2C WRITE        ACCESS:    1043134 HIT:    1043134 MISS:          0 MSHR_MERGE:          0
cpu4->cpu4_L2C TRANSLATION  ACCESS:         96 HIT:          0 MISS:         96 MSHR_MERGE:          0
cpu4->cpu4_L2C PREFETCH REQUESTED:          0 ISSUED:          0 USEFUL:          0 USELESS:          0
cpu4->cpu4_L2C AVERAGE MISS LATENCY: 349.8 cycles
cpu4->cpu4_L1I TOTAL        ACCESS:    6242345 HIT:    6242345 MISS:          0 MSHR_MERGE:          0
cpu4->cpu4_L1I LOAD         ACCESS:    6242345 HIT:    6242345 MISS:          0 MSHR_MERGE:          0
cpu4->cpu4_L1I RFO          ACCESS:          0 HIT:          0 MISS:          0 MSHR_MERGE:          0
cpu4->cpu4_L1I PREFETCH     ACCESS:          0 HIT:          0 MISS:          0 MSHR_MERGE:          0
cpu4->cpu4_L1I WRITE        ACCESS:          0 HIT:          0 MISS:          0 MSHR_MERGE:          0
cpu4->cpu4_L1I TRANSLATION  ACCESS:          0 HIT:          0 MISS:          0 MSHR_MERGE:          0
cpu4->cpu4_L1I PREFETCH REQUESTED:          0 ISSUED:          0 USEFUL:          0 USELESS:          0
cpu4->cpu4_L1I AVERAGE MISS LATENCY: - cycles
cpu4->cpu4_L1D TOTAL        ACCESS:   17997758 HIT:    1076007 MISS:   16921751 MSHR_MERGE:   13792296
cpu4->cpu4_L1D LOAD         ACCESS:    9652627 HIT:    1076007 MISS:    8576620 MSHR_MERGE:    6490390
cpu4->cpu4_L1D RFO          ACCESS:          0 HIT:          0 MISS:          0 MSHR_MERGE:          0
cpu4->cpu4_L1D PREFETCH     ACCESS:          0 HIT:          0 MISS:          0 MSHR_MERGE:          0
cpu4->cpu4_L1D WRITE        ACCESS:    8345035 HIT:          0 MISS:    8345035 MSHR_MERGE:    7301906
cpu4->cpu4_L1D TRANSLATION  ACCESS:         96 HIT:          0 MISS:         96 MSHR_MERGE:          0
cpu4->cpu4_L1D PREFETCH REQUESTED:          0 ISSUED:          0 USEFUL:          0 USELESS:          0
cpu4->cpu4_L1D AVERAGE MISS LATENCY: 358.8 cycles
cpu4->cpu4_ITLB TOTAL        ACCESS:    6242345 HIT:    6242345 MISS:          0 MSHR_MERGE:          0
cpu4->cpu4_ITLB LOAD         ACCESS:    6242345 HIT:    6242345 MISS:          0 MSHR_MERGE:          0
cpu4->cpu4_ITLB RFO          ACCESS:          0 HIT:          0 MISS:          0 MSHR_MERGE:          0
cpu4->cpu4_ITLB PREFETCH     ACCESS:          0 HIT:          0 MISS:          0 MSHR_MERGE:          0
cpu4->cpu4_ITLB WRITE        ACCESS:          0 HIT:          0 MISS:          0 MSHR_MERGE:          0
cpu4->cpu4_ITLB TRANSLATION  ACCESS:          0 HIT:          0 MISS:          0 MSHR_MERGE:          0
cpu4->cpu4_ITLB PREFETCH REQUESTED:          0 ISSUED:          0 USEFUL:          0 USELESS:          0
cpu4->cpu4_ITLB AVERAGE MISS LATENCY: - cycles
cpu4->cpu4_DTLB TOTAL        ACCESS:   15379985 HIT:   15379256 MISS:        729 MSHR_MERGE:        633
cpu4->cpu4_DTLB LOAD         ACCESS:   15379985 HIT:   15379256 MISS:        729 MSHR_MERGE:        633
cpu4->cpu4_DTLB RFO          ACCESS:          0 HIT:          0 MISS:          0 MSHR_MERGE:          0
cpu4->cpu4_DTLB PREFETCH     ACCESS:          0 HIT:          0 MISS:          0 MSHR_MERGE:          0
cpu4->cpu4_DTLB WRITE        ACCESS:          0 HIT:          0 MISS:          0 MSHR_MERGE:          0
cpu4->cpu4_DTLB TRANSLATION  ACCESS:          0 HIT:          0 MISS:          0 MSHR_MERGE:          0
cpu4->cpu4_DTLB PREFETCH REQUESTED:          0 ISSUED:          0 USEFUL:          0 USELESS:          0
cpu4->cpu4_DTLB AVERAGE MISS LATENCY: 241.1 cycles
cpu3->cpu3_STLB TOTAL        ACCESS:         96 HIT:          0 MISS:         96 MSHR_MERGE:          0
cpu3->cpu3_STLB LOAD         ACCESS:         96 HIT:          0 MISS:         96 MSHR_MERGE:          0
cpu3->cpu3_STLB RFO          ACCESS:          0 HIT:          0 MISS:          0 MSHR_MERGE:          0
cpu3->cpu3_STLB PREFETCH     ACCESS:          0 HIT:          0 MISS:          0 MSHR_MERGE:          0
cpu3->cpu3_STLB WRITE        ACCESS:          0 HIT:          0 MISS:          0 MSHR_MERGE:          0
cpu3->cpu3_STLB TRANSLATION  ACCESS:          0 HIT:          0 MISS:          0 MSHR_MERGE:          0
cpu3->cpu3_STLB PREFETCH REQUESTED:          0 ISSUED:          0 USEFUL:          0 USELESS:          0
cpu3->cpu3_STLB AVERAGE MISS LATENCY: 232.6 cycles
cpu3->cpu3_L2C TOTAL        ACCESS:    4169716 HIT:    1042414 MISS:    3127302 MSHR_MERGE:          0
cpu3->cpu3_L2C LOAD         ACCESS:    2084795 HIT:          0 MISS:    2084795 MSHR_MERGE:          0
cpu3->cpu3_L2C RFO          ACCESS:    1042411 HIT:          0 MISS:    1042411 MSHR_MERGE:          0
cpu3->cpu3_L2C PREFETCH     ACCESS:          0 HIT:          0 MISS:          0 MSHR_MERGE:          0
cpu3->cpu3_L2C WRITE        ACCESS:    1042414 HIT:    1042414 MISS:          0 MSHR_MERGE:          0
cpu3->cpu3_L2C TRANSLATION  ACCESS:         96 HIT:          0 MISS:         96 MSHR_MERGE:          0
cpu3->cpu3_L2C PREFETCH REQUESTED:          0 ISSUED:          0 USEFUL:          0 USELESS:          0
cpu3->cpu3_L2C AVERAGE MISS LATENCY: 351 cycles
cpu3->cpu3_L1I TOTAL        ACCESS:    6235070 HIT:    6235070 MISS:          0 MSHR_MERGE:          0
cpu3->cpu3_L1I LOAD         ACCESS:    6235070 HIT:    6235070 MISS:          0 MSHR_MERGE:          0
cpu3->cpu3_L1I RFO          ACCESS:          0 HIT:          0 MISS:          0 MSHR_MERGE:          0
cpu3->cpu3_L1I PREFETCH     ACCESS:          0 HIT:          0 MISS:          0 MSHR_MERGE:          0
cpu3->cpu3_L1I WRITE        ACCESS:          0 HIT:          0 MISS:          0 MSHR_MERGE:          0
cpu3->cpu3_L1I TRANSLATION  ACCESS:          0 HIT:          0 MISS:          0 MSHR_MERGE:          0
cpu3->cpu3_L1I PREFETCH REQUESTED:          0 ISSUED:          0 USEFUL:          0 USELESS:          0
cpu3->cpu3_L1I AVERAGE MISS LATENCY: - cycles
cpu3->cpu3_L1D TOTAL        ACCESS:   17980101 HIT:    1085469 MISS:   16894632 MSHR_MERGE:   13767330
cpu3->cpu3_L1D LOAD         ACCESS:    9640717 HIT:    1085468 MISS:    8555249 MSHR_MERGE:    6470454
cpu3->cpu3_L1D RFO          ACCESS:          0 HIT:          0 MISS:          0 MSHR_MERGE:          0
cpu3->cpu3_L1D PREFETCH     ACCESS:          0 HIT:          0 MISS:          0 MSHR_MERGE:          0
cpu3->cpu3_L1D WRITE        ACCESS:    8339288 HIT:          1 MISS:    8339287 MSHR_MERGE:    7296876
cpu3->cpu3_L1D TRANSLATION  ACCESS:         96 HIT:          0 MISS:         96 MSHR_MERGE:          0
cpu3->cpu3_L1D PREFETCH REQUESTED:          0 ISSUED:          0 USEFUL:          0 USELESS:          0
cpu3->cpu3_L1D AVERAGE MISS LATENCY: 360.1 cycles
cpu3->cpu3_ITLB TOTAL        ACCESS:    6235070 HIT:    6235070 MISS:          0 MSHR_MERGE:          0
cpu3->cpu3_ITLB LOAD         ACCESS:    6235070 HIT:    6235070 MISS:          0 MSHR_MERGE:          0
cpu3->cpu3_ITLB RFO          ACCESS:          0 HIT:          0 MISS:          0 MSHR_MERGE:          0
cpu3->cpu3_ITLB PREFETCH     ACCESS:          0 HIT:          0 MISS:          0 MSHR_MERGE:          0
cpu3->cpu3_ITLB WRITE        ACCESS:          0 HIT:          0 MISS:          0 MSHR_MERGE:          0
cpu3->cpu3_ITLB TRANSLATION  ACCESS:          0 HIT:          0 MISS:          0 MSHR_MERGE:          0
cpu3->cpu3_ITLB PREFETCH REQUESTED:          0 ISSUED:          0 USEFUL:          0 USELESS:          0
cpu3->cpu3_ITLB AVERAGE MISS LATENCY: - cycles
cpu3->cpu3_DTLB TOTAL        ACCESS:   15383377 HIT:   15382618 MISS:        759 MSHR_MERGE:        663
cpu3->cpu3_DTLB LOAD         ACCESS:   15383377 HIT:   15382618 MISS:        759 MSHR_MERGE:        663
cpu3->cpu3_DTLB RFO          ACCESS:          0 HIT:          0 MISS:          0 MSHR_MERGE:          0
cpu3->cpu3_DTLB PREFETCH     ACCESS:          0 HIT:          0 MISS:          0 MSHR_MERGE:          0
cpu3->cpu3_DTLB WRITE        ACCESS:          0 HIT:          0 MISS:          0 MSHR_MERGE:          0
cpu3->cpu3_DTLB TRANSLATION  ACCESS:          0 HIT:          0 MISS:          0 MSHR_MERGE:          0
cpu3->cpu3_DTLB PREFETCH REQUESTED:          0 ISSUED:          0 USEFUL:          0 USELESS:          0
cpu3->cpu3_DTLB AVERAGE MISS LATENCY: 238.6 cycles
cpu2->cpu2_STLB TOTAL        ACCESS:         96 HIT:          0 MISS:         96 MSHR_MERGE:          0
cpu2->cpu2_STLB LOAD         ACCESS:         96 HIT:          0 MISS:         96 MSHR_MERGE:          0
cpu2->cpu2_STLB RFO          ACCESS:          0 HIT:          0 MISS:          0 MSHR_MERGE:          0
cpu2->cpu2_STLB PREFETCH     ACCESS:          0 HIT:          0 MISS:          0 MSHR_MERGE:          0
cpu2->cpu2_STLB WRITE        ACCESS:          0 HIT:          0 MISS:          0 MSHR_MERGE:          0
cpu2->cpu2_STLB TRANSLATION  ACCESS:          0 HIT:          0 MISS:          0 MSHR_MERGE:          0
cpu2->cpu2_STLB PREFETCH REQUESTED:          0 ISSUED:          0 USEFUL:          0 USELESS:          0
cpu2->cpu2_STLB AVERAGE MISS LATENCY: 232.8 cycles
cpu2->cpu2_L2C TOTAL        ACCESS:    4169771 HIT:    1042428 MISS:    3127343 MSHR_MERGE:          0
cpu2->cpu2_L2C LOAD         ACCESS:    2084821 HIT:          0 MISS:    2084821 MSHR_MERGE:          0
cpu2->cpu2_L2C RFO          ACCESS:    1042426 HIT:          0 MISS:    1042426 MSHR_MERGE:          0
cpu2->cpu2_L2C PREFETCH     ACCESS:          0 HIT:          0 MISS:          0 MSHR_MERGE:          0
cpu2->cpu2_L2C WRITE        ACCESS:    1042428 HIT:    1042428 MISS:          0 MSHR_MERGE:          0
cpu2->cpu2_L2C TRANSLATION  ACCESS:         96 HIT:          0 MISS:         96 MSHR_MERGE:          0
cpu2->cpu2_L2C PREFETCH REQUESTED:          0 ISSUED:          0 USEFUL:          0 USELESS:          0
cpu2->cpu2_L2C AVERAGE MISS LATENCY: 350.1 cycles
cpu2->cpu2_L1I TOTAL        ACCESS:    6236204 HIT:    6236204 MISS:          0 MSHR_MERGE:          0
cpu2->cpu2_L1I LOAD         ACCESS:    6236204 HIT:    6236204 MISS:          0 MSHR_MERGE:          0
cpu2->cpu2_L1I RFO          ACCESS:          0 HIT:          0 MISS:          0 MSHR_MERGE:          0
cpu2->cpu2_L1I PREFETCH     ACCESS:          0 HIT:          0 MISS:          0 MSHR_MERGE:          0
cpu2->cpu2_L1I WRITE        ACCESS:          0 HIT:          0 MISS:          0 MSHR_MERGE:          0
cpu2->cpu2_L1I TRANSLATION  ACCESS:          0 HIT:          0 MISS:          0 MSHR_MERGE:          0
cpu2->cpu2_L1I PREFETCH REQUESTED:          0 ISSUED:          0 USEFUL:          0 USELESS:          0
cpu2->cpu2_L1I AVERAGE MISS LATENCY: - cycles
cpu2->cpu2_L1D TOTAL        ACCESS:   17982586 HIT:    1079930 MISS:   16902656 MSHR_MERGE:   13775313
cpu2->cpu2_L1D LOAD         ACCESS:    9643082 HIT:    1079930 MISS:    8563152 MSHR_MERGE:    6478331
cpu2->cpu2_L1D RFO          ACCESS:          0 HIT:          0 MISS:          0 MSHR_MERGE:          0
cpu2->cpu2_L1D PREFETCH     ACCESS:          0 HIT:          0 MISS:          0 MSHR_MERGE:          0
cpu2->cpu2_L1D WRITE        ACCESS:    8339408 HIT:          0 MISS:    8339408 MSHR_MERGE:    7296982
cpu2->cpu2_L1D TRANSLATION  ACCESS:         96 HIT:          0 MISS:         96 MSHR_MERGE:          0
cpu2->cpu2_L1D PREFETCH REQUESTED:          0 ISSUED:          0 USEFUL:          0 USELESS:          0
cpu2->cpu2_L1D AVERAGE MISS LATENCY: 359.1 cycles
cpu2->cpu2_ITLB TOTAL        ACCESS:    6236203 HIT:    6236203 MISS:          0 MSHR_MERGE:          0
cpu2->cpu2_ITLB LOAD         ACCESS:    6236203 HIT:    6236203 MISS:          0 MSHR_MERGE:          0
cpu2->cpu2_ITLB RFO          ACCESS:          0 HIT:          0 MISS:          0 MSHR_MERGE:          0
cpu2->cpu2_ITLB PREFETCH     ACCESS:          0 HIT:          0 MISS:          0 MSHR_MERGE:          0
cpu2->cpu2_ITLB WRITE        ACCESS:          0 HIT:          0 MISS:          0 MSHR_MERGE:          0
cpu2->cpu2_ITLB TRANSLATION  ACCESS:          0 HIT:          0 MISS:          0 MSHR_MERGE:          0
cpu2->cpu2_ITLB PREFETCH REQUESTED:          0 ISSUED:          0 USEFUL:          0 USELESS:          0
cpu2->cpu2_ITLB AVERAGE MISS LATENCY: - cycles
cpu2->cpu2_DTLB TOTAL        ACCESS:   15379122 HIT:   15378401 MISS:        721 MSHR_MERGE:        625
cpu2->cpu2_DTLB LOAD         ACCESS:   15379122 HIT:   15378401 MISS:        721 MSHR_MERGE:        625
cpu2->cpu2_DTLB RFO          ACCESS:          0 HIT:          0 MISS:          0 MSHR_MERGE:          0
cpu2->cpu2_DTLB PREFETCH     ACCESS:          0 HIT:          0 MISS:          0 MSHR_MERGE:          0
cpu2->cpu2_DTLB WRITE        ACCESS:          0 HIT:          0 MISS:          0 MSHR_MERGE:          0
cpu2->cpu2_DTLB TRANSLATION  ACCESS:          0 HIT:          0 MISS:          0 MSHR_MERGE:          0
cpu2->cpu2_DTLB PREFETCH REQUESTED:          0 ISSUED:          0 USEFUL:          0 USELESS:          0
cpu2->cpu2_DTLB AVERAGE MISS LATENCY: 238.8 cycles
cpu1->cpu1_STLB TOTAL        ACCESS:         96 HIT:          0 MISS:         96 MSHR_MERGE:          0
cpu1->cpu1_STLB LOAD         ACCESS:         96 HIT:          0 MISS:         96 MSHR_MERGE:          0
cpu1->cpu1_STLB RFO          ACCESS:          0 HIT:          0 MISS:          0 MSHR_MERGE:          0
cpu1->cpu1_STLB PREFETCH     ACCESS:          0 HIT:          0 MISS:          0 MSHR_MERGE:          0
cpu1->cpu1_STLB WRITE        ACCESS:          0 HIT:          0 MISS:          0 MSHR_MERGE:          0
cpu1->cpu1_STLB TRANSLATION  ACCESS:          0 HIT:          0 MISS:          0 MSHR_MERGE:          0
cpu1->cpu1_STLB PREFETCH REQUESTED:          0 ISSUED:          0 USEFUL:          0 USELESS:          0
cpu1->cpu1_STLB AVERAGE MISS LATENCY: 308.4 cycles
cpu1->cpu1_L2C TOTAL        ACCESS:    4191874 HIT:    1047955 MISS:    3143919 MSHR_MERGE:          0
cpu1->cpu1_L2C LOAD         ACCESS:    2095873 HIT:          0 MISS:    2095873 MSHR_MERGE:          0
cpu1->cpu1_L2C RFO          ACCESS:    1047950 HIT:          0 MISS:    1047950 MSHR_MERGE:          0
cpu1->cpu1_L2C PREFETCH     ACCESS:          0 HIT:          0 MISS:          0 MSHR_MERGE:          0
cpu1->cpu1_L2C WRITE        ACCESS:    1047955 HIT:    1047955 MISS:          0 MSHR_MERGE:          0
cpu1->cpu1_L2C TRANSLATION  ACCESS:         96 HIT:          0 MISS:         96 MSHR_MERGE:          0
cpu1->cpu1_L2C PREFETCH REQUESTED:          0 ISSUED:          0 USEFUL:          0 USELESS:          0
cpu1->cpu1_L2C AVERAGE MISS LATENCY: 349.4 cycles
cpu1->cpu1_L1I TOTAL        ACCESS:    6272951 HIT:    6272951 MISS:          0 MSHR_MERGE:          0
cpu1->cpu1_L1I LOAD         ACCESS:    6272951 HIT:    6272951 MISS:          0 MSHR_MERGE:          0
cpu1->cpu1_L1I RFO          ACCESS:          0 HIT:          0 MISS:          0 MSHR_MERGE:          0
cpu1->cpu1_L1I PREFETCH     ACCESS:          0 HIT:          0 MISS:          0 MSHR_MERGE:          0
cpu1->cpu1_L1I WRITE        ACCESS:          0 HIT:          0 MISS:          0 MSHR_MERGE:          0
cpu1->cpu1_L1I TRANSLATION  ACCESS:          0 HIT:          0 MISS:          0 MSHR_MERGE:          0
cpu1->cpu1_L1I PREFETCH REQUESTED:          0 ISSUED:          0 USEFUL:          0 USELESS:          0
cpu1->cpu1_L1I AVERAGE MISS LATENCY: - cycles
cpu1->cpu1_L1D TOTAL        ACCESS:   18069856 HIT:    1083959 MISS:   16985897 MSHR_MERGE:   13841978
cpu1->cpu1_L1D LOAD         ACCESS:    9686160 HIT:    1083959 MISS:    8602201 MSHR_MERGE:    6506328
cpu1->cpu1_L1D RFO          ACCESS:          0 HIT:          0 MISS:          0 MSHR_MERGE:          0
cpu1->cpu1_L1D PREFETCH     ACCESS:          0 HIT:          0 MISS:          0 MSHR_MERGE:          0
cpu1->cpu1_L1D WRITE        ACCESS:    8383600 HIT:          0 MISS:    8383600 MSHR_MERGE:    7335650
cpu1->cpu1_L1D TRANSLATION  ACCESS:         96 HIT:          0 MISS:         96 MSHR_MERGE:          0
cpu1->cpu1_L1D PREFETCH REQUESTED:          0 ISSUED:          0 USEFUL:          0 USELESS:          0
cpu1->cpu1_L1D AVERAGE MISS LATENCY: 358.4 cycles
cpu1->cpu1_ITLB TOTAL        ACCESS:    6272951 HIT:    6272951 MISS:          0 MSHR_MERGE:          0
cpu1->cpu1_ITLB LOAD         ACCESS:    6272951 HIT:    6272951 MISS:          0 MSHR_MERGE:          0
cpu1->cpu1_ITLB RFO          ACCESS:          0 HIT:          0 MISS:          0 MSHR_MERGE:          0
cpu1->cpu1_ITLB PREFETCH     ACCESS:          0 HIT:          0 MISS:          0 MSHR_MERGE:          0
cpu1->cpu1_ITLB WRITE        ACCESS:          0 HIT:          0 MISS:          0 MSHR_MERGE:          0
cpu1->cpu1_ITLB TRANSLATION  ACCESS:          0 HIT:          0 MISS:          0 MSHR_MERGE:          0
cpu1->cpu1_ITLB PREFETCH REQUESTED:          0 ISSUED:          0 USEFUL:          0 USELESS:          0
cpu1->cpu1_ITLB AVERAGE MISS LATENCY: - cycles
cpu1->cpu1_DTLB TOTAL        ACCESS:   15455266 HIT:   15454441 MISS:        825 MSHR_MERGE:        729
cpu1->cpu1_DTLB LOAD         ACCESS:   15455266 HIT:   15454441 MISS:        825 MSHR_MERGE:        729
cpu1->cpu1_DTLB RFO          ACCESS:          0 HIT:          0 MISS:          0 MSHR_MERGE:          0
cpu1->cpu1_DTLB PREFETCH     ACCESS:          0 HIT:          0 MISS:          0 MSHR_MERGE:          0
cpu1->cpu1_DTLB WRITE        ACCESS:          0 HIT:          0 MISS:          0 MSHR_MERGE:          0
cpu1->cpu1_DTLB TRANSLATION  ACCESS:          0 HIT:          0 MISS:          0 MSHR_MERGE:          0
cpu1->cpu1_DTLB PREFETCH REQUESTED:          0 ISSUED:          0 USEFUL:          0 USELESS:          0
cpu1->cpu1_DTLB AVERAGE MISS LATENCY: 314.3 cycles
cpu0->cpu0_STLB TOTAL        ACCESS:         96 HIT:          0 MISS:         96 MSHR_MERGE:          0
cpu0->cpu0_STLB LOAD         ACCESS:         96 HIT:          0 MISS:         96 MSHR_MERGE:          0
cpu0->cpu0_STLB RFO          ACCESS:          0 HIT:          0 MISS:          0 MSHR_MERGE:          0
cpu0->cpu0_STLB PREFETCH     ACCESS:          0 HIT:          0 MISS:          0 MSHR_MERGE:          0
cpu0->cpu0_STLB WRITE        ACCESS:          0 HIT:          0 MISS:          0 MSHR_MERGE:          0
cpu0->cpu0_STLB TRANSLATION  ACCESS:          0 HIT:          0 MISS:          0 MSHR_MERGE:          0
cpu0->cpu0_STLB PREFETCH REQUESTED:          0 ISSUED:          0 USEFUL:          0 USELESS:          0
cpu0->cpu0_STLB AVERAGE MISS LATENCY: 232.5 cycles
cpu0->cpu0_L2C TOTAL        ACCESS:    4172002 HIT:    1042987 MISS:    3129015 MSHR_MERGE:          0
cpu0->cpu0_L2C LOAD         ACCESS:    2085937 HIT:          0 MISS:    2085937 MSHR_MERGE:          0
cpu0->cpu0_L2C RFO          ACCESS:    1042982 HIT:          0 MISS:    1042982 MSHR_MERGE:          0
cpu0->cpu0_L2C PREFETCH     ACCESS:          0 HIT:          0 MISS:          0 MSHR_MERGE:          0
cpu0->cpu0_L2C WRITE        ACCESS:    1042987 HIT:    1042987 MISS:          0 MSHR_MERGE:          0
cpu0->cpu0_L2C TRANSLATION  ACCESS:         96 HIT:          0 MISS:         96 MSHR_MERGE:          0
cpu0->cpu0_L2C PREFETCH REQUESTED:          0 ISSUED:          0 USEFUL:          0 USELESS:          0
cpu0->cpu0_L2C AVERAGE MISS LATENCY: 350.6 cycles
cpu0->cpu0_L1I TOTAL        ACCESS:    6239264 HIT:    6239264 MISS:          0 MSHR_MERGE:          0
cpu0->cpu0_L1I LOAD         ACCESS:    6239264 HIT:    6239264 MISS:          0 MSHR_MERGE:          0
cpu0->cpu0_L1I RFO          ACCESS:          0 HIT:          0 MISS:          0 MSHR_MERGE:          0
cpu0->cpu0_L1I PREFETCH     ACCESS:          0 HIT:          0 MISS:          0 MSHR_MERGE:          0
cpu0->cpu0_L1I WRITE        ACCESS:          0 HIT:          0 MISS:          0 MSHR_MERGE:          0
cpu0->cpu0_L1I TRANSLATION  ACCESS:          0 HIT:          0 MISS:          0 MSHR_MERGE:          0
cpu0->cpu0_L1I PREFETCH REQUESTED:          0 ISSUED:          0 USEFUL:          0 USELESS:          0
cpu0->cpu0_L1I AVERAGE MISS LATENCY: - cycles
cpu0->cpu0_L1D TOTAL        ACCESS:   17998144 HIT:    1078707 MISS:   16919437 MSHR_MERGE:   13790422
cpu0->cpu0_L1D LOAD         ACCESS:    9654192 HIT:    1078707 MISS:    8575485 MSHR_MERGE:    6489548
cpu0->cpu0_L1D RFO          ACCESS:          0 HIT:          0 MISS:          0 MSHR_MERGE:          0
cpu0->cpu0_L1D PREFETCH     ACCESS:          0 HIT:          0 MISS:          0 MSHR_MERGE:          0
cpu0->cpu0_L1D WRITE        ACCESS:    8343856 HIT:          0 MISS:    8343856 MSHR_MERGE:    7300874
cpu0->cpu0_L1D TRANSLATION  ACCESS:         96 HIT:          0 MISS:         96 MSHR_MERGE:          0
cpu0->cpu0_L1D PREFETCH REQUESTED:          0 ISSUED:          0 USEFUL:          0 USELESS:          0
cpu0->cpu0_L1D AVERAGE MISS LATENCY: 359.6 cycles
cpu0->cpu0_ITLB TOTAL        ACCESS:    6239264 HIT:    6239264 MISS:          0 MSHR_MERGE:          0
cpu0->cpu0_ITLB LOAD         ACCESS:    6239264 HIT:    6239264 MISS:          0 MSHR_MERGE:          0
cpu0->cpu0_ITLB RFO          ACCESS:          0 HIT:          0 MISS:          0 MSHR_MERGE:          0
cpu0->cpu0_ITLB PREFETCH     ACCESS:          0 HIT:          0 MISS:          0 MSHR_MERGE:          0
cpu0->cpu0_ITLB WRITE        ACCESS:          0 HIT:          0 MISS:          0 MSHR_MERGE:          0
cpu0->cpu0_ITLB TRANSLATION  ACCESS:          0 HIT:          0 MISS:          0 MSHR_MERGE:          0
cpu0->cpu0_ITLB PREFETCH REQUESTED:          0 ISSUED:          0 USEFUL:          0 USELESS:          0
cpu0->cpu0_ITLB AVERAGE MISS LATENCY: - cycles
cpu0->cpu0_DTLB TOTAL        ACCESS:   15395460 HIT:   15394748 MISS:        712 MSHR_MERGE:        616
cpu0->cpu0_DTLB LOAD         ACCESS:   15395460 HIT:   15394748 MISS:        712 MSHR_MERGE:        616
cpu0->cpu0_DTLB RFO          ACCESS:          0 HIT:          0 MISS:          0 MSHR_MERGE:          0
cpu0->cpu0_DTLB PREFETCH     ACCESS:          0 HIT:          0 MISS:          0 MSHR_MERGE:          0
cpu0->cpu0_DTLB WRITE        ACCESS:          0 HIT:          0 MISS:          0 MSHR_MERGE:          0
cpu0->cpu0_DTLB TRANSLATION  ACCESS:          0 HIT:          0 MISS:          0 MSHR_MERGE:          0
cpu0->cpu0_DTLB PREFETCH REQUESTED:          0 ISSUED:          0 USEFUL:          0 USELESS:          0
cpu0->cpu0_DTLB AVERAGE MISS LATENCY: 238.5 cycles
cpu0->LLC TOTAL        ACCESS:    4172001 HIT:    1043067 MISS:    3128934 MSHR_MERGE:          0
cpu0->LLC LOAD         ACCESS:    2085947 HIT:          0 MISS:    2085947 MSHR_MERGE:          0
cpu0->LLC RFO          ACCESS:    1042987 HIT:          0 MISS:    1042987 MSHR_MERGE:          0
cpu0->LLC PREFETCH     ACCESS:          0 HIT:          0 MISS:          0 MSHR_MERGE:          0
cpu0->LLC WRITE        ACCESS:    1042971 HIT:    1042971 MISS:          0 MSHR_MERGE:          0
cpu0->LLC TRANSLATION  ACCESS:         96 HIT:         96 MISS:          0 MSHR_MERGE:          0
cpu0->LLC PREFETCH REQUESTED:          0 ISSUED:          0 USEFUL:          0 USELESS:          0
cpu0->LLC AVERAGE MISS LATENCY: 2676 cycles
cpu1->LLC TOTAL        ACCESS:    4191873 HIT:    1048011 MISS:    3143862 MSHR_MERGE:          0
cpu1->LLC LOAD         ACCESS:    2095883 HIT:          0 MISS:    2095883 MSHR_MERGE:          0
cpu1->LLC RFO          ACCESS:    1047955 HIT:          0 MISS:    1047955 MSHR_MERGE:          0
cpu1->LLC PREFETCH     ACCESS:          0 HIT:          0 MISS:          0 MSHR_MERGE:          0
cpu1->LLC WRITE        ACCESS:    1047939 HIT:    1047939 MISS:          0 MSHR_MERGE:          0
cpu1->LLC TRANSLATION  ACCESS:         96 HIT:         72 MISS:         24 MSHR_MERGE:          0
cpu1->LLC PREFETCH REQUESTED:          0 ISSUED:          0 USEFUL:          0 USELESS:          0
cpu1->LLC AVERAGE MISS LATENCY: 2663 cycles
cpu2->LLC TOTAL        ACCESS:    4169773 HIT:    1042511 MISS:    3127262 MSHR_MERGE:          0
cpu2->LLC LOAD         ACCESS:    2084831 HIT:          0 MISS:    2084831 MSHR_MERGE:          0
cpu2->LLC RFO          ACCESS:    1042431 HIT:          0 MISS:    1042431 MSHR_MERGE:          0
cpu2->LLC PREFETCH     ACCESS:          0 HIT:          0 MISS:          0 MSHR_MERGE:          0
cpu2->LLC WRITE        ACCESS:    1042415 HIT:    1042415 MISS:          0 MSHR_MERGE:          0
cpu2->LLC TRANSLATION  ACCESS:         96 HIT:         96 MISS:          0 MSHR_MERGE:          0
cpu2->LLC PREFETCH REQUESTED:          0 ISSUED:          0 USEFUL:          0 USELESS:          0
cpu2->LLC AVERAGE MISS LATENCY: 2677 cycles
cpu3->LLC TOTAL        ACCESS:    4169718 HIT:    1042496 MISS:    3127222 MSHR_MERGE:          0
cpu3->LLC LOAD         ACCESS:    2084806 HIT:          0 MISS:    2084806 MSHR_MERGE:          0
cpu3->LLC RFO          ACCESS:    1042416 HIT:          0 MISS:    1042416 MSHR_MERGE:          0
cpu3->LLC PREFETCH     ACCESS:          0 HIT:          0 MISS:          0 MSHR_MERGE:          0
cpu3->LLC WRITE        ACCESS:    1042400 HIT:    1042400 MISS:          0 MSHR_MERGE:          0
cpu3->LLC TRANSLATION  ACCESS:         96 HIT:         96 MISS:          0 MSHR_MERGE:          0
cpu3->LLC PREFETCH REQUESTED:          0 ISSUED:          0 USEFUL:          0 USELESS:          0
cpu3->LLC AVERAGE MISS LATENCY: 2677 cycles
cpu4->LLC TOTAL        ACCESS:    4172590 HIT:    1043214 MISS:    3129376 MSHR_MERGE:          0
cpu4->LLC LOAD         ACCESS:    2086240 HIT:          0 MISS:    2086240 MSHR_MERGE:          0
cpu4->LLC RFO          ACCESS:    1043135 HIT:          0 MISS:    1043135 MSHR_MERGE:          0
cpu4->LLC PREFETCH     ACCESS:          0 HIT:          0 MISS:          0 MSHR_MERGE:          0
cpu4->LLC WRITE        ACCESS:    1043119 HIT:    1043119 MISS:          0 MSHR_MERGE:          0
cpu4->LLC TRANSLATION  ACCESS:         96 HIT:         95 MISS:          1 MSHR_MERGE:          0
cpu4->LLC PREFETCH REQUESTED:          0 ISSUED:          0 USEFUL:          0 USELESS:          0
cpu4->LLC AVERAGE MISS LATENCY: 2675 cycles
cpu5->LLC TOTAL        ACCESS:    4183808 HIT:    1046017 MISS:    3137791 MSHR_MERGE:          0
cpu5->LLC LOAD         ACCESS:    2091850 HIT:          0 MISS:    2091850 MSHR_MERGE:          0
cpu5->LLC RFO          ACCESS:    1045939 HIT:          0 MISS:    1045939 MSHR_MERGE:          0
cpu5->LLC PREFETCH     ACCESS:          0 HIT:          0 MISS:          0 MSHR_MERGE:          0
cpu5->LLC WRITE        ACCESS:    1045923 HIT:    1045923 MISS:          0 MSHR_MERGE:          0
cpu5->LLC TRANSLATION  ACCESS:         96 HIT:         94 MISS:          2 MSHR_MERGE:          0
cpu5->LLC PREFETCH REQUESTED:          0 ISSUED:          0 USEFUL:          0 USELESS:          0
cpu5->LLC AVERAGE MISS LATENCY: 2668 cycles
cpu6->LLC TOTAL        ACCESS:    4180312 HIT:    1045143 MISS:    3135169 MSHR_MERGE:          0
cpu6->LLC LOAD         ACCESS:    2090102 HIT:          0 MISS:    2090102 MSHR_MERGE:          0
cpu6->LLC RFO          ACCESS:    1045065 HIT:          0 MISS:    1045065 MSHR_MERGE:          0
cpu6->LLC PREFETCH     ACCESS:          0 HIT:          0 MISS:          0 MSHR_MERGE:          0
cpu6->LLC WRITE        ACCESS:    1045049 HIT:    1045049 MISS:          0 MSHR_MERGE:          0
cpu6->LLC TRANSLATION  ACCESS:         96 HIT:         94 MISS:          2 MSHR_MERGE:          0
cpu6->LLC PREFETCH REQUESTED:          0 ISSUED:          0 USEFUL:          0 USELESS:          0
cpu6->LLC AVERAGE MISS LATENCY: 2670 cycles
cpu7->LLC TOTAL        ACCESS:    4166780 HIT:    1041760 MISS:    3125020 MSHR_MERGE:          0
cpu7->LLC LOAD         ACCESS:    2083335 HIT:          0 MISS:    2083335 MSHR_MERGE:          0
cpu7->LLC RFO          ACCESS:    1041682 HIT:          0 MISS:    1041682 MSHR_MERGE:          0
cpu7->LLC PREFETCH     ACCESS:          0 HIT:          0 MISS:          0 MSHR_MERGE:          0
cpu7->LLC WRITE        ACCESS:    1041667 HIT:    1041667 MISS:          0 MSHR_MERGE:          0
cpu7->LLC TRANSLATION  ACCESS:         96 HIT:         93 MISS:          3 MSHR_MERGE:          0
cpu7->LLC PREFETCH REQUESTED:          0 ISSUED:          0 USEFUL:          0 USELESS:          0
cpu7->LLC AVERAGE MISS LATENCY: 2679 cycles

DRAM Statistics

Channel 0 READ REQS:   12527331	WRITE REQS:    4166599
  READS:   12527323	READ_HITS:     806623
  WRITES:    4166590	WRITE HITS:    1524721
  ACTIVATES:   14362573	PRECHARGES:   14362568
  RQ FULL:          0	WQ FULL:          0
  WRITE DRAINS:     113961	FORCED:     112765
  MEAN WRITE IMBALANCE: 3.4251805442212686
  READ OCCU PRE DRAIN: 13.777924026640694	POST DRAIN: 16.786190012372654
  MEAN WLP: 18.398232728740535
  READ LATENCY: 80.3019158203233
  TIME IN WRITE MODE: 20168856864

Channel 1 READ REQS:   12527306	WRITE REQS:    4166599
  READS:   12527298	READ_HITS:     862163
  WRITES:    4166592	WRITE HITS:    1535502
  ACTIVATES:   14296229	PRECHARGES:   14296225
  RQ FULL:         31	WQ FULL:          0
  WRITE DRAINS:     113984	FORCED:     112890
  MEAN WRITE IMBALANCE: 3.4286917462099944
  READ OCCU PRE DRAIN: 13.885343556990454	POST DRAIN: 16.769599241998876
  MEAN WLP: 18.341223329590118
  READ LATENCY: 80.60280485065495
  TIME IN WRITE MODE: 20174860992
