[VMEM] WARNING: physical memory size is smaller than virtual memory size.
dram page policy: is open = 0	is close = 0	is soft close = 1	cmd arg = 2

*** ChampSim Multicore Out-of-Order Simulator ***
Warmup Instructions: 25000000
Simulation Instructions: 50000000
Number of CPUs: 8
Page size: 2097152

CL :	 16.64 ns
CWL :	 15.808 ns
tRP :	 16.224 ns
tRCD :	 16.224 ns
tRAS :	 32.032000000000004 ns
tRTP :	 7.904 ns
tWR :	 30.368000000000002 ns

tCCD_S :	 3.3280000000000003 ns
tCCD_S_WR :	 3.3280000000000003 ns
tCCD_S_WTR :	 22.048000000000002 ns
tCCD_L :	 5.408 ns
tCCD_L_WR :	 20.384 ns
tCCD_L_WTR :	 29.536 ns
tRRD_S :	 3.3280000000000003 ns
tRRD_L :	 5.408 ns
tFAW :	 13.728 ns
Address mapping (perm = 1) 	ch co bg bg bg ba ba co co co co co co ro ro ro ro ro ro ro ro ro ro ro ro ro ro ro 
dram queue size: R = 64 W = 64 (low:high is 16:48)
max lookup for evict 0 = 16
lookup_sel: 128 128 128 128 128 128 128 128 128 128 128 128 128 128 128 128
max lookup for evict 100000 = 6
lookup_sel: 145 142 140 141 130 129 126 108 118 115 118 126 119 115 119 124
max lookup for evict 200000 = 6
lookup_sel: 165 156 152 145 138 135 127 100 109 109 105 119 115 117 119 118
max lookup for evict 300000 = 7
lookup_sel: 182 166 176 152 143 159 137 109 113 117 106 117 118 112 118 119
max lookup for evict 400000 = 7
lookup_sel: 205 179 192 162 152 168 148 113 114 126 113 121 116 114 113 121
max lookup for evict 500000 = 7
lookup_sel: 217 191 209 172 162 176 153 127 120 129 124 126 123 117 118 130
max lookup for evict 600000 = 8
lookup_sel: 235 205 224 187 172 187 163 130 117 128 126 129 126 124 128 123
max lookup for evict 700000 = 8
lookup_sel: 250 215 237 215 184 195 175 141 120 140 128 137 123 121 128 72
max lookup for evict 800000 = 8
lookup_sel: 255 238 253 222 200 200 180 146 124 150 130 141 129 124 134 70
max lookup for evict 900000 = 10
lookup_sel: 255 249 254 223 219 212 190 161 130 152 126 141 131 133 142 63
max lookup for evict 1000000 = 15
lookup_sel: 255 255 255 240 219 225 199 163 138 148 128 145 132 130 147 61
max lookup for evict 1100000 = 10
lookup_sel: 255 254 255 254 231 240 208 175 142 157 124 150 145 126 152 68
max lookup for evict 1200000 = 13
lookup_sel: 255 255 254 253 236 255 215 177 154 163 135 152 146 125 155 72
max lookup for evict 1300000 = 15
lookup_sel: 255 255 255 254 249 255 216 183 161 163 133 163 157 132 159 80
max lookup for evict 1400000 = 15
lookup_sel: 255 255 255 254 255 255 224 194 165 165 136 171 163 144 164 79
max lookup for evict 1500000 = 15
lookup_sel: 255 255 255 255 254 255 232 202 171 165 136 175 169 148 167 82
max lookup for evict 1600000 = 15
lookup_sel: 255 255 254 255 255 255 243 208 183 165 144 179 168 159 180 85
max lookup for evict 1700000 = 15
lookup_sel: 255 255 255 254 252 255 254 213 196 170 153 188 166 162 183 43
max lookup for evict 1800000 = 15
lookup_sel: 255 255 255 255 254 255 253 221 197 178 157 193 169 168 186 42
max lookup for evict 1900000 = 15
lookup_sel: 255 255 255 255 255 255 253 220 202 182 152 201 173 174 192 53
max lookup for evict 2000000 = 15
lookup_sel: 255 255 254 255 255 254 253 223 208 186 161 206 178 177 195 55
max lookup for evict 2100000 = 15
lookup_sel: 255 255 254 255 255 255 255 224 212 195 167 208 183 173 200 55
max lookup for evict 2200000 = 15
lookup_sel: 255 255 255 255 255 255 255 222 215 198 170 213 179 178 206 61
max lookup for evict 2300000 = 15
lookup_sel: 255 255 255 255 255 255 255 231 221 205 180 216 180 178 197 69
max lookup for evict 2400000 = 15
lookup_sel: 255 255 255 255 255 255 255 229 224 207 185 213 181 192 201 77
max lookup for evict 2500000 = 15
lookup_sel: 255 255 255 255 255 253 254 234 226 204 193 217 189 193 200 86
max lookup for evict 2600000 = 15
lookup_sel: 255 255 255 255 254 255 253 236 230 208 190 223 187 191 202 81
max lookup for evict 2700000 = 15
lookup_sel: 255 255 255 255 255 255 255 245 239 209 192 231 190 197 207 80
max lookup for evict 2800000 = 15
lookup_sel: 255 255 255 255 254 254 255 252 244 206 195 232 195 191 209 90
max lookup for evict 2900000 = 15
lookup_sel: 255 255 254 255 255 255 254 255 246 207 200 235 191 192 209 91
max lookup for evict 3000000 = 15
lookup_sel: 255 255 255 254 255 255 253 252 252 207 209 233 211 196 207 90
max lookup for evict 3100000 = 15
lookup_sel: 255 255 254 255 255 255 255 253 252 208 213 240 212 199 208 105
max lookup for evict 3200000 = 15
lookup_sel: 255 255 255 255 255 255 255 255 251 207 222 242 210 204 212 111
max lookup for evict 3300000 = 15
lookup_sel: 255 255 255 255 255 254 255 252 255 208 237 245 213 206 208 112
Heartbeat CPU 0 instructions: 10000003 cycles: 6236063 heartbeat IPC: 1.604 cumulative IPC: 1.604 (Simulation time: 00 hr 22 min 35 sec)
Heartbeat CPU 1 instructions: 10000003 cycles: 6237491 heartbeat IPC: 1.603 cumulative IPC: 1.603 (Simulation time: 00 hr 22 min 35 sec)
Heartbeat CPU 2 instructions: 10000003 cycles: 6237626 heartbeat IPC: 1.603 cumulative IPC: 1.603 (Simulation time: 00 hr 22 min 35 sec)
Heartbeat CPU 3 instructions: 10000003 cycles: 6238108 heartbeat IPC: 1.603 cumulative IPC: 1.603 (Simulation time: 00 hr 22 min 35 sec)
Heartbeat CPU 4 instructions: 10000003 cycles: 6239229 heartbeat IPC: 1.603 cumulative IPC: 1.603 (Simulation time: 00 hr 22 min 36 sec)
Heartbeat CPU 5 instructions: 10000003 cycles: 6239678 heartbeat IPC: 1.603 cumulative IPC: 1.603 (Simulation time: 00 hr 22 min 36 sec)
Heartbeat CPU 6 instructions: 10000003 cycles: 6240302 heartbeat IPC: 1.602 cumulative IPC: 1.602 (Simulation time: 00 hr 22 min 36 sec)
Heartbeat CPU 7 instructions: 10000003 cycles: 6240783 heartbeat IPC: 1.602 cumulative IPC: 1.602 (Simulation time: 00 hr 22 min 36 sec)
max lookup for evict 3400000 = 15
lookup_sel: 255 255 255 255 255 254 254 254 250 221 236 252 220 208 207 124
max lookup for evict 3500000 = 16
lookup_sel: 255 255 255 254 255 253 255 248 255 214 244 255 223 207 205 129
max lookup for evict 3600000 = 15
lookup_sel: 255 255 255 254 255 254 255 254 255 214 252 254 231 215 206 126
max lookup for evict 3700000 = 16
lookup_sel: 255 255 255 255 255 255 255 255 255 217 250 254 235 215 197 129
max lookup for evict 3800000 = 15
lookup_sel: 255 255 254 255 255 255 255 255 255 213 255 255 239 216 208 125
max lookup for evict 3900000 = 15
lookup_sel: 255 255 255 255 255 254 254 255 252 217 250 249 249 218 208 121
max lookup for evict 4000000 = 15
lookup_sel: 255 255 255 254 255 255 254 253 254 220 251 247 248 219 213 118
max lookup for evict 4100000 = 15
lookup_sel: 255 255 255 255 254 255 255 251 255 222 253 253 251 225 213 122
max lookup for evict 4200000 = 15
lookup_sel: 255 255 254 255 254 254 255 254 253 237 255 249 253 219 222 127
max lookup for evict 4300000 = 16
lookup_sel: 255 255 255 255 255 255 254 253 254 250 254 252 248 215 224 132
max lookup for evict 4400000 = 16
lookup_sel: 255 255 255 255 255 255 255 253 254 251 253 247 255 219 227 131
max lookup for evict 4500000 = 16
lookup_sel: 255 255 255 254 255 255 255 250 254 253 255 253 255 220 232 137
max lookup for evict 4600000 = 16
lookup_sel: 255 255 255 255 255 253 255 250 250 255 255 252 254 219 230 139
max lookup for evict 4700000 = 16
lookup_sel: 255 255 255 254 255 255 251 247 252 255 254 252 255 221 228 140
max lookup for evict 4800000 = 16
lookup_sel: 255 255 255 255 254 254 253 255 235 254 254 255 246 228 225 149
max lookup for evict 4900000 = 16
lookup_sel: 255 255 255 255 255 255 254 253 231 255 253 255 252 228 230 153
max lookup for evict 5000000 = 16
lookup_sel: 255 255 255 255 254 254 255 252 234 254 255 252 254 238 237 151
max lookup for evict 5100000 = 16
lookup_sel: 255 255 255 255 255 255 253 255 233 250 249 252 253 242 241 145
max lookup for evict 5200000 = 16
lookup_sel: 255 255 255 255 255 254 255 255 240 248 254 253 255 247 241 145
max lookup for evict 5300000 = 16
lookup_sel: 255 255 255 255 255 255 255 255 240 252 255 251 254 245 233 147
max lookup for evict 5400000 = 16
lookup_sel: 255 254 255 253 255 252 253 255 247 254 254 249 253 245 238 146
max lookup for evict 5500000 = 16
lookup_sel: 255 255 255 255 255 254 254 254 254 252 255 254 255 246 240 148
max lookup for evict 5600000 = 16
lookup_sel: 255 255 255 255 254 254 253 253 252 255 254 251 252 250 243 149
max lookup for evict 5700000 = 16
lookup_sel: 255 255 255 255 254 254 254 253 254 255 251 248 255 255 253 157
max lookup for evict 5800000 = 16
lookup_sel: 255 254 255 255 255 254 255 255 253 255 252 244 249 251 245 154
max lookup for evict 5900000 = 16
lookup_sel: 255 255 255 255 255 255 254 255 254 252 248 251 255 255 248 160
max lookup for evict 6000000 = 16
lookup_sel: 255 255 255 255 255 255 255 254 254 252 255 255 254 253 249 160
max lookup for evict 6100000 = 16
lookup_sel: 255 255 255 255 255 255 255 254 253 251 251 254 255 252 255 160
max lookup for evict 6200000 = 16
lookup_sel: 255 255 255 255 255 254 253 255 251 254 250 251 252 255 252 162
max lookup for evict 6300000 = 16
lookup_sel: 255 255 255 255 254 255 255 255 255 255 255 248 253 253 255 159
max lookup for evict 6400000 = 16
lookup_sel: 255 255 255 255 254 255 254 253 253 253 255 249 251 253 253 155
max lookup for evict 6500000 = 16
lookup_sel: 255 255 255 255 255 255 255 255 255 255 254 238 253 247 255 158
max lookup for evict 6600000 = 16
lookup_sel: 255 255 255 255 255 254 254 252 255 251 255 250 255 247 252 166
max lookup for evict 6700000 = 16
lookup_sel: 255 255 255 255 255 254 254 252 255 255 255 254 253 243 251 171
max lookup for evict 6800000 = 16
lookup_sel: 255 255 255 255 255 255 253 253 255 253 252 251 254 251 254 178
Heartbeat CPU 0 instructions: 20000007 cycles: 12382216 heartbeat IPC: 1.627 cumulative IPC: 1.615 (Simulation time: 00 hr 44 min 33 sec)
Heartbeat CPU 1 instructions: 20000007 cycles: 12383457 heartbeat IPC: 1.627 cumulative IPC: 1.615 (Simulation time: 00 hr 44 min 34 sec)
Heartbeat CPU 2 instructions: 20000007 cycles: 12384002 heartbeat IPC: 1.627 cumulative IPC: 1.615 (Simulation time: 00 hr 44 min 34 sec)
Heartbeat CPU 3 instructions: 20000007 cycles: 12384372 heartbeat IPC: 1.627 cumulative IPC: 1.615 (Simulation time: 00 hr 44 min 34 sec)
Heartbeat CPU 4 instructions: 20000007 cycles: 12385508 heartbeat IPC: 1.627 cumulative IPC: 1.615 (Simulation time: 00 hr 44 min 34 sec)
Heartbeat CPU 5 instructions: 20000007 cycles: 12385893 heartbeat IPC: 1.627 cumulative IPC: 1.615 (Simulation time: 00 hr 44 min 34 sec)
Heartbeat CPU 6 instructions: 20000007 cycles: 12386190 heartbeat IPC: 1.627 cumulative IPC: 1.615 (Simulation time: 00 hr 44 min 34 sec)
Heartbeat CPU 7 instructions: 20000007 cycles: 12387326 heartbeat IPC: 1.627 cumulative IPC: 1.615 (Simulation time: 00 hr 44 min 34 sec)
max lookup for evict 6900000 = 16
lookup_sel: 255 255 255 254 255 254 255 254 254 255 255 253 253 250 255 180
max lookup for evict 7000000 = 16
lookup_sel: 255 255 255 255 255 255 254 255 248 255 254 253 253 250 254 186
max lookup for evict 7100000 = 16
lookup_sel: 255 254 255 255 255 254 255 255 255 255 252 255 250 245 253 182
max lookup for evict 7200000 = 16
lookup_sel: 255 255 255 255 254 255 250 254 253 251 254 252 254 250 255 180
max lookup for evict 7300000 = 16
lookup_sel: 255 255 255 255 254 255 255 255 252 251 255 250 252 255 253 182
max lookup for evict 7400000 = 16
lookup_sel: 255 255 255 255 255 255 255 251 255 255 249 255 254 252 253 185
max lookup for evict 7500000 = 16
lookup_sel: 255 254 253 254 253 254 255 254 251 252 243 255 254 247 252 197
max lookup for evict 7600000 = 16
lookup_sel: 255 255 255 255 255 255 255 255 252 255 239 255 254 246 254 199
max lookup for evict 7700000 = 16
lookup_sel: 255 255 255 255 255 255 255 252 255 255 250 255 255 247 254 195
max lookup for evict 7800000 = 16
lookup_sel: 255 255 255 254 255 255 254 255 255 255 248 250 255 244 250 202
max lookup for evict 7900000 = 16
lookup_sel: 255 255 255 253 255 254 254 254 255 255 248 255 250 248 251 200
max lookup for evict 8000000 = 16
lookup_sel: 255 255 255 255 255 255 255 255 251 255 255 254 253 246 254 179
max lookup for evict 8000000 = 16
lookup_sel: 255 255 255 255 255 255 255 255 251 255 255 254 253 246 254 179
max lookup for evict 8100000 = 16
lookup_sel: 255 255 255 255 255 255 254 252 255 254 255 254 251 245 255 175
max lookup for evict 8200000 = 16
lookup_sel: 255 255 255 255 254 255 254 255 252 255 255 254 254 246 255 174
max lookup for evict 8300000 = 16
lookup_sel: 255 255 254 255 255 254 253 255 254 255 254 254 254 244 254 174
max lookup for evict 8400000 = 16
lookup_sel: 255 255 255 254 255 255 255 254 254 255 246 255 251 248 255 176
max lookup for evict 8500000 = 16
lookup_sel: 255 255 255 255 254 255 255 255 247 255 251 254 253 254 253 182
max lookup for evict 8600000 = 16
lookup_sel: 255 255 255 254 254 255 252 254 246 248 251 255 247 255 250 188
Warmup finished CPU 0 instructions: 25000002 cycles: 15503511 cumulative IPC: 1.613 (Simulation time: 00 hr 55 min 05 sec)
Warmup finished CPU 1 instructions: 25000002 cycles: 15504881 cumulative IPC: 1.612 (Simulation time: 00 hr 55 min 06 sec)
Warmup finished CPU 2 instructions: 25000002 cycles: 15505178 cumulative IPC: 1.612 (Simulation time: 00 hr 55 min 06 sec)
Warmup finished CPU 3 instructions: 25000002 cycles: 15505722 cumulative IPC: 1.612 (Simulation time: 00 hr 55 min 06 sec)
Warmup finished CPU 4 instructions: 25000002 cycles: 15506924 cumulative IPC: 1.612 (Simulation time: 00 hr 55 min 06 sec)
Warmup finished CPU 5 instructions: 25000002 cycles: 15507365 cumulative IPC: 1.612 (Simulation time: 00 hr 55 min 06 sec)
Warmup finished CPU 6 instructions: 25000002 cycles: 15507477 cumulative IPC: 1.612 (Simulation time: 00 hr 55 min 06 sec)
Warmup finished CPU 7 instructions: 25000002 cycles: 15508630 cumulative IPC: 1.612 (Simulation time: 00 hr 55 min 07 sec)
Warmup complete CPU 7 instructions: 25000002 cycles: 15508630 cumulative IPC: 1.612 (Simulation time: 00 hr 55 min 07 sec)
Warmup complete CPU 6 instructions: 25003577 cycles: 15508630 cumulative IPC: 1.612 (Simulation time: 00 hr 55 min 07 sec)
Warmup complete CPU 5 instructions: 25003948 cycles: 15508630 cumulative IPC: 1.612 (Simulation time: 00 hr 55 min 07 sec)
Warmup complete CPU 4 instructions: 25004229 cycles: 15508630 cumulative IPC: 1.612 (Simulation time: 00 hr 55 min 07 sec)
Warmup complete CPU 3 instructions: 25004657 cycles: 15508630 cumulative IPC: 1.612 (Simulation time: 00 hr 55 min 07 sec)
Warmup complete CPU 2 instructions: 25004830 cycles: 15508630 cumulative IPC: 1.612 (Simulation time: 00 hr 55 min 07 sec)
Warmup complete CPU 1 instructions: 25005854 cycles: 15508630 cumulative IPC: 1.612 (Simulation time: 00 hr 55 min 07 sec)
Warmup complete CPU 0 instructions: 25010414 cycles: 15508630 cumulative IPC: 1.613 (Simulation time: 00 hr 55 min 07 sec)
max lookup for evict 8700000 = 16
lookup_sel: 255 255 255 255 254 255 255 255 254 250 251 253 254 252 250 186
max lookup for evict 8800000 = 16
lookup_sel: 255 255 255 255 255 254 250 253 254 254 254 253 253 251 248 196
max lookup for evict 8900000 = 16
lookup_sel: 255 254 255 255 253 255 255 254 255 255 255 254 254 253 251 196
max lookup for evict 9000000 = 16
lookup_sel: 255 255 255 255 254 255 255 255 254 253 254 255 255 252 249 199
max lookup for evict 9100000 = 15
lookup_sel: 255 255 254 255 255 255 255 255 252 250 252 253 248 255 255 115
max lookup for evict 9200000 = 15
lookup_sel: 255 255 255 255 254 255 255 254 251 247 252 254 250 253 255 117
max lookup for evict 9300000 = 15
lookup_sel: 255 255 255 255 255 255 255 255 255 248 254 255 254 250 249 110
max lookup for evict 9400000 = 15
lookup_sel: 255 255 255 255 255 255 254 255 253 245 255 248 254 251 250 114
max lookup for evict 9500000 = 15
lookup_sel: 255 255 255 255 254 255 255 255 254 249 251 254 250 255 242 122
max lookup for evict 9600000 = 15
lookup_sel: 255 255 255 255 255 254 255 255 255 249 249 254 239 250 249 121
max lookup for evict 9700000 = 15
lookup_sel: 255 255 255 255 255 254 254 255 255 255 249 254 241 253 243 123
max lookup for evict 9800000 = 15
lookup_sel: 255 255 255 255 254 255 255 251 255 249 249 251 249 255 243 125
max lookup for evict 9900000 = 16
lookup_sel: 255 255 255 255 252 255 255 255 254 253 250 249 241 251 249 135
max lookup for evict 10000000 = 16
lookup_sel: 255 255 255 255 255 255 254 255 253 254 247 243 240 252 245 138
max lookup for evict 10100000 = 16
lookup_sel: 255 255 254 255 255 255 253 254 255 254 249 242 243 251 246 138
max lookup for evict 10200000 = 16
lookup_sel: 255 255 255 254 255 255 255 253 255 255 252 238 246 248 254 135
Heartbeat CPU 0 instructions: 30000008 cycles: 36812435 heartbeat IPC: 0.4093 cumulative IPC: 0.2342 (Simulation time: 01 hr 36 min 30 sec)
Heartbeat CPU 4 instructions: 30000008 cycles: 36977188 heartbeat IPC: 0.4066 cumulative IPC: 0.2327 (Simulation time: 01 hr 36 min 50 sec)
Heartbeat CPU 2 instructions: 30000008 cycles: 37122351 heartbeat IPC: 0.4042 cumulative IPC: 0.2311 (Simulation time: 01 hr 37 min 07 sec)
Heartbeat CPU 1 instructions: 30000008 cycles: 37166738 heartbeat IPC: 0.4035 cumulative IPC: 0.2306 (Simulation time: 01 hr 37 min 12 sec)
Heartbeat CPU 7 instructions: 30000008 cycles: 37182149 heartbeat IPC: 0.4033 cumulative IPC: 0.2307 (Simulation time: 01 hr 37 min 14 sec)
Heartbeat CPU 3 instructions: 30000008 cycles: 37241917 heartbeat IPC: 0.4023 cumulative IPC: 0.2298 (Simulation time: 01 hr 37 min 21 sec)
Heartbeat CPU 6 instructions: 30000008 cycles: 37397344 heartbeat IPC: 0.3998 cumulative IPC: 0.2283 (Simulation time: 01 hr 37 min 40 sec)
Heartbeat CPU 5 instructions: 30000008 cycles: 37477332 heartbeat IPC: 0.3985 cumulative IPC: 0.2274 (Simulation time: 01 hr 37 min 49 sec)
max lookup for evict 10300000 = 16
lookup_sel: 255 255 255 254 255 255 253 255 251 255 255 243 240 255 249 135
max lookup for evict 10400000 = 16
lookup_sel: 255 255 255 255 255 254 255 252 251 255 255 248 238 238 250 146
max lookup for evict 10500000 = 16
lookup_sel: 255 255 255 255 255 253 255 254 255 251 253 255 242 236 250 148
max lookup for evict 10600000 = 16
lookup_sel: 255 255 255 255 255 254 254 254 255 254 254 255 240 230 252 144
max lookup for evict 10700000 = 15
lookup_sel: 255 255 255 255 255 252 255 255 251 254 255 253 243 234 245 66
max lookup for evict 10800000 = 15
lookup_sel: 255 255 255 255 255 254 255 251 255 255 255 254 237 238 249 61
max lookup for evict 10900000 = 15
lookup_sel: 255 255 255 255 255 255 255 254 252 253 255 251 249 234 255 65
max lookup for evict 11000000 = 15
lookup_sel: 255 255 255 255 255 252 254 255 254 250 254 249 248 239 253 65
max lookup for evict 11100000 = 15
lookup_sel: 255 255 255 255 255 255 254 255 255 250 255 254 249 230 250 62
max lookup for evict 11200000 = 15
lookup_sel: 255 255 255 255 255 255 255 255 254 250 250 254 254 238 248 64
max lookup for evict 11300000 = 15
lookup_sel: 255 255 255 255 255 255 251 255 255 253 244 254 244 240 255 74
max lookup for evict 11400000 = 15
lookup_sel: 255 255 255 255 255 253 252 255 252 254 252 254 243 236 249 72
max lookup for evict 11500000 = 15
lookup_sel: 255 255 255 255 255 255 255 254 255 253 251 253 246 235 241 72
max lookup for evict 11600000 = 15
lookup_sel: 255 255 255 255 255 255 255 254 255 255 246 254 241 235 250 73
max lookup for evict 11700000 = 15
lookup_sel: 255 255 255 255 255 255 255 255 255 253 251 254 246 233 250 68
max lookup for evict 11800000 = 15
lookup_sel: 255 255 255 255 255 254 253 255 255 255 253 250 243 205 248 51
max lookup for evict 11900000 = 15
lookup_sel: 255 255 255 255 255 255 255 255 253 255 254 255 255 197 249 50
max lookup for evict 12000000 = 15
lookup_sel: 255 255 255 255 255 255 255 255 255 254 254 255 250 205 249 58
max lookup for evict 12100000 = 15
lookup_sel: 255 255 255 255 254 224 255 255 255 253 254 252 255 202 253 61
max lookup for evict 12200000 = 5
lookup_sel: 255 255 255 255 255 98 254 255 255 255 254 252 255 200 252 61
max lookup for evict 12300000 = 5
lookup_sel: 255 255 255 255 255 114 255 255 255 255 253 251 255 199 249 63
max lookup for evict 12400000 = 5
lookup_sel: 255 255 255 255 255 126 255 255 255 250 255 249 255 194 254 57
max lookup for evict 12500000 = 15
lookup_sel: 255 255 254 255 255 140 255 254 254 254 255 255 249 188 254 59
max lookup for evict 12600000 = 15
lookup_sel: 255 255 255 255 255 153 255 252 254 254 252 251 240 185 255 61
max lookup for evict 12700000 = 15
lookup_sel: 255 255 255 255 255 163 255 255 254 254 253 255 246 189 251 62
max lookup for evict 12800000 = 15
lookup_sel: 255 255 255 254 255 172 255 254 255 253 254 248 247 187 250 66
max lookup for evict 12900000 = 15
lookup_sel: 255 255 255 255 255 186 255 255 253 255 255 246 255 186 252 69
max lookup for evict 13000000 = 15
lookup_sel: 255 255 255 255 255 195 254 254 255 255 253 250 254 185 252 74
max lookup for evict 13100000 = 15
lookup_sel: 255 255 255 255 254 211 255 255 255 255 250 253 248 182 252 75
max lookup for evict 13200000 = 5
lookup_sel: 255 255 255 255 255 120 254 255 255 253 244 255 255 178 246 73
max lookup for evict 13300000 = 5
lookup_sel: 255 255 255 255 255 102 255 255 255 254 252 251 252 182 241 61
max lookup for evict 13400000 = 5
lookup_sel: 255 255 255 255 255 122 255 254 255 254 249 252 255 187 234 65
Heartbeat CPU 0 instructions: 40000010 cycles: 79340857 heartbeat IPC: 0.2351 cumulative IPC: 0.2348 (Simulation time: 02 hr 54 min 27 sec)
Heartbeat CPU 4 instructions: 40000010 cycles: 79349572 heartbeat IPC: 0.236 cumulative IPC: 0.2349 (Simulation time: 02 hr 54 min 28 sec)
Heartbeat CPU 3 instructions: 40000010 cycles: 79445693 heartbeat IPC: 0.2369 cumulative IPC: 0.2345 (Simulation time: 02 hr 54 min 38 sec)
max lookup for evict 13500000 = 15
lookup_sel: 255 255 255 255 255 142 255 254 254 255 253 255 253 186 234 72
Heartbeat CPU 2 instructions: 40000010 cycles: 79668210 heartbeat IPC: 0.235 cumulative IPC: 0.2337 (Simulation time: 02 hr 55 min 01 sec)
Heartbeat CPU 1 instructions: 40000010 cycles: 80079476 heartbeat IPC: 0.233 cumulative IPC: 0.2322 (Simulation time: 02 hr 55 min 44 sec)
Heartbeat CPU 5 instructions: 40000010 cycles: 80363316 heartbeat IPC: 0.2332 cumulative IPC: 0.2312 (Simulation time: 02 hr 56 min 14 sec)
Heartbeat CPU 6 instructions: 40000010 cycles: 80366206 heartbeat IPC: 0.2327 cumulative IPC: 0.2312 (Simulation time: 02 hr 56 min 14 sec)
Heartbeat CPU 7 instructions: 40000010 cycles: 80533785 heartbeat IPC: 0.2307 cumulative IPC: 0.2307 (Simulation time: 02 hr 56 min 32 sec)
max lookup for evict 13600000 = 15
lookup_sel: 255 255 255 255 255 160 254 255 255 255 250 250 255 190 225 75
max lookup for evict 13700000 = 15
lookup_sel: 255 255 255 255 255 173 254 255 254 255 241 255 254 190 226 78
max lookup for evict 13800000 = 15
lookup_sel: 255 255 255 255 255 186 255 255 255 254 254 252 254 170 233 79
max lookup for evict 13900000 = 15
lookup_sel: 255 255 255 255 255 196 253 255 254 254 255 253 254 168 228 73
max lookup for evict 14000000 = 15
lookup_sel: 255 255 255 255 255 208 254 255 254 255 254 253 250 168 222 79
max lookup for evict 14100000 = 15
lookup_sel: 255 255 255 255 255 220 255 255 254 254 255 251 253 167 217 82
max lookup for evict 14200000 = 15
lookup_sel: 255 255 255 254 255 233 255 255 254 253 255 254 252 162 221 84
max lookup for evict 14300000 = 15
lookup_sel: 255 255 255 255 255 247 255 255 255 255 255 254 254 157 223 86
max lookup for evict 14400000 = 15
lookup_sel: 255 255 255 255 255 255 255 255 254 255 253 255 254 148 223 87
max lookup for evict 14500000 = 15
lookup_sel: 255 255 255 255 255 254 254 255 255 255 254 255 253 153 232 85
max lookup for evict 14600000 = 15
lookup_sel: 255 255 255 255 255 255 255 254 255 254 255 255 254 153 232 88
max lookup for evict 14700000 = 15
lookup_sel: 255 255 255 255 255 255 255 255 255 254 255 253 255 158 224 90
max lookup for evict 14800000 = 15
lookup_sel: 255 255 255 255 255 254 255 255 255 255 255 252 249 153 229 78
max lookup for evict 14900000 = 15
lookup_sel: 255 255 255 255 255 255 255 254 254 255 255 254 254 153 224 80
max lookup for evict 15000000 = 15
lookup_sel: 255 255 255 255 255 255 255 255 255 255 255 255 253 150 225 73
max lookup for evict 15100000 = 15
lookup_sel: 255 255 255 255 254 255 255 255 255 255 252 254 250 152 226 71
max lookup for evict 15200000 = 15
lookup_sel: 255 255 255 255 255 255 255 254 254 255 253 254 248 153 216 71
max lookup for evict 15300000 = 15
lookup_sel: 255 255 255 255 253 255 255 255 255 255 254 253 252 150 219 66
max lookup for evict 15400000 = 15
lookup_sel: 255 255 255 255 255 255 255 255 255 255 254 252 219 148 219 73
max lookup for evict 15500000 = 15
lookup_sel: 255 255 255 255 255 255 255 253 255 255 253 253 218 147 216 74
max lookup for evict 15600000 = 15
lookup_sel: 255 255 255 255 255 255 255 253 255 254 255 253 210 142 221 73
max lookup for evict 15700000 = 15
lookup_sel: 255 255 255 255 255 255 255 255 255 254 255 255 213 146 216 66
max lookup for evict 15800000 = 15
lookup_sel: 255 255 255 255 255 254 255 255 255 253 255 255 224 142 214 68
max lookup for evict 15900000 = 15
lookup_sel: 255 255 255 255 255 255 254 255 255 255 255 247 224 141 213 67
max lookup for evict 16000000 = 15
lookup_sel: 255 255 255 255 255 255 255 254 255 254 254 246 228 143 217 76
max lookup for evict 16100000 = 15
lookup_sel: 255 255 255 255 255 255 255 255 254 255 254 250 236 150 219 80
max lookup for evict 16200000 = 15
lookup_sel: 255 255 255 255 255 255 255 255 255 255 255 252 233 151 214 88
max lookup for evict 16300000 = 15
lookup_sel: 255 255 255 255 155 255 255 253 255 255 253 254 234 156 204 89
max lookup for evict 16400000 = 4
lookup_sel: 255 255 255 255 103 255 253 255 253 255 255 252 232 161 195 78
max lookup for evict 16500000 = 4
lookup_sel: 255 255 255 255 122 255 255 255 255 255 255 252 228 160 195 70
Heartbeat CPU 3 instructions: 50000011 cycles: 120056028 heartbeat IPC: 0.2462 cumulative IPC: 0.2391 (Simulation time: 04 hr 03 min 47 sec)
Heartbeat CPU 2 instructions: 50000011 cycles: 120111831 heartbeat IPC: 0.2473 cumulative IPC: 0.239 (Simulation time: 04 hr 03 min 53 sec)
Heartbeat CPU 4 instructions: 50000011 cycles: 120210203 heartbeat IPC: 0.2447 cumulative IPC: 0.2387 (Simulation time: 04 hr 04 min 03 sec)
Heartbeat CPU 0 instructions: 50000010 cycles: 120313367 heartbeat IPC: 0.2441 cumulative IPC: 0.2384 (Simulation time: 04 hr 04 min 13 sec)
max lookup for evict 16600000 = 15
lookup_sel: 255 255 255 255 150 255 254 255 255 255 252 255 238 154 197 69
Heartbeat CPU 1 instructions: 50000011 cycles: 120842256 heartbeat IPC: 0.2453 cumulative IPC: 0.2373 (Simulation time: 04 hr 05 min 06 sec)
Heartbeat CPU 6 instructions: 50000011 cycles: 121224303 heartbeat IPC: 0.2447 cumulative IPC: 0.2364 (Simulation time: 04 hr 05 min 45 sec)
Heartbeat CPU 7 instructions: 50000010 cycles: 121391266 heartbeat IPC: 0.2448 cumulative IPC: 0.2361 (Simulation time: 04 hr 06 min 02 sec)
Heartbeat CPU 5 instructions: 50000011 cycles: 121489338 heartbeat IPC: 0.2432 cumulative IPC: 0.2359 (Simulation time: 04 hr 06 min 11 sec)
max lookup for evict 16700000 = 15
lookup_sel: 255 255 255 254 169 255 255 255 255 252 254 253 242 153 204 64
max lookup for evict 16800000 = 15
lookup_sel: 255 255 255 255 179 255 255 255 251 255 253 255 242 158 203 58
max lookup for evict 16900000 = 15
lookup_sel: 255 255 255 255 189 255 255 255 251 255 253 252 245 160 210 58
max lookup for evict 17000000 = 15
lookup_sel: 255 255 255 255 212 255 255 255 254 253 253 253 208 163 218 37
max lookup for evict 17100000 = 15
lookup_sel: 255 255 255 255 225 255 255 254 255 255 252 254 154 158 224 40
max lookup for evict 17200000 = 15
lookup_sel: 255 255 255 255 247 255 254 255 254 254 255 251 151 164 221 32
max lookup for evict 17300000 = 15
lookup_sel: 255 255 255 255 255 255 255 255 255 255 254 253 156 162 221 29
max lookup for evict 17400000 = 15
lookup_sel: 255 255 255 255 147 254 255 255 255 253 255 253 157 157 220 21
max lookup for evict 17500000 = 4
lookup_sel: 255 255 255 255 111 255 255 254 255 254 253 255 152 161 217 22
max lookup for evict 17600000 = 4
lookup_sel: 255 255 255 255 124 255 255 253 255 254 254 251 150 161 215 23
max lookup for evict 17700000 = 15
lookup_sel: 255 255 255 255 139 255 255 255 255 252 255 253 148 157 209 26
max lookup for evict 17800000 = 15
lookup_sel: 255 255 255 255 151 255 255 255 255 253 250 255 151 160 211 26
max lookup for evict 17900000 = 15
lookup_sel: 255 255 255 255 177 255 255 254 255 254 255 250 151 160 210 20
max lookup for evict 18000000 = 15
lookup_sel: 255 255 255 255 192 255 255 254 255 254 255 251 156 160 206 17
max lookup for evict 18100000 = 15
lookup_sel: 255 255 255 255 213 255 254 255 255 176 255 251 148 156 205 16
max lookup for evict 18200000 = 15
lookup_sel: 255 255 255 255 230 255 255 255 255 177 254 255 146 156 204 17
max lookup for evict 18300000 = 15
lookup_sel: 255 255 255 255 255 254 255 255 255 188 254 252 148 162 206 17
max lookup for evict 18400000 = 9
lookup_sel: 255 255 255 255 255 255 255 255 255 103 255 254 144 160 204 22
max lookup for evict 18500000 = 9
lookup_sel: 255 255 255 255 255 255 255 255 252 86 255 254 147 155 201 33
max lookup for evict 18600000 = 9
lookup_sel: 255 255 255 255 255 255 255 255 255 88 255 255 150 154 194 30
max lookup for evict 18700000 = 9
lookup_sel: 255 255 255 255 255 255 255 255 255 98 255 255 158 147 196 27
max lookup for evict 18800000 = 9
lookup_sel: 255 255 255 255 255 255 255 255 255 109 255 253 162 145 195 23
max lookup for evict 18900000 = 9
lookup_sel: 255 255 255 255 255 255 255 255 255 121 255 254 160 141 189 25
max lookup for evict 19000000 = 9
lookup_sel: 255 255 255 255 255 255 255 255 255 123 254 255 168 139 185 17
max lookup for evict 19100000 = 15
lookup_sel: 255 255 255 255 255 255 255 255 255 134 253 254 154 136 182 12
max lookup for evict 19200000 = 12
lookup_sel: 255 255 255 255 255 255 254 255 253 148 255 253 112 136 176 12
max lookup for evict 19300000 = 12
lookup_sel: 255 255 255 255 255 255 255 255 255 156 252 255 115 125 181 18
max lookup for evict 19400000 = 12
lookup_sel: 255 255 255 255 255 255 254 254 255 162 254 249 106 126 183 19
Heartbeat CPU 2 instructions: 60000015 cycles: 158732534 heartbeat IPC: 0.2589 cumulative IPC: 0.2443 (Simulation time: 05 hr 07 min 23 sec)
Heartbeat CPU 4 instructions: 60000015 cycles: 158788824 heartbeat IPC: 0.2592 cumulative IPC: 0.2442 (Simulation time: 05 hr 07 min 28 sec)
max lookup for evict 19500000 = 12
lookup_sel: 255 255 255 255 255 255 255 255 255 173 254 249 104 124 178 6
Heartbeat CPU 3 instructions: 60000015 cycles: 159047314 heartbeat IPC: 0.2565 cumulative IPC: 0.2438 (Simulation time: 05 hr 07 min 53 sec)
Heartbeat CPU 0 instructions: 60000010 cycles: 159321993 heartbeat IPC: 0.2564 cumulative IPC: 0.2433 (Simulation time: 05 hr 08 min 20 sec)
Heartbeat CPU 1 instructions: 60000015 cycles: 159507602 heartbeat IPC: 0.2586 cumulative IPC: 0.243 (Simulation time: 05 hr 08 min 38 sec)
Heartbeat CPU 7 instructions: 60000010 cycles: 160281077 heartbeat IPC: 0.2571 cumulative IPC: 0.2418 (Simulation time: 05 hr 09 min 54 sec)
max lookup for evict 19600000 = 12
lookup_sel: 255 255 255 255 255 255 255 254 255 175 255 254 105 126 171 3
Heartbeat CPU 6 instructions: 60000015 cycles: 160488099 heartbeat IPC: 0.2547 cumulative IPC: 0.2414 (Simulation time: 05 hr 10 min 15 sec)
Heartbeat CPU 5 instructions: 60000015 cycles: 160918087 heartbeat IPC: 0.2536 cumulative IPC: 0.2407 (Simulation time: 05 hr 10 min 57 sec)
max lookup for evict 19700000 = 12
lookup_sel: 255 255 255 255 255 255 255 255 255 190 249 255 104 123 171 6
max lookup for evict 19800000 = 12
lookup_sel: 255 255 255 255 255 255 255 255 255 203 254 255 109 127 162 5
max lookup for evict 19900000 = 12
lookup_sel: 255 255 255 255 255 255 255 255 253 214 253 254 116 132 153 0
max lookup for evict 20000000 = 12
lookup_sel: 255 255 255 255 255 255 255 255 255 223 255 255 118 127 153 0
max lookup for evict 20100000 = 12
lookup_sel: 255 255 255 255 255 255 255 255 255 228 255 255 121 129 120 0
max lookup for evict 20200000 = 12
lookup_sel: 255 255 255 255 255 255 255 254 255 236 252 253 113 123 115 2
max lookup for evict 20300000 = 12
lookup_sel: 255 255 255 255 255 255 255 253 255 243 254 251 122 120 112 5
max lookup for evict 20400000 = 12
lookup_sel: 255 255 255 255 255 255 255 254 253 251 252 253 120 117 114 5
max lookup for evict 20500000 = 12
lookup_sel: 255 255 255 255 255 255 255 255 254 255 255 254 68 113 105 12
max lookup for evict 20600000 = 12
lookup_sel: 255 255 255 255 255 255 255 255 254 254 255 254 46 110 102 15
max lookup for evict 20700000 = 12
lookup_sel: 255 255 255 255 255 255 255 255 255 255 254 252 45 111 96 4
max lookup for evict 20800000 = 12
lookup_sel: 255 255 255 255 255 255 255 255 255 253 253 255 44 107 99 0
max lookup for evict 20900000 = 12
lookup_sel: 255 255 255 255 255 255 255 255 255 255 254 254 40 107 97 8
max lookup for evict 21000000 = 12
lookup_sel: 255 255 255 255 255 255 255 254 255 254 254 249 50 109 87 17
max lookup for evict 21100000 = 12
lookup_sel: 255 255 255 255 255 255 255 254 255 253 251 252 55 110 68 7
max lookup for evict 21200000 = 12
lookup_sel: 255 255 255 255 255 255 255 254 255 255 254 251 50 111 40 6
max lookup for evict 21300000 = 12
lookup_sel: 255 255 255 255 255 255 255 255 255 253 255 247 31 110 41 2
max lookup for evict 21400000 = 12
lookup_sel: 255 255 255 255 255 255 255 253 254 254 255 254 37 115 32 0
max lookup for evict 21500000 = 12
lookup_sel: 255 255 255 255 255 201 255 253 255 255 254 255 33 110 33 1
max lookup for evict 21600000 = 12
lookup_sel: 255 255 255 255 255 134 255 254 255 255 255 253 33 115 29 3
max lookup for evict 21700000 = 5
lookup_sel: 255 255 255 255 255 120 254 255 255 254 255 253 38 120 24 1
max lookup for evict 21800000 = 12
lookup_sel: 255 255 255 255 255 135 255 255 255 255 255 254 27 118 34 2
max lookup for evict 21900000 = 12
lookup_sel: 255 255 255 255 255 160 255 255 253 255 255 252 34 119 34 0
max lookup for evict 22000000 = 12
lookup_sel: 255 255 255 255 255 171 255 255 255 255 254 251 38 127 32 1
max lookup for evict 22100000 = 12
lookup_sel: 255 255 255 255 255 195 255 255 254 255 255 254 37 123 29 1
max lookup for evict 22200000 = 12
lookup_sel: 255 255 255 255 255 217 255 254 254 255 255 251 35 126 33 2
Heartbeat CPU 2 instructions: 70000019 cycles: 195623362 heartbeat IPC: 0.2711 cumulative IPC: 0.2498 (Simulation time: 06 hr 07 min 34 sec)
Heartbeat CPU 3 instructions: 70000017 cycles: 195734773 heartbeat IPC: 0.2726 cumulative IPC: 0.2497 (Simulation time: 06 hr 07 min 45 sec)
Heartbeat CPU 4 instructions: 70000019 cycles: 195862141 heartbeat IPC: 0.2697 cumulative IPC: 0.2495 (Simulation time: 06 hr 07 min 57 sec)
max lookup for evict 22300000 = 12
lookup_sel: 255 255 255 255 255 230 255 254 255 255 255 250 33 117 38 3
Heartbeat CPU 0 instructions: 70000010 cycles: 196658687 heartbeat IPC: 0.2678 cumulative IPC: 0.2484 (Simulation time: 06 hr 09 min 15 sec)
Heartbeat CPU 1 instructions: 70000017 cycles: 196780897 heartbeat IPC: 0.2683 cumulative IPC: 0.2482 (Simulation time: 06 hr 09 min 27 sec)
Heartbeat CPU 6 instructions: 70000015 cycles: 196937603 heartbeat IPC: 0.2744 cumulative IPC: 0.248 (Simulation time: 06 hr 09 min 43 sec)
Heartbeat CPU 7 instructions: 70000014 cycles: 197148255 heartbeat IPC: 0.2712 cumulative IPC: 0.2477 (Simulation time: 06 hr 10 min 04 sec)
max lookup for evict 22400000 = 12
lookup_sel: 255 255 255 255 255 251 254 255 253 254 253 254 34 111 34 1
Heartbeat CPU 5 instructions: 70000017 cycles: 197511080 heartbeat IPC: 0.2733 cumulative IPC: 0.2472 (Simulation time: 06 hr 10 min 39 sec)
max lookup for evict 22500000 = 12
lookup_sel: 255 255 255 255 255 255 255 254 254 254 253 250 31 108 27 2
max lookup for evict 22600000 = 12
lookup_sel: 255 255 255 255 255 254 255 255 255 255 254 254 31 68 13 3
max lookup for evict 22700000 = 12
lookup_sel: 255 255 255 255 255 255 255 255 254 253 254 255 33 43 15 0
max lookup for evict 22800000 = 12
lookup_sel: 255 255 255 255 255 255 255 255 255 255 255 253 22 32 14 0
max lookup for evict 22900000 = 12
lookup_sel: 255 255 255 255 255 254 255 255 254 255 254 253 20 29 9 0
max lookup for evict 23000000 = 12
lookup_sel: 255 255 255 255 255 255 254 255 254 255 255 251 22 20 4 1
max lookup for evict 23100000 = 12
lookup_sel: 255 255 255 255 255 255 255 254 254 255 252 251 22 26 9 8
max lookup for evict 23200000 = 12
lookup_sel: 255 255 255 255 255 255 255 255 255 255 255 255 19 25 4 13
max lookup for evict 23300000 = 12
lookup_sel: 255 255 255 255 255 255 255 254 255 255 254 255 24 25 1 6
max lookup for evict 23400000 = 12
lookup_sel: 255 255 255 255 255 255 255 255 255 255 255 252 29 27 0 2
max lookup for evict 23500000 = 12
lookup_sel: 255 255 255 255 255 255 255 255 255 255 254 254 24 18 5 1
Simulation finished CPU 2 instructions: 50000003 cycles: 196512283 cumulative IPC: 0.2544 (Simulation time: 06 hr 34 min 17 sec)
Simulation finished CPU 3 instructions: 50000004 cycles: 196751270 cumulative IPC: 0.2541 (Simulation time: 06 hr 34 min 40 sec)
Simulation finished CPU 4 instructions: 50000004 cycles: 197002847 cumulative IPC: 0.2538 (Simulation time: 06 hr 35 min 05 sec)
max lookup for evict 23600000 = 12
lookup_sel: 255 255 255 255 255 255 255 255 254 255 255 255 21 18 1 3
Simulation finished CPU 0 instructions: 50000004 cycles: 197741297 cumulative IPC: 0.2529 (Simulation time: 06 hr 36 min 18 sec)
Simulation finished CPU 6 instructions: 50000000 cycles: 198146402 cumulative IPC: 0.2523 (Simulation time: 06 hr 36 min 57 sec)
Simulation finished CPU 7 instructions: 50000000 cycles: 198575364 cumulative IPC: 0.2518 (Simulation time: 06 hr 37 min 38 sec)
Simulation finished CPU 1 instructions: 50000003 cycles: 198665248 cumulative IPC: 0.2517 (Simulation time: 06 hr 37 min 47 sec)
max lookup for evict 23700000 = 12
lookup_sel: 255 255 255 255 255 255 255 255 255 255 253 250 23 12 0 3
Simulation finished CPU 5 instructions: 50000001 cycles: 199059239 cumulative IPC: 0.2512 (Simulation time: 06 hr 38 min 24 sec)
Simulation complete CPU 7 instructions: 50134554 cycles: 199059239 cumulative IPC: 0.2519 (Simulation time: 06 hr 38 min 24 sec)
Simulation complete CPU 6 instructions: 50254522 cycles: 199059239 cumulative IPC: 0.2525 (Simulation time: 06 hr 38 min 24 sec)
Simulation complete CPU 5 instructions: 50000001 cycles: 199059239 cumulative IPC: 0.2512 (Simulation time: 06 hr 38 min 24 sec)
Simulation complete CPU 4 instructions: 50538678 cycles: 199059239 cumulative IPC: 0.2539 (Simulation time: 06 hr 38 min 24 sec)
Simulation complete CPU 3 instructions: 50594530 cycles: 199059239 cumulative IPC: 0.2542 (Simulation time: 06 hr 38 min 24 sec)
Simulation complete CPU 2 instructions: 50682648 cycles: 199059239 cumulative IPC: 0.2546 (Simulation time: 06 hr 38 min 24 sec)
Simulation complete CPU 1 instructions: 50110840 cycles: 199059239 cumulative IPC: 0.2517 (Simulation time: 06 hr 38 min 24 sec)
Simulation complete CPU 0 instructions: 50336294 cycles: 199059239 cumulative IPC: 0.2529 (Simulation time: 06 hr 38 min 24 sec)

ChampSim completed all CPUs

=== Simulation ===
CPU 0 runs ../frost/TRACES/ctf/spec2017/619.lbm_s-2676B.champsimtrace.xz
CPU 1 runs ../frost/TRACES/ctf/spec2017/619.lbm_s-2676B.champsimtrace.xz
CPU 2 runs ../frost/TRACES/ctf/spec2017/619.lbm_s-2676B.champsimtrace.xz
CPU 3 runs ../frost/TRACES/ctf/spec2017/619.lbm_s-2676B.champsimtrace.xz
CPU 4 runs ../frost/TRACES/ctf/spec2017/619.lbm_s-2676B.champsimtrace.xz
CPU 5 runs ../frost/TRACES/ctf/spec2017/619.lbm_s-2676B.champsimtrace.xz
CPU 6 runs ../frost/TRACES/ctf/spec2017/619.lbm_s-2676B.champsimtrace.xz
CPU 7 runs ../frost/TRACES/ctf/spec2017/619.lbm_s-2676B.champsimtrace.xz

Total Simulation Statistics (not including warmup)

CPU 7 cumulative IPC: 0.2519 instructions: 50134554 cycles: 199059239
CPU 7 Branch Prediction Accuracy: 100% MPKI: 0 Average ROB Occupancy at Mispredict: -
Branch type MPKI
BRANCH_DIRECT_JUMP: 0
BRANCH_INDIRECT: 0
BRANCH_CONDITIONAL: 0
BRANCH_DIRECT_CALL: 0
BRANCH_INDIRECT_CALL: 0
BRANCH_RETURN: 0


CPU 6 cumulative IPC: 0.2525 instructions: 50254522 cycles: 199059239
CPU 6 Branch Prediction Accuracy: 100% MPKI: 0 Average ROB Occupancy at Mispredict: -
Branch type MPKI
BRANCH_DIRECT_JUMP: 0
BRANCH_INDIRECT: 0
BRANCH_CONDITIONAL: 0
BRANCH_DIRECT_CALL: 0
BRANCH_INDIRECT_CALL: 0
BRANCH_RETURN: 0


CPU 5 cumulative IPC: 0.2512 instructions: 50000001 cycles: 199059239
CPU 5 Branch Prediction Accuracy: 100% MPKI: 0 Average ROB Occupancy at Mispredict: -
Branch type MPKI
BRANCH_DIRECT_JUMP: 0
BRANCH_INDIRECT: 0
BRANCH_CONDITIONAL: 0
BRANCH_DIRECT_CALL: 0
BRANCH_INDIRECT_CALL: 0
BRANCH_RETURN: 0


CPU 4 cumulative IPC: 0.2539 instructions: 50538678 cycles: 199059239
CPU 4 Branch Prediction Accuracy: 100% MPKI: 0 Average ROB Occupancy at Mispredict: -
Branch type MPKI
BRANCH_DIRECT_JUMP: 0
BRANCH_INDIRECT: 0
BRANCH_CONDITIONAL: 0
BRANCH_DIRECT_CALL: 0
BRANCH_INDIRECT_CALL: 0
BRANCH_RETURN: 0


CPU 3 cumulative IPC: 0.2542 instructions: 50594530 cycles: 199059239
CPU 3 Branch Prediction Accuracy: 100% MPKI: 0 Average ROB Occupancy at Mispredict: -
Branch type MPKI
BRANCH_DIRECT_JUMP: 0
BRANCH_INDIRECT: 0
BRANCH_CONDITIONAL: 0
BRANCH_DIRECT_CALL: 0
BRANCH_INDIRECT_CALL: 0
BRANCH_RETURN: 0


CPU 2 cumulative IPC: 0.2546 instructions: 50682648 cycles: 199059239
CPU 2 Branch Prediction Accuracy: 100% MPKI: 0 Average ROB Occupancy at Mispredict: -
Branch type MPKI
BRANCH_DIRECT_JUMP: 0
BRANCH_INDIRECT: 0
BRANCH_CONDITIONAL: 0
BRANCH_DIRECT_CALL: 0
BRANCH_INDIRECT_CALL: 0
BRANCH_RETURN: 0


CPU 1 cumulative IPC: 0.2517 instructions: 50110840 cycles: 199059239
CPU 1 Branch Prediction Accuracy: 100% MPKI: 0 Average ROB Occupancy at Mispredict: -
Branch type MPKI
BRANCH_DIRECT_JUMP: 0
BRANCH_INDIRECT: 0
BRANCH_CONDITIONAL: 0
BRANCH_DIRECT_CALL: 0
BRANCH_INDIRECT_CALL: 0
BRANCH_RETURN: 0


CPU 0 cumulative IPC: 0.2529 instructions: 50336294 cycles: 199059239
CPU 0 Branch Prediction Accuracy: 100% MPKI: 0 Average ROB Occupancy at Mispredict: -
Branch type MPKI
BRANCH_DIRECT_JUMP: 0
BRANCH_INDIRECT: 0
BRANCH_CONDITIONAL: 0
BRANCH_DIRECT_CALL: 0
BRANCH_INDIRECT_CALL: 0
BRANCH_RETURN: 0

cpu7->cpu7_STLB TOTAL        ACCESS:         29 HIT:          0 MISS:         29 MSHR_MERGE:          0
cpu7->cpu7_STLB LOAD         ACCESS:         29 HIT:          0 MISS:         29 MSHR_MERGE:          0
cpu7->cpu7_STLB RFO          ACCESS:          0 HIT:          0 MISS:          0 MSHR_MERGE:          0
cpu7->cpu7_STLB PREFETCH     ACCESS:          0 HIT:          0 MISS:          0 MSHR_MERGE:          0
cpu7->cpu7_STLB WRITE        ACCESS:          0 HIT:          0 MISS:          0 MSHR_MERGE:          0
cpu7->cpu7_STLB TRANSLATION  ACCESS:          0 HIT:          0 MISS:          0 MSHR_MERGE:          0
cpu7->cpu7_STLB PREFETCH REQUESTED:          0 ISSUED:          0 USEFUL:          0 USELESS:          0
cpu7->cpu7_STLB AVERAGE MISS LATENCY: 264.9 cycles
cpu7->cpu7_L2C TOTAL        ACCESS:    5778160 HIT:    3895826 MISS:    1882334 MSHR_MERGE:          0
cpu7->cpu7_L2C LOAD         ACCESS:     470614 HIT:         14 MISS:     470600 MSHR_MERGE:          0
cpu7->cpu7_L2C RFO          ACCESS:    2653728 HIT:    1242023 MISS:    1411705 MSHR_MERGE:          0
cpu7->cpu7_L2C PREFETCH     ACCESS:          0 HIT:          0 MISS:          0 MSHR_MERGE:          0
cpu7->cpu7_L2C WRITE        ACCESS:    2653789 HIT:    2653789 MISS:          0 MSHR_MERGE:          0
cpu7->cpu7_L2C TRANSLATION  ACCESS:         29 HIT:          0 MISS:         29 MSHR_MERGE:          0
cpu7->cpu7_L2C PREFETCH REQUESTED:          0 ISSUED:          0 USEFUL:          0 USELESS:          0
cpu7->cpu7_L2C AVERAGE MISS LATENCY: 943 cycles
cpu7->cpu7_L1I TOTAL        ACCESS:    9075341 HIT:    9075341 MISS:          0 MSHR_MERGE:          0
cpu7->cpu7_L1I LOAD         ACCESS:    9075341 HIT:    9075341 MISS:          0 MSHR_MERGE:          0
cpu7->cpu7_L1I RFO          ACCESS:          0 HIT:          0 MISS:          0 MSHR_MERGE:          0
cpu7->cpu7_L1I PREFETCH     ACCESS:          0 HIT:          0 MISS:          0 MSHR_MERGE:          0
cpu7->cpu7_L1I WRITE        ACCESS:          0 HIT:          0 MISS:          0 MSHR_MERGE:          0
cpu7->cpu7_L1I TRANSLATION  ACCESS:          0 HIT:          0 MISS:          0 MSHR_MERGE:          0
cpu7->cpu7_L1I PREFETCH REQUESTED:          0 ISSUED:          0 USEFUL:          0 USELESS:          0
cpu7->cpu7_L1I AVERAGE MISS LATENCY: - cycles
cpu7->cpu7_L1D TOTAL        ACCESS:   11646720 HIT:    7774327 MISS:    3872393 MSHR_MERGE:     747969
cpu7->cpu7_L1D LOAD         ACCESS:    3106294 HIT:    1991870 MISS:    1114424 MSHR_MERGE:     643810
cpu7->cpu7_L1D RFO          ACCESS:          0 HIT:          0 MISS:          0 MSHR_MERGE:          0
cpu7->cpu7_L1D PREFETCH     ACCESS:          0 HIT:          0 MISS:          0 MSHR_MERGE:          0
cpu7->cpu7_L1D WRITE        ACCESS:    8540397 HIT:    5782457 MISS:    2757940 MSHR_MERGE:     104159
cpu7->cpu7_L1D TRANSLATION  ACCESS:         29 HIT:          0 MISS:         29 MSHR_MERGE:          0
cpu7->cpu7_L1D PREFETCH REQUESTED:          0 ISSUED:          0 USEFUL:          0 USELESS:          0
cpu7->cpu7_L1D AVERAGE MISS LATENCY: 577.4 cycles
cpu7->cpu7_ITLB TOTAL        ACCESS:    6843277 HIT:    6843277 MISS:          0 MSHR_MERGE:          0
cpu7->cpu7_ITLB LOAD         ACCESS:    6843277 HIT:    6843277 MISS:          0 MSHR_MERGE:          0
cpu7->cpu7_ITLB RFO          ACCESS:          0 HIT:          0 MISS:          0 MSHR_MERGE:          0
cpu7->cpu7_ITLB PREFETCH     ACCESS:          0 HIT:          0 MISS:          0 MSHR_MERGE:          0
cpu7->cpu7_ITLB WRITE        ACCESS:          0 HIT:          0 MISS:          0 MSHR_MERGE:          0
cpu7->cpu7_ITLB TRANSLATION  ACCESS:          0 HIT:          0 MISS:          0 MSHR_MERGE:          0
cpu7->cpu7_ITLB PREFETCH REQUESTED:          0 ISSUED:          0 USEFUL:          0 USELESS:          0
cpu7->cpu7_ITLB AVERAGE MISS LATENCY: - cycles
cpu7->cpu7_DTLB TOTAL        ACCESS:   10871912 HIT:   10871812 MISS:        100 MSHR_MERGE:         71
cpu7->cpu7_DTLB LOAD         ACCESS:   10871912 HIT:   10871812 MISS:        100 MSHR_MERGE:         71
cpu7->cpu7_DTLB RFO          ACCESS:          0 HIT:          0 MISS:          0 MSHR_MERGE:          0
cpu7->cpu7_DTLB PREFETCH     ACCESS:          0 HIT:          0 MISS:          0 MSHR_MERGE:          0
cpu7->cpu7_DTLB WRITE        ACCESS:          0 HIT:          0 MISS:          0 MSHR_MERGE:          0
cpu7->cpu7_DTLB TRANSLATION  ACCESS:          0 HIT:          0 MISS:          0 MSHR_MERGE:          0
cpu7->cpu7_DTLB PREFETCH REQUESTED:          0 ISSUED:          0 USEFUL:          0 USELESS:          0
cpu7->cpu7_DTLB AVERAGE MISS LATENCY: 270.9 cycles
cpu6->cpu6_STLB TOTAL        ACCESS:         29 HIT:          0 MISS:         29 MSHR_MERGE:          0
cpu6->cpu6_STLB LOAD         ACCESS:         29 HIT:          0 MISS:         29 MSHR_MERGE:          0
cpu6->cpu6_STLB RFO          ACCESS:          0 HIT:          0 MISS:          0 MSHR_MERGE:          0
cpu6->cpu6_STLB PREFETCH     ACCESS:          0 HIT:          0 MISS:          0 MSHR_MERGE:          0
cpu6->cpu6_STLB WRITE        ACCESS:          0 HIT:          0 MISS:          0 MSHR_MERGE:          0
cpu6->cpu6_STLB TRANSLATION  ACCESS:          0 HIT:          0 MISS:          0 MSHR_MERGE:          0
cpu6->cpu6_STLB PREFETCH REQUESTED:          0 ISSUED:          0 USEFUL:          0 USELESS:          0
cpu6->cpu6_STLB AVERAGE MISS LATENCY: 304.9 cycles
cpu6->cpu6_L2C TOTAL        ACCESS:    5792270 HIT:    3905359 MISS:    1886911 MSHR_MERGE:          0
cpu6->cpu6_L2C LOAD         ACCESS:     471761 HIT:         18 MISS:     471743 MSHR_MERGE:          0
cpu6->cpu6_L2C RFO          ACCESS:    2660209 HIT:    1245070 MISS:    1415139 MSHR_MERGE:          0
cpu6->cpu6_L2C PREFETCH     ACCESS:          0 HIT:          0 MISS:          0 MSHR_MERGE:          0
cpu6->cpu6_L2C WRITE        ACCESS:    2660271 HIT:    2660271 MISS:          0 MSHR_MERGE:          0
cpu6->cpu6_L2C TRANSLATION  ACCESS:         29 HIT:          0 MISS:         29 MSHR_MERGE:          0
cpu6->cpu6_L2C PREFETCH REQUESTED:          0 ISSUED:          0 USEFUL:          0 USELESS:          0
cpu6->cpu6_L2C AVERAGE MISS LATENCY: 938.9 cycles
cpu6->cpu6_L1I TOTAL        ACCESS:    9089559 HIT:    9089559 MISS:          0 MSHR_MERGE:          0
cpu6->cpu6_L1I LOAD         ACCESS:    9089559 HIT:    9089559 MISS:          0 MSHR_MERGE:          0
cpu6->cpu6_L1I RFO          ACCESS:          0 HIT:          0 MISS:          0 MSHR_MERGE:          0
cpu6->cpu6_L1I PREFETCH     ACCESS:          0 HIT:          0 MISS:          0 MSHR_MERGE:          0
cpu6->cpu6_L1I WRITE        ACCESS:          0 HIT:          0 MISS:          0 MSHR_MERGE:          0
cpu6->cpu6_L1I TRANSLATION  ACCESS:          0 HIT:          0 MISS:          0 MSHR_MERGE:          0
cpu6->cpu6_L1I PREFETCH REQUESTED:          0 ISSUED:          0 USEFUL:          0 USELESS:          0
cpu6->cpu6_L1I AVERAGE MISS LATENCY: - cycles
cpu6->cpu6_L1D TOTAL        ACCESS:   11674318 HIT:    7790874 MISS:    3883444 MSHR_MERGE:     751391
cpu6->cpu6_L1D LOAD         ACCESS:    3112786 HIT:    1994008 MISS:    1118778 MSHR_MERGE:     647017
cpu6->cpu6_L1D RFO          ACCESS:          0 HIT:          0 MISS:          0 MSHR_MERGE:          0
cpu6->cpu6_L1D PREFETCH     ACCESS:          0 HIT:          0 MISS:          0 MSHR_MERGE:          0
cpu6->cpu6_L1D WRITE        ACCESS:    8561503 HIT:    5796866 MISS:    2764637 MSHR_MERGE:     104374
cpu6->cpu6_L1D TRANSLATION  ACCESS:         29 HIT:          0 MISS:         29 MSHR_MERGE:          0
cpu6->cpu6_L1D PREFETCH REQUESTED:          0 ISSUED:          0 USEFUL:          0 USELESS:          0
cpu6->cpu6_L1D AVERAGE MISS LATENCY: 574.9 cycles
cpu6->cpu6_ITLB TOTAL        ACCESS:    6858247 HIT:    6858247 MISS:          0 MSHR_MERGE:          0
cpu6->cpu6_ITLB LOAD         ACCESS:    6858247 HIT:    6858247 MISS:          0 MSHR_MERGE:          0
cpu6->cpu6_ITLB RFO          ACCESS:          0 HIT:          0 MISS:          0 MSHR_MERGE:          0
cpu6->cpu6_ITLB PREFETCH     ACCESS:          0 HIT:          0 MISS:          0 MSHR_MERGE:          0
cpu6->cpu6_ITLB WRITE        ACCESS:          0 HIT:          0 MISS:          0 MSHR_MERGE:          0
cpu6->cpu6_ITLB TRANSLATION  ACCESS:          0 HIT:          0 MISS:          0 MSHR_MERGE:          0
cpu6->cpu6_ITLB PREFETCH REQUESTED:          0 ISSUED:          0 USEFUL:          0 USELESS:          0
cpu6->cpu6_ITLB AVERAGE MISS LATENCY: - cycles
cpu6->cpu6_DTLB TOTAL        ACCESS:   10906878 HIT:   10906757 MISS:        121 MSHR_MERGE:         92
cpu6->cpu6_DTLB LOAD         ACCESS:   10906878 HIT:   10906757 MISS:        121 MSHR_MERGE:         92
cpu6->cpu6_DTLB RFO          ACCESS:          0 HIT:          0 MISS:          0 MSHR_MERGE:          0
cpu6->cpu6_DTLB PREFETCH     ACCESS:          0 HIT:          0 MISS:          0 MSHR_MERGE:          0
cpu6->cpu6_DTLB WRITE        ACCESS:          0 HIT:          0 MISS:          0 MSHR_MERGE:          0
cpu6->cpu6_DTLB TRANSLATION  ACCESS:          0 HIT:          0 MISS:          0 MSHR_MERGE:          0
cpu6->cpu6_DTLB PREFETCH REQUESTED:          0 ISSUED:          0 USEFUL:          0 USELESS:          0
cpu6->cpu6_DTLB AVERAGE MISS LATENCY: 310.9 cycles
cpu5->cpu5_STLB TOTAL        ACCESS:         28 HIT:          0 MISS:         28 MSHR_MERGE:          0
cpu5->cpu5_STLB LOAD         ACCESS:         28 HIT:          0 MISS:         28 MSHR_MERGE:          0
cpu5->cpu5_STLB RFO          ACCESS:          0 HIT:          0 MISS:          0 MSHR_MERGE:          0
cpu5->cpu5_STLB PREFETCH     ACCESS:          0 HIT:          0 MISS:          0 MSHR_MERGE:          0
cpu5->cpu5_STLB WRITE        ACCESS:          0 HIT:          0 MISS:          0 MSHR_MERGE:          0
cpu5->cpu5_STLB TRANSLATION  ACCESS:          0 HIT:          0 MISS:          0 MSHR_MERGE:          0
cpu5->cpu5_STLB PREFETCH REQUESTED:          0 ISSUED:          0 USEFUL:          0 USELESS:          0
cpu5->cpu5_STLB AVERAGE MISS LATENCY: 290.6 cycles
cpu5->cpu5_L2C TOTAL        ACCESS:    5764471 HIT:    3886622 MISS:    1877849 MSHR_MERGE:          0
cpu5->cpu5_L2C LOAD         ACCESS:     469482 HIT:         11 MISS:     469471 MSHR_MERGE:          0
cpu5->cpu5_L2C RFO          ACCESS:    2647452 HIT:    1239102 MISS:    1408350 MSHR_MERGE:          0
cpu5->cpu5_L2C PREFETCH     ACCESS:          0 HIT:          0 MISS:          0 MSHR_MERGE:          0
cpu5->cpu5_L2C WRITE        ACCESS:    2647509 HIT:    2647509 MISS:          0 MSHR_MERGE:          0
cpu5->cpu5_L2C TRANSLATION  ACCESS:         28 HIT:          0 MISS:         28 MSHR_MERGE:          0
cpu5->cpu5_L2C PREFETCH REQUESTED:          0 ISSUED:          0 USEFUL:          0 USELESS:          0
cpu5->cpu5_L2C AVERAGE MISS LATENCY: 946.4 cycles
cpu5->cpu5_L1I TOTAL        ACCESS:    9053302 HIT:    9053302 MISS:          0 MSHR_MERGE:          0
cpu5->cpu5_L1I LOAD         ACCESS:    9053302 HIT:    9053302 MISS:          0 MSHR_MERGE:          0
cpu5->cpu5_L1I RFO          ACCESS:          0 HIT:          0 MISS:          0 MSHR_MERGE:          0
cpu5->cpu5_L1I PREFETCH     ACCESS:          0 HIT:          0 MISS:          0 MSHR_MERGE:          0
cpu5->cpu5_L1I WRITE        ACCESS:          0 HIT:          0 MISS:          0 MSHR_MERGE:          0
cpu5->cpu5_L1I TRANSLATION  ACCESS:          0 HIT:          0 MISS:          0 MSHR_MERGE:          0
cpu5->cpu5_L1I PREFETCH REQUESTED:          0 ISSUED:          0 USEFUL:          0 USELESS:          0
cpu5->cpu5_L1I AVERAGE MISS LATENCY: - cycles
cpu5->cpu5_L1D TOTAL        ACCESS:   11622349 HIT:    7759111 MISS:    3863238 MSHR_MERGE:     746224
cpu5->cpu5_L1D LOAD         ACCESS:    3103685 HIT:    1992112 MISS:    1111573 MSHR_MERGE:     642091
cpu5->cpu5_L1D RFO          ACCESS:          0 HIT:          0 MISS:          0 MSHR_MERGE:          0
cpu5->cpu5_L1D PREFETCH     ACCESS:          0 HIT:          0 MISS:          0 MSHR_MERGE:          0
cpu5->cpu5_L1D WRITE        ACCESS:    8518636 HIT:    5766999 MISS:    2751637 MSHR_MERGE:     104133
cpu5->cpu5_L1D TRANSLATION  ACCESS:         28 HIT:          0 MISS:         28 MSHR_MERGE:          0
cpu5->cpu5_L1D PREFETCH REQUESTED:          0 ISSUED:          0 USEFUL:          0 USELESS:          0
cpu5->cpu5_L1D AVERAGE MISS LATENCY: 579.4 cycles
cpu5->cpu5_ITLB TOTAL        ACCESS:    6833227 HIT:    6833227 MISS:          0 MSHR_MERGE:          0
cpu5->cpu5_ITLB LOAD         ACCESS:    6833227 HIT:    6833227 MISS:          0 MSHR_MERGE:          0
cpu5->cpu5_ITLB RFO          ACCESS:          0 HIT:          0 MISS:          0 MSHR_MERGE:          0
cpu5->cpu5_ITLB PREFETCH     ACCESS:          0 HIT:          0 MISS:          0 MSHR_MERGE:          0
cpu5->cpu5_ITLB WRITE        ACCESS:          0 HIT:          0 MISS:          0 MSHR_MERGE:          0
cpu5->cpu5_ITLB TRANSLATION  ACCESS:          0 HIT:          0 MISS:          0 MSHR_MERGE:          0
cpu5->cpu5_ITLB PREFETCH REQUESTED:          0 ISSUED:          0 USEFUL:          0 USELESS:          0
cpu5->cpu5_ITLB AVERAGE MISS LATENCY: - cycles
cpu5->cpu5_DTLB TOTAL        ACCESS:   10840894 HIT:   10840804 MISS:         90 MSHR_MERGE:         62
cpu5->cpu5_DTLB LOAD         ACCESS:   10840894 HIT:   10840804 MISS:         90 MSHR_MERGE:         62
cpu5->cpu5_DTLB RFO          ACCESS:          0 HIT:          0 MISS:          0 MSHR_MERGE:          0
cpu5->cpu5_DTLB PREFETCH     ACCESS:          0 HIT:          0 MISS:          0 MSHR_MERGE:          0
cpu5->cpu5_DTLB WRITE        ACCESS:          0 HIT:          0 MISS:          0 MSHR_MERGE:          0
cpu5->cpu5_DTLB TRANSLATION  ACCESS:          0 HIT:          0 MISS:          0 MSHR_MERGE:          0
cpu5->cpu5_DTLB PREFETCH REQUESTED:          0 ISSUED:          0 USEFUL:          0 USELESS:          0
cpu5->cpu5_DTLB AVERAGE MISS LATENCY: 296.6 cycles
cpu4->cpu4_STLB TOTAL        ACCESS:         29 HIT:          0 MISS:         29 MSHR_MERGE:          0
cpu4->cpu4_STLB LOAD         ACCESS:         29 HIT:          0 MISS:         29 MSHR_MERGE:          0
cpu4->cpu4_STLB RFO          ACCESS:          0 HIT:          0 MISS:          0 MSHR_MERGE:          0
cpu4->cpu4_STLB PREFETCH     ACCESS:          0 HIT:          0 MISS:          0 MSHR_MERGE:          0
cpu4->cpu4_STLB WRITE        ACCESS:          0 HIT:          0 MISS:          0 MSHR_MERGE:          0
cpu4->cpu4_STLB TRANSLATION  ACCESS:          0 HIT:          0 MISS:          0 MSHR_MERGE:          0
cpu4->cpu4_STLB PREFETCH REQUESTED:          0 ISSUED:          0 USEFUL:          0 USELESS:          0
cpu4->cpu4_STLB AVERAGE MISS LATENCY: 386.9 cycles
cpu4->cpu4_L2C TOTAL        ACCESS:    5828295 HIT:    3929644 MISS:    1898651 MSHR_MERGE:          0
cpu4->cpu4_L2C LOAD         ACCESS:     474689 HIT:         13 MISS:     474676 MSHR_MERGE:          0
cpu4->cpu4_L2C RFO          ACCESS:    2676759 HIT:    1252813 MISS:    1423946 MSHR_MERGE:          0
cpu4->cpu4_L2C PREFETCH     ACCESS:          0 HIT:          0 MISS:          0 MSHR_MERGE:          0
cpu4->cpu4_L2C WRITE        ACCESS:    2676818 HIT:    2676818 MISS:          0 MSHR_MERGE:          0
cpu4->cpu4_L2C TRANSLATION  ACCESS:         29 HIT:          0 MISS:         29 MSHR_MERGE:          0
cpu4->cpu4_L2C PREFETCH REQUESTED:          0 ISSUED:          0 USEFUL:          0 USELESS:          0
cpu4->cpu4_L2C AVERAGE MISS LATENCY: 932.2 cycles
cpu4->cpu4_L1I TOTAL        ACCESS:    9149509 HIT:    9149509 MISS:          0 MSHR_MERGE:          0
cpu4->cpu4_L1I LOAD         ACCESS:    9149509 HIT:    9149509 MISS:          0 MSHR_MERGE:          0
cpu4->cpu4_L1I RFO          ACCESS:          0 HIT:          0 MISS:          0 MSHR_MERGE:          0
cpu4->cpu4_L1I PREFETCH     ACCESS:          0 HIT:          0 MISS:          0 MSHR_MERGE:          0
cpu4->cpu4_L1I WRITE        ACCESS:          0 HIT:          0 MISS:          0 MSHR_MERGE:          0
cpu4->cpu4_L1I TRANSLATION  ACCESS:          0 HIT:          0 MISS:          0 MSHR_MERGE:          0
cpu4->cpu4_L1I PREFETCH REQUESTED:          0 ISSUED:          0 USEFUL:          0 USELESS:          0
cpu4->cpu4_L1I AVERAGE MISS LATENCY: - cycles
cpu4->cpu4_L1D TOTAL        ACCESS:   11750353 HIT:    7842174 MISS:    3908179 MSHR_MERGE:     756657
cpu4->cpu4_L1D LOAD         ACCESS:    3139072 HIT:    2013544 MISS:    1125528 MSHR_MERGE:     650839
cpu4->cpu4_L1D RFO          ACCESS:          0 HIT:          0 MISS:          0 MSHR_MERGE:          0
cpu4->cpu4_L1D PREFETCH     ACCESS:          0 HIT:          0 MISS:          0 MSHR_MERGE:          0
cpu4->cpu4_L1D WRITE        ACCESS:    8611252 HIT:    5828630 MISS:    2782622 MSHR_MERGE:     105818
cpu4->cpu4_L1D TRANSLATION  ACCESS:         29 HIT:          0 MISS:         29 MSHR_MERGE:          0
cpu4->cpu4_L1D PREFETCH REQUESTED:          0 ISSUED:          0 USEFUL:          0 USELESS:          0
cpu4->cpu4_L1D AVERAGE MISS LATENCY: 570.9 cycles
cpu4->cpu4_ITLB TOTAL        ACCESS:    6904506 HIT:    6904506 MISS:          0 MSHR_MERGE:          0
cpu4->cpu4_ITLB LOAD         ACCESS:    6904506 HIT:    6904506 MISS:          0 MSHR_MERGE:          0
cpu4->cpu4_ITLB RFO          ACCESS:          0 HIT:          0 MISS:          0 MSHR_MERGE:          0
cpu4->cpu4_ITLB PREFETCH     ACCESS:          0 HIT:          0 MISS:          0 MSHR_MERGE:          0
cpu4->cpu4_ITLB WRITE        ACCESS:          0 HIT:          0 MISS:          0 MSHR_MERGE:          0
cpu4->cpu4_ITLB TRANSLATION  ACCESS:          0 HIT:          0 MISS:          0 MSHR_MERGE:          0
cpu4->cpu4_ITLB PREFETCH REQUESTED:          0 ISSUED:          0 USEFUL:          0 USELESS:          0
cpu4->cpu4_ITLB AVERAGE MISS LATENCY: - cycles
cpu4->cpu4_DTLB TOTAL        ACCESS:   10958838 HIT:   10958735 MISS:        103 MSHR_MERGE:         74
cpu4->cpu4_DTLB LOAD         ACCESS:   10958838 HIT:   10958735 MISS:        103 MSHR_MERGE:         74
cpu4->cpu4_DTLB RFO          ACCESS:          0 HIT:          0 MISS:          0 MSHR_MERGE:          0
cpu4->cpu4_DTLB PREFETCH     ACCESS:          0 HIT:          0 MISS:          0 MSHR_MERGE:          0
cpu4->cpu4_DTLB WRITE        ACCESS:          0 HIT:          0 MISS:          0 MSHR_MERGE:          0
cpu4->cpu4_DTLB TRANSLATION  ACCESS:          0 HIT:          0 MISS:          0 MSHR_MERGE:          0
cpu4->cpu4_DTLB PREFETCH REQUESTED:          0 ISSUED:          0 USEFUL:          0 USELESS:          0
cpu4->cpu4_DTLB AVERAGE MISS LATENCY: 392.9 cycles
cpu3->cpu3_STLB TOTAL        ACCESS:         29 HIT:          0 MISS:         29 MSHR_MERGE:          0
cpu3->cpu3_STLB LOAD         ACCESS:         29 HIT:          0 MISS:         29 MSHR_MERGE:          0
cpu3->cpu3_STLB RFO          ACCESS:          0 HIT:          0 MISS:          0 MSHR_MERGE:          0
cpu3->cpu3_STLB PREFETCH     ACCESS:          0 HIT:          0 MISS:          0 MSHR_MERGE:          0
cpu3->cpu3_STLB WRITE        ACCESS:          0 HIT:          0 MISS:          0 MSHR_MERGE:          0
cpu3->cpu3_STLB TRANSLATION  ACCESS:          0 HIT:          0 MISS:          0 MSHR_MERGE:          0
cpu3->cpu3_STLB PREFETCH REQUESTED:          0 ISSUED:          0 USEFUL:          0 USELESS:          0
cpu3->cpu3_STLB AVERAGE MISS LATENCY: 395.4 cycles
cpu3->cpu3_L2C TOTAL        ACCESS:    5834089 HIT:    3933552 MISS:    1900537 MSHR_MERGE:          0
cpu3->cpu3_L2C LOAD         ACCESS:     475157 HIT:         13 MISS:     475144 MSHR_MERGE:          0
cpu3->cpu3_L2C RFO          ACCESS:    2679429 HIT:    1254065 MISS:    1425364 MSHR_MERGE:          0
cpu3->cpu3_L2C PREFETCH     ACCESS:          0 HIT:          0 MISS:          0 MSHR_MERGE:          0
cpu3->cpu3_L2C WRITE        ACCESS:    2679474 HIT:    2679474 MISS:          0 MSHR_MERGE:          0
cpu3->cpu3_L2C TRANSLATION  ACCESS:         29 HIT:          0 MISS:         29 MSHR_MERGE:          0
cpu3->cpu3_L2C PREFETCH REQUESTED:          0 ISSUED:          0 USEFUL:          0 USELESS:          0
cpu3->cpu3_L2C AVERAGE MISS LATENCY: 929.4 cycles
cpu3->cpu3_L1I TOTAL        ACCESS:    9160686 HIT:    9160686 MISS:          0 MSHR_MERGE:          0
cpu3->cpu3_L1I LOAD         ACCESS:    9160686 HIT:    9160686 MISS:          0 MSHR_MERGE:          0
cpu3->cpu3_L1I RFO          ACCESS:          0 HIT:          0 MISS:          0 MSHR_MERGE:          0
cpu3->cpu3_L1I PREFETCH     ACCESS:          0 HIT:          0 MISS:          0 MSHR_MERGE:          0
cpu3->cpu3_L1I WRITE        ACCESS:          0 HIT:          0 MISS:          0 MSHR_MERGE:          0
cpu3->cpu3_L1I TRANSLATION  ACCESS:          0 HIT:          0 MISS:          0 MSHR_MERGE:          0
cpu3->cpu3_L1I PREFETCH REQUESTED:          0 ISSUED:          0 USEFUL:          0 USELESS:          0
cpu3->cpu3_L1I AVERAGE MISS LATENCY: - cycles
cpu3->cpu3_L1D TOTAL        ACCESS:   11755983 HIT:    7842513 MISS:    3913470 MSHR_MERGE:     758818
cpu3->cpu3_L1D LOAD         ACCESS:    3135445 HIT:    2006425 MISS:    1129020 MSHR_MERGE:     653863
cpu3->cpu3_L1D RFO          ACCESS:          0 HIT:          0 MISS:          0 MSHR_MERGE:          0
cpu3->cpu3_L1D PREFETCH     ACCESS:          0 HIT:          0 MISS:          0 MSHR_MERGE:          0
cpu3->cpu3_L1D WRITE        ACCESS:    8620509 HIT:    5836088 MISS:    2784421 MSHR_MERGE:     104955
cpu3->cpu3_L1D TRANSLATION  ACCESS:         29 HIT:          0 MISS:         29 MSHR_MERGE:          0
cpu3->cpu3_L1D PREFETCH REQUESTED:          0 ISSUED:          0 USEFUL:          0 USELESS:          0
cpu3->cpu3_L1D AVERAGE MISS LATENCY: 569.2 cycles
cpu3->cpu3_ITLB TOTAL        ACCESS:    6913208 HIT:    6913208 MISS:          0 MSHR_MERGE:          0
cpu3->cpu3_ITLB LOAD         ACCESS:    6913208 HIT:    6913208 MISS:          0 MSHR_MERGE:          0
cpu3->cpu3_ITLB RFO          ACCESS:          0 HIT:          0 MISS:          0 MSHR_MERGE:          0
cpu3->cpu3_ITLB PREFETCH     ACCESS:          0 HIT:          0 MISS:          0 MSHR_MERGE:          0
cpu3->cpu3_ITLB WRITE        ACCESS:          0 HIT:          0 MISS:          0 MSHR_MERGE:          0
cpu3->cpu3_ITLB TRANSLATION  ACCESS:          0 HIT:          0 MISS:          0 MSHR_MERGE:          0
cpu3->cpu3_ITLB PREFETCH REQUESTED:          0 ISSUED:          0 USEFUL:          0 USELESS:          0
cpu3->cpu3_ITLB AVERAGE MISS LATENCY: - cycles
cpu3->cpu3_DTLB TOTAL        ACCESS:   10983690 HIT:   10983579 MISS:        111 MSHR_MERGE:         82
cpu3->cpu3_DTLB LOAD         ACCESS:   10983690 HIT:   10983579 MISS:        111 MSHR_MERGE:         82
cpu3->cpu3_DTLB RFO          ACCESS:          0 HIT:          0 MISS:          0 MSHR_MERGE:          0
cpu3->cpu3_DTLB PREFETCH     ACCESS:          0 HIT:          0 MISS:          0 MSHR_MERGE:          0
cpu3->cpu3_DTLB WRITE        ACCESS:          0 HIT:          0 MISS:          0 MSHR_MERGE:          0
cpu3->cpu3_DTLB TRANSLATION  ACCESS:          0 HIT:          0 MISS:          0 MSHR_MERGE:          0
cpu3->cpu3_DTLB PREFETCH REQUESTED:          0 ISSUED:          0 USEFUL:          0 USELESS:          0
cpu3->cpu3_DTLB AVERAGE MISS LATENCY: 401.4 cycles
cpu2->cpu2_STLB TOTAL        ACCESS:         29 HIT:          0 MISS:         29 MSHR_MERGE:          0
cpu2->cpu2_STLB LOAD         ACCESS:         29 HIT:          0 MISS:         29 MSHR_MERGE:          0
cpu2->cpu2_STLB RFO          ACCESS:          0 HIT:          0 MISS:          0 MSHR_MERGE:          0
cpu2->cpu2_STLB PREFETCH     ACCESS:          0 HIT:          0 MISS:          0 MSHR_MERGE:          0
cpu2->cpu2_STLB WRITE        ACCESS:          0 HIT:          0 MISS:          0 MSHR_MERGE:          0
cpu2->cpu2_STLB TRANSLATION  ACCESS:          0 HIT:          0 MISS:          0 MSHR_MERGE:          0
cpu2->cpu2_STLB PREFETCH REQUESTED:          0 ISSUED:          0 USEFUL:          0 USELESS:          0
cpu2->cpu2_STLB AVERAGE MISS LATENCY: 457.6 cycles
cpu2->cpu2_L2C TOTAL        ACCESS:    5844161 HIT:    3940351 MISS:    1903810 MSHR_MERGE:          0
cpu2->cpu2_L2C LOAD         ACCESS:     475980 HIT:         13 MISS:     475967 MSHR_MERGE:          0
cpu2->cpu2_L2C RFO          ACCESS:    2684059 HIT:    1256245 MISS:    1427814 MSHR_MERGE:          0
cpu2->cpu2_L2C PREFETCH     ACCESS:          0 HIT:          0 MISS:          0 MSHR_MERGE:          0
cpu2->cpu2_L2C WRITE        ACCESS:    2684093 HIT:    2684093 MISS:          0 MSHR_MERGE:          0
cpu2->cpu2_L2C TRANSLATION  ACCESS:         29 HIT:          0 MISS:         29 MSHR_MERGE:          0
cpu2->cpu2_L2C PREFETCH REQUESTED:          0 ISSUED:          0 USEFUL:          0 USELESS:          0
cpu2->cpu2_L2C AVERAGE MISS LATENCY: 936.5 cycles
cpu2->cpu2_L1I TOTAL        ACCESS:    9172254 HIT:    9172254 MISS:          0 MSHR_MERGE:          0
cpu2->cpu2_L1I LOAD         ACCESS:    9172254 HIT:    9172254 MISS:          0 MSHR_MERGE:          0
cpu2->cpu2_L1I RFO          ACCESS:          0 HIT:          0 MISS:          0 MSHR_MERGE:          0
cpu2->cpu2_L1I PREFETCH     ACCESS:          0 HIT:          0 MISS:          0 MSHR_MERGE:          0
cpu2->cpu2_L1I WRITE        ACCESS:          0 HIT:          0 MISS:          0 MSHR_MERGE:          0
cpu2->cpu2_L1I TRANSLATION  ACCESS:          0 HIT:          0 MISS:          0 MSHR_MERGE:          0
cpu2->cpu2_L1I PREFETCH REQUESTED:          0 ISSUED:          0 USEFUL:          0 USELESS:          0
cpu2->cpu2_L1I AVERAGE MISS LATENCY: - cycles
cpu2->cpu2_L1D TOTAL        ACCESS:   11778601 HIT:    7861196 MISS:    3917405 MSHR_MERGE:     757302
cpu2->cpu2_L1D LOAD         ACCESS:    3143487 HIT:    2016119 MISS:    1127368 MSHR_MERGE:     651388
cpu2->cpu2_L1D RFO          ACCESS:          0 HIT:          0 MISS:          0 MSHR_MERGE:          0
cpu2->cpu2_L1D PREFETCH     ACCESS:          0 HIT:          0 MISS:          0 MSHR_MERGE:          0
cpu2->cpu2_L1D WRITE        ACCESS:    8635085 HIT:    5845077 MISS:    2790008 MSHR_MERGE:     105914
cpu2->cpu2_L1D TRANSLATION  ACCESS:         29 HIT:          0 MISS:         29 MSHR_MERGE:          0
cpu2->cpu2_L1D PREFETCH REQUESTED:          0 ISSUED:          0 USEFUL:          0 USELESS:          0
cpu2->cpu2_L1D AVERAGE MISS LATENCY: 573.5 cycles
cpu2->cpu2_ITLB TOTAL        ACCESS:    6926509 HIT:    6926509 MISS:          0 MSHR_MERGE:          0
cpu2->cpu2_ITLB LOAD         ACCESS:    6926509 HIT:    6926509 MISS:          0 MSHR_MERGE:          0
cpu2->cpu2_ITLB RFO          ACCESS:          0 HIT:          0 MISS:          0 MSHR_MERGE:          0
cpu2->cpu2_ITLB PREFETCH     ACCESS:          0 HIT:          0 MISS:          0 MSHR_MERGE:          0
cpu2->cpu2_ITLB WRITE        ACCESS:          0 HIT:          0 MISS:          0 MSHR_MERGE:          0
cpu2->cpu2_ITLB TRANSLATION  ACCESS:          0 HIT:          0 MISS:          0 MSHR_MERGE:          0
cpu2->cpu2_ITLB PREFETCH REQUESTED:          0 ISSUED:          0 USEFUL:          0 USELESS:          0
cpu2->cpu2_ITLB AVERAGE MISS LATENCY: - cycles
cpu2->cpu2_DTLB TOTAL        ACCESS:   10980500 HIT:   10980384 MISS:        116 MSHR_MERGE:         87
cpu2->cpu2_DTLB LOAD         ACCESS:   10980500 HIT:   10980384 MISS:        116 MSHR_MERGE:         87
cpu2->cpu2_DTLB RFO          ACCESS:          0 HIT:          0 MISS:          0 MSHR_MERGE:          0
cpu2->cpu2_DTLB PREFETCH     ACCESS:          0 HIT:          0 MISS:          0 MSHR_MERGE:          0
cpu2->cpu2_DTLB WRITE        ACCESS:          0 HIT:          0 MISS:          0 MSHR_MERGE:          0
cpu2->cpu2_DTLB TRANSLATION  ACCESS:          0 HIT:          0 MISS:          0 MSHR_MERGE:          0
cpu2->cpu2_DTLB PREFETCH REQUESTED:          0 ISSUED:          0 USEFUL:          0 USELESS:          0
cpu2->cpu2_DTLB AVERAGE MISS LATENCY: 463.6 cycles
cpu1->cpu1_STLB TOTAL        ACCESS:         28 HIT:          0 MISS:         28 MSHR_MERGE:          0
cpu1->cpu1_STLB LOAD         ACCESS:         28 HIT:          0 MISS:         28 MSHR_MERGE:          0
cpu1->cpu1_STLB RFO          ACCESS:          0 HIT:          0 MISS:          0 MSHR_MERGE:          0
cpu1->cpu1_STLB PREFETCH     ACCESS:          0 HIT:          0 MISS:          0 MSHR_MERGE:          0
cpu1->cpu1_STLB WRITE        ACCESS:          0 HIT:          0 MISS:          0 MSHR_MERGE:          0
cpu1->cpu1_STLB TRANSLATION  ACCESS:          0 HIT:          0 MISS:          0 MSHR_MERGE:          0
cpu1->cpu1_STLB PREFETCH REQUESTED:          0 ISSUED:          0 USEFUL:          0 USELESS:          0
cpu1->cpu1_STLB AVERAGE MISS LATENCY: 287.8 cycles
cpu1->cpu1_L2C TOTAL        ACCESS:    5775642 HIT:    3894129 MISS:    1881513 MSHR_MERGE:          0
cpu1->cpu1_L2C LOAD         ACCESS:     470404 HIT:         14 MISS:     470390 MSHR_MERGE:          0
cpu1->cpu1_L2C RFO          ACCESS:    2652578 HIT:    1241483 MISS:    1411095 MSHR_MERGE:          0
cpu1->cpu1_L2C PREFETCH     ACCESS:          0 HIT:          0 MISS:          0 MSHR_MERGE:          0
cpu1->cpu1_L2C WRITE        ACCESS:    2652632 HIT:    2652632 MISS:          0 MSHR_MERGE:          0
cpu1->cpu1_L2C TRANSLATION  ACCESS:         28 HIT:          0 MISS:         28 MSHR_MERGE:          0
cpu1->cpu1_L2C PREFETCH REQUESTED:          0 ISSUED:          0 USEFUL:          0 USELESS:          0
cpu1->cpu1_L2C AVERAGE MISS LATENCY: 939.8 cycles
cpu1->cpu1_L1I TOTAL        ACCESS:    9071699 HIT:    9071699 MISS:          0 MSHR_MERGE:          0
cpu1->cpu1_L1I LOAD         ACCESS:    9071699 HIT:    9071699 MISS:          0 MSHR_MERGE:          0
cpu1->cpu1_L1I RFO          ACCESS:          0 HIT:          0 MISS:          0 MSHR_MERGE:          0
cpu1->cpu1_L1I PREFETCH     ACCESS:          0 HIT:          0 MISS:          0 MSHR_MERGE:          0
cpu1->cpu1_L1I WRITE        ACCESS:          0 HIT:          0 MISS:          0 MSHR_MERGE:          0
cpu1->cpu1_L1I TRANSLATION  ACCESS:          0 HIT:          0 MISS:          0 MSHR_MERGE:          0
cpu1->cpu1_L1I PREFETCH REQUESTED:          0 ISSUED:          0 USEFUL:          0 USELESS:          0
cpu1->cpu1_L1I AVERAGE MISS LATENCY: - cycles
cpu1->cpu1_L1D TOTAL        ACCESS:   11645492 HIT:    7773469 MISS:    3872023 MSHR_MERGE:     748955
cpu1->cpu1_L1D LOAD         ACCESS:    3108429 HIT:    1992811 MISS:    1115618 MSHR_MERGE:     645214
cpu1->cpu1_L1D RFO          ACCESS:          0 HIT:          0 MISS:          0 MSHR_MERGE:          0
cpu1->cpu1_L1D PREFETCH     ACCESS:          0 HIT:          0 MISS:          0 MSHR_MERGE:          0
cpu1->cpu1_L1D WRITE        ACCESS:    8537035 HIT:    5780658 MISS:    2756377 MSHR_MERGE:     103741
cpu1->cpu1_L1D TRANSLATION  ACCESS:         28 HIT:          0 MISS:         28 MSHR_MERGE:          0
cpu1->cpu1_L1D PREFETCH REQUESTED:          0 ISSUED:          0 USEFUL:          0 USELESS:          0
cpu1->cpu1_L1D AVERAGE MISS LATENCY: 575.5 cycles
cpu1->cpu1_ITLB TOTAL        ACCESS:    6847842 HIT:    6847842 MISS:          0 MSHR_MERGE:          0
cpu1->cpu1_ITLB LOAD         ACCESS:    6847842 HIT:    6847842 MISS:          0 MSHR_MERGE:          0
cpu1->cpu1_ITLB RFO          ACCESS:          0 HIT:          0 MISS:          0 MSHR_MERGE:          0
cpu1->cpu1_ITLB PREFETCH     ACCESS:          0 HIT:          0 MISS:          0 MSHR_MERGE:          0
cpu1->cpu1_ITLB WRITE        ACCESS:          0 HIT:          0 MISS:          0 MSHR_MERGE:          0
cpu1->cpu1_ITLB TRANSLATION  ACCESS:          0 HIT:          0 MISS:          0 MSHR_MERGE:          0
cpu1->cpu1_ITLB PREFETCH REQUESTED:          0 ISSUED:          0 USEFUL:          0 USELESS:          0
cpu1->cpu1_ITLB AVERAGE MISS LATENCY: - cycles
cpu1->cpu1_DTLB TOTAL        ACCESS:   10867523 HIT:   10867426 MISS:         97 MSHR_MERGE:         69
cpu1->cpu1_DTLB LOAD         ACCESS:   10867523 HIT:   10867426 MISS:         97 MSHR_MERGE:         69
cpu1->cpu1_DTLB RFO          ACCESS:          0 HIT:          0 MISS:          0 MSHR_MERGE:          0
cpu1->cpu1_DTLB PREFETCH     ACCESS:          0 HIT:          0 MISS:          0 MSHR_MERGE:          0
cpu1->cpu1_DTLB WRITE        ACCESS:          0 HIT:          0 MISS:          0 MSHR_MERGE:          0
cpu1->cpu1_DTLB TRANSLATION  ACCESS:          0 HIT:          0 MISS:          0 MSHR_MERGE:          0
cpu1->cpu1_DTLB PREFETCH REQUESTED:          0 ISSUED:          0 USEFUL:          0 USELESS:          0
cpu1->cpu1_DTLB AVERAGE MISS LATENCY: 293.8 cycles
cpu0->cpu0_STLB TOTAL        ACCESS:         29 HIT:          0 MISS:         29 MSHR_MERGE:          0
cpu0->cpu0_STLB LOAD         ACCESS:         29 HIT:          0 MISS:         29 MSHR_MERGE:          0
cpu0->cpu0_STLB RFO          ACCESS:          0 HIT:          0 MISS:          0 MSHR_MERGE:          0
cpu0->cpu0_STLB PREFETCH     ACCESS:          0 HIT:          0 MISS:          0 MSHR_MERGE:          0
cpu0->cpu0_STLB WRITE        ACCESS:          0 HIT:          0 MISS:          0 MSHR_MERGE:          0
cpu0->cpu0_STLB TRANSLATION  ACCESS:          0 HIT:          0 MISS:          0 MSHR_MERGE:          0
cpu0->cpu0_STLB PREFETCH REQUESTED:          0 ISSUED:          0 USEFUL:          0 USELESS:          0
cpu0->cpu0_STLB AVERAGE MISS LATENCY: 554.8 cycles
cpu0->cpu0_L2C TOTAL        ACCESS:    5802970 HIT:    3912565 MISS:    1890405 MSHR_MERGE:          0
cpu0->cpu0_L2C LOAD         ACCESS:     472624 HIT:         12 MISS:     472612 MSHR_MERGE:          0
cpu0->cpu0_L2C RFO          ACCESS:    2665133 HIT:    1247369 MISS:    1417764 MSHR_MERGE:          0
cpu0->cpu0_L2C PREFETCH     ACCESS:          0 HIT:          0 MISS:          0 MSHR_MERGE:          0
cpu0->cpu0_L2C WRITE        ACCESS:    2665184 HIT:    2665184 MISS:          0 MSHR_MERGE:          0
cpu0->cpu0_L2C TRANSLATION  ACCESS:         29 HIT:          0 MISS:         29 MSHR_MERGE:          0
cpu0->cpu0_L2C PREFETCH REQUESTED:          0 ISSUED:          0 USEFUL:          0 USELESS:          0
cpu0->cpu0_L2C AVERAGE MISS LATENCY: 933.2 cycles
cpu0->cpu0_L1I TOTAL        ACCESS:    9112271 HIT:    9112271 MISS:          0 MSHR_MERGE:          0
cpu0->cpu0_L1I LOAD         ACCESS:    9112271 HIT:    9112271 MISS:          0 MSHR_MERGE:          0
cpu0->cpu0_L1I RFO          ACCESS:          0 HIT:          0 MISS:          0 MSHR_MERGE:          0
cpu0->cpu0_L1I PREFETCH     ACCESS:          0 HIT:          0 MISS:          0 MSHR_MERGE:          0
cpu0->cpu0_L1I WRITE        ACCESS:          0 HIT:          0 MISS:          0 MSHR_MERGE:          0
cpu0->cpu0_L1I TRANSLATION  ACCESS:          0 HIT:          0 MISS:          0 MSHR_MERGE:          0
cpu0->cpu0_L1I PREFETCH REQUESTED:          0 ISSUED:          0 USEFUL:          0 USELESS:          0
cpu0->cpu0_L1I AVERAGE MISS LATENCY: - cycles
cpu0->cpu0_L1D TOTAL        ACCESS:   11696738 HIT:    7801996 MISS:    3894742 MSHR_MERGE:     756906
cpu0->cpu0_L1D LOAD         ACCESS:    3121554 HIT:    1996331 MISS:    1125223 MSHR_MERGE:     652599
cpu0->cpu0_L1D RFO          ACCESS:          0 HIT:          0 MISS:          0 MSHR_MERGE:          0
cpu0->cpu0_L1D PREFETCH     ACCESS:          0 HIT:          0 MISS:          0 MSHR_MERGE:          0
cpu0->cpu0_L1D WRITE        ACCESS:    8575155 HIT:    5805665 MISS:    2769490 MSHR_MERGE:     104307
cpu0->cpu0_L1D TRANSLATION  ACCESS:         29 HIT:          0 MISS:         29 MSHR_MERGE:          0
cpu0->cpu0_L1D PREFETCH REQUESTED:          0 ISSUED:          0 USEFUL:          0 USELESS:          0
cpu0->cpu0_L1D AVERAGE MISS LATENCY: 571.5 cycles
cpu0->cpu0_ITLB TOTAL        ACCESS:    6875482 HIT:    6875482 MISS:          0 MSHR_MERGE:          0
cpu0->cpu0_ITLB LOAD         ACCESS:    6875482 HIT:    6875482 MISS:          0 MSHR_MERGE:          0
cpu0->cpu0_ITLB RFO          ACCESS:          0 HIT:          0 MISS:          0 MSHR_MERGE:          0
cpu0->cpu0_ITLB PREFETCH     ACCESS:          0 HIT:          0 MISS:          0 MSHR_MERGE:          0
cpu0->cpu0_ITLB WRITE        ACCESS:          0 HIT:          0 MISS:          0 MSHR_MERGE:          0
cpu0->cpu0_ITLB TRANSLATION  ACCESS:          0 HIT:          0 MISS:          0 MSHR_MERGE:          0
cpu0->cpu0_ITLB PREFETCH REQUESTED:          0 ISSUED:          0 USEFUL:          0 USELESS:          0
cpu0->cpu0_ITLB AVERAGE MISS LATENCY: - cycles
cpu0->cpu0_DTLB TOTAL        ACCESS:   10926989 HIT:   10926881 MISS:        108 MSHR_MERGE:         79
cpu0->cpu0_DTLB LOAD         ACCESS:   10926989 HIT:   10926881 MISS:        108 MSHR_MERGE:         79
cpu0->cpu0_DTLB RFO          ACCESS:          0 HIT:          0 MISS:          0 MSHR_MERGE:          0
cpu0->cpu0_DTLB PREFETCH     ACCESS:          0 HIT:          0 MISS:          0 MSHR_MERGE:          0
cpu0->cpu0_DTLB WRITE        ACCESS:          0 HIT:          0 MISS:          0 MSHR_MERGE:          0
cpu0->cpu0_DTLB TRANSLATION  ACCESS:          0 HIT:          0 MISS:          0 MSHR_MERGE:          0
cpu0->cpu0_DTLB PREFETCH REQUESTED:          0 ISSUED:          0 USEFUL:          0 USELESS:          0
cpu0->cpu0_DTLB AVERAGE MISS LATENCY: 560.8 cycles
cpu0->LLC TOTAL        ACCESS:    3308178 HIT:    1415277 MISS:    1892901 MSHR_MERGE:          0
cpu0->LLC LOAD         ACCESS:     472613 HIT:          0 MISS:     472613 MSHR_MERGE:          0
cpu0->LLC RFO          ACCESS:    1417770 HIT:          0 MISS:    1417770 MSHR_MERGE:          0
cpu0->LLC PREFETCH     ACCESS:          0 HIT:          0 MISS:          0 MSHR_MERGE:          0
cpu0->LLC WRITE        ACCESS:    1417766 HIT:    1415254 MISS:       2512 MSHR_MERGE:          0
cpu0->LLC TRANSLATION  ACCESS:         29 HIT:         23 MISS:          6 MSHR_MERGE:          0
cpu0->LLC PREFETCH REQUESTED:          0 ISSUED:          0 USEFUL:          0 USELESS:          0
cpu0->LLC AVERAGE MISS LATENCY: 7360 cycles
cpu1->LLC TOTAL        ACCESS:    3292608 HIT:    1410708 MISS:    1881900 MSHR_MERGE:          0
cpu1->LLC LOAD         ACCESS:     470390 HIT:          0 MISS:     470390 MSHR_MERGE:          0
cpu1->LLC RFO          ACCESS:    1411100 HIT:          0 MISS:    1411100 MSHR_MERGE:          0
cpu1->LLC PREFETCH     ACCESS:          0 HIT:          0 MISS:          0 MSHR_MERGE:          0
cpu1->LLC WRITE        ACCESS:    1411090 HIT:    1410680 MISS:        410 MSHR_MERGE:          0
cpu1->LLC TRANSLATION  ACCESS:         28 HIT:         28 MISS:          0 MSHR_MERGE:          0
cpu1->LLC PREFETCH REQUESTED:          0 ISSUED:          0 USEFUL:          0 USELESS:          0
cpu1->LLC AVERAGE MISS LATENCY: 7403 cycles
cpu2->LLC TOTAL        ACCESS:    3331628 HIT:    1427099 MISS:    1904529 MSHR_MERGE:          0
cpu2->LLC LOAD         ACCESS:     475967 HIT:          3 MISS:     475964 MSHR_MERGE:          0
cpu2->LLC RFO          ACCESS:    1427820 HIT:          0 MISS:    1427820 MSHR_MERGE:          0
cpu2->LLC PREFETCH     ACCESS:          0 HIT:          0 MISS:          0 MSHR_MERGE:          0
cpu2->LLC WRITE        ACCESS:    1427812 HIT:    1427073 MISS:        739 MSHR_MERGE:          0
cpu2->LLC TRANSLATION  ACCESS:         29 HIT:         23 MISS:          6 MSHR_MERGE:          0
cpu2->LLC PREFETCH REQUESTED:          0 ISSUED:          0 USEFUL:          0 USELESS:          0
cpu2->LLC AVERAGE MISS LATENCY: 7315 cycles
cpu3->LLC TOTAL        ACCESS:    3325920 HIT:    1425205 MISS:    1900715 MSHR_MERGE:          0
cpu3->LLC LOAD         ACCESS:     475145 HIT:          3 MISS:     475142 MSHR_MERGE:          0
cpu3->LLC RFO          ACCESS:    1425378 HIT:          0 MISS:    1425378 MSHR_MERGE:          0
cpu3->LLC PREFETCH     ACCESS:          0 HIT:          0 MISS:          0 MSHR_MERGE:          0
cpu3->LLC WRITE        ACCESS:    1425368 HIT:    1425175 MISS:        193 MSHR_MERGE:          0
cpu3->LLC TRANSLATION  ACCESS:         29 HIT:         27 MISS:          2 MSHR_MERGE:          0
cpu3->LLC PREFETCH REQUESTED:          0 ISSUED:          0 USEFUL:          0 USELESS:          0
cpu3->LLC AVERAGE MISS LATENCY: 7329 cycles
cpu4->LLC TOTAL        ACCESS:    3322622 HIT:    1423242 MISS:    1899380 MSHR_MERGE:          0
cpu4->LLC LOAD         ACCESS:     474676 HIT:          2 MISS:     474674 MSHR_MERGE:          0
cpu4->LLC RFO          ACCESS:    1423961 HIT:          0 MISS:    1423961 MSHR_MERGE:          0
cpu4->LLC PREFETCH     ACCESS:          0 HIT:          0 MISS:          0 MSHR_MERGE:          0
cpu4->LLC WRITE        ACCESS:    1423956 HIT:    1423214 MISS:        742 MSHR_MERGE:          0
cpu4->LLC TRANSLATION  ACCESS:         29 HIT:         26 MISS:          3 MSHR_MERGE:          0
cpu4->LLC PREFETCH REQUESTED:          0 ISSUED:          0 USEFUL:          0 USELESS:          0
cpu4->LLC AVERAGE MISS LATENCY: 7335 cycles
cpu5->LLC TOTAL        ACCESS:    3286211 HIT:    1407791 MISS:    1878420 MSHR_MERGE:          0
cpu5->LLC LOAD         ACCESS:     469476 HIT:          0 MISS:     469476 MSHR_MERGE:          0
cpu5->LLC RFO          ACCESS:    1408353 HIT:          1 MISS:    1408352 MSHR_MERGE:          0
cpu5->LLC PREFETCH     ACCESS:          0 HIT:          0 MISS:          0 MSHR_MERGE:          0
cpu5->LLC WRITE        ACCESS:    1408354 HIT:    1407762 MISS:        592 MSHR_MERGE:          0
cpu5->LLC TRANSLATION  ACCESS:         28 HIT:         28 MISS:          0 MSHR_MERGE:          0
cpu5->LLC PREFETCH REQUESTED:          0 ISSUED:          0 USEFUL:          0 USELESS:          0
cpu5->LLC AVERAGE MISS LATENCY: 7416 cycles
cpu6->LLC TOTAL        ACCESS:    3302062 HIT:    1414329 MISS:    1887733 MSHR_MERGE:          0
cpu6->LLC LOAD         ACCESS:     471746 HIT:          0 MISS:     471746 MSHR_MERGE:          0
cpu6->LLC RFO          ACCESS:    1415146 HIT:          0 MISS:    1415146 MSHR_MERGE:          0
cpu6->LLC PREFETCH     ACCESS:          0 HIT:          0 MISS:          0 MSHR_MERGE:          0
cpu6->LLC WRITE        ACCESS:    1415141 HIT:    1414300 MISS:        841 MSHR_MERGE:          0
cpu6->LLC TRANSLATION  ACCESS:         29 HIT:         29 MISS:          0 MSHR_MERGE:          0
cpu6->LLC PREFETCH REQUESTED:          0 ISSUED:          0 USEFUL:          0 USELESS:          0
cpu6->LLC AVERAGE MISS LATENCY: 7380 cycles
cpu7->LLC TOTAL        ACCESS:    3294059 HIT:    1411361 MISS:    1882698 MSHR_MERGE:          0
cpu7->LLC LOAD         ACCESS:     470600 HIT:          0 MISS:     470600 MSHR_MERGE:          0
cpu7->LLC RFO          ACCESS:    1411719 HIT:          1 MISS:    1411718 MSHR_MERGE:          0
cpu7->LLC PREFETCH     ACCESS:          0 HIT:          0 MISS:          0 MSHR_MERGE:          0
cpu7->LLC WRITE        ACCESS:    1411711 HIT:    1411331 MISS:        380 MSHR_MERGE:          0
cpu7->LLC TRANSLATION  ACCESS:         29 HIT:         29 MISS:          0 MSHR_MERGE:          0
cpu7->LLC PREFETCH REQUESTED:          0 ISSUED:          0 USEFUL:          0 USELESS:          0
cpu7->LLC AVERAGE MISS LATENCY: 7400 cycles

Region of Interest Statistics

CPU 7 cumulative IPC: 0.2518 instructions: 50000000 cycles: 198575364
CPU 7 Branch Prediction Accuracy: 100% MPKI: 0 Average ROB Occupancy at Mispredict: -
Branch type MPKI
BRANCH_DIRECT_JUMP: 0
BRANCH_INDIRECT: 0
BRANCH_CONDITIONAL: 0
BRANCH_DIRECT_CALL: 0
BRANCH_INDIRECT_CALL: 0
BRANCH_RETURN: 0


CPU 6 cumulative IPC: 0.2523 instructions: 50000000 cycles: 198146402
CPU 6 Branch Prediction Accuracy: 100% MPKI: 0 Average ROB Occupancy at Mispredict: -
Branch type MPKI
BRANCH_DIRECT_JUMP: 0
BRANCH_INDIRECT: 0
BRANCH_CONDITIONAL: 0
BRANCH_DIRECT_CALL: 0
BRANCH_INDIRECT_CALL: 0
BRANCH_RETURN: 0


CPU 5 cumulative IPC: 0.2512 instructions: 50000001 cycles: 199059239
CPU 5 Branch Prediction Accuracy: 100% MPKI: 0 Average ROB Occupancy at Mispredict: -
Branch type MPKI
BRANCH_DIRECT_JUMP: 0
BRANCH_INDIRECT: 0
BRANCH_CONDITIONAL: 0
BRANCH_DIRECT_CALL: 0
BRANCH_INDIRECT_CALL: 0
BRANCH_RETURN: 0


CPU 4 cumulative IPC: 0.2538 instructions: 50000004 cycles: 197002847
CPU 4 Branch Prediction Accuracy: 100% MPKI: 0 Average ROB Occupancy at Mispredict: -
Branch type MPKI
BRANCH_DIRECT_JUMP: 0
BRANCH_INDIRECT: 0
BRANCH_CONDITIONAL: 0
BRANCH_DIRECT_CALL: 0
BRANCH_INDIRECT_CALL: 0
BRANCH_RETURN: 0


CPU 3 cumulative IPC: 0.2541 instructions: 50000004 cycles: 196751270
CPU 3 Branch Prediction Accuracy: 100% MPKI: 0 Average ROB Occupancy at Mispredict: -
Branch type MPKI
BRANCH_DIRECT_JUMP: 0
BRANCH_INDIRECT: 0
BRANCH_CONDITIONAL: 0
BRANCH_DIRECT_CALL: 0
BRANCH_INDIRECT_CALL: 0
BRANCH_RETURN: 0


CPU 2 cumulative IPC: 0.2544 instructions: 50000003 cycles: 196512283
CPU 2 Branch Prediction Accuracy: 100% MPKI: 0 Average ROB Occupancy at Mispredict: -
Branch type MPKI
BRANCH_DIRECT_JUMP: 0
BRANCH_INDIRECT: 0
BRANCH_CONDITIONAL: 0
BRANCH_DIRECT_CALL: 0
BRANCH_INDIRECT_CALL: 0
BRANCH_RETURN: 0


CPU 1 cumulative IPC: 0.2517 instructions: 50000003 cycles: 198665248
CPU 1 Branch Prediction Accuracy: 100% MPKI: 0 Average ROB Occupancy at Mispredict: -
Branch type MPKI
BRANCH_DIRECT_JUMP: 0
BRANCH_INDIRECT: 0
BRANCH_CONDITIONAL: 0
BRANCH_DIRECT_CALL: 0
BRANCH_INDIRECT_CALL: 0
BRANCH_RETURN: 0


CPU 0 cumulative IPC: 0.2529 instructions: 50000004 cycles: 197741297
CPU 0 Branch Prediction Accuracy: 100% MPKI: 0 Average ROB Occupancy at Mispredict: -
Branch type MPKI
BRANCH_DIRECT_JUMP: 0
BRANCH_INDIRECT: 0
BRANCH_CONDITIONAL: 0
BRANCH_DIRECT_CALL: 0
BRANCH_INDIRECT_CALL: 0
BRANCH_RETURN: 0

cpu7->cpu7_STLB TOTAL        ACCESS:         29 HIT:          0 MISS:         29 MSHR_MERGE:          0
cpu7->cpu7_STLB LOAD         ACCESS:         29 HIT:          0 MISS:         29 MSHR_MERGE:          0
cpu7->cpu7_STLB RFO          ACCESS:          0 HIT:          0 MISS:          0 MSHR_MERGE:          0
cpu7->cpu7_STLB PREFETCH     ACCESS:          0 HIT:          0 MISS:          0 MSHR_MERGE:          0
cpu7->cpu7_STLB WRITE        ACCESS:          0 HIT:          0 MISS:          0 MSHR_MERGE:          0
cpu7->cpu7_STLB TRANSLATION  ACCESS:          0 HIT:          0 MISS:          0 MSHR_MERGE:          0
cpu7->cpu7_STLB PREFETCH REQUESTED:          0 ISSUED:          0 USEFUL:          0 USELESS:          0
cpu7->cpu7_STLB AVERAGE MISS LATENCY: 264.9 cycles
cpu7->cpu7_L2C TOTAL        ACCESS:    5778160 HIT:    3895826 MISS:    1882334 MSHR_MERGE:          0
cpu7->cpu7_L2C LOAD         ACCESS:     470614 HIT:         14 MISS:     470600 MSHR_MERGE:          0
cpu7->cpu7_L2C RFO          ACCESS:    2653728 HIT:    1242023 MISS:    1411705 MSHR_MERGE:          0
cpu7->cpu7_L2C PREFETCH     ACCESS:          0 HIT:          0 MISS:          0 MSHR_MERGE:          0
cpu7->cpu7_L2C WRITE        ACCESS:    2653789 HIT:    2653789 MISS:          0 MSHR_MERGE:          0
cpu7->cpu7_L2C TRANSLATION  ACCESS:         29 HIT:          0 MISS:         29 MSHR_MERGE:          0
cpu7->cpu7_L2C PREFETCH REQUESTED:          0 ISSUED:          0 USEFUL:          0 USELESS:          0
cpu7->cpu7_L2C AVERAGE MISS LATENCY: 943 cycles
cpu7->cpu7_L1I TOTAL        ACCESS:    9075341 HIT:    9075341 MISS:          0 MSHR_MERGE:          0
cpu7->cpu7_L1I LOAD         ACCESS:    9075341 HIT:    9075341 MISS:          0 MSHR_MERGE:          0
cpu7->cpu7_L1I RFO          ACCESS:          0 HIT:          0 MISS:          0 MSHR_MERGE:          0
cpu7->cpu7_L1I PREFETCH     ACCESS:          0 HIT:          0 MISS:          0 MSHR_MERGE:          0
cpu7->cpu7_L1I WRITE        ACCESS:          0 HIT:          0 MISS:          0 MSHR_MERGE:          0
cpu7->cpu7_L1I TRANSLATION  ACCESS:          0 HIT:          0 MISS:          0 MSHR_MERGE:          0
cpu7->cpu7_L1I PREFETCH REQUESTED:          0 ISSUED:          0 USEFUL:          0 USELESS:          0
cpu7->cpu7_L1I AVERAGE MISS LATENCY: - cycles
cpu7->cpu7_L1D TOTAL        ACCESS:   11646720 HIT:    7774327 MISS:    3872393 MSHR_MERGE:     747969
cpu7->cpu7_L1D LOAD         ACCESS:    3106294 HIT:    1991870 MISS:    1114424 MSHR_MERGE:     643810
cpu7->cpu7_L1D RFO          ACCESS:          0 HIT:          0 MISS:          0 MSHR_MERGE:          0
cpu7->cpu7_L1D PREFETCH     ACCESS:          0 HIT:          0 MISS:          0 MSHR_MERGE:          0
cpu7->cpu7_L1D WRITE        ACCESS:    8540397 HIT:    5782457 MISS:    2757940 MSHR_MERGE:     104159
cpu7->cpu7_L1D TRANSLATION  ACCESS:         29 HIT:          0 MISS:         29 MSHR_MERGE:          0
cpu7->cpu7_L1D PREFETCH REQUESTED:          0 ISSUED:          0 USEFUL:          0 USELESS:          0
cpu7->cpu7_L1D AVERAGE MISS LATENCY: 577.4 cycles
cpu7->cpu7_ITLB TOTAL        ACCESS:    6843277 HIT:    6843277 MISS:          0 MSHR_MERGE:          0
cpu7->cpu7_ITLB LOAD         ACCESS:    6843277 HIT:    6843277 MISS:          0 MSHR_MERGE:          0
cpu7->cpu7_ITLB RFO          ACCESS:          0 HIT:          0 MISS:          0 MSHR_MERGE:          0
cpu7->cpu7_ITLB PREFETCH     ACCESS:          0 HIT:          0 MISS:          0 MSHR_MERGE:          0
cpu7->cpu7_ITLB WRITE        ACCESS:          0 HIT:          0 MISS:          0 MSHR_MERGE:          0
cpu7->cpu7_ITLB TRANSLATION  ACCESS:          0 HIT:          0 MISS:          0 MSHR_MERGE:          0
cpu7->cpu7_ITLB PREFETCH REQUESTED:          0 ISSUED:          0 USEFUL:          0 USELESS:          0
cpu7->cpu7_ITLB AVERAGE MISS LATENCY: - cycles
cpu7->cpu7_DTLB TOTAL        ACCESS:   10871912 HIT:   10871812 MISS:        100 MSHR_MERGE:         71
cpu7->cpu7_DTLB LOAD         ACCESS:   10871912 HIT:   10871812 MISS:        100 MSHR_MERGE:         71
cpu7->cpu7_DTLB RFO          ACCESS:          0 HIT:          0 MISS:          0 MSHR_MERGE:          0
cpu7->cpu7_DTLB PREFETCH     ACCESS:          0 HIT:          0 MISS:          0 MSHR_MERGE:          0
cpu7->cpu7_DTLB WRITE        ACCESS:          0 HIT:          0 MISS:          0 MSHR_MERGE:          0
cpu7->cpu7_DTLB TRANSLATION  ACCESS:          0 HIT:          0 MISS:          0 MSHR_MERGE:          0
cpu7->cpu7_DTLB PREFETCH REQUESTED:          0 ISSUED:          0 USEFUL:          0 USELESS:          0
cpu7->cpu7_DTLB AVERAGE MISS LATENCY: 270.9 cycles
cpu6->cpu6_STLB TOTAL        ACCESS:         29 HIT:          0 MISS:         29 MSHR_MERGE:          0
cpu6->cpu6_STLB LOAD         ACCESS:         29 HIT:          0 MISS:         29 MSHR_MERGE:          0
cpu6->cpu6_STLB RFO          ACCESS:          0 HIT:          0 MISS:          0 MSHR_MERGE:          0
cpu6->cpu6_STLB PREFETCH     ACCESS:          0 HIT:          0 MISS:          0 MSHR_MERGE:          0
cpu6->cpu6_STLB WRITE        ACCESS:          0 HIT:          0 MISS:          0 MSHR_MERGE:          0
cpu6->cpu6_STLB TRANSLATION  ACCESS:          0 HIT:          0 MISS:          0 MSHR_MERGE:          0
cpu6->cpu6_STLB PREFETCH REQUESTED:          0 ISSUED:          0 USEFUL:          0 USELESS:          0
cpu6->cpu6_STLB AVERAGE MISS LATENCY: 304.9 cycles
cpu6->cpu6_L2C TOTAL        ACCESS:    5792270 HIT:    3905359 MISS:    1886911 MSHR_MERGE:          0
cpu6->cpu6_L2C LOAD         ACCESS:     471761 HIT:         18 MISS:     471743 MSHR_MERGE:          0
cpu6->cpu6_L2C RFO          ACCESS:    2660209 HIT:    1245070 MISS:    1415139 MSHR_MERGE:          0
cpu6->cpu6_L2C PREFETCH     ACCESS:          0 HIT:          0 MISS:          0 MSHR_MERGE:          0
cpu6->cpu6_L2C WRITE        ACCESS:    2660271 HIT:    2660271 MISS:          0 MSHR_MERGE:          0
cpu6->cpu6_L2C TRANSLATION  ACCESS:         29 HIT:          0 MISS:         29 MSHR_MERGE:          0
cpu6->cpu6_L2C PREFETCH REQUESTED:          0 ISSUED:          0 USEFUL:          0 USELESS:          0
cpu6->cpu6_L2C AVERAGE MISS LATENCY: 938.9 cycles
cpu6->cpu6_L1I TOTAL        ACCESS:    9089559 HIT:    9089559 MISS:          0 MSHR_MERGE:          0
cpu6->cpu6_L1I LOAD         ACCESS:    9089559 HIT:    9089559 MISS:          0 MSHR_MERGE:          0
cpu6->cpu6_L1I RFO          ACCESS:          0 HIT:          0 MISS:          0 MSHR_MERGE:          0
cpu6->cpu6_L1I PREFETCH     ACCESS:          0 HIT:          0 MISS:          0 MSHR_MERGE:          0
cpu6->cpu6_L1I WRITE        ACCESS:          0 HIT:          0 MISS:          0 MSHR_MERGE:          0
cpu6->cpu6_L1I TRANSLATION  ACCESS:          0 HIT:          0 MISS:          0 MSHR_MERGE:          0
cpu6->cpu6_L1I PREFETCH REQUESTED:          0 ISSUED:          0 USEFUL:          0 USELESS:          0
cpu6->cpu6_L1I AVERAGE MISS LATENCY: - cycles
cpu6->cpu6_L1D TOTAL        ACCESS:   11674318 HIT:    7790874 MISS:    3883444 MSHR_MERGE:     751391
cpu6->cpu6_L1D LOAD         ACCESS:    3112786 HIT:    1994008 MISS:    1118778 MSHR_MERGE:     647017
cpu6->cpu6_L1D RFO          ACCESS:          0 HIT:          0 MISS:          0 MSHR_MERGE:          0
cpu6->cpu6_L1D PREFETCH     ACCESS:          0 HIT:          0 MISS:          0 MSHR_MERGE:          0
cpu6->cpu6_L1D WRITE        ACCESS:    8561503 HIT:    5796866 MISS:    2764637 MSHR_MERGE:     104374
cpu6->cpu6_L1D TRANSLATION  ACCESS:         29 HIT:          0 MISS:         29 MSHR_MERGE:          0
cpu6->cpu6_L1D PREFETCH REQUESTED:          0 ISSUED:          0 USEFUL:          0 USELESS:          0
cpu6->cpu6_L1D AVERAGE MISS LATENCY: 574.9 cycles
cpu6->cpu6_ITLB TOTAL        ACCESS:    6858247 HIT:    6858247 MISS:          0 MSHR_MERGE:          0
cpu6->cpu6_ITLB LOAD         ACCESS:    6858247 HIT:    6858247 MISS:          0 MSHR_MERGE:          0
cpu6->cpu6_ITLB RFO          ACCESS:          0 HIT:          0 MISS:          0 MSHR_MERGE:          0
cpu6->cpu6_ITLB PREFETCH     ACCESS:          0 HIT:          0 MISS:          0 MSHR_MERGE:          0
cpu6->cpu6_ITLB WRITE        ACCESS:          0 HIT:          0 MISS:          0 MSHR_MERGE:          0
cpu6->cpu6_ITLB TRANSLATION  ACCESS:          0 HIT:          0 MISS:          0 MSHR_MERGE:          0
cpu6->cpu6_ITLB PREFETCH REQUESTED:          0 ISSUED:          0 USEFUL:          0 USELESS:          0
cpu6->cpu6_ITLB AVERAGE MISS LATENCY: - cycles
cpu6->cpu6_DTLB TOTAL        ACCESS:   10906878 HIT:   10906757 MISS:        121 MSHR_MERGE:         92
cpu6->cpu6_DTLB LOAD         ACCESS:   10906878 HIT:   10906757 MISS:        121 MSHR_MERGE:         92
cpu6->cpu6_DTLB RFO          ACCESS:          0 HIT:          0 MISS:          0 MSHR_MERGE:          0
cpu6->cpu6_DTLB PREFETCH     ACCESS:          0 HIT:          0 MISS:          0 MSHR_MERGE:          0
cpu6->cpu6_DTLB WRITE        ACCESS:          0 HIT:          0 MISS:          0 MSHR_MERGE:          0
cpu6->cpu6_DTLB TRANSLATION  ACCESS:          0 HIT:          0 MISS:          0 MSHR_MERGE:          0
cpu6->cpu6_DTLB PREFETCH REQUESTED:          0 ISSUED:          0 USEFUL:          0 USELESS:          0
cpu6->cpu6_DTLB AVERAGE MISS LATENCY: 310.9 cycles
cpu5->cpu5_STLB TOTAL        ACCESS:         28 HIT:          0 MISS:         28 MSHR_MERGE:          0
cpu5->cpu5_STLB LOAD         ACCESS:         28 HIT:          0 MISS:         28 MSHR_MERGE:          0
cpu5->cpu5_STLB RFO          ACCESS:          0 HIT:          0 MISS:          0 MSHR_MERGE:          0
cpu5->cpu5_STLB PREFETCH     ACCESS:          0 HIT:          0 MISS:          0 MSHR_MERGE:          0
cpu5->cpu5_STLB WRITE        ACCESS:          0 HIT:          0 MISS:          0 MSHR_MERGE:          0
cpu5->cpu5_STLB TRANSLATION  ACCESS:          0 HIT:          0 MISS:          0 MSHR_MERGE:          0
cpu5->cpu5_STLB PREFETCH REQUESTED:          0 ISSUED:          0 USEFUL:          0 USELESS:          0
cpu5->cpu5_STLB AVERAGE MISS LATENCY: 290.6 cycles
cpu5->cpu5_L2C TOTAL        ACCESS:    5764471 HIT:    3886622 MISS:    1877849 MSHR_MERGE:          0
cpu5->cpu5_L2C LOAD         ACCESS:     469482 HIT:         11 MISS:     469471 MSHR_MERGE:          0
cpu5->cpu5_L2C RFO          ACCESS:    2647452 HIT:    1239102 MISS:    1408350 MSHR_MERGE:          0
cpu5->cpu5_L2C PREFETCH     ACCESS:          0 HIT:          0 MISS:          0 MSHR_MERGE:          0
cpu5->cpu5_L2C WRITE        ACCESS:    2647509 HIT:    2647509 MISS:          0 MSHR_MERGE:          0
cpu5->cpu5_L2C TRANSLATION  ACCESS:         28 HIT:          0 MISS:         28 MSHR_MERGE:          0
cpu5->cpu5_L2C PREFETCH REQUESTED:          0 ISSUED:          0 USEFUL:          0 USELESS:          0
cpu5->cpu5_L2C AVERAGE MISS LATENCY: 946.4 cycles
cpu5->cpu5_L1I TOTAL        ACCESS:    9053302 HIT:    9053302 MISS:          0 MSHR_MERGE:          0
cpu5->cpu5_L1I LOAD         ACCESS:    9053302 HIT:    9053302 MISS:          0 MSHR_MERGE:          0
cpu5->cpu5_L1I RFO          ACCESS:          0 HIT:          0 MISS:          0 MSHR_MERGE:          0
cpu5->cpu5_L1I PREFETCH     ACCESS:          0 HIT:          0 MISS:          0 MSHR_MERGE:          0
cpu5->cpu5_L1I WRITE        ACCESS:          0 HIT:          0 MISS:          0 MSHR_MERGE:          0
cpu5->cpu5_L1I TRANSLATION  ACCESS:          0 HIT:          0 MISS:          0 MSHR_MERGE:          0
cpu5->cpu5_L1I PREFETCH REQUESTED:          0 ISSUED:          0 USEFUL:          0 USELESS:          0
cpu5->cpu5_L1I AVERAGE MISS LATENCY: - cycles
cpu5->cpu5_L1D TOTAL        ACCESS:   11622349 HIT:    7759111 MISS:    3863238 MSHR_MERGE:     746224
cpu5->cpu5_L1D LOAD         ACCESS:    3103685 HIT:    1992112 MISS:    1111573 MSHR_MERGE:     642091
cpu5->cpu5_L1D RFO          ACCESS:          0 HIT:          0 MISS:          0 MSHR_MERGE:          0
cpu5->cpu5_L1D PREFETCH     ACCESS:          0 HIT:          0 MISS:          0 MSHR_MERGE:          0
cpu5->cpu5_L1D WRITE        ACCESS:    8518636 HIT:    5766999 MISS:    2751637 MSHR_MERGE:     104133
cpu5->cpu5_L1D TRANSLATION  ACCESS:         28 HIT:          0 MISS:         28 MSHR_MERGE:          0
cpu5->cpu5_L1D PREFETCH REQUESTED:          0 ISSUED:          0 USEFUL:          0 USELESS:          0
cpu5->cpu5_L1D AVERAGE MISS LATENCY: 579.4 cycles
cpu5->cpu5_ITLB TOTAL        ACCESS:    6833227 HIT:    6833227 MISS:          0 MSHR_MERGE:          0
cpu5->cpu5_ITLB LOAD         ACCESS:    6833227 HIT:    6833227 MISS:          0 MSHR_MERGE:          0
cpu5->cpu5_ITLB RFO          ACCESS:          0 HIT:          0 MISS:          0 MSHR_MERGE:          0
cpu5->cpu5_ITLB PREFETCH     ACCESS:          0 HIT:          0 MISS:          0 MSHR_MERGE:          0
cpu5->cpu5_ITLB WRITE        ACCESS:          0 HIT:          0 MISS:          0 MSHR_MERGE:          0
cpu5->cpu5_ITLB TRANSLATION  ACCESS:          0 HIT:          0 MISS:          0 MSHR_MERGE:          0
cpu5->cpu5_ITLB PREFETCH REQUESTED:          0 ISSUED:          0 USEFUL:          0 USELESS:          0
cpu5->cpu5_ITLB AVERAGE MISS LATENCY: - cycles
cpu5->cpu5_DTLB TOTAL        ACCESS:   10840894 HIT:   10840804 MISS:         90 MSHR_MERGE:         62
cpu5->cpu5_DTLB LOAD         ACCESS:   10840894 HIT:   10840804 MISS:         90 MSHR_MERGE:         62
cpu5->cpu5_DTLB RFO          ACCESS:          0 HIT:          0 MISS:          0 MSHR_MERGE:          0
cpu5->cpu5_DTLB PREFETCH     ACCESS:          0 HIT:          0 MISS:          0 MSHR_MERGE:          0
cpu5->cpu5_DTLB WRITE        ACCESS:          0 HIT:          0 MISS:          0 MSHR_MERGE:          0
cpu5->cpu5_DTLB TRANSLATION  ACCESS:          0 HIT:          0 MISS:          0 MSHR_MERGE:          0
cpu5->cpu5_DTLB PREFETCH REQUESTED:          0 ISSUED:          0 USEFUL:          0 USELESS:          0
cpu5->cpu5_DTLB AVERAGE MISS LATENCY: 296.6 cycles
cpu4->cpu4_STLB TOTAL        ACCESS:         29 HIT:          0 MISS:         29 MSHR_MERGE:          0
cpu4->cpu4_STLB LOAD         ACCESS:         29 HIT:          0 MISS:         29 MSHR_MERGE:          0
cpu4->cpu4_STLB RFO          ACCESS:          0 HIT:          0 MISS:          0 MSHR_MERGE:          0
cpu4->cpu4_STLB PREFETCH     ACCESS:          0 HIT:          0 MISS:          0 MSHR_MERGE:          0
cpu4->cpu4_STLB WRITE        ACCESS:          0 HIT:          0 MISS:          0 MSHR_MERGE:          0
cpu4->cpu4_STLB TRANSLATION  ACCESS:          0 HIT:          0 MISS:          0 MSHR_MERGE:          0
cpu4->cpu4_STLB PREFETCH REQUESTED:          0 ISSUED:          0 USEFUL:          0 USELESS:          0
cpu4->cpu4_STLB AVERAGE MISS LATENCY: 386.9 cycles
cpu4->cpu4_L2C TOTAL        ACCESS:    5828295 HIT:    3929644 MISS:    1898651 MSHR_MERGE:          0
cpu4->cpu4_L2C LOAD         ACCESS:     474689 HIT:         13 MISS:     474676 MSHR_MERGE:          0
cpu4->cpu4_L2C RFO          ACCESS:    2676759 HIT:    1252813 MISS:    1423946 MSHR_MERGE:          0
cpu4->cpu4_L2C PREFETCH     ACCESS:          0 HIT:          0 MISS:          0 MSHR_MERGE:          0
cpu4->cpu4_L2C WRITE        ACCESS:    2676818 HIT:    2676818 MISS:          0 MSHR_MERGE:          0
cpu4->cpu4_L2C TRANSLATION  ACCESS:         29 HIT:          0 MISS:         29 MSHR_MERGE:          0
cpu4->cpu4_L2C PREFETCH REQUESTED:          0 ISSUED:          0 USEFUL:          0 USELESS:          0
cpu4->cpu4_L2C AVERAGE MISS LATENCY: 932.2 cycles
cpu4->cpu4_L1I TOTAL        ACCESS:    9149509 HIT:    9149509 MISS:          0 MSHR_MERGE:          0
cpu4->cpu4_L1I LOAD         ACCESS:    9149509 HIT:    9149509 MISS:          0 MSHR_MERGE:          0
cpu4->cpu4_L1I RFO          ACCESS:          0 HIT:          0 MISS:          0 MSHR_MERGE:          0
cpu4->cpu4_L1I PREFETCH     ACCESS:          0 HIT:          0 MISS:          0 MSHR_MERGE:          0
cpu4->cpu4_L1I WRITE        ACCESS:          0 HIT:          0 MISS:          0 MSHR_MERGE:          0
cpu4->cpu4_L1I TRANSLATION  ACCESS:          0 HIT:          0 MISS:          0 MSHR_MERGE:          0
cpu4->cpu4_L1I PREFETCH REQUESTED:          0 ISSUED:          0 USEFUL:          0 USELESS:          0
cpu4->cpu4_L1I AVERAGE MISS LATENCY: - cycles
cpu4->cpu4_L1D TOTAL        ACCESS:   11750353 HIT:    7842174 MISS:    3908179 MSHR_MERGE:     756657
cpu4->cpu4_L1D LOAD         ACCESS:    3139072 HIT:    2013544 MISS:    1125528 MSHR_MERGE:     650839
cpu4->cpu4_L1D RFO          ACCESS:          0 HIT:          0 MISS:          0 MSHR_MERGE:          0
cpu4->cpu4_L1D PREFETCH     ACCESS:          0 HIT:          0 MISS:          0 MSHR_MERGE:          0
cpu4->cpu4_L1D WRITE        ACCESS:    8611252 HIT:    5828630 MISS:    2782622 MSHR_MERGE:     105818
cpu4->cpu4_L1D TRANSLATION  ACCESS:         29 HIT:          0 MISS:         29 MSHR_MERGE:          0
cpu4->cpu4_L1D PREFETCH REQUESTED:          0 ISSUED:          0 USEFUL:          0 USELESS:          0
cpu4->cpu4_L1D AVERAGE MISS LATENCY: 570.9 cycles
cpu4->cpu4_ITLB TOTAL        ACCESS:    6904506 HIT:    6904506 MISS:          0 MSHR_MERGE:          0
cpu4->cpu4_ITLB LOAD         ACCESS:    6904506 HIT:    6904506 MISS:          0 MSHR_MERGE:          0
cpu4->cpu4_ITLB RFO          ACCESS:          0 HIT:          0 MISS:          0 MSHR_MERGE:          0
cpu4->cpu4_ITLB PREFETCH     ACCESS:          0 HIT:          0 MISS:          0 MSHR_MERGE:          0
cpu4->cpu4_ITLB WRITE        ACCESS:          0 HIT:          0 MISS:          0 MSHR_MERGE:          0
cpu4->cpu4_ITLB TRANSLATION  ACCESS:          0 HIT:          0 MISS:          0 MSHR_MERGE:          0
cpu4->cpu4_ITLB PREFETCH REQUESTED:          0 ISSUED:          0 USEFUL:          0 USELESS:          0
cpu4->cpu4_ITLB AVERAGE MISS LATENCY: - cycles
cpu4->cpu4_DTLB TOTAL        ACCESS:   10958838 HIT:   10958735 MISS:        103 MSHR_MERGE:         74
cpu4->cpu4_DTLB LOAD         ACCESS:   10958838 HIT:   10958735 MISS:        103 MSHR_MERGE:         74
cpu4->cpu4_DTLB RFO          ACCESS:          0 HIT:          0 MISS:          0 MSHR_MERGE:          0
cpu4->cpu4_DTLB PREFETCH     ACCESS:          0 HIT:          0 MISS:          0 MSHR_MERGE:          0
cpu4->cpu4_DTLB WRITE        ACCESS:          0 HIT:          0 MISS:          0 MSHR_MERGE:          0
cpu4->cpu4_DTLB TRANSLATION  ACCESS:          0 HIT:          0 MISS:          0 MSHR_MERGE:          0
cpu4->cpu4_DTLB PREFETCH REQUESTED:          0 ISSUED:          0 USEFUL:          0 USELESS:          0
cpu4->cpu4_DTLB AVERAGE MISS LATENCY: 392.9 cycles
cpu3->cpu3_STLB TOTAL        ACCESS:         29 HIT:          0 MISS:         29 MSHR_MERGE:          0
cpu3->cpu3_STLB LOAD         ACCESS:         29 HIT:          0 MISS:         29 MSHR_MERGE:          0
cpu3->cpu3_STLB RFO          ACCESS:          0 HIT:          0 MISS:          0 MSHR_MERGE:          0
cpu3->cpu3_STLB PREFETCH     ACCESS:          0 HIT:          0 MISS:          0 MSHR_MERGE:          0
cpu3->cpu3_STLB WRITE        ACCESS:          0 HIT:          0 MISS:          0 MSHR_MERGE:          0
cpu3->cpu3_STLB TRANSLATION  ACCESS:          0 HIT:          0 MISS:          0 MSHR_MERGE:          0
cpu3->cpu3_STLB PREFETCH REQUESTED:          0 ISSUED:          0 USEFUL:          0 USELESS:          0
cpu3->cpu3_STLB AVERAGE MISS LATENCY: 395.4 cycles
cpu3->cpu3_L2C TOTAL        ACCESS:    5834089 HIT:    3933552 MISS:    1900537 MSHR_MERGE:          0
cpu3->cpu3_L2C LOAD         ACCESS:     475157 HIT:         13 MISS:     475144 MSHR_MERGE:          0
cpu3->cpu3_L2C RFO          ACCESS:    2679429 HIT:    1254065 MISS:    1425364 MSHR_MERGE:          0
cpu3->cpu3_L2C PREFETCH     ACCESS:          0 HIT:          0 MISS:          0 MSHR_MERGE:          0
cpu3->cpu3_L2C WRITE        ACCESS:    2679474 HIT:    2679474 MISS:          0 MSHR_MERGE:          0
cpu3->cpu3_L2C TRANSLATION  ACCESS:         29 HIT:          0 MISS:         29 MSHR_MERGE:          0
cpu3->cpu3_L2C PREFETCH REQUESTED:          0 ISSUED:          0 USEFUL:          0 USELESS:          0
cpu3->cpu3_L2C AVERAGE MISS LATENCY: 929.4 cycles
cpu3->cpu3_L1I TOTAL        ACCESS:    9160686 HIT:    9160686 MISS:          0 MSHR_MERGE:          0
cpu3->cpu3_L1I LOAD         ACCESS:    9160686 HIT:    9160686 MISS:          0 MSHR_MERGE:          0
cpu3->cpu3_L1I RFO          ACCESS:          0 HIT:          0 MISS:          0 MSHR_MERGE:          0
cpu3->cpu3_L1I PREFETCH     ACCESS:          0 HIT:          0 MISS:          0 MSHR_MERGE:          0
cpu3->cpu3_L1I WRITE        ACCESS:          0 HIT:          0 MISS:          0 MSHR_MERGE:          0
cpu3->cpu3_L1I TRANSLATION  ACCESS:          0 HIT:          0 MISS:          0 MSHR_MERGE:          0
cpu3->cpu3_L1I PREFETCH REQUESTED:          0 ISSUED:          0 USEFUL:          0 USELESS:          0
cpu3->cpu3_L1I AVERAGE MISS LATENCY: - cycles
cpu3->cpu3_L1D TOTAL        ACCESS:   11755983 HIT:    7842513 MISS:    3913470 MSHR_MERGE:     758818
cpu3->cpu3_L1D LOAD         ACCESS:    3135445 HIT:    2006425 MISS:    1129020 MSHR_MERGE:     653863
cpu3->cpu3_L1D RFO          ACCESS:          0 HIT:          0 MISS:          0 MSHR_MERGE:          0
cpu3->cpu3_L1D PREFETCH     ACCESS:          0 HIT:          0 MISS:          0 MSHR_MERGE:          0
cpu3->cpu3_L1D WRITE        ACCESS:    8620509 HIT:    5836088 MISS:    2784421 MSHR_MERGE:     104955
cpu3->cpu3_L1D TRANSLATION  ACCESS:         29 HIT:          0 MISS:         29 MSHR_MERGE:          0
cpu3->cpu3_L1D PREFETCH REQUESTED:          0 ISSUED:          0 USEFUL:          0 USELESS:          0
cpu3->cpu3_L1D AVERAGE MISS LATENCY: 569.2 cycles
cpu3->cpu3_ITLB TOTAL        ACCESS:    6913208 HIT:    6913208 MISS:          0 MSHR_MERGE:          0
cpu3->cpu3_ITLB LOAD         ACCESS:    6913208 HIT:    6913208 MISS:          0 MSHR_MERGE:          0
cpu3->cpu3_ITLB RFO          ACCESS:          0 HIT:          0 MISS:          0 MSHR_MERGE:          0
cpu3->cpu3_ITLB PREFETCH     ACCESS:          0 HIT:          0 MISS:          0 MSHR_MERGE:          0
cpu3->cpu3_ITLB WRITE        ACCESS:          0 HIT:          0 MISS:          0 MSHR_MERGE:          0
cpu3->cpu3_ITLB TRANSLATION  ACCESS:          0 HIT:          0 MISS:          0 MSHR_MERGE:          0
cpu3->cpu3_ITLB PREFETCH REQUESTED:          0 ISSUED:          0 USEFUL:          0 USELESS:          0
cpu3->cpu3_ITLB AVERAGE MISS LATENCY: - cycles
cpu3->cpu3_DTLB TOTAL        ACCESS:   10983690 HIT:   10983579 MISS:        111 MSHR_MERGE:         82
cpu3->cpu3_DTLB LOAD         ACCESS:   10983690 HIT:   10983579 MISS:        111 MSHR_MERGE:         82
cpu3->cpu3_DTLB RFO          ACCESS:          0 HIT:          0 MISS:          0 MSHR_MERGE:          0
cpu3->cpu3_DTLB PREFETCH     ACCESS:          0 HIT:          0 MISS:          0 MSHR_MERGE:          0
cpu3->cpu3_DTLB WRITE        ACCESS:          0 HIT:          0 MISS:          0 MSHR_MERGE:          0
cpu3->cpu3_DTLB TRANSLATION  ACCESS:          0 HIT:          0 MISS:          0 MSHR_MERGE:          0
cpu3->cpu3_DTLB PREFETCH REQUESTED:          0 ISSUED:          0 USEFUL:          0 USELESS:          0
cpu3->cpu3_DTLB AVERAGE MISS LATENCY: 401.4 cycles
cpu2->cpu2_STLB TOTAL        ACCESS:         29 HIT:          0 MISS:         29 MSHR_MERGE:          0
cpu2->cpu2_STLB LOAD         ACCESS:         29 HIT:          0 MISS:         29 MSHR_MERGE:          0
cpu2->cpu2_STLB RFO          ACCESS:          0 HIT:          0 MISS:          0 MSHR_MERGE:          0
cpu2->cpu2_STLB PREFETCH     ACCESS:          0 HIT:          0 MISS:          0 MSHR_MERGE:          0
cpu2->cpu2_STLB WRITE        ACCESS:          0 HIT:          0 MISS:          0 MSHR_MERGE:          0
cpu2->cpu2_STLB TRANSLATION  ACCESS:          0 HIT:          0 MISS:          0 MSHR_MERGE:          0
cpu2->cpu2_STLB PREFETCH REQUESTED:          0 ISSUED:          0 USEFUL:          0 USELESS:          0
cpu2->cpu2_STLB AVERAGE MISS LATENCY: 457.6 cycles
cpu2->cpu2_L2C TOTAL        ACCESS:    5844161 HIT:    3940351 MISS:    1903810 MSHR_MERGE:          0
cpu2->cpu2_L2C LOAD         ACCESS:     475980 HIT:         13 MISS:     475967 MSHR_MERGE:          0
cpu2->cpu2_L2C RFO          ACCESS:    2684059 HIT:    1256245 MISS:    1427814 MSHR_MERGE:          0
cpu2->cpu2_L2C PREFETCH     ACCESS:          0 HIT:          0 MISS:          0 MSHR_MERGE:          0
cpu2->cpu2_L2C WRITE        ACCESS:    2684093 HIT:    2684093 MISS:          0 MSHR_MERGE:          0
cpu2->cpu2_L2C TRANSLATION  ACCESS:         29 HIT:          0 MISS:         29 MSHR_MERGE:          0
cpu2->cpu2_L2C PREFETCH REQUESTED:          0 ISSUED:          0 USEFUL:          0 USELESS:          0
cpu2->cpu2_L2C AVERAGE MISS LATENCY: 936.5 cycles
cpu2->cpu2_L1I TOTAL        ACCESS:    9172254 HIT:    9172254 MISS:          0 MSHR_MERGE:          0
cpu2->cpu2_L1I LOAD         ACCESS:    9172254 HIT:    9172254 MISS:          0 MSHR_MERGE:          0
cpu2->cpu2_L1I RFO          ACCESS:          0 HIT:          0 MISS:          0 MSHR_MERGE:          0
cpu2->cpu2_L1I PREFETCH     ACCESS:          0 HIT:          0 MISS:          0 MSHR_MERGE:          0
cpu2->cpu2_L1I WRITE        ACCESS:          0 HIT:          0 MISS:          0 MSHR_MERGE:          0
cpu2->cpu2_L1I TRANSLATION  ACCESS:          0 HIT:          0 MISS:          0 MSHR_MERGE:          0
cpu2->cpu2_L1I PREFETCH REQUESTED:          0 ISSUED:          0 USEFUL:          0 USELESS:          0
cpu2->cpu2_L1I AVERAGE MISS LATENCY: - cycles
cpu2->cpu2_L1D TOTAL        ACCESS:   11778601 HIT:    7861196 MISS:    3917405 MSHR_MERGE:     757302
cpu2->cpu2_L1D LOAD         ACCESS:    3143487 HIT:    2016119 MISS:    1127368 MSHR_MERGE:     651388
cpu2->cpu2_L1D RFO          ACCESS:          0 HIT:          0 MISS:          0 MSHR_MERGE:          0
cpu2->cpu2_L1D PREFETCH     ACCESS:          0 HIT:          0 MISS:          0 MSHR_MERGE:          0
cpu2->cpu2_L1D WRITE        ACCESS:    8635085 HIT:    5845077 MISS:    2790008 MSHR_MERGE:     105914
cpu2->cpu2_L1D TRANSLATION  ACCESS:         29 HIT:          0 MISS:         29 MSHR_MERGE:          0
cpu2->cpu2_L1D PREFETCH REQUESTED:          0 ISSUED:          0 USEFUL:          0 USELESS:          0
cpu2->cpu2_L1D AVERAGE MISS LATENCY: 573.5 cycles
cpu2->cpu2_ITLB TOTAL        ACCESS:    6926509 HIT:    6926509 MISS:          0 MSHR_MERGE:          0
cpu2->cpu2_ITLB LOAD         ACCESS:    6926509 HIT:    6926509 MISS:          0 MSHR_MERGE:          0
cpu2->cpu2_ITLB RFO          ACCESS:          0 HIT:          0 MISS:          0 MSHR_MERGE:          0
cpu2->cpu2_ITLB PREFETCH     ACCESS:          0 HIT:          0 MISS:          0 MSHR_MERGE:          0
cpu2->cpu2_ITLB WRITE        ACCESS:          0 HIT:          0 MISS:          0 MSHR_MERGE:          0
cpu2->cpu2_ITLB TRANSLATION  ACCESS:          0 HIT:          0 MISS:          0 MSHR_MERGE:          0
cpu2->cpu2_ITLB PREFETCH REQUESTED:          0 ISSUED:          0 USEFUL:          0 USELESS:          0
cpu2->cpu2_ITLB AVERAGE MISS LATENCY: - cycles
cpu2->cpu2_DTLB TOTAL        ACCESS:   10980500 HIT:   10980384 MISS:        116 MSHR_MERGE:         87
cpu2->cpu2_DTLB LOAD         ACCESS:   10980500 HIT:   10980384 MISS:        116 MSHR_MERGE:         87
cpu2->cpu2_DTLB RFO          ACCESS:          0 HIT:          0 MISS:          0 MSHR_MERGE:          0
cpu2->cpu2_DTLB PREFETCH     ACCESS:          0 HIT:          0 MISS:          0 MSHR_MERGE:          0
cpu2->cpu2_DTLB WRITE        ACCESS:          0 HIT:          0 MISS:          0 MSHR_MERGE:          0
cpu2->cpu2_DTLB TRANSLATION  ACCESS:          0 HIT:          0 MISS:          0 MSHR_MERGE:          0
cpu2->cpu2_DTLB PREFETCH REQUESTED:          0 ISSUED:          0 USEFUL:          0 USELESS:          0
cpu2->cpu2_DTLB AVERAGE MISS LATENCY: 463.6 cycles
cpu1->cpu1_STLB TOTAL        ACCESS:         28 HIT:          0 MISS:         28 MSHR_MERGE:          0
cpu1->cpu1_STLB LOAD         ACCESS:         28 HIT:          0 MISS:         28 MSHR_MERGE:          0
cpu1->cpu1_STLB RFO          ACCESS:          0 HIT:          0 MISS:          0 MSHR_MERGE:          0
cpu1->cpu1_STLB PREFETCH     ACCESS:          0 HIT:          0 MISS:          0 MSHR_MERGE:          0
cpu1->cpu1_STLB WRITE        ACCESS:          0 HIT:          0 MISS:          0 MSHR_MERGE:          0
cpu1->cpu1_STLB TRANSLATION  ACCESS:          0 HIT:          0 MISS:          0 MSHR_MERGE:          0
cpu1->cpu1_STLB PREFETCH REQUESTED:          0 ISSUED:          0 USEFUL:          0 USELESS:          0
cpu1->cpu1_STLB AVERAGE MISS LATENCY: 287.8 cycles
cpu1->cpu1_L2C TOTAL        ACCESS:    5775642 HIT:    3894129 MISS:    1881513 MSHR_MERGE:          0
cpu1->cpu1_L2C LOAD         ACCESS:     470404 HIT:         14 MISS:     470390 MSHR_MERGE:          0
cpu1->cpu1_L2C RFO          ACCESS:    2652578 HIT:    1241483 MISS:    1411095 MSHR_MERGE:          0
cpu1->cpu1_L2C PREFETCH     ACCESS:          0 HIT:          0 MISS:          0 MSHR_MERGE:          0
cpu1->cpu1_L2C WRITE        ACCESS:    2652632 HIT:    2652632 MISS:          0 MSHR_MERGE:          0
cpu1->cpu1_L2C TRANSLATION  ACCESS:         28 HIT:          0 MISS:         28 MSHR_MERGE:          0
cpu1->cpu1_L2C PREFETCH REQUESTED:          0 ISSUED:          0 USEFUL:          0 USELESS:          0
cpu1->cpu1_L2C AVERAGE MISS LATENCY: 939.8 cycles
cpu1->cpu1_L1I TOTAL        ACCESS:    9071699 HIT:    9071699 MISS:          0 MSHR_MERGE:          0
cpu1->cpu1_L1I LOAD         ACCESS:    9071699 HIT:    9071699 MISS:          0 MSHR_MERGE:          0
cpu1->cpu1_L1I RFO          ACCESS:          0 HIT:          0 MISS:          0 MSHR_MERGE:          0
cpu1->cpu1_L1I PREFETCH     ACCESS:          0 HIT:          0 MISS:          0 MSHR_MERGE:          0
cpu1->cpu1_L1I WRITE        ACCESS:          0 HIT:          0 MISS:          0 MSHR_MERGE:          0
cpu1->cpu1_L1I TRANSLATION  ACCESS:          0 HIT:          0 MISS:          0 MSHR_MERGE:          0
cpu1->cpu1_L1I PREFETCH REQUESTED:          0 ISSUED:          0 USEFUL:          0 USELESS:          0
cpu1->cpu1_L1I AVERAGE MISS LATENCY: - cycles
cpu1->cpu1_L1D TOTAL        ACCESS:   11645492 HIT:    7773469 MISS:    3872023 MSHR_MERGE:     748955
cpu1->cpu1_L1D LOAD         ACCESS:    3108429 HIT:    1992811 MISS:    1115618 MSHR_MERGE:     645214
cpu1->cpu1_L1D RFO          ACCESS:          0 HIT:          0 MISS:          0 MSHR_MERGE:          0
cpu1->cpu1_L1D PREFETCH     ACCESS:          0 HIT:          0 MISS:          0 MSHR_MERGE:          0
cpu1->cpu1_L1D WRITE        ACCESS:    8537035 HIT:    5780658 MISS:    2756377 MSHR_MERGE:     103741
cpu1->cpu1_L1D TRANSLATION  ACCESS:         28 HIT:          0 MISS:         28 MSHR_MERGE:          0
cpu1->cpu1_L1D PREFETCH REQUESTED:          0 ISSUED:          0 USEFUL:          0 USELESS:          0
cpu1->cpu1_L1D AVERAGE MISS LATENCY: 575.5 cycles
cpu1->cpu1_ITLB TOTAL        ACCESS:    6847842 HIT:    6847842 MISS:          0 MSHR_MERGE:          0
cpu1->cpu1_ITLB LOAD         ACCESS:    6847842 HIT:    6847842 MISS:          0 MSHR_MERGE:          0
cpu1->cpu1_ITLB RFO          ACCESS:          0 HIT:          0 MISS:          0 MSHR_MERGE:          0
cpu1->cpu1_ITLB PREFETCH     ACCESS:          0 HIT:          0 MISS:          0 MSHR_MERGE:          0
cpu1->cpu1_ITLB WRITE        ACCESS:          0 HIT:          0 MISS:          0 MSHR_MERGE:          0
cpu1->cpu1_ITLB TRANSLATION  ACCESS:          0 HIT:          0 MISS:          0 MSHR_MERGE:          0
cpu1->cpu1_ITLB PREFETCH REQUESTED:          0 ISSUED:          0 USEFUL:          0 USELESS:          0
cpu1->cpu1_ITLB AVERAGE MISS LATENCY: - cycles
cpu1->cpu1_DTLB TOTAL        ACCESS:   10867523 HIT:   10867426 MISS:         97 MSHR_MERGE:         69
cpu1->cpu1_DTLB LOAD         ACCESS:   10867523 HIT:   10867426 MISS:         97 MSHR_MERGE:         69
cpu1->cpu1_DTLB RFO          ACCESS:          0 HIT:          0 MISS:          0 MSHR_MERGE:          0
cpu1->cpu1_DTLB PREFETCH     ACCESS:          0 HIT:          0 MISS:          0 MSHR_MERGE:          0
cpu1->cpu1_DTLB WRITE        ACCESS:          0 HIT:          0 MISS:          0 MSHR_MERGE:          0
cpu1->cpu1_DTLB TRANSLATION  ACCESS:          0 HIT:          0 MISS:          0 MSHR_MERGE:          0
cpu1->cpu1_DTLB PREFETCH REQUESTED:          0 ISSUED:          0 USEFUL:          0 USELESS:          0
cpu1->cpu1_DTLB AVERAGE MISS LATENCY: 293.8 cycles
cpu0->cpu0_STLB TOTAL        ACCESS:         29 HIT:          0 MISS:         29 MSHR_MERGE:          0
cpu0->cpu0_STLB LOAD         ACCESS:         29 HIT:          0 MISS:         29 MSHR_MERGE:          0
cpu0->cpu0_STLB RFO          ACCESS:          0 HIT:          0 MISS:          0 MSHR_MERGE:          0
cpu0->cpu0_STLB PREFETCH     ACCESS:          0 HIT:          0 MISS:          0 MSHR_MERGE:          0
cpu0->cpu0_STLB WRITE        ACCESS:          0 HIT:          0 MISS:          0 MSHR_MERGE:          0
cpu0->cpu0_STLB TRANSLATION  ACCESS:          0 HIT:          0 MISS:          0 MSHR_MERGE:          0
cpu0->cpu0_STLB PREFETCH REQUESTED:          0 ISSUED:          0 USEFUL:          0 USELESS:          0
cpu0->cpu0_STLB AVERAGE MISS LATENCY: 554.8 cycles
cpu0->cpu0_L2C TOTAL        ACCESS:    5802970 HIT:    3912565 MISS:    1890405 MSHR_MERGE:          0
cpu0->cpu0_L2C LOAD         ACCESS:     472624 HIT:         12 MISS:     472612 MSHR_MERGE:          0
cpu0->cpu0_L2C RFO          ACCESS:    2665133 HIT:    1247369 MISS:    1417764 MSHR_MERGE:          0
cpu0->cpu0_L2C PREFETCH     ACCESS:          0 HIT:          0 MISS:          0 MSHR_MERGE:          0
cpu0->cpu0_L2C WRITE        ACCESS:    2665184 HIT:    2665184 MISS:          0 MSHR_MERGE:          0
cpu0->cpu0_L2C TRANSLATION  ACCESS:         29 HIT:          0 MISS:         29 MSHR_MERGE:          0
cpu0->cpu0_L2C PREFETCH REQUESTED:          0 ISSUED:          0 USEFUL:          0 USELESS:          0
cpu0->cpu0_L2C AVERAGE MISS LATENCY: 933.2 cycles
cpu0->cpu0_L1I TOTAL        ACCESS:    9112271 HIT:    9112271 MISS:          0 MSHR_MERGE:          0
cpu0->cpu0_L1I LOAD         ACCESS:    9112271 HIT:    9112271 MISS:          0 MSHR_MERGE:          0
cpu0->cpu0_L1I RFO          ACCESS:          0 HIT:          0 MISS:          0 MSHR_MERGE:          0
cpu0->cpu0_L1I PREFETCH     ACCESS:          0 HIT:          0 MISS:          0 MSHR_MERGE:          0
cpu0->cpu0_L1I WRITE        ACCESS:          0 HIT:          0 MISS:          0 MSHR_MERGE:          0
cpu0->cpu0_L1I TRANSLATION  ACCESS:          0 HIT:          0 MISS:          0 MSHR_MERGE:          0
cpu0->cpu0_L1I PREFETCH REQUESTED:          0 ISSUED:          0 USEFUL:          0 USELESS:          0
cpu0->cpu0_L1I AVERAGE MISS LATENCY: - cycles
cpu0->cpu0_L1D TOTAL        ACCESS:   11696738 HIT:    7801996 MISS:    3894742 MSHR_MERGE:     756906
cpu0->cpu0_L1D LOAD         ACCESS:    3121554 HIT:    1996331 MISS:    1125223 MSHR_MERGE:     652599
cpu0->cpu0_L1D RFO          ACCESS:          0 HIT:          0 MISS:          0 MSHR_MERGE:          0
cpu0->cpu0_L1D PREFETCH     ACCESS:          0 HIT:          0 MISS:          0 MSHR_MERGE:          0
cpu0->cpu0_L1D WRITE        ACCESS:    8575155 HIT:    5805665 MISS:    2769490 MSHR_MERGE:     104307
cpu0->cpu0_L1D TRANSLATION  ACCESS:         29 HIT:          0 MISS:         29 MSHR_MERGE:          0
cpu0->cpu0_L1D PREFETCH REQUESTED:          0 ISSUED:          0 USEFUL:          0 USELESS:          0
cpu0->cpu0_L1D AVERAGE MISS LATENCY: 571.5 cycles
cpu0->cpu0_ITLB TOTAL        ACCESS:    6875482 HIT:    6875482 MISS:          0 MSHR_MERGE:          0
cpu0->cpu0_ITLB LOAD         ACCESS:    6875482 HIT:    6875482 MISS:          0 MSHR_MERGE:          0
cpu0->cpu0_ITLB RFO          ACCESS:          0 HIT:          0 MISS:          0 MSHR_MERGE:          0
cpu0->cpu0_ITLB PREFETCH     ACCESS:          0 HIT:          0 MISS:          0 MSHR_MERGE:          0
cpu0->cpu0_ITLB WRITE        ACCESS:          0 HIT:          0 MISS:          0 MSHR_MERGE:          0
cpu0->cpu0_ITLB TRANSLATION  ACCESS:          0 HIT:          0 MISS:          0 MSHR_MERGE:          0
cpu0->cpu0_ITLB PREFETCH REQUESTED:          0 ISSUED:          0 USEFUL:          0 USELESS:          0
cpu0->cpu0_ITLB AVERAGE MISS LATENCY: - cycles
cpu0->cpu0_DTLB TOTAL        ACCESS:   10926989 HIT:   10926881 MISS:        108 MSHR_MERGE:         79
cpu0->cpu0_DTLB LOAD         ACCESS:   10926989 HIT:   10926881 MISS:        108 MSHR_MERGE:         79
cpu0->cpu0_DTLB RFO          ACCESS:          0 HIT:          0 MISS:          0 MSHR_MERGE:          0
cpu0->cpu0_DTLB PREFETCH     ACCESS:          0 HIT:          0 MISS:          0 MSHR_MERGE:          0
cpu0->cpu0_DTLB WRITE        ACCESS:          0 HIT:          0 MISS:          0 MSHR_MERGE:          0
cpu0->cpu0_DTLB TRANSLATION  ACCESS:          0 HIT:          0 MISS:          0 MSHR_MERGE:          0
cpu0->cpu0_DTLB PREFETCH REQUESTED:          0 ISSUED:          0 USEFUL:          0 USELESS:          0
cpu0->cpu0_DTLB AVERAGE MISS LATENCY: 560.8 cycles
cpu0->LLC TOTAL        ACCESS:    3308178 HIT:    1415277 MISS:    1892901 MSHR_MERGE:          0
cpu0->LLC LOAD         ACCESS:     472613 HIT:          0 MISS:     472613 MSHR_MERGE:          0
cpu0->LLC RFO          ACCESS:    1417770 HIT:          0 MISS:    1417770 MSHR_MERGE:          0
cpu0->LLC PREFETCH     ACCESS:          0 HIT:          0 MISS:          0 MSHR_MERGE:          0
cpu0->LLC WRITE        ACCESS:    1417766 HIT:    1415254 MISS:       2512 MSHR_MERGE:          0
cpu0->LLC TRANSLATION  ACCESS:         29 HIT:         23 MISS:          6 MSHR_MERGE:          0
cpu0->LLC PREFETCH REQUESTED:          0 ISSUED:          0 USEFUL:          0 USELESS:          0
cpu0->LLC AVERAGE MISS LATENCY: 7360 cycles
cpu1->LLC TOTAL        ACCESS:    3292608 HIT:    1410708 MISS:    1881900 MSHR_MERGE:          0
cpu1->LLC LOAD         ACCESS:     470390 HIT:          0 MISS:     470390 MSHR_MERGE:          0
cpu1->LLC RFO          ACCESS:    1411100 HIT:          0 MISS:    1411100 MSHR_MERGE:          0
cpu1->LLC PREFETCH     ACCESS:          0 HIT:          0 MISS:          0 MSHR_MERGE:          0
cpu1->LLC WRITE        ACCESS:    1411090 HIT:    1410680 MISS:        410 MSHR_MERGE:          0
cpu1->LLC TRANSLATION  ACCESS:         28 HIT:         28 MISS:          0 MSHR_MERGE:          0
cpu1->LLC PREFETCH REQUESTED:          0 ISSUED:          0 USEFUL:          0 USELESS:          0
cpu1->LLC AVERAGE MISS LATENCY: 7403 cycles
cpu2->LLC TOTAL        ACCESS:    3331628 HIT:    1427099 MISS:    1904529 MSHR_MERGE:          0
cpu2->LLC LOAD         ACCESS:     475967 HIT:          3 MISS:     475964 MSHR_MERGE:          0
cpu2->LLC RFO          ACCESS:    1427820 HIT:          0 MISS:    1427820 MSHR_MERGE:          0
cpu2->LLC PREFETCH     ACCESS:          0 HIT:          0 MISS:          0 MSHR_MERGE:          0
cpu2->LLC WRITE        ACCESS:    1427812 HIT:    1427073 MISS:        739 MSHR_MERGE:          0
cpu2->LLC TRANSLATION  ACCESS:         29 HIT:         23 MISS:          6 MSHR_MERGE:          0
cpu2->LLC PREFETCH REQUESTED:          0 ISSUED:          0 USEFUL:          0 USELESS:          0
cpu2->LLC AVERAGE MISS LATENCY: 7315 cycles
cpu3->LLC TOTAL        ACCESS:    3325920 HIT:    1425205 MISS:    1900715 MSHR_MERGE:          0
cpu3->LLC LOAD         ACCESS:     475145 HIT:          3 MISS:     475142 MSHR_MERGE:          0
cpu3->LLC RFO          ACCESS:    1425378 HIT:          0 MISS:    1425378 MSHR_MERGE:          0
cpu3->LLC PREFETCH     ACCESS:          0 HIT:          0 MISS:          0 MSHR_MERGE:          0
cpu3->LLC WRITE        ACCESS:    1425368 HIT:    1425175 MISS:        193 MSHR_MERGE:          0
cpu3->LLC TRANSLATION  ACCESS:         29 HIT:         27 MISS:          2 MSHR_MERGE:          0
cpu3->LLC PREFETCH REQUESTED:          0 ISSUED:          0 USEFUL:          0 USELESS:          0
cpu3->LLC AVERAGE MISS LATENCY: 7329 cycles
cpu4->LLC TOTAL        ACCESS:    3322622 HIT:    1423242 MISS:    1899380 MSHR_MERGE:          0
cpu4->LLC LOAD         ACCESS:     474676 HIT:          2 MISS:     474674 MSHR_MERGE:          0
cpu4->LLC RFO          ACCESS:    1423961 HIT:          0 MISS:    1423961 MSHR_MERGE:          0
cpu4->LLC PREFETCH     ACCESS:          0 HIT:          0 MISS:          0 MSHR_MERGE:          0
cpu4->LLC WRITE        ACCESS:    1423956 HIT:    1423214 MISS:        742 MSHR_MERGE:          0
cpu4->LLC TRANSLATION  ACCESS:         29 HIT:         26 MISS:          3 MSHR_MERGE:          0
cpu4->LLC PREFETCH REQUESTED:          0 ISSUED:          0 USEFUL:          0 USELESS:          0
cpu4->LLC AVERAGE MISS LATENCY: 7335 cycles
cpu5->LLC TOTAL        ACCESS:    3286211 HIT:    1407791 MISS:    1878420 MSHR_MERGE:          0
cpu5->LLC LOAD         ACCESS:     469476 HIT:          0 MISS:     469476 MSHR_MERGE:          0
cpu5->LLC RFO          ACCESS:    1408353 HIT:          1 MISS:    1408352 MSHR_MERGE:          0
cpu5->LLC PREFETCH     ACCESS:          0 HIT:          0 MISS:          0 MSHR_MERGE:          0
cpu5->LLC WRITE        ACCESS:    1408354 HIT:    1407762 MISS:        592 MSHR_MERGE:          0
cpu5->LLC TRANSLATION  ACCESS:         28 HIT:         28 MISS:          0 MSHR_MERGE:          0
cpu5->LLC PREFETCH REQUESTED:          0 ISSUED:          0 USEFUL:          0 USELESS:          0
cpu5->LLC AVERAGE MISS LATENCY: 7416 cycles
cpu6->LLC TOTAL        ACCESS:    3302062 HIT:    1414329 MISS:    1887733 MSHR_MERGE:          0
cpu6->LLC LOAD         ACCESS:     471746 HIT:          0 MISS:     471746 MSHR_MERGE:          0
cpu6->LLC RFO          ACCESS:    1415146 HIT:          0 MISS:    1415146 MSHR_MERGE:          0
cpu6->LLC PREFETCH     ACCESS:          0 HIT:          0 MISS:          0 MSHR_MERGE:          0
cpu6->LLC WRITE        ACCESS:    1415141 HIT:    1414300 MISS:        841 MSHR_MERGE:          0
cpu6->LLC TRANSLATION  ACCESS:         29 HIT:         29 MISS:          0 MSHR_MERGE:          0
cpu6->LLC PREFETCH REQUESTED:          0 ISSUED:          0 USEFUL:          0 USELESS:          0
cpu6->LLC AVERAGE MISS LATENCY: 7380 cycles
cpu7->LLC TOTAL        ACCESS:    3294059 HIT:    1411361 MISS:    1882698 MSHR_MERGE:          0
cpu7->LLC LOAD         ACCESS:     470600 HIT:          0 MISS:     470600 MSHR_MERGE:          0
cpu7->LLC RFO          ACCESS:    1411719 HIT:          1 MISS:    1411718 MSHR_MERGE:          0
cpu7->LLC PREFETCH     ACCESS:          0 HIT:          0 MISS:          0 MSHR_MERGE:          0
cpu7->LLC WRITE        ACCESS:    1411711 HIT:    1411331 MISS:        380 MSHR_MERGE:          0
cpu7->LLC TRANSLATION  ACCESS:         29 HIT:         29 MISS:          0 MSHR_MERGE:          0
cpu7->LLC PREFETCH REQUESTED:          0 ISSUED:          0 USEFUL:          0 USELESS:          0
cpu7->LLC AVERAGE MISS LATENCY: 7400 cycles

DRAM Statistics

Channel 0 READ REQS:    7560914	WRITE REQS:    5688889
  READS:    7560892	READ_HITS:     463810
  WRITES:    5688848	WRITE HITS:     253768
  ACTIVATES:   12532167	PRECHARGES:   12532161
  RQ FULL:     449333	WQ FULL:         18
  WRITE DRAINS:     114668	FORCED:     114361
  MEAN WRITE IMBALANCE: 2.4265793421006734
  READ OCCU PRE DRAIN: 29.249947675027034	POST DRAIN: 38.95745107615028
  MEAN WLP: 30.057165032964733
  READ LATENCY: 227.00941608476884

Channel 1 READ REQS:    7560953	WRITE REQS:    5688910
  READS:    7560922	READ_HITS:     444873
  WRITES:    5688862	WRITE HITS:     249339
  ACTIVATES:   12555577	PRECHARGES:   12555571
  RQ FULL:     498489	WQ FULL:          0
  WRITE DRAINS:     114617	FORCED:     114279
  MEAN WRITE IMBALANCE: 2.416491445422581
  READ OCCU PRE DRAIN: 29.222619681199124	POST DRAIN: 38.97608557194832
  MEAN WLP: 30.063009850196742
  READ LATENCY: 227.06241963612374
WCACHE NON LRU EVICTS: 10565597	TOTAL EVICTS: 23702785
