[VMEM] WARNING: physical memory size is smaller than virtual memory size.

*** ChampSim Multicore Out-of-Order Simulator ***
Warmup Instructions: 25000000
Simulation Instructions: 100000000
Number of CPUs: 8
Page size: 2097152

CL :	 16.64 ns
CWL :	 15.808 ns
tRP :	 16.224 ns
tRCD :	 16.224 ns
tRAS :	 32.032000000000004 ns
tRTP :	 7.904 ns
tWR :	 30.368000000000002 ns

tCCD_S :	 3.3280000000000003 ns
tCCD_S_WR :	 3.3280000000000003 ns
tCCD_S_WTR :	 22.048000000000002 ns
tCCD_L :	 5.408 ns
tCCD_L_WR :	 20.384 ns
tCCD_L_WTR :	 29.536 ns
tRRD_S :	 3.3280000000000003 ns
tRRD_L :	 5.408 ns
tFAW :	 13.728 ns
Address mapping (perm = 1) 	ch co bg bg bg ba ba co co co co co co ro ro ro ro ro ro ro ro ro ro ro ro ro ro ro 
dram queue size: R = 64 W = 48 (low:high is 12:36)
max lookup for evict 0 = 16
lookup_sel: 128 128 128 128 128 128 128 128 128 128 128 128 128 128 128 128
max lookup for evict 100000 = 16
lookup_sel: 255 128 130 128 129 128 128 128 125 128 128 128 128 128 128 128
max lookup for evict 200000 = 16
lookup_sel: 255 131 132 128 131 130 129 128 116 129 129 127 128 128 128 128
max lookup for evict 300000 = 16
lookup_sel: 255 144 135 131 133 130 129 129 116 131 129 127 128 128 128 128
Heartbeat CPU 0 instructions: 10000004 cycles: 2569693 heartbeat IPC: 3.892 cumulative IPC: 3.892 (Simulation time: 00 hr 07 min 37 sec)
Heartbeat CPU 1 instructions: 10000004 cycles: 2570647 heartbeat IPC: 3.89 cumulative IPC: 3.89 (Simulation time: 00 hr 07 min 37 sec)
Heartbeat CPU 2 instructions: 10000004 cycles: 2571248 heartbeat IPC: 3.889 cumulative IPC: 3.889 (Simulation time: 00 hr 07 min 37 sec)
Heartbeat CPU 3 instructions: 10000004 cycles: 2571668 heartbeat IPC: 3.889 cumulative IPC: 3.889 (Simulation time: 00 hr 07 min 37 sec)
Heartbeat CPU 4 instructions: 10000004 cycles: 2571931 heartbeat IPC: 3.888 cumulative IPC: 3.888 (Simulation time: 00 hr 07 min 37 sec)
Heartbeat CPU 5 instructions: 10000004 cycles: 2572297 heartbeat IPC: 3.888 cumulative IPC: 3.888 (Simulation time: 00 hr 07 min 37 sec)
Heartbeat CPU 6 instructions: 10000004 cycles: 2572607 heartbeat IPC: 3.887 cumulative IPC: 3.887 (Simulation time: 00 hr 07 min 37 sec)
Heartbeat CPU 7 instructions: 10000004 cycles: 2572853 heartbeat IPC: 3.887 cumulative IPC: 3.887 (Simulation time: 00 hr 07 min 38 sec)
max lookup for evict 400000 = 16
lookup_sel: 255 154 140 134 136 130 130 129 116 131 129 127 128 128 128 128
max lookup for evict 500000 = 16
lookup_sel: 255 158 142 135 136 130 130 129 117 131 129 127 128 128 128 128
max lookup for evict 600000 = 16
lookup_sel: 255 164 144 136 137 131 133 130 117 132 129 127 128 129 128 128
max lookup for evict 700000 = 16
lookup_sel: 255 176 150 141 141 135 133 131 118 136 130 127 128 129 128 128
max lookup for evict 800000 = 16
lookup_sel: 255 178 157 144 141 136 137 133 120 134 130 128 128 129 128 128
max lookup for evict 900000 = 16
lookup_sel: 255 180 157 144 142 137 137 134 122 135 130 128 128 129 128 128
max lookup for evict 1000000 = 16
lookup_sel: 255 201 162 149 146 140 140 136 122 135 130 129 128 129 128 128
max lookup for evict 1100000 = 16
lookup_sel: 255 211 166 152 147 141 143 138 125 137 133 129 128 129 128 128
max lookup for evict 1200000 = 16
lookup_sel: 255 209 170 153 147 142 144 139 125 134 132 129 128 129 128 128
max lookup for evict 1300000 = 16
lookup_sel: 255 223 176 155 150 142 147 142 125 135 132 131 129 130 128 128
max lookup for evict 1400000 = 16
lookup_sel: 255 234 179 154 153 143 147 143 123 137 132 131 129 130 128 128
max lookup for evict 1500000 = 16
lookup_sel: 255 244 182 153 155 144 147 142 124 138 132 131 129 130 128 128
Heartbeat CPU 0 instructions: 20000006 cycles: 5082199 heartbeat IPC: 3.98 cumulative IPC: 3.935 (Simulation time: 00 hr 14 min 49 sec)
Heartbeat CPU 1 instructions: 20000007 cycles: 5088454 heartbeat IPC: 3.972 cumulative IPC: 3.93 (Simulation time: 00 hr 14 min 50 sec)
Heartbeat CPU 2 instructions: 20000006 cycles: 5090760 heartbeat IPC: 3.969 cumulative IPC: 3.929 (Simulation time: 00 hr 14 min 51 sec)
Heartbeat CPU 3 instructions: 20000006 cycles: 5092889 heartbeat IPC: 3.966 cumulative IPC: 3.927 (Simulation time: 00 hr 14 min 51 sec)
Heartbeat CPU 4 instructions: 20000007 cycles: 5094042 heartbeat IPC: 3.965 cumulative IPC: 3.926 (Simulation time: 00 hr 14 min 51 sec)
Heartbeat CPU 5 instructions: 20000006 cycles: 5095035 heartbeat IPC: 3.964 cumulative IPC: 3.925 (Simulation time: 00 hr 14 min 52 sec)
Heartbeat CPU 6 instructions: 20000007 cycles: 5096005 heartbeat IPC: 3.963 cumulative IPC: 3.925 (Simulation time: 00 hr 14 min 52 sec)
Heartbeat CPU 7 instructions: 20000006 cycles: 5096616 heartbeat IPC: 3.962 cumulative IPC: 3.924 (Simulation time: 00 hr 14 min 52 sec)
max lookup for evict 1600000 = 16
lookup_sel: 255 253 182 154 155 144 147 142 124 138 132 131 129 130 128 128
max lookup for evict 1700000 = 16
lookup_sel: 255 255 186 155 157 145 147 142 124 138 132 131 129 130 128 128
max lookup for evict 1800000 = 16
lookup_sel: 255 252 189 156 156 145 147 142 124 137 132 131 129 130 128 128
max lookup for evict 1900000 = 16
lookup_sel: 255 255 196 160 156 146 147 144 125 138 133 133 130 130 130 128
max lookup for evict 2000000 = 16
lookup_sel: 255 255 197 161 156 147 147 145 126 139 133 135 130 130 130 128
Warmup finished CPU 0 instructions: 25000000 cycles: 6333209 cumulative IPC: 3.947 (Simulation time: 00 hr 18 min 24 sec)
Warmup finished CPU 1 instructions: 25000000 cycles: 6339706 cumulative IPC: 3.943 (Simulation time: 00 hr 18 min 25 sec)
Warmup finished CPU 2 instructions: 25000000 cycles: 6341419 cumulative IPC: 3.942 (Simulation time: 00 hr 18 min 26 sec)
Warmup finished CPU 3 instructions: 25000001 cycles: 6343600 cumulative IPC: 3.941 (Simulation time: 00 hr 18 min 26 sec)
Warmup finished CPU 4 instructions: 25000003 cycles: 6344625 cumulative IPC: 3.94 (Simulation time: 00 hr 18 min 26 sec)
Warmup finished CPU 5 instructions: 25000003 cycles: 6345537 cumulative IPC: 3.94 (Simulation time: 00 hr 18 min 26 sec)
Warmup finished CPU 6 instructions: 25000001 cycles: 6346566 cumulative IPC: 3.939 (Simulation time: 00 hr 18 min 26 sec)
Warmup finished CPU 7 instructions: 25000003 cycles: 6347248 cumulative IPC: 3.939 (Simulation time: 00 hr 18 min 27 sec)
Warmup complete CPU 7 instructions: 25000003 cycles: 6347248 cumulative IPC: 3.939 (Simulation time: 00 hr 18 min 27 sec)
Warmup complete CPU 6 instructions: 25002729 cycles: 6347248 cumulative IPC: 3.939 (Simulation time: 00 hr 18 min 27 sec)
Warmup complete CPU 5 instructions: 25006836 cycles: 6347248 cumulative IPC: 3.94 (Simulation time: 00 hr 18 min 27 sec)
Warmup complete CPU 4 instructions: 25010495 cycles: 6347248 cumulative IPC: 3.94 (Simulation time: 00 hr 18 min 27 sec)
Warmup complete CPU 3 instructions: 25014591 cycles: 6347248 cumulative IPC: 3.941 (Simulation time: 00 hr 18 min 27 sec)
Warmup complete CPU 2 instructions: 25023316 cycles: 6347248 cumulative IPC: 3.942 (Simulation time: 00 hr 18 min 27 sec)
Warmup complete CPU 1 instructions: 25030168 cycles: 6347248 cumulative IPC: 3.943 (Simulation time: 00 hr 18 min 27 sec)
Warmup complete CPU 0 instructions: 25056156 cycles: 6347248 cumulative IPC: 3.948 (Simulation time: 00 hr 18 min 27 sec)
max lookup for evict 2100000 = 16
lookup_sel: 255 255 197 161 157 147 147 145 124 141 133 135 130 130 130 128
max lookup for evict 2200000 = 16
lookup_sel: 255 255 204 162 161 151 151 145 123 141 133 136 130 130 130 128
max lookup for evict 2300000 = 16
lookup_sel: 255 255 209 169 163 154 152 147 125 142 133 135 130 130 130 128
max lookup for evict 2400000 = 16
lookup_sel: 255 255 226 178 166 161 156 149 128 145 134 137 130 130 132 128
Heartbeat CPU 5 instructions: 30000010 cycles: 15071855 heartbeat IPC: 1.002 cumulative IPC: 0.5723 (Simulation time: 00 hr 30 min 05 sec)
Heartbeat CPU 1 instructions: 30000010 cycles: 15073992 heartbeat IPC: 1.001 cumulative IPC: 0.5695 (Simulation time: 00 hr 30 min 05 sec)
Heartbeat CPU 0 instructions: 30000010 cycles: 15097648 heartbeat IPC: 0.9985 cumulative IPC: 0.565 (Simulation time: 00 hr 30 min 07 sec)
Heartbeat CPU 3 instructions: 30000010 cycles: 15122447 heartbeat IPC: 0.9971 cumulative IPC: 0.5681 (Simulation time: 00 hr 30 min 09 sec)
Heartbeat CPU 7 instructions: 30000010 cycles: 15146200 heartbeat IPC: 0.9951 cumulative IPC: 0.5683 (Simulation time: 00 hr 30 min 11 sec)
Heartbeat CPU 2 instructions: 30000010 cycles: 15192209 heartbeat IPC: 0.99 cumulative IPC: 0.5627 (Simulation time: 00 hr 30 min 15 sec)
Heartbeat CPU 6 instructions: 30000010 cycles: 15237029 heartbeat IPC: 0.9861 cumulative IPC: 0.5621 (Simulation time: 00 hr 30 min 18 sec)
Heartbeat CPU 4 instructions: 30000010 cycles: 15258681 heartbeat IPC: 0.9838 cumulative IPC: 0.5599 (Simulation time: 00 hr 30 min 20 sec)
max lookup for evict 2500000 = 16
lookup_sel: 255 255 238 184 168 165 157 149 133 146 136 137 130 130 132 128
max lookup for evict 2600000 = 16
lookup_sel: 255 255 245 189 172 171 160 149 133 147 137 137 130 130 132 129
max lookup for evict 2700000 = 16
lookup_sel: 255 255 255 197 181 177 165 152 136 153 138 140 131 130 132 131
max lookup for evict 2800000 = 16
lookup_sel: 255 252 254 199 183 175 164 151 133 153 139 140 131 130 133 131
max lookup for evict 2800000 = 16
lookup_sel: 255 252 254 199 183 175 164 151 133 153 140 140 131 130 133 131
max lookup for evict 2900000 = 16
lookup_sel: 255 255 255 208 182 179 162 149 126 153 139 140 130 129 133 131
max lookup for evict 3000000 = 16
lookup_sel: 255 255 255 214 188 181 163 152 128 152 140 139 130 129 134 131
max lookup for evict 3100000 = 16
lookup_sel: 255 255 255 218 192 183 166 153 129 154 140 139 130 127 134 131
max lookup for evict 3200000 = 16
lookup_sel: 255 255 255 218 192 185 166 154 130 153 140 139 130 127 135 131
max lookup for evict 3300000 = 16
lookup_sel: 255 255 255 229 194 189 168 154 130 153 139 139 130 128 135 131
max lookup for evict 3400000 = 16
lookup_sel: 255 255 255 235 197 196 171 157 130 155 140 140 131 128 134 132
max lookup for evict 3500000 = 16
lookup_sel: 255 255 255 240 201 201 172 158 132 151 139 140 129 126 134 132
max lookup for evict 3600000 = 16
lookup_sel: 255 255 255 246 207 207 175 159 133 151 139 140 128 123 134 131
max lookup for evict 3700000 = 16
lookup_sel: 255 255 252 251 209 209 179 160 132 150 138 140 129 123 132 131
max lookup for evict 3800000 = 16
lookup_sel: 255 255 254 254 214 211 183 162 133 149 139 140 127 122 130 132
max lookup for evict 3900000 = 16
lookup_sel: 255 255 254 255 218 212 184 163 136 152 141 141 127 121 130 132
max lookup for evict 4000000 = 16
lookup_sel: 255 255 255 255 219 213 186 166 136 153 140 141 127 119 129 132
max lookup for evict 4100000 = 16
lookup_sel: 255 255 255 255 221 215 186 172 142 155 137 144 126 111 129 132
max lookup for evict 4200000 = 16
lookup_sel: 255 255 255 255 226 218 191 173 143 155 136 143 123 108 128 132
max lookup for evict 4300000 = 16
lookup_sel: 255 255 255 252 230 219 192 167 136 149 134 144 126 108 127 132
max lookup for evict 4400000 = 16
lookup_sel: 255 255 255 255 235 221 192 164 133 147 134 144 126 108 127 132
max lookup for evict 4500000 = 16
lookup_sel: 255 255 255 255 240 228 196 166 135 149 135 144 126 108 127 132
max lookup for evict 4600000 = 16
lookup_sel: 255 255 255 255 242 230 197 166 137 149 135 144 126 108 127 132
max lookup for evict 4700000 = 16
lookup_sel: 255 255 255 255 242 232 200 166 137 153 135 144 126 108 127 132
max lookup for evict 4800000 = 16
lookup_sel: 255 255 255 255 243 236 200 167 139 153 135 144 126 108 127 132
max lookup for evict 4900000 = 16
lookup_sel: 255 255 255 255 245 237 200 167 140 154 136 144 126 108 127 132
max lookup for evict 5000000 = 16
lookup_sel: 255 251 254 255 242 236 198 167 136 153 135 144 125 107 127 133
Heartbeat CPU 5 instructions: 40000011 cycles: 53323861 heartbeat IPC: 0.2614 cumulative IPC: 0.3192 (Simulation time: 01 hr 14 min 50 sec)
max lookup for evict 5100000 = 16
lookup_sel: 255 255 255 254 246 235 200 168 134 153 136 143 125 107 127 132
Heartbeat CPU 0 instructions: 40000011 cycles: 53520046 heartbeat IPC: 0.2603 cumulative IPC: 0.3168 (Simulation time: 01 hr 15 min 08 sec)
Heartbeat CPU 1 instructions: 40000012 cycles: 53610519 heartbeat IPC: 0.2595 cumulative IPC: 0.3167 (Simulation time: 01 hr 15 min 16 sec)
Heartbeat CPU 6 instructions: 40000013 cycles: 53616981 heartbeat IPC: 0.2606 cumulative IPC: 0.3173 (Simulation time: 01 hr 15 min 17 sec)
Heartbeat CPU 7 instructions: 40000012 cycles: 53622432 heartbeat IPC: 0.2599 cumulative IPC: 0.3173 (Simulation time: 01 hr 15 min 18 sec)
Heartbeat CPU 3 instructions: 40000010 cycles: 53653865 heartbeat IPC: 0.2595 cumulative IPC: 0.3168 (Simulation time: 01 hr 15 min 20 sec)
Heartbeat CPU 2 instructions: 40000012 cycles: 53942424 heartbeat IPC: 0.2581 cumulative IPC: 0.3147 (Simulation time: 01 hr 15 min 47 sec)
Heartbeat CPU 4 instructions: 40000013 cycles: 54123062 heartbeat IPC: 0.2573 cumulative IPC: 0.3137 (Simulation time: 01 hr 16 min 04 sec)
max lookup for evict 5200000 = 16
lookup_sel: 255 255 255 255 248 238 202 172 137 153 132 141 123 103 127 132
max lookup for evict 5300000 = 16
lookup_sel: 255 255 255 255 252 242 203 173 139 154 132 140 124 103 128 132
max lookup for evict 5400000 = 16
lookup_sel: 255 255 255 255 255 244 206 173 139 152 133 140 125 103 128 132
max lookup for evict 5500000 = 16
lookup_sel: 255 255 255 255 255 251 209 174 139 153 134 140 125 101 127 132
max lookup for evict 5600000 = 16
lookup_sel: 255 255 255 255 255 252 212 175 134 153 132 139 124 101 127 133
max lookup for evict 5700000 = 16
lookup_sel: 255 255 255 255 255 255 213 176 133 151 132 139 124 100 126 133
max lookup for evict 5800000 = 16
lookup_sel: 255 255 255 255 255 255 216 179 135 152 136 139 125 101 126 133
max lookup for evict 5900000 = 16
lookup_sel: 255 255 255 255 255 255 218 182 137 153 136 138 125 102 127 133
max lookup for evict 6000000 = 16
lookup_sel: 255 255 255 255 255 255 217 182 136 153 137 138 125 102 127 133
max lookup for evict 6100000 = 16
lookup_sel: 255 255 255 255 255 255 218 183 137 153 138 138 125 102 127 134
max lookup for evict 6200000 = 16
lookup_sel: 255 255 255 255 255 255 218 183 137 153 140 139 125 102 127 134
max lookup for evict 6300000 = 16
lookup_sel: 255 255 255 255 255 255 219 184 137 156 140 139 125 102 127 134
max lookup for evict 6400000 = 16
lookup_sel: 255 255 255 255 255 255 220 184 137 156 141 139 125 102 127 134
max lookup for evict 6500000 = 16
lookup_sel: 255 255 255 255 255 255 222 184 140 158 141 139 125 102 127 134
Heartbeat CPU 5 instructions: 50000012 cycles: 76007765 heartbeat IPC: 0.4408 cumulative IPC: 0.3588 (Simulation time: 01 hr 43 min 36 sec)
Heartbeat CPU 3 instructions: 50000012 cycles: 76175977 heartbeat IPC: 0.444 cumulative IPC: 0.3578 (Simulation time: 01 hr 43 min 49 sec)
Heartbeat CPU 7 instructions: 50000012 cycles: 76227828 heartbeat IPC: 0.4424 cumulative IPC: 0.3578 (Simulation time: 01 hr 43 min 53 sec)
Heartbeat CPU 0 instructions: 50000012 cycles: 76284375 heartbeat IPC: 0.4393 cumulative IPC: 0.3567 (Simulation time: 01 hr 43 min 57 sec)
Heartbeat CPU 6 instructions: 50000013 cycles: 76377260 heartbeat IPC: 0.4394 cumulative IPC: 0.357 (Simulation time: 01 hr 44 min 04 sec)
Heartbeat CPU 1 instructions: 50000012 cycles: 76793089 heartbeat IPC: 0.4314 cumulative IPC: 0.3545 (Simulation time: 01 hr 44 min 36 sec)
Heartbeat CPU 4 instructions: 50000013 cycles: 76848466 heartbeat IPC: 0.44 cumulative IPC: 0.3545 (Simulation time: 01 hr 44 min 41 sec)
Heartbeat CPU 2 instructions: 50000012 cycles: 76936450 heartbeat IPC: 0.4349 cumulative IPC: 0.3538 (Simulation time: 01 hr 44 min 47 sec)
max lookup for evict 6600000 = 16
lookup_sel: 255 255 255 255 255 255 225 185 141 158 142 139 126 102 127 134
max lookup for evict 6700000 = 16
lookup_sel: 255 255 255 255 255 255 228 187 142 158 142 139 126 103 127 134
max lookup for evict 6800000 = 16
lookup_sel: 255 255 255 255 255 255 230 187 142 159 142 139 126 103 128 134
max lookup for evict 6900000 = 16
lookup_sel: 255 255 255 255 255 255 231 189 141 159 142 137 126 103 128 134
max lookup for evict 7000000 = 16
lookup_sel: 255 255 255 255 255 255 232 190 142 159 144 137 127 103 128 135
max lookup for evict 7100000 = 16
lookup_sel: 255 254 253 251 255 254 230 192 141 159 143 136 127 102 128 135
max lookup for evict 7200000 = 16
lookup_sel: 255 255 255 251 255 253 229 192 143 157 143 136 128 102 128 135
max lookup for evict 7300000 = 16
lookup_sel: 255 255 255 253 255 254 230 192 143 157 143 136 129 103 128 135
max lookup for evict 7400000 = 16
lookup_sel: 255 255 255 255 255 255 232 194 143 157 143 136 129 103 128 136
max lookup for evict 7500000 = 16
lookup_sel: 255 255 255 255 255 255 234 194 140 156 143 136 129 102 127 135
max lookup for evict 7600000 = 16
lookup_sel: 255 255 255 255 254 253 237 195 141 155 142 134 130 103 127 135
max lookup for evict 7700000 = 16
lookup_sel: 255 255 255 253 253 252 232 195 140 152 138 134 126 102 127 135
max lookup for evict 7800000 = 16
lookup_sel: 255 255 254 255 255 252 226 191 137 149 131 129 125 100 127 133
max lookup for evict 7900000 = 16
lookup_sel: 255 254 255 255 255 253 228 189 139 148 129 128 122 98 127 132
max lookup for evict 8000000 = 16
lookup_sel: 255 255 255 254 255 254 227 188 139 146 128 128 121 99 127 132
Heartbeat CPU 5 instructions: 60000012 cycles: 98021887 heartbeat IPC: 0.4543 cumulative IPC: 0.3817 (Simulation time: 02 hr 12 min 34 sec)
Heartbeat CPU 7 instructions: 60000012 cycles: 98178714 heartbeat IPC: 0.4556 cumulative IPC: 0.3811 (Simulation time: 02 hr 12 min 46 sec)
Heartbeat CPU 0 instructions: 60000012 cycles: 98224801 heartbeat IPC: 0.4558 cumulative IPC: 0.3803 (Simulation time: 02 hr 12 min 50 sec)
Heartbeat CPU 3 instructions: 60000012 cycles: 98473986 heartbeat IPC: 0.4485 cumulative IPC: 0.3798 (Simulation time: 02 hr 13 min 09 sec)
Heartbeat CPU 6 instructions: 60000017 cycles: 98518023 heartbeat IPC: 0.4517 cumulative IPC: 0.3797 (Simulation time: 02 hr 13 min 13 sec)
max lookup for evict 8100000 = 16
lookup_sel: 255 255 255 255 255 254 230 188 139 146 129 128 122 100 127 132
max lookup for evict 8100000 = 16
lookup_sel: 255 255 255 255 255 254 230 188 139 146 129 128 122 100 127 132
Heartbeat CPU 2 instructions: 60000012 cycles: 98874512 heartbeat IPC: 0.4558 cumulative IPC: 0.378 (Simulation time: 02 hr 13 min 41 sec)
Heartbeat CPU 4 instructions: 60000017 cycles: 99090054 heartbeat IPC: 0.4496 cumulative IPC: 0.3773 (Simulation time: 02 hr 13 min 57 sec)
Heartbeat CPU 1 instructions: 60000012 cycles: 99114635 heartbeat IPC: 0.448 cumulative IPC: 0.377 (Simulation time: 02 hr 13 min 59 sec)
max lookup for evict 8200000 = 16
lookup_sel: 255 255 255 255 255 254 230 188 140 146 130 128 122 100 127 132
max lookup for evict 8300000 = 16
lookup_sel: 255 255 255 255 255 255 233 188 140 146 130 129 122 100 127 132
max lookup for evict 8400000 = 16
lookup_sel: 255 255 255 255 255 255 238 189 140 146 130 129 122 100 128 132
max lookup for evict 8500000 = 16
lookup_sel: 255 255 255 255 255 255 238 190 141 147 130 129 122 100 128 132
max lookup for evict 8600000 = 16
lookup_sel: 255 255 255 255 255 255 240 192 141 149 132 130 123 100 128 132
max lookup for evict 8700000 = 16
lookup_sel: 255 255 255 255 255 255 241 196 142 151 132 131 123 101 129 133
max lookup for evict 8800000 = 16
lookup_sel: 255 255 255 255 255 255 242 196 142 151 134 131 123 101 129 133
max lookup for evict 8900000 = 16
lookup_sel: 255 255 255 255 255 255 244 196 143 151 135 132 124 102 131 133
max lookup for evict 9000000 = 16
lookup_sel: 255 255 255 255 255 255 246 196 146 152 135 133 124 102 132 133
max lookup for evict 9100000 = 16
lookup_sel: 255 255 255 254 254 254 247 198 146 151 134 132 123 102 132 133
max lookup for evict 9200000 = 16
lookup_sel: 255 255 255 255 255 253 248 200 145 150 132 131 120 102 131 132
max lookup for evict 9300000 = 16
lookup_sel: 255 255 255 249 253 255 248 200 142 148 130 130 118 100 132 132
max lookup for evict 9400000 = 16
lookup_sel: 255 252 255 250 253 255 247 195 137 145 129 130 119 101 132 132
max lookup for evict 9500000 = 16
lookup_sel: 255 255 255 252 252 255 250 195 137 146 128 129 117 100 131 132
max lookup for evict 9600000 = 16
lookup_sel: 255 255 255 252 254 255 253 196 137 145 127 126 112 100 130 132
max lookup for evict 9700000 = 16
lookup_sel: 255 255 255 255 255 255 255 190 136 145 126 123 109 97 130 131
max lookup for evict 9800000 = 16
lookup_sel: 255 255 255 255 255 255 255 191 137 145 126 123 107 96 129 130
max lookup for evict 9900000 = 16
lookup_sel: 255 255 255 254 255 255 255 192 138 145 125 124 105 94 128 128
max lookup for evict 10000000 = 16
lookup_sel: 255 255 255 255 254 255 255 192 139 144 126 125 105 94 127 128
max lookup for evict 10100000 = 16
lookup_sel: 255 255 255 255 255 255 255 193 139 144 128 125 105 95 127 128
max lookup for evict 10200000 = 11
lookup_sel: 255 255 255 255 254 255 255 195 140 146 129 126 105 95 127 127
max lookup for evict 10300000 = 10
lookup_sel: 255 255 255 255 249 252 254 192 139 144 127 124 103 95 127 127
max lookup for evict 10400000 = 10
lookup_sel: 255 255 255 255 242 248 248 188 137 139 124 122 102 95 126 127
Heartbeat CPU 0 instructions: 70000016 cycles: 130653025 heartbeat IPC: 0.3084 cumulative IPC: 0.3616 (Simulation time: 02 hr 50 min 44 sec)
Heartbeat CPU 5 instructions: 70000016 cycles: 130767082 heartbeat IPC: 0.3054 cumulative IPC: 0.3616 (Simulation time: 02 hr 50 min 52 sec)
Heartbeat CPU 3 instructions: 70000016 cycles: 130890043 heartbeat IPC: 0.3085 cumulative IPC: 0.3612 (Simulation time: 02 hr 51 min 01 sec)
Heartbeat CPU 7 instructions: 70000016 cycles: 131061091 heartbeat IPC: 0.3041 cumulative IPC: 0.3608 (Simulation time: 02 hr 51 min 13 sec)
Heartbeat CPU 6 instructions: 70000020 cycles: 131156521 heartbeat IPC: 0.3064 cumulative IPC: 0.3605 (Simulation time: 02 hr 51 min 19 sec)
Heartbeat CPU 1 instructions: 70000016 cycles: 131667173 heartbeat IPC: 0.3072 cumulative IPC: 0.3588 (Simulation time: 02 hr 51 min 56 sec)
Heartbeat CPU 2 instructions: 70000016 cycles: 131684578 heartbeat IPC: 0.3048 cumulative IPC: 0.3588 (Simulation time: 02 hr 51 min 57 sec)
Heartbeat CPU 4 instructions: 70000020 cycles: 131942643 heartbeat IPC: 0.3044 cumulative IPC: 0.3582 (Simulation time: 02 hr 52 min 16 sec)
max lookup for evict 10500000 = 10
lookup_sel: 255 255 255 255 249 248 243 188 139 141 122 121 102 93 125 125
max lookup for evict 10600000 = 10
lookup_sel: 255 255 255 255 255 252 247 189 140 141 122 121 102 96 125 125
max lookup for evict 10700000 = 10
lookup_sel: 255 255 255 254 254 252 244 187 139 140 121 121 102 96 125 125
max lookup for evict 10800000 = 10
lookup_sel: 255 255 255 255 255 250 244 188 140 140 122 121 102 97 125 124
max lookup for evict 10900000 = 10
lookup_sel: 255 255 255 255 255 252 245 190 140 139 122 121 103 97 125 124
max lookup for evict 11000000 = 10
lookup_sel: 255 255 255 255 255 252 245 190 141 139 122 122 104 97 125 124
max lookup for evict 11100000 = 10
lookup_sel: 255 255 255 255 255 252 245 190 141 139 123 123 104 97 125 124
max lookup for evict 11200000 = 10
lookup_sel: 255 255 255 255 255 252 245 190 141 140 123 123 104 97 125 124
max lookup for evict 11300000 = 10
lookup_sel: 255 255 255 255 255 252 246 191 141 142 123 123 104 97 125 124
max lookup for evict 11400000 = 10
lookup_sel: 255 255 255 255 255 255 247 192 142 142 124 125 104 97 125 124
max lookup for evict 11500000 = 10
lookup_sel: 255 255 255 255 255 255 250 193 143 143 124 126 106 97 125 124
max lookup for evict 11600000 = 10
lookup_sel: 255 255 255 255 255 255 252 195 143 143 124 126 107 97 125 124
max lookup for evict 11700000 = 10
lookup_sel: 255 255 255 255 255 255 255 193 144 143 123 126 107 97 125 124
max lookup for evict 11800000 = 10
lookup_sel: 255 255 255 255 255 255 255 193 144 143 124 127 107 97 126 124
Heartbeat CPU 0 instructions: 80000017 cycles: 153218713 heartbeat IPC: 0.4432 cumulative IPC: 0.3741 (Simulation time: 03 hr 18 min 25 sec)
Heartbeat CPU 5 instructions: 80000017 cycles: 153223320 heartbeat IPC: 0.4453 cumulative IPC: 0.3744 (Simulation time: 03 hr 18 min 26 sec)
Heartbeat CPU 3 instructions: 80000016 cycles: 153307622 heartbeat IPC: 0.4461 cumulative IPC: 0.3742 (Simulation time: 03 hr 18 min 33 sec)
Heartbeat CPU 7 instructions: 80000016 cycles: 153493862 heartbeat IPC: 0.4458 cumulative IPC: 0.3738 (Simulation time: 03 hr 18 min 49 sec)
Heartbeat CPU 6 instructions: 80000020 cycles: 153700516 heartbeat IPC: 0.4436 cumulative IPC: 0.3732 (Simulation time: 03 hr 19 min 07 sec)
Heartbeat CPU 1 instructions: 80000016 cycles: 154426491 heartbeat IPC: 0.4394 cumulative IPC: 0.3712 (Simulation time: 03 hr 20 min 10 sec)
max lookup for evict 11900000 = 10
lookup_sel: 255 254 254 255 254 254 254 193 145 140 122 127 107 98 126 124
Heartbeat CPU 2 instructions: 80000016 cycles: 154486398 heartbeat IPC: 0.4386 cumulative IPC: 0.3711 (Simulation time: 03 hr 20 min 15 sec)
Heartbeat CPU 4 instructions: 80000020 cycles: 154593335 heartbeat IPC: 0.4415 cumulative IPC: 0.3709 (Simulation time: 03 hr 20 min 24 sec)
max lookup for evict 12000000 = 10
lookup_sel: 255 255 255 255 255 255 254 193 144 141 122 127 108 98 127 124
max lookup for evict 12100000 = 12
lookup_sel: 255 255 255 255 255 255 255 194 145 141 122 128 108 98 127 124
max lookup for evict 12200000 = 12
lookup_sel: 255 255 255 255 255 255 255 194 145 140 122 128 108 98 127 124
max lookup for evict 12300000 = 12
lookup_sel: 255 255 255 255 255 255 255 195 146 142 122 128 108 99 127 124
max lookup for evict 12400000 = 10
lookup_sel: 255 255 255 254 254 255 254 196 144 144 122 126 108 99 127 124
max lookup for evict 12500000 = 10
lookup_sel: 255 254 255 255 249 252 251 196 141 141 120 124 105 100 126 124
max lookup for evict 12600000 = 10
lookup_sel: 255 255 255 253 247 253 248 193 138 139 117 123 105 96 124 122
max lookup for evict 12700000 = 10
lookup_sel: 255 255 255 251 246 254 248 191 134 137 117 122 105 92 123 123
max lookup for evict 12800000 = 10
lookup_sel: 255 255 255 251 252 254 249 191 133 136 117 122 105 90 123 123
max lookup for evict 12900000 = 10
lookup_sel: 255 255 255 254 255 254 251 192 135 136 117 123 105 90 123 123
max lookup for evict 13000000 = 10
lookup_sel: 255 255 255 255 255 254 252 192 135 137 117 123 105 90 123 123
max lookup for evict 13100000 = 10
lookup_sel: 255 255 255 255 255 254 252 194 138 138 118 123 105 91 123 123
max lookup for evict 13200000 = 10
lookup_sel: 255 255 255 255 255 255 252 195 139 139 119 123 105 91 123 123
Heartbeat CPU 0 instructions: 90000020 cycles: 175145510 heartbeat IPC: 0.4561 cumulative IPC: 0.3847 (Simulation time: 03 hr 45 min 45 sec)
Heartbeat CPU 5 instructions: 90000020 cycles: 175149099 heartbeat IPC: 0.4561 cumulative IPC: 0.385 (Simulation time: 03 hr 45 min 46 sec)
max lookup for evict 13300000 = 10
lookup_sel: 255 255 255 255 255 255 252 196 139 139 119 123 105 91 123 123
Heartbeat CPU 7 instructions: 90000020 cycles: 175350026 heartbeat IPC: 0.4575 cumulative IPC: 0.3846 (Simulation time: 03 hr 46 min 01 sec)
Heartbeat CPU 3 instructions: 90000020 cycles: 175528299 heartbeat IPC: 0.45 cumulative IPC: 0.3841 (Simulation time: 03 hr 46 min 14 sec)
Heartbeat CPU 6 instructions: 90000020 cycles: 175732338 heartbeat IPC: 0.4539 cumulative IPC: 0.3837 (Simulation time: 03 hr 46 min 29 sec)
Heartbeat CPU 2 instructions: 90000020 cycles: 176389799 heartbeat IPC: 0.4566 cumulative IPC: 0.3821 (Simulation time: 03 hr 47 min 19 sec)
Heartbeat CPU 1 instructions: 90000020 cycles: 176730476 heartbeat IPC: 0.4484 cumulative IPC: 0.3813 (Simulation time: 03 hr 47 min 44 sec)
max lookup for evict 13400000 = 10
lookup_sel: 255 255 255 255 255 255 253 197 141 141 120 124 105 91 123 123
Heartbeat CPU 4 instructions: 90000020 cycles: 176744746 heartbeat IPC: 0.4514 cumulative IPC: 0.3814 (Simulation time: 03 hr 47 min 45 sec)
max lookup for evict 13500000 = 10
lookup_sel: 255 255 255 255 255 255 255 198 142 142 120 125 105 92 123 123
max lookup for evict 13600000 = 10
lookup_sel: 255 255 255 255 255 255 255 198 142 142 120 126 105 92 123 123
max lookup for evict 13700000 = 10
lookup_sel: 255 255 255 255 255 255 255 199 145 145 121 127 105 92 123 124
max lookup for evict 13800000 = 12
lookup_sel: 255 255 255 255 255 255 255 202 146 145 124 128 105 92 124 124
max lookup for evict 13900000 = 12
lookup_sel: 255 255 255 255 255 254 254 202 146 145 125 128 105 93 125 124
max lookup for evict 14000000 = 12
lookup_sel: 255 255 255 255 255 255 255 204 147 146 125 128 105 93 125 124
max lookup for evict 14100000 = 12
lookup_sel: 255 255 255 255 255 255 255 205 148 146 126 129 105 93 125 124
max lookup for evict 14200000 = 12
lookup_sel: 255 255 254 255 255 255 254 204 146 141 123 128 103 93 125 124
max lookup for evict 14300000 = 10
lookup_sel: 255 254 254 255 255 254 252 203 144 136 119 125 101 93 123 124
max lookup for evict 14400000 = 10
lookup_sel: 255 255 255 255 253 253 249 199 144 136 118 124 100 93 122 120
max lookup for evict 14500000 = 10
lookup_sel: 255 255 255 255 254 255 247 204 143 133 116 121 96 90 119 116
max lookup for evict 14600000 = 10
lookup_sel: 255 255 255 255 255 255 252 207 141 131 114 121 93 90 118 116
max lookup for evict 14700000 = 10
lookup_sel: 255 255 255 255 255 255 251 209 140 130 113 121 93 90 118 116
max lookup for evict 14800000 = 10
lookup_sel: 255 255 255 255 255 255 252 210 141 131 113 121 93 90 118 116
max lookup for evict 14900000 = 10
lookup_sel: 255 255 255 255 255 255 252 212 143 132 114 122 94 90 118 116
max lookup for evict 15000000 = 10
lookup_sel: 255 255 255 255 255 255 255 213 145 132 114 124 94 90 118 116
max lookup for evict 15100000 = 10
lookup_sel: 255 255 255 255 255 254 255 214 147 135 114 124 94 90 118 116
max lookup for evict 15200000 = 10
lookup_sel: 255 255 255 255 254 255 255 215 148 137 115 124 95 90 118 116
max lookup for evict 15300000 = 10
lookup_sel: 255 255 254 255 249 255 250 214 147 132 115 121 95 91 119 115
max lookup for evict 15400000 = 10
lookup_sel: 255 255 255 254 243 251 247 216 145 129 115 119 94 91 119 115
max lookup for evict 15500000 = 10
lookup_sel: 255 255 255 252 237 251 245 215 144 128 115 115 91 89 116 114
max lookup for evict 15600000 = 10
lookup_sel: 255 255 255 255 245 255 246 216 145 128 115 114 84 87 111 114
max lookup for evict 15700000 = 10
lookup_sel: 255 255 255 255 252 255 249 218 146 128 115 113 81 84 106 112
max lookup for evict 15800000 = 9
lookup_sel: 255 255 255 255 254 255 251 220 148 126 116 112 80 82 106 111
max lookup for evict 15900000 = 9
lookup_sel: 255 255 255 255 255 255 254 220 149 125 116 113 81 80 104 111
max lookup for evict 16000000 = 9
lookup_sel: 255 255 255 255 255 255 255 222 151 126 117 113 85 80 104 111
max lookup for evict 16100000 = 10
lookup_sel: 255 255 255 255 255 255 255 226 151 129 118 115 87 81 104 111
Heartbeat CPU 0 instructions: 100000021 cycles: 215996585 heartbeat IPC: 0.2448 cumulative IPC: 0.3575 (Simulation time: 04 hr 30 min 48 sec)
max lookup for evict 16200000 = 10
lookup_sel: 255 255 255 255 255 255 255 228 153 132 119 117 88 81 104 111
Heartbeat CPU 3 instructions: 100000021 cycles: 216667054 heartbeat IPC: 0.2431 cumulative IPC: 0.3565 (Simulation time: 04 hr 31 min 29 sec)
max lookup for evict 16300000 = 10
lookup_sel: 255 255 255 255 255 255 255 229 155 135 122 117 88 81 104 111
Heartbeat CPU 5 instructions: 100000021 cycles: 217466992 heartbeat IPC: 0.2363 cumulative IPC: 0.3552 (Simulation time: 04 hr 32 min 16 sec)
Heartbeat CPU 7 instructions: 100000021 cycles: 217476578 heartbeat IPC: 0.2374 cumulative IPC: 0.3552 (Simulation time: 04 hr 32 min 16 sec)
Heartbeat CPU 6 instructions: 100000021 cycles: 217673630 heartbeat IPC: 0.2384 cumulative IPC: 0.3549 (Simulation time: 04 hr 32 min 28 sec)
max lookup for evict 16400000 = 10
lookup_sel: 255 255 255 255 255 255 255 229 157 136 123 118 89 82 104 112
Heartbeat CPU 2 instructions: 100000021 cycles: 218847044 heartbeat IPC: 0.2355 cumulative IPC: 0.3528 (Simulation time: 04 hr 33 min 55 sec)
Heartbeat CPU 1 instructions: 100000021 cycles: 219885036 heartbeat IPC: 0.2317 cumulative IPC: 0.3511 (Simulation time: 04 hr 35 min 19 sec)
max lookup for evict 16500000 = 10
lookup_sel: 255 255 255 255 255 254 255 232 161 137 122 121 89 81 104 112
Heartbeat CPU 4 instructions: 100000021 cycles: 220895209 heartbeat IPC: 0.2265 cumulative IPC: 0.3495 (Simulation time: 04 hr 36 min 41 sec)
max lookup for evict 16600000 = 10
lookup_sel: 255 254 254 255 254 255 255 236 166 139 120 122 84 77 100 112
max lookup for evict 16700000 = 10
lookup_sel: 255 255 252 251 247 249 251 234 165 137 116 122 83 76 98 111
Heartbeat CPU 6 instructions: 110000024 cycles: 227402446 heartbeat IPC: 1.028 cumulative IPC: 0.3845 (Simulation time: 04 hr 46 min 32 sec)
Heartbeat CPU 0 instructions: 110000024 cycles: 227720869 heartbeat IPC: 0.8529 cumulative IPC: 0.3837 (Simulation time: 04 hr 47 min 03 sec)
Heartbeat CPU 7 instructions: 110000024 cycles: 227751854 heartbeat IPC: 0.9732 cumulative IPC: 0.3839 (Simulation time: 04 hr 47 min 06 sec)
Heartbeat CPU 3 instructions: 110000024 cycles: 227903005 heartbeat IPC: 0.89 cumulative IPC: 0.3836 (Simulation time: 04 hr 47 min 21 sec)
Heartbeat CPU 5 instructions: 110000024 cycles: 228068544 heartbeat IPC: 0.9433 cumulative IPC: 0.3833 (Simulation time: 04 hr 47 min 37 sec)
Heartbeat CPU 2 instructions: 110000024 cycles: 228188558 heartbeat IPC: 1.07 cumulative IPC: 0.3831 (Simulation time: 04 hr 47 min 49 sec)
Heartbeat CPU 1 instructions: 110000024 cycles: 228520813 heartbeat IPC: 1.158 cumulative IPC: 0.3824 (Simulation time: 04 hr 48 min 20 sec)
Heartbeat CPU 4 instructions: 110000024 cycles: 229465945 heartbeat IPC: 1.167 cumulative IPC: 0.3809 (Simulation time: 04 hr 49 min 48 sec)
max lookup for evict 16800000 = 10
lookup_sel: 255 254 232 234 233 245 245 228 163 131 114 115 79 72 96 111
max lookup for evict 16900000 = 9
lookup_sel: 255 253 232 229 231 243 246 225 158 127 111 107 75 68 94 111
max lookup for evict 17000000 = 9
lookup_sel: 255 255 233 227 227 243 239 218 150 125 105 102 72 60 88 109
max lookup for evict 17100000 = 9
lookup_sel: 255 254 236 224 223 237 228 208 142 118 94 91 66 58 82 107
max lookup for evict 17200000 = 9
lookup_sel: 255 255 240 222 225 239 230 209 142 117 89 90 62 46 79 105
max lookup for evict 17300000 = 9
lookup_sel: 255 255 250 223 230 239 230 208 144 118 84 88 63 39 76 103
max lookup for evict 17400000 = 9
lookup_sel: 255 255 255 229 234 243 226 205 141 116 79 86 64 40 75 102
max lookup for evict 17500000 = 9
lookup_sel: 255 255 255 237 237 243 224 207 142 113 76 88 62 39 72 100
Heartbeat CPU 7 instructions: 120000026 cycles: 242461262 heartbeat IPC: 0.6798 cumulative IPC: 0.4023 (Simulation time: 05 hr 06 min 20 sec)
Heartbeat CPU 6 instructions: 120000026 cycles: 242501844 heartbeat IPC: 0.6623 cumulative IPC: 0.4023 (Simulation time: 05 hr 06 min 23 sec)
Heartbeat CPU 1 instructions: 120000026 cycles: 243126533 heartbeat IPC: 0.6847 cumulative IPC: 0.4011 (Simulation time: 05 hr 07 min 13 sec)
Heartbeat CPU 5 instructions: 120000026 cycles: 243735886 heartbeat IPC: 0.6383 cumulative IPC: 0.4002 (Simulation time: 05 hr 08 min 09 sec)
max lookup for evict 17600000 = 9
lookup_sel: 255 255 255 241 247 246 218 202 144 107 74 86 62 41 73 97
Heartbeat CPU 3 instructions: 120000026 cycles: 243883541 heartbeat IPC: 0.6258 cumulative IPC: 0.3999 (Simulation time: 05 hr 08 min 23 sec)
Heartbeat CPU 0 instructions: 120000026 cycles: 243883670 heartbeat IPC: 0.6187 cumulative IPC: 0.3997 (Simulation time: 05 hr 08 min 23 sec)
Heartbeat CPU 2 instructions: 120000026 cycles: 243930128 heartbeat IPC: 0.6353 cumulative IPC: 0.3998 (Simulation time: 05 hr 08 min 27 sec)
Heartbeat CPU 4 instructions: 120000026 cycles: 245262912 heartbeat IPC: 0.633 cumulative IPC: 0.3976 (Simulation time: 05 hr 10 min 28 sec)
max lookup for evict 17700000 = 9
lookup_sel: 255 254 255 251 252 246 220 201 144 109 76 84 60 39 71 92
Simulation finished CPU 7 instructions: 100000002 cycles: 241651328 cumulative IPC: 0.4138 (Simulation time: 05 hr 14 min 26 sec)
Simulation finished CPU 6 instructions: 100000000 cycles: 241890086 cumulative IPC: 0.4134 (Simulation time: 05 hr 14 min 46 sec)
Simulation finished CPU 1 instructions: 100000002 cycles: 242288016 cumulative IPC: 0.4127 (Simulation time: 05 hr 15 min 21 sec)
Simulation finished CPU 5 instructions: 100000000 cycles: 242567330 cumulative IPC: 0.4123 (Simulation time: 05 hr 15 min 46 sec)
Simulation finished CPU 3 instructions: 100000002 cycles: 242878174 cumulative IPC: 0.4117 (Simulation time: 05 hr 16 min 13 sec)
Simulation finished CPU 0 instructions: 100000001 cycles: 243076257 cumulative IPC: 0.4114 (Simulation time: 05 hr 16 min 31 sec)
Simulation finished CPU 2 instructions: 100000000 cycles: 243231836 cumulative IPC: 0.4111 (Simulation time: 05 hr 16 min 45 sec)
max lookup for evict 17800000 = 9
lookup_sel: 255 255 254 255 254 246 220 199 146 110 75 85 61 39 71 92
Simulation finished CPU 4 instructions: 100000000 cycles: 244011262 cumulative IPC: 0.4098 (Simulation time: 05 hr 17 min 57 sec)
Simulation complete CPU 7 instructions: 102456028 cycles: 244011262 cumulative IPC: 0.4199 (Simulation time: 05 hr 17 min 57 sec)
Simulation complete CPU 6 instructions: 102301175 cycles: 244011262 cumulative IPC: 0.4192 (Simulation time: 05 hr 17 min 57 sec)
Simulation complete CPU 5 instructions: 101607614 cycles: 244011262 cumulative IPC: 0.4164 (Simulation time: 05 hr 17 min 57 sec)
Simulation complete CPU 4 instructions: 100000000 cycles: 244011262 cumulative IPC: 0.4098 (Simulation time: 05 hr 17 min 57 sec)
Simulation complete CPU 3 instructions: 101293100 cycles: 244011262 cumulative IPC: 0.4151 (Simulation time: 05 hr 17 min 57 sec)
Simulation complete CPU 2 instructions: 100842259 cycles: 244011262 cumulative IPC: 0.4133 (Simulation time: 05 hr 17 min 57 sec)
Simulation complete CPU 1 instructions: 101901622 cycles: 244011262 cumulative IPC: 0.4176 (Simulation time: 05 hr 17 min 57 sec)
Simulation complete CPU 0 instructions: 101064872 cycles: 244011262 cumulative IPC: 0.4142 (Simulation time: 05 hr 17 min 57 sec)

ChampSim completed all CPUs

=== Simulation ===
CPU 0 runs ../frost/TRACES/ctf/spec2017/621.wrf_s-6673B.champsimtrace.xz
CPU 1 runs ../frost/TRACES/ctf/spec2017/621.wrf_s-6673B.champsimtrace.xz
CPU 2 runs ../frost/TRACES/ctf/spec2017/621.wrf_s-6673B.champsimtrace.xz
CPU 3 runs ../frost/TRACES/ctf/spec2017/621.wrf_s-6673B.champsimtrace.xz
CPU 4 runs ../frost/TRACES/ctf/spec2017/621.wrf_s-6673B.champsimtrace.xz
CPU 5 runs ../frost/TRACES/ctf/spec2017/621.wrf_s-6673B.champsimtrace.xz
CPU 6 runs ../frost/TRACES/ctf/spec2017/621.wrf_s-6673B.champsimtrace.xz
CPU 7 runs ../frost/TRACES/ctf/spec2017/621.wrf_s-6673B.champsimtrace.xz

Total Simulation Statistics (not including warmup)

CPU 7 cumulative IPC: 0.4199 instructions: 102456028 cycles: 244011262
CPU 7 Branch Prediction Accuracy: 100% MPKI: 0 Average ROB Occupancy at Mispredict: -
Branch type MPKI
BRANCH_DIRECT_JUMP: 0
BRANCH_INDIRECT: 0
BRANCH_CONDITIONAL: 0
BRANCH_DIRECT_CALL: 0
BRANCH_INDIRECT_CALL: 0
BRANCH_RETURN: 0


CPU 6 cumulative IPC: 0.4192 instructions: 102301175 cycles: 244011262
CPU 6 Branch Prediction Accuracy: 100% MPKI: 0 Average ROB Occupancy at Mispredict: -
Branch type MPKI
BRANCH_DIRECT_JUMP: 0
BRANCH_INDIRECT: 0
BRANCH_CONDITIONAL: 0
BRANCH_DIRECT_CALL: 0
BRANCH_INDIRECT_CALL: 0
BRANCH_RETURN: 0


CPU 5 cumulative IPC: 0.4164 instructions: 101607614 cycles: 244011262
CPU 5 Branch Prediction Accuracy: 100% MPKI: 0 Average ROB Occupancy at Mispredict: -
Branch type MPKI
BRANCH_DIRECT_JUMP: 0
BRANCH_INDIRECT: 0
BRANCH_CONDITIONAL: 0
BRANCH_DIRECT_CALL: 0
BRANCH_INDIRECT_CALL: 0
BRANCH_RETURN: 0


CPU 4 cumulative IPC: 0.4098 instructions: 100000000 cycles: 244011262
CPU 4 Branch Prediction Accuracy: 100% MPKI: 0 Average ROB Occupancy at Mispredict: -
Branch type MPKI
BRANCH_DIRECT_JUMP: 0
BRANCH_INDIRECT: 0
BRANCH_CONDITIONAL: 0
BRANCH_DIRECT_CALL: 0
BRANCH_INDIRECT_CALL: 0
BRANCH_RETURN: 0


CPU 3 cumulative IPC: 0.4151 instructions: 101293100 cycles: 244011262
CPU 3 Branch Prediction Accuracy: 100% MPKI: 0 Average ROB Occupancy at Mispredict: -
Branch type MPKI
BRANCH_DIRECT_JUMP: 0
BRANCH_INDIRECT: 0
BRANCH_CONDITIONAL: 0
BRANCH_DIRECT_CALL: 0
BRANCH_INDIRECT_CALL: 0
BRANCH_RETURN: 0


CPU 2 cumulative IPC: 0.4133 instructions: 100842259 cycles: 244011262
CPU 2 Branch Prediction Accuracy: 100% MPKI: 0 Average ROB Occupancy at Mispredict: -
Branch type MPKI
BRANCH_DIRECT_JUMP: 0
BRANCH_INDIRECT: 0
BRANCH_CONDITIONAL: 0
BRANCH_DIRECT_CALL: 0
BRANCH_INDIRECT_CALL: 0
BRANCH_RETURN: 0


CPU 1 cumulative IPC: 0.4176 instructions: 101901622 cycles: 244011262
CPU 1 Branch Prediction Accuracy: 100% MPKI: 0 Average ROB Occupancy at Mispredict: -
Branch type MPKI
BRANCH_DIRECT_JUMP: 0
BRANCH_INDIRECT: 0
BRANCH_CONDITIONAL: 0
BRANCH_DIRECT_CALL: 0
BRANCH_INDIRECT_CALL: 0
BRANCH_RETURN: 0


CPU 0 cumulative IPC: 0.4142 instructions: 101064872 cycles: 244011262
CPU 0 Branch Prediction Accuracy: 100% MPKI: 0 Average ROB Occupancy at Mispredict: -
Branch type MPKI
BRANCH_DIRECT_JUMP: 0
BRANCH_INDIRECT: 0
BRANCH_CONDITIONAL: 0
BRANCH_DIRECT_CALL: 0
BRANCH_INDIRECT_CALL: 0
BRANCH_RETURN: 0

cpu7->cpu7_STLB TOTAL        ACCESS:         27 HIT:          4 MISS:         23 MSHR_MERGE:          0
cpu7->cpu7_STLB LOAD         ACCESS:         27 HIT:          4 MISS:         23 MSHR_MERGE:          0
cpu7->cpu7_STLB RFO          ACCESS:          0 HIT:          0 MISS:          0 MSHR_MERGE:          0
cpu7->cpu7_STLB PREFETCH     ACCESS:          0 HIT:          0 MISS:          0 MSHR_MERGE:          0
cpu7->cpu7_STLB WRITE        ACCESS:          0 HIT:          0 MISS:          0 MSHR_MERGE:          0
cpu7->cpu7_STLB TRANSLATION  ACCESS:          0 HIT:          0 MISS:          0 MSHR_MERGE:          0
cpu7->cpu7_STLB PREFETCH REQUESTED:          0 ISSUED:          0 USEFUL:          0 USELESS:          0
cpu7->cpu7_STLB AVERAGE MISS LATENCY: 238.6 cycles
cpu7->cpu7_L2C TOTAL        ACCESS:    3761691 HIT:    1694405 MISS:    2067286 MSHR_MERGE:          0
cpu7->cpu7_L2C LOAD         ACCESS:    2270509 HIT:     528245 MISS:    1742264 MSHR_MERGE:          0
cpu7->cpu7_L2C RFO          ACCESS:     451728 HIT:     127227 MISS:     324501 MSHR_MERGE:          0
cpu7->cpu7_L2C PREFETCH     ACCESS:          0 HIT:          0 MISS:          0 MSHR_MERGE:          0
cpu7->cpu7_L2C WRITE        ACCESS:    1039432 HIT:    1038933 MISS:        499 MSHR_MERGE:          0
cpu7->cpu7_L2C TRANSLATION  ACCESS:         22 HIT:          0 MISS:         22 MSHR_MERGE:          0
cpu7->cpu7_L2C PREFETCH REQUESTED:          0 ISSUED:          0 USEFUL:          0 USELESS:          0
cpu7->cpu7_L2C AVERAGE MISS LATENCY: 319.5 cycles
cpu7->cpu7_L1I TOTAL        ACCESS:   19845732 HIT:   19836024 MISS:       9708 MSHR_MERGE:       5239
cpu7->cpu7_L1I LOAD         ACCESS:   19845732 HIT:   19836024 MISS:       9708 MSHR_MERGE:       5239
cpu7->cpu7_L1I RFO          ACCESS:          0 HIT:          0 MISS:          0 MSHR_MERGE:          0
cpu7->cpu7_L1I PREFETCH     ACCESS:          0 HIT:          0 MISS:          0 MSHR_MERGE:          0
cpu7->cpu7_L1I WRITE        ACCESS:          0 HIT:          0 MISS:          0 MSHR_MERGE:          0
cpu7->cpu7_L1I TRANSLATION  ACCESS:          0 HIT:          0 MISS:          0 MSHR_MERGE:          0
cpu7->cpu7_L1I PREFETCH REQUESTED:          0 ISSUED:          0 USEFUL:          0 USELESS:          0
cpu7->cpu7_L1I AVERAGE MISS LATENCY: 419.1 cycles
cpu7->cpu7_L1D TOTAL        ACCESS:   31746117 HIT:   25557636 MISS:    6188481 MSHR_MERGE:    3470683
cpu7->cpu7_L1D LOAD         ACCESS:   25260247 HIT:   20938290 MISS:    4321957 MSHR_MERGE:    2055916
cpu7->cpu7_L1D RFO          ACCESS:          0 HIT:          0 MISS:          0 MSHR_MERGE:          0
cpu7->cpu7_L1D PREFETCH     ACCESS:          0 HIT:          0 MISS:          0 MSHR_MERGE:          0
cpu7->cpu7_L1D WRITE        ACCESS:    6485847 HIT:    4619345 MISS:    1866502 MSHR_MERGE:    1414767
cpu7->cpu7_L1D TRANSLATION  ACCESS:         23 HIT:          1 MISS:         22 MSHR_MERGE:          0
cpu7->cpu7_L1D PREFETCH REQUESTED:          0 ISSUED:          0 USEFUL:          0 USELESS:          0
cpu7->cpu7_L1D AVERAGE MISS LATENCY: 251.2 cycles
cpu7->cpu7_ITLB TOTAL        ACCESS:   17167851 HIT:   17167843 MISS:          8 MSHR_MERGE:          5
cpu7->cpu7_ITLB LOAD         ACCESS:   17167851 HIT:   17167843 MISS:          8 MSHR_MERGE:          5
cpu7->cpu7_ITLB RFO          ACCESS:          0 HIT:          0 MISS:          0 MSHR_MERGE:          0
cpu7->cpu7_ITLB PREFETCH     ACCESS:          0 HIT:          0 MISS:          0 MSHR_MERGE:          0
cpu7->cpu7_ITLB WRITE        ACCESS:          0 HIT:          0 MISS:          0 MSHR_MERGE:          0
cpu7->cpu7_ITLB TRANSLATION  ACCESS:          0 HIT:          0 MISS:          0 MSHR_MERGE:          0
cpu7->cpu7_ITLB PREFETCH REQUESTED:          0 ISSUED:          0 USEFUL:          0 USELESS:          0
cpu7->cpu7_ITLB AVERAGE MISS LATENCY: 260.7 cycles
cpu7->cpu7_DTLB TOTAL        ACCESS:   29881572 HIT:   29881434 MISS:        138 MSHR_MERGE:        114
cpu7->cpu7_DTLB LOAD         ACCESS:   29881572 HIT:   29881434 MISS:        138 MSHR_MERGE:        114
cpu7->cpu7_DTLB RFO          ACCESS:          0 HIT:          0 MISS:          0 MSHR_MERGE:          0
cpu7->cpu7_DTLB PREFETCH     ACCESS:          0 HIT:          0 MISS:          0 MSHR_MERGE:          0
cpu7->cpu7_DTLB WRITE        ACCESS:          0 HIT:          0 MISS:          0 MSHR_MERGE:          0
cpu7->cpu7_DTLB TRANSLATION  ACCESS:          0 HIT:          0 MISS:          0 MSHR_MERGE:          0
cpu7->cpu7_DTLB PREFETCH REQUESTED:          0 ISSUED:          0 USEFUL:          0 USELESS:          0
cpu7->cpu7_DTLB AVERAGE MISS LATENCY: 202.6 cycles
cpu6->cpu6_STLB TOTAL        ACCESS:         27 HIT:          4 MISS:         23 MSHR_MERGE:          0
cpu6->cpu6_STLB LOAD         ACCESS:         27 HIT:          4 MISS:         23 MSHR_MERGE:          0
cpu6->cpu6_STLB RFO          ACCESS:          0 HIT:          0 MISS:          0 MSHR_MERGE:          0
cpu6->cpu6_STLB PREFETCH     ACCESS:          0 HIT:          0 MISS:          0 MSHR_MERGE:          0
cpu6->cpu6_STLB WRITE        ACCESS:          0 HIT:          0 MISS:          0 MSHR_MERGE:          0
cpu6->cpu6_STLB TRANSLATION  ACCESS:          0 HIT:          0 MISS:          0 MSHR_MERGE:          0
cpu6->cpu6_STLB PREFETCH REQUESTED:          0 ISSUED:          0 USEFUL:          0 USELESS:          0
cpu6->cpu6_STLB AVERAGE MISS LATENCY: 250.3 cycles
cpu6->cpu6_L2C TOTAL        ACCESS:    3760677 HIT:    1694183 MISS:    2066494 MSHR_MERGE:          0
cpu6->cpu6_L2C LOAD         ACCESS:    2269762 HIT:     528293 MISS:    1741469 MSHR_MERGE:          0
cpu6->cpu6_L2C RFO          ACCESS:     451715 HIT:     127211 MISS:     324504 MSHR_MERGE:          0
cpu6->cpu6_L2C PREFETCH     ACCESS:          0 HIT:          0 MISS:          0 MSHR_MERGE:          0
cpu6->cpu6_L2C WRITE        ACCESS:    1039178 HIT:    1038679 MISS:        499 MSHR_MERGE:          0
cpu6->cpu6_L2C TRANSLATION  ACCESS:         22 HIT:          0 MISS:         22 MSHR_MERGE:          0
cpu6->cpu6_L2C PREFETCH REQUESTED:          0 ISSUED:          0 USEFUL:          0 USELESS:          0
cpu6->cpu6_L2C AVERAGE MISS LATENCY: 318.6 cycles
cpu6->cpu6_L1I TOTAL        ACCESS:   19810894 HIT:   19801161 MISS:       9733 MSHR_MERGE:       5265
cpu6->cpu6_L1I LOAD         ACCESS:   19810894 HIT:   19801161 MISS:       9733 MSHR_MERGE:       5265
cpu6->cpu6_L1I RFO          ACCESS:          0 HIT:          0 MISS:          0 MSHR_MERGE:          0
cpu6->cpu6_L1I PREFETCH     ACCESS:          0 HIT:          0 MISS:          0 MSHR_MERGE:          0
cpu6->cpu6_L1I WRITE        ACCESS:          0 HIT:          0 MISS:          0 MSHR_MERGE:          0
cpu6->cpu6_L1I TRANSLATION  ACCESS:          0 HIT:          0 MISS:          0 MSHR_MERGE:          0
cpu6->cpu6_L1I PREFETCH REQUESTED:          0 ISSUED:          0 USEFUL:          0 USELESS:          0
cpu6->cpu6_L1I AVERAGE MISS LATENCY: 424.4 cycles
cpu6->cpu6_L1D TOTAL        ACCESS:   31706354 HIT:   25532935 MISS:    6173419 MSHR_MERGE:    3456376
cpu6->cpu6_L1D LOAD         ACCESS:   25225072 HIT:   20914877 MISS:    4310195 MSHR_MERGE:    2044900
cpu6->cpu6_L1D RFO          ACCESS:          0 HIT:          0 MISS:          0 MSHR_MERGE:          0
cpu6->cpu6_L1D PREFETCH     ACCESS:          0 HIT:          0 MISS:          0 MSHR_MERGE:          0
cpu6->cpu6_L1D WRITE        ACCESS:    6481259 HIT:    4618057 MISS:    1863202 MSHR_MERGE:    1411476
cpu6->cpu6_L1D TRANSLATION  ACCESS:         23 HIT:          1 MISS:         22 MSHR_MERGE:          0
cpu6->cpu6_L1D PREFETCH REQUESTED:          0 ISSUED:          0 USEFUL:          0 USELESS:          0
cpu6->cpu6_L1D AVERAGE MISS LATENCY: 250.5 cycles
cpu6->cpu6_ITLB TOTAL        ACCESS:   17149930 HIT:   17149922 MISS:          8 MSHR_MERGE:          5
cpu6->cpu6_ITLB LOAD         ACCESS:   17149930 HIT:   17149922 MISS:          8 MSHR_MERGE:          5
cpu6->cpu6_ITLB RFO          ACCESS:          0 HIT:          0 MISS:          0 MSHR_MERGE:          0
cpu6->cpu6_ITLB PREFETCH     ACCESS:          0 HIT:          0 MISS:          0 MSHR_MERGE:          0
cpu6->cpu6_ITLB WRITE        ACCESS:          0 HIT:          0 MISS:          0 MSHR_MERGE:          0
cpu6->cpu6_ITLB TRANSLATION  ACCESS:          0 HIT:          0 MISS:          0 MSHR_MERGE:          0
cpu6->cpu6_ITLB PREFETCH REQUESTED:          0 ISSUED:          0 USEFUL:          0 USELESS:          0
cpu6->cpu6_ITLB AVERAGE MISS LATENCY: 250.3 cycles
cpu6->cpu6_DTLB TOTAL        ACCESS:   29872402 HIT:   29872268 MISS:        134 MSHR_MERGE:        110
cpu6->cpu6_DTLB LOAD         ACCESS:   29872402 HIT:   29872268 MISS:        134 MSHR_MERGE:        110
cpu6->cpu6_DTLB RFO          ACCESS:          0 HIT:          0 MISS:          0 MSHR_MERGE:          0
cpu6->cpu6_DTLB PREFETCH     ACCESS:          0 HIT:          0 MISS:          0 MSHR_MERGE:          0
cpu6->cpu6_DTLB WRITE        ACCESS:          0 HIT:          0 MISS:          0 MSHR_MERGE:          0
cpu6->cpu6_DTLB TRANSLATION  ACCESS:          0 HIT:          0 MISS:          0 MSHR_MERGE:          0
cpu6->cpu6_DTLB PREFETCH REQUESTED:          0 ISSUED:          0 USEFUL:          0 USELESS:          0
cpu6->cpu6_DTLB AVERAGE MISS LATENCY: 215.2 cycles
cpu5->cpu5_STLB TOTAL        ACCESS:         27 HIT:          4 MISS:         23 MSHR_MERGE:          0
cpu5->cpu5_STLB LOAD         ACCESS:         27 HIT:          4 MISS:         23 MSHR_MERGE:          0
cpu5->cpu5_STLB RFO          ACCESS:          0 HIT:          0 MISS:          0 MSHR_MERGE:          0
cpu5->cpu5_STLB PREFETCH     ACCESS:          0 HIT:          0 MISS:          0 MSHR_MERGE:          0
cpu5->cpu5_STLB WRITE        ACCESS:          0 HIT:          0 MISS:          0 MSHR_MERGE:          0
cpu5->cpu5_STLB TRANSLATION  ACCESS:          0 HIT:          0 MISS:          0 MSHR_MERGE:          0
cpu5->cpu5_STLB PREFETCH REQUESTED:          0 ISSUED:          0 USEFUL:          0 USELESS:          0
cpu5->cpu5_STLB AVERAGE MISS LATENCY: 457.6 cycles
cpu5->cpu5_L2C TOTAL        ACCESS:    3756106 HIT:    1693016 MISS:    2063090 MSHR_MERGE:          0
cpu5->cpu5_L2C LOAD         ACCESS:    2266294 HIT:     528229 MISS:    1738065 MSHR_MERGE:          0
cpu5->cpu5_L2C RFO          ACCESS:     451719 HIT:     127215 MISS:     324504 MSHR_MERGE:          0
cpu5->cpu5_L2C PREFETCH     ACCESS:          0 HIT:          0 MISS:          0 MSHR_MERGE:          0
cpu5->cpu5_L2C WRITE        ACCESS:    1038071 HIT:    1037572 MISS:        499 MSHR_MERGE:          0
cpu5->cpu5_L2C TRANSLATION  ACCESS:         22 HIT:          0 MISS:         22 MSHR_MERGE:          0
cpu5->cpu5_L2C PREFETCH REQUESTED:          0 ISSUED:          0 USEFUL:          0 USELESS:          0
cpu5->cpu5_L2C AVERAGE MISS LATENCY: 323.8 cycles
cpu5->cpu5_L1I TOTAL        ACCESS:   19671008 HIT:   19661312 MISS:       9696 MSHR_MERGE:       5228
cpu5->cpu5_L1I LOAD         ACCESS:   19671008 HIT:   19661312 MISS:       9696 MSHR_MERGE:       5228
cpu5->cpu5_L1I RFO          ACCESS:          0 HIT:          0 MISS:          0 MSHR_MERGE:          0
cpu5->cpu5_L1I PREFETCH     ACCESS:          0 HIT:          0 MISS:          0 MSHR_MERGE:          0
cpu5->cpu5_L1I WRITE        ACCESS:          0 HIT:          0 MISS:          0 MSHR_MERGE:          0
cpu5->cpu5_L1I TRANSLATION  ACCESS:          0 HIT:          0 MISS:          0 MSHR_MERGE:          0
cpu5->cpu5_L1I PREFETCH REQUESTED:          0 ISSUED:          0 USEFUL:          0 USELESS:          0
cpu5->cpu5_L1I AVERAGE MISS LATENCY: 428.5 cycles
cpu5->cpu5_L1D TOTAL        ACCESS:   31520614 HIT:   25341830 MISS:    6178784 MSHR_MERGE:    3465202
cpu5->cpu5_L1D LOAD         ACCESS:   25059488 HIT:   20745753 MISS:    4313735 MSHR_MERGE:    2051907
cpu5->cpu5_L1D RFO          ACCESS:          0 HIT:          0 MISS:          0 MSHR_MERGE:          0
cpu5->cpu5_L1D PREFETCH     ACCESS:          0 HIT:          0 MISS:          0 MSHR_MERGE:          0
cpu5->cpu5_L1D WRITE        ACCESS:    6461103 HIT:    4596076 MISS:    1865027 MSHR_MERGE:    1413295
cpu5->cpu5_L1D TRANSLATION  ACCESS:         23 HIT:          1 MISS:         22 MSHR_MERGE:          0
cpu5->cpu5_L1D PREFETCH REQUESTED:          0 ISSUED:          0 USEFUL:          0 USELESS:          0
cpu5->cpu5_L1D AVERAGE MISS LATENCY: 254.3 cycles
cpu5->cpu5_ITLB TOTAL        ACCESS:   17039178 HIT:   17039172 MISS:          6 MSHR_MERGE:          3
cpu5->cpu5_ITLB LOAD         ACCESS:   17039178 HIT:   17039172 MISS:          6 MSHR_MERGE:          3
cpu5->cpu5_ITLB RFO          ACCESS:          0 HIT:          0 MISS:          0 MSHR_MERGE:          0
cpu5->cpu5_ITLB PREFETCH     ACCESS:          0 HIT:          0 MISS:          0 MSHR_MERGE:          0
cpu5->cpu5_ITLB WRITE        ACCESS:          0 HIT:          0 MISS:          0 MSHR_MERGE:          0
cpu5->cpu5_ITLB TRANSLATION  ACCESS:          0 HIT:          0 MISS:          0 MSHR_MERGE:          0
cpu5->cpu5_ITLB PREFETCH REQUESTED:          0 ISSUED:          0 USEFUL:          0 USELESS:          0
cpu5->cpu5_ITLB AVERAGE MISS LATENCY: 538.3 cycles
cpu5->cpu5_DTLB TOTAL        ACCESS:   29662742 HIT:   29662591 MISS:        151 MSHR_MERGE:        127
cpu5->cpu5_DTLB LOAD         ACCESS:   29662742 HIT:   29662591 MISS:        151 MSHR_MERGE:        127
cpu5->cpu5_DTLB RFO          ACCESS:          0 HIT:          0 MISS:          0 MSHR_MERGE:          0
cpu5->cpu5_DTLB PREFETCH     ACCESS:          0 HIT:          0 MISS:          0 MSHR_MERGE:          0
cpu5->cpu5_DTLB WRITE        ACCESS:          0 HIT:          0 MISS:          0 MSHR_MERGE:          0
cpu5->cpu5_DTLB TRANSLATION  ACCESS:          0 HIT:          0 MISS:          0 MSHR_MERGE:          0
cpu5->cpu5_DTLB PREFETCH REQUESTED:          0 ISSUED:          0 USEFUL:          0 USELESS:          0
cpu5->cpu5_DTLB AVERAGE MISS LATENCY: 377.8 cycles
cpu4->cpu4_STLB TOTAL        ACCESS:         27 HIT:          4 MISS:         23 MSHR_MERGE:          0
cpu4->cpu4_STLB LOAD         ACCESS:         27 HIT:          4 MISS:         23 MSHR_MERGE:          0
cpu4->cpu4_STLB RFO          ACCESS:          0 HIT:          0 MISS:          0 MSHR_MERGE:          0
cpu4->cpu4_STLB PREFETCH     ACCESS:          0 HIT:          0 MISS:          0 MSHR_MERGE:          0
cpu4->cpu4_STLB WRITE        ACCESS:          0 HIT:          0 MISS:          0 MSHR_MERGE:          0
cpu4->cpu4_STLB TRANSLATION  ACCESS:          0 HIT:          0 MISS:          0 MSHR_MERGE:          0
cpu4->cpu4_STLB PREFETCH REQUESTED:          0 ISSUED:          0 USEFUL:          0 USELESS:          0
cpu4->cpu4_STLB AVERAGE MISS LATENCY: 234 cycles
cpu4->cpu4_L2C TOTAL        ACCESS:    3745673 HIT:    1690396 MISS:    2055277 MSHR_MERGE:          0
cpu4->cpu4_L2C LOAD         ACCESS:    2258511 HIT:     528252 MISS:    1730259 MSHR_MERGE:          0
cpu4->cpu4_L2C RFO          ACCESS:     451714 HIT:     127213 MISS:     324501 MSHR_MERGE:          0
cpu4->cpu4_L2C PREFETCH     ACCESS:          0 HIT:          0 MISS:          0 MSHR_MERGE:          0
cpu4->cpu4_L2C WRITE        ACCESS:    1035426 HIT:    1034931 MISS:        495 MSHR_MERGE:          0
cpu4->cpu4_L2C TRANSLATION  ACCESS:         22 HIT:          0 MISS:         22 MSHR_MERGE:          0
cpu4->cpu4_L2C PREFETCH REQUESTED:          0 ISSUED:          0 USEFUL:          0 USELESS:          0
cpu4->cpu4_L2C AVERAGE MISS LATENCY: 318.8 cycles
cpu4->cpu4_L1I TOTAL        ACCESS:   19347601 HIT:   19337864 MISS:       9737 MSHR_MERGE:       5268
cpu4->cpu4_L1I LOAD         ACCESS:   19347601 HIT:   19337864 MISS:       9737 MSHR_MERGE:       5268
cpu4->cpu4_L1I RFO          ACCESS:          0 HIT:          0 MISS:          0 MSHR_MERGE:          0
cpu4->cpu4_L1I PREFETCH     ACCESS:          0 HIT:          0 MISS:          0 MSHR_MERGE:          0
cpu4->cpu4_L1I WRITE        ACCESS:          0 HIT:          0 MISS:          0 MSHR_MERGE:          0
cpu4->cpu4_L1I TRANSLATION  ACCESS:          0 HIT:          0 MISS:          0 MSHR_MERGE:          0
cpu4->cpu4_L1I PREFETCH REQUESTED:          0 ISSUED:          0 USEFUL:          0 USELESS:          0
cpu4->cpu4_L1I AVERAGE MISS LATENCY: 376.3 cycles
cpu4->cpu4_L1D TOTAL        ACCESS:   31082989 HIT:   24922353 MISS:    6160636 MSHR_MERGE:    3454837
cpu4->cpu4_L1D LOAD         ACCESS:   24667264 HIT:   20371341 MISS:    4295923 MSHR_MERGE:    2041880
cpu4->cpu4_L1D RFO          ACCESS:          0 HIT:          0 MISS:          0 MSHR_MERGE:          0
cpu4->cpu4_L1D PREFETCH     ACCESS:          0 HIT:          0 MISS:          0 MSHR_MERGE:          0
cpu4->cpu4_L1D WRITE        ACCESS:    6415702 HIT:    4551011 MISS:    1864691 MSHR_MERGE:    1412957
cpu4->cpu4_L1D TRANSLATION  ACCESS:         23 HIT:          1 MISS:         22 MSHR_MERGE:          0
cpu4->cpu4_L1D PREFETCH REQUESTED:          0 ISSUED:          0 USEFUL:          0 USELESS:          0
cpu4->cpu4_L1D AVERAGE MISS LATENCY: 250.4 cycles
cpu4->cpu4_ITLB TOTAL        ACCESS:   16790953 HIT:   16790942 MISS:         11 MSHR_MERGE:          8
cpu4->cpu4_ITLB LOAD         ACCESS:   16790953 HIT:   16790942 MISS:         11 MSHR_MERGE:          8
cpu4->cpu4_ITLB RFO          ACCESS:          0 HIT:          0 MISS:          0 MSHR_MERGE:          0
cpu4->cpu4_ITLB PREFETCH     ACCESS:          0 HIT:          0 MISS:          0 MSHR_MERGE:          0
cpu4->cpu4_ITLB WRITE        ACCESS:          0 HIT:          0 MISS:          0 MSHR_MERGE:          0
cpu4->cpu4_ITLB TRANSLATION  ACCESS:          0 HIT:          0 MISS:          0 MSHR_MERGE:          0
cpu4->cpu4_ITLB PREFETCH REQUESTED:          0 ISSUED:          0 USEFUL:          0 USELESS:          0
cpu4->cpu4_ITLB AVERAGE MISS LATENCY: 251.3 cycles
cpu4->cpu4_DTLB TOTAL        ACCESS:   29245024 HIT:   29244891 MISS:        133 MSHR_MERGE:        109
cpu4->cpu4_DTLB LOAD         ACCESS:   29245024 HIT:   29244891 MISS:        133 MSHR_MERGE:        109
cpu4->cpu4_DTLB RFO          ACCESS:          0 HIT:          0 MISS:          0 MSHR_MERGE:          0
cpu4->cpu4_DTLB PREFETCH     ACCESS:          0 HIT:          0 MISS:          0 MSHR_MERGE:          0
cpu4->cpu4_DTLB WRITE        ACCESS:          0 HIT:          0 MISS:          0 MSHR_MERGE:          0
cpu4->cpu4_DTLB TRANSLATION  ACCESS:          0 HIT:          0 MISS:          0 MSHR_MERGE:          0
cpu4->cpu4_DTLB PREFETCH REQUESTED:          0 ISSUED:          0 USEFUL:          0 USELESS:          0
cpu4->cpu4_DTLB AVERAGE MISS LATENCY: 199.4 cycles
cpu3->cpu3_STLB TOTAL        ACCESS:         27 HIT:          4 MISS:         23 MSHR_MERGE:          0
cpu3->cpu3_STLB LOAD         ACCESS:         27 HIT:          4 MISS:         23 MSHR_MERGE:          0
cpu3->cpu3_STLB RFO          ACCESS:          0 HIT:          0 MISS:          0 MSHR_MERGE:          0
cpu3->cpu3_STLB PREFETCH     ACCESS:          0 HIT:          0 MISS:          0 MSHR_MERGE:          0
cpu3->cpu3_STLB WRITE        ACCESS:          0 HIT:          0 MISS:          0 MSHR_MERGE:          0
cpu3->cpu3_STLB TRANSLATION  ACCESS:          0 HIT:          0 MISS:          0 MSHR_MERGE:          0
cpu3->cpu3_STLB PREFETCH REQUESTED:          0 ISSUED:          0 USEFUL:          0 USELESS:          0
cpu3->cpu3_STLB AVERAGE MISS LATENCY: 266.7 cycles
cpu3->cpu3_L2C TOTAL        ACCESS:    3754187 HIT:    1692624 MISS:    2061563 MSHR_MERGE:          0
cpu3->cpu3_L2C LOAD         ACCESS:    2264838 HIT:     528300 MISS:    1736538 MSHR_MERGE:          0
cpu3->cpu3_L2C RFO          ACCESS:     451713 HIT:     127209 MISS:     324504 MSHR_MERGE:          0
cpu3->cpu3_L2C PREFETCH     ACCESS:          0 HIT:          0 MISS:          0 MSHR_MERGE:          0
cpu3->cpu3_L2C WRITE        ACCESS:    1037614 HIT:    1037115 MISS:        499 MSHR_MERGE:          0
cpu3->cpu3_L2C TRANSLATION  ACCESS:         22 HIT:          0 MISS:         22 MSHR_MERGE:          0
cpu3->cpu3_L2C PREFETCH REQUESTED:          0 ISSUED:          0 USEFUL:          0 USELESS:          0
cpu3->cpu3_L2C AVERAGE MISS LATENCY: 323.1 cycles
cpu3->cpu3_L1I TOTAL        ACCESS:   19607255 HIT:   19597513 MISS:       9742 MSHR_MERGE:       5274
cpu3->cpu3_L1I LOAD         ACCESS:   19607255 HIT:   19597513 MISS:       9742 MSHR_MERGE:       5274
cpu3->cpu3_L1I RFO          ACCESS:          0 HIT:          0 MISS:          0 MSHR_MERGE:          0
cpu3->cpu3_L1I PREFETCH     ACCESS:          0 HIT:          0 MISS:          0 MSHR_MERGE:          0
cpu3->cpu3_L1I WRITE        ACCESS:          0 HIT:          0 MISS:          0 MSHR_MERGE:          0
cpu3->cpu3_L1I TRANSLATION  ACCESS:          0 HIT:          0 MISS:          0 MSHR_MERGE:          0
cpu3->cpu3_L1I PREFETCH REQUESTED:          0 ISSUED:          0 USEFUL:          0 USELESS:          0
cpu3->cpu3_L1I AVERAGE MISS LATENCY: 444 cycles
cpu3->cpu3_L1D TOTAL        ACCESS:   31446476 HIT:   25279081 MISS:    6167395 MSHR_MERGE:    3455279
cpu3->cpu3_L1D LOAD         ACCESS:   24994165 HIT:   20687772 MISS:    4306393 MSHR_MERGE:    2046023
cpu3->cpu3_L1D RFO          ACCESS:          0 HIT:          0 MISS:          0 MSHR_MERGE:          0
cpu3->cpu3_L1D PREFETCH     ACCESS:          0 HIT:          0 MISS:          0 MSHR_MERGE:          0
cpu3->cpu3_L1D WRITE        ACCESS:    6452288 HIT:    4591308 MISS:    1860980 MSHR_MERGE:    1409256
cpu3->cpu3_L1D TRANSLATION  ACCESS:         23 HIT:          1 MISS:         22 MSHR_MERGE:          0
cpu3->cpu3_L1D PREFETCH REQUESTED:          0 ISSUED:          0 USEFUL:          0 USELESS:          0
cpu3->cpu3_L1D AVERAGE MISS LATENCY: 253.7 cycles
cpu3->cpu3_ITLB TOTAL        ACCESS:   17002983 HIT:   17002978 MISS:          5 MSHR_MERGE:          2
cpu3->cpu3_ITLB LOAD         ACCESS:   17002983 HIT:   17002978 MISS:          5 MSHR_MERGE:          2
cpu3->cpu3_ITLB RFO          ACCESS:          0 HIT:          0 MISS:          0 MSHR_MERGE:          0
cpu3->cpu3_ITLB PREFETCH     ACCESS:          0 HIT:          0 MISS:          0 MSHR_MERGE:          0
cpu3->cpu3_ITLB WRITE        ACCESS:          0 HIT:          0 MISS:          0 MSHR_MERGE:          0
cpu3->cpu3_ITLB TRANSLATION  ACCESS:          0 HIT:          0 MISS:          0 MSHR_MERGE:          0
cpu3->cpu3_ITLB PREFETCH REQUESTED:          0 ISSUED:          0 USEFUL:          0 USELESS:          0
cpu3->cpu3_ITLB AVERAGE MISS LATENCY: 282.7 cycles
cpu3->cpu3_DTLB TOTAL        ACCESS:   29626172 HIT:   29626048 MISS:        124 MSHR_MERGE:        100
cpu3->cpu3_DTLB LOAD         ACCESS:   29626172 HIT:   29626048 MISS:        124 MSHR_MERGE:        100
cpu3->cpu3_DTLB RFO          ACCESS:          0 HIT:          0 MISS:          0 MSHR_MERGE:          0
cpu3->cpu3_DTLB PREFETCH     ACCESS:          0 HIT:          0 MISS:          0 MSHR_MERGE:          0
cpu3->cpu3_DTLB WRITE        ACCESS:          0 HIT:          0 MISS:          0 MSHR_MERGE:          0
cpu3->cpu3_DTLB TRANSLATION  ACCESS:          0 HIT:          0 MISS:          0 MSHR_MERGE:          0
cpu3->cpu3_DTLB PREFETCH REQUESTED:          0 ISSUED:          0 USEFUL:          0 USELESS:          0
cpu3->cpu3_DTLB AVERAGE MISS LATENCY: 226.8 cycles
cpu2->cpu2_STLB TOTAL        ACCESS:         27 HIT:          4 MISS:         23 MSHR_MERGE:          0
cpu2->cpu2_STLB LOAD         ACCESS:         27 HIT:          4 MISS:         23 MSHR_MERGE:          0
cpu2->cpu2_STLB RFO          ACCESS:          0 HIT:          0 MISS:          0 MSHR_MERGE:          0
cpu2->cpu2_STLB PREFETCH     ACCESS:          0 HIT:          0 MISS:          0 MSHR_MERGE:          0
cpu2->cpu2_STLB WRITE        ACCESS:          0 HIT:          0 MISS:          0 MSHR_MERGE:          0
cpu2->cpu2_STLB TRANSLATION  ACCESS:          0 HIT:          0 MISS:          0 MSHR_MERGE:          0
cpu2->cpu2_STLB PREFETCH REQUESTED:          0 ISSUED:          0 USEFUL:          0 USELESS:          0
cpu2->cpu2_STLB AVERAGE MISS LATENCY: 233.2 cycles
cpu2->cpu2_L2C TOTAL        ACCESS:    3751131 HIT:    1691763 MISS:    2059368 MSHR_MERGE:          0
cpu2->cpu2_L2C LOAD         ACCESS:    2262644 HIT:     528297 MISS:    1734347 MSHR_MERGE:          0
cpu2->cpu2_L2C RFO          ACCESS:     451731 HIT:     127231 MISS:     324500 MSHR_MERGE:          0
cpu2->cpu2_L2C PREFETCH     ACCESS:          0 HIT:          0 MISS:          0 MSHR_MERGE:          0
cpu2->cpu2_L2C WRITE        ACCESS:    1036734 HIT:    1036235 MISS:        499 MSHR_MERGE:          0
cpu2->cpu2_L2C TRANSLATION  ACCESS:         22 HIT:          0 MISS:         22 MSHR_MERGE:          0
cpu2->cpu2_L2C PREFETCH REQUESTED:          0 ISSUED:          0 USEFUL:          0 USELESS:          0
cpu2->cpu2_L2C AVERAGE MISS LATENCY: 321.1 cycles
cpu2->cpu2_L1I TOTAL        ACCESS:   19516215 HIT:   19506506 MISS:       9709 MSHR_MERGE:       5240
cpu2->cpu2_L1I LOAD         ACCESS:   19516215 HIT:   19506506 MISS:       9709 MSHR_MERGE:       5240
cpu2->cpu2_L1I RFO          ACCESS:          0 HIT:          0 MISS:          0 MSHR_MERGE:          0
cpu2->cpu2_L1I PREFETCH     ACCESS:          0 HIT:          0 MISS:          0 MSHR_MERGE:          0
cpu2->cpu2_L1I WRITE        ACCESS:          0 HIT:          0 MISS:          0 MSHR_MERGE:          0
cpu2->cpu2_L1I TRANSLATION  ACCESS:          0 HIT:          0 MISS:          0 MSHR_MERGE:          0
cpu2->cpu2_L1I PREFETCH REQUESTED:          0 ISSUED:          0 USEFUL:          0 USELESS:          0
cpu2->cpu2_L1I AVERAGE MISS LATENCY: 422.8 cycles
cpu2->cpu2_L1D TOTAL        ACCESS:   31315684 HIT:   25153518 MISS:    6162166 MSHR_MERGE:    3452230
cpu2->cpu2_L1D LOAD         ACCESS:   24876316 HIT:   20573989 MISS:    4302327 MSHR_MERGE:    2044151
cpu2->cpu2_L1D RFO          ACCESS:          0 HIT:          0 MISS:          0 MSHR_MERGE:          0
cpu2->cpu2_L1D PREFETCH     ACCESS:          0 HIT:          0 MISS:          0 MSHR_MERGE:          0
cpu2->cpu2_L1D WRITE        ACCESS:    6439345 HIT:    4579528 MISS:    1859817 MSHR_MERGE:    1408079
cpu2->cpu2_L1D TRANSLATION  ACCESS:         23 HIT:          1 MISS:         22 MSHR_MERGE:          0
cpu2->cpu2_L1D PREFETCH REQUESTED:          0 ISSUED:          0 USEFUL:          0 USELESS:          0
cpu2->cpu2_L1D AVERAGE MISS LATENCY: 252.2 cycles
cpu2->cpu2_ITLB TOTAL        ACCESS:   16921909 HIT:   16921899 MISS:         10 MSHR_MERGE:          7
cpu2->cpu2_ITLB LOAD         ACCESS:   16921909 HIT:   16921899 MISS:         10 MSHR_MERGE:          7
cpu2->cpu2_ITLB RFO          ACCESS:          0 HIT:          0 MISS:          0 MSHR_MERGE:          0
cpu2->cpu2_ITLB PREFETCH     ACCESS:          0 HIT:          0 MISS:          0 MSHR_MERGE:          0
cpu2->cpu2_ITLB WRITE        ACCESS:          0 HIT:          0 MISS:          0 MSHR_MERGE:          0
cpu2->cpu2_ITLB TRANSLATION  ACCESS:          0 HIT:          0 MISS:          0 MSHR_MERGE:          0
cpu2->cpu2_ITLB PREFETCH REQUESTED:          0 ISSUED:          0 USEFUL:          0 USELESS:          0
cpu2->cpu2_ITLB AVERAGE MISS LATENCY: 246.7 cycles
cpu2->cpu2_DTLB TOTAL        ACCESS:   29469283 HIT:   29469157 MISS:        126 MSHR_MERGE:        102
cpu2->cpu2_DTLB LOAD         ACCESS:   29469283 HIT:   29469157 MISS:        126 MSHR_MERGE:        102
cpu2->cpu2_DTLB RFO          ACCESS:          0 HIT:          0 MISS:          0 MSHR_MERGE:          0
cpu2->cpu2_DTLB PREFETCH     ACCESS:          0 HIT:          0 MISS:          0 MSHR_MERGE:          0
cpu2->cpu2_DTLB WRITE        ACCESS:          0 HIT:          0 MISS:          0 MSHR_MERGE:          0
cpu2->cpu2_DTLB TRANSLATION  ACCESS:          0 HIT:          0 MISS:          0 MSHR_MERGE:          0
cpu2->cpu2_DTLB PREFETCH REQUESTED:          0 ISSUED:          0 USEFUL:          0 USELESS:          0
cpu2->cpu2_DTLB AVERAGE MISS LATENCY: 199.2 cycles
cpu1->cpu1_STLB TOTAL        ACCESS:         27 HIT:          4 MISS:         23 MSHR_MERGE:          0
cpu1->cpu1_STLB LOAD         ACCESS:         27 HIT:          4 MISS:         23 MSHR_MERGE:          0
cpu1->cpu1_STLB RFO          ACCESS:          0 HIT:          0 MISS:          0 MSHR_MERGE:          0
cpu1->cpu1_STLB PREFETCH     ACCESS:          0 HIT:          0 MISS:          0 MSHR_MERGE:          0
cpu1->cpu1_STLB WRITE        ACCESS:          0 HIT:          0 MISS:          0 MSHR_MERGE:          0
cpu1->cpu1_STLB TRANSLATION  ACCESS:          0 HIT:          0 MISS:          0 MSHR_MERGE:          0
cpu1->cpu1_STLB PREFETCH REQUESTED:          0 ISSUED:          0 USEFUL:          0 USELESS:          0
cpu1->cpu1_STLB AVERAGE MISS LATENCY: 236.8 cycles
cpu1->cpu1_L2C TOTAL        ACCESS:    3757751 HIT:    1693283 MISS:    2064468 MSHR_MERGE:          0
cpu1->cpu1_L2C LOAD         ACCESS:    2267667 HIT:     528225 MISS:    1739442 MSHR_MERGE:          0
cpu1->cpu1_L2C RFO          ACCESS:     451738 HIT:     127233 MISS:     324505 MSHR_MERGE:          0
cpu1->cpu1_L2C PREFETCH     ACCESS:          0 HIT:          0 MISS:          0 MSHR_MERGE:          0
cpu1->cpu1_L2C WRITE        ACCESS:    1038324 HIT:    1037825 MISS:        499 MSHR_MERGE:          0
cpu1->cpu1_L2C TRANSLATION  ACCESS:         22 HIT:          0 MISS:         22 MSHR_MERGE:          0
cpu1->cpu1_L2C PREFETCH REQUESTED:          0 ISSUED:          0 USEFUL:          0 USELESS:          0
cpu1->cpu1_L2C AVERAGE MISS LATENCY: 318.8 cycles
cpu1->cpu1_L1I TOTAL        ACCESS:   19745108 HIT:   19735426 MISS:       9682 MSHR_MERGE:       5213
cpu1->cpu1_L1I LOAD         ACCESS:   19745108 HIT:   19735426 MISS:       9682 MSHR_MERGE:       5213
cpu1->cpu1_L1I RFO          ACCESS:          0 HIT:          0 MISS:          0 MSHR_MERGE:          0
cpu1->cpu1_L1I PREFETCH     ACCESS:          0 HIT:          0 MISS:          0 MSHR_MERGE:          0
cpu1->cpu1_L1I WRITE        ACCESS:          0 HIT:          0 MISS:          0 MSHR_MERGE:          0
cpu1->cpu1_L1I TRANSLATION  ACCESS:          0 HIT:          0 MISS:          0 MSHR_MERGE:          0
cpu1->cpu1_L1I PREFETCH REQUESTED:          0 ISSUED:          0 USEFUL:          0 USELESS:          0
cpu1->cpu1_L1I AVERAGE MISS LATENCY: 400.1 cycles
cpu1->cpu1_L1D TOTAL        ACCESS:   31593931 HIT:   25414769 MISS:    6179162 MSHR_MERGE:    3464191
cpu1->cpu1_L1D LOAD         ACCESS:   25124940 HIT:   20813442 MISS:    4311498 MSHR_MERGE:    2048298
cpu1->cpu1_L1D RFO          ACCESS:          0 HIT:          0 MISS:          0 MSHR_MERGE:          0
cpu1->cpu1_L1D PREFETCH     ACCESS:          0 HIT:          0 MISS:          0 MSHR_MERGE:          0
cpu1->cpu1_L1D WRITE        ACCESS:    6468968 HIT:    4601326 MISS:    1867642 MSHR_MERGE:    1415893
cpu1->cpu1_L1D TRANSLATION  ACCESS:         23 HIT:          1 MISS:         22 MSHR_MERGE:          0
cpu1->cpu1_L1D PREFETCH REQUESTED:          0 ISSUED:          0 USEFUL:          0 USELESS:          0
cpu1->cpu1_L1D AVERAGE MISS LATENCY: 250.6 cycles
cpu1->cpu1_ITLB TOTAL        ACCESS:   17111876 HIT:   17111872 MISS:          4 MSHR_MERGE:          1
cpu1->cpu1_ITLB LOAD         ACCESS:   17111876 HIT:   17111872 MISS:          4 MSHR_MERGE:          1
cpu1->cpu1_ITLB RFO          ACCESS:          0 HIT:          0 MISS:          0 MSHR_MERGE:          0
cpu1->cpu1_ITLB PREFETCH     ACCESS:          0 HIT:          0 MISS:          0 MSHR_MERGE:          0
cpu1->cpu1_ITLB WRITE        ACCESS:          0 HIT:          0 MISS:          0 MSHR_MERGE:          0
cpu1->cpu1_ITLB TRANSLATION  ACCESS:          0 HIT:          0 MISS:          0 MSHR_MERGE:          0
cpu1->cpu1_ITLB PREFETCH REQUESTED:          0 ISSUED:          0 USEFUL:          0 USELESS:          0
cpu1->cpu1_ITLB AVERAGE MISS LATENCY: 278 cycles
cpu1->cpu1_DTLB TOTAL        ACCESS:   29733476 HIT:   29733351 MISS:        125 MSHR_MERGE:        101
cpu1->cpu1_DTLB LOAD         ACCESS:   29733476 HIT:   29733351 MISS:        125 MSHR_MERGE:        101
cpu1->cpu1_DTLB RFO          ACCESS:          0 HIT:          0 MISS:          0 MSHR_MERGE:          0
cpu1->cpu1_DTLB PREFETCH     ACCESS:          0 HIT:          0 MISS:          0 MSHR_MERGE:          0
cpu1->cpu1_DTLB WRITE        ACCESS:          0 HIT:          0 MISS:          0 MSHR_MERGE:          0
cpu1->cpu1_DTLB TRANSLATION  ACCESS:          0 HIT:          0 MISS:          0 MSHR_MERGE:          0
cpu1->cpu1_DTLB PREFETCH REQUESTED:          0 ISSUED:          0 USEFUL:          0 USELESS:          0
cpu1->cpu1_DTLB AVERAGE MISS LATENCY: 198.8 cycles
cpu0->cpu0_STLB TOTAL        ACCESS:         27 HIT:          4 MISS:         23 MSHR_MERGE:          0
cpu0->cpu0_STLB LOAD         ACCESS:         27 HIT:          4 MISS:         23 MSHR_MERGE:          0
cpu0->cpu0_STLB RFO          ACCESS:          0 HIT:          0 MISS:          0 MSHR_MERGE:          0
cpu0->cpu0_STLB PREFETCH     ACCESS:          0 HIT:          0 MISS:          0 MSHR_MERGE:          0
cpu0->cpu0_STLB WRITE        ACCESS:          0 HIT:          0 MISS:          0 MSHR_MERGE:          0
cpu0->cpu0_STLB TRANSLATION  ACCESS:          0 HIT:          0 MISS:          0 MSHR_MERGE:          0
cpu0->cpu0_STLB PREFETCH REQUESTED:          0 ISSUED:          0 USEFUL:          0 USELESS:          0
cpu0->cpu0_STLB AVERAGE MISS LATENCY: 312.4 cycles
cpu0->cpu0_L2C TOTAL        ACCESS:    3752367 HIT:    1692035 MISS:    2060332 MSHR_MERGE:          0
cpu0->cpu0_L2C LOAD         ACCESS:    2263541 HIT:     528234 MISS:    1735307 MSHR_MERGE:          0
cpu0->cpu0_L2C RFO          ACCESS:     451733 HIT:     127229 MISS:     324504 MSHR_MERGE:          0
cpu0->cpu0_L2C PREFETCH     ACCESS:          0 HIT:          0 MISS:          0 MSHR_MERGE:          0
cpu0->cpu0_L2C WRITE        ACCESS:    1037071 HIT:    1036572 MISS:        499 MSHR_MERGE:          0
cpu0->cpu0_L2C TRANSLATION  ACCESS:         22 HIT:          0 MISS:         22 MSHR_MERGE:          0
cpu0->cpu0_L2C PREFETCH REQUESTED:          0 ISSUED:          0 USEFUL:          0 USELESS:          0
cpu0->cpu0_L2C AVERAGE MISS LATENCY: 322.3 cycles
cpu0->cpu0_L1I TOTAL        ACCESS:   19554361 HIT:   19544670 MISS:       9691 MSHR_MERGE:       5222
cpu0->cpu0_L1I LOAD         ACCESS:   19554361 HIT:   19544670 MISS:       9691 MSHR_MERGE:       5222
cpu0->cpu0_L1I RFO          ACCESS:          0 HIT:          0 MISS:          0 MSHR_MERGE:          0
cpu0->cpu0_L1I PREFETCH     ACCESS:          0 HIT:          0 MISS:          0 MSHR_MERGE:          0
cpu0->cpu0_L1I WRITE        ACCESS:          0 HIT:          0 MISS:          0 MSHR_MERGE:          0
cpu0->cpu0_L1I TRANSLATION  ACCESS:          0 HIT:          0 MISS:          0 MSHR_MERGE:          0
cpu0->cpu0_L1I PREFETCH REQUESTED:          0 ISSUED:          0 USEFUL:          0 USELESS:          0
cpu0->cpu0_L1I AVERAGE MISS LATENCY: 423.7 cycles
cpu0->cpu0_L1D TOTAL        ACCESS:   31379778 HIT:   25213213 MISS:    6166565 MSHR_MERGE:    3455727
cpu0->cpu0_L1D LOAD         ACCESS:   24935340 HIT:   20629773 MISS:    4305567 MSHR_MERGE:    2046494
cpu0->cpu0_L1D RFO          ACCESS:          0 HIT:          0 MISS:          0 MSHR_MERGE:          0
cpu0->cpu0_L1D PREFETCH     ACCESS:          0 HIT:          0 MISS:          0 MSHR_MERGE:          0
cpu0->cpu0_L1D WRITE        ACCESS:    6444415 HIT:    4583439 MISS:    1860976 MSHR_MERGE:    1409233
cpu0->cpu0_L1D TRANSLATION  ACCESS:         23 HIT:          1 MISS:         22 MSHR_MERGE:          0
cpu0->cpu0_L1D PREFETCH REQUESTED:          0 ISSUED:          0 USEFUL:          0 USELESS:          0
cpu0->cpu0_L1D AVERAGE MISS LATENCY: 253.1 cycles
cpu0->cpu0_ITLB TOTAL        ACCESS:   16956126 HIT:   16956113 MISS:         13 MSHR_MERGE:         10
cpu0->cpu0_ITLB LOAD         ACCESS:   16956126 HIT:   16956113 MISS:         13 MSHR_MERGE:         10
cpu0->cpu0_ITLB RFO          ACCESS:          0 HIT:          0 MISS:          0 MSHR_MERGE:          0
cpu0->cpu0_ITLB PREFETCH     ACCESS:          0 HIT:          0 MISS:          0 MSHR_MERGE:          0
cpu0->cpu0_ITLB WRITE        ACCESS:          0 HIT:          0 MISS:          0 MSHR_MERGE:          0
cpu0->cpu0_ITLB TRANSLATION  ACCESS:          0 HIT:          0 MISS:          0 MSHR_MERGE:          0
cpu0->cpu0_ITLB PREFETCH REQUESTED:          0 ISSUED:          0 USEFUL:          0 USELESS:          0
cpu0->cpu0_ITLB AVERAGE MISS LATENCY: 340.3 cycles
cpu0->cpu0_DTLB TOTAL        ACCESS:   29559733 HIT:   29559591 MISS:        142 MSHR_MERGE:        118
cpu0->cpu0_DTLB LOAD         ACCESS:   29559733 HIT:   29559591 MISS:        142 MSHR_MERGE:        118
cpu0->cpu0_DTLB RFO          ACCESS:          0 HIT:          0 MISS:          0 MSHR_MERGE:          0
cpu0->cpu0_DTLB PREFETCH     ACCESS:          0 HIT:          0 MISS:          0 MSHR_MERGE:          0
cpu0->cpu0_DTLB WRITE        ACCESS:          0 HIT:          0 MISS:          0 MSHR_MERGE:          0
cpu0->cpu0_DTLB TRANSLATION  ACCESS:          0 HIT:          0 MISS:          0 MSHR_MERGE:          0
cpu0->cpu0_DTLB PREFETCH REQUESTED:          0 ISSUED:          0 USEFUL:          0 USELESS:          0
cpu0->cpu0_DTLB AVERAGE MISS LATENCY: 263.5 cycles
cpu0->LLC TOTAL        ACCESS:    2861281 HIT:     862700 MISS:    1998581 MSHR_MERGE:          0
cpu0->LLC LOAD         ACCESS:    1735307 HIT:      90504 MISS:    1644803 MSHR_MERGE:          0
cpu0->LLC RFO          ACCESS:     324504 HIT:       9678 MISS:     314826 MSHR_MERGE:          0
cpu0->LLC PREFETCH     ACCESS:          0 HIT:          0 MISS:          0 MSHR_MERGE:          0
cpu0->LLC WRITE        ACCESS:     801448 HIT:     762501 MISS:      38947 MSHR_MERGE:          0
cpu0->LLC TRANSLATION  ACCESS:         22 HIT:         17 MISS:          5 MSHR_MERGE:          0
cpu0->LLC PREFETCH REQUESTED:          0 ISSUED:          0 USEFUL:          0 USELESS:          0
cpu0->LLC AVERAGE MISS LATENCY: 2516 cycles
cpu1->LLC TOTAL        ACCESS:    2866601 HIT:     911817 MISS:    1954784 MSHR_MERGE:          0
cpu1->LLC LOAD         ACCESS:    1739442 HIT:     120366 MISS:    1619076 MSHR_MERGE:          0
cpu1->LLC RFO          ACCESS:     324505 HIT:      10376 MISS:     314129 MSHR_MERGE:          0
cpu1->LLC PREFETCH     ACCESS:          0 HIT:          0 MISS:          0 MSHR_MERGE:          0
cpu1->LLC WRITE        ACCESS:     802632 HIT:     781053 MISS:      21579 MSHR_MERGE:          0
cpu1->LLC TRANSLATION  ACCESS:         22 HIT:         22 MISS:          0 MSHR_MERGE:          0
cpu1->LLC PREFETCH REQUESTED:          0 ISSUED:          0 USEFUL:          0 USELESS:          0
cpu1->LLC AVERAGE MISS LATENCY: 2573 cycles
cpu2->LLC TOTAL        ACCESS:    2859886 HIT:     890798 MISS:    1969088 MSHR_MERGE:          0
cpu2->LLC LOAD         ACCESS:    1734347 HIT:     101933 MISS:    1632414 MSHR_MERGE:          0
cpu2->LLC RFO          ACCESS:     324500 HIT:       9632 MISS:     314868 MSHR_MERGE:          0
cpu2->LLC PREFETCH     ACCESS:          0 HIT:          0 MISS:          0 MSHR_MERGE:          0
cpu2->LLC WRITE        ACCESS:     801017 HIT:     779211 MISS:      21806 MSHR_MERGE:          0
cpu2->LLC TRANSLATION  ACCESS:         22 HIT:         22 MISS:          0 MSHR_MERGE:          0
cpu2->LLC PREFETCH REQUESTED:          0 ISSUED:          0 USEFUL:          0 USELESS:          0
cpu2->LLC AVERAGE MISS LATENCY: 2554 cycles
cpu3->LLC TOTAL        ACCESS:    2862922 HIT:     878152 MISS:    1984770 MSHR_MERGE:          0
cpu3->LLC LOAD         ACCESS:    1736538 HIT:     103763 MISS:    1632775 MSHR_MERGE:          0
cpu3->LLC RFO          ACCESS:     324504 HIT:       8840 MISS:     315664 MSHR_MERGE:          0
cpu3->LLC PREFETCH     ACCESS:          0 HIT:          0 MISS:          0 MSHR_MERGE:          0
cpu3->LLC WRITE        ACCESS:     801858 HIT:     765527 MISS:      36331 MSHR_MERGE:          0
cpu3->LLC TRANSLATION  ACCESS:         22 HIT:         22 MISS:          0 MSHR_MERGE:          0
cpu3->LLC PREFETCH REQUESTED:          0 ISSUED:          0 USEFUL:          0 USELESS:          0
cpu3->LLC AVERAGE MISS LATENCY: 2534 cycles
cpu4->LLC TOTAL        ACCESS:    2854453 HIT:     895054 MISS:    1959399 MSHR_MERGE:          0
cpu4->LLC LOAD         ACCESS:    1730259 HIT:     108043 MISS:    1622216 MSHR_MERGE:          0
cpu4->LLC RFO          ACCESS:     324501 HIT:       9047 MISS:     315454 MSHR_MERGE:          0
cpu4->LLC PREFETCH     ACCESS:          0 HIT:          0 MISS:          0 MSHR_MERGE:          0
cpu4->LLC WRITE        ACCESS:     799671 HIT:     777942 MISS:      21729 MSHR_MERGE:          0
cpu4->LLC TRANSLATION  ACCESS:         22 HIT:         22 MISS:          0 MSHR_MERGE:          0
cpu4->LLC PREFETCH REQUESTED:          0 ISSUED:          0 USEFUL:          0 USELESS:          0
cpu4->LLC AVERAGE MISS LATENCY: 2567 cycles
cpu5->LLC TOTAL        ACCESS:    2864949 HIT:     864144 MISS:    2000805 MSHR_MERGE:          0
cpu5->LLC LOAD         ACCESS:    1738065 HIT:      96105 MISS:    1641960 MSHR_MERGE:          0
cpu5->LLC RFO          ACCESS:     324504 HIT:       9151 MISS:     315353 MSHR_MERGE:          0
cpu5->LLC PREFETCH     ACCESS:          0 HIT:          0 MISS:          0 MSHR_MERGE:          0
cpu5->LLC WRITE        ACCESS:     802358 HIT:     758878 MISS:      43480 MSHR_MERGE:          0
cpu5->LLC TRANSLATION  ACCESS:         22 HIT:         10 MISS:         12 MSHR_MERGE:          0
cpu5->LLC PREFETCH REQUESTED:          0 ISSUED:          0 USEFUL:          0 USELESS:          0
cpu5->LLC AVERAGE MISS LATENCY: 2514 cycles
cpu6->LLC TOTAL        ACCESS:    2869496 HIT:     894533 MISS:    1974963 MSHR_MERGE:          0
cpu6->LLC LOAD         ACCESS:    1741469 HIT:     110406 MISS:    1631063 MSHR_MERGE:          0
cpu6->LLC RFO          ACCESS:     324504 HIT:      10930 MISS:     313574 MSHR_MERGE:          0
cpu6->LLC PREFETCH     ACCESS:          0 HIT:          0 MISS:          0 MSHR_MERGE:          0
cpu6->LLC WRITE        ACCESS:     803501 HIT:     773177 MISS:      30324 MSHR_MERGE:          0
cpu6->LLC TRANSLATION  ACCESS:         22 HIT:         20 MISS:          2 MSHR_MERGE:          0
cpu6->LLC PREFETCH REQUESTED:          0 ISSUED:          0 USEFUL:          0 USELESS:          0
cpu6->LLC AVERAGE MISS LATENCY: 2547 cycles
cpu7->LLC TOTAL        ACCESS:    2870558 HIT:     888705 MISS:    1981853 MSHR_MERGE:          0
cpu7->LLC LOAD         ACCESS:    1742264 HIT:     110036 MISS:    1632228 MSHR_MERGE:          0
cpu7->LLC RFO          ACCESS:     324501 HIT:      11066 MISS:     313435 MSHR_MERGE:          0
cpu7->LLC PREFETCH     ACCESS:          0 HIT:          0 MISS:          0 MSHR_MERGE:          0
cpu7->LLC WRITE        ACCESS:     803771 HIT:     767581 MISS:      36190 MSHR_MERGE:          0
cpu7->LLC TRANSLATION  ACCESS:         22 HIT:         22 MISS:          0 MSHR_MERGE:          0
cpu7->LLC PREFETCH REQUESTED:          0 ISSUED:          0 USEFUL:          0 USELESS:          0
cpu7->LLC AVERAGE MISS LATENCY: 2538 cycles

Region of Interest Statistics

CPU 7 cumulative IPC: 0.4138 instructions: 100000002 cycles: 241651328
CPU 7 Branch Prediction Accuracy: 100% MPKI: 0 Average ROB Occupancy at Mispredict: -
Branch type MPKI
BRANCH_DIRECT_JUMP: 0
BRANCH_INDIRECT: 0
BRANCH_CONDITIONAL: 0
BRANCH_DIRECT_CALL: 0
BRANCH_INDIRECT_CALL: 0
BRANCH_RETURN: 0


CPU 6 cumulative IPC: 0.4134 instructions: 100000000 cycles: 241890086
CPU 6 Branch Prediction Accuracy: 100% MPKI: 0 Average ROB Occupancy at Mispredict: -
Branch type MPKI
BRANCH_DIRECT_JUMP: 0
BRANCH_INDIRECT: 0
BRANCH_CONDITIONAL: 0
BRANCH_DIRECT_CALL: 0
BRANCH_INDIRECT_CALL: 0
BRANCH_RETURN: 0


CPU 5 cumulative IPC: 0.4123 instructions: 100000000 cycles: 242567330
CPU 5 Branch Prediction Accuracy: 100% MPKI: 0 Average ROB Occupancy at Mispredict: -
Branch type MPKI
BRANCH_DIRECT_JUMP: 0
BRANCH_INDIRECT: 0
BRANCH_CONDITIONAL: 0
BRANCH_DIRECT_CALL: 0
BRANCH_INDIRECT_CALL: 0
BRANCH_RETURN: 0


CPU 4 cumulative IPC: 0.4098 instructions: 100000000 cycles: 244011262
CPU 4 Branch Prediction Accuracy: 100% MPKI: 0 Average ROB Occupancy at Mispredict: -
Branch type MPKI
BRANCH_DIRECT_JUMP: 0
BRANCH_INDIRECT: 0
BRANCH_CONDITIONAL: 0
BRANCH_DIRECT_CALL: 0
BRANCH_INDIRECT_CALL: 0
BRANCH_RETURN: 0


CPU 3 cumulative IPC: 0.4117 instructions: 100000002 cycles: 242878174
CPU 3 Branch Prediction Accuracy: 100% MPKI: 0 Average ROB Occupancy at Mispredict: -
Branch type MPKI
BRANCH_DIRECT_JUMP: 0
BRANCH_INDIRECT: 0
BRANCH_CONDITIONAL: 0
BRANCH_DIRECT_CALL: 0
BRANCH_INDIRECT_CALL: 0
BRANCH_RETURN: 0


CPU 2 cumulative IPC: 0.4111 instructions: 100000000 cycles: 243231836
CPU 2 Branch Prediction Accuracy: 100% MPKI: 0 Average ROB Occupancy at Mispredict: -
Branch type MPKI
BRANCH_DIRECT_JUMP: 0
BRANCH_INDIRECT: 0
BRANCH_CONDITIONAL: 0
BRANCH_DIRECT_CALL: 0
BRANCH_INDIRECT_CALL: 0
BRANCH_RETURN: 0


CPU 1 cumulative IPC: 0.4127 instructions: 100000002 cycles: 242288016
CPU 1 Branch Prediction Accuracy: 100% MPKI: 0 Average ROB Occupancy at Mispredict: -
Branch type MPKI
BRANCH_DIRECT_JUMP: 0
BRANCH_INDIRECT: 0
BRANCH_CONDITIONAL: 0
BRANCH_DIRECT_CALL: 0
BRANCH_INDIRECT_CALL: 0
BRANCH_RETURN: 0


CPU 0 cumulative IPC: 0.4114 instructions: 100000001 cycles: 243076257
CPU 0 Branch Prediction Accuracy: 100% MPKI: 0 Average ROB Occupancy at Mispredict: -
Branch type MPKI
BRANCH_DIRECT_JUMP: 0
BRANCH_INDIRECT: 0
BRANCH_CONDITIONAL: 0
BRANCH_DIRECT_CALL: 0
BRANCH_INDIRECT_CALL: 0
BRANCH_RETURN: 0

cpu7->cpu7_STLB TOTAL        ACCESS:         27 HIT:          4 MISS:         23 MSHR_MERGE:          0
cpu7->cpu7_STLB LOAD         ACCESS:         27 HIT:          4 MISS:         23 MSHR_MERGE:          0
cpu7->cpu7_STLB RFO          ACCESS:          0 HIT:          0 MISS:          0 MSHR_MERGE:          0
cpu7->cpu7_STLB PREFETCH     ACCESS:          0 HIT:          0 MISS:          0 MSHR_MERGE:          0
cpu7->cpu7_STLB WRITE        ACCESS:          0 HIT:          0 MISS:          0 MSHR_MERGE:          0
cpu7->cpu7_STLB TRANSLATION  ACCESS:          0 HIT:          0 MISS:          0 MSHR_MERGE:          0
cpu7->cpu7_STLB PREFETCH REQUESTED:          0 ISSUED:          0 USEFUL:          0 USELESS:          0
cpu7->cpu7_STLB AVERAGE MISS LATENCY: 238.6 cycles
cpu7->cpu7_L2C TOTAL        ACCESS:    3761691 HIT:    1694405 MISS:    2067286 MSHR_MERGE:          0
cpu7->cpu7_L2C LOAD         ACCESS:    2270509 HIT:     528245 MISS:    1742264 MSHR_MERGE:          0
cpu7->cpu7_L2C RFO          ACCESS:     451728 HIT:     127227 MISS:     324501 MSHR_MERGE:          0
cpu7->cpu7_L2C PREFETCH     ACCESS:          0 HIT:          0 MISS:          0 MSHR_MERGE:          0
cpu7->cpu7_L2C WRITE        ACCESS:    1039432 HIT:    1038933 MISS:        499 MSHR_MERGE:          0
cpu7->cpu7_L2C TRANSLATION  ACCESS:         22 HIT:          0 MISS:         22 MSHR_MERGE:          0
cpu7->cpu7_L2C PREFETCH REQUESTED:          0 ISSUED:          0 USEFUL:          0 USELESS:          0
cpu7->cpu7_L2C AVERAGE MISS LATENCY: 319.5 cycles
cpu7->cpu7_L1I TOTAL        ACCESS:   19845732 HIT:   19836024 MISS:       9708 MSHR_MERGE:       5239
cpu7->cpu7_L1I LOAD         ACCESS:   19845732 HIT:   19836024 MISS:       9708 MSHR_MERGE:       5239
cpu7->cpu7_L1I RFO          ACCESS:          0 HIT:          0 MISS:          0 MSHR_MERGE:          0
cpu7->cpu7_L1I PREFETCH     ACCESS:          0 HIT:          0 MISS:          0 MSHR_MERGE:          0
cpu7->cpu7_L1I WRITE        ACCESS:          0 HIT:          0 MISS:          0 MSHR_MERGE:          0
cpu7->cpu7_L1I TRANSLATION  ACCESS:          0 HIT:          0 MISS:          0 MSHR_MERGE:          0
cpu7->cpu7_L1I PREFETCH REQUESTED:          0 ISSUED:          0 USEFUL:          0 USELESS:          0
cpu7->cpu7_L1I AVERAGE MISS LATENCY: 419.1 cycles
cpu7->cpu7_L1D TOTAL        ACCESS:   31746117 HIT:   25557636 MISS:    6188481 MSHR_MERGE:    3470683
cpu7->cpu7_L1D LOAD         ACCESS:   25260247 HIT:   20938290 MISS:    4321957 MSHR_MERGE:    2055916
cpu7->cpu7_L1D RFO          ACCESS:          0 HIT:          0 MISS:          0 MSHR_MERGE:          0
cpu7->cpu7_L1D PREFETCH     ACCESS:          0 HIT:          0 MISS:          0 MSHR_MERGE:          0
cpu7->cpu7_L1D WRITE        ACCESS:    6485847 HIT:    4619345 MISS:    1866502 MSHR_MERGE:    1414767
cpu7->cpu7_L1D TRANSLATION  ACCESS:         23 HIT:          1 MISS:         22 MSHR_MERGE:          0
cpu7->cpu7_L1D PREFETCH REQUESTED:          0 ISSUED:          0 USEFUL:          0 USELESS:          0
cpu7->cpu7_L1D AVERAGE MISS LATENCY: 251.2 cycles
cpu7->cpu7_ITLB TOTAL        ACCESS:   17167851 HIT:   17167843 MISS:          8 MSHR_MERGE:          5
cpu7->cpu7_ITLB LOAD         ACCESS:   17167851 HIT:   17167843 MISS:          8 MSHR_MERGE:          5
cpu7->cpu7_ITLB RFO          ACCESS:          0 HIT:          0 MISS:          0 MSHR_MERGE:          0
cpu7->cpu7_ITLB PREFETCH     ACCESS:          0 HIT:          0 MISS:          0 MSHR_MERGE:          0
cpu7->cpu7_ITLB WRITE        ACCESS:          0 HIT:          0 MISS:          0 MSHR_MERGE:          0
cpu7->cpu7_ITLB TRANSLATION  ACCESS:          0 HIT:          0 MISS:          0 MSHR_MERGE:          0
cpu7->cpu7_ITLB PREFETCH REQUESTED:          0 ISSUED:          0 USEFUL:          0 USELESS:          0
cpu7->cpu7_ITLB AVERAGE MISS LATENCY: 260.7 cycles
cpu7->cpu7_DTLB TOTAL        ACCESS:   29881572 HIT:   29881434 MISS:        138 MSHR_MERGE:        114
cpu7->cpu7_DTLB LOAD         ACCESS:   29881572 HIT:   29881434 MISS:        138 MSHR_MERGE:        114
cpu7->cpu7_DTLB RFO          ACCESS:          0 HIT:          0 MISS:          0 MSHR_MERGE:          0
cpu7->cpu7_DTLB PREFETCH     ACCESS:          0 HIT:          0 MISS:          0 MSHR_MERGE:          0
cpu7->cpu7_DTLB WRITE        ACCESS:          0 HIT:          0 MISS:          0 MSHR_MERGE:          0
cpu7->cpu7_DTLB TRANSLATION  ACCESS:          0 HIT:          0 MISS:          0 MSHR_MERGE:          0
cpu7->cpu7_DTLB PREFETCH REQUESTED:          0 ISSUED:          0 USEFUL:          0 USELESS:          0
cpu7->cpu7_DTLB AVERAGE MISS LATENCY: 202.6 cycles
cpu6->cpu6_STLB TOTAL        ACCESS:         27 HIT:          4 MISS:         23 MSHR_MERGE:          0
cpu6->cpu6_STLB LOAD         ACCESS:         27 HIT:          4 MISS:         23 MSHR_MERGE:          0
cpu6->cpu6_STLB RFO          ACCESS:          0 HIT:          0 MISS:          0 MSHR_MERGE:          0
cpu6->cpu6_STLB PREFETCH     ACCESS:          0 HIT:          0 MISS:          0 MSHR_MERGE:          0
cpu6->cpu6_STLB WRITE        ACCESS:          0 HIT:          0 MISS:          0 MSHR_MERGE:          0
cpu6->cpu6_STLB TRANSLATION  ACCESS:          0 HIT:          0 MISS:          0 MSHR_MERGE:          0
cpu6->cpu6_STLB PREFETCH REQUESTED:          0 ISSUED:          0 USEFUL:          0 USELESS:          0
cpu6->cpu6_STLB AVERAGE MISS LATENCY: 250.3 cycles
cpu6->cpu6_L2C TOTAL        ACCESS:    3760677 HIT:    1694183 MISS:    2066494 MSHR_MERGE:          0
cpu6->cpu6_L2C LOAD         ACCESS:    2269762 HIT:     528293 MISS:    1741469 MSHR_MERGE:          0
cpu6->cpu6_L2C RFO          ACCESS:     451715 HIT:     127211 MISS:     324504 MSHR_MERGE:          0
cpu6->cpu6_L2C PREFETCH     ACCESS:          0 HIT:          0 MISS:          0 MSHR_MERGE:          0
cpu6->cpu6_L2C WRITE        ACCESS:    1039178 HIT:    1038679 MISS:        499 MSHR_MERGE:          0
cpu6->cpu6_L2C TRANSLATION  ACCESS:         22 HIT:          0 MISS:         22 MSHR_MERGE:          0
cpu6->cpu6_L2C PREFETCH REQUESTED:          0 ISSUED:          0 USEFUL:          0 USELESS:          0
cpu6->cpu6_L2C AVERAGE MISS LATENCY: 318.6 cycles
cpu6->cpu6_L1I TOTAL        ACCESS:   19810894 HIT:   19801161 MISS:       9733 MSHR_MERGE:       5265
cpu6->cpu6_L1I LOAD         ACCESS:   19810894 HIT:   19801161 MISS:       9733 MSHR_MERGE:       5265
cpu6->cpu6_L1I RFO          ACCESS:          0 HIT:          0 MISS:          0 MSHR_MERGE:          0
cpu6->cpu6_L1I PREFETCH     ACCESS:          0 HIT:          0 MISS:          0 MSHR_MERGE:          0
cpu6->cpu6_L1I WRITE        ACCESS:          0 HIT:          0 MISS:          0 MSHR_MERGE:          0
cpu6->cpu6_L1I TRANSLATION  ACCESS:          0 HIT:          0 MISS:          0 MSHR_MERGE:          0
cpu6->cpu6_L1I PREFETCH REQUESTED:          0 ISSUED:          0 USEFUL:          0 USELESS:          0
cpu6->cpu6_L1I AVERAGE MISS LATENCY: 424.4 cycles
cpu6->cpu6_L1D TOTAL        ACCESS:   31706354 HIT:   25532935 MISS:    6173419 MSHR_MERGE:    3456376
cpu6->cpu6_L1D LOAD         ACCESS:   25225072 HIT:   20914877 MISS:    4310195 MSHR_MERGE:    2044900
cpu6->cpu6_L1D RFO          ACCESS:          0 HIT:          0 MISS:          0 MSHR_MERGE:          0
cpu6->cpu6_L1D PREFETCH     ACCESS:          0 HIT:          0 MISS:          0 MSHR_MERGE:          0
cpu6->cpu6_L1D WRITE        ACCESS:    6481259 HIT:    4618057 MISS:    1863202 MSHR_MERGE:    1411476
cpu6->cpu6_L1D TRANSLATION  ACCESS:         23 HIT:          1 MISS:         22 MSHR_MERGE:          0
cpu6->cpu6_L1D PREFETCH REQUESTED:          0 ISSUED:          0 USEFUL:          0 USELESS:          0
cpu6->cpu6_L1D AVERAGE MISS LATENCY: 250.5 cycles
cpu6->cpu6_ITLB TOTAL        ACCESS:   17149930 HIT:   17149922 MISS:          8 MSHR_MERGE:          5
cpu6->cpu6_ITLB LOAD         ACCESS:   17149930 HIT:   17149922 MISS:          8 MSHR_MERGE:          5
cpu6->cpu6_ITLB RFO          ACCESS:          0 HIT:          0 MISS:          0 MSHR_MERGE:          0
cpu6->cpu6_ITLB PREFETCH     ACCESS:          0 HIT:          0 MISS:          0 MSHR_MERGE:          0
cpu6->cpu6_ITLB WRITE        ACCESS:          0 HIT:          0 MISS:          0 MSHR_MERGE:          0
cpu6->cpu6_ITLB TRANSLATION  ACCESS:          0 HIT:          0 MISS:          0 MSHR_MERGE:          0
cpu6->cpu6_ITLB PREFETCH REQUESTED:          0 ISSUED:          0 USEFUL:          0 USELESS:          0
cpu6->cpu6_ITLB AVERAGE MISS LATENCY: 250.3 cycles
cpu6->cpu6_DTLB TOTAL        ACCESS:   29872402 HIT:   29872268 MISS:        134 MSHR_MERGE:        110
cpu6->cpu6_DTLB LOAD         ACCESS:   29872402 HIT:   29872268 MISS:        134 MSHR_MERGE:        110
cpu6->cpu6_DTLB RFO          ACCESS:          0 HIT:          0 MISS:          0 MSHR_MERGE:          0
cpu6->cpu6_DTLB PREFETCH     ACCESS:          0 HIT:          0 MISS:          0 MSHR_MERGE:          0
cpu6->cpu6_DTLB WRITE        ACCESS:          0 HIT:          0 MISS:          0 MSHR_MERGE:          0
cpu6->cpu6_DTLB TRANSLATION  ACCESS:          0 HIT:          0 MISS:          0 MSHR_MERGE:          0
cpu6->cpu6_DTLB PREFETCH REQUESTED:          0 ISSUED:          0 USEFUL:          0 USELESS:          0
cpu6->cpu6_DTLB AVERAGE MISS LATENCY: 215.2 cycles
cpu5->cpu5_STLB TOTAL        ACCESS:         27 HIT:          4 MISS:         23 MSHR_MERGE:          0
cpu5->cpu5_STLB LOAD         ACCESS:         27 HIT:          4 MISS:         23 MSHR_MERGE:          0
cpu5->cpu5_STLB RFO          ACCESS:          0 HIT:          0 MISS:          0 MSHR_MERGE:          0
cpu5->cpu5_STLB PREFETCH     ACCESS:          0 HIT:          0 MISS:          0 MSHR_MERGE:          0
cpu5->cpu5_STLB WRITE        ACCESS:          0 HIT:          0 MISS:          0 MSHR_MERGE:          0
cpu5->cpu5_STLB TRANSLATION  ACCESS:          0 HIT:          0 MISS:          0 MSHR_MERGE:          0
cpu5->cpu5_STLB PREFETCH REQUESTED:          0 ISSUED:          0 USEFUL:          0 USELESS:          0
cpu5->cpu5_STLB AVERAGE MISS LATENCY: 457.6 cycles
cpu5->cpu5_L2C TOTAL        ACCESS:    3756106 HIT:    1693016 MISS:    2063090 MSHR_MERGE:          0
cpu5->cpu5_L2C LOAD         ACCESS:    2266294 HIT:     528229 MISS:    1738065 MSHR_MERGE:          0
cpu5->cpu5_L2C RFO          ACCESS:     451719 HIT:     127215 MISS:     324504 MSHR_MERGE:          0
cpu5->cpu5_L2C PREFETCH     ACCESS:          0 HIT:          0 MISS:          0 MSHR_MERGE:          0
cpu5->cpu5_L2C WRITE        ACCESS:    1038071 HIT:    1037572 MISS:        499 MSHR_MERGE:          0
cpu5->cpu5_L2C TRANSLATION  ACCESS:         22 HIT:          0 MISS:         22 MSHR_MERGE:          0
cpu5->cpu5_L2C PREFETCH REQUESTED:          0 ISSUED:          0 USEFUL:          0 USELESS:          0
cpu5->cpu5_L2C AVERAGE MISS LATENCY: 323.8 cycles
cpu5->cpu5_L1I TOTAL        ACCESS:   19671008 HIT:   19661312 MISS:       9696 MSHR_MERGE:       5228
cpu5->cpu5_L1I LOAD         ACCESS:   19671008 HIT:   19661312 MISS:       9696 MSHR_MERGE:       5228
cpu5->cpu5_L1I RFO          ACCESS:          0 HIT:          0 MISS:          0 MSHR_MERGE:          0
cpu5->cpu5_L1I PREFETCH     ACCESS:          0 HIT:          0 MISS:          0 MSHR_MERGE:          0
cpu5->cpu5_L1I WRITE        ACCESS:          0 HIT:          0 MISS:          0 MSHR_MERGE:          0
cpu5->cpu5_L1I TRANSLATION  ACCESS:          0 HIT:          0 MISS:          0 MSHR_MERGE:          0
cpu5->cpu5_L1I PREFETCH REQUESTED:          0 ISSUED:          0 USEFUL:          0 USELESS:          0
cpu5->cpu5_L1I AVERAGE MISS LATENCY: 428.5 cycles
cpu5->cpu5_L1D TOTAL        ACCESS:   31520614 HIT:   25341830 MISS:    6178784 MSHR_MERGE:    3465202
cpu5->cpu5_L1D LOAD         ACCESS:   25059488 HIT:   20745753 MISS:    4313735 MSHR_MERGE:    2051907
cpu5->cpu5_L1D RFO          ACCESS:          0 HIT:          0 MISS:          0 MSHR_MERGE:          0
cpu5->cpu5_L1D PREFETCH     ACCESS:          0 HIT:          0 MISS:          0 MSHR_MERGE:          0
cpu5->cpu5_L1D WRITE        ACCESS:    6461103 HIT:    4596076 MISS:    1865027 MSHR_MERGE:    1413295
cpu5->cpu5_L1D TRANSLATION  ACCESS:         23 HIT:          1 MISS:         22 MSHR_MERGE:          0
cpu5->cpu5_L1D PREFETCH REQUESTED:          0 ISSUED:          0 USEFUL:          0 USELESS:          0
cpu5->cpu5_L1D AVERAGE MISS LATENCY: 254.3 cycles
cpu5->cpu5_ITLB TOTAL        ACCESS:   17039178 HIT:   17039172 MISS:          6 MSHR_MERGE:          3
cpu5->cpu5_ITLB LOAD         ACCESS:   17039178 HIT:   17039172 MISS:          6 MSHR_MERGE:          3
cpu5->cpu5_ITLB RFO          ACCESS:          0 HIT:          0 MISS:          0 MSHR_MERGE:          0
cpu5->cpu5_ITLB PREFETCH     ACCESS:          0 HIT:          0 MISS:          0 MSHR_MERGE:          0
cpu5->cpu5_ITLB WRITE        ACCESS:          0 HIT:          0 MISS:          0 MSHR_MERGE:          0
cpu5->cpu5_ITLB TRANSLATION  ACCESS:          0 HIT:          0 MISS:          0 MSHR_MERGE:          0
cpu5->cpu5_ITLB PREFETCH REQUESTED:          0 ISSUED:          0 USEFUL:          0 USELESS:          0
cpu5->cpu5_ITLB AVERAGE MISS LATENCY: 538.3 cycles
cpu5->cpu5_DTLB TOTAL        ACCESS:   29662742 HIT:   29662591 MISS:        151 MSHR_MERGE:        127
cpu5->cpu5_DTLB LOAD         ACCESS:   29662742 HIT:   29662591 MISS:        151 MSHR_MERGE:        127
cpu5->cpu5_DTLB RFO          ACCESS:          0 HIT:          0 MISS:          0 MSHR_MERGE:          0
cpu5->cpu5_DTLB PREFETCH     ACCESS:          0 HIT:          0 MISS:          0 MSHR_MERGE:          0
cpu5->cpu5_DTLB WRITE        ACCESS:          0 HIT:          0 MISS:          0 MSHR_MERGE:          0
cpu5->cpu5_DTLB TRANSLATION  ACCESS:          0 HIT:          0 MISS:          0 MSHR_MERGE:          0
cpu5->cpu5_DTLB PREFETCH REQUESTED:          0 ISSUED:          0 USEFUL:          0 USELESS:          0
cpu5->cpu5_DTLB AVERAGE MISS LATENCY: 377.8 cycles
cpu4->cpu4_STLB TOTAL        ACCESS:         27 HIT:          4 MISS:         23 MSHR_MERGE:          0
cpu4->cpu4_STLB LOAD         ACCESS:         27 HIT:          4 MISS:         23 MSHR_MERGE:          0
cpu4->cpu4_STLB RFO          ACCESS:          0 HIT:          0 MISS:          0 MSHR_MERGE:          0
cpu4->cpu4_STLB PREFETCH     ACCESS:          0 HIT:          0 MISS:          0 MSHR_MERGE:          0
cpu4->cpu4_STLB WRITE        ACCESS:          0 HIT:          0 MISS:          0 MSHR_MERGE:          0
cpu4->cpu4_STLB TRANSLATION  ACCESS:          0 HIT:          0 MISS:          0 MSHR_MERGE:          0
cpu4->cpu4_STLB PREFETCH REQUESTED:          0 ISSUED:          0 USEFUL:          0 USELESS:          0
cpu4->cpu4_STLB AVERAGE MISS LATENCY: 234 cycles
cpu4->cpu4_L2C TOTAL        ACCESS:    3745673 HIT:    1690396 MISS:    2055277 MSHR_MERGE:          0
cpu4->cpu4_L2C LOAD         ACCESS:    2258511 HIT:     528252 MISS:    1730259 MSHR_MERGE:          0
cpu4->cpu4_L2C RFO          ACCESS:     451714 HIT:     127213 MISS:     324501 MSHR_MERGE:          0
cpu4->cpu4_L2C PREFETCH     ACCESS:          0 HIT:          0 MISS:          0 MSHR_MERGE:          0
cpu4->cpu4_L2C WRITE        ACCESS:    1035426 HIT:    1034931 MISS:        495 MSHR_MERGE:          0
cpu4->cpu4_L2C TRANSLATION  ACCESS:         22 HIT:          0 MISS:         22 MSHR_MERGE:          0
cpu4->cpu4_L2C PREFETCH REQUESTED:          0 ISSUED:          0 USEFUL:          0 USELESS:          0
cpu4->cpu4_L2C AVERAGE MISS LATENCY: 318.8 cycles
cpu4->cpu4_L1I TOTAL        ACCESS:   19347601 HIT:   19337864 MISS:       9737 MSHR_MERGE:       5268
cpu4->cpu4_L1I LOAD         ACCESS:   19347601 HIT:   19337864 MISS:       9737 MSHR_MERGE:       5268
cpu4->cpu4_L1I RFO          ACCESS:          0 HIT:          0 MISS:          0 MSHR_MERGE:          0
cpu4->cpu4_L1I PREFETCH     ACCESS:          0 HIT:          0 MISS:          0 MSHR_MERGE:          0
cpu4->cpu4_L1I WRITE        ACCESS:          0 HIT:          0 MISS:          0 MSHR_MERGE:          0
cpu4->cpu4_L1I TRANSLATION  ACCESS:          0 HIT:          0 MISS:          0 MSHR_MERGE:          0
cpu4->cpu4_L1I PREFETCH REQUESTED:          0 ISSUED:          0 USEFUL:          0 USELESS:          0
cpu4->cpu4_L1I AVERAGE MISS LATENCY: 376.3 cycles
cpu4->cpu4_L1D TOTAL        ACCESS:   31082989 HIT:   24922353 MISS:    6160636 MSHR_MERGE:    3454837
cpu4->cpu4_L1D LOAD         ACCESS:   24667264 HIT:   20371341 MISS:    4295923 MSHR_MERGE:    2041880
cpu4->cpu4_L1D RFO          ACCESS:          0 HIT:          0 MISS:          0 MSHR_MERGE:          0
cpu4->cpu4_L1D PREFETCH     ACCESS:          0 HIT:          0 MISS:          0 MSHR_MERGE:          0
cpu4->cpu4_L1D WRITE        ACCESS:    6415702 HIT:    4551011 MISS:    1864691 MSHR_MERGE:    1412957
cpu4->cpu4_L1D TRANSLATION  ACCESS:         23 HIT:          1 MISS:         22 MSHR_MERGE:          0
cpu4->cpu4_L1D PREFETCH REQUESTED:          0 ISSUED:          0 USEFUL:          0 USELESS:          0
cpu4->cpu4_L1D AVERAGE MISS LATENCY: 250.4 cycles
cpu4->cpu4_ITLB TOTAL        ACCESS:   16790953 HIT:   16790942 MISS:         11 MSHR_MERGE:          8
cpu4->cpu4_ITLB LOAD         ACCESS:   16790953 HIT:   16790942 MISS:         11 MSHR_MERGE:          8
cpu4->cpu4_ITLB RFO          ACCESS:          0 HIT:          0 MISS:          0 MSHR_MERGE:          0
cpu4->cpu4_ITLB PREFETCH     ACCESS:          0 HIT:          0 MISS:          0 MSHR_MERGE:          0
cpu4->cpu4_ITLB WRITE        ACCESS:          0 HIT:          0 MISS:          0 MSHR_MERGE:          0
cpu4->cpu4_ITLB TRANSLATION  ACCESS:          0 HIT:          0 MISS:          0 MSHR_MERGE:          0
cpu4->cpu4_ITLB PREFETCH REQUESTED:          0 ISSUED:          0 USEFUL:          0 USELESS:          0
cpu4->cpu4_ITLB AVERAGE MISS LATENCY: 251.3 cycles
cpu4->cpu4_DTLB TOTAL        ACCESS:   29245024 HIT:   29244891 MISS:        133 MSHR_MERGE:        109
cpu4->cpu4_DTLB LOAD         ACCESS:   29245024 HIT:   29244891 MISS:        133 MSHR_MERGE:        109
cpu4->cpu4_DTLB RFO          ACCESS:          0 HIT:          0 MISS:          0 MSHR_MERGE:          0
cpu4->cpu4_DTLB PREFETCH     ACCESS:          0 HIT:          0 MISS:          0 MSHR_MERGE:          0
cpu4->cpu4_DTLB WRITE        ACCESS:          0 HIT:          0 MISS:          0 MSHR_MERGE:          0
cpu4->cpu4_DTLB TRANSLATION  ACCESS:          0 HIT:          0 MISS:          0 MSHR_MERGE:          0
cpu4->cpu4_DTLB PREFETCH REQUESTED:          0 ISSUED:          0 USEFUL:          0 USELESS:          0
cpu4->cpu4_DTLB AVERAGE MISS LATENCY: 199.4 cycles
cpu3->cpu3_STLB TOTAL        ACCESS:         27 HIT:          4 MISS:         23 MSHR_MERGE:          0
cpu3->cpu3_STLB LOAD         ACCESS:         27 HIT:          4 MISS:         23 MSHR_MERGE:          0
cpu3->cpu3_STLB RFO          ACCESS:          0 HIT:          0 MISS:          0 MSHR_MERGE:          0
cpu3->cpu3_STLB PREFETCH     ACCESS:          0 HIT:          0 MISS:          0 MSHR_MERGE:          0
cpu3->cpu3_STLB WRITE        ACCESS:          0 HIT:          0 MISS:          0 MSHR_MERGE:          0
cpu3->cpu3_STLB TRANSLATION  ACCESS:          0 HIT:          0 MISS:          0 MSHR_MERGE:          0
cpu3->cpu3_STLB PREFETCH REQUESTED:          0 ISSUED:          0 USEFUL:          0 USELESS:          0
cpu3->cpu3_STLB AVERAGE MISS LATENCY: 266.7 cycles
cpu3->cpu3_L2C TOTAL        ACCESS:    3754187 HIT:    1692624 MISS:    2061563 MSHR_MERGE:          0
cpu3->cpu3_L2C LOAD         ACCESS:    2264838 HIT:     528300 MISS:    1736538 MSHR_MERGE:          0
cpu3->cpu3_L2C RFO          ACCESS:     451713 HIT:     127209 MISS:     324504 MSHR_MERGE:          0
cpu3->cpu3_L2C PREFETCH     ACCESS:          0 HIT:          0 MISS:          0 MSHR_MERGE:          0
cpu3->cpu3_L2C WRITE        ACCESS:    1037614 HIT:    1037115 MISS:        499 MSHR_MERGE:          0
cpu3->cpu3_L2C TRANSLATION  ACCESS:         22 HIT:          0 MISS:         22 MSHR_MERGE:          0
cpu3->cpu3_L2C PREFETCH REQUESTED:          0 ISSUED:          0 USEFUL:          0 USELESS:          0
cpu3->cpu3_L2C AVERAGE MISS LATENCY: 323.1 cycles
cpu3->cpu3_L1I TOTAL        ACCESS:   19607255 HIT:   19597513 MISS:       9742 MSHR_MERGE:       5274
cpu3->cpu3_L1I LOAD         ACCESS:   19607255 HIT:   19597513 MISS:       9742 MSHR_MERGE:       5274
cpu3->cpu3_L1I RFO          ACCESS:          0 HIT:          0 MISS:          0 MSHR_MERGE:          0
cpu3->cpu3_L1I PREFETCH     ACCESS:          0 HIT:          0 MISS:          0 MSHR_MERGE:          0
cpu3->cpu3_L1I WRITE        ACCESS:          0 HIT:          0 MISS:          0 MSHR_MERGE:          0
cpu3->cpu3_L1I TRANSLATION  ACCESS:          0 HIT:          0 MISS:          0 MSHR_MERGE:          0
cpu3->cpu3_L1I PREFETCH REQUESTED:          0 ISSUED:          0 USEFUL:          0 USELESS:          0
cpu3->cpu3_L1I AVERAGE MISS LATENCY: 444 cycles
cpu3->cpu3_L1D TOTAL        ACCESS:   31446476 HIT:   25279081 MISS:    6167395 MSHR_MERGE:    3455279
cpu3->cpu3_L1D LOAD         ACCESS:   24994165 HIT:   20687772 MISS:    4306393 MSHR_MERGE:    2046023
cpu3->cpu3_L1D RFO          ACCESS:          0 HIT:          0 MISS:          0 MSHR_MERGE:          0
cpu3->cpu3_L1D PREFETCH     ACCESS:          0 HIT:          0 MISS:          0 MSHR_MERGE:          0
cpu3->cpu3_L1D WRITE        ACCESS:    6452288 HIT:    4591308 MISS:    1860980 MSHR_MERGE:    1409256
cpu3->cpu3_L1D TRANSLATION  ACCESS:         23 HIT:          1 MISS:         22 MSHR_MERGE:          0
cpu3->cpu3_L1D PREFETCH REQUESTED:          0 ISSUED:          0 USEFUL:          0 USELESS:          0
cpu3->cpu3_L1D AVERAGE MISS LATENCY: 253.7 cycles
cpu3->cpu3_ITLB TOTAL        ACCESS:   17002983 HIT:   17002978 MISS:          5 MSHR_MERGE:          2
cpu3->cpu3_ITLB LOAD         ACCESS:   17002983 HIT:   17002978 MISS:          5 MSHR_MERGE:          2
cpu3->cpu3_ITLB RFO          ACCESS:          0 HIT:          0 MISS:          0 MSHR_MERGE:          0
cpu3->cpu3_ITLB PREFETCH     ACCESS:          0 HIT:          0 MISS:          0 MSHR_MERGE:          0
cpu3->cpu3_ITLB WRITE        ACCESS:          0 HIT:          0 MISS:          0 MSHR_MERGE:          0
cpu3->cpu3_ITLB TRANSLATION  ACCESS:          0 HIT:          0 MISS:          0 MSHR_MERGE:          0
cpu3->cpu3_ITLB PREFETCH REQUESTED:          0 ISSUED:          0 USEFUL:          0 USELESS:          0
cpu3->cpu3_ITLB AVERAGE MISS LATENCY: 282.7 cycles
cpu3->cpu3_DTLB TOTAL        ACCESS:   29626172 HIT:   29626048 MISS:        124 MSHR_MERGE:        100
cpu3->cpu3_DTLB LOAD         ACCESS:   29626172 HIT:   29626048 MISS:        124 MSHR_MERGE:        100
cpu3->cpu3_DTLB RFO          ACCESS:          0 HIT:          0 MISS:          0 MSHR_MERGE:          0
cpu3->cpu3_DTLB PREFETCH     ACCESS:          0 HIT:          0 MISS:          0 MSHR_MERGE:          0
cpu3->cpu3_DTLB WRITE        ACCESS:          0 HIT:          0 MISS:          0 MSHR_MERGE:          0
cpu3->cpu3_DTLB TRANSLATION  ACCESS:          0 HIT:          0 MISS:          0 MSHR_MERGE:          0
cpu3->cpu3_DTLB PREFETCH REQUESTED:          0 ISSUED:          0 USEFUL:          0 USELESS:          0
cpu3->cpu3_DTLB AVERAGE MISS LATENCY: 226.8 cycles
cpu2->cpu2_STLB TOTAL        ACCESS:         27 HIT:          4 MISS:         23 MSHR_MERGE:          0
cpu2->cpu2_STLB LOAD         ACCESS:         27 HIT:          4 MISS:         23 MSHR_MERGE:          0
cpu2->cpu2_STLB RFO          ACCESS:          0 HIT:          0 MISS:          0 MSHR_MERGE:          0
cpu2->cpu2_STLB PREFETCH     ACCESS:          0 HIT:          0 MISS:          0 MSHR_MERGE:          0
cpu2->cpu2_STLB WRITE        ACCESS:          0 HIT:          0 MISS:          0 MSHR_MERGE:          0
cpu2->cpu2_STLB TRANSLATION  ACCESS:          0 HIT:          0 MISS:          0 MSHR_MERGE:          0
cpu2->cpu2_STLB PREFETCH REQUESTED:          0 ISSUED:          0 USEFUL:          0 USELESS:          0
cpu2->cpu2_STLB AVERAGE MISS LATENCY: 233.2 cycles
cpu2->cpu2_L2C TOTAL        ACCESS:    3751131 HIT:    1691763 MISS:    2059368 MSHR_MERGE:          0
cpu2->cpu2_L2C LOAD         ACCESS:    2262644 HIT:     528297 MISS:    1734347 MSHR_MERGE:          0
cpu2->cpu2_L2C RFO          ACCESS:     451731 HIT:     127231 MISS:     324500 MSHR_MERGE:          0
cpu2->cpu2_L2C PREFETCH     ACCESS:          0 HIT:          0 MISS:          0 MSHR_MERGE:          0
cpu2->cpu2_L2C WRITE        ACCESS:    1036734 HIT:    1036235 MISS:        499 MSHR_MERGE:          0
cpu2->cpu2_L2C TRANSLATION  ACCESS:         22 HIT:          0 MISS:         22 MSHR_MERGE:          0
cpu2->cpu2_L2C PREFETCH REQUESTED:          0 ISSUED:          0 USEFUL:          0 USELESS:          0
cpu2->cpu2_L2C AVERAGE MISS LATENCY: 321.1 cycles
cpu2->cpu2_L1I TOTAL        ACCESS:   19516215 HIT:   19506506 MISS:       9709 MSHR_MERGE:       5240
cpu2->cpu2_L1I LOAD         ACCESS:   19516215 HIT:   19506506 MISS:       9709 MSHR_MERGE:       5240
cpu2->cpu2_L1I RFO          ACCESS:          0 HIT:          0 MISS:          0 MSHR_MERGE:          0
cpu2->cpu2_L1I PREFETCH     ACCESS:          0 HIT:          0 MISS:          0 MSHR_MERGE:          0
cpu2->cpu2_L1I WRITE        ACCESS:          0 HIT:          0 MISS:          0 MSHR_MERGE:          0
cpu2->cpu2_L1I TRANSLATION  ACCESS:          0 HIT:          0 MISS:          0 MSHR_MERGE:          0
cpu2->cpu2_L1I PREFETCH REQUESTED:          0 ISSUED:          0 USEFUL:          0 USELESS:          0
cpu2->cpu2_L1I AVERAGE MISS LATENCY: 422.8 cycles
cpu2->cpu2_L1D TOTAL        ACCESS:   31315684 HIT:   25153518 MISS:    6162166 MSHR_MERGE:    3452230
cpu2->cpu2_L1D LOAD         ACCESS:   24876316 HIT:   20573989 MISS:    4302327 MSHR_MERGE:    2044151
cpu2->cpu2_L1D RFO          ACCESS:          0 HIT:          0 MISS:          0 MSHR_MERGE:          0
cpu2->cpu2_L1D PREFETCH     ACCESS:          0 HIT:          0 MISS:          0 MSHR_MERGE:          0
cpu2->cpu2_L1D WRITE        ACCESS:    6439345 HIT:    4579528 MISS:    1859817 MSHR_MERGE:    1408079
cpu2->cpu2_L1D TRANSLATION  ACCESS:         23 HIT:          1 MISS:         22 MSHR_MERGE:          0
cpu2->cpu2_L1D PREFETCH REQUESTED:          0 ISSUED:          0 USEFUL:          0 USELESS:          0
cpu2->cpu2_L1D AVERAGE MISS LATENCY: 252.2 cycles
cpu2->cpu2_ITLB TOTAL        ACCESS:   16921909 HIT:   16921899 MISS:         10 MSHR_MERGE:          7
cpu2->cpu2_ITLB LOAD         ACCESS:   16921909 HIT:   16921899 MISS:         10 MSHR_MERGE:          7
cpu2->cpu2_ITLB RFO          ACCESS:          0 HIT:          0 MISS:          0 MSHR_MERGE:          0
cpu2->cpu2_ITLB PREFETCH     ACCESS:          0 HIT:          0 MISS:          0 MSHR_MERGE:          0
cpu2->cpu2_ITLB WRITE        ACCESS:          0 HIT:          0 MISS:          0 MSHR_MERGE:          0
cpu2->cpu2_ITLB TRANSLATION  ACCESS:          0 HIT:          0 MISS:          0 MSHR_MERGE:          0
cpu2->cpu2_ITLB PREFETCH REQUESTED:          0 ISSUED:          0 USEFUL:          0 USELESS:          0
cpu2->cpu2_ITLB AVERAGE MISS LATENCY: 246.7 cycles
cpu2->cpu2_DTLB TOTAL        ACCESS:   29469283 HIT:   29469157 MISS:        126 MSHR_MERGE:        102
cpu2->cpu2_DTLB LOAD         ACCESS:   29469283 HIT:   29469157 MISS:        126 MSHR_MERGE:        102
cpu2->cpu2_DTLB RFO          ACCESS:          0 HIT:          0 MISS:          0 MSHR_MERGE:          0
cpu2->cpu2_DTLB PREFETCH     ACCESS:          0 HIT:          0 MISS:          0 MSHR_MERGE:          0
cpu2->cpu2_DTLB WRITE        ACCESS:          0 HIT:          0 MISS:          0 MSHR_MERGE:          0
cpu2->cpu2_DTLB TRANSLATION  ACCESS:          0 HIT:          0 MISS:          0 MSHR_MERGE:          0
cpu2->cpu2_DTLB PREFETCH REQUESTED:          0 ISSUED:          0 USEFUL:          0 USELESS:          0
cpu2->cpu2_DTLB AVERAGE MISS LATENCY: 199.2 cycles
cpu1->cpu1_STLB TOTAL        ACCESS:         27 HIT:          4 MISS:         23 MSHR_MERGE:          0
cpu1->cpu1_STLB LOAD         ACCESS:         27 HIT:          4 MISS:         23 MSHR_MERGE:          0
cpu1->cpu1_STLB RFO          ACCESS:          0 HIT:          0 MISS:          0 MSHR_MERGE:          0
cpu1->cpu1_STLB PREFETCH     ACCESS:          0 HIT:          0 MISS:          0 MSHR_MERGE:          0
cpu1->cpu1_STLB WRITE        ACCESS:          0 HIT:          0 MISS:          0 MSHR_MERGE:          0
cpu1->cpu1_STLB TRANSLATION  ACCESS:          0 HIT:          0 MISS:          0 MSHR_MERGE:          0
cpu1->cpu1_STLB PREFETCH REQUESTED:          0 ISSUED:          0 USEFUL:          0 USELESS:          0
cpu1->cpu1_STLB AVERAGE MISS LATENCY: 236.8 cycles
cpu1->cpu1_L2C TOTAL        ACCESS:    3757751 HIT:    1693283 MISS:    2064468 MSHR_MERGE:          0
cpu1->cpu1_L2C LOAD         ACCESS:    2267667 HIT:     528225 MISS:    1739442 MSHR_MERGE:          0
cpu1->cpu1_L2C RFO          ACCESS:     451738 HIT:     127233 MISS:     324505 MSHR_MERGE:          0
cpu1->cpu1_L2C PREFETCH     ACCESS:          0 HIT:          0 MISS:          0 MSHR_MERGE:          0
cpu1->cpu1_L2C WRITE        ACCESS:    1038324 HIT:    1037825 MISS:        499 MSHR_MERGE:          0
cpu1->cpu1_L2C TRANSLATION  ACCESS:         22 HIT:          0 MISS:         22 MSHR_MERGE:          0
cpu1->cpu1_L2C PREFETCH REQUESTED:          0 ISSUED:          0 USEFUL:          0 USELESS:          0
cpu1->cpu1_L2C AVERAGE MISS LATENCY: 318.8 cycles
cpu1->cpu1_L1I TOTAL        ACCESS:   19745108 HIT:   19735426 MISS:       9682 MSHR_MERGE:       5213
cpu1->cpu1_L1I LOAD         ACCESS:   19745108 HIT:   19735426 MISS:       9682 MSHR_MERGE:       5213
cpu1->cpu1_L1I RFO          ACCESS:          0 HIT:          0 MISS:          0 MSHR_MERGE:          0
cpu1->cpu1_L1I PREFETCH     ACCESS:          0 HIT:          0 MISS:          0 MSHR_MERGE:          0
cpu1->cpu1_L1I WRITE        ACCESS:          0 HIT:          0 MISS:          0 MSHR_MERGE:          0
cpu1->cpu1_L1I TRANSLATION  ACCESS:          0 HIT:          0 MISS:          0 MSHR_MERGE:          0
cpu1->cpu1_L1I PREFETCH REQUESTED:          0 ISSUED:          0 USEFUL:          0 USELESS:          0
cpu1->cpu1_L1I AVERAGE MISS LATENCY: 400.1 cycles
cpu1->cpu1_L1D TOTAL        ACCESS:   31593931 HIT:   25414769 MISS:    6179162 MSHR_MERGE:    3464191
cpu1->cpu1_L1D LOAD         ACCESS:   25124940 HIT:   20813442 MISS:    4311498 MSHR_MERGE:    2048298
cpu1->cpu1_L1D RFO          ACCESS:          0 HIT:          0 MISS:          0 MSHR_MERGE:          0
cpu1->cpu1_L1D PREFETCH     ACCESS:          0 HIT:          0 MISS:          0 MSHR_MERGE:          0
cpu1->cpu1_L1D WRITE        ACCESS:    6468968 HIT:    4601326 MISS:    1867642 MSHR_MERGE:    1415893
cpu1->cpu1_L1D TRANSLATION  ACCESS:         23 HIT:          1 MISS:         22 MSHR_MERGE:          0
cpu1->cpu1_L1D PREFETCH REQUESTED:          0 ISSUED:          0 USEFUL:          0 USELESS:          0
cpu1->cpu1_L1D AVERAGE MISS LATENCY: 250.6 cycles
cpu1->cpu1_ITLB TOTAL        ACCESS:   17111876 HIT:   17111872 MISS:          4 MSHR_MERGE:          1
cpu1->cpu1_ITLB LOAD         ACCESS:   17111876 HIT:   17111872 MISS:          4 MSHR_MERGE:          1
cpu1->cpu1_ITLB RFO          ACCESS:          0 HIT:          0 MISS:          0 MSHR_MERGE:          0
cpu1->cpu1_ITLB PREFETCH     ACCESS:          0 HIT:          0 MISS:          0 MSHR_MERGE:          0
cpu1->cpu1_ITLB WRITE        ACCESS:          0 HIT:          0 MISS:          0 MSHR_MERGE:          0
cpu1->cpu1_ITLB TRANSLATION  ACCESS:          0 HIT:          0 MISS:          0 MSHR_MERGE:          0
cpu1->cpu1_ITLB PREFETCH REQUESTED:          0 ISSUED:          0 USEFUL:          0 USELESS:          0
cpu1->cpu1_ITLB AVERAGE MISS LATENCY: 278 cycles
cpu1->cpu1_DTLB TOTAL        ACCESS:   29733476 HIT:   29733351 MISS:        125 MSHR_MERGE:        101
cpu1->cpu1_DTLB LOAD         ACCESS:   29733476 HIT:   29733351 MISS:        125 MSHR_MERGE:        101
cpu1->cpu1_DTLB RFO          ACCESS:          0 HIT:          0 MISS:          0 MSHR_MERGE:          0
cpu1->cpu1_DTLB PREFETCH     ACCESS:          0 HIT:          0 MISS:          0 MSHR_MERGE:          0
cpu1->cpu1_DTLB WRITE        ACCESS:          0 HIT:          0 MISS:          0 MSHR_MERGE:          0
cpu1->cpu1_DTLB TRANSLATION  ACCESS:          0 HIT:          0 MISS:          0 MSHR_MERGE:          0
cpu1->cpu1_DTLB PREFETCH REQUESTED:          0 ISSUED:          0 USEFUL:          0 USELESS:          0
cpu1->cpu1_DTLB AVERAGE MISS LATENCY: 198.8 cycles
cpu0->cpu0_STLB TOTAL        ACCESS:         27 HIT:          4 MISS:         23 MSHR_MERGE:          0
cpu0->cpu0_STLB LOAD         ACCESS:         27 HIT:          4 MISS:         23 MSHR_MERGE:          0
cpu0->cpu0_STLB RFO          ACCESS:          0 HIT:          0 MISS:          0 MSHR_MERGE:          0
cpu0->cpu0_STLB PREFETCH     ACCESS:          0 HIT:          0 MISS:          0 MSHR_MERGE:          0
cpu0->cpu0_STLB WRITE        ACCESS:          0 HIT:          0 MISS:          0 MSHR_MERGE:          0
cpu0->cpu0_STLB TRANSLATION  ACCESS:          0 HIT:          0 MISS:          0 MSHR_MERGE:          0
cpu0->cpu0_STLB PREFETCH REQUESTED:          0 ISSUED:          0 USEFUL:          0 USELESS:          0
cpu0->cpu0_STLB AVERAGE MISS LATENCY: 312.4 cycles
cpu0->cpu0_L2C TOTAL        ACCESS:    3752367 HIT:    1692035 MISS:    2060332 MSHR_MERGE:          0
cpu0->cpu0_L2C LOAD         ACCESS:    2263541 HIT:     528234 MISS:    1735307 MSHR_MERGE:          0
cpu0->cpu0_L2C RFO          ACCESS:     451733 HIT:     127229 MISS:     324504 MSHR_MERGE:          0
cpu0->cpu0_L2C PREFETCH     ACCESS:          0 HIT:          0 MISS:          0 MSHR_MERGE:          0
cpu0->cpu0_L2C WRITE        ACCESS:    1037071 HIT:    1036572 MISS:        499 MSHR_MERGE:          0
cpu0->cpu0_L2C TRANSLATION  ACCESS:         22 HIT:          0 MISS:         22 MSHR_MERGE:          0
cpu0->cpu0_L2C PREFETCH REQUESTED:          0 ISSUED:          0 USEFUL:          0 USELESS:          0
cpu0->cpu0_L2C AVERAGE MISS LATENCY: 322.3 cycles
cpu0->cpu0_L1I TOTAL        ACCESS:   19554361 HIT:   19544670 MISS:       9691 MSHR_MERGE:       5222
cpu0->cpu0_L1I LOAD         ACCESS:   19554361 HIT:   19544670 MISS:       9691 MSHR_MERGE:       5222
cpu0->cpu0_L1I RFO          ACCESS:          0 HIT:          0 MISS:          0 MSHR_MERGE:          0
cpu0->cpu0_L1I PREFETCH     ACCESS:          0 HIT:          0 MISS:          0 MSHR_MERGE:          0
cpu0->cpu0_L1I WRITE        ACCESS:          0 HIT:          0 MISS:          0 MSHR_MERGE:          0
cpu0->cpu0_L1I TRANSLATION  ACCESS:          0 HIT:          0 MISS:          0 MSHR_MERGE:          0
cpu0->cpu0_L1I PREFETCH REQUESTED:          0 ISSUED:          0 USEFUL:          0 USELESS:          0
cpu0->cpu0_L1I AVERAGE MISS LATENCY: 423.7 cycles
cpu0->cpu0_L1D TOTAL        ACCESS:   31379778 HIT:   25213213 MISS:    6166565 MSHR_MERGE:    3455727
cpu0->cpu0_L1D LOAD         ACCESS:   24935340 HIT:   20629773 MISS:    4305567 MSHR_MERGE:    2046494
cpu0->cpu0_L1D RFO          ACCESS:          0 HIT:          0 MISS:          0 MSHR_MERGE:          0
cpu0->cpu0_L1D PREFETCH     ACCESS:          0 HIT:          0 MISS:          0 MSHR_MERGE:          0
cpu0->cpu0_L1D WRITE        ACCESS:    6444415 HIT:    4583439 MISS:    1860976 MSHR_MERGE:    1409233
cpu0->cpu0_L1D TRANSLATION  ACCESS:         23 HIT:          1 MISS:         22 MSHR_MERGE:          0
cpu0->cpu0_L1D PREFETCH REQUESTED:          0 ISSUED:          0 USEFUL:          0 USELESS:          0
cpu0->cpu0_L1D AVERAGE MISS LATENCY: 253.1 cycles
cpu0->cpu0_ITLB TOTAL        ACCESS:   16956126 HIT:   16956113 MISS:         13 MSHR_MERGE:         10
cpu0->cpu0_ITLB LOAD         ACCESS:   16956126 HIT:   16956113 MISS:         13 MSHR_MERGE:         10
cpu0->cpu0_ITLB RFO          ACCESS:          0 HIT:          0 MISS:          0 MSHR_MERGE:          0
cpu0->cpu0_ITLB PREFETCH     ACCESS:          0 HIT:          0 MISS:          0 MSHR_MERGE:          0
cpu0->cpu0_ITLB WRITE        ACCESS:          0 HIT:          0 MISS:          0 MSHR_MERGE:          0
cpu0->cpu0_ITLB TRANSLATION  ACCESS:          0 HIT:          0 MISS:          0 MSHR_MERGE:          0
cpu0->cpu0_ITLB PREFETCH REQUESTED:          0 ISSUED:          0 USEFUL:          0 USELESS:          0
cpu0->cpu0_ITLB AVERAGE MISS LATENCY: 340.3 cycles
cpu0->cpu0_DTLB TOTAL        ACCESS:   29559733 HIT:   29559591 MISS:        142 MSHR_MERGE:        118
cpu0->cpu0_DTLB LOAD         ACCESS:   29559733 HIT:   29559591 MISS:        142 MSHR_MERGE:        118
cpu0->cpu0_DTLB RFO          ACCESS:          0 HIT:          0 MISS:          0 MSHR_MERGE:          0
cpu0->cpu0_DTLB PREFETCH     ACCESS:          0 HIT:          0 MISS:          0 MSHR_MERGE:          0
cpu0->cpu0_DTLB WRITE        ACCESS:          0 HIT:          0 MISS:          0 MSHR_MERGE:          0
cpu0->cpu0_DTLB TRANSLATION  ACCESS:          0 HIT:          0 MISS:          0 MSHR_MERGE:          0
cpu0->cpu0_DTLB PREFETCH REQUESTED:          0 ISSUED:          0 USEFUL:          0 USELESS:          0
cpu0->cpu0_DTLB AVERAGE MISS LATENCY: 263.5 cycles
cpu0->LLC TOTAL        ACCESS:    2861281 HIT:     862700 MISS:    1998581 MSHR_MERGE:          0
cpu0->LLC LOAD         ACCESS:    1735307 HIT:      90504 MISS:    1644803 MSHR_MERGE:          0
cpu0->LLC RFO          ACCESS:     324504 HIT:       9678 MISS:     314826 MSHR_MERGE:          0
cpu0->LLC PREFETCH     ACCESS:          0 HIT:          0 MISS:          0 MSHR_MERGE:          0
cpu0->LLC WRITE        ACCESS:     801448 HIT:     762501 MISS:      38947 MSHR_MERGE:          0
cpu0->LLC TRANSLATION  ACCESS:         22 HIT:         17 MISS:          5 MSHR_MERGE:          0
cpu0->LLC PREFETCH REQUESTED:          0 ISSUED:          0 USEFUL:          0 USELESS:          0
cpu0->LLC AVERAGE MISS LATENCY: 2516 cycles
cpu1->LLC TOTAL        ACCESS:    2866601 HIT:     911817 MISS:    1954784 MSHR_MERGE:          0
cpu1->LLC LOAD         ACCESS:    1739442 HIT:     120366 MISS:    1619076 MSHR_MERGE:          0
cpu1->LLC RFO          ACCESS:     324505 HIT:      10376 MISS:     314129 MSHR_MERGE:          0
cpu1->LLC PREFETCH     ACCESS:          0 HIT:          0 MISS:          0 MSHR_MERGE:          0
cpu1->LLC WRITE        ACCESS:     802632 HIT:     781053 MISS:      21579 MSHR_MERGE:          0
cpu1->LLC TRANSLATION  ACCESS:         22 HIT:         22 MISS:          0 MSHR_MERGE:          0
cpu1->LLC PREFETCH REQUESTED:          0 ISSUED:          0 USEFUL:          0 USELESS:          0
cpu1->LLC AVERAGE MISS LATENCY: 2573 cycles
cpu2->LLC TOTAL        ACCESS:    2859886 HIT:     890798 MISS:    1969088 MSHR_MERGE:          0
cpu2->LLC LOAD         ACCESS:    1734347 HIT:     101933 MISS:    1632414 MSHR_MERGE:          0
cpu2->LLC RFO          ACCESS:     324500 HIT:       9632 MISS:     314868 MSHR_MERGE:          0
cpu2->LLC PREFETCH     ACCESS:          0 HIT:          0 MISS:          0 MSHR_MERGE:          0
cpu2->LLC WRITE        ACCESS:     801017 HIT:     779211 MISS:      21806 MSHR_MERGE:          0
cpu2->LLC TRANSLATION  ACCESS:         22 HIT:         22 MISS:          0 MSHR_MERGE:          0
cpu2->LLC PREFETCH REQUESTED:          0 ISSUED:          0 USEFUL:          0 USELESS:          0
cpu2->LLC AVERAGE MISS LATENCY: 2554 cycles
cpu3->LLC TOTAL        ACCESS:    2862922 HIT:     878152 MISS:    1984770 MSHR_MERGE:          0
cpu3->LLC LOAD         ACCESS:    1736538 HIT:     103763 MISS:    1632775 MSHR_MERGE:          0
cpu3->LLC RFO          ACCESS:     324504 HIT:       8840 MISS:     315664 MSHR_MERGE:          0
cpu3->LLC PREFETCH     ACCESS:          0 HIT:          0 MISS:          0 MSHR_MERGE:          0
cpu3->LLC WRITE        ACCESS:     801858 HIT:     765527 MISS:      36331 MSHR_MERGE:          0
cpu3->LLC TRANSLATION  ACCESS:         22 HIT:         22 MISS:          0 MSHR_MERGE:          0
cpu3->LLC PREFETCH REQUESTED:          0 ISSUED:          0 USEFUL:          0 USELESS:          0
cpu3->LLC AVERAGE MISS LATENCY: 2534 cycles
cpu4->LLC TOTAL        ACCESS:    2854453 HIT:     895054 MISS:    1959399 MSHR_MERGE:          0
cpu4->LLC LOAD         ACCESS:    1730259 HIT:     108043 MISS:    1622216 MSHR_MERGE:          0
cpu4->LLC RFO          ACCESS:     324501 HIT:       9047 MISS:     315454 MSHR_MERGE:          0
cpu4->LLC PREFETCH     ACCESS:          0 HIT:          0 MISS:          0 MSHR_MERGE:          0
cpu4->LLC WRITE        ACCESS:     799671 HIT:     777942 MISS:      21729 MSHR_MERGE:          0
cpu4->LLC TRANSLATION  ACCESS:         22 HIT:         22 MISS:          0 MSHR_MERGE:          0
cpu4->LLC PREFETCH REQUESTED:          0 ISSUED:          0 USEFUL:          0 USELESS:          0
cpu4->LLC AVERAGE MISS LATENCY: 2567 cycles
cpu5->LLC TOTAL        ACCESS:    2864949 HIT:     864144 MISS:    2000805 MSHR_MERGE:          0
cpu5->LLC LOAD         ACCESS:    1738065 HIT:      96105 MISS:    1641960 MSHR_MERGE:          0
cpu5->LLC RFO          ACCESS:     324504 HIT:       9151 MISS:     315353 MSHR_MERGE:          0
cpu5->LLC PREFETCH     ACCESS:          0 HIT:          0 MISS:          0 MSHR_MERGE:          0
cpu5->LLC WRITE        ACCESS:     802358 HIT:     758878 MISS:      43480 MSHR_MERGE:          0
cpu5->LLC TRANSLATION  ACCESS:         22 HIT:         10 MISS:         12 MSHR_MERGE:          0
cpu5->LLC PREFETCH REQUESTED:          0 ISSUED:          0 USEFUL:          0 USELESS:          0
cpu5->LLC AVERAGE MISS LATENCY: 2514 cycles
cpu6->LLC TOTAL        ACCESS:    2869496 HIT:     894533 MISS:    1974963 MSHR_MERGE:          0
cpu6->LLC LOAD         ACCESS:    1741469 HIT:     110406 MISS:    1631063 MSHR_MERGE:          0
cpu6->LLC RFO          ACCESS:     324504 HIT:      10930 MISS:     313574 MSHR_MERGE:          0
cpu6->LLC PREFETCH     ACCESS:          0 HIT:          0 MISS:          0 MSHR_MERGE:          0
cpu6->LLC WRITE        ACCESS:     803501 HIT:     773177 MISS:      30324 MSHR_MERGE:          0
cpu6->LLC TRANSLATION  ACCESS:         22 HIT:         20 MISS:          2 MSHR_MERGE:          0
cpu6->LLC PREFETCH REQUESTED:          0 ISSUED:          0 USEFUL:          0 USELESS:          0
cpu6->LLC AVERAGE MISS LATENCY: 2547 cycles
cpu7->LLC TOTAL        ACCESS:    2870558 HIT:     888705 MISS:    1981853 MSHR_MERGE:          0
cpu7->LLC LOAD         ACCESS:    1742264 HIT:     110036 MISS:    1632228 MSHR_MERGE:          0
cpu7->LLC RFO          ACCESS:     324501 HIT:      11066 MISS:     313435 MSHR_MERGE:          0
cpu7->LLC PREFETCH     ACCESS:          0 HIT:          0 MISS:          0 MSHR_MERGE:          0
cpu7->LLC WRITE        ACCESS:     803771 HIT:     767581 MISS:      36190 MSHR_MERGE:          0
cpu7->LLC TRANSLATION  ACCESS:         22 HIT:         22 MISS:          0 MSHR_MERGE:          0
cpu7->LLC PREFETCH REQUESTED:          0 ISSUED:          0 USEFUL:          0 USELESS:          0
cpu7->LLC AVERAGE MISS LATENCY: 2538 cycles

DRAM Statistics

Channel 0 READ REQS:    7787364	WRITE REQS:    2962906
  READS:    7787100	READ_HITS:          0
  WRITES:    2962899	WRITE HITS:          0
  ACTIVATES:   10749999	PRECHARGES:   10749999
  RQ FULL:       1824	WQ FULL:       8694
  WRITE DRAINS:     100622	FORCED:      56285
  MEAN WRITE IMBALANCE: 1.5778358609449226
  READ OCCU PRE DRAIN: 6.848055097294826	POST DRAIN: 12.250243485520064
  READ LATENCY: 77.98020123023976

Channel 1 READ REQS:    7786493	WRITE REQS:    2962397
  READS:    7786270	READ_HITS:          0
  WRITES:    2962396	WRITE HITS:          0
  ACTIVATES:   10748668	PRECHARGES:   10748666
  RQ FULL:       2151	WQ FULL:       7656
  WRITE DRAINS:     101201	FORCED:      55583
  MEAN WRITE IMBALANCE: 1.5722670724597583
  READ OCCU PRE DRAIN: 6.665349156628887	POST DRAIN: 12.047835495696683
  READ LATENCY: 77.3776755750828
WCACHE NON LRU EVICTS: 6664407	TOTAL EVICTS: 17815358
